{
    "validity": 0.16981132075471697,
    "sparsity": 1.1111111111111112,
    "proximity": 1.1111111111111112
}