candidate,outer_fold,seed,epoch,encoder_frozen,train_loss,classification_loss,regression_loss,ordinal_loss,validation_macro_f1,validation_nll,gradient_norm,encoder_learning_rate,head_learning_rate,transfer_method
cnn_bilstm_v5_1,0,42,1,False,1.118056446313858,1.0747475326061249,0.4330892890691757,0.7215622425079345,0.5648550113260418,0.9967902415790505,1.0908811330795287,0.0014709457573137213,0.0014709457573137213,
cnn_bilstm_v5_1,0,42,2,False,1.006421309709549,0.9674356818199158,0.3898562341928482,0.6972609341144562,0.5716492002206288,0.8384068885203606,1.189222264289856,0.0014438371681872238,0.0014438371681872238,
cnn_bilstm_v5_1,0,42,3,False,0.7753119349479676,0.7438843786716461,0.31427552103996276,0.7215234816074372,0.6361357328319456,0.6646502202098339,1.4083720207214356,0.0013993984705744221,0.0013993984705744221,
cnn_bilstm_v5_1,0,42,4,False,0.6158356308937073,0.5913276195526123,0.2450801134109497,0.7640608191490174,0.6967829705505761,0.5767183773112179,inf,0.0013387238926941254,0.0013387238926941254,
cnn_bilstm_v5_1,0,42,5,False,0.5173103123903274,0.49616203606128695,0.21148275658488275,0.7976014256477356,0.8263491605638618,0.464120890798155,1.8355384588241577,0.0012633074440211254,0.0012633074440211254,
cnn_bilstm_v5_1,0,42,6,False,0.4155918300151825,0.3969722867012024,0.18619539588689804,0.8041463077068329,0.782441209635038,0.44199562586583596,1.8605947613716125,0.0011750061278145948,0.0011750061278145948,
cnn_bilstm_v5_1,0,42,7,False,0.3785771429538727,0.3603145331144333,0.1826261341571808,0.8156216025352478,0.8374576152783823,0.37208544339732647,2.5702482223510743,0.0010759942155348053,0.0010759942155348053,
cnn_bilstm_v5_1,0,42,8,False,0.4052014321088791,0.38896411955356597,0.162373149394989,0.8285283863544464,0.8653272450532724,0.38515766277678837,3.4473573327064515,0.0009687097090637827,0.0009687097090637827,
cnn_bilstm_v5_1,0,42,9,False,0.3995773196220398,0.3814131200313568,0.1816420115530491,0.8399330914020539,0.8263491605638618,0.40281182348192973,inf,0.0008557943090077068,0.0008557943090077068,
cnn_bilstm_v5_1,0,42,10,False,0.38756505250930784,0.3709765672683716,0.16588484942913057,0.8275453925132752,0.8697449732142367,0.3120196209506066,3.773004484176636,0.0007400283672606858,0.0007400283672606858,
cnn_bilstm_v5_1,0,42,11,False,0.3501950830221176,0.33453789800405503,0.15657184794545173,0.8427288949489593,0.8299900605403452,0.3852327205415865,2.8275999188423158,0.0006242624255136651,0.0006242624255136651,
cnn_bilstm_v5_1,0,42,12,False,0.2988950550556183,0.283588345348835,0.15306710228323936,0.8513963460922241,0.8355188602881657,0.35358392230957536,2.633432775735855,0.0005113470254575889,0.0005113470254575889,
cnn_bilstm_v5_1,0,42,13,False,0.32979129552841185,0.31453955471515654,0.15251746103167535,0.8566334307193756,0.8508483853311439,0.3306007656397331,2.686110723018646,0.0004040625189865662,0.0004040625189865662,
cnn_bilstm_v5_1,0,42,14,False,0.3117228835821152,0.29635017812252046,0.1537270352244377,0.8802804172039032,0.8508483853311439,0.32317326765067367,2.198083198070526,0.0003050506067067767,0.0003050506067067767,
cnn_bilstm_v5_1,0,42,15,False,0.3190684989094734,0.3039385125041008,0.1512999266386032,0.8646818459033966,0.8206896551724139,0.3297434192507609,3.121453285217285,0.00021674929050024603,0.00021674929050024603,
cnn_bilstm_v5_1,0,42,16,False,0.2744594722986221,0.2596177741885185,0.14841700941324235,0.8718916833400726,0.8508483853311439,0.34596690820379966,2.477183961868286,0.00014133284182724608,0.00014133284182724608,
cnn_bilstm_v5_1,0,42,17,False,0.3025441586971283,0.28802832812070844,0.14515828862786292,0.8754993498325347,0.8508483853311439,0.3374562895092357,2.9550951600074766,8.065826394694923e-05,8.065826394694923e-05,
cnn_bilstm_v5_1,0,42,18,False,0.2879306197166443,0.27401798516511916,0.13912634253501893,0.8754036784172058,0.8508483853311439,0.33312426126177336,3.1853084564208984,3.621956633414751e-05,3.621956633414751e-05,
cnn_bilstm_v5_1,0,42,19,False,0.26628019362688066,0.25236417055130006,0.13916019052267076,0.8808270931243897,0.8508483853311439,0.3336289234532274,2.7465984225273132,9.110977207649946e-06,9.110977207649946e-06,
cnn_bilstm_v5_1,0,42,20,False,0.28840461522340777,0.2737022817134857,0.1470233306288719,0.883934062719345,0.8508483853311439,0.333578609331443,2.8794316053390503,0.0,0.0,
cnn_bilstm_v5_1,0,1201,1,False,1.1378546237945557,1.0938740134239198,0.43980599343776705,0.6770632803440094,0.40126115906036497,1.023964262077951,0.9321423470973969,0.0014709457573137213,0.0014709457573137213,
cnn_bilstm_v5_1,0,1201,2,False,1.0261217296123504,0.9836051106452942,0.4251662939786911,0.67884840965271,0.5441757730760289,0.8668448679395047,1.0714722394943237,0.0014438371681872238,0.0014438371681872238,
cnn_bilstm_v5_1,0,1201,3,False,0.8252432227134705,0.791752940416336,0.3349028840661049,0.6759585976600647,0.5990740740740741,0.7382848153526745,1.5035151958465576,0.0013993984705744221,0.0013993984705744221,
cnn_bilstm_v5_1,0,1201,4,False,0.6288863539695739,0.6073554277420044,0.2153092548251152,0.6882935702800751,0.6587601078167116,0.6437163091668833,1.504165279865265,0.0013387238926941254,0.0013387238926941254,
cnn_bilstm_v5_1,0,1201,5,False,0.5539304345846177,0.5352076709270477,0.18722763806581497,0.7067508697509766,0.760498582357032,0.508039387231973,1.5874741137027741,0.0012633074440211254,0.0012633074440211254,
cnn_bilstm_v5_1,0,1201,6,False,0.48565037846565245,0.46618721187114714,0.19463165253400802,0.7121291756629944,0.7993464052287583,0.44355846267440124,inf,0.0011750061278145948,0.0011750061278145948,
cnn_bilstm_v5_1,0,1201,7,False,0.44285981059074403,0.4247098624706268,0.18149951174855233,0.7318740963935852,0.7550993809058326,0.4937599951027644,2.72804651260376,0.0010759942155348053,0.0010759942155348053,
cnn_bilstm_v5_1,0,1201,8,False,0.3888428658246994,0.371972918510437,0.16869950741529466,0.7095129430294037,0.7770833333333332,0.42699989262465327,2.89612957239151,0.0009687097090637827,0.0009687097090637827,
cnn_bilstm_v5_1,0,1201,9,False,0.39126195162534716,0.3761326834559441,0.15129270330071448,0.7152602732181549,0.787952787952788,0.4197544055660173,2.2847840428352355,0.0008557943090077068,0.0008557943090077068,
cnn_bilstm_v5_1,0,1201,10,False,0.3512410417199135,0.3355510890483856,0.15689957961440087,0.7083568334579468,0.8315483603154835,0.34389795886957214,inf,0.0007400283672606858,0.0007400283672606858,
cnn_bilstm_v5_1,0,1201,11,False,0.3793623000383377,0.3639236927032471,0.15438608303666115,0.7213236570358277,0.815550041356493,0.4334211164457198,2.5357861638069155,0.0006242624255136651,0.0006242624255136651,
cnn_bilstm_v5_1,0,1201,12,False,0.3596730470657349,0.3434225767850876,0.16250472739338875,0.7052841663360596,0.8374576152783823,0.3695503640501322,2.7887444376945494,0.0005113470254575889,0.0005113470254575889,
cnn_bilstm_v5_1,0,1201,13,False,0.3607264578342438,0.34688360095024107,0.13842860460281373,0.7195154845714569,0.8374931124967949,0.32537021456966875,4.044712829589844,0.0004040625189865662,0.0004040625189865662,
cnn_bilstm_v5_1,0,1201,14,False,0.3176390051841736,0.3045946016907692,0.13044401705265046,0.7100024938583374,0.8035195966230448,0.3886006356796045,2.736403501033783,0.0003050506067067767,0.0003050506067067767,
cnn_bilstm_v5_1,0,1201,15,False,0.2944995671510696,0.2797331318259239,0.14766436144709588,0.6982635676860809,0.8145094119606863,0.3702479665793033,2.5992189049720764,0.00021674929050024603,0.00021674929050024603,
cnn_bilstm_v5_1,0,1201,16,False,0.37218210101127625,0.35887790024280547,0.13304198756814004,0.7101302206516266,0.8374576152783823,0.35448198412378057,3.9933926343917845,0.00014133284182724608,0.00014133284182724608,
cnn_bilstm_v5_1,0,1201,17,False,0.3359650731086731,0.3225343555212021,0.13430716171860696,0.7038886964321136,0.8100221075902727,0.3584172293883795,2.926495611667633,8.065826394694923e-05,8.065826394694923e-05,
cnn_bilstm_v5_1,0,1201,18,False,0.2839769095182419,0.26999316066503526,0.13983746394515037,0.7045424401760101,0.8100221075902727,0.3620875204672697,2.434350287914276,3.621956633414751e-05,3.621956633414751e-05,
cnn_bilstm_v5_1,0,1201,19,False,0.3472603619098663,0.33206565827131274,0.1519469752907753,0.7103184401988983,0.8100221075902727,0.36502348467445983,2.7867406487464903,9.110977207649946e-06,9.110977207649946e-06,
cnn_bilstm_v5_1,0,1201,20,False,0.2980826050043106,0.28389401733875275,0.14188588932156562,0.6966033220291138,0.8100221075902727,0.3650237254679534,2.5903265357017515,0.0,0.0,
cnn_bilstm_v5_1,0,2026,1,False,1.1553998231887816,1.1144833445549012,0.4091648459434509,0.7180302321910859,0.29788359788359786,1.0644166237927217,1.0209737598896027,0.0014709457573137213,0.0014709457573137213,
cnn_bilstm_v5_1,0,2026,2,False,1.0769335150718689,1.0383930444717406,0.3854045793414116,0.7269146561622619,0.6185986682808716,0.9411580342572187,0.8887413263320922,0.0014438371681872238,0.0014438371681872238,
cnn_bilstm_v5_1,0,2026,3,False,0.9491172969341278,0.9192838907241822,0.2983342111110687,0.7697045505046844,0.6926267281105991,0.7416962383280694,1.1721265017986298,0.0013993984705744221,0.0013993984705744221,
cnn_bilstm_v5_1,0,2026,4,False,0.6990460932254792,0.677914047241211,0.2113204777240753,0.8260563313961029,0.637190635451505,0.6499384934505686,1.2639182686805726,0.0013387238926941254,0.0013387238926941254,
cnn_bilstm_v5_1,0,2026,5,False,0.5672235637903214,0.5454286754131317,0.21794890910387038,0.8473662197589874,0.7089285714285714,0.5326810752019562,1.415897971391678,0.0012633074440211254,0.0012633074440211254,
cnn_bilstm_v5_1,0,2026,6,False,0.494048485159874,0.47561466991901397,0.18433820977807044,0.8404055833816528,0.760374988240112,0.4847182280761408,1.6422350883483887,0.0011750061278145948,0.0011750061278145948,
cnn_bilstm_v5_1,0,2026,7,False,0.43196484446525574,0.41420421600341795,0.17760627418756486,0.8692096948623658,0.7993464052287583,0.43608991273607944,inf,0.0010759942155348053,0.0010759942155348053,
cnn_bilstm_v5_1,0,2026,8,False,0.4085130214691162,0.39135971665382385,0.17153303921222687,0.8930627048015595,0.7987618116650376,0.40103281467296914,1.8934325218200683,0.0009687097090637827,0.0009687097090637827,
cnn_bilstm_v5_1,0,2026,9,False,0.41905861496925356,0.40166460871696474,0.17394003123044968,0.8885908722877502,0.8374576152783823,0.36974747643143774,2.343896722793579,0.0008557943090077068,0.0008557943090077068,
cnn_bilstm_v5_1,0,2026,10,False,0.3855381697416306,0.36888452172279357,0.1665364533662796,0.9181511163711548,0.7985347985347985,0.39644658931074944,inf,0.0007400283672606858,0.0007400283672606858,
cnn_bilstm_v5_1,0,2026,11,False,0.3512655466794968,0.3348691925406456,0.16396351605653764,0.9155925154685974,0.8535327924273157,0.3652150595528512,2.5063546776771544,0.0006242624255136651,0.0006242624255136651,
cnn_bilstm_v5_1,0,2026,12,False,0.36409816294908526,0.34872685223817823,0.15371306166052817,0.9212611436843872,0.8250146113383986,0.3530930294527319,2.1887130081653594,0.0005113470254575889,0.0005113470254575889,
cnn_bilstm_v5_1,0,2026,13,False,0.3467472568154335,0.3311847969889641,0.15562455579638482,0.9113647222518921,0.8565861394156151,0.31764694911351676,3.271759057044983,0.0004040625189865662,0.0004040625189865662,
cnn_bilstm_v5_1,0,2026,14,False,0.2896310716867447,0.27445597350597384,0.15175097212195396,0.9170452773571014,0.8481580294823079,0.35641486895461366,2.390347111225128,0.0003050506067067767,0.0003050506067067767,
cnn_bilstm_v5_1,0,2026,15,False,0.3114506512880325,0.2965371012687683,0.1491355150938034,0.9312979102134704,0.8267616505322741,0.3685435576234787,2.3974837243556975,0.00021674929050024603,0.00021674929050024603,
cnn_bilstm_v5_1,0,2026,16,False,0.36230810582637785,0.34699921756982804,0.1530889689922333,0.9317412912845612,0.8267616505322741,0.34921839111563824,2.6109967708587645,0.00014133284182724608,0.00014133284182724608,
cnn_bilstm_v5_1,0,2026,17,False,0.32013423889875414,0.305217145383358,0.1491709344089031,0.9487484693527222,0.8267616505322741,0.3565795036327664,2.445427453517914,8.065826394694923e-05,8.065826394694923e-05,
cnn_bilstm_v5_1,0,2026,18,False,0.33228119611740115,0.3172358155250549,0.1504538133740425,0.9407388687133789,0.8267616505322741,0.35527893253106674,3.5476288914680483,3.621956633414751e-05,3.621956633414751e-05,
cnn_bilstm_v5_1,0,2026,19,False,0.27640013545751574,0.2616872251033783,0.1471290923655033,0.9387683272361755,0.8160541379125877,0.35399153589608123,2.3774063110351564,9.110977207649946e-06,9.110977207649946e-06,
cnn_bilstm_v5_1,0,2026,20,False,0.324205057322979,0.3091216146945953,0.15083438605070115,0.9464320540428162,0.8267616505322741,0.35314134853426454,2.8301837921142576,0.0,0.0,
cnn_bilstm_v5_1,0,3407,1,False,1.1411024332046509,1.098430073261261,0.4267236262559891,0.684538996219635,0.3973601260835304,1.0351209635180212,1.1498455345630645,0.0014709457573137213,0.0014709457573137213,
cnn_bilstm_v5_1,0,3407,2,False,1.0039818048477174,0.964643132686615,0.3933867573738098,0.6583682477474213,0.42918622848200316,0.9048124222125983,1.185161578655243,0.0014438371681872238,0.0014438371681872238,
cnn_bilstm_v5_1,0,3407,3,False,0.8112947344779968,0.7800744235515594,0.31220312267541883,0.6617435038089752,0.506372435152923,0.7372576297432809,1.3667502045631408,0.0013993984705744221,0.0013993984705744221,
cnn_bilstm_v5_1,0,3407,4,False,0.6464205145835876,0.6240860164165497,0.22334498167037964,0.6471677124500275,0.6169831116526212,0.6445167814882976,1.500276893377304,0.0013387238926941254,0.0013387238926941254,
cnn_bilstm_v5_1,0,3407,5,False,0.5528077572584152,0.5292811989784241,0.23526555448770523,0.6440693080425263,0.7634887005649716,0.5241712477003598,1.9225340723991393,0.0012633074440211254,0.0012633074440211254,
cnn_bilstm_v5_1,0,3407,6,False,0.5040905982255935,0.485392627120018,0.18697972148656844,0.6375750422477722,0.7550993809058326,0.49350763272517856,1.9149438619613648,0.0011750061278145948,0.0011750061278145948,
cnn_bilstm_v5_1,0,3407,7,False,0.5044294118881225,0.4862794041633606,0.18150008767843245,0.6387798428535462,0.7946499130709658,0.4746539741725307,inf,0.0010759942155348053,0.0010759942155348053,
cnn_bilstm_v5_1,0,3407,8,False,0.42983160018920896,0.41226865649223327,0.17562946900725365,0.6441959083080292,0.7712925643960126,0.4658355592565398,2.2992385983467103,0.0009687097090637827,0.0009687097090637827,
cnn_bilstm_v5_1,0,3407,9,False,0.3931693732738495,0.376499679684639,0.16669696420431138,0.6496394574642181,0.8080671764882291,0.4265416550853417,1.9943897008895874,0.0008557943090077068,0.0008557943090077068,
cnn_bilstm_v5_1,0,3407,10,False,0.37274512052536013,0.35622404217720033,0.1652108035981655,0.6470916926860809,0.7550993809058326,0.4353385712281718,2.3776686072349547,0.0007400283672606858,0.0007400283672606858,
cnn_bilstm_v5_1,0,3407,11,False,0.3792375296354294,0.3641687333583832,0.15068792849779128,0.6478775560855865,0.8420634920634921,0.34103700561251926,2.4391162037849425,0.0006242624255136651,0.0006242624255136651,
cnn_bilstm_v5_1,0,3407,12,False,0.3935746490955353,0.3782604828476906,0.15314166694879533,0.6416592597961426,0.7661375661375661,0.43218012153971974,2.6876078248023987,0.0005113470254575889,0.0005113470254575889,
cnn_bilstm_v5_1,0,3407,13,False,0.3696853071451187,0.3526650667190552,0.1702024221420288,0.639777559041977,0.8095261397928392,0.38439106105397075,2.236190688610077,0.0004040625189865662,0.0004040625189865662,
cnn_bilstm_v5_1,0,3407,14,False,0.38850624263286593,0.37258076667785645,0.1592547409236431,0.6388557374477386,0.8095261397928392,0.36906696613163986,2.871946656703949,0.0003050506067067767,0.0003050506067067767,
cnn_bilstm_v5_1,0,3407,15,False,0.35107051134109496,0.3349737048149109,0.16096805334091185,0.649631118774414,0.8263491605638618,0.391621611795606,2.1613062620162964,0.00021674929050024603,0.00021674929050024603,
cnn_bilstm_v5_1,0,3407,16,False,0.33125149458646774,0.31649108976125717,0.14760405868291854,0.6413365542888642,0.8095261397928392,0.3600568167134561,2.485774552822113,0.00014133284182724608,0.00014133284182724608,
cnn_bilstm_v5_1,0,3407,17,False,0.32708942890167236,0.31244939416646955,0.14640032798051833,0.650604909658432,0.8095261397928392,0.36170757064490167,2.0458084464073183,8.065826394694923e-05,8.065826394694923e-05,
cnn_bilstm_v5_1,0,3407,18,False,0.2948369398713112,0.27988304048776624,0.1495389886200428,0.6491456985473633,0.8095261397928392,0.3650472366010313,1.8373651146888732,3.621956633414751e-05,3.621956633414751e-05,
cnn_bilstm_v5_1,0,3407,19,False,0.3438540294766426,0.32886153012514113,0.1499250128865242,0.6476905822753907,0.8095261397928392,0.3646468836084074,2.4313973069190977,9.110977207649946e-06,9.110977207649946e-06,
cnn_bilstm_v5_1,0,3407,20,False,0.30701667368412017,0.2931109189987183,0.13905756026506425,0.6490914523601532,0.8095261397928392,0.36438069826047653,2.15279643535614,0.0,0.0,
cnn_bilstm_v5_1,0,7319,1,False,1.1277777135372162,1.0885151207447052,0.3926258981227875,0.6690479815006256,0.6033457136817949,0.9924262831794622,0.8881149828433991,0.0014709457573137213,0.0014709457573137213,
cnn_bilstm_v5_1,0,7319,2,False,1.0119628190994263,0.9777121067047119,0.3425070717930794,0.6581362605094909,0.43857808857808855,0.8460987889419387,1.0065773487091065,0.0014438371681872238,0.0014438371681872238,
cnn_bilstm_v5_1,0,7319,3,False,0.7788974106311798,0.7555845439434051,0.23312857896089553,0.6639553725719451,0.6345224823485693,0.6965667339028576,1.3712508916854858,0.0013993984705744221,0.0013993984705744221,
cnn_bilstm_v5_1,0,7319,4,False,0.6399102210998535,0.617910772562027,0.21999447643756867,0.6768826007843017,0.6911680911680912,0.6257124197904089,1.6123650133609773,0.0013387238926941254,0.0013387238926941254,
cnn_bilstm_v5_1,0,7319,5,False,0.5298375964164734,0.5086515486240387,0.21186056435108186,0.6612160623073577,0.8267616505322741,0.4408384951790744,1.521976923942566,0.0012633074440211254,0.0012633074440211254,
cnn_bilstm_v5_1,0,7319,6,False,0.4681642413139343,0.4516437351703644,0.16520506031811238,0.6514916300773621,0.7910469107551488,0.4066259960696784,1.843058955669403,0.0011750061278145948,0.0011750061278145948,
cnn_bilstm_v5_1,0,7319,7,False,0.40105935633182527,0.3833990156650543,0.17660337164998055,0.6539008855819702,0.8035195966230448,0.4432686793076151,1.882624912261963,0.0010759942155348053,0.0010759942155348053,
cnn_bilstm_v5_1,0,7319,8,False,0.40920003652572634,0.3903049767017365,0.1889506421983242,0.6254348576068878,0.8419061655612872,0.35043968052822444,inf,0.0009687097090637827,0.0009687097090637827,
cnn_bilstm_v5_1,0,7319,9,False,0.3602881982922554,0.3431859850883484,0.17102216109633445,0.6368159472942352,0.8310850439882698,0.4110272117346421,2.8203561544418334,0.0008557943090077068,0.0008557943090077068,
cnn_bilstm_v5_1,0,7319,10,False,0.4049281537532806,0.38704666048288344,0.17881489023566247,0.6306882083415986,0.7993464052287583,0.39646122298329445,inf,0.0007400283672606858,0.0007400283672606858,
cnn_bilstm_v5_1,0,7319,11,False,0.3542976647615433,0.3367862343788147,0.1751143142580986,0.6453882277011871,0.7886469292879864,0.372329816931801,2.7990548253059386,0.0006242624255136651,0.0006242624255136651,
cnn_bilstm_v5_1,0,7319,12,False,0.313960425555706,0.29768491089344024,0.16275519579648973,0.6446911871433259,0.8039880734656779,0.371814829232453,3.1644057989120484,0.0005113470254575889,0.0005113470254575889,
cnn_bilstm_v5_1,0,7319,13,False,0.29754267930984496,0.2822383210062981,0.15304361954331397,0.6436137318611145,0.8355188602881657,0.3320797933398517,2.3894036650657653,0.0004040625189865662,0.0004040625189865662,
cnn_bilstm_v5_1,0,7319,14,False,0.3328759431838989,0.3175750970840454,0.15300844684243203,0.6346350133419036,0.8355188602881657,0.3267518973060915,3.229478883743286,0.0003050506067067767,0.0003050506067067767,
cnn_bilstm_v5_1,0,7319,15,False,0.3207250386476517,0.30395878851413727,0.16766250655055046,0.6483980894088746,0.8374576152783823,0.3482562321055587,2.5947555780410765,0.00021674929050024603,0.00021674929050024603,
cnn_bilstm_v5_1,0,7319,16,False,0.3114500045776367,0.29586326628923415,0.1558673657476902,0.6527639508247376,0.8145094119606863,0.3583976601532542,3.3722038745880125,0.00014133284182724608,0.00014133284182724608,
cnn_bilstm_v5_1,0,7319,17,False,0.30779086500406266,0.2924647435545921,0.1532611943781376,0.641892421245575,0.8145094119606863,0.36746875838347715,3.0075247824192046,8.065826394694923e-05,8.065826394694923e-05,
cnn_bilstm_v5_1,0,7319,18,False,0.3076961159706116,0.29149445742368696,0.1620166003704071,0.6399365305900574,0.8145094119606863,0.35819915022360443,2.0053003549575807,3.621956633414751e-05,3.621956633414751e-05,
cnn_bilstm_v5_1,0,7319,19,False,0.2920128062367439,0.2770408794283867,0.1497192531824112,0.6456401228904725,0.7993464052287583,0.3533702247985798,2.6617623448371885,9.110977207649946e-06,9.110977207649946e-06,
cnn_bilstm_v5_1,0,7319,20,False,0.2667740359902382,0.2526766061782837,0.14097434133291245,0.655425626039505,0.7993464052287583,0.35239234548944637,2.5117565512657167,0.0,0.0,
cnn_only_v5_1,0,42,1,False,1.1093233525753021,1.0698992550373077,0.39424102008342743,0.7573972821235657,0.6677999254843517,0.9377900346214539,1.0547559678554534,0.0014709457573137213,0.0014709457573137213,
cnn_only_v5_1,0,42,2,False,0.8683741092681885,0.8370858609676362,0.31288246661424635,0.7399283528327942,0.6879278720710946,0.6989687226266784,1.4279733538627624,0.0014438371681872238,0.0014438371681872238,
cnn_only_v5_1,0,42,3,False,0.5984859734773635,0.577883830666542,0.2060214474797249,0.7312911033630372,0.7208714721586574,0.5894841613015593,1.5356955766677856,0.0013993984705744221,0.0013993984705744221,
cnn_only_v5_1,0,42,4,False,0.4813188910484314,0.46352903842926024,0.17789858132600783,0.7093704164028167,0.7982299777965413,0.45332850243931394,inf,0.0013387238926941254,0.0013387238926941254,
cnn_only_v5_1,0,42,5,False,0.3973371237516403,0.3803018033504486,0.17035318091511725,0.7262669563293457,0.7893518518518517,0.4473523195390415,1.8217055916786193,0.0012633074440211254,0.0012633074440211254,
cnn_only_v5_1,0,42,6,False,0.35951656103134155,0.34335312247276306,0.16163432747125625,0.7176919102668762,0.7985347985347985,0.43205241043117204,2.403100836277008,0.0011750061278145948,0.0011750061278145948,
cnn_only_v5_1,0,42,7,False,0.3173073634505272,0.3019151821732521,0.15392179787158966,0.6994285464286805,0.8228955375253549,0.39114286577337526,inf,0.0010759942155348053,0.0010759942155348053,
cnn_only_v5_1,0,42,8,False,0.3251760110259056,0.31135873794555663,0.1381727449595928,0.7061198472976684,0.7985347985347985,0.42640150509526376,2.8464297533035277,0.0009687097090637827,0.0009687097090637827,
cnn_only_v5_1,0,42,9,False,0.3205518752336502,0.30687632858753205,0.1367555022239685,0.6858136653900146,0.8032672260361048,0.3907468309529456,3.4909515619277953,0.0008557943090077068,0.0008557943090077068,
cnn_only_v5_1,0,42,10,False,0.3154228046536446,0.3016636073589325,0.13759202249348162,0.7045766174793243,0.7934354921720651,0.39785145055641324,3.170893269777298,0.0007400283672606858,0.0007400283672606858,
cnn_only_v5_1,0,42,11,False,0.3080576866865158,0.2945281744003296,0.1352951243519783,0.685235470533371,0.8100221075902727,0.39843741430707513,inf,0.0006242624255136651,0.0006242624255136651,
cnn_only_v5_1,0,42,12,False,0.28173297792673113,0.2697258859872818,0.12007092908024788,0.7202019572257996,0.8612169693640493,0.33659267640860124,3.600824075937271,0.0005113470254575889,0.0005113470254575889,
cnn_only_v5_1,0,42,13,False,0.27259948253631594,0.26135212555527687,0.11247353963553905,0.711636197566986,0.8206896551724139,0.3581941781045114,3.178840917348862,0.0004040625189865662,0.0004040625189865662,
cnn_only_v5_1,0,42,14,False,0.24689311683177947,0.23512519299983978,0.1176792822778225,0.7247243881225586,0.8481580294823079,0.35034426829867793,2.4005139112472533,0.0003050506067067767,0.0003050506067067767,
cnn_only_v5_1,0,42,15,False,0.24274450540542603,0.23076970726251603,0.11974799484014512,0.7226159691810607,0.8460375075620085,0.34009208505440647,2.8753937244415284,0.00021674929050024603,0.00021674929050024603,
cnn_only_v5_1,0,42,16,False,0.25631735324859617,0.244940447807312,0.11376909092068672,0.7191231548786163,0.831364796968948,0.3464966382544753,2.719221431016922,0.00014133284182724608,0.00014133284182724608,
cnn_only_v5_1,0,42,17,False,0.2346853643655777,0.22336239293217658,0.11322972588241101,0.7281083047389985,0.8420634920634921,0.3443504807996548,2.035916048288345,8.065826394694923e-05,8.065826394694923e-05,
cnn_only_v5_1,0,42,18,False,0.24600858837366105,0.23401911556720734,0.11989471539855004,0.7324884414672852,0.831364796968948,0.34841418560820414,2.5081290006637573,3.621956633414751e-05,3.621956633414751e-05,
cnn_only_v5_1,0,42,19,False,0.2334523841738701,0.22195239067077638,0.11499994471669198,0.7209140241146088,0.831364796968948,0.35144165053109866,2.4113003253936767,9.110977207649946e-06,9.110977207649946e-06,
cnn_only_v5_1,0,42,20,False,0.24482004940509797,0.23287902176380157,0.11941028162837028,0.7341762185096741,0.8206896551724139,0.35247747991934764,2.4746014356613157,0.0,0.0,
cnn_only_v5_1,0,2026,1,False,1.115978753566742,1.0746260821819305,0.4135266840457916,0.6533980429172516,0.4874050680502293,0.9783041858316023,1.2348575174808503,0.0014709457573137213,0.0014709457573137213,
cnn_only_v5_1,0,2026,2,False,0.8801031112670898,0.846881103515625,0.33222004771232605,0.5908027231693268,0.6782776625420213,0.703564811067495,1.2061582028865814,0.0014438371681872238,0.0014438371681872238,
cnn_only_v5_1,0,2026,3,False,0.5997185498476029,0.579208904504776,0.20509643405675887,0.5347615063190461,0.7642476997315706,0.5206801087765,1.5031702935695648,0.0013993984705744221,0.0013993984705744221,
cnn_only_v5_1,0,2026,4,False,0.4609688073396683,0.4423616319894791,0.1860716737806797,0.5116181313991547,0.7976373908577298,0.4339219097015216,1.5699209690093994,0.0013387238926941254,0.0013387238926941254,
cnn_only_v5_1,0,2026,5,False,0.3725450783967972,0.3560702756047249,0.16474800407886506,0.4898392617702484,0.8035195966230448,0.3997875813822386,1.9791779458522796,0.0012633074440211254,0.0012633074440211254,
cnn_only_v5_1,0,2026,6,False,0.3180735021829605,0.3025530636310577,0.15520436093211173,0.4901197224855423,0.8420634920634921,0.34062469451984057,inf,0.0011750061278145948,0.0011750061278145948,
cnn_only_v5_1,0,2026,7,False,0.3030859217047691,0.28665606379508973,0.1642985835671425,0.47734997868537904,0.7661375661375661,0.4073148178239017,inf,0.0010759942155348053,0.0010759942155348053,
cnn_only_v5_1,0,2026,8,False,0.2950817972421646,0.2814977914094925,0.13584007509052753,0.467285031080246,0.8145094119606863,0.35746626370714996,2.916193735599518,0.0009687097090637827,0.0009687097090637827,
cnn_only_v5_1,0,2026,9,False,0.2696678012609482,0.25641458481550217,0.13253213912248613,0.4691054880619049,0.831364796968948,0.35105913401493216,3.503841924667358,0.0008557943090077068,0.0008557943090077068,
cnn_only_v5_1,0,2026,10,False,0.25164084881544113,0.23761768639087677,0.14023160934448242,0.4594386607408524,0.8355188602881657,0.3595118262365219,3.0801499843597413,0.0007400283672606858,0.0007400283672606858,
cnn_only_v5_1,0,2026,11,False,0.27769225239753725,0.2654573693871498,0.12234882637858391,0.45647830069065093,0.8100221075902727,0.35681026999207277,2.9808638453483582,0.0006242624255136651,0.0006242624255136651,
cnn_only_v5_1,0,2026,12,False,0.2530704990029335,0.2412891909480095,0.11781306210905314,0.45333501100540163,0.831364796968948,0.3278660786609832,3.536079668998718,0.0005113470254575889,0.0005113470254575889,
cnn_only_v5_1,0,2026,13,False,0.23985646069049835,0.22729846835136414,0.12557991296052934,0.457023549079895,0.8460375075620085,0.3414110333595198,3.3227422714233397,0.0004040625189865662,0.0004040625189865662,
cnn_only_v5_1,0,2026,14,False,0.22042117714881898,0.2079474613070488,0.12473714575171471,0.4509274631738663,0.8481580294823079,0.3380135707763629,2.917776620388031,0.0003050506067067767,0.0003050506067067767,
cnn_only_v5_1,0,2026,15,False,0.23985720723867415,0.22707293629646302,0.12784269750118255,0.44090998768806455,0.8420634920634921,0.3335468280983412,2.734203004837036,0.00021674929050024603,0.00021674929050024603,
cnn_only_v5_1,0,2026,16,False,0.21501473784446717,0.20298996642231942,0.1202477127313614,0.4435084521770477,0.831364796968948,0.322686559739927,1.8748731911182404,0.00014133284182724608,0.00014133284182724608,
cnn_only_v5_1,0,2026,17,False,0.22376513332128525,0.21167923212051393,0.12085898034274578,0.44662974774837494,0.8206896551724139,0.3397706378277629,3.1152554631233214,8.065826394694923e-05,8.065826394694923e-05,
cnn_only_v5_1,0,2026,18,False,0.2256811834871769,0.21236323714256286,0.13317943960428238,0.4434913873672485,0.831364796968948,0.33866050098365763,2.7557155013084413,3.621956633414751e-05,3.621956633414751e-05,
cnn_only_v5_1,0,2026,19,False,0.22791195064783096,0.2153744012117386,0.1253754809498787,0.4430384933948517,0.8460375075620085,0.3381201596373255,3.6104881167411804,9.110977207649946e-06,9.110977207649946e-06,
cnn_only_v5_1,0,2026,20,False,0.24680524617433547,0.23486120998859406,0.11944038346409798,0.43902119994163513,0.8460375075620085,0.3375355053516192,2.734123933315277,0.0,0.0,
cnn_only_v5_1,0,3407,1,False,1.042524254322052,1.0017113983631134,0.4081286132335663,0.6474949181079864,0.7212998712998712,0.8628568802885308,1.3010868430137634,0.0014709457573137213,0.0014709457573137213,
cnn_only_v5_1,0,3407,2,False,0.7737893342971802,0.7449316799640655,0.2885765239596367,0.619328361749649,0.48380882300337774,0.7774228821836543,1.725393569469452,0.0014438371681872238,0.0014438371681872238,
cnn_only_v5_1,0,3407,3,False,0.562002494931221,0.5473509103059768,0.14651576206088066,0.5791633009910584,0.7670081967213115,0.5284528840699761,1.559003973007202,0.0013993984705744221,0.0013993984705744221,
cnn_only_v5_1,0,3407,4,False,0.46660364270210264,0.4521737962961197,0.14429847672581672,0.5484743922948837,0.8466386554621849,0.4085742502680376,inf,0.0013387238926941254,0.0013387238926941254,
cnn_only_v5_1,0,3407,5,False,0.3746875673532486,0.3597278207540512,0.14959742426872252,0.5282166659832,0.7937894691926951,0.4131643686892138,2.193054676055908,0.0012633074440211254,0.0012633074440211254,
cnn_only_v5_1,0,3407,6,False,0.33575681447982786,0.3210645318031311,0.14692283123731614,0.5189174711704254,0.8632478632478633,0.3710325740294504,2.338510537147522,0.0011750061278145948,0.0011750061278145948,
cnn_only_v5_1,0,3407,7,False,0.3055291995406151,0.2915110751986504,0.14018122628331184,0.506117308139801,0.8428092587907918,0.35313093880898555,3.180337107181549,0.0010759942155348053,0.0010759942155348053,
cnn_only_v5_1,0,3407,8,False,0.2667339533567429,0.25337616801261903,0.13357782810926438,0.5087159216403961,0.8532168208917228,0.33935536664437643,2.6408949971199034,0.0009687097090637827,0.0009687097090637827,
cnn_only_v5_1,0,3407,9,False,0.27151756584644315,0.25872203409671785,0.1279552936553955,0.5067700445652008,0.8481580294823079,0.331369976260196,3.1361971735954284,0.0008557943090077068,0.0008557943090077068,
cnn_only_v5_1,0,3407,10,False,0.24316129684448243,0.2310289680957794,0.12132330238819122,0.5066672563552856,0.8481580294823079,0.30420097170859184,3.026851761341095,0.0007400283672606858,0.0007400283672606858,
cnn_only_v5_1,0,3407,11,False,0.22487302571535112,0.21324731260538102,0.11625711396336555,0.5108538091182708,0.8374576152783823,0.3153395111187873,2.069710350036621,0.0006242624255136651,0.0006242624255136651,
cnn_only_v5_1,0,3407,12,False,0.236103705316782,0.22464132606983184,0.11462383382022381,0.5177430242300034,0.8481580294823079,0.3180750025132965,2.472592282295227,0.0005113470254575889,0.0005113470254575889,
cnn_only_v5_1,0,3407,13,False,0.23151278793811797,0.22105446010828017,0.10458328165113925,0.5128537625074386,0.8629766905526727,0.30385659390014214,2.784129524230957,0.0004040625189865662,0.0004040625189865662,
cnn_only_v5_1,0,3407,14,False,0.23165784031152725,0.21922416090965272,0.12433679401874542,0.5136358827352524,0.8374576152783823,0.3289166035194845,3.080391764640808,0.0003050506067067767,0.0003050506067067767,
cnn_only_v5_1,0,3407,15,False,0.2035875916481018,0.192947369068861,0.10640222504734993,0.5082058906555176,0.8374576152783823,0.31108767353447137,2.065853250026703,0.00021674929050024603,0.00021674929050024603,
cnn_only_v5_1,0,3407,16,False,0.23137494698166847,0.220283342897892,0.1109160453081131,0.5095937490463257,0.8374576152783823,0.29646252164596504,inf,0.00014133284182724608,0.00014133284182724608,
cnn_only_v5_1,0,3407,17,False,0.2062589071691036,0.19532736614346505,0.1093154028058052,0.5145141363143921,0.8374576152783823,0.32036839581018217,2.2280913829803466,8.065826394694923e-05,8.065826394694923e-05,
cnn_only_v5_1,0,3407,18,False,0.21598680168390275,0.2057408094406128,0.10245993956923485,0.5080078780651093,0.8374576152783823,0.31698541633857136,2.9468035459518434,3.621956633414751e-05,3.621956633414751e-05,
cnn_only_v5_1,0,3407,19,False,0.21779596507549287,0.2065734826028347,0.11222482100129128,0.5131405174732209,0.8374576152783823,0.3135016775634469,2.278359127044678,9.110977207649946e-06,9.110977207649946e-06,
cnn_only_v5_1,0,3407,20,False,0.21543084383010863,0.20577988997101784,0.09650954268872738,0.5120861947536468,0.8374576152783823,0.3133706077756679,2.4741584777832033,0.0,0.0,
bilstm_only_v5_1,0,42,1,False,1.1385466635227204,1.096483451128006,0.42063220739364626,0.7205851316452027,0.4193710589258534,1.0037315661106652,1.1752084016799926,0.0014709457573137213,0.0014709457573137213,
bilstm_only_v5_1,0,42,2,False,1.0953036189079284,1.053763848543167,0.4153976127505302,0.7184438705444336,0.41763736657353673,0.9834099802276745,1.1215498447418213,0.0014438371681872238,0.0014438371681872238,
bilstm_only_v5_1,0,42,3,False,1.0272404551506042,0.9871496140956879,0.4009084090590477,0.7080042243003846,0.44439973172367536,0.8980674669627863,1.168641024827957,0.0013993984705744221,0.0013993984705744221,
bilstm_only_v5_1,0,42,4,False,0.9179444074630737,0.8828098952770234,0.3513452664017677,0.7085355281829834,0.5317170717628383,0.8149079151904424,1.3142717361450196,0.0013387238926941254,0.0013387238926941254,
bilstm_only_v5_1,0,42,5,False,0.8039810597896576,0.775967663526535,0.2801339879631996,0.6928270041942597,0.6113547758284601,0.7009806385939147,1.3985772848129272,0.0012633074440211254,0.0012633074440211254,
bilstm_only_v5_1,0,42,6,False,0.6653785586357117,0.6435950398445129,0.21783512607216834,0.6788106262683868,0.7163586327673016,0.6063296158149192,1.3396183788776397,0.0011750061278145948,0.0011750061278145948,
bilstm_only_v5_1,0,42,7,False,0.6162169933319092,0.592271339893341,0.23945651799440384,0.684965842962265,0.674278288313376,0.6120037446934483,inf,0.0010759942155348053,0.0010759942155348053,
bilstm_only_v5_1,0,42,8,False,0.5115662485361099,0.4909233242273331,0.20642928928136825,0.6785571455955506,0.8079254079254078,0.4690913256323114,1.562515676021576,0.0009687097090637827,0.0009687097090637827,
bilstm_only_v5_1,0,42,9,False,0.48860267996788026,0.46704588532447816,0.21556787490844725,0.666594821214676,0.760498582357032,0.4996457990366678,1.6749117612838744,0.0008557943090077068,0.0008557943090077068,
bilstm_only_v5_1,0,42,10,False,0.4672934770584106,0.4485101252794266,0.1878335192799568,0.6720041334629059,0.8267616505322741,0.4219076318188642,1.7655176639556884,0.0007400283672606858,0.0007400283672606858,
bilstm_only_v5_1,0,42,11,False,0.46381098628044126,0.44495153725147246,0.1885944277048111,0.666623193025589,0.7821120689655173,0.4471149106158293,1.884782648086548,0.0006242624255136651,0.0006242624255136651,
bilstm_only_v5_1,0,42,12,False,0.4218554586172104,0.4022401601076126,0.1961529716849327,0.6736617028713227,0.7821120689655173,0.4560760736793873,1.8401022791862487,0.0005113470254575889,0.0005113470254575889,
bilstm_only_v5_1,0,42,13,False,0.4731346517801285,0.4547139465808868,0.18420703783631326,0.6733757972717285,0.7821120689655173,0.43292263695876065,2.417729264497757,0.0004040625189865662,0.0004040625189865662,
bilstm_only_v5_1,0,42,14,False,0.43713685870170593,0.4189221054315567,0.1821475088596344,0.6644574701786041,0.7937894691926951,0.4249017917247969,1.7956506192684174,0.0003050506067067767,0.0003050506067067767,
bilstm_only_v5_1,0,42,15,False,0.45510956048965456,0.43703757524490355,0.18071979582309722,0.671589732170105,0.8047021676053934,0.42024927338639645,2.0713724374771116,0.00021674929050024603,0.00021674929050024603,
bilstm_only_v5_1,0,42,16,False,0.39644540548324586,0.3780509129166603,0.18394494652748108,0.6688253343105316,0.7827956989247312,0.426984240099536,1.5707123279571533,0.00014133284182724608,0.00014133284182724608,
bilstm_only_v5_1,0,42,17,False,0.4063526034355164,0.38919053971767426,0.1716206543147564,0.6721958220005035,0.7661375661375661,0.4222004644033242,1.6306604504585267,8.065826394694923e-05,8.065826394694923e-05,
bilstm_only_v5_1,0,42,18,False,0.4018059134483337,0.38368879854679105,0.18117115870118142,0.6750122427940368,0.7987618116650376,0.4123814031451688,1.7643955409526826,3.621956633414751e-05,3.621956633414751e-05,
bilstm_only_v5_1,0,42,19,False,0.39624986350536345,0.37897194027900694,0.17277926430106164,0.6688454449176788,0.7987618116650376,0.41176364341113747,1.604349833726883,9.110977207649946e-06,9.110977207649946e-06,
bilstm_only_v5_1,0,42,20,False,0.4075731307268143,0.3905066609382629,0.1706647291779518,0.6717555165290833,0.7987618116650376,0.41134963009806796,1.5984380185604095,0.0,0.0,
bilstm_only_v5_1,0,2026,1,False,1.1644265353679657,1.1250771045684815,0.3934943154454231,0.6937996625900269,0.38660661874380514,1.0832618303382326,1.2195258557796478,0.0014709457573137213,0.0014709457573137213,
bilstm_only_v5_1,0,2026,2,False,1.0624523282051086,1.0254765927791596,0.3697574079036713,0.7057173311710357,0.5782627865961198,0.9509135116204701,1.0071584820747375,0.0014438371681872238,0.0014438371681872238,
bilstm_only_v5_1,0,2026,3,False,1.0059248387813569,0.9718309283256531,0.34093897938728335,0.6927444577217102,0.656641604010025,0.8028506887656431,1.3288429439067841,0.0013993984705744221,0.0013993984705744221,
bilstm_only_v5_1,0,2026,4,False,0.826597273349762,0.8008669137954711,0.2573035165667534,0.7039624035358429,0.676555023923445,0.6908688877433911,1.3132184386253356,0.0013387238926941254,0.0013387238926941254,
bilstm_only_v5_1,0,2026,5,False,0.7290240287780761,0.7046055197715759,0.244185146689415,0.7063765704631806,0.7124388378027304,0.6067751933017906,1.3419036984443664,0.0012633074440211254,0.0012633074440211254,
bilstm_only_v5_1,0,2026,6,False,0.6434463322162628,0.6223611533641815,0.2108517363667488,0.7124044299125671,0.728229282012092,0.5454012267013933,1.6233790040016174,0.0011750061278145948,0.0011750061278145948,
bilstm_only_v5_1,0,2026,7,False,0.6161052346229553,0.5953372895717621,0.20767938047647477,0.7356093943119049,0.7362578929877035,0.5292954433055614,1.4933078646659852,0.0010759942155348053,0.0010759942155348053,
bilstm_only_v5_1,0,2026,8,False,0.5103306591510772,0.4913099616765976,0.1902069106698036,0.72182657122612,0.7660130718954248,0.5174958774507087,1.5578186631202697,0.0009687097090637827,0.0009687097090637827,
bilstm_only_v5_1,0,2026,9,False,0.5031078934669495,0.4843625068664551,0.18745389133691787,0.7281185984611511,0.8050975279290334,0.45816765605647913,inf,0.0008557943090077068,0.0008557943090077068,
bilstm_only_v5_1,0,2026,10,False,0.45441706776618956,0.43660915493965147,0.17807914018630983,0.7520383894443512,0.815550041356493,0.4388489539550365,1.8690321087837218,0.0007400283672606858,0.0007400283672606858,
bilstm_only_v5_1,0,2026,11,False,0.5166628122329712,0.4972042977809906,0.19458514600992202,0.7258133709430694,0.8047021676053934,0.43399529806507453,2.0467567682266234,0.0006242624255136651,0.0006242624255136651,
bilstm_only_v5_1,0,2026,12,False,0.43788557350635526,0.4207760840654373,0.17109492607414722,0.7461138010025025,0.778225806451613,0.4449784200617541,1.8423164427280425,0.0005113470254575889,0.0005113470254575889,
bilstm_only_v5_1,0,2026,13,False,0.44629082679748533,0.430304741859436,0.15986079946160317,0.7414671421051026,0.7827956989247312,0.4554493882893904,2.6082882642745973,0.0004040625189865662,0.0004040625189865662,
bilstm_only_v5_1,0,2026,14,False,0.4619673639535904,0.4445620715618134,0.17405290976166726,0.738860684633255,0.8004032258064516,0.4325807424156926,1.9207947850227356,0.0003050506067067767,0.0003050506067067767,
bilstm_only_v5_1,0,2026,15,False,0.4480065256357193,0.43252051174640654,0.15486012399196625,0.7463753819465637,0.8047021676053934,0.42216020450593383,2.0180674254894257,0.00021674929050024603,0.00021674929050024603,
bilstm_only_v5_1,0,2026,16,False,0.45839297473430635,0.4413764625787735,0.17016517892479896,0.7411278307437896,0.7770833333333332,0.4217374157692939,inf,0.00014133284182724608,0.00014133284182724608,
bilstm_only_v5_1,0,2026,17,False,0.45389012396335604,0.4367673933506012,0.17122732549905778,0.7385187864303588,0.7937894691926951,0.4209565257668709,2.0643195688724516,8.065826394694923e-05,8.065826394694923e-05,
bilstm_only_v5_1,0,2026,18,False,0.44347656071186065,0.4262139618396759,0.17262596711516381,0.7448290467262269,0.815550041356493,0.4147125824012082,2.1932175397872924,3.621956633414751e-05,3.621956633414751e-05,
bilstm_only_v5_1,0,2026,19,False,0.4287353366613388,0.41211505234241486,0.16620283648371698,0.7500613868236542,0.815550041356493,0.41569508295470436,1.9422121167182922,9.110977207649946e-06,9.110977207649946e-06,
bilstm_only_v5_1,0,2026,20,False,0.43580258190631865,0.41926283538341524,0.16539746820926665,0.7533434092998504,0.815550041356493,0.415660101036395,1.815862774848938,0.0,0.0,
bilstm_only_v5_1,0,3407,1,False,1.1454053282737733,1.1039154946804046,0.41489831507205965,0.6681694507598877,0.4735019572417946,1.0545568092990794,1.0029231905937195,0.0014709457573137213,0.0014709457573137213,
bilstm_only_v5_1,0,3407,2,False,1.0819714844226838,1.043117105960846,0.38854391872882843,0.6598659336566925,0.4363865738970869,1.0168333936560208,1.0252918481826783,0.0014438371681872238,0.0014438371681872238,
bilstm_only_v5_1,0,3407,3,False,0.9717384278774261,0.9382749140262604,0.3346349686384201,0.648969304561615,0.7317801672640383,0.837314926130087,1.1683084070682526,0.0013993984705744221,0.0013993984705744221,
bilstm_only_v5_1,0,3407,4,False,0.8673724591732025,0.8390652358531951,0.2830723911523819,0.6664723992347718,0.6727701881124384,0.6807336787556534,1.430526030063629,0.0013387238926941254,0.0013387238926941254,
bilstm_only_v5_1,0,3407,5,False,0.653503292798996,0.6324824631214142,0.21020829305052757,0.6691066741943359,0.7124388378027304,0.583739221924786,1.4798470199108125,0.0012633074440211254,0.0012633074440211254,
bilstm_only_v5_1,0,3407,6,False,0.585414069890976,0.5645290583372116,0.20885006189346314,0.6597808480262757,0.7380314603072557,0.4930370874703743,1.5786104142665862,0.0011750061278145948,0.0011750061278145948,
bilstm_only_v5_1,0,3407,7,False,0.5238799571990966,0.5046540081501008,0.19225956872105598,0.6582918107509613,0.7556818181818182,0.4975510600473774,1.4884323835372926,0.0010759942155348053,0.0010759942155348053,
bilstm_only_v5_1,0,3407,8,False,0.5035778671503067,0.48582376837730407,0.17754098773002625,0.6524086475372315,0.7670081967213115,0.48797223958976876,inf,0.0009687097090637827,0.0009687097090637827,
bilstm_only_v5_1,0,3407,9,False,0.4797794848680496,0.4620687305927277,0.17710747420787812,0.6664485931396484,0.8113965952080706,0.4283542070670947,1.7006542563438416,0.0008557943090077068,0.0008557943090077068,
bilstm_only_v5_1,0,3407,10,False,0.47573204040527345,0.45842584073543546,0.17306200042366982,0.6578732788562774,0.7629677926809073,0.4614941878396864,1.90619695186615,0.0007400283672606858,0.0007400283672606858,
bilstm_only_v5_1,0,3407,11,False,0.4354793816804886,0.419055187702179,0.16424187123775483,0.6640469670295716,0.778225806451613,0.44133599675162544,1.8099036931991577,0.0006242624255136651,0.0006242624255136651,
bilstm_only_v5_1,0,3407,12,False,0.4454108715057373,0.42716087996959684,0.18249991685152053,0.6584092259407044,0.7717043518206924,0.47250401523953567,2.021074914932251,0.0005113470254575889,0.0005113470254575889,
bilstm_only_v5_1,0,3407,13,False,0.45080153942108153,0.4338413864374161,0.169601508975029,0.660635107755661,0.778225806451613,0.44472417779121787,2.3063333868980407,0.0004040625189865662,0.0004040625189865662,
bilstm_only_v5_1,0,3407,14,False,0.43633664548397066,0.41967685222625734,0.16659799888730048,0.6531958401203155,0.7937894691926951,0.43756358397103934,1.9181584000587464,0.0003050506067067767,0.0003050506067067767,
bilstm_only_v5_1,0,3407,15,False,0.43723374903202056,0.41962001770734786,0.17613737136125565,0.6488042652606965,0.7937894691926951,0.4345761154398544,1.9777859449386597,0.00021674929050024603,0.00021674929050024603,
bilstm_only_v5_1,0,3407,16,False,0.4041749343276024,0.3881100207567215,0.16064916402101517,0.6457374274730683,0.7937894691926951,0.4225977229667794,1.8230181813240052,0.00014133284182724608,0.00014133284182724608,
bilstm_only_v5_1,0,3407,17,False,0.43247381746768954,0.4169535517692566,0.15520264506340026,0.6529297709465027,0.7937894691926951,0.43505763836039046,2.012947863340378,8.065826394694923e-05,8.065826394694923e-05,
bilstm_only_v5_1,0,3407,18,False,0.4700576692819595,0.45291215777397154,0.17145509421825408,0.6467916786670684,0.7937894691926951,0.43649547491344237,2.269092082977295,3.621956633414751e-05,3.621956633414751e-05,
bilstm_only_v5_1,0,3407,19,False,0.4085246652364731,0.3914638593792915,0.17060806155204772,0.6566610991954803,0.7937894691926951,0.43741920119047023,1.807108861207962,9.110977207649946e-06,9.110977207649946e-06,
bilstm_only_v5_1,0,3407,20,False,0.4148148328065872,0.39816529750823976,0.16649532169103623,0.6473193645477295,0.7937894691926951,0.437228785253572,2.1558319449424745,0.0,0.0,
cnn_bilstm_v5_1_transfer_selected,0,42,1,,1.0476988039233468,,,,0.22033898305084745,,,,,shared_trunk_subject_specific_heads
cnn_bilstm_v5_1_transfer_selected,0,42,2,,0.9642377143556421,,,,0.501010101010101,,,,,shared_trunk_subject_specific_heads
cnn_bilstm_v5_1_transfer_selected,0,42,3,,0.729997144504027,,,,0.7335494448170504,,,,,shared_trunk_subject_specific_heads
cnn_bilstm_v5_1_transfer_selected,0,42,4,,0.48921329053965484,,,,0.8448684210526315,,,,,shared_trunk_subject_specific_heads
cnn_bilstm_v5_1_transfer_selected,0,42,5,,0.3809637606821277,,,,0.8547368421052631,,,,,shared_trunk_subject_specific_heads
cnn_bilstm_v5_1_transfer_selected,0,42,6,,0.36086238582025876,,,,0.8250146113383986,,,,,shared_trunk_subject_specific_heads
cnn_bilstm_v5_1_transfer_selected,0,42,7,,0.3837438097054308,,,,0.8478533462054885,,,,,shared_trunk_subject_specific_heads
cnn_bilstm_v5_1_transfer_selected,0,42,8,,0.400415916334499,,,,0.8460375075620085,,,,,shared_trunk_subject_specific_heads
cnn_bilstm_v5_1_transfer_selected,0,42,9,,0.370483361184597,,,,0.8474358974358974,,,,,shared_trunk_subject_specific_heads
cnn_bilstm_v5_1_transfer_selected,0,42,10,,0.3585516295649789,,,,0.8486868831696418,,,,,shared_trunk_subject_specific_heads
cnn_bilstm_v5_1_transfer_selected,0,42,11,,0.35549835047938605,,,,0.8521187854521188,,,,,shared_trunk_subject_specific_heads
cnn_bilstm_v5_1_transfer_selected,0,42,12,,0.3071615899151022,,,,0.8782852725683942,,,,,shared_trunk_subject_specific_heads
cnn_bilstm_v5_1_transfer_selected,0,42,13,,0.33349516175009986,,,,0.8934233018443546,,,,,shared_trunk_subject_specific_heads
cnn_bilstm_v5_1_transfer_selected,0,42,14,,0.31664386865767563,,,,0.8651340996168582,,,,,shared_trunk_subject_specific_heads
cnn_bilstm_v5_1_transfer_selected,0,42,15,,0.3083799095316367,,,,0.8713416986643642,,,,,shared_trunk_subject_specific_heads
cnn_bilstm_v5_1_transfer_selected,0,42,16,,0.320999569513581,,,,0.8602158162843198,,,,,shared_trunk_subject_specific_heads
cnn_bilstm_v5_1_transfer_selected,0,42,17,,0.3086882358924909,,,,0.8755446623093682,,,,,shared_trunk_subject_specific_heads
cnn_bilstm_v5_1_transfer_selected,0,42,18,,0.28675555979663675,,,,0.9035569693464431,,,,,shared_trunk_subject_specific_heads
cnn_bilstm_v5_1_transfer_selected,0,42,19,,0.29034976999868045,,,,0.9035569693464431,,,,,shared_trunk_subject_specific_heads
cnn_bilstm_v5_1_transfer_selected,0,42,20,,0.28210697255351325,,,,0.8833369178196765,,,,,shared_trunk_subject_specific_heads
cnn_bilstm_v5_1_transfer_selected,0,1201,1,,1.0395852544090964,,,,0.22033898305084745,,,,,shared_trunk_subject_specific_heads
cnn_bilstm_v5_1_transfer_selected,0,1201,2,,0.8926611217585477,,,,0.5855163185230546,,,,,shared_trunk_subject_specific_heads
cnn_bilstm_v5_1_transfer_selected,0,1201,3,,0.6191449124704708,,,,0.7212642266437402,,,,,shared_trunk_subject_specific_heads
cnn_bilstm_v5_1_transfer_selected,0,1201,4,,0.47689603810960596,,,,0.8160541379125877,,,,,shared_trunk_subject_specific_heads
cnn_bilstm_v5_1_transfer_selected,0,1201,5,,0.46241325072266837,,,,0.8507078507078507,,,,,shared_trunk_subject_specific_heads
cnn_bilstm_v5_1_transfer_selected,0,1201,6,,0.4339872070334174,,,,0.8366716143270905,,,,,shared_trunk_subject_specific_heads
cnn_bilstm_v5_1_transfer_selected,0,1201,7,,0.421610488132997,,,,0.8498168498168498,,,,,shared_trunk_subject_specific_heads
cnn_bilstm_v5_1_transfer_selected,0,1201,8,,0.3389891209927472,,,,0.864265898420828,,,,,shared_trunk_subject_specific_heads
cnn_bilstm_v5_1_transfer_selected,0,1201,9,,0.39100402932275424,,,,0.8484673221515328,,,,,shared_trunk_subject_specific_heads
cnn_bilstm_v5_1_transfer_selected,0,1201,10,,0.37930509786714206,,,,0.8533950617283951,,,,,shared_trunk_subject_specific_heads
cnn_bilstm_v5_1_transfer_selected,0,1201,11,,0.3691389262676239,,,,0.8535714285714286,,,,,shared_trunk_subject_specific_heads
cnn_bilstm_v5_1_transfer_selected,0,1201,12,,0.36835986985401675,,,,0.8524356869184455,,,,,shared_trunk_subject_specific_heads
cnn_bilstm_v5_1_transfer_selected,0,1201,13,,0.33106523887677625,,,,0.8782852725683942,,,,,shared_trunk_subject_specific_heads
cnn_bilstm_v5_1_transfer_selected,0,1201,14,,0.3378835557536645,,,,0.8550984883188272,,,,,shared_trunk_subject_specific_heads
cnn_bilstm_v5_1_transfer_selected,0,1201,15,,0.3366684243083,,,,0.8550984883188272,,,,,shared_trunk_subject_specific_heads
cnn_bilstm_v5_1_transfer_selected,0,1201,16,,0.32198848304423416,,,,0.8678970373967946,,,,,shared_trunk_subject_specific_heads
cnn_bilstm_v5_1_transfer_selected,0,1201,17,,0.3079770234498111,,,,0.8375846476709721,,,,,shared_trunk_subject_specific_heads
cnn_bilstm_v5_1_transfer_selected,0,1201,18,,0.3038842146369544,,,,0.8676698832579796,,,,,shared_trunk_subject_specific_heads
cnn_bilstm_v5_1_transfer_selected,0,1201,19,,0.3073343996974555,,,,0.880375234521576,,,,,shared_trunk_subject_specific_heads
cnn_bilstm_v5_1_transfer_selected,0,1201,20,,0.2923585271293467,,,,0.8814102564102564,,,,,shared_trunk_subject_specific_heads
cnn_bilstm_v5_1_transfer_selected,0,2026,1,,1.0214240523901852,,,,0.22033898305084745,,,,,shared_trunk_subject_specific_heads
cnn_bilstm_v5_1_transfer_selected,0,2026,2,,0.8740941367366097,,,,0.691876419911375,,,,,shared_trunk_subject_specific_heads
cnn_bilstm_v5_1_transfer_selected,0,2026,3,,0.5943649262189865,,,,0.8716216216216216,,,,,shared_trunk_subject_specific_heads
cnn_bilstm_v5_1_transfer_selected,0,2026,4,,0.4457583705132658,,,,0.8245214532753483,,,,,shared_trunk_subject_specific_heads
cnn_bilstm_v5_1_transfer_selected,0,2026,5,,0.3992475156079639,,,,0.875204678362573,,,,,shared_trunk_subject_specific_heads
cnn_bilstm_v5_1_transfer_selected,0,2026,6,,0.3964068429036574,,,,0.845083713850837,,,,,shared_trunk_subject_specific_heads
cnn_bilstm_v5_1_transfer_selected,0,2026,7,,0.40069751102815976,,,,0.8651340996168582,,,,,shared_trunk_subject_specific_heads
cnn_bilstm_v5_1_transfer_selected,0,2026,8,,0.3783899667588147,,,,0.8715949200065974,,,,,shared_trunk_subject_specific_heads
cnn_bilstm_v5_1_transfer_selected,0,2026,9,,0.3501840511506254,,,,0.8458719994521111,,,,,shared_trunk_subject_specific_heads
cnn_bilstm_v5_1_transfer_selected,0,2026,10,,0.33916648815978656,,,,0.8955089355089355,,,,,shared_trunk_subject_specific_heads
cnn_bilstm_v5_1_transfer_selected,0,2026,11,,0.30580542236566544,,,,0.8716216216216216,,,,,shared_trunk_subject_specific_heads
cnn_bilstm_v5_1_transfer_selected,0,2026,12,,0.3022665625268763,,,,0.8250146113383986,,,,,shared_trunk_subject_specific_heads
cnn_bilstm_v5_1_transfer_selected,0,2026,13,,0.3421765681017529,,,,0.856602809706258,,,,,shared_trunk_subject_specific_heads
cnn_bilstm_v5_1_transfer_selected,0,2026,14,,0.3014766506173394,,,,0.86290300262903,,,,,shared_trunk_subject_specific_heads
cnn_bilstm_v5_1_transfer_selected,0,2026,15,,0.2997078753330491,,,,0.8770305646573395,,,,,shared_trunk_subject_specific_heads
cnn_bilstm_v5_1_transfer_selected,0,2026,16,,0.3329011296684092,,,,0.8651340996168582,,,,,shared_trunk_subject_specific_heads
cnn_bilstm_v5_1_transfer_selected,0,2026,17,,0.37297500534491107,,,,0.875204678362573,,,,,shared_trunk_subject_specific_heads
cnn_bilstm_v5_1_transfer_selected,0,2026,18,,0.2909797284413468,,,,0.8565599497802888,,,,,shared_trunk_subject_specific_heads
cnn_bilstm_v5_1_transfer_selected,0,2026,19,,0.31628501550717786,,,,0.8588790809372364,,,,,shared_trunk_subject_specific_heads
cnn_bilstm_v5_1_transfer_selected,0,2026,20,,0.29518207535147667,,,,0.8735979595090068,,,,,shared_trunk_subject_specific_heads
cnn_bilstm_v5_1_transfer_selected,0,3407,1,,1.0351318148049442,,,,0.22033898305084745,,,,,shared_trunk_subject_specific_heads
cnn_bilstm_v5_1_transfer_selected,0,3407,2,,0.9706559858538888,,,,0.33035714285714285,,,,,shared_trunk_subject_specific_heads
cnn_bilstm_v5_1_transfer_selected,0,3407,3,,0.773974284529686,,,,0.7956521739130435,,,,,shared_trunk_subject_specific_heads
cnn_bilstm_v5_1_transfer_selected,0,3407,4,,0.46885041215203027,,,,0.7741259466749663,,,,,shared_trunk_subject_specific_heads
cnn_bilstm_v5_1_transfer_selected,0,3407,5,,0.49963140386072075,,,,0.8336038961038961,,,,,shared_trunk_subject_specific_heads
cnn_bilstm_v5_1_transfer_selected,0,3407,6,,0.42138806120915845,,,,0.8376585201982026,,,,,shared_trunk_subject_specific_heads
cnn_bilstm_v5_1_transfer_selected,0,3407,7,,0.3523859422315251,,,,0.822609332496338,,,,,shared_trunk_subject_specific_heads
cnn_bilstm_v5_1_transfer_selected,0,3407,8,,0.3541546511379155,,,,0.7879238816738816,,,,,shared_trunk_subject_specific_heads
cnn_bilstm_v5_1_transfer_selected,0,3407,9,,0.3486773263324391,,,,0.8607367475292004,,,,,shared_trunk_subject_specific_heads
cnn_bilstm_v5_1_transfer_selected,0,3407,10,,0.35610877383839,,,,0.8480531813865148,,,,,shared_trunk_subject_specific_heads
cnn_bilstm_v5_1_transfer_selected,0,3407,11,,0.3710860508409413,,,,0.8283475783475783,,,,,shared_trunk_subject_specific_heads
cnn_bilstm_v5_1_transfer_selected,0,3407,12,,0.3509171523831107,,,,0.8550984883188272,,,,,shared_trunk_subject_specific_heads
cnn_bilstm_v5_1_transfer_selected,0,3407,13,,0.31363361328840256,,,,0.8748407148407148,,,,,shared_trunk_subject_specific_heads
cnn_bilstm_v5_1_transfer_selected,0,3407,14,,0.347946589643305,,,,0.8872486772486772,,,,,shared_trunk_subject_specific_heads
cnn_bilstm_v5_1_transfer_selected,0,3407,15,,0.3183638660067862,,,,0.8782852725683942,,,,,shared_trunk_subject_specific_heads
cnn_bilstm_v5_1_transfer_selected,0,3407,16,,0.3085108981891112,,,,0.8204314204314205,,,,,shared_trunk_subject_specific_heads
cnn_bilstm_v5_1_transfer_selected,0,3407,17,,0.3313356221399524,,,,0.8732832062295725,,,,,shared_trunk_subject_specific_heads
cnn_bilstm_v5_1_transfer_selected,0,3407,18,,0.31492460722273047,,,,0.8269383135257499,,,,,shared_trunk_subject_specific_heads
cnn_bilstm_v5_1_transfer_selected,0,3407,19,,0.2882509231567383,,,,0.8146349360531002,,,,,shared_trunk_subject_specific_heads
cnn_bilstm_v5_1_transfer_selected,0,3407,20,,0.3020931316370314,,,,0.8535327924273157,,,,,shared_trunk_subject_specific_heads
cnn_bilstm_v5_1_transfer_selected,0,7319,1,,1.0131962082602761,,,,0.22033898305084745,,,,,shared_trunk_subject_specific_heads
cnn_bilstm_v5_1_transfer_selected,0,7319,2,,0.9654626846313477,,,,0.4012345679012346,,,,,shared_trunk_subject_specific_heads
cnn_bilstm_v5_1_transfer_selected,0,7319,3,,0.7527214017781344,,,,0.7366243961352658,,,,,shared_trunk_subject_specific_heads
cnn_bilstm_v5_1_transfer_selected,0,7319,4,,0.4912307032129981,,,,0.8602158162843198,,,,,shared_trunk_subject_specific_heads
cnn_bilstm_v5_1_transfer_selected,0,7319,5,,0.369059603322636,,,,0.8647619047619047,,,,,shared_trunk_subject_specific_heads
cnn_bilstm_v5_1_transfer_selected,0,7319,6,,0.4393379708582705,,,,0.8545161036302072,,,,,shared_trunk_subject_specific_heads
cnn_bilstm_v5_1_transfer_selected,0,7319,7,,0.37629554217511957,,,,0.8668484635233403,,,,,shared_trunk_subject_specific_heads
cnn_bilstm_v5_1_transfer_selected,0,7319,8,,0.3869175457141616,,,,0.8562773299615404,,,,,shared_trunk_subject_specific_heads
cnn_bilstm_v5_1_transfer_selected,0,7319,9,,0.38231235945766623,,,,0.8158420041420267,,,,,shared_trunk_subject_specific_heads
cnn_bilstm_v5_1_transfer_selected,0,7319,10,,0.3633703332055699,,,,0.8349696280730763,,,,,shared_trunk_subject_specific_heads
cnn_bilstm_v5_1_transfer_selected,0,7319,11,,0.3519580899314447,,,,0.8358192090395481,,,,,shared_trunk_subject_specific_heads
cnn_bilstm_v5_1_transfer_selected,0,7319,12,,0.32960544662042096,,,,0.8743081761006289,,,,,shared_trunk_subject_specific_heads
cnn_bilstm_v5_1_transfer_selected,0,7319,13,,0.34775606949221005,,,,0.845083713850837,,,,,shared_trunk_subject_specific_heads
cnn_bilstm_v5_1_transfer_selected,0,7319,14,,0.3105096613818949,,,,0.875204678362573,,,,,shared_trunk_subject_specific_heads
cnn_bilstm_v5_1_transfer_selected,0,7319,15,,0.29154306650161743,,,,0.8934233018443546,,,,,shared_trunk_subject_specific_heads
cnn_bilstm_v5_1_transfer_selected,0,7319,16,,0.3327111073515632,,,,0.8833369178196765,,,,,shared_trunk_subject_specific_heads
cnn_bilstm_v5_1_transfer_selected,0,7319,17,,0.31988424265926535,,,,0.8934233018443546,,,,,shared_trunk_subject_specific_heads
cnn_bilstm_v5_1_transfer_selected,0,7319,18,,0.3345323509790681,,,,0.8575269266093346,,,,,shared_trunk_subject_specific_heads
cnn_bilstm_v5_1_transfer_selected,0,7319,19,,0.31470485031604767,,,,0.8833369178196765,,,,,shared_trunk_subject_specific_heads
cnn_bilstm_v5_1_transfer_selected,0,7319,20,,0.2861113372174176,,,,0.892973692973693,,,,,shared_trunk_subject_specific_heads
cnn_bilstm_v5_1,1,42,1,False,0.5041964828968049,0.4832569807767868,0.418790203332901,0.7088752806186676,0.22033898305084745,1.0254651469705782,0.7144983887672425,0.0010100270229563143,0.0010100270229563143,
cnn_bilstm_v5_1,1,42,2,False,0.464478874206543,0.44367013275623324,0.41617473363876345,0.6882435739040375,0.3102102959368161,0.9816305351062337,0.542065441608429,0.0009914128711863775,0.0009914128711863775,
cnn_bilstm_v5_1,1,42,3,False,0.42463201880455015,0.4033589392900467,0.42546167075634,0.6828510820865631,0.48646125116713357,0.8923945796271479,0.5399208784103393,0.000960898975462661,0.000960898975462661,
cnn_bilstm_v5_1,1,42,4,False,0.34727856516838074,0.32460409700870513,0.4534893125295639,0.6631402730941772,0.6129979035639413,0.7397674718782964,0.6844046860933304,0.0009192366891676969,0.0009192366891676969,
cnn_bilstm_v5_1,1,42,5,False,0.26396381556987764,0.24191784113645554,0.44091943800449374,0.6655257523059845,0.676339497392129,0.6689588312466427,0.899994283914566,0.0008674518760592677,0.0008674518760592677,
cnn_bilstm_v5_1,1,42,6,False,0.21285829991102218,0.19436898231506347,0.369786337018013,0.6689734280109405,0.8454084440600677,0.612709766362744,0.7725505203008651,0.0008068196501000445,0.0008068196501000445,
cnn_bilstm_v5_1,1,42,7,False,0.18014785051345825,0.1642746351659298,0.3174642905592918,0.6721031844615937,0.9106826124369983,0.5525011941131406,0.7457981437444687,0.0007388329779199644,0.0007388329779199644,
cnn_bilstm_v5_1,1,42,8,False,0.14706894382834435,0.13383349776268005,0.2647089079022408,0.6760264277458191,0.9366471734892787,0.5044857655413306,0.716082501411438,0.0006651659170229299,0.0006651659170229299,
cnn_bilstm_v5_1,1,42,9,False,0.13148746266961098,0.12091930061578751,0.21136319413781166,0.67138711810112,0.9000352733686067,0.46037620507952315,1.0833637028932572,0.000587632394935184,0.000587632394935184,
cnn_bilstm_v5_1,1,42,10,False,0.11469873264431954,0.10507873594760894,0.19239990636706353,0.6781653821468353,0.9000352733686067,0.44054635490217026,0.9410139828920364,0.000508141544289534,0.000508141544289534,
cnn_bilstm_v5_1,1,42,11,False,0.12579232230782508,0.11763061322271824,0.16323417723178862,0.6748830020427704,0.8799547461175551,0.4301075314271607,1.1363345384597778,0.00042865069364388407,0.00042865069364388407,
cnn_bilstm_v5_1,1,42,12,False,0.10790496468544006,0.10039889365434647,0.1501214023679495,0.6824310719966888,0.865758896151053,0.43556474410189233,1.186773920059204,0.00035111717155613797,0.00035111717155613797,
cnn_bilstm_v5_1,1,42,13,False,0.11692520827054978,0.10858789011836052,0.16674638614058496,0.6885788142681122,0.9000352733686067,0.41392147858392464,1.213253092765808,0.0002774501106591034,0.0002774501106591034,
cnn_bilstm_v5_1,1,42,14,False,0.1039086177945137,0.09654925614595414,0.1471872091293335,0.6851463973522186,0.8993105659772326,0.4152739178330665,1.0667621344327927,0.0002094634384790234,0.0002094634384790234,
cnn_bilstm_v5_1,1,42,15,False,0.09842772185802459,0.09087961986660957,0.15096206739544868,0.6788280248641968,0.8993105659772326,0.4188968596477939,1.0071676045656204,0.00014883121251980016,0.00014883121251980016,
cnn_bilstm_v5_1,1,42,16,False,0.1002223700284958,0.09264090657234192,0.1516292653977871,0.6854939699172974,0.865758896151053,0.4156810775424013,0.9292242765426636,9.704639941137102e-05,9.704639941137102e-05,
cnn_bilstm_v5_1,1,42,17,False,0.10496335253119468,0.09708088859915734,0.15764928683638574,0.6814662635326385,0.865758896151053,0.4089332862462834,1.0159264862537385,5.538411311640677e-05,5.538411311640677e-05,
cnn_bilstm_v5_1,1,42,18,False,0.10356326848268509,0.09622024968266488,0.14686035960912705,0.6832972645759583,0.8883155046677059,0.4033502890058684,1.313924789428711,2.487021739269033e-05,2.487021739269033e-05,
cnn_bilstm_v5_1,1,42,19,False,0.09576031044125558,0.08864985667169094,0.1422091007232666,0.681749415397644,0.8883155046677059,0.40286943182734974,1.0595668733119965,6.256065622753516e-06,6.256065622753516e-06,
cnn_bilstm_v5_1,1,42,20,False,0.09560723528265953,0.08818342536687851,0.14847619645297527,0.6858593881130218,0.8883155046677059,0.40304708579165544,1.2178285837173461,0.0,0.0,
cnn_bilstm_v5_1,1,1201,1,False,0.480952125787735,0.4597894549369812,0.42325342297554014,0.670357209444046,0.24691358024691357,1.0133808336587167,0.579098317027092,0.0010100270229563143,0.0010100270229563143,
cnn_bilstm_v5_1,1,1201,2,False,0.457519593834877,0.4362055122852325,0.4262815982103348,0.6557176530361175,0.36047666335650447,0.9824012348122063,0.5929503351449966,0.0009914128711863775,0.0009914128711863775,
cnn_bilstm_v5_1,1,1201,3,False,0.3930765837430954,0.36989362835884093,0.4636590987443924,0.6420050680637359,0.4579124579124579,0.8676636695192236,0.5752048581838608,0.000960898975462661,0.000960898975462661,
cnn_bilstm_v5_1,1,1201,4,False,0.2909992069005966,0.2643968388438225,0.5320474028587341,0.6183191120624543,0.7144312393887945,0.6999435588152297,0.6184020280838013,0.0009192366891676969,0.0009192366891676969,
cnn_bilstm_v5_1,1,1201,5,False,0.2175842747092247,0.19111324697732926,0.5294205546379089,0.606688129901886,0.8737902235323016,0.623555673646322,0.738459911942482,0.0008674518760592677,0.0008674518760592677,
cnn_bilstm_v5_1,1,1201,6,False,0.17438890635967255,0.15294620767235756,0.4288539677858353,0.6061005234718323,0.7751552795031057,0.5697590590925201,0.8136779636144638,0.0008068196501000445,0.0008068196501000445,
cnn_bilstm_v5_1,1,1201,7,False,0.1541971817612648,0.13779864981770515,0.32797063142061234,0.6310168087482453,0.8889152475359373,0.5310935546910024,0.8217239856719971,0.0007388329779199644,0.0007388329779199644,
cnn_bilstm_v5_1,1,1201,8,False,0.1317762963473797,0.11877413243055343,0.26004326418042184,0.6411933124065399,0.9068990212461209,0.4952761903296498,0.8516447126865387,0.0006651659170229299,0.0006651659170229299,
cnn_bilstm_v5_1,1,1201,9,False,0.13154997155070305,0.12118780165910721,0.2072434075176716,0.6593035399913788,0.9169859514687101,0.4799378589295508,0.8597543627023697,0.000587632394935184,0.000587632394935184,
cnn_bilstm_v5_1,1,1201,10,False,0.12379843220114709,0.11423812285065651,0.1912061795592308,0.6738620102405548,0.8892492173193927,0.4631528087840367,1.0377580910921096,0.000508141544289534,0.000508141544289534,
cnn_bilstm_v5_1,1,1201,11,False,0.11151793003082275,0.10307223275303841,0.16891392916440964,0.6791159331798553,0.8816910730536941,0.45347736122558624,0.6400576800107955,0.00042865069364388407,0.00042865069364388407,
cnn_bilstm_v5_1,1,1201,12,False,0.11150857359170914,0.10334045141935348,0.16336247995495795,0.6836720108985901,0.8692727815534833,0.4511313162426321,1.2480352818965912,0.00035111717155613797,0.00035111717155613797,
cnn_bilstm_v5_1,1,1201,13,False,0.12099177539348602,0.11266186460852623,0.16659821197390556,0.6907946169376373,0.8831985624438454,0.44537380929373255,1.0144509017467498,0.0002774501106591034,0.0002774501106591034,
cnn_bilstm_v5_1,1,1201,14,False,0.1055356964468956,0.09751949831843376,0.16032398566603662,0.6846104443073273,0.8892492173193927,0.4403416130598714,0.8198611110448837,0.0002094634384790234,0.0002094634384790234,
cnn_bilstm_v5_1,1,1201,15,False,0.11358194276690484,0.10528524816036225,0.16593391001224517,0.6960571706295013,0.8931623931623932,0.4371608022942087,1.0685646176338195,0.00014883121251980016,0.00014883121251980016,
cnn_bilstm_v5_1,1,1201,16,False,0.10815817192196846,0.10041113942861557,0.1549406312406063,0.6835509121418,0.8892492173193927,0.43533471248338873,0.9665923148393631,9.704639941137102e-05,9.704639941137102e-05,
cnn_bilstm_v5_1,1,1201,17,False,0.09719866216182708,0.08933383300900459,0.15729658529162407,0.6956914484500885,0.867189879768496,0.4320803101243544,0.9222823947668075,5.538411311640677e-05,5.538411311640677e-05,
cnn_bilstm_v5_1,1,1201,18,False,0.09276710264384747,0.08483429998159409,0.15865602493286132,0.6923527777194977,0.867189879768496,0.4306798470848965,0.801168692111969,2.487021739269033e-05,2.487021739269033e-05,
cnn_bilstm_v5_1,1,1201,19,False,0.09142534174025059,0.08414239883422851,0.14565885737538337,0.6843760550022125,0.867189879768496,0.430277632770479,0.7192875117063522,6.256065622753516e-06,6.256065622753516e-06,
cnn_bilstm_v5_1,1,1201,20,False,0.09422478675842286,0.08633656166493893,0.15776450037956238,0.695038479566574,0.867189879768496,0.4301256712728096,0.7996416121721268,0.0,0.0,
cnn_bilstm_v5_1,1,2026,1,False,0.4770093023777008,0.4547324150800705,0.4455376774072647,0.687593525648117,0.22033898305084745,1.019651818619661,0.8294961631298066,0.0010100270229563143,0.0010100270229563143,
cnn_bilstm_v5_1,1,2026,2,False,0.46804001927375793,0.4469529539346695,0.42174132615327836,0.6838745594024658,0.2566202566202566,1.0057175714703108,0.8009239137172699,0.0009914128711863775,0.0009914128711863775,
cnn_bilstm_v5_1,1,2026,3,False,0.4333286613225937,0.41346605122089386,0.39725224375724794,0.6861124336719513,0.23748125937031483,0.9392931233259239,0.7635235726833344,0.000960898975462661,0.000960898975462661,
cnn_bilstm_v5_1,1,2026,4,False,0.36185699999332427,0.3437871813774109,0.3613963335752487,0.6917907416820526,0.759693094629156,0.7674083229946613,0.69039106965065,0.0009192366891676969,0.0009192366891676969,
cnn_bilstm_v5_1,1,2026,5,False,0.2420794516801834,0.22691237181425095,0.30334156602621076,0.686106127500534,0.8367477834370874,0.5921227089321883,0.7550629138946533,0.0008674518760592677,0.0008674518760592677,
cnn_bilstm_v5_1,1,2026,6,False,0.16127535924315453,0.14867993146181108,0.25190857499837876,0.6801636099815369,0.8962324393358876,0.5100236283222201,0.8776554882526397,0.0008068196501000445,0.0008068196501000445,
cnn_bilstm_v5_1,1,2026,7,False,0.13595394790172577,0.12589991092681885,0.20108073726296424,0.6857657194137573,0.8704021742273108,0.47648312393123715,0.9755447745323181,0.0007388329779199644,0.0007388329779199644,
cnn_bilstm_v5_1,1,2026,8,False,0.126971235871315,0.11759915873408318,0.18744153380393982,0.675032764673233,0.9000256344527044,0.45172854384023997,1.0473618745803832,0.0006651659170229299,0.0006651659170229299,
cnn_bilstm_v5_1,1,2026,9,False,0.11929668746888637,0.11006852835416794,0.18456317037343978,0.6866860687732697,0.8968253968253969,0.4282394010274366,1.1968873739242554,0.000587632394935184,0.000587632394935184,
cnn_bilstm_v5_1,1,2026,10,False,0.12072850316762924,0.1120108723640442,0.1743525967001915,0.6919571042060852,0.8968253968253969,0.4265385374390806,1.198725312948227,0.000508141544289534,0.000508141544289534,
cnn_bilstm_v5_1,1,2026,11,False,0.11827662438154221,0.10949697121977806,0.17559304386377333,0.690627145767212,0.9068990212461209,0.42013202241640535,1.091971331834793,0.00042865069364388407,0.00042865069364388407,
cnn_bilstm_v5_1,1,2026,12,False,0.11536762937903404,0.10660914555191994,0.17516966834664344,0.6842971265316009,0.8962324393358876,0.41569283520489264,1.0946310997009276,0.00035111717155613797,0.00035111717155613797,
cnn_bilstm_v5_1,1,2026,13,False,0.11180318333208561,0.10259581916034222,0.18414730355143547,0.7011187016963959,0.8831985624438454,0.41420526032868576,0.9095768183469772,0.0002774501106591034,0.0002774501106591034,
cnn_bilstm_v5_1,1,2026,14,False,0.11894569993019104,0.10998527407646179,0.17920854687690735,0.6908352494239807,0.8799547461175551,0.4232262178782929,1.0659372091293335,0.0002094634384790234,0.0002094634384790234,
cnn_bilstm_v5_1,1,2026,15,False,0.10252384170889854,0.09377223774790763,0.1750320576131344,0.6906738221645355,0.8831985624438454,0.4103094799117854,1.003182765841484,0.00014883121251980016,0.00014883121251980016,
cnn_bilstm_v5_1,1,2026,16,False,0.11200944557785988,0.10315871685743332,0.17701458111405372,0.698482358455658,0.8962324393358876,0.4087561685012109,1.180483016371727,9.704639941137102e-05,9.704639941137102e-05,
cnn_bilstm_v5_1,1,2026,17,False,0.1152150385081768,0.10676763728260993,0.16894805431365967,0.6912982881069183,0.8962324393358876,0.40846294542362566,1.4394195675849915,5.538411311640677e-05,5.538411311640677e-05,
cnn_bilstm_v5_1,1,2026,18,False,0.10293552204966545,0.09400080442428589,0.17869438603520393,0.6977937757968903,0.8962324393358876,0.40930604828359185,0.9619443714618683,2.487021739269033e-05,2.487021739269033e-05,
cnn_bilstm_v5_1,1,2026,19,False,0.11284525394439697,0.10423394069075584,0.17222628146409988,0.6980052173137665,0.8962324393358876,0.4098812222665391,1.2313166439533234,6.256065622753516e-06,6.256065622753516e-06,
cnn_bilstm_v5_1,1,2026,20,False,0.09753356203436851,0.08845916390419006,0.18148793950676917,0.6933383882045746,0.8962324393358876,0.40987893568879935,0.8738823592662811,0.0,0.0,
cnn_bilstm_v5_1,1,3407,1,False,0.5171937376260758,0.49683827757835386,0.4071092188358307,0.7061896204948426,0.24691358024691357,1.0169166422245355,0.8575810790061951,0.0010100270229563143,0.0010100270229563143,
cnn_bilstm_v5_1,1,3407,2,False,0.4547115921974182,0.4351575583219528,0.3910806253552437,0.6905972182750701,0.3418894830659536,0.9834060597791128,0.6724139243364334,0.0009914128711863775,0.0009914128711863775,
cnn_bilstm_v5_1,1,3407,3,False,0.4248344212770462,0.40574419796466826,0.38180450052022935,0.6782934188842773,0.3995115995115995,0.9076803608424605,0.7282499492168426,0.000960898975462661,0.000960898975462661,
cnn_bilstm_v5_1,1,3407,4,False,0.31530053317546847,0.29903772473335266,0.32525625079870224,0.6765363216400146,0.5158730158730159,0.7338465034965068,0.6216169834136963,0.0009192366891676969,0.0009192366891676969,
cnn_bilstm_v5_1,1,3407,5,False,0.22617461085319518,0.21419093012809753,0.23967359960079193,0.6555477619171143,0.8258258258258259,0.6086378785944777,0.7678905248641967,0.0008674518760592677,0.0008674518760592677,
cnn_bilstm_v5_1,1,3407,6,False,0.15599985420703888,0.14707625210285186,0.17847201749682426,0.6326548218727112,0.7581196581196581,0.5465690037353016,0.997391426563263,0.0008068196501000445,0.0008068196501000445,
cnn_bilstm_v5_1,1,3407,7,False,0.1372966833412647,0.12874772325158118,0.17097922265529633,0.6202203750610351,0.8704021742273108,0.5080897930280833,0.8129592210054397,0.0007388329779199644,0.0007388329779199644,
cnn_bilstm_v5_1,1,3407,8,False,0.12106067314743996,0.11176616698503494,0.18589010685682297,0.599011379480362,0.9044351874540554,0.47248665098494436,0.6452392607927322,0.0006651659170229299,0.0006651659170229299,
cnn_bilstm_v5_1,1,3407,9,False,0.127607624232769,0.1177635096013546,0.19688229709863664,0.6033093869686127,0.8968253968253969,0.45542749028706453,1.0346474409103394,0.000587632394935184,0.000587632394935184,
cnn_bilstm_v5_1,1,3407,10,False,0.10392516478896141,0.09535218179225921,0.17145964801311492,0.6073862195014954,0.8892492173193927,0.44294695779499377,0.7838031232357026,0.000508141544289534,0.000508141544289534,
cnn_bilstm_v5_1,1,3407,11,False,0.10194155797362328,0.09337878301739692,0.1712555058300495,0.5917834460735321,0.8706297333748313,0.4534449930155406,0.9586297929286957,0.00042865069364388407,0.00042865069364388407,
cnn_bilstm_v5_1,1,3407,12,False,0.10076046735048294,0.09223023802042007,0.1706045836210251,0.5930303037166595,0.8804555729438358,0.4261736568331967,0.8266581952571869,0.00035111717155613797,0.00035111717155613797,
cnn_bilstm_v5_1,1,3407,13,False,0.09997536316514015,0.09202861711382866,0.15893492847681046,0.5880875408649444,0.8804555729438358,0.42581330707824117,0.8581278502941132,0.0002774501106591034,0.0002774501106591034,
cnn_bilstm_v5_1,1,3407,14,False,0.0989618718624115,0.09122347459197044,0.154767943918705,0.5896343410015106,0.8892492173193927,0.4173663982954703,0.8825417131185531,0.0002094634384790234,0.0002094634384790234,
cnn_bilstm_v5_1,1,3407,15,False,0.09546442180871964,0.08756435215473175,0.1580014005303383,0.5994160175323486,0.8804555729438358,0.41737241142499243,0.8450728595256806,0.00014883121251980016,0.00014883121251980016,
cnn_bilstm_v5_1,1,3407,16,False,0.09345033243298531,0.0857321560382843,0.15436353012919427,0.5960964739322663,0.9000352733686067,0.4112929733274722,0.8357940882444381,9.704639941137102e-05,9.704639941137102e-05,
cnn_bilstm_v5_1,1,3407,17,False,0.09873953983187675,0.09092064574360847,0.156377874314785,0.5926932752132416,0.9106826124369983,0.40777931980997917,0.948123499751091,5.538411311640677e-05,5.538411311640677e-05,
cnn_bilstm_v5_1,1,3407,18,False,0.07897167280316353,0.07144214920699596,0.15059046372771262,0.5950368702411651,0.8905105670642394,0.40895285614906096,0.8016742974519729,2.487021739269033e-05,2.487021739269033e-05,
cnn_bilstm_v5_1,1,3407,19,False,0.09037524685263634,0.08261740058660508,0.15515695363283158,0.5961595892906189,0.8804555729438358,0.41003830491346027,0.7914136946201324,6.256065622753516e-06,6.256065622753516e-06,
cnn_bilstm_v5_1,1,3407,20,False,0.08528239130973816,0.07748972624540329,0.15585331246256828,0.5919575154781341,0.8804555729438358,0.4100976197935875,0.8931847512722015,0.0,0.0,
cnn_bilstm_v5_1,1,7319,1,False,0.5077475160360336,0.4869530737400055,0.4158890038728714,0.7295348405838012,0.22033898305084745,1.0267480709580274,0.8861399412155151,0.0010100270229563143,0.0010100270229563143,
cnn_bilstm_v5_1,1,7319,2,False,0.46155505776405337,0.44066964387893676,0.41770840287208555,0.7604329228401184,0.2905525846702317,0.9799735493939169,0.7532955229282379,0.0009914128711863775,0.0009914128711863775,
cnn_bilstm_v5_1,1,7319,3,False,0.39440845847129824,0.37488957345485685,0.39037766456604006,0.7480334162712097,0.5247404224847835,0.8458638911578981,0.7540514469146729,0.000960898975462661,0.000960898975462661,
cnn_bilstm_v5_1,1,7319,4,False,0.28488159626722337,0.2687662422657013,0.32230702340602874,0.753078693151474,0.6669663742690058,0.6878299291846994,0.6901112198829651,0.0009192366891676969,0.0009192366891676969,
cnn_bilstm_v5_1,1,7319,5,False,0.2139941081404686,0.20166845619678497,0.2465131014585495,0.7657962322235108,0.8651340996168582,0.5920628399246605,0.873319610953331,0.0008674518760592677,0.0008674518760592677,
cnn_bilstm_v5_1,1,7319,6,False,0.16777941286563874,0.15810542553663254,0.19347975812852383,0.778174877166748,0.8899776969952408,0.5413159840381702,0.8114916861057282,0.0008068196501000445,0.0008068196501000445,
cnn_bilstm_v5_1,1,7319,7,False,0.14573814123868942,0.13681271970272063,0.17850843966007232,0.7752939581871032,0.8502438012241934,0.512606856627374,0.7878749758005142,0.0007388329779199644,0.0007388329779199644,
cnn_bilstm_v5_1,1,7319,8,False,0.13614951968193054,0.1272047847509384,0.17889472097158432,0.7636618971824646,0.8892492173193927,0.4863696889352543,0.9394495457410812,0.0006651659170229299,0.0006651659170229299,
cnn_bilstm_v5_1,1,7319,9,False,0.1268094390630722,0.11859613955020905,0.16426602452993394,0.7692095637321472,0.9247125010341689,0.47012553852233707,0.8570141643285751,0.000587632394935184,0.000587632394935184,
cnn_bilstm_v5_1,1,7319,10,False,0.1160130850970745,0.10805674120783806,0.1591268688440323,0.7644559204578399,0.8804555729438358,0.46863914478663127,0.8925510704517364,0.000508141544289534,0.000508141544289534,
cnn_bilstm_v5_1,1,7319,11,False,0.12813832834362984,0.11968040391802788,0.1691584974527359,0.7506636202335357,0.9062725306416727,0.44280778259338416,1.1717014014720917,0.00042865069364388407,0.00042865069364388407,
cnn_bilstm_v5_1,1,7319,12,False,0.1147868849337101,0.10640548020601273,0.16762812435626984,0.7569243371486664,0.8905105670642394,0.43650003134667065,1.0066457390785217,0.00035111717155613797,0.00035111717155613797,
cnn_bilstm_v5_1,1,7319,13,False,0.13127002045512198,0.12356594577431679,0.15408148914575576,0.7465965509414673,0.9094411295669157,0.4343043982894735,1.2927837789058685,0.0002774501106591034,0.0002774501106591034,
cnn_bilstm_v5_1,1,7319,14,False,0.1039564147591591,0.09662754833698273,0.1465773329138756,0.7570990025997162,0.8892492173193927,0.4300588863199059,1.005661928653717,0.0002094634384790234,0.0002094634384790234,
cnn_bilstm_v5_1,1,7319,15,False,0.11888382062315941,0.11093685775995255,0.15893924087285996,0.7506131589412689,0.8905105670642394,0.43351353582077135,1.0053232073783875,0.00014883121251980016,0.00014883121251980016,
cnn_bilstm_v5_1,1,7319,16,False,0.12598100081086158,0.11805123835802078,0.15859521627426149,0.755835109949112,0.8905105670642394,0.42733672909526194,1.0093874663114548,9.704639941137102e-05,9.704639941137102e-05,
cnn_bilstm_v5_1,1,7319,17,False,0.1059466615319252,0.09815218672156334,0.1558895044028759,0.7493240654468536,0.8905105670642394,0.4233363059702554,0.9898633539676667,5.538411311640677e-05,5.538411311640677e-05,
cnn_bilstm_v5_1,1,7319,18,False,0.11253120824694633,0.104953583329916,0.1515525057911873,0.7574883818626403,0.8799547461175551,0.42343227069498435,1.0182986974716186,2.487021739269033e-05,2.487021739269033e-05,
cnn_bilstm_v5_1,1,7319,19,False,0.1111291766166687,0.10351083427667618,0.15236686915159225,0.7506651103496551,0.8905105670642394,0.424247622996572,1.1534786760807036,6.256065622753516e-06,6.256065622753516e-06,
cnn_bilstm_v5_1,1,7319,20,False,0.10162746831774712,0.09415665715932846,0.14941622242331504,0.7566914737224579,0.8905105670642394,0.4241914511595941,0.921235540509224,0.0,0.0,
cnn_only_v5_1,1,42,1,False,0.4874689757823944,0.46595040559768675,0.43037149310112,0.7508943140506744,0.3968253968253968,1.0002371857101038,0.7835826694965362,0.0010100270229563143,0.0010100270229563143,
cnn_only_v5_1,1,42,2,False,0.4307858496904373,0.4109043091535568,0.3976308792829514,0.7281644821166993,0.4546780259421291,0.9236926393902751,0.6952031910419464,0.0009914128711863775,0.0009914128711863775,
cnn_only_v5_1,1,42,3,False,0.34431941211223605,0.3256643146276474,0.37310204803943636,0.7062981307506562,0.506480558325025,0.8069213907998493,0.78400359749794,0.000960898975462661,0.000960898975462661,
cnn_only_v5_1,1,42,4,False,0.2549645960330963,0.23943571746349335,0.3105775997042656,0.6886302888393402,0.8140218891934613,0.6570422446420621,1.0895639061927795,0.0009192366891676969,0.0009192366891676969,
cnn_only_v5_1,1,42,5,False,0.19594438672065734,0.18204653561115264,0.2779570832848549,0.722345232963562,0.6862719298245614,0.5861808713305745,1.0887666285037993,0.0008674518760592677,0.0008674518760592677,
cnn_only_v5_1,1,42,6,False,0.15118226706981658,0.13891583010554315,0.24532873183488846,0.737128758430481,0.8923591335819662,0.5175844779872185,0.9568326562643051,0.0008068196501000445,0.0008068196501000445,
cnn_only_v5_1,1,42,7,False,0.13485399186611174,0.12387154698371887,0.21964887976646424,0.7587269902229309,0.9085693536673928,0.485480734607901,1.058591800928116,0.0007388329779199644,0.0007388329779199644,
cnn_only_v5_1,1,42,8,False,0.1207706667482853,0.1123557835817337,0.1682977333664894,0.761793565750122,0.9106826124369983,0.46623421118612657,0.8659600228071213,0.0006651659170229299,0.0006651659170229299,
cnn_only_v5_1,1,42,9,False,0.11004418134689331,0.10155267231166362,0.1698301762342453,0.7565237402915954,0.9208289241622575,0.45113207644539993,0.8639499604701996,0.000587632394935184,0.000587632394935184,
cnn_only_v5_1,1,42,10,False,0.10110404677689075,0.09318071007728576,0.1584667220711708,0.7689386308193207,0.8771382547753855,0.4316778611135596,0.8077208310365677,0.000508141544289534,0.000508141544289534,
cnn_only_v5_1,1,42,11,False,0.103316056355834,0.09549726620316505,0.15637579262256623,0.7559142887592316,0.8704021742273108,0.43481630497480167,0.9437335014343262,0.00042865069364388407,0.00042865069364388407,
cnn_only_v5_1,1,42,12,False,0.10660664960741997,0.09879190176725387,0.15629499033093452,0.7597213447093963,0.865758896151053,0.4254565548289519,1.1940194368362427,0.00035111717155613797,0.00035111717155613797,
cnn_only_v5_1,1,42,13,False,0.09449687451124192,0.08637139722704887,0.16250955313444138,0.7568059861660004,0.9101423592651662,0.4100194848479441,0.9689493954181672,0.0002774501106591034,0.0002774501106591034,
cnn_only_v5_1,1,42,14,False,0.09099007472395897,0.08337786458432675,0.15224422067403792,0.7724062919616699,0.8993105659772326,0.4084668845497055,0.9199000090360642,0.0002094634384790234,0.0002094634384790234,
cnn_only_v5_1,1,42,15,False,0.09884737059473991,0.09165759012103081,0.14379558563232422,0.7605639815330505,0.8883155046677059,0.4023599974455146,1.1706035435199738,0.00014883121251980016,0.00014883121251980016,
cnn_only_v5_1,1,42,16,False,0.08818441815674305,0.08070118278265,0.1496647149324417,0.7482864558696747,0.8993105659772326,0.409000869126423,0.7531857073307038,9.704639941137102e-05,9.704639941137102e-05,
cnn_only_v5_1,1,42,17,False,0.08885917887091636,0.08134723454713821,0.15023888945579528,0.7657913446426392,0.8993105659772326,0.40414223828689383,0.890824344754219,5.538411311640677e-05,5.538411311640677e-05,
cnn_only_v5_1,1,42,18,False,0.08962155058979988,0.08205597773194313,0.15131144896149634,0.7581848204135895,0.8993105659772326,0.40120265589887927,0.9833549320697784,2.487021739269033e-05,2.487021739269033e-05,
cnn_only_v5_1,1,42,19,False,0.09460956417024136,0.08665944933891297,0.15900226458907127,0.7524998486042023,0.8993105659772326,0.4016246357998595,0.9216444969177247,6.256065622753516e-06,6.256065622753516e-06,
cnn_only_v5_1,1,42,20,False,0.09346875175833702,0.0857965812087059,0.15344342738389968,0.7567212760448456,0.8993105659772326,0.40174121823537806,1.0629534780979157,0.0,0.0,
cnn_only_v5_1,1,2026,1,False,0.4942241907119751,0.4705983430147171,0.47251700758934023,0.7839279651641846,0.22033898305084745,1.006394283617846,0.9545644462108612,0.0010100270229563143,0.0010100270229563143,
cnn_only_v5_1,1,2026,2,False,0.4186636209487915,0.39685739278793336,0.4361245810985565,0.8329092025756836,0.40814299900695133,0.9276534581635396,0.910796171426773,0.0009914128711863775,0.0009914128711863775,
cnn_only_v5_1,1,2026,3,False,0.3334710329771042,0.3141602337360382,0.386216002702713,0.8859934449195862,0.7270578121641952,0.7637895449915189,0.9060157179832459,0.000960898975462661,0.000960898975462661,
cnn_only_v5_1,1,2026,4,False,0.2207722470164299,0.2052896648645401,0.30965161323547363,0.9371854186058044,0.8799547461175551,0.6004343191982924,1.001703429222107,0.0009192366891676969,0.0009192366891676969,
cnn_only_v5_1,1,2026,5,False,0.1549995943903923,0.14274133145809173,0.24516527056694032,0.9972416043281556,0.8804555729438358,0.5223291106270089,0.7539974808692932,0.0008674518760592677,0.0008674518760592677,
cnn_only_v5_1,1,2026,6,False,0.13061101064085961,0.11983638629317284,0.21549250036478043,1.0404251098632813,0.8603362595882466,0.4910052126806713,0.833875584602356,0.0008068196501000445,0.0008068196501000445,
cnn_only_v5_1,1,2026,7,False,0.11081641688942909,0.10155359879136086,0.18525639101862906,1.068236494064331,0.8905105670642394,0.4683114437543913,0.9707629829645157,0.0007388329779199644,0.0007388329779199644,
cnn_only_v5_1,1,2026,8,False,0.11080617308616639,0.1014222577214241,0.18767832666635514,1.1000636696815491,0.8972839506172838,0.4483515196174644,1.071659916639328,0.0006651659170229299,0.0006651659170229299,
cnn_only_v5_1,1,2026,9,False,0.10708166807889938,0.09818384125828743,0.1779565304517746,1.1089987397193908,0.8704021742273108,0.4455474532565973,0.9617229402065277,0.000587632394935184,0.000587632394935184,
cnn_only_v5_1,1,2026,10,False,0.10563558042049408,0.09671745076775551,0.1783625841140747,1.1480225682258607,0.8799547461175551,0.4282108119140957,1.0209121882915497,0.000508141544289534,0.000508141544289534,
cnn_only_v5_1,1,2026,11,False,0.09816834926605225,0.08940673992037773,0.1752321772277355,1.1367299437522889,0.8799547461175551,0.4265734371138018,1.1187198400497436,0.00042865069364388407,0.00042865069364388407,
cnn_only_v5_1,1,2026,12,False,0.0947554886341095,0.08554532006382942,0.18420337587594987,1.1599798917770385,0.8683560753736193,0.4103064747562012,0.8593211323022842,0.00035111717155613797,0.00035111717155613797,
cnn_only_v5_1,1,2026,13,False,0.09180562496185303,0.0838703915476799,0.1587046802043915,1.1651678800582885,0.8804555729438358,0.410855015968801,0.8983325630426406,0.0002774501106591034,0.0002774501106591034,
cnn_only_v5_1,1,2026,14,False,0.08944499716162682,0.08063749708235264,0.17615000307559966,1.185784113407135,0.8683560753736193,0.40534565219466073,1.0715563386678695,0.0002094634384790234,0.0002094634384790234,
cnn_only_v5_1,1,2026,15,False,0.08726129904389382,0.07960773259401321,0.15307133495807648,1.186467969417572,0.8799547461175551,0.40584779174800606,0.8703465163707733,0.00014883121251980016,0.00014883121251980016,
cnn_only_v5_1,1,2026,16,False,0.08925147093832493,0.08045545965433121,0.17592021003365516,1.1858449578285217,0.8799547461175551,0.4009623123001057,1.0340109795331955,9.704639941137102e-05,9.704639941137102e-05,
cnn_only_v5_1,1,2026,17,False,0.08741378784179688,0.0790024247020483,0.16822727620601655,1.1796546220779418,0.8792416225749559,0.3964026274664018,1.0556462168693543,5.538411311640677e-05,5.538411311640677e-05,
cnn_only_v5_1,1,2026,18,False,0.09126253724098206,0.08257874846458435,0.1736757792532444,1.1849930882453918,0.8799547461175551,0.39837111974914985,1.1182083189487457,2.487021739269033e-05,2.487021739269033e-05,
cnn_only_v5_1,1,2026,19,False,0.08291798830032349,0.07501039765775204,0.15815180093050002,1.1868226766586303,0.8799547461175551,0.3992852302631328,1.0851860105991364,6.256065622753516e-06,6.256065622753516e-06,
cnn_only_v5_1,1,2026,20,False,0.09117905087769032,0.08285806775093078,0.16641965210437776,1.194964337348938,0.8799547461175551,0.3992430219850154,0.9076161593198776,0.0,0.0,
cnn_only_v5_1,1,3407,1,False,0.45374255180358886,0.43359592854976653,0.4029323160648346,0.6719075918197632,0.2717569786535304,0.9270625535321876,0.9753060400485992,0.0010100270229563143,0.0010100270229563143,
cnn_only_v5_1,1,3407,2,False,0.34546093046665194,0.3266941100358963,0.37533631175756454,0.7307288825511933,0.6174463937621832,0.7650606873312349,0.9657127380371093,0.0009914128711863775,0.0009914128711863775,
cnn_only_v5_1,1,3407,3,False,0.23361468464136123,0.21682672798633576,0.3357591420412064,0.8563651025295258,0.8628336559371043,0.616281666409529,1.0634117722511292,0.000960898975462661,0.000960898975462661,
cnn_only_v5_1,1,3407,4,False,0.1722767397761345,0.15736813098192215,0.298172128200531,0.9153455436229706,0.8761667305971104,0.5364028323921077,0.6806492686271668,0.0009192366891676969,0.0009192366891676969,
cnn_only_v5_1,1,3407,5,False,0.14717552214860916,0.13473337292671203,0.24884299337863922,0.9618442356586456,0.9366471734892787,0.4746163930640726,0.8020584225654602,0.0008674518760592677,0.0008674518760592677,
cnn_only_v5_1,1,3407,6,False,0.12129760459065438,0.11114017367362976,0.20314861461520195,1.0000049233436585,0.9196569175472128,0.44685840293633977,0.8338423907756806,0.0008068196501000445,0.0008068196501000445,
cnn_only_v5_1,1,3407,7,False,0.10637546330690384,0.09819379523396492,0.16363338083028794,1.0296151340007782,0.9106826124369983,0.43352825427569275,1.1007622718811034,0.0007388329779199644,0.0007388329779199644,
cnn_only_v5_1,1,3407,8,False,0.09468504339456559,0.08673113211989403,0.15907823964953421,1.0482730329036714,0.9196569175472128,0.4113870230847931,0.8760248452425003,0.0006651659170229299,0.0006651659170229299,
cnn_only_v5_1,1,3407,9,False,0.09715960137546062,0.08981399983167648,0.14691204503178595,1.062471753358841,0.9005814190824425,0.4164324760509178,inf,0.000587632394935184,0.000587632394935184,
cnn_only_v5_1,1,3407,10,False,0.09613974578678608,0.08886303380131721,0.14553422555327417,1.0555641531944275,0.9094411295669157,0.3978500841613699,1.1478802174329759,0.000508141544289534,0.000508141544289534,
cnn_only_v5_1,1,3407,11,False,0.08528869003057479,0.07821892723441123,0.1413952462375164,1.0798738479614258,0.8706297333748313,0.41543042089930465,1.2977072805166245,0.00042865069364388407,0.00042865069364388407,
cnn_only_v5_1,1,3407,12,False,0.08450757898390293,0.07752120047807694,0.1397275760769844,1.088935089111328,0.9101423592651662,0.3879412537421381,0.8970684558153152,0.00035111717155613797,0.00035111717155613797,
cnn_only_v5_1,1,3407,13,False,0.08306759484112262,0.07647095918655396,0.13193269595503807,1.0898944735527039,0.9000352733686067,0.38692062023305557,0.729290223121643,0.0002774501106591034,0.0002774501106591034,
cnn_only_v5_1,1,3407,14,False,0.08120806477963924,0.07428246773779393,0.13851195126771926,1.0769599437713624,0.9101423592651662,0.3860835379768477,1.0328188359737396,0.0002094634384790234,0.0002094634384790234,
cnn_only_v5_1,1,3407,15,False,0.09134077280759811,0.08430272713303566,0.14076092317700387,1.0807844281196595,0.8905105670642394,0.3907237813783483,1.05260212123394,0.00014883121251980016,0.00014883121251980016,
cnn_only_v5_1,1,3407,16,False,0.0812410369515419,0.07428115159273148,0.13919770419597627,1.1033081352710723,0.8993105659772326,0.3767586696168003,1.0129382491111756,9.704639941137102e-05,9.704639941137102e-05,
cnn_only_v5_1,1,3407,17,False,0.08875690549612045,0.08157019540667534,0.14373421147465706,1.0903436899185182,0.8993105659772326,0.3747827554532748,1.42087060213089,5.538411311640677e-05,5.538411311640677e-05,
cnn_only_v5_1,1,3407,18,False,0.0851543627679348,0.0782064937055111,0.13895737007260323,1.1013792634010315,0.8993105659772326,0.3758837672868572,1.1094134241342544,2.487021739269033e-05,2.487021739269033e-05,
cnn_only_v5_1,1,3407,19,False,0.07919267266988754,0.07214743569493294,0.14090475887060167,1.092551016807556,0.8993105659772326,0.3768815946873655,0.9444952189922333,6.256065622753516e-06,6.256065622753516e-06,
cnn_only_v5_1,1,3407,20,False,0.08741126358509063,0.08025525175035,0.14312023296952248,1.0807102799415589,0.8993105659772326,0.37703536941537535,1.224387776851654,0.0,0.0,
bilstm_only_v5_1,1,42,1,False,0.502424442768097,0.4813024491071701,0.4224398285150528,0.7309759318828583,0.21839080459770113,1.0243480750336729,0.6986096799373627,0.0010100270229563143,0.0010100270229563143,
bilstm_only_v5_1,1,42,2,False,0.47018921077251435,0.4497904807329178,0.4079745411872864,0.7351901948451995,0.22033898305084745,0.9998773083298487,0.5476385742425919,0.0009914128711863775,0.0009914128711863775,
bilstm_only_v5_1,1,42,3,False,0.43400588631629944,0.4153185039758682,0.37374772429466246,0.7365081906318665,0.22033898305084745,0.9592010790149088,0.5960068464279175,0.000960898975462661,0.000960898975462661,
bilstm_only_v5_1,1,42,4,False,0.3938192218542099,0.3761068910360336,0.3542466640472412,0.7373004794120789,0.6519523761477147,0.8773415863400135,0.6305765688419342,0.0009192366891676969,0.0009192366891676969,
bilstm_only_v5_1,1,42,5,False,0.32278492152690885,0.30902873575687406,0.2751237452030182,0.707322484254837,0.7933333333333333,0.7549074522887483,0.6692385375499725,0.0008674518760592677,0.0008674518760592677,
bilstm_only_v5_1,1,42,6,False,0.24698429703712463,0.2359916165471077,0.21985355913639068,0.7042485654354096,0.7498189193104446,0.6349056132395146,0.6214971601963043,0.0008068196501000445,0.0008068196501000445,
bilstm_only_v5_1,1,42,7,False,0.2007969319820404,0.19074172377586365,0.20110417827963828,0.7126741647720337,0.9188477366255143,0.5594311137699578,0.7340552181005477,0.0007388329779199644,0.0007388329779199644,
bilstm_only_v5_1,1,42,8,False,0.18394646942615508,0.17473844140768052,0.1841605380177498,0.7275172173976898,0.8651340996168582,0.5302962324109813,0.6996802538633347,0.0006651659170229299,0.0006651659170229299,
bilstm_only_v5_1,1,42,9,False,0.151985801756382,0.14307391196489333,0.17823782190680504,0.7300915658473969,0.9068990212461209,0.50092438793737,0.7364900797605515,0.000587632394935184,0.000587632394935184,
bilstm_only_v5_1,1,42,10,False,0.1511425256729126,0.1420830875635147,0.1811887390911579,0.737435233592987,0.9101423592651662,0.48901720292361744,0.8658289760351181,0.000508141544289534,0.000508141544289534,
bilstm_only_v5_1,1,42,11,False,0.14652783200144767,0.13764882311224938,0.17758018225431443,0.741776579618454,0.8828802776171196,0.4848588579343308,0.7235479414463043,0.00042865069364388407,0.00042865069364388407,
bilstm_only_v5_1,1,42,12,False,0.1362779162824154,0.1282198190689087,0.16116194650530816,0.7493213474750519,0.8748407148407148,0.4821313154529862,0.7361582607030869,0.00035111717155613797,0.00035111717155613797,
bilstm_only_v5_1,1,42,13,False,0.13595720678567885,0.1271621234714985,0.17590167373418808,0.7593830764293671,0.8905105670642394,0.47024034817274024,0.6442796647548675,0.0002774501106591034,0.0002774501106591034,
bilstm_only_v5_1,1,42,14,False,0.13754674047231674,0.12875204384326935,0.175893946737051,0.7483229696750641,0.8905105670642394,0.46822461313967134,0.7569120019674301,0.0002094634384790234,0.0002094634384790234,
bilstm_only_v5_1,1,42,15,False,0.1407300740480423,0.13230377063155174,0.16852606385946273,0.7367484867572784,0.8905105670642394,0.4682896205986871,0.7522471606731415,0.00014883121251980016,0.00014883121251980016,
bilstm_only_v5_1,1,42,16,False,0.15183955579996108,0.14356129318475724,0.16556525900959967,0.7571999788284302,0.8905105670642394,0.46818752924689505,0.7100756406784058,9.704639941137102e-05,9.704639941137102e-05,
bilstm_only_v5_1,1,42,17,False,0.151100542396307,0.142485823482275,0.17229436114430427,0.7603791415691376,0.8732832062295725,0.4695108798132119,0.6997314661741256,5.538411311640677e-05,5.538411311640677e-05,
bilstm_only_v5_1,1,42,18,False,0.13811759427189826,0.12961420491337777,0.17006780654191972,0.7647350311279297,0.8905105670642394,0.4678658259017141,1.0071135103702544,2.487021739269033e-05,2.487021739269033e-05,
bilstm_only_v5_1,1,42,19,False,0.14839408472180365,0.1397729530930519,0.17242265716195107,0.758028221130371,0.9005814190824425,0.4676434444889824,0.8293844103813172,6.256065622753516e-06,6.256065622753516e-06,
bilstm_only_v5_1,1,42,20,False,0.15932991579174996,0.15032585561275483,0.18008122593164444,0.7561451315879821,0.9005814190824425,0.46759649357753064,0.9570886254310608,0.0,0.0,
bilstm_only_v5_1,1,2026,1,False,0.533457487821579,0.5122352004051208,0.42444591522216796,0.7060670495033264,0.3120879120879121,1.020613582861109,0.9799170136451721,0.0010100270229563143,0.0010100270229563143,
bilstm_only_v5_1,1,2026,2,False,0.45734516978263856,0.4366129547357559,0.41464420408010483,0.6929041266441345,0.40113345773723125,1.001331967059948,0.6783485054969788,0.0009914128711863775,0.0009914128711863775,
bilstm_only_v5_1,1,2026,3,False,0.45018572807312013,0.4285192936658859,0.4333287090063095,0.6951078355312348,0.42361111111111116,0.9755542939882995,0.5998188436031342,0.000960898975462661,0.000960898975462661,
bilstm_only_v5_1,1,2026,4,False,0.412832048535347,0.39167764186859133,0.42308810353279114,0.6970185339450836,0.4166666666666667,0.9284809874897755,0.557626235485077,0.0009192366891676969,0.0009192366891676969,
bilstm_only_v5_1,1,2026,5,False,0.37697574198246003,0.3560664623975754,0.41818555593490603,0.6932976543903351,0.4867551923731699,0.8340284498741395,0.601788854598999,0.0008674518760592677,0.0008674518760592677,
bilstm_only_v5_1,1,2026,6,False,0.30776309221982956,0.2877469003200531,0.4003238379955292,0.6960206449031829,0.7498189193104446,0.7042947287158128,0.7068709909915925,0.0008068196501000445,0.0008068196501000445,
bilstm_only_v5_1,1,2026,7,False,0.24137093722820283,0.22433464229106903,0.34072583466768264,0.696499514579773,0.8428774928774928,0.6143042029813259,0.7439456522464752,0.0007388329779199644,0.0007388329779199644,
bilstm_only_v5_1,1,2026,8,False,0.19387437999248505,0.1801764413714409,0.27395880967378616,0.6995987832546234,0.8899776969952408,0.5522956002153664,0.6485671103000641,0.0006651659170229299,0.0006651659170229299,
bilstm_only_v5_1,1,2026,9,False,0.17532751113176345,0.1627965524792671,0.2506191968917847,0.7129198014736176,0.8899776969952408,0.5180409112918445,0.778987830877304,0.000587632394935184,0.000587632394935184,
bilstm_only_v5_1,1,2026,10,False,0.16178014129400253,0.1502518944442272,0.2305649474263191,0.7137063503265381,0.8804555729438358,0.48767317035777524,0.7875573188066483,0.000508141544289534,0.000508141544289534,
bilstm_only_v5_1,1,2026,11,False,0.16393594145774842,0.15314125046133995,0.21589384824037552,0.7156768023967743,0.8603362595882466,0.48578509629234207,0.8406412482261658,0.00042865069364388407,0.00042865069364388407,
bilstm_only_v5_1,1,2026,12,False,0.16758541762828827,0.15682833418250083,0.21514168605208397,0.7069380939006805,0.8603362595882466,0.49045467695280676,0.7484987586736679,0.00035111717155613797,0.00035111717155613797,
bilstm_only_v5_1,1,2026,13,False,0.15475972071290017,0.144008506834507,0.2150242507457733,0.719004875421524,0.8899776969952408,0.4795161448756993,0.6978092968463898,0.0002774501106591034,0.0002774501106591034,
bilstm_only_v5_1,1,2026,14,False,0.14468684047460556,0.134572896361351,0.2022788867354393,0.706259799003601,0.8603362595882466,0.48811018470712597,0.7825699150562286,0.0002094634384790234,0.0002094634384790234,
bilstm_only_v5_1,1,2026,15,False,0.1499253898859024,0.14016214162111282,0.19526497274637222,0.7121023058891296,0.8905105670642394,0.47890779193201233,0.6933427363634109,0.00014883121251980016,0.00014883121251980016,
bilstm_only_v5_1,1,2026,16,False,0.15226393267512323,0.14220733493566512,0.20113196223974228,0.7149556577205658,0.8905105670642394,0.4768508444086166,0.6837922692298889,9.704639941137102e-05,9.704639941137102e-05,
bilstm_only_v5_1,1,2026,17,False,0.14077999964356422,0.13130704313516617,0.18945911303162574,0.7168675303459168,0.8704021742273108,0.4760370315747509,0.7291465610265732,5.538411311640677e-05,5.538411311640677e-05,
bilstm_only_v5_1,1,2026,18,False,0.1332410082221031,0.12417965158820152,0.18122711181640624,0.7121750473976135,0.8603362595882466,0.4758691604708846,0.7475666284561158,2.487021739269033e-05,2.487021739269033e-05,
bilstm_only_v5_1,1,2026,19,False,0.15347691327333451,0.1434471383690834,0.20059550702571868,0.7162139594554902,0.8603362595882466,0.4757364336195925,0.8862476706504822,6.256065622753516e-06,6.256065622753516e-06,
bilstm_only_v5_1,1,2026,20,False,0.1551221154630184,0.1450353056192398,0.2017361581325531,0.7156087338924408,0.8603362595882466,0.4758142663770834,0.7859479814767838,0.0,0.0,
bilstm_only_v5_1,1,3407,1,False,0.5058643609285355,0.48354128301143645,0.4464615434408188,0.6750712871551514,0.24691358024691357,1.0341788095979325,0.6892551064491272,0.0010100270229563143,0.0010100270229563143,
bilstm_only_v5_1,1,3407,2,False,0.477804696559906,0.4530016422271729,0.49606101512908934,0.6687507390975952,0.22033898305084745,1.0006687429721066,0.7731505334377289,0.0009914128711863775,0.0009914128711863775,
bilstm_only_v5_1,1,3407,3,False,0.46201054453849794,0.43920989632606505,0.45601274371147155,0.6536977589130402,0.3932263814616756,0.9688948870104085,0.6858024060726166,0.000960898975462661,0.000960898975462661,
bilstm_only_v5_1,1,3407,4,False,0.41006600856781006,0.3893997222185135,0.4133256390690804,0.6492309927940368,0.5426129426129426,0.8937148441394286,0.6145256161689758,0.0009192366891676969,0.0009192366891676969,
bilstm_only_v5_1,1,3407,5,False,0.34405524730682374,0.3245708167552948,0.3896886557340622,0.6312747120857238,0.8528513511099999,0.7574252755161086,0.6557635247707367,0.0008674518760592677,0.0008674518760592677,
bilstm_only_v5_1,1,3407,6,False,0.255708646774292,0.2400333434343338,0.31350601762533187,0.6088618159294128,0.8599547904712224,0.6342666883433918,0.6281612157821655,0.0008068196501000445,0.0008068196501000445,
bilstm_only_v5_1,1,3407,7,False,0.17862874567508696,0.16670592427253722,0.23845639824867249,0.5911417663097381,0.8428774928774928,0.5689670697815198,0.5712051212787628,0.0007388329779199644,0.0007388329779199644,
bilstm_only_v5_1,1,3407,8,False,0.16612348034977914,0.1554752252995968,0.21296511888504027,0.5896751046180725,0.9000352733686067,0.5188457484007354,0.6653747409582138,0.0006651659170229299,0.0006651659170229299,
bilstm_only_v5_1,1,3407,9,False,0.14926267340779303,0.1389104060828686,0.2070453256368637,0.6026759266853332,0.8599547904712224,0.5023838922141898,0.7785759091377258,0.000587632394935184,0.000587632394935184,
bilstm_only_v5_1,1,3407,10,False,0.14783955588936806,0.1366342544555664,0.2241060331463814,0.5888236105442047,0.9163449163449163,0.4889213744000757,0.6990189522504806,0.000508141544289534,0.000508141544289534,
bilstm_only_v5_1,1,3407,11,False,0.1529902271926403,0.14254657104611396,0.20887311697006225,0.5858531892299652,0.8603362595882466,0.4972824220057345,0.8715509057044983,0.00042865069364388407,0.00042865069364388407,
bilstm_only_v5_1,1,3407,12,False,0.14472710639238356,0.13457146883010865,0.20311274752020836,0.6006746113300323,0.8704021742273108,0.48995865722697773,0.816700404882431,0.00035111717155613797,0.00035111717155613797,
bilstm_only_v5_1,1,3407,13,False,0.14721722453832625,0.13697275817394255,0.20488932952284813,0.5985959529876709,0.8867506137641561,0.4839253086708734,0.7026753664016724,0.0002774501106591034,0.0002774501106591034,
bilstm_only_v5_1,1,3407,14,False,0.14341278672218322,0.13294920027256013,0.2092717170715332,0.5951676845550538,0.8968253968253969,0.4806613844921661,0.8502440869808197,0.0002094634384790234,0.0002094634384790234,
bilstm_only_v5_1,1,3407,15,False,0.1279350347816944,0.11791964992880821,0.20030764788389205,0.597769808769226,0.8867506137641561,0.48023695414527623,0.6039851129055023,0.00014883121251980016,0.00014883121251980016,
bilstm_only_v5_1,1,3407,16,False,0.11084099188446998,0.10096448063850402,0.19753020405769348,0.6017976880073548,0.8968253968253969,0.4764364453100656,0.6134105801582337,9.704639941137102e-05,9.704639941137102e-05,
bilstm_only_v5_1,1,3407,17,False,0.13738285675644873,0.1272556073963642,0.20254496335983277,0.5896015644073487,0.8862099148563699,0.4746905423765906,0.8155337125062943,5.538411311640677e-05,5.538411311640677e-05,
bilstm_only_v5_1,1,3407,18,False,0.12540600970387458,0.1156950943171978,0.1942182905972004,0.5924262940883637,0.8862099148563699,0.473734172273021,0.7664666980504989,2.487021739269033e-05,2.487021739269033e-05,
bilstm_only_v5_1,1,3407,19,False,0.1402706228196621,0.1303272731602192,0.19886697977781295,0.5951135098934174,0.8968253968253969,0.4737031772964411,0.6474078118801116,6.256065622753516e-06,6.256065622753516e-06,
bilstm_only_v5_1,1,3407,20,False,0.12398520410060883,0.11412909775972366,0.19712211266160012,0.5932927310466767,0.8968253968253969,0.4737001333189465,0.7020327657461166,0.0,0.0,
cnn_bilstm_v5_1_transfer_selected,1,42,1,,0.47366427697918634,,,,0.22033898305084745,,,,,shared_trunk_subject_specific_heads
cnn_bilstm_v5_1_transfer_selected,1,42,2,,0.4206284989010204,,,,0.47404255319148936,,,,,shared_trunk_subject_specific_heads
cnn_bilstm_v5_1_transfer_selected,1,42,3,,0.30531521141529083,,,,0.6488724018135783,,,,,shared_trunk_subject_specific_heads
cnn_bilstm_v5_1_transfer_selected,1,42,4,,0.17734778807921844,,,,0.7632575757575758,,,,,shared_trunk_subject_specific_heads
cnn_bilstm_v5_1_transfer_selected,1,42,5,,0.13426191021095624,,,,0.8704021742273108,,,,,shared_trunk_subject_specific_heads
cnn_bilstm_v5_1_transfer_selected,1,42,6,,0.12476844679225575,,,,0.8563762626262627,,,,,shared_trunk_subject_specific_heads
cnn_bilstm_v5_1_transfer_selected,1,42,7,,0.1164232704111121,,,,0.8695729280971857,,,,,shared_trunk_subject_specific_heads
cnn_bilstm_v5_1_transfer_selected,1,42,8,,0.11129994876682758,,,,0.8867506137641561,,,,,shared_trunk_subject_specific_heads
cnn_bilstm_v5_1_transfer_selected,1,42,9,,0.10910248129882595,,,,0.8717948717948718,,,,,shared_trunk_subject_specific_heads
cnn_bilstm_v5_1_transfer_selected,1,42,10,,0.10377331535247239,,,,0.8640439012099871,,,,,shared_trunk_subject_specific_heads
cnn_bilstm_v5_1_transfer_selected,1,42,11,,0.09800837476822463,,,,0.8692727815534833,,,,,shared_trunk_subject_specific_heads
cnn_bilstm_v5_1_transfer_selected,1,42,12,,0.09113024818626317,,,,0.8807507835090816,,,,,shared_trunk_subject_specific_heads
cnn_bilstm_v5_1_transfer_selected,1,42,13,,0.10094963793050159,,,,0.8867506137641561,,,,,shared_trunk_subject_specific_heads
cnn_bilstm_v5_1_transfer_selected,1,42,14,,0.09364576417614114,,,,0.8905105670642394,,,,,shared_trunk_subject_specific_heads
cnn_bilstm_v5_1_transfer_selected,1,42,15,,0.09624740820039403,,,,0.8968253968253969,,,,,shared_trunk_subject_specific_heads
cnn_bilstm_v5_1_transfer_selected,1,42,16,,0.09415584497831085,,,,0.8841419940710721,,,,,shared_trunk_subject_specific_heads
cnn_bilstm_v5_1_transfer_selected,1,42,17,,0.09378560361537067,,,,0.8618305021813795,,,,,shared_trunk_subject_specific_heads
cnn_bilstm_v5_1_transfer_selected,1,42,18,,0.0882837086577307,,,,0.9163449163449163,,,,,shared_trunk_subject_specific_heads
cnn_bilstm_v5_1_transfer_selected,1,42,19,,0.08789214678108692,,,,0.8883155046677059,,,,,shared_trunk_subject_specific_heads
cnn_bilstm_v5_1_transfer_selected,1,42,20,,0.08783086948096752,,,,0.8541563786008229,,,,,shared_trunk_subject_specific_heads
cnn_bilstm_v5_1_transfer_selected,1,1201,1,,0.46580024334517395,,,,0.22033898305084745,,,,,shared_trunk_subject_specific_heads
cnn_bilstm_v5_1_transfer_selected,1,1201,2,,0.4249670193953948,,,,0.26626686656671666,,,,,shared_trunk_subject_specific_heads
cnn_bilstm_v5_1_transfer_selected,1,1201,3,,0.3321401592005383,,,,0.5051655070630403,,,,,shared_trunk_subject_specific_heads
cnn_bilstm_v5_1_transfer_selected,1,1201,4,,0.20154126394878735,,,,0.8055274525862761,,,,,shared_trunk_subject_specific_heads
cnn_bilstm_v5_1_transfer_selected,1,1201,5,,0.14513662322001022,,,,0.8604777040722315,,,,,shared_trunk_subject_specific_heads
cnn_bilstm_v5_1_transfer_selected,1,1201,6,,0.13475109094923193,,,,0.8558789233894718,,,,,shared_trunk_subject_specific_heads
cnn_bilstm_v5_1_transfer_selected,1,1201,7,,0.10598479414528067,,,,0.9068990212461209,,,,,shared_trunk_subject_specific_heads
cnn_bilstm_v5_1_transfer_selected,1,1201,8,,0.10783565552397208,,,,0.865758896151053,,,,,shared_trunk_subject_specific_heads
cnn_bilstm_v5_1_transfer_selected,1,1201,9,,0.10267106088047678,,,,0.8757201646090534,,,,,shared_trunk_subject_specific_heads
cnn_bilstm_v5_1_transfer_selected,1,1201,10,,0.10341192832724615,,,,0.8768939393939394,,,,,shared_trunk_subject_specific_heads
cnn_bilstm_v5_1_transfer_selected,1,1201,11,,0.09839460981840437,,,,0.8608058608058607,,,,,shared_trunk_subject_specific_heads
cnn_bilstm_v5_1_transfer_selected,1,1201,12,,0.10372785817493092,,,,0.8771382547753855,,,,,shared_trunk_subject_specific_heads
cnn_bilstm_v5_1_transfer_selected,1,1201,13,,0.0894609537314285,,,,0.8768939393939394,,,,,shared_trunk_subject_specific_heads
cnn_bilstm_v5_1_transfer_selected,1,1201,14,,0.0961035584861582,,,,0.8831985624438454,,,,,shared_trunk_subject_specific_heads
cnn_bilstm_v5_1_transfer_selected,1,1201,15,,0.09253675287420099,,,,0.9005814190824425,,,,,shared_trunk_subject_specific_heads
cnn_bilstm_v5_1_transfer_selected,1,1201,16,,0.09607539664615285,,,,0.867189879768496,,,,,shared_trunk_subject_specific_heads
cnn_bilstm_v5_1_transfer_selected,1,1201,17,,0.0912930912930857,,,,0.8678861788617885,,,,,shared_trunk_subject_specific_heads
cnn_bilstm_v5_1_transfer_selected,1,1201,18,,0.08965391564098271,,,,0.8771382547753855,,,,,shared_trunk_subject_specific_heads
cnn_bilstm_v5_1_transfer_selected,1,1201,19,,0.08407162062146446,,,,0.8844444444444445,,,,,shared_trunk_subject_specific_heads
cnn_bilstm_v5_1_transfer_selected,1,1201,20,,0.08601170761341398,,,,0.8908549454997542,,,,,shared_trunk_subject_specific_heads
cnn_bilstm_v5_1_transfer_selected,1,2026,1,,0.4893013902685859,,,,0.22033898305084745,,,,,shared_trunk_subject_specific_heads
cnn_bilstm_v5_1_transfer_selected,1,2026,2,,0.41056556457822974,,,,0.45665634674922595,,,,,shared_trunk_subject_specific_heads
cnn_bilstm_v5_1_transfer_selected,1,2026,3,,0.268433154983954,,,,0.5061557706234775,,,,,shared_trunk_subject_specific_heads
cnn_bilstm_v5_1_transfer_selected,1,2026,4,,0.1783925172957507,,,,0.8761904761904762,,,,,shared_trunk_subject_specific_heads
cnn_bilstm_v5_1_transfer_selected,1,2026,5,,0.13261624696579846,,,,0.9119241192411924,,,,,shared_trunk_subject_specific_heads
cnn_bilstm_v5_1_transfer_selected,1,2026,6,,0.12626610425385562,,,,0.8768939393939394,,,,,shared_trunk_subject_specific_heads
cnn_bilstm_v5_1_transfer_selected,1,2026,7,,0.12236758575520733,,,,0.8905105670642394,,,,,shared_trunk_subject_specific_heads
cnn_bilstm_v5_1_transfer_selected,1,2026,8,,0.11483855884183537,,,,0.8619619374336356,,,,,shared_trunk_subject_specific_heads
cnn_bilstm_v5_1_transfer_selected,1,2026,9,,0.11324613185768778,,,,0.8460642548692863,,,,,shared_trunk_subject_specific_heads
cnn_bilstm_v5_1_transfer_selected,1,2026,10,,0.10561095144261014,,,,0.8604777040722315,,,,,shared_trunk_subject_specific_heads
cnn_bilstm_v5_1_transfer_selected,1,2026,11,,0.10600674812766639,,,,0.8905105670642394,,,,,shared_trunk_subject_specific_heads
cnn_bilstm_v5_1_transfer_selected,1,2026,12,,0.0984024012630636,,,,0.8695729280971857,,,,,shared_trunk_subject_specific_heads
cnn_bilstm_v5_1_transfer_selected,1,2026,13,,0.09894213723865422,,,,0.825036231884058,,,,,shared_trunk_subject_specific_heads
cnn_bilstm_v5_1_transfer_selected,1,2026,14,,0.09320774928412655,,,,0.865758896151053,,,,,shared_trunk_subject_specific_heads
cnn_bilstm_v5_1_transfer_selected,1,2026,15,,0.09526757354086096,,,,0.9271008571657454,,,,,shared_trunk_subject_specific_heads
cnn_bilstm_v5_1_transfer_selected,1,2026,16,,0.09056397679854523,,,,0.8604777040722315,,,,,shared_trunk_subject_specific_heads
cnn_bilstm_v5_1_transfer_selected,1,2026,17,,0.08942610601132567,,,,0.8502438012241934,,,,,shared_trunk_subject_specific_heads
cnn_bilstm_v5_1_transfer_selected,1,2026,18,,0.08808568306267262,,,,0.8768939393939394,,,,,shared_trunk_subject_specific_heads
cnn_bilstm_v5_1_transfer_selected,1,2026,19,,0.10078244266862219,,,,0.8905105670642394,,,,,shared_trunk_subject_specific_heads
cnn_bilstm_v5_1_transfer_selected,1,2026,20,,0.09017351286655123,,,,0.8931623931623932,,,,,shared_trunk_subject_specific_heads
cnn_bilstm_v5_1_transfer_selected,1,3407,1,,0.4949638829989867,,,,0.16507936507936508,,,,,shared_trunk_subject_specific_heads
cnn_bilstm_v5_1_transfer_selected,1,3407,2,,0.44246179136362945,,,,0.26626686656671666,,,,,shared_trunk_subject_specific_heads
cnn_bilstm_v5_1_transfer_selected,1,3407,3,,0.3664528415961699,,,,0.47630147630147635,,,,,shared_trunk_subject_specific_heads
cnn_bilstm_v5_1_transfer_selected,1,3407,4,,0.2011930566619743,,,,0.8867506137641561,,,,,shared_trunk_subject_specific_heads
cnn_bilstm_v5_1_transfer_selected,1,3407,5,,0.13138903779062358,,,,0.8604777040722315,,,,,shared_trunk_subject_specific_heads
cnn_bilstm_v5_1_transfer_selected,1,3407,6,,0.12736545587805184,,,,0.8867506137641561,,,,,shared_trunk_subject_specific_heads
cnn_bilstm_v5_1_transfer_selected,1,3407,7,,0.10656180198897015,,,,0.9000352733686067,,,,,shared_trunk_subject_specific_heads
cnn_bilstm_v5_1_transfer_selected,1,3407,8,,0.09992309541187504,,,,0.8871641249092229,,,,,shared_trunk_subject_specific_heads
cnn_bilstm_v5_1_transfer_selected,1,3407,9,,0.09979609823362394,,,,0.876784135404825,,,,,shared_trunk_subject_specific_heads
cnn_bilstm_v5_1_transfer_selected,1,3407,10,,0.0924106054008007,,,,0.8831985624438454,,,,,shared_trunk_subject_specific_heads
cnn_bilstm_v5_1_transfer_selected,1,3407,11,,0.09822430893440139,,,,0.8892492173193927,,,,,shared_trunk_subject_specific_heads
cnn_bilstm_v5_1_transfer_selected,1,3407,12,,0.09372172453864054,,,,0.8692159973282125,,,,,shared_trunk_subject_specific_heads
cnn_bilstm_v5_1_transfer_selected,1,3407,13,,0.09637291339988058,,,,0.8604777040722315,,,,,shared_trunk_subject_specific_heads
cnn_bilstm_v5_1_transfer_selected,1,3407,14,,0.09333422128111124,,,,0.8736998260750947,,,,,shared_trunk_subject_specific_heads
cnn_bilstm_v5_1_transfer_selected,1,3407,15,,0.09607456048781221,,,,0.8766603415559772,,,,,shared_trunk_subject_specific_heads
cnn_bilstm_v5_1_transfer_selected,1,3407,16,,0.08833560940216888,,,,0.865758896151053,,,,,shared_trunk_subject_specific_heads
cnn_bilstm_v5_1_transfer_selected,1,3407,17,,0.08920908787033775,,,,0.865758896151053,,,,,shared_trunk_subject_specific_heads
cnn_bilstm_v5_1_transfer_selected,1,3407,18,,0.08446631038730795,,,,0.8771382547753855,,,,,shared_trunk_subject_specific_heads
cnn_bilstm_v5_1_transfer_selected,1,3407,19,,0.09013242147524249,,,,0.8604777040722315,,,,,shared_trunk_subject_specific_heads
cnn_bilstm_v5_1_transfer_selected,1,3407,20,,0.08821507255462083,,,,0.8494427306787694,,,,,shared_trunk_subject_specific_heads
cnn_bilstm_v5_1_transfer_selected,1,7319,1,,0.466910719871521,,,,0.22033898305084745,,,,,shared_trunk_subject_specific_heads
cnn_bilstm_v5_1_transfer_selected,1,7319,2,,0.4397908232428811,,,,0.22033898305084745,,,,,shared_trunk_subject_specific_heads
cnn_bilstm_v5_1_transfer_selected,1,7319,3,,0.36348858069289813,,,,0.7096053611317945,,,,,shared_trunk_subject_specific_heads
cnn_bilstm_v5_1_transfer_selected,1,7319,4,,0.25250804085623135,,,,0.5686067019400353,,,,,shared_trunk_subject_specific_heads
cnn_bilstm_v5_1_transfer_selected,1,7319,5,,0.17813950370658527,,,,0.845083713850837,,,,,shared_trunk_subject_specific_heads
cnn_bilstm_v5_1_transfer_selected,1,7319,6,,0.14730930870229547,,,,0.9005814190824425,,,,,shared_trunk_subject_specific_heads
cnn_bilstm_v5_1_transfer_selected,1,7319,7,,0.15946709567850287,,,,0.8857794246876708,,,,,shared_trunk_subject_specific_heads
cnn_bilstm_v5_1_transfer_selected,1,7319,8,,0.11156626960093324,,,,0.8563762626262627,,,,,shared_trunk_subject_specific_heads
cnn_bilstm_v5_1_transfer_selected,1,7319,9,,0.1137200841172175,,,,0.8768939393939394,,,,,shared_trunk_subject_specific_heads
cnn_bilstm_v5_1_transfer_selected,1,7319,10,,0.11276517656039108,,,,0.8768939393939394,,,,,shared_trunk_subject_specific_heads
cnn_bilstm_v5_1_transfer_selected,1,7319,11,,0.10301101089201191,,,,0.825036231884058,,,,,shared_trunk_subject_specific_heads
cnn_bilstm_v5_1_transfer_selected,1,7319,12,,0.1171819618479772,,,,0.8900392418802706,,,,,shared_trunk_subject_specific_heads
cnn_bilstm_v5_1_transfer_selected,1,7319,13,,0.11091858199374242,,,,0.8916666666666666,,,,,shared_trunk_subject_specific_heads
cnn_bilstm_v5_1_transfer_selected,1,7319,14,,0.10572019812058318,,,,0.8768939393939394,,,,,shared_trunk_subject_specific_heads
cnn_bilstm_v5_1_transfer_selected,1,7319,15,,0.10004562681371515,,,,0.8867506137641561,,,,,shared_trunk_subject_specific_heads
cnn_bilstm_v5_1_transfer_selected,1,7319,16,,0.09626777453178709,,,,0.9068990212461209,,,,,shared_trunk_subject_specific_heads
cnn_bilstm_v5_1_transfer_selected,1,7319,17,,0.09668355248868465,,,,0.8768939393939394,,,,,shared_trunk_subject_specific_heads
cnn_bilstm_v5_1_transfer_selected,1,7319,18,,0.0864530640908263,,,,0.8768939393939394,,,,,shared_trunk_subject_specific_heads
cnn_bilstm_v5_1_transfer_selected,1,7319,19,,0.09241283651102673,,,,0.8892492173193927,,,,,shared_trunk_subject_specific_heads
cnn_bilstm_v5_1_transfer_selected,1,7319,20,,0.08761413412337954,,,,0.9271008571657454,,,,,shared_trunk_subject_specific_heads
cnn_bilstm_v5_1,2,42,1,False,0.4610160171985626,0.4610160171985626,0.40289853811264037,0.6735709547996521,0.26677459974815615,1.0197025307779677,0.7042589306831359,0.0008277419503121194,0.0008277419503121194,
cnn_bilstm_v5_1,2,42,2,False,0.4521665394306183,0.4521665394306183,0.39824444651603697,0.6732747673988342,0.31128747795414463,0.9923624913048268,0.7021831035614013,0.0008151256698034985,0.0008151256698034985,
cnn_bilstm_v5_1,2,42,3,False,0.4102526605129242,0.4102526605129242,0.4017754793167114,0.6729704380035401,0.3386800334168755,0.9631328285432424,0.5714084506034851,0.0007943840984641265,0.0007943840984641265,
cnn_bilstm_v5_1,2,42,4,False,0.376432991027832,0.376432991027832,0.4093722403049469,0.6557916045188904,0.3848238482384823,0.9230541030183167,0.5667542278766632,0.0007659394748727208,0.0007659394748727208,
cnn_bilstm_v5_1,2,42,5,False,0.33478007316589353,0.33478007316589353,0.3927676618099213,0.6389427065849305,0.4946581196581197,0.8450709544333024,0.6147296071052551,0.0007303708495380814,0.0007303708495380814,
cnn_bilstm_v5_1,2,42,6,False,0.2696139723062515,0.2696139723062515,0.394689154624939,0.6264666795730591,0.5912698412698413,0.7433704106130741,0.6072787642478943,0.0006884022971005765,0.0006884022971005765,
cnn_bilstm_v5_1,2,42,7,False,0.20727977752685547,0.20727977752685547,0.3971704125404358,0.6024930596351623,0.7801369377039874,0.6723110272961074,0.6051540970802307,0.0006408881762605224,0.0006408881762605224,
cnn_bilstm_v5_1,2,42,8,False,0.17099500000476836,0.17099500000476836,0.37335175573825835,0.5815650224685669,0.8067360915658129,0.5845147555258792,0.6964063167572021,0.0005887957374988129,0.0005887957374988129,
cnn_bilstm_v5_1,2,42,9,False,0.15205342024564744,0.15205342024564744,0.37747159600257874,0.5807544946670532,0.8216538789428816,0.548795898469336,0.7893731653690338,0.0005331854326464481,0.0005331854326464481,
cnn_bilstm_v5_1,2,42,10,False,0.13663726150989533,0.13663726150989533,0.38240121603012084,0.5792401313781739,0.8514671361502347,0.5167887425453963,0.6857235908508301,0.00047518932714334556,0.00047518932714334556,
cnn_bilstm_v5_1,2,42,11,False,0.11856859922409058,0.11856859922409058,0.3850697338581085,0.5776930212974548,0.7931364506426033,0.5110172540717218,0.5753305613994598,0.0004159880544505913,0.0004159880544505913,
cnn_bilstm_v5_1,2,42,12,False,0.10820420831441879,0.10820420831441879,0.37916659116744994,0.5700444459915162,0.8323892519970951,0.49043498898101523,0.48544999957084656,0.0003567867817578368,0.0003567867817578368,
cnn_bilstm_v5_1,2,42,13,False,0.10521348863840103,0.10521348863840103,0.384867912530899,0.5830229878425598,0.8431476762908193,0.4792806698502639,0.5458315432071685,0.00029879067625473424,0.00029879067625473424,
cnn_bilstm_v5_1,2,42,14,False,0.10685115605592728,0.10685115605592728,0.39605008959770205,0.5734796166419983,0.8178558530671207,0.4741100018814247,0.5203227877616883,0.00024318037140236946,0.00024318037140236946,
cnn_bilstm_v5_1,2,42,15,False,0.09658023416996002,0.09658023416996002,0.38929508328437806,0.5772222399711608,0.8264957264957266,0.46679819288480057,0.5961352407932281,0.0001910879326406601,0.0001910879326406601,
cnn_bilstm_v5_1,2,42,16,False,0.09628915786743164,0.09628915786743164,0.39399645328521726,0.5698082208633423,0.8431476762908193,0.45897257452147633,0.5408697545528411,0.00014357381180060588,0.00014357381180060588,
cnn_bilstm_v5_1,2,42,17,False,0.10519455969333649,0.10519455969333649,0.39214624762535094,0.5714196920394897,0.8575376405565085,0.4512194477221817,0.7345391571521759,0.00010160525936310094,0.00010160525936310094,
cnn_bilstm_v5_1,2,42,18,False,0.1002621203660965,0.1002621203660965,0.39464417695999143,0.5713718175888062,0.846935710785476,0.44657158220665893,0.6430014848709107,6.603663402846164e-05,6.603663402846164e-05,
cnn_bilstm_v5_1,2,42,19,False,0.08507312536239624,0.08507312536239624,0.39971981644630433,0.5649110078811646,0.846935710785476,0.44589952531833,0.6717656970024108,3.759201043705596e-05,3.759201043705596e-05,
cnn_bilstm_v5_1,2,42,20,False,0.09957448244094849,0.09957448244094849,0.40027915239334105,0.571927809715271,0.8575376405565085,0.44522706619038593,0.5480292558670044,1.6850439097684007e-05,1.6850439097684007e-05,
cnn_bilstm_v5_1,2,42,21,False,0.0873916894197464,0.0873916894197464,0.39169812202453613,0.5662376523017884,0.8575376405565085,0.44519867476581937,0.5275426149368286,4.2341585890630824e-06,4.2341585890630824e-06,
cnn_bilstm_v5_1,2,42,22,False,0.08465524166822433,0.08465524166822433,0.3958450734615326,0.5667907476425171,0.8575376405565085,0.445083521757973,0.7171858012676239,0.0,0.0,
cnn_bilstm_v5_1,2,1201,1,False,0.4593912124633789,0.4593912124633789,0.41127448081970214,0.6756243228912353,0.26790890269151135,0.9987201176883392,0.6947023630142212,0.0008277419503121194,0.0008277419503121194,
cnn_bilstm_v5_1,2,1201,2,False,0.43358656764030457,0.43358656764030457,0.4262369513511658,0.6706684708595276,0.3717171717171717,0.9595011512705397,0.6627830862998962,0.0008151256698034985,0.0008151256698034985,
cnn_bilstm_v5_1,2,1201,3,False,0.38530412316322327,0.38530412316322327,0.44205655455589293,0.6698968648910523,0.4676900584795322,0.8887597606043288,0.6237668633460999,0.0007943840984641265,0.0007943840984641265,
cnn_bilstm_v5_1,2,1201,4,False,0.3202430546283722,0.3202430546283722,0.4486129403114319,0.6667287349700928,0.4914689970869746,0.7916193923926369,0.6082152485847473,0.0007659394748727208,0.0007659394748727208,
cnn_bilstm_v5_1,2,1201,5,False,0.26039737462997437,0.26039737462997437,0.44910396337509156,0.6711084485054016,0.662175976633808,0.691585008543152,0.6477729797363281,0.0007303708495380814,0.0007303708495380814,
cnn_bilstm_v5_1,2,1201,6,False,0.2064289152622223,0.2064289152622223,0.4460910320281982,0.6676777243614197,0.8570841078449113,0.6146571446555136,0.5998700141906739,0.0006884022971005765,0.0006884022971005765,
cnn_bilstm_v5_1,2,1201,7,False,0.17742614150047303,0.17742614150047303,0.41238380074501035,0.6617025375366211,0.843436926812886,0.5535803320212971,0.6660438477993011,0.0006408881762605224,0.0006408881762605224,
cnn_bilstm_v5_1,2,1201,8,False,0.1454029232263565,0.1454029232263565,0.4056425154209137,0.6606940746307373,0.7548622687941574,0.5269318748192399,0.5528917253017426,0.0005887957374988129,0.0005887957374988129,
cnn_bilstm_v5_1,2,1201,9,False,0.1213826984167099,0.1213826984167099,0.4213514745235443,0.6565169095993042,0.8242807420889613,0.48310576314166337,0.6867848873138428,0.0005331854326464481,0.0005331854326464481,
cnn_bilstm_v5_1,2,1201,10,False,0.11863187551498414,0.11863187551498414,0.4020853519439697,0.6595760226249695,0.858008658008658,0.4562994541416739,0.5938428044319153,0.00047518932714334556,0.00047518932714334556,
cnn_bilstm_v5_1,2,1201,11,False,0.10645458996295928,0.10645458996295928,0.4245408058166504,0.6501717448234559,0.8310545839957605,0.47049290503984503,0.6011995375156403,0.0004159880544505913,0.0004159880544505913,
cnn_bilstm_v5_1,2,1201,12,False,0.11907907724380493,0.11907907724380493,0.4007056415081024,0.6542512059211731,0.846935710785476,0.4555228811492827,0.6740191221237183,0.0003567867817578368,0.0003567867817578368,
cnn_bilstm_v5_1,2,1201,13,False,0.0967944696545601,0.0967944696545601,0.3797933578491211,0.6539598703384399,0.8363636363636364,0.45056893751971655,0.5153076231479645,0.00029879067625473424,0.00029879067625473424,
cnn_bilstm_v5_1,2,1201,14,False,0.10783317685127258,0.10783317685127258,0.41822159886360166,0.6537609696388245,0.8347384817973054,0.45497724650726534,0.7165028214454651,0.00024318037140236946,0.00024318037140236946,
cnn_bilstm_v5_1,2,1201,15,False,0.0993791401386261,0.0993791401386261,0.3952381551265717,0.6536881923675537,0.8452525252525253,0.4533513800228661,0.770916348695755,0.0001910879326406601,0.0001910879326406601,
cnn_bilstm_v5_1,2,1201,16,False,0.09440432339906693,0.09440432339906693,0.3853136718273163,0.651177167892456,0.835699764945048,0.44139683854516665,0.639333838224411,0.00014357381180060588,0.00014357381180060588,
cnn_bilstm_v5_1,2,1201,17,False,0.09666240364313125,0.09666240364313125,0.3846927464008331,0.6482578754425049,0.835699764945048,0.442765691630448,0.6698806405067443,0.00010160525936310094,0.00010160525936310094,
cnn_bilstm_v5_1,2,1201,18,False,0.10016935914754868,0.10016935914754868,0.3986384868621826,0.6510840892791748,0.8242807420889613,0.44843031401267325,0.6210961639881134,6.603663402846164e-05,6.603663402846164e-05,
cnn_bilstm_v5_1,2,1201,19,False,0.0987347573041916,0.0987347573041916,0.3834087014198303,0.6483465909957886,0.8242807420889613,0.4485898884649206,0.6460401833057403,3.759201043705596e-05,3.759201043705596e-05,
cnn_bilstm_v5_1,2,1201,20,False,0.09979099780321121,0.09979099780321121,0.3860612988471985,0.6543197870254517,0.8242807420889613,0.4482015504765336,0.8930407643318177,1.6850439097684007e-05,1.6850439097684007e-05,
cnn_bilstm_v5_1,2,1201,21,False,0.09777301549911499,0.09777301549911499,0.3972448527812958,0.6548976182937623,0.8242807420889613,0.4473670350662064,0.6987067043781281,4.2341585890630824e-06,4.2341585890630824e-06,
cnn_bilstm_v5_1,2,1201,22,False,0.09146058410406113,0.09146058410406113,0.39549270272254944,0.6500160813331604,0.8242807420889613,0.4472904559568485,0.6407133102416992,0.0,0.0,
cnn_bilstm_v5_1,2,2026,1,False,0.4778178870677948,0.4778178870677948,0.4213702857494354,0.7227575898170471,0.21652421652421652,1.0226616739033834,0.7287018060684204,0.0008277419503121194,0.0008277419503121194,
cnn_bilstm_v5_1,2,2026,2,False,0.4278036952018738,0.4278036952018738,0.4189029157161713,0.7219338893890381,0.3311965811965812,1.0028404807401552,0.5433798432350159,0.0008151256698034985,0.0008151256698034985,
cnn_bilstm_v5_1,2,2026,3,False,0.4160528063774109,0.4160528063774109,0.42612105011940005,0.7126344203948974,0.37655194090837657,0.9796937640349036,0.6066313803195953,0.0007943840984641265,0.0007943840984641265,
cnn_bilstm_v5_1,2,2026,4,False,0.3913721740245819,0.3913721740245819,0.4266676425933838,0.703898811340332,0.39242495678139244,0.939491428732389,0.6071264147758484,0.0007659394748727208,0.0007659394748727208,
cnn_bilstm_v5_1,2,2026,5,False,0.3565189361572266,0.3565189361572266,0.4425786375999451,0.7002023816108703,0.43498817966903075,0.8717053932705724,0.6268572390079499,0.0007303708495380814,0.0007303708495380814,
cnn_bilstm_v5_1,2,2026,6,False,0.3121297836303711,0.3121297836303711,0.4464577972888947,0.6847562074661255,0.5719298245614034,0.7956004129115619,0.6567029237747193,0.0006884022971005765,0.0006884022971005765,
cnn_bilstm_v5_1,2,2026,7,False,0.2591578960418701,0.2591578960418701,0.45619701147079467,0.6733502984046936,0.6624552096421424,0.6973769363225413,0.6716172814369201,0.0006408881762605224,0.0006408881762605224,
cnn_bilstm_v5_1,2,2026,8,False,0.2189719557762146,0.2189719557762146,0.4626353561878204,0.6531410813331604,0.8223226416208872,0.6218105025892181,0.6568386435508728,0.0005887957374988129,0.0005887957374988129,
cnn_bilstm_v5_1,2,2026,9,False,0.17905581295490264,0.17905581295490264,0.46765570640563964,0.6337567925453186,0.7896563229896563,0.5744939817585923,0.6687827825546264,0.0005331854326464481,0.0005331854326464481,
cnn_bilstm_v5_1,2,2026,10,False,0.14061660468578338,0.14061660468578338,0.48727782964706423,0.6181324362754822,0.8102947281029472,0.5366110726109622,0.547850638628006,0.00047518932714334556,0.00047518932714334556,
cnn_bilstm_v5_1,2,2026,11,False,0.13096397519111633,0.13096397519111633,0.488306987285614,0.6134827256202697,0.8041271761779929,0.5149913075464968,0.5936229169368744,0.0004159880544505913,0.0004159880544505913,
cnn_bilstm_v5_1,2,2026,12,False,0.10870308429002762,0.10870308429002762,0.48882258534431455,0.5865713000297547,0.858008658008658,0.5009456511985199,0.6042403519153595,0.0003567867817578368,0.0003567867817578368,
cnn_bilstm_v5_1,2,2026,13,False,0.12425993531942367,0.12425993531942367,0.514587140083313,0.5932228922843933,0.8310545839957605,0.4959391355768325,0.7159402012825012,0.00029879067625473424,0.00029879067625473424,
cnn_bilstm_v5_1,2,2026,14,False,0.11074862629175186,0.11074862629175186,0.5086001515388489,0.5821923732757568,0.858008658008658,0.4834622103155293,0.7839643836021424,0.00024318037140236946,0.00024318037140236946,
cnn_bilstm_v5_1,2,2026,15,False,0.10932116210460663,0.10932116210460663,0.5008291006088257,0.5692893862724304,0.858008658008658,0.4766321764771476,0.8039112389087677,0.0001910879326406601,0.0001910879326406601,
cnn_bilstm_v5_1,2,2026,16,False,0.1037541538476944,0.1037541538476944,0.510586005449295,0.5737619519233703,0.8686710611593241,0.4746242820533322,0.6546362698078155,0.00014357381180060588,0.00014357381180060588,
cnn_bilstm_v5_1,2,2026,17,False,0.10157831534743308,0.10157831534743308,0.5242395639419556,0.5786235928535461,0.8674747474747475,0.47484707019434674,0.576689600944519,0.00010160525936310094,0.00010160525936310094,
cnn_bilstm_v5_1,2,2026,18,False,0.09648690521717071,0.09648690521717071,0.5172064006328583,0.5764195322990417,0.8558409009536829,0.4728690621539588,0.6384615182876587,6.603663402846164e-05,6.603663402846164e-05,
cnn_bilstm_v5_1,2,2026,19,False,0.09763841480016708,0.09763841480016708,0.508762538433075,0.5755558729171752,0.8674747474747475,0.4700495131013173,0.5656227707862854,3.759201043705596e-05,3.759201043705596e-05,
cnn_bilstm_v5_1,2,2026,20,False,0.10430331379175187,0.10430331379175187,0.5093429565429688,0.5755674242973328,0.8686710611593241,0.4678133600912236,0.6819515585899353,1.6850439097684007e-05,1.6850439097684007e-05,
cnn_bilstm_v5_1,2,2026,21,False,0.09756673723459244,0.09756673723459244,0.5300170481204987,0.5782878398895264,0.8686710611593241,0.467102373161117,0.6668275654315948,4.2341585890630824e-06,4.2341585890630824e-06,
cnn_bilstm_v5_1,2,2026,22,False,0.10155674815177917,0.10155674815177917,0.509940767288208,0.5718394637107849,0.8686710611593241,0.4668748086650558,0.7645062923431396,0.0,0.0,
cnn_bilstm_v5_1,2,3407,1,False,0.44889443516731264,0.44889443516731264,0.410386198759079,0.7135237693786621,0.3130776794493609,0.9896370738069491,0.7570815086364746,0.0008277419503121194,0.0008277419503121194,
cnn_bilstm_v5_1,2,3407,2,False,0.43067021369934083,0.43067021369934083,0.4220689952373505,0.7153755307197571,0.3971962616822429,0.9540256397934543,0.683109176158905,0.0008151256698034985,0.0008151256698034985,
cnn_bilstm_v5_1,2,3407,3,False,0.40900473594665526,0.40900473594665526,0.4099978685379028,0.7181571006774903,0.4560447239692523,0.9261332468339334,0.6178843259811402,0.0007943840984641265,0.0007943840984641265,
cnn_bilstm_v5_1,2,3407,4,False,0.3742240369319916,0.3742240369319916,0.3947792649269104,0.7076876997947693,0.4898924731182796,0.8702228765828236,0.6293647289276123,0.0007659394748727208,0.0007659394748727208,
cnn_bilstm_v5_1,2,3407,5,False,0.34893636107444764,0.34893636107444764,0.37750062346458435,0.7027621030807495,0.5919325167137793,0.8024070436171595,0.6782511115074158,0.0007303708495380814,0.0007303708495380814,
cnn_bilstm_v5_1,2,3407,6,False,0.2741276264190674,0.2741276264190674,0.3654251456260681,0.6926251411437988,0.649074074074074,0.7158246865802717,0.6187574982643127,0.0006884022971005765,0.0006884022971005765,
cnn_bilstm_v5_1,2,3407,7,False,0.21820421814918517,0.21820421814918517,0.3276542127132416,0.6937346935272217,0.6955497681680226,0.6215533819604169,0.6450037479400634,0.0006408881762605224,0.0006408881762605224,
cnn_bilstm_v5_1,2,3407,8,False,0.18423096239566802,0.18423096239566802,0.3072923541069031,0.6964404463768006,0.8290598290598291,0.5660153108448894,0.604611086845398,0.0005887957374988129,0.0005887957374988129,
cnn_bilstm_v5_1,2,3407,9,False,0.1460664987564087,0.1460664987564087,0.28286524713039396,0.6897578477859497,0.8447982125401481,0.5194462179624666,0.7408682465553283,0.0005331854326464481,0.0005331854326464481,
cnn_bilstm_v5_1,2,3407,10,False,0.12445245236158371,0.12445245236158371,0.2761573135852814,0.7023272514343262,0.9043586550435866,0.4780290926997315,0.6382851481437684,0.00047518932714334556,0.00047518932714334556,
cnn_bilstm_v5_1,2,3407,11,False,0.11716835796833039,0.11716835796833039,0.2663812220096588,0.6980440855026245,0.9033962264150944,0.45564779395751825,0.6433491587638855,0.0004159880544505913,0.0004159880544505913,
cnn_bilstm_v5_1,2,3407,12,False,0.10958687514066696,0.10958687514066696,0.2626644402742386,0.6995543599128723,0.8749615975422427,0.44904658489824073,0.606607460975647,0.0003567867817578368,0.0003567867817578368,
cnn_bilstm_v5_1,2,3407,13,False,0.10396667420864106,0.10396667420864106,0.25460978746414187,0.7095092058181762,0.8480596784168212,0.44441172574644494,0.7012189626693726,0.00029879067625473424,0.00029879067625473424,
cnn_bilstm_v5_1,2,3407,14,False,0.08548955768346786,0.08548955768346786,0.246252903342247,0.7006897091865539,0.8979652605459058,0.42941371469537276,0.5811407625675201,0.00024318037140236946,0.00024318037140236946,
cnn_bilstm_v5_1,2,3407,15,False,0.0922653317451477,0.0922653317451477,0.24885735511779786,0.7023450374603272,0.8979652605459058,0.4229498673694549,0.5871422529220581,0.0001910879326406601,0.0001910879326406601,
cnn_bilstm_v5_1,2,3407,16,False,0.10167827159166336,0.10167827159166336,0.24754911959171294,0.7157363533973694,0.8979652605459058,0.4185939014554176,0.5126979112625122,0.00014357381180060588,0.00014357381180060588,
cnn_bilstm_v5_1,2,3407,17,False,0.08927594125270844,0.08927594125270844,0.24700592160224916,0.718705153465271,0.8865641332933852,0.4175280513015367,0.6430975139141083,0.00010160525936310094,0.00010160525936310094,
cnn_bilstm_v5_1,2,3407,18,False,0.09420074373483658,0.09420074373483658,0.2589231222867966,0.7088737607002258,0.8865641332933852,0.4159020160119073,0.7410563945770263,6.603663402846164e-05,6.603663402846164e-05,
cnn_bilstm_v5_1,2,3407,19,False,0.10619583427906036,0.10619583427906036,0.23993174433708192,0.7115984797477722,0.8979652605459058,0.41276844609195285,0.7451302587985993,3.759201043705596e-05,3.759201043705596e-05,
cnn_bilstm_v5_1,2,3407,20,False,0.09466789066791534,0.09466789066791534,0.25578103959560394,0.715997838973999,0.8979652605459058,0.41269191372685216,0.8236999809741974,1.6850439097684007e-05,1.6850439097684007e-05,
cnn_bilstm_v5_1,2,3407,21,False,0.08272701129317284,0.08272701129317284,0.23525073528289794,0.7124636173248291,0.8865641332933852,0.4126477995682754,0.6093797624111176,4.2341585890630824e-06,4.2341585890630824e-06,
cnn_bilstm_v5_1,2,3407,22,False,0.08807366341352463,0.08807366341352463,0.25421404242515566,0.7158803820610047,0.8865641332933852,0.41258408603150054,0.5982294023036957,0.0,0.0,
cnn_bilstm_v5_1,2,7319,1,False,0.49696157574653627,0.49696157574653627,0.45645237565040586,0.7270236372947693,0.3263888888888889,1.0079438690911138,0.8721643090248108,0.0008277419503121194,0.0008277419503121194,
cnn_bilstm_v5_1,2,7319,2,False,0.4429782867431641,0.4429782867431641,0.46872899532318113,0.7255573391914367,0.3130776794493609,0.9815277185277594,0.6297564268112182,0.0008151256698034985,0.0008151256698034985,
cnn_bilstm_v5_1,2,7319,3,False,0.4013855457305908,0.4013855457305908,0.45355496406555174,0.7336347818374633,0.42194530979577705,0.9351407721825125,0.6108651280403137,0.0007943840984641265,0.0007943840984641265,
cnn_bilstm_v5_1,2,7319,4,False,0.3647758424282074,0.3647758424282074,0.4510077476501465,0.7369524240493774,0.4967498110355253,0.860571967534826,0.6053160786628723,0.0007659394748727208,0.0007659394748727208,
cnn_bilstm_v5_1,2,7319,5,False,0.30616047978401184,0.30616047978401184,0.4659761250019073,0.7356613159179688,0.5884776558151171,0.7576760981763615,0.6156607866287231,0.0007303708495380814,0.0007303708495380814,
cnn_bilstm_v5_1,2,7319,6,False,0.23835183978080748,0.23835183978080748,0.47392494678497316,0.7399724006652832,0.7341868450808439,0.6747746879514714,0.6309204936027527,0.0006884022971005765,0.0006884022971005765,
cnn_bilstm_v5_1,2,7319,7,False,0.1885480225086212,0.1885480225086212,0.47623244524002073,0.7365847945213317,0.7795192528821829,0.6051289368660785,0.5843422710895538,0.0006408881762605224,0.0006408881762605224,
cnn_bilstm_v5_1,2,7319,8,False,0.16717739403247833,0.16717739403247833,0.48910702466964723,0.7384047508239746,0.8252003604116279,0.5473115759055361,0.7414157629013062,0.0005887957374988129,0.0005887957374988129,
cnn_bilstm_v5_1,2,7319,9,False,0.13719385117292404,0.13719385117292404,0.48833147883415223,0.7451034784317017,0.7934920634920636,0.5224237694195081,0.562045794725418,0.0005331854326464481,0.0005331854326464481,
cnn_bilstm_v5_1,2,7319,10,False,0.11728333830833435,0.11728333830833435,0.49032766222953794,0.7472562789916992,0.8097871627283393,0.48967592751342337,0.6875737071037292,0.00047518932714334556,0.00047518932714334556,
cnn_bilstm_v5_1,2,7319,11,False,0.10700591653585434,0.10700591653585434,0.485809725522995,0.7630650162696838,0.8391805266805267,0.4719893526609043,0.616158664226532,0.0004159880544505913,0.0004159880544505913,
cnn_bilstm_v5_1,2,7319,12,False,0.11979234516620636,0.11979234516620636,0.4679283082485199,0.7556414365768432,0.8377631578947368,0.4685462597930743,0.80765380859375,0.0003567867817578368,0.0003567867817578368,
cnn_bilstm_v5_1,2,7319,13,False,0.11480561047792434,0.11480561047792434,0.4822008788585663,0.7601461410522461,0.8514671361502347,0.4563396035339248,0.9091403961181641,0.00029879067625473424,0.00029879067625473424,
cnn_bilstm_v5_1,2,7319,14,False,0.10106985718011856,0.10106985718011856,0.5037663817405701,0.758392596244812,0.8377631578947368,0.4603708841286951,0.9198161721229553,0.00024318037140236946,0.00024318037140236946,
cnn_bilstm_v5_1,2,7319,15,False,0.1047057181596756,0.1047057181596756,0.47870938777923583,0.7530239820480347,0.8584401709401709,0.458995307766231,0.6598557293415069,0.0001910879326406601,0.0001910879326406601,
cnn_bilstm_v5_1,2,7319,16,False,0.10659870952367782,0.10659870952367782,0.48939328789711,0.7647550463676452,0.8584401709401709,0.4543097451729136,0.7286339640617371,0.00014357381180060588,0.00014357381180060588,
cnn_bilstm_v5_1,2,7319,17,False,0.09526576101779938,0.09526576101779938,0.4866810441017151,0.7603412389755249,0.8703231292517007,0.4569500832053226,0.6221650004386902,0.00010160525936310094,0.00010160525936310094,
cnn_bilstm_v5_1,2,7319,18,False,0.10426673293113708,0.10426673293113708,0.4855388760566711,0.7647486925125122,0.8703231292517007,0.46088450952191995,0.6086650907993316,6.603663402846164e-05,6.603663402846164e-05,
cnn_bilstm_v5_1,2,7319,19,False,0.09246989339590073,0.09246989339590073,0.482062953710556,0.7511606693267823,0.8703231292517007,0.4600958465638633,0.7823346138000489,3.759201043705596e-05,3.759201043705596e-05,
cnn_bilstm_v5_1,2,7319,20,False,0.09221900179982186,0.09221900179982186,0.48327558040618895,0.7510799646377564,0.8703231292517007,0.4556623049465376,0.6378720045089722,1.6850439097684007e-05,1.6850439097684007e-05,
cnn_bilstm_v5_1,2,7319,21,False,0.10162689238786697,0.10162689238786697,0.49235556125640867,0.7559312224388123,0.8703231292517007,0.4541420631622567,0.6565705060958862,4.2341585890630824e-06,4.2341585890630824e-06,
cnn_bilstm_v5_1,2,7319,22,False,0.09642494916915893,0.09642494916915893,0.4904500186443329,0.7588836550712585,0.8703231292517007,0.45383995784822173,0.7018522202968598,0.0,0.0,
cnn_only_v5_1,2,42,1,False,0.43079559206962587,0.43079559206962587,0.42584686279296874,0.7311622381210328,0.3263888888888889,0.952549715511409,0.7878281474113464,0.0008277419503121194,0.0008277419503121194,
cnn_only_v5_1,2,42,2,False,0.3518079698085785,0.3518079698085785,0.41163102984428407,0.7328877806663513,0.43498817966903075,0.8705505651054677,0.8277616500854492,0.0008151256698034985,0.0008151256698034985,
cnn_only_v5_1,2,42,3,False,0.282147479057312,0.282147479057312,0.34728086590766905,0.7254470348358154,0.7338271604938272,0.7593140516735535,0.8093538284301758,0.0007943840984641265,0.0007943840984641265,
cnn_only_v5_1,2,42,4,False,0.18659975230693818,0.18659975230693818,0.29168884456157684,0.7607435822486878,0.7984010225589784,0.616413426404322,0.660576605796814,0.0007659394748727208,0.0007659394748727208,
cnn_only_v5_1,2,42,5,False,0.13020762503147126,0.13020762503147126,0.23691448867321013,0.7935693383216857,0.8567028985507247,0.5256732257694786,0.6449264943599701,0.0007303708495380814,0.0007303708495380814,
cnn_only_v5_1,2,42,6,False,0.10514362305402755,0.10514362305402755,0.2124626338481903,0.8094274401664734,0.8480596784168212,0.475237908591359,0.5792464137077331,0.0006884022971005765,0.0006884022971005765,
cnn_only_v5_1,2,42,7,False,0.0895335391163826,0.0895335391163826,0.21322584450244902,0.8157490372657776,0.8529702555509008,0.44004936368153774,0.40564560890197754,0.0006408881762605224,0.0006408881762605224,
cnn_only_v5_1,2,42,8,False,0.08125623762607574,0.08125623762607574,0.20495097935199738,0.829130220413208,0.8689233773229196,0.4281328155478089,0.5602962672710419,0.0005887957374988129,0.0005887957374988129,
cnn_only_v5_1,2,42,9,False,0.07770173400640487,0.07770173400640487,0.21403567492961884,0.8329742312431335,0.8715160540000809,0.4172342417573437,0.826940530538559,0.0005331854326464481,0.0005331854326464481,
cnn_only_v5_1,2,42,10,False,0.07622522860765457,0.07622522860765457,0.19245056211948394,0.8352896094322204,0.873389365273808,0.4034783403820954,1.1413422107696534,0.00047518932714334556,0.00047518932714334556,
cnn_only_v5_1,2,42,11,False,0.07771528586745262,0.07771528586745262,0.21292383670806886,0.8501921415328979,0.8423808809059222,0.4295805427077425,0.9873226642608642,0.0004159880544505913,0.0004159880544505913,
cnn_only_v5_1,2,42,12,False,0.07053157612681389,0.07053157612681389,0.21480176150798796,0.847961151599884,0.8837508579272478,0.39716496630979065,0.7378495454788208,0.0003567867817578368,0.0003567867817578368,
cnn_only_v5_1,2,42,13,False,0.06747925877571107,0.06747925877571107,0.2053009480237961,0.8430534839630127,0.8837508579272478,0.39891263388544784,0.6941500306129456,0.00029879067625473424,0.00029879067625473424,
cnn_only_v5_1,2,42,14,False,0.07197614908218383,0.07197614908218383,0.19938457608222962,0.8389078974723816,0.8837508579272478,0.3966558248434236,0.6433481812477112,0.00024318037140236946,0.00024318037140236946,
cnn_only_v5_1,2,42,15,False,0.07505848407745361,0.07505848407745361,0.20223795771598815,0.8470952272415161,0.8689233773229196,0.3980535539896763,0.6984902381896972,0.0001910879326406601,0.0001910879326406601,
cnn_only_v5_1,2,42,16,False,0.07228964865207672,0.07228964865207672,0.20058033466339112,0.8549251675605773,0.8837508579272478,0.39420395119680757,0.5762863695621491,0.00014357381180060588,0.00014357381180060588,
cnn_only_v5_1,2,42,17,False,0.06974669545888901,0.06974669545888901,0.1932057335972786,0.8474401473999024,0.8837508579272478,0.39352970117708697,0.7903877377510071,0.00010160525936310094,0.00010160525936310094,
cnn_only_v5_1,2,42,18,False,0.06553973704576492,0.06553973704576492,0.20428217351436614,0.8487247705459595,0.8837508579272478,0.39149987414907955,0.4998367130756378,6.603663402846164e-05,6.603663402846164e-05,
cnn_only_v5_1,2,42,19,False,0.06293148472905159,0.06293148472905159,0.20655848681926728,0.8452165961265564,0.8837508579272478,0.3923771077574442,0.6429153740406036,3.759201043705596e-05,3.759201043705596e-05,
cnn_only_v5_1,2,42,20,False,0.06377324387431145,0.06377324387431145,0.20179649889469148,0.8436131954193116,0.8837508579272478,0.39241508054753005,0.4582509398460388,1.6850439097684007e-05,1.6850439097684007e-05,
cnn_only_v5_1,2,42,21,False,0.06389502361416817,0.06389502361416817,0.19370191395282746,0.8422450542449951,0.8837508579272478,0.39254398092378595,0.5099666059017182,4.2341585890630824e-06,4.2341585890630824e-06,
cnn_only_v5_1,2,42,22,False,0.06497707068920136,0.06497707068920136,0.20800832211971282,0.8474029898643494,0.8837508579272478,0.3926418445269676,0.8095575392246246,0.0,0.0,
cnn_only_v5_1,2,2026,1,False,0.4670937418937683,0.4670937418937683,0.43235849142074584,0.7161572933197021,0.26790890269151135,0.9665608145143169,1.1581796765327455,0.0008277419503121194,0.0008277419503121194,
cnn_only_v5_1,2,2026,2,False,0.37412773370742797,0.37412773370742797,0.45341559052467345,0.7020089983940124,0.5815919330615748,0.9150558292307641,0.7405777096748352,0.0008151256698034985,0.0008151256698034985,
cnn_only_v5_1,2,2026,3,False,0.3219620525836945,0.3219620525836945,0.47341654300689695,0.7100473403930664,0.650512993019931,0.8205844569719629,0.9553794622421264,0.0007943840984641265,0.0007943840984641265,
cnn_only_v5_1,2,2026,4,False,0.24493297934532166,0.24493297934532166,0.5100094318389893,0.7215288281440735,0.708304791070637,0.6935530679459674,0.7763466596603393,0.0007659394748727208,0.0007659394748727208,
cnn_only_v5_1,2,2026,5,False,0.16821942925453187,0.16821942925453187,0.5750748515129089,0.7240859985351562,0.8376585201982026,0.5894654099629381,0.7370789289474488,0.0007303708495380814,0.0007303708495380814,
cnn_only_v5_1,2,2026,6,False,0.12844188064336776,0.12844188064336776,0.6022252440452576,0.7426100730895996,0.8257962275819418,0.5210408933874853,0.7093509912490845,0.0006884022971005765,0.0006884022971005765,
cnn_only_v5_1,2,2026,7,False,0.10227692574262619,0.10227692574262619,0.6312341690063477,0.754654049873352,0.8487928477019953,0.4818779758414129,0.7966333389282226,0.0006408881762605224,0.0006408881762605224,
cnn_only_v5_1,2,2026,8,False,0.10213112533092499,0.10213112533092499,0.6407121896743775,0.7638723731040955,0.8598684210526315,0.45349517796255734,0.6640431046485901,0.0005887957374988129,0.0005887957374988129,
cnn_only_v5_1,2,2026,9,False,0.08866406381130218,0.08866406381130218,0.642230212688446,0.7719355583190918,0.8480596784168212,0.4402401339853797,0.6377715051174164,0.0005331854326464481,0.0005331854326464481,
cnn_only_v5_1,2,2026,10,False,0.08752600848674774,0.08752600848674774,0.6201543033123016,0.7787888526916504,0.8865641332933852,0.42595746898783904,0.6064326107501984,0.00047518932714334556,0.00047518932714334556,
cnn_only_v5_1,2,2026,11,False,0.08246202319860459,0.08246202319860459,0.6314106225967407,0.7852359533309936,0.843975468975469,0.4304146176661828,0.8429831862449646,0.0004159880544505913,0.0004159880544505913,
cnn_only_v5_1,2,2026,12,False,0.08319405317306519,0.08319405317306519,0.6372519254684448,0.7998656153678894,0.8334635289522508,0.42306313827675773,0.8421665251255035,0.0003567867817578368,0.0003567867817578368,
cnn_only_v5_1,2,2026,13,False,0.0835458755493164,0.0835458755493164,0.6368868589401245,0.7885807156562805,0.8631353285731166,0.41635247894063837,0.7941640138626098,0.00029879067625473424,0.00029879067625473424,
cnn_only_v5_1,2,2026,14,False,0.0738888368010521,0.0738888368010521,0.6166498184204101,0.799603009223938,0.8480596784168212,0.4172923278012648,0.5320247769355774,0.00024318037140236946,0.00024318037140236946,
cnn_only_v5_1,2,2026,15,False,0.0770922251045704,0.0770922251045704,0.6248403131961823,0.8010939598083496,0.8480596784168212,0.4182745215787098,0.8834684669971467,0.0001910879326406601,0.0001910879326406601,
cnn_only_v5_1,2,2026,16,False,0.07488531172275543,0.07488531172275543,0.607309901714325,0.8045726656913758,0.8480596784168212,0.41492218668880587,0.6664157152175904,0.00014357381180060588,0.00014357381180060588,
cnn_only_v5_1,2,2026,17,False,0.07692138701677323,0.07692138701677323,0.6321323394775391,0.8150049686431885,0.8749615975422427,0.4108070816567692,0.5871989965438843,0.00010160525936310094,0.00010160525936310094,
cnn_only_v5_1,2,2026,18,False,0.07224876284599305,0.07224876284599305,0.6207550883293151,0.799860680103302,0.8631353285731166,0.41167805135920116,0.5768361330032349,6.603663402846164e-05,6.603663402846164e-05,
cnn_only_v5_1,2,2026,19,False,0.07366274520754815,0.07366274520754815,0.6318793773651123,0.8078702211380004,0.8837508579272478,0.4149658583427948,0.6285451471805572,3.759201043705596e-05,3.759201043705596e-05,
cnn_only_v5_1,2,2026,20,False,0.07252356857061386,0.07252356857061386,0.6249061703681946,0.8096507549285888,0.8837508579272478,0.41393589509698586,0.5646736085414886,1.6850439097684007e-05,1.6850439097684007e-05,
cnn_only_v5_1,2,2026,21,False,0.07498092502355576,0.07498092502355576,0.6165128827095032,0.8084039449691772,0.8837508579272478,0.41340241869858746,0.6261719822883606,4.2341585890630824e-06,4.2341585890630824e-06,
cnn_only_v5_1,2,2026,22,False,0.06645631641149521,0.06645631641149521,0.6232351303100586,0.8070191979408264,0.8837508579272478,0.4131722121363634,0.6245705783367157,0.0,0.0,
cnn_only_v5_1,2,3407,1,False,0.46909961104393005,0.46909961104393005,0.47600833177566526,0.6592682480812073,0.37828790052606404,0.9869290755463295,1.1467946290969848,0.0008277419503121194,0.0008277419503121194,
cnn_only_v5_1,2,3407,2,False,0.38680432438850404,0.38680432438850404,0.514923632144928,0.6526386141777039,0.40401002506265665,0.9067159622194603,1.0031603813171386,0.0008151256698034985,0.0008151256698034985,
cnn_only_v5_1,2,3407,3,False,0.31410078406333924,0.31410078406333924,0.5296890616416932,0.6408642888069153,0.5351139601139602,0.8012028799249546,0.7135262250900268,0.0007943840984641265,0.0007943840984641265,
cnn_only_v5_1,2,3407,4,False,0.21759899854660034,0.21759899854660034,0.5759425342082978,0.6119711756706238,0.8067340067340067,0.6739669331413455,0.7304646730422973,0.0007659394748727208,0.0007659394748727208,
cnn_only_v5_1,2,3407,5,False,0.1474274516105652,0.1474274516105652,0.6777139902114868,0.5842326402664184,0.8787565659175063,0.5558527933046072,0.6233935713768005,0.0007303708495380814,0.0007303708495380814,
cnn_only_v5_1,2,3407,6,False,0.10230649560689926,0.10230649560689926,0.7870115756988525,0.5545795083045959,0.844187242798354,0.5113324656745749,0.5733427405357361,0.0006884022971005765,0.0006884022971005765,
cnn_only_v5_1,2,3407,7,False,0.09169494360685349,0.09169494360685349,0.8370618104934693,0.5383178114891052,0.8647203080439873,0.4564572248145781,0.7448930203914642,0.0006408881762605224,0.0006408881762605224,
cnn_only_v5_1,2,3407,8,False,0.09238305538892747,0.09238305538892747,0.8876873254776001,0.5216557383537292,0.8170594837261503,0.46562621704845736,0.7983837187290191,0.0005887957374988129,0.0005887957374988129,
cnn_only_v5_1,2,3407,9,False,0.08746187686920166,0.08746187686920166,0.8929088354110718,0.5210641622543335,0.8837508579272478,0.42406727203091704,0.9356807053089142,0.0005331854326464481,0.0005331854326464481,
cnn_only_v5_1,2,3407,10,False,0.07590819150209427,0.07590819150209427,0.9329289436340332,0.5146223783493042,0.8589853425415974,0.42543852755359796,0.5559110581874848,0.00047518932714334556,0.00047518932714334556,
cnn_only_v5_1,2,3407,11,False,0.07813913449645042,0.07813913449645042,0.9519228935241699,0.5073189616203309,0.8837508579272478,0.4140039515309987,0.5967012345790863,0.0004159880544505913,0.0004159880544505913,
cnn_only_v5_1,2,3407,12,False,0.07272566482424736,0.07272566482424736,0.9967037796974182,0.5039534986019134,0.8837508579272478,0.4072514074637796,0.7647887766361237,0.0003567867817578368,0.0003567867817578368,
cnn_only_v5_1,2,3407,13,False,0.07266207337379456,0.07266207337379456,0.9952947497367859,0.506179666519165,0.8837508579272478,0.406959127634914,0.686445814371109,0.00029879067625473424,0.00029879067625473424,
cnn_only_v5_1,2,3407,14,False,0.07481544464826584,0.07481544464826584,1.0212553977966308,0.5082856833934783,0.8852877792969959,0.39715312396462454,0.6456213414669036,0.00024318037140236946,0.00024318037140236946,
cnn_only_v5_1,2,3407,15,False,0.06894159317016602,0.06894159317016602,1.0330711722373962,0.5037488102912903,0.8837508579272478,0.400777886278928,0.5203522205352783,0.0001910879326406601,0.0001910879326406601,
cnn_only_v5_1,2,3407,16,False,0.06978271976113319,0.06978271976113319,1.046472144126892,0.5065195500850678,0.8837508579272478,0.3941114094625431,0.6313067495822906,0.00014357381180060588,0.00014357381180060588,
cnn_only_v5_1,2,3407,17,False,0.06337101534008979,0.06337101534008979,1.077954363822937,0.5025799155235291,0.8837508579272478,0.3957273661876634,0.6671457767486573,0.00010160525936310094,0.00010160525936310094,
cnn_only_v5_1,2,3407,18,False,0.07576780021190643,0.07576780021190643,1.047101879119873,0.5018785238265991,0.8837508579272478,0.4002323903548847,0.7144575417041779,6.603663402846164e-05,6.603663402846164e-05,
cnn_only_v5_1,2,3407,19,False,0.07175850421190262,0.07175850421190262,1.0616122364997864,0.5024730622768402,0.8837508579272478,0.4000182997670894,0.5377039849758148,3.759201043705596e-05,3.759201043705596e-05,
cnn_only_v5_1,2,3407,20,False,0.06751049607992173,0.06751049607992173,1.0591757893562317,0.5056097507476807,0.8837508579272478,0.39876071823096315,0.8681738972663879,1.6850439097684007e-05,1.6850439097684007e-05,
cnn_only_v5_1,2,3407,21,False,0.06952900066971779,0.06952900066971779,1.0743817806243896,0.5036930322647095,0.8837508579272478,0.397557574726668,0.9067304849624633,4.2341585890630824e-06,4.2341585890630824e-06,
cnn_only_v5_1,2,3407,22,False,0.06921479925513267,0.06921479925513267,1.0625892281532288,0.5019980072975159,0.8837508579272478,0.39722819452020147,0.6527404189109802,0.0,0.0,
bilstm_only_v5_1,2,42,1,False,0.4824059784412384,0.4824059784412384,0.4754702091217041,0.7154311537742615,0.25252525252525254,1.0306333976144049,0.8942551493644715,0.0008277419503121194,0.0008277419503121194,
bilstm_only_v5_1,2,42,2,False,0.4620568692684174,0.4620568692684174,0.4604212701320648,0.7271257042884827,0.24409937888198754,1.0112905869237008,0.6944405555725097,0.0008151256698034985,0.0008151256698034985,
bilstm_only_v5_1,2,42,3,False,0.448352712392807,0.448352712392807,0.4493817090988159,0.7252297401428223,0.2847542242703533,1.0004988859144677,0.5837582111358642,0.0007943840984641265,0.0007943840984641265,
bilstm_only_v5_1,2,42,4,False,0.4278143346309662,0.4278143346309662,0.43517852425575254,0.7296371579170227,0.3786777431637245,0.9942468925978912,0.5668827950954437,0.0007659394748727208,0.0007659394748727208,
bilstm_only_v5_1,2,42,5,False,0.40258061289787295,0.40258061289787295,0.43181063532829284,0.7295390963554382,0.3782051282051282,0.978293605600281,0.5179398775100708,0.0007303708495380814,0.0007303708495380814,
bilstm_only_v5_1,2,42,6,False,0.38670122623443604,0.38670122623443604,0.41599920988082884,0.728151822090149,0.3782051282051282,0.9519670372945642,0.5278505861759186,0.0006884022971005765,0.0006884022971005765,
bilstm_only_v5_1,2,42,7,False,0.36321130990982053,0.36321130990982053,0.4021970987319946,0.7222910523414612,0.4188034188034188,0.916040088002354,0.49526657462120055,0.0006408881762605224,0.0006408881762605224,
bilstm_only_v5_1,2,42,8,False,0.35505439043045045,0.35505439043045045,0.405135577917099,0.7272526502609253,0.5017596782302665,0.8732529998312207,0.6194099068641663,0.0005887957374988129,0.0005887957374988129,
bilstm_only_v5_1,2,42,9,False,0.3162465155124664,0.3162465155124664,0.396423465013504,0.7349527955055237,0.5714285714285715,0.8228190636634187,0.5103214979171753,0.0005331854326464481,0.0005331854326464481,
bilstm_only_v5_1,2,42,10,False,0.2992269217967987,0.2992269217967987,0.3872745275497437,0.7268599748611451,0.6343690673587581,0.77252219459157,0.5798278868198394,0.00047518932714334556,0.00047518932714334556,
bilstm_only_v5_1,2,42,11,False,0.24696160554885865,0.24696160554885865,0.3504448294639587,0.7407890558242798,0.6980676328502415,0.7238115606327933,0.5662288844585419,0.0004159880544505913,0.0004159880544505913,
bilstm_only_v5_1,2,42,12,False,0.23836355805397033,0.23836355805397033,0.35809864699840543,0.7413067936897277,0.7588850404090385,0.6822364746694478,0.5276467740535736,0.0003567867817578368,0.0003567867817578368,
bilstm_only_v5_1,2,42,13,False,0.22724067270755768,0.22724067270755768,0.3571349740028381,0.7505415081977844,0.7588850404090385,0.650384766091354,0.5442540764808654,0.00029879067625473424,0.00029879067625473424,
bilstm_only_v5_1,2,42,14,False,0.23187150359153746,0.23187150359153746,0.35044792890548704,0.7504263639450073,0.8141258041283675,0.6281802388098424,0.5863968074321747,0.00024318037140236946,0.00024318037140236946,
bilstm_only_v5_1,2,42,15,False,0.20518652498722076,0.20518652498722076,0.3189274072647095,0.7561784863471985,0.7984010225589784,0.6128468571888004,0.6413108110427856,0.0001910879326406601,0.0001910879326406601,
bilstm_only_v5_1,2,42,16,False,0.20962053537368774,0.20962053537368774,0.3285508930683136,0.7570300817489624,0.7984010225589784,0.6019964516119889,0.5507672846317291,0.00014357381180060588,0.00014357381180060588,
bilstm_only_v5_1,2,42,17,False,0.18821299374103545,0.18821299374103545,0.3362183213233948,0.7526795744895936,0.7984010225589784,0.5939790309368007,0.5570555925369263,0.00010160525936310094,0.00010160525936310094,
bilstm_only_v5_1,2,42,18,False,0.1880315750837326,0.1880315750837326,0.3238059371709824,0.7580418825149536,0.7984010225589784,0.5886104142163496,0.5840025246143341,6.603663402846164e-05,6.603663402846164e-05,
bilstm_only_v5_1,2,42,19,False,0.1987266421318054,0.1987266421318054,0.3338361382484436,0.7570136427879334,0.7984010225589784,0.585134333005987,0.5602743029594421,3.759201043705596e-05,3.759201043705596e-05,
bilstm_only_v5_1,2,42,20,False,0.16801402270793914,0.16801402270793914,0.3213996171951294,0.7588377952575683,0.8085861966384055,0.5834333922826528,0.49213066697120667,1.6850439097684007e-05,1.6850439097684007e-05,
bilstm_only_v5_1,2,42,21,False,0.17615562677383423,0.17615562677383423,0.32727479934692383,0.766877543926239,0.8085861966384055,0.5827825089205726,0.5514699876308441,4.2341585890630824e-06,4.2341585890630824e-06,
bilstm_only_v5_1,2,42,22,False,0.18598664402961732,0.18598664402961732,0.3313300311565399,0.7616048932075501,0.8260259388308168,0.582546676197106,0.6834915041923523,0.0,0.0,
bilstm_only_v5_1,2,2026,1,False,0.4940768837928772,0.4940768837928772,0.42443767189979553,0.7338692665100097,0.21652421652421652,1.0419401456635253,0.8263534724712371,0.0008277419503121194,0.0008277419503121194,
bilstm_only_v5_1,2,2026,2,False,0.4621185302734375,0.4621185302734375,0.4180572390556335,0.7368844628334046,0.26790890269151135,1.0226475920709703,0.5153908729553223,0.0008151256698034985,0.0008151256698034985,
bilstm_only_v5_1,2,2026,3,False,0.443103164434433,0.443103164434433,0.416586571931839,0.7251438617706298,0.2911877394636015,1.0093732460661011,0.5838428497314453,0.0007943840984641265,0.0007943840984641265,
bilstm_only_v5_1,2,2026,4,False,0.4343817889690399,0.4343817889690399,0.4080804705619812,0.7229605078697204,0.3130776794493609,0.9983425509653066,0.5498538196086884,0.0007659394748727208,0.0007659394748727208,
bilstm_only_v5_1,2,2026,5,False,0.41343817114830017,0.41343817114830017,0.40234826803207396,0.7320112943649292,0.33033509700176367,0.9891854842336686,0.5193414270877839,0.0007303708495380814,0.0007303708495380814,
bilstm_only_v5_1,2,2026,6,False,0.42669408321380614,0.42669408321380614,0.3991387724876404,0.7349777579307556,0.3642699303076662,0.9783205820970353,0.5376690447330474,0.0006884022971005765,0.0006884022971005765,
bilstm_only_v5_1,2,2026,7,False,0.4156065762042999,0.4156065762042999,0.39456853866577146,0.7382622361183167,0.33783054506206156,0.9606731224900494,0.489452064037323,0.0006408881762605224,0.0006408881762605224,
bilstm_only_v5_1,2,2026,8,False,0.3979972302913666,0.3979972302913666,0.3847592771053314,0.7474481344223023,0.40401002506265665,0.9387548712771071,0.4895350396633148,0.0005887957374988129,0.0005887957374988129,
bilstm_only_v5_1,2,2026,9,False,0.3774154782295227,0.3774154782295227,0.37086398601531984,0.7499700427055359,0.4238801211541527,0.9105481189727254,0.5205833792686463,0.0005331854326464481,0.0005331854326464481,
bilstm_only_v5_1,2,2026,10,False,0.3643555760383606,0.3643555760383606,0.37137612104415896,0.7571335315704346,0.4373723086594374,0.8802323181598013,0.5841348767280579,0.00047518932714334556,0.00047518932714334556,
bilstm_only_v5_1,2,2026,11,False,0.34081095457077026,0.34081095457077026,0.3592769742012024,0.7703213572502137,0.40401002506265665,0.8487866200051203,0.5832978427410126,0.0004159880544505913,0.0004159880544505913,
bilstm_only_v5_1,2,2026,12,False,0.32624804973602295,0.32624804973602295,0.34387217164039613,0.7800273299217224,0.4944111659227938,0.8138064600440614,0.5682917594909668,0.0003567867817578368,0.0003567867817578368,
bilstm_only_v5_1,2,2026,13,False,0.3015380918979645,0.3015380918979645,0.34135536551475526,0.7904415249824523,0.5937621832358674,0.7797553717366621,0.5849118053913116,0.00029879067625473424,0.00029879067625473424,
bilstm_only_v5_1,2,2026,14,False,0.27999221682548525,0.27999221682548525,0.33080739378929136,0.8004634261131287,0.627862440560235,0.7499859722461022,0.7101590037345886,0.00024318037140236946,0.00024318037140236946,
bilstm_only_v5_1,2,2026,15,False,0.28431749939918516,0.28431749939918516,0.32762802839279176,0.8129474639892578,0.7139409071993342,0.7269594443341848,0.7264369010925293,0.0001910879326406601,0.0001910879326406601,
bilstm_only_v5_1,2,2026,16,False,0.2555169969797134,0.2555169969797134,0.3105249285697937,0.8204034328460693,0.744596527068437,0.7091347974014737,0.5693084120750427,0.00014357381180060588,0.00014357381180060588,
bilstm_only_v5_1,2,2026,17,False,0.24455040991306304,0.24455040991306304,0.3174857318401337,0.8293520092964173,0.7639860139860141,0.6962544575175795,0.5840514123439788,0.00010160525936310094,0.00010160525936310094,
bilstm_only_v5_1,2,2026,18,False,0.25690503418445587,0.25690503418445587,0.30683029294013975,0.82642662525177,0.7764613419785834,0.685758401840264,0.6986619889736175,6.603663402846164e-05,6.603663402846164e-05,
bilstm_only_v5_1,2,2026,19,False,0.2510006964206696,0.2510006964206696,0.3009090483188629,0.8309561014175415,0.7663529594773274,0.6791911599150662,0.5668254375457764,3.759201043705596e-05,3.759201043705596e-05,
bilstm_only_v5_1,2,2026,20,False,0.24115357398986817,0.24115357398986817,0.3123617172241211,0.8283376216888427,0.7663529594773274,0.675640809178048,0.6128752589225769,1.6850439097684007e-05,1.6850439097684007e-05,
bilstm_only_v5_1,2,2026,21,False,0.24099303483963014,0.24099303483963014,0.30477014780044553,0.8292631030082702,0.7663529594773274,0.6741673959986851,0.5896655678749084,4.2341585890630824e-06,4.2341585890630824e-06,
bilstm_only_v5_1,2,2026,22,False,0.2496591627597809,0.2496591627597809,0.31028678715229036,0.8260497331619263,0.7663529594773274,0.6737344481556995,0.6130489230155944,0.0,0.0,
bilstm_only_v5_1,2,3407,1,False,0.4933877825737,0.4933877825737,0.4535323798656464,0.6968852400779724,0.21652421652421652,1.0234772640645176,0.8843774199485779,0.0008277419503121194,0.0008277419503121194,
bilstm_only_v5_1,2,3407,2,False,0.44601666927337646,0.44601666927337646,0.4579197406768799,0.6890951037406922,0.2430821626223925,1.0117130064815445,0.6332081139087677,0.0008151256698034985,0.0008151256698034985,
bilstm_only_v5_1,2,3407,3,False,0.43447495698928834,0.43447495698928834,0.4589171648025513,0.6842888832092285,0.2911877394636015,0.9995167326849909,0.6177244782447815,0.0007943840984641265,0.0007943840984641265,
bilstm_only_v5_1,2,3407,4,False,0.42659621834754946,0.42659621834754946,0.45692996978759765,0.6850589990615845,0.34545454545454546,0.9889715794111273,0.5466882586479187,0.0007659394748727208,0.0007659394748727208,
bilstm_only_v5_1,2,3407,5,False,0.4304500222206116,0.4304500222206116,0.4513410568237305,0.6764213562011718,0.3476981654551748,0.9807193907867997,0.5763443827629089,0.0007303708495380814,0.0007303708495380814,
bilstm_only_v5_1,2,3407,6,False,0.4186591863632202,0.4186591863632202,0.4344338893890381,0.6741567611694336,0.35555555555555557,0.9650706923341128,0.5528667747974396,0.0006884022971005765,0.0006884022971005765,
bilstm_only_v5_1,2,3407,7,False,0.39136292338371276,0.39136292338371276,0.4475440144538879,0.6737674593925476,0.36355459615038677,0.9399858761805097,0.5663974761962891,0.0006408881762605224,0.0006408881762605224,
bilstm_only_v5_1,2,3407,8,False,0.3859372317790985,0.3859372317790985,0.43986776471138,0.6797062158584595,0.36355459615038677,0.9030622091556936,0.5711352586746216,0.0005887957374988129,0.0005887957374988129,
bilstm_only_v5_1,2,3407,9,False,0.354785293340683,0.354785293340683,0.45156627893447876,0.6743892669677735,0.4098705501618123,0.8579228712400316,0.6105090022087097,0.0005331854326464481,0.0005331854326464481,
bilstm_only_v5_1,2,3407,10,False,0.3335350215435028,0.3335350215435028,0.43064494132995607,0.6715418100357056,0.48113470613470616,0.8139551515723381,0.6027969717979431,0.00047518932714334556,0.00047518932714334556,
bilstm_only_v5_1,2,3407,11,False,0.29704087376594546,0.29704087376594546,0.43170482516288755,0.6706871271133423,0.5744444444444444,0.7640751002656516,0.6094521820545197,0.0004159880544505913,0.0004159880544505913,
bilstm_only_v5_1,2,3407,12,False,0.2766497850418091,0.2766497850418091,0.41677236557006836,0.6673641800880432,0.6614383897889052,0.719626294339489,0.6068849623203277,0.0003567867817578368,0.0003567867817578368,
bilstm_only_v5_1,2,3407,13,False,0.2501264899969101,0.2501264899969101,0.41167007088661195,0.6744605779647828,0.7743450767841011,0.6849239267154692,0.5824272990226745,0.00029879067625473424,0.00029879067625473424,
bilstm_only_v5_1,2,3407,14,False,0.23523626029491423,0.23523626029491423,0.40968472361564634,0.6736517667770385,0.7689539068849415,0.653824784577903,0.6218708395957947,0.00024318037140236946,0.00024318037140236946,
bilstm_only_v5_1,2,3407,15,False,0.24824870228767396,0.24824870228767396,0.40502384305000305,0.6808216214179993,0.7820844099913867,0.6312134720616989,0.5962620615959168,0.0001910879326406601,0.0001910879326406601,
bilstm_only_v5_1,2,3407,16,False,0.21870649456977845,0.21870649456977845,0.38917548656463624,0.6736584901809692,0.8072723179106158,0.6157176530038959,0.5806996703147889,0.00014357381180060588,0.00014357381180060588,
bilstm_only_v5_1,2,3407,17,False,0.21960121095180513,0.21960121095180513,0.40525512099266053,0.6779059171676636,0.8072723179106158,0.6054845243127078,0.6870500326156617,0.00010160525936310094,0.00010160525936310094,
bilstm_only_v5_1,2,3407,18,False,0.20759921073913573,0.20759921073913573,0.37534099817276,0.6745809555053711,0.7948470209339774,0.5995670276876872,0.6587803363800049,6.603663402846164e-05,6.603663402846164e-05,
bilstm_only_v5_1,2,3407,19,False,0.2172904223203659,0.2172904223203659,0.3856050968170166,0.677977454662323,0.8081143662539011,0.5966661329376166,0.6062800407409668,3.759201043705596e-05,3.759201043705596e-05,
bilstm_only_v5_1,2,3407,20,False,0.2016674131155014,0.2016674131155014,0.3764562964439392,0.6790590047836303,0.8081143662539011,0.5950284317757986,0.5562493801116943,1.6850439097684007e-05,1.6850439097684007e-05,
bilstm_only_v5_1,2,3407,21,False,0.21621017158031464,0.21621017158031464,0.38466560244560244,0.6819571256637573,0.8081143662539011,0.5941173014627587,0.5670968174934388,4.2341585890630824e-06,4.2341585890630824e-06,
bilstm_only_v5_1,2,3407,22,False,0.19932763576507567,0.19932763576507567,0.3881945192813873,0.6809844374656677,0.8081143662539011,0.5939197517222767,0.591643500328064,0.0,0.0,
cnn_bilstm_v5_1_transfer_selected,2,42,1,,0.4570646719499068,,,,0.21652421652421652,,,,,shared_trunk_subject_specific_heads
cnn_bilstm_v5_1_transfer_selected,2,42,2,,0.40954117341475055,,,,0.2568338249754179,,,,,shared_trunk_subject_specific_heads
cnn_bilstm_v5_1_transfer_selected,2,42,3,,0.3880977115847848,,,,0.3399626041135475,,,,,shared_trunk_subject_specific_heads
cnn_bilstm_v5_1_transfer_selected,2,42,4,,0.3332371305335652,,,,0.5562045341609847,,,,,shared_trunk_subject_specific_heads
cnn_bilstm_v5_1_transfer_selected,2,42,5,,0.22630747069012036,,,,0.7377295995182175,,,,,shared_trunk_subject_specific_heads
cnn_bilstm_v5_1_transfer_selected,2,42,6,,0.13822553780945865,,,,0.8473712278060104,,,,,shared_trunk_subject_specific_heads
cnn_bilstm_v5_1_transfer_selected,2,42,7,,0.11872506818988106,,,,0.856819386231151,,,,,shared_trunk_subject_specific_heads
cnn_bilstm_v5_1_transfer_selected,2,42,8,,0.11892457848245447,,,,0.9022154316271963,,,,,shared_trunk_subject_specific_heads
cnn_bilstm_v5_1_transfer_selected,2,42,9,,0.10879042372107506,,,,0.8631353285731166,,,,,shared_trunk_subject_specific_heads
cnn_bilstm_v5_1_transfer_selected,2,42,10,,0.09092556990005753,,,,0.819449308717333,,,,,shared_trunk_subject_specific_heads
cnn_bilstm_v5_1_transfer_selected,2,42,11,,0.09200349280780012,,,,0.7618538324420677,,,,,shared_trunk_subject_specific_heads
cnn_bilstm_v5_1_transfer_selected,2,42,12,,0.08858370340683243,,,,0.8749615975422427,,,,,shared_trunk_subject_specific_heads
cnn_bilstm_v5_1_transfer_selected,2,42,13,,0.08681974797086282,,,,0.7946145045297469,,,,,shared_trunk_subject_specific_heads
cnn_bilstm_v5_1_transfer_selected,2,42,14,,0.08884855901653116,,,,0.8452525252525253,,,,,shared_trunk_subject_specific_heads
cnn_bilstm_v5_1_transfer_selected,2,42,15,,0.08591804788871245,,,,0.7936775158997381,,,,,shared_trunk_subject_specific_heads
cnn_bilstm_v5_1_transfer_selected,2,42,16,,0.09204969758337195,,,,0.8767183258909027,,,,,shared_trunk_subject_specific_heads
cnn_bilstm_v5_1_transfer_selected,2,42,17,,0.08609758114272897,,,,0.9043586550435866,,,,,shared_trunk_subject_specific_heads
cnn_bilstm_v5_1_transfer_selected,2,42,18,,0.08598543466492133,,,,0.7936775158997381,,,,,shared_trunk_subject_specific_heads
cnn_bilstm_v5_1_transfer_selected,2,42,19,,0.08774111826311458,,,,0.8767183258909027,,,,,shared_trunk_subject_specific_heads
cnn_bilstm_v5_1_transfer_selected,2,42,20,,0.07921260155060074,,,,0.876255858836504,,,,,shared_trunk_subject_specific_heads
cnn_bilstm_v5_1_transfer_selected,2,42,21,,0.07403824105858803,,,,0.843975468975469,,,,,shared_trunk_subject_specific_heads
cnn_bilstm_v5_1_transfer_selected,2,42,22,,0.07609359174966812,,,,0.8514948683623382,,,,,shared_trunk_subject_specific_heads
cnn_bilstm_v5_1_transfer_selected,2,1201,1,,0.4404025213284926,,,,0.21652421652421652,,,,,shared_trunk_subject_specific_heads
cnn_bilstm_v5_1_transfer_selected,2,1201,2,,0.3855128532106226,,,,0.3717171717171717,,,,,shared_trunk_subject_specific_heads
cnn_bilstm_v5_1_transfer_selected,2,1201,3,,0.28929841382937,,,,0.757516339869281,,,,,shared_trunk_subject_specific_heads
cnn_bilstm_v5_1_transfer_selected,2,1201,4,,0.1774443347345699,,,,0.7650523861387658,,,,,shared_trunk_subject_specific_heads
cnn_bilstm_v5_1_transfer_selected,2,1201,5,,0.14031836729158054,,,,0.765897065897066,,,,,shared_trunk_subject_specific_heads
cnn_bilstm_v5_1_transfer_selected,2,1201,6,,0.12487235800786452,,,,0.8258258258258259,,,,,shared_trunk_subject_specific_heads
cnn_bilstm_v5_1_transfer_selected,2,1201,7,,0.11276318539272655,,,,0.7646228167967298,,,,,shared_trunk_subject_specific_heads
cnn_bilstm_v5_1_transfer_selected,2,1201,8,,0.11344957419417122,,,,0.8091223197606175,,,,,shared_trunk_subject_specific_heads
cnn_bilstm_v5_1_transfer_selected,2,1201,9,,0.11228577453981746,,,,0.8462336750007983,,,,,shared_trunk_subject_specific_heads
cnn_bilstm_v5_1_transfer_selected,2,1201,10,,0.0995206514542753,,,,0.8347384817973054,,,,,shared_trunk_subject_specific_heads
cnn_bilstm_v5_1_transfer_selected,2,1201,11,,0.09448963065039027,,,,0.7905487804878049,,,,,shared_trunk_subject_specific_heads
cnn_bilstm_v5_1_transfer_selected,2,1201,12,,0.10301142118193886,,,,0.8170594837261503,,,,,shared_trunk_subject_specific_heads
cnn_bilstm_v5_1_transfer_selected,2,1201,13,,0.08835135535760359,,,,0.8298821548821548,,,,,shared_trunk_subject_specific_heads
cnn_bilstm_v5_1_transfer_selected,2,1201,14,,0.09591743824156848,,,,0.8318537254707468,,,,,shared_trunk_subject_specific_heads
cnn_bilstm_v5_1_transfer_selected,2,1201,15,,0.08646990697492253,,,,0.8584401709401709,,,,,shared_trunk_subject_specific_heads
cnn_bilstm_v5_1_transfer_selected,2,1201,16,,0.08058480274948207,,,,0.8318537254707468,,,,,shared_trunk_subject_specific_heads
cnn_bilstm_v5_1_transfer_selected,2,1201,17,,0.09238201007246971,,,,0.819449308717333,,,,,shared_trunk_subject_specific_heads
cnn_bilstm_v5_1_transfer_selected,2,1201,18,,0.0851673727685755,,,,0.8181505090127953,,,,,shared_trunk_subject_specific_heads
cnn_bilstm_v5_1_transfer_selected,2,1201,19,,0.0814119042320685,,,,0.8318537254707468,,,,,shared_trunk_subject_specific_heads
cnn_bilstm_v5_1_transfer_selected,2,1201,20,,0.08011886274272745,,,,0.8318537254707468,,,,,shared_trunk_subject_specific_heads
cnn_bilstm_v5_1_transfer_selected,2,1201,21,,0.08021406795490872,,,,0.8642629904559915,,,,,shared_trunk_subject_specific_heads
cnn_bilstm_v5_1_transfer_selected,2,1201,22,,0.08861906961961226,,,,0.8642629904559915,,,,,shared_trunk_subject_specific_heads
cnn_bilstm_v5_1_transfer_selected,2,2026,1,,0.44160060449080035,,,,0.21652421652421652,,,,,shared_trunk_subject_specific_heads
cnn_bilstm_v5_1_transfer_selected,2,2026,2,,0.410065621137619,,,,0.26790890269151135,,,,,shared_trunk_subject_specific_heads
cnn_bilstm_v5_1_transfer_selected,2,2026,3,,0.38878660852258856,,,,0.39730639730639733,,,,,shared_trunk_subject_specific_heads
cnn_bilstm_v5_1_transfer_selected,2,2026,4,,0.33771026405421173,,,,0.47222222222222215,,,,,shared_trunk_subject_specific_heads
cnn_bilstm_v5_1_transfer_selected,2,2026,5,,0.22390068661082874,,,,0.7521210407239819,,,,,shared_trunk_subject_specific_heads
cnn_bilstm_v5_1_transfer_selected,2,2026,6,,0.14370754225687546,,,,0.8347384817973054,,,,,shared_trunk_subject_specific_heads
cnn_bilstm_v5_1_transfer_selected,2,2026,7,,0.11553726819428531,,,,0.8767183258909027,,,,,shared_trunk_subject_specific_heads
cnn_bilstm_v5_1_transfer_selected,2,2026,8,,0.10487263344905594,,,,0.819449308717333,,,,,shared_trunk_subject_specific_heads
cnn_bilstm_v5_1_transfer_selected,2,2026,9,,0.10429834134199402,,,,0.8462336750007983,,,,,shared_trunk_subject_specific_heads
cnn_bilstm_v5_1_transfer_selected,2,2026,10,,0.08550252088091591,,,,0.7988816738816739,,,,,shared_trunk_subject_specific_heads
cnn_bilstm_v5_1_transfer_selected,2,2026,11,,0.09781433641910553,,,,0.8110861569508186,,,,,shared_trunk_subject_specific_heads
cnn_bilstm_v5_1_transfer_selected,2,2026,12,,0.09797688912261616,,,,0.8852877792969959,,,,,shared_trunk_subject_specific_heads
cnn_bilstm_v5_1_transfer_selected,2,2026,13,,0.09784271364862268,,,,0.8624999999999999,,,,,shared_trunk_subject_specific_heads
cnn_bilstm_v5_1_transfer_selected,2,2026,14,,0.0920588154007088,,,,0.8598684210526315,,,,,shared_trunk_subject_specific_heads
cnn_bilstm_v5_1_transfer_selected,2,2026,15,,0.09050636264410886,,,,0.8598684210526315,,,,,shared_trunk_subject_specific_heads
cnn_bilstm_v5_1_transfer_selected,2,2026,16,,0.09071676196022467,,,,0.8631353285731166,,,,,shared_trunk_subject_specific_heads
cnn_bilstm_v5_1_transfer_selected,2,2026,17,,0.08032963391054761,,,,0.854303476052885,,,,,shared_trunk_subject_specific_heads
cnn_bilstm_v5_1_transfer_selected,2,2026,18,,0.07707955044778911,,,,0.8487928477019953,,,,,shared_trunk_subject_specific_heads
cnn_bilstm_v5_1_transfer_selected,2,2026,19,,0.07981492951512337,,,,0.8487928477019953,,,,,shared_trunk_subject_specific_heads
cnn_bilstm_v5_1_transfer_selected,2,2026,20,,0.0785516422580589,,,,0.8338768115942029,,,,,shared_trunk_subject_specific_heads
cnn_bilstm_v5_1_transfer_selected,2,2026,21,,0.08242233470082283,,,,0.8905982905982907,,,,,shared_trunk_subject_specific_heads
cnn_bilstm_v5_1_transfer_selected,2,2026,22,,0.07519909299232742,,,,0.8461293855775006,,,,,shared_trunk_subject_specific_heads
cnn_bilstm_v5_1_transfer_selected,2,3407,1,,0.4483040896329013,,,,0.21652421652421652,,,,,shared_trunk_subject_specific_heads
cnn_bilstm_v5_1_transfer_selected,2,3407,2,,0.41045686873522674,,,,0.3337173579109063,,,,,shared_trunk_subject_specific_heads
cnn_bilstm_v5_1_transfer_selected,2,3407,3,,0.36583600531924854,,,,0.4535147392290249,,,,,shared_trunk_subject_specific_heads
cnn_bilstm_v5_1_transfer_selected,2,3407,4,,0.25883943248878827,,,,0.7991050700790335,,,,,shared_trunk_subject_specific_heads
cnn_bilstm_v5_1_transfer_selected,2,3407,5,,0.153027628633109,,,,0.7766057585825027,,,,,shared_trunk_subject_specific_heads
cnn_bilstm_v5_1_transfer_selected,2,3407,6,,0.1154803681102666,,,,0.7965177365287436,,,,,shared_trunk_subject_specific_heads
cnn_bilstm_v5_1_transfer_selected,2,3407,7,,0.10982784899798306,,,,0.8347384817973054,,,,,shared_trunk_subject_specific_heads
cnn_bilstm_v5_1_transfer_selected,2,3407,8,,0.10067932510917837,,,,0.8737938129700581,,,,,shared_trunk_subject_specific_heads
cnn_bilstm_v5_1_transfer_selected,2,3407,9,,0.09734023836526004,,,,0.8230303030303031,,,,,shared_trunk_subject_specific_heads
cnn_bilstm_v5_1_transfer_selected,2,3407,10,,0.0950017317452214,,,,0.8298821548821548,,,,,shared_trunk_subject_specific_heads
cnn_bilstm_v5_1_transfer_selected,2,3407,11,,0.08213673802939328,,,,0.880485527544351,,,,,shared_trunk_subject_specific_heads
cnn_bilstm_v5_1_transfer_selected,2,3407,12,,0.0871006738055836,,,,0.8920377867746289,,,,,shared_trunk_subject_specific_heads
cnn_bilstm_v5_1_transfer_selected,2,3407,13,,0.0864979929544709,,,,0.8743418116912093,,,,,shared_trunk_subject_specific_heads
cnn_bilstm_v5_1_transfer_selected,2,3407,14,,0.08780588480559262,,,,0.843975468975469,,,,,shared_trunk_subject_specific_heads
cnn_bilstm_v5_1_transfer_selected,2,3407,15,,0.08627157319675792,,,,0.8642629904559915,,,,,shared_trunk_subject_specific_heads
cnn_bilstm_v5_1_transfer_selected,2,3407,16,,0.08328842744231224,,,,0.8529702555509008,,,,,shared_trunk_subject_specific_heads
cnn_bilstm_v5_1_transfer_selected,2,3407,17,,0.07807709513740106,,,,0.8888888888888888,,,,,shared_trunk_subject_specific_heads
cnn_bilstm_v5_1_transfer_selected,2,3407,18,,0.07604743540287018,,,,0.8888888888888888,,,,,shared_trunk_subject_specific_heads
cnn_bilstm_v5_1_transfer_selected,2,3407,19,,0.08179865709759972,,,,0.8905982905982907,,,,,shared_trunk_subject_specific_heads
cnn_bilstm_v5_1_transfer_selected,2,3407,20,,0.08219488100572066,,,,0.8642629904559915,,,,,shared_trunk_subject_specific_heads
cnn_bilstm_v5_1_transfer_selected,2,3407,21,,0.07997402819720181,,,,0.819449308717333,,,,,shared_trunk_subject_specific_heads
cnn_bilstm_v5_1_transfer_selected,2,3407,22,,0.0823189646682956,,,,0.8888888888888888,,,,,shared_trunk_subject_specific_heads
cnn_bilstm_v5_1_transfer_selected,2,7319,1,,0.43912587382576684,,,,0.21652421652421652,,,,,shared_trunk_subject_specific_heads
cnn_bilstm_v5_1_transfer_selected,2,7319,2,,0.38913628458976746,,,,0.3971962616822429,,,,,shared_trunk_subject_specific_heads
cnn_bilstm_v5_1_transfer_selected,2,7319,3,,0.31230331415479834,,,,0.5311355311355311,,,,,shared_trunk_subject_specific_heads
cnn_bilstm_v5_1_transfer_selected,2,7319,4,,0.20038874718275937,,,,0.8019229313346962,,,,,shared_trunk_subject_specific_heads
cnn_bilstm_v5_1_transfer_selected,2,7319,5,,0.13270456953482193,,,,0.871454248366013,,,,,shared_trunk_subject_specific_heads
cnn_bilstm_v5_1_transfer_selected,2,7319,6,,0.11103120310740038,,,,0.8458615936035291,,,,,shared_trunk_subject_specific_heads
cnn_bilstm_v5_1_transfer_selected,2,7319,7,,0.10674476962197911,,,,0.871454248366013,,,,,shared_trunk_subject_specific_heads
cnn_bilstm_v5_1_transfer_selected,2,7319,8,,0.10429763793945312,,,,0.7774436090225564,,,,,shared_trunk_subject_specific_heads
cnn_bilstm_v5_1_transfer_selected,2,7319,9,,0.0956421277739785,,,,0.871454248366013,,,,,shared_trunk_subject_specific_heads
cnn_bilstm_v5_1_transfer_selected,2,7319,10,,0.10252345353364944,,,,0.8598684210526315,,,,,shared_trunk_subject_specific_heads
cnn_bilstm_v5_1_transfer_selected,2,7319,11,,0.09025715291500092,,,,0.8423808809059222,,,,,shared_trunk_subject_specific_heads
cnn_bilstm_v5_1_transfer_selected,2,7319,12,,0.09042895483699712,,,,0.8808760683760685,,,,,shared_trunk_subject_specific_heads
cnn_bilstm_v5_1_transfer_selected,2,7319,13,,0.09335102885961533,,,,0.8666666666666667,,,,,shared_trunk_subject_specific_heads
cnn_bilstm_v5_1_transfer_selected,2,7319,14,,0.0888643901456486,,,,0.8567028985507247,,,,,shared_trunk_subject_specific_heads
cnn_bilstm_v5_1_transfer_selected,2,7319,15,,0.08803527395833623,,,,0.8703231292517007,,,,,shared_trunk_subject_specific_heads
cnn_bilstm_v5_1_transfer_selected,2,7319,16,,0.08429268341172826,,,,0.7610705865016211,,,,,shared_trunk_subject_specific_heads
cnn_bilstm_v5_1_transfer_selected,2,7319,17,,0.08378484032370827,,,,0.7905487804878049,,,,,shared_trunk_subject_specific_heads
cnn_bilstm_v5_1_transfer_selected,2,7319,18,,0.08546628870747307,,,,0.8584401709401709,,,,,shared_trunk_subject_specific_heads
cnn_bilstm_v5_1_transfer_selected,2,7319,19,,0.0774993161586198,,,,0.8248974008207934,,,,,shared_trunk_subject_specific_heads
cnn_bilstm_v5_1_transfer_selected,2,7319,20,,0.08500247380950234,,,,0.8539467068878833,,,,,shared_trunk_subject_specific_heads
cnn_bilstm_v5_1_transfer_selected,2,7319,21,,0.07331800799478184,,,,0.8888888888888888,,,,,shared_trunk_subject_specific_heads
cnn_bilstm_v5_1_transfer_selected,2,7319,22,,0.07884763553738594,,,,0.8514948683623382,,,,,shared_trunk_subject_specific_heads
cnn_bilstm_v5_1,3,42,1,False,0.5735572814941406,0.4592381179332733,0.4062516391277313,0.6613767743110657,0.2727102102102102,1.0189533907609467,0.891335391998291,0.0007973047527358038,0.0007973047527358038,
cnn_bilstm_v5_1,3,42,2,False,0.5141009598970413,0.40403553247451784,0.3936270147562027,0.6268003165721894,0.36355459615038677,0.9372031158434043,0.8205058693885803,0.0007491939049977458,0.0007491939049977458,
cnn_bilstm_v5_1,3,42,3,False,0.4286634594202042,0.32707005739212036,0.3620921984314919,0.5834993481636047,0.5107095046854083,0.7445361203237224,0.9403677761554718,0.0006733519058537922,0.0006733519058537922,
cnn_bilstm_v5_1,3,42,4,False,0.29894444048404695,0.21763402819633484,0.2686977118253708,0.5514173626899719,0.8171288436144124,0.6083848369221151,1.0347951769828796,0.0005759230230248499,0.0005759230230248499,
cnn_bilstm_v5_1,3,42,5,False,0.21002536714076997,0.14816486611962318,0.1841430701315403,0.5006378203630447,0.7888765958941398,0.5413522648186464,0.8587734162807464,0.0004648003651658427,0.0004648003651658427,
cnn_bilstm_v5_1,3,42,6,False,0.1766997307538986,0.12236604318022729,0.1548453152179718,0.46729243993759156,0.8448684210526315,0.5072979287541861,0.7972046554088592,0.00034898642914461483,0.00034898642914461483,
cnn_bilstm_v5_1,3,42,7,False,0.15663101226091386,0.10351011976599693,0.1588430806994438,0.42704556584358216,0.8374931124967949,0.4677452215032871,0.7855372607707978,0.00023786377128560772,0.00023786377128560772,
cnn_bilstm_v5_1,3,42,8,False,0.155048868060112,0.10344822518527508,0.15417383536696433,0.41531753838062285,0.8448684210526315,0.4629243059058472,0.8758860111236573,0.00014043488845666532,0.00014043488845666532,
cnn_bilstm_v5_1,3,42,9,False,0.16047502681612968,0.1096636950969696,0.15362097397446633,0.4017427086830139,0.8728205128205128,0.44955682450249035,1.1934284389019012,6.459288931271171e-05,6.459288931271171e-05,
cnn_bilstm_v5_1,3,42,10,False,0.15022583901882172,0.10123100578784942,0.1452113188803196,0.39905138313770294,0.8521187854521188,0.4448266946819005,0.9218364417552948,1.648204157465365e-05,1.648204157465365e-05,
cnn_bilstm_v5_1,3,42,11,False,0.14690924435853958,0.09680072069168091,0.15138660073280336,0.39662404358386993,0.8521187854521188,0.44457223835842297,0.9478920936584473,0.0,0.0,
cnn_bilstm_v5_1,3,1201,1,False,0.5573371231555939,0.4462463617324829,0.3847405642271042,0.6828531086444855,0.3717948717948718,0.983879013756233,0.9247681319713592,0.0007973047527358038,0.0007973047527358038,
cnn_bilstm_v5_1,3,1201,2,False,0.47296721041202544,0.3682679235935211,0.3574812948703766,0.6640604078769684,0.4503875968992248,0.887755492221351,0.8904914498329163,0.0007491939049977458,0.0007491939049977458,
cnn_bilstm_v5_1,3,1201,3,False,0.37676862180233,0.2842132106423378,0.30580085068941115,0.6279048025608063,0.7420975251163932,0.7114654648581182,0.877592146396637,0.0006733519058537922,0.0006733519058537922,
cnn_bilstm_v5_1,3,1201,4,False,0.26905724555253985,0.19825554490089417,0.2097265437245369,0.5771278023719788,0.7925419609630135,0.6075117863493458,1.0369778454303742,0.0005759230230248499,0.0005759230230248499,
cnn_bilstm_v5_1,3,1201,5,False,0.19298644214868546,0.13039444014430046,0.18050944805145264,0.5298022270202637,0.8820452958881221,0.5241390333630097,0.7569687068462372,0.0004648003651658427,0.0004648003651658427,
cnn_bilstm_v5_1,3,1201,6,False,0.1712151512503624,0.11380874365568161,0.16410816088318825,0.49169552624225615,0.88878096163186,0.47631343134100024,0.9579147577285767,0.00034898642914461483,0.00034898642914461483,
cnn_bilstm_v5_1,3,1201,7,False,0.1643517106771469,0.10746372565627098,0.1686244085431099,0.4632620751857758,0.8887070652540657,0.448214754674988,0.9259238362312316,0.00023786377128560772,0.00023786377128560772,
cnn_bilstm_v5_1,3,1201,8,False,0.15495123714208603,0.10123466812074185,0.15982320308685302,0.43503855764865873,0.8840622683469236,0.43577041073256334,1.1208645224571228,0.00014043488845666532,0.00014043488845666532,
cnn_bilstm_v5_1,3,1201,9,False,0.14001724421977996,0.08697802126407624,0.1603935554623604,0.41921022832393645,0.8857767819035424,0.4331279771845029,0.758076524734497,6.459288931271171e-05,6.459288931271171e-05,
cnn_bilstm_v5_1,3,1201,10,False,0.1457586482167244,0.09365338645875454,0.15669588819146157,0.4153216302394867,0.8735449735449735,0.4259061375749725,1.0048858225345612,1.648204157465365e-05,1.648204157465365e-05,
cnn_bilstm_v5_1,3,1201,11,False,0.14177594780921937,0.09027434587478637,0.15527175217866898,0.40894508063793183,0.8735449735449735,0.4249119889639888,0.8606240540742874,0.0,0.0,
cnn_bilstm_v5_1,3,2026,1,False,0.5842907011508942,0.470613506436348,0.3976236045360565,0.6830495536327362,0.29954954954954954,1.0029858693590468,1.0392656028270721,0.0007973047527358038,0.0007973047527358038,
cnn_bilstm_v5_1,3,2026,2,False,0.5179791808128357,0.41204356849193574,0.3723612979054451,0.6292671382427215,0.3952991452991453,0.9331706367569195,0.9031901836395264,0.0007491939049977458,0.0007491939049977458,
cnn_bilstm_v5_1,3,2026,3,False,0.43160470724105837,0.341246098279953,0.3035517200827599,0.5929652392864228,0.5606060606060606,0.7903842364380935,0.8427760362625122,0.0006733519058537922,0.0006733519058537922,
cnn_bilstm_v5_1,3,2026,4,False,0.30062682926654816,0.23543101847171782,0.193612802028656,0.5294649958610534,0.7805555555555556,0.6473183292066496,0.9367655694484711,0.0005759230230248499,0.0005759230230248499,
cnn_bilstm_v5_1,3,2026,5,False,0.20815794616937638,0.1509155288338661,0.17091359347105026,0.46119402050971986,0.8679327003165085,0.5332201512683605,0.8876344680786132,0.0004648003651658427,0.0004648003651658427,
cnn_bilstm_v5_1,3,2026,6,False,0.17420200854539872,0.11799972131848335,0.17569475695490838,0.42126667201519014,0.8202703729019518,0.496383893241409,1.411554718017578,0.00034898642914461483,0.00034898642914461483,
cnn_bilstm_v5_1,3,2026,7,False,0.16345629170536996,0.11036326475441456,0.16541152745485305,0.40021438598632814,0.9356775300171526,0.45539179834387805,1.0786317318677903,0.00023786377128560772,0.00023786377128560772,
cnn_bilstm_v5_1,3,2026,8,False,0.1463857315480709,0.09696314036846161,0.153519606590271,0.37437335550785067,0.8425591366767837,0.4422469934989426,0.9956844061613083,0.00014043488845666532,0.00014043488845666532,
cnn_bilstm_v5_1,3,2026,9,False,0.14907790198922158,0.10000186562538146,0.15445061810314656,0.3637182921171188,0.8668139293139294,0.42895568189292077,1.2619726181030273,6.459288931271171e-05,6.459288931271171e-05,
cnn_bilstm_v5_1,3,2026,10,False,0.13772807493805886,0.08973174504935741,0.15105491504073143,0.35570693016052246,0.8555537772087067,0.42402032046302374,1.061741054058075,1.648204157465365e-05,1.648204157465365e-05,
cnn_bilstm_v5_1,3,2026,11,False,0.14114615097641944,0.09220812432467937,0.15558696687221527,0.35641262531280515,0.8555537772087067,0.42321721717207544,1.0120521306991577,0.0,0.0,
cnn_bilstm_v5_1,3,3407,1,False,0.5785598814487457,0.45941970944404603,0.4310993492603302,0.6584062337875366,0.3971962616822429,0.9504875013655499,0.964800238609314,0.0007973047527358038,0.0007973047527358038,
cnn_bilstm_v5_1,3,3407,2,False,0.47654432952404024,0.36691265404224394,0.3853585094213486,0.6511993288993836,0.5638344226579521,0.832324638852365,0.8658449232578278,0.0007491939049977458,0.0007491939049977458,
cnn_bilstm_v5_1,3,3407,3,False,0.3322324439883232,0.24308140873908995,0.2895240843296051,0.6249242961406708,0.8133255406195209,0.6161982312042465,0.8356739640235901,0.0006733519058537922,0.0006733519058537922,
cnn_bilstm_v5_1,3,3407,4,False,0.20906237214803697,0.14137639105319977,0.19708414673805236,0.5653830111026764,0.8067824648469809,0.5083613538539014,0.8076730787754058,0.0005759230230248499,0.0005759230230248499,
cnn_bilstm_v5_1,3,3407,5,False,0.17655600607395172,0.11448754370212555,0.18463450223207473,0.5028312146663666,0.8716216216216216,0.4563104344503852,0.9392960727214813,0.0004648003651658427,0.0004648003651658427,
cnn_bilstm_v5_1,3,3407,6,False,0.15245593711733818,0.09646206349134445,0.16645353138446808,0.45406338572502136,0.877632435023799,0.4186792397000456,1.068507081270218,0.00034898642914461483,0.00034898642914461483,
cnn_bilstm_v5_1,3,3407,7,False,0.14864619374275206,0.09349494054913521,0.16908253580331803,0.426694917678833,0.837176730079956,0.40417473417320227,1.0642126858234406,0.00023786377128560772,0.00023786377128560772,
cnn_bilstm_v5_1,3,3407,8,False,0.1361650049686432,0.08468028232455253,0.15706207230687141,0.40144612789154055,0.8735449735449735,0.40284521040297167,0.936342978477478,0.00014043488845666532,0.00014043488845666532,
cnn_bilstm_v5_1,3,3407,9,False,0.14000082314014434,0.09114957749843597,0.14680526554584503,0.38980376422405244,0.837176730079956,0.39835900034167354,1.0259001970291137,6.459288931271171e-05,6.459288931271171e-05,
cnn_bilstm_v5_1,3,3407,10,False,0.13488458320498467,0.08557712696492673,0.1504291318356991,0.384432652592659,0.8735449735449735,0.3956736189021125,0.878237909078598,1.648204157465365e-05,1.648204157465365e-05,
cnn_bilstm_v5_1,3,3407,11,False,0.13934506699442864,0.08903030082583427,0.15529700219631196,0.3851072728633881,0.8735449735449735,0.39505180650179483,0.9457175672054291,0.0,0.0,
cnn_bilstm_v5_1,3,7319,1,False,0.5764641344547272,0.4645249009132385,0.38758278340101243,0.6884535610675812,0.2430821626223925,1.0022862148721032,0.8976056098937988,0.0007973047527358038,0.0007973047527358038,
cnn_bilstm_v5_1,3,7319,2,False,0.525114306807518,0.4191784620285034,0.3659116268157959,0.6550706088542938,0.4598459845984599,0.9389721042360757,0.8392406642436981,0.0007491939049977458,0.0007491939049977458,
cnn_bilstm_v5_1,3,7319,3,False,0.41726420521736146,0.3280667632818222,0.28825183063745496,0.6309416174888611,0.6510452961672474,0.7877118647423352,0.8259988605976105,0.0006733519058537922,0.0006733519058537922,
cnn_bilstm_v5_1,3,7319,4,False,0.30163245350122453,0.23367025852203369,0.19066617414355277,0.5965793490409851,0.8896969696969697,0.6434950484504812,0.9850183188915252,0.0005759230230248499,0.0005759230230248499,
cnn_bilstm_v5_1,3,7319,5,False,0.21105482578277587,0.1492862470448017,0.17093395665287972,0.5516356885433197,0.8622038187255577,0.5416221694660016,0.9607067286968232,0.0004648003651658427,0.0004648003651658427,
cnn_bilstm_v5_1,3,7319,6,False,0.18758465051651002,0.12752266451716424,0.1743773974478245,0.5037301182746887,0.84992784992785,0.48057200699647246,0.9194650888442993,0.00034898642914461483,0.00034898642914461483,
cnn_bilstm_v5_1,3,7319,7,False,0.15866805389523506,0.1035539947450161,0.15668926537036895,0.4755240738391876,0.8388521676192909,0.45526259343349335,0.8263691842556,0.00023786377128560772,0.00023786377128560772,
cnn_bilstm_v5_1,3,7319,8,False,0.15660857856273652,0.1029754102230072,0.15435960069298743,0.4552249312400818,0.8651159640045228,0.4443225042112515,0.7476751804351807,0.00014043488845666532,0.00014043488845666532,
cnn_bilstm_v5_1,3,7319,9,False,0.1462324872612953,0.09425592496991157,0.1492612712085247,0.4424861043691635,0.8388521676192909,0.43908228719029246,0.9355367541313171,6.459288931271171e-05,6.459288931271171e-05,
cnn_bilstm_v5_1,3,7319,10,False,0.1517110362648964,0.0999690718948841,0.15124119445681572,0.4298745602369308,0.8648043692362789,0.4379969961409835,0.8791110664606094,1.648204157465365e-05,1.648204157465365e-05,
cnn_bilstm_v5_1,3,7319,11,False,0.15334127470850945,0.10179628953337669,0.15164700746536255,0.4243116438388824,0.8539467068878833,0.4352862212047157,1.043299490213394,0.0,0.0,
cnn_only_v5_1,3,42,1,False,0.5799080848693847,0.46858241558074953,0.3820547044277191,0.6982944011688232,0.3717171717171717,0.9720361101957097,1.0865781247615813,0.0007973047527358038,0.0007973047527358038,
cnn_only_v5_1,3,42,2,False,0.4608655720949173,0.36480422914028166,0.3147251769900322,0.6623260259628296,0.5067340067340068,0.832629712484466,0.9257783532142639,0.0007491939049977458,0.0007491939049977458,
cnn_only_v5_1,3,42,3,False,0.30297239273786547,0.23247444331645967,0.2003898985683918,0.6083993673324585,0.739770391343133,0.6431551824234314,0.9164455652236938,0.0006733519058537922,0.0006733519058537922,
cnn_only_v5_1,3,42,4,False,0.21587939709424972,0.15496381670236586,0.1633673533797264,0.5648421943187714,0.789039039039039,0.536330324241217,1.3539412438869476,0.0005759230230248499,0.0005759230230248499,
cnn_only_v5_1,3,42,5,False,0.16847432851791383,0.11305577903985978,0.1519249841570854,0.5006710350513458,0.8672456364410387,0.4896795676689916,1.1028551518917085,0.0004648003651658427,0.0004648003651658427,
cnn_only_v5_1,3,42,6,False,0.15365721955895423,0.10351376309990883,0.1375187650322914,0.4527940660715103,0.8728205128205128,0.46602922396635965,0.9429157912731171,0.00034898642914461483,0.00034898642914461483,
cnn_only_v5_1,3,42,7,False,0.13750667497515678,0.08971597030758857,0.13272728100419046,0.42490490078926085,0.8736998260750947,0.4438855419524329,0.8477703005075454,0.00023786377128560772,0.00023786377128560772,
cnn_only_v5_1,3,42,8,False,0.1312510058283806,0.08398140892386437,0.13673802092671394,0.3984398454427719,0.8448684210526315,0.436890765941857,1.084434735774994,0.00014043488845666532,0.00014043488845666532,
cnn_only_v5_1,3,42,9,False,0.14039431735873223,0.09292311295866966,0.1375239908695221,0.39932814836502073,0.8875425578350065,0.43312346907634103,1.2326609432697295,6.459288931271171e-05,6.459288931271171e-05,
cnn_only_v5_1,3,42,10,False,0.12785377204418183,0.08300674185156823,0.1275100015103817,0.38690057694911956,0.877632435023799,0.4250903242743042,0.8147930085659028,1.648204157465365e-05,1.648204157465365e-05,
cnn_only_v5_1,3,42,11,False,0.11991839781403542,0.0767080694437027,0.12192380428314209,0.37651131451129916,0.8672456364410387,0.42402860195963554,0.9330763578414917,0.0,0.0,
cnn_only_v5_1,3,2026,1,False,0.5625788629055023,0.4488801836967468,0.40186264365911484,0.6665230333805084,0.4371919088900221,0.9540399472093263,1.1191826641559601,0.0007973047527358038,0.0007973047527358038,
cnn_only_v5_1,3,2026,2,False,0.46046511828899384,0.34994120597839357,0.3923845514655113,0.6409399032592773,0.5919325167137793,0.7915457342374832,1.043466681241989,0.0007491939049977458,0.0007491939049977458,
cnn_only_v5_1,3,2026,3,False,0.31494551301002505,0.21762273609638214,0.3328083097934723,0.6152223587036133,0.84513762099969,0.5912680949950866,0.9851769924163818,0.0006733519058537922,0.0006733519058537922,
cnn_only_v5_1,3,2026,4,False,0.19866521507501603,0.12886419370770455,0.20965220630168915,0.5574116170406341,0.824780074191839,0.5112069760354915,0.9695059806108475,0.0005759230230248499,0.0005759230230248499,
cnn_only_v5_1,3,2026,5,False,0.1592476859688759,0.10127500221133232,0.16653260439634324,0.49332324266433714,0.847013113161729,0.44629057558239016,1.0821555823087692,0.0004648003651658427,0.0004648003651658427,
cnn_only_v5_1,3,2026,6,False,0.14967005252838134,0.0927400290966034,0.17532832995057107,0.43728715777397154,0.8657728778186108,0.44887190717726616,1.381890031695366,0.00034898642914461483,0.00034898642914461483,
cnn_only_v5_1,3,2026,7,False,0.140128430724144,0.08940759040415287,0.15066740438342094,0.4117471933364868,0.8456613756613756,0.42605683768265157,1.2611381441354752,0.00023786377128560772,0.00023786377128560772,
cnn_only_v5_1,3,2026,8,False,0.12932338267564775,0.08254530094563961,0.13683563619852065,0.3882190674543381,0.8507078507078507,0.43733383731598,1.1052171617746354,0.00014043488845666532,0.00014043488845666532,
cnn_only_v5_1,3,2026,9,False,0.12986552268266677,0.08298297300934791,0.14138508662581445,0.37211059033870697,0.8681866079126354,0.4091016488502741,1.3796736270189285,6.459288931271171e-05,6.459288931271171e-05,
cnn_only_v5_1,3,2026,10,False,0.11945683062076569,0.07363941445946694,0.1372094728052616,0.36751037240028384,0.841174004192872,0.4031731432564133,0.900795379281044,1.648204157465365e-05,1.648204157465365e-05,
cnn_only_v5_1,3,2026,11,False,0.12356320023536682,0.0785438597202301,0.13322346955537795,0.3674929589033127,0.841174004192872,0.4028522463515142,0.9548445403575897,0.0,0.0,
cnn_only_v5_1,3,3407,1,False,0.5464110463857651,0.4360571801662445,0.39690317809581754,0.6194647252559662,0.3717171717171717,0.9395433548002274,0.8874008238315583,0.0007973047527358038,0.0007973047527358038,
cnn_only_v5_1,3,3407,2,False,0.4160864889621735,0.32117328345775603,0.32980270832777026,0.5790531694889068,0.6707239885096645,0.7406702977876685,0.9535793185234069,0.0007491939049977458,0.0007491939049977458,
cnn_only_v5_1,3,3407,3,False,0.24570332020521163,0.17917896062135696,0.2025337815284729,0.5203520774841308,0.8374576152783823,0.5533379997021578,0.8064144015312195,0.0006733519058537922,0.0006733519058537922,
cnn_only_v5_1,3,3407,4,False,0.16473302096128464,0.10771289244294166,0.17060580998659133,0.45797930657863617,0.8448684210526315,0.4793958147698859,0.8149252206087112,0.0005759230230248499,0.0005759230230248499,
cnn_only_v5_1,3,3407,5,False,0.1441454142332077,0.09532464668154716,0.14443354830145835,0.3986811637878418,0.8481580294823079,0.43308361430296344,0.9378185868263245,0.0004648003651658427,0.0004648003651658427,
cnn_only_v5_1,3,3407,6,False,0.13349415957927704,0.08857504352927208,0.13650809973478317,0.3523499369621277,0.8835263835263835,0.4125566854248689,1.3576383709907531,0.00034898642914461483,0.00034898642914461483,
cnn_only_v5_1,3,3407,7,False,0.13153672069311143,0.08709123395383359,0.1376876041293144,0.3381593346595764,0.8265697224918163,0.4046843395852544,1.3968992054462432,0.00023786377128560772,0.00023786377128560772,
cnn_only_v5_1,3,3407,8,False,0.11946501731872558,0.07747903279960155,0.13192711658775808,0.3120112091302872,0.816015013393125,0.40049336006177627,0.8967666685581207,0.00014043488845666532,0.00014043488845666532,
cnn_only_v5_1,3,3407,9,False,0.12364077046513558,0.08241829015314579,0.1290018618106842,0.30844205617904663,0.8460110685398042,0.39504575253023627,1.013556569814682,6.459288931271171e-05,6.459288931271171e-05,
cnn_only_v5_1,3,3407,10,False,0.11680984869599342,0.07672398164868355,0.1251396991312504,0.3011585742235184,0.8676698832579796,0.392177989938329,0.6905731290578843,1.648204157465365e-05,1.648204157465365e-05,
cnn_only_v5_1,3,3407,11,False,0.11965003535151482,0.0788806039839983,0.12847601100802422,0.30148459076881406,0.8676698832579796,0.3917661298862992,0.9296480596065522,0.0,0.0,
bilstm_only_v5_1,3,42,1,False,0.5818390905857086,0.46033660769462587,0.4313708066940308,0.7045662581920624,0.21652421652421652,1.0072957542125323,0.9623636662960052,0.0007973047527358038,0.0007973047527358038,
bilstm_only_v5_1,3,42,2,False,0.5309497833251953,0.41799135208129884,0.39580976963043213,0.6759296715259552,0.3717171717171717,0.9708390490861933,0.770620983839035,0.0007491939049977458,0.0007491939049977458,
bilstm_only_v5_1,3,42,3,False,0.4708994120359421,0.3651738464832306,0.3688359960913658,0.6391674876213074,0.5001633986928105,0.881568651146148,0.7595405340194702,0.0006733519058537922,0.0006733519058537922,
bilstm_only_v5_1,3,42,4,False,0.39221025109291074,0.29736195504665375,0.32564557790756227,0.594383692741394,0.6286231884057971,0.7362853060014931,0.8342085957527161,0.0005759230230248499,0.0005759230230248499,
bilstm_only_v5_1,3,42,5,False,0.3002950429916382,0.2258162871003151,0.23424252346158028,0.5526050448417663,0.7939928113767776,0.6031946754494126,0.807781308889389,0.0004648003651658427,0.0004648003651658427,
bilstm_only_v5_1,3,42,6,False,0.230789352953434,0.16945918500423432,0.18394022285938263,0.49084241688251495,0.8539121482498283,0.5441426579016755,0.8129377067089081,0.00034898642914461483,0.00034898642914461483,
bilstm_only_v5_1,3,42,7,False,0.2248006984591484,0.16492194831371307,0.18320944756269456,0.4647372454404831,0.8615230058268034,0.5089291803168295,0.9423633337020874,0.00023786377128560772,0.00023786377128560772,
bilstm_only_v5_1,3,42,8,False,0.19764958322048187,0.14054796248674392,0.17615538984537124,0.43741084933280944,0.841174004192872,0.4950334045241365,0.8738868236541748,0.00014043488845666532,0.00014043488845666532,
bilstm_only_v5_1,3,42,9,False,0.18255593180656432,0.12287532985210418,0.19390041381120682,0.4180103689432144,0.841174004192872,0.488277631747167,0.8130376935005188,6.459288931271171e-05,6.459288931271171e-05,
bilstm_only_v5_1,3,42,10,False,0.1953723505139351,0.13695809096097947,0.18722038567066193,0.419403600692749,0.8516419253261359,0.4858459130185291,0.7721504509449005,1.648204157465365e-05,1.648204157465365e-05,
bilstm_only_v5_1,3,42,11,False,0.1983920082449913,0.1414298638701439,0.18093054741621017,0.4155207246541977,0.8621848739495799,0.48577399858364445,0.8949226915836335,0.0,0.0,
bilstm_only_v5_1,3,2026,1,False,0.5956841766834259,0.4812050998210907,0.40485136210918427,0.6701761066913605,0.21652421652421652,1.0101931048129986,1.1179531931877136,0.0007973047527358038,0.0007973047527358038,
bilstm_only_v5_1,3,2026,2,False,0.5259921282529831,0.4174114286899567,0.3789086028933525,0.6559796273708344,0.39242495678139244,0.9629795667433448,0.9815544307231903,0.0007491939049977458,0.0007491939049977458,
bilstm_only_v5_1,3,2026,3,False,0.4770939439535141,0.3753812491893768,0.3543420657515526,0.6168856739997863,0.5300442757748262,0.8928551687216145,0.8734949409961701,0.0006733519058537922,0.0006733519058537922,
bilstm_only_v5_1,3,2026,4,False,0.39829710125923157,0.30981525182724,0.29729740172624586,0.5804473102092743,0.6396302110587825,0.7558482496200779,0.9133506059646607,0.0005759230230248499,0.0005759230230248499,
bilstm_only_v5_1,3,2026,5,False,0.3069530978798866,0.23517619967460632,0.22537267953157425,0.5340471118688583,0.7500100737397751,0.615578065905104,0.9461495399475097,0.0004648003651658427,0.0004648003651658427,
bilstm_only_v5_1,3,2026,6,False,0.2366783455014229,0.175612523406744,0.18543207943439483,0.4795880883932114,0.8425199709513436,0.5415917999000645,0.9733015477657319,0.00034898642914461483,0.00034898642914461483,
bilstm_only_v5_1,3,2026,7,False,0.22243571281433105,0.16474041640758513,0.17677639350295066,0.44680034518241885,0.8238273467031637,0.5107629806010088,0.9049942851066589,0.00023786377128560772,0.00023786377128560772,
bilstm_only_v5_1,3,2026,8,False,0.1919144496321678,0.13565480187535287,0.17741110250353814,0.4155485361814499,0.8621848739495799,0.4998191502929362,0.8645064353942871,0.00014043488845666532,0.00014043488845666532,
bilstm_only_v5_1,3,2026,9,False,0.17978221476078032,0.12556751668453217,0.16950173079967498,0.4062869608402252,0.8770305646573395,0.4889047544306376,0.8769354790449142,6.459288931271171e-05,6.459288931271171e-05,
bilstm_only_v5_1,3,2026,10,False,0.19717857986688614,0.14368255138397218,0.16634510606527328,0.40454016625881195,0.8770305646573395,0.48611813433015877,0.9217760801315308,1.648204157465365e-05,1.648204157465365e-05,
bilstm_only_v5_1,3,2026,11,False,0.18782636076211928,0.13242678195238114,0.17848625779151917,0.39404650330543517,0.8770305646573395,0.4856252901757691,0.8307844758033752,0.0,0.0,
bilstm_only_v5_1,3,3407,1,False,0.6112612426280976,0.49385157227516174,0.41709164083003997,0.6798269271850585,0.22871189773844638,1.0439041319693763,0.9844784498214721,0.0007973047527358038,0.0007973047527358038,
bilstm_only_v5_1,3,3407,2,False,0.5541352033615112,0.44350109398365023,0.39634327590465546,0.6273093283176422,0.35555555555555557,1.0133975735352871,0.8562563002109528,0.0007491939049977458,0.0007491939049977458,
bilstm_only_v5_1,3,3407,3,False,0.49896017014980315,0.39576500058174136,0.3634026780724525,0.610292649269104,0.40401002506265665,0.9662568559132279,0.7182020545005798,0.0006733519058537922,0.0006733519058537922,
bilstm_only_v5_1,3,3407,4,False,0.42241747081279757,0.3307702213525772,0.3124243527650833,0.5832475125789642,0.5096618357487923,0.8304457273636028,0.8032274007797241,0.0005759230230248499,0.0005759230230248499,
bilstm_only_v5_1,3,3407,5,False,0.32322094440460203,0.2497297614812851,0.2305310294032097,0.5476995170116424,0.7350265664325311,0.6881299283199451,0.8792815744876862,0.0004648003651658427,0.0004648003651658427,
bilstm_only_v5_1,3,3407,6,False,0.24596660882234572,0.18755279630422592,0.16452128440141678,0.5101911187171936,0.8349696280730763,0.5830509281815283,0.8611532568931579,0.00034898642914461483,0.00034898642914461483,
bilstm_only_v5_1,3,3407,7,False,0.21682817935943605,0.15656549260020255,0.183975687623024,0.4693510115146637,0.7942347288949897,0.5536844522532829,0.7719395577907562,0.00023786377128560772,0.00023786377128560772,
bilstm_only_v5_1,3,3407,8,False,0.19787814915180207,0.14060649573802947,0.17529212832450866,0.4442644685506821,0.8175760400368409,0.5235226480200202,0.8250314116477966,0.00014043488845666532,0.00014043488845666532,
bilstm_only_v5_1,3,3407,9,False,0.1786285385489464,0.12659632861614228,0.15456048920750617,0.42240228354930875,0.8067824648469809,0.5107936661112629,0.7936548829078675,6.459288931271171e-05,6.459288931271171e-05,
bilstm_only_v5_1,3,3407,10,False,0.17927416190505027,0.1235686831176281,0.17379288896918296,0.41893801987171175,0.8206477732793522,0.5057053753137359,0.6857444524765015,1.648204157465365e-05,1.648204157465365e-05,
bilstm_only_v5_1,3,3407,11,False,0.18533252626657487,0.130671626329422,0.17006320953369142,0.4129651844501495,0.8206477732793522,0.5050881324414755,0.8279690027236939,0.0,0.0,
cnn_bilstm_v5_1_transfer_selected,3,42,1,,0.5285535739226774,,,,0.23830227743271218,,,,,shared_trunk_subject_specific_heads
cnn_bilstm_v5_1_transfer_selected,3,42,2,,0.381628308783878,,,,0.7101465785676312,,,,,shared_trunk_subject_specific_heads
cnn_bilstm_v5_1_transfer_selected,3,42,3,,0.18976056203246117,,,,0.8337623951182304,,,,,shared_trunk_subject_specific_heads
cnn_bilstm_v5_1_transfer_selected,3,42,4,,0.14622389152646065,,,,0.875,,,,,shared_trunk_subject_specific_heads
cnn_bilstm_v5_1_transfer_selected,3,42,5,,0.13497470793398944,,,,0.8785369220151829,,,,,shared_trunk_subject_specific_heads
cnn_bilstm_v5_1_transfer_selected,3,42,6,,0.1325534780255773,,,,0.8817094017094016,,,,,shared_trunk_subject_specific_heads
cnn_bilstm_v5_1_transfer_selected,3,42,7,,0.12066791917790066,,,,0.8633986928104574,,,,,shared_trunk_subject_specific_heads
cnn_bilstm_v5_1_transfer_selected,3,42,8,,0.11609995399009097,,,,0.8277911646586347,,,,,shared_trunk_subject_specific_heads
cnn_bilstm_v5_1_transfer_selected,3,42,9,,0.12211314199323003,,,,0.8280763610952291,,,,,shared_trunk_subject_specific_heads
cnn_bilstm_v5_1_transfer_selected,3,42,10,,0.11735906993800943,,,,0.8889152475359373,,,,,shared_trunk_subject_specific_heads
cnn_bilstm_v5_1_transfer_selected,3,42,11,,0.1096330081874674,,,,0.8689233773229196,,,,,shared_trunk_subject_specific_heads
cnn_bilstm_v5_1_transfer_selected,3,1201,1,,0.5521425320343538,,,,0.3219445860955295,,,,,shared_trunk_subject_specific_heads
cnn_bilstm_v5_1_transfer_selected,3,1201,2,,0.4297960955988277,,,,0.6723671305207112,,,,,shared_trunk_subject_specific_heads
cnn_bilstm_v5_1_transfer_selected,3,1201,3,,0.22522693872451782,,,,0.864265898420828,,,,,shared_trunk_subject_specific_heads
cnn_bilstm_v5_1_transfer_selected,3,1201,4,,0.15318965810266408,,,,0.84992784992785,,,,,shared_trunk_subject_specific_heads
cnn_bilstm_v5_1_transfer_selected,3,1201,5,,0.13693744655359874,,,,0.8091591591591593,,,,,shared_trunk_subject_specific_heads
cnn_bilstm_v5_1_transfer_selected,3,1201,6,,0.1344677016816356,,,,0.8892803970223325,,,,,shared_trunk_subject_specific_heads
cnn_bilstm_v5_1_transfer_selected,3,1201,7,,0.13201610032807698,,,,0.8383838383838383,,,,,shared_trunk_subject_specific_heads
cnn_bilstm_v5_1_transfer_selected,3,1201,8,,0.11575509946454655,,,,0.920669176348413,,,,,shared_trunk_subject_specific_heads
cnn_bilstm_v5_1_transfer_selected,3,1201,9,,0.11495337601412427,,,,0.8431476762908193,,,,,shared_trunk_subject_specific_heads
cnn_bilstm_v5_1_transfer_selected,3,1201,10,,0.10859450748698278,,,,0.8943889324648456,,,,,shared_trunk_subject_specific_heads
cnn_bilstm_v5_1_transfer_selected,3,1201,11,,0.11472057855942032,,,,0.8406774702143913,,,,,shared_trunk_subject_specific_heads
cnn_bilstm_v5_1_transfer_selected,3,2026,1,,0.5401275726881895,,,,0.21652421652421652,,,,,shared_trunk_subject_specific_heads
cnn_bilstm_v5_1_transfer_selected,3,2026,2,,0.45126183331012726,,,,0.7013092921859849,,,,,shared_trunk_subject_specific_heads
cnn_bilstm_v5_1_transfer_selected,3,2026,3,,0.23762279071591116,,,,0.7952215445821583,,,,,shared_trunk_subject_specific_heads
cnn_bilstm_v5_1_transfer_selected,3,2026,4,,0.16262253069064833,,,,0.8734049175225646,,,,,shared_trunk_subject_specific_heads
cnn_bilstm_v5_1_transfer_selected,3,2026,5,,0.13188007423146206,,,,0.8696372325404584,,,,,shared_trunk_subject_specific_heads
cnn_bilstm_v5_1_transfer_selected,3,2026,6,,0.12291163206100464,,,,0.8535327924273157,,,,,shared_trunk_subject_specific_heads
cnn_bilstm_v5_1_transfer_selected,3,2026,7,,0.11976639824834737,,,,0.9004018681438036,,,,,shared_trunk_subject_specific_heads
cnn_bilstm_v5_1_transfer_selected,3,2026,8,,0.11304761249233376,,,,0.8736998260750947,,,,,shared_trunk_subject_specific_heads
cnn_bilstm_v5_1_transfer_selected,3,2026,9,,0.12013570541007952,,,,0.875,,,,,shared_trunk_subject_specific_heads
cnn_bilstm_v5_1_transfer_selected,3,2026,10,,0.12146681648763744,,,,0.7983019564414914,,,,,shared_trunk_subject_specific_heads
cnn_bilstm_v5_1_transfer_selected,3,2026,11,,0.11433960734443231,,,,0.8622038187255577,,,,,shared_trunk_subject_specific_heads
cnn_bilstm_v5_1_transfer_selected,3,3407,1,,0.5438306060704318,,,,0.3130776794493609,,,,,shared_trunk_subject_specific_heads
cnn_bilstm_v5_1_transfer_selected,3,3407,2,,0.43080649999054993,,,,0.6497453310696094,,,,,shared_trunk_subject_specific_heads
cnn_bilstm_v5_1_transfer_selected,3,3407,3,,0.2241260829296979,,,,0.8503329297820823,,,,,shared_trunk_subject_specific_heads
cnn_bilstm_v5_1_transfer_selected,3,3407,4,,0.150056834586642,,,,0.8088023088023087,,,,,shared_trunk_subject_specific_heads
cnn_bilstm_v5_1_transfer_selected,3,3407,5,,0.14803454584696077,,,,0.8244949494949495,,,,,shared_trunk_subject_specific_heads
cnn_bilstm_v5_1_transfer_selected,3,3407,6,,0.1309447833760218,,,,0.8841817186644771,,,,,shared_trunk_subject_specific_heads
cnn_bilstm_v5_1_transfer_selected,3,3407,7,,0.12231774424964731,,,,0.9040657198551937,,,,,shared_trunk_subject_specific_heads
cnn_bilstm_v5_1_transfer_selected,3,3407,8,,0.10811410014602271,,,,0.864265898420828,,,,,shared_trunk_subject_specific_heads
cnn_bilstm_v5_1_transfer_selected,3,3407,9,,0.11048190685158427,,,,0.864265898420828,,,,,shared_trunk_subject_specific_heads
cnn_bilstm_v5_1_transfer_selected,3,3407,10,,0.12087552486495538,,,,0.9002752145054234,,,,,shared_trunk_subject_specific_heads
cnn_bilstm_v5_1_transfer_selected,3,3407,11,,0.10449412482028658,,,,0.8681309089322052,,,,,shared_trunk_subject_specific_heads
cnn_bilstm_v5_1_transfer_selected,3,7319,1,,0.5365752293304964,,,,0.2430821626223925,,,,,shared_trunk_subject_specific_heads
cnn_bilstm_v5_1_transfer_selected,3,7319,2,,0.4292597052725879,,,,0.7438556067588326,,,,,shared_trunk_subject_specific_heads
cnn_bilstm_v5_1_transfer_selected,3,7319,3,,0.21150654622099616,,,,0.7845990357945434,,,,,shared_trunk_subject_specific_heads
cnn_bilstm_v5_1_transfer_selected,3,7319,4,,0.16205899248068983,,,,0.8286168280871671,,,,,shared_trunk_subject_specific_heads
cnn_bilstm_v5_1_transfer_selected,3,7319,5,,0.1305567757649855,,,,0.8937662337662338,,,,,shared_trunk_subject_specific_heads
cnn_bilstm_v5_1_transfer_selected,3,7319,6,,0.12665786797350104,,,,0.8619402985074628,,,,,shared_trunk_subject_specific_heads
cnn_bilstm_v5_1_transfer_selected,3,7319,7,,0.12034988487986001,,,,0.9075533661740559,,,,,shared_trunk_subject_specific_heads
cnn_bilstm_v5_1_transfer_selected,3,7319,8,,0.11843508922240951,,,,0.8943901543204302,,,,,shared_trunk_subject_specific_heads
cnn_bilstm_v5_1_transfer_selected,3,7319,9,,0.12642263824289496,,,,0.8991230310770542,,,,,shared_trunk_subject_specific_heads
cnn_bilstm_v5_1_transfer_selected,3,7319,10,,0.1248816918920387,,,,0.8515312479506854,,,,,shared_trunk_subject_specific_heads
cnn_bilstm_v5_1_transfer_selected,3,7319,11,,0.11124023964459245,,,,0.9002752145054234,,,,,shared_trunk_subject_specific_heads
cnn_bilstm_v5_1,4,42,1,False,0.47268322110176086,0.47268322110176086,0.4098240375518799,0.8038649678230285,0.21652421652421652,1.0343703074344408,0.4978668510913849,0.0028578481539038147,0.0028578481539038147,
cnn_bilstm_v5_1,4,42,2,False,0.43937807679176333,0.43937807679176333,0.4186857283115387,0.8244389891624451,0.2849557522123894,1.0061734084296674,0.38391889333724977,0.002775745369635143,0.002775745369635143,
cnn_bilstm_v5_1,4,42,3,False,0.39775524139404295,0.39775524139404295,0.3997417509555817,0.8454257488250733,0.5516129032258065,0.9105384438121924,0.38461450934410096,0.002642417682639615,0.002642417682639615,
cnn_bilstm_v5_1,4,42,4,False,0.29615002274513247,0.29615002274513247,0.3548509180545807,0.8993442296981812,0.6764252696456086,0.7781090319260928,0.4253149390220642,0.002462988801157441,0.002462988801157441,
cnn_bilstm_v5_1,4,42,5,False,0.23126929700374604,0.23126929700374604,0.35179899334907533,0.9443911552429199,0.7839285714285715,0.6827710228221565,0.39490236043930055,0.002244354076479105,0.002244354076479105,
cnn_bilstm_v5_1,4,42,6,False,0.17778825163841247,0.17778825163841247,0.36377127170562745,1.00217045545578,0.8667576409664269,0.6069642156449132,0.4786130964756012,0.001994915518462229,0.001994915518462229,
cnn_bilstm_v5_1,4,42,7,False,0.1656917303800583,0.1656917303800583,0.37718583941459655,1.0352440118789672,0.8062815562815563,0.5650422067161838,0.7038217544555664,0.001724258911004647,0.001724258911004647,
cnn_bilstm_v5_1,4,42,8,False,0.14546505808830262,0.14546505808830262,0.41176885962486265,1.0918664693832398,0.8420634920634921,0.5205639405635987,0.6276711761951447,0.0014427854357449788,0.0014427854357449788,
cnn_bilstm_v5_1,4,42,9,False,0.13109636902809144,0.13109636902809144,0.4211349070072174,1.1173945665359497,0.8309462787074727,0.5142743036483549,0.4485841393470764,0.001161311960485311,0.001161311960485311,
cnn_bilstm_v5_1,4,42,10,False,0.12668183892965318,0.12668183892965318,0.45391097068786623,1.1201294898986816,0.8309462787074727,0.4949181968054659,0.4995513021945953,0.0008906553530277288,0.0008906553530277288,
cnn_bilstm_v5_1,4,42,11,False,0.12646103501319886,0.12646103501319886,0.43591923713684083,1.1279680490493775,0.8696372325404584,0.466829303369756,0.4798551380634308,0.0006412167950108531,0.0006412167950108531,
cnn_bilstm_v5_1,4,42,12,False,0.11037838608026504,0.11037838608026504,0.4843191921710968,1.141251230239868,0.9097147722435078,0.45036619160906066,0.5700155615806579,0.00042258207033251657,0.00042258207033251657,
cnn_bilstm_v5_1,4,42,13,False,0.11048086285591126,0.11048086285591126,0.47349557280540466,1.1365273475646973,0.8539179047792665,0.4556003807644872,0.6616963505744934,0.00024315318885034234,0.00024315318885034234,
cnn_bilstm_v5_1,4,42,14,False,0.10462936908006668,0.10462936908006668,0.47916288375854493,1.1504908323287963,0.8424110384894697,0.45205607446382756,0.4626476734876633,0.00010982550185481466,0.00010982550185481466,
cnn_bilstm_v5_1,4,42,15,False,0.10540422201156616,0.10540422201156616,0.45473694801330566,1.1399686574935912,0.8309462787074727,0.44796437983855253,0.5090075910091401,2.772271758614277e-05,2.772271758614277e-05,
cnn_bilstm_v5_1,4,42,16,False,0.10445019155740738,0.10445019155740738,0.4618215262889862,1.142740249633789,0.8577333436668475,0.44623767096660444,0.4546005606651306,0.0,0.0,
cnn_bilstm_v5_1,4,1201,1,False,0.4932723343372345,0.4932723343372345,0.41110861897468565,0.7221873521804809,0.21652421652421652,1.0465206123927717,0.53135387301445,0.0028578481539038147,0.0028578481539038147,
cnn_bilstm_v5_1,4,1201,2,False,0.44884043335914614,0.44884043335914614,0.41380969285964964,0.7539947390556335,0.26790890269151135,1.0346981742887191,0.38011970520019533,0.002775745369635143,0.002775745369635143,
cnn_bilstm_v5_1,4,1201,3,False,0.4407427549362183,0.4407427549362183,0.4264514982700348,0.7541808724403382,0.3904761904761904,1.0308754519712056,0.2549452126026154,0.002642417682639615,0.002642417682639615,
cnn_bilstm_v5_1,4,1201,4,False,0.419943368434906,0.419943368434906,0.4489371538162231,0.7615042209625245,0.5168992248062015,0.9758635578599597,0.3439768522977829,0.002462988801157441,0.002462988801157441,
cnn_bilstm_v5_1,4,1201,5,False,0.3680310368537903,0.3680310368537903,0.4661146879196167,0.7626262784004212,0.5606060606060606,0.8731362143481256,0.4356117367744446,0.002244354076479105,0.002244354076479105,
cnn_bilstm_v5_1,4,1201,6,False,0.31206939220428465,0.31206939220428465,0.5181092858314514,0.7469314813613892,0.6045837633298934,0.8016591381019398,0.4463939070701599,0.001994915518462229,0.001994915518462229,
cnn_bilstm_v5_1,4,1201,7,False,0.26807327270507814,0.26807327270507814,0.5644929528236389,0.7396815538406372,0.6176738141650422,0.7379564407704167,0.4729049146175385,0.001724258911004647,0.001724258911004647,
cnn_bilstm_v5_1,4,1201,8,False,0.2423468381166458,0.2423468381166458,0.5760023832321167,0.7465430617332458,0.8355618065322706,0.675308188823329,0.5996434628963471,0.0014427854357449788,0.0014427854357449788,
cnn_bilstm_v5_1,4,1201,9,False,0.20118115246295928,0.20118115246295928,0.5600126087665558,0.7722763061523438,0.9251833286921007,0.6248551361121214,0.6482307314872742,0.001161311960485311,0.001161311960485311,
cnn_bilstm_v5_1,4,1201,10,False,0.18023506700992584,0.18023506700992584,0.5938651204109192,0.7846574544906616,0.8493408662900189,0.5873070627488812,0.5721218109130859,0.0008906553530277288,0.0008906553530277288,
cnn_bilstm_v5_1,4,1201,11,False,0.17447197139263154,0.17447197139263154,0.5965685963630676,0.7893328189849853,0.8284427284427286,0.5691371549553986,0.548418003320694,0.0006412167950108531,0.0006412167950108531,
cnn_bilstm_v5_1,4,1201,12,False,0.15678698420524598,0.15678698420524598,0.6061533212661743,0.7994886875152588,0.8547974413646054,0.5473372924826935,0.42597962617874147,0.00042258207033251657,0.00042258207033251657,
cnn_bilstm_v5_1,4,1201,13,False,0.13895849287509918,0.13895849287509918,0.6224474430084228,0.8107100367546082,0.866131907308378,0.5344547962874536,0.42346411347389223,0.00024315318885034234,0.00024315318885034234,
cnn_bilstm_v5_1,4,1201,14,False,0.14510057866573334,0.14510057866573334,0.5950299024581909,0.7999666690826416,0.8683473389355741,0.5227999848982353,0.5850439667701721,0.00010982550185481466,0.00010982550185481466,
cnn_bilstm_v5_1,4,1201,15,False,0.14842531383037566,0.14842531383037566,0.6136251926422119,0.8030692934989929,0.866131907308378,0.523631017586335,0.6349559664726258,2.772271758614277e-05,2.772271758614277e-05,
cnn_bilstm_v5_1,4,1201,16,False,0.147525155544281,0.147525155544281,0.6171248972415924,0.8036357164382935,0.8555018786902844,0.5236701086479404,0.5661026656627655,0.0,0.0,
cnn_bilstm_v5_1,4,2026,1,False,0.5026337027549743,0.5026337027549743,0.42681573033332826,0.6894614696502686,0.34257930814602267,1.0454940080822508,0.598731416463852,0.0028578481539038147,0.0028578481539038147,
cnn_bilstm_v5_1,4,2026,2,False,0.4385402679443359,0.4385402679443359,0.40768314003944395,0.7292308211326599,0.2430821626223925,1.012429395463885,0.3284187734127045,0.002775745369635143,0.002775745369635143,
cnn_bilstm_v5_1,4,2026,3,False,0.42077767848968506,0.42077767848968506,0.3791253685951233,0.7459278702735901,0.36355459615038677,0.9603606432057853,0.3711217284202576,0.002642417682639615,0.002642417682639615,
cnn_bilstm_v5_1,4,2026,4,False,0.35398865342140196,0.35398865342140196,0.31966337859630584,0.7311742544174195,0.5404596763225894,0.863854371796681,0.42532297372817995,0.002462988801157441,0.002462988801157441,
cnn_bilstm_v5_1,4,2026,5,False,0.2798382341861725,0.2798382341861725,0.25608484745025634,0.7436941504478455,0.5398170567662093,0.7736706105562194,0.43214216232299807,0.002244354076479105,0.002244354076479105,
cnn_bilstm_v5_1,4,2026,6,False,0.24286743998527527,0.24286743998527527,0.24539270699024202,0.7506508827209473,0.5398170567662093,0.7066431802563203,0.5107496798038482,0.001994915518462229,0.001994915518462229,
cnn_bilstm_v5_1,4,2026,7,False,0.2040240705013275,0.2040240705013275,0.23309504389762878,0.7531193375587464,0.5606060606060606,0.675836497148964,0.400383448600769,0.001724258911004647,0.001724258911004647,
cnn_bilstm_v5_1,4,2026,8,False,0.19137643575668334,0.19137643575668334,0.24930481612682343,0.7569048404693604,0.6042510446801671,0.6251405012876973,0.5086310744285584,0.0014427854357449788,0.0014427854357449788,
cnn_bilstm_v5_1,4,2026,9,False,0.16429177522659302,0.16429177522659302,0.2773842751979828,0.7136733412742615,0.8412274649788524,0.6048290150335923,0.5066394567489624,0.001161311960485311,0.001161311960485311,
cnn_bilstm_v5_1,4,2026,10,False,0.15815361738204955,0.15815361738204955,0.2315653830766678,0.7669575333595275,0.8539179047792665,0.5718799175868429,0.681044852733612,0.0008906553530277288,0.0008906553530277288,
cnn_bilstm_v5_1,4,2026,11,False,0.13951036483049392,0.13951036483049392,0.2680125176906586,0.7253887891769409,0.8478650071291502,0.5512632667977473,0.46569191217422484,0.0006412167950108531,0.0006412167950108531,
cnn_bilstm_v5_1,4,2026,12,False,0.13700888454914092,0.13700888454914092,0.28308709859848025,0.7176500082015991,0.8309462787074727,0.5365877140619075,0.5378637969493866,0.00042258207033251657,0.00042258207033251657,
cnn_bilstm_v5_1,4,2026,13,False,0.12389759570360184,0.12389759570360184,0.26541079878807067,0.7369551301002503,0.8309462787074727,0.5272146748011118,0.37635154128074644,0.00024315318885034234,0.00024315318885034234,
cnn_bilstm_v5_1,4,2026,14,False,0.12368973046541214,0.12368973046541214,0.2531237185001373,0.7477558493614197,0.8309462787074727,0.5140549963869321,0.3891156792640686,0.00010982550185481466,0.00010982550185481466,
cnn_bilstm_v5_1,4,2026,15,False,0.12588629871606827,0.12588629871606827,0.24854714870452882,0.7555711746215821,0.8577333436668475,0.507119680247499,0.5756204485893249,2.772271758614277e-05,2.772271758614277e-05,
cnn_bilstm_v5_1,4,2026,16,False,0.1090070903301239,0.1090070903301239,0.24652123749256133,0.7481201529502869,0.8577333436668475,0.5050584314515477,0.2961106300354004,0.0,0.0,
cnn_bilstm_v5_1,4,3407,1,False,0.488561224937439,0.488561224937439,0.4106553018093109,0.6768479347229004,0.21652421652421652,1.025969611139124,0.5316196203231811,0.0028578481539038147,0.0028578481539038147,
cnn_bilstm_v5_1,4,3407,2,False,0.44123262763023374,0.44123262763023374,0.45495702624320983,0.6700163006782531,0.2911877394636015,0.9916944952685397,0.34869949221611024,0.002775745369635143,0.002775745369635143,
cnn_bilstm_v5_1,4,3407,3,False,0.4121651291847229,0.4121651291847229,0.4598046004772186,0.6560912013053894,0.48484848484848486,0.9129864614981494,0.36873345971107485,0.002642417682639615,0.002642417682639615,
cnn_bilstm_v5_1,4,3407,4,False,0.3379743158817291,0.3379743158817291,0.4570285379886627,0.6617101907730103,0.7817663817663818,0.8244655334652006,0.5003693759441376,0.002462988801157441,0.002462988801157441,
cnn_bilstm_v5_1,4,3407,5,False,0.27825471460819245,0.27825471460819245,0.47330782413482664,0.6723897337913514,0.7357587220900506,0.7416691707954709,0.4684797704219818,0.002244354076479105,0.002244354076479105,
cnn_bilstm_v5_1,4,3407,6,False,0.22796933650970458,0.22796933650970458,0.5063670516014099,0.7026738166809082,0.8339726027397262,0.6737509460222538,0.5852148771286011,0.001994915518462229,0.001994915518462229,
cnn_bilstm_v5_1,4,3407,7,False,0.1955023616552353,0.1955023616552353,0.5359065771102905,0.7319988131523132,0.8442067736185382,0.6189964985162255,0.6048172175884247,0.001724258911004647,0.001724258911004647,
cnn_bilstm_v5_1,4,3407,8,False,0.16121111810207367,0.16121111810207367,0.6003032505512238,0.7170087695121765,0.8539179047792665,0.5732038387503474,0.772219443321228,0.0014427854357449788,0.0014427854357449788,
cnn_bilstm_v5_1,4,3407,9,False,0.15867612063884734,0.15867612063884734,0.5605427086353302,0.7392889857292175,0.8612169693640493,0.5256829476766616,0.9677439510822297,0.001161311960485311,0.001161311960485311,
cnn_bilstm_v5_1,4,3407,10,False,0.13298773914575576,0.13298773914575576,0.623587143421173,0.729828703403473,0.8771364570867469,0.5188139443494493,0.6478841125965118,0.0008906553530277288,0.0008906553530277288,
cnn_bilstm_v5_1,4,3407,11,False,0.1157639354467392,0.1157639354467392,0.5955771386623383,0.7311502814292907,0.8442067736185382,0.48546944883224247,0.7110248744487763,0.0006412167950108531,0.0006412167950108531,
cnn_bilstm_v5_1,4,3407,12,False,0.13057671934366227,0.13057671934366227,0.5692195296287537,0.74137202501297,0.8442067736185382,0.4761875759571896,0.5684795796871185,0.00042258207033251657,0.00042258207033251657,
cnn_bilstm_v5_1,4,3407,13,False,0.12791345417499542,0.12791345417499542,0.5956643700599671,0.7332148551940918,0.8668463611859837,0.4737042362378851,0.5362230598926544,0.00024315318885034234,0.00024315318885034234,
cnn_bilstm_v5_1,4,3407,14,False,0.1245687484741211,0.1245687484741211,0.6136112689971924,0.7283753156661987,0.8668463611859837,0.4699161689648485,0.4275935709476471,0.00010982550185481466,0.00010982550185481466,
cnn_bilstm_v5_1,4,3407,15,False,0.09994523972272873,0.09994523972272873,0.6200798749923706,0.7297088623046875,0.8825500703434975,0.46703760243059217,0.32968137264251707,2.772271758614277e-05,2.772271758614277e-05,
cnn_bilstm_v5_1,4,3407,16,False,0.10755331814289093,0.10755331814289093,0.6070219159126282,0.7325076341629029,0.8825500703434975,0.46651487987233264,0.6627262771129608,0.0,0.0,
cnn_bilstm_v5_1,4,7319,1,False,0.48689247369766236,0.48689247369766236,0.4784287869930267,0.7818802952766418,0.29954954954954954,1.0297823759156288,0.586577570438385,0.0028578481539038147,0.0028578481539038147,
cnn_bilstm_v5_1,4,7319,2,False,0.4330598175525665,0.4330598175525665,0.5096361935138702,0.8695161581039429,0.2430821626223925,1.0008758867812981,0.3236291378736496,0.002775745369635143,0.002775745369635143,
cnn_bilstm_v5_1,4,7319,3,False,0.41516554951667783,0.41516554951667783,0.4938551723957062,0.872763478755951,0.3337173579109063,0.9386760894147925,0.46486060619354247,0.002642417682639615,0.002642417682639615,
cnn_bilstm_v5_1,4,7319,4,False,0.34811972379684447,0.34811972379684447,0.4687342464923859,0.8612388491630554,0.8338389310220297,0.8348906398416054,0.440922749042511,0.002462988801157441,0.002462988801157441,
cnn_bilstm_v5_1,4,7319,5,False,0.27335943579673766,0.27335943579673766,0.4168262302875519,0.8283601522445678,0.6900562851782365,0.784045496437218,0.5285921156406402,0.002244354076479105,0.002244354076479105,
cnn_bilstm_v5_1,4,7319,6,False,0.24188935458660127,0.24188935458660127,0.40485485792160036,0.8286796092987061,0.7678362573099414,0.724561188279256,0.6026797890663147,0.001994915518462229,0.001994915518462229,
cnn_bilstm_v5_1,4,7319,7,False,0.20068598985671998,0.20068598985671998,0.41086670756340027,0.8462944984436035,0.8770305646573395,0.6630664610674398,0.4617141902446747,0.001724258911004647,0.001724258911004647,
cnn_bilstm_v5_1,4,7319,8,False,0.17660385966300965,0.17660385966300965,0.4176604151725769,0.8524637818336487,0.8820982590465775,0.6307837224199516,0.4005853831768036,0.0014427854357449788,0.0014427854357449788,
cnn_bilstm_v5_1,4,7319,9,False,0.15741391181945802,0.15741391181945802,0.38457268476486206,0.8464537262916565,0.875,0.5817819659498789,0.46252294182777404,0.001161311960485311,0.001161311960485311,
cnn_bilstm_v5_1,4,7319,10,False,0.1496400475502014,0.1496400475502014,0.37699055671691895,0.8334514856338501,0.8966049382716049,0.5417581777437261,0.4975931763648987,0.0008906553530277288,0.0008906553530277288,
cnn_bilstm_v5_1,4,7319,11,False,0.13461791574954987,0.13461791574954987,0.36749061942100525,0.8401691079139709,0.9260593927260595,0.5122635555477247,0.5786527216434478,0.0006412167950108531,0.0006412167950108531,
cnn_bilstm_v5_1,4,7319,12,False,0.13155238777399064,0.13155238777399064,0.3576179802417755,0.8482963919639588,0.9184857934857935,0.496175256082627,0.596633768081665,0.00042258207033251657,0.00042258207033251657,
cnn_bilstm_v5_1,4,7319,13,False,0.13102444410324096,0.13102444410324096,0.3593303680419922,0.850039005279541,0.8857767819035424,0.48715566288676004,0.7556096315383911,0.00024315318885034234,0.00024315318885034234,
cnn_bilstm_v5_1,4,7319,14,False,0.12959224879741668,0.12959224879741668,0.3623403668403625,0.8411605834960938,0.8966049382716049,0.48677586841741355,0.5592826724052429,0.00010982550185481466,0.00010982550185481466,
cnn_bilstm_v5_1,4,7319,15,False,0.11185991019010544,0.11185991019010544,0.34438957571983336,0.84495108127594,0.8966049382716049,0.4855485496211546,0.4891555428504944,2.772271758614277e-05,2.772271758614277e-05,
cnn_bilstm_v5_1,4,7319,16,False,0.12429308444261551,0.12429308444261551,0.35501291751861574,0.8568670868873596,0.8966049382716049,0.4847983475660417,0.5769803047180175,0.0,0.0,
cnn_only_v5_1,4,42,1,False,0.48376492857933046,0.48376492857933046,0.39989168643951417,0.723658537864685,0.2430821626223925,1.015337999653515,0.5807263612747192,0.0028578481539038147,0.0028578481539038147,
cnn_only_v5_1,4,42,2,False,0.4137446701526642,0.4137446701526642,0.4025859832763672,0.7720302104949951,0.46581196581196577,0.9313506119739497,0.4247591316699982,0.002775745369635143,0.002775745369635143,
cnn_only_v5_1,4,42,3,False,0.34318331480026243,0.34318331480026243,0.3457271158695221,0.7927994012832642,0.6167257683215129,0.8058736728862737,0.5195167124271393,0.002642417682639615,0.002642417682639615,
cnn_only_v5_1,4,42,4,False,0.2409247100353241,0.2409247100353241,0.31703543961048125,0.8397998809814453,0.822609332496338,0.6771229585952278,0.6346242189407348,0.002462988801157441,0.002462988801157441,
cnn_only_v5_1,4,42,5,False,0.1979699105024338,0.1979699105024338,0.30840268433094026,0.8943414926528931,0.8800550249331728,0.6328773801609379,0.5880455017089844,0.002244354076479105,0.002244354076479105,
cnn_only_v5_1,4,42,6,False,0.16065106689929962,0.16065106689929962,0.31866187453269956,0.9249308824539184,0.8696372325404584,0.5694278949778828,0.41840035319328306,0.001994915518462229,0.001994915518462229,
cnn_only_v5_1,4,42,7,False,0.13700962364673613,0.13700962364673613,0.3097187697887421,0.9624519944190979,0.8913325985754471,0.5294696773758338,0.5479792773723602,0.001724258911004647,0.001724258911004647,
cnn_only_v5_1,4,42,8,False,0.12983725666999818,0.12983725666999818,0.2874551773071289,1.0063278913497924,0.8696372325404584,0.4951554701871369,0.4432421952486038,0.0014427854357449788,0.0014427854357449788,
cnn_only_v5_1,4,42,9,False,0.1223002701997757,0.1223002701997757,0.3119076132774353,1.034203863143921,0.8782592993860598,0.49186207457728703,0.466124439239502,0.001161311960485311,0.001161311960485311,
cnn_only_v5_1,4,42,10,False,0.11264865696430207,0.11264865696430207,0.3032774806022644,1.046721863746643,0.899178175040244,0.4552941471221356,0.5368004679679871,0.0008906553530277288,0.0008906553530277288,
cnn_only_v5_1,4,42,11,False,0.11036027073860169,0.11036027073860169,0.3044369399547577,1.0596510171890259,0.8886434511434511,0.4486204183880094,0.6502915263175965,0.0006412167950108531,0.0006412167950108531,
cnn_only_v5_1,4,42,12,False,0.10491678267717361,0.10491678267717361,0.3051562875509262,1.0807721138000488,0.8804493107041348,0.4360091522608242,0.4363808810710907,0.00042258207033251657,0.00042258207033251657,
cnn_only_v5_1,4,42,13,False,0.09464189559221267,0.09464189559221267,0.30919948816299436,1.0789597511291504,0.8688660649444963,0.43288683137099515,0.36214072406291964,0.00024315318885034234,0.00024315318885034234,
cnn_only_v5_1,4,42,14,False,0.09468895941972733,0.09468895941972733,0.29031596779823304,1.0892333745956422,0.8665123456790124,0.42844743205685215,0.38631036281585696,0.00010982550185481466,0.00010982550185481466,
cnn_only_v5_1,4,42,15,False,0.09702051132917404,0.09702051132917404,0.3046174466609955,1.090563917160034,0.8825500703434975,0.4276228469057583,0.433412903547287,2.772271758614277e-05,2.772271758614277e-05,
cnn_only_v5_1,4,42,16,False,0.08772426396608353,0.08772426396608353,0.30561443865299226,1.0881889581680297,0.8665123456790124,0.42724750962697083,0.42231434881687163,0.0,0.0,
cnn_only_v5_1,4,2026,1,False,0.4985792338848114,0.4985792338848114,0.42586950659751893,0.7095081567764282,0.21652421652421652,1.0070631404385546,0.8105091035366059,0.0028578481539038147,0.0028578481539038147,
cnn_only_v5_1,4,2026,2,False,0.43493873476982114,0.43493873476982114,0.41483227610588075,0.7353906393051147,0.4059964726631393,0.9579055328111182,0.34643740952014923,0.002775745369635143,0.002775745369635143,
cnn_only_v5_1,4,2026,3,False,0.34744595289230346,0.34744595289230346,0.4442894637584686,0.7447748780250549,0.8063833251913369,0.8319573859833983,0.43066800236701963,0.002642417682639615,0.002642417682639615,
cnn_only_v5_1,4,2026,4,False,0.2477704554796219,0.2477704554796219,0.5173491716384888,0.7700928568840026,0.7675115207373272,0.6822234085725074,0.5636049151420593,0.002462988801157441,0.002462988801157441,
cnn_only_v5_1,4,2026,5,False,0.19761580526828765,0.19761580526828765,0.6061090230941772,0.7563355326652527,0.8300194931773879,0.6228740631978609,0.625904244184494,0.002244354076479105,0.002244354076479105,
cnn_only_v5_1,4,2026,6,False,0.16309688985347748,0.16309688985347748,0.6135265350341796,0.7655526041984558,0.8966049382716049,0.572519878614163,0.4080566048622131,0.001994915518462229,0.001994915518462229,
cnn_only_v5_1,4,2026,7,False,0.14372482001781464,0.14372482001781464,0.6420574188232422,0.7672270178794861,0.8735449735449735,0.5293056746096306,0.5364378154277801,0.001724258911004647,0.001724258911004647,
cnn_only_v5_1,4,2026,8,False,0.1286366894841194,0.1286366894841194,0.6587483048439026,0.807059395313263,0.8442067736185382,0.5097017121519716,0.35614149272441864,0.0014427854357449788,0.0014427854357449788,
cnn_only_v5_1,4,2026,9,False,0.1205447107553482,0.1205447107553482,0.6829828500747681,0.8065029859542847,0.8442067736185382,0.4848280436108021,0.40441403687000277,0.001161311960485311,0.001161311960485311,
cnn_only_v5_1,4,2026,10,False,0.11091102063655853,0.11091102063655853,0.6814744591712951,0.8098493337631225,0.9155112771551127,0.46633094706919337,0.39768139719963075,0.0008906553530277288,0.0008906553530277288,
cnn_only_v5_1,4,2026,11,False,0.10805269032716751,0.10805269032716751,0.6875762820243836,0.81368488073349,0.8577333436668475,0.4568467627005737,0.3627401739358902,0.0006412167950108531,0.0006412167950108531,
cnn_only_v5_1,4,2026,12,False,0.10343611389398574,0.10343611389398574,0.6915465116500854,0.8232312798500061,0.8442067736185382,0.4501499987474469,0.4523310959339142,0.00042258207033251657,0.00042258207033251657,
cnn_only_v5_1,4,2026,13,False,0.09609798789024353,0.09609798789024353,0.6973590731620789,0.8201432466506958,0.8442067736185382,0.4443885095676912,0.3824037492275238,0.00024315318885034234,0.00024315318885034234,
cnn_only_v5_1,4,2026,14,False,0.10221905410289764,0.10221905410289764,0.690565538406372,0.820932149887085,0.8442067736185382,0.4415256550065719,0.3386205077171326,0.00010982550185481466,0.00010982550185481466,
cnn_only_v5_1,4,2026,15,False,0.09708718061447144,0.09708718061447144,0.7055704712867736,0.8228508591651916,0.8577333436668475,0.4392601263574709,0.3978076308965683,2.772271758614277e-05,2.772271758614277e-05,
cnn_only_v5_1,4,2026,16,False,0.1012996107339859,0.1012996107339859,0.691186499595642,0.8231858849525452,0.8577333436668475,0.438751812264839,0.3003134220838547,0.0,0.0,
cnn_only_v5_1,4,3407,1,False,0.4565414786338806,0.4565414786338806,0.40736064314842224,0.6445136785507202,0.26790890269151135,1.0043709071687523,0.6147426426410675,0.0028578481539038147,0.0028578481539038147,
cnn_only_v5_1,4,3407,2,False,0.41496879458427427,0.41496879458427427,0.373610132932663,0.6282292008399963,0.4371919088900221,0.9351893616414817,0.522333163022995,0.002775745369635143,0.002775745369635143,
cnn_only_v5_1,4,3407,3,False,0.3267871499061584,0.3267871499061584,0.3374772727489471,0.6201720476150513,0.8820779220779221,0.7575391372287531,0.5191754758358001,0.002642417682639615,0.002642417682639615,
cnn_only_v5_1,4,3407,4,False,0.2186259388923645,0.2186259388923645,0.3125048279762268,0.6154208183288574,0.7378124715244662,0.705938127019186,0.7019059062004089,0.002462988801157441,0.002462988801157441,
cnn_only_v5_1,4,3407,5,False,0.2012629896402359,0.2012629896402359,0.35769073367118837,0.6177377462387085,0.8872486772486772,0.5862495962973518,0.8818235218524932,0.002244354076479105,0.002244354076479105,
cnn_only_v5_1,4,3407,6,False,0.1696583479642868,0.1696583479642868,0.34666837751865387,0.5917833805084228,0.8442067736185382,0.5309334202072294,0.8701603531837463,0.001994915518462229,0.001994915518462229,
cnn_only_v5_1,4,3407,7,False,0.1281952291727066,0.1281952291727066,0.3228487730026245,0.576149845123291,0.8555018786902844,0.4945223970115055,0.7650770008563995,0.001724258911004647,0.001724258911004647,
cnn_only_v5_1,4,3407,8,False,0.12681733816862106,0.12681733816862106,0.3395571500062943,0.5639002203941346,0.9203335273773243,0.46824276822842953,0.8709131836891174,0.0014427854357449788,0.0014427854357449788,
cnn_only_v5_1,4,3407,9,False,0.12522218972444535,0.12522218972444535,0.3085681527853012,0.5575406074523925,0.8782852725683942,0.4520823282538509,1.1412621021270752,0.001161311960485311,0.001161311960485311,
cnn_only_v5_1,4,3407,10,False,0.10487246513366699,0.10487246513366699,0.332856160402298,0.5598823070526123,0.8575192107530416,0.46286250600994744,0.6844966560602188,0.0008906553530277288,0.0008906553530277288,
cnn_only_v5_1,4,3407,11,False,0.09967772215604782,0.09967772215604782,0.3428792417049408,0.5655031323432922,0.8688660649444963,0.42474836078303335,0.7409095406532288,0.0006412167950108531,0.0006412167950108531,
cnn_only_v5_1,4,3407,12,False,0.09756276458501816,0.09756276458501816,0.3325209438800812,0.5597413778305054,0.9097147722435078,0.413471412557074,0.5470248520374298,0.00042258207033251657,0.00042258207033251657,
cnn_only_v5_1,4,3407,13,False,0.09823450148105621,0.09823450148105621,0.32441515326499937,0.5521754860877991,0.9097147722435078,0.40874683962412367,0.5194427609443665,0.00024315318885034234,0.00024315318885034234,
cnn_only_v5_1,4,3407,14,False,0.086733877658844,0.086733877658844,0.33639478087425234,0.5533581376075745,0.9110871071395449,0.40585843798268484,0.4612545549869537,0.00010982550185481466,0.00010982550185481466,
cnn_only_v5_1,4,3407,15,False,0.08528778925538064,0.08528778925538064,0.3356044769287109,0.5529932379722595,0.9110871071395449,0.4046285467544812,0.423183286190033,2.772271758614277e-05,2.772271758614277e-05,
cnn_only_v5_1,4,3407,16,False,0.08833857327699661,0.08833857327699661,0.342944872379303,0.5525901436805725,0.8966049382716049,0.4046138892951176,0.5792520046234131,0.0,0.0,
bilstm_only_v5_1,4,42,1,False,0.4903697490692139,0.4903697490692139,0.4178978860378265,0.6335862517356873,0.37271778821074597,1.0547065941772928,0.5552129328250885,0.0028578481539038147,0.0028578481539038147,
bilstm_only_v5_1,4,42,2,False,0.45634434223175047,0.45634434223175047,0.4314350962638855,0.6421098589897156,0.21652421652421652,1.0357063842778298,0.31883022785186765,0.002775745369635143,0.002775745369635143,
bilstm_only_v5_1,4,42,3,False,0.4194873869419098,0.4194873869419098,0.4410208463668823,0.6454075574874878,0.2911877394636015,0.9899908808760034,0.280234158039093,0.002642417682639615,0.002642417682639615,
bilstm_only_v5_1,4,42,4,False,0.3834719657897949,0.3834719657897949,0.4418966770172119,0.634937584400177,0.49226845209628567,0.8936984758989146,0.39503775238990785,0.002462988801157441,0.002462988801157441,
bilstm_only_v5_1,4,42,5,False,0.30121671557426455,0.30121671557426455,0.4944362282752991,0.632377290725708,0.7232142857142857,0.7640020719627124,0.4014750063419342,0.002244354076479105,0.002244354076479105,
bilstm_only_v5_1,4,42,6,False,0.25916853845119475,0.25916853845119475,0.5618355989456176,0.66444993019104,0.7476985181903215,0.7026465356446272,0.5276549935340882,0.001994915518462229,0.001994915518462229,
bilstm_only_v5_1,4,42,7,False,0.22339761555194854,0.22339761555194854,0.6005556106567382,0.6680043458938598,0.7803215303215304,0.6699033577562169,0.5228735566139221,0.001724258911004647,0.001724258911004647,
bilstm_only_v5_1,4,42,8,False,0.20455673336982727,0.20455673336982727,0.6216794371604919,0.6770243406295776,0.8420634920634921,0.6437325607037296,0.3988000750541687,0.0014427854357449788,0.0014427854357449788,
bilstm_only_v5_1,4,42,9,False,0.193266624212265,0.193266624212265,0.6334646463394165,0.6593575239181518,0.8580867372194693,0.6260663454584672,0.4647402822971344,0.001161311960485311,0.001161311960485311,
bilstm_only_v5_1,4,42,10,False,0.16884731352329255,0.16884731352329255,0.654549241065979,0.6840285301208496,0.8168822730226238,0.6060671933598502,0.40844722986221316,0.0008906553530277288,0.0008906553530277288,
bilstm_only_v5_1,4,42,11,False,0.16361889243125916,0.16361889243125916,0.6824726819992065,0.6986943483352661,0.8195045695045695,0.5859884850206102,0.3676992356777191,0.0006412167950108531,0.0006412167950108531,
bilstm_only_v5_1,4,42,12,False,0.14571639150381088,0.14571639150381088,0.683339786529541,0.6952031493186951,0.8329424307036248,0.5738881294161904,0.43425361514091493,0.00042258207033251657,0.00042258207033251657,
bilstm_only_v5_1,4,42,13,False,0.14954629838466643,0.14954629838466643,0.6794235110282898,0.6995954632759094,0.8329424307036248,0.5657519406121251,0.2650229573249817,0.00024315318885034234,0.00024315318885034234,
bilstm_only_v5_1,4,42,14,False,0.1531202346086502,0.1531202346086502,0.6961410164833068,0.6987189650535583,0.8329424307036248,0.5606972101829496,0.31631639003753664,0.00010982550185481466,0.00010982550185481466,
bilstm_only_v5_1,4,42,15,False,0.16352049708366395,0.16352049708366395,0.6861774682998657,0.6962834119796752,0.8442067736185382,0.5589475224686019,0.34148809015750886,2.772271758614277e-05,2.772271758614277e-05,
bilstm_only_v5_1,4,42,16,False,0.15193870961666106,0.15193870961666106,0.7100736379623414,0.6933398485183716,0.8442067736185382,0.5585043612548972,0.4140610694885254,0.0,0.0,
bilstm_only_v5_1,4,2026,1,False,0.4684036374092102,0.4684036374092102,0.5184599101543427,0.7371664643287659,0.4076199585525267,1.002173363058892,0.47902430295944215,0.0028578481539038147,0.0028578481539038147,
bilstm_only_v5_1,4,2026,2,False,0.4438372731208801,0.4438372731208801,0.5256117761135102,0.7409159064292907,0.39486656467788545,0.9819613771454878,0.3416870772838593,0.002775745369635143,0.002775745369635143,
bilstm_only_v5_1,4,2026,3,False,0.41817633509635926,0.41817633509635926,0.5127003490924835,0.7497950792312622,0.42149929278642145,0.9424570327833884,0.3488235831260681,0.002642417682639615,0.002642417682639615,
bilstm_only_v5_1,4,2026,4,False,0.38263139724731443,0.38263139724731443,0.5074875771999359,0.7358746290206909,0.5321191941613695,0.8646139114329768,0.4327402889728546,0.002462988801157441,0.002462988801157441,
bilstm_only_v5_1,4,2026,5,False,0.3041259229183197,0.3041259229183197,0.5329258978366852,0.7579068660736084,0.766215228386281,0.7631155459547967,0.42988444566726686,0.002244354076479105,0.002244354076479105,
bilstm_only_v5_1,4,2026,6,False,0.266425421833992,0.266425421833992,0.5422989249229431,0.7707120299339294,0.7563752276867031,0.6953129473502416,0.5839148044586182,0.001994915518462229,0.001994915518462229,
bilstm_only_v5_1,4,2026,7,False,0.2108136385679245,0.2108136385679245,0.6004543364048004,0.7989638566970825,0.8187845144960884,0.6736881771123816,0.41520857214927676,0.001724258911004647,0.001724258911004647,
bilstm_only_v5_1,4,2026,8,False,0.1847504884004593,0.1847504884004593,0.5991259932518005,0.8058789849281311,0.8244923883869116,0.6228611051993852,0.4311413526535034,0.0014427854357449788,0.0014427854357449788,
bilstm_only_v5_1,4,2026,9,False,0.19798917472362518,0.19798917472362518,0.6303258538246155,0.7926298141479492,0.8104332449160037,0.6008826726183483,0.6050842583179474,0.001161311960485311,0.001161311960485311,
bilstm_only_v5_1,4,2026,10,False,0.17706375420093537,0.17706375420093537,0.6437584042549134,0.8190070867538453,0.7797498797498797,0.5941490239295221,0.43467639684677123,0.0008906553530277288,0.0008906553530277288,
bilstm_only_v5_1,4,2026,11,False,0.15889491140842438,0.15889491140842438,0.6633639454841613,0.8262167572975159,0.769529496711746,0.5765552402091395,0.3881611406803131,0.0006412167950108531,0.0006412167950108531,
bilstm_only_v5_1,4,2026,12,False,0.15807856619358063,0.15807856619358063,0.6518721878528595,0.8229260087013245,0.7966155810983397,0.5671117707020924,0.3935568034648895,0.00042258207033251657,0.00042258207033251657,
bilstm_only_v5_1,4,2026,13,False,0.14234577715396882,0.14234577715396882,0.6867257237434388,0.8148705959320068,0.7966155810983397,0.5615444080290105,0.33883369863033297,0.00024315318885034234,0.00024315318885034234,
bilstm_only_v5_1,4,2026,14,False,0.15880271494388581,0.15880271494388581,0.6683589458465576,0.8166660666465759,0.8195045695045695,0.5568707505865805,0.40015547871589663,0.00010982550185481466,0.00010982550185481466,
bilstm_only_v5_1,4,2026,15,False,0.15062606930732728,0.15062606930732728,0.6646184325218201,0.8129768610000611,0.8195045695045695,0.5551620253710713,0.40557665526866915,2.772271758614277e-05,2.772271758614277e-05,
bilstm_only_v5_1,4,2026,16,False,0.15924585461616517,0.15924585461616517,0.6684943318367005,0.8136286258697509,0.8195045695045695,0.5548380404429276,0.37814326882362365,0.0,0.0,
bilstm_only_v5_1,4,3407,1,False,0.506876426935196,0.506876426935196,0.4301688313484192,0.7046713352203369,0.2430821626223925,1.0321085610795402,0.7214127659797669,0.0028578481539038147,0.0028578481539038147,
bilstm_only_v5_1,4,3407,2,False,0.445099937915802,0.445099937915802,0.43236689567565917,0.7043421626091003,0.38077601410934747,0.9942894905796514,0.4006863534450531,0.002775745369635143,0.002775745369635143,
bilstm_only_v5_1,4,3407,3,False,0.4355063796043396,0.4355063796043396,0.4413383901119232,0.7129398584365845,0.430416068866571,0.979265996896687,0.32698493003845214,0.002642417682639615,0.002642417682639615,
bilstm_only_v5_1,4,3407,4,False,0.41568191051483155,0.41568191051483155,0.43294591903686525,0.7070540189743042,0.4330097087378641,0.9580998197341084,0.3580954372882843,0.002462988801157441,0.002462988801157441,
bilstm_only_v5_1,4,3407,5,False,0.3763043701648712,0.3763043701648712,0.4223448812961578,0.7172427892684936,0.44667623146819707,0.8960007026303659,0.35231815576553344,0.002244354076479105,0.002244354076479105,
bilstm_only_v5_1,4,3407,6,False,0.32750070095062256,0.32750070095062256,0.4259703278541565,0.7222531318664551,0.7191092411975945,0.7777150528935812,0.4544305741786957,0.001994915518462229,0.001994915518462229,
bilstm_only_v5_1,4,3407,7,False,0.26448136270046235,0.26448136270046235,0.4000292122364044,0.6939304232597351,0.7712972677434132,0.7083303553892716,0.6019498407840729,0.001724258911004647,0.001724258911004647,
bilstm_only_v5_1,4,3407,8,False,0.224863600730896,0.224863600730896,0.4019730031490326,0.7319143772125244,0.7332077840552417,0.7017005003524515,0.552319198846817,0.0014427854357449788,0.0014427854357449788,
bilstm_only_v5_1,4,3407,9,False,0.19769578874111177,0.19769578874111177,0.39554387927055357,0.7293806195259094,0.7803215303215304,0.6456565892647718,0.4768083870410919,0.001161311960485311,0.001161311960485311,
bilstm_only_v5_1,4,3407,10,False,0.17960649430751802,0.17960649430751802,0.40945192575454714,0.7302426218986511,0.8202614379084966,0.6190467648203738,0.38225373029708865,0.0008906553530277288,0.0008906553530277288,
bilstm_only_v5_1,4,3407,11,False,0.1751137852668762,0.1751137852668762,0.4101808488368988,0.7183624029159545,0.846996576408341,0.6006534649284773,0.41641528606414796,0.0006412167950108531,0.0006412167950108531,
bilstm_only_v5_1,4,3407,12,False,0.15828791558742522,0.15828791558742522,0.41109174489974976,0.7208588361740113,0.8202614379084966,0.5924422894999412,0.40919962525367737,0.00042258207033251657,0.00042258207033251657,
bilstm_only_v5_1,4,3407,13,False,0.16320236325263976,0.16320236325263976,0.4024504661560059,0.7353027105331421,0.7953877907438279,0.5880456586325239,0.393209707736969,0.00024315318885034234,0.00024315318885034234,
bilstm_only_v5_1,4,3407,14,False,0.16915209591388702,0.16915209591388702,0.38506715297698973,0.73255375623703,0.8050545945282788,0.5822392182750227,0.3364953398704529,0.00010982550185481466,0.00010982550185481466,
bilstm_only_v5_1,4,3407,15,False,0.1601953238248825,0.1601953238248825,0.40332035422325135,0.7374023795127869,0.8179088179088178,0.578881998268471,0.3583840489387512,2.772271758614277e-05,2.772271758614277e-05,
bilstm_only_v5_1,4,3407,16,False,0.1544475346803665,0.1544475346803665,0.4063054323196411,0.7339397668838501,0.8179088179088178,0.5781409023930961,0.3712547063827515,0.0,0.0,
cnn_bilstm_v5_1_transfer_selected,4,42,1,,0.4372696876525879,,,,0.3130776794493609,,,,,shared_trunk_subject_specific_heads
cnn_bilstm_v5_1_transfer_selected,4,42,2,,0.38382350043817,,,,0.5208866155157715,,,,,shared_trunk_subject_specific_heads
cnn_bilstm_v5_1_transfer_selected,4,42,3,,0.3013763590292497,,,,0.5311355311355311,,,,,shared_trunk_subject_specific_heads
cnn_bilstm_v5_1_transfer_selected,4,42,4,,0.21202390437776392,,,,0.5404596763225894,,,,,shared_trunk_subject_specific_heads
cnn_bilstm_v5_1_transfer_selected,4,42,5,,0.1608636975288391,,,,0.829089222720712,,,,,shared_trunk_subject_specific_heads
cnn_bilstm_v5_1_transfer_selected,4,42,6,,0.1170277013020082,,,,0.899178175040244,,,,,shared_trunk_subject_specific_heads
cnn_bilstm_v5_1_transfer_selected,4,42,7,,0.1155410348014398,,,,0.8820452958881221,,,,,shared_trunk_subject_specific_heads
cnn_bilstm_v5_1_transfer_selected,4,42,8,,0.11524041945284064,,,,0.8555537772087067,,,,,shared_trunk_subject_specific_heads
cnn_bilstm_v5_1_transfer_selected,4,42,9,,0.11193537576632066,,,,0.8094361334867664,,,,,shared_trunk_subject_specific_heads
cnn_bilstm_v5_1_transfer_selected,4,42,10,,0.10296583040194078,,,,0.875,,,,,shared_trunk_subject_specific_heads
cnn_bilstm_v5_1_transfer_selected,4,42,11,,0.0929584340615706,,,,0.8226415094339622,,,,,shared_trunk_subject_specific_heads
cnn_bilstm_v5_1_transfer_selected,4,42,12,,0.09816155176271092,,,,0.8804493107041348,,,,,shared_trunk_subject_specific_heads
cnn_bilstm_v5_1_transfer_selected,4,42,13,,0.08377791704101996,,,,0.8782852725683942,,,,,shared_trunk_subject_specific_heads
cnn_bilstm_v5_1_transfer_selected,4,42,14,,0.09761274944652211,,,,0.8321839080459771,,,,,shared_trunk_subject_specific_heads
cnn_bilstm_v5_1_transfer_selected,4,42,15,,0.09525215930559418,,,,0.8434875066454014,,,,,shared_trunk_subject_specific_heads
cnn_bilstm_v5_1_transfer_selected,4,42,16,,0.10390037975528023,,,,0.8989829812005615,,,,,shared_trunk_subject_specific_heads
cnn_bilstm_v5_1_transfer_selected,4,1201,1,,0.4593606347387487,,,,0.21652421652421652,,,,,shared_trunk_subject_specific_heads
cnn_bilstm_v5_1_transfer_selected,4,1201,2,,0.42375648292628204,,,,0.21652421652421652,,,,,shared_trunk_subject_specific_heads
cnn_bilstm_v5_1_transfer_selected,4,1201,3,,0.4072208648378199,,,,0.21652421652421652,,,,,shared_trunk_subject_specific_heads
cnn_bilstm_v5_1_transfer_selected,4,1201,4,,0.34912278164516797,,,,0.4642955610697546,,,,,shared_trunk_subject_specific_heads
cnn_bilstm_v5_1_transfer_selected,4,1201,5,,0.2616339163346724,,,,0.5383327753598929,,,,,shared_trunk_subject_specific_heads
cnn_bilstm_v5_1_transfer_selected,4,1201,6,,0.23713223229755054,,,,0.655975073313783,,,,,shared_trunk_subject_specific_heads
cnn_bilstm_v5_1_transfer_selected,4,1201,7,,0.19124955074353653,,,,0.6985199485199485,,,,,shared_trunk_subject_specific_heads
cnn_bilstm_v5_1_transfer_selected,4,1201,8,,0.14939325573769482,,,,0.8820452958881221,,,,,shared_trunk_subject_specific_heads
cnn_bilstm_v5_1_transfer_selected,4,1201,9,,0.12163214114579288,,,,0.8211961961961962,,,,,shared_trunk_subject_specific_heads
cnn_bilstm_v5_1_transfer_selected,4,1201,10,,0.11849013309587132,,,,0.8325515898901417,,,,,shared_trunk_subject_specific_heads
cnn_bilstm_v5_1_transfer_selected,4,1201,11,,0.10430447689511559,,,,0.880638163246859,,,,,shared_trunk_subject_specific_heads
cnn_bilstm_v5_1_transfer_selected,4,1201,12,,0.10526963526552374,,,,0.8690494045654978,,,,,shared_trunk_subject_specific_heads
cnn_bilstm_v5_1_transfer_selected,4,1201,13,,0.09755600988864899,,,,0.8374931124967949,,,,,shared_trunk_subject_specific_heads
cnn_bilstm_v5_1_transfer_selected,4,1201,14,,0.09134016998789528,,,,0.8986494686291847,,,,,shared_trunk_subject_specific_heads
cnn_bilstm_v5_1_transfer_selected,4,1201,15,,0.0826199356127869,,,,0.8989829812005615,,,,,shared_trunk_subject_specific_heads
cnn_bilstm_v5_1_transfer_selected,4,1201,16,,0.09809853373603387,,,,0.8442067736185382,,,,,shared_trunk_subject_specific_heads
cnn_bilstm_v5_1_transfer_selected,4,2026,1,,0.4961392337625677,,,,0.21652421652421652,,,,,shared_trunk_subject_specific_heads
cnn_bilstm_v5_1_transfer_selected,4,2026,2,,0.42880514805967157,,,,0.21652421652421652,,,,,shared_trunk_subject_specific_heads
cnn_bilstm_v5_1_transfer_selected,4,2026,3,,0.4181510264223272,,,,0.21652421652421652,,,,,shared_trunk_subject_specific_heads
cnn_bilstm_v5_1_transfer_selected,4,2026,4,,0.3661384745077653,,,,0.30156823490156826,,,,,shared_trunk_subject_specific_heads
cnn_bilstm_v5_1_transfer_selected,4,2026,5,,0.25678060948848724,,,,0.6982045247494687,,,,,shared_trunk_subject_specific_heads
cnn_bilstm_v5_1_transfer_selected,4,2026,6,,0.1786013746803457,,,,0.8216905901116428,,,,,shared_trunk_subject_specific_heads
cnn_bilstm_v5_1_transfer_selected,4,2026,7,,0.13068198480389334,,,,0.8221200971337659,,,,,shared_trunk_subject_specific_heads
cnn_bilstm_v5_1_transfer_selected,4,2026,8,,0.10651263052766974,,,,0.8600945626477542,,,,,shared_trunk_subject_specific_heads
cnn_bilstm_v5_1_transfer_selected,4,2026,9,,0.1269227611747655,,,,0.8920828493999226,,,,,shared_trunk_subject_specific_heads
cnn_bilstm_v5_1_transfer_selected,4,2026,10,,0.1149599514901638,,,,0.8434875066454014,,,,,shared_trunk_subject_specific_heads
cnn_bilstm_v5_1_transfer_selected,4,2026,11,,0.10326270284977826,,,,0.8441937119675457,,,,,shared_trunk_subject_specific_heads
cnn_bilstm_v5_1_transfer_selected,4,2026,12,,0.10213322260163048,,,,0.8460876513614851,,,,,shared_trunk_subject_specific_heads
cnn_bilstm_v5_1_transfer_selected,4,2026,13,,0.10337007181210951,,,,0.899240438260402,,,,,shared_trunk_subject_specific_heads
cnn_bilstm_v5_1_transfer_selected,4,2026,14,,0.09709981083869934,,,,0.8442067736185382,,,,,shared_trunk_subject_specific_heads
cnn_bilstm_v5_1_transfer_selected,4,2026,15,,0.08779025348750027,,,,0.8734734734734735,,,,,shared_trunk_subject_specific_heads
cnn_bilstm_v5_1_transfer_selected,4,2026,16,,0.08421193876049736,,,,0.899178175040244,,,,,shared_trunk_subject_specific_heads
cnn_bilstm_v5_1_transfer_selected,4,3407,1,,0.4971229948780753,,,,0.21652421652421652,,,,,shared_trunk_subject_specific_heads
cnn_bilstm_v5_1_transfer_selected,4,3407,2,,0.42970724268393085,,,,0.21652421652421652,,,,,shared_trunk_subject_specific_heads
cnn_bilstm_v5_1_transfer_selected,4,3407,3,,0.41357861865650525,,,,0.21652421652421652,,,,,shared_trunk_subject_specific_heads
cnn_bilstm_v5_1_transfer_selected,4,3407,4,,0.41502436995506287,,,,0.21652421652421652,,,,,shared_trunk_subject_specific_heads
cnn_bilstm_v5_1_transfer_selected,4,3407,5,,0.3956781490282579,,,,0.26790890269151135,,,,,shared_trunk_subject_specific_heads
cnn_bilstm_v5_1_transfer_selected,4,3407,6,,0.3270502280105244,,,,0.5708142599528367,,,,,shared_trunk_subject_specific_heads
cnn_bilstm_v5_1_transfer_selected,4,3407,7,,0.24864635006947952,,,,0.5708142599528367,,,,,shared_trunk_subject_specific_heads
cnn_bilstm_v5_1_transfer_selected,4,3407,8,,0.1834366578947414,,,,0.784879074337085,,,,,shared_trunk_subject_specific_heads
cnn_bilstm_v5_1_transfer_selected,4,3407,9,,0.15312508696859534,,,,0.8309462787074727,,,,,shared_trunk_subject_specific_heads
cnn_bilstm_v5_1_transfer_selected,4,3407,10,,0.112250417470932,,,,0.8329424307036248,,,,,shared_trunk_subject_specific_heads
cnn_bilstm_v5_1_transfer_selected,4,3407,11,,0.12148513374003497,,,,0.7949308755760369,,,,,shared_trunk_subject_specific_heads
cnn_bilstm_v5_1_transfer_selected,4,3407,12,,0.10438119010491805,,,,0.8195045695045695,,,,,shared_trunk_subject_specific_heads
cnn_bilstm_v5_1_transfer_selected,4,3407,13,,0.09849985180930658,,,,0.8329424307036248,,,,,shared_trunk_subject_specific_heads
cnn_bilstm_v5_1_transfer_selected,4,3407,14,,0.09682824394919655,,,,0.8334943639291467,,,,,shared_trunk_subject_specific_heads
cnn_bilstm_v5_1_transfer_selected,4,3407,15,,0.09664789756590669,,,,0.8606405671623064,,,,,shared_trunk_subject_specific_heads
cnn_bilstm_v5_1_transfer_selected,4,3407,16,,0.09311868826096709,,,,0.8300194931773879,,,,,shared_trunk_subject_specific_heads
cnn_bilstm_v5_1_transfer_selected,4,7319,1,,0.4719763858751817,,,,0.16507936507936508,,,,,shared_trunk_subject_specific_heads
cnn_bilstm_v5_1_transfer_selected,4,7319,2,,0.41934114694595337,,,,0.21652421652421652,,,,,shared_trunk_subject_specific_heads
cnn_bilstm_v5_1_transfer_selected,4,7319,3,,0.40706116232005035,,,,0.35322822822822825,,,,,shared_trunk_subject_specific_heads
cnn_bilstm_v5_1_transfer_selected,4,7319,4,,0.33963570269671356,,,,0.6082120194102277,,,,,shared_trunk_subject_specific_heads
cnn_bilstm_v5_1_transfer_selected,4,7319,5,,0.2471812137148597,,,,0.7832607322182689,,,,,shared_trunk_subject_specific_heads
cnn_bilstm_v5_1_transfer_selected,4,7319,6,,0.1851991807872599,,,,0.8017921146953405,,,,,shared_trunk_subject_specific_heads
cnn_bilstm_v5_1_transfer_selected,4,7319,7,,0.1749176951971921,,,,0.8310850439882698,,,,,shared_trunk_subject_specific_heads
cnn_bilstm_v5_1_transfer_selected,4,7319,8,,0.13464714857664975,,,,0.8452656738371024,,,,,shared_trunk_subject_specific_heads
cnn_bilstm_v5_1_transfer_selected,4,7319,9,,0.11100854656913063,,,,0.8560491152040447,,,,,shared_trunk_subject_specific_heads
cnn_bilstm_v5_1_transfer_selected,4,7319,10,,0.12521357495676388,,,,0.8466386554621849,,,,,shared_trunk_subject_specific_heads
cnn_bilstm_v5_1_transfer_selected,4,7319,11,,0.10829010944474828,,,,0.8321839080459771,,,,,shared_trunk_subject_specific_heads
cnn_bilstm_v5_1_transfer_selected,4,7319,12,,0.1036315377462994,,,,0.8712355755699409,,,,,shared_trunk_subject_specific_heads
cnn_bilstm_v5_1_transfer_selected,4,7319,13,,0.10975951633670113,,,,0.8612169693640493,,,,,shared_trunk_subject_specific_heads
cnn_bilstm_v5_1_transfer_selected,4,7319,14,,0.11214646290649068,,,,0.8679327003165085,,,,,shared_trunk_subject_specific_heads
cnn_bilstm_v5_1_transfer_selected,4,7319,15,,0.10578436675396832,,,,0.8594150459822102,,,,,shared_trunk_subject_specific_heads
cnn_bilstm_v5_1_transfer_selected,4,7319,16,,0.09822359342466701,,,,0.8668463611859837,,,,,shared_trunk_subject_specific_heads
