candidate_id,outer_fold,seed,class_name,threshold,precision,recall
M1,0,202601,Low,0.0,0.328125,1.0
M1,0,202601,Low,0.006677960927960926,0.525,1.0
M1,0,202601,Low,0.034003661543135236,0.5675675675675675,1.0
M1,0,202601,Low,0.05795385170385171,0.5833333333333334,1.0
M1,0,202601,Low,0.06398533202355304,0.6,1.0
M1,0,202601,Low,0.06692393056981158,0.5882352941176471,0.9523809523809523
M1,0,202601,Low,0.07955474934422305,0.6060606060606061,0.9523809523809523
M1,0,202601,Low,0.10603345339992262,0.625,0.9523809523809523
M1,0,202601,Low,0.1554590303350828,0.6451612903225806,0.9523809523809523
M1,0,202601,Low,0.18308196081018052,0.6666666666666666,0.9523809523809523
M1,0,202601,Low,0.1854143956499851,0.6785714285714286,0.9047619047619048
M1,0,202601,Low,0.2194021160161716,0.7037037037037037,0.9047619047619048
M1,0,202601,Low,0.24857312580871527,0.782608695652174,0.8571428571428571
M1,0,202601,Low,0.45438492277341724,0.8181818181818182,0.8571428571428571
M1,0,202601,Low,0.5335130319382239,0.8571428571428571,0.8571428571428571
M1,0,202601,Low,0.580382801057993,0.85,0.8095238095238095
M1,0,202601,Low,0.7327856071012787,0.8421052631578947,0.7619047619047619
M1,0,202601,Low,0.7760269952978427,0.875,0.6666666666666666
M1,0,202601,Low,0.7992570019849432,0.9285714285714286,0.6190476190476191
M1,0,202601,Low,0.8590330736801324,0.9090909090909091,0.47619047619047616
M1,0,202601,Low,0.9535146049104524,1.0,0.42857142857142855
M1,0,202601,Low,0.996,1.0,0.38095238095238093
M1,0,202601,Low,1.0,1.0,0.2857142857142857
M1,0,202601,Low,1.0,1.0,0.0
M1,0,202601,Medium,0.0,0.484375,1.0
M1,0,202601,Medium,0.004,0.5535714285714286,1.0
M1,0,202601,Medium,0.015409673659673662,0.5740740740740741,1.0
M1,0,202601,Medium,0.04648539508954773,0.5961538461538461,1.0
M1,0,202601,Medium,0.05823301698301701,0.6078431372549019,1.0
M1,0,202601,Medium,0.06727557309615798,0.6458333333333334,1.0
M1,0,202601,Medium,0.07451739663209916,0.6739130434782609,1.0
M1,0,202601,Medium,0.0929203449909299,0.6888888888888889,1.0
M1,0,202601,Medium,0.14096692631986754,0.7045454545454546,1.0
M1,0,202601,Medium,0.1591059382074828,0.7142857142857143,0.967741935483871
M1,0,202601,Medium,0.2007429980150569,0.7317073170731707,0.967741935483871
M1,0,202601,Medium,0.22397300470215736,0.7894736842105263,0.967741935483871
M1,0,202601,Medium,0.2672143928987213,0.8055555555555556,0.9354838709677419
M1,0,202601,Medium,0.419617198942007,0.8484848484848485,0.9032258064516129
M1,0,202601,Medium,0.4645778771526852,0.875,0.9032258064516129
M1,0,202601,Medium,0.5456150772265829,0.9032258064516129,0.9032258064516129
M1,0,202601,Medium,0.7514268741912847,0.9,0.8709677419354839
M1,0,202601,Medium,0.7805978839838285,0.896551724137931,0.8387096774193549
M1,0,202601,Medium,0.8145856043500148,0.92,0.7419354838709677
M1,0,202601,Medium,0.8169180391898194,0.9166666666666666,0.7096774193548387
M1,0,202601,Medium,0.8445409696649172,0.9545454545454546,0.6774193548387096
M1,0,202601,Medium,0.8939665466000773,0.9523809523809523,0.6451612903225806
M1,0,202601,Medium,0.920445250655777,0.95,0.6129032258064516
M1,0,202601,Medium,0.9330760694301884,0.9473684210526315,0.5806451612903226
M1,0,202601,Medium,0.9360146679764471,0.9444444444444444,0.5483870967741935
M1,0,202601,Medium,0.9420461482961483,1.0,0.5483870967741935
M1,0,202601,Medium,0.9618650253255516,1.0,0.5161290322580645
M1,0,202601,Medium,0.9907020202020203,1.0,0.4838709677419355
M1,0,202601,Medium,0.9908065953654189,1.0,0.3548387096774194
M1,0,202601,Medium,0.993322039072039,1.0,0.2903225806451613
M1,0,202601,Medium,0.9952020202020202,1.0,0.1935483870967742
M1,0,202601,Medium,0.9964736842105263,1.0,0.16129032258064516
M1,0,202601,Medium,1.0,1.0,0.06451612903225806
M1,0,202601,Medium,1.0,1.0,0.0
M1,0,202601,High,0.0,0.1875,1.0
M1,0,202601,High,0.0019090909090909091,0.5,1.0
M1,0,202601,High,0.0035263157894736843,0.5217391304347826,1.0
M1,0,202601,High,0.004131313131313132,0.6,1.0
M1,0,202601,High,0.004797979797979798,0.631578947368421,1.0
M1,0,202601,High,0.009193404634581107,0.6666666666666666,1.0
M1,0,202601,High,0.0092979797979798,0.75,1.0
M1,0,202601,High,0.8408940617925172,1.0,1.0
M1,0,202601,High,0.9070796550090701,1.0,0.9166666666666666
M1,0,202601,High,0.9254826033679009,1.0,0.8333333333333334
M1,0,202601,High,0.932724426903842,1.0,0.75
M1,0,202601,High,0.941766983016983,1.0,0.5833333333333334
M1,0,202601,High,0.9845903263403264,1.0,0.3333333333333333
M1,0,202601,High,1.0,1.0,0.16666666666666666
M1,0,202601,High,1.0,1.0,0.0
M1,1,202601,Low,0.0,0.3333333333333333,1.0
M1,1,202601,Low,0.0003724392489559698,0.3684210526315789,1.0
M1,1,202601,Low,0.00037243924895596984,0.375,1.0
M1,1,202601,Low,0.003182674731813777,0.38181818181818183,1.0
M1,1,202601,Low,0.009521643674809817,0.3888888888888889,1.0
M1,1,202601,Low,0.011758060706745331,0.39622641509433965,1.0
M1,1,202601,Low,0.016736688936485212,0.42,1.0
M1,1,202601,Low,0.026917822496910257,0.42857142857142855,1.0
M1,1,202601,Low,0.031112049253795026,0.4375,1.0
M1,1,202601,Low,0.033139597178282146,0.45652173913043476,1.0
M1,1,202601,Low,0.03727024061225278,0.4883720930232558,1.0
M1,1,202601,Low,0.037781623852144924,0.5,1.0
M1,1,202601,Low,0.04408474274683456,0.525,1.0
M1,1,202601,Low,0.04454225908670385,0.5675675675675675,1.0
M1,1,202601,Low,0.050049270727646124,0.5833333333333334,1.0
M1,1,202601,Low,0.05050678706751541,0.6,1.0
M1,1,202601,Low,0.08331175792543007,0.6176470588235294,1.0
M1,1,202601,Low,0.21688813663299683,0.65625,1.0
M1,1,202601,Low,0.2621495070450684,0.7777777777777778,1.0
M1,1,202601,Low,0.26340845851235706,0.8076923076923077,1.0
M1,1,202601,Low,0.5471863864267508,0.875,1.0
M1,1,202601,Low,0.5770118274008379,0.8571428571428571,0.8571428571428571
M1,1,202601,Low,0.7026109215260986,0.8947368421052632,0.8095238095238095
M1,1,202601,Low,0.7405524243160858,0.9375,0.7142857142857143
M1,1,202601,Low,0.753917730293359,0.9285714285714286,0.6190476190476191
M1,1,202601,Low,0.8012462157861928,1.0,0.5238095238095238
M1,1,202601,Low,0.8114181595701039,1.0,0.47619047619047616
M1,1,202601,Low,0.8520430678746668,1.0,0.42857142857142855
M1,1,202601,Low,0.9845397959700738,1.0,0.38095238095238093
M1,1,202601,Low,0.9886708724138543,1.0,0.19047619047619047
M1,1,202601,Low,0.9905819577151834,1.0,0.047619047619047616
M1,1,202601,Low,1.0,1.0,0.0
M1,1,202601,Medium,0.008360677666161609,0.47619047619047616,1.0
M1,1,202601,Medium,0.009418042284816528,0.5263157894736842,1.0
M1,1,202601,Medium,0.011329127586145734,0.5357142857142857,1.0
M1,1,202601,Medium,0.015460204029926173,0.5660377358490566,1.0
M1,1,202601,Medium,0.11805224685849874,0.6122448979591837,1.0
M1,1,202601,Medium,0.13029949739650673,0.625,1.0
M1,1,202601,Medium,0.1476873049271346,0.6382978723404256,1.0
M1,1,202601,Medium,0.18850119526860587,0.6521739130434783,1.0
M1,1,202601,Medium,0.1985896307016818,0.6666666666666666,1.0
M1,1,202601,Medium,0.21163182322942198,0.6818181818181818,1.0
M1,1,202601,Medium,0.2460016245453507,0.6976744186046512,1.0
M1,1,202601,Medium,0.25928342217178885,0.725,0.9666666666666667
M1,1,202601,Medium,0.2764921266857573,0.7631578947368421,0.9666666666666667
M1,1,202601,Medium,0.29679686446281645,0.7837837837837838,0.9666666666666667
M1,1,202601,Medium,0.4216864324748566,0.8235294117647058,0.9333333333333333
M1,1,202601,Medium,0.4508125328980024,0.84375,0.9
M1,1,202601,Medium,0.5543432074642305,0.9310344827586207,0.9
M1,1,202601,Medium,0.6916515487472794,0.9285714285714286,0.8666666666666667
M1,1,202601,Medium,0.7300978359310593,0.96,0.8
M1,1,202601,Medium,0.7314143315902911,0.9583333333333334,0.7666666666666667
M1,1,202601,Medium,0.7726688222170629,0.9545454545454546,0.7
M1,1,202601,Medium,0.818148706995754,0.9411764705882353,0.5333333333333333
M1,1,202601,Medium,0.8368478453752809,0.9375,0.5
M1,1,202601,Medium,0.8487767508773939,0.9285714285714286,0.43333333333333335
M1,1,202601,Medium,0.8808903680044732,1.0,0.43333333333333335
M1,1,202601,Medium,0.8823658963393906,1.0,0.3333333333333333
M1,1,202601,Medium,0.901315933206466,1.0,0.26666666666666666
M1,1,202601,Medium,0.9103309263468764,1.0,0.2
M1,1,202601,Medium,0.9105841070364851,1.0,0.16666666666666666
M1,1,202601,Medium,0.9106245082605162,1.0,0.13333333333333333
M1,1,202601,Medium,0.9108776889501248,1.0,0.1
M1,1,202601,Medium,1.0,1.0,0.0
M1,1,202601,High,0.0,0.19047619047619047,1.0
M1,1,202601,High,8.064516129032257e-05,0.21818181818181817,1.0
M1,1,202601,High,8.064516129032258e-05,0.23076923076923078,1.0
M1,1,202601,High,0.0001641535121254061,0.23529411764705882,1.0
M1,1,202601,High,0.00016415351212540613,0.24,1.0
M1,1,202601,High,0.00026962719819862677,0.25,1.0
M1,1,202601,High,0.0005922140110849866,0.2553191489361702,1.0
M1,1,202601,High,0.0013017401243054529,0.2727272727272727,1.0
M1,1,202601,High,0.0020010806752468395,0.2857142857142857,1.0
M1,1,202601,High,0.005177209897351701,0.3076923076923077,1.0
M1,1,202601,High,0.007752657023872334,0.32432432432432434,1.0
M1,1,202601,High,0.010443041149940177,0.3333333333333333,1.0
M1,1,202601,High,0.034322345735179345,0.3870967741935484,1.0
M1,1,202601,High,0.039162286585608184,0.41379310344827586,1.0
M1,1,202601,High,0.03932622101183769,0.42857142857142855,1.0
M1,1,202601,High,0.0448736338768111,0.4444444444444444,1.0
M1,1,202601,High,0.04503756830304061,0.46153846153846156,1.0
M1,1,202601,High,0.06090244294138909,0.5217391304347826,1.0
M1,1,202601,High,0.08597003481724483,0.5714285714285714,1.0
M1,1,202601,High,0.11395300851035335,0.6666666666666666,1.0
M1,1,202601,High,0.1320401053709241,0.6470588235294118,0.9166666666666666
M1,1,202601,High,0.1549334705073357,0.7333333333333333,0.9166666666666666
M1,1,202601,High,0.2965903905459752,0.7857142857142857,0.9166666666666666
M1,1,202601,High,0.4361351488609598,0.9090909090909091,0.8333333333333334
M1,1,202601,High,0.7067711843777575,1.0,0.8333333333333334
M1,1,202601,High,0.7851855020387642,1.0,0.75
M1,1,202601,High,0.8693280633545374,1.0,0.6666666666666666
M1,1,202601,High,0.8815753138925453,1.0,0.5833333333333334
M1,1,202601,High,0.9916393223338383,1.0,0.5
M1,1,202601,High,1.0,1.0,0.0
M1,2,202601,Low,0.0,0.3333333333333333,1.0
M1,2,202601,Low,0.002569131430780655,0.39622641509433965,1.0
M1,2,202601,Low,0.0034252908510705106,0.40384615384615385,1.0
M1,2,202601,Low,0.024455013853218414,0.42857142857142855,1.0
M1,2,202601,Low,0.02531117327350827,0.44680851063829785,1.0
M1,2,202601,Low,0.03556713052946551,0.7241379310344828,1.0
M1,2,202601,Low,0.058946800034846605,0.8,0.9523809523809523
M1,2,202601,Low,0.07753414587176383,0.7916666666666666,0.9047619047619048
M1,2,202601,Low,0.08036106894868691,0.782608695652174,0.8571428571428571
M1,2,202601,Low,0.6484433502208836,0.8571428571428571,0.8571428571428571
M1,2,202601,Low,0.6590993107610547,0.9411764705882353,0.7619047619047619
M1,2,202601,Low,0.7174463749266689,1.0,0.7142857142857143
M1,2,202601,Low,0.7223692987912951,1.0,0.6666666666666666
M1,2,202601,Low,0.7527218194433923,1.0,0.6190476190476191
M1,2,202601,Low,0.8634150903928866,1.0,0.5714285714285714
M1,2,202601,Low,0.897555866082017,1.0,0.47619047619047616
M1,2,202601,Low,0.9401293577727884,1.0,0.3333333333333333
M1,2,202601,Low,0.9985547069981032,1.0,0.2857142857142857
M1,2,202601,Low,1.0,1.0,0.0
M1,2,202601,Medium,0.0,0.49206349206349204,1.0
M1,2,202601,Medium,0.0014452930018967755,0.5660377358490566,0.967741935483871
M1,2,202601,Medium,0.059870642227211654,0.6382978723404256,0.967741935483871
M1,2,202601,Medium,0.10244413391798303,0.6521739130434783,0.967741935483871
M1,2,202601,Medium,0.1365849096071134,0.6976744186046512,0.967741935483871
M1,2,202601,Medium,0.24727818055660764,0.7317073170731707,0.967741935483871
M1,2,202601,Medium,0.27763070120870487,0.75,0.967741935483871
M1,2,202601,Medium,0.2825536250733312,0.7692307692307693,0.967741935483871
M1,2,202601,Medium,0.34090068923894545,0.7894736842105263,0.967741935483871
M1,2,202601,Medium,0.3515566497791164,0.8055555555555556,0.9354838709677419
M1,2,202601,Medium,0.7119881508658977,0.84375,0.8709677419354839
M1,2,202601,Medium,0.7139765427276592,0.8709677419354839,0.8709677419354839
M1,2,202601,Medium,0.9183953803885133,0.8571428571428571,0.7741935483870968
M1,2,202601,Medium,0.9208473034654362,0.8461538461538461,0.7096774193548387
M1,2,202601,Medium,0.9373843852595081,0.88,0.7096774193548387
M1,2,202601,Medium,0.9576350711184921,0.9166666666666666,0.7096774193548387
M1,2,202601,Medium,0.9587910535742329,0.9545454545454546,0.6774193548387096
M1,2,202601,Medium,0.9679567963135869,1.0,0.5806451612903226
M1,2,202601,Medium,1.0,1.0,0.0
M1,2,202601,High,0.0,0.1746031746031746,1.0
M1,2,202601,High,0.0012435506627998818,0.2619047619047619,1.0
M1,2,202601,High,0.0016185506627998812,0.275,1.0
M1,2,202601,High,0.0036688147056453168,0.28205128205128205,1.0
M1,2,202601,High,0.005641815896301724,0.2894736842105263,1.0
M1,2,202601,High,0.006732030412904718,0.3235294117647059,1.0
M1,2,202601,High,0.017909915028289328,0.6875,1.0
M1,2,202601,High,0.28259816642127034,0.7142857142857143,0.9090909090909091
M1,2,202601,High,0.28544271770332164,0.9090909090909091,0.9090909090909091
M1,2,202601,High,1.0,0.9,0.8181818181818182
M1,2,202601,High,1.0,1.0,0.0
M1,3,202601,Low,0.0,0.3333333333333333,1.0
M1,3,202601,Low,8.771929824561403e-05,0.3559322033898305,1.0
M1,3,202601,Low,8.771929824561404e-05,0.375,1.0
M1,3,202601,Low,0.0005891783029001074,0.3888888888888889,1.0
M1,3,202601,Low,0.0017982670296101764,0.40384615384615385,1.0
M1,3,202601,Low,0.0017982670296101766,0.4117647058823529,1.0
M1,3,202601,Low,0.0018649336962768429,0.42,1.0
M1,3,202601,Low,0.001864933696276843,0.4375,1.0
M1,3,202601,Low,0.005207845075468202,0.44680851063829785,1.0
M1,3,202601,Low,0.005755823814021181,0.45652173913043476,1.0
M1,3,202601,Low,0.006622489357733829,0.4666666666666667,1.0
M1,3,202601,Low,0.0070071047423492135,0.4883720930232558,1.0
M1,3,202601,Low,0.009305224291245076,0.5,1.0
M1,3,202601,Low,0.009662367148387934,0.5121951219512195,1.0
M1,3,202601,Low,0.010897994860093553,0.5384615384615384,1.0
M1,3,202601,Low,0.014655821368696382,0.5675675675675675,1.0
M1,3,202601,Low,0.04092122369965462,0.6,1.0
M1,3,202601,Low,0.04759117252350478,0.6176470588235294,1.0
M1,3,202601,Low,0.051418874328031064,0.6363636363636364,1.0
M1,3,202601,Low,0.051776017185173925,0.6774193548387096,1.0
M1,3,202601,Low,0.1884337362475747,0.7,1.0
M1,3,202601,Low,0.20057929242091582,0.7241379310344828,1.0
M1,3,202601,Low,0.24698878197264457,0.75,1.0
M1,3,202601,Low,0.34723796536444257,0.8076923076923077,1.0
M1,3,202601,Low,0.5577108012255827,0.84,1.0
M1,3,202601,Low,0.5789196063908874,0.875,1.0
M1,3,202601,Low,0.5826586140502903,1.0,1.0
M1,3,202601,Low,0.6899038069760184,1.0,0.9523809523809523
M1,3,202601,Low,0.7307661724982297,1.0,0.9047619047619048
M1,3,202601,Low,0.7836016972793074,1.0,0.8571428571428571
M1,3,202601,Low,0.9029124775984484,1.0,0.8095238095238095
M1,3,202601,Low,0.9577722712607014,1.0,0.7619047619047619
M1,3,202601,Low,0.9591454061752709,1.0,0.7142857142857143
M1,3,202601,Low,0.9675904631737076,1.0,0.6666666666666666
M1,3,202601,Low,0.9757273397826803,1.0,0.6190476190476191
M1,3,202601,Low,0.9958746056952726,1.0,0.5714285714285714
M1,3,202601,Low,0.9968782654127482,1.0,0.38095238095238093
M1,3,202601,Low,0.9989473684210526,1.0,0.09523809523809523
M1,3,202601,Low,1.0,1.0,0.0
M1,3,202601,Medium,0.0010526315789473684,0.49206349206349204,1.0
M1,3,202601,Medium,0.0023809523809523807,0.5081967213114754,1.0
M1,3,202601,Medium,0.003121734587251829,0.5166666666666667,1.0
M1,3,202601,Medium,0.0041253943047273355,0.5740740740740741,1.0
M1,3,202601,Medium,0.005476190476190476,0.62,1.0
M1,3,202601,Medium,0.024272660217319664,0.6326530612244898,1.0
M1,3,202601,Medium,0.032409536826292454,0.6458333333333334,1.0
M1,3,202601,Medium,0.03389332989758686,0.6595744680851063,1.0
M1,3,202601,Medium,0.040854593824729155,0.7045454545454546,1.0
M1,3,202601,Medium,0.042227728739298614,0.7209302325581395,1.0
M1,3,202601,Medium,0.07116443803061578,0.7380952380952381,1.0
M1,3,202601,Medium,0.0970875224015516,0.775,1.0
M1,3,202601,Medium,0.14265092750386862,0.7948717948717948,1.0
M1,3,202601,Medium,0.2163983027206926,0.8378378378378378,1.0
M1,3,202601,Medium,0.2692338275017703,0.8611111111111112,1.0
M1,3,202601,Medium,0.3100961930239816,0.8857142857142857,1.0
M1,3,202601,Medium,0.41734138594970976,0.9117647058823529,1.0
M1,3,202601,Medium,0.42108039360911265,0.9393939393939394,1.0
M1,3,202601,Medium,0.43925059764050756,0.9333333333333333,0.9032258064516129
M1,3,202601,Medium,0.6527620346355573,0.9310344827586207,0.8709677419354839
M1,3,202601,Medium,0.7530112180273555,0.9285714285714286,0.8387096774193549
M1,3,202601,Medium,0.7989915821741084,0.9230769230769231,0.7741935483870968
M1,3,202601,Medium,0.8107420737559563,0.92,0.7419354838709677
M1,3,202601,Medium,0.8757218186150123,0.9166666666666666,0.7096774193548387
M1,3,202601,Medium,0.9319145076039156,0.9565217391304348,0.7096774193548387
M1,3,202601,Medium,0.9369345918611172,1.0,0.6774193548387096
M1,3,202601,Medium,0.9433068930710455,1.0,0.6451612903225806
M1,3,202601,Medium,0.9473997928183571,1.0,0.5806451612903226
M1,3,202601,Medium,0.9516955608174499,1.0,0.5483870967741935
M1,3,202601,Medium,0.9690420308161877,1.0,0.5161290322580645
M1,3,202601,Medium,0.9716850022617166,1.0,0.45161290322580644
M1,3,202601,Medium,0.9739249067948057,1.0,0.3870967741935484
M1,3,202601,Medium,0.9754927866652431,1.0,0.3548387096774194
M1,3,202601,Medium,0.975575892379461,1.0,0.2903225806451613
M1,3,202601,Medium,0.9804862408855515,1.0,0.25806451612903225
M1,3,202601,Medium,0.9850578272531983,1.0,0.1935483870967742
M1,3,202601,Medium,0.985775890273819,1.0,0.12903225806451613
M1,3,202601,Medium,0.9869597929373193,1.0,0.0967741935483871
M1,3,202601,Medium,0.9896667803915633,1.0,0.06451612903225806
M1,3,202601,Medium,0.9926798571867953,1.0,0.03225806451612903
M1,3,202601,Medium,1.0,1.0,0.0
M1,3,202601,High,0.0,0.1746031746031746,1.0
M1,3,202601,High,0.00042912540497585427,0.3055555555555556,1.0
M1,3,202601,High,0.0008241899964690175,0.3142857142857143,1.0
M1,3,202601,High,0.0008241899964690177,0.3235294117647059,1.0
M1,3,202601,High,0.003038601133909736,0.3333333333333333,1.0
M1,3,202601,High,0.005274232600923386,0.34375,1.0
M1,3,202601,High,0.005521875783594558,0.36666666666666664,1.0
M1,3,202601,High,0.007383215482895475,0.3793103448275862,1.0
M1,3,202601,High,0.008468285912159923,0.39285714285714285,1.0
M1,3,202601,High,0.008468285912159925,0.4074074074074074,1.0
M1,3,202601,High,0.00985139196606061,0.4230769230769231,1.0
M1,3,202601,High,0.009851391966060611,0.4583333333333333,1.0
M1,3,202601,High,0.011241940033070568,0.5,1.0
M1,3,202601,High,0.013077239050524821,0.5238095238095238,1.0
M1,3,202601,High,0.01547423561537812,0.5789473684210527,1.0
M1,3,202601,High,0.01676986891394932,0.6111111111111112,1.0
M1,3,202601,High,0.017417002878189855,0.6470588235294118,1.0
M1,3,202601,High,0.024335479826078567,0.7857142857142857,1.0
M1,3,202601,High,0.06749631409318432,0.9166666666666666,1.0
M1,3,202601,High,0.11907033630951948,1.0,0.9090909090909091
M1,3,202601,High,0.8573490724961313,1.0,0.8181818181818182
M1,3,202601,High,0.9287478426711386,1.0,0.6363636363636364
M1,3,202601,High,0.9660189508041676,1.0,0.45454545454545453
M1,3,202601,High,0.9945238095238095,1.0,0.18181818181818182
M1,3,202601,High,0.9976190476190476,1.0,0.09090909090909091
M1,3,202601,High,1.0,1.0,0.0
M1,4,202601,Low,0.0,0.31746031746031744,1.0
M1,4,202601,Low,0.0002941176470588235,0.5405405405405406,1.0
M1,4,202601,Low,0.002716450216450217,0.5555555555555556,1.0
M1,4,202601,Low,0.012180189091953796,0.5882352941176471,1.0
M1,4,202601,Low,0.017865551115551118,0.625,1.0
M1,4,202601,Low,0.04029011246402552,0.6451612903225806,1.0
M1,4,202601,Low,0.0701521688336317,0.6666666666666666,1.0
M1,4,202601,Low,0.10389535742608498,0.6896551724137931,1.0
M1,4,202601,Low,0.16514680552247799,0.7142857142857143,1.0
M1,4,202601,Low,0.2207680920492241,0.7407407407407407,1.0
M1,4,202601,Low,0.3348547826657346,0.7916666666666666,0.95
M1,4,202601,Low,0.5142011827424601,0.8095238095238095,0.85
M1,4,202601,Low,0.5649425959868266,0.8333333333333334,0.75
M1,4,202601,Low,0.6932997147070036,0.875,0.7
M1,4,202601,Low,0.7387222240814699,0.9166666666666666,0.55
M1,4,202601,Low,0.8041850910601785,1.0,0.45
M1,4,202601,Low,0.8805669675135368,1.0,0.4
M1,4,202601,Low,0.9618100235548764,1.0,0.25
M1,4,202601,Low,0.9984361111111111,1.0,0.2
M1,4,202601,Low,1.0,1.0,0.05
M1,4,202601,Low,1.0,1.0,0.0
M1,4,202601,Medium,0.0,0.49206349206349204,1.0
M1,4,202601,Medium,0.001563888888888889,0.5166666666666667,1.0
M1,4,202601,Medium,0.009172008547008545,0.543859649122807,1.0
M1,4,202601,Medium,0.038189976445123494,0.5740740740740741,1.0
M1,4,202601,Medium,0.0456304267627797,0.5849056603773585,1.0
M1,4,202601,Medium,0.04899536902408249,0.5961538461538461,1.0
M1,4,202601,Medium,0.11592354357570908,0.6078431372549019,1.0
M1,4,202601,Medium,0.11943303248646325,0.6326530612244898,1.0
M1,4,202601,Medium,0.12764710690608358,0.6739130434782609,1.0
M1,4,202601,Medium,0.1958149089398214,0.7045454545454546,1.0
M1,4,202601,Medium,0.2612777759185301,0.7209302325581395,1.0
M1,4,202601,Medium,0.3067002852929965,0.75,0.967741935483871
M1,4,202601,Medium,0.43505740401317333,0.8055555555555556,0.9354838709677419
M1,4,202601,Medium,0.46037645850881126,0.8235294117647058,0.9032258064516129
M1,4,202601,Medium,0.48579881725754,0.8484848484848485,0.9032258064516129
M1,4,202601,Medium,0.5639661700528571,0.9,0.8709677419354839
M1,4,202601,Medium,0.6293798290203088,0.8888888888888888,0.7741935483870968
M1,4,202601,Medium,0.6459601880962175,0.8846153846153846,0.7419354838709677
M1,4,202601,Medium,0.6651452173342653,0.88,0.7096774193548387
M1,4,202601,Medium,0.679582572656102,0.9545454545454546,0.6774193548387096
M1,4,202601,Medium,0.7657402258689022,0.9523809523809523,0.6451612903225806
M1,4,202601,Medium,0.779231907950776,0.95,0.6129032258064516
M1,4,202601,Medium,0.834853194477522,1.0,0.5483870967741935
M1,4,202601,Medium,0.8961046425739151,1.0,0.5161290322580645
M1,4,202601,Medium,0.9288346732716314,1.0,0.4838709677419355
M1,4,202601,Medium,0.9340122868402667,1.0,0.45161290322580644
M1,4,202601,Medium,0.9596370008775194,1.0,0.41935483870967744
M1,4,202601,Medium,0.9597098875359745,1.0,0.3870967741935484
M1,4,202601,Medium,0.9807641481325692,1.0,0.3548387096774194
M1,4,202601,Medium,0.9878198109080462,1.0,0.3225806451612903
M1,4,202601,Medium,0.9910515932296118,1.0,0.25806451612903225
M1,4,202601,Medium,0.9925367063492063,1.0,0.22580645161290322
M1,4,202601,Medium,0.9967101558572148,1.0,0.12903225806451613
M1,4,202601,Medium,0.9967279942279943,1.0,0.0967741935483871
M1,4,202601,Medium,0.9974444444444445,1.0,0.03225806451612903
M1,4,202601,Medium,1.0,1.0,0.0
M1,4,202601,High,0.0,0.19047619047619047,1.0
M1,4,202601,High,0.0005555555555555557,0.3870967741935484,1.0
M1,4,202601,High,0.0010131578947368423,0.41379310344827586,1.0
M1,4,202601,High,0.0013703007518796994,0.42857142857142855,1.0
M1,4,202601,High,0.0025555555555555557,0.4444444444444444,1.0
M1,4,202601,High,0.0029957264957264956,0.46153846153846156,1.0
M1,4,202601,High,0.007463293650793652,0.48,1.0
M1,4,202601,High,0.008948406770388195,0.5454545454545454,1.0
M1,4,202601,High,0.040362999122480536,0.5714285714285714,1.0
M1,4,202601,High,0.06598771315973329,0.6,1.0
M1,4,202601,High,0.23425977413109778,0.631578947368421,1.0
M1,4,202601,High,0.32041742734389794,0.6666666666666666,1.0
M1,4,202601,High,0.35403981190378253,0.7058823529411765,1.0
M1,4,202601,High,0.37062017097969124,0.75,1.0
M1,4,202601,High,0.43603382994714296,0.8,1.0
M1,4,202601,High,0.5396235414911889,1.0,1.0
M1,4,202601,High,0.8723528930939165,1.0,0.9166666666666666
M1,4,202601,High,0.8840764564242909,1.0,0.75
M1,4,202601,High,0.9510046309759175,1.0,0.5833333333333334
M1,4,202601,High,0.9543695732372204,1.0,0.5
M1,4,202601,High,0.9908279914529915,1.0,0.4166666666666667
M1,4,202601,High,1.0,1.0,0.16666666666666666
M1,4,202601,High,1.0,1.0,0.0
M1,0,202602,Low,0.0,0.328125,1.0
M1,0,202602,Low,0.000967741935483871,0.4883720930232558,1.0
M1,0,202602,Low,0.0009677419354838711,0.5121951219512195,1.0
M1,0,202602,Low,0.015692774213147725,0.525,1.0
M1,0,202602,Low,0.05297094017094018,0.5675675675675675,1.0
M1,0,202602,Low,0.05363932340698795,0.5833333333333334,1.0
M1,0,202602,Low,0.05930132532653572,0.6,1.0
M1,0,202602,Low,0.061864241314241314,0.6176470588235294,1.0
M1,0,202602,Low,0.09232789197636143,0.6060606060606061,0.9523809523809523
M1,0,202602,Low,0.14749136260226753,0.625,0.9523809523809523
M1,0,202602,Low,0.15845256877692776,0.6451612903225806,0.9523809523809523
M1,0,202602,Low,0.1966486790986791,0.6666666666666666,0.9523809523809523
M1,0,202602,Low,0.22280820090672193,0.6896551724137931,0.9523809523809523
M1,0,202602,Low,0.2336503738528288,0.7037037037037037,0.9047619047619048
M1,0,202602,Low,0.28762090132090135,0.782608695652174,0.8571428571428571
M1,0,202602,Low,0.47872502172861886,0.8181818181818182,0.8571428571428571
M1,0,202602,Low,0.5027256155417389,0.8571428571428571,0.8571428571428571
M1,0,202602,Low,0.5602685258478072,0.85,0.8095238095238095
M1,0,202602,Low,0.7402222283706332,0.8421052631578947,0.7619047619047619
M1,0,202602,Low,0.7492052947052947,0.875,0.6666666666666666
M1,0,202602,Low,0.7526720888943395,0.8461538461538461,0.5238095238095238
M1,0,202602,Low,0.8665887611868397,0.9090909090909091,0.47619047619047616
M1,0,202602,Low,0.9589053817452794,1.0,0.42857142857142855
M1,0,202602,Low,0.9863809523809524,1.0,0.38095238095238093
M1,0,202602,Low,1.0,1.0,0.2857142857142857
M1,0,202602,Low,1.0,1.0,0.0
M1,0,202602,Medium,0.0,0.484375,1.0
M1,0,202602,Medium,0.009103174603174603,0.5535714285714286,1.0
M1,0,202602,Medium,0.013619047619047617,0.5740740740740741,1.0
M1,0,202602,Medium,0.041094618254720564,0.5961538461538461,1.0
M1,0,202602,Medium,0.046893262138618164,0.6078431372549019,1.0
M1,0,202602,Medium,0.04963988625753332,0.62,1.0
M1,0,202602,Medium,0.06969164431200035,0.6595744680851063,1.0
M1,0,202602,Medium,0.11056926505726813,0.6888888888888889,1.0
M1,0,202602,Medium,0.13341123881316033,0.7045454545454546,1.0
M1,0,202602,Medium,0.15653653553189156,0.7142857142857143,0.967741935483871
M1,0,202602,Medium,0.24732791110566055,0.7317073170731707,0.967741935483871
M1,0,202602,Medium,0.2507947052947053,0.7435897435897436,0.9354838709677419
M1,0,202602,Medium,0.2597777716293667,0.8055555555555556,0.9354838709677419
M1,0,202602,Medium,0.4397314741521929,0.8484848484848485,0.9032258064516129
M1,0,202602,Medium,0.4972743844582611,0.875,0.9032258064516129
M1,0,202602,Medium,0.5212749782713811,0.9032258064516129,0.9032258064516129
M1,0,202602,Medium,0.7123790986790987,0.9,0.8709677419354839
M1,0,202602,Medium,0.7663496261471712,0.896551724137931,0.8387096774193549
M1,0,202602,Medium,0.7771917990932782,0.92,0.7419354838709677
M1,0,202602,Medium,0.8033513209013209,0.9565217391304348,0.7096774193548387
M1,0,202602,Medium,0.8415474312230723,0.9545454545454546,0.6774193548387096
M1,0,202602,Medium,0.8525086373977324,0.9523809523809523,0.6451612903225806
M1,0,202602,Medium,0.9076721080236385,0.95,0.6129032258064516
M1,0,202602,Medium,0.9381357586857586,0.9473684210526315,0.5806451612903226
M1,0,202602,Medium,0.9406986746734644,1.0,0.5806451612903226
M1,0,202602,Medium,0.946360676593012,1.0,0.5483870967741935
M1,0,202602,Medium,0.9470290598290598,1.0,0.5161290322580645
M1,0,202602,Medium,0.9825156901921608,1.0,0.4838709677419355
M1,0,202602,Medium,0.9827244188449122,1.0,0.41935483870967744
M1,0,202602,Medium,0.9843072257868524,1.0,0.3870967741935484
M1,0,202602,Medium,0.9942307692307693,1.0,0.2903225806451613
M1,0,202602,Medium,0.9982630272952854,1.0,0.16129032258064516
M1,0,202602,Medium,0.9988888888888889,1.0,0.12903225806451613
M1,0,202602,Medium,0.9990322580645161,1.0,0.06451612903225806
M1,0,202602,Medium,1.0,1.0,0.03225806451612903
M1,0,202602,Medium,1.0,1.0,0.0
M1,0,202602,High,0.0,0.1875,1.0
M1,0,202602,High,0.0007692307692307692,0.5454545454545454,1.0
M1,0,202602,High,0.0011111111111111113,0.5714285714285714,1.0
M1,0,202602,High,0.005769230769230769,0.631578947368421,1.0
M1,0,202602,High,0.016307839219603926,0.8,1.0
M1,0,202602,High,0.017484309807839216,0.8571428571428571,1.0
M1,0,202602,High,0.8434634644681085,1.0,1.0
M1,0,202602,High,0.889430734942732,1.0,0.9166666666666666
M1,0,202602,High,0.9303083556879997,1.0,0.8333333333333334
M1,0,202602,High,0.9503601137424667,1.0,0.6666666666666666
M1,0,202602,High,0.9531067378613818,1.0,0.4166666666666667
M1,0,202602,High,0.9908968253968254,1.0,0.3333333333333333
M1,0,202602,High,1.0,1.0,0.16666666666666666
M1,0,202602,High,1.0,1.0,0.0
M1,1,202602,Low,0.0,0.3333333333333333,1.0
M1,1,202602,Low,0.0003498907950488976,0.3684210526315789,1.0
M1,1,202602,Low,0.00034989079504889776,0.375,1.0
M1,1,202602,Low,0.0023763318962879867,0.38181818181818183,1.0
M1,1,202602,Low,0.008471090807639624,0.3888888888888889,1.0
M1,1,202602,Low,0.012549937625588916,0.39622641509433965,1.0
M1,1,202602,Low,0.017094635166856397,0.42,1.0
M1,1,202602,Low,0.02737243507430864,0.42857142857142855,1.0
M1,1,202602,Low,0.03013888964146956,0.4375,1.0
M1,1,202602,Low,0.030138889641469567,0.44680851063829785,1.0
M1,1,202602,Low,0.032370042856865434,0.4666666666666667,1.0
M1,1,202602,Low,0.03529778774660701,0.4883720930232558,1.0
M1,1,202602,Low,0.036979557141703444,0.5121951219512195,1.0
M1,1,202602,Low,0.03990730203144502,0.525,1.0
M1,1,202602,Low,0.04885258293730382,0.5833333333333334,1.0
M1,1,202602,Low,0.07600683623420476,0.6176470588235294,1.0
M1,1,202602,Low,0.234495754501054,0.65625,1.0
M1,1,202602,Low,0.2910651045291669,0.7777777777777778,1.0
M1,1,202602,Low,0.3074180580256701,0.8076923076923077,1.0
M1,1,202602,Low,0.5445863841251857,0.875,1.0
M1,1,202602,Low,0.5726316176288168,0.8571428571428571,0.8571428571428571
M1,1,202602,Low,0.6945448465840729,0.8947368421052632,0.8095238095238095
M1,1,202602,Low,0.7330140564428732,0.9375,0.7142857142857143
M1,1,202602,Low,0.734525689950851,1.0,0.6190476190476191
M1,1,202602,Low,0.8017216105928782,1.0,0.5238095238095238
M1,1,202602,Low,0.8027855316825551,1.0,0.47619047619047616
M1,1,202602,Low,0.8656405145650323,1.0,0.42857142857142855
M1,1,202602,Low,0.9821441739819514,1.0,0.38095238095238093
M1,1,202602,Low,0.9877687392491263,1.0,0.19047619047619047
M1,1,202602,Low,0.9903154655684111,1.0,0.047619047619047616
M1,1,202602,Low,1.0,1.0,0.0
M1,1,202602,Medium,0.00671170026138099,0.47619047619047616,1.0
M1,1,202602,Medium,0.009684534431588948,0.5263157894736842,1.0
M1,1,202602,Medium,0.01223126075087362,0.5357142857142857,1.0
M1,1,202602,Medium,0.01785582601804855,0.5660377358490566,1.0
M1,1,202602,Medium,0.12575786989567117,0.6122448979591837,1.0
M1,1,202602,Medium,0.13411907438469753,0.625,1.0
M1,1,202602,Medium,0.13994963109658942,0.6382978723404256,1.0
M1,1,202602,Medium,0.19711529953217247,0.6521739130434783,1.0
M1,1,202602,Medium,0.19825440859177423,0.6666666666666666,1.0
M1,1,202602,Medium,0.20143427377545214,0.6818181818181818,1.0
M1,1,202602,Medium,0.2539524175722766,0.6976744186046512,1.0
M1,1,202602,Medium,0.2653751412638765,0.7142857142857143,1.0
M1,1,202602,Medium,0.266961962741779,0.75,1.0
M1,1,202602,Medium,0.3044067753510425,0.7837837837837838,0.9666666666666667
M1,1,202602,Medium,0.4270042927317189,0.8235294117647058,0.9333333333333333
M1,1,202602,Medium,0.4539239590562564,0.84375,0.9
M1,1,202602,Medium,0.5545089878955405,0.9310344827586207,0.9
M1,1,202602,Medium,0.6871143991985396,0.9285714285714286,0.8666666666666667
M1,1,202602,Medium,0.692553809211152,0.9230769230769231,0.8
M1,1,202602,Medium,0.7025713330076995,0.9565217391304348,0.7333333333333333
M1,1,202602,Medium,0.7545514101334171,0.9545454545454546,0.7
M1,1,202602,Medium,0.828310068282272,0.9411764705882353,0.5333333333333333
M1,1,202602,Medium,0.8515561355309202,0.9375,0.5
M1,1,202602,Medium,0.8635420934048316,0.9285714285714286,0.43333333333333335
M1,1,202602,Medium,0.8745094079199507,1.0,0.43333333333333335
M1,1,202602,Medium,0.8768768321623749,1.0,0.36666666666666664
M1,1,202602,Medium,0.8884550504587463,1.0,0.3333333333333333
M1,1,202602,Medium,0.9019275181793515,1.0,0.26666666666666666
M1,1,202602,Medium,0.9123579204977074,1.0,0.2
M1,1,202602,Medium,0.9129548246612021,1.0,0.06666666666666667
M1,1,202602,Medium,1.0,1.0,0.0
M1,1,202602,High,0.0,0.19047619047619047,1.0
M1,1,202602,High,2.398081534772183e-05,0.21818181818181817,1.0
M1,1,202602,High,2.3980815347721835e-05,0.2222222222222222,1.0
M1,1,202602,High,9.916878527253388e-05,0.23529411764705882,1.0
M1,1,202602,High,9.916878527253393e-05,0.24,1.0
M1,1,202602,High,0.00024041105027020523,0.25,1.0
M1,1,202602,High,0.0003640896394643078,0.2553191489361702,1.0
M1,1,202602,High,0.0010483780648846413,0.26666666666666666,1.0
M1,1,202602,High,0.001489656818558046,0.2857142857142857,1.0
M1,1,202602,High,0.005467542775790305,0.3076923076923077,1.0
M1,1,202602,High,0.006363562463133616,0.32432432432432434,1.0
M1,1,202602,High,0.010952835365528919,0.3333333333333333,1.0
M1,1,202602,High,0.035538113307048966,0.3870967741935484,1.0
M1,1,202602,High,0.03819259240149406,0.41379310344827586,1.0
M1,1,202602,High,0.04773477747084765,0.4444444444444444,1.0
M1,1,202602,High,0.06277469407404153,0.5217391304347826,1.0
M1,1,202602,High,0.09298427819615541,0.5714285714285714,1.0
M1,1,202602,High,0.09535170243857968,0.6,1.0
M1,1,202602,High,0.09947834945346494,0.6666666666666666,1.0
M1,1,202602,High,0.11607382161221441,0.6470588235294118,0.9166666666666666
M1,1,202602,High,0.14431749664341922,0.7333333333333333,0.9166666666666666
M1,1,202602,High,0.2948962531632592,0.7857142857142857,0.9166666666666666
M1,1,202602,High,0.43701992129682,0.9090909090909091,0.8333333333333334
M1,1,202602,High,0.7289529472608671,1.0,0.8333333333333334
M1,1,202602,High,0.7961893943282599,1.0,0.75
M1,1,202602,High,0.8597004781083617,1.0,0.6666666666666666
M1,1,202602,High,0.87389223930928,1.0,0.5833333333333334
M1,1,202602,High,0.993288299738619,1.0,0.5
M1,1,202602,High,1.0,1.0,0.0
M1,2,202602,Low,0.0,0.3333333333333333,1.0
M1,2,202602,Low,0.0008559450928091464,0.39622641509433965,1.0
M1,2,202602,Low,0.0020090361537949447,0.40384615384615385,1.0
M1,2,202602,Low,0.02851989477609997,0.42857142857142855,1.0
M1,2,202602,Low,0.02967298583708576,0.44680851063829785,1.0
M1,2,202602,Low,0.037230382955458476,0.7241379310344828,1.0
M1,2,202602,Low,0.06120939618204038,0.8,0.9523809523809523
M1,2,202602,Low,0.06921749848372023,0.7916666666666666,0.9047619047619048
M1,2,202602,Low,0.6460765001065224,0.8571428571428571,0.8571428571428571
M1,2,202602,Low,0.6522050292146864,0.85,0.8095238095238095
M1,2,202602,Low,0.6732288701368812,0.9375,0.7142857142857143
M1,2,202602,Low,0.7064752618092354,1.0,0.6666666666666666
M1,2,202602,Low,0.7280107658391519,1.0,0.6190476190476191
M1,2,202602,Low,0.8452108997593949,1.0,0.5714285714285714
M1,2,202602,Low,0.8953462135391516,1.0,0.47619047619047616
M1,2,202602,Low,0.9425997640036441,1.0,0.3333333333333333
M1,2,202602,Low,0.997205808080808,1.0,0.2857142857142857
M1,2,202602,Low,1.0,1.0,0.0
M1,2,202602,Medium,0.0,0.49206349206349204,1.0
M1,2,202602,Medium,0.0027941919191919193,0.5660377358490566,0.967741935483871
M1,2,202602,Medium,0.057400235996355936,0.6382978723404256,0.967741935483871
M1,2,202602,Medium,0.10465378646084839,0.6521739130434783,0.967741935483871
M1,2,202602,Medium,0.15478910024060505,0.6976744186046512,0.967741935483871
M1,2,202602,Medium,0.27198923416084814,0.7317073170731707,0.967741935483871
M1,2,202602,Medium,0.2935247381907646,0.75,0.967741935483871
M1,2,202602,Medium,0.3267711298631188,0.7692307692307693,0.967741935483871
M1,2,202602,Medium,0.3477949707853137,0.7837837837837838,0.9354838709677419
M1,2,202602,Medium,0.35392349989347766,0.8181818181818182,0.8709677419354839
M1,2,202602,Medium,0.6991785152266289,0.84375,0.8709677419354839
M1,2,202602,Medium,0.6992244634304718,0.8387096774193549,0.8387096774193549
M1,2,202602,Medium,0.7108451818932956,0.8666666666666667,0.8387096774193549
M1,2,202602,Medium,0.9294777926982286,0.8571428571428571,0.7741935483870968
M1,2,202602,Medium,0.9374858949999084,0.88,0.7096774193548387
M1,2,202602,Medium,0.9537596017241596,0.9166666666666666,0.7096774193548387
M1,2,202602,Medium,0.9589926108687332,0.9545454545454546,0.6774193548387096
M1,2,202602,Medium,0.9653803201869833,1.0,0.5806451612903226
M1,2,202602,Medium,1.0,1.0,0.0
M1,2,202602,High,0.0,0.1746031746031746,1.0
M1,2,202602,High,0.0013047088180512482,0.2619047619047619,1.0
M1,2,202602,High,0.0037770061758083152,0.2894736842105263,1.0
M1,2,202602,High,0.004946693975930898,0.3235294117647059,1.0
M1,2,202602,High,0.017720503499740425,0.6875,1.0
M1,2,202602,High,0.2871457819529094,0.7142857142857143,0.9090909090909091
M1,2,202602,High,0.2988124486195761,0.8333333333333334,0.9090909090909091
M1,2,202602,High,0.2999195914767189,0.9090909090909091,0.9090909090909091
M1,2,202602,High,1.0,0.9,0.8181818181818182
M1,2,202602,High,1.0,1.0,0.0
M1,3,202602,Low,0.0,0.3333333333333333,1.0
M1,3,202602,Low,0.00018826322930800543,0.375,1.0
M1,3,202602,Low,0.001153719936619345,0.3888888888888889,1.0
M1,3,202602,Low,0.0013799726186831931,0.40384615384615385,1.0
M1,3,202602,Low,0.0016364661251766998,0.4117647058823529,1.0
M1,3,202602,Low,0.002163211924546222,0.42,1.0
M1,3,202602,Low,0.002419705431039729,0.4375,1.0
M1,3,202602,Low,0.006318236657529176,0.44680851063829785,1.0
M1,3,202602,Low,0.006981671776374592,0.45652173913043476,1.0
M1,3,202602,Low,0.008235066203325859,0.4666666666666667,1.0
M1,3,202602,Low,0.008491559709819364,0.4883720930232558,1.0
M1,3,202602,Low,0.009686529775300264,0.5,1.0
M1,3,202602,Low,0.009943023281793773,0.5121951219512195,1.0
M1,3,202602,Low,0.012390090936308806,0.5384615384615384,1.0
M1,3,202602,Low,0.015841554508283215,0.5675675675675675,1.0
M1,3,202602,Low,0.028837060444087355,0.6,1.0
M1,3,202602,Low,0.039492248056200316,0.6176470588235294,1.0
M1,3,202602,Low,0.07388574995491434,0.6363636363636364,1.0
M1,3,202602,Low,0.07414224346140787,0.6774193548387096,1.0
M1,3,202602,Low,0.2015233560939762,0.7,1.0
M1,3,202602,Low,0.22748200741688765,0.7241379310344828,1.0
M1,3,202602,Low,0.27124971409222703,0.75,1.0
M1,3,202602,Low,0.36801590680902035,0.8076923076923077,1.0
M1,3,202602,Low,0.5822634236765831,0.84,1.0
M1,3,202602,Low,0.5869285507144693,0.875,1.0
M1,3,202602,Low,0.5980740998506452,0.8695652173913043,0.9523809523809523
M1,3,202602,Low,0.694079958152364,1.0,0.9523809523809523
M1,3,202602,Low,0.7470530007578514,1.0,0.9047619047619048
M1,3,202602,Low,0.7926779125075378,1.0,0.8571428571428571
M1,3,202602,Low,0.918077168748771,1.0,0.8095238095238095
M1,3,202602,Low,0.9672548134055488,1.0,0.7619047619047619
M1,3,202602,Low,0.9681839097686306,1.0,0.7142857142857143
M1,3,202602,Low,0.9741627581518512,1.0,0.6666666666666666
M1,3,202602,Low,0.9747524460618501,1.0,0.6190476190476191
M1,3,202602,Low,0.9995833333333334,1.0,0.5714285714285714
M1,3,202602,Low,0.9996875,1.0,0.2857142857142857
M1,3,202602,Low,1.0,1.0,0.09523809523809523
M1,3,202602,Low,1.0,1.0,0.0
M1,3,202602,Medium,0.0,0.49206349206349204,1.0
M1,3,202602,Medium,0.0003125,0.5081967213114754,1.0
M1,3,202602,Medium,0.00041666666666666664,0.543859649122807,1.0
M1,3,202602,Medium,0.0050416666666666665,0.6078431372549019,1.0
M1,3,202602,Medium,0.01631746031746032,0.62,1.0
M1,3,202602,Medium,0.025247553938149918,0.6326530612244898,1.0
M1,3,202602,Medium,0.02583724184814886,0.6458333333333334,1.0
M1,3,202602,Medium,0.03181609023136939,0.6595744680851063,1.0
M1,3,202602,Medium,0.032745186594451296,0.6739130434782609,1.0
M1,3,202602,Medium,0.05118317171939799,0.6888888888888889,1.0
M1,3,202602,Medium,0.0819228312512289,0.7380952380952381,1.0
M1,3,202602,Medium,0.09474715245241687,0.7560975609756098,1.0
M1,3,202602,Medium,0.16211088135720472,0.7948717948717948,1.0
M1,3,202602,Medium,0.20732208749246214,0.8378378378378378,1.0
M1,3,202602,Medium,0.2529469992421487,0.8611111111111112,1.0
M1,3,202602,Medium,0.3059200418476361,0.8857142857142857,1.0
M1,3,202602,Medium,0.40192590014935486,0.9117647058823529,1.0
M1,3,202602,Medium,0.4130714492855308,0.9032258064516129,0.9032258064516129
M1,3,202602,Medium,0.4149702125185894,0.9333333333333333,0.9032258064516129
M1,3,202602,Medium,0.6319840931909796,0.9310344827586207,0.8709677419354839
M1,3,202602,Medium,0.728750285907773,0.9285714285714286,0.8387096774193549
M1,3,202602,Medium,0.7719267000407255,0.9230769230769231,0.7741935483870968
M1,3,202602,Medium,0.7975853940877247,0.92,0.7419354838709677
M1,3,202602,Medium,0.8531138998978383,0.9166666666666666,0.7096774193548387
M1,3,202602,Medium,0.9182614059911881,0.9565217391304348,0.7096774193548387
M1,3,202602,Medium,0.9233462445798847,1.0,0.6774193548387096
M1,3,202602,Medium,0.9245568077236376,1.0,0.6129032258064516
M1,3,202602,Medium,0.9449999773928598,1.0,0.5806451612903226
M1,3,202602,Medium,0.961100958688777,1.0,0.5483870967741935
M1,3,202602,Medium,0.9669870822382927,1.0,0.5161290322580645
M1,3,202602,Medium,0.9704436957620941,1.0,0.45161290322580644
M1,3,202602,Medium,0.9721948508935129,1.0,0.3870967741935484
M1,3,202602,Medium,0.9739325279919281,1.0,0.3548387096774194
M1,3,202602,Medium,0.9741097977506478,1.0,0.3225806451612903
M1,3,202602,Medium,0.9795986299804817,1.0,0.25806451612903225
M1,3,202602,Medium,0.9825076891988788,1.0,0.1935483870967742
M1,3,202602,Medium,0.9829318932330093,1.0,0.16129032258064516
M1,3,202602,Medium,0.9840516453725299,1.0,0.12903225806451613
M1,3,202602,Medium,0.9867864682858476,1.0,0.06451612903225806
M1,3,202602,Medium,0.9868304244594988,1.0,0.03225806451612903
M1,3,202602,Medium,1.0,1.0,0.0
M1,3,202602,High,0.0,0.1746031746031746,1.0
M1,3,202602,High,0.0005912925423869336,0.3055555555555556,1.0
M1,3,202602,High,0.000891249818299093,0.3142857142857143,1.0
M1,3,202602,High,0.0013009488149546115,0.3235294117647059,1.0
M1,3,202602,High,0.002766363804827386,0.3333333333333333,1.0
M1,3,202602,High,0.002768005465200917,0.34375,1.0
M1,3,202602,High,0.010048647741069014,0.36666666666666664,1.0
M1,3,202602,High,0.01006198086713558,0.39285714285714285,1.0
M1,3,202602,High,0.010458346737724533,0.4074074074074074,1.0
M1,3,202602,High,0.010749870109461511,0.44,1.0
M1,3,202602,High,0.010749870109461513,0.4583333333333333,1.0
M1,3,202602,High,0.01157706558897579,0.4782608695652174,1.0
M1,3,202602,High,0.01378514270292376,0.5,1.0
M1,3,202602,High,0.015507774550939915,0.55,1.0
M1,3,202602,High,0.01611233818243804,0.5789473684210527,1.0
M1,3,202602,High,0.017166213301597052,0.6111111111111112,1.0
M1,3,202602,High,0.017575912298252568,0.6875,1.0
M1,3,202602,High,0.018118619331186775,0.7333333333333333,1.0
M1,3,202602,High,0.024777851558381477,0.7857142857142857,1.0
M1,3,202602,High,0.08058487407219246,0.9166666666666666,1.0
M1,3,202602,High,0.13990442832578723,1.0,0.9090909090909091
M1,3,202602,High,0.8378891186427954,1.0,0.8181818181818182
M1,3,202602,High,0.9050645843182751,1.0,0.6363636363636364
M1,3,202602,High,0.9488168282806021,1.0,0.45454545454545453
M1,3,202602,High,0.9836825396825397,1.0,0.18181818181818182
M1,3,202602,High,0.9949583333333334,1.0,0.09090909090909091
M1,3,202602,High,1.0,1.0,0.0
M1,4,202602,Low,0.0,0.31746031746031744,1.0
M1,4,202602,Low,0.0008888888888888888,0.5405405405405406,1.0
M1,4,202602,Low,0.0015208333333333335,0.5714285714285714,1.0
M1,4,202602,Low,0.011249127699785595,0.5882352941176471,1.0
M1,4,202602,Low,0.021594627594627595,0.625,1.0
M1,4,202602,Low,0.046464259120509124,0.6451612903225806,1.0
M1,4,202602,Low,0.07919363497400583,0.6666666666666666,1.0
M1,4,202602,Low,0.10446723308641961,0.6896551724137931,1.0
M1,4,202602,Low,0.18020378222694905,0.7142857142857143,1.0
M1,4,202602,Low,0.22140018227528505,0.7407407407407407,1.0
M1,4,202602,Low,0.3493443677925103,0.7916666666666666,0.95
M1,4,202602,Low,0.49168439855899465,0.8095238095238095,0.85
M1,4,202602,Low,0.5209889472954323,0.8333333333333334,0.75
M1,4,202602,Low,0.7102449159887241,0.875,0.7
M1,4,202602,Low,0.7264753474836508,0.9166666666666666,0.55
M1,4,202602,Low,0.8237159942525654,1.0,0.45
M1,4,202602,Low,0.8819783977847059,1.0,0.4
M1,4,202602,Low,0.9639863336268135,1.0,0.25
M1,4,202602,Low,0.9980242262897062,1.0,0.2
M1,4,202602,Low,1.0,1.0,0.05
M1,4,202602,Low,1.0,1.0,0.0
M1,4,202602,Medium,0.0,0.49206349206349204,1.0
M1,4,202602,Medium,0.0019757737102938347,0.5166666666666667,1.0
M1,4,202602,Medium,0.007297560690943042,0.543859649122807,1.0
M1,4,202602,Medium,0.0360136663731865,0.5740740740740741,1.0
M1,4,202602,Medium,0.04857630428566961,0.5849056603773585,1.0
M1,4,202602,Medium,0.057272291665217266,0.5961538461538461,1.0
M1,4,202602,Medium,0.11802160221529419,0.6078431372549019,1.0
M1,4,202602,Medium,0.1273894378704053,0.6458333333333334,1.0
M1,4,202602,Medium,0.14561884815291828,0.6739130434782609,1.0
M1,4,202602,Medium,0.1762840057474346,0.7045454545454546,1.0
M1,4,202602,Medium,0.2735246525163491,0.7209302325581395,1.0
M1,4,202602,Medium,0.28975508401127603,0.75,0.967741935483871
M1,4,202602,Medium,0.44770324281411755,0.8055555555555556,0.9354838709677419
M1,4,202602,Medium,0.47901105270456773,0.8285714285714286,0.9354838709677419
M1,4,202602,Medium,0.5083156014410053,0.8484848484848485,0.9032258064516129
M1,4,202602,Medium,0.5349626602757408,0.9,0.8709677419354839
M1,4,202602,Medium,0.5958578454438429,0.8888888888888888,0.7741935483870968
M1,4,202602,Medium,0.6433149830046112,0.8846153846153846,0.7419354838709677
M1,4,202602,Medium,0.6506556322074897,0.88,0.7096774193548387
M1,4,202602,Medium,0.678457125584254,0.9545454545454546,0.6774193548387096
M1,4,202602,Medium,0.722034609181668,0.9523809523809523,0.6451612903225806
M1,4,202602,Medium,0.778599817724715,0.95,0.6129032258064516
M1,4,202602,Medium,0.8197962177730509,1.0,0.5483870967741935
M1,4,202602,Medium,0.8955327669135803,1.0,0.5161290322580645
M1,4,202602,Medium,0.9208063650259942,1.0,0.4838709677419355
M1,4,202602,Medium,0.928195879958348,1.0,0.45161290322580644
M1,4,202602,Medium,0.9501057078241676,1.0,0.41935483870967744
M1,4,202602,Medium,0.9535357408794909,1.0,0.3870967741935484
M1,4,202602,Medium,0.9784053724053724,1.0,0.3548387096774194
M1,4,202602,Medium,0.9849214848273352,1.0,0.3225806451612903
M1,4,202602,Medium,0.9887508723002144,1.0,0.22580645161290322
M1,4,202602,Medium,0.9888133265942863,1.0,0.16129032258064516
M1,4,202602,Medium,0.9946220238095239,1.0,0.12903225806451613
M1,4,202602,Medium,0.9986565656565657,1.0,0.0967741935483871
M1,4,202602,Medium,0.9995454545454545,1.0,0.03225806451612903
M1,4,202602,Medium,1.0,1.0,0.0
M1,4,202602,High,0.0,0.19047619047619047,1.0
M1,4,202602,High,0.00045454545454545455,0.41379310344827586,1.0
M1,4,202602,High,0.0038571428571428567,0.46153846153846156,1.0
M1,4,202602,High,0.011186673405713653,0.48,1.0
M1,4,202602,High,0.015078515172664791,0.5,1.0
M1,4,202602,High,0.049894292175832404,0.5714285714285714,1.0
M1,4,202602,High,0.07180412004165204,0.6,1.0
M1,4,202602,High,0.27796539081833216,0.631578947368421,1.0
M1,4,202602,High,0.3215428744157461,0.6666666666666666,1.0
M1,4,202602,High,0.3566850169953887,0.7058823529411765,1.0
M1,4,202602,High,0.4041421545561571,0.75,1.0
M1,4,202602,High,0.4650373397242592,0.8,1.0
M1,4,202602,High,0.5522967571858824,1.0,1.0
M1,4,202602,High,0.8543811518470817,1.0,0.9166666666666666
M1,4,202602,High,0.8726105621295946,1.0,0.75
M1,4,202602,High,0.9427277083347828,1.0,0.5833333333333334
M1,4,202602,High,0.9514236957143304,1.0,0.5
M1,4,202602,High,0.9927024393090569,1.0,0.4166666666666667
M1,4,202602,High,1.0,1.0,0.16666666666666666
M1,4,202602,High,1.0,1.0,0.0
M1,0,202603,Low,0.0,0.328125,1.0
M1,0,202603,Low,0.000625,0.5121951219512195,1.0
M1,0,202603,Low,0.01157377344877345,0.525,1.0
M1,0,202603,Low,0.04222787180140121,0.5675675675675675,1.0
M1,0,202603,Low,0.07095876900876902,0.5833333333333334,1.0
M1,0,202603,Low,0.07141078581380307,0.6,1.0
M1,0,202603,Low,0.07443775519286355,0.5882352941176471,0.9523809523809523
M1,0,202603,Low,0.093259978583508,0.6060606060606061,0.9523809523809523
M1,0,202603,Low,0.1511585241899483,0.625,0.9523809523809523
M1,0,202603,Low,0.1531650903757702,0.6451612903225806,0.9523809523809523
M1,0,202603,Low,0.18395602815316303,0.6666666666666666,0.9523809523809523
M1,0,202603,Low,0.2414849188101496,0.6896551724137931,0.9523809523809523
M1,0,202603,Low,0.24165168711236673,0.7037037037037037,0.9047619047619048
M1,0,202603,Low,0.2645054509525859,0.782608695652174,0.8571428571428571
M1,0,202603,Low,0.4173234293656123,0.8181818181818182,0.8571428571428571
M1,0,202603,Low,0.5167461203657024,0.8571428571428571,0.8571428571428571
M1,0,202603,Low,0.5707623541319361,0.85,0.8095238095238095
M1,0,202603,Low,0.7349353727198155,0.8421052631578947,0.7619047619047619
M1,0,202603,Low,0.779820646602616,0.875,0.6666666666666666
M1,0,202603,Low,0.7853025267216444,0.9285714285714286,0.6190476190476191
M1,0,202603,Low,0.8981139961409345,0.9090909090909091,0.47619047619047616
M1,0,202603,Low,0.9603458256719126,1.0,0.42857142857142855
M1,0,202603,Low,0.9985714285714287,1.0,0.38095238095238093
M1,0,202603,Low,1.0,1.0,0.2857142857142857
M1,0,202603,Low,1.0,1.0,0.0
M1,0,202603,Medium,0.0,0.484375,1.0
M1,0,202603,Medium,0.0014285714285714286,0.5535714285714286,1.0
M1,0,202603,Medium,0.012032106782106783,0.5740740740740741,1.0
M1,0,202603,Medium,0.0171625722103983,0.5961538461538461,1.0
M1,0,202603,Medium,0.039654174328087384,0.6078431372549019,1.0
M1,0,202603,Medium,0.05955794205794204,0.62,1.0
M1,0,202603,Medium,0.06897517627300236,0.6595744680851063,1.0
M1,0,202603,Medium,0.10126940981723588,0.6888888888888889,1.0
M1,0,202603,Medium,0.10188600385906552,0.7045454545454546,1.0
M1,0,202603,Medium,0.13754962959745565,0.7142857142857143,0.967741935483871
M1,0,202603,Medium,0.2146974732783556,0.7317073170731707,0.967741935483871
M1,0,202603,Medium,0.22017935339738406,0.7894736842105263,0.967741935483871
M1,0,202603,Medium,0.26506462728018454,0.8055555555555556,0.9354838709677419
M1,0,202603,Medium,0.42923764586806384,0.8484848484848485,0.9032258064516129
M1,0,202603,Medium,0.4832538796342976,0.875,0.9032258064516129
M1,0,202603,Medium,0.5826765706343878,0.9032258064516129,0.9032258064516129
M1,0,202603,Medium,0.7354945490474142,0.9,0.8709677419354839
M1,0,202603,Medium,0.7583483128876333,0.896551724137931,0.8387096774193549
M1,0,202603,Medium,0.7585150811898503,0.92,0.7419354838709677
M1,0,202603,Medium,0.8160439718468371,0.9565217391304348,0.7096774193548387
M1,0,202603,Medium,0.8468349096242298,0.9545454545454546,0.6774193548387096
M1,0,202603,Medium,0.8488414758100518,0.9523809523809523,0.6451612903225806
M1,0,202603,Medium,0.906740021416492,0.95,0.6129032258064516
M1,0,202603,Medium,0.9255622448071364,0.9473684210526315,0.5806451612903226
M1,0,202603,Medium,0.928589214186197,0.9444444444444444,0.5483870967741935
M1,0,202603,Medium,0.929041230991231,1.0,0.5483870967741935
M1,0,202603,Medium,0.9577721281985988,1.0,0.5161290322580645
M1,0,202603,Medium,0.9884262265512266,1.0,0.4838709677419355
M1,0,202603,Medium,0.9916186868686868,1.0,0.3870967741935484
M1,0,202603,Medium,0.9926186868686868,1.0,0.3225806451612903
M1,0,202603,Medium,0.9965641025641025,1.0,0.2903225806451613
M1,0,202603,Medium,0.9992307692307693,1.0,0.22580645161290322
M1,0,202603,Medium,0.999375,1.0,0.0967741935483871
M1,0,202603,Medium,1.0,1.0,0.06451612903225806
M1,0,202603,Medium,1.0,1.0,0.0
M1,0,202603,High,0.0,0.1875,1.0
M1,0,202603,High,0.0007692307692307693,0.5714285714285714,1.0
M1,0,202603,High,0.003435897435897436,0.7058823529411765,1.0
M1,0,202603,High,0.007381313131313132,0.8,1.0
M1,0,202603,High,0.008381313131313132,0.8571428571428571,1.0
M1,0,202603,High,0.8624503704025444,1.0,1.0
M1,0,202603,High,0.8987305901827641,1.0,0.9166666666666666
M1,0,202603,High,0.9310248237269977,1.0,0.8333333333333334
M1,0,202603,High,0.9404420579420579,1.0,0.6666666666666666
M1,0,202603,High,0.9828374277896017,1.0,0.4166666666666667
M1,0,202603,High,0.9879678932178932,1.0,0.3333333333333333
M1,0,202603,High,1.0,1.0,0.16666666666666666
M1,0,202603,High,1.0,1.0,0.0
M1,1,202603,Low,0.0,0.3333333333333333,1.0
M1,1,202603,Low,0.005178407212398014,0.38181818181818183,1.0
M1,1,202603,Low,0.009138942104363414,0.3888888888888889,1.0
M1,1,202603,Low,0.012694844996626275,0.39622641509433965,1.0
M1,1,202603,Low,0.014465572413661532,0.42,1.0
M1,1,202603,Low,0.0301695572317176,0.42857142857142855,1.0
M1,1,202603,Low,0.03323270653735257,0.4375,1.0
M1,1,202603,Low,0.03497468572030429,0.45652173913043476,1.0
M1,1,202603,Low,0.0370923586035891,0.4883720930232558,1.0
M1,1,202603,Low,0.03903939120396601,0.5,1.0
M1,1,202603,Low,0.04313713850829778,0.525,1.0
M1,1,202603,Low,0.043451603917102816,0.5675675675675675,1.0
M1,1,202603,Low,0.051369615775957125,0.5833333333333334,1.0
M1,1,202603,Low,0.05168408118476216,0.6,1.0
M1,1,202603,Low,0.07798557831928794,0.6176470588235294,1.0
M1,1,202603,Low,0.23019751489789742,0.65625,1.0
M1,1,202603,Low,0.2743373840087189,0.7777777777777778,1.0
M1,1,202603,Low,0.27609292795135193,0.84,1.0
M1,1,202603,Low,0.5325384915183596,0.875,1.0
M1,1,202603,Low,0.5663833451910202,0.8571428571428571,0.8571428571428571
M1,1,202603,Low,0.6760143572390506,0.8947368421052632,0.8095238095238095
M1,1,202603,Low,0.7149072710863443,0.9375,0.7142857142857143
M1,1,202603,Low,0.7349629424239723,0.9285714285714286,0.6190476190476191
M1,1,202603,Low,0.7960600396172496,1.0,0.5238095238095238
M1,1,202603,Low,0.8123776157167822,1.0,0.47619047619047616
M1,1,202603,Low,0.8715619031058378,1.0,0.42857142857142855
M1,1,202603,Low,0.9841265871326659,1.0,0.38095238095238093
M1,1,202603,Low,0.9887697068430142,1.0,0.19047619047619047
M1,1,202603,Low,0.9915100916840058,1.0,0.047619047619047616
M1,1,202603,Low,1.0,1.0,0.0
M1,1,202603,Medium,0.007429120523769583,0.47619047619047616,1.0
M1,1,202603,Medium,0.00848990831599423,0.5263157894736842,1.0
M1,1,202603,Medium,0.011230293156985748,0.5357142857142857,1.0
M1,1,202603,Medium,0.01587341286733411,0.5660377358490566,1.0
M1,1,202603,Medium,0.11397303385264694,0.6122448979591837,1.0
M1,1,202603,Medium,0.12832853572008487,0.625,1.0
M1,1,202603,Medium,0.12892083171453173,0.6382978723404256,1.0
M1,1,202603,Medium,0.1875757642365977,0.6521739130434783,1.0
M1,1,202603,Medium,0.20389334033613027,0.6666666666666666,1.0
M1,1,202603,Medium,0.20706001323790538,0.6818181818181818,1.0
M1,1,202603,Medium,0.2506055193421871,0.6976744186046512,1.0
M1,1,202603,Medium,0.26499043752940754,0.7142857142857143,1.0
M1,1,202603,Medium,0.2850461088670356,0.7435897435897436,0.9666666666666667
M1,1,202603,Medium,0.323073705805777,0.7837837837837838,0.9666666666666667
M1,1,202603,Medium,0.43186373795995076,0.8235294117647058,0.9333333333333333
M1,1,202603,Medium,0.4643511729676049,0.84375,0.9
M1,1,202603,Medium,0.5325377429045358,0.9310344827586207,0.9
M1,1,202603,Medium,0.6711440470043797,0.9285714285714286,0.8666666666666667
M1,1,202603,Medium,0.7150161061450269,0.96,0.8
M1,1,202603,Medium,0.7195805964284233,0.9583333333333334,0.7666666666666667
M1,1,202603,Medium,0.7567246468131509,0.9545454545454546,0.7
M1,1,202603,Medium,0.8245485082940335,0.9411764705882353,0.5333333333333333
M1,1,202603,Medium,0.8440935362234876,0.9375,0.5
M1,1,202603,Medium,0.8515658946643249,0.9285714285714286,0.43333333333333335
M1,1,202603,Medium,0.8840268712618491,1.0,0.43333333333333335
M1,1,202603,Medium,0.8851693794587847,1.0,0.3333333333333333
M1,1,202603,Medium,0.9052925652354986,1.0,0.26666666666666666
M1,1,202603,Medium,0.9074298671137827,1.0,0.2
M1,1,202603,Medium,0.9076401658559211,1.0,0.16666666666666666
M1,1,202603,Medium,0.9100943074738802,1.0,0.13333333333333333
M1,1,202603,Medium,0.9103046062160185,1.0,0.1
M1,1,202603,Medium,1.0,1.0,0.0
M1,1,202603,High,0.0,0.19047619047619047,1.0
M1,1,202603,High,4.6620046620046606e-05,0.21818181818181817,1.0
M1,1,202603,High,4.662004662004662e-05,0.23076923076923078,1.0
M1,1,202603,High,4.6620046620046634e-05,0.23529411764705882,1.0
M1,1,202603,High,0.00010956117407730306,0.25,1.0
M1,1,202603,High,0.0009119369551724319,0.2553191489361702,1.0
M1,1,202603,High,0.0017529168490291432,0.2727272727272727,1.0
M1,1,202603,High,0.003110335514035389,0.2857142857142857,1.0
M1,1,202603,High,0.006082019562857855,0.3076923076923077,1.0
M1,1,202603,High,0.008890965903621307,0.32432432432432434,1.0
M1,1,202603,High,0.01307783828895169,0.3333333333333333,1.0
M1,1,202603,High,0.036845042221927415,0.3870967741935484,1.0
M1,1,202603,High,0.04088605170145515,0.41379310344827586,1.0
M1,1,202603,High,0.04099021836812181,0.42857142857142855,1.0
M1,1,202603,High,0.046454088609017036,0.4444444444444444,1.0
M1,1,202603,High,0.046558255275683705,0.46153846153846156,1.0
M1,1,202603,High,0.0556680435605353,0.5217391304347826,1.0
M1,1,202603,High,0.08099844301784655,0.5714285714285714,1.0
M1,1,202603,High,0.11134174673208608,0.6666666666666666,1.0
M1,1,202603,High,0.12267375723915983,0.6470588235294118,0.9166666666666666
M1,1,202603,High,0.14528193447424875,0.7333333333333333,0.9166666666666666
M1,1,202603,High,0.3161611079989941,0.7857142857142857,0.9166666666666666
M1,1,202603,High,0.4583233149911008,0.9090909090909091,0.8333333333333334
M1,1,202603,High,0.7349289082441514,1.0,0.8333333333333334
M1,1,202603,High,0.7877615795496965,1.0,0.75
M1,1,202603,High,0.8710791682854682,1.0,0.6666666666666666
M1,1,202603,High,0.8860269661473531,1.0,0.5833333333333334
M1,1,202603,High,0.9925708794762305,1.0,0.5
M1,1,202603,High,1.0,1.0,0.0
M1,2,202603,Low,0.0,0.3333333333333333,1.0
M1,2,202603,Low,0.0038603479187410564,0.39622641509433965,1.0
M1,2,202603,Low,0.005617168302745512,0.40384615384615385,1.0
M1,2,202603,Low,0.005617168302745513,0.42,1.0
M1,2,202603,Low,0.025144218479246166,0.42857142857142855,1.0
M1,2,202603,Low,0.026901038863250622,0.44680851063829785,1.0
M1,2,202603,Low,0.036705234667446414,0.7241379310344828,1.0
M1,2,202603,Low,0.05826807958907163,0.8,0.9523809523809523
M1,2,202603,Low,0.0918118520224549,0.7916666666666666,0.9047619047619048
M1,2,202603,Low,0.09850913519904844,0.782608695652174,0.8571428571428571
M1,2,202603,Low,0.6543911139079827,0.8571428571428571,0.8571428571428571
M1,2,202603,Low,0.6664841184271734,0.85,0.8095238095238095
M1,2,202603,Low,0.672388273977339,0.9375,0.7142857142857143
M1,2,202603,Low,0.7027288167340418,1.0,0.6666666666666666
M1,2,202603,Low,0.7395894169669621,1.0,0.6190476190476191
M1,2,202603,Low,0.8721103383050465,1.0,0.5714285714285714
M1,2,202603,Low,0.9046909792044844,1.0,0.47619047619047616
M1,2,202603,Low,0.9237670566057049,1.0,0.3333333333333333
M1,2,202603,Low,0.9990322580645161,1.0,0.2857142857142857
M1,2,202603,Low,1.0,1.0,0.0
M1,2,202603,Medium,0.0,0.49206349206349204,1.0
M1,2,202603,Medium,0.000967741935483871,0.5660377358490566,0.967741935483871
M1,2,202603,Medium,0.07623294339429498,0.6382978723404256,0.967741935483871
M1,2,202603,Medium,0.09530902079551566,0.6521739130434783,0.967741935483871
M1,2,202603,Medium,0.1278896616949536,0.6976744186046512,0.967741935483871
M1,2,202603,Medium,0.2604105830330379,0.7317073170731707,0.967741935483871
M1,2,202603,Medium,0.29727118326595836,0.75,0.967741935483871
M1,2,202603,Medium,0.3276117260226609,0.7692307692307693,0.967741935483871
M1,2,202603,Medium,0.3335158815728267,0.7837837837837838,0.9354838709677419
M1,2,202603,Medium,0.3456088860920173,0.8181818181818182,0.8709677419354839
M1,2,202603,Medium,0.7392298513865804,0.84375,0.8709677419354839
M1,2,202603,Medium,0.7488829942277566,0.8709677419354839,0.8709677419354839
M1,2,202603,Medium,0.7555496608944233,0.8666666666666667,0.8387096774193549
M1,2,202603,Medium,0.898136602858444,0.8571428571428571,0.7741935483870968
M1,2,202603,Medium,0.9046614722419342,0.8461538461538461,0.7096774193548387
M1,2,202603,Medium,0.9357315704541892,0.88,0.7096774193548387
M1,2,202603,Medium,0.9466063466892544,0.9166666666666666,0.7096774193548387
M1,2,202603,Medium,0.9544953607849532,0.9545454545454546,0.6774193548387096
M1,2,202603,Medium,0.9629261561970971,1.0,0.5806451612903226
M1,2,202603,Medium,1.0,1.0,0.0
M1,2,202603,High,0.0,0.1746031746031746,1.0
M1,2,202603,High,0.003354261942507517,0.2619047619047619,1.0
M1,2,202603,High,0.0035266757356109658,0.275,1.0
M1,2,202603,High,0.006000349956739201,0.28205128205128205,1.0
M1,2,202603,High,0.008799404547600403,0.2894736842105263,1.0
M1,2,202603,High,0.010172804939652157,0.3235294117647059,1.0
M1,2,202603,High,0.028249434831499432,0.6875,1.0
M1,2,202603,High,0.23883317080283128,0.7142857142857143,0.9090909090909091
M1,2,202603,High,0.24549983746949794,0.8333333333333334,0.9090909090909091
M1,2,202603,High,0.2569098006946786,0.9090909090909091,0.9090909090909091
M1,2,202603,High,1.0,0.9,0.8181818181818182
M1,2,202603,High,1.0,1.0,0.0
M1,3,202603,Low,0.0,0.3333333333333333,1.0
M1,3,202603,Low,0.00017857142857142857,0.375,1.0
M1,3,202603,Low,0.0008045736176804137,0.3888888888888889,1.0
M1,3,202603,Low,0.0012670363648656729,0.40384615384615385,1.0
M1,3,202603,Low,0.0012670363648656733,0.4117647058823529,1.0
M1,3,202603,Low,0.001708917978622287,0.42,1.0
M1,3,202603,Low,0.0017089179786222877,0.4375,1.0
M1,3,202603,Low,0.003703425559135052,0.44680851063829785,1.0
M1,3,202603,Low,0.005954957678555001,0.45652173913043476,1.0
M1,3,202603,Low,0.0059549576785550016,0.4772727272727273,1.0
M1,3,202603,Low,0.006220471826509807,0.4883720930232558,1.0
M1,3,202603,Low,0.006393497724328928,0.5,1.0
M1,3,202603,Low,0.007045671637372409,0.5121951219512195,1.0
M1,3,202603,Low,0.010466511526442523,0.5384615384615384,1.0
M1,3,202603,Low,0.011557225485259925,0.5675675675675675,1.0
M1,3,202603,Low,0.029439921287532016,0.6,1.0
M1,3,202603,Low,0.041685960987464736,0.6176470588235294,1.0
M1,3,202603,Low,0.06456511159026271,0.6363636363636364,1.0
M1,3,202603,Low,0.06527939730454843,0.6774193548387096,1.0
M1,3,202603,Low,0.16859179575330216,0.7,1.0
M1,3,202603,Low,0.1917209071757988,0.7241379310344828,1.0
M1,3,202603,Low,0.23346291541062747,0.75,1.0
M1,3,202603,Low,0.32054342197690694,0.8076923076923077,1.0
M1,3,202603,Low,0.5621256483796551,0.84,1.0
M1,3,202603,Low,0.5705235246618475,0.9545454545454546,1.0
M1,3,202603,Low,0.5734096889473903,0.9523809523809523,0.9523809523809523
M1,3,202603,Low,0.682537076113438,1.0,0.9523809523809523
M1,3,202603,Low,0.7466412524028061,1.0,0.9047619047619048
M1,3,202603,Low,0.7782052945673352,1.0,0.8571428571428571
M1,3,202603,Low,0.9209291658395762,1.0,0.8095238095238095
M1,3,202603,Low,0.9412873959778488,1.0,0.7619047619047619
M1,3,202603,Low,0.9632862327517433,1.0,0.7142857142857143
M1,3,202603,Low,0.9708505234556732,1.0,0.6666666666666666
M1,3,202603,Low,0.9877304280546558,1.0,0.6190476190476191
M1,3,202603,Low,0.9951962513061651,1.0,0.5714285714285714
M1,3,202603,Low,0.9989492753623188,1.0,0.2857142857142857
M1,3,202603,Low,0.9997826086956522,1.0,0.09523809523809523
M1,3,202603,Low,1.0,1.0,0.0
M1,3,202603,Medium,0.00021739130434782607,0.49206349206349204,1.0
M1,3,202603,Medium,0.0010507246376811595,0.5081967213114754,1.0
M1,3,202603,Medium,0.0048037486938349,0.543859649122807,1.0
M1,3,202603,Medium,0.012269571945344258,0.6078431372549019,1.0
M1,3,202603,Medium,0.012921282149223327,0.62,1.0
M1,3,202603,Medium,0.017468290696231875,0.6326530612244898,1.0
M1,3,202603,Medium,0.029149476544326817,0.6458333333333334,1.0
M1,3,202603,Medium,0.03362563745593932,0.6595744680851063,1.0
M1,3,202603,Medium,0.03671376724825669,0.7045454545454546,1.0
M1,3,202603,Medium,0.058712604022151164,0.7209302325581395,1.0
M1,3,202603,Medium,0.07112599814592849,0.7380952380952381,1.0
M1,3,202603,Medium,0.0790708341604239,0.775,1.0
M1,3,202603,Medium,0.1570943937598348,0.7948717948717948,1.0
M1,3,202603,Medium,0.22179470543266475,0.8378378378378378,1.0
M1,3,202603,Medium,0.25335874759719385,0.8611111111111112,1.0
M1,3,202603,Medium,0.3174629238865619,0.8857142857142857,1.0
M1,3,202603,Medium,0.42547807092201706,0.9117647058823529,1.0
M1,3,202603,Medium,0.4294764753381525,0.9090909090909091,0.967741935483871
M1,3,202603,Medium,0.437874351620345,0.9375,0.967741935483871
M1,3,202603,Medium,0.6794080343337727,0.9310344827586207,0.8709677419354839
M1,3,202603,Medium,0.7665370845893726,0.9285714285714286,0.8387096774193549
M1,3,202603,Medium,0.8079656302175253,0.9230769230769231,0.7741935483870968
M1,3,202603,Medium,0.8305217992228145,0.92,0.7419354838709677
M1,3,202603,Medium,0.8679456863043151,0.9166666666666666,0.7096774193548387
M1,3,202603,Medium,0.9333585435976222,0.9565217391304348,0.7096774193548387
M1,3,202603,Medium,0.9333608329749115,0.9545454545454546,0.6774193548387096
M1,3,202603,Medium,0.9439799942172437,0.95,0.6129032258064516
M1,3,202603,Medium,0.9466128541789185,1.0,0.5806451612903226
M1,3,202603,Medium,0.9640365216050417,1.0,0.5483870967741935
M1,3,202603,Medium,0.9708317946342078,1.0,0.5161290322580645
M1,3,202603,Medium,0.9740500989894706,1.0,0.45161290322580644
M1,3,202603,Medium,0.9758132714906846,1.0,0.3870967741935484
M1,3,202603,Medium,0.9798772158592645,1.0,0.3548387096774194
M1,3,202603,Medium,0.9799171460231058,1.0,0.2903225806451613
M1,3,202603,Medium,0.9839131156332057,1.0,0.25806451612903225
M1,3,202603,Medium,0.9849542201537906,1.0,0.1935483870967742
M1,3,202603,Medium,0.9862353325896152,1.0,0.16129032258064516
M1,3,202603,Medium,0.9869564221737461,1.0,0.12903225806451613
M1,3,202603,Medium,0.9899735757981464,1.0,0.06451612903225806
M1,3,202603,Medium,0.9902712323635564,1.0,0.03225806451612903
M1,3,202603,Medium,1.0,1.0,0.0
M1,3,202603,High,0.0,0.1746031746031746,1.0
M1,3,202603,High,4.854368932038833e-05,0.2972972972972973,1.0
M1,3,202603,High,0.00031346260667575605,0.3055555555555556,1.0
M1,3,202603,High,0.000886405023883245,0.3142857142857143,1.0
M1,3,202603,High,0.0011122401305927176,0.3235294117647059,1.0
M1,3,202603,High,0.001362059097829539,0.3333333333333333,1.0
M1,3,202603,High,0.0020740554348258767,0.34375,1.0
M1,3,202603,High,0.006523557107426268,0.36666666666666664,1.0
M1,3,202603,High,0.007544195583875067,0.3793103448275862,1.0
M1,3,202603,High,0.008019849657821362,0.39285714285714285,1.0
M1,3,202603,High,0.008565558655475506,0.4074074074074074,1.0
M1,3,202603,High,0.00875938783698802,0.44,1.0
M1,3,202603,High,0.0090412127294218,0.4583333333333333,1.0
M1,3,202603,High,0.011334659847631545,0.5,1.0
M1,3,202603,High,0.01170118483361686,0.55,1.0
M1,3,202603,High,0.013689356252565314,0.5789473684210527,1.0
M1,3,202603,High,0.013778743481343657,0.6111111111111112,1.0
M1,3,202603,High,0.01548338948408678,0.6470588235294118,1.0
M1,3,202603,High,0.018231770830760354,0.7333333333333333,1.0
M1,3,202603,High,0.023213247687237214,0.7857142857142857,1.0
M1,3,202603,High,0.05521543216507605,0.9166666666666666,1.0
M1,3,202603,High,0.12835088813654985,1.0,0.9090909090909091
M1,3,202603,High,0.8429056062401652,1.0,0.8181818181818182
M1,3,202603,High,0.9286954304255002,1.0,0.6363636363636364
M1,3,202603,High,0.9663743625440607,1.0,0.45454545454545453
M1,3,202603,High,0.9825317093037681,1.0,0.18181818181818182
M1,3,202603,High,0.9870787178507767,1.0,0.09090909090909091
M1,3,202603,High,1.0,1.0,0.0
M1,4,202603,Low,0.0,0.31746031746031744,1.0
M1,4,202603,Low,0.0008333333333333335,0.5405405405405406,1.0
M1,4,202603,Low,0.0013573232323232326,0.5555555555555556,1.0
M1,4,202603,Low,0.009490097320979673,0.5882352941176471,1.0
M1,4,202603,Low,0.009843614718614719,0.625,1.0
M1,4,202603,Low,0.03956217293485095,0.6451612903225806,1.0
M1,4,202603,Low,0.06597965922965922,0.6666666666666666,1.0
M1,4,202603,Low,0.10147378030466267,0.6896551724137931,1.0
M1,4,202603,Low,0.163951863446861,0.7142857142857143,1.0
M1,4,202603,Low,0.20558958869934116,0.7407407407407407,1.0
M1,4,202603,Low,0.32902246845861405,0.7916666666666666,0.95
M1,4,202603,Low,0.48944814325251657,0.8095238095238095,0.85
M1,4,202603,Low,0.5411841422410393,0.8333333333333334,0.75
M1,4,202603,Low,0.6822446317332254,0.875,0.7
M1,4,202603,Low,0.7426435366048448,0.9166666666666666,0.55
M1,4,202603,Low,0.8129038092785078,1.0,0.45
M1,4,202603,Low,0.8839883337011921,1.0,0.4
M1,4,202603,Low,0.9580259115884115,1.0,0.25
M1,4,202603,Low,0.9986515151515152,1.0,0.2
M1,4,202603,Low,1.0,1.0,0.05
M1,4,202603,Low,1.0,1.0,0.0
M1,4,202603,Medium,0.0,0.49206349206349204,1.0
M1,4,202603,Medium,0.0013484848484848484,0.5166666666666667,1.0
M1,4,202603,Medium,0.008290626040626041,0.543859649122807,1.0
M1,4,202603,Medium,0.031988409100478066,0.5740740740740741,1.0
M1,4,202603,Medium,0.041974088411588395,0.5849056603773585,1.0
M1,4,202603,Medium,0.05587435004292053,0.5961538461538461,1.0
M1,4,202603,Medium,0.11601166629880795,0.6078431372549019,1.0
M1,4,202603,Medium,0.12928431505640722,0.6458333333333334,1.0
M1,4,202603,Medium,0.15015852571061555,0.6739130434782609,1.0
M1,4,202603,Medium,0.1870961907214921,0.7045454545454546,1.0
M1,4,202603,Medium,0.25735646339515506,0.7209302325581395,1.0
M1,4,202603,Medium,0.3177553682667746,0.75,0.967741935483871
M1,4,202603,Medium,0.4261645887215108,0.8055555555555556,0.9354838709677419
M1,4,202603,Medium,0.4588158577589608,0.8285714285714286,0.9354838709677419
M1,4,202603,Medium,0.5105518567474835,0.8484848484848485,0.9032258064516129
M1,4,202603,Medium,0.526870230280674,0.9,0.8709677419354839
M1,4,202603,Medium,0.610787140473905,0.8888888888888888,0.7741935483870968
M1,4,202603,Medium,0.611905804957856,0.8846153846153846,0.7419354838709677
M1,4,202603,Medium,0.6410827154656488,0.88,0.7096774193548387
M1,4,202603,Medium,0.670977531541386,0.875,0.6774193548387096
M1,4,202603,Medium,0.7507367041061259,0.9523809523809523,0.6451612903225806
M1,4,202603,Medium,0.7944104113006588,0.95,0.6129032258064516
M1,4,202603,Medium,0.836048136553139,1.0,0.5483870967741935
M1,4,202603,Medium,0.8985262196953374,1.0,0.5161290322580645
M1,4,202603,Medium,0.9232308071013954,1.0,0.4838709677419355
M1,4,202603,Medium,0.9331870074370074,1.0,0.45161290322580644
M1,4,202603,Medium,0.9556852893838188,1.0,0.41935483870967744
M1,4,202603,Medium,0.9601044937318157,1.0,0.3870967741935484
M1,4,202603,Medium,0.9877437728937729,1.0,0.3548387096774194
M1,4,202603,Medium,0.9893230519480519,1.0,0.25806451612903225
M1,4,202603,Medium,0.9897145697439815,1.0,0.22580645161290322
M1,4,202603,Medium,0.9905099026790203,1.0,0.1935483870967742
M1,4,202603,Medium,0.9940012626262626,1.0,0.12903225806451613
M1,4,202603,Medium,0.9986426767676768,1.0,0.0967741935483871
M1,4,202603,Medium,1.0,1.0,0.03225806451612903
M1,4,202603,Medium,1.0,1.0,0.0
M1,4,202603,High,0.0,0.19047619047619047,1.0
M1,4,202603,High,0.00033333333333333343,0.41379310344827586,1.0
M1,4,202603,High,0.0008333333333333333,0.42857142857142855,1.0
M1,4,202603,High,0.0008333333333333335,0.4444444444444444,1.0
M1,4,202603,High,0.005165404040404041,0.46153846153846156,1.0
M1,4,202603,High,0.010285430256018491,0.48,1.0
M1,4,202603,High,0.012256227106227108,0.5,1.0
M1,4,202603,High,0.04431471061618121,0.5714285714285714,1.0
M1,4,202603,High,0.07676919289860468,0.6,1.0
M1,4,202603,High,0.2492632958938741,0.631578947368421,1.0
M1,4,202603,High,0.3589172845343511,0.6666666666666666,1.0
M1,4,202603,High,0.38809419504214415,0.7058823529411765,1.0
M1,4,202603,High,0.38921285952609497,0.75,1.0
M1,4,202603,High,0.4731297697193261,0.8,1.0
M1,4,202603,High,0.5738354112784892,1.0,1.0
M1,4,202603,High,0.8498414742893845,1.0,0.9166666666666666
M1,4,202603,High,0.8707156849435927,1.0,0.75
M1,4,202603,High,0.9441256499570795,1.0,0.5833333333333334
M1,4,202603,High,0.9680115908995219,1.0,0.5
M1,4,202603,High,0.991709373959374,1.0,0.4166666666666667
M1,4,202603,High,1.0,1.0,0.16666666666666666
M1,4,202603,High,1.0,1.0,0.0
M1,0,202604,Low,0.0,0.328125,1.0
M1,0,202604,Low,0.000588235294117647,0.4883720930232558,1.0
M1,0,202604,Low,0.0005882352941176471,0.5,1.0
M1,0,202604,Low,0.0017549019607843138,0.5121951219512195,1.0
M1,0,202604,Low,0.00830901451489687,0.525,1.0
M1,0,202604,Low,0.038261766011766014,0.5675675675675675,1.0
M1,0,202604,Low,0.06045475424406896,0.5833333333333334,1.0
M1,0,202604,Low,0.06346797646797647,0.6,1.0
M1,0,202604,Low,0.07425042903719374,0.6176470588235294,1.0
M1,0,202604,Low,0.11018917030681741,0.6060606060606061,0.9523809523809523
M1,0,202604,Low,0.14036113247557505,0.625,0.9523809523809523
M1,0,202604,Low,0.15543842580126982,0.6451612903225806,0.9523809523809523
M1,0,202604,Low,0.22137408316084792,0.6666666666666666,0.9523809523809523
M1,0,202604,Low,0.22242316152353758,0.6896551724137931,0.9523809523809523
M1,0,202604,Low,0.2280726661819936,0.7037037037037037,0.9047619047619048
M1,0,202604,Low,0.3259319234686882,0.782608695652174,0.8571428571428571
M1,0,202604,Low,0.41486685974843895,0.8181818181818182,0.8571428571428571
M1,0,202604,Low,0.4815381432293195,0.8571428571428571,0.8571428571428571
M1,0,202604,Low,0.5482159931571693,0.85,0.8095238095238095
M1,0,202604,Low,0.7198225434696022,0.8421052631578947,0.7619047619047619
M1,0,202604,Low,0.743051948051948,0.875,0.6666666666666666
M1,0,202604,Low,0.8289488173505201,0.8461538461538461,0.5238095238095238
M1,0,202604,Low,0.9046887848993113,0.9090909090909091,0.47619047619047616
M1,0,202604,Low,0.9709443920372713,1.0,0.42857142857142855
M1,0,202604,Low,0.9954545454545455,1.0,0.38095238095238093
M1,0,202604,Low,1.0,1.0,0.2857142857142857
M1,0,202604,Low,1.0,1.0,0.0
M1,0,202604,Medium,0.0,0.484375,1.0
M1,0,202604,Medium,0.0008333333333333333,0.5344827586206896,1.0
M1,0,202604,Medium,0.004545454545454545,0.5535714285714286,1.0
M1,0,202604,Medium,0.012913059163059166,0.5740740740740741,1.0
M1,0,202604,Medium,0.029055607962728706,0.5961538461538461,1.0
M1,0,202604,Medium,0.031897943559708264,0.6078431372549019,1.0
M1,0,202604,Medium,0.05422997835497836,0.62,1.0
M1,0,202604,Medium,0.08989738855915327,0.6595744680851063,1.0
M1,0,202604,Medium,0.09531121510068881,0.6888888888888889,1.0
M1,0,202604,Medium,0.12428573632250105,0.6976744186046512,0.967741935483871
M1,0,202604,Medium,0.17105118264947994,0.7142857142857143,0.967741935483871
M1,0,202604,Medium,0.19240451187062438,0.725,0.9354838709677419
M1,0,202604,Medium,0.256948051948052,0.7435897435897436,0.9354838709677419
M1,0,202604,Medium,0.2801774565303977,0.8055555555555556,0.9354838709677419
M1,0,202604,Medium,0.4517840068428307,0.8484848484848485,0.9032258064516129
M1,0,202604,Medium,0.5184618567706805,0.875,0.9032258064516129
M1,0,202604,Medium,0.585133140251561,0.9032258064516129,0.9032258064516129
M1,0,202604,Medium,0.6740680765313117,0.9,0.8709677419354839
M1,0,202604,Medium,0.7719273338180065,0.896551724137931,0.8387096774193549
M1,0,202604,Medium,0.7775768384764625,0.92,0.7419354838709677
M1,0,202604,Medium,0.778625916839152,0.9565217391304348,0.7096774193548387
M1,0,202604,Medium,0.8445615741987302,0.9545454545454546,0.6774193548387096
M1,0,202604,Medium,0.8596388675244249,0.9523809523809523,0.6451612903225806
M1,0,202604,Medium,0.8898108296931827,0.95,0.6129032258064516
M1,0,202604,Medium,0.9257495709628063,0.9473684210526315,0.5806451612903226
M1,0,202604,Medium,0.9365320235320235,1.0,0.5806451612903226
M1,0,202604,Medium,0.939545245755931,1.0,0.5483870967741935
M1,0,202604,Medium,0.961738233988234,1.0,0.5161290322580645
M1,0,202604,Medium,0.9916909854851031,1.0,0.4838709677419355
M1,0,202604,Medium,0.9964763580073177,1.0,0.3870967741935484
M1,0,202604,Medium,0.9969688644688646,1.0,0.3548387096774194
M1,0,202604,Medium,0.9970645933014354,1.0,0.2903225806451613
M1,0,202604,Medium,0.9982450980392157,1.0,0.22580645161290322
M1,0,202604,Medium,0.9994117647058823,1.0,0.1935483870967742
M1,0,202604,Medium,1.0,1.0,0.16129032258064516
M1,0,202604,Medium,1.0,1.0,0.0
M1,0,202604,High,0.0,0.1875,1.0
M1,0,202604,High,0.0029354066985645935,0.7058823529411765,1.0
M1,0,202604,High,0.003031135531135531,0.8571428571428571,1.0
M1,0,202604,High,0.8075954881293755,1.0,1.0
M1,0,202604,High,0.8757142636774989,1.0,0.9166666666666666
M1,0,202604,High,0.9101026114408468,1.0,0.8333333333333334
M1,0,202604,High,0.9457700216450217,1.0,0.6666666666666666
M1,0,202604,High,0.9681020564402917,1.0,0.4166666666666667
M1,0,202604,High,0.9870869408369408,1.0,0.3333333333333333
M1,0,202604,High,0.9991666666666668,1.0,0.16666666666666666
M1,0,202604,High,1.0,1.0,0.0
M1,1,202604,Low,0.0,0.3333333333333333,1.0
M1,1,202604,Low,0.00033461521595072895,0.3684210526315789,1.0
M1,1,202604,Low,0.0029562893040820373,0.38181818181818183,1.0
M1,1,202604,Low,0.010273562621203661,0.3888888888888889,1.0
M1,1,202604,Low,0.01428003665167327,0.39622641509433965,1.0
M1,1,202604,Low,0.020201800740252303,0.42,1.0
M1,1,202604,Low,0.025868113914685915,0.42857142857142855,1.0
M1,1,202604,Low,0.03036876600388794,0.4375,1.0
M1,1,202604,Low,0.030808580818702754,0.45652173913043476,1.0
M1,1,202604,Low,0.031130172899456764,0.4666666666666667,1.0
M1,1,202604,Low,0.036686514808446355,0.4883720930232558,1.0
M1,1,202604,Low,0.04016826223715172,0.5121951219512195,1.0
M1,1,202604,Low,0.04631018973172688,0.525,1.0
M1,1,202604,Low,0.046750004546541685,0.5526315789473685,1.0
M1,1,202604,Low,0.047234853031390155,0.5675675675675675,1.0
M1,1,202604,Low,0.053715728515905725,0.5833333333333334,1.0
M1,1,202604,Low,0.05464039181556901,0.6,1.0
M1,1,202604,Low,0.0850049077105235,0.6176470588235294,1.0
M1,1,202604,Low,0.22898078380612152,0.65625,1.0
M1,1,202604,Low,0.27504065972380454,0.7777777777777778,1.0
M1,1,202604,Low,0.3119988852155566,0.8076923076923077,1.0
M1,1,202604,Low,0.5453485870128146,0.875,1.0
M1,1,202604,Low,0.576871479296669,0.8571428571428571,0.8571428571428571
M1,1,202604,Low,0.7078234758947444,0.8947368421052632,0.8095238095238095
M1,1,202604,Low,0.7544249242029357,0.9375,0.7142857142857143
M1,1,202604,Low,0.7575330904928962,0.9285714285714286,0.6190476190476191
M1,1,202604,Low,0.8150426632976339,1.0,0.5238095238095238
M1,1,202604,Low,0.8200904007376917,1.0,0.47619047619047616
M1,1,202604,Low,0.8745945124170347,1.0,0.42857142857142855
M1,1,202604,Low,0.9838762517813198,1.0,0.38095238095238093
M1,1,202604,Low,0.9867801344665954,1.0,0.19047619047619047
M1,1,202604,Low,0.9904495241532685,1.0,0.047619047619047616
M1,1,202604,Low,1.0,1.0,0.0
M1,1,202604,Medium,0.007372771494423138,0.47619047619047616,1.0
M1,1,202604,Medium,0.009550475846731517,0.5263157894736842,1.0
M1,1,202604,Medium,0.01321986553340458,0.5357142857142857,1.0
M1,1,202604,Medium,0.01612374821868024,0.5660377358490566,1.0
M1,1,202604,Medium,0.12534055251803033,0.6122448979591837,1.0
M1,1,202604,Medium,0.13111074939387257,0.625,1.0
M1,1,202604,Medium,0.14610073754393052,0.6382978723404256,1.0
M1,1,202604,Medium,0.1798252110766543,0.6521739130434783,1.0
M1,1,202604,Medium,0.18471442211941813,0.6666666666666666,1.0
M1,1,202604,Medium,0.22889073807428933,0.6818181818181818,1.0
M1,1,202604,Medium,0.24238252132144983,0.6976744186046512,1.0
M1,1,202604,Medium,0.24533216121411625,0.725,0.9666666666666667
M1,1,202604,Medium,0.2911254702160992,0.7631578947368421,0.9666666666666667
M1,1,202604,Medium,0.30552638895521717,0.8,0.9333333333333333
M1,1,202604,Medium,0.4214990775231478,0.8235294117647058,0.9333333333333333
M1,1,202604,Medium,0.45209261837958187,0.84375,0.9
M1,1,202604,Medium,0.5460379493411917,0.9310344827586207,0.9
M1,1,202604,Medium,0.6834081864044899,0.9285714285714286,0.8666666666666667
M1,1,202604,Medium,0.701254079526293,0.9230769230769231,0.8
M1,1,202604,Medium,0.717241660754132,0.9565217391304348,0.7333333333333333
M1,1,202604,Medium,0.7602598519880887,0.9545454545454546,0.7
M1,1,202604,Medium,0.8023238424812369,0.9411764705882353,0.5333333333333333
M1,1,202604,Medium,0.832417112973801,0.9375,0.5
M1,1,202604,Medium,0.8489822300987702,0.9285714285714286,0.43333333333333335
M1,1,202604,Medium,0.8648137771448425,1.0,0.43333333333333335
M1,1,202604,Medium,0.8656153416403725,1.0,0.36666666666666664
M1,1,202604,Medium,0.8839010662130161,1.0,0.3333333333333333
M1,1,202604,Medium,0.9002674798219761,1.0,0.26666666666666666
M1,1,202604,Medium,0.9103459962327164,1.0,0.2
M1,1,202604,Medium,0.910662712243398,1.0,0.16666666666666666
M1,1,202604,Medium,0.9110363632132117,1.0,0.13333333333333333
M1,1,202604,Medium,0.9113530792238932,1.0,0.06666666666666667
M1,1,202604,Medium,0.9118379277087416,1.0,0.03333333333333333
M1,1,202604,Medium,1.0,1.0,0.0
M1,1,202604,High,0.0,0.19047619047619047,1.0
M1,1,202604,High,6.493506493506494e-05,0.21818181818181817,1.0
M1,1,202604,High,8.438818565400842e-05,0.2222222222222222,1.0
M1,1,202604,High,8.438818565400843e-05,0.23529411764705882,1.0
M1,1,202604,High,0.0002429145829480566,0.24,1.0
M1,1,202604,High,0.00024291458294805666,0.25,1.0
M1,1,202604,High,0.0010510538891563951,0.2553191489361702,1.0
M1,1,202604,High,0.0016294431801831455,0.2727272727272727,1.0
M1,1,202604,High,0.002558794607603606,0.2857142857142857,1.0
M1,1,202604,High,0.004592928379953655,0.3076923076923077,1.0
M1,1,202604,High,0.0077176795220635355,0.32432432432432434,1.0
M1,1,202604,High,0.010759364205789816,0.3333333333333333,1.0
M1,1,202604,High,0.031094026076460175,0.3870967741935484,1.0
M1,1,202604,High,0.034696895941033055,0.41379310344827586,1.0
M1,1,202604,High,0.03593827525137789,0.42857142857142855,1.0
M1,1,202604,High,0.0414120677447166,0.4444444444444444,1.0
M1,1,202604,High,0.042653447055061446,0.48,1.0
M1,1,202604,High,0.06304600536957748,0.5217391304347826,1.0
M1,1,202604,High,0.10357607754092484,0.5714285714285714,1.0
M1,1,202604,High,0.10481745685126966,0.6,1.0
M1,1,202604,High,0.1108495076640782,0.6666666666666666,1.0
M1,1,202604,High,0.13645271412674229,0.6470588235294118,0.9166666666666666
M1,1,202604,High,0.17180804360407725,0.7333333333333333,0.9166666666666666
M1,1,202604,High,0.2844658838220337,0.7857142857142857,0.9166666666666666
M1,1,202604,High,0.4436884880376046,0.9090909090909091,0.8333333333333334
M1,1,202604,High,0.6742718103045305,1.0,0.8333333333333334
M1,1,202604,High,0.7681529726216286,1.0,0.75
M1,1,202604,High,0.8535646472401187,1.0,0.6666666666666666
M1,1,202604,High,0.8685546353901766,1.0,0.5833333333333334
M1,1,202604,High,0.9926272285055769,1.0,0.5
M1,1,202604,High,1.0,1.0,0.0
M1,2,202604,Low,0.0,0.3333333333333333,1.0
M1,2,202604,Low,0.0037572078898477548,0.39622641509433965,1.0
M1,2,202604,Low,0.005168990334784492,0.40384615384615385,1.0
M1,2,202604,Low,0.005168990334784493,0.4117647058823529,1.0
M1,2,202604,Low,0.029149081392320336,0.42857142857142855,1.0
M1,2,202604,Low,0.030560863837257066,0.44680851063829785,1.0
M1,2,202604,Low,0.04174049135628088,0.7241379310344828,1.0
M1,2,202604,Low,0.06051628171422135,0.8,0.9523809523809523
M1,2,202604,Low,0.07257906109795179,0.7916666666666666,0.9047619047619048
M1,2,202604,Low,0.0768885849074756,0.782608695652174,0.8571428571428571
M1,2,202604,Low,0.6391603397883024,0.8571428571428571,0.8571428571428571
M1,2,202604,Low,0.6544408467919552,0.9411764705882353,0.7619047619047619
M1,2,202604,Low,0.6757390557555992,1.0,0.7142857142857143
M1,2,202604,Low,0.7248269698605951,1.0,0.6666666666666666
M1,2,202604,Low,0.7426198866439404,1.0,0.6190476190476191
M1,2,202604,Low,0.8495530282074789,1.0,0.5714285714285714
M1,2,202604,Low,0.9142468163404665,1.0,0.47619047619047616
M1,2,202604,Low,0.9349625711379871,1.0,0.3333333333333333
M1,2,202604,Low,0.9951976409375475,1.0,0.2857142857142857
M1,2,202604,Low,1.0,1.0,0.0
M1,2,202604,Medium,0.0,0.49206349206349204,1.0
M1,2,202604,Medium,0.004802359062452472,0.5660377358490566,0.967741935483871
M1,2,202604,Medium,0.06503742886201291,0.6382978723404256,0.967741935483871
M1,2,202604,Medium,0.0857531836595336,0.6521739130434783,0.967741935483871
M1,2,202604,Medium,0.15021969906524849,0.6976744186046512,0.967741935483871
M1,2,202604,Medium,0.25738011335605965,0.7317073170731707,0.967741935483871
M1,2,202604,Medium,0.27517303013940486,0.75,0.967741935483871
M1,2,202604,Medium,0.3242609442444009,0.7692307692307693,0.967741935483871
M1,2,202604,Medium,0.34533188048077196,0.7894736842105263,0.967741935483871
M1,2,202604,Medium,0.3606123874844247,0.8055555555555556,0.9354838709677419
M1,2,202604,Medium,0.7352939793606518,0.84375,0.8709677419354839
M1,2,202604,Medium,0.7416888443919502,0.8709677419354839,0.8709677419354839
M1,2,202604,Medium,0.7442862469893528,0.8666666666666667,0.8387096774193549
M1,2,202604,Medium,0.7488695803226861,0.8620689655172413,0.8064516129032258
M1,2,202604,Medium,0.9208527906667789,0.8571428571428571,0.7741935483870968
M1,2,202604,Medium,0.9249821342961225,0.8461538461538461,0.7096774193548387
M1,2,202604,Medium,0.935737316548718,0.88,0.7096774193548387
M1,2,202604,Medium,0.9483231947287767,0.9166666666666666,0.7096774193548387
M1,2,202604,Medium,0.952273187459615,0.9545454545454546,0.6774193548387096
M1,2,202604,Medium,0.9618987956908109,1.0,0.5806451612903226
M1,2,202604,Medium,1.0,1.0,0.0
M1,2,202604,High,0.0,0.1746031746031746,1.0
M1,2,202604,High,0.00022727272727272727,0.22,1.0
M1,2,202604,High,0.00022727272727272733,0.22916666666666666,1.0
M1,2,202604,High,0.0022586244257454834,0.2619047619047619,1.0
M1,2,202604,High,0.0024388046059256635,0.275,1.0
M1,2,202604,High,0.003746401737060802,0.28205128205128205,1.0
M1,2,202604,High,0.0059863211841041765,0.2894736842105263,1.0
M1,2,202604,High,0.007540340471931994,0.3235294117647059,1.0
M1,2,202604,High,0.02252772387890303,0.6875,1.0
M1,2,202604,High,0.2459614293425295,0.7142857142857143,0.9090909090909091
M1,2,202604,High,0.2505447626758628,0.7692307692307693,0.9090909090909091
M1,2,202604,High,0.2531421652732654,0.8333333333333334,0.9090909090909091
M1,2,202604,High,0.2609488127495005,0.9090909090909091,0.9090909090909091
M1,2,202604,High,1.0,0.9,0.8181818181818182
M1,2,202604,High,1.0,1.0,0.0
M1,3,202604,Low,0.0,0.3333333333333333,1.0
M1,3,202604,Low,0.001587356763318643,0.3888888888888889,1.0
M1,3,202604,Low,0.002615061207936262,0.40384615384615385,1.0
M1,3,202604,Low,0.0031776522188194938,0.4117647058823529,1.0
M1,3,202604,Low,0.003229752158401425,0.42,1.0
M1,3,202604,Low,0.0037923431692846563,0.4375,1.0
M1,3,202604,Low,0.006586857054604678,0.44680851063829785,1.0
M1,3,202604,Low,0.007352865464327075,0.45652173913043476,1.0
M1,3,202604,Low,0.008515902736337745,0.4666666666666667,1.0
M1,3,202604,Low,0.009495160413887645,0.4883720930232558,1.0
M1,3,202604,Low,0.012156137778800091,0.5,1.0
M1,3,202604,Low,0.012718728789683323,0.5121951219512195,1.0
M1,3,202604,Low,0.013055682708930066,0.5384615384615384,1.0
M1,3,202604,Low,0.016279251084725745,0.5675675675675675,1.0
M1,3,202604,Low,0.02529184637480333,0.6,1.0
M1,3,202604,Low,0.03516133028607299,0.6176470588235294,1.0
M1,3,202604,Low,0.07751639854720843,0.6363636363636364,1.0
M1,3,202604,Low,0.07882898955809167,0.6774193548387096,1.0
M1,3,202604,Low,0.18213892407117258,0.7,1.0
M1,3,202604,Low,0.23308770559778041,0.7241379310344828,1.0
M1,3,202604,Low,0.2606265645913764,0.75,1.0
M1,3,202604,Low,0.33860655211889157,0.8076923076923077,1.0
M1,3,202604,Low,0.584702789236382,0.84,1.0
M1,3,202604,Low,0.6073877594879858,0.8333333333333334,0.9523809523809523
M1,3,202604,Low,0.6083943309691172,0.9523809523809523,0.9523809523809523
M1,3,202604,Low,0.7107729482490733,1.0,0.9523809523809523
M1,3,202604,Low,0.7400287269826937,1.0,0.9047619047619048
M1,3,202604,Low,0.8072035619912308,1.0,0.8571428571428571
M1,3,202604,Low,0.906739059897722,1.0,0.8095238095238095
M1,3,202604,Low,0.9559439506289312,1.0,0.7619047619047619
M1,3,202604,Low,0.9561333339786423,1.0,0.7142857142857143
M1,3,202604,Low,0.9729331387284134,1.0,0.6666666666666666
M1,3,202604,Low,0.9821909316174021,1.0,0.6190476190476191
M1,3,202604,Low,0.9950217770034844,1.0,0.5714285714285714
M1,3,202604,Low,0.99975,1.0,0.2857142857142857
M1,3,202604,Low,1.0,1.0,0.0
M1,3,202604,Medium,0.00025000000000000006,0.49206349206349204,1.0
M1,3,202604,Medium,0.00497822299651568,0.543859649122807,1.0
M1,3,202604,Medium,0.009089285714285716,0.6078431372549019,1.0
M1,3,202604,Medium,0.01623827561327562,0.62,1.0
M1,3,202604,Medium,0.017809068382597788,0.6326530612244898,1.0
M1,3,202604,Medium,0.02706686127158659,0.6458333333333334,1.0
M1,3,202604,Medium,0.0343950486413527,0.6595744680851063,1.0
M1,3,202604,Medium,0.04386666602135775,0.7045454545454546,1.0
M1,3,202604,Medium,0.04405604937106881,0.7209302325581395,1.0
M1,3,202604,Medium,0.05654174140936901,0.7380952380952381,1.0
M1,3,202604,Medium,0.09326094010227805,0.775,1.0
M1,3,202604,Medium,0.15403766739796143,0.7948717948717948,1.0
M1,3,202604,Medium,0.19279643800876925,0.8378378378378378,1.0
M1,3,202604,Medium,0.2599712730173063,0.8611111111111112,1.0
M1,3,202604,Medium,0.2892270517509268,0.8857142857142857,1.0
M1,3,202604,Medium,0.3894587575441352,0.9117647058823529,1.0
M1,3,202604,Medium,0.39261224051201415,0.9090909090909091,0.967741935483871
M1,3,202604,Medium,0.41529721076361803,0.9,0.8709677419354839
M1,3,202604,Medium,0.6613934478811084,0.9310344827586207,0.8709677419354839
M1,3,202604,Medium,0.7393734354086235,0.9285714285714286,0.8387096774193549
M1,3,202604,Medium,0.7662786300388804,0.9230769230769231,0.7741935483870968
M1,3,202604,Medium,0.81637465882394,0.92,0.7419354838709677
M1,3,202604,Medium,0.869646965307594,0.9166666666666666,0.7096774193548387
M1,3,202604,Medium,0.9168215335437929,0.9565217391304348,0.7096774193548387
M1,3,202604,Medium,0.9194146073622663,0.9523809523809523,0.6451612903225806
M1,3,202604,Medium,0.9294490034453389,0.95,0.6129032258064516
M1,3,202604,Medium,0.9514782441566804,1.0,0.5806451612903226
M1,3,202604,Medium,0.9661788059264088,1.0,0.5483870967741935
M1,3,202604,Medium,0.9664594965152528,1.0,0.5161290322580645
M1,3,202604,Medium,0.9688187410727843,1.0,0.45161290322580644
M1,3,202604,Medium,0.9718961635291467,1.0,0.41935483870967744
M1,3,202604,Medium,0.974472414135149,1.0,0.3548387096774194
M1,3,202604,Medium,0.9760546959979468,1.0,0.3225806451612903
M1,3,202604,Medium,0.9793452323182348,1.0,0.25806451612903225
M1,3,202604,Medium,0.98098649832461,1.0,0.1935483870967742
M1,3,202604,Medium,0.9825229262715875,1.0,0.16129032258064516
M1,3,202604,Medium,0.9858078075711958,1.0,0.0967741935483871
M1,3,202604,Medium,0.9890983438914835,1.0,0.06451612903225806
M1,3,202604,Medium,0.9897404873730777,1.0,0.03225806451612903
M1,3,202604,Medium,1.0,1.0,0.0
M1,3,202604,High,0.0,0.1746031746031746,1.0
M1,3,202604,High,0.0006336643633391601,0.3055555555555556,1.0
M1,3,202604,High,0.001486417104887456,0.3142857142857143,1.0
M1,3,202604,High,0.0017564030796420145,0.3235294117647059,1.0
M1,3,202604,High,0.002146911486747508,0.3333333333333333,1.0
M1,3,202604,High,0.005662067908998705,0.34375,1.0
M1,3,202604,High,0.0058894125524123295,0.36666666666666664,1.0
M1,3,202604,High,0.006839326964477169,0.3793103448275862,1.0
M1,3,202604,High,0.007081860408102724,0.39285714285714285,1.0
M1,3,202604,High,0.007109312939231726,0.4074074074074074,1.0
M1,3,202604,High,0.00766605291732738,0.4230769230769231,1.0
M1,3,202604,High,0.007936038892081939,0.4583333333333333,1.0
M1,3,202604,High,0.01336042555724672,0.5,1.0
M1,3,202604,High,0.01424732157001116,0.5238095238095238,1.0
M1,3,202604,High,0.015048153761923165,0.5789473684210527,1.0
M1,3,202604,High,0.016032425450963443,0.6470588235294118,1.0
M1,3,202604,High,0.016398440467453583,0.6875,1.0
M1,3,202604,High,0.021665056294791193,0.7333333333333333,1.0
M1,3,202604,High,0.025024600748409537,0.7857142857142857,1.0
M1,3,202604,High,0.06896363979134236,0.9166666666666666,1.0
M1,3,202604,High,0.1237661776378012,1.0,0.9090909090909091
M1,3,202604,High,0.8459623326020386,1.0,0.8181818181818182
M1,3,202604,High,0.943458258590631,1.0,0.6363636363636364
M1,3,202604,High,0.9656049513586472,1.0,0.45454545454545453
M1,3,202604,High,0.9837617243867244,1.0,0.18181818181818182
M1,3,202604,High,0.9909107142857143,1.0,0.09090909090909091
M1,3,202604,High,1.0,1.0,0.0
M1,4,202604,Low,0.0,0.31746031746031744,1.0
M1,4,202604,Low,0.0009444444444444444,0.5263157894736842,1.0
M1,4,202604,Low,0.0012500000000000002,0.5405405405405406,1.0
M1,4,202604,Low,0.0018382352941176473,0.5555555555555556,1.0
M1,4,202604,Low,0.008568602005672945,0.5882352941176471,1.0
M1,4,202604,Low,0.018130160759956156,0.625,1.0
M1,4,202604,Low,0.034641865629397584,0.6451612903225806,1.0
M1,4,202604,Low,0.07897046621678971,0.6666666666666666,1.0
M1,4,202604,Low,0.1046387054423045,0.6896551724137931,1.0
M1,4,202604,Low,0.16676029626972821,0.7142857142857143,1.0
M1,4,202604,Low,0.22565578323335875,0.7407407407407407,1.0
M1,4,202604,Low,0.3313189645321997,0.7916666666666666,0.95
M1,4,202604,Low,0.4903555011594874,0.8095238095238095,0.85
M1,4,202604,Low,0.5342986498814002,0.8333333333333334,0.75
M1,4,202604,Low,0.690233304835859,0.875,0.7
M1,4,202604,Low,0.7299090804295238,0.9166666666666666,0.55
M1,4,202604,Low,0.7973512604115647,1.0,0.45
M1,4,202604,Low,0.8993765698310977,1.0,0.4
M1,4,202604,Low,0.9608120875226138,1.0,0.25
M1,4,202604,Low,0.9996296296296296,1.0,0.2
M1,4,202604,Low,1.0,1.0,0.05
M1,4,202604,Low,1.0,1.0,0.0
M1,4,202604,Medium,0.0,0.49206349206349204,1.0
M1,4,202604,Medium,0.00037037037037037035,0.5166666666666667,1.0
M1,4,202604,Medium,0.009833550436491615,0.543859649122807,1.0
M1,4,202604,Medium,0.03294035539623774,0.5740740740740741,1.0
M1,4,202604,Medium,0.03438397187178147,0.5849056603773585,1.0
M1,4,202604,Medium,0.039187912477386164,0.5961538461538461,1.0
M1,4,202604,Medium,0.10062343016890235,0.6078431372549019,1.0
M1,4,202604,Medium,0.10456411154205277,0.6458333333333334,1.0
M1,4,202604,Medium,0.11537180902602726,0.6739130434782609,1.0
M1,4,202604,Medium,0.2026487395884354,0.7045454545454546,1.0
M1,4,202604,Medium,0.27009091957047615,0.7209302325581395,1.0
M1,4,202604,Medium,0.30976669516414096,0.75,0.967741935483871
M1,4,202604,Medium,0.423181750847192,0.8055555555555556,0.9354838709677419
M1,4,202604,Medium,0.46570135011859987,0.8285714285714286,0.9354838709677419
M1,4,202604,Medium,0.5096444988405127,0.8484848484848485,0.9032258064516129
M1,4,202604,Medium,0.5255747596701542,0.9,0.8709677419354839
M1,4,202604,Medium,0.6292898712398712,0.8888888888888888,0.7741935483870968
M1,4,202604,Medium,0.6560505666149258,0.8846153846153846,0.7419354838709677
M1,4,202604,Medium,0.6686810354678002,0.88,0.7096774193548387
M1,4,202604,Medium,0.6924088333481926,0.9545454545454546,0.6774193548387096
M1,4,202604,Medium,0.719253401216946,0.9523809523809523,0.6451612903225806
M1,4,202604,Medium,0.7743442167666413,0.95,0.6129032258064516
M1,4,202604,Medium,0.8332397037302717,1.0,0.5483870967741935
M1,4,202604,Medium,0.8946470088434099,1.0,0.5161290322580645
M1,4,202604,Medium,0.9210295337832103,1.0,0.4838709677419355
M1,4,202604,Medium,0.9453976569514899,1.0,0.45161290322580644
M1,4,202604,Medium,0.9485193978407214,1.0,0.41935483870967744
M1,4,202604,Medium,0.9653581343706025,1.0,0.3870967741935484
M1,4,202604,Medium,0.9811027937854985,1.0,0.3548387096774194
M1,4,202604,Medium,0.9813020775309105,1.0,0.3225806451612903
M1,4,202604,Medium,0.9907171122800413,1.0,0.2903225806451613
M1,4,202604,Medium,0.9911752636252636,1.0,0.22580645161290322
M1,4,202604,Medium,0.9972301587301589,1.0,0.12903225806451613
M1,4,202604,Medium,0.9981617647058824,1.0,0.0967741935483871
M1,4,202604,Medium,1.0,1.0,0.03225806451612903
M1,4,202604,Medium,1.0,1.0,0.0
M1,4,202604,High,0.0,0.19047619047619047,1.0
M1,4,202604,High,0.0007142857142857143,0.4,1.0
M1,4,202604,High,0.0007670454545454546,0.4444444444444444,1.0
M1,4,202604,High,0.0018253968253968253,0.46153846153846156,1.0
M1,4,202604,High,0.008824736374736379,0.48,1.0
M1,4,202604,High,0.018697922469089516,0.5454545454545454,1.0
M1,4,202604,High,0.05023060215927864,0.5714285714285714,1.0
M1,4,202604,High,0.05460234304851009,0.6,1.0
M1,4,202604,High,0.28074659878305397,0.631578947368421,1.0
M1,4,202604,High,0.30759116665180736,0.6666666666666666,1.0
M1,4,202604,High,0.3439494333850743,0.7058823529411765,1.0
M1,4,202604,High,0.37071012876012877,0.75,1.0
M1,4,202604,High,0.47442524032984584,0.8,1.0
M1,4,202604,High,0.5768182491528081,1.0,1.0
M1,4,202604,High,0.8846281909739727,1.0,0.9166666666666666
M1,4,202604,High,0.8954358884579473,1.0,0.75
M1,4,202604,High,0.9656160281282186,1.0,0.5833333333333334
M1,4,202604,High,0.9670596446037623,1.0,0.5
M1,4,202604,High,0.9901664495635084,1.0,0.4166666666666667
M1,4,202604,High,1.0,1.0,0.16666666666666666
M1,4,202604,High,1.0,1.0,0.0
M1,0,202605,Low,0.0,0.328125,1.0
M1,0,202605,Low,0.00882983682983683,0.525,1.0
M1,0,202605,Low,0.06018344064775954,0.5675675675675675,1.0
M1,0,202605,Low,0.06525729825729826,0.5833333333333334,1.0
M1,0,202605,Low,0.07033379953379953,0.6,1.0
M1,0,202605,Low,0.08236761070699693,0.6176470588235294,1.0
M1,0,202605,Low,0.11395625208125208,0.6060606060606061,0.9523809523809523
M1,0,202605,Low,0.1294498981530278,0.625,0.9523809523809523
M1,0,202605,Low,0.15966742419759988,0.6451612903225806,0.9523809523809523
M1,0,202605,Low,0.1926029781173643,0.6666666666666666,0.9523809523809523
M1,0,202605,Low,0.21791265619634856,0.6896551724137931,0.9523809523809523
M1,0,202605,Low,0.25046260124277686,0.7037037037037037,0.9047619047619048
M1,0,202605,Low,0.27618035906974525,0.782608695652174,0.8571428571428571
M1,0,202605,Low,0.4495253096576629,0.8181818181818182,0.8571428571428571
M1,0,202605,Low,0.5228805708180709,0.8571428571428571,0.8571428571428571
M1,0,202605,Low,0.5889545246420249,0.85,0.8095238095238095
M1,0,202605,Low,0.7543427106519213,0.8421052631578947,0.7619047619047619
M1,0,202605,Low,0.78102299003232,0.875,0.6666666666666666
M1,0,202605,Low,0.7981934266713678,0.9285714285714286,0.6190476190476191
M1,0,202605,Low,0.873405940994252,0.9090909090909091,0.47619047619047616
M1,0,202605,Low,0.9589470643240413,1.0,0.42857142857142855
M1,0,202605,Low,0.999375,1.0,0.38095238095238093
M1,0,202605,Low,1.0,1.0,0.19047619047619047
M1,0,202605,Low,1.0,1.0,0.0
M1,0,202605,Medium,0.0,0.484375,1.0
M1,0,202605,Medium,0.000625,0.5344827586206896,1.0
M1,0,202605,Medium,0.01665905336493572,0.5740740740740741,1.0
M1,0,202605,Medium,0.04105293567595863,0.5961538461538461,1.0
M1,0,202605,Medium,0.04305213250801487,0.6078431372549019,1.0
M1,0,202605,Medium,0.05213919787593323,0.6458333333333334,1.0
M1,0,202605,Medium,0.08340705501879038,0.6595744680851063,1.0
M1,0,202605,Medium,0.10522987109160648,0.6888888888888889,1.0
M1,0,202605,Medium,0.12659405900574805,0.7045454545454546,1.0
M1,0,202605,Medium,0.1801436948409565,0.7142857142857143,0.967741935483871
M1,0,202605,Medium,0.20180657332863222,0.7317073170731707,0.967741935483871
M1,0,202605,Medium,0.21897700996768008,0.7894736842105263,0.967741935483871
M1,0,202605,Medium,0.24565728934807873,0.8055555555555556,0.9354838709677419
M1,0,202605,Medium,0.4110454753579751,0.8484848484848485,0.9032258064516129
M1,0,202605,Medium,0.477119429181929,0.875,0.9032258064516129
M1,0,202605,Medium,0.5504746903423371,0.9032258064516129,0.9032258064516129
M1,0,202605,Medium,0.7238196409302547,0.9,0.8709677419354839
M1,0,202605,Medium,0.749537398757223,0.896551724137931,0.8387096774193549
M1,0,202605,Medium,0.7820873438036515,0.92,0.7419354838709677
M1,0,202605,Medium,0.8073970218826357,0.9565217391304348,0.7096774193548387
M1,0,202605,Medium,0.8403325758024001,0.9545454545454546,0.6774193548387096
M1,0,202605,Medium,0.8705501018469722,0.9523809523809523,0.6451612903225806
M1,0,202605,Medium,0.886043747918748,0.95,0.6129032258064516
M1,0,202605,Medium,0.9176323892930031,0.9473684210526315,0.5806451612903226
M1,0,202605,Medium,0.9296662004662004,1.0,0.5806451612903226
M1,0,202605,Medium,0.9347427017427018,1.0,0.5483870967741935
M1,0,202605,Medium,0.9398165593522405,1.0,0.5161290322580645
M1,0,202605,Medium,0.9911701631701633,1.0,0.4838709677419355
M1,0,202605,Medium,0.9924105763517528,1.0,0.3870967741935484
M1,0,202605,Medium,0.993133105284808,1.0,0.2903225806451613
M1,0,202605,Medium,0.9970909090909091,1.0,0.22580645161290322
M1,0,202605,Medium,0.998,1.0,0.0967741935483871
M1,0,202605,Medium,0.9991176470588236,1.0,0.06451612903225806
M1,0,202605,Medium,1.0,1.0,0.0
M1,0,202605,High,0.0,0.1875,1.0
M1,0,202605,High,0.0008823529411764707,0.5,1.0
M1,0,202605,High,0.002,0.5454545454545454,1.0
M1,0,202605,High,0.0029090909090909093,0.5714285714285714,1.0
M1,0,202605,High,0.006866894715191929,0.7058823529411765,1.0
M1,0,202605,High,0.007589423648247178,0.8,1.0
M1,0,202605,High,0.8198563051590434,1.0,1.0
M1,0,202605,High,0.8947701289083936,1.0,0.9166666666666666
M1,0,202605,High,0.9165929449812097,1.0,0.8333333333333334
M1,0,202605,High,0.9478608021240668,1.0,0.6666666666666666
M1,0,202605,High,0.9569478674919851,1.0,0.5833333333333334
M1,0,202605,High,0.9833409466350643,1.0,0.3333333333333333
M1,0,202605,High,1.0,1.0,0.16666666666666666
M1,0,202605,High,1.0,1.0,0.0
M1,1,202605,Low,0.0,0.3333333333333333,1.0
M1,1,202605,Low,0.00026613720067840456,0.3684210526315789,1.0
M1,1,202605,Low,0.00026613720067840467,0.375,1.0
M1,1,202605,Low,0.0019298317568779246,0.38181818181818183,1.0
M1,1,202605,Low,0.010032493476488902,0.3888888888888889,1.0
M1,1,202605,Low,0.012278834508989398,0.39622641509433965,1.0
M1,1,202605,Low,0.020244869984567086,0.42,1.0
M1,1,202605,Low,0.022777542417527386,0.42857142857142855,1.0
M1,1,202605,Low,0.026250355876457042,0.4375,1.0
M1,1,202605,Low,0.02869398871010801,0.4666666666666667,1.0
M1,1,202605,Low,0.03249265686989238,0.4883720930232558,1.0
M1,1,202605,Low,0.03410554197212459,0.5121951219512195,1.0
M1,1,202605,Low,0.03807087679857562,0.525,1.0
M1,1,202605,Low,0.04826409101154063,0.5833333333333334,1.0
M1,1,202605,Low,0.07305980204902253,0.6176470588235294,1.0
M1,1,202605,Low,0.23647698882381435,0.65625,1.0
M1,1,202605,Low,0.28215138266460904,0.7777777777777778,1.0
M1,1,202605,Low,0.31169049742759886,0.8076923076923077,1.0
M1,1,202605,Low,0.5414773974795175,0.875,1.0
M1,1,202605,Low,0.5737973652155469,0.8571428571428571,0.8571428571428571
M1,1,202605,Low,0.7021650910237373,0.8947368421052632,0.8095238095238095
M1,1,202605,Low,0.7438435578239116,0.9375,0.7142857142857143
M1,1,202605,Low,0.7460293339967923,0.9285714285714286,0.6190476190476191
M1,1,202605,Low,0.8076398873395686,1.0,0.5238095238095238
M1,1,202605,Low,0.8082039314863054,1.0,0.47619047619047616
M1,1,202605,Low,0.8789258274927221,1.0,0.42857142857142855
M1,1,202605,Low,0.9820646777978942,1.0,0.38095238095238093
M1,1,202605,Low,0.9867617409601748,1.0,0.19047619047619047
M1,1,202605,Low,0.9896533206093855,1.0,0.047619047619047616
M1,1,202605,Low,1.0,1.0,0.0
M1,1,202605,Medium,0.006498599806832325,0.47619047619047616,1.0
M1,1,202605,Medium,0.010346679390614516,0.5263157894736842,1.0
M1,1,202605,Medium,0.0132382590398252,0.5357142857142857,1.0
M1,1,202605,Medium,0.01793532220210575,0.5660377358490566,1.0
M1,1,202605,Medium,0.12100343565160367,0.6122448979591837,1.0
M1,1,202605,Medium,0.12103698293272455,0.625,1.0
M1,1,202605,Medium,0.1335436063497349,0.6382978723404256,1.0
M1,1,202605,Medium,0.19177598819240946,0.6521739130434783,1.0
M1,1,202605,Medium,0.19234003233914634,0.6666666666666666,1.0
M1,1,202605,Medium,0.1994962889281898,0.6818181818181818,1.0
M1,1,202605,Medium,0.25395058568192264,0.6976744186046512,1.0
M1,1,202605,Medium,0.2561363618548032,0.725,0.9666666666666667
M1,1,202605,Medium,0.2902079909628776,0.7631578947368421,0.9666666666666667
M1,1,202605,Medium,0.2967810095422176,0.7837837837837838,0.9666666666666667
M1,1,202605,Medium,0.4256015922176386,0.8235294117647058,0.9333333333333333
M1,1,202605,Medium,0.45649456490206636,0.84375,0.9
M1,1,202605,Medium,0.5898664546944599,0.9310344827586207,0.9
M1,1,202605,Medium,0.683221012971095,0.9285714285714286,0.8666666666666667
M1,1,202605,Medium,0.7016604738817392,0.9230769230769231,0.8
M1,1,202605,Medium,0.7110608623787537,0.9565217391304348,0.7333333333333333
M1,1,202605,Medium,0.7526213515749168,0.9545454545454546,0.7
M1,1,202605,Medium,0.8078837435279844,0.9411764705882353,0.5333333333333333
M1,1,202605,Medium,0.8438847541186433,0.9375,0.5
M1,1,202605,Medium,0.8482153390709044,0.9285714285714286,0.43333333333333335
M1,1,202605,Medium,0.8699932108318986,1.0,0.43333333333333335
M1,1,202605,Medium,0.891302075708421,1.0,0.3333333333333333
M1,1,202605,Medium,0.9051544778328138,1.0,0.26666666666666666
M1,1,202605,Medium,0.9111365779365902,1.0,0.2
M1,1,202605,Medium,0.913019186032982,1.0,0.06666666666666667
M1,1,202605,Medium,1.0,1.0,0.0
M1,1,202605,High,0.0,0.19047619047619047,1.0
M1,1,202605,High,2.0080321285140573e-05,0.21818181818181817,1.0
M1,1,202605,High,7.0736855674256e-05,0.25,1.0
M1,1,202605,High,0.0006010425668145006,0.2553191489361702,1.0
M1,1,202605,High,0.001053899434045234,0.26666666666666666,1.0
M1,1,202605,High,0.0020280376184161684,0.2857142857142857,1.0
M1,1,202605,High,0.005088489601306196,0.3076923076923077,1.0
M1,1,202605,High,0.0067877549566373084,0.32432432432432434,1.0
M1,1,202605,High,0.010901659601268834,0.3333333333333333,1.0
M1,1,202605,High,0.03563812224255639,0.3870967741935484,1.0
M1,1,202605,High,0.03871672295547741,0.41379310344827586,1.0
M1,1,202605,High,0.05079254526483413,0.4444444444444444,1.0
M1,1,202605,High,0.06235286529729378,0.5217391304347826,1.0
M1,1,202605,High,0.10375643329164426,0.5714285714285714,1.0
M1,1,202605,High,0.11767911895697097,0.6666666666666666,1.0
M1,1,202605,High,0.1274212571712488,0.6470588235294118,0.9166666666666666
M1,1,202605,High,0.16933871405448822,0.7333333333333333,0.9166666666666666
M1,1,202605,High,0.28606069160927133,0.7857142857142857,0.9166666666666666
M1,1,202605,High,0.4001010518290512,0.9090909090909091,0.8333333333333334
M1,1,202605,High,0.6895471390525554,1.0,0.8333333333333334
M1,1,202605,High,0.7985738793149322,1.0,0.75
M1,1,202605,High,0.8661902564495866,1.0,0.6666666666666666
M1,1,202605,High,0.8786968798665971,1.0,0.5833333333333334
M1,1,202605,High,0.9935014001931677,1.0,0.5
M1,1,202605,High,1.0,1.0,0.0
M1,2,202605,Low,0.0,0.3333333333333333,1.0
M1,2,202605,Low,0.003564452550300373,0.39622641509433965,1.0
M1,2,202605,Low,0.0037531317955833915,0.40384615384615385,1.0
M1,2,202605,Low,0.0037531317955833924,0.4117647058823529,1.0
M1,2,202605,Low,0.028352793104263703,0.42857142857142855,1.0
M1,2,202605,Low,0.028541472349546723,0.44680851063829785,1.0
M1,2,202605,Low,0.033106816914891285,0.7241379310344828,1.0
M1,2,202605,Low,0.06321812244345063,0.8,0.9523809523809523
M1,2,202605,Low,0.07131029849540639,0.7916666666666666,0.9047619047619048
M1,2,202605,Low,0.07321855537614035,0.782608695652174,0.8571428571428571
M1,2,202605,Low,0.654322037995551,0.8571428571428571,0.8571428571428571
M1,2,202605,Low,0.6610097455981193,0.9411764705882353,0.7619047619047619
M1,2,202605,Low,0.6846606691037701,1.0,0.7142857142857143
M1,2,202605,Low,0.7258062492928805,1.0,0.6666666666666666
M1,2,202605,Low,0.7416282928173652,1.0,0.6190476190476191
M1,2,202605,Low,0.8694924022480928,1.0,0.5714285714285714
M1,2,202605,Low,0.9013880379030106,1.0,0.47619047619047616
M1,2,202605,Low,0.9424856636946874,1.0,0.3333333333333333
M1,2,202605,Low,0.9975056791307078,1.0,0.2857142857142857
M1,2,202605,Low,1.0,1.0,0.0
M1,2,202605,Medium,0.0,0.49206349206349204,1.0
M1,2,202605,Medium,0.002494320869292284,0.5660377358490566,0.967741935483871
M1,2,202605,Medium,0.057514336305312566,0.6382978723404256,0.967741935483871
M1,2,202605,Medium,0.09861196209698939,0.6521739130434783,0.967741935483871
M1,2,202605,Medium,0.13050759775190734,0.6976744186046512,0.967741935483871
M1,2,202605,Medium,0.25837170718263475,0.7317073170731707,0.967741935483871
M1,2,202605,Medium,0.2741937507071195,0.75,0.967741935483871
M1,2,202605,Medium,0.31533933089622995,0.7692307692307693,0.967741935483871
M1,2,202605,Medium,0.33899025440188063,0.7894736842105263,0.967741935483871
M1,2,202605,Medium,0.345677962004449,0.8055555555555556,0.9354838709677419
M1,2,202605,Medium,0.710012993624463,0.84375,0.8709677419354839
M1,2,202605,Medium,0.7207752554716306,0.8387096774193549,0.8387096774193549
M1,2,202605,Medium,0.7217223953338647,0.8666666666666667,0.8387096774193549
M1,2,202605,Medium,0.7249366810481505,0.8620689655172413,0.8064516129032258
M1,2,202605,Medium,0.9250079018983066,0.8571428571428571,0.7741935483870968
M1,2,202605,Medium,0.9267326725405084,0.8461538461538461,0.7096774193548387
M1,2,202605,Medium,0.933833281192352,0.88,0.7096774193548387
M1,2,202605,Medium,0.9602851330193681,0.9166666666666666,0.7096774193548387
M1,2,202605,Medium,0.9604625462785424,0.9545454545454546,0.6774193548387096
M1,2,202605,Medium,0.964446558595888,1.0,0.5806451612903226
M1,2,202605,Medium,1.0,1.0,0.0
M1,2,202605,High,0.0,0.1746031746031746,1.0
M1,2,202605,High,0.001773542725553117,0.2619047619047619,1.0
M1,2,202605,High,0.001957028964085227,0.275,1.0
M1,2,202605,High,0.0029485963641973523,0.28205128205128205,1.0
M1,2,202605,High,0.00643063680656636,0.2894736842105263,1.0
M1,2,202605,High,0.007011969054565276,0.3235294117647059,1.0
M1,2,202605,High,0.011362073876368211,0.6875,1.0
M1,2,202605,High,0.27131018715626626,0.7142857142857143,0.9090909090909091
M1,2,202605,High,0.274524472870552,0.7692307692307693,0.9090909090909091
M1,2,202605,High,0.2756602919780692,0.8333333333333334,0.9090909090909091
M1,2,202605,High,0.28623387457995375,0.8181818181818182,0.8181818181818182
M1,2,202605,High,1.0,0.9,0.8181818181818182
M1,2,202605,High,1.0,1.0,0.0
M1,3,202605,Low,0.0,0.3333333333333333,1.0
M1,3,202605,Low,0.0015485834153436378,0.3888888888888889,1.0
M1,3,202605,Low,0.002349868072849605,0.40384615384615385,1.0
M1,3,202605,Low,0.0027024063484338123,0.4117647058823529,1.0
M1,3,202605,Low,0.0027388678309531378,0.42857142857142855,1.0
M1,3,202605,Low,0.0030914061065373446,0.4375,1.0
M1,3,202605,Low,0.007803186119402859,0.44680851063829785,1.0
M1,3,202605,Low,0.010032944907119371,0.45652173913043476,1.0
M1,3,202605,Low,0.010065753390404754,0.4666666666666667,1.0
M1,3,202605,Low,0.010621944665222904,0.4772727272727273,1.0
M1,3,202605,Low,0.010813916947229878,0.5,1.0
M1,3,202605,Low,0.011202916705333413,0.525,1.0
M1,3,202605,Low,0.01648518083797921,0.5384615384615384,1.0
M1,3,202605,Low,0.018177263989200824,0.5675675675675675,1.0
M1,3,202605,Low,0.03332341549094885,0.6,1.0
M1,3,202605,Low,0.04298795639277522,0.6176470588235294,1.0
M1,3,202605,Low,0.053704856767173,0.6363636363636364,1.0
M1,3,202605,Low,0.05509385652527655,0.6774193548387096,1.0
M1,3,202605,Low,0.1790343513316434,0.7,1.0
M1,3,202605,Low,0.2096054236567271,0.7241379310344828,1.0
M1,3,202605,Low,0.2740008570100544,0.75,1.0
M1,3,202605,Low,0.3594402133457308,0.8076923076923077,1.0
M1,3,202605,Low,0.5712983976095671,0.84,1.0
M1,3,202605,Low,0.5920321762766325,0.875,1.0
M1,3,202605,Low,0.5958151031349337,0.8695652173913043,0.9523809523809523
M1,3,202605,Low,0.6901763560070384,1.0,0.9523809523809523
M1,3,202605,Low,0.7410815768459946,1.0,0.9047619047619048
M1,3,202605,Low,0.7753356472432916,1.0,0.8571428571428571
M1,3,202605,Low,0.9054583195173964,1.0,0.8095238095238095
M1,3,202605,Low,0.9627194022390378,1.0,0.7619047619047619
M1,3,202605,Low,0.9680125615400305,1.0,0.7142857142857143
M1,3,202605,Low,0.9765153213520125,1.0,0.6666666666666666
M1,3,202605,Low,0.9830547443699617,1.0,0.6190476190476191
M1,3,202605,Low,0.999041394335512,1.0,0.5714285714285714
M1,3,202605,Low,0.9992105263157894,1.0,0.38095238095238093
M1,3,202605,Low,0.9996296296296296,1.0,0.09523809523809523
M1,3,202605,Low,1.0,1.0,0.0
M1,3,202605,Medium,0.00037037037037037035,0.49206349206349204,1.0
M1,3,202605,Medium,0.0007894736842105263,0.5081967213114754,1.0
M1,3,202605,Medium,0.0009586056644880174,0.5636363636363636,1.0
M1,3,202605,Medium,0.009353174603174603,0.6078431372549019,1.0
M1,3,202605,Medium,0.01476984126984127,0.62,1.0
M1,3,202605,Medium,0.016945255630038236,0.6326530612244898,1.0
M1,3,202605,Medium,0.023484678647987426,0.6458333333333334,1.0
M1,3,202605,Medium,0.03198743845996949,0.6595744680851063,1.0
M1,3,202605,Medium,0.03728059776096217,0.6739130434782609,1.0
M1,3,202605,Medium,0.044307979602097244,0.6888888888888889,1.0
M1,3,202605,Medium,0.0666071075149029,0.7380952380952381,1.0
M1,3,202605,Medium,0.09454168048260354,0.775,1.0
M1,3,202605,Medium,0.14946025502275503,0.7948717948717948,1.0
M1,3,202605,Medium,0.22466435275670837,0.8378378378378378,1.0
M1,3,202605,Medium,0.2589184231540055,0.8611111111111112,1.0
M1,3,202605,Medium,0.3098236439929616,0.8857142857142857,1.0
M1,3,202605,Medium,0.40418489686506637,0.9117647058823529,1.0
M1,3,202605,Medium,0.4079678237233676,0.9032258064516129,0.9032258064516129
M1,3,202605,Medium,0.426617699669381,0.9333333333333333,0.9032258064516129
M1,3,202605,Medium,0.6405597866542692,0.9310344827586207,0.8709677419354839
M1,3,202605,Medium,0.7259991429899456,0.9285714285714286,0.8387096774193549
M1,3,202605,Medium,0.7898071083535162,0.9230769230769231,0.7741935483870968
M1,3,202605,Medium,0.8199401872365396,0.92,0.7419354838709677
M1,3,202605,Medium,0.8801315386920467,0.9166666666666666,0.7096774193548387
M1,3,202605,Medium,0.9424027354496244,0.9565217391304348,0.7096774193548387
M1,3,202605,Medium,0.9435310579827562,0.9523809523809523,0.6451612903225806
M1,3,202605,Medium,0.9440648970700667,0.95,0.6129032258064516
M1,3,202605,Medium,0.9442887546900763,1.0,0.5806451612903226
M1,3,202605,Medium,0.9593594416291232,1.0,0.5483870967741935
M1,3,202605,Medium,0.9642737232687101,1.0,0.5161290322580645
M1,3,202605,Medium,0.96758242741952,1.0,0.45161290322580644
M1,3,202605,Medium,0.974207150643237,1.0,0.3870967741935484
M1,3,202605,Medium,0.9752300738622919,1.0,0.3548387096774194
M1,3,202605,Medium,0.9768435919337041,1.0,0.2903225806451613
M1,3,202605,Medium,0.9807436859748978,1.0,0.25806451612903225
M1,3,202605,Medium,0.9817629628434155,1.0,0.1935483870967742
M1,3,202605,Medium,0.9836354181128953,1.0,0.16129032258064516
M1,3,202605,Medium,0.9843571592886964,1.0,0.0967741935483871
M1,3,202605,Medium,0.9883876860671325,1.0,0.06451612903225806
M1,3,202605,Medium,0.9891094272429336,1.0,0.03225806451612903
M1,3,202605,Medium,1.0,1.0,0.0
M1,3,202605,High,0.0,0.1746031746031746,1.0
M1,3,202605,High,0.0005874679897567223,0.3055555555555556,1.0
M1,3,202605,High,0.0010254614318169453,0.3142857142857143,1.0
M1,3,202605,High,0.0013750854919673213,0.3235294117647059,1.0
M1,3,202605,High,0.0020839027210518735,0.3333333333333333,1.0
M1,3,202605,High,0.0038924077832026547,0.34375,1.0
M1,3,202605,High,0.007317142879927965,0.36666666666666664,1.0
M1,3,202605,High,0.008151704926113274,0.3793103448275862,1.0
M1,3,202605,High,0.008171283766179841,0.39285714285714285,1.0
M1,3,202605,High,0.00828474529972893,0.4074074074074074,1.0
M1,3,202605,High,0.008520907826330219,0.44,1.0
M1,3,202605,High,0.008634369359879306,0.4583333333333333,1.0
M1,3,202605,High,0.012723288917148502,0.5,1.0
M1,3,202605,High,0.013123463159176464,0.5238095238095238,1.0
M1,3,202605,High,0.013292972638453917,0.55,1.0
M1,3,202605,High,0.01366217553867086,0.5789473684210527,1.0
M1,3,202605,High,0.014240308591279168,0.6470588235294118,1.0
M1,3,202605,High,0.014589932651429544,0.7333333333333333,1.0
M1,3,202605,High,0.024912359784060034,0.7857142857142857,1.0
M1,3,202605,High,0.054386519514589754,0.9166666666666666,1.0
M1,3,202605,High,0.11206527518855033,1.0,0.9090909090909091
M1,3,202605,High,0.8505397449772449,1.0,0.8181818181818182
M1,3,202605,High,0.9333928924850972,1.0,0.6363636363636364
M1,3,202605,High,0.9556920203979028,1.0,0.45454545454545453
M1,3,202605,High,0.9852301587301587,1.0,0.18181818181818182
M1,3,202605,High,0.9906468253968255,1.0,0.09090909090909091
M1,3,202605,High,1.0,1.0,0.0
M1,4,202605,Low,0.0,0.31746031746031744,1.0
M1,4,202605,Low,0.0005718954248366014,0.5405405405405406,1.0
M1,4,202605,Low,0.0020769110275689223,0.5555555555555556,1.0
M1,4,202605,Low,0.011117619502100927,0.5882352941176471,1.0
M1,4,202605,Low,0.01933556903622693,0.625,1.0
M1,4,202605,Low,0.031403761133865664,0.6451612903225806,1.0
M1,4,202605,Low,0.07535053323869112,0.6666666666666666,1.0
M1,4,202605,Low,0.10634570677430584,0.6896551724137931,1.0
M1,4,202605,Low,0.19007798862574385,0.7142857142857143,1.0
M1,4,202605,Low,0.2249342937326643,0.7407407407407407,1.0
M1,4,202605,Low,0.335119728310905,0.7916666666666666,0.95
M1,4,202605,Low,0.49442948473095544,0.8095238095238095,0.85
M1,4,202605,Low,0.5334711094532067,0.8333333333333334,0.75
M1,4,202605,Low,0.6876460720759289,0.875,0.7
M1,4,202605,Low,0.7248780399624976,0.9166666666666666,0.55
M1,4,202605,Low,0.8244326508250616,1.0,0.45
M1,4,202605,Low,0.8801042684847833,1.0,0.4
M1,4,202605,Low,0.9589964558832981,1.0,0.25
M1,4,202605,Low,0.9991000000000001,1.0,0.2
M1,4,202605,Low,1.0,1.0,0.05
M1,4,202605,Low,1.0,1.0,0.0
M1,4,202605,Medium,0.0,0.49206349206349204,1.0
M1,4,202605,Medium,0.0009,0.5166666666666667,1.0
M1,4,202605,Medium,0.009778846153846152,0.543859649122807,1.0
M1,4,202605,Medium,0.04100354411670201,0.5740740740740741,1.0
M1,4,202605,Medium,0.04119113838947428,0.5849056603773585,1.0
M1,4,202605,Medium,0.061889862330651815,0.5961538461538461,1.0
M1,4,202605,Medium,0.11989573151521675,0.6078431372549019,1.0
M1,4,202605,Medium,0.13144061530574688,0.6458333333333334,1.0
M1,4,202605,Medium,0.13234486718561797,0.6739130434782609,1.0
M1,4,202605,Medium,0.1755673491749384,0.7045454545454546,1.0
M1,4,202605,Medium,0.2751219600375025,0.7209302325581395,1.0
M1,4,202605,Medium,0.3123539279240712,0.75,0.967741935483871
M1,4,202605,Medium,0.42940188301868043,0.8055555555555556,0.9354838709677419
M1,4,202605,Medium,0.46652889054679325,0.8285714285714286,0.9354838709677419
M1,4,202605,Medium,0.5055705152690446,0.8484848484848485,0.9032258064516129
M1,4,202605,Medium,0.5280033042582596,0.9,0.8709677419354839
M1,4,202605,Medium,0.6120576175415569,0.8888888888888888,0.7741935483870968
M1,4,202605,Medium,0.6597717651575251,0.8846153846153846,0.7419354838709677
M1,4,202605,Medium,0.6648802716890951,0.88,0.7096774193548387
M1,4,202605,Medium,0.6895160853797867,0.9545454545454546,0.6774193548387096
M1,4,202605,Medium,0.7222220260034903,0.9523809523809523,0.6451612903225806
M1,4,202605,Medium,0.7750657062673357,0.95,0.6129032258064516
M1,4,202605,Medium,0.8099220113742562,1.0,0.5483870967741935
M1,4,202605,Medium,0.8936542932256942,1.0,0.5161290322580645
M1,4,202605,Medium,0.9212671138201324,1.0,0.4838709677419355
M1,4,202605,Medium,0.9404240330747684,1.0,0.45161290322580644
M1,4,202605,Medium,0.9567257267660922,1.0,0.41935483870967744
M1,4,202605,Medium,0.9679712388661343,1.0,0.3870967741935484
M1,4,202605,Medium,0.9762820780225966,1.0,0.3548387096774194
M1,4,202605,Medium,0.9859888961947029,1.0,0.3225806451612903
M1,4,202605,Medium,0.9888823804978991,1.0,0.2903225806451613
M1,4,202605,Medium,0.9909310252655841,1.0,0.22580645161290322
M1,4,202605,Medium,0.9967109677603099,1.0,0.12903225806451613
M1,4,202605,Medium,0.9983485591206179,1.0,0.06451612903225806
M1,4,202605,Medium,0.9987878787878788,1.0,0.03225806451612903
M1,4,202605,Medium,1.0,1.0,0.0
M1,4,202605,High,0.0,0.19047619047619047,1.0
M1,4,202605,High,0.0006250000000000001,0.375,1.0
M1,4,202605,High,0.0010795454545454548,0.3870967741935484,1.0
M1,4,202605,High,0.0012121212121212121,0.4,1.0
M1,4,202605,High,0.0012121212121212123,0.41379310344827586,1.0
M1,4,202605,High,0.00338235294117647,0.4444444444444444,1.0
M1,4,202605,High,0.004382352941176471,0.46153846153846156,1.0
M1,4,202605,High,0.00906897473441591,0.48,1.0
M1,4,202605,High,0.01401110380529717,0.5454545454545454,1.0
M1,4,202605,High,0.04327427323390777,0.5714285714285714,1.0
M1,4,202605,High,0.059575966925231615,0.6,1.0
M1,4,202605,High,0.2777779739965096,0.631578947368421,1.0
M1,4,202605,High,0.31048391462021335,0.6666666666666666,1.0
M1,4,202605,High,0.3402282348424747,0.7058823529411765,1.0
M1,4,202605,High,0.38794238245844326,0.75,1.0
M1,4,202605,High,0.4719966957417405,0.8,1.0
M1,4,202605,High,0.5705981169813197,1.0,1.0
M1,4,202605,High,0.8676551328143821,1.0,0.9166666666666666
M1,4,202605,High,0.8685593846942532,1.0,0.75
M1,4,202605,High,0.9381101376693483,1.0,0.5833333333333334
M1,4,202605,High,0.9588088616105256,1.0,0.5
M1,4,202605,High,0.9902211538461538,1.0,0.4166666666666667
M1,4,202605,High,1.0,1.0,0.16666666666666666
M1,4,202605,High,1.0,1.0,0.0
M2,0,-1,Low,1.1868196595113248e-06,0.328125,1.0
M2,0,-1,Low,0.0012284617592708802,0.3333333333333333,1.0
M2,0,-1,Low,0.0017928998708616748,0.3387096774193548,1.0
M2,0,-1,Low,0.004712576239766144,0.35,1.0
M2,0,-1,Low,0.004790666397455149,0.3684210526315789,1.0
M2,0,-1,Low,0.006958131536020964,0.38181818181818183,1.0
M2,0,-1,Low,0.007526272582549526,0.39622641509433965,1.0
M2,0,-1,Low,0.007819154568129719,0.40384615384615385,1.0
M2,0,-1,Low,0.008458625114351553,0.42,1.0
M2,0,-1,Low,0.009470119785692163,0.42857142857142855,1.0
M2,0,-1,Low,0.010537293589449572,0.4666666666666667,1.0
M2,0,-1,Low,0.01056441274265408,0.4772727272727273,1.0
M2,0,-1,Low,0.010640373824895688,0.4883720930232558,1.0
M2,0,-1,Low,0.012545569855818986,0.5,1.0
M2,0,-1,Low,0.03237601325123191,0.5121951219512195,1.0
M2,0,-1,Low,0.03489569789060634,0.525,1.0
M2,0,-1,Low,0.0373276561817121,0.5384615384615384,1.0
M2,0,-1,Low,0.03788861355746876,0.5526315789473685,1.0
M2,0,-1,Low,0.040215489256682446,0.5675675675675675,1.0
M2,0,-1,Low,0.04163355028089113,0.6176470588235294,1.0
M2,0,-1,Low,0.16532632213979873,0.6363636363636364,1.0
M2,0,-1,Low,0.17086665107134852,0.65625,1.0
M2,0,-1,Low,0.1739482451098591,0.6774193548387096,1.0
M2,0,-1,Low,0.1767825757487315,0.7407407407407407,0.9523809523809523
M2,0,-1,Low,0.18282565993273986,0.76,0.9047619047619048
M2,0,-1,Low,0.18834182315490788,0.75,0.8571428571428571
M2,0,-1,Low,0.1955837121338688,0.782608695652174,0.8571428571428571
M2,0,-1,Low,0.5076100873865387,0.8181818181818182,0.8571428571428571
M2,0,-1,Low,0.5203398757290111,0.8421052631578947,0.7619047619047619
M2,0,-1,Low,0.5259118856608549,0.8888888888888888,0.7619047619047619
M2,0,-1,Low,0.8362542080173826,0.8666666666666667,0.6190476190476191
M2,0,-1,Low,0.8399743183202353,0.9230769230769231,0.5714285714285714
M2,0,-1,Low,0.9589015246792737,1.0,0.5238095238095238
M2,0,-1,Low,0.959390534009407,1.0,0.47619047619047616
M2,0,-1,Low,0.9902744556608749,1.0,0.38095238095238093
M2,0,-1,Low,0.9903728134950202,1.0,0.2857142857142857
M2,0,-1,Low,0.9974078681035188,1.0,0.23809523809523808
M2,0,-1,Low,0.9987250574333723,1.0,0.14285714285714285
M2,0,-1,Low,0.9992303390933697,1.0,0.09523809523809523
M2,0,-1,Low,0.9998400816577593,1.0,0.047619047619047616
M2,0,-1,Low,1.0,1.0,0.0
M2,0,-1,Medium,1.4231784665449742e-06,0.484375,1.0
M2,0,-1,Medium,4.367208427717041e-06,0.49206349206349204,1.0
M2,0,-1,Medium,6.398978645522232e-06,0.5,1.0
M2,0,-1,Medium,1.1098177104587429e-05,0.5081967213114754,1.0
M2,0,-1,Medium,0.001858388168897574,0.5166666666666667,1.0
M2,0,-1,Medium,0.0019542238838198994,0.5344827586206896,1.0
M2,0,-1,Medium,0.002123417045631091,0.543859649122807,1.0
M2,0,-1,Medium,0.008560524542144479,0.5636363636363636,1.0
M2,0,-1,Medium,0.0090125033712169,0.5740740740740741,1.0
M2,0,-1,Medium,0.015453628774590424,0.5961538461538461,1.0
M2,0,-1,Medium,0.038366312027629225,0.62,1.0
M2,0,-1,Medium,0.03891627972948239,0.6326530612244898,1.0
M2,0,-1,Medium,0.12115387829032859,0.6595744680851063,1.0
M2,0,-1,Medium,0.1232781190700236,0.7045454545454546,1.0
M2,0,-1,Medium,0.12593311402191032,0.7209302325581395,1.0
M2,0,-1,Medium,0.13359663250845802,0.7380952380952381,1.0
M2,0,-1,Medium,0.15587187377406472,0.7560975609756098,1.0
M2,0,-1,Medium,0.15665231963959236,0.7692307692307693,0.967741935483871
M2,0,-1,Medium,0.4711976286134141,0.7837837837837838,0.9354838709677419
M2,0,-1,Medium,0.4749699289099428,0.8529411764705882,0.9354838709677419
M2,0,-1,Medium,0.4785599539375835,0.8484848484848485,0.9032258064516129
M2,0,-1,Medium,0.8030771395893954,0.9,0.8709677419354839
M2,0,-1,Medium,0.8097225771305827,0.896551724137931,0.8387096774193549
M2,0,-1,Medium,0.8121014816441671,0.8928571428571429,0.8064516129032258
M2,0,-1,Medium,0.8141232179863804,0.8888888888888888,0.7741935483870968
M2,0,-1,Medium,0.8147226845028417,0.9230769230769231,0.7741935483870968
M2,0,-1,Medium,0.8174728390540026,0.92,0.7419354838709677
M2,0,-1,Medium,0.8181755487501459,0.9523809523809523,0.6451612903225806
M2,0,-1,Medium,0.9219100113888615,1.0,0.6129032258064516
M2,0,-1,Medium,0.9536546390570502,1.0,0.5483870967741935
M2,0,-1,Medium,0.9541142461062619,1.0,0.45161290322580644
M2,0,-1,Medium,0.9542168358024818,1.0,0.41935483870967744
M2,0,-1,Medium,0.956622720838248,1.0,0.3870967741935484
M2,0,-1,Medium,0.9598973870056554,1.0,0.3548387096774194
M2,0,-1,Medium,0.981154819586174,1.0,0.3225806451612903
M2,0,-1,Medium,0.9816507997185865,1.0,0.1935483870967742
M2,0,-1,Medium,0.9819279597244082,1.0,0.16129032258064516
M2,0,-1,Medium,0.9822055273549256,1.0,0.12903225806451613
M2,0,-1,Medium,0.9822667602445584,1.0,0.0967741935483871
M2,0,-1,Medium,0.9824483723427688,1.0,0.06451612903225806
M2,0,-1,Medium,1.0,1.0,0.0
M2,0,-1,High,0.00015555113381303466,0.1875,1.0
M2,0,-1,High,0.0004687148508500954,0.19047619047619047,1.0
M2,0,-1,High,0.0007130409679082092,0.19672131147540983,1.0
M2,0,-1,High,0.0007632619279847899,0.2033898305084746,1.0
M2,0,-1,High,0.001066661962835387,0.20689655172413793,1.0
M2,0,-1,High,0.0012638443895232328,0.21052631578947367,1.0
M2,0,-1,High,0.0013391482767357327,0.21428571428571427,1.0
M2,0,-1,High,0.0016931862611105919,0.21818181818181817,1.0
M2,0,-1,High,0.0019355997145094558,0.22641509433962265,1.0
M2,0,-1,High,0.002732163293097092,0.23076923076923078,1.0
M2,0,-1,High,0.002890485725731096,0.23529411764705882,1.0
M2,0,-1,High,0.0030511220808797715,0.25,1.0
M2,0,-1,High,0.004153807905700031,0.2553191489361702,1.0
M2,0,-1,High,0.004252203612846927,0.26666666666666666,1.0
M2,0,-1,High,0.004690195361046217,0.2727272727272727,1.0
M2,0,-1,High,0.005041875501122623,0.27906976744186046,1.0
M2,0,-1,High,0.00612987168626749,0.2926829268292683,1.0
M2,0,-1,High,0.007093472343025083,0.3157894736842105,1.0
M2,0,-1,High,0.007154098820178783,0.3333333333333333,1.0
M2,0,-1,High,0.007195946165992077,0.34285714285714286,1.0
M2,0,-1,High,0.007726599743112622,0.35294117647058826,1.0
M2,0,-1,High,0.00778478753875942,0.36363636363636365,1.0
M2,0,-1,High,0.00789455064004942,0.375,1.0
M2,0,-1,High,0.008481581271145684,0.3870967741935484,1.0
M2,0,-1,High,0.008578915836138337,0.4,1.0
M2,0,-1,High,0.009375060628133841,0.46153846153846156,1.0
M2,0,-1,High,0.009613415161240365,0.5454545454545454,1.0
M2,0,-1,High,0.009732473089101365,0.5714285714285714,1.0
M2,0,-1,High,0.01382995867587789,0.631578947368421,1.0
M2,0,-1,High,0.014410664425809908,0.75,1.0
M2,0,-1,High,0.022572196216034273,0.8,1.0
M2,0,-1,High,0.07113185707511752,0.8571428571428571,1.0
M2,0,-1,High,0.8290757113098298,1.0,1.0
M2,0,-1,High,0.8615213161222708,1.0,0.9166666666666666
M2,0,-1,High,0.8691956083474268,1.0,0.8333333333333334
M2,0,-1,High,0.8741335454699053,1.0,0.75
M2,0,-1,High,0.9797557048279544,1.0,0.5
M2,0,-1,High,0.9963487119602408,1.0,0.3333333333333333
M2,0,-1,High,0.9968173143569092,1.0,0.16666666666666666
M2,0,-1,High,0.9999973900018739,1.0,0.08333333333333333
M2,0,-1,High,1.0,1.0,0.0
M2,1,-1,Low,0.0019706649371970105,0.3333333333333333,1.0
M2,1,-1,Low,0.0021463540530975095,0.3387096774193548,1.0
M2,1,-1,Low,0.0024117060304940105,0.3442622950819672,1.0
M2,1,-1,Low,0.002523567204355813,0.35,1.0
M2,1,-1,Low,0.0029987275768600073,0.3559322033898305,1.0
M2,1,-1,Low,0.0037548735513524474,0.3620689655172414,1.0
M2,1,-1,Low,0.004887666384626766,0.3684210526315789,1.0
M2,1,-1,Low,0.006614526085182012,0.375,1.0
M2,1,-1,Low,0.008069091478954772,0.38181818181818183,1.0
M2,1,-1,Low,0.010098533422722862,0.40384615384615385,1.0
M2,1,-1,Low,0.010353377930168706,0.4117647058823529,1.0
M2,1,-1,Low,0.010968367976972329,0.42857142857142855,1.0
M2,1,-1,Low,0.012903268916267203,0.4375,1.0
M2,1,-1,Low,0.01787163433533481,0.45652173913043476,1.0
M2,1,-1,Low,0.018287251734240707,0.4772727272727273,1.0
M2,1,-1,Low,0.020359111443122916,0.5,1.0
M2,1,-1,Low,0.02181450078564572,0.5121951219512195,1.0
M2,1,-1,Low,0.024274868755821865,0.525,1.0
M2,1,-1,Low,0.024323481151237458,0.5384615384615384,1.0
M2,1,-1,Low,0.032393773322044565,0.5526315789473685,1.0
M2,1,-1,Low,0.0654104727916584,0.5675675675675675,1.0
M2,1,-1,Low,0.06683306679336556,0.5833333333333334,1.0
M2,1,-1,Low,0.06705361150515728,0.6,1.0
M2,1,-1,Low,0.19411109730567125,0.6176470588235294,1.0
M2,1,-1,Low,0.19736298596803442,0.65625,1.0
M2,1,-1,Low,0.19813436211409158,0.7777777777777778,1.0
M2,1,-1,Low,0.20649640446142198,0.8076923076923077,1.0
M2,1,-1,Low,0.46272187295812517,0.875,1.0
M2,1,-1,Low,0.46786318115059394,0.8571428571428571,0.8571428571428571
M2,1,-1,Low,0.49162201463088495,0.8947368421052632,0.8095238095238095
M2,1,-1,Low,0.7490472914964712,0.8888888888888888,0.7619047619047619
M2,1,-1,Low,0.7565238380728074,0.9333333333333333,0.6666666666666666
M2,1,-1,Low,0.758529592512117,0.9230769230769231,0.5714285714285714
M2,1,-1,Low,0.9049108619072199,1.0,0.47619047619047616
M2,1,-1,Low,0.9092106865938078,1.0,0.3333333333333333
M2,1,-1,Low,0.9113172524894859,1.0,0.19047619047619047
M2,1,-1,Low,0.9578320173552437,1.0,0.14285714285714285
M2,1,-1,Low,0.96550280947932,1.0,0.09523809523809523
M2,1,-1,Low,0.99560340571561,1.0,0.047619047619047616
M2,1,-1,Low,1.0,1.0,0.0
M2,1,-1,Medium,0.0011887240500573044,0.47619047619047616,1.0
M2,1,-1,Medium,0.001189170964629207,0.4838709677419355,1.0
M2,1,-1,Medium,0.002599642630375005,0.4918032786885246,1.0
M2,1,-1,Medium,0.005301199330785404,0.5,1.0
M2,1,-1,Medium,0.00845369771772014,0.5084745762711864,1.0
M2,1,-1,Medium,0.01030780736384847,0.5172413793103449,1.0
M2,1,-1,Medium,0.033403616056219644,0.5263157894736842,1.0
M2,1,-1,Medium,0.03742713727942794,0.5357142857142857,1.0
M2,1,-1,Medium,0.04109062061139981,0.5454545454545454,1.0
M2,1,-1,Medium,0.04453222741847762,0.5555555555555556,1.0
M2,1,-1,Medium,0.08697785173113758,0.5660377358490566,1.0
M2,1,-1,Medium,0.08951526314953162,0.5769230769230769,1.0
M2,1,-1,Medium,0.09395053833341385,0.6122448979591837,1.0
M2,1,-1,Medium,0.1834175788524037,0.6521739130434783,1.0
M2,1,-1,Medium,0.1841681782501947,0.6666666666666666,1.0
M2,1,-1,Medium,0.1898425895148335,0.6818181818181818,1.0
M2,1,-1,Medium,0.2393844111523668,0.6976744186046512,1.0
M2,1,-1,Medium,0.24012983702900717,0.725,0.9666666666666667
M2,1,-1,Medium,0.2448535309917347,0.7631578947368421,0.9666666666666667
M2,1,-1,Medium,0.5049269012180623,0.8,0.9333333333333333
M2,1,-1,Medium,0.5284160306078612,0.8235294117647058,0.9333333333333333
M2,1,-1,Medium,0.5305920482901485,0.84375,0.9
M2,1,-1,Medium,0.5694592025048048,0.9310344827586207,0.9
M2,1,-1,Medium,0.5795136410487822,0.9615384615384616,0.8333333333333334
M2,1,-1,Medium,0.5807152471024928,1.0,0.8333333333333334
M2,1,-1,Medium,0.5836615206921564,1.0,0.8
M2,1,-1,Medium,0.790138041159069,1.0,0.7333333333333333
M2,1,-1,Medium,0.7950474726082438,1.0,0.6666666666666666
M2,1,-1,Medium,0.7968853555742242,1.0,0.6
M2,1,-1,Medium,0.7983364617929731,1.0,0.43333333333333335
M2,1,-1,Medium,0.8858722589295711,1.0,0.4
M2,1,-1,Medium,0.886197004792016,1.0,0.3333333333333333
M2,1,-1,Medium,0.8866373165126608,1.0,0.3
M2,1,-1,Medium,0.8887572715188027,1.0,0.23333333333333334
M2,1,-1,Medium,0.9208768035329419,1.0,0.16666666666666666
M2,1,-1,Medium,0.9237812736546832,1.0,0.13333333333333333
M2,1,-1,Medium,0.9462750147852292,1.0,0.1
M2,1,-1,Medium,0.954706900563881,1.0,0.06666666666666667
M2,1,-1,Medium,0.9566326099578685,1.0,0.03333333333333333
M2,1,-1,Medium,1.0,1.0,0.0
M2,1,-1,High,0.001077362033356577,0.19047619047619047,1.0
M2,1,-1,High,0.001093574464460322,0.1935483870967742,1.0
M2,1,-1,High,0.0011385997593662837,0.19672131147540983,1.0
M2,1,-1,High,0.001274050256660513,0.20689655172413793,1.0
M2,1,-1,High,0.0017048957793764574,0.21818181818181817,1.0
M2,1,-1,High,0.002085996335516303,0.2222222222222222,1.0
M2,1,-1,High,0.0032078702343326165,0.23529411764705882,1.0
M2,1,-1,High,0.0033463248981854153,0.24,1.0
M2,1,-1,High,0.0033655543795088347,0.25,1.0
M2,1,-1,High,0.003451084151052866,0.2608695652173913,1.0
M2,1,-1,High,0.003529176092935324,0.26666666666666666,1.0
M2,1,-1,High,0.0037207882415448493,0.2727272727272727,1.0
M2,1,-1,High,0.005751658457741444,0.2857142857142857,1.0
M2,1,-1,High,0.006099177511794137,0.32432432432432434,1.0
M2,1,-1,High,0.0066860787517263485,0.35294117647058826,1.0
M2,1,-1,High,0.00916511484015961,0.3870967741935484,1.0
M2,1,-1,High,0.010841430086085044,0.4,1.0
M2,1,-1,High,0.013712723675399828,0.42857142857142855,1.0
M2,1,-1,High,0.02101823068029723,0.4444444444444444,1.0
M2,1,-1,High,0.023008278599008718,0.46153846153846156,1.0
M2,1,-1,High,0.03191048442912506,0.48,1.0
M2,1,-1,High,0.08947951405674646,0.5,1.0
M2,1,-1,High,0.09507543175309842,0.5217391304347826,1.0
M2,1,-1,High,0.09833945956493012,0.5714285714285714,1.0
M2,1,-1,High,0.10377436314026013,0.631578947368421,1.0
M2,1,-1,High,0.38809258562917337,0.7058823529411765,1.0
M2,1,-1,High,0.39846684497250884,0.6875,0.9166666666666666
M2,1,-1,High,0.40831638492053485,0.7857142857142857,0.9166666666666666
M2,1,-1,High,0.42247170601624057,0.8461538461538461,0.9166666666666666
M2,1,-1,High,0.743324343691801,1.0,0.8333333333333334
M2,1,-1,High,0.8064838877248734,1.0,0.75
M2,1,-1,High,0.8092172956646233,1.0,0.6666666666666666
M2,1,-1,High,0.95171289903017,1.0,0.5833333333333334
M2,1,-1,High,0.9576851963359453,1.0,0.5
M2,1,-1,High,0.9872804866056576,1.0,0.4166666666666667
M2,1,-1,High,0.989022735077924,1.0,0.3333333333333333
M2,1,-1,High,0.9917000730923546,1.0,0.25
M2,1,-1,High,0.995429692432428,1.0,0.16666666666666666
M2,1,-1,High,0.9966644749822733,1.0,0.08333333333333333
M2,1,-1,High,1.0,1.0,0.0
M2,2,-1,Low,2.556206663682973e-08,0.3333333333333333,1.0
M2,2,-1,Low,5.442140220866721e-07,0.3387096774193548,1.0
M2,2,-1,Low,0.0007912046638518167,0.3442622950819672,1.0
M2,2,-1,Low,0.0012607957740233054,0.35,1.0
M2,2,-1,Low,0.0020703862391224827,0.3559322033898305,1.0
M2,2,-1,Low,0.0022145525195458107,0.3620689655172414,1.0
M2,2,-1,Low,0.0022716503684289168,0.3684210526315789,1.0
M2,2,-1,Low,0.003230566648778382,0.375,1.0
M2,2,-1,Low,0.003697572064225355,0.3888888888888889,1.0
M2,2,-1,Low,0.00475638196309923,0.39622641509433965,1.0
M2,2,-1,Low,0.004777416817514044,0.4117647058823529,1.0
M2,2,-1,Low,0.005122481455561028,0.42,1.0
M2,2,-1,Low,0.005729291985219457,0.42857142857142855,1.0
M2,2,-1,Low,0.005942846152673719,0.44680851063829785,1.0
M2,2,-1,Low,0.005965784875942676,0.45652173913043476,1.0
M2,2,-1,Low,0.006272433151292633,0.4666666666666667,1.0
M2,2,-1,Low,0.00651866124269065,0.4883720930232558,1.0
M2,2,-1,Low,0.007223121356213637,0.5121951219512195,1.0
M2,2,-1,Low,0.00759661978685287,0.5384615384615384,1.0
M2,2,-1,Low,0.00909177445579559,0.5526315789473685,1.0
M2,2,-1,Low,0.009988023215884807,0.5833333333333334,1.0
M2,2,-1,Low,0.01028069737953946,0.6,1.0
M2,2,-1,Low,0.01676823871840139,0.6176470588235294,1.0
M2,2,-1,Low,0.028170752175439868,0.6363636363636364,1.0
M2,2,-1,Low,0.03338677807430416,0.65625,1.0
M2,2,-1,Low,0.03476351559479224,0.75,1.0
M2,2,-1,Low,0.043282348262662085,0.7692307692307693,0.9523809523809523
M2,2,-1,Low,0.15822503152417572,0.8,0.9523809523809523
M2,2,-1,Low,0.15976866556611324,0.7916666666666666,0.9047619047619048
M2,2,-1,Low,0.16117789406122057,0.782608695652174,0.8571428571428571
M2,2,-1,Low,0.1648209119316622,0.8181818181818182,0.8571428571428571
M2,2,-1,Low,0.49338355700127595,0.8571428571428571,0.8571428571428571
M2,2,-1,Low,0.4979272596775572,0.8947368421052632,0.8095238095238095
M2,2,-1,Low,0.5060990539973648,1.0,0.7142857142857143
M2,2,-1,Low,0.8218361138424858,1.0,0.6190476190476191
M2,2,-1,Low,0.8305411477414919,1.0,0.5714285714285714
M2,2,-1,Low,0.8387090667242645,1.0,0.5238095238095238
M2,2,-1,Low,0.8403822158866425,1.0,0.47619047619047616
M2,2,-1,Low,0.8411508251883326,1.0,0.38095238095238093
M2,2,-1,Low,0.962641221090501,1.0,0.3333333333333333
M2,2,-1,Low,0.992250974670784,1.0,0.2857142857142857
M2,2,-1,Low,0.9983529761848736,1.0,0.23809523809523808
M2,2,-1,Low,0.9999724362860565,1.0,0.19047619047619047
M2,2,-1,Low,0.9999886806653927,1.0,0.14285714285714285
M2,2,-1,Low,0.9999923132058117,1.0,0.047619047619047616
M2,2,-1,Low,1.0,1.0,0.0
M2,2,-1,Medium,3.0668819218310685e-08,0.49206349206349204,1.0
M2,2,-1,Medium,6.52541003545298e-07,0.5,1.0
M2,2,-1,Medium,6.625931309043449e-07,0.5081967213114754,1.0
M2,2,-1,Medium,7.154461798157967e-07,0.5166666666666667,1.0
M2,2,-1,Medium,7.712693291659138e-07,0.5344827586206896,1.0
M2,2,-1,Medium,0.0014484775946438677,0.543859649122807,1.0
M2,2,-1,Medium,0.007120163518454727,0.5535714285714286,1.0
M2,2,-1,Medium,0.008818073472106247,0.5636363636363636,1.0
M2,2,-1,Medium,0.00889049307748994,0.5740740740740741,1.0
M2,2,-1,Medium,0.009068348919492129,0.5849056603773585,1.0
M2,2,-1,Medium,0.009333321104849444,0.5961538461538461,1.0
M2,2,-1,Medium,0.03616565574443346,0.6078431372549019,1.0
M2,2,-1,Medium,0.09935075025364916,0.62,1.0
M2,2,-1,Medium,0.09975950112049164,0.625,0.967741935483871
M2,2,-1,Medium,0.1005205229448997,0.6382978723404256,0.967741935483871
M2,2,-1,Medium,0.15755626945620035,0.6521739130434783,0.967741935483871
M2,2,-1,Medium,0.1576309902807284,0.6818181818181818,0.967741935483871
M2,2,-1,Medium,0.1577521329732823,0.6976744186046512,0.967741935483871
M2,2,-1,Medium,0.15875736242581706,0.7142857142857143,0.967741935483871
M2,2,-1,Medium,0.15953601264717338,0.7317073170731707,0.967741935483871
M2,2,-1,Medium,0.49232192373925854,0.75,0.967741935483871
M2,2,-1,Medium,0.49394893319055827,0.7894736842105263,0.967741935483871
M2,2,-1,Medium,0.49468802610766466,0.8055555555555556,0.9354838709677419
M2,2,-1,Medium,0.5755829976905703,0.84375,0.8709677419354839
M2,2,-1,Medium,0.5778082684402666,0.8387096774193549,0.8387096774193549
M2,2,-1,Medium,0.5790287810310843,0.8333333333333334,0.8064516129032258
M2,2,-1,Medium,0.5793708688651574,0.8275862068965517,0.7741935483870968
M2,2,-1,Medium,0.8335455232903647,0.8571428571428571,0.7741935483870968
M2,2,-1,Medium,0.833928205347528,0.8518518518518519,0.7419354838709677
M2,2,-1,Medium,0.8355635462564549,0.8846153846153846,0.7419354838709677
M2,2,-1,Medium,0.8360635431748599,0.92,0.7419354838709677
M2,2,-1,Medium,0.943028721059914,0.9166666666666666,0.7096774193548387
M2,2,-1,Medium,0.9431892975056576,0.9090909090909091,0.6451612903225806
M2,2,-1,Medium,0.9438129101221912,0.9,0.5806451612903226
M2,2,-1,Medium,0.9439893482248413,0.8888888888888888,0.5161290322580645
M2,2,-1,Medium,0.9461505480187116,0.9411764705882353,0.5161290322580645
M2,2,-1,Medium,0.9617813878400732,0.9375,0.4838709677419355
M2,2,-1,Medium,0.9618629204892261,0.9166666666666666,0.3548387096774194
M2,2,-1,Medium,0.9654574415917458,1.0,0.3225806451612903
M2,2,-1,Medium,0.9879659823204702,1.0,0.2903225806451613
M2,2,-1,Medium,0.9882000355762349,1.0,0.22580645161290322
M2,2,-1,Medium,0.9883216330995441,1.0,0.1935483870967742
M2,2,-1,Medium,0.9890874283181886,1.0,0.12903225806451613
M2,2,-1,Medium,0.9898177145289979,1.0,0.06451612903225806
M2,2,-1,Medium,0.9902669393105166,1.0,0.03225806451612903
M2,2,-1,Medium,1.0,1.0,0.0
M2,2,-1,High,6.915524859046818e-06,0.1746031746031746,1.0
M2,2,-1,High,1.060388842741845e-05,0.1774193548387097,1.0
M2,2,-1,High,2.6901120812619917e-05,0.18333333333333332,1.0
M2,2,-1,High,0.00019854622048250735,0.1864406779661017,1.0
M2,2,-1,High,0.0006288618107613092,0.1896551724137931,1.0
M2,2,-1,High,0.0011931231650655588,0.19298245614035087,1.0
M2,2,-1,High,0.001218184530938926,0.19642857142857142,1.0
M2,2,-1,High,0.0015790222633767805,0.2,1.0
M2,2,-1,High,0.00163356477797321,0.20754716981132076,1.0
M2,2,-1,High,0.0020615146571569985,0.21153846153846154,1.0
M2,2,-1,High,0.0027585627639195908,0.22,1.0
M2,2,-1,High,0.003373563915981765,0.22448979591836735,1.0
M2,2,-1,High,0.0035388003024532677,0.23404255319148937,1.0
M2,2,-1,High,0.004203344636912149,0.2391304347826087,1.0
M2,2,-1,High,0.004667788177431881,0.24444444444444444,1.0
M2,2,-1,High,0.004810896323316174,0.25,1.0
M2,2,-1,High,0.004831834085622688,0.2619047619047619,1.0
M2,2,-1,High,0.00495564387196933,0.2894736842105263,1.0
M2,2,-1,High,0.005059804015440993,0.2972972972972973,1.0
M2,2,-1,High,0.005159705657765193,0.3055555555555556,1.0
M2,2,-1,High,0.00518327969659198,0.3235294117647059,1.0
M2,2,-1,High,0.006371806232814388,0.34375,1.0
M2,2,-1,High,0.00738471421477817,0.3548387096774194,1.0
M2,2,-1,High,0.007846763128296385,0.4074074074074074,1.0
M2,2,-1,High,0.010701489832691008,0.4230769230769231,1.0
M2,2,-1,High,0.012667509808165835,0.44,1.0
M2,2,-1,High,0.018627873510340877,0.4782608695652174,1.0
M2,2,-1,High,0.043568754601748784,0.5,1.0
M2,2,-1,High,0.047879504484290424,0.5238095238095238,1.0
M2,2,-1,High,0.05205432053124321,0.5789473684210527,1.0
M2,2,-1,High,0.05295652322903048,0.6470588235294118,1.0
M2,2,-1,High,0.05373900140672987,0.7333333333333333,1.0
M2,2,-1,High,0.38113465404676766,0.7142857142857143,0.9090909090909091
M2,2,-1,High,0.40542349284133217,0.7692307692307693,0.9090909090909091
M2,2,-1,High,0.4109831957530308,0.8333333333333334,0.9090909090909091
M2,2,-1,High,0.4146862849821689,0.9090909090909091,0.9090909090909091
M2,2,-1,High,0.8943768165950583,0.9,0.8181818181818182
M2,2,-1,High,0.896542926815283,1.0,0.7272727272727273
M2,2,-1,High,0.8972649245355545,1.0,0.6363636363636364
M2,2,-1,High,0.985216141651951,1.0,0.5454545454545454
M2,2,-1,High,0.9890391206833876,1.0,0.45454545454545453
M2,2,-1,High,0.9896708553064846,1.0,0.36363636363636365
M2,2,-1,High,0.9898754742312988,1.0,0.2727272727272727
M2,2,-1,High,0.9999988032449744,1.0,0.18181818181818182
M2,2,-1,High,0.9999999437691142,1.0,0.09090909090909091
M2,2,-1,High,1.0,1.0,0.0
M2,3,-1,Low,0.006013998847131648,0.3333333333333333,1.0
M2,3,-1,Low,0.0063853380767543945,0.3387096774193548,1.0
M2,3,-1,Low,0.007965180364243363,0.3442622950819672,1.0
M2,3,-1,Low,0.011680564812018268,0.3559322033898305,1.0
M2,3,-1,Low,0.013673620421596717,0.375,1.0
M2,3,-1,Low,0.014334526350346209,0.3888888888888889,1.0
M2,3,-1,Low,0.014832662397212476,0.39622641509433965,1.0
M2,3,-1,Low,0.015450708995538109,0.4117647058823529,1.0
M2,3,-1,Low,0.016738545562623348,0.42857142857142855,1.0
M2,3,-1,Low,0.017158807975259663,0.4375,1.0
M2,3,-1,Low,0.019554114961388903,0.45652173913043476,1.0
M2,3,-1,Low,0.025707832423266942,0.4772727272727273,1.0
M2,3,-1,Low,0.030325933782019626,0.4883720930232558,1.0
M2,3,-1,Low,0.030960972748707488,0.5,1.0
M2,3,-1,Low,0.03116486593526615,0.525,1.0
M2,3,-1,Low,0.03144846991532406,0.5384615384615384,1.0
M2,3,-1,Low,0.03320500202885298,0.5526315789473685,1.0
M2,3,-1,Low,0.08835048279586473,0.5675675675675675,1.0
M2,3,-1,Low,0.08993869616895406,0.5833333333333334,1.0
M2,3,-1,Low,0.09038552398002445,0.6176470588235294,1.0
M2,3,-1,Low,0.0917242638243245,0.6363636363636364,1.0
M2,3,-1,Low,0.10016642366177703,0.6774193548387096,1.0
M2,3,-1,Low,0.2310051759533801,0.7,1.0
M2,3,-1,Low,0.23645414222528974,0.7241379310344828,1.0
M2,3,-1,Low,0.250999324477089,0.75,1.0
M2,3,-1,Low,0.2757031934343034,0.7777777777777778,1.0
M2,3,-1,Low,0.48951907460071853,0.84,1.0
M2,3,-1,Low,0.5030095239299911,0.875,1.0
M2,3,-1,Low,0.5253094466183406,0.8695652173913043,0.9523809523809523
M2,3,-1,Low,0.5611190987699303,0.8636363636363636,0.9047619047619048
M2,3,-1,Low,0.6122857447004122,1.0,0.9047619047619048
M2,3,-1,Low,0.7587684260200449,1.0,0.8571428571428571
M2,3,-1,Low,0.7799106069531156,1.0,0.8095238095238095
M2,3,-1,Low,0.8363754297531724,1.0,0.7619047619047619
M2,3,-1,Low,0.9010677343350123,1.0,0.7142857142857143
M2,3,-1,Low,0.9126807425615603,1.0,0.6666666666666666
M2,3,-1,Low,0.9253903789746661,1.0,0.6190476190476191
M2,3,-1,Low,0.975376225080953,1.0,0.5714285714285714
M2,3,-1,Low,0.9802699680223975,1.0,0.42857142857142855
M2,3,-1,Low,0.9892202585442589,1.0,0.38095238095238093
M2,3,-1,Low,0.9911395016261092,1.0,0.3333333333333333
M2,3,-1,Low,0.9926864684339052,1.0,0.19047619047619047
M2,3,-1,Low,0.9943565709564212,1.0,0.14285714285714285
M2,3,-1,Low,0.9968343051690471,1.0,0.09523809523809523
M2,3,-1,Low,0.9969831987236085,1.0,0.047619047619047616
M2,3,-1,Low,1.0,1.0,0.0
M2,3,-1,Medium,0.001071235547593208,0.49206349206349204,1.0
M2,3,-1,Medium,0.0012952179306668485,0.5,1.0
M2,3,-1,Medium,0.00478547569912504,0.5081967213114754,1.0
M2,3,-1,Medium,0.0064562252146574016,0.5166666666666667,1.0
M2,3,-1,Medium,0.008040588281397603,0.5254237288135594,1.0
M2,3,-1,Medium,0.009885319370088904,0.5535714285714286,1.0
M2,3,-1,Medium,0.01882760529694088,0.5636363636363636,1.0
M2,3,-1,Medium,0.023600496182678985,0.5740740740740741,1.0
M2,3,-1,Medium,0.07290201282568905,0.6078431372549019,1.0
M2,3,-1,Medium,0.08470960357992274,0.62,1.0
M2,3,-1,Medium,0.0976266572334508,0.6326530612244898,1.0
M2,3,-1,Medium,0.16200975141351814,0.6458333333333334,1.0
M2,3,-1,Medium,0.19482019300937037,0.6595744680851063,1.0
M2,3,-1,Medium,0.1952165471932769,0.6739130434782609,1.0
M2,3,-1,Medium,0.19634093015873527,0.7045454545454546,1.0
M2,3,-1,Medium,0.1963932280411024,0.7209302325581395,1.0
M2,3,-1,Medium,0.19684114419970575,0.775,1.0
M2,3,-1,Medium,0.2166075412618331,0.8157894736842105,1.0
M2,3,-1,Medium,0.23515904522414588,0.8378378378378378,1.0
M2,3,-1,Medium,0.38576744877584873,0.8611111111111112,1.0
M2,3,-1,Medium,0.4362453548584454,0.8857142857142857,1.0
M2,3,-1,Medium,0.470591294435724,0.875,0.9032258064516129
M2,3,-1,Medium,0.4898193677105684,0.9032258064516129,0.9032258064516129
M2,3,-1,Medium,0.49688036312307654,0.9333333333333333,0.9032258064516129
M2,3,-1,Medium,0.707126829247876,0.9310344827586207,0.8709677419354839
M2,3,-1,Medium,0.7157776652360313,0.9642857142857143,0.8709677419354839
M2,3,-1,Medium,0.721897060875608,1.0,0.8387096774193549
M2,3,-1,Medium,0.7298045864175245,1.0,0.7741935483870968
M2,3,-1,Medium,0.7401913686581735,1.0,0.7419354838709677
M2,3,-1,Medium,0.7453812515302812,1.0,0.7096774193548387
M2,3,-1,Medium,0.8891198468675724,1.0,0.6774193548387096
M2,3,-1,Medium,0.8931329637911978,1.0,0.6451612903225806
M2,3,-1,Medium,0.8972036084171858,1.0,0.5806451612903226
M2,3,-1,Medium,0.901105688305124,1.0,0.5483870967741935
M2,3,-1,Medium,0.906668097705838,1.0,0.4838709677419355
M2,3,-1,Medium,0.9469146270717584,1.0,0.45161290322580644
M2,3,-1,Medium,0.9471942970571343,1.0,0.41935483870967744
M2,3,-1,Medium,0.9483226189534968,1.0,0.3548387096774194
M2,3,-1,Medium,0.948772376199388,1.0,0.3225806451612903
M2,3,-1,Medium,0.950182951224329,1.0,0.25806451612903225
M2,3,-1,Medium,0.9569249814112274,1.0,0.1935483870967742
M2,3,-1,Medium,0.9583029839695313,1.0,0.16129032258064516
M2,3,-1,Medium,0.9589075338400546,1.0,0.12903225806451613
M2,3,-1,Medium,0.9607835301534179,1.0,0.0967741935483871
M2,3,-1,Medium,0.9630291332170524,1.0,0.03225806451612903
M2,3,-1,Medium,1.0,1.0,0.0
M2,3,-1,High,0.0008199100924931762,0.1746031746031746,1.0
M2,3,-1,High,0.0008573063514375423,0.18333333333333332,1.0
M2,3,-1,High,0.0008579533444537125,0.1864406779661017,1.0
M2,3,-1,High,0.0008944220856523218,0.1896551724137931,1.0
M2,3,-1,High,0.0009024266806616641,0.19298245614035087,1.0
M2,3,-1,High,0.0010232787363679324,0.19642857142857142,1.0
M2,3,-1,High,0.0013056084315369331,0.20754716981132076,1.0
M2,3,-1,High,0.0016148188333095787,0.21153846153846154,1.0
M2,3,-1,High,0.0017076081996447946,0.21568627450980393,1.0
M2,3,-1,High,0.0017215833457245907,0.22,1.0
M2,3,-1,High,0.0019468065237391054,0.22448979591836735,1.0
M2,3,-1,High,0.0020944592833596555,0.22916666666666666,1.0
M2,3,-1,High,0.0023997456900887683,0.23404255319148937,1.0
M2,3,-1,High,0.002609653858517019,0.24444444444444444,1.0
M2,3,-1,High,0.002629967921036998,0.25,1.0
M2,3,-1,High,0.0026355463716243705,0.2558139534883721,1.0
M2,3,-1,High,0.00348185178505131,0.275,1.0
M2,3,-1,High,0.0036194239926296778,0.28205128205128205,1.0
M2,3,-1,High,0.004099258945935504,0.2894736842105263,1.0
M2,3,-1,High,0.004981419498297259,0.2972972972972973,1.0
M2,3,-1,High,0.006072528755809209,0.3055555555555556,1.0
M2,3,-1,High,0.00664493300092792,0.3142857142857143,1.0
M2,3,-1,High,0.007171108359440516,0.3235294117647059,1.0
M2,3,-1,High,0.008255497097874648,0.3333333333333333,1.0
M2,3,-1,High,0.008955615525921858,0.3548387096774194,1.0
M2,3,-1,High,0.009870016559919608,0.3793103448275862,1.0
M2,3,-1,High,0.009927600224679372,0.39285714285714285,1.0
M2,3,-1,High,0.010248546115144721,0.4074074074074074,1.0
M2,3,-1,High,0.013600562276204977,0.4230769230769231,1.0
M2,3,-1,High,0.015142772384477674,0.44,1.0
M2,3,-1,High,0.02049462915240308,0.4782608695652174,1.0
M2,3,-1,High,0.023354489116536852,0.5,1.0
M2,3,-1,High,0.03564689496760602,0.5238095238095238,1.0
M2,3,-1,High,0.03614342835407433,0.5789473684210527,1.0
M2,3,-1,High,0.03634682736561832,0.6470588235294118,1.0
M2,3,-1,High,0.0363949614033995,0.6875,1.0
M2,3,-1,High,0.037342854696157085,0.7857142857142857,1.0
M2,3,-1,High,0.039190237629095376,0.8461538461538461,1.0
M2,3,-1,High,0.2671653383288572,0.9166666666666666,1.0
M2,3,-1,High,0.26877162576843067,0.9090909090909091,0.9090909090909091
M2,3,-1,High,0.7852293378453342,1.0,0.8181818181818182
M2,3,-1,High,0.7919262071468793,1.0,0.6363636363636364
M2,3,-1,High,0.7951936754360509,1.0,0.36363636363636365
M2,3,-1,High,0.7972737317645103,1.0,0.18181818181818182
M2,3,-1,High,0.799165808143498,1.0,0.09090909090909091
M2,3,-1,High,1.0,1.0,0.0
M2,4,-1,Low,0.002322494339422125,0.31746031746031744,1.0
M2,4,-1,Low,0.0033393286144759596,0.3225806451612903,1.0
M2,4,-1,Low,0.0043343025524079405,0.3333333333333333,1.0
M2,4,-1,Low,0.006180913810583772,0.3448275862068966,1.0
M2,4,-1,Low,0.0075457169810599235,0.3508771929824561,1.0
M2,4,-1,Low,0.007575441365525248,0.36363636363636365,1.0
M2,4,-1,Low,0.008225563939779785,0.37037037037037035,1.0
M2,4,-1,Low,0.008459306208025489,0.37735849056603776,1.0
M2,4,-1,Low,0.008479383423328723,0.4,1.0
M2,4,-1,Low,0.009815498951679161,0.40816326530612246,1.0
M2,4,-1,Low,0.010824764893143827,0.43478260869565216,1.0
M2,4,-1,Low,0.011097033944324815,0.4444444444444444,1.0
M2,4,-1,Low,0.012765556787661362,0.45454545454545453,1.0
M2,4,-1,Low,0.01682421280604876,0.46511627906976744,1.0
M2,4,-1,Low,0.01709439441565037,0.47619047619047616,1.0
M2,4,-1,Low,0.01790661618632265,0.4878048780487805,1.0
M2,4,-1,Low,0.018047742966663043,0.5128205128205128,1.0
M2,4,-1,Low,0.019751596241822697,0.5263157894736842,1.0
M2,4,-1,Low,0.020364680475694525,0.5405405405405406,1.0
M2,4,-1,Low,0.02977828848999473,0.5555555555555556,1.0
M2,4,-1,Low,0.05638816886281234,0.5714285714285714,1.0
M2,4,-1,Low,0.06280710183565515,0.6060606060606061,1.0
M2,4,-1,Low,0.06461878050533477,0.625,1.0
M2,4,-1,Low,0.19571537921998955,0.6666666666666666,1.0
M2,4,-1,Low,0.20277172278096475,0.6896551724137931,1.0
M2,4,-1,Low,0.20479780259783695,0.7142857142857143,1.0
M2,4,-1,Low,0.2060785578340873,0.76,0.95
M2,4,-1,Low,0.4882077048357971,0.7916666666666666,0.95
M2,4,-1,Low,0.49855409227882763,0.8181818181818182,0.9
M2,4,-1,Low,0.5014209921568464,0.8421052631578947,0.8
M2,4,-1,Low,0.5045737516641603,0.875,0.7
M2,4,-1,Low,0.790315204444,0.9230769230769231,0.6
M2,4,-1,Low,0.7980680944361463,0.9166666666666666,0.55
M2,4,-1,Low,0.8078822502611155,1.0,0.4
M2,4,-1,Low,0.9338886413284886,1.0,0.35
M2,4,-1,Low,0.9769412202799486,1.0,0.25
M2,4,-1,Low,0.977473283019889,1.0,0.2
M2,4,-1,Low,0.9901582871048644,1.0,0.15
M2,4,-1,Low,0.9911921728912221,1.0,0.05
M2,4,-1,Low,1.0,1.0,0.0
M2,4,-1,Medium,0.0005551859999896699,0.49206349206349204,1.0
M2,4,-1,Medium,0.0014218728648955536,0.5,1.0
M2,4,-1,Medium,0.0016787509654865257,0.5166666666666667,1.0
M2,4,-1,Medium,0.008475697285894415,0.5254237288135594,1.0
M2,4,-1,Medium,0.019395814767514404,0.543859649122807,1.0
M2,4,-1,Medium,0.020825852446617856,0.5636363636363636,1.0
M2,4,-1,Medium,0.021635548536904827,0.5740740740740741,1.0
M2,4,-1,Medium,0.06403945473172434,0.5849056603773585,1.0
M2,4,-1,Medium,0.12409105207655449,0.6078431372549019,1.0
M2,4,-1,Medium,0.124306453949538,0.6326530612244898,1.0
M2,4,-1,Medium,0.12474392930476773,0.6458333333333334,1.0
M2,4,-1,Medium,0.1249859717056111,0.6595744680851063,1.0
M2,4,-1,Medium,0.19035475160383653,0.6888888888888889,1.0
M2,4,-1,Medium,0.1993974379410287,0.7045454545454546,1.0
M2,4,-1,Medium,0.20282181553377995,0.75,0.967741935483871
M2,4,-1,Medium,0.49273115335846934,0.7692307692307693,0.967741935483871
M2,4,-1,Medium,0.49387521394142764,0.8055555555555556,0.9354838709677419
M2,4,-1,Medium,0.4943608003029913,0.8484848484848485,0.9032258064516129
M2,4,-1,Medium,0.4971540097283602,0.9,0.8709677419354839
M2,4,-1,Medium,0.511635484532299,0.9285714285714286,0.8387096774193549
M2,4,-1,Medium,0.5469726740142176,0.9629629629629629,0.8387096774193549
M2,4,-1,Medium,0.5706112081599741,0.9583333333333334,0.7419354838709677
M2,4,-1,Medium,0.5820558613353402,0.9565217391304348,0.7096774193548387
M2,4,-1,Medium,0.7833183997633864,0.9545454545454546,0.6774193548387096
M2,4,-1,Medium,0.7859050793743666,0.9523809523809523,0.6451612903225806
M2,4,-1,Medium,0.7893679041022537,0.95,0.6129032258064516
M2,4,-1,Medium,0.7918228513104165,1.0,0.5483870967741935
M2,4,-1,Medium,0.9026185746520886,1.0,0.5161290322580645
M2,4,-1,Medium,0.917552717927847,1.0,0.4838709677419355
M2,4,-1,Medium,0.9244100342998625,1.0,0.45161290322580644
M2,4,-1,Medium,0.9254776245852344,1.0,0.3548387096774194
M2,4,-1,Medium,0.9258289419828071,1.0,0.3225806451612903
M2,4,-1,Medium,0.9281498805633922,1.0,0.2903225806451613
M2,4,-1,Medium,0.9302391574721205,1.0,0.22580645161290322
M2,4,-1,Medium,0.9686052104771941,1.0,0.16129032258064516
M2,4,-1,Medium,0.9704903928669107,1.0,0.12903225806451613
M2,4,-1,Medium,0.9709838377480926,1.0,0.0967741935483871
M2,4,-1,Medium,0.9710492409059511,1.0,0.06451612903225806
M2,4,-1,Medium,0.9722989472483736,1.0,0.03225806451612903
M2,4,-1,Medium,1.0,1.0,0.0
M2,4,-1,High,0.001366015609241105,0.19047619047619047,1.0
M2,4,-1,High,0.0014232311831465733,0.19672131147540983,1.0
M2,4,-1,High,0.001700864533493208,0.2,1.0
M2,4,-1,High,0.0017629981350479368,0.2033898305084746,1.0
M2,4,-1,High,0.0020719039397870385,0.20689655172413793,1.0
M2,4,-1,High,0.0020985908554963044,0.21428571428571427,1.0
M2,4,-1,High,0.0025344676228249183,0.21818181818181817,1.0
M2,4,-1,High,0.0026950949773704605,0.23529411764705882,1.0
M2,4,-1,High,0.004218207540162171,0.25,1.0
M2,4,-1,High,0.005834293299909499,0.26666666666666666,1.0
M2,4,-1,High,0.006862980022219949,0.2857142857142857,1.0
M2,4,-1,High,0.0071290761432913664,0.2926829268292683,1.0
M2,4,-1,High,0.007231338931273073,0.3,1.0
M2,4,-1,High,0.007570693779744784,0.3157894736842105,1.0
M2,4,-1,High,0.007949456509803684,0.34285714285714286,1.0
M2,4,-1,High,0.009144926657394657,0.35294117647058826,1.0
M2,4,-1,High,0.01096841928524435,0.36363636363636365,1.0
M2,4,-1,High,0.011323197844668753,0.375,1.0
M2,4,-1,High,0.011363956181537715,0.3870967741935484,1.0
M2,4,-1,High,0.011856364678398434,0.4,1.0
M2,4,-1,High,0.013372673665067256,0.41379310344827586,1.0
M2,4,-1,High,0.014570576716757159,0.4444444444444444,1.0
M2,4,-1,High,0.014638285435842578,0.46153846153846156,1.0
M2,4,-1,High,0.020966221016624247,0.5,1.0
M2,4,-1,High,0.06175681862710422,0.5217391304347826,1.0
M2,4,-1,High,0.06577446674845838,0.5454545454545454,1.0
M2,4,-1,High,0.07396789864882422,0.631578947368421,1.0
M2,4,-1,High,0.08915586140813164,0.6666666666666666,1.0
M2,4,-1,High,0.3881658501746652,0.7058823529411765,1.0
M2,4,-1,High,0.418291757895701,0.75,1.0
M2,4,-1,High,0.44456801977775695,0.8,1.0
M2,4,-1,High,0.48078907410217575,1.0,1.0
M2,4,-1,High,0.8580023317371229,1.0,0.9166666666666666
M2,4,-1,High,0.8644313058020885,1.0,0.75
M2,4,-1,High,0.867468311313329,1.0,0.6666666666666666
M2,4,-1,High,0.8695126322398782,1.0,0.5
M2,4,-1,High,0.9762698826800777,1.0,0.4166666666666667
M2,4,-1,High,0.9952387985206285,1.0,0.25
M2,4,-1,High,0.9971223196605883,1.0,0.08333333333333333
M2,4,-1,High,1.0,1.0,0.0
N0,0,202601,Low,4.382012855881706e-05,0.328125,1.0
N0,0,202601,Low,5.772031787890693e-05,0.3333333333333333,1.0
N0,0,202601,Low,6.188319240340055e-05,0.3387096774193548,1.0
N0,0,202601,Low,8.415491263641953e-05,0.35,1.0
N0,0,202601,Low,0.0001094414094286996,0.3620689655172414,1.0
N0,0,202601,Low,0.00013643640568345458,0.38181818181818183,1.0
N0,0,202601,Low,0.00020529710958671287,0.3888888888888889,1.0
N0,0,202601,Low,0.0006579574666649968,0.39622641509433965,1.0
N0,0,202601,Low,0.0013804840913155846,0.40384615384615385,1.0
N0,0,202601,Low,0.0013808538765340517,0.42,1.0
N0,0,202601,Low,0.0017543019242841824,0.4375,1.0
N0,0,202601,Low,0.001986399424490176,0.44680851063829785,1.0
N0,0,202601,Low,0.002812543963810979,0.45652173913043476,1.0
N0,0,202601,Low,0.0028357102675466966,0.5,1.0
N0,0,202601,Low,0.005367407282820599,0.5121951219512195,1.0
N0,0,202601,Low,0.00967879525479513,0.525,1.0
N0,0,202601,Low,0.011544008582056144,0.5384615384615384,1.0
N0,0,202601,Low,0.012528691817901226,0.5526315789473685,1.0
N0,0,202601,Low,0.012821043713218709,0.5675675675675675,1.0
N0,0,202601,Low,0.016360759780818857,0.6176470588235294,1.0
N0,0,202601,Low,0.023643596064797236,0.6363636363636364,1.0
N0,0,202601,Low,0.048297084668725135,0.65625,1.0
N0,0,202601,Low,0.09179784752082848,0.6774193548387096,1.0
N0,0,202601,Low,0.10323498801874881,0.7407407407407407,0.9523809523809523
N0,0,202601,Low,0.1062748979902555,0.76,0.9047619047619048
N0,0,202601,Low,0.10772469686179116,0.75,0.8571428571428571
N0,0,202601,Low,0.10851314961751284,0.782608695652174,0.8571428571428571
N0,0,202601,Low,0.4001977561884171,0.8181818181818182,0.8571428571428571
N0,0,202601,Low,0.42134830203584894,0.8421052631578947,0.7619047619047619
N0,0,202601,Low,0.4244924530195272,0.8125,0.6190476190476191
N0,0,202601,Low,0.8367924261998263,0.8666666666666667,0.6190476190476191
N0,0,202601,Low,0.8373201254041853,0.9230769230769231,0.5714285714285714
N0,0,202601,Low,0.9471040010534266,1.0,0.5238095238095238
N0,0,202601,Low,0.9472220123979839,1.0,0.42857142857142855
N0,0,202601,Low,0.9574808159857899,1.0,0.38095238095238093
N0,0,202601,Low,0.9733439811875211,1.0,0.3333333333333333
N0,0,202601,Low,0.9733963408770464,1.0,0.23809523809523808
N0,0,202601,Low,0.9825525518712096,1.0,0.19047619047619047
N0,0,202601,Low,0.9870806817594026,1.0,0.09523809523809523
N0,0,202601,Low,0.9948908200132321,1.0,0.047619047619047616
N0,0,202601,Low,1.0,1.0,0.0
N0,0,202601,Medium,0.005102830529517511,0.484375,1.0
N0,0,202601,Medium,0.012902049045396624,0.49206349206349204,1.0
N0,0,202601,Medium,0.017424889325439508,0.5,1.0
N0,0,202601,Medium,0.023801617646218857,0.5166666666666667,1.0
N0,0,202601,Medium,0.026567914908704495,0.5254237288135594,1.0
N0,0,202601,Medium,0.026620733202800794,0.5344827586206896,1.0
N0,0,202601,Medium,0.03308561106514842,0.5535714285714286,1.0
N0,0,202601,Medium,0.036509894699263586,0.5636363636363636,1.0
N0,0,202601,Medium,0.04245894152814015,0.5849056603773585,1.0
N0,0,202601,Medium,0.05270298711425906,0.5961538461538461,1.0
N0,0,202601,Medium,0.05270909946256377,0.6078431372549019,1.0
N0,0,202601,Medium,0.052822244752444306,0.6326530612244898,1.0
N0,0,202601,Medium,0.06454879695439512,0.6595744680851063,1.0
N0,0,202601,Medium,0.08643915133748367,0.7045454545454546,1.0
N0,0,202601,Medium,0.13166348585952317,0.7209302325581395,1.0
N0,0,202601,Medium,0.16243159314300518,0.7380952380952381,1.0
N0,0,202601,Medium,0.16295227735169812,0.75,0.967741935483871
N0,0,202601,Medium,0.3039535339419646,0.7631578947368421,0.9354838709677419
N0,0,202601,Medium,0.5744913473359704,0.7837837837837838,0.9354838709677419
N0,0,202601,Medium,0.5776536443844364,0.7777777777777778,0.9032258064516129
N0,0,202601,Medium,0.5986714094077279,0.8484848484848485,0.9032258064516129
N0,0,202601,Medium,0.8896310558857636,0.9,0.8709677419354839
N0,0,202601,Medium,0.8903686442579655,0.896551724137931,0.8387096774193549
N0,0,202601,Medium,0.891753817662551,0.8928571428571429,0.8064516129032258
N0,0,202601,Medium,0.8947089068384599,0.9259259259259259,0.8064516129032258
N0,0,202601,Medium,0.9060120236626892,0.96,0.7741935483870968
N0,0,202601,Medium,0.9491484586026492,1.0,0.6774193548387096
N0,0,202601,Medium,0.9730396853205193,1.0,0.6451612903225806
N0,0,202601,Medium,0.9735143821507829,1.0,0.6129032258064516
N0,0,202601,Medium,0.9805799154022148,1.0,0.5483870967741935
N0,0,202601,Medium,0.9827770752069437,1.0,0.5161290322580645
N0,0,202601,Medium,0.9834014793240926,1.0,0.4838709677419355
N0,0,202601,Medium,0.9834296170686674,1.0,0.3870967741935484
N0,0,202601,Medium,0.9848227757728079,1.0,0.3548387096774194
N0,0,202601,Medium,0.9884573025609298,1.0,0.3225806451612903
N0,0,202601,Medium,0.9896982170486729,1.0,0.25806451612903225
N0,0,202601,Medium,0.989820091230341,1.0,0.22580645161290322
N0,0,202601,Medium,0.9902498778611255,1.0,0.0967741935483871
N0,0,202601,Medium,0.9921695853462039,1.0,0.06451612903225806
N0,0,202601,Medium,0.992326447432979,1.0,0.03225806451612903
N0,0,202601,Medium,1.0,1.0,0.0
N0,0,202601,High,6.349457250386449e-06,0.1875,1.0
N0,0,202601,High,1.726919520081434e-05,0.19047619047619047,1.0
N0,0,202601,High,2.255880335085813e-05,0.1935483870967742,1.0
N0,0,202601,High,3.528560967810163e-05,0.2,1.0
N0,0,202601,High,3.574421424910696e-05,0.20689655172413793,1.0
N0,0,202601,High,6.024248606995435e-05,0.21052631578947367,1.0
N0,0,202601,High,7.375419412902022e-05,0.21428571428571427,1.0
N0,0,202601,High,7.500048775707587e-05,0.2222222222222222,1.0
N0,0,202601,High,0.00024828145280946385,0.22641509433962265,1.0
N0,0,202601,High,0.00025529644847554307,0.23529411764705882,1.0
N0,0,202601,High,0.0009980535797146544,0.24489795918367346,1.0
N0,0,202601,High,0.0010161996445024366,0.2608695652173913,1.0
N0,0,202601,High,0.0011308344038550183,0.26666666666666666,1.0
N0,0,202601,High,0.0018557944967235378,0.2857142857142857,1.0
N0,0,202601,High,0.0019066588802433549,0.2926829268292683,1.0
N0,0,202601,High,0.0019712843471934856,0.3,1.0
N0,0,202601,High,0.0020561051427912115,0.3076923076923077,1.0
N0,0,202601,High,0.0021901288164823487,0.32432432432432434,1.0
N0,0,202601,High,0.002554456728625717,0.36363636363636365,1.0
N0,0,202601,High,0.0030593248169664055,0.375,1.0
N0,0,202601,High,0.003316718614683414,0.3870967741935484,1.0
N0,0,202601,High,0.0037774769626886823,0.4,1.0
N0,0,202601,High,0.004382714856053871,0.4444444444444444,1.0
N0,0,202601,High,0.0046942329751550535,0.46153846153846156,1.0
N0,0,202601,High,0.00499470438624938,0.48,1.0
N0,0,202601,High,0.0050263743492764915,0.5,1.0
N0,0,202601,High,0.00549842897239701,0.5217391304347826,1.0
N0,0,202601,High,0.005687153142530811,0.5454545454545454,1.0
N0,0,202601,High,0.00736736480584799,0.5714285714285714,1.0
N0,0,202601,High,0.00854748102704294,0.7058823529411765,1.0
N0,0,202601,High,0.010161843562536124,0.75,1.0
N0,0,202601,High,0.025105133757901472,0.8571428571428571,1.0
N0,0,202601,High,0.6953885085913704,1.0,1.0
N0,0,202601,High,0.8681312170308901,1.0,0.9166666666666666
N0,0,202601,High,0.9134244122568329,1.0,0.8333333333333334
N0,0,202601,High,0.9353417616361762,1.0,0.75
N0,0,202601,High,0.9472067456247998,1.0,0.5
N0,0,202601,High,0.963428222108333,1.0,0.3333333333333333
N0,0,202601,High,0.9668566686169727,1.0,0.16666666666666666
N0,0,202601,High,0.9761545622252223,1.0,0.08333333333333333
N0,0,202601,High,1.0,1.0,0.0
N0,1,202601,Low,2.3380351686190047e-05,0.3333333333333333,1.0
N0,1,202601,Low,2.6823592269112637e-05,0.3387096774193548,1.0
N0,1,202601,Low,3.042555649077435e-05,0.3442622950819672,1.0
N0,1,202601,Low,3.7598374515840095e-05,0.35,1.0
N0,1,202601,Low,3.791071968699759e-05,0.3559322033898305,1.0
N0,1,202601,Low,6.578000994542592e-05,0.3620689655172414,1.0
N0,1,202601,Low,8.06328062583936e-05,0.3684210526315789,1.0
N0,1,202601,Low,0.0002471730722585959,0.375,1.0
N0,1,202601,Low,0.00034731775923690813,0.38181818181818183,1.0
N0,1,202601,Low,0.0010653547823575723,0.3888888888888889,1.0
N0,1,202601,Low,0.0013497213313949149,0.4117647058823529,1.0
N0,1,202601,Low,0.001492766522705352,0.42,1.0
N0,1,202601,Low,0.0020304707351703204,0.42857142857142855,1.0
N0,1,202601,Low,0.0025887133238645813,0.44680851063829785,1.0
N0,1,202601,Low,0.003308611083085027,0.45652173913043476,1.0
N0,1,202601,Low,0.003488514173323792,0.4772727272727273,1.0
N0,1,202601,Low,0.0037834489756967365,0.5,1.0
N0,1,202601,Low,0.0044358872288524495,0.525,1.0
N0,1,202601,Low,0.00458953693634279,0.5384615384615384,1.0
N0,1,202601,Low,0.004732457642564037,0.5526315789473685,1.0
N0,1,202601,Low,0.005621465249947432,0.5675675675675675,1.0
N0,1,202601,Low,0.011946762580968266,0.5833333333333334,1.0
N0,1,202601,Low,0.0187417945807165,0.6,1.0
N0,1,202601,Low,0.07198269744936123,0.6176470588235294,1.0
N0,1,202601,Low,0.12158146393725176,0.65625,1.0
N0,1,202601,Low,0.17704714869728796,0.7777777777777778,1.0
N0,1,202601,Low,0.2762854854636691,0.8076923076923077,1.0
N0,1,202601,Low,0.39648181411193717,0.875,1.0
N0,1,202601,Low,0.47444801652048846,0.8571428571428571,0.8571428571428571
N0,1,202601,Low,0.6950132165627856,0.8947368421052632,0.8095238095238095
N0,1,202601,Low,0.7581856766543922,0.8888888888888888,0.7619047619047619
N0,1,202601,Low,0.8021219419555695,0.9333333333333333,0.6666666666666666
N0,1,202601,Low,0.832519501156894,0.9230769230769231,0.5714285714285714
N0,1,202601,Low,0.9475757928274773,1.0,0.47619047619047616
N0,1,202601,Low,0.951104229897533,1.0,0.3333333333333333
N0,1,202601,Low,0.9540527273226718,1.0,0.2857142857142857
N0,1,202601,Low,0.9700775918669288,1.0,0.14285714285714285
N0,1,202601,Low,0.9774112854776197,1.0,0.09523809523809523
N0,1,202601,Low,0.9907079024380088,1.0,0.047619047619047616
N0,1,202601,Low,1.0,1.0,0.0
N0,1,202601,Medium,0.004440587227501875,0.47619047619047616,1.0
N0,1,202601,Medium,0.005360138529605035,0.4838709677419355,1.0
N0,1,202601,Medium,0.005384204915066853,0.4918032786885246,1.0
N0,1,202601,Medium,0.0074858315123122075,0.5,1.0
N0,1,202601,Medium,0.00799557681128328,0.5084745762711864,1.0
N0,1,202601,Medium,0.009278103787667325,0.5172413793103449,1.0
N0,1,202601,Medium,0.013016466165680344,0.5263157894736842,1.0
N0,1,202601,Medium,0.018193569867775046,0.5357142857142857,1.0
N0,1,202601,Medium,0.022573503979008407,0.5454545454545454,1.0
N0,1,202601,Medium,0.02989731038257551,0.5555555555555556,1.0
N0,1,202601,Medium,0.0459222188400097,0.5660377358490566,1.0
N0,1,202601,Medium,0.04887219177595077,0.6,1.0
N0,1,202601,Medium,0.052392563898745734,0.6122448979591837,1.0
N0,1,202601,Medium,0.05745768238408592,0.6521739130434783,1.0
N0,1,202601,Medium,0.08685484774497358,0.6666666666666666,1.0
N0,1,202601,Medium,0.167419826958717,0.6818181818181818,1.0
N0,1,202601,Medium,0.19781279679333866,0.7073170731707317,0.9666666666666667
N0,1,202601,Medium,0.2417377654948472,0.7435897435897436,0.9666666666666667
N0,1,202601,Medium,0.25761070559608895,0.7777777777777778,0.9333333333333333
N0,1,202601,Medium,0.30483558400488164,0.7878787878787878,0.8666666666666667
N0,1,202601,Medium,0.3713691517912607,0.8125,0.8666666666666667
N0,1,202601,Medium,0.3958203142723961,0.8387096774193549,0.8666666666666667
N0,1,202601,Medium,0.5253914498241121,0.8333333333333334,0.8333333333333334
N0,1,202601,Medium,0.5654245227959915,0.8571428571428571,0.8
N0,1,202601,Medium,0.6033279331869275,0.8461538461538461,0.7333333333333333
N0,1,202601,Medium,0.7234265441100931,0.9565217391304348,0.7333333333333333
N0,1,202601,Medium,0.7285091323342008,0.9523809523809523,0.6666666666666666
N0,1,202601,Medium,0.822629095751873,1.0,0.6666666666666666
N0,1,202601,Medium,0.8482315181260421,1.0,0.6333333333333333
N0,1,202601,Medium,0.8780151528434195,1.0,0.5666666666666667
N0,1,202601,Medium,0.905455923156698,1.0,0.4
N0,1,202601,Medium,0.9184233721603445,1.0,0.36666666666666664
N0,1,202601,Medium,0.9274462200244541,1.0,0.3
N0,1,202601,Medium,0.9554064636424309,1.0,0.23333333333333334
N0,1,202601,Medium,0.9709413177436698,1.0,0.16666666666666666
N0,1,202601,Medium,0.973606615925408,1.0,0.13333333333333333
N0,1,202601,Medium,0.9797959667606277,1.0,0.1
N0,1,202601,Medium,0.9858039344403269,1.0,0.06666666666666667
N0,1,202601,Medium,0.9866153950381018,1.0,0.03333333333333333
N0,1,202601,Medium,1.0,1.0,0.0
N0,1,202601,High,1.399377432393088e-05,0.19047619047619047,1.0
N0,1,202601,High,1.5210543371869218e-05,0.1935483870967742,1.0
N0,1,202601,High,2.357832651629053e-05,0.19672131147540983,1.0
N0,1,202601,High,2.5053837318567088e-05,0.2,1.0
N0,1,202601,High,2.5097750495707705e-05,0.21052631578947367,1.0
N0,1,202601,High,3.164327377694178e-05,0.21428571428571427,1.0
N0,1,202601,High,6.067188438896425e-05,0.22641509433962265,1.0
N0,1,202601,High,6.526125109186632e-05,0.24,1.0
N0,1,202601,High,7.655785076064296e-05,0.25,1.0
N0,1,202601,High,0.0001511994323327974,0.26666666666666666,1.0
N0,1,202601,High,0.00016053365539944294,0.2727272727272727,1.0
N0,1,202601,High,0.00019025270113535937,0.2857142857142857,1.0
N0,1,202601,High,0.000287970426237764,0.3076923076923077,1.0
N0,1,202601,High,0.0003237555508389888,0.32432432432432434,1.0
N0,1,202601,High,0.000403383219328775,0.3333333333333333,1.0
N0,1,202601,High,0.0005710825261846737,0.3870967741935484,1.0
N0,1,202601,High,0.0014622386586557981,0.41379310344827586,1.0
N0,1,202601,High,0.0022493029787049035,0.42857142857142855,1.0
N0,1,202601,High,0.007763139711950717,0.4444444444444444,1.0
N0,1,202601,High,0.021957496845739565,0.46153846153846156,1.0
N0,1,202601,High,0.024469145319987503,0.48,1.0
N0,1,202601,High,0.040810087381872404,0.5,1.0
N0,1,202601,High,0.0780881136663317,0.5454545454545454,1.0
N0,1,202601,High,0.08981161920073798,0.6,1.0
N0,1,202601,High,0.14845987079087283,0.631578947368421,1.0
N0,1,202601,High,0.2689021543419347,0.7058823529411765,1.0
N0,1,202601,High,0.4325450064688381,0.6875,0.9166666666666666
N0,1,202601,High,0.6026869192048986,0.7857142857142857,0.9166666666666666
N0,1,202601,High,0.6272811268773444,0.8461538461538461,0.9166666666666666
N0,1,202601,High,0.7413239396215535,0.8333333333333334,0.8333333333333334
N0,1,202601,High,0.9127978344957896,1.0,0.75
N0,1,202601,High,0.9422951445436555,1.0,0.6666666666666666
N0,1,202601,High,0.9817257973259665,1.0,0.5833333333333334
N0,1,202601,High,0.9869177538243742,1.0,0.5
N0,1,202601,High,0.9919665124690297,1.0,0.4166666666666667
N0,1,202601,High,0.9924765701131719,1.0,0.3333333333333333
N0,1,202601,High,0.9945853695284423,1.0,0.25
N0,1,202601,High,0.9946130378781258,1.0,0.16666666666666666
N0,1,202601,High,0.9955360324208119,1.0,0.08333333333333333
N0,1,202601,High,1.0,1.0,0.0
N0,2,202601,Low,0.00011399011100701983,0.3333333333333333,1.0
N0,2,202601,Low,0.00016105159808778576,0.3387096774193548,1.0
N0,2,202601,Low,0.00017883806963742252,0.3442622950819672,1.0
N0,2,202601,Low,0.0002083862630956316,0.35,1.0
N0,2,202601,Low,0.00021332022190157423,0.3559322033898305,1.0
N0,2,202601,Low,0.00024533348035005577,0.3620689655172414,1.0
N0,2,202601,Low,0.0002468922534264681,0.3684210526315789,1.0
N0,2,202601,Low,0.0002827760117032204,0.38181818181818183,1.0
N0,2,202601,Low,0.0003202500271457615,0.3888888888888889,1.0
N0,2,202601,Low,0.0011973146165089627,0.39622641509433965,1.0
N0,2,202601,Low,0.0014997007984256692,0.40384615384615385,1.0
N0,2,202601,Low,0.0015928621448230542,0.4117647058823529,1.0
N0,2,202601,Low,0.0016179563917231782,0.42857142857142855,1.0
N0,2,202601,Low,0.0016534538454448008,0.4375,1.0
N0,2,202601,Low,0.0016726075960337243,0.45652173913043476,1.0
N0,2,202601,Low,0.001716102801307221,0.4666666666666667,1.0
N0,2,202601,Low,0.001800657301973902,0.4772727272727273,1.0
N0,2,202601,Low,0.0018611621159000012,0.4883720930232558,1.0
N0,2,202601,Low,0.002600205309824489,0.5121951219512195,1.0
N0,2,202601,Low,0.002712967847001446,0.5384615384615384,1.0
N0,2,202601,Low,0.0028170838781559782,0.5526315789473685,1.0
N0,2,202601,Low,0.0030607127824357166,0.5675675675675675,1.0
N0,2,202601,Low,0.004386026016022522,0.6,1.0
N0,2,202601,Low,0.0046084662083727855,0.6363636363636364,1.0
N0,2,202601,Low,0.00763048684471402,0.65625,1.0
N0,2,202601,Low,0.010294668294950685,0.6774193548387096,1.0
N0,2,202601,Low,0.020778876233403305,0.7777777777777778,1.0
N0,2,202601,Low,0.1256132921070576,0.8,0.9523809523809523
N0,2,202601,Low,0.15507286776201368,0.7916666666666666,0.9047619047619048
N0,2,202601,Low,0.1653095511107189,0.782608695652174,0.8571428571428571
N0,2,202601,Low,0.17317350930489092,0.8181818181818182,0.8571428571428571
N0,2,202601,Low,0.6234808805160751,0.8571428571428571,0.8571428571428571
N0,2,202601,Low,0.6486708844524273,0.8947368421052632,0.8095238095238095
N0,2,202601,Low,0.6761480348471627,1.0,0.7142857142857143
N0,2,202601,Low,0.8655334520678898,1.0,0.6190476190476191
N0,2,202601,Low,0.9093762408284922,1.0,0.5714285714285714
N0,2,202601,Low,0.9239414015757946,1.0,0.5238095238095238
N0,2,202601,Low,0.9264756005378274,1.0,0.47619047619047616
N0,2,202601,Low,0.9278454972107267,1.0,0.38095238095238093
N0,2,202601,Low,0.9707191486420348,1.0,0.3333333333333333
N0,2,202601,Low,0.9815860735620716,1.0,0.2857142857142857
N0,2,202601,Low,0.985642629526629,1.0,0.23809523809523808
N0,2,202601,Low,0.987679411955845,1.0,0.19047619047619047
N0,2,202601,Low,0.9877584938251002,1.0,0.14285714285714285
N0,2,202601,Low,0.9878706082439203,1.0,0.09523809523809523
N0,2,202601,Low,1.0,1.0,0.0
N0,2,202601,Medium,0.00972980655773261,0.49206349206349204,1.0
N0,2,202601,Medium,0.009914975208500685,0.5,1.0
N0,2,202601,Medium,0.011831710742682659,0.5081967213114754,1.0
N0,2,202601,Medium,0.011911606852221344,0.5254237288135594,1.0
N0,2,202601,Medium,0.01210335443646878,0.5344827586206896,1.0
N0,2,202601,Medium,0.01411292928922277,0.543859649122807,1.0
N0,2,202601,Medium,0.01461541798172757,0.5535714285714286,1.0
N0,2,202601,Medium,0.016186724776559552,0.5636363636363636,1.0
N0,2,202601,Medium,0.01708125628906308,0.5740740740740741,1.0
N0,2,202601,Medium,0.01785377268650746,0.5849056603773585,1.0
N0,2,202601,Medium,0.01818437938222307,0.5961538461538461,1.0
N0,2,202601,Medium,0.02898400814107747,0.6078431372549019,1.0
N0,2,202601,Medium,0.03153611275305622,0.62,1.0
N0,2,202601,Medium,0.03176169884356349,0.6326530612244898,1.0
N0,2,202601,Medium,0.032693230512951164,0.6458333333333334,1.0
N0,2,202601,Medium,0.0715077264723783,0.6521739130434783,0.967741935483871
N0,2,202601,Medium,0.07295643940167484,0.6666666666666666,0.967741935483871
N0,2,202601,Medium,0.07556420791609744,0.6976744186046512,0.967741935483871
N0,2,202601,Medium,0.09022516377454166,0.7142857142857143,0.967741935483871
N0,2,202601,Medium,0.13395968352496473,0.7317073170731707,0.967741935483871
N0,2,202601,Medium,0.2628655495469972,0.75,0.967741935483871
N0,2,202601,Medium,0.32177718276692774,0.7692307692307693,0.967741935483871
N0,2,202601,Medium,0.3498602064036072,0.8108108108108109,0.967741935483871
N0,2,202601,Medium,0.3751108493349517,0.8484848484848485,0.9032258064516129
N0,2,202601,Medium,0.46618863093603563,0.8709677419354839,0.8709677419354839
N0,2,202601,Medium,0.6100824728840314,0.8666666666666667,0.8387096774193549
N0,2,202601,Medium,0.8140607561526666,0.8620689655172413,0.8064516129032258
N0,2,202601,Medium,0.8229333505279082,0.8571428571428571,0.7741935483870968
N0,2,202601,Medium,0.831123484999353,0.8518518518518519,0.7419354838709677
N0,2,202601,Medium,0.841616570361692,0.8461538461538461,0.7096774193548387
N0,2,202601,Medium,0.8711066752592902,0.88,0.7096774193548387
N0,2,202601,Medium,0.9249991445569075,0.9166666666666666,0.7096774193548387
N0,2,202601,Medium,0.9462856304512576,0.9565217391304348,0.7096774193548387
N0,2,202601,Medium,0.9527551118077644,0.9523809523809523,0.6451612903225806
N0,2,202601,Medium,0.9637323840077747,0.9473684210526315,0.5806451612903226
N0,2,202601,Medium,0.9656568811077137,0.9411764705882353,0.5161290322580645
N0,2,202601,Medium,0.9742710198472235,0.9375,0.4838709677419355
N0,2,202601,Medium,0.9818609830621717,1.0,0.45161290322580644
N0,2,202601,Medium,0.9822634889923568,1.0,0.41935483870967744
N0,2,202601,Medium,0.9844534915239972,1.0,0.3870967741935484
N0,2,202601,Medium,0.985091565577479,1.0,0.25806451612903225
N0,2,202601,Medium,0.9851491753389406,1.0,0.22580645161290322
N0,2,202601,Medium,0.9861696901873014,1.0,0.16129032258064516
N0,2,202601,Medium,0.9863908086463851,1.0,0.0967741935483871
N0,2,202601,Medium,0.9911452428630999,1.0,0.03225806451612903
N0,2,202601,Medium,1.0,1.0,0.0
N0,2,202601,High,0.00021723360768627527,0.1746031746031746,1.0
N0,2,202601,High,0.00022954705570527788,0.1774193548387097,1.0
N0,2,202601,High,0.0002444411841483217,0.18032786885245902,1.0
N0,2,202601,High,0.00029684321688774255,0.18333333333333332,1.0
N0,2,202601,High,0.00029768101339709674,0.1864406779661017,1.0
N0,2,202601,High,0.0003298993226784907,0.19298245614035087,1.0
N0,2,202601,High,0.00039859539696615533,0.19642857142857142,1.0
N0,2,202601,High,0.0004943905081079285,0.2,1.0
N0,2,202601,High,0.0005068644071454567,0.2037037037037037,1.0
N0,2,202601,High,0.0005679600604977617,0.20754716981132076,1.0
N0,2,202601,High,0.0006467763168949482,0.21568627450980393,1.0
N0,2,202601,High,0.0014082701489731774,0.22,1.0
N0,2,202601,High,0.0014689091439655621,0.22916666666666666,1.0
N0,2,202601,High,0.0020747823859095125,0.25,1.0
N0,2,202601,High,0.003280032633652205,0.2619047619047619,1.0
N0,2,202601,High,0.0033105618762942764,0.2682926829268293,1.0
N0,2,202601,High,0.0035669638899281705,0.275,1.0
N0,2,202601,High,0.0038931401672009586,0.28205128205128205,1.0
N0,2,202601,High,0.004950103919373209,0.2894736842105263,1.0
N0,2,202601,High,0.005251840181052087,0.3055555555555556,1.0
N0,2,202601,High,0.006141789289898668,0.34375,1.0
N0,2,202601,High,0.0101060241629291,0.3548387096774194,1.0
N0,2,202601,High,0.01046479864503679,0.36666666666666664,1.0
N0,2,202601,High,0.011008986043790412,0.39285714285714285,1.0
N0,2,202601,High,0.01196914769679856,0.4230769230769231,1.0
N0,2,202601,High,0.013235826826487225,0.4583333333333333,1.0
N0,2,202601,High,0.016422914136521076,0.4782608695652174,1.0
N0,2,202601,High,0.029734652683913506,0.5,1.0
N0,2,202601,High,0.03320690320978952,0.5238095238095238,1.0
N0,2,202601,High,0.04559143434679078,0.5789473684210527,1.0
N0,2,202601,High,0.052121507403919375,0.6470588235294118,1.0
N0,2,202601,High,0.07320019814111864,0.7333333333333333,1.0
N0,2,202601,High,0.18312215996917738,0.7142857142857143,0.9090909090909091
N0,2,202601,High,0.3882995707242455,0.7692307692307693,0.9090909090909091
N0,2,202601,High,0.5323116682655388,0.8333333333333334,0.9090909090909091
N0,2,202601,High,0.7359371358364939,0.9090909090909091,0.9090909090909091
N0,2,202601,High,0.9670598772336224,0.9,0.8181818181818182
N0,2,202601,High,0.9679180511292907,1.0,0.7272727272727273
N0,2,202601,High,0.9681811112352405,1.0,0.6363636363636364
N0,2,202601,High,0.9819008938331425,1.0,0.5454545454545454
N0,2,202601,High,0.9827054234890353,1.0,0.45454545454545453
N0,2,202601,High,0.983634437153803,1.0,0.36363636363636365
N0,2,202601,High,0.9852705919072654,1.0,0.2727272727272727
N0,2,202601,High,0.9899239731934115,1.0,0.18181818181818182
N0,2,202601,High,0.9900618071791718,1.0,0.09090909090909091
N0,2,202601,High,1.0,1.0,0.0
N0,3,202601,Low,0.003897467939900167,0.3333333333333333,1.0
N0,3,202601,Low,0.004904650932314358,0.3387096774193548,1.0
N0,3,202601,Low,0.0070396210099754955,0.3442622950819672,1.0
N0,3,202601,Low,0.009770606125775213,0.3559322033898305,1.0
N0,3,202601,Low,0.009898126254123188,0.3684210526315789,1.0
N0,3,202601,Low,0.01008658451552316,0.375,1.0
N0,3,202601,Low,0.010332746833282452,0.38181818181818183,1.0
N0,3,202601,Low,0.010469628853995258,0.3888888888888889,1.0
N0,3,202601,Low,0.0104917561330008,0.40384615384615385,1.0
N0,3,202601,Low,0.011394140087741481,0.42857142857142855,1.0
N0,3,202601,Low,0.011478497979421274,0.4375,1.0
N0,3,202601,Low,0.012108921355309927,0.44680851063829785,1.0
N0,3,202601,Low,0.01318798769093023,0.45652173913043476,1.0
N0,3,202601,Low,0.013409034935966731,0.4772727272727273,1.0
N0,3,202601,Low,0.013568293480161678,0.5,1.0
N0,3,202601,Low,0.014708706068003865,0.525,1.0
N0,3,202601,Low,0.017500375090140376,0.5384615384615384,1.0
N0,3,202601,Low,0.027497950333542718,0.5675675675675675,1.0
N0,3,202601,Low,0.03929425147306397,0.6,1.0
N0,3,202601,Low,0.05095211188709236,0.6176470588235294,1.0
N0,3,202601,Low,0.0682011108023001,0.6363636363636364,1.0
N0,3,202601,Low,0.12645305551827266,0.6774193548387096,1.0
N0,3,202601,Low,0.1436278202589181,0.7,1.0
N0,3,202601,Low,0.2799424361410754,0.7241379310344828,1.0
N0,3,202601,Low,0.4914114617125646,0.75,1.0
N0,3,202601,Low,0.5912566768687291,0.7777777777777778,1.0
N0,3,202601,Low,0.640034373846229,0.84,1.0
N0,3,202601,Low,0.727153772658454,0.875,1.0
N0,3,202601,Low,0.7789421376529162,0.8695652173913043,0.9523809523809523
N0,3,202601,Low,0.8108944279844756,0.8636363636363636,0.9047619047619048
N0,3,202601,Low,0.8318409036566847,1.0,0.9047619047619048
N0,3,202601,Low,0.857149130731337,1.0,0.8571428571428571
N0,3,202601,Low,0.871072418004979,1.0,0.8095238095238095
N0,3,202601,Low,0.8870825136358843,1.0,0.7619047619047619
N0,3,202601,Low,0.8952990924465918,1.0,0.7142857142857143
N0,3,202601,Low,0.9023499245743237,1.0,0.6666666666666666
N0,3,202601,Low,0.9057024228100288,1.0,0.6190476190476191
N0,3,202601,Low,0.9063255985254902,1.0,0.5714285714285714
N0,3,202601,Low,0.9075150455999559,1.0,0.5238095238095238
N0,3,202601,Low,0.9182897552210746,1.0,0.47619047619047616
N0,3,202601,Low,0.9184574279533901,1.0,0.3333333333333333
N0,3,202601,Low,0.9203628365583144,1.0,0.2857142857142857
N0,3,202601,Low,0.9204923501738589,1.0,0.23809523809523808
N0,3,202601,Low,0.9207584154635944,1.0,0.19047619047619047
N0,3,202601,Low,0.920806588028753,1.0,0.047619047619047616
N0,3,202601,Low,1.0,1.0,0.0
N0,3,202601,Medium,0.07398295933072256,0.49206349206349204,1.0
N0,3,202601,Medium,0.07432094971787317,0.5,1.0
N0,3,202601,Medium,0.07440288759857844,0.5081967213114754,1.0
N0,3,202601,Medium,0.0746922540631326,0.5344827586206896,1.0
N0,3,202601,Medium,0.07740543609696397,0.543859649122807,1.0
N0,3,202601,Medium,0.07763032159322208,0.5535714285714286,1.0
N0,3,202601,Medium,0.08198499845636423,0.5849056603773585,1.0
N0,3,202601,Medium,0.08228788494211478,0.5961538461538461,1.0
N0,3,202601,Medium,0.08328794983150337,0.6078431372549019,1.0
N0,3,202601,Medium,0.09070981492444934,0.62,1.0
N0,3,202601,Medium,0.09492172672107119,0.6326530612244898,1.0
N0,3,202601,Medium,0.10166813676393474,0.6458333333333334,1.0
N0,3,202601,Medium,0.11032062725269919,0.6595744680851063,1.0
N0,3,202601,Medium,0.11680883555236125,0.6739130434782609,1.0
N0,3,202601,Medium,0.12667029323344658,0.6888888888888889,1.0
N0,3,202601,Medium,0.1406762461742191,0.7045454545454546,1.0
N0,3,202601,Medium,0.1656570705725755,0.7209302325581395,1.0
N0,3,202601,Medium,0.18664666971195953,0.7380952380952381,1.0
N0,3,202601,Medium,0.19759128996990216,0.717948717948718,0.9032258064516129
N0,3,202601,Medium,0.21853602578002487,0.7567567567567568,0.9032258064516129
N0,3,202601,Medium,0.27007964052200584,0.7777777777777778,0.9032258064516129
N0,3,202601,Medium,0.35661404776364325,0.8,0.9032258064516129
N0,3,202601,Medium,0.362544011966363,0.7941176470588235,0.8709677419354839
N0,3,202601,Medium,0.40499709074356743,0.8709677419354839,0.8709677419354839
N0,3,202601,Medium,0.5043923404404544,0.8620689655172413,0.8064516129032258
N0,3,202601,Medium,0.5855114120236006,0.8571428571428571,0.7741935483870968
N0,3,202601,Medium,0.7147828673377106,0.9230769230769231,0.7741935483870968
N0,3,202601,Medium,0.8496628277054008,0.92,0.7419354838709677
N0,3,202601,Medium,0.8577787245022885,0.9166666666666666,0.7096774193548387
N0,3,202601,Medium,0.8647864960344155,0.9545454545454546,0.6774193548387096
N0,3,202601,Medium,0.9102879974592476,0.9523809523809523,0.6451612903225806
N0,3,202601,Medium,0.9174111603060504,0.95,0.6129032258064516
N0,3,202601,Medium,0.9220165935124495,1.0,0.6129032258064516
N0,3,202601,Medium,0.9356679498105668,1.0,0.5483870967741935
N0,3,202601,Medium,0.9432525116466934,1.0,0.5161290322580645
N0,3,202601,Medium,0.9489696003237068,1.0,0.45161290322580644
N0,3,202601,Medium,0.9555047732850632,1.0,0.41935483870967744
N0,3,202601,Medium,0.9576808651223429,1.0,0.3870967741935484
N0,3,202601,Medium,0.9579062549391235,1.0,0.3225806451612903
N0,3,202601,Medium,0.9636493165229181,1.0,0.25806451612903225
N0,3,202601,Medium,0.9643996459972295,1.0,0.22580645161290322
N0,3,202601,Medium,0.9653682025447643,1.0,0.1935483870967742
N0,3,202601,Medium,0.9657195719008451,1.0,0.12903225806451613
N0,3,202601,Medium,0.9663772709009067,1.0,0.0967741935483871
N0,3,202601,Medium,0.9668762494768935,1.0,0.03225806451612903
N0,3,202601,Medium,1.0,1.0,0.0
N0,3,202601,High,0.0021746230944438283,0.1746031746031746,1.0
N0,3,202601,High,0.0022572887615743896,0.1774193548387097,1.0
N0,3,202601,High,0.0024589023035648,0.18032786885245902,1.0
N0,3,202601,High,0.00250202577073971,0.1896551724137931,1.0
N0,3,202601,High,0.0025218365670589566,0.19298245614035087,1.0
N0,3,202601,High,0.0025968591114164784,0.19642857142857142,1.0
N0,3,202601,High,0.0027283487046050334,0.2,1.0
N0,3,202601,High,0.0027665868195400622,0.2037037037037037,1.0
N0,3,202601,High,0.0029645865500604585,0.20754716981132076,1.0
N0,3,202601,High,0.0030327707894734555,0.21153846153846154,1.0
N0,3,202601,High,0.0033515783901277895,0.21568627450980393,1.0
N0,3,202601,High,0.0037462323877035016,0.22,1.0
N0,3,202601,High,0.0040799231857032775,0.22916666666666666,1.0
N0,3,202601,High,0.004137135949645878,0.24444444444444444,1.0
N0,3,202601,High,0.0041961978469808895,0.25,1.0
N0,3,202601,High,0.0048153957630084916,0.2558139534883721,1.0
N0,3,202601,High,0.004838696937827138,0.2619047619047619,1.0
N0,3,202601,High,0.004872462253373762,0.28205128205128205,1.0
N0,3,202601,High,0.005274696521214047,0.2894736842105263,1.0
N0,3,202601,High,0.0056542041109630065,0.2972972972972973,1.0
N0,3,202601,High,0.006709352035681128,0.3055555555555556,1.0
N0,3,202601,High,0.008760448447311874,0.3142857142857143,1.0
N0,3,202601,High,0.009782295685250438,0.3235294117647059,1.0
N0,3,202601,High,0.010197069457929323,0.34375,1.0
N0,3,202601,High,0.01100962735846789,0.3548387096774194,1.0
N0,3,202601,High,0.011736148203229184,0.36666666666666664,1.0
N0,3,202601,High,0.01337993830234088,0.3793103448275862,1.0
N0,3,202601,High,0.014821184544114435,0.39285714285714285,1.0
N0,3,202601,High,0.017131422365095374,0.4230769230769231,1.0
N0,3,202601,High,0.01957172203115106,0.4583333333333333,1.0
N0,3,202601,High,0.02005443561893152,0.4782608695652174,1.0
N0,3,202601,High,0.021729610435364935,0.5238095238095238,1.0
N0,3,202601,High,0.025267607169488077,0.55,1.0
N0,3,202601,High,0.02645255722295873,0.5789473684210527,1.0
N0,3,202601,High,0.032323138935101296,0.6111111111111112,1.0
N0,3,202601,High,0.034408642199413614,0.6875,1.0
N0,3,202601,High,0.04627785949931135,0.7333333333333333,1.0
N0,3,202601,High,0.07111034171452826,0.8461538461538461,1.0
N0,3,202601,High,0.07760308118544243,0.8333333333333334,0.9090909090909091
N0,3,202601,High,0.12903328780678125,0.9090909090909091,0.9090909090909091
N0,3,202601,High,0.40107955304043275,1.0,0.8181818181818182
N0,3,202601,High,0.6269642319006362,1.0,0.6363636363636364
N0,3,202601,High,0.7953690890201224,1.0,0.36363636363636365
N0,3,202601,High,0.8782865135153244,1.0,0.18181818181818182
N0,3,202601,High,0.9141175336037356,1.0,0.09090909090909091
N0,3,202601,High,1.0,1.0,0.0
N0,4,202601,Low,0.0002772976222618813,0.31746031746031744,1.0
N0,4,202601,Low,0.0003394324680252129,0.32786885245901637,1.0
N0,4,202601,Low,0.0004982555993448879,0.3333333333333333,1.0
N0,4,202601,Low,0.0006549732690835173,0.3448275862068966,1.0
N0,4,202601,Low,0.000923135081255799,0.3508771929824561,1.0
N0,4,202601,Low,0.0009704934971253694,0.35714285714285715,1.0
N0,4,202601,Low,0.0014682643979943347,0.37037037037037035,1.0
N0,4,202601,Low,0.0016229153358040796,0.39215686274509803,1.0
N0,4,202601,Low,0.0024200363589777273,0.4,1.0
N0,4,202601,Low,0.002556601359401252,0.40816326530612246,1.0
N0,4,202601,Low,0.0028352942581781585,0.4166666666666667,1.0
N0,4,202601,Low,0.00431689666383113,0.43478260869565216,1.0
N0,4,202601,Low,0.004368678727680986,0.4444444444444444,1.0
N0,4,202601,Low,0.006470834877161441,0.45454545454545453,1.0
N0,4,202601,Low,0.006840839676223412,0.46511627906976744,1.0
N0,4,202601,Low,0.007415252365270543,0.5,1.0
N0,4,202601,Low,0.009408286641236116,0.5128205128205128,1.0
N0,4,202601,Low,0.010723508814547145,0.5263157894736842,1.0
N0,4,202601,Low,0.01791552686607069,0.5405405405405406,1.0
N0,4,202601,Low,0.020572990968741947,0.5714285714285714,1.0
N0,4,202601,Low,0.025486259180914544,0.5882352941176471,1.0
N0,4,202601,Low,0.03155088178504996,0.6060606060606061,1.0
N0,4,202601,Low,0.03939511590269286,0.625,1.0
N0,4,202601,Low,0.05368336752643866,0.6666666666666666,1.0
N0,4,202601,Low,0.08877118084790822,0.6896551724137931,1.0
N0,4,202601,Low,0.1457471097346336,0.7142857142857143,1.0
N0,4,202601,Low,0.21283255223657033,0.76,0.95
N0,4,202601,Low,0.3130404129539735,0.782608695652174,0.9
N0,4,202601,Low,0.3165796909659998,0.8181818181818182,0.9
N0,4,202601,Low,0.4268823793495809,0.8421052631578947,0.8
N0,4,202601,Low,0.5328852644097866,0.875,0.7
N0,4,202601,Low,0.5736732179041353,0.9230769230769231,0.6
N0,4,202601,Low,0.7595820770970438,0.9166666666666666,0.55
N0,4,202601,Low,0.8644756087509264,1.0,0.4
N0,4,202601,Low,0.901514037418557,1.0,0.35
N0,4,202601,Low,0.9568112970397809,1.0,0.25
N0,4,202601,Low,0.962544274973366,1.0,0.2
N0,4,202601,Low,0.969773823898239,1.0,0.15
N0,4,202601,Low,0.9717466233759553,1.0,0.1
N0,4,202601,Low,1.0,1.0,0.0
N0,4,202601,Medium,0.028113151103344523,0.49206349206349204,1.0
N0,4,202601,Medium,0.02983507128717659,0.5081967213114754,1.0
N0,4,202601,Medium,0.0298690285177905,0.5166666666666667,1.0
N0,4,202601,Medium,0.037307516227372134,0.5344827586206896,1.0
N0,4,202601,Medium,0.041994224370878463,0.543859649122807,1.0
N0,4,202601,Medium,0.04303868061775808,0.5535714285714286,1.0
N0,4,202601,Medium,0.059385635076271814,0.5636363636363636,1.0
N0,4,202601,Medium,0.07556785698083592,0.5849056603773585,1.0
N0,4,202601,Medium,0.09818810796131783,0.5961538461538461,1.0
N0,4,202601,Medium,0.10160848352414287,0.62,1.0
N0,4,202601,Medium,0.12143173321869187,0.6326530612244898,1.0
N0,4,202601,Medium,0.13505859127852757,0.6595744680851063,1.0
N0,4,202601,Medium,0.1749579042457724,0.6739130434782609,1.0
N0,4,202601,Medium,0.21877309025443575,0.6511627906976745,0.9032258064516129
N0,4,202601,Medium,0.23974900642311353,0.6666666666666666,0.9032258064516129
N0,4,202601,Medium,0.2604797784759101,0.7105263157894737,0.8709677419354839
N0,4,202601,Medium,0.32531947571631364,0.7027027027027027,0.8387096774193549
N0,4,202601,Medium,0.3896876926024588,0.6944444444444444,0.8064516129032258
N0,4,202601,Medium,0.402439389400551,0.6857142857142857,0.7741935483870968
N0,4,202601,Medium,0.4250647498522348,0.7272727272727273,0.7741935483870968
N0,4,202601,Medium,0.46578691369438124,0.75,0.7741935483870968
N0,4,202601,Medium,0.47348847963219115,0.7931034482758621,0.7419354838709677
N0,4,202601,Medium,0.5713781026599256,0.7857142857142857,0.7096774193548387
N0,4,202601,Medium,0.6455330929855786,0.84,0.6774193548387096
N0,4,202601,Medium,0.6809189731752032,0.8333333333333334,0.6451612903225806
N0,4,202601,Medium,0.6847135643215457,0.9047619047619048,0.6129032258064516
N0,4,202601,Medium,0.722586003426343,0.9,0.5806451612903226
N0,4,202601,Medium,0.7797311628507013,0.8823529411764706,0.4838709677419355
N0,4,202601,Medium,0.7831318914127814,0.875,0.45161290322580644
N0,4,202601,Medium,0.8439315494602058,0.9285714285714286,0.41935483870967744
N0,4,202601,Medium,0.8498625998249609,0.9230769230769231,0.3870967741935484
N0,4,202601,Medium,0.8769053098246645,1.0,0.3225806451612903
N0,4,202601,Medium,0.9038679755493603,1.0,0.2903225806451613
N0,4,202601,Medium,0.910470831692638,1.0,0.25806451612903225
N0,4,202601,Medium,0.9318172491832734,1.0,0.1935483870967742
N0,4,202601,Medium,0.946061556548051,1.0,0.16129032258064516
N0,4,202601,Medium,0.9471252472407627,1.0,0.12903225806451613
N0,4,202601,Medium,0.9539483288106448,1.0,0.06451612903225806
N0,4,202601,Medium,0.95516453038163,1.0,0.03225806451612903
N0,4,202601,Medium,1.0,1.0,0.0
N0,4,202601,High,0.0001402255207001461,0.19047619047619047,1.0
N0,4,202601,High,0.00014820879926182232,0.19672131147540983,1.0
N0,4,202601,High,0.00015002234246103081,0.2,1.0
N0,4,202601,High,0.0002978546201252101,0.2033898305084746,1.0
N0,4,202601,High,0.00039110481458447656,0.21052631578947367,1.0
N0,4,202601,High,0.0004657999705460135,0.21428571428571427,1.0
N0,4,202601,High,0.000668916479842598,0.21818181818181817,1.0
N0,4,202601,High,0.0012620322436298393,0.23529411764705882,1.0
N0,4,202601,High,0.0013278218958322513,0.24,1.0
N0,4,202601,High,0.0017395179904935087,0.2553191489361702,1.0
N0,4,202601,High,0.0022460227244807435,0.2727272727272727,1.0
N0,4,202601,High,0.0025013358587969653,0.27906976744186046,1.0
N0,4,202601,High,0.004035556350648337,0.3,1.0
N0,4,202601,High,0.00439029044040552,0.3157894736842105,1.0
N0,4,202601,High,0.007360843602731457,0.34285714285714286,1.0
N0,4,202601,High,0.013284587833320049,0.35294117647058826,1.0
N0,4,202601,High,0.01347963685654442,0.36363636363636365,1.0
N0,4,202601,High,0.014499383290287944,0.3870967741935484,1.0
N0,4,202601,High,0.02547868022061317,0.4,1.0
N0,4,202601,High,0.028452184271034388,0.41379310344827586,1.0
N0,4,202601,High,0.07161364144129131,0.42857142857142855,1.0
N0,4,202601,High,0.11368640353409941,0.46153846153846156,1.0
N0,4,202601,High,0.14534494172524703,0.48,1.0
N0,4,202601,High,0.2137980022721373,0.5,1.0
N0,4,202601,High,0.27057315689743355,0.5217391304347826,1.0
N0,4,202601,High,0.3470516546491509,0.6,1.0
N0,4,202601,High,0.5221946237039777,0.631578947368421,1.0
N0,4,202601,High,0.5947253163412708,0.6666666666666666,1.0
N0,4,202601,High,0.6059436286698603,0.625,0.8333333333333334
N0,4,202601,High,0.6721239229242851,0.6666666666666666,0.8333333333333334
N0,4,202601,High,0.7371001851651122,0.7142857142857143,0.8333333333333334
N0,4,202601,High,0.7796039944097601,0.7692307692307693,0.8333333333333334
N0,4,202601,High,0.8235738313562333,0.75,0.75
N0,4,202601,High,0.8775977732841828,1.0,0.75
N0,4,202601,High,0.8974683813946013,1.0,0.5833333333333334
N0,4,202601,High,0.9237771697500806,1.0,0.5
N0,4,202601,High,0.9401161093243833,1.0,0.4166666666666667
N0,4,202601,High,0.9576663431610963,1.0,0.25
N0,4,202601,High,0.9698536738599476,1.0,0.16666666666666666
N0,4,202601,High,1.0,1.0,0.0
N0,0,202602,Low,0.0001573261310015926,0.328125,1.0
N0,0,202602,Low,0.00024193937033896738,0.3333333333333333,1.0
N0,0,202602,Low,0.0003016619215617455,0.3387096774193548,1.0
N0,0,202602,Low,0.0005559188713336488,0.35,1.0
N0,0,202602,Low,0.0006663899385998284,0.3684210526315789,1.0
N0,0,202602,Low,0.0010855851096288793,0.38181818181818183,1.0
N0,0,202602,Low,0.002387347321062983,0.3888888888888889,1.0
N0,0,202602,Low,0.009868346856247009,0.39622641509433965,1.0
N0,0,202602,Low,0.022017973094107326,0.40384615384615385,1.0
N0,0,202602,Low,0.026889991816580052,0.42,1.0
N0,0,202602,Low,0.039699395189177054,0.4375,1.0
N0,0,202602,Low,0.05145048713041379,0.44680851063829785,1.0
N0,0,202602,Low,0.06031905955208839,0.45652173913043476,1.0
N0,0,202602,Low,0.07970101841880035,0.5,1.0
N0,0,202602,Low,0.12532550014808913,0.5121951219512195,1.0
N0,0,202602,Low,0.145972049068541,0.525,1.0
N0,0,202602,Low,0.1950779259171243,0.5384615384615384,1.0
N0,0,202602,Low,0.22220500962329717,0.5833333333333334,1.0
N0,0,202602,Low,0.2559315624220489,0.6,1.0
N0,0,202602,Low,0.29202339218517664,0.6176470588235294,1.0
N0,0,202602,Low,0.31513579843438205,0.6363636363636364,1.0
N0,0,202602,Low,0.37001803836102304,0.65625,1.0
N0,0,202602,Low,0.4973933725698931,0.6774193548387096,1.0
N0,0,202602,Low,0.6173241386395911,0.7407407407407407,0.9523809523809523
N0,0,202602,Low,0.6890018428340142,0.76,0.9047619047619048
N0,0,202602,Low,0.7101121789545664,0.7727272727272727,0.8095238095238095
N0,0,202602,Low,0.7716393975183347,0.7619047619047619,0.7619047619047619
N0,0,202602,Low,0.8153974342203575,0.8,0.7619047619047619
N0,0,202602,Low,0.8316698975851587,0.8421052631578947,0.7619047619047619
N0,0,202602,Low,0.8663282348016379,0.8888888888888888,0.7619047619047619
N0,0,202602,Low,0.8666500586171428,0.8666666666666667,0.6190476190476191
N0,0,202602,Low,0.8975531726868811,0.9230769230769231,0.5714285714285714
N0,0,202602,Low,0.9314659449955975,1.0,0.5238095238095238
N0,0,202602,Low,0.9416922118368748,1.0,0.47619047619047616
N0,0,202602,Low,0.9555805445040093,1.0,0.38095238095238093
N0,0,202602,Low,0.9585302075839089,1.0,0.3333333333333333
N0,0,202602,Low,0.9595681815025813,1.0,0.2857142857142857
N0,0,202602,Low,0.9649384526510588,1.0,0.19047619047619047
N0,0,202602,Low,0.9658473262573153,1.0,0.14285714285714285
N0,0,202602,Low,0.975012345793588,1.0,0.047619047619047616
N0,0,202602,Low,1.0,1.0,0.0
N0,0,202602,Medium,0.02490676864075579,0.484375,1.0
N0,0,202602,Medium,0.03403936371802408,0.49206349206349204,1.0
N0,0,202602,Medium,0.03493142624226557,0.5081967213114754,1.0
N0,0,202602,Medium,0.035356962951585816,0.5166666666666667,1.0
N0,0,202602,Medium,0.040295761419298144,0.5254237288135594,1.0
N0,0,202602,Medium,0.041301211497386366,0.543859649122807,1.0
N0,0,202602,Medium,0.04426775831673708,0.5535714285714286,1.0
N0,0,202602,Medium,0.047218084140874014,0.5636363636363636,1.0
N0,0,202602,Medium,0.05529584948355395,0.5740740740740741,1.0
N0,0,202602,Medium,0.05810420451792988,0.5961538461538461,1.0
N0,0,202602,Medium,0.06828716423891897,0.62,1.0
N0,0,202602,Medium,0.08726533946797554,0.6326530612244898,1.0
N0,0,202602,Medium,0.10206624425249076,0.6739130434782609,1.0
N0,0,202602,Medium,0.10309939805090115,0.6818181818181818,0.967741935483871
N0,0,202602,Medium,0.13282559108505446,0.7142857142857143,0.967741935483871
N0,0,202602,Medium,0.13317578385826226,0.725,0.9354838709677419
N0,0,202602,Medium,0.14999251205583666,0.7837837837837838,0.9354838709677419
N0,0,202602,Medium,0.16767933090483175,0.8055555555555556,0.9354838709677419
N0,0,202602,Medium,0.18390185969362613,0.8,0.9032258064516129
N0,0,202602,Medium,0.22746580569055955,0.7941176470588235,0.8709677419354839
N0,0,202602,Medium,0.2775193064997011,0.7878787878787878,0.8387096774193549
N0,0,202602,Medium,0.2886900460937445,0.8125,0.8387096774193549
N0,0,202602,Medium,0.3095775475447428,0.8387096774193549,0.8387096774193549
N0,0,202602,Medium,0.3809573207318638,0.8928571428571429,0.8064516129032258
N0,0,202602,Medium,0.5000479846497066,0.9230769230769231,0.7741935483870968
N0,0,202602,Medium,0.6261525208055142,0.9545454545454546,0.6774193548387096
N0,0,202602,Medium,0.6809531269528306,0.9523809523809523,0.6451612903225806
N0,0,202602,Medium,0.7036546386515209,0.95,0.6129032258064516
N0,0,202602,Medium,0.7079348995365459,0.9473684210526315,0.5806451612903226
N0,0,202602,Medium,0.738307076688841,1.0,0.5806451612903226
N0,0,202602,Medium,0.7726641256541246,1.0,0.5483870967741935
N0,0,202602,Medium,0.7987947477969987,1.0,0.5161290322580645
N0,0,202602,Medium,0.8471114702928173,1.0,0.41935483870967744
N0,0,202602,Medium,0.8657184782810236,1.0,0.3870967741935484
N0,0,202602,Medium,0.9064241914539193,1.0,0.3548387096774194
N0,0,202602,Medium,0.9220118569128599,1.0,0.3225806451612903
N0,0,202602,Medium,0.9250481275150721,1.0,0.25806451612903225
N0,0,202602,Medium,0.9252886754920917,1.0,0.12903225806451613
N0,0,202602,Medium,0.9278613605457949,1.0,0.0967741935483871
N0,0,202602,Medium,0.9359785820667644,1.0,0.03225806451612903
N0,0,202602,Medium,1.0,1.0,0.0
N0,0,202602,High,8.088556565618641e-05,0.1875,1.0
N0,0,202602,High,0.0001133100246606339,0.19047619047619047,1.0
N0,0,202602,High,0.0001301211066756104,0.19672131147540983,1.0
N0,0,202602,High,0.00013605707812062675,0.2,1.0
N0,0,202602,High,0.00015169717925358686,0.20689655172413793,1.0
N0,0,202602,High,0.00016858091870470686,0.21052631578947367,1.0
N0,0,202602,High,0.00020358364519533094,0.21428571428571427,1.0
N0,0,202602,High,0.0002468907654835459,0.2222222222222222,1.0
N0,0,202602,High,0.00038058306062821706,0.22641509433962265,1.0
N0,0,202602,High,0.0004959813400998048,0.23529411764705882,1.0
N0,0,202602,High,0.000524350297802665,0.25,1.0
N0,0,202602,High,0.000650771510009469,0.2608695652173913,1.0
N0,0,202602,High,0.0007007060860163405,0.26666666666666666,1.0
N0,0,202602,High,0.0008947967911058487,0.2727272727272727,1.0
N0,0,202602,High,0.0011977749516891368,0.27906976744186046,1.0
N0,0,202602,High,0.0014206096212429637,0.2857142857142857,1.0
N0,0,202602,High,0.0017185406285450465,0.3076923076923077,1.0
N0,0,202602,High,0.002558642780400363,0.32432432432432434,1.0
N0,0,202602,High,0.0038294408334627076,0.36363636363636365,1.0
N0,0,202602,High,0.003911074612787341,0.375,1.0
N0,0,202602,High,0.0043219691633025106,0.3870967741935484,1.0
N0,0,202602,High,0.005130864722578295,0.4,1.0
N0,0,202602,High,0.00576136088911014,0.41379310344827586,1.0
N0,0,202602,High,0.006127326285877037,0.42857142857142855,1.0
N0,0,202602,High,0.006916480638641675,0.48,1.0
N0,0,202602,High,0.008956021570887276,0.5,1.0
N0,0,202602,High,0.01387479012728034,0.5217391304347826,1.0
N0,0,202602,High,0.01463281293283945,0.5454545454545454,1.0
N0,0,202602,High,0.023260837377494504,0.6666666666666666,1.0
N0,0,202602,High,0.024322022744058508,0.7058823529411765,1.0
N0,0,202602,High,0.04524864763762497,0.75,1.0
N0,0,202602,High,0.055970169993032816,0.8571428571428571,1.0
N0,0,202602,High,0.28219675360720714,1.0,1.0
N0,0,202602,High,0.7200933461792359,1.0,0.9166666666666666
N0,0,202602,High,0.8489219028345345,1.0,0.8333333333333334
N0,0,202602,High,0.896234212010499,1.0,0.75
N0,0,202602,High,0.9121787416606908,1.0,0.5833333333333334
N0,0,202602,High,0.9444024885948843,1.0,0.3333333333333333
N0,0,202602,High,0.952539976488787,1.0,0.16666666666666666
N0,0,202602,High,0.9644857109174126,1.0,0.08333333333333333
N0,0,202602,High,1.0,1.0,0.0
N0,1,202602,Low,0.00027402927989217884,0.3333333333333333,1.0
N0,1,202602,Low,0.0002855873806110986,0.3387096774193548,1.0
N0,1,202602,Low,0.0003008695487700828,0.3442622950819672,1.0
N0,1,202602,Low,0.00030289116617747847,0.35,1.0
N0,1,202602,Low,0.00031466490551986605,0.3559322033898305,1.0
N0,1,202602,Low,0.0003359102549235235,0.3620689655172414,1.0
N0,1,202602,Low,0.0003607469088070732,0.3684210526315789,1.0
N0,1,202602,Low,0.00048412440037403476,0.375,1.0
N0,1,202602,Low,0.0006279978998960829,0.38181818181818183,1.0
N0,1,202602,Low,0.0011790767684197873,0.3888888888888889,1.0
N0,1,202602,Low,0.001794636303026566,0.4117647058823529,1.0
N0,1,202602,Low,0.0029485436049916203,0.42,1.0
N0,1,202602,Low,0.003324559122350588,0.4375,1.0
N0,1,202602,Low,0.004574657877104369,0.44680851063829785,1.0
N0,1,202602,Low,0.00515852907196085,0.45652173913043476,1.0
N0,1,202602,Low,0.006170762990171229,0.4772727272727273,1.0
N0,1,202602,Low,0.007464168423066994,0.5,1.0
N0,1,202602,Low,0.007566400740204746,0.525,1.0
N0,1,202602,Low,0.00820073734984849,0.5384615384615384,1.0
N0,1,202602,Low,0.010391640583340122,0.5526315789473685,1.0
N0,1,202602,Low,0.011873685442773984,0.5675675675675675,1.0
N0,1,202602,Low,0.024105118273993174,0.5833333333333334,1.0
N0,1,202602,Low,0.046878860983400335,0.6,1.0
N0,1,202602,Low,0.13483655874978684,0.6176470588235294,1.0
N0,1,202602,Low,0.2331570551369749,0.65625,1.0
N0,1,202602,Low,0.32502525100293395,0.7777777777777778,1.0
N0,1,202602,Low,0.4726741799873105,0.8076923076923077,1.0
N0,1,202602,Low,0.48126165938420085,0.782608695652174,0.8571428571428571
N0,1,202602,Low,0.5617309424561477,0.8571428571428571,0.8571428571428571
N0,1,202602,Low,0.7135888310259644,0.8947368421052632,0.8095238095238095
N0,1,202602,Low,0.7629024020272173,0.9375,0.7142857142857143
N0,1,202602,Low,0.7990444406509885,0.9285714285714286,0.6190476190476191
N0,1,202602,Low,0.8013053653953219,1.0,0.5238095238095238
N0,1,202602,Low,0.8825067676661187,1.0,0.47619047619047616
N0,1,202602,Low,0.8926687617698362,1.0,0.42857142857142855
N0,1,202602,Low,0.9007736844686459,1.0,0.2857142857142857
N0,1,202602,Low,0.9292264333954063,1.0,0.14285714285714285
N0,1,202602,Low,0.9358699485351473,1.0,0.09523809523809523
N0,1,202602,Low,0.9724272666592567,1.0,0.047619047619047616
N0,1,202602,Low,1.0,1.0,0.0
N0,1,202602,Medium,0.014872582835960792,0.47619047619047616,1.0
N0,1,202602,Medium,0.016290973339024524,0.4838709677419355,1.0
N0,1,202602,Medium,0.01667726839257705,0.4918032786885246,1.0
N0,1,202602,Medium,0.018218057192469654,0.5,1.0
N0,1,202602,Medium,0.019125158703055343,0.5084745762711864,1.0
N0,1,202602,Medium,0.021392709532531723,0.5172413793103449,1.0
N0,1,202602,Medium,0.026988922267477424,0.5263157894736842,1.0
N0,1,202602,Medium,0.027439976791359785,0.5357142857142857,1.0
N0,1,202602,Medium,0.04894674040412662,0.5454545454545454,1.0
N0,1,202602,Medium,0.06384091597435515,0.5555555555555556,1.0
N0,1,202602,Medium,0.07055102553907344,0.5660377358490566,1.0
N0,1,202602,Medium,0.07529317378552815,0.5769230769230769,1.0
N0,1,202602,Medium,0.09890007012644922,0.5882352941176471,1.0
N0,1,202602,Medium,0.10703666276024855,0.625,1.0
N0,1,202602,Medium,0.11721737415700907,0.6666666666666666,1.0
N0,1,202602,Medium,0.13091113284047184,0.6818181818181818,1.0
N0,1,202602,Medium,0.19806592456953442,0.6829268292682927,0.9333333333333333
N0,1,202602,Medium,0.20053680501994536,0.7,0.9333333333333333
N0,1,202602,Medium,0.23590633976180375,0.7297297297297297,0.9
N0,1,202602,Medium,0.23666033503096282,0.7222222222222222,0.8666666666666667
N0,1,202602,Medium,0.2859267879302442,0.7647058823529411,0.8666666666666667
N0,1,202602,Medium,0.4299170453679206,0.8064516129032258,0.8333333333333334
N0,1,202602,Medium,0.43749822836246177,0.7931034482758621,0.7666666666666667
N0,1,202602,Medium,0.4482643809412769,0.8148148148148148,0.7333333333333333
N0,1,202602,Medium,0.5175199984218926,0.8461538461538461,0.7333333333333333
N0,1,202602,Medium,0.5264535755598797,0.8333333333333334,0.6666666666666666
N0,1,202602,Medium,0.6666942229494067,0.9523809523809523,0.6666666666666666
N0,1,202602,Medium,0.6736675326751,1.0,0.6666666666666666
N0,1,202602,Medium,0.6836359395831888,1.0,0.6333333333333333
N0,1,202602,Medium,0.6929940523235626,1.0,0.5666666666666667
N0,1,202602,Medium,0.7653819969420756,1.0,0.5333333333333333
N0,1,202602,Medium,0.8551135461364662,1.0,0.36666666666666664
N0,1,202602,Medium,0.8634215267678246,1.0,0.3
N0,1,202602,Medium,0.9325465929072632,1.0,0.23333333333333334
N0,1,202602,Medium,0.9405877844589543,1.0,0.16666666666666666
N0,1,202602,Medium,0.9500108681972083,1.0,0.13333333333333333
N0,1,202602,Medium,0.9596445658766574,1.0,0.1
N0,1,202602,Medium,0.971824529632826,1.0,0.06666666666666667
N0,1,202602,Medium,0.9763717564538292,1.0,0.03333333333333333
N0,1,202602,Medium,1.0,1.0,0.0
N0,1,202602,High,0.00013275654938345335,0.19047619047619047,1.0
N0,1,202602,High,0.00022254106552025145,0.1935483870967742,1.0
N0,1,202602,High,0.0002758581768722229,0.19672131147540983,1.0
N0,1,202602,High,0.0002891354904975417,0.2,1.0
N0,1,202602,High,0.00029457546991519485,0.2033898305084746,1.0
N0,1,202602,High,0.00032624540490490276,0.21428571428571427,1.0
N0,1,202602,High,0.0004187543290662342,0.22641509433962265,1.0
N0,1,202602,High,0.0004372629418198895,0.24,1.0
N0,1,202602,High,0.0004843810437914491,0.25,1.0
N0,1,202602,High,0.0006287100351435906,0.26666666666666666,1.0
N0,1,202602,High,0.000770829181390425,0.2727272727272727,1.0
N0,1,202602,High,0.0008722444528098545,0.2857142857142857,1.0
N0,1,202602,High,0.00121834219390661,0.3076923076923077,1.0
N0,1,202602,High,0.0013072163219659567,0.32432432432432434,1.0
N0,1,202602,High,0.0014609479209494348,0.3333333333333333,1.0
N0,1,202602,High,0.0017419144823885284,0.3870967741935484,1.0
N0,1,202602,High,0.0031102708193914193,0.41379310344827586,1.0
N0,1,202602,High,0.004070352093180915,0.42857142857142855,1.0
N0,1,202602,High,0.011754558103396793,0.4444444444444444,1.0
N0,1,202602,High,0.029963793540002524,0.46153846153846156,1.0
N0,1,202602,High,0.05121147819119724,0.48,1.0
N0,1,202602,High,0.059989238669669855,0.5,1.0
N0,1,202602,High,0.13871569087336263,0.5454545454545454,1.0
N0,1,202602,High,0.29943954693623265,0.6,1.0
N0,1,202602,High,0.3112055313448503,0.631578947368421,1.0
N0,1,202602,High,0.3287311191734889,0.7058823529411765,1.0
N0,1,202602,High,0.5484110599363725,0.6875,0.9166666666666666
N0,1,202602,High,0.5671344110270878,0.6666666666666666,0.8333333333333334
N0,1,202602,High,0.7622990239351697,0.7692307692307693,0.8333333333333334
N0,1,202602,High,0.8679097903911084,0.8333333333333334,0.8333333333333334
N0,1,202602,High,0.9240788283145758,1.0,0.75
N0,1,202602,High,0.9505691351954993,1.0,0.6666666666666666
N0,1,202602,High,0.9727081865663451,1.0,0.5833333333333334
N0,1,202602,High,0.9782713802125448,1.0,0.5
N0,1,202602,High,0.9806008120170525,1.0,0.4166666666666667
N0,1,202602,High,0.9814810732587602,1.0,0.3333333333333333
N0,1,202602,High,0.9829619846986158,1.0,0.25
N0,1,202602,High,0.9834234392803644,1.0,0.16666666666666666
N0,1,202602,High,0.9848127522585194,1.0,0.08333333333333333
N0,1,202602,High,1.0,1.0,0.0
N0,2,202602,Low,0.00012749491230411747,0.3333333333333333,1.0
N0,2,202602,Low,0.00013458337377644672,0.3387096774193548,1.0
N0,2,202602,Low,0.00015974259407769734,0.3442622950819672,1.0
N0,2,202602,Low,0.00016061830031503547,0.35,1.0
N0,2,202602,Low,0.00017143906234716355,0.3559322033898305,1.0
N0,2,202602,Low,0.00021408498565726053,0.3620689655172414,1.0
N0,2,202602,Low,0.00022888179314439744,0.3684210526315789,1.0
N0,2,202602,Low,0.0002442086176887459,0.375,1.0
N0,2,202602,Low,0.0003015931436673856,0.38181818181818183,1.0
N0,2,202602,Low,0.0010209748772907036,0.39622641509433965,1.0
N0,2,202602,Low,0.0016251512072730382,0.40384615384615385,1.0
N0,2,202602,Low,0.002042645771410827,0.4117647058823529,1.0
N0,2,202602,Low,0.00220171244362224,0.42,1.0
N0,2,202602,Low,0.0022968511171191953,0.4375,1.0
N0,2,202602,Low,0.0023410213953873695,0.44680851063829785,1.0
N0,2,202602,Low,0.002651162885400176,0.4666666666666667,1.0
N0,2,202602,Low,0.002704286286503284,0.4772727272727273,1.0
N0,2,202602,Low,0.002807341575635244,0.4883720930232558,1.0
N0,2,202602,Low,0.0031732755063184066,0.5,1.0
N0,2,202602,Low,0.003251996791235432,0.525,1.0
N0,2,202602,Low,0.003826722031701279,0.5526315789473685,1.0
N0,2,202602,Low,0.004131596504661467,0.5833333333333334,1.0
N0,2,202602,Low,0.004987025050471424,0.6,1.0
N0,2,202602,Low,0.005473521176148203,0.6363636363636364,1.0
N0,2,202602,Low,0.007102768964124983,0.65625,1.0
N0,2,202602,Low,0.01187731053757971,0.6774193548387096,1.0
N0,2,202602,Low,0.019583418486579567,0.7777777777777778,1.0
N0,2,202602,Low,0.08360928293149486,0.8,0.9523809523809523
N0,2,202602,Low,0.12293043716356711,0.7916666666666666,0.9047619047619048
N0,2,202602,Low,0.1635278321346544,0.782608695652174,0.8571428571428571
N0,2,202602,Low,0.2013127613543712,0.8181818181818182,0.8571428571428571
N0,2,202602,Low,0.3556254208501924,0.8571428571428571,0.8571428571428571
N0,2,202602,Low,0.43041758462819435,0.8947368421052632,0.8095238095238095
N0,2,202602,Low,0.5390437006280233,1.0,0.7142857142857143
N0,2,202602,Low,0.6536104241709427,1.0,0.6190476190476191
N0,2,202602,Low,0.7317907396900832,1.0,0.5714285714285714
N0,2,202602,Low,0.7839565362343046,1.0,0.5238095238095238
N0,2,202602,Low,0.7944998450326907,1.0,0.47619047619047616
N0,2,202602,Low,0.8007081561153275,1.0,0.38095238095238093
N0,2,202602,Low,0.915440035813882,1.0,0.3333333333333333
N0,2,202602,Low,0.9584514768390151,1.0,0.2857142857142857
N0,2,202602,Low,0.9755361529643257,1.0,0.23809523809523808
N0,2,202602,Low,0.9887862565079828,1.0,0.19047619047619047
N0,2,202602,Low,0.9895285583792406,1.0,0.14285714285714285
N0,2,202602,Low,0.9896503951409512,1.0,0.047619047619047616
N0,2,202602,Low,1.0,1.0,0.0
N0,2,202602,Medium,0.005294622401066149,0.49206349206349204,1.0
N0,2,202602,Medium,0.006220086480627472,0.5,1.0
N0,2,202602,Medium,0.008771016643972961,0.5081967213114754,1.0
N0,2,202602,Medium,0.009743568091878043,0.5166666666666667,1.0
N0,2,202602,Medium,0.010282190484175387,0.5254237288135594,1.0
N0,2,202602,Medium,0.010409983406315423,0.5344827586206896,1.0
N0,2,202602,Medium,0.011160600404987642,0.5535714285714286,1.0
N0,2,202602,Medium,0.011783195316067719,0.5636363636363636,1.0
N0,2,202602,Medium,0.015516469333587088,0.5740740740740741,1.0
N0,2,202602,Medium,0.02035930431420097,0.5849056603773585,1.0
N0,2,202602,Medium,0.020490165877082515,0.5961538461538461,1.0
N0,2,202602,Medium,0.024358614913213096,0.6078431372549019,1.0
N0,2,202602,Medium,0.02959837351375171,0.62,1.0
N0,2,202602,Medium,0.04140387707033264,0.625,0.967741935483871
N0,2,202602,Medium,0.08429890989548217,0.6382978723404256,0.967741935483871
N0,2,202602,Medium,0.17518626477027505,0.6521739130434783,0.967741935483871
N0,2,202602,Medium,0.19869063322244662,0.6666666666666666,0.967741935483871
N0,2,202602,Medium,0.20493472409765923,0.6818181818181818,0.967741935483871
N0,2,202602,Medium,0.21550071622143555,0.7142857142857143,0.967741935483871
N0,2,202602,Medium,0.26763287854930995,0.7317073170731707,0.967741935483871
N0,2,202602,Medium,0.3456699634054894,0.75,0.967741935483871
N0,2,202602,Medium,0.4105864637549687,0.7692307692307693,0.967741935483871
N0,2,202602,Medium,0.45967475521191004,0.7631578947368421,0.9354838709677419
N0,2,202602,Medium,0.568353437163969,0.8055555555555556,0.9354838709677419
N0,2,202602,Medium,0.6430650354180328,0.84375,0.8709677419354839
N0,2,202602,Medium,0.6814104152032887,0.8666666666666667,0.8387096774193549
N0,2,202602,Medium,0.796631200680615,0.8620689655172413,0.8064516129032258
N0,2,202602,Medium,0.8344717493145813,0.8571428571428571,0.7741935483870968
N0,2,202602,Medium,0.872790136394218,0.8518518518518519,0.7419354838709677
N0,2,202602,Medium,0.8750754052842833,0.8846153846153846,0.7419354838709677
N0,2,202602,Medium,0.8958010796579216,0.92,0.7419354838709677
N0,2,202602,Medium,0.914301156571926,0.9166666666666666,0.7096774193548387
N0,2,202602,Medium,0.9362639129908928,0.9565217391304348,0.7096774193548387
N0,2,202602,Medium,0.9616113623019339,0.9523809523809523,0.6451612903225806
N0,2,202602,Medium,0.9771019577524379,0.9473684210526315,0.5806451612903226
N0,2,202602,Medium,0.9772505402872393,1.0,0.5483870967741935
N0,2,202602,Medium,0.9792377153053036,1.0,0.5161290322580645
N0,2,202602,Medium,0.982282690835873,1.0,0.45161290322580644
N0,2,202602,Medium,0.9834333051438848,1.0,0.41935483870967744
N0,2,202602,Medium,0.984043145131251,1.0,0.3870967741935484
N0,2,202602,Medium,0.9862356435224455,1.0,0.25806451612903225
N0,2,202602,Medium,0.9868556990375813,1.0,0.1935483870967742
N0,2,202602,Medium,0.9874033914123614,1.0,0.16129032258064516
N0,2,202602,Medium,0.9876429532405189,1.0,0.0967741935483871
N0,2,202602,Medium,0.9885449351866819,1.0,0.03225806451612903
N0,2,202602,Medium,1.0,1.0,0.0
N0,2,202602,High,5.314308702952366e-05,0.1746031746031746,1.0
N0,2,202602,High,6.145821444398585e-05,0.1774193548387097,1.0
N0,2,202602,High,6.741437487339151e-05,0.18333333333333332,1.0
N0,2,202602,High,0.00010523212246113448,0.1864406779661017,1.0
N0,2,202602,High,0.00014464609065221372,0.1896551724137931,1.0
N0,2,202602,High,0.0002610542906357797,0.19298245614035087,1.0
N0,2,202602,High,0.0005427475442598855,0.19642857142857142,1.0
N0,2,202602,High,0.0005654308696501174,0.2,1.0
N0,2,202602,High,0.000576381760606762,0.20754716981132076,1.0
N0,2,202602,High,0.0006012106622258075,0.21153846153846154,1.0
N0,2,202602,High,0.0007196124235679384,0.21568627450980393,1.0
N0,2,202602,High,0.0012289782078366898,0.22,1.0
N0,2,202602,High,0.0012815441600666003,0.2391304347826087,1.0
N0,2,202602,High,0.0013095437317748489,0.25,1.0
N0,2,202602,High,0.0019941575521496336,0.2619047619047619,1.0
N0,2,202602,High,0.002000418550764183,0.2682926829268293,1.0
N0,2,202602,High,0.002056037965013799,0.275,1.0
N0,2,202602,High,0.0020895604965791292,0.28205128205128205,1.0
N0,2,202602,High,0.003314623760982534,0.2894736842105263,1.0
N0,2,202602,High,0.0040795443311692535,0.3055555555555556,1.0
N0,2,202602,High,0.005981543637169899,0.34375,1.0
N0,2,202602,High,0.006041531998293674,0.3548387096774194,1.0
N0,2,202602,High,0.007370021709009658,0.36666666666666664,1.0
N0,2,202602,High,0.008769886555937278,0.39285714285714285,1.0
N0,2,202602,High,0.010591080971236054,0.4230769230769231,1.0
N0,2,202602,High,0.013585712659465426,0.4583333333333333,1.0
N0,2,202602,High,0.013759353280479876,0.4782608695652174,1.0
N0,2,202602,High,0.017510287903461028,0.5,1.0
N0,2,202602,High,0.020098296827360435,0.55,1.0
N0,2,202602,High,0.03604761630267871,0.5789473684210527,1.0
N0,2,202602,High,0.061534374565484905,0.6470588235294118,1.0
N0,2,202602,High,0.10149463405557523,0.7333333333333333,1.0
N0,2,202602,High,0.12491301248866281,0.7857142857142857,1.0
N0,2,202602,High,0.3165469390253004,0.7692307692307693,0.9090909090909091
N0,2,202602,High,0.5877883850377582,0.8333333333333334,0.9090909090909091
N0,2,202602,High,0.8237927603524342,0.9090909090909091,0.9090909090909091
N0,2,202602,High,0.9701000333425809,0.9,0.8181818181818182
N0,2,202602,High,0.9792809523297731,1.0,0.7272727272727273
N0,2,202602,High,0.9793964870681103,1.0,0.6363636363636364
N0,2,202602,High,0.9842694456807557,1.0,0.5454545454545454
N0,2,202602,High,0.9880453656215851,1.0,0.45454545454545453
N0,2,202602,High,0.990095813607807,1.0,0.36363636363636365
N0,2,202602,High,0.9910692407619494,1.0,0.2727272727272727
N0,2,202602,High,0.9936524186070684,1.0,0.18181818181818182
N0,2,202602,High,0.9945707942251574,1.0,0.09090909090909091
N0,2,202602,High,1.0,1.0,0.0
N0,3,202602,Low,0.00752985651089119,0.3333333333333333,1.0
N0,3,202602,Low,0.008042454479859636,0.3387096774193548,1.0
N0,3,202602,Low,0.009818263615729992,0.3442622950819672,1.0
N0,3,202602,Low,0.01462069520868102,0.3559322033898305,1.0
N0,3,202602,Low,0.020752852743951878,0.375,1.0
N0,3,202602,Low,0.02076748148884969,0.3888888888888889,1.0
N0,3,202602,Low,0.021193983230683798,0.39622641509433965,1.0
N0,3,202602,Low,0.021568993011555994,0.40384615384615385,1.0
N0,3,202602,Low,0.021783208315995985,0.4117647058823529,1.0
N0,3,202602,Low,0.021830286261394605,0.42,1.0
N0,3,202602,Low,0.02269937495923834,0.4375,1.0
N0,3,202602,Low,0.022982862467871956,0.45652173913043476,1.0
N0,3,202602,Low,0.024169377245445607,0.4666666666666667,1.0
N0,3,202602,Low,0.02423343280262133,0.4772727272727273,1.0
N0,3,202602,Low,0.02441621794426766,0.5,1.0
N0,3,202602,Low,0.024885551123273612,0.525,1.0
N0,3,202602,Low,0.025856559951659887,0.5526315789473685,1.0
N0,3,202602,Low,0.027792884139422214,0.5675675675675675,1.0
N0,3,202602,Low,0.0364381582193052,0.6,1.0
N0,3,202602,Low,0.04202390235160819,0.6176470588235294,1.0
N0,3,202602,Low,0.052391211474727556,0.6363636363636364,1.0
N0,3,202602,Low,0.0757350729148306,0.6774193548387096,1.0
N0,3,202602,Low,0.12783746171315508,0.7,1.0
N0,3,202602,Low,0.2769857874621964,0.7241379310344828,1.0
N0,3,202602,Low,0.34696687398836074,0.75,1.0
N0,3,202602,Low,0.41387966545033983,0.7777777777777778,1.0
N0,3,202602,Low,0.43249902693087827,0.8076923076923077,1.0
N0,3,202602,Low,0.5424786018075544,0.875,1.0
N0,3,202602,Low,0.6632954713005832,0.8695652173913043,0.9523809523809523
N0,3,202602,Low,0.7654678422341131,0.8636363636363636,0.9047619047619048
N0,3,202602,Low,0.8454396606594371,1.0,0.9047619047619048
N0,3,202602,Low,0.8527315123971219,1.0,0.8571428571428571
N0,3,202602,Low,0.8921139481210192,1.0,0.8095238095238095
N0,3,202602,Low,0.934221031456769,1.0,0.7619047619047619
N0,3,202602,Low,0.9455695603025167,1.0,0.7142857142857143
N0,3,202602,Low,0.9460333227579479,1.0,0.6666666666666666
N0,3,202602,Low,0.9501079735558354,1.0,0.6190476190476191
N0,3,202602,Low,0.955454277469848,1.0,0.5714285714285714
N0,3,202602,Low,0.9557943380078282,1.0,0.5238095238095238
N0,3,202602,Low,0.9561511847484359,1.0,0.47619047619047616
N0,3,202602,Low,0.9565192781711873,1.0,0.42857142857142855
N0,3,202602,Low,0.9567776712495923,1.0,0.38095238095238093
N0,3,202602,Low,0.9568346371009983,1.0,0.23809523809523808
N0,3,202602,Low,0.9576539040485805,1.0,0.09523809523809523
N0,3,202602,Low,0.9577471285428981,1.0,0.047619047619047616
N0,3,202602,Low,1.0,1.0,0.0
N0,3,202602,Medium,0.034239594849932796,0.49206349206349204,1.0
N0,3,202602,Medium,0.034506748076276926,0.5,1.0
N0,3,202602,Medium,0.03463671845097269,0.5081967213114754,1.0
N0,3,202602,Medium,0.03536427097135746,0.5166666666666667,1.0
N0,3,202602,Medium,0.035515736122807104,0.543859649122807,1.0
N0,3,202602,Medium,0.035865953099816585,0.5740740740740741,1.0
N0,3,202602,Medium,0.03607552861028669,0.5849056603773585,1.0
N0,3,202602,Medium,0.03629842640570204,0.5961538461538461,1.0
N0,3,202602,Medium,0.042613341590786814,0.6078431372549019,1.0
N0,3,202602,Medium,0.04605019580885329,0.62,1.0
N0,3,202602,Medium,0.04737456442631752,0.6326530612244898,1.0
N0,3,202602,Medium,0.05818656100469306,0.6458333333333334,1.0
N0,3,202602,Medium,0.09230275297402446,0.6595744680851063,1.0
N0,3,202602,Medium,0.10085817698844442,0.6739130434782609,1.0
N0,3,202602,Medium,0.1117183234775566,0.6888888888888889,1.0
N0,3,202602,Medium,0.1387731708966718,0.7045454545454546,1.0
N0,3,202602,Medium,0.14768124910516783,0.7209302325581395,1.0
N0,3,202602,Medium,0.16245113698865007,0.7380952380952381,1.0
N0,3,202602,Medium,0.22574267104120033,0.775,1.0
N0,3,202602,Medium,0.313355295682865,0.7567567567567568,0.9032258064516129
N0,3,202602,Medium,0.3277398761865825,0.8235294117647058,0.9032258064516129
N0,3,202602,Medium,0.4479940673114969,0.8484848484848485,0.9032258064516129
N0,3,202602,Medium,0.5570871902622475,0.875,0.9032258064516129
N0,3,202602,Medium,0.5752256550142352,0.8666666666666667,0.8387096774193549
N0,3,202602,Medium,0.6428253860202511,0.8620689655172413,0.8064516129032258
N0,3,202602,Medium,0.6433209013072911,0.8571428571428571,0.7741935483870968
N0,3,202602,Medium,0.712785303069178,0.9230769230769231,0.7741935483870968
N0,3,202602,Medium,0.8406028700586248,0.92,0.7419354838709677
N0,3,202602,Medium,0.8582843374237688,0.9166666666666666,0.7096774193548387
N0,3,202602,Medium,0.8605007641455258,0.9130434782608695,0.6774193548387096
N0,3,202602,Medium,0.9024267566453454,0.9523809523809523,0.6451612903225806
N0,3,202602,Medium,0.9125508494931669,0.95,0.6129032258064516
N0,3,202602,Medium,0.9219077332531035,0.9473684210526315,0.5806451612903226
N0,3,202602,Medium,0.926129473182257,0.9411764705882353,0.5161290322580645
N0,3,202602,Medium,0.9268925553358297,1.0,0.5161290322580645
N0,3,202602,Medium,0.9338644973725929,1.0,0.45161290322580644
N0,3,202602,Medium,0.9376896709334097,1.0,0.41935483870967744
N0,3,202602,Medium,0.9391472513274831,1.0,0.3870967741935484
N0,3,202602,Medium,0.9417908174138687,1.0,0.3548387096774194
N0,3,202602,Medium,0.9434734669314129,1.0,0.2903225806451613
N0,3,202602,Medium,0.9443557856453644,1.0,0.25806451612903225
N0,3,202602,Medium,0.9469661800839583,1.0,0.1935483870967742
N0,3,202602,Medium,0.9480310700481523,1.0,0.16129032258064516
N0,3,202602,Medium,0.9482260606879459,1.0,0.12903225806451613
N0,3,202602,Medium,0.9492152474703677,1.0,0.06451612903225806
N0,3,202602,Medium,1.0,1.0,0.0
N0,3,202602,High,0.006879090235395028,0.1746031746031746,1.0
N0,3,202602,High,0.007027874890536416,0.1774193548387097,1.0
N0,3,202602,High,0.007055875271165798,0.18032786885245902,1.0
N0,3,202602,High,0.007278684853377715,0.18333333333333332,1.0
N0,3,202602,High,0.007592407538537885,0.1864406779661017,1.0
N0,3,202602,High,0.007649626776194644,0.1896551724137931,1.0
N0,3,202602,High,0.007773286641277503,0.2,1.0
N0,3,202602,High,0.007839347875142549,0.2037037037037037,1.0
N0,3,202602,High,0.007858057779050246,0.20754716981132076,1.0
N0,3,202602,High,0.007907235586469738,0.22,1.0
N0,3,202602,High,0.007916481433198785,0.22448979591836735,1.0
N0,3,202602,High,0.008013276607169117,0.22916666666666666,1.0
N0,3,202602,High,0.008495316706206292,0.23404255319148937,1.0
N0,3,202602,High,0.008679769430335407,0.2391304347826087,1.0
N0,3,202602,High,0.00878948672468657,0.24444444444444444,1.0
N0,3,202602,High,0.008844003377840037,0.2619047619047619,1.0
N0,3,202602,High,0.008964652512834216,0.2682926829268293,1.0
N0,3,202602,High,0.00952733088094874,0.275,1.0
N0,3,202602,High,0.01020773999138819,0.28205128205128205,1.0
N0,3,202602,High,0.010228909468625619,0.2894736842105263,1.0
N0,3,202602,High,0.010413782806874215,0.2972972972972973,1.0
N0,3,202602,High,0.010894679535425042,0.3142857142857143,1.0
N0,3,202602,High,0.013878200863076172,0.3235294117647059,1.0
N0,3,202602,High,0.02028642671498214,0.3333333333333333,1.0
N0,3,202602,High,0.020716233189442768,0.34375,1.0
N0,3,202602,High,0.021838170439823997,0.36666666666666664,1.0
N0,3,202602,High,0.02636853458536468,0.3793103448275862,1.0
N0,3,202602,High,0.026888388188780518,0.4074074074074074,1.0
N0,3,202602,High,0.027851330215213396,0.44,1.0
N0,3,202602,High,0.0296973444081019,0.4782608695652174,1.0
N0,3,202602,High,0.031201448462997928,0.5,1.0
N0,3,202602,High,0.031839836685357954,0.5238095238095238,1.0
N0,3,202602,High,0.03354367060071519,0.55,1.0
N0,3,202602,High,0.0374563298421794,0.5789473684210527,1.0
N0,3,202602,High,0.039283755660960915,0.6470588235294118,1.0
N0,3,202602,High,0.052087318501746985,0.6875,1.0
N0,3,202602,High,0.05539289178765817,0.6666666666666666,0.9090909090909091
N0,3,202602,High,0.06327977326138752,0.7692307692307693,0.9090909090909091
N0,3,202602,High,0.11526580305185284,0.8333333333333334,0.9090909090909091
N0,3,202602,High,0.1335405699897153,0.9,0.8181818181818182
N0,3,202602,High,0.33484881243131426,1.0,0.8181818181818182
N0,3,202602,High,0.672024009108454,1.0,0.6363636363636364
N0,3,202602,High,0.8277305993956199,1.0,0.36363636363636365
N0,3,202602,High,0.8802392220425838,1.0,0.18181818181818182
N0,3,202602,High,0.9001673905150843,1.0,0.09090909090909091
N0,3,202602,High,1.0,1.0,0.0
N0,4,202602,Low,0.000260120898337484,0.31746031746031744,1.0
N0,4,202602,Low,0.00026094586438304653,0.3225806451612903,1.0
N0,4,202602,Low,0.00029646741227570546,0.3333333333333333,1.0
N0,4,202602,Low,0.00042009050615523765,0.3448275862068966,1.0
N0,4,202602,Low,0.0005480815133368349,0.3508771929824561,1.0
N0,4,202602,Low,0.0008163377486783406,0.36363636363636365,1.0
N0,4,202602,Low,0.0008167626096668236,0.37037037037037035,1.0
N0,4,202602,Low,0.0012813859825300563,0.37735849056603776,1.0
N0,4,202602,Low,0.0013739989611586323,0.4,1.0
N0,4,202602,Low,0.0022403712998509545,0.4166666666666667,1.0
N0,4,202602,Low,0.003694408939367483,0.425531914893617,1.0
N0,4,202602,Low,0.005060334116765664,0.43478260869565216,1.0
N0,4,202602,Low,0.005376403034732758,0.4444444444444444,1.0
N0,4,202602,Low,0.006567037110010126,0.45454545454545453,1.0
N0,4,202602,Low,0.0076986737262507016,0.4878048780487805,1.0
N0,4,202602,Low,0.007986091644206559,0.5,1.0
N0,4,202602,Low,0.008902257391272646,0.5128205128205128,1.0
N0,4,202602,Low,0.010462293757800636,0.5263157894736842,1.0
N0,4,202602,Low,0.019863734027591663,0.5405405405405406,1.0
N0,4,202602,Low,0.020325723195065794,0.5714285714285714,1.0
N0,4,202602,Low,0.02929439353500696,0.5882352941176471,1.0
N0,4,202602,Low,0.03402494853053617,0.6060606060606061,1.0
N0,4,202602,Low,0.04856099214878315,0.625,1.0
N0,4,202602,Low,0.0750575803621267,0.6666666666666666,1.0
N0,4,202602,Low,0.12953800189392112,0.6896551724137931,1.0
N0,4,202602,Low,0.22003319542566355,0.7142857142857143,1.0
N0,4,202602,Low,0.31831246295770727,0.76,0.95
N0,4,202602,Low,0.46287099464181963,0.782608695652174,0.9
N0,4,202602,Low,0.4751893525193741,0.8,0.8
N0,4,202602,Low,0.5940104866078043,0.8421052631578947,0.8
N0,4,202602,Low,0.6936150760061321,0.875,0.7
N0,4,202602,Low,0.6962111138893706,0.8666666666666667,0.65
N0,4,202602,Low,0.8354173613738634,0.9166666666666666,0.55
N0,4,202602,Low,0.8994604899109968,1.0,0.4
N0,4,202602,Low,0.9096115738610536,1.0,0.35
N0,4,202602,Low,0.9459451072207271,1.0,0.25
N0,4,202602,Low,0.9540669603015925,1.0,0.2
N0,4,202602,Low,0.9702130943764564,1.0,0.15
N0,4,202602,Low,0.9803303299000307,1.0,0.05
N0,4,202602,Low,1.0,1.0,0.0
N0,4,202602,Medium,0.01804284676638741,0.49206349206349204,1.0
N0,4,202602,Medium,0.019237814808619223,0.5081967213114754,1.0
N0,4,202602,Medium,0.019689373696076033,0.5166666666666667,1.0
N0,4,202602,Medium,0.027318748827046362,0.5254237288135594,1.0
N0,4,202602,Medium,0.029401733839812236,0.543859649122807,1.0
N0,4,202602,Medium,0.04338807949829316,0.5636363636363636,1.0
N0,4,202602,Medium,0.04554995656061673,0.5740740740740741,1.0
N0,4,202602,Medium,0.053702854932937714,0.5849056603773585,1.0
N0,4,202602,Medium,0.06371368265687738,0.5961538461538461,1.0
N0,4,202602,Medium,0.08991583348799846,0.62,1.0
N0,4,202602,Medium,0.09046400947087803,0.6458333333333334,1.0
N0,4,202602,Medium,0.09982710280544212,0.6595744680851063,1.0
N0,4,202602,Medium,0.10911770734694923,0.6739130434782609,1.0
N0,4,202602,Medium,0.16122330398614812,0.6888888888888889,1.0
N0,4,202602,Medium,0.16387968696458868,0.6666666666666666,0.9032258064516129
N0,4,202602,Medium,0.2063058028876835,0.7105263157894737,0.8709677419354839
N0,4,202602,Medium,0.3026699485804316,0.75,0.8709677419354839
N0,4,202602,Medium,0.30538576356843183,0.7878787878787878,0.8387096774193549
N0,4,202602,Medium,0.3200029288978796,0.8125,0.8387096774193549
N0,4,202602,Medium,0.40467154874235106,0.8064516129032258,0.8064516129032258
N0,4,202602,Medium,0.4588368402607064,0.8571428571428571,0.7741935483870968
N0,4,202602,Medium,0.5229427754213877,0.8518518518518519,0.7419354838709677
N0,4,202602,Medium,0.5354531264484886,0.8461538461538461,0.7096774193548387
N0,4,202602,Medium,0.6794291070626463,0.9130434782608695,0.6774193548387096
N0,4,202602,Medium,0.7200229515872437,0.9523809523809523,0.6451612903225806
N0,4,202602,Medium,0.764311844564695,0.95,0.6129032258064516
N0,4,202602,Medium,0.7771844086179579,0.9473684210526315,0.5806451612903226
N0,4,202602,Medium,0.8127288788082865,1.0,0.5161290322580645
N0,4,202602,Medium,0.8668811071610115,1.0,0.4838709677419355
N0,4,202602,Medium,0.8699994565779416,1.0,0.45161290322580644
N0,4,202602,Medium,0.9201429717184946,1.0,0.3548387096774194
N0,4,202602,Medium,0.9215932574271528,1.0,0.3225806451612903
N0,4,202602,Medium,0.9353442361281555,1.0,0.2903225806451613
N0,4,202602,Medium,0.9456375163595472,1.0,0.25806451612903225
N0,4,202602,Medium,0.9567835401275858,1.0,0.1935483870967742
N0,4,202602,Medium,0.9582188731802385,1.0,0.16129032258064516
N0,4,202602,Medium,0.9624733754471382,1.0,0.12903225806451613
N0,4,202602,Medium,0.9673478917238648,1.0,0.0967741935483871
N0,4,202602,Medium,0.9684912453391843,1.0,0.03225806451612903
N0,4,202602,Medium,1.0,1.0,0.0
N0,4,202602,High,0.00035203784633520383,0.19047619047619047,1.0
N0,4,202602,High,0.00038308313779067643,0.1935483870967742,1.0
N0,4,202602,High,0.0003851717837312964,0.19672131147540983,1.0
N0,4,202602,High,0.0004318552913501098,0.2033898305084746,1.0
N0,4,202602,High,0.0004725926509478848,0.20689655172413793,1.0
N0,4,202602,High,0.0007029516615480141,0.21428571428571427,1.0
N0,4,202602,High,0.0007124072835610806,0.23076923076923078,1.0
N0,4,202602,High,0.0009991604254360566,0.23529411764705882,1.0
N0,4,202602,High,0.0011189375301977858,0.24,1.0
N0,4,202602,High,0.0013179646498445833,0.2553191489361702,1.0
N0,4,202602,High,0.0016758789096916987,0.2727272727272727,1.0
N0,4,202602,High,0.001867872059238221,0.2926829268292683,1.0
N0,4,202602,High,0.0022584299796464644,0.3,1.0
N0,4,202602,High,0.002782395956378587,0.3157894736842105,1.0
N0,4,202602,High,0.003580890945067325,0.34285714285714286,1.0
N0,4,202602,High,0.004799447919378731,0.35294117647058826,1.0
N0,4,202602,High,0.005801491491669697,0.36363636363636365,1.0
N0,4,202602,High,0.007756178289225357,0.3870967741935484,1.0
N0,4,202602,High,0.008232231017854889,0.4,1.0
N0,4,202602,High,0.011183031465749907,0.41379310344827586,1.0
N0,4,202602,High,0.012788374248543568,0.42857142857142855,1.0
N0,4,202602,High,0.0327541661146136,0.46153846153846156,1.0
N0,4,202602,High,0.0566696722276379,0.48,1.0
N0,4,202602,High,0.06950448518157457,0.5,1.0
N0,4,202602,High,0.1234335063120482,0.5217391304347826,1.0
N0,4,202602,High,0.1795724474654628,0.6,1.0
N0,4,202602,High,0.23062782131853926,0.631578947368421,1.0
N0,4,202602,High,0.2746006453780235,0.6666666666666666,1.0
N0,4,202602,High,0.5374687507999261,0.7058823529411765,1.0
N0,4,202602,High,0.6777566998022694,0.75,1.0
N0,4,202602,High,0.7923201981511578,0.8,1.0
N0,4,202602,High,0.8374953100313218,0.7692307692307693,0.8333333333333334
N0,4,202602,High,0.8900659549043725,1.0,0.8333333333333334
N0,4,202602,High,0.9087192279194551,1.0,0.75
N0,4,202602,High,0.9357382358297858,1.0,0.6666666666666666
N0,4,202602,High,0.9561918299955516,1.0,0.5
N0,4,202602,High,0.9723847837606779,1.0,0.4166666666666667
N0,4,202602,High,0.9800505054055865,1.0,0.25
N0,4,202602,High,0.9816962073692296,1.0,0.16666666666666666
N0,4,202602,High,1.0,1.0,0.0
N0,0,202603,Low,2.0871669307448945e-05,0.328125,1.0
N0,0,202603,Low,3.170951042294399e-05,0.3333333333333333,1.0
N0,0,202603,Low,3.7610425215744276e-05,0.3387096774193548,1.0
N0,0,202603,Low,6.790102557141074e-05,0.35,1.0
N0,0,202603,Low,9.439889605601168e-05,0.3620689655172414,1.0
N0,0,202603,Low,0.00015269969184533196,0.38181818181818183,1.0
N0,0,202603,Low,0.00028185153607191625,0.3888888888888889,1.0
N0,0,202603,Low,0.0011957734645042797,0.39622641509433965,1.0
N0,0,202603,Low,0.001964698060760899,0.40384615384615385,1.0
N0,0,202603,Low,0.002162005720108662,0.42,1.0
N0,0,202603,Low,0.003021126414657383,0.4375,1.0
N0,0,202603,Low,0.003635039862894599,0.44680851063829785,1.0
N0,0,202603,Low,0.004978168371528264,0.45652173913043476,1.0
N0,0,202603,Low,0.005475770554603763,0.5,1.0
N0,0,202603,Low,0.01011767013634077,0.5121951219512195,1.0
N0,0,202603,Low,0.019842183379939878,0.525,1.0
N0,0,202603,Low,0.022388017044833113,0.5384615384615384,1.0
N0,0,202603,Low,0.025587744021889403,0.5833333333333334,1.0
N0,0,202603,Low,0.02846383911940482,0.6,1.0
N0,0,202603,Low,0.032895158302324375,0.6176470588235294,1.0
N0,0,202603,Low,0.04977075555121044,0.6363636363636364,1.0
N0,0,202603,Low,0.07139178510082078,0.65625,1.0
N0,0,202603,Low,0.15966849170331907,0.6774193548387096,1.0
N0,0,202603,Low,0.20167636603686193,0.7407407407407407,0.9523809523809523
N0,0,202603,Low,0.24774807287790693,0.76,0.9047619047619048
N0,0,202603,Low,0.2959270118611994,0.75,0.8571428571428571
N0,0,202603,Low,0.3362460774344311,0.782608695652174,0.8571428571428571
N0,0,202603,Low,0.47706915358728325,0.8181818181818182,0.8571428571428571
N0,0,202603,Low,0.6015445283542693,0.8421052631578947,0.7619047619047619
N0,0,202603,Low,0.6505068622739048,0.8888888888888888,0.7619047619047619
N0,0,202603,Low,0.8534437316471731,0.8666666666666667,0.6190476190476191
N0,0,202603,Low,0.8759023149750513,0.9230769230769231,0.5714285714285714
N0,0,202603,Low,0.9402708868178109,1.0,0.5238095238095238
N0,0,202603,Low,0.9473819260694724,1.0,0.47619047619047616
N0,0,202603,Low,0.9593317163673297,1.0,0.38095238095238093
N0,0,202603,Low,0.964742685434407,1.0,0.3333333333333333
N0,0,202603,Low,0.9675191738493529,1.0,0.2857142857142857
N0,0,202603,Low,0.9770128529870408,1.0,0.19047619047619047
N0,0,202603,Low,0.9803656380869987,1.0,0.09523809523809523
N0,0,202603,Low,0.9913139040341754,1.0,0.047619047619047616
N0,0,202603,Low,1.0,1.0,0.0
N0,0,202603,Medium,0.008672612975682562,0.484375,1.0
N0,0,202603,Medium,0.018307569378665706,0.49206349206349204,1.0
N0,0,202603,Medium,0.019603380345045298,0.5,1.0
N0,0,202603,Medium,0.02294646157228952,0.5081967213114754,1.0
N0,0,202603,Medium,0.02613814317994371,0.5254237288135594,1.0
N0,0,202603,Medium,0.030952516831174746,0.5344827586206896,1.0
N0,0,202603,Medium,0.03242079946334451,0.5535714285714286,1.0
N0,0,202603,Medium,0.03519122393404289,0.5740740740740741,1.0
N0,0,202603,Medium,0.04060363623500035,0.5849056603773585,1.0
N0,0,202603,Medium,0.052514278507694946,0.5961538461538461,1.0
N0,0,202603,Medium,0.0540117615299072,0.62,1.0
N0,0,202603,Medium,0.059610723567394594,0.6458333333333334,1.0
N0,0,202603,Medium,0.074165145832774,0.6595744680851063,1.0
N0,0,202603,Medium,0.1205741307043983,0.7045454545454546,1.0
N0,0,202603,Medium,0.12383518551188014,0.7209302325581395,1.0
N0,0,202603,Medium,0.14624407244764584,0.7317073170731707,0.967741935483871
N0,0,202603,Medium,0.20940835856221757,0.7435897435897436,0.9354838709677419
N0,0,202603,Medium,0.34867972575963363,0.7631578947368421,0.9354838709677419
N0,0,202603,Medium,0.3975241375593737,0.8285714285714286,0.9354838709677419
N0,0,202603,Medium,0.5216761385679407,0.8235294117647058,0.9032258064516129
N0,0,202603,Medium,0.5846664818426001,0.8709677419354839,0.8709677419354839
N0,0,202603,Medium,0.6620035253970857,0.9,0.8709677419354839
N0,0,202603,Medium,0.7021844950277727,0.896551724137931,0.8387096774193549
N0,0,202603,Medium,0.7502129551687029,0.8928571428571429,0.8064516129032258
N0,0,202603,Medium,0.7961200370036899,0.9259259259259259,0.8064516129032258
N0,0,202603,Medium,0.8379429056872219,0.96,0.7741935483870968
N0,0,202603,Medium,0.9258534499791568,1.0,0.6774193548387096
N0,0,202603,Medium,0.9466964221143906,1.0,0.6451612903225806
N0,0,202603,Medium,0.9623801511038437,1.0,0.6129032258064516
N0,0,202603,Medium,0.9682820344651478,1.0,0.5806451612903226
N0,0,202603,Medium,0.968311978626934,1.0,0.5161290322580645
N0,0,202603,Medium,0.9693700892581989,1.0,0.4838709677419355
N0,0,202603,Medium,0.9736216172544738,1.0,0.45161290322580644
N0,0,202603,Medium,0.9747022747317242,1.0,0.3548387096774194
N0,0,202603,Medium,0.9818802925664143,1.0,0.3225806451612903
N0,0,202603,Medium,0.9851483638757887,1.0,0.25806451612903225
N0,0,202603,Medium,0.9860293381650554,1.0,0.22580645161290322
N0,0,202603,Medium,0.986891795371875,1.0,0.1935483870967742
N0,0,202603,Medium,0.9886398524898632,1.0,0.06451612903225806
N0,0,202603,Medium,0.9886517890577253,1.0,0.03225806451612903
N0,0,202603,Medium,1.0,1.0,0.0
N0,0,202603,High,1.3482990142037102e-05,0.1875,1.0
N0,0,202603,High,3.0981567955963896e-05,0.19047619047619047,1.0
N0,0,202603,High,4.0685440669764765e-05,0.1935483870967742,1.0
N0,0,202603,High,6.0026687302575846e-05,0.2,1.0
N0,0,202603,High,6.464739766996291e-05,0.20689655172413793,1.0
N0,0,202603,High,6.609063155014629e-05,0.21052631578947367,1.0
N0,0,202603,High,0.00010379542283271978,0.21428571428571427,1.0
N0,0,202603,High,0.00011838961479453365,0.2222222222222222,1.0
N0,0,202603,High,0.0002624995130685641,0.22641509433962265,1.0
N0,0,202603,High,0.0003121959051810568,0.23529411764705882,1.0
N0,0,202603,High,0.000813411966461595,0.24489795918367346,1.0
N0,0,202603,High,0.0009313340863569924,0.2608695652173913,1.0
N0,0,202603,High,0.0012547078447760773,0.26666666666666666,1.0
N0,0,202603,High,0.0017503971684831774,0.2857142857142857,1.0
N0,0,202603,High,0.0018884931110278416,0.2926829268292683,1.0
N0,0,202603,High,0.0020389719533901577,0.3,1.0
N0,0,202603,High,0.0022035969594481806,0.3076923076923077,1.0
N0,0,202603,High,0.0023886026094590545,0.32432432432432434,1.0
N0,0,202603,High,0.002754764920022466,0.36363636363636365,1.0
N0,0,202603,High,0.003224182253661206,0.375,1.0
N0,0,202603,High,0.0035328223343989197,0.3870967741935484,1.0
N0,0,202603,High,0.003990365700693061,0.4,1.0
N0,0,202603,High,0.004724690593831992,0.4444444444444444,1.0
N0,0,202603,High,0.004733965987870495,0.46153846153846156,1.0
N0,0,202603,High,0.005042166719911695,0.48,1.0
N0,0,202603,High,0.005455541888335856,0.5,1.0
N0,0,202603,High,0.005872440387670873,0.5217391304347826,1.0
N0,0,202603,High,0.00772510764724221,0.5454545454545454,1.0
N0,0,202603,High,0.008130036256596706,0.5714285714285714,1.0
N0,0,202603,High,0.010949535420287223,0.7058823529411765,1.0
N0,0,202603,High,0.01595770171347705,0.75,1.0
N0,0,202603,High,0.029753267474091325,0.8571428571428571,1.0
N0,0,202603,High,0.41413774469289566,1.0,1.0
N0,0,202603,High,0.7903097899017105,1.0,0.9166666666666666
N0,0,202603,High,0.8792731696037563,1.0,0.8333333333333334
N0,0,202603,High,0.92574045527117,1.0,0.75
N0,0,202603,High,0.9459203374445214,1.0,0.5
N0,0,202603,High,0.9690098727436095,1.0,0.3333333333333333
N0,0,202603,High,0.9738301473096334,1.0,0.16666666666666666
N0,0,202603,High,0.9816715589520268,1.0,0.08333333333333333
N0,0,202603,High,1.0,1.0,0.0
N0,1,202603,Low,0.0004753866469796613,0.3333333333333333,1.0
N0,1,202603,Low,0.0005016272854388096,0.3387096774193548,1.0
N0,1,202603,Low,0.0005051959569481887,0.3442622950819672,1.0
N0,1,202603,Low,0.000512760342340277,0.35,1.0
N0,1,202603,Low,0.000547295528148676,0.3559322033898305,1.0
N0,1,202603,Low,0.0006398953464967022,0.3620689655172414,1.0
N0,1,202603,Low,0.0006748998624619872,0.3684210526315789,1.0
N0,1,202603,Low,0.0012087337897854632,0.375,1.0
N0,1,202603,Low,0.0015362831960514644,0.38181818181818183,1.0
N0,1,202603,Low,0.0030064770321221925,0.3888888888888889,1.0
N0,1,202603,Low,0.003945810551282684,0.4117647058823529,1.0
N0,1,202603,Low,0.005008041858673096,0.42,1.0
N0,1,202603,Low,0.005095519239355309,0.4375,1.0
N0,1,202603,Low,0.0059633802985667545,0.44680851063829785,1.0
N0,1,202603,Low,0.008134806452926188,0.45652173913043476,1.0
N0,1,202603,Low,0.008159508883061769,0.4772727272727273,1.0
N0,1,202603,Low,0.008269708511199335,0.5,1.0
N0,1,202603,Low,0.010833399471206586,0.525,1.0
N0,1,202603,Low,0.013070477197078014,0.5384615384615384,1.0
N0,1,202603,Low,0.013966955972974687,0.5526315789473685,1.0
N0,1,202603,Low,0.01468361233373152,0.5675675675675675,1.0
N0,1,202603,Low,0.03435262263829484,0.5833333333333334,1.0
N0,1,202603,Low,0.0562510817835422,0.6,1.0
N0,1,202603,Low,0.1604082240419901,0.6176470588235294,1.0
N0,1,202603,Low,0.24708455081899444,0.65625,1.0
N0,1,202603,Low,0.3490005949972993,0.7777777777777778,1.0
N0,1,202603,Low,0.5561175175459329,0.8076923076923077,1.0
N0,1,202603,Low,0.5599270283733573,0.782608695652174,0.8571428571428571
N0,1,202603,Low,0.6670350562076613,0.8571428571428571,0.8571428571428571
N0,1,202603,Low,0.8292377254222559,0.8947368421052632,0.8095238095238095
N0,1,202603,Low,0.8368580494293377,0.9375,0.7142857142857143
N0,1,202603,Low,0.8803873541340979,0.9333333333333333,0.6666666666666666
N0,1,202603,Low,0.9115832467998931,0.9230769230769231,0.5714285714285714
N0,1,202603,Low,0.9618861676900115,1.0,0.47619047619047616
N0,1,202603,Low,0.965357687670987,1.0,0.42857142857142855
N0,1,202603,Low,0.9658050118003676,1.0,0.2857142857142857
N0,1,202603,Low,0.9778877961563914,1.0,0.14285714285714285
N0,1,202603,Low,0.9789076405891532,1.0,0.09523809523809523
N0,1,202603,Low,0.99222782103873,1.0,0.047619047619047616
N0,1,202603,Low,1.0,1.0,0.0
N0,1,202603,Medium,0.007610162928622913,0.47619047619047616,1.0
N0,1,202603,Medium,0.020846921861996798,0.4838709677419355,1.0
N0,1,202603,Medium,0.021786927884567594,0.4918032786885246,1.0
N0,1,202603,Medium,0.028162382149224542,0.5,1.0
N0,1,202603,Medium,0.031104304364980528,0.5084745762711864,1.0
N0,1,202603,Medium,0.03176978388771735,0.5172413793103449,1.0
N0,1,202603,Medium,0.033827646548918795,0.5263157894736842,1.0
N0,1,202603,Medium,0.034312925053423836,0.5555555555555556,1.0
N0,1,202603,Medium,0.03704637495103517,0.5882352941176471,1.0
N0,1,202603,Medium,0.03779564660198828,0.6,1.0
N0,1,202603,Medium,0.040520299898244294,0.6122448979591837,1.0
N0,1,202603,Medium,0.04807173238733038,0.625,1.0
N0,1,202603,Medium,0.06508588425682436,0.6382978723404256,1.0
N0,1,202603,Medium,0.0878654107225443,0.6521739130434783,1.0
N0,1,202603,Medium,0.11897987714459816,0.6744186046511628,0.9666666666666667
N0,1,202603,Medium,0.122203084122447,0.7073170731707317,0.9666666666666667
N0,1,202603,Medium,0.16188320813417245,0.725,0.9666666666666667
N0,1,202603,Medium,0.16996801699059574,0.7435897435897436,0.9666666666666667
N0,1,202603,Medium,0.17389633156383463,0.7777777777777778,0.9333333333333333
N0,1,202603,Medium,0.2933851600707947,0.8,0.9333333333333333
N0,1,202603,Medium,0.33169803668204373,0.8125,0.8666666666666667
N0,1,202603,Medium,0.43816654471496586,0.8333333333333334,0.8333333333333334
N0,1,202603,Medium,0.4423684937896577,0.8214285714285714,0.7666666666666667
N0,1,202603,Medium,0.44655613178239945,0.92,0.7666666666666667
N0,1,202603,Medium,0.6334882974624634,0.9166666666666666,0.7333333333333333
N0,1,202603,Medium,0.6348962329677396,0.9090909090909091,0.6666666666666666
N0,1,202603,Medium,0.6490058750839495,0.9523809523809523,0.6666666666666666
N0,1,202603,Medium,0.7507284661193708,0.95,0.6333333333333333
N0,1,202603,Medium,0.7656155627914439,0.9333333333333333,0.4666666666666667
N0,1,202603,Medium,0.7924172082960004,0.9285714285714286,0.43333333333333335
N0,1,202603,Medium,0.805956180360413,1.0,0.43333333333333335
N0,1,202603,Medium,0.8369727491057366,1.0,0.36666666666666664
N0,1,202603,Medium,0.8967055594855402,1.0,0.3
N0,1,202603,Medium,0.9380095618553638,1.0,0.23333333333333334
N0,1,202603,Medium,0.9398072826702993,1.0,0.2
N0,1,202603,Medium,0.9406246437807607,1.0,0.16666666666666666
N0,1,202603,Medium,0.9597886720317435,1.0,0.1
N0,1,202603,Medium,0.963329443366541,1.0,0.06666666666666667
N0,1,202603,Medium,0.9707900114610144,1.0,0.03333333333333333
N0,1,202603,Medium,1.0,1.0,0.0
N0,1,202603,High,0.00016201603264713203,0.19047619047619047,1.0
N0,1,202603,High,0.00024543754884990974,0.1935483870967742,1.0
N0,1,202603,High,0.0003181857080002806,0.19672131147540983,1.0
N0,1,202603,High,0.00032527595904096327,0.2,1.0
N0,1,202603,High,0.0003293872755892117,0.2033898305084746,1.0
N0,1,202603,High,0.00036734165071362917,0.21428571428571427,1.0
N0,1,202603,High,0.0005513424775626404,0.22641509433962265,1.0
N0,1,202603,High,0.0006327687213039452,0.24,1.0
N0,1,202603,High,0.0007942575871483542,0.25,1.0
N0,1,202603,High,0.0012587424364898542,0.26666666666666666,1.0
N0,1,202603,High,0.001266907110294966,0.2727272727272727,1.0
N0,1,202603,High,0.0015139886644094942,0.2857142857142857,1.0
N0,1,202603,High,0.0019064269116768379,0.3076923076923077,1.0
N0,1,202603,High,0.0019935299187512296,0.32432432432432434,1.0
N0,1,202603,High,0.00218698306163473,0.3333333333333333,1.0
N0,1,202603,High,0.002619026852273312,0.3870967741935484,1.0
N0,1,202603,High,0.003941635546158503,0.41379310344827586,1.0
N0,1,202603,High,0.00585870532996175,0.42857142857142855,1.0
N0,1,202603,High,0.01452637620525405,0.4444444444444444,1.0
N0,1,202603,High,0.025837157162252416,0.46153846153846156,1.0
N0,1,202603,High,0.04891996094755821,0.48,1.0
N0,1,202603,High,0.05110564770803994,0.5,1.0
N0,1,202603,High,0.09515963406153365,0.5454545454545454,1.0
N0,1,202603,High,0.18588431075652515,0.6,1.0
N0,1,202603,High,0.20161941140543288,0.6666666666666666,1.0
N0,1,202603,High,0.22041748123558141,0.6470588235294118,0.9166666666666666
N0,1,202603,High,0.36000824779290513,0.6875,0.9166666666666666
N0,1,202603,High,0.3615036606788635,0.6666666666666666,0.8333333333333334
N0,1,202603,High,0.5494980576663179,0.7692307692307693,0.8333333333333334
N0,1,202603,High,0.7036083628970832,0.8333333333333334,0.8333333333333334
N0,1,202603,High,0.8245673852401139,1.0,0.75
N0,1,202603,High,0.8765881820877676,1.0,0.6666666666666666
N0,1,202603,High,0.9342392158807137,1.0,0.5833333333333334
N0,1,202603,High,0.9512883722661729,1.0,0.5
N0,1,202603,High,0.9589780728163169,1.0,0.4166666666666667
N0,1,202603,High,0.9624408647066246,1.0,0.3333333333333333
N0,1,202603,High,0.967754829465303,1.0,0.25
N0,1,202603,High,0.9683484001068708,1.0,0.16666666666666666
N0,1,202603,High,0.9713324218938273,1.0,0.08333333333333333
N0,1,202603,High,1.0,1.0,0.0
N0,2,202603,Low,0.0005709853695858701,0.3333333333333333,1.0
N0,2,202603,Low,0.0006374320142307682,0.3387096774193548,1.0
N0,2,202603,Low,0.0007693016996959886,0.3442622950819672,1.0
N0,2,202603,Low,0.0008723172619835923,0.35,1.0
N0,2,202603,Low,0.001097958812523352,0.3559322033898305,1.0
N0,2,202603,Low,0.0012136008703485211,0.3620689655172414,1.0
N0,2,202603,Low,0.0016233566029664236,0.3684210526315789,1.0
N0,2,202603,Low,0.0024584952171455058,0.375,1.0
N0,2,202603,Low,0.002523913050558337,0.3888888888888889,1.0
N0,2,202603,Low,0.004103079157880823,0.39622641509433965,1.0
N0,2,202603,Low,0.005488053808643562,0.40384615384615385,1.0
N0,2,202603,Low,0.005709649776573027,0.4117647058823529,1.0
N0,2,202603,Low,0.006260908397479776,0.42,1.0
N0,2,202603,Low,0.006432589071624848,0.4375,1.0
N0,2,202603,Low,0.006661384257515515,0.44680851063829785,1.0
N0,2,202603,Low,0.006871233700654687,0.45652173913043476,1.0
N0,2,202603,Low,0.0071846642096523965,0.4772727272727273,1.0
N0,2,202603,Low,0.008311581883046218,0.4883720930232558,1.0
N0,2,202603,Low,0.009012962095513652,0.5121951219512195,1.0
N0,2,202603,Low,0.010672763208673141,0.525,1.0
N0,2,202603,Low,0.010711304494276963,0.5526315789473685,1.0
N0,2,202603,Low,0.013112180597644324,0.5833333333333334,1.0
N0,2,202603,Low,0.01601763425749356,0.6,1.0
N0,2,202603,Low,0.016228844375679233,0.6363636363636364,1.0
N0,2,202603,Low,0.028604787804286467,0.65625,1.0
N0,2,202603,Low,0.0375617743587916,0.6774193548387096,1.0
N0,2,202603,Low,0.07876574292089274,0.7777777777777778,1.0
N0,2,202603,Low,0.26705654311496674,0.8,0.9523809523809523
N0,2,202603,Low,0.39571385088042443,0.7916666666666666,0.9047619047619048
N0,2,202603,Low,0.4967284189853788,0.782608695652174,0.8571428571428571
N0,2,202603,Low,0.572358891476915,0.8181818181818182,0.8571428571428571
N0,2,202603,Low,0.5758316900320033,0.85,0.8095238095238095
N0,2,202603,Low,0.6650688016682179,0.8947368421052632,0.8095238095238095
N0,2,202603,Low,0.6972129117674642,1.0,0.7142857142857143
N0,2,202603,Low,0.7720013580978363,1.0,0.6666666666666666
N0,2,202603,Low,0.8080638042566629,1.0,0.6190476190476191
N0,2,202603,Low,0.8548611773573245,1.0,0.5238095238095238
N0,2,202603,Low,0.8815084348956762,1.0,0.47619047619047616
N0,2,202603,Low,0.89991497071547,1.0,0.38095238095238093
N0,2,202603,Low,0.931145469161925,1.0,0.3333333333333333
N0,2,202603,Low,0.9546750455847591,1.0,0.2857142857142857
N0,2,202603,Low,0.9711431264877319,1.0,0.23809523809523808
N0,2,202603,Low,0.9804650292012235,1.0,0.19047619047619047
N0,2,202603,Low,0.9841487914366175,1.0,0.14285714285714285
N0,2,202603,Low,0.9844457228438976,1.0,0.047619047619047616
N0,2,202603,Low,1.0,1.0,0.0
N0,2,202603,Medium,0.015009314283079408,0.49206349206349204,1.0
N0,2,202603,Medium,0.015344875725347047,0.5,1.0
N0,2,202603,Medium,0.019083529218126484,0.5166666666666667,1.0
N0,2,202603,Medium,0.025586875039398656,0.5254237288135594,1.0
N0,2,202603,Medium,0.028286973014473915,0.5344827586206896,1.0
N0,2,202603,Medium,0.03518803294994684,0.543859649122807,1.0
N0,2,202603,Medium,0.044690239573836534,0.5535714285714286,1.0
N0,2,202603,Medium,0.04682009140105267,0.5636363636363636,1.0
N0,2,202603,Medium,0.05738511842647684,0.5740740740740741,1.0
N0,2,202603,Medium,0.06804383399569089,0.5849056603773585,1.0
N0,2,202603,Medium,0.0787757443696622,0.5961538461538461,1.0
N0,2,202603,Medium,0.09050715053926363,0.6078431372549019,1.0
N0,2,202603,Medium,0.09889680790913767,0.62,1.0
N0,2,202603,Medium,0.1173340408528566,0.6326530612244898,1.0
N0,2,202603,Medium,0.13318524336842075,0.6595744680851063,1.0
N0,2,202603,Medium,0.14395462084066096,0.6739130434782609,1.0
N0,2,202603,Medium,0.19004832188244503,0.6888888888888889,1.0
N0,2,202603,Medium,0.2161978932248409,0.7209302325581395,1.0
N0,2,202603,Medium,0.22400467643867097,0.7380952380952381,1.0
N0,2,202603,Medium,0.2265330323081416,0.75,0.967741935483871
N0,2,202603,Medium,0.3009348711625482,0.7692307692307693,0.967741935483871
N0,2,202603,Medium,0.3328242284437573,0.7894736842105263,0.967741935483871
N0,2,202603,Medium,0.4210051280463735,0.8235294117647058,0.9032258064516129
N0,2,202603,Medium,0.42513801548855384,0.8181818181818182,0.8709677419354839
N0,2,202603,Medium,0.4532308187165248,0.8387096774193549,0.8387096774193549
N0,2,202603,Medium,0.4999618517468729,0.8666666666666667,0.8387096774193549
N0,2,202603,Medium,0.600638769870503,0.8620689655172413,0.8064516129032258
N0,2,202603,Medium,0.6754807722911489,0.8928571428571429,0.8064516129032258
N0,2,202603,Medium,0.7286970303207045,0.8888888888888888,0.7741935483870968
N0,2,202603,Medium,0.756978723406336,0.9230769230769231,0.7741935483870968
N0,2,202603,Medium,0.8318056371233727,0.96,0.7741935483870968
N0,2,202603,Medium,0.8824813571592193,0.9583333333333334,0.7419354838709677
N0,2,202603,Medium,0.9133075368732059,0.9545454545454546,0.6774193548387096
N0,2,202603,Medium,0.9150404981246618,0.9523809523809523,0.6451612903225806
N0,2,202603,Medium,0.9382150777971513,1.0,0.6129032258064516
N0,2,202603,Medium,0.9406633947164742,1.0,0.5483870967741935
N0,2,202603,Medium,0.9536588134255425,1.0,0.5161290322580645
N0,2,202603,Medium,0.9552751210199906,1.0,0.4838709677419355
N0,2,202603,Medium,0.9620733018776122,1.0,0.3548387096774194
N0,2,202603,Medium,0.9673169870783694,1.0,0.3225806451612903
N0,2,202603,Medium,0.9680597980481718,1.0,0.2903225806451613
N0,2,202603,Medium,0.9696368078384594,1.0,0.22580645161290322
N0,2,202603,Medium,0.9728203912256059,1.0,0.16129032258064516
N0,2,202603,Medium,0.9746487419002634,1.0,0.0967741935483871
N0,2,202603,Medium,0.9750978746897045,1.0,0.03225806451612903
N0,2,202603,Medium,1.0,1.0,0.0
N0,2,202603,High,0.00045144158065002753,0.1746031746031746,1.0
N0,2,202603,High,0.000506332838035426,0.1774193548387097,1.0
N0,2,202603,High,0.0005449628730229346,0.18333333333333332,1.0
N0,2,202603,High,0.0005699004977941513,0.1864406779661017,1.0
N0,2,202603,High,0.0006347148414043022,0.1896551724137931,1.0
N0,2,202603,High,0.0008106968423841852,0.19298245614035087,1.0
N0,2,202603,High,0.0011575242514671761,0.19642857142857142,1.0
N0,2,202603,High,0.0011842018020145494,0.2037037037037037,1.0
N0,2,202603,High,0.0011882213753923448,0.20754716981132076,1.0
N0,2,202603,High,0.0014656095940221397,0.21153846153846154,1.0
N0,2,202603,High,0.0018522170699875825,0.21568627450980393,1.0
N0,2,202603,High,0.0018878738608920406,0.22,1.0
N0,2,202603,High,0.0021069698880247538,0.22916666666666666,1.0
N0,2,202603,High,0.0025030930345311467,0.25,1.0
N0,2,202603,High,0.0031631819216231885,0.2619047619047619,1.0
N0,2,202603,High,0.0033097292677483005,0.2682926829268293,1.0
N0,2,202603,High,0.0036473792490725027,0.275,1.0
N0,2,202603,High,0.004246426564328725,0.28205128205128205,1.0
N0,2,202603,High,0.006193758954445416,0.2894736842105263,1.0
N0,2,202603,High,0.007163104621217878,0.3055555555555556,1.0
N0,2,202603,High,0.009321910318101284,0.34375,1.0
N0,2,202603,High,0.011161974516900517,0.3548387096774194,1.0
N0,2,202603,High,0.011789944712651164,0.3793103448275862,1.0
N0,2,202603,High,0.014639953605459652,0.39285714285714285,1.0
N0,2,202603,High,0.016454168545951334,0.4230769230769231,1.0
N0,2,202603,High,0.021267438743155127,0.44,1.0
N0,2,202603,High,0.02205161027849439,0.4782608695652174,1.0
N0,2,202603,High,0.03915652236480508,0.5238095238095238,1.0
N0,2,202603,High,0.05032364318801214,0.55,1.0
N0,2,202603,High,0.05491368850219407,0.5789473684210527,1.0
N0,2,202603,High,0.08003107886927857,0.6470588235294118,1.0
N0,2,202603,High,0.11125773444330098,0.6875,1.0
N0,2,202603,High,0.16176177380500242,0.7857142857142857,1.0
N0,2,202603,High,0.23731162681709103,0.8461538461538461,1.0
N0,2,202603,High,0.3190311739002075,0.8333333333333334,0.9090909090909091
N0,2,202603,High,0.5426661021255943,0.9090909090909091,0.9090909090909091
N0,2,202603,High,0.7735368283441835,0.9,0.8181818181818182
N0,2,202603,High,0.7812781937246008,1.0,0.7272727272727273
N0,2,202603,High,0.8651914000286128,1.0,0.6363636363636364
N0,2,202603,High,0.9082792485903879,1.0,0.5454545454545454
N0,2,202603,High,0.9201262968178144,1.0,0.45454545454545453
N0,2,202603,High,0.9417425643115396,1.0,0.36363636363636365
N0,2,202603,High,0.9524106068992514,1.0,0.2727272727272727
N0,2,202603,High,0.9641745350358224,1.0,0.18181818181818182
N0,2,202603,High,0.9738421395910155,1.0,0.09090909090909091
N0,2,202603,High,1.0,1.0,0.0
N0,3,202603,Low,0.004734598276562925,0.3333333333333333,1.0
N0,3,202603,Low,0.004753814824241937,0.3442622950819672,1.0
N0,3,202603,Low,0.00497663512226483,0.35,1.0
N0,3,202603,Low,0.005025503389437328,0.3559322033898305,1.0
N0,3,202603,Low,0.0058109124303779595,0.375,1.0
N0,3,202603,Low,0.009474504134204847,0.3888888888888889,1.0
N0,3,202603,Low,0.009926167048645351,0.40384615384615385,1.0
N0,3,202603,Low,0.010660458316428742,0.4117647058823529,1.0
N0,3,202603,Low,0.010705229138340046,0.42,1.0
N0,3,202603,Low,0.011413166688688563,0.4375,1.0
N0,3,202603,Low,0.011826090338437404,0.44680851063829785,1.0
N0,3,202603,Low,0.012061594211368187,0.45652173913043476,1.0
N0,3,202603,Low,0.013148821645438269,0.4666666666666667,1.0
N0,3,202603,Low,0.014241516271795714,0.4772727272727273,1.0
N0,3,202603,Low,0.014427713938141754,0.5,1.0
N0,3,202603,Low,0.017164211960009466,0.525,1.0
N0,3,202603,Low,0.019326783464686043,0.5526315789473685,1.0
N0,3,202603,Low,0.02692278738027322,0.5675675675675675,1.0
N0,3,202603,Low,0.03045700548151738,0.5833333333333334,1.0
N0,3,202603,Low,0.05276827347081034,0.6176470588235294,1.0
N0,3,202603,Low,0.08655636890621864,0.65625,1.0
N0,3,202603,Low,0.129576012733534,0.6774193548387096,1.0
N0,3,202603,Low,0.21231936056747616,0.7,1.0
N0,3,202603,Low,0.24305921272340986,0.7241379310344828,1.0
N0,3,202603,Low,0.5531910714554618,0.75,1.0
N0,3,202603,Low,0.615084190771787,0.7777777777777778,1.0
N0,3,202603,Low,0.7394448773557883,0.84,1.0
N0,3,202603,Low,0.7761266135762654,0.875,1.0
N0,3,202603,Low,0.8041914980450023,0.8695652173913043,0.9523809523809523
N0,3,202603,Low,0.8278945987064978,0.8636363636363636,0.9047619047619048
N0,3,202603,Low,0.8503365487078323,1.0,0.9047619047619048
N0,3,202603,Low,0.8797090356696716,1.0,0.8571428571428571
N0,3,202603,Low,0.8924120836770011,1.0,0.8095238095238095
N0,3,202603,Low,0.9206393625035779,1.0,0.7619047619047619
N0,3,202603,Low,0.9326711545634585,1.0,0.7142857142857143
N0,3,202603,Low,0.9396078775713534,1.0,0.6666666666666666
N0,3,202603,Low,0.9437417414330181,1.0,0.6190476190476191
N0,3,202603,Low,0.9635100736396836,1.0,0.5714285714285714
N0,3,202603,Low,0.9641313986209191,1.0,0.42857142857142855
N0,3,202603,Low,0.9658856416550551,1.0,0.38095238095238093
N0,3,202603,Low,0.9663952339498479,1.0,0.3333333333333333
N0,3,202603,Low,0.9664196891574494,1.0,0.2857142857142857
N0,3,202603,Low,0.9670397187328297,1.0,0.23809523809523808
N0,3,202603,Low,0.9675086278952222,1.0,0.09523809523809523
N0,3,202603,Low,0.9685836406618071,1.0,0.047619047619047616
N0,3,202603,Low,1.0,1.0,0.0
N0,3,202603,Medium,0.026727342073808117,0.49206349206349204,1.0
N0,3,202603,Medium,0.0267752853099657,0.5,1.0
N0,3,202603,Medium,0.02699229286104954,0.5081967213114754,1.0
N0,3,202603,Medium,0.028369982086265032,0.5166666666666667,1.0
N0,3,202603,Medium,0.028401652774239373,0.5254237288135594,1.0
N0,3,202603,Medium,0.02931882629450319,0.5535714285714286,1.0
N0,3,202603,Medium,0.031719793863294106,0.5636363636363636,1.0
N0,3,202603,Medium,0.032874747345346324,0.5740740740740741,1.0
N0,3,202603,Medium,0.05378681063778739,0.6078431372549019,1.0
N0,3,202603,Medium,0.05607289950606429,0.62,1.0
N0,3,202603,Medium,0.06504723899099103,0.6326530612244898,1.0
N0,3,202603,Medium,0.0653577869624724,0.6458333333333334,1.0
N0,3,202603,Medium,0.07145207095799318,0.6595744680851063,1.0
N0,3,202603,Medium,0.07653599205890564,0.6739130434782609,1.0
N0,3,202603,Medium,0.08407384470380264,0.6888888888888889,1.0
N0,3,202603,Medium,0.10554667805984562,0.7209302325581395,1.0
N0,3,202603,Medium,0.1089019512865397,0.7380952380952381,1.0
N0,3,202603,Medium,0.11834271659951705,0.7948717948717948,1.0
N0,3,202603,Medium,0.14654279167123088,0.8157894736842105,1.0
N0,3,202603,Medium,0.15855446996841407,0.8378378378378378,1.0
N0,3,202603,Medium,0.16922565423148397,0.8857142857142857,1.0
N0,3,202603,Medium,0.19295533670819018,0.875,0.9032258064516129
N0,3,202603,Medium,0.2208661558791282,0.9032258064516129,0.9032258064516129
N0,3,202603,Medium,0.2571698813841544,0.9333333333333333,0.9032258064516129
N0,3,202603,Medium,0.3806686819929026,0.9310344827586207,0.8709677419354839
N0,3,202603,Medium,0.4422586009510277,0.9259259259259259,0.8064516129032258
N0,3,202603,Medium,0.7476522762365617,0.9230769230769231,0.7741935483870968
N0,3,202603,Medium,0.782557075356971,0.92,0.7419354838709677
N0,3,202603,Medium,0.8544968978585618,0.9166666666666666,0.7096774193548387
N0,3,202603,Medium,0.8677287503839564,0.9130434782608695,0.6774193548387096
N0,3,202603,Medium,0.9072775384132559,0.9523809523809523,0.6451612903225806
N0,3,202603,Medium,0.9231309157143397,0.95,0.6129032258064516
N0,3,202603,Medium,0.939742177770255,1.0,0.6129032258064516
N0,3,202603,Medium,0.9443657222322054,1.0,0.5483870967741935
N0,3,202603,Medium,0.9583571724767953,1.0,0.5161290322580645
N0,3,202603,Medium,0.9590707997084733,1.0,0.45161290322580644
N0,3,202603,Medium,0.9604477411566938,1.0,0.3870967741935484
N0,3,202603,Medium,0.9626042121309237,1.0,0.3548387096774194
N0,3,202603,Medium,0.9660284723879411,1.0,0.3225806451612903
N0,3,202603,Medium,0.9673099255100519,1.0,0.2903225806451613
N0,3,202603,Medium,0.967967864245296,1.0,0.22580645161290322
N0,3,202603,Medium,0.9721037482926541,1.0,0.1935483870967742
N0,3,202603,Medium,0.9725071921964485,1.0,0.16129032258064516
N0,3,202603,Medium,0.9726233618234754,1.0,0.12903225806451613
N0,3,202603,Medium,0.9737769918519971,1.0,0.06451612903225806
N0,3,202603,Medium,1.0,1.0,0.0
N0,3,202603,High,0.0019482477308112812,0.1746031746031746,1.0
N0,3,202603,High,0.0019710584740691454,0.1774193548387097,1.0
N0,3,202603,High,0.00204123826315333,0.18032786885245902,1.0
N0,3,202603,High,0.002471447929194517,0.18333333333333332,1.0
N0,3,202603,High,0.0028246454375163944,0.1864406779661017,1.0
N0,3,202603,High,0.0028531652468074165,0.1896551724137931,1.0
N0,3,202603,High,0.0028797470620182085,0.19298245614035087,1.0
N0,3,202603,High,0.0030072305446064056,0.2037037037037037,1.0
N0,3,202603,High,0.0031206596209368575,0.20754716981132076,1.0
N0,3,202603,High,0.0033852412600572468,0.21153846153846154,1.0
N0,3,202603,High,0.003615179014970106,0.21568627450980393,1.0
N0,3,202603,High,0.004121390018512762,0.22916666666666666,1.0
N0,3,202603,High,0.0041488075157867415,0.23404255319148937,1.0
N0,3,202603,High,0.004247127235310456,0.2391304347826087,1.0
N0,3,202603,High,0.004319222922582304,0.25,1.0
N0,3,202603,High,0.004550327593510602,0.2558139534883721,1.0
N0,3,202603,High,0.004558628492930956,0.2619047619047619,1.0
N0,3,202603,High,0.004641074028227165,0.28205128205128205,1.0
N0,3,202603,High,0.004795532050441682,0.2894736842105263,1.0
N0,3,202603,High,0.00512356407555281,0.2972972972972973,1.0
N0,3,202603,High,0.006166092680525527,0.3055555555555556,1.0
N0,3,202603,High,0.006588017981501154,0.3142857142857143,1.0
N0,3,202603,High,0.006877423976343892,0.3235294117647059,1.0
N0,3,202603,High,0.007048740231785737,0.3333333333333333,1.0
N0,3,202603,High,0.007489548758934571,0.34375,1.0
N0,3,202603,High,0.009288511040028414,0.36666666666666664,1.0
N0,3,202603,High,0.010212426216515148,0.3793103448275862,1.0
N0,3,202603,High,0.011185822041687271,0.4074074074074074,1.0
N0,3,202603,High,0.011795294209861147,0.44,1.0
N0,3,202603,High,0.01592708940790424,0.4782608695652174,1.0
N0,3,202603,High,0.016079641114862916,0.5,1.0
N0,3,202603,High,0.01797008465870055,0.5238095238095238,1.0
N0,3,202603,High,0.018069004404390174,0.55,1.0
N0,3,202603,High,0.021371677438275227,0.5789473684210527,1.0
N0,3,202603,High,0.023215570355743266,0.6111111111111112,1.0
N0,3,202603,High,0.027490664631937913,0.6875,1.0
N0,3,202603,High,0.030223971153186625,0.7333333333333333,1.0
N0,3,202603,High,0.04248545612235635,0.8461538461538461,1.0
N0,3,202603,High,0.06504299394722292,0.9166666666666666,1.0
N0,3,202603,High,0.11802973334424793,0.9090909090909091,0.9090909090909091
N0,3,202603,High,0.8356346176012079,1.0,0.8181818181818182
N0,3,202603,High,0.8860725453240229,1.0,0.6363636363636364
N0,3,202603,High,0.9111915570196344,1.0,0.36363636363636365
N0,3,202603,High,0.9237941142177649,1.0,0.18181818181818182
N0,3,202603,High,0.9299761258867442,1.0,0.09090909090909091
N0,3,202603,High,1.0,1.0,0.0
N0,4,202603,Low,0.0007730537950930886,0.31746031746031744,1.0
N0,4,202603,Low,0.0008107806039908279,0.3225806451612903,1.0
N0,4,202603,Low,0.0009104687157362141,0.3333333333333333,1.0
N0,4,202603,Low,0.001141474788242729,0.3448275862068966,1.0
N0,4,202603,Low,0.001147134869540451,0.3508771929824561,1.0
N0,4,202603,Low,0.00130162239841709,0.36363636363636365,1.0
N0,4,202603,Low,0.0013188212356743476,0.37037037037037035,1.0
N0,4,202603,Low,0.0034974981555389,0.38461538461538464,1.0
N0,4,202603,Low,0.0035014459830695335,0.39215686274509803,1.0
N0,4,202603,Low,0.003914229717635725,0.4166666666666667,1.0
N0,4,202603,Low,0.0044159987894296406,0.425531914893617,1.0
N0,4,202603,Low,0.005647511531969914,0.43478260869565216,1.0
N0,4,202603,Low,0.005868391128379487,0.4444444444444444,1.0
N0,4,202603,Low,0.006964598240215233,0.47619047619047616,1.0
N0,4,202603,Low,0.008943763528228687,0.4878048780487805,1.0
N0,4,202603,Low,0.009055222831598306,0.5,1.0
N0,4,202603,Low,0.010621181115481533,0.5128205128205128,1.0
N0,4,202603,Low,0.010810776442491263,0.5263157894736842,1.0
N0,4,202603,Low,0.014278198724850918,0.5405405405405406,1.0
N0,4,202603,Low,0.01961852451152016,0.5555555555555556,1.0
N0,4,202603,Low,0.020205368410022146,0.5714285714285714,1.0
N0,4,202603,Low,0.023374849429706544,0.6060606060606061,1.0
N0,4,202603,Low,0.03974589088630975,0.625,1.0
N0,4,202603,Low,0.09952230096826556,0.6666666666666666,1.0
N0,4,202603,Low,0.1807698744250633,0.6896551724137931,1.0
N0,4,202603,Low,0.26654338802537214,0.7142857142857143,1.0
N0,4,202603,Low,0.4331258935766011,0.76,0.95
N0,4,202603,Low,0.5432543529432092,0.7916666666666666,0.95
N0,4,202603,Low,0.6380764918543723,0.8181818181818182,0.9
N0,4,202603,Low,0.7130856332176186,0.8421052631578947,0.8
N0,4,202603,Low,0.7711947909550245,0.875,0.7
N0,4,202603,Low,0.8856641655870658,0.9230769230769231,0.6
N0,4,202603,Low,0.9305942733896118,0.9166666666666666,0.55
N0,4,202603,Low,0.9374179832100805,1.0,0.4
N0,4,202603,Low,0.9731898281057235,1.0,0.35
N0,4,202603,Low,0.9849788515315538,1.0,0.25
N0,4,202603,Low,0.9852592939937409,1.0,0.2
N0,4,202603,Low,0.9881189112086389,1.0,0.15
N0,4,202603,Low,0.9917849939027124,1.0,0.05
N0,4,202603,Low,1.0,1.0,0.0
N0,4,202603,Medium,0.007532645526434936,0.49206349206349204,1.0
N0,4,202603,Medium,0.01139509823392798,0.5,1.0
N0,4,202603,Medium,0.014310931779397745,0.5166666666666667,1.0
N0,4,202603,Medium,0.014665612904397078,0.5254237288135594,1.0
N0,4,202603,Medium,0.017581356784507292,0.5344827586206896,1.0
N0,4,202603,Medium,0.01860644906049497,0.543859649122807,1.0
N0,4,202603,Medium,0.02639331636748294,0.5636363636363636,1.0
N0,4,202603,Medium,0.02834615256547778,0.5849056603773585,1.0
N0,4,202603,Medium,0.05997100078691211,0.6078431372549019,1.0
N0,4,202603,Medium,0.061680711556659794,0.62,1.0
N0,4,202603,Medium,0.06419748485571491,0.6326530612244898,1.0
N0,4,202603,Medium,0.06879289066253592,0.6595744680851063,1.0
N0,4,202603,Medium,0.07725832429642539,0.6976744186046512,0.967741935483871
N0,4,202603,Medium,0.10650489623129461,0.7142857142857143,0.967741935483871
N0,4,202603,Medium,0.1137860418094582,0.75,0.967741935483871
N0,4,202603,Medium,0.2277217610487441,0.7692307692307693,0.967741935483871
N0,4,202603,Medium,0.2346237687253866,0.8055555555555556,0.9354838709677419
N0,4,202603,Medium,0.2818206248042913,0.8285714285714286,0.9354838709677419
N0,4,202603,Medium,0.28594212995128165,0.8125,0.8387096774193549
N0,4,202603,Medium,0.36097181276186563,0.8620689655172413,0.8064516129032258
N0,4,202603,Medium,0.36849722746662905,0.9230769230769231,0.7741935483870968
N0,4,202603,Medium,0.45569280881590213,0.92,0.7419354838709677
N0,4,202603,Medium,0.5651734008838191,0.9565217391304348,0.7096774193548387
N0,4,202603,Medium,0.6296292073438204,0.9545454545454546,0.6774193548387096
N0,4,202603,Medium,0.7321075787705854,0.9523809523809523,0.6451612903225806
N0,4,202603,Medium,0.8177437131026369,1.0,0.5806451612903226
N0,4,202603,Medium,0.8225766230342547,1.0,0.5483870967741935
N0,4,202603,Medium,0.8911132118355415,1.0,0.5161290322580645
N0,4,202603,Medium,0.8985165439178574,1.0,0.4838709677419355
N0,4,202603,Medium,0.9333631387601019,1.0,0.45161290322580644
N0,4,202603,Medium,0.9557932948731797,1.0,0.3548387096774194
N0,4,202603,Medium,0.9579353935795502,1.0,0.3225806451612903
N0,4,202603,Medium,0.963205588102757,1.0,0.25806451612903225
N0,4,202603,Medium,0.9735567361192732,1.0,0.22580645161290322
N0,4,202603,Medium,0.9756197402384645,1.0,0.1935483870967742
N0,4,202603,Medium,0.9758521523683867,1.0,0.16129032258064516
N0,4,202603,Medium,0.9760262771376538,1.0,0.0967741935483871
N0,4,202603,Medium,0.9815714918763507,1.0,0.06451612903225806
N0,4,202603,Medium,0.9834096276034008,1.0,0.03225806451612903
N0,4,202603,Medium,1.0,1.0,0.0
N0,4,202603,High,0.000355535564049107,0.19047619047619047,1.0
N0,4,202603,High,0.00041685552679350394,0.1935483870967742,1.0
N0,4,202603,High,0.00042977422686130926,0.2,1.0
N0,4,202603,High,0.0004859905574330363,0.2033898305084746,1.0
N0,4,202603,High,0.0005497926034759566,0.21052631578947367,1.0
N0,4,202603,High,0.0006128359478522619,0.21428571428571427,1.0
N0,4,202603,High,0.0006823605708527106,0.23076923076923078,1.0
N0,4,202603,High,0.0009013052332596333,0.23529411764705882,1.0
N0,4,202603,High,0.0009516953837620821,0.24,1.0
N0,4,202603,High,0.0009722368310997419,0.2553191489361702,1.0
N0,4,202603,High,0.00105283824088862,0.2727272727272727,1.0
N0,4,202603,High,0.0010834479962314096,0.2857142857142857,1.0
N0,4,202603,High,0.0013490332040424265,0.3076923076923077,1.0
N0,4,202603,High,0.0014864124722997747,0.3333333333333333,1.0
N0,4,202603,High,0.0017007055395798787,0.34285714285714286,1.0
N0,4,202603,High,0.0019611551138770415,0.35294117647058826,1.0
N0,4,202603,High,0.002318715534140146,0.36363636363636365,1.0
N0,4,202603,High,0.003068414451020274,0.3870967741935484,1.0
N0,4,202603,High,0.003942479221591161,0.4,1.0
N0,4,202603,High,0.0043551983508260395,0.42857142857142855,1.0
N0,4,202603,High,0.00577959595410793,0.4444444444444444,1.0
N0,4,202603,High,0.009484744595420567,0.46153846153846156,1.0
N0,4,202603,High,0.013759078646053968,0.48,1.0
N0,4,202603,High,0.02251621317239204,0.5,1.0
N0,4,202603,High,0.038559193594850404,0.5217391304347826,1.0
N0,4,202603,High,0.06076847011151866,0.5454545454545454,1.0
N0,4,202603,High,0.10192218992424328,0.631578947368421,1.0
N0,4,202603,High,0.16836815413414702,0.6666666666666666,1.0
N0,4,202603,High,0.3659547938667499,0.7058823529411765,1.0
N0,4,202603,High,0.628005274377832,0.75,1.0
N0,4,202603,High,0.7146779292126392,0.8,1.0
N0,4,202603,High,0.7614620015569777,1.0,1.0
N0,4,202603,High,0.892176282533031,1.0,0.9166666666666666
N0,4,202603,High,0.9216002009153319,1.0,0.75
N0,4,202603,High,0.9346553802747446,1.0,0.6666666666666666
N0,4,202603,High,0.9387273768146708,1.0,0.5
N0,4,202603,High,0.9708430668305313,1.0,0.4166666666666667
N0,4,202603,High,0.9804830822237688,1.0,0.25
N0,4,202603,High,0.9816455894203996,1.0,0.08333333333333333
N0,4,202603,High,1.0,1.0,0.0
N0,0,202604,Low,0.00022722172572653916,0.328125,1.0
N0,0,202604,Low,0.0002995799252358369,0.3333333333333333,1.0
N0,0,202604,Low,0.00033868682425010886,0.3387096774193548,1.0
N0,0,202604,Low,0.0004504702035352463,0.35,1.0
N0,0,202604,Low,0.0005245869055114051,0.3684210526315789,1.0
N0,0,202604,Low,0.0006400122609174835,0.38181818181818183,1.0
N0,0,202604,Low,0.0011999749926391845,0.3888888888888889,1.0
N0,0,202604,Low,0.004947938283052802,0.39622641509433965,1.0
N0,0,202604,Low,0.007334632594102083,0.40384615384615385,1.0
N0,0,202604,Low,0.007709864725510112,0.42,1.0
N0,0,202604,Low,0.011038521613139332,0.4375,1.0
N0,0,202604,Low,0.011877532526355893,0.44680851063829785,1.0
N0,0,202604,Low,0.01616457306001869,0.45652173913043476,1.0
N0,0,202604,Low,0.017021087461948112,0.5,1.0
N0,0,202604,Low,0.026587195942059123,0.5121951219512195,1.0
N0,0,202604,Low,0.04353753291324388,0.525,1.0
N0,0,202604,Low,0.04552481776566388,0.5384615384615384,1.0
N0,0,202604,Low,0.049817836846824046,0.5833333333333334,1.0
N0,0,202604,Low,0.0764383827662735,0.6,1.0
N0,0,202604,Low,0.08199039720112661,0.6176470588235294,1.0
N0,0,202604,Low,0.09021075361279705,0.6363636363636364,1.0
N0,0,202604,Low,0.11781491871366609,0.65625,1.0
N0,0,202604,Low,0.16213621677539636,0.6774193548387096,1.0
N0,0,202604,Low,0.2679436555373101,0.7407407407407407,0.9523809523809523
N0,0,202604,Low,0.3020578328142334,0.76,0.9047619047619048
N0,0,202604,Low,0.3665521620577539,0.7727272727272727,0.8095238095238095
N0,0,202604,Low,0.4566959253802719,0.7619047619047619,0.7619047619047619
N0,0,202604,Low,0.5357512512355297,0.8,0.7619047619047619
N0,0,202604,Low,0.5440089015363154,0.8421052631578947,0.7619047619047619
N0,0,202604,Low,0.61551649589351,0.8888888888888888,0.7619047619047619
N0,0,202604,Low,0.62433612404795,0.9375,0.7142857142857143
N0,0,202604,Low,0.6982784715680248,0.9230769230769231,0.5714285714285714
N0,0,202604,Low,0.8051878073512491,1.0,0.5238095238095238
N0,0,202604,Low,0.8421602487099554,1.0,0.47619047619047616
N0,0,202604,Low,0.8849862036536154,1.0,0.38095238095238093
N0,0,202604,Low,0.8935886423693108,1.0,0.3333333333333333
N0,0,202604,Low,0.9100314756670048,1.0,0.2857142857142857
N0,0,202604,Low,0.9195620353765686,1.0,0.19047619047619047
N0,0,202604,Low,0.9309465755652502,1.0,0.14285714285714285
N0,0,202604,Low,0.9672820994060225,1.0,0.047619047619047616
N0,0,202604,Low,1.0,1.0,0.0
N0,0,202604,Medium,0.032662797144951405,0.484375,1.0
N0,0,202604,Medium,0.04190699781636249,0.49206349206349204,1.0
N0,0,202604,Medium,0.05271053983176745,0.5,1.0
N0,0,202604,Medium,0.0586917322388689,0.5081967213114754,1.0
N0,0,202604,Medium,0.06892854624463231,0.5254237288135594,1.0
N0,0,202604,Medium,0.07263612904896005,0.543859649122807,1.0
N0,0,202604,Medium,0.0802714893610464,0.5740740740740741,1.0
N0,0,202604,Medium,0.08827067570415972,0.5849056603773585,1.0
N0,0,202604,Medium,0.08979915024123074,0.6078431372549019,1.0
N0,0,202604,Medium,0.10318311972635238,0.6326530612244898,1.0
N0,0,202604,Medium,0.10620615396270935,0.6458333333333334,1.0
N0,0,202604,Medium,0.11473490090351524,0.6595744680851063,1.0
N0,0,202604,Medium,0.15750982687686754,0.6739130434782609,1.0
N0,0,202604,Medium,0.18963480931726084,0.7045454545454546,1.0
N0,0,202604,Medium,0.19438272375743687,0.7209302325581395,1.0
N0,0,202604,Medium,0.30095961036521857,0.7380952380952381,1.0
N0,0,202604,Medium,0.3746212128313456,0.75,0.967741935483871
N0,0,202604,Medium,0.383402146491567,0.8108108108108109,0.967741935483871
N0,0,202604,Medium,0.454602353104537,0.8285714285714286,0.9354838709677419
N0,0,202604,Medium,0.46277982218385805,0.8235294117647058,0.9032258064516129
N0,0,202604,Medium,0.5414275062687636,0.8181818181818182,0.8709677419354839
N0,0,202604,Medium,0.6125033817255771,0.8125,0.8387096774193549
N0,0,202604,Medium,0.6309826762954338,0.8387096774193549,0.8387096774193549
N0,0,202604,Medium,0.69487332479285,0.8666666666666667,0.8387096774193549
N0,0,202604,Medium,0.728681041631653,0.9259259259259259,0.8064516129032258
N0,0,202604,Medium,0.7801475600932253,0.96,0.7741935483870968
N0,0,202604,Medium,0.7856330652078689,0.9565217391304348,0.7096774193548387
N0,0,202604,Medium,0.8327680306551437,0.9523809523809523,0.6451612903225806
N0,0,202604,Medium,0.8754516639368661,1.0,0.5483870967741935
N0,0,202604,Medium,0.8858788318722665,1.0,0.5161290322580645
N0,0,202604,Medium,0.8975281966159547,1.0,0.4838709677419355
N0,0,202604,Medium,0.9017877721259933,1.0,0.45161290322580644
N0,0,202604,Medium,0.9097850412992652,1.0,0.41935483870967744
N0,0,202604,Medium,0.9145872652550329,1.0,0.3870967741935484
N0,0,202604,Medium,0.9367130224273909,1.0,0.3548387096774194
N0,0,202604,Medium,0.937551456042126,1.0,0.3225806451612903
N0,0,202604,Medium,0.941429154842304,1.0,0.2903225806451613
N0,0,202604,Medium,0.9415090171760788,1.0,0.1935483870967742
N0,0,202604,Medium,0.9429185198380164,1.0,0.06451612903225806
N0,0,202604,Medium,0.9505872218924316,1.0,0.03225806451612903
N0,0,202604,Medium,1.0,1.0,0.0
N0,0,202604,High,5.5103449026082786e-05,0.1875,1.0
N0,0,202604,High,0.00012487819011754546,0.19047619047619047,1.0
N0,0,202604,High,0.00016647526238508436,0.19672131147540983,1.0
N0,0,202604,High,0.00016937409176444757,0.2,1.0
N0,0,202604,High,0.00020520366797987984,0.20689655172413793,1.0
N0,0,202604,High,0.0002788954428694462,0.21052631578947367,1.0
N0,0,202604,High,0.0003299244131770809,0.21428571428571427,1.0
N0,0,202604,High,0.00042946889131411834,0.2222222222222222,1.0
N0,0,202604,High,0.0007619180667565997,0.22641509433962265,1.0
N0,0,202604,High,0.0010426631207043893,0.23529411764705882,1.0
N0,0,202604,High,0.0010813576149229702,0.25,1.0
N0,0,202604,High,0.001388745359147511,0.2608695652173913,1.0
N0,0,202604,High,0.0014689265806122672,0.26666666666666666,1.0
N0,0,202604,High,0.00187656835096455,0.2727272727272727,1.0
N0,0,202604,High,0.0024651616468122713,0.27906976744186046,1.0
N0,0,202604,High,0.003068842392916567,0.2857142857142857,1.0
N0,0,202604,High,0.0033753028310368606,0.3076923076923077,1.0
N0,0,202604,High,0.005095752569459917,0.32432432432432434,1.0
N0,0,202604,High,0.006733417349467745,0.36363636363636365,1.0
N0,0,202604,High,0.008001474261209732,0.375,1.0
N0,0,202604,High,0.008224561499608197,0.3870967741935484,1.0
N0,0,202604,High,0.00897435197869359,0.4,1.0
N0,0,202604,High,0.01304602739203211,0.41379310344827586,1.0
N0,0,202604,High,0.013469140725785108,0.46153846153846156,1.0
N0,0,202604,High,0.013543947248739724,0.48,1.0
N0,0,202604,High,0.022825582165509298,0.5,1.0
N0,0,202604,High,0.04232640976390252,0.5217391304347826,1.0
N0,0,202604,High,0.045427456495925944,0.631578947368421,1.0
N0,0,202604,High,0.0914332817709059,0.6666666666666666,1.0
N0,0,202604,High,0.1022436356013776,0.7058823529411765,1.0
N0,0,202604,High,0.20703230219802907,0.75,1.0
N0,0,202604,High,0.21214257518126461,0.8571428571428571,1.0
N0,0,202604,High,0.38254867999137016,1.0,1.0
N0,0,202604,High,0.8091652156900999,1.0,0.9166666666666666
N0,0,202604,High,0.8961768680127301,1.0,0.8333333333333334
N0,0,202604,High,0.9112047373903289,1.0,0.75
N0,0,202604,High,0.9269134007475047,1.0,0.5833333333333334
N0,0,202604,High,0.940969580936881,1.0,0.3333333333333333
N0,0,202604,High,0.9469898802429967,1.0,0.16666666666666666
N0,0,202604,High,0.9578657804579109,1.0,0.08333333333333333
N0,0,202604,High,1.0,1.0,0.0
N0,1,202604,Low,8.552871482526656e-05,0.3333333333333333,1.0
N0,1,202604,Low,8.870337680788128e-05,0.3387096774193548,1.0
N0,1,202604,Low,9.054595096760469e-05,0.3442622950819672,1.0
N0,1,202604,Low,0.0001063678088037432,0.35,1.0
N0,1,202604,Low,0.00011079444320411334,0.3559322033898305,1.0
N0,1,202604,Low,0.0001752865251389184,0.3620689655172414,1.0
N0,1,202604,Low,0.00021082030109129352,0.3684210526315789,1.0
N0,1,202604,Low,0.0008440244895779328,0.375,1.0
N0,1,202604,Low,0.0011303537141330476,0.38181818181818183,1.0
N0,1,202604,Low,0.0031719585643532,0.3888888888888889,1.0
N0,1,202604,Low,0.0035510283575049383,0.39622641509433965,1.0
N0,1,202604,Low,0.003921657395276564,0.42,1.0
N0,1,202604,Low,0.004174364614085352,0.42857142857142855,1.0
N0,1,202604,Low,0.004503627286741383,0.44680851063829785,1.0
N0,1,202604,Low,0.004562623888447681,0.45652173913043476,1.0
N0,1,202604,Low,0.004661166295809812,0.4772727272727273,1.0
N0,1,202604,Low,0.005181666309216504,0.5,1.0
N0,1,202604,Low,0.005646135805260206,0.525,1.0
N0,1,202604,Low,0.005712113108930104,0.5384615384615384,1.0
N0,1,202604,Low,0.006462919737285441,0.5526315789473685,1.0
N0,1,202604,Low,0.007929640261888898,0.5675675675675675,1.0
N0,1,202604,Low,0.019504233228994083,0.5833333333333334,1.0
N0,1,202604,Low,0.0324184535090794,0.6,1.0
N0,1,202604,Low,0.13383722506110746,0.6176470588235294,1.0
N0,1,202604,Low,0.19508051985805225,0.65625,1.0
N0,1,202604,Low,0.22484492388473495,0.7777777777777778,1.0
N0,1,202604,Low,0.2952491025062688,0.8076923076923077,1.0
N0,1,202604,Low,0.5402793382418843,0.875,1.0
N0,1,202604,Low,0.5969064025830322,0.8571428571428571,0.8571428571428571
N0,1,202604,Low,0.7799723947725654,0.8947368421052632,0.8095238095238095
N0,1,202604,Low,0.8283349558596691,0.8888888888888888,0.7619047619047619
N0,1,202604,Low,0.8592301872330024,0.9333333333333333,0.6666666666666666
N0,1,202604,Low,0.8845025270236525,0.9230769230769231,0.5714285714285714
N0,1,202604,Low,0.9511335011857845,1.0,0.47619047619047616
N0,1,202604,Low,0.9595810922285617,1.0,0.42857142857142855
N0,1,202604,Low,0.9656246137648234,1.0,0.2857142857142857
N0,1,202604,Low,0.9760417960673601,1.0,0.14285714285714285
N0,1,202604,Low,0.9784312339252852,1.0,0.09523809523809523
N0,1,202604,Low,0.9851963390197258,1.0,0.047619047619047616
N0,1,202604,Low,1.0,1.0,0.0
N0,1,202604,Medium,0.009323894091767818,0.47619047619047616,1.0
N0,1,202604,Medium,0.010383600056986223,0.4838709677419355,1.0
N0,1,202604,Medium,0.010525192374010131,0.4918032786885246,1.0
N0,1,202604,Medium,0.013564062609919512,0.5,1.0
N0,1,202604,Medium,0.014350170564335785,0.5084745762711864,1.0
N0,1,202604,Medium,0.01476617324261371,0.5172413793103449,1.0
N0,1,202604,Medium,0.021519047028733477,0.5263157894736842,1.0
N0,1,202604,Medium,0.02391178725197187,0.5357142857142857,1.0
N0,1,202604,Medium,0.024093734673357722,0.5454545454545454,1.0
N0,1,202604,Medium,0.03006239375250589,0.5555555555555556,1.0
N0,1,202604,Medium,0.03431123808339769,0.5660377358490566,1.0
N0,1,202604,Medium,0.04035154793703844,0.6,1.0
N0,1,202604,Medium,0.048792769531269584,0.6382978723404256,1.0
N0,1,202604,Medium,0.11535273484520747,0.6521739130434783,1.0
N0,1,202604,Medium,0.13513858913690704,0.6744186046511628,0.9666666666666667
N0,1,202604,Medium,0.14060678021963366,0.6904761904761905,0.9666666666666667
N0,1,202604,Medium,0.17147781796916542,0.725,0.9666666666666667
N0,1,202604,Medium,0.1864436955145301,0.7567567567567568,0.9333333333333333
N0,1,202604,Medium,0.21967932965940445,0.7777777777777778,0.9333333333333333
N0,1,202604,Medium,0.4026976682228623,0.8,0.9333333333333333
N0,1,202604,Medium,0.45929030384620684,0.8181818181818182,0.9
N0,1,202604,Medium,0.5181575530922995,0.9,0.9
N0,1,202604,Medium,0.6552159641297728,0.9310344827586207,0.9
N0,1,202604,Medium,0.7039756727369282,0.9615384615384616,0.8333333333333334
N0,1,202604,Medium,0.7719158052807774,0.9583333333333334,0.7666666666666667
N0,1,202604,Medium,0.7744301176064611,0.9565217391304348,0.7333333333333333
N0,1,202604,Medium,0.8041895674785458,0.9545454545454546,0.7
N0,1,202604,Medium,0.8560141085829369,0.9411764705882353,0.5333333333333333
N0,1,202604,Medium,0.865323996630543,0.9333333333333333,0.4666666666666667
N0,1,202604,Medium,0.9134617405316712,0.9230769230769231,0.4
N0,1,202604,Medium,0.9663749726449303,1.0,0.4
N0,1,202604,Medium,0.9702588116117709,1.0,0.36666666666666664
N0,1,202604,Medium,0.978949949457919,1.0,0.3
N0,1,202604,Medium,0.9802147542585008,1.0,0.26666666666666666
N0,1,202604,Medium,0.980276862757321,1.0,0.2
N0,1,202604,Medium,0.9853544827134946,1.0,0.16666666666666666
N0,1,202604,Medium,0.9873124799436461,1.0,0.1
N0,1,202604,Medium,0.9884030480638941,1.0,0.06666666666666667
N0,1,202604,Medium,0.9891555176163696,1.0,0.03333333333333333
N0,1,202604,Medium,1.0,1.0,0.0
N0,1,202604,High,3.7487737660492445e-05,0.19047619047619047,1.0
N0,1,202604,High,4.641668066809995e-05,0.1935483870967742,1.0
N0,1,202604,High,4.9719045981277945e-05,0.19672131147540983,1.0
N0,1,202604,High,6.414815177884986e-05,0.2,1.0
N0,1,202604,High,6.735983439989476e-05,0.21052631578947367,1.0
N0,1,202604,High,7.372928294585128e-05,0.2222222222222222,1.0
N0,1,202604,High,0.00014473813114003673,0.22641509433962265,1.0
N0,1,202604,High,0.00016303254736401188,0.24,1.0
N0,1,202604,High,0.00018722617116543745,0.25,1.0
N0,1,202604,High,0.0003482755680301712,0.26666666666666666,1.0
N0,1,202604,High,0.00039592919410548445,0.2727272727272727,1.0
N0,1,202604,High,0.0004303579119087776,0.2857142857142857,1.0
N0,1,202604,High,0.0007249585088039894,0.3076923076923077,1.0
N0,1,202604,High,0.0007299126634019932,0.3157894736842105,1.0
N0,1,202604,High,0.0007752247568030102,0.36363636363636365,1.0
N0,1,202604,High,0.0008387783083495392,0.3870967741935484,1.0
N0,1,202604,High,0.0012065738459902991,0.41379310344827586,1.0
N0,1,202604,High,0.0015458173130869213,0.42857142857142855,1.0
N0,1,202604,High,0.002914842121741564,0.4444444444444444,1.0
N0,1,202604,High,0.00595081613084567,0.46153846153846156,1.0
N0,1,202604,High,0.006224600319068446,0.48,1.0
N0,1,202604,High,0.009463850977288921,0.5,1.0
N0,1,202604,High,0.014011024133748887,0.5454545454545454,1.0
N0,1,202604,High,0.015124079445689373,0.5714285714285714,1.0
N0,1,202604,High,0.025178564499781505,0.631578947368421,1.0
N0,1,202604,High,0.08203463218158748,0.7058823529411765,1.0
N0,1,202604,High,0.13981152680297773,0.6875,0.9166666666666666
N0,1,202604,High,0.224162537323946,0.7857142857142857,0.9166666666666666
N0,1,202604,High,0.34123300751272223,0.8461538461538461,0.9166666666666666
N0,1,202604,High,0.4786704883433473,1.0,0.8333333333333334
N0,1,202604,High,0.8124259507713368,1.0,0.75
N0,1,202604,High,0.864017386373515,1.0,0.6666666666666666
N0,1,202604,High,0.9697267859464028,1.0,0.5833333333333334
N0,1,202604,High,0.9757309788015034,1.0,0.5
N0,1,202604,High,0.9855390349924601,1.0,0.4166666666666667
N0,1,202604,High,0.9863295695812767,1.0,0.3333333333333333
N0,1,202604,High,0.9893861042491819,1.0,0.25
N0,1,202604,High,0.9895258539920462,1.0,0.16666666666666666
N0,1,202604,High,0.9905905771934069,1.0,0.08333333333333333
N0,1,202604,High,1.0,1.0,0.0
N0,2,202604,Low,8.658277446243841e-05,0.3333333333333333,1.0
N0,2,202604,Low,8.7318807172864e-05,0.3387096774193548,1.0
N0,2,202604,Low,0.0001522803927104634,0.3442622950819672,1.0
N0,2,202604,Low,0.00015836265050061287,0.35,1.0
N0,2,202604,Low,0.0001711726691013116,0.3559322033898305,1.0
N0,2,202604,Low,0.00018412472127385819,0.3620689655172414,1.0
N0,2,202604,Low,0.0003456292091126372,0.3684210526315789,1.0
N0,2,202604,Low,0.00036068009929586775,0.375,1.0
N0,2,202604,Low,0.0004060709297358213,0.38181818181818183,1.0
N0,2,202604,Low,0.0018900754264662351,0.39622641509433965,1.0
N0,2,202604,Low,0.001991284812186796,0.40384615384615385,1.0
N0,2,202604,Low,0.0020976058993952495,0.4117647058823529,1.0
N0,2,202604,Low,0.002391500166242826,0.42,1.0
N0,2,202604,Low,0.002443354362768748,0.4375,1.0
N0,2,202604,Low,0.002514556407065249,0.44680851063829785,1.0
N0,2,202604,Low,0.0026268923260397647,0.4666666666666667,1.0
N0,2,202604,Low,0.0029271581532892537,0.4772727272727273,1.0
N0,2,202604,Low,0.003107602052811594,0.4883720930232558,1.0
N0,2,202604,Low,0.0033160391206729675,0.5,1.0
N0,2,202604,Low,0.003484133713734718,0.525,1.0
N0,2,202604,Low,0.00411604702040378,0.5526315789473685,1.0
N0,2,202604,Low,0.0041531118412621955,0.5675675675675675,1.0
N0,2,202604,Low,0.005347798204919572,0.6,1.0
N0,2,202604,Low,0.006428435982336506,0.6363636363636364,1.0
N0,2,202604,Low,0.0076755850811887445,0.65625,1.0
N0,2,202604,Low,0.014535818248987198,0.6774193548387096,1.0
N0,2,202604,Low,0.025684668277448697,0.7777777777777778,1.0
N0,2,202604,Low,0.13893092344975339,0.8,0.9523809523809523
N0,2,202604,Low,0.2057832716168693,0.7916666666666666,0.9047619047619048
N0,2,202604,Low,0.27275631333416067,0.782608695652174,0.8571428571428571
N0,2,202604,Low,0.34080667589108493,0.8181818181818182,0.8571428571428571
N0,2,202604,Low,0.4938797105347581,0.8571428571428571,0.8571428571428571
N0,2,202604,Low,0.5629407346345042,0.8947368421052632,0.8095238095238095
N0,2,202604,Low,0.7062037573600698,1.0,0.7142857142857143
N0,2,202604,Low,0.7167439931773096,1.0,0.6190476190476191
N0,2,202604,Low,0.7601588715755331,1.0,0.5714285714285714
N0,2,202604,Low,0.8111073427613011,1.0,0.5238095238095238
N0,2,202604,Low,0.8354453855979068,1.0,0.47619047619047616
N0,2,202604,Low,0.8600890936150211,1.0,0.38095238095238093
N0,2,202604,Low,0.9122449173956139,1.0,0.3333333333333333
N0,2,202604,Low,0.9486935494055564,1.0,0.2857142857142857
N0,2,202604,Low,0.973598524124333,1.0,0.23809523809523808
N0,2,202604,Low,0.9854647622462819,1.0,0.19047619047619047
N0,2,202604,Low,0.9888616665851588,1.0,0.14285714285714285
N0,2,202604,Low,0.989476563202183,1.0,0.047619047619047616
N0,2,202604,Low,1.0,1.0,0.0
N0,2,202604,Medium,0.005266771421956255,0.49206349206349204,1.0
N0,2,202604,Medium,0.006306857289047453,0.5,1.0
N0,2,202604,Medium,0.010494020452104527,0.5081967213114754,1.0
N0,2,202604,Medium,0.011109844368731185,0.5166666666666667,1.0
N0,2,202604,Medium,0.014229569021943026,0.5344827586206896,1.0
N0,2,202604,Medium,0.0143775493078936,0.543859649122807,1.0
N0,2,202604,Medium,0.01450246401720227,0.5535714285714286,1.0
N0,2,202604,Medium,0.014710480571539413,0.5636363636363636,1.0
N0,2,202604,Medium,0.018659729339750342,0.5740740740740741,1.0
N0,2,202604,Medium,0.026339456014141803,0.5849056603773585,1.0
N0,2,202604,Medium,0.03470214594334879,0.5961538461538461,1.0
N0,2,202604,Medium,0.04250276036018692,0.6078431372549019,1.0
N0,2,202604,Medium,0.051195248171361174,0.62,1.0
N0,2,202604,Medium,0.060092947966132695,0.6326530612244898,1.0
N0,2,202604,Medium,0.08756609101880002,0.6382978723404256,0.967741935483871
N0,2,202604,Medium,0.13959075552291925,0.6521739130434783,0.967741935483871
N0,2,202604,Medium,0.1641892754525278,0.6666666666666666,0.967741935483871
N0,2,202604,Medium,0.18846883107713713,0.6976744186046512,0.967741935483871
N0,2,202604,Medium,0.23928087552983124,0.7142857142857143,0.967741935483871
N0,2,202604,Medium,0.2825887388923838,0.7317073170731707,0.967741935483871
N0,2,202604,Medium,0.2930582756135308,0.75,0.967741935483871
N0,2,202604,Medium,0.43594117358000256,0.7894736842105263,0.967741935483871
N0,2,202604,Medium,0.504814779432876,0.8235294117647058,0.9032258064516129
N0,2,202604,Medium,0.5283292029409249,0.84375,0.8709677419354839
N0,2,202604,Medium,0.657228375429054,0.8709677419354839,0.8709677419354839
N0,2,202604,Medium,0.6811677929305585,0.8666666666666667,0.8387096774193549
N0,2,202604,Medium,0.7250367536390907,0.8620689655172413,0.8064516129032258
N0,2,202604,Medium,0.7895363935520758,0.8571428571428571,0.7741935483870968
N0,2,202604,Medium,0.7917595843067402,0.8518518518518519,0.7419354838709677
N0,2,202604,Medium,0.8583965713227386,0.8846153846153846,0.7419354838709677
N0,2,202604,Medium,0.9183707154376832,0.92,0.7419354838709677
N0,2,202604,Medium,0.9537215902173921,0.9166666666666666,0.7096774193548387
N0,2,202604,Medium,0.9664521219596388,0.9565217391304348,0.7096774193548387
N0,2,202604,Medium,0.9700295527844226,0.9523809523809523,0.6451612903225806
N0,2,202604,Medium,0.9728984411435411,1.0,0.6129032258064516
N0,2,202604,Medium,0.9795437163250531,1.0,0.5483870967741935
N0,2,202604,Medium,0.9810797802701674,1.0,0.4838709677419355
N0,2,202604,Medium,0.9811397194862366,1.0,0.45161290322580644
N0,2,202604,Medium,0.9850018295298077,1.0,0.3225806451612903
N0,2,202604,Medium,0.9870404771158926,1.0,0.2903225806451613
N0,2,202604,Medium,0.9878452843435882,1.0,0.22580645161290322
N0,2,202604,Medium,0.988137040596607,1.0,0.1935483870967742
N0,2,202604,Medium,0.9887668725229383,1.0,0.12903225806451613
N0,2,202604,Medium,0.9888205521109084,1.0,0.06451612903225806
N0,2,202604,Medium,0.9896217695208837,1.0,0.03225806451612903
N0,2,202604,Medium,1.0,1.0,0.0
N0,2,202604,High,2.8489046109981977e-05,0.1746031746031746,1.0
N0,2,202604,High,2.941634571239813e-05,0.18032786885245902,1.0
N0,2,202604,High,3.27737365158962e-05,0.18333333333333332,1.0
N0,2,202604,High,6.201986152520089e-05,0.1864406779661017,1.0
N0,2,202604,High,0.00011120242308246253,0.1896551724137931,1.0
N0,2,202604,High,0.00018899158558609357,0.19298245614035087,1.0
N0,2,202604,High,0.0003201508620597357,0.19642857142857142,1.0
N0,2,202604,High,0.0003653389495654188,0.2,1.0
N0,2,202604,High,0.0004238261615617667,0.20754716981132076,1.0
N0,2,202604,High,0.0005602528946356919,0.21153846153846154,1.0
N0,2,202604,High,0.0006672679303065812,0.21568627450980393,1.0
N0,2,202604,High,0.0007379670263993954,0.22,1.0
N0,2,202604,High,0.001118091785493197,0.22916666666666666,1.0
N0,2,202604,High,0.001305510032365861,0.25,1.0
N0,2,202604,High,0.001964948679861074,0.2619047619047619,1.0
N0,2,202604,High,0.002206933026748642,0.2682926829268293,1.0
N0,2,202604,High,0.00245714407639051,0.275,1.0
N0,2,202604,High,0.0026725052275080414,0.28205128205128205,1.0
N0,2,202604,High,0.003949794496779828,0.2894736842105263,1.0
N0,2,202604,High,0.00428577893812874,0.2972972972972973,1.0
N0,2,202604,High,0.00432446226477623,0.3142857142857143,1.0
N0,2,202604,High,0.007322585389003455,0.3548387096774194,1.0
N0,2,202604,High,0.007611724679187784,0.36666666666666664,1.0
N0,2,202604,High,0.00770984756213079,0.39285714285714285,1.0
N0,2,202604,High,0.007748993763326985,0.4230769230769231,1.0
N0,2,202604,High,0.008071845836280005,0.4583333333333333,1.0
N0,2,202604,High,0.009227557503122506,0.4782608695652174,1.0
N0,2,202604,High,0.014804172709428791,0.5,1.0
N0,2,202604,High,0.017140244554273945,0.5238095238095238,1.0
N0,2,202604,High,0.024587002449393634,0.5789473684210527,1.0
N0,2,202604,High,0.031156377874118363,0.6470588235294118,1.0
N0,2,202604,High,0.04383505541983918,0.7333333333333333,1.0
N0,2,202604,High,0.07900239223627703,0.7142857142857143,0.9090909090909091
N0,2,202604,High,0.20836600054852897,0.7692307692307693,0.9090909090909091
N0,2,202604,High,0.3168409222572547,0.8333333333333334,0.9090909090909091
N0,2,202604,High,0.46978072163260887,0.9090909090909091,0.9090909090909091
N0,2,202604,High,0.9395009811041315,0.9,0.8181818181818182
N0,2,202604,High,0.9571365595405172,1.0,0.7272727272727273
N0,2,202604,High,0.9649522248475386,1.0,0.6363636363636364
N0,2,202604,High,0.9811879902675392,1.0,0.5454545454545454
N0,2,202604,High,0.9851311567779599,1.0,0.45454545454545453
N0,2,202604,High,0.9854512780230051,1.0,0.36363636363636365
N0,2,202604,High,0.9855863062567831,1.0,0.2727272727272727
N0,2,202604,High,0.9936065599364902,1.0,0.18181818181818182
N0,2,202604,High,0.9946459097708709,1.0,0.09090909090909091
N0,2,202604,High,1.0,1.0,0.0
N0,3,202604,Low,0.002085318638109334,0.3333333333333333,1.0
N0,3,202604,Low,0.0021410541832377916,0.3387096774193548,1.0
N0,3,202604,Low,0.0022771916233010545,0.3442622950819672,1.0
N0,3,202604,Low,0.0025483068532355154,0.3559322033898305,1.0
N0,3,202604,Low,0.003041727542024959,0.375,1.0
N0,3,202604,Low,0.01570673638964602,0.3888888888888889,1.0
N0,3,202604,Low,0.01579676986644032,0.39622641509433965,1.0
N0,3,202604,Low,0.016721129940806725,0.4117647058823529,1.0
N0,3,202604,Low,0.01699240681989263,0.42857142857142855,1.0
N0,3,202604,Low,0.017038103002629024,0.4375,1.0
N0,3,202604,Low,0.018454155664492,0.45652173913043476,1.0
N0,3,202604,Low,0.019146495288819357,0.4666666666666667,1.0
N0,3,202604,Low,0.02135735022334869,0.4772727272727273,1.0
N0,3,202604,Low,0.024380524847491834,0.4883720930232558,1.0
N0,3,202604,Low,0.0282259448619177,0.5121951219512195,1.0
N0,3,202604,Low,0.040674037195608616,0.525,1.0
N0,3,202604,Low,0.05724375067219372,0.5526315789473685,1.0
N0,3,202604,Low,0.06257231975555362,0.5675675675675675,1.0
N0,3,202604,Low,0.08305832625154819,0.5833333333333334,1.0
N0,3,202604,Low,0.10171384721038143,0.6176470588235294,1.0
N0,3,202604,Low,0.11769891582342783,0.65625,1.0
N0,3,202604,Low,0.15128978121610764,0.6774193548387096,1.0
N0,3,202604,Low,0.25189040454172124,0.7,1.0
N0,3,202604,Low,0.2907993349217213,0.7241379310344828,1.0
N0,3,202604,Low,0.4660640480070282,0.75,1.0
N0,3,202604,Low,0.5391832150979671,0.7777777777777778,1.0
N0,3,202604,Low,0.824919999702149,0.84,1.0
N0,3,202604,Low,0.8592968715989903,0.875,1.0
N0,3,202604,Low,0.8854937255490005,0.8695652173913043,0.9523809523809523
N0,3,202604,Low,0.9046712764130366,0.8636363636363636,0.9047619047619048
N0,3,202604,Low,0.9181761381419656,1.0,0.9047619047619048
N0,3,202604,Low,0.9465012672661851,1.0,0.8571428571428571
N0,3,202604,Low,0.9520181755495192,1.0,0.8095238095238095
N0,3,202604,Low,0.958710584644177,1.0,0.7619047619047619
N0,3,202604,Low,0.9612835622598864,1.0,0.7142857142857143
N0,3,202604,Low,0.9669816155167412,1.0,0.6666666666666666
N0,3,202604,Low,0.9684727683682308,1.0,0.6190476190476191
N0,3,202604,Low,0.9732240540527637,1.0,0.5714285714285714
N0,3,202604,Low,0.9733747530575716,1.0,0.5238095238095238
N0,3,202604,Low,0.9738617076005112,1.0,0.38095238095238093
N0,3,202604,Low,0.9745942116682151,1.0,0.3333333333333333
N0,3,202604,Low,0.9749468991920482,1.0,0.19047619047619047
N0,3,202604,Low,0.9756127013484194,1.0,0.14285714285714285
N0,3,202604,Low,0.9760088709255622,1.0,0.09523809523809523
N0,3,202604,Low,0.9760660628499964,1.0,0.047619047619047616
N0,3,202604,Low,1.0,1.0,0.0
N0,3,202604,Medium,0.021498877224199575,0.49206349206349204,1.0
N0,3,202604,Medium,0.021640438117887652,0.5,1.0
N0,3,202604,Medium,0.02269430834245073,0.5081967213114754,1.0
N0,3,202604,Medium,0.023612426184321345,0.5166666666666667,1.0
N0,3,202604,Medium,0.023918361351616003,0.5254237288135594,1.0
N0,3,202604,Medium,0.02466344866967102,0.5535714285714286,1.0
N0,3,202604,Medium,0.02550100640373133,0.5636363636363636,1.0
N0,3,202604,Medium,0.02552464102293091,0.5961538461538461,1.0
N0,3,202604,Medium,0.030754748400671612,0.6078431372549019,1.0
N0,3,202604,Medium,0.03230433624488544,0.62,1.0
N0,3,202604,Medium,0.037761865571848484,0.6326530612244898,1.0
N0,3,202604,Medium,0.040538285023772484,0.6458333333333334,1.0
N0,3,202604,Medium,0.04729681257455701,0.6595744680851063,1.0
N0,3,202604,Medium,0.052806538280742915,0.6739130434782609,1.0
N0,3,202604,Medium,0.06489500658755566,0.6888888888888889,1.0
N0,3,202604,Medium,0.06892112414659941,0.7045454545454546,1.0
N0,3,202604,Medium,0.07569659926064322,0.7209302325581395,1.0
N0,3,202604,Medium,0.08084605317037553,0.7560975609756098,1.0
N0,3,202604,Medium,0.08708703940575029,0.775,1.0
N0,3,202604,Medium,0.09432994954782267,0.8378378378378378,1.0
N0,3,202604,Medium,0.10610740888751356,0.8235294117647058,0.9032258064516129
N0,3,202604,Medium,0.1134384534340686,0.875,0.9032258064516129
N0,3,202604,Medium,0.13951585434891278,0.9032258064516129,0.9032258064516129
N0,3,202604,Medium,0.17371845267607167,0.9333333333333333,0.9032258064516129
N0,3,202604,Medium,0.45796032092651356,0.9310344827586207,0.8709677419354839
N0,3,202604,Medium,0.5309626258567656,0.9259259259259259,0.8064516129032258
N0,3,202604,Medium,0.7057378533204607,0.9230769230769231,0.7741935483870968
N0,3,202604,Medium,0.7443820038958171,0.92,0.7419354838709677
N0,3,202604,Medium,0.8449423606266295,0.9166666666666666,0.7096774193548387
N0,3,202604,Medium,0.8743740222486777,0.9130434782608695,0.6774193548387096
N0,3,202604,Medium,0.8786983528861936,0.9523809523809523,0.6451612903225806
N0,3,202604,Medium,0.8945242420998458,0.95,0.6129032258064516
N0,3,202604,Medium,0.9088556909020006,0.9444444444444444,0.5483870967741935
N0,3,202604,Medium,0.9127463790890358,1.0,0.5483870967741935
N0,3,202604,Medium,0.9323812867665413,1.0,0.4838709677419355
N0,3,202604,Medium,0.9382689191418851,1.0,0.45161290322580644
N0,3,202604,Medium,0.9538866912256508,1.0,0.41935483870967744
N0,3,202604,Medium,0.9649818982885291,1.0,0.3548387096774194
N0,3,202604,Medium,0.9661187241638087,1.0,0.3225806451612903
N0,3,202604,Medium,0.9678305857352649,1.0,0.25806451612903225
N0,3,202604,Medium,0.969998421073054,1.0,0.22580645161290322
N0,3,202604,Medium,0.9701792281824686,1.0,0.1935483870967742
N0,3,202604,Medium,0.9704151577453237,1.0,0.12903225806451613
N0,3,202604,Medium,0.9710256871690889,1.0,0.0967741935483871
N0,3,202604,Medium,0.9720776666615124,1.0,0.03225806451612903
N0,3,202604,Medium,1.0,1.0,0.0
N0,3,202604,High,0.0006850118759237954,0.1746031746031746,1.0
N0,3,202604,High,0.0006921944530719873,0.1774193548387097,1.0
N0,3,202604,High,0.0007140482383733641,0.18032786885245902,1.0
N0,3,202604,High,0.0007511303320504695,0.18333333333333332,1.0
N0,3,202604,High,0.0007724832310976112,0.1864406779661017,1.0
N0,3,202604,High,0.0009545721682651143,0.1896551724137931,1.0
N0,3,202604,High,0.0009778086876588027,0.19298245614035087,1.0
N0,3,202604,High,0.0009987740391407883,0.19642857142857142,1.0
N0,3,202604,High,0.0010678210169309432,0.20754716981132076,1.0
N0,3,202604,High,0.00112424053869703,0.21153846153846154,1.0
N0,3,202604,High,0.0011872740520970097,0.22448979591836735,1.0
N0,3,202604,High,0.0012513049243054182,0.22916666666666666,1.0
N0,3,202604,High,0.001361547621779263,0.23404255319148937,1.0
N0,3,202604,High,0.0014406746236304147,0.2391304347826087,1.0
N0,3,202604,High,0.0014748437298178576,0.24444444444444444,1.0
N0,3,202604,High,0.0014874269801688992,0.25,1.0
N0,3,202604,High,0.0016929903091299212,0.2682926829268293,1.0
N0,3,202604,High,0.002350690956550124,0.275,1.0
N0,3,202604,High,0.002435059925803993,0.28205128205128205,1.0
N0,3,202604,High,0.0028564639755194066,0.2894736842105263,1.0
N0,3,202604,High,0.0029733261362062395,0.3055555555555556,1.0
N0,3,202604,High,0.003462811757818018,0.3142857142857143,1.0
N0,3,202604,High,0.0036027312903785832,0.3235294117647059,1.0
N0,3,202604,High,0.0037275915624616824,0.3333333333333333,1.0
N0,3,202604,High,0.003761910689772723,0.34375,1.0
N0,3,202604,High,0.003767858157262873,0.36666666666666664,1.0
N0,3,202604,High,0.004195294659416068,0.3793103448275862,1.0
N0,3,202604,High,0.004487330185921177,0.4074074074074074,1.0
N0,3,202604,High,0.005046393477905113,0.4230769230769231,1.0
N0,3,202604,High,0.005439271578740591,0.44,1.0
N0,3,202604,High,0.006792156849553188,0.4782608695652174,1.0
N0,3,202604,High,0.008227492031327614,0.5,1.0
N0,3,202604,High,0.009468177673995585,0.5238095238095238,1.0
N0,3,202604,High,0.009500750988699467,0.55,1.0
N0,3,202604,High,0.010855083638126633,0.6111111111111112,1.0
N0,3,202604,High,0.012253182890104382,0.6470588235294118,1.0
N0,3,202604,High,0.014024001951091047,0.7333333333333333,1.0
N0,3,202604,High,0.016462677875089003,0.8461538461538461,1.0
N0,3,202604,High,0.07415190227810677,0.9166666666666666,1.0
N0,3,202604,High,0.10858787474869332,0.9090909090909091,0.9090909090909091
N0,3,202604,High,0.8908508635704615,1.0,0.8181818181818182
N0,3,202604,High,0.9103646537410142,1.0,0.6363636363636364
N0,3,202604,High,0.9220262091160557,1.0,0.36363636363636365
N0,3,202604,High,0.9289378216701628,1.0,0.18181818181818182
N0,3,202604,High,0.933019674774335,1.0,0.09090909090909091
N0,3,202604,High,1.0,1.0,0.0
N0,4,202604,Low,0.00038881991770652307,0.31746031746031744,1.0
N0,4,202604,Low,0.0004325060922095384,0.32786885245901637,1.0
N0,4,202604,Low,0.0005224074786636317,0.3333333333333333,1.0
N0,4,202604,Low,0.000732457477453315,0.3448275862068966,1.0
N0,4,202604,Low,0.0009349552152972917,0.3508771929824561,1.0
N0,4,202604,Low,0.0012924081228766961,0.36363636363636365,1.0
N0,4,202604,Low,0.0015963377803244318,0.37037037037037035,1.0
N0,4,202604,Low,0.001897835414399472,0.37735849056603776,1.0
N0,4,202604,Low,0.002334786548570719,0.39215686274509803,1.0
N0,4,202604,Low,0.003578983631278296,0.4166666666666667,1.0
N0,4,202604,Low,0.006779812124822763,0.425531914893617,1.0
N0,4,202604,Low,0.007905604067453614,0.43478260869565216,1.0
N0,4,202604,Low,0.008992539686949864,0.4444444444444444,1.0
N0,4,202604,Low,0.011052303952437495,0.45454545454545453,1.0
N0,4,202604,Low,0.013631171868838138,0.4878048780487805,1.0
N0,4,202604,Low,0.013633164640670478,0.5,1.0
N0,4,202604,Low,0.01566807625618768,0.5128205128205128,1.0
N0,4,202604,Low,0.018132908366077925,0.5263157894736842,1.0
N0,4,202604,Low,0.03001797316666215,0.5405405405405406,1.0
N0,4,202604,Low,0.0301738448023166,0.5555555555555556,1.0
N0,4,202604,Low,0.03921429098906349,0.5882352941176471,1.0
N0,4,202604,Low,0.04045932074044434,0.6060606060606061,1.0
N0,4,202604,Low,0.059535291693910315,0.625,1.0
N0,4,202604,Low,0.08212891695275237,0.6666666666666666,1.0
N0,4,202604,Low,0.13167485134740128,0.6896551724137931,1.0
N0,4,202604,Low,0.18024251557745086,0.7142857142857143,1.0
N0,4,202604,Low,0.2892074003728486,0.76,0.95
N0,4,202604,Low,0.2921328769074402,0.7916666666666666,0.95
N0,4,202604,Low,0.3777185571629543,0.8181818181818182,0.9
N0,4,202604,Low,0.47112486024187744,0.8421052631578947,0.8
N0,4,202604,Low,0.5742557672921966,0.875,0.7
N0,4,202604,Low,0.6532620155647473,0.9230769230769231,0.6
N0,4,202604,Low,0.8202928370245882,0.9166666666666666,0.55
N0,4,202604,Low,0.9079614664449792,1.0,0.4
N0,4,202604,Low,0.9169859314834837,1.0,0.35
N0,4,202604,Low,0.9490341992294412,1.0,0.25
N0,4,202604,Low,0.9589659011185913,1.0,0.2
N0,4,202604,Low,0.9704207658629225,1.0,0.15
N0,4,202604,Low,0.972752206460783,1.0,0.05
N0,4,202604,Low,1.0,1.0,0.0
N0,4,202604,Medium,0.024606996471947064,0.49206349206349204,1.0
N0,4,202604,Medium,0.02703388367708071,0.5081967213114754,1.0
N0,4,202604,Medium,0.028480747988284743,0.5166666666666667,1.0
N0,4,202604,Medium,0.02940995588155294,0.5254237288135594,1.0
N0,4,202604,Medium,0.03939075458747383,0.543859649122807,1.0
N0,4,202604,Medium,0.04084176585332389,0.5636363636363636,1.0
N0,4,202604,Medium,0.05075156928343993,0.5740740740740741,1.0
N0,4,202604,Medium,0.05969636719132298,0.5849056603773585,1.0
N0,4,202604,Medium,0.0787659748792057,0.5961538461538461,1.0
N0,4,202604,Medium,0.08271217906115717,0.62,1.0
N0,4,202604,Medium,0.09165593766472473,0.6458333333333334,1.0
N0,4,202604,Medium,0.11154596005323046,0.6595744680851063,1.0
N0,4,202604,Medium,0.13752679646882573,0.6739130434782609,1.0
N0,4,202604,Medium,0.16363887078864964,0.6888888888888889,1.0
N0,4,202604,Medium,0.17914525006022464,0.7209302325581395,1.0
N0,4,202604,Medium,0.20767545429295267,0.7692307692307693,0.967741935483871
N0,4,202604,Medium,0.32222538451243016,0.75,0.8709677419354839
N0,4,202604,Medium,0.3457730077978492,0.7428571428571429,0.8387096774193549
N0,4,202604,Medium,0.4244939705623252,0.7647058823529411,0.8387096774193549
N0,4,202604,Medium,0.5273941188104827,0.8064516129032258,0.8064516129032258
N0,4,202604,Medium,0.5629489296015592,0.8571428571428571,0.7741935483870968
N0,4,202604,Medium,0.6205513897824582,0.8518518518518519,0.7419354838709677
N0,4,202604,Medium,0.6377802289235147,0.9166666666666666,0.7096774193548387
N0,4,202604,Medium,0.7058342045464757,0.9130434782608695,0.6774193548387096
N0,4,202604,Medium,0.7084335721064215,0.9523809523809523,0.6451612903225806
N0,4,202604,Medium,0.7264453586738405,0.95,0.6129032258064516
N0,4,202604,Medium,0.8171024557087881,0.9473684210526315,0.5806451612903226
N0,4,202604,Medium,0.8380319369743817,1.0,0.5161290322580645
N0,4,202604,Medium,0.8652877292448369,1.0,0.41935483870967744
N0,4,202604,Medium,0.8734954040194648,1.0,0.3870967741935484
N0,4,202604,Medium,0.9056500983692661,1.0,0.3548387096774194
N0,4,202604,Medium,0.913895182927606,1.0,0.3225806451612903
N0,4,202604,Medium,0.9259099883763314,1.0,0.2903225806451613
N0,4,202604,Medium,0.9353900068307804,1.0,0.25806451612903225
N0,4,202604,Medium,0.9495380950592636,1.0,0.1935483870967742
N0,4,202604,Medium,0.9500812477913743,1.0,0.16129032258064516
N0,4,202604,Medium,0.9536113504668127,1.0,0.12903225806451613
N0,4,202604,Medium,0.9581702726363683,1.0,0.0967741935483871
N0,4,202604,Medium,0.9594058144247506,1.0,0.06451612903225806
N0,4,202604,Medium,1.0,1.0,0.0
N0,4,202604,High,0.00016927825552464284,0.19047619047619047,1.0
N0,4,202604,High,0.00019233302808490294,0.19672131147540983,1.0
N0,4,202604,High,0.00021390986213628112,0.2,1.0
N0,4,202604,High,0.0002142314871188308,0.2033898305084746,1.0
N0,4,202604,High,0.0003018894553590471,0.20689655172413793,1.0
N0,4,202604,High,0.0003825958902960735,0.21428571428571427,1.0
N0,4,202604,High,0.0005619129151871167,0.21818181818181817,1.0
N0,4,202604,High,0.0009649766374035289,0.23529411764705882,1.0
N0,4,202604,High,0.0012502621454781632,0.24,1.0
N0,4,202604,High,0.0014810209476398286,0.2553191489361702,1.0
N0,4,202604,High,0.0017300530545875789,0.2727272727272727,1.0
N0,4,202604,High,0.0020329185460841097,0.2926829268292683,1.0
N0,4,202604,High,0.0023590275207298356,0.3076923076923077,1.0
N0,4,202604,High,0.002655028713761024,0.3157894736842105,1.0
N0,4,202604,High,0.0030374194077618702,0.34285714285714286,1.0
N0,4,202604,High,0.003975900119641616,0.35294117647058826,1.0
N0,4,202604,High,0.005074701475309271,0.36363636363636365,1.0
N0,4,202604,High,0.007174358544123802,0.3870967741935484,1.0
N0,4,202604,High,0.00945943146818137,0.4,1.0
N0,4,202604,High,0.010420340772932822,0.41379310344827586,1.0
N0,4,202604,High,0.01181175419696949,0.4444444444444444,1.0
N0,4,202604,High,0.03232899657465853,0.46153846153846156,1.0
N0,4,202604,High,0.05842193536748089,0.48,1.0
N0,4,202604,High,0.0807187297618957,0.5,1.0
N0,4,202604,High,0.11287143133986477,0.5217391304347826,1.0
N0,4,202604,High,0.15091575907318078,0.5454545454545454,1.0
N0,4,202604,High,0.2645621016392096,0.631578947368421,1.0
N0,4,202604,High,0.3543141670090317,0.6666666666666666,1.0
N0,4,202604,High,0.4302712582736181,0.7058823529411765,1.0
N0,4,202604,High,0.6741956318562916,0.75,1.0
N0,4,202604,High,0.7899897591584766,0.8,1.0
N0,4,202604,High,0.834463293796951,1.0,1.0
N0,4,202604,High,0.8608768657508499,1.0,0.8333333333333334
N0,4,202604,High,0.8871616318238928,1.0,0.75
N0,4,202604,High,0.920299069905497,1.0,0.6666666666666666
N0,4,202604,High,0.9395711753312237,1.0,0.5
N0,4,202604,High,0.9600868379338625,1.0,0.4166666666666667
N0,4,202604,High,0.9710867459195057,1.0,0.25
N0,4,202604,High,0.9750041836103465,1.0,0.16666666666666666
N0,4,202604,High,1.0,1.0,0.0
N0,0,202605,Low,5.67628429691996e-05,0.328125,1.0
N0,0,202605,Low,0.0001026161672788996,0.3333333333333333,1.0
N0,0,202605,Low,0.0001312096674034738,0.3387096774193548,1.0
N0,0,202605,Low,0.0002756765324329355,0.35,1.0
N0,0,202605,Low,0.00031170116665463313,0.3684210526315789,1.0
N0,0,202605,Low,0.0005488579853316451,0.38181818181818183,1.0
N0,0,202605,Low,0.0011222670178769878,0.3888888888888889,1.0
N0,0,202605,Low,0.003684532906184798,0.39622641509433965,1.0
N0,0,202605,Low,0.008372481725234946,0.40384615384615385,1.0
N0,0,202605,Low,0.01054141590095908,0.42,1.0
N0,0,202605,Low,0.014532842765528475,0.4375,1.0
N0,0,202605,Low,0.019428481104115287,0.44680851063829785,1.0
N0,0,202605,Low,0.020100945531945878,0.45652173913043476,1.0
N0,0,202605,Low,0.02758205380151652,0.5,1.0
N0,0,202605,Low,0.039416069284517075,0.5121951219512195,1.0
N0,0,202605,Low,0.04569611877279971,0.525,1.0
N0,0,202605,Low,0.06195195913255362,0.5384615384615384,1.0
N0,0,202605,Low,0.06292872498629382,0.5526315789473685,1.0
N0,0,202605,Low,0.08382785893584332,0.6,1.0
N0,0,202605,Low,0.08730682622937909,0.6176470588235294,1.0
N0,0,202605,Low,0.09744977785417955,0.6363636363636364,1.0
N0,0,202605,Low,0.14293041016625016,0.65625,1.0
N0,0,202605,Low,0.2197268544075856,0.6774193548387096,1.0
N0,0,202605,Low,0.29416890898265285,0.7407407407407407,0.9523809523809523
N0,0,202605,Low,0.37839181098891267,0.76,0.9047619047619048
N0,0,202605,Low,0.46560421987142325,0.75,0.8571428571428571
N0,0,202605,Low,0.48958056530834154,0.782608695652174,0.8571428571428571
N0,0,202605,Low,0.5486800982013285,0.8,0.7619047619047619
N0,0,202605,Low,0.6657212838953219,0.8421052631578947,0.7619047619047619
N0,0,202605,Low,0.7325115880945465,0.8888888888888888,0.7619047619047619
N0,0,202605,Low,0.7987939607313753,0.8666666666666667,0.6190476190476191
N0,0,202605,Low,0.8424250456892236,0.9230769230769231,0.5714285714285714
N0,0,202605,Low,0.9085238449148256,1.0,0.5238095238095238
N0,0,202605,Low,0.9254667526310664,1.0,0.47619047619047616
N0,0,202605,Low,0.9513187228141864,1.0,0.38095238095238093
N0,0,202605,Low,0.9584387604101174,1.0,0.3333333333333333
N0,0,202605,Low,0.9702006382748461,1.0,0.23809523809523808
N0,0,202605,Low,0.9716897296483168,1.0,0.14285714285714285
N0,0,202605,Low,0.9781812213173511,1.0,0.09523809523809523
N0,0,202605,Low,0.9876984074350799,1.0,0.047619047619047616
N0,0,202605,Low,1.0,1.0,0.0
N0,0,202605,Medium,0.012294525859047554,0.484375,1.0
N0,0,202605,Medium,0.021803039041307544,0.49206349206349204,1.0
N0,0,202605,Medium,0.028287357551032184,0.5,1.0
N0,0,202605,Medium,0.029779727901354993,0.5081967213114754,1.0
N0,0,202605,Medium,0.03987653417410223,0.5254237288135594,1.0
N0,0,202605,Medium,0.04153205223487387,0.5344827586206896,1.0
N0,0,202605,Medium,0.048645818191873316,0.5535714285714286,1.0
N0,0,202605,Medium,0.05752239637385871,0.5636363636363636,1.0
N0,0,202605,Medium,0.06691165035903365,0.5740740740740741,1.0
N0,0,202605,Medium,0.0744740023651407,0.5961538461538461,1.0
N0,0,202605,Medium,0.09139931819442505,0.62,1.0
N0,0,202605,Medium,0.11696729971986257,0.6326530612244898,1.0
N0,0,202605,Medium,0.1266790722473962,0.6739130434782609,1.0
N0,0,202605,Medium,0.15742484799176482,0.7045454545454546,1.0
N0,0,202605,Medium,0.19741339305000627,0.7142857142857143,0.967741935483871
N0,0,202605,Medium,0.20099760329740732,0.7317073170731707,0.967741935483871
N0,0,202605,Medium,0.2672037431224915,0.7435897435897436,0.9354838709677419
N0,0,202605,Medium,0.3338927261535433,0.8055555555555556,0.9354838709677419
N0,0,202605,Medium,0.3346302009872498,0.8,0.9032258064516129
N0,0,202605,Medium,0.4507526415099754,0.8235294117647058,0.9032258064516129
N0,0,202605,Medium,0.5096769887363941,0.8181818181818182,0.8709677419354839
N0,0,202605,Medium,0.5336657808501353,0.8666666666666667,0.8387096774193549
N0,0,202605,Medium,0.6206674122101954,0.8620689655172413,0.8064516129032258
N0,0,202605,Medium,0.7046197405090601,0.8928571428571429,0.8064516129032258
N0,0,202605,Medium,0.7135756907152944,0.9230769230769231,0.7741935483870968
N0,0,202605,Medium,0.7787117009385297,0.96,0.7741935483870968
N0,0,202605,Medium,0.8549493663588781,1.0,0.6774193548387096
N0,0,202605,Medium,0.9000179018589419,1.0,0.6451612903225806
N0,0,202605,Medium,0.9097096807755034,1.0,0.6129032258064516
N0,0,202605,Medium,0.9135210326896396,1.0,0.5806451612903226
N0,0,202605,Medium,0.9337012717404913,1.0,0.5483870967741935
N0,0,202605,Medium,0.9348099490405195,1.0,0.45161290322580644
N0,0,202605,Medium,0.9502183988364998,1.0,0.41935483870967744
N0,0,202605,Medium,0.9557925943404437,1.0,0.3870967741935484
N0,0,202605,Medium,0.95889244320484,1.0,0.3548387096774194
N0,0,202605,Medium,0.9657011279433789,1.0,0.2903225806451613
N0,0,202605,Medium,0.968375873369059,1.0,0.25806451612903225
N0,0,202605,Medium,0.9704904899733501,1.0,0.1935483870967742
N0,0,202605,Medium,0.971399184422943,1.0,0.16129032258064516
N0,0,202605,Medium,0.9726458822339357,1.0,0.03225806451612903
N0,0,202605,Medium,1.0,1.0,0.0
N0,0,202605,High,7.066705872596166e-06,0.1875,1.0
N0,0,202605,High,1.573964134142924e-05,0.19047619047619047,1.0
N0,0,202605,High,1.9633823798868483e-05,0.1935483870967742,1.0
N0,0,202605,High,2.2912800650991988e-05,0.2,1.0
N0,0,202605,High,2.9187355008732298e-05,0.2033898305084746,1.0
N0,0,202605,High,3.5458993940278333e-05,0.21052631578947367,1.0
N0,0,202605,High,5.92450037929323e-05,0.21428571428571427,1.0
N0,0,202605,High,7.683689074930475e-05,0.2222222222222222,1.0
N0,0,202605,High,0.00015010631901159435,0.22641509433962265,1.0
N0,0,202605,High,0.00020843597121732028,0.23529411764705882,1.0
N0,0,202605,High,0.00028466878296190567,0.24489795918367346,1.0
N0,0,202605,High,0.00038598995113474474,0.2608695652173913,1.0
N0,0,202605,High,0.0005672602886961995,0.26666666666666666,1.0
N0,0,202605,High,0.000729999278441531,0.2727272727272727,1.0
N0,0,202605,High,0.0007424459552643524,0.27906976744186046,1.0
N0,0,202605,High,0.00094077680089197,0.3,1.0
N0,0,202605,High,0.0012113505082871005,0.3076923076923077,1.0
N0,0,202605,High,0.0015614446538847113,0.32432432432432434,1.0
N0,0,202605,High,0.002120223474871762,0.36363636363636365,1.0
N0,0,202605,High,0.002532320286878529,0.375,1.0
N0,0,202605,High,0.0026511083745170533,0.3870967741935484,1.0
N0,0,202605,High,0.0029834929951175282,0.4,1.0
N0,0,202605,High,0.0032380918269268627,0.41379310344827586,1.0
N0,0,202605,High,0.0033700032732148703,0.42857142857142855,1.0
N0,0,202605,High,0.004085482390700421,0.48,1.0
N0,0,202605,High,0.004791336375039224,0.5,1.0
N0,0,202605,High,0.006716818255104592,0.5217391304347826,1.0
N0,0,202605,High,0.008499870045111067,0.5454545454545454,1.0
N0,0,202605,High,0.01008102892253464,0.6666666666666666,1.0
N0,0,202605,High,0.012821275000535837,0.7058823529411765,1.0
N0,0,202605,High,0.021082710729981996,0.75,1.0
N0,0,202605,High,0.032735075069925,0.8571428571428571,1.0
N0,0,202605,High,0.2827397763785209,1.0,1.0
N0,0,202605,High,0.6642475319948732,1.0,0.9166666666666666
N0,0,202605,High,0.8020377489646621,1.0,0.8333333333333334
N0,0,202605,High,0.8730092265859491,1.0,0.75
N0,0,202605,High,0.8827570237477045,1.0,0.5833333333333334
N0,0,202605,High,0.9329571399735629,1.0,0.3333333333333333
N0,0,202605,High,0.9423749874588624,1.0,0.16666666666666666
N0,0,202605,High,0.9600667029829286,1.0,0.08333333333333333
N0,0,202605,High,1.0,1.0,0.0
N0,1,202605,Low,0.00022992608624586693,0.3333333333333333,1.0
N0,1,202605,Low,0.0002376883387371239,0.3387096774193548,1.0
N0,1,202605,Low,0.00023946166913514492,0.3442622950819672,1.0
N0,1,202605,Low,0.00024543213869468054,0.35,1.0
N0,1,202605,Low,0.0002470812551016974,0.3559322033898305,1.0
N0,1,202605,Low,0.0002951781149241949,0.3620689655172414,1.0
N0,1,202605,Low,0.00039152204350196917,0.3684210526315789,1.0
N0,1,202605,Low,0.0008451308772943879,0.375,1.0
N0,1,202605,Low,0.0012279437123695529,0.38181818181818183,1.0
N0,1,202605,Low,0.0021899558595228252,0.3888888888888889,1.0
N0,1,202605,Low,0.0027382143248813923,0.4117647058823529,1.0
N0,1,202605,Low,0.00321774723285987,0.42,1.0
N0,1,202605,Low,0.003262773876688546,0.4375,1.0
N0,1,202605,Low,0.0033170420620132306,0.45652173913043476,1.0
N0,1,202605,Low,0.0035971646714717405,0.4666666666666667,1.0
N0,1,202605,Low,0.0037019423010666414,0.4772727272727273,1.0
N0,1,202605,Low,0.00379759615222563,0.5,1.0
N0,1,202605,Low,0.003976873593372582,0.5121951219512195,1.0
N0,1,202605,Low,0.004654613808678242,0.525,1.0
N0,1,202605,Low,0.0067701991016957995,0.5526315789473685,1.0
N0,1,202605,Low,0.008265535839707084,0.5675675675675675,1.0
N0,1,202605,Low,0.02749798052552071,0.5833333333333334,1.0
N0,1,202605,Low,0.06718759604773891,0.6,1.0
N0,1,202605,Low,0.23883352961205026,0.6176470588235294,1.0
N0,1,202605,Low,0.34604888411168716,0.65625,1.0
N0,1,202605,Low,0.43631924012797796,0.7777777777777778,1.0
N0,1,202605,Low,0.5838124509580559,0.8076923076923077,1.0
N0,1,202605,Low,0.5859858544430315,0.782608695652174,0.8571428571428571
N0,1,202605,Low,0.6615350527493473,0.8571428571428571,0.8571428571428571
N0,1,202605,Low,0.7961512116778032,0.8947368421052632,0.8095238095238095
N0,1,202605,Low,0.8466753674338583,0.9375,0.7142857142857143
N0,1,202605,Low,0.8605190645999518,0.9285714285714286,0.6190476190476191
N0,1,202605,Low,0.8832178903083499,0.9230769230769231,0.5714285714285714
N0,1,202605,Low,0.9525126125234817,1.0,0.47619047619047616
N0,1,202605,Low,0.9600426950463,1.0,0.42857142857142855
N0,1,202605,Low,0.9645833611269767,1.0,0.2857142857142857
N0,1,202605,Low,0.9778603591268072,1.0,0.14285714285714285
N0,1,202605,Low,0.9786105867340604,1.0,0.09523809523809523
N0,1,202605,Low,0.9901423844434107,1.0,0.047619047619047616
N0,1,202605,Low,1.0,1.0,0.0
N0,1,202605,Medium,0.009747567383903168,0.47619047619047616,1.0
N0,1,202605,Medium,0.015069781106375241,0.4838709677419355,1.0
N0,1,202605,Medium,0.015157528542758687,0.4918032786885246,1.0
N0,1,202605,Medium,0.015214688648094336,0.5,1.0
N0,1,202605,Medium,0.017862313925568703,0.5084745762711864,1.0
N0,1,202605,Medium,0.019674610516047242,0.5172413793103449,1.0
N0,1,202605,Medium,0.02126978176571026,0.5263157894736842,1.0
N0,1,202605,Medium,0.021990309158561424,0.5357142857142857,1.0
N0,1,202605,Medium,0.02707618794297954,0.5454545454545454,1.0
N0,1,202605,Medium,0.03525633451979956,0.5555555555555556,1.0
N0,1,202605,Medium,0.03980512336082632,0.5882352941176471,1.0
N0,1,202605,Medium,0.04420097910757613,0.625,1.0
N0,1,202605,Medium,0.047337442171515816,0.6382978723404256,1.0
N0,1,202605,Medium,0.11654328765709425,0.6521739130434783,1.0
N0,1,202605,Medium,0.1346218074785672,0.6744186046511628,0.9666666666666667
N0,1,202605,Medium,0.13912639232832152,0.6904761904761905,0.9666666666666667
N0,1,202605,Medium,0.15306391383677243,0.7073170731707317,0.9666666666666667
N0,1,202605,Medium,0.20355358452827402,0.7435897435897436,0.9666666666666667
N0,1,202605,Medium,0.22149290505435862,0.7777777777777778,0.9333333333333333
N0,1,202605,Medium,0.3380284744485228,0.8,0.9333333333333333
N0,1,202605,Medium,0.4134265886814422,0.8181818181818182,0.9
N0,1,202605,Medium,0.4156997925251605,0.8064516129032258,0.8333333333333334
N0,1,202605,Medium,0.5035839567814703,0.8928571428571429,0.8333333333333334
N0,1,202605,Medium,0.5630137217896117,0.92,0.7666666666666667
N0,1,202605,Medium,0.6531839230432601,0.9166666666666666,0.7333333333333333
N0,1,202605,Medium,0.6837203931550865,0.8947368421052632,0.5666666666666667
N0,1,202605,Medium,0.6897308802102211,0.9444444444444444,0.5666666666666667
N0,1,202605,Medium,0.7602010775953991,0.9411764705882353,0.5333333333333333
N0,1,202605,Medium,0.8221662123009597,0.9333333333333333,0.4666666666666667
N0,1,202605,Medium,0.9012631927133102,0.9230769230769231,0.4
N0,1,202605,Medium,0.9309939653269452,1.0,0.4
N0,1,202605,Medium,0.9409384194964576,1.0,0.36666666666666664
N0,1,202605,Medium,0.9500920889794083,1.0,0.3
N0,1,202605,Medium,0.96582043868034,1.0,0.26666666666666666
N0,1,202605,Medium,0.9698346715429174,1.0,0.2
N0,1,202605,Medium,0.9778142612429002,1.0,0.16666666666666666
N0,1,202605,Medium,0.9815944446924997,1.0,0.1
N0,1,202605,Medium,0.9823498634402653,1.0,0.06666666666666667
N0,1,202605,Medium,0.9859079195216751,1.0,0.03333333333333333
N0,1,202605,Medium,1.0,1.0,0.0
N0,1,202605,High,0.0001100481726860913,0.19047619047619047,1.0
N0,1,202605,High,0.00011963150022931972,0.1935483870967742,1.0
N0,1,202605,High,0.00014933171463132305,0.19672131147540983,1.0
N0,1,202605,High,0.0001499453050024301,0.2,1.0
N0,1,202605,High,0.00015218159287368256,0.2033898305084746,1.0
N0,1,202605,High,0.00016030435322371322,0.21428571428571427,1.0
N0,1,202605,High,0.0002388220345559325,0.22641509433962265,1.0
N0,1,202605,High,0.0002607187293692934,0.24,1.0
N0,1,202605,High,0.0002952037939227171,0.25,1.0
N0,1,202605,High,0.0003545430717267137,0.26666666666666666,1.0
N0,1,202605,High,0.0004364728021298796,0.2727272727272727,1.0
N0,1,202605,High,0.00048775651678359866,0.2857142857142857,1.0
N0,1,202605,High,0.0005875568755262146,0.3076923076923077,1.0
N0,1,202605,High,0.0006670380824102842,0.32432432432432434,1.0
N0,1,202605,High,0.0007671928450526809,0.3333333333333333,1.0
N0,1,202605,High,0.0009653927925506127,0.3870967741935484,1.0
N0,1,202605,High,0.0018184386253158186,0.41379310344827586,1.0
N0,1,202605,High,0.0026673479315619734,0.42857142857142855,1.0
N0,1,202605,High,0.005826544638617854,0.4444444444444444,1.0
N0,1,202605,High,0.010879937458038913,0.46153846153846156,1.0
N0,1,202605,High,0.014428681714127792,0.48,1.0
N0,1,202605,High,0.01753112494842155,0.5,1.0
N0,1,202605,High,0.03047761901859338,0.5454545454545454,1.0
N0,1,202605,High,0.04659086895857846,0.6,1.0
N0,1,202605,High,0.05579880662685386,0.631578947368421,1.0
N0,1,202605,High,0.09493921113446412,0.7058823529411765,1.0
N0,1,202605,High,0.17461604046618046,0.6875,0.9166666666666666
N0,1,202605,High,0.3075309054648975,0.7857142857142857,0.9166666666666666
N0,1,202605,High,0.31268244217344177,0.8461538461538461,0.9166666666666666
N0,1,202605,High,0.49422608735900697,0.8333333333333334,0.8333333333333334
N0,1,202605,High,0.7772791512332718,1.0,0.75
N0,1,202605,High,0.8645330616441385,1.0,0.6666666666666666
N0,1,202605,High,0.9554074988489218,1.0,0.5833333333333334
N0,1,202605,High,0.9726286339420963,1.0,0.5
N0,1,202605,High,0.9800799573452581,1.0,0.4166666666666667
N0,1,202605,High,0.9818982244052962,1.0,0.3333333333333333
N0,1,202605,High,0.984538230096804,1.0,0.25
N0,1,202605,High,0.9846125453709954,1.0,0.16666666666666666
N0,1,202605,High,0.9846925305548876,1.0,0.08333333333333333
N0,1,202605,High,1.0,1.0,0.0
N0,2,202605,Low,0.005959761326797372,0.3333333333333333,1.0
N0,2,202605,Low,0.006834262298919474,0.3387096774193548,1.0
N0,2,202605,Low,0.007308366932489885,0.3442622950819672,1.0
N0,2,202605,Low,0.008002885550236358,0.35,1.0
N0,2,202605,Low,0.009015495662187801,0.3559322033898305,1.0
N0,2,202605,Low,0.009159587391909862,0.3620689655172414,1.0
N0,2,202605,Low,0.010449523774779269,0.3684210526315789,1.0
N0,2,202605,Low,0.012704923397434174,0.375,1.0
N0,2,202605,Low,0.01399941220695644,0.3888888888888889,1.0
N0,2,202605,Low,0.014980621053386038,0.39622641509433965,1.0
N0,2,202605,Low,0.018014975294805512,0.40384615384615385,1.0
N0,2,202605,Low,0.018985936241355385,0.4117647058823529,1.0
N0,2,202605,Low,0.02202112029108524,0.42,1.0
N0,2,202605,Low,0.022678439165462083,0.42857142857142855,1.0
N0,2,202605,Low,0.02492190967677582,0.44680851063829785,1.0
N0,2,202605,Low,0.027568410026947637,0.45652173913043476,1.0
N0,2,202605,Low,0.02963056075905145,0.4666666666666667,1.0
N0,2,202605,Low,0.03612082586142517,0.4883720930232558,1.0
N0,2,202605,Low,0.04573906889946656,0.5121951219512195,1.0
N0,2,202605,Low,0.05091902108329107,0.525,1.0
N0,2,202605,Low,0.05094492221794211,0.5384615384615384,1.0
N0,2,202605,Low,0.062145950262127825,0.5675675675675675,1.0
N0,2,202605,Low,0.07939930733438177,0.6,1.0
N0,2,202605,Low,0.10309720062443618,0.6363636363636364,1.0
N0,2,202605,Low,0.10728941883441233,0.65625,1.0
N0,2,202605,Low,0.13535238449474166,0.75,1.0
N0,2,202605,Low,0.18643451602045208,0.7777777777777778,1.0
N0,2,202605,Low,0.2651530871393964,0.8,0.9523809523809523
N0,2,202605,Low,0.33180570107987967,0.7916666666666666,0.9047619047619048
N0,2,202605,Low,0.3747490700296919,0.782608695652174,0.8571428571428571
N0,2,202605,Low,0.42359984218628216,0.8095238095238095,0.8095238095238095
N0,2,202605,Low,0.5022113613198552,0.8,0.7619047619047619
N0,2,202605,Low,0.5462552156414311,0.7894736842105263,0.7142857142857143
N0,2,202605,Low,0.5816821867812477,0.8666666666666667,0.6190476190476191
N0,2,202605,Low,0.6993917646970808,0.9285714285714286,0.6190476190476191
N0,2,202605,Low,0.768970648621495,1.0,0.6190476190476191
N0,2,202605,Low,0.8309005746706148,1.0,0.5714285714285714
N0,2,202605,Low,0.8335202680068009,1.0,0.47619047619047616
N0,2,202605,Low,0.871038728017519,1.0,0.38095238095238093
N0,2,202605,Low,0.8720910472005001,1.0,0.3333333333333333
N0,2,202605,Low,0.8973540921296544,1.0,0.2857142857142857
N0,2,202605,Low,0.9279800831994182,1.0,0.23809523809523808
N0,2,202605,Low,0.9329801715560748,1.0,0.19047619047619047
N0,2,202605,Low,0.9492812517335514,1.0,0.14285714285714285
N0,2,202605,Low,0.9533030032277026,1.0,0.047619047619047616
N0,2,202605,Low,1.0,1.0,0.0
N0,2,202605,Medium,0.045520043151572584,0.49206349206349204,1.0
N0,2,202605,Medium,0.049433222677410064,0.5,1.0
N0,2,202605,Medium,0.06526280553886982,0.5166666666666667,1.0
N0,2,202605,Medium,0.07022607912683146,0.5254237288135594,1.0
N0,2,202605,Medium,0.1000018305610175,0.5344827586206896,1.0
N0,2,202605,Medium,0.12450307497495859,0.543859649122807,1.0
N0,2,202605,Medium,0.12544704874390744,0.5535714285714286,1.0
N0,2,202605,Medium,0.16180766629171636,0.5636363636363636,1.0
N0,2,202605,Medium,0.16417380479367336,0.5849056603773585,1.0
N0,2,202605,Medium,0.19501267399970282,0.6078431372549019,1.0
N0,2,202605,Medium,0.2242027314700418,0.62,1.0
N0,2,202605,Medium,0.2415186552509922,0.6326530612244898,1.0
N0,2,202605,Medium,0.26174475877365194,0.6458333333333334,1.0
N0,2,202605,Medium,0.2905488835230285,0.6595744680851063,1.0
N0,2,202605,Medium,0.29240488760951533,0.6521739130434783,0.967741935483871
N0,2,202605,Medium,0.3324896907646007,0.6666666666666666,0.967741935483871
N0,2,202605,Medium,0.33755103005134335,0.6818181818181818,0.967741935483871
N0,2,202605,Medium,0.38614030701500524,0.6976744186046512,0.967741935483871
N0,2,202605,Medium,0.40316666876183194,0.7142857142857143,0.967741935483871
N0,2,202605,Medium,0.43755744665234964,0.7073170731707317,0.9354838709677419
N0,2,202605,Medium,0.45956923674688915,0.7297297297297297,0.8709677419354839
N0,2,202605,Medium,0.47973441867486943,0.7428571428571429,0.8387096774193549
N0,2,202605,Medium,0.4868532820281655,0.7647058823529411,0.8387096774193549
N0,2,202605,Medium,0.5289941553257907,0.7878787878787878,0.8387096774193549
N0,2,202605,Medium,0.552906537803221,0.8125,0.8387096774193549
N0,2,202605,Medium,0.5995164006876409,0.8387096774193549,0.8387096774193549
N0,2,202605,Medium,0.6052167550895383,0.8620689655172413,0.8064516129032258
N0,2,202605,Medium,0.6207966746688198,0.8928571428571429,0.8064516129032258
N0,2,202605,Medium,0.6395808959069714,0.8888888888888888,0.7741935483870968
N0,2,202605,Medium,0.6793922147933829,0.9230769230769231,0.7741935483870968
N0,2,202605,Medium,0.6904315532483938,0.92,0.7419354838709677
N0,2,202605,Medium,0.6995600644384341,0.9130434782608695,0.6774193548387096
N0,2,202605,Medium,0.7079358963325668,0.9545454545454546,0.6774193548387096
N0,2,202605,Medium,0.7510004174933241,0.9523809523809523,0.6451612903225806
N0,2,202605,Medium,0.7625144209248694,0.95,0.6129032258064516
N0,2,202605,Medium,0.7669326405883068,0.9444444444444444,0.5483870967741935
N0,2,202605,Medium,0.8043675808959713,1.0,0.5161290322580645
N0,2,202605,Medium,0.8047963680623609,1.0,0.4838709677419355
N0,2,202605,Medium,0.8130895283385117,1.0,0.41935483870967744
N0,2,202605,Medium,0.8196864142780315,1.0,0.3870967741935484
N0,2,202605,Medium,0.8282507102619381,1.0,0.3548387096774194
N0,2,202605,Medium,0.8318756470643177,1.0,0.22580645161290322
N0,2,202605,Medium,0.8324432249003169,1.0,0.16129032258064516
N0,2,202605,Medium,0.8351341761043554,1.0,0.12903225806451613
N0,2,202605,Medium,0.8380534552367601,1.0,0.06451612903225806
N0,2,202605,Medium,1.0,1.0,0.0
N0,2,202605,High,0.0011769536207248434,0.1746031746031746,1.0
N0,2,202605,High,0.0012855255890385072,0.1774193548387097,1.0
N0,2,202605,High,0.0017570229050554143,0.18333333333333332,1.0
N0,2,202605,High,0.001793837673750428,0.1864406779661017,1.0
N0,2,202605,High,0.0026440773093280093,0.1896551724137931,1.0
N0,2,202605,High,0.003405877824541331,0.19298245614035087,1.0
N0,2,202605,High,0.003514223238573505,0.19642857142857142,1.0
N0,2,202605,High,0.004672065701482692,0.2,1.0
N0,2,202605,High,0.0049256205357118285,0.20754716981132076,1.0
N0,2,202605,High,0.006826619908463166,0.21568627450980393,1.0
N0,2,202605,High,0.010059351779890714,0.22,1.0
N0,2,202605,High,0.015151144456920297,0.22448979591836735,1.0
N0,2,202605,High,0.016187337706219284,0.22916666666666666,1.0
N0,2,202605,High,0.018054220005275345,0.25,1.0
N0,2,202605,High,0.0234936200104969,0.2558139534883721,1.0
N0,2,202605,High,0.02573452928266718,0.2619047619047619,1.0
N0,2,202605,High,0.02861340301314886,0.275,1.0
N0,2,202605,High,0.035286848422169455,0.28205128205128205,1.0
N0,2,202605,High,0.04663284339124117,0.2894736842105263,1.0
N0,2,202605,High,0.060280034609287075,0.3055555555555556,1.0
N0,2,202605,High,0.06445987090364964,0.3142857142857143,1.0
N0,2,202605,High,0.07721638509753236,0.3548387096774194,1.0
N0,2,202605,High,0.08254723742885813,0.36666666666666664,1.0
N0,2,202605,High,0.1059784026735545,0.39285714285714285,1.0
N0,2,202605,High,0.11392090167770254,0.4230769230769231,1.0
N0,2,202605,High,0.12181770620021662,0.4583333333333333,1.0
N0,2,202605,High,0.13599145057819725,0.4782608695652174,1.0
N0,2,202605,High,0.15908280607621395,0.5,1.0
N0,2,202605,High,0.20785501831607914,0.55,1.0
N0,2,202605,High,0.22143117247972818,0.6111111111111112,1.0
N0,2,202605,High,0.26714219399065736,0.6470588235294118,1.0
N0,2,202605,High,0.28689000758614414,0.6875,1.0
N0,2,202605,High,0.2985866649155319,0.7857142857142857,1.0
N0,2,202605,High,0.36021738908982476,0.8461538461538461,1.0
N0,2,202605,High,0.3767682696156562,0.9166666666666666,1.0
N0,2,202605,High,0.4560252236208232,0.9090909090909091,0.9090909090909091
N0,2,202605,High,0.49914730576487804,0.9,0.8181818181818182
N0,2,202605,High,0.5277258398556767,0.8888888888888888,0.7272727272727273
N0,2,202605,High,0.6034101692102155,1.0,0.6363636363636364
N0,2,202605,High,0.6532893825567467,1.0,0.5454545454545454
N0,2,202605,High,0.6584948135732115,1.0,0.45454545454545453
N0,2,202605,High,0.6995922268402482,1.0,0.36363636363636365
N0,2,202605,High,0.7309468742938582,1.0,0.2727272727272727
N0,2,202605,High,0.7516470824500883,1.0,0.18181818181818182
N0,2,202605,High,0.7990275646734998,1.0,0.09090909090909091
N0,2,202605,High,1.0,1.0,0.0
N0,3,202605,Low,0.004830800208318781,0.3333333333333333,1.0
N0,3,202605,Low,0.005182051326666411,0.3387096774193548,1.0
N0,3,202605,Low,0.006129254929927196,0.3442622950819672,1.0
N0,3,202605,Low,0.008522782027618683,0.3559322033898305,1.0
N0,3,202605,Low,0.013177845577978173,0.375,1.0
N0,3,202605,Low,0.013933308178992321,0.3888888888888889,1.0
N0,3,202605,Low,0.014132089600160914,0.39622641509433965,1.0
N0,3,202605,Low,0.015049452999289633,0.40384615384615385,1.0
N0,3,202605,Low,0.01512701590588473,0.42,1.0
N0,3,202605,Low,0.01553440894028874,0.4375,1.0
N0,3,202605,Low,0.015664196979337287,0.44680851063829785,1.0
N0,3,202605,Low,0.015818902603915046,0.45652173913043476,1.0
N0,3,202605,Low,0.016835969957390447,0.4666666666666667,1.0
N0,3,202605,Low,0.016868556263957394,0.4772727272727273,1.0
N0,3,202605,Low,0.01716357852519151,0.4883720930232558,1.0
N0,3,202605,Low,0.01894140868632515,0.5121951219512195,1.0
N0,3,202605,Low,0.02080048993523509,0.5384615384615384,1.0
N0,3,202605,Low,0.02717209464118407,0.5675675675675675,1.0
N0,3,202605,Low,0.04069750466881795,0.6,1.0
N0,3,202605,Low,0.04581735851950803,0.6176470588235294,1.0
N0,3,202605,Low,0.06849353143001966,0.6363636363636364,1.0
N0,3,202605,Low,0.13174819486163808,0.6774193548387096,1.0
N0,3,202605,Low,0.16609346936216635,0.7,1.0
N0,3,202605,Low,0.31663205224430957,0.7241379310344828,1.0
N0,3,202605,Low,0.4072414464990837,0.75,1.0
N0,3,202605,Low,0.47129130264706404,0.7777777777777778,1.0
N0,3,202605,Low,0.5025031311037976,0.84,1.0
N0,3,202605,Low,0.5834467001101463,0.875,1.0
N0,3,202605,Low,0.658969587110871,0.8695652173913043,0.9523809523809523
N0,3,202605,Low,0.7264721306665128,0.8636363636363636,0.9047619047619048
N0,3,202605,Low,0.7815102923919769,1.0,0.9047619047619048
N0,3,202605,Low,0.8195672487461562,1.0,0.8571428571428571
N0,3,202605,Low,0.8559441642197497,1.0,0.8095238095238095
N0,3,202605,Low,0.8986575482128798,1.0,0.7619047619047619
N0,3,202605,Low,0.921712242463021,1.0,0.7142857142857143
N0,3,202605,Low,0.9221652433569105,1.0,0.6666666666666666
N0,3,202605,Low,0.9311930498561595,1.0,0.6190476190476191
N0,3,202605,Low,0.9543655136967689,1.0,0.5714285714285714
N0,3,202605,Low,0.9560354173415515,1.0,0.42857142857142855
N0,3,202605,Low,0.9601132667111082,1.0,0.38095238095238093
N0,3,202605,Low,0.9601482212460662,1.0,0.3333333333333333
N0,3,202605,Low,0.9603050336426378,1.0,0.2857142857142857
N0,3,202605,Low,0.9603133252085067,1.0,0.23809523809523808
N0,3,202605,Low,0.960502339577189,1.0,0.09523809523809523
N0,3,202605,Low,0.9617144277356537,1.0,0.047619047619047616
N0,3,202605,Low,1.0,1.0,0.0
N0,3,202605,Medium,0.028649360416674294,0.49206349206349204,1.0
N0,3,202605,Medium,0.028790341570388712,0.5,1.0
N0,3,202605,Medium,0.029909533794875993,0.5081967213114754,1.0
N0,3,202605,Medium,0.03172083766828267,0.5166666666666667,1.0
N0,3,202605,Medium,0.031722029731568124,0.5254237288135594,1.0
N0,3,202605,Medium,0.03215421495473521,0.5535714285714286,1.0
N0,3,202605,Medium,0.03672029153009377,0.5636363636363636,1.0
N0,3,202605,Medium,0.038727330373682506,0.5740740740740741,1.0
N0,3,202605,Medium,0.06321036108488033,0.6078431372549019,1.0
N0,3,202605,Medium,0.07191039097778769,0.62,1.0
N0,3,202605,Medium,0.07307609351027429,0.6326530612244898,1.0
N0,3,202605,Medium,0.09428730110895586,0.6458333333333334,1.0
N0,3,202605,Medium,0.09627270568538994,0.6595744680851063,1.0
N0,3,202605,Medium,0.11588662624980456,0.6739130434782609,1.0
N0,3,202605,Medium,0.1398305011246258,0.6888888888888889,1.0
N0,3,202605,Medium,0.15780052226715607,0.7045454545454546,1.0
N0,3,202605,Medium,0.1766524561370332,0.7380952380952381,1.0
N0,3,202605,Medium,0.21436212926959322,0.7560975609756098,1.0
N0,3,202605,Medium,0.25466768400252676,0.775,1.0
N0,3,202605,Medium,0.26984419329629794,0.8378378378378378,1.0
N0,3,202605,Medium,0.33772847363059655,0.8235294117647058,0.9032258064516129
N0,3,202605,Medium,0.41351486571401747,0.8484848484848485,0.9032258064516129
N0,3,202605,Medium,0.4607044739249927,0.875,0.9032258064516129
N0,3,202605,Medium,0.4945404268594608,0.9333333333333333,0.9032258064516129
N0,3,202605,Medium,0.5255607355548891,0.9310344827586207,0.8709677419354839
N0,3,202605,Medium,0.5897409071346968,0.9259259259259259,0.8064516129032258
N0,3,202605,Medium,0.6802004957974267,0.9230769230769231,0.7741935483870968
N0,3,202605,Medium,0.8292015229644317,0.92,0.7419354838709677
N0,3,202605,Medium,0.8625588115808037,0.9166666666666666,0.7096774193548387
N0,3,202605,Medium,0.8656966395428122,0.9130434782608695,0.6774193548387096
N0,3,202605,Medium,0.9111058898682981,0.9523809523809523,0.6451612903225806
N0,3,202605,Medium,0.9234833889358377,1.0,0.6451612903225806
N0,3,202605,Medium,0.9382466359279314,1.0,0.5806451612903226
N0,3,202605,Medium,0.9439796613744129,1.0,0.5483870967741935
N0,3,202605,Medium,0.9478787377973388,1.0,0.5161290322580645
N0,3,202605,Medium,0.9519141697625716,1.0,0.4838709677419355
N0,3,202605,Medium,0.9574685160561187,1.0,0.41935483870967744
N0,3,202605,Medium,0.9598899635655148,1.0,0.3548387096774194
N0,3,202605,Medium,0.9599662411234301,1.0,0.2903225806451613
N0,3,202605,Medium,0.9599693638098302,1.0,0.22580645161290322
N0,3,202605,Medium,0.9631696078327648,1.0,0.1935483870967742
N0,3,202605,Medium,0.963317382201386,1.0,0.12903225806451613
N0,3,202605,Medium,0.96523843460363,1.0,0.0967741935483871
N0,3,202605,Medium,0.9656524403903566,1.0,0.06451612903225806
N0,3,202605,Medium,0.9667130222520761,1.0,0.03225806451612903
N0,3,202605,Medium,1.0,1.0,0.0
N0,3,202605,High,0.0029564420367415604,0.1746031746031746,1.0
N0,3,202605,High,0.0030176463662195036,0.1774193548387097,1.0
N0,3,202605,High,0.0030384341758362674,0.18032786885245902,1.0
N0,3,202605,High,0.0031479617980467956,0.18333333333333332,1.0
N0,3,202605,High,0.003167451958263755,0.1896551724137931,1.0
N0,3,202605,High,0.003301939258532513,0.19298245614035087,1.0
N0,3,202605,High,0.0036836760371891986,0.19642857142857142,1.0
N0,3,202605,High,0.0037802951168105802,0.20754716981132076,1.0
N0,3,202605,High,0.004127578338429921,0.21153846153846154,1.0
N0,3,202605,High,0.0042253346556245155,0.21568627450980393,1.0
N0,3,202605,High,0.0047050076734018835,0.22,1.0
N0,3,202605,High,0.005069746101730207,0.22448979591836735,1.0
N0,3,202605,High,0.0052116640267047066,0.22916666666666666,1.0
N0,3,202605,High,0.005596589058960178,0.23404255319148937,1.0
N0,3,202605,High,0.0056929935575581545,0.2391304347826087,1.0
N0,3,202605,High,0.0059243656653017425,0.24444444444444444,1.0
N0,3,202605,High,0.006907155929548547,0.25,1.0
N0,3,202605,High,0.007244291128354773,0.2682926829268293,1.0
N0,3,202605,High,0.007732518334156654,0.275,1.0
N0,3,202605,High,0.007964645059925179,0.28205128205128205,1.0
N0,3,202605,High,0.008023079634142661,0.3055555555555556,1.0
N0,3,202605,High,0.008130941085651084,0.3235294117647059,1.0
N0,3,202605,High,0.008376038469470284,0.3333333333333333,1.0
N0,3,202605,High,0.010202980106079099,0.34375,1.0
N0,3,202605,High,0.010848300006136671,0.3548387096774194,1.0
N0,3,202605,High,0.01090462478697357,0.36666666666666664,1.0
N0,3,202605,High,0.011423757533843318,0.3793103448275862,1.0
N0,3,202605,High,0.012937941793301152,0.39285714285714285,1.0
N0,3,202605,High,0.016029902232000032,0.4230769230769231,1.0
N0,3,202605,High,0.016451007790533434,0.4583333333333333,1.0
N0,3,202605,High,0.01881315066935469,0.4782608695652174,1.0
N0,3,202605,High,0.020629475796209055,0.5,1.0
N0,3,202605,High,0.021092350190244788,0.5238095238095238,1.0
N0,3,202605,High,0.022749309619621755,0.5789473684210527,1.0
N0,3,202605,High,0.024211733586254707,0.6111111111111112,1.0
N0,3,202605,High,0.02748203094459166,0.6470588235294118,1.0
N0,3,202605,High,0.03295881433154365,0.7333333333333333,1.0
N0,3,202605,High,0.046089167092731205,0.8461538461538461,1.0
N0,3,202605,High,0.07202555386774445,0.9166666666666666,1.0
N0,3,202605,High,0.11713978193199634,0.9090909090909091,0.9090909090909091
N0,3,202605,High,0.5261176804970291,1.0,0.8181818181818182
N0,3,202605,High,0.7368095339698545,1.0,0.6363636363636364
N0,3,202605,High,0.8360702228029168,1.0,0.36363636363636365
N0,3,202605,High,0.878931322423529,1.0,0.18181818181818182
N0,3,202605,High,0.9008818986827254,1.0,0.09090909090909091
N0,3,202605,High,1.0,1.0,0.0
N0,4,202605,Low,0.0002112925267517154,0.31746031746031744,1.0
N0,4,202605,Low,0.00021387917035125013,0.3225806451612903,1.0
N0,4,202605,Low,0.00025611447013038866,0.3333333333333333,1.0
N0,4,202605,Low,0.00030858919170400614,0.3448275862068966,1.0
N0,4,202605,Low,0.0003282058064252495,0.3508771929824561,1.0
N0,4,202605,Low,0.00036772207803624404,0.36363636363636365,1.0
N0,4,202605,Low,0.0004520970086460124,0.37037037037037035,1.0
N0,4,202605,Low,0.0009693945545882247,0.38461538461538464,1.0
N0,4,202605,Low,0.0012594115335626981,0.39215686274509803,1.0
N0,4,202605,Low,0.0016809163982926612,0.4166666666666667,1.0
N0,4,202605,Low,0.003436197227517988,0.425531914893617,1.0
N0,4,202605,Low,0.004286633540952752,0.43478260869565216,1.0
N0,4,202605,Low,0.004296895132574793,0.4444444444444444,1.0
N0,4,202605,Low,0.004305990149688444,0.45454545454545453,1.0
N0,4,202605,Low,0.004445320334766309,0.46511627906976744,1.0
N0,4,202605,Low,0.00467949920274224,0.47619047619047616,1.0
N0,4,202605,Low,0.004750302385529805,0.5128205128205128,1.0
N0,4,202605,Low,0.0052143326660490825,0.5263157894736842,1.0
N0,4,202605,Low,0.008289986189669165,0.5405405405405406,1.0
N0,4,202605,Low,0.008815505821003763,0.5555555555555556,1.0
N0,4,202605,Low,0.012524388969643018,0.5882352941176471,1.0
N0,4,202605,Low,0.01342929327922974,0.6060606060606061,1.0
N0,4,202605,Low,0.021721128644906072,0.625,1.0
N0,4,202605,Low,0.059238875075979455,0.6666666666666666,1.0
N0,4,202605,Low,0.09458297049916581,0.6896551724137931,1.0
N0,4,202605,Low,0.1395389140302031,0.7142857142857143,1.0
N0,4,202605,Low,0.2515148432921923,0.76,0.95
N0,4,202605,Low,0.3917048347747438,0.7916666666666666,0.95
N0,4,202605,Low,0.48097147028639314,0.8181818181818182,0.9
N0,4,202605,Low,0.5600938472283613,0.8421052631578947,0.8
N0,4,202605,Low,0.6267121228130569,0.875,0.7
N0,4,202605,Low,0.8310833880102806,0.9230769230769231,0.6
N0,4,202605,Low,0.8792195312452797,0.9166666666666666,0.55
N0,4,202605,Low,0.8997504082846755,1.0,0.4
N0,4,202605,Low,0.9529848579272588,1.0,0.35
N0,4,202605,Low,0.973187371841493,1.0,0.25
N0,4,202605,Low,0.9737122107316099,1.0,0.2
N0,4,202605,Low,0.9792440258809626,1.0,0.15
N0,4,202605,Low,0.9835755384377491,1.0,0.05
N0,4,202605,Low,1.0,1.0,0.0
N0,4,202605,Medium,0.005716338239459706,0.49206349206349204,1.0
N0,4,202605,Medium,0.006178483963175076,0.5,1.0
N0,4,202605,Medium,0.008012239642051102,0.5166666666666667,1.0
N0,4,202605,Medium,0.016294953726879714,0.5344827586206896,1.0
N0,4,202605,Medium,0.016381734812402352,0.543859649122807,1.0
N0,4,202605,Medium,0.019198724386509294,0.5535714285714286,1.0
N0,4,202605,Medium,0.020636603306597907,0.5740740740740741,1.0
N0,4,202605,Medium,0.023195513315126277,0.5961538461538461,1.0
N0,4,202605,Medium,0.026181744281896156,0.6078431372549019,1.0
N0,4,202605,Medium,0.026693936249591314,0.62,1.0
N0,4,202605,Medium,0.030357962436960963,0.6326530612244898,1.0
N0,4,202605,Medium,0.04686646027246439,0.6595744680851063,1.0
N0,4,202605,Medium,0.08974883508952555,0.6888888888888889,1.0
N0,4,202605,Medium,0.09992958486395644,0.7045454545454546,1.0
N0,4,202605,Medium,0.12049206335753081,0.7209302325581395,1.0
N0,4,202605,Medium,0.13106564532620454,0.7692307692307693,0.967741935483871
N0,4,202605,Medium,0.16861798772393047,0.75,0.8709677419354839
N0,4,202605,Medium,0.1895833004406694,0.7714285714285715,0.8709677419354839
N0,4,202605,Medium,0.3726078205694072,0.7647058823529411,0.8387096774193549
N0,4,202605,Medium,0.40546610167862696,0.8064516129032258,0.8064516129032258
N0,4,202605,Medium,0.43922815160644013,0.8,0.7741935483870968
N0,4,202605,Medium,0.5183418230510874,0.8518518518518519,0.7419354838709677
N0,4,202605,Medium,0.607585500960972,0.9166666666666666,0.7096774193548387
N0,4,202605,Medium,0.7473158576237688,0.9545454545454546,0.6774193548387096
N0,4,202605,Medium,0.7995430856926109,0.9523809523809523,0.6451612903225806
N0,4,202605,Medium,0.8594341282078224,0.95,0.6129032258064516
N0,4,202605,Medium,0.8834448535390924,1.0,0.5483870967741935
N0,4,202605,Medium,0.9043996624665226,1.0,0.5161290322580645
N0,4,202605,Medium,0.9299127476847037,1.0,0.4838709677419355
N0,4,202605,Medium,0.9396929402091183,1.0,0.3870967741935484
N0,4,202605,Medium,0.9526642676299768,1.0,0.3548387096774194
N0,4,202605,Medium,0.9765596511415069,1.0,0.3225806451612903
N0,4,202605,Medium,0.9800970547959156,1.0,0.25806451612903225
N0,4,202605,Medium,0.9833905288572478,1.0,0.22580645161290322
N0,4,202605,Medium,0.9846407079923457,1.0,0.1935483870967742
N0,4,202605,Medium,0.9862189160697676,1.0,0.16129032258064516
N0,4,202605,Medium,0.9871843337701668,1.0,0.12903225806451613
N0,4,202605,Medium,0.988555103881505,1.0,0.0967741935483871
N0,4,202605,Medium,0.9889164284087332,1.0,0.06451612903225806
N0,4,202605,Medium,1.0,1.0,0.0
N0,4,202605,High,0.00010604498649402552,0.19047619047619047,1.0
N0,4,202605,High,0.00011869190891571283,0.1935483870967742,1.0
N0,4,202605,High,0.00011937081243944587,0.19672131147540983,1.0
N0,4,202605,High,0.00012950783537113073,0.2033898305084746,1.0
N0,4,202605,High,0.00014868180027671678,0.20689655172413793,1.0
N0,4,202605,High,0.0002884053971894271,0.21428571428571427,1.0
N0,4,202605,High,0.000298624265788978,0.23076923076923078,1.0
N0,4,202605,High,0.00032000685136808173,0.23529411764705882,1.0
N0,4,202605,High,0.0006780011651985604,0.24,1.0
N0,4,202605,High,0.0006800566175359141,0.2553191489361702,1.0
N0,4,202605,High,0.0006867066625194338,0.2727272727272727,1.0
N0,4,202605,High,0.0007096642642842822,0.2926829268292683,1.0
N0,4,202605,High,0.0010173670343115579,0.3076923076923077,1.0
N0,4,202605,High,0.00102695776197452,0.3157894736842105,1.0
N0,4,202605,High,0.0010681847149022015,0.34285714285714286,1.0
N0,4,202605,High,0.0011692990840388897,0.35294117647058826,1.0
N0,4,202605,High,0.0017192202135869958,0.36363636363636365,1.0
N0,4,202605,High,0.0019299987284245557,0.3870967741935484,1.0
N0,4,202605,High,0.002268065770263072,0.4,1.0
N0,4,202605,High,0.004085082173109226,0.42857142857142855,1.0
N0,4,202605,High,0.004525680040164068,0.4444444444444444,1.0
N0,4,202605,High,0.006694593732965179,0.46153846153846156,1.0
N0,4,202605,High,0.009475093780543875,0.48,1.0
N0,4,202605,High,0.01561631166313163,0.5,1.0
N0,4,202605,High,0.042121399703974084,0.5217391304347826,1.0
N0,4,202605,High,0.06540775311255409,0.5454545454545454,1.0
N0,4,202605,High,0.11210982612614123,0.631578947368421,1.0
N0,4,202605,High,0.1961600191748143,0.6666666666666666,1.0
N0,4,202605,High,0.5910977010938551,0.7058823529411765,1.0
N0,4,202605,High,0.8087357831610379,0.75,1.0
N0,4,202605,High,0.8676749431402327,0.8,1.0
N0,4,202605,High,0.9092817703558862,1.0,1.0
N0,4,202605,High,0.969189940554393,1.0,0.9166666666666666
N0,4,202605,High,0.9764367646068375,1.0,0.75
N0,4,202605,High,0.9804730698070655,1.0,0.6666666666666666
N0,4,202605,High,0.9833096759958937,1.0,0.5
N0,4,202605,High,0.9917738811875977,1.0,0.4166666666666667
N0,4,202605,High,0.9935654015666945,1.0,0.25
N0,4,202605,High,0.9940723692337886,1.0,0.08333333333333333
N0,4,202605,High,1.0,1.0,0.0
N1,0,202601,Low,0.004786252975463867,0.328125,1.0
N1,0,202601,Low,0.005354166030883789,0.3333333333333333,1.0
N1,0,202601,Low,0.005568206310272217,0.3387096774193548,1.0
N1,0,202601,Low,0.007947087287902832,0.35,1.0
N1,0,202601,Low,0.013089954853057861,0.3620689655172414,1.0
N1,0,202601,Low,0.020149946212768555,0.38181818181818183,1.0
N1,0,202601,Low,0.03370487689971924,0.3888888888888889,1.0
N1,0,202601,Low,0.07614380121231079,0.39622641509433965,1.0
N1,0,202601,Low,0.17224544286727905,0.40384615384615385,1.0
N1,0,202601,Low,0.23615700006484985,0.42,1.0
N1,0,202601,Low,0.2368486558921435,0.4375,1.0
N1,0,202601,Low,0.23843742127530043,0.44680851063829785,1.0
N1,0,202601,Low,0.3029788136482239,0.4883720930232558,1.0
N1,0,202601,Low,0.32448285818099976,0.5,1.0
N1,0,202601,Low,0.3291618824005127,0.5121951219512195,1.0
N1,0,202601,Low,0.3310004472732544,0.525,1.0
N1,0,202601,Low,0.33799922466278076,0.5384615384615384,1.0
N1,0,202601,Low,0.36847704374434764,0.5833333333333334,1.0
N1,0,202601,Low,0.3929919688327306,0.6,1.0
N1,0,202601,Low,0.42311406766048176,0.6176470588235294,1.0
N1,0,202601,Low,0.45282405614852905,0.6363636363636364,1.0
N1,0,202601,Low,0.4649757216122109,0.65625,1.0
N1,0,202601,Low,0.5259488625098444,0.6774193548387096,1.0
N1,0,202601,Low,0.6087527524541329,0.7407407407407407,0.9523809523809523
N1,0,202601,Low,0.6680320700416585,0.76,0.9047619047619048
N1,0,202601,Low,0.6927981376647949,0.75,0.8571428571428571
N1,0,202601,Low,0.7137336744251357,0.7619047619047619,0.7619047619047619
N1,0,202601,Low,0.7463016245891696,0.8,0.7619047619047619
N1,0,202601,Low,0.8066907940799566,0.8421052631578947,0.7619047619047619
N1,0,202601,Low,0.8371990622826252,0.8888888888888888,0.7619047619047619
N1,0,202601,Low,0.8795825929151927,0.8666666666666667,0.6190476190476191
N1,0,202601,Low,0.9030226225148364,0.9230769230769231,0.5714285714285714
N1,0,202601,Low,0.9428911559274864,1.0,0.5238095238095238
N1,0,202601,Low,0.9498709723314933,1.0,0.47619047619047616
N1,0,202601,Low,0.9568186371132124,1.0,0.42857142857142855
N1,0,202601,Low,0.9631914187428778,1.0,0.3333333333333333
N1,0,202601,Low,0.9698540667708914,1.0,0.2857142857142857
N1,0,202601,Low,0.9724888022123852,1.0,0.23809523809523808
N1,0,202601,Low,0.9778529221177831,1.0,0.14285714285714285
N1,0,202601,Low,0.9836376459995466,1.0,0.047619047619047616
N1,0,202601,Low,1.0,1.0,0.0
N1,0,202601,Medium,0.015086194748462905,0.484375,1.0
N1,0,202601,Medium,0.0204103287185457,0.49206349206349204,1.0
N1,0,202601,Medium,0.02534283836074874,0.5081967213114754,1.0
N1,0,202601,Medium,0.027763966755386102,0.5254237288135594,1.0
N1,0,202601,Medium,0.03388165038471372,0.5344827586206896,1.0
N1,0,202601,Medium,0.039726644624915666,0.543859649122807,1.0
N1,0,202601,Medium,0.046091490867480364,0.5636363636363636,1.0
N1,0,202601,Medium,0.05247784269100093,0.5740740740740741,1.0
N1,0,202601,Medium,0.054132699966430664,0.5849056603773585,1.0
N1,0,202601,Medium,0.060133278369903564,0.5961538461538461,1.0
N1,0,202601,Medium,0.06237286329269409,0.6078431372549019,1.0
N1,0,202601,Medium,0.08649027347564697,0.6326530612244898,1.0
N1,0,202601,Medium,0.08879550306585655,0.6595744680851063,1.0
N1,0,202601,Medium,0.11001058035540989,0.6666666666666666,0.967741935483871
N1,0,202601,Medium,0.13415366411209106,0.6744186046511628,0.9354838709677419
N1,0,202601,Medium,0.14808330905887696,0.725,0.9354838709677419
N1,0,202601,Medium,0.17523443307203576,0.7837837837837838,0.9354838709677419
N1,0,202601,Medium,0.19102638959884644,0.7777777777777778,0.9032258064516129
N1,0,202601,Medium,0.2282501676366605,0.8,0.9032258064516129
N1,0,202601,Medium,0.2563777868754748,0.7941176470588235,0.8709677419354839
N1,0,202601,Medium,0.2742621600627899,0.7878787878787878,0.8387096774193549
N1,0,202601,Medium,0.2785760164260864,0.8333333333333334,0.8064516129032258
N1,0,202601,Medium,0.29519922420976236,0.8620689655172413,0.8064516129032258
N1,0,202601,Medium,0.3442003569983092,0.8928571428571429,0.8064516129032258
N1,0,202601,Medium,0.4092985537164452,0.9230769230769231,0.7741935483870968
N1,0,202601,Medium,0.44145265221595764,0.9545454545454546,0.6774193548387096
N1,0,202601,Medium,0.4538144536884793,1.0,0.6774193548387096
N1,0,202601,Medium,0.4622388482093811,1.0,0.6451612903225806
N1,0,202601,Medium,0.4820824337315922,1.0,0.6129032258064516
N1,0,202601,Medium,0.500944446793447,1.0,0.5806451612903226
N1,0,202601,Medium,0.5151867828131707,1.0,0.5483870967741935
N1,0,202601,Medium,0.5312259793281555,1.0,0.5161290322580645
N1,0,202601,Medium,0.5346091389656067,1.0,0.41935483870967744
N1,0,202601,Medium,0.5354775190353394,1.0,0.3870967741935484
N1,0,202601,Medium,0.53764808177948,1.0,0.3548387096774194
N1,0,202601,Medium,0.5468419194221497,1.0,0.3225806451612903
N1,0,202601,Medium,0.5581347346305847,1.0,0.2903225806451613
N1,0,202601,Medium,0.5645518471167043,1.0,0.22580645161290322
N1,0,202601,Medium,0.564749547313892,1.0,0.0967741935483871
N1,0,202601,Medium,0.5648313760757446,1.0,0.06451612903225806
N1,0,202601,Medium,1.0,1.0,0.0
N1,0,202601,High,0.0012761592519905012,0.1875,1.0
N1,0,202601,High,0.001736749163671238,0.19047619047619047,1.0
N1,0,202601,High,0.0021683594268660264,0.19672131147540983,1.0
N1,0,202601,High,0.002381966473722487,0.2033898305084746,1.0
N1,0,202601,High,0.0029269308724084757,0.20689655172413793,1.0
N1,0,202601,High,0.0034547182618719398,0.21052631578947367,1.0
N1,0,202601,High,0.004037536801026368,0.21818181818181817,1.0
N1,0,202601,High,0.004631001381512696,0.2222222222222222,1.0
N1,0,202601,High,0.008181874419307003,0.22641509433962265,1.0
N1,0,202601,High,0.010406826729397377,0.23529411764705882,1.0
N1,0,202601,High,0.01471762865849781,0.24489795918367346,1.0
N1,0,202601,High,0.01807477284800769,0.2608695652173913,1.0
N1,0,202601,High,0.02544820777416984,0.26666666666666666,1.0
N1,0,202601,High,0.029888538699389507,0.2727272727272727,1.0
N1,0,202601,High,0.03293970227241516,0.27906976744186046,1.0
N1,0,202601,High,0.03676870574857908,0.3,1.0
N1,0,202601,High,0.0470468905475579,0.3076923076923077,1.0
N1,0,202601,High,0.06475258377371043,0.32432432432432434,1.0
N1,0,202601,High,0.08120982469930983,0.36363636363636365,1.0
N1,0,202601,High,0.08493709564208984,0.375,1.0
N1,0,202601,High,0.09480349860792606,0.3870967741935484,1.0
N1,0,202601,High,0.10606358437382246,0.4,1.0
N1,0,202601,High,0.11633617344248165,0.41379310344827586,1.0
N1,0,202601,High,0.13077479600906372,0.42857142857142855,1.0
N1,0,202601,High,0.13439041376113892,0.48,1.0
N1,0,202601,High,0.13536059856414795,0.5,1.0
N1,0,202601,High,0.13786906003952026,0.5217391304347826,1.0
N1,0,202601,High,0.15017926692962646,0.5454545454545454,1.0
N1,0,202601,High,0.19701073160799537,0.5714285714285714,1.0
N1,0,202601,High,0.19840179679396447,0.7058823529411765,1.0
N1,0,202601,High,0.19901162385940552,0.75,1.0
N1,0,202601,High,0.26961982250213623,0.8571428571428571,1.0
N1,0,202601,High,0.48240354657173157,1.0,1.0
N1,0,202601,High,0.6877191066741943,1.0,0.9166666666666666
N1,0,202601,High,0.788823664188385,1.0,0.8333333333333334
N1,0,202601,High,0.8527563810348511,1.0,0.75
N1,0,202601,High,0.9055626392364502,1.0,0.5
N1,0,202601,High,0.9320589303970337,1.0,0.3333333333333333
N1,0,202601,High,0.9345125555992126,1.0,0.16666666666666666
N1,0,202601,High,0.9410810470581055,1.0,0.08333333333333333
N1,0,202601,High,1.0,1.0,0.0
N1,1,202601,Low,0.004028618335723877,0.3333333333333333,1.0
N1,1,202601,Low,0.004328727722167969,0.3387096774193548,1.0
N1,1,202601,Low,0.005169808864593506,0.3442622950819672,1.0
N1,1,202601,Low,0.006192624568939209,0.35,1.0
N1,1,202601,Low,0.006849169731140137,0.3559322033898305,1.0
N1,1,202601,Low,0.007544755935668945,0.3620689655172414,1.0
N1,1,202601,Low,0.009386420249938965,0.3684210526315789,1.0
N1,1,202601,Low,0.011955082416534424,0.375,1.0
N1,1,202601,Low,0.014166057109832764,0.38181818181818183,1.0
N1,1,202601,Low,0.01731133460998535,0.3888888888888889,1.0
N1,1,202601,Low,0.020992040634155273,0.4117647058823529,1.0
N1,1,202601,Low,0.024487555027008057,0.42,1.0
N1,1,202601,Low,0.025568068027496338,0.42857142857142855,1.0
N1,1,202601,Low,0.03132146596908569,0.44680851063829785,1.0
N1,1,202601,Low,0.03339165449142456,0.45652173913043476,1.0
N1,1,202601,Low,0.03889369848687355,0.4772727272727273,1.0
N1,1,202601,Low,0.04106622934341431,0.4883720930232558,1.0
N1,1,202601,Low,0.05050045101343241,0.5121951219512195,1.0
N1,1,202601,Low,0.057468233780019466,0.5384615384615384,1.0
N1,1,202601,Low,0.06233417987823486,0.5526315789473685,1.0
N1,1,202601,Low,0.08409702777862549,0.5675675675675675,1.0
N1,1,202601,Low,0.15078574643709877,0.5833333333333334,1.0
N1,1,202601,Low,0.17810618612011989,0.6,1.0
N1,1,202601,Low,0.2985225893667147,0.6176470588235294,1.0
N1,1,202601,Low,0.3386363462798971,0.65625,1.0
N1,1,202601,Low,0.3796069096700644,0.7777777777777778,1.0
N1,1,202601,Low,0.47763663174482707,0.8076923076923077,1.0
N1,1,202601,Low,0.4975721854626096,0.875,1.0
N1,1,202601,Low,0.5307808488750038,0.8571428571428571,0.8571428571428571
N1,1,202601,Low,0.635902471878177,0.8947368421052632,0.8095238095238095
N1,1,202601,Low,0.6644007235642165,0.9375,0.7142857142857143
N1,1,202601,Low,0.707308581848618,0.9285714285714286,0.6190476190476191
N1,1,202601,Low,0.7538532236306462,1.0,0.5238095238095238
N1,1,202601,Low,0.8059686193409907,1.0,0.47619047619047616
N1,1,202601,Low,0.8375213636955819,1.0,0.42857142857142855
N1,1,202601,Low,0.8635726571083069,1.0,0.2857142857142857
N1,1,202601,Low,0.893012054507026,1.0,0.14285714285714285
N1,1,202601,Low,0.9195552414774706,1.0,0.09523809523809523
N1,1,202601,Low,0.9757874044368441,1.0,0.047619047619047616
N1,1,202601,Low,1.0,1.0,0.0
N1,1,202601,Medium,0.023434614840416066,0.47619047619047616,1.0
N1,1,202601,Medium,0.07770728274651754,0.4838709677419355,1.0
N1,1,202601,Medium,0.10324280052911108,0.4918032786885246,1.0
N1,1,202601,Medium,0.11016106605529785,0.5,1.0
N1,1,202601,Medium,0.11736530065536499,0.5084745762711864,1.0
N1,1,202601,Medium,0.13149474561214447,0.5172413793103449,1.0
N1,1,202601,Medium,0.13691437244415283,0.5454545454545454,1.0
N1,1,202601,Medium,0.15642821592112918,0.5555555555555556,1.0
N1,1,202601,Medium,0.15949159860610962,0.5882352941176471,1.0
N1,1,202601,Medium,0.1733350157737732,0.6,1.0
N1,1,202601,Medium,0.18653405672936818,0.6122448979591837,1.0
N1,1,202601,Medium,0.1874822974205017,0.625,1.0
N1,1,202601,Medium,0.22255122661590576,0.6382978723404256,1.0
N1,1,202601,Medium,0.23600529815644422,0.6521739130434783,1.0
N1,1,202601,Medium,0.2663452625274658,0.6666666666666666,1.0
N1,1,202601,Medium,0.27987345714275264,0.6818181818181818,1.0
N1,1,202601,Medium,0.2999425530433655,0.7073170731707317,0.9666666666666667
N1,1,202601,Medium,0.31999720543636767,0.725,0.9666666666666667
N1,1,202601,Medium,0.34224873781204224,0.7631578947368421,0.9666666666666667
N1,1,202601,Medium,0.3464487507124524,0.7714285714285715,0.9
N1,1,202601,Medium,0.38495779037475586,0.8125,0.8666666666666667
N1,1,202601,Medium,0.41995787620544434,0.8064516129032258,0.8333333333333334
N1,1,202601,Medium,0.42983752489089966,0.8333333333333334,0.8333333333333334
N1,1,202601,Medium,0.4422294174755211,0.8214285714285714,0.7666666666666667
N1,1,202601,Medium,0.47171697196258966,0.8461538461538461,0.7333333333333333
N1,1,202601,Medium,0.4761849343776703,0.9565217391304348,0.7333333333333333
N1,1,202601,Medium,0.48918595545600385,1.0,0.7333333333333333
N1,1,202601,Medium,0.49063271284103394,1.0,0.6666666666666666
N1,1,202601,Medium,0.5243669592032743,1.0,0.6
N1,1,202601,Medium,0.5360684394836426,1.0,0.5666666666666667
N1,1,202601,Medium,0.5716138588565189,1.0,0.5
N1,1,202601,Medium,0.5784474438891577,1.0,0.4666666666666667
N1,1,202601,Medium,0.6027620851170395,1.0,0.4
N1,1,202601,Medium,0.603620959899298,1.0,0.36666666666666664
N1,1,202601,Medium,0.6170133948326111,1.0,0.2
N1,1,202601,Medium,0.6328083229600763,1.0,0.16666666666666666
N1,1,202601,Medium,0.6612064838409424,1.0,0.1
N1,1,202601,Medium,0.6954116717664648,1.0,0.06666666666666667
N1,1,202601,Medium,0.6990364894127322,1.0,0.03333333333333333
N1,1,202601,Medium,1.0,1.0,0.0
N1,1,202601,High,0.0007779807227398794,0.19047619047619047,1.0
N1,1,202601,High,0.0027374757760118473,0.1935483870967742,1.0
N1,1,202601,High,0.003745144963862925,0.19672131147540983,1.0
N1,1,202601,High,0.004932597279548645,0.2,1.0
N1,1,202601,High,0.006050420383288828,0.21052631578947367,1.0
N1,1,202601,High,0.007497323929641042,0.2222222222222222,1.0
N1,1,202601,High,0.010141478212909609,0.22641509433962265,1.0
N1,1,202601,High,0.012817961008629303,0.23076923076923078,1.0
N1,1,202601,High,0.015602070999415811,0.24489795918367346,1.0
N1,1,202601,High,0.017648777409370604,0.2553191489361702,1.0
N1,1,202601,High,0.026989733649475125,0.2727272727272727,1.0
N1,1,202601,High,0.03071084257480071,0.2857142857142857,1.0
N1,1,202601,High,0.033177412799169026,0.3076923076923077,1.0
N1,1,202601,High,0.04877923147341667,0.32432432432432434,1.0
N1,1,202601,High,0.05774269382080496,0.3333333333333333,1.0
N1,1,202601,High,0.06866908767320895,0.3870967741935484,1.0
N1,1,202601,High,0.12648214211341527,0.41379310344827586,1.0
N1,1,202601,High,0.15017776415016895,0.42857142857142855,1.0
N1,1,202601,High,0.25469648838043213,0.4444444444444444,1.0
N1,1,202601,High,0.32065242528915405,0.46153846153846156,1.0
N1,1,202601,High,0.339769681102941,0.48,1.0
N1,1,202601,High,0.37105210509740993,0.5,1.0
N1,1,202601,High,0.4228653311729431,0.5454545454545454,1.0
N1,1,202601,High,0.4367393423098522,0.6,1.0
N1,1,202601,High,0.4759756326675415,0.631578947368421,1.0
N1,1,202601,High,0.492493599653244,0.7058823529411765,1.0
N1,1,202601,High,0.544594407081604,0.6875,0.9166666666666666
N1,1,202601,High,0.5555545687675476,0.7857142857142857,0.9166666666666666
N1,1,202601,High,0.5940501689910889,0.7692307692307693,0.8333333333333334
N1,1,202601,High,0.6404399275779724,0.8333333333333334,0.8333333333333334
N1,1,202601,High,0.6858913898468018,1.0,0.75
N1,1,202601,High,0.7216996550559998,1.0,0.6666666666666666
N1,1,202601,High,0.7680623531341553,1.0,0.5833333333333334
N1,1,202601,High,0.8049729466438293,1.0,0.5
N1,1,202601,High,0.8198158144950867,1.0,0.4166666666666667
N1,1,202601,High,0.8343157768249512,1.0,0.3333333333333333
N1,1,202601,High,0.8579158186912537,1.0,0.25
N1,1,202601,High,0.878305971622467,1.0,0.16666666666666666
N1,1,202601,High,0.8858103156089783,1.0,0.08333333333333333
N1,1,202601,High,1.0,1.0,0.0
N1,2,202601,Low,0.006030440330505371,0.3333333333333333,1.0
N1,2,202601,Low,0.011272788047790527,0.3387096774193548,1.0
N1,2,202601,Low,0.015519440174102783,0.3442622950819672,1.0
N1,2,202601,Low,0.019323348999023438,0.35,1.0
N1,2,202601,Low,0.024218082427978516,0.3559322033898305,1.0
N1,2,202601,Low,0.025708138942718506,0.3620689655172414,1.0
N1,2,202601,Low,0.032452940940856934,0.3684210526315789,1.0
N1,2,202601,Low,0.03867870569229126,0.375,1.0
N1,2,202601,Low,0.04115796089172363,0.38181818181818183,1.0
N1,2,202601,Low,0.055780112743377686,0.39622641509433965,1.0
N1,2,202601,Low,0.07113105058670044,0.40384615384615385,1.0
N1,2,202601,Low,0.0757635235786438,0.4117647058823529,1.0
N1,2,202601,Low,0.09066551923751831,0.42,1.0
N1,2,202601,Low,0.09652179479598999,0.42857142857142855,1.0
N1,2,202601,Low,0.10273206233978271,0.44680851063829785,1.0
N1,2,202601,Low,0.12256193161010742,0.45652173913043476,1.0
N1,2,202601,Low,0.13027817010879517,0.4772727272727273,1.0
N1,2,202601,Low,0.14575421810150146,0.4883720930232558,1.0
N1,2,202601,Low,0.16412293421855764,0.5,1.0
N1,2,202601,Low,0.19360631704330444,0.525,1.0
N1,2,202601,Low,0.204818957900436,0.5526315789473685,1.0
N1,2,202601,Low,0.21649891460685305,0.5833333333333334,1.0
N1,2,202601,Low,0.23949313877502498,0.6,1.0
N1,2,202601,Low,0.2524845562505043,0.6176470588235294,1.0
N1,2,202601,Low,0.3066237523164786,0.65625,1.0
N1,2,202601,Low,0.32304208989378674,0.6774193548387096,1.0
N1,2,202601,Low,0.3914380669593811,0.7777777777777778,1.0
N1,2,202601,Low,0.4944295287132263,0.8,0.9523809523809523
N1,2,202601,Low,0.5661759334342484,0.7916666666666666,0.9047619047619048
N1,2,202601,Low,0.5960095591397162,0.782608695652174,0.8571428571428571
N1,2,202601,Low,0.6250909613452178,0.8095238095238095,0.8095238095238095
N1,2,202601,Low,0.6335712458858593,0.8,0.7619047619047619
N1,2,202601,Low,0.6610683404762542,0.8421052631578947,0.7619047619047619
N1,2,202601,Low,0.68741430388572,0.9333333333333333,0.6666666666666666
N1,2,202601,Low,0.6942891892367118,0.9285714285714286,0.6190476190476191
N1,2,202601,Low,0.7877688451917964,1.0,0.6190476190476191
N1,2,202601,Low,0.8093849134104077,1.0,0.5714285714285714
N1,2,202601,Low,0.825783623804322,1.0,0.47619047619047616
N1,2,202601,Low,0.8497936646473253,1.0,0.38095238095238093
N1,2,202601,Low,0.8575508847137093,1.0,0.3333333333333333
N1,2,202601,Low,0.8736167857157655,1.0,0.2857142857142857
N1,2,202601,Low,0.8949586211375057,1.0,0.23809523809523808
N1,2,202601,Low,0.9337471863052553,1.0,0.19047619047619047
N1,2,202601,Low,0.9412245654003041,1.0,0.14285714285714285
N1,2,202601,Low,0.9445431091704501,1.0,0.047619047619047616
N1,2,202601,Low,1.0,1.0,0.0
N1,2,202601,Medium,0.050216782089817794,0.49206349206349204,1.0
N1,2,202601,Medium,0.0532040329787467,0.5,1.0
N1,2,202601,Medium,0.0573078989982605,0.5166666666666667,1.0
N1,2,202601,Medium,0.05992712905055445,0.5254237288135594,1.0
N1,2,202601,Medium,0.0946206903665744,0.5344827586206896,1.0
N1,2,202601,Medium,0.10147601366043091,0.543859649122807,1.0
N1,2,202601,Medium,0.11357006114560811,0.5535714285714286,1.0
N1,2,202601,Medium,0.12776447320927647,0.5636363636363636,1.0
N1,2,202601,Medium,0.13392609357833862,0.5740740740740741,1.0
N1,2,202601,Medium,0.13459536307868208,0.5849056603773585,1.0
N1,2,202601,Medium,0.15563972914741958,0.5961538461538461,1.0
N1,2,202601,Medium,0.1607481837272644,0.62,1.0
N1,2,202601,Medium,0.16992274815490058,0.6326530612244898,1.0
N1,2,202601,Medium,0.18863038824105852,0.6595744680851063,1.0
N1,2,202601,Medium,0.19246941804885864,0.6739130434782609,1.0
N1,2,202601,Medium,0.20155346393585205,0.6888888888888889,1.0
N1,2,202601,Medium,0.23966360092163086,0.7045454545454546,1.0
N1,2,202601,Medium,0.2677065889660471,0.7209302325581395,1.0
N1,2,202601,Medium,0.2709285020828247,0.7142857142857143,0.967741935483871
N1,2,202601,Medium,0.27338693156958216,0.7317073170731707,0.967741935483871
N1,2,202601,Medium,0.28244876861572266,0.75,0.967741935483871
N1,2,202601,Medium,0.29495496779948666,0.7631578947368421,0.9354838709677419
N1,2,202601,Medium,0.317098636724473,0.7941176470588235,0.8709677419354839
N1,2,202601,Medium,0.32384580615047964,0.7878787878787878,0.8387096774193549
N1,2,202601,Medium,0.3412443995475769,0.8125,0.8387096774193549
N1,2,202601,Medium,0.34666243582959216,0.8387096774193549,0.8387096774193549
N1,2,202601,Medium,0.3694996508248176,0.8620689655172413,0.8064516129032258
N1,2,202601,Medium,0.3893566131591797,0.8928571428571429,0.8064516129032258
N1,2,202601,Medium,0.4016798734664917,0.8888888888888888,0.7741935483870968
N1,2,202601,Medium,0.42153826355934143,0.9230769230769231,0.7741935483870968
N1,2,202601,Medium,0.43569183349609375,0.96,0.7741935483870968
N1,2,202601,Medium,0.4470129609107971,0.9583333333333334,0.7419354838709677
N1,2,202601,Medium,0.4579261839389801,0.9545454545454546,0.6774193548387096
N1,2,202601,Medium,0.48615074157714844,0.9523809523809523,0.6451612903225806
N1,2,202601,Medium,0.4863341450691223,1.0,0.6129032258064516
N1,2,202601,Medium,0.49512872099876404,1.0,0.5483870967741935
N1,2,202601,Medium,0.5096243619918823,1.0,0.5161290322580645
N1,2,202601,Medium,0.5186986249879207,1.0,0.4838709677419355
N1,2,202601,Medium,0.5222459875867966,1.0,0.3548387096774194
N1,2,202601,Medium,0.5247104089750289,1.0,0.2903225806451613
N1,2,202601,Medium,0.5343579649925232,1.0,0.25806451612903225
N1,2,202601,Medium,0.536842210982972,1.0,0.1935483870967742
N1,2,202601,Medium,0.5376370469087802,1.0,0.12903225806451613
N1,2,202601,Medium,0.5383932074665011,1.0,0.06451612903225806
N1,2,202601,Medium,0.5387752216689354,1.0,0.03225806451612903
N1,2,202601,Medium,1.0,1.0,0.0
N1,2,202601,High,0.005240108739732075,0.1746031746031746,1.0
N1,2,202601,High,0.00557140162094923,0.1774193548387097,1.0
N1,2,202601,High,0.006325684644190181,0.18333333333333332,1.0
N1,2,202601,High,0.010420688495919872,0.1864406779661017,1.0
N1,2,202601,High,0.012813153138626365,0.1896551724137931,1.0
N1,2,202601,High,0.014684642077014214,0.19298245614035087,1.0
N1,2,202601,High,0.015610972273992633,0.19642857142857142,1.0
N1,2,202601,High,0.01857664704825839,0.2,1.0
N1,2,202601,High,0.02069233843469167,0.20754716981132076,1.0
N1,2,202601,High,0.0236007665671451,0.21568627450980393,1.0
N1,2,202601,High,0.038004221797241076,0.22,1.0
N1,2,202601,High,0.039198764544697805,0.22448979591836735,1.0
N1,2,202601,High,0.04397669172425916,0.22916666666666666,1.0
N1,2,202601,High,0.04933011738966757,0.25,1.0
N1,2,202601,High,0.0510632325043025,0.2558139534883721,1.0
N1,2,202601,High,0.05732800503069168,0.2619047619047619,1.0
N1,2,202601,High,0.0643244157409339,0.275,1.0
N1,2,202601,High,0.08403220772743225,0.28205128205128205,1.0
N1,2,202601,High,0.12241119146347046,0.2894736842105263,1.0
N1,2,202601,High,0.1582592851182925,0.3055555555555556,1.0
N1,2,202601,High,0.16866583870849253,0.34375,1.0
N1,2,202601,High,0.20987839684071546,0.3548387096774194,1.0
N1,2,202601,High,0.22173163955603956,0.3793103448275862,1.0
N1,2,202601,High,0.24510787792664585,0.39285714285714285,1.0
N1,2,202601,High,0.25833883111659195,0.4074074074074074,1.0
N1,2,202601,High,0.27203571796417236,0.44,1.0
N1,2,202601,High,0.3136310781946457,0.4782608695652174,1.0
N1,2,202601,High,0.3446214199066162,0.5238095238095238,1.0
N1,2,202601,High,0.3745931088924408,0.55,1.0
N1,2,202601,High,0.39110392332077026,0.5789473684210527,1.0
N1,2,202601,High,0.4393417537212372,0.6470588235294118,1.0
N1,2,202601,High,0.4564652442932129,0.6875,1.0
N1,2,202601,High,0.47364264726638794,0.7857142857142857,1.0
N1,2,202601,High,0.5225566029548645,0.8461538461538461,1.0
N1,2,202601,High,0.5395123362541199,0.8333333333333334,0.9090909090909091
N1,2,202601,High,0.6029754877090454,0.9090909090909091,0.9090909090909091
N1,2,202601,High,0.6763932704925537,0.9,0.8181818181818182
N1,2,202601,High,0.690392792224884,1.0,0.7272727272727273
N1,2,202601,High,0.7278834581375122,1.0,0.6363636363636364
N1,2,202601,High,0.7727383971214294,1.0,0.5454545454545454
N1,2,202601,High,0.7833124995231628,1.0,0.45454545454545453
N1,2,202601,High,0.8199284672737122,1.0,0.36363636363636365
N1,2,202601,High,0.8505544662475586,1.0,0.2727272727272727
N1,2,202601,High,0.8872511982917786,1.0,0.18181818181818182
N1,2,202601,High,0.9366616606712341,1.0,0.09090909090909091
N1,2,202601,High,1.0,1.0,0.0
N1,3,202601,Low,0.014973938465118408,0.3333333333333333,1.0
N1,3,202601,Low,0.018874049186706543,0.3387096774193548,1.0
N1,3,202601,Low,0.02388298511505127,0.3442622950819672,1.0
N1,3,202601,Low,0.030315935611724854,0.3559322033898305,1.0
N1,3,202601,Low,0.03856617212295532,0.375,1.0
N1,3,202601,Low,0.05993509292602539,0.3888888888888889,1.0
N1,3,202601,Low,0.07314068296970973,0.40384615384615385,1.0
N1,3,202601,Low,0.07626354694366455,0.4117647058823529,1.0
N1,3,202601,Low,0.09289830923080444,0.42,1.0
N1,3,202601,Low,0.11291826107854429,0.4375,1.0
N1,3,202601,Low,0.11745142586674018,0.44680851063829785,1.0
N1,3,202601,Low,0.14208203554153442,0.4666666666666667,1.0
N1,3,202601,Low,0.14751011572808373,0.4772727272727273,1.0
N1,3,202601,Low,0.1772680256177779,0.4883720930232558,1.0
N1,3,202601,Low,0.18363196204995996,0.5,1.0
N1,3,202601,Low,0.21165054405777026,0.525,1.0
N1,3,202601,Low,0.21880745561707832,0.5384615384615384,1.0
N1,3,202601,Low,0.2586181721297179,0.5675675675675675,1.0
N1,3,202601,Low,0.26661491791330155,0.6,1.0
N1,3,202601,Low,0.3028104968997202,0.6176470588235294,1.0
N1,3,202601,Low,0.3114139437675476,0.6363636363636364,1.0
N1,3,202601,Low,0.3598700192561002,0.6774193548387096,1.0
N1,3,202601,Low,0.36892473422792005,0.7,1.0
N1,3,202601,Low,0.4911743384183409,0.7241379310344828,1.0
N1,3,202601,Low,0.5347035527229309,0.75,1.0
N1,3,202601,Low,0.5433449583248806,0.7777777777777778,1.0
N1,3,202601,Low,0.5939522716126321,0.8076923076923077,1.0
N1,3,202601,Low,0.6018816098150251,0.8,0.9523809523809523
N1,3,202601,Low,0.6491830228048745,0.8695652173913043,0.9523809523809523
N1,3,202601,Low,0.6930021981521622,0.8636363636363636,0.9047619047619048
N1,3,202601,Low,0.699271661992126,0.8571428571428571,0.8571428571428571
N1,3,202601,Low,0.73833742829955,1.0,0.8571428571428571
N1,3,202601,Low,0.7436371140926769,1.0,0.8095238095238095
N1,3,202601,Low,0.807885857399761,1.0,0.7619047619047619
N1,3,202601,Low,0.8115751938768799,1.0,0.7142857142857143
N1,3,202601,Low,0.8371954591467807,1.0,0.6666666666666666
N1,3,202601,Low,0.8640829139632108,1.0,0.6190476190476191
N1,3,202601,Low,0.8908783913755199,1.0,0.5714285714285714
N1,3,202601,Low,0.8924751819601969,1.0,0.42857142857142855
N1,3,202601,Low,0.8998961272669782,1.0,0.38095238095238093
N1,3,202601,Low,0.901282213939931,1.0,0.3333333333333333
N1,3,202601,Low,0.9026175862675674,1.0,0.19047619047619047
N1,3,202601,Low,0.9079930182043495,1.0,0.14285714285714285
N1,3,202601,Low,0.9305173141313394,1.0,0.09523809523809523
N1,3,202601,Low,0.934093487955961,1.0,0.047619047619047616
N1,3,202601,Low,1.0,1.0,0.0
N1,3,202601,Medium,0.06177793899158027,0.49206349206349204,1.0
N1,3,202601,Medium,0.06511441606075612,0.5,1.0
N1,3,202601,Medium,0.08608838166758027,0.5081967213114754,1.0
N1,3,202601,Medium,0.09108313443078145,0.5166666666666667,1.0
N1,3,202601,Medium,0.09232327574186813,0.5254237288135594,1.0
N1,3,202601,Medium,0.09361024017835498,0.5535714285714286,1.0
N1,3,202601,Medium,0.10049559110452501,0.5636363636363636,1.0
N1,3,202601,Medium,0.10197604585313487,0.5740740740740741,1.0
N1,3,202601,Medium,0.12675948169504472,0.6078431372549019,1.0
N1,3,202601,Medium,0.15150751229937193,0.62,1.0
N1,3,202601,Medium,0.174966714090448,0.6326530612244898,1.0
N1,3,202601,Medium,0.17833437901141866,0.6458333333333334,1.0
N1,3,202601,Medium,0.19056755304336548,0.6595744680851063,1.0
N1,3,202601,Medium,0.22777467966079712,0.6739130434782609,1.0
N1,3,202601,Medium,0.23650908991098407,0.6888888888888889,1.0
N1,3,202601,Medium,0.2412642295164078,0.7045454545454546,1.0
N1,3,202601,Medium,0.2701103091239929,0.7209302325581395,1.0
N1,3,202601,Medium,0.2760821812058457,0.7560975609756098,1.0
N1,3,202601,Medium,0.2816290154446283,0.7368421052631579,0.9032258064516129
N1,3,202601,Medium,0.3169790506362915,0.7567567567567568,0.9032258064516129
N1,3,202601,Medium,0.320042067765406,0.8235294117647058,0.9032258064516129
N1,3,202601,Medium,0.36070727495758365,0.8484848484848485,0.9032258064516129
N1,3,202601,Medium,0.3671499490737915,0.8387096774193549,0.8387096774193549
N1,3,202601,Medium,0.3674305513159684,0.896551724137931,0.8387096774193549
N1,3,202601,Medium,0.40959660978327367,0.9285714285714286,0.8387096774193549
N1,3,202601,Medium,0.4166536033153534,0.9259259259259259,0.8064516129032258
N1,3,202601,Medium,0.4514496309628724,0.9230769230769231,0.7741935483870968
N1,3,202601,Medium,0.4604685604572296,0.92,0.7419354838709677
N1,3,202601,Medium,0.5000621229428686,0.9565217391304348,0.7096774193548387
N1,3,202601,Medium,0.5079549551010132,0.9545454545454546,0.6774193548387096
N1,3,202601,Medium,0.5397462804634401,1.0,0.6774193548387096
N1,3,202601,Medium,0.5425350666046143,1.0,0.6451612903225806
N1,3,202601,Medium,0.5455042164437787,1.0,0.5806451612903226
N1,3,202601,Medium,0.5712671450158103,1.0,0.5483870967741935
N1,3,202601,Medium,0.5736038088798523,1.0,0.5161290322580645
N1,3,202601,Medium,0.576266510001823,1.0,0.45161290322580644
N1,3,202601,Medium,0.5780282745814683,1.0,0.3870967741935484
N1,3,202601,Medium,0.5942487209178317,1.0,0.3548387096774194
N1,3,202601,Medium,0.5960423946380615,1.0,0.3225806451612903
N1,3,202601,Medium,0.5972248226817723,1.0,0.2903225806451613
N1,3,202601,Medium,0.5989993989169419,1.0,0.22580645161290322
N1,3,202601,Medium,0.607792249205824,1.0,0.1935483870967742
N1,3,202601,Medium,0.6084625630309796,1.0,0.12903225806451613
N1,3,202601,Medium,0.6087910947563918,1.0,0.0967741935483871
N1,3,202601,Medium,0.6092548551933424,1.0,0.06451612903225806
N1,3,202601,Medium,1.0,1.0,0.0
N1,3,202601,High,0.0041285730524587535,0.1746031746031746,1.0
N1,3,202601,High,0.004368269807904456,0.1774193548387097,1.0
N1,3,202601,High,0.005918600128070172,0.18032786885245902,1.0
N1,3,202601,High,0.006299279301651157,0.18333333333333332,1.0
N1,3,202601,High,0.006394510318200829,0.1864406779661017,1.0
N1,3,202601,High,0.0064936325546668065,0.19642857142857142,1.0
N1,3,202601,High,0.007029226935278076,0.2,1.0
N1,3,202601,High,0.007145562771345172,0.2037037037037037,1.0
N1,3,202601,High,0.009157604341744539,0.21568627450980393,1.0
N1,3,202601,High,0.01129702855384733,0.22,1.0
N1,3,202601,High,0.01345809203267202,0.22448979591836735,1.0
N1,3,202601,High,0.013779763588820349,0.22916666666666666,1.0
N1,3,202601,High,0.01985379599633904,0.23404255319148937,1.0
N1,3,202601,High,0.020398342184042212,0.2391304347826087,1.0
N1,3,202601,High,0.024646156802028345,0.24444444444444444,1.0
N1,3,202601,High,0.025368786403209477,0.2619047619047619,1.0
N1,3,202601,High,0.030774909429719496,0.2682926829268293,1.0
N1,3,202601,High,0.03741111522739123,0.275,1.0
N1,3,202601,High,0.03861717707139952,0.2894736842105263,1.0
N1,3,202601,High,0.047058431891845706,0.2972972972972973,1.0
N1,3,202601,High,0.0486428439617157,0.3055555555555556,1.0
N1,3,202601,High,0.0573760306187867,0.3142857142857143,1.0
N1,3,202601,High,0.09132898530863981,0.3235294117647059,1.0
N1,3,202601,High,0.0946257643001211,0.3333333333333333,1.0
N1,3,202601,High,0.1149822473526001,0.34375,1.0
N1,3,202601,High,0.1191612285188115,0.36666666666666664,1.0
N1,3,202601,High,0.13913636116886677,0.3793103448275862,1.0
N1,3,202601,High,0.14415700518850974,0.39285714285714285,1.0
N1,3,202601,High,0.17340029517709768,0.4230769230769231,1.0
N1,3,202601,High,0.17955836118583796,0.4583333333333333,1.0
N1,3,202601,High,0.20711318275669763,0.4782608695652174,1.0
N1,3,202601,High,0.2142694113512425,0.5238095238095238,1.0
N1,3,202601,High,0.2534904853549744,0.55,1.0
N1,3,202601,High,0.26187556982040405,0.5789473684210527,1.0
N1,3,202601,High,0.3062820641314368,0.6111111111111112,1.0
N1,3,202601,High,0.3158145939056454,0.6875,1.0
N1,3,202601,High,0.3645666241645813,0.7333333333333333,1.0
N1,3,202601,High,0.41578149795532227,0.8461538461538461,1.0
N1,3,202601,High,0.4267971940874217,0.8333333333333334,0.9090909090909091
N1,3,202601,High,0.479596346616745,0.9090909090909091,0.9090909090909091
N1,3,202601,High,0.5942838788032532,1.0,0.8181818181818182
N1,3,202601,High,0.6527050137519836,1.0,0.6363636363636364
N1,3,202601,High,0.7060067057609558,1.0,0.36363636363636365
N1,3,202601,High,0.7533512711524963,1.0,0.18181818181818182
N1,3,202601,High,0.7944585084915161,1.0,0.09090909090909091
N1,3,202601,High,1.0,1.0,0.0
N1,4,202601,Low,0.005644321441650391,0.31746031746031744,1.0
N1,4,202601,Low,0.007984399795532227,0.32786885245901637,1.0
N1,4,202601,Low,0.014489293098449707,0.3333333333333333,1.0
N1,4,202601,Low,0.019860506057739258,0.3448275862068966,1.0
N1,4,202601,Low,0.024314403533935547,0.3508771929824561,1.0
N1,4,202601,Low,0.028005480766296387,0.36363636363636365,1.0
N1,4,202601,Low,0.029864669736166888,0.37037037037037035,1.0
N1,4,202601,Low,0.03488951921463013,0.37735849056603776,1.0
N1,4,202601,Low,0.03677910456719683,0.4,1.0
N1,4,202601,Low,0.04358064998445958,0.4166666666666667,1.0
N1,4,202601,Low,0.054860649858097736,0.425531914893617,1.0
N1,4,202601,Low,0.06824821030353873,0.43478260869565216,1.0
N1,4,202601,Low,0.06873869691077777,0.4444444444444444,1.0
N1,4,202601,Low,0.08603870740475196,0.45454545454545453,1.0
N1,4,202601,Low,0.08675694465637207,0.4878048780487805,1.0
N1,4,202601,Low,0.1074070930480957,0.5,1.0
N1,4,202601,Low,0.10839808148738864,0.5128205128205128,1.0
N1,4,202601,Low,0.13481724463130898,0.5263157894736842,1.0
N1,4,202601,Low,0.20403594082647475,0.5405405405405406,1.0
N1,4,202601,Low,0.20631324937472867,0.5555555555555556,1.0
N1,4,202601,Low,0.24725097049398764,0.5882352941176471,1.0
N1,4,202601,Low,0.25006520002886057,0.6060606060606061,1.0
N1,4,202601,Low,0.29921729152843746,0.625,1.0
N1,4,202601,Low,0.35683739982926993,0.6666666666666666,1.0
N1,4,202601,Low,0.4141039724915036,0.6896551724137931,1.0
N1,4,202601,Low,0.4730134500634644,0.7142857142857143,1.0
N1,4,202601,Low,0.5668289023128978,0.76,0.95
N1,4,202601,Low,0.6125977159147635,0.782608695652174,0.9
N1,4,202601,Low,0.6244557950539562,0.8181818181818182,0.9
N1,4,202601,Low,0.6778193746451993,0.8421052631578947,0.8
N1,4,202601,Low,0.7259097695350647,0.875,0.7
N1,4,202601,Low,0.7359159013098705,0.9230769230769231,0.6
N1,4,202601,Low,0.8005608592373052,0.9166666666666666,0.55
N1,4,202601,Low,0.8369569930440386,1.0,0.4
N1,4,202601,Low,0.8514584532867141,1.0,0.35
N1,4,202601,Low,0.8898613995089204,1.0,0.25
N1,4,202601,Low,0.9005971458679357,1.0,0.2
N1,4,202601,Low,0.9330182789940146,1.0,0.15
N1,4,202601,Low,0.9838634874847092,1.0,0.05
N1,4,202601,Low,1.0,1.0,0.0
N1,4,202601,Medium,0.015750346938182374,0.49206349206349204,1.0
N1,4,202601,Medium,0.06529361837508674,0.5,1.0
N1,4,202601,Medium,0.09680982579951353,0.5166666666666667,1.0
N1,4,202601,Medium,0.10723177278693158,0.5254237288135594,1.0
N1,4,202601,Medium,0.1444492230089637,0.5344827586206896,1.0
N1,4,202601,Medium,0.15847552110466423,0.5535714285714286,1.0
N1,4,202601,Medium,0.1885482668876648,0.5636363636363636,1.0
N1,4,202601,Medium,0.19360547425840033,0.5849056603773585,1.0
N1,4,202601,Medium,0.24669885635375977,0.6122448979591837,0.967741935483871
N1,4,202601,Medium,0.2557025351757063,0.625,0.967741935483871
N1,4,202601,Medium,0.2652750313282013,0.6382978723404256,0.967741935483871
N1,4,202601,Medium,0.31110886140848637,0.6590909090909091,0.9354838709677419
N1,4,202601,Medium,0.3615767573570656,0.6829268292682927,0.9032258064516129
N1,4,202601,Medium,0.36982131004333496,0.7105263157894737,0.8709677419354839
N1,4,202601,Medium,0.3727254642427291,0.75,0.8709677419354839
N1,4,202601,Medium,0.41548931289099666,0.7428571428571429,0.8387096774193549
N1,4,202601,Medium,0.44258391857147217,0.7575757575757576,0.8064516129032258
N1,4,202601,Medium,0.4897781014442444,0.78125,0.8064516129032258
N1,4,202601,Medium,0.5014158375244773,0.8333333333333334,0.8064516129032258
N1,4,202601,Medium,0.5222011804580688,0.8518518518518519,0.7419354838709677
N1,4,202601,Medium,0.5366628329951415,0.8846153846153846,0.7419354838709677
N1,4,202601,Medium,0.5536452366815436,0.92,0.7419354838709677
N1,4,202601,Medium,0.570601761341095,0.9166666666666666,0.7096774193548387
N1,4,202601,Medium,0.581700784513331,0.9047619047619048,0.6129032258064516
N1,4,202601,Medium,0.6024376884647688,1.0,0.6129032258064516
N1,4,202601,Medium,0.6156507547005786,1.0,0.5806451612903226
N1,4,202601,Medium,0.6485018303227157,1.0,0.5483870967741935
N1,4,202601,Medium,0.6564830345963527,1.0,0.4838709677419355
N1,4,202601,Medium,0.6839575563681853,1.0,0.45161290322580644
N1,4,202601,Medium,0.6858374374235058,1.0,0.41935483870967744
N1,4,202601,Medium,0.688427666174541,1.0,0.3870967741935484
N1,4,202601,Medium,0.689349869211022,1.0,0.3548387096774194
N1,4,202601,Medium,0.7106026305168475,1.0,0.3225806451612903
N1,4,202601,Medium,0.7118098841877264,1.0,0.25806451612903225
N1,4,202601,Medium,0.713828612657955,1.0,0.22580645161290322
N1,4,202601,Medium,0.7145629525184631,1.0,0.12903225806451613
N1,4,202601,Medium,0.7288928031921387,1.0,0.0967741935483871
N1,4,202601,Medium,0.7293062914804561,1.0,0.06451612903225806
N1,4,202601,Medium,0.7338738550823011,1.0,0.03225806451612903
N1,4,202601,Medium,1.0,1.0,0.0
N1,4,202601,High,0.000386165577108393,0.19047619047619047,1.0
N1,4,202601,High,0.0016881026308987275,0.1935483870967742,1.0
N1,4,202601,High,0.00259302833255072,0.2,1.0
N1,4,202601,High,0.002906827704148013,0.2033898305084746,1.0
N1,4,202601,High,0.004092323704322229,0.20689655172413793,1.0
N1,4,202601,High,0.0045674858512971305,0.21428571428571427,1.0
N1,4,202601,High,0.005833666504294451,0.21818181818181817,1.0
N1,4,202601,High,0.008381563514423245,0.23529411764705882,1.0
N1,4,202601,High,0.008815199136734009,0.24,1.0
N1,4,202601,High,0.01107176394631435,0.2553191489361702,1.0
N1,4,202601,High,0.013967447588978159,0.2727272727272727,1.0
N1,4,202601,High,0.014676819842507334,0.2926829268292683,1.0
N1,4,202601,High,0.017681784796105438,0.3,1.0
N1,4,202601,High,0.025570712412058286,0.3157894736842105,1.0
N1,4,202601,High,0.03225079082695273,0.34285714285714286,1.0
N1,4,202601,High,0.04072491170596134,0.35294117647058826,1.0
N1,4,202601,High,0.052280878148846875,0.36363636363636365,1.0
N1,4,202601,High,0.06597724360295404,0.3870967741935484,1.0
N1,4,202601,High,0.06691159208250654,0.4,1.0
N1,4,202601,High,0.08308412010842382,0.41379310344827586,1.0
N1,4,202601,High,0.08415417498579882,0.4444444444444444,1.0
N1,4,202601,High,0.1313089002863899,0.46153846153846156,1.0
N1,4,202601,High,0.1622956270321552,0.48,1.0
N1,4,202601,High,0.16370010375976562,0.5,1.0
N1,4,202601,High,0.1986801028251648,0.5217391304347826,1.0
N1,4,202601,High,0.20013267993729295,0.5454545454545454,1.0
N1,4,202601,High,0.24191143387820024,0.631578947368421,1.0
N1,4,202601,High,0.24332412352192034,0.6666666666666666,1.0
N1,4,202601,High,0.28865631554554955,0.7058823529411765,1.0
N1,4,202601,High,0.3407685953149618,0.75,1.0
N1,4,202601,High,0.38152011091947224,0.8,1.0
N1,4,202601,High,0.3945087194442749,0.7692307692307693,0.8333333333333334
N1,4,202601,High,0.4334724972686916,1.0,0.8333333333333334
N1,4,202601,High,0.44979333877563477,1.0,0.75
N1,4,202601,High,0.48590749502182007,1.0,0.6666666666666666
N1,4,202601,High,0.5375555753707886,1.0,0.5
N1,4,202601,High,0.6156893968582153,1.0,0.4166666666666667
N1,4,202601,High,0.745316743850708,1.0,0.25
N1,4,202601,High,0.8058074116706848,1.0,0.16666666666666666
N1,4,202601,High,1.0,1.0,0.0
N1,0,202602,Low,0.0011199116706848145,0.328125,1.0
N1,0,202602,Low,0.0013821125030517578,0.3333333333333333,1.0
N1,0,202602,Low,0.0016469955444335938,0.3387096774193548,1.0
N1,0,202602,Low,0.002523958683013916,0.35,1.0
N1,0,202602,Low,0.0027677416801452637,0.3684210526315789,1.0
N1,0,202602,Low,0.0040811896324157715,0.38181818181818183,1.0
N1,0,202602,Low,0.006985306739807129,0.3888888888888889,1.0
N1,0,202602,Low,0.012434899806976318,0.39622641509433965,1.0
N1,0,202602,Low,0.046120524406433105,0.40384615384615385,1.0
N1,0,202602,Low,0.0780218816393053,0.42,1.0
N1,0,202602,Low,0.08833819496127672,0.4375,1.0
N1,0,202602,Low,0.08931779861450195,0.44680851063829785,1.0
N1,0,202602,Low,0.0902596725562166,0.45652173913043476,1.0
N1,0,202602,Low,0.1010592013913155,0.4666666666666667,1.0
N1,0,202602,Low,0.10184788552153282,0.5121951219512195,1.0
N1,0,202602,Low,0.16047924757003784,0.525,1.0
N1,0,202602,Low,0.16848570359476958,0.5384615384615384,1.0
N1,0,202602,Low,0.17798709604163324,0.5526315789473685,1.0
N1,0,202602,Low,0.19346106052398682,0.6,1.0
N1,0,202602,Low,0.19828682694688082,0.6176470588235294,1.0
N1,0,202602,Low,0.29666751512636425,0.6363636363636364,1.0
N1,0,202602,Low,0.29975825101497394,0.6896551724137931,0.9523809523809523
N1,0,202602,Low,0.3056420167516698,0.7037037037037037,0.9047619047619048
N1,0,202602,Low,0.3161461282637836,0.7307692307692307,0.9047619047619048
N1,0,202602,Low,0.3216780496018689,0.72,0.8571428571428571
N1,0,202602,Low,0.34901391939798115,0.75,0.8571428571428571
N1,0,202602,Low,0.3924942663823438,0.782608695652174,0.8571428571428571
N1,0,202602,Low,0.4659119248390198,0.8181818181818182,0.8571428571428571
N1,0,202602,Low,0.534620282046756,0.8421052631578947,0.7619047619047619
N1,0,202602,Low,0.6054665013761525,0.8888888888888888,0.7619047619047619
N1,0,202602,Low,0.7222591672197877,0.8666666666666667,0.6190476190476191
N1,0,202602,Low,0.7938867921989833,0.9230769230769231,0.5714285714285714
N1,0,202602,Low,0.9494854647578448,1.0,0.5238095238095238
N1,0,202602,Low,0.9679855553868609,1.0,0.47619047619047616
N1,0,202602,Low,0.9886104814717646,1.0,0.38095238095238093
N1,0,202602,Low,0.990034027350647,1.0,0.3333333333333333
N1,0,202602,Low,0.9936677547181024,1.0,0.23809523809523808
N1,0,202602,Low,0.9954327871048544,1.0,0.14285714285714285
N1,0,202602,Low,0.9959179112400256,1.0,0.09523809523809523
N1,0,202602,Low,0.9964184283569064,1.0,0.047619047619047616
N1,0,202602,Low,1.0,1.0,0.0
N1,0,202602,Medium,0.003511571157089146,0.484375,1.0
N1,0,202602,Medium,0.004002266543149147,0.49206349206349204,1.0
N1,0,202602,Medium,0.0044778617715846005,0.5,1.0
N1,0,202602,Medium,0.006208148152867086,0.5081967213114754,1.0
N1,0,202602,Medium,0.009769960144367004,0.5254237288135594,1.0
N1,0,202602,Medium,0.011165191141752996,0.543859649122807,1.0
N1,0,202602,Medium,0.03137072499515584,0.5535714285714286,1.0
N1,0,202602,Medium,0.04947944646997846,0.5740740740740741,1.0
N1,0,202602,Medium,0.05331289768218994,0.5849056603773585,1.0
N1,0,202602,Medium,0.06496381759643555,0.5961538461538461,1.0
N1,0,202602,Medium,0.07644599676132202,0.6078431372549019,1.0
N1,0,202602,Medium,0.11246061325073242,0.6326530612244898,1.0
N1,0,202602,Medium,0.12196129560470581,0.6739130434782609,1.0
N1,0,202602,Medium,0.16975122690200806,0.7045454545454546,1.0
N1,0,202602,Medium,0.20108218781349613,0.7209302325581395,1.0
N1,0,202602,Medium,0.2583615183830261,0.7317073170731707,0.967741935483871
N1,0,202602,Medium,0.2703071249197569,0.75,0.967741935483871
N1,0,202602,Medium,0.380220890045166,0.7631578947368421,0.9354838709677419
N1,0,202602,Medium,0.38200161892738843,0.7837837837837838,0.9354838709677419
N1,0,202602,Medium,0.4487087701519461,0.8529411764705882,0.9354838709677419
N1,0,202602,Medium,0.512249767780304,0.8484848484848485,0.9032258064516129
N1,0,202602,Medium,0.578242786317504,0.9,0.8709677419354839
N1,0,202602,Medium,0.6159325746307883,0.896551724137931,0.8387096774193549
N1,0,202602,Medium,0.6388731145606886,0.8928571428571429,0.8064516129032258
N1,0,202602,Medium,0.6434285496899065,0.8888888888888888,0.7741935483870968
N1,0,202602,Medium,0.6519871524121987,0.9230769230769231,0.7741935483870968
N1,0,202602,Medium,0.6567252776514697,0.92,0.7419354838709677
N1,0,202602,Medium,0.6591971492052184,0.9565217391304348,0.7096774193548387
N1,0,202602,Medium,0.6667351722717285,1.0,0.6129032258064516
N1,0,202602,Medium,0.7287160591323064,1.0,0.5483870967741935
N1,0,202602,Medium,0.7314411997795105,1.0,0.5161290322580645
N1,0,202602,Medium,0.7348897238108598,1.0,0.4838709677419355
N1,0,202602,Medium,0.7394882330374682,1.0,0.41935483870967744
N1,0,202602,Medium,0.7438246122572513,1.0,0.3225806451612903
N1,0,202602,Medium,0.7443048843099939,1.0,0.2903225806451613
N1,0,202602,Medium,0.7450050711631775,1.0,0.25806451612903225
N1,0,202602,Medium,0.7456503025539264,1.0,0.22580645161290322
N1,0,202602,Medium,0.7470561265945435,1.0,0.1935483870967742
N1,0,202602,Medium,0.7512794956946223,1.0,0.16129032258064516
N1,0,202602,Medium,0.7515762932363705,1.0,0.03225806451612903
N1,0,202602,Medium,1.0,1.0,0.0
N1,0,202602,High,7.000048600440495e-05,0.1875,1.0
N1,0,202602,High,7.982221682529847e-05,0.19047619047619047,1.0
N1,0,202602,High,8.935112356103611e-05,0.1935483870967742,1.0
N1,0,202602,High,0.00012409712903046002,0.19672131147540983,1.0
N1,0,202602,High,0.00019601250498598867,0.2033898305084746,1.0
N1,0,202602,High,0.00022432738648239315,0.21052631578947367,1.0
N1,0,202602,High,0.0006437196179832601,0.21428571428571427,1.0
N1,0,202602,High,0.0010350887721767797,0.2222222222222222,1.0
N1,0,202602,High,0.005031019987520585,0.22641509433962265,1.0
N1,0,202602,High,0.007433707860455419,0.23529411764705882,1.0
N1,0,202602,High,0.012531879696459055,0.24489795918367346,1.0
N1,0,202602,High,0.01667094780129782,0.2608695652173913,1.0
N1,0,202602,High,0.02183830738067627,0.26666666666666666,1.0
N1,0,202602,High,0.029262947300152164,0.2857142857142857,1.0
N1,0,202602,High,0.03505350597123048,0.2926829268292683,1.0
N1,0,202602,High,0.039448835837442485,0.3,1.0
N1,0,202602,High,0.04042532204630996,0.3076923076923077,1.0
N1,0,202602,High,0.04237083083613148,0.3157894736842105,1.0
N1,0,202602,High,0.0435164713335563,0.32432432432432434,1.0
N1,0,202602,High,0.044135335668417305,0.34285714285714286,1.0
N1,0,202602,High,0.07299711392081275,0.3870967741935484,1.0
N1,0,202602,High,0.07509773969650269,0.4,1.0
N1,0,202602,High,0.08252467092089845,0.41379310344827586,1.0
N1,0,202602,High,0.08768968414797908,0.46153846153846156,1.0
N1,0,202602,High,0.0924646258354187,0.48,1.0
N1,0,202602,High,0.1465758212420967,0.5,1.0
N1,0,202602,High,0.14766130291406224,0.5217391304347826,1.0
N1,0,202602,High,0.16409002488985694,0.631578947368421,1.0
N1,0,202602,High,0.16567713022232056,0.6666666666666666,1.0
N1,0,202602,High,0.16735692072872935,0.7058823529411765,1.0
N1,0,202602,High,0.1870883945498349,0.75,1.0
N1,0,202602,High,0.2871443033218384,0.8571428571428571,1.0
N1,0,202602,High,0.6073442101478577,1.0,1.0
N1,0,202602,High,0.7346531748771667,1.0,0.9166666666666666
N1,0,202602,High,0.8261675834655762,1.0,0.8333333333333334
N1,0,202602,High,0.8752709627151489,1.0,0.75
N1,0,202602,High,0.8850154280662537,1.0,0.5833333333333334
N1,0,202602,High,0.9219070076942444,1.0,0.3333333333333333
N1,0,202602,High,0.9336540699005127,1.0,0.16666666666666666
N1,0,202602,High,0.9455671906471252,1.0,0.08333333333333333
N1,0,202602,High,1.0,1.0,0.0
N1,1,202602,Low,0.0016950368881225586,0.3333333333333333,1.0
N1,1,202602,Low,0.0017356276512145996,0.3387096774193548,1.0
N1,1,202602,Low,0.0026475191116333008,0.3442622950819672,1.0
N1,1,202602,Low,0.003402531147003174,0.35,1.0
N1,1,202602,Low,0.0042931437492370605,0.3559322033898305,1.0
N1,1,202602,Low,0.00451427698135376,0.3620689655172414,1.0
N1,1,202602,Low,0.0072901248931884766,0.3684210526315789,1.0
N1,1,202602,Low,0.009930670261383057,0.375,1.0
N1,1,202602,Low,0.012974441051483154,0.38181818181818183,1.0
N1,1,202602,Low,0.01951420307159424,0.3888888888888889,1.0
N1,1,202602,Low,0.022981703281402588,0.4117647058823529,1.0
N1,1,202602,Low,0.027818084592166083,0.42,1.0
N1,1,202602,Low,0.03235995673060546,0.4375,1.0
N1,1,202602,Low,0.03843867664221893,0.44680851063829785,1.0
N1,1,202602,Low,0.05006670951843262,0.45652173913043476,1.0
N1,1,202602,Low,0.0600699168422843,0.4772727272727273,1.0
N1,1,202602,Low,0.07172221159107124,0.5,1.0
N1,1,202602,Low,0.07880348084574164,0.525,1.0
N1,1,202602,Low,0.08646124730201434,0.5384615384615384,1.0
N1,1,202602,Low,0.11108058856547756,0.5526315789473685,1.0
N1,1,202602,Low,0.15204495191574097,0.5675675675675675,1.0
N1,1,202602,Low,0.29569709411150624,0.5833333333333334,1.0
N1,1,202602,Low,0.3280818462371826,0.6,1.0
N1,1,202602,Low,0.4844316795055598,0.6176470588235294,1.0
N1,1,202602,Low,0.4923304301040976,0.65625,1.0
N1,1,202602,Low,0.49275463635938377,0.6774193548387096,1.0
N1,1,202602,Low,0.5623298715850749,0.8076923076923077,1.0
N1,1,202602,Low,0.636959730985612,0.875,1.0
N1,1,202602,Low,0.6452239077650841,0.9090909090909091,0.9523809523809523
N1,1,202602,Low,0.7575210488079703,0.8947368421052632,0.8095238095238095
N1,1,202602,Low,0.7670331157999704,0.8823529411764706,0.7142857142857143
N1,1,202602,Low,0.8151573064201669,0.9285714285714286,0.6190476190476191
N1,1,202602,Low,0.8736235833034287,1.0,0.5238095238095238
N1,1,202602,Low,0.9046302357744544,1.0,0.47619047619047616
N1,1,202602,Low,0.9329011621645761,1.0,0.42857142857142855
N1,1,202602,Low,0.9523343592431401,1.0,0.2857142857142857
N1,1,202602,Low,0.9639081720429463,1.0,0.14285714285714285
N1,1,202602,Low,0.9802834204437116,1.0,0.09523809523809523
N1,1,202602,Low,0.9951972857734471,1.0,0.047619047619047616
N1,1,202602,Low,1.0,1.0,0.0
N1,1,202602,Medium,0.004680288441143253,0.47619047619047616,1.0
N1,1,202602,Medium,0.019206536567086353,0.4838709677419355,1.0
N1,1,202602,Medium,0.035142733791746275,0.4918032786885246,1.0
N1,1,202602,Medium,0.04639736635345582,0.5,1.0
N1,1,202602,Medium,0.06102877855300903,0.5263157894736842,1.0
N1,1,202602,Medium,0.062396347522735596,0.5357142857142857,1.0
N1,1,202602,Medium,0.0652773094947113,0.5454545454545454,1.0
N1,1,202602,Medium,0.09206843376159668,0.5769230769230769,1.0
N1,1,202602,Medium,0.09270211972233827,0.5882352941176471,1.0
N1,1,202602,Medium,0.11520236730575562,0.6,1.0
N1,1,202602,Medium,0.12271963436369951,0.6122448979591837,1.0
N1,1,202602,Medium,0.14096426963806152,0.625,1.0
N1,1,202602,Medium,0.14711517095565796,0.6382978723404256,1.0
N1,1,202602,Medium,0.17912240593317755,0.6521739130434783,1.0
N1,1,202602,Medium,0.21718180179595947,0.6744186046511628,0.9666666666666667
N1,1,202602,Medium,0.22531981965790604,0.6904761904761905,0.9666666666666667
N1,1,202602,Medium,0.23442303124564393,0.717948717948718,0.9333333333333333
N1,1,202602,Medium,0.2733941674232483,0.7567567567567568,0.9333333333333333
N1,1,202602,Medium,0.3283069133758545,0.7777777777777778,0.9333333333333333
N1,1,202602,Medium,0.34101745073383033,0.8,0.9333333333333333
N1,1,202602,Medium,0.34878563848437216,0.875,0.9333333333333333
N1,1,202602,Medium,0.4183053845672195,0.9,0.9
N1,1,202602,Medium,0.42008715867996216,0.8928571428571429,0.8333333333333334
N1,1,202602,Medium,0.4581058621406555,0.92,0.7666666666666667
N1,1,202602,Medium,0.4817923885517106,0.9166666666666666,0.7333333333333333
N1,1,202602,Medium,0.48217445432329753,0.8947368421052632,0.5666666666666667
N1,1,202602,Medium,0.48927589795295245,0.8888888888888888,0.5333333333333333
N1,1,202602,Medium,0.5022125393811625,0.875,0.4666666666666667
N1,1,202602,Medium,0.5362508137151356,0.8571428571428571,0.4
N1,1,202602,Medium,0.5733007021754771,0.9230769230769231,0.4
N1,1,202602,Medium,0.6225231885910034,1.0,0.4
N1,1,202602,Medium,0.624977171421051,1.0,0.36666666666666664
N1,1,202602,Medium,0.6473155641828312,1.0,0.3
N1,1,202602,Medium,0.6557515664174686,1.0,0.26666666666666666
N1,1,202602,Medium,0.6810761893116292,1.0,0.2
N1,1,202602,Medium,0.6924507721133645,1.0,0.13333333333333333
N1,1,202602,Medium,0.7021365866383401,1.0,0.1
N1,1,202602,Medium,0.7201498258136186,1.0,0.06666666666666667
N1,1,202602,Medium,0.723997175693512,1.0,0.03333333333333333
N1,1,202602,Medium,1.0,1.0,0.0
N1,1,202602,High,0.0001224257854096233,0.19047619047619047,1.0
N1,1,202602,High,0.0005100429892019543,0.1935483870967742,1.0
N1,1,202602,High,0.0009490941653073904,0.19672131147540983,1.0
N1,1,202602,High,0.0012682744034040684,0.2,1.0
N1,1,202602,High,0.001821528340712566,0.21052631578947367,1.0
N1,1,202602,High,0.0026676445032072973,0.2222222222222222,1.0
N1,1,202602,High,0.003656782332871826,0.22641509433962265,1.0
N1,1,202602,High,0.005720287646655554,0.23076923076923078,1.0
N1,1,202602,High,0.007647064542123611,0.24489795918367346,1.0
N1,1,202602,High,0.00805591994638577,0.2608695652173913,1.0
N1,1,202602,High,0.013758641501085517,0.2727272727272727,1.0
N1,1,202602,High,0.01425463053001591,0.2926829268292683,1.0
N1,1,202602,High,0.019364743847705607,0.3076923076923077,1.0
N1,1,202602,High,0.025452975088905636,0.32432432432432434,1.0
N1,1,202602,High,0.02549511557260485,0.375,1.0
N1,1,202602,High,0.026292422541487753,0.3870967741935484,1.0
N1,1,202602,High,0.049394965171813965,0.41379310344827586,1.0
N1,1,202602,High,0.05698734170566254,0.42857142857142855,1.0
N1,1,202602,High,0.12395787239074707,0.4444444444444444,1.0
N1,1,202602,High,0.16876958562090374,0.46153846153846156,1.0
N1,1,202602,High,0.2114021660596455,0.48,1.0
N1,1,202602,High,0.22874574704089384,0.5,1.0
N1,1,202602,High,0.24720159909729955,0.5217391304347826,1.0
N1,1,202602,High,0.28417851674024713,0.5714285714285714,1.0
N1,1,202602,High,0.32495611906051636,0.631578947368421,1.0
N1,1,202602,High,0.388260621182304,0.7058823529411765,1.0
N1,1,202602,High,0.4313892295542589,0.6875,0.9166666666666666
N1,1,202602,High,0.46996937602667144,0.6666666666666666,0.8333333333333334
N1,1,202602,High,0.5189124345779419,0.7692307692307693,0.8333333333333334
N1,1,202602,High,0.5603986382484436,0.8333333333333334,0.8333333333333334
N1,1,202602,High,0.6587186455726624,1.0,0.75
N1,1,202602,High,0.7166751623153687,1.0,0.6666666666666666
N1,1,202602,High,0.775528073310852,1.0,0.5833333333333334
N1,1,202602,High,0.8483705520629883,1.0,0.5
N1,1,202602,High,0.8547425866127014,1.0,0.4166666666666667
N1,1,202602,High,0.8813951015472412,1.0,0.3333333333333333
N1,1,202602,High,0.90528404712677,1.0,0.25
N1,1,202602,High,0.9358680248260498,1.0,0.16666666666666666
N1,1,202602,High,0.9372761845588684,1.0,0.08333333333333333
N1,1,202602,High,1.0,1.0,0.0
N1,2,202602,Low,0.0019783973693847656,0.3333333333333333,1.0
N1,2,202602,Low,0.0037719011306762695,0.3387096774193548,1.0
N1,2,202602,Low,0.00588381290435791,0.3442622950819672,1.0
N1,2,202602,Low,0.007090568542480469,0.35,1.0
N1,2,202602,Low,0.00856029987335205,0.3559322033898305,1.0
N1,2,202602,Low,0.009832978248596191,0.3620689655172414,1.0
N1,2,202602,Low,0.011910974979400635,0.3684210526315789,1.0
N1,2,202602,Low,0.012526988983154297,0.375,1.0
N1,2,202602,Low,0.014442503452301025,0.38181818181818183,1.0
N1,2,202602,Low,0.020764410495758057,0.39622641509433965,1.0
N1,2,202602,Low,0.02460157871246338,0.40384615384615385,1.0
N1,2,202602,Low,0.029876112937927246,0.4117647058823529,1.0
N1,2,202602,Low,0.038195908069610596,0.42,1.0
N1,2,202602,Low,0.04389536380767822,0.42857142857142855,1.0
N1,2,202602,Low,0.04515320062637329,0.4375,1.0
N1,2,202602,Low,0.05325889746126227,0.45652173913043476,1.0
N1,2,202602,Low,0.07157796621322632,0.4772727272727273,1.0
N1,2,202602,Low,0.07346755266189575,0.4883720930232558,1.0
N1,2,202602,Low,0.08424579971662462,0.5121951219512195,1.0
N1,2,202602,Low,0.08584010728955428,0.525,1.0
N1,2,202602,Low,0.0987719908173679,0.5384615384615384,1.0
N1,2,202602,Low,0.11529243164200234,0.5675675675675675,1.0
N1,2,202602,Low,0.1339117864681514,0.6,1.0
N1,2,202602,Low,0.1546918772860151,0.6363636363636364,1.0
N1,2,202602,Low,0.17965590418410587,0.65625,1.0
N1,2,202602,Low,0.2354682017723262,0.6774193548387096,1.0
N1,2,202602,Low,0.2666395386051994,0.7777777777777778,1.0
N1,2,202602,Low,0.42189037014003156,0.8,0.9523809523809523
N1,2,202602,Low,0.46062921533934514,0.7916666666666666,0.9047619047619048
N1,2,202602,Low,0.49880624560723075,0.782608695652174,0.8571428571428571
N1,2,202602,Low,0.5359169890723842,0.8181818181818182,0.8571428571428571
N1,2,202602,Low,0.5944032106235803,0.8571428571428571,0.8571428571428571
N1,2,202602,Low,0.6299255035055914,0.8947368421052632,0.8095238095238095
N1,2,202602,Low,0.7043485143829396,1.0,0.7142857142857143
N1,2,202602,Low,0.7160317641847022,1.0,0.6190476190476191
N1,2,202602,Low,0.7446231668669925,1.0,0.5714285714285714
N1,2,202602,Low,0.7933741589965879,1.0,0.5238095238095238
N1,2,202602,Low,0.806210951258927,1.0,0.47619047619047616
N1,2,202602,Low,0.8071178314372212,1.0,0.38095238095238093
N1,2,202602,Low,0.8731049736723797,1.0,0.3333333333333333
N1,2,202602,Low,0.9058953974147368,1.0,0.2857142857142857
N1,2,202602,Low,0.9284241998735524,1.0,0.23809523809523808
N1,2,202602,Low,0.9844591392669704,1.0,0.19047619047619047
N1,2,202602,Low,0.9849694902197204,1.0,0.14285714285714285
N1,2,202602,Low,0.9859377625313723,1.0,0.047619047619047616
N1,2,202602,Low,1.0,1.0,0.0
N1,2,202602,Medium,0.013676084416438526,0.49206349206349204,1.0
N1,2,202602,Medium,0.014617373138953008,0.5,1.0
N1,2,202602,Medium,0.015113480975150521,0.5166666666666667,1.0
N1,2,202602,Medium,0.06622231006622314,0.5254237288135594,1.0
N1,2,202602,Medium,0.06949209573964053,0.5344827586206896,1.0
N1,2,202602,Medium,0.09129894378138075,0.543859649122807,1.0
N1,2,202602,Medium,0.11887645721435547,0.5535714285714286,1.0
N1,2,202602,Medium,0.12297405079193972,0.5636363636363636,1.0
N1,2,202602,Medium,0.17344963550567627,0.5740740740740741,1.0
N1,2,202602,Medium,0.1864512142632099,0.5849056603773585,1.0
N1,2,202602,Medium,0.18732083218861176,0.5961538461538461,1.0
N1,2,202602,Medium,0.19962135898989616,0.62,1.0
N1,2,202602,Medium,0.20156043767929077,0.6326530612244898,1.0
N1,2,202602,Medium,0.23316675424575806,0.6458333333333334,1.0
N1,2,202602,Medium,0.2461733611725885,0.6595744680851063,1.0
N1,2,202602,Medium,0.2584511637687683,0.6739130434782609,1.0
N1,2,202602,Medium,0.2733410130631101,0.6888888888888889,1.0
N1,2,202602,Medium,0.28441048065773883,0.7045454545454546,1.0
N1,2,202602,Medium,0.29608070850372314,0.7380952380952381,1.0
N1,2,202602,Medium,0.30645042657852173,0.7560975609756098,1.0
N1,2,202602,Medium,0.3366497755050659,0.775,1.0
N1,2,202602,Medium,0.35441181855824183,0.7894736842105263,0.967741935483871
N1,2,202602,Medium,0.3874507270052138,0.8235294117647058,0.9032258064516129
N1,2,202602,Medium,0.41835397481918335,0.84375,0.8709677419354839
N1,2,202602,Medium,0.44116631561113817,0.8709677419354839,0.8709677419354839
N1,2,202602,Medium,0.4575943350791931,0.8666666666666667,0.8387096774193549
N1,2,202602,Medium,0.4747005175754505,0.8620689655172413,0.8064516129032258
N1,2,202602,Medium,0.5021865963935852,0.8571428571428571,0.7741935483870968
N1,2,202602,Medium,0.508631159374597,0.8518518518518519,0.7419354838709677
N1,2,202602,Medium,0.542324175269824,0.8846153846153846,0.7419354838709677
N1,2,202602,Medium,0.5563300251960754,0.92,0.7419354838709677
N1,2,202602,Medium,0.5850582122802734,0.9583333333333334,0.7419354838709677
N1,2,202602,Medium,0.5906747579574585,0.9565217391304348,0.7096774193548387
N1,2,202602,Medium,0.6217504925057439,0.9523809523809523,0.6451612903225806
N1,2,202602,Medium,0.6640320022115708,0.9473684210526315,0.5806451612903226
N1,2,202602,Medium,0.6684456467628479,1.0,0.5483870967741935
N1,2,202602,Medium,0.671924352645874,1.0,0.5161290322580645
N1,2,202602,Medium,0.6837003027290015,1.0,0.45161290322580644
N1,2,202602,Medium,0.6883067982151091,1.0,0.3225806451612903
N1,2,202602,Medium,0.6902928455217606,1.0,0.2903225806451613
N1,2,202602,Medium,0.7030698761801403,1.0,0.25806451612903225
N1,2,202602,Medium,0.7102823045765667,1.0,0.1935483870967742
N1,2,202602,Medium,0.7126343952511905,1.0,0.16129032258064516
N1,2,202602,Medium,0.7163862096724839,1.0,0.0967741935483871
N1,2,202602,Medium,0.7170272958721623,1.0,0.06451612903225806
N1,2,202602,Medium,1.0,1.0,0.0
N1,2,202602,High,0.00038615305218909227,0.1746031746031746,1.0
N1,2,202602,High,0.00041313664132665095,0.1774193548387097,1.0
N1,2,202602,High,0.0004273797578791532,0.18333333333333332,1.0
N1,2,202602,High,0.0020837043868070964,0.1864406779661017,1.0
N1,2,202602,High,0.0028056588038824367,0.1896551724137931,1.0
N1,2,202602,High,0.003920975535680518,0.19298245614035087,1.0
N1,2,202602,High,0.006430954299568936,0.19642857142857142,1.0
N1,2,202602,High,0.006468216552461177,0.2,1.0
N1,2,202602,High,0.007004482013515924,0.20754716981132076,1.0
N1,2,202602,High,0.009203471960419044,0.21153846153846154,1.0
N1,2,202602,High,0.010627222752187736,0.21568627450980393,1.0
N1,2,202602,High,0.01124100495932165,0.22,1.0
N1,2,202602,High,0.015662677936166776,0.22916666666666666,1.0
N1,2,202602,High,0.018146062371205886,0.25,1.0
N1,2,202602,High,0.022916695316477637,0.2619047619047619,1.0
N1,2,202602,High,0.02649323681731875,0.2682926829268293,1.0
N1,2,202602,High,0.03073962528605782,0.275,1.0
N1,2,202602,High,0.03578545459014448,0.28205128205128205,1.0
N1,2,202602,High,0.06932845918322977,0.2894736842105263,1.0
N1,2,202602,High,0.08083149549867226,0.3055555555555556,1.0
N1,2,202602,High,0.11006179123932745,0.34375,1.0
N1,2,202602,High,0.12892191304150094,0.3548387096774194,1.0
N1,2,202602,High,0.14906091765968624,0.36666666666666664,1.0
N1,2,202602,High,0.17207317310680706,0.39285714285714285,1.0
N1,2,202602,High,0.1981581330024918,0.4230769230769231,1.0
N1,2,202602,High,0.22386704718868505,0.4583333333333333,1.0
N1,2,202602,High,0.22744740206826625,0.4782608695652174,1.0
N1,2,202602,High,0.2546080946922302,0.5,1.0
N1,2,202602,High,0.2599763870239258,0.55,1.0
N1,2,202602,High,0.32499061003299384,0.5789473684210527,1.0
N1,2,202602,High,0.3641720414161682,0.6470588235294118,1.0
N1,2,202602,High,0.37104642391204834,0.7333333333333333,1.0
N1,2,202602,High,0.40547406673431396,0.7857142857142857,1.0
N1,2,202602,High,0.46793729066848755,0.7692307692307693,0.9090909090909091
N1,2,202602,High,0.5178040862083435,0.8333333333333334,0.9090909090909091
N1,2,202602,High,0.5608816146850586,0.9090909090909091,0.9090909090909091
N1,2,202602,High,0.6489077210426331,0.9,0.8181818181818182
N1,2,202602,High,0.681022584438324,1.0,0.7272727272727273
N1,2,202602,High,0.6920083165168762,1.0,0.6363636363636364
N1,2,202602,High,0.7317158579826355,1.0,0.5454545454545454
N1,2,202602,High,0.7582729458808899,1.0,0.45454545454545453
N1,2,202602,High,0.7913489937782288,1.0,0.36363636363636365
N1,2,202602,High,0.8206665515899658,1.0,0.2727272727272727
N1,2,202602,High,0.8773516416549683,1.0,0.18181818181818182
N1,2,202602,High,0.9317992925643921,1.0,0.09090909090909091
N1,2,202602,High,1.0,1.0,0.0
N1,3,202602,Low,0.019027113914489746,0.3333333333333333,1.0
N1,3,202602,Low,0.02356135845184326,0.3387096774193548,1.0
N1,3,202602,Low,0.029227077960968018,0.3442622950819672,1.0
N1,3,202602,Low,0.036292195320129395,0.3559322033898305,1.0
N1,3,202602,Low,0.045073091983795166,0.375,1.0
N1,3,202602,Low,0.06938087940216064,0.3888888888888889,1.0
N1,3,202602,Low,0.08594739437103271,0.40384615384615385,1.0
N1,3,202602,Low,0.08637857437133789,0.4117647058823529,1.0
N1,3,202602,Low,0.1068582534790039,0.42,1.0
N1,3,202602,Low,0.13144683837890625,0.4375,1.0
N1,3,202602,Low,0.13290339708328247,0.45652173913043476,1.0
N1,3,202602,Low,0.16053640842437744,0.4666666666666667,1.0
N1,3,202602,Low,0.1627245545387268,0.4772727272727273,1.0
N1,3,202602,Low,0.19436282209102546,0.4883720930232558,1.0
N1,3,202602,Low,0.1974697709083557,0.5121951219512195,1.0
N1,3,202602,Low,0.23713934068174153,0.525,1.0
N1,3,202602,Low,0.24138474464416504,0.5526315789473685,1.0
N1,3,202602,Low,0.2814171868351521,0.5675675675675675,1.0
N1,3,202602,Low,0.28689754009246826,0.5833333333333334,1.0
N1,3,202602,Low,0.3364409754210565,0.6176470588235294,1.0
N1,3,202602,Low,0.3432160019874573,0.65625,1.0
N1,3,202602,Low,0.388935923576355,0.6774193548387096,1.0
N1,3,202602,Low,0.39700013103335996,0.7,1.0
N1,3,202602,Low,0.49727207051759903,0.7241379310344828,1.0
N1,3,202602,Low,0.5612751120043894,0.75,1.0
N1,3,202602,Low,0.572024611456807,0.7777777777777778,1.0
N1,3,202602,Low,0.6121778442548376,0.8076923076923077,1.0
N1,3,202602,Low,0.6233562486503971,0.875,1.0
N1,3,202602,Low,0.6706426318529934,0.8695652173913043,0.9523809523809523
N1,3,202602,Low,0.7133152549478967,0.8636363636363636,0.9047619047619048
N1,3,202602,Low,0.7240199840435763,1.0,0.9047619047619048
N1,3,202602,Low,0.7511603902202136,1.0,0.8571428571428571
N1,3,202602,Low,0.761539723208261,1.0,0.8095238095238095
N1,3,202602,Low,0.8222382298364741,1.0,0.7619047619047619
N1,3,202602,Low,0.8309995423685819,1.0,0.7142857142857143
N1,3,202602,Low,0.8543564239613681,1.0,0.6666666666666666
N1,3,202602,Low,0.8664698600769043,1.0,0.6190476190476191
N1,3,202602,Low,0.9105088072339594,1.0,0.5714285714285714
N1,3,202602,Low,0.9216967375294239,1.0,0.42857142857142855
N1,3,202602,Low,0.9356707042595664,1.0,0.38095238095238093
N1,3,202602,Low,0.9431370654855549,1.0,0.3333333333333333
N1,3,202602,Low,0.9468977045665548,1.0,0.19047619047619047
N1,3,202602,Low,0.952959747524269,1.0,0.14285714285714285
N1,3,202602,Low,0.9819575326401087,1.0,0.09523809523809523
N1,3,202602,Low,0.9823346212333709,1.0,0.047619047619047616
N1,3,202602,Low,1.0,1.0,0.0
N1,3,202602,Medium,0.016371602316404943,0.49206349206349204,1.0
N1,3,202602,Medium,0.016720603773859664,0.5,1.0
N1,3,202602,Medium,0.04349692408749688,0.5081967213114754,1.0
N1,3,202602,Medium,0.04907867474703208,0.5166666666666667,1.0
N1,3,202602,Medium,0.05253849266627139,0.5254237288135594,1.0
N1,3,202602,Medium,0.05940098502679449,0.5535714285714286,1.0
N1,3,202602,Medium,0.07222051291154602,0.5636363636363636,1.0
N1,3,202602,Medium,0.08246063402639407,0.5740740740740741,1.0
N1,3,202602,Medium,0.12255048006772995,0.6078431372549019,1.0
N1,3,202602,Medium,0.13351222188847867,0.62,1.0
N1,3,202602,Medium,0.1545617411249649,0.6326530612244898,1.0
N1,3,202602,Medium,0.16242665506228773,0.6458333333333334,1.0
N1,3,202602,Medium,0.19310754537582397,0.6595744680851063,1.0
N1,3,202602,Medium,0.2164008669674009,0.6739130434782609,1.0
N1,3,202602,Medium,0.22553174407716603,0.6888888888888889,1.0
N1,3,202602,Medium,0.2273539900779724,0.7045454545454546,1.0
N1,3,202602,Medium,0.24925484556924052,0.7209302325581395,1.0
N1,3,202602,Medium,0.2585472271928767,0.7380952380952381,1.0
N1,3,202602,Medium,0.26552295684814453,0.717948717948718,0.9032258064516129
N1,3,202602,Medium,0.2951881366458422,0.7567567567567568,0.9032258064516129
N1,3,202602,Medium,0.307009756565094,0.7777777777777778,0.9032258064516129
N1,3,202602,Medium,0.3349329072395786,0.8484848484848485,0.9032258064516129
N1,3,202602,Medium,0.3441773925410405,0.875,0.9032258064516129
N1,3,202602,Medium,0.35077887773513794,0.8666666666666667,0.8387096774193549
N1,3,202602,Medium,0.37683499733908116,0.9285714285714286,0.8387096774193549
N1,3,202602,Medium,0.3854179594199815,0.9259259259259259,0.8064516129032258
N1,3,202602,Medium,0.4348440137889682,0.9230769230769231,0.7741935483870968
N1,3,202602,Medium,0.43920108675956726,0.92,0.7419354838709677
N1,3,202602,Medium,0.4802658259868622,0.9565217391304348,0.7096774193548387
N1,3,202602,Medium,0.4811790883541107,1.0,0.7096774193548387
N1,3,202602,Medium,0.5043742619128952,1.0,0.6774193548387096
N1,3,202602,Medium,0.5093920230865479,1.0,0.6451612903225806
N1,3,202602,Medium,0.5173217058181763,1.0,0.6129032258064516
N1,3,202602,Medium,0.5356329679489136,1.0,0.5483870967741935
N1,3,202602,Medium,0.5391555348164508,1.0,0.5161290322580645
N1,3,202602,Medium,0.5460613965988159,1.0,0.45161290322580644
N1,3,202602,Medium,0.5473729372024536,1.0,0.3870967741935484
N1,3,202602,Medium,0.5612403154373169,1.0,0.3548387096774194
N1,3,202602,Medium,0.5632178103444306,1.0,0.2903225806451613
N1,3,202602,Medium,0.5658425092697144,1.0,0.25806451612903225
N1,3,202602,Medium,0.5668522119522095,1.0,0.22580645161290322
N1,3,202602,Medium,0.574012279510498,1.0,0.1935483870967742
N1,3,202602,Medium,0.574720791358936,1.0,0.16129032258064516
N1,3,202602,Medium,0.5756994571641006,1.0,0.0967741935483871
N1,3,202602,Medium,0.5760661959648132,1.0,0.03225806451612903
N1,3,202602,Medium,1.0,1.0,0.0
N1,3,202602,High,0.001293776450224159,0.1746031746031746,1.0
N1,3,202602,High,0.001321863586031653,0.1774193548387097,1.0
N1,3,202602,High,0.003543328388234127,0.18032786885245902,1.0
N1,3,202602,High,0.004023620686413207,0.18333333333333332,1.0
N1,3,202602,High,0.004324441848173694,0.1864406779661017,1.0
N1,3,202602,High,0.004928310713639102,0.19642857142857142,1.0
N1,3,202602,High,0.006082749559030046,0.2,1.0
N1,3,202602,High,0.00703055873964653,0.2037037037037037,1.0
N1,3,202602,High,0.010979659855365753,0.21568627450980393,1.0
N1,3,202602,High,0.012131354150153251,0.22,1.0
N1,3,202602,High,0.014438716506453201,0.22448979591836735,1.0
N1,3,202602,High,0.015335115101238203,0.22916666666666666,1.0
N1,3,202602,High,0.022059409824338117,0.23404255319148937,1.0
N1,3,202602,High,0.02330786570262039,0.2391304347826087,1.0
N1,3,202602,High,0.026725170387183212,0.24444444444444444,1.0
N1,3,202602,High,0.028137517859226625,0.25,1.0
N1,3,202602,High,0.03416923150116436,0.2682926829268293,1.0
N1,3,202602,High,0.04171084411002429,0.275,1.0
N1,3,202602,High,0.04364476320412186,0.28205128205128205,1.0
N1,3,202602,High,0.05114039120411177,0.2972972972972973,1.0
N1,3,202602,High,0.0533069285756291,0.3055555555555556,1.0
N1,3,202602,High,0.06788391569343272,0.3142857142857143,1.0
N1,3,202602,High,0.09862560705374473,0.3235294117647059,1.0
N1,3,202602,High,0.10167205333709717,0.3333333333333333,1.0
N1,3,202602,High,0.12115103006362915,0.34375,1.0
N1,3,202602,High,0.12440348976249263,0.3548387096774194,1.0
N1,3,202602,High,0.15186214447021484,0.3793103448275862,1.0
N1,3,202602,High,0.15536500282041724,0.4074074074074074,1.0
N1,3,202602,High,0.18460297584533691,0.4230769230769231,1.0
N1,3,202602,High,0.18813986795932253,0.44,1.0
N1,3,202602,High,0.22646403312683105,0.4782608695652174,1.0
N1,3,202602,High,0.2299377207448739,0.5,1.0
N1,3,202602,High,0.2704232335090637,0.55,1.0
N1,3,202602,High,0.2736210823059082,0.5789473684210527,1.0
N1,3,202602,High,0.3197236657142639,0.6111111111111112,1.0
N1,3,202602,High,0.32249176502227783,0.6470588235294118,1.0
N1,3,202602,High,0.3758200407028198,0.7333333333333333,1.0
N1,3,202602,High,0.4324423372745514,0.8461538461538461,1.0
N1,3,202602,High,0.4337867796421051,0.9166666666666666,1.0
N1,3,202602,High,0.4914180338382721,0.9090909090909091,0.9090909090909091
N1,3,202602,High,0.6041480302810669,1.0,0.8181818181818182
N1,3,202602,High,0.6566980481147766,1.0,0.6363636363636364
N1,3,202602,High,0.7052499651908875,1.0,0.36363636363636365
N1,3,202602,High,0.7490846514701843,1.0,0.18181818181818182
N1,3,202602,High,0.7878653407096863,1.0,0.09090909090909091
N1,3,202602,High,1.0,1.0,0.0
N1,4,202602,Low,0.01265329122543335,0.31746031746031744,1.0
N1,4,202602,Low,0.017370223999023438,0.32786885245901637,1.0
N1,4,202602,Low,0.023041963577270508,0.3333333333333333,1.0
N1,4,202602,Low,0.026760637760162354,0.3448275862068966,1.0
N1,4,202602,Low,0.031248509883880615,0.3508771929824561,1.0
N1,4,202602,Low,0.032386183738708496,0.35714285714285715,1.0
N1,4,202602,Low,0.03805571794509888,0.37037037037037035,1.0
N1,4,202602,Low,0.03949332237243652,0.39215686274509803,1.0
N1,4,202602,Low,0.04493296146392822,0.4,1.0
N1,4,202602,Low,0.04667454957962036,0.40816326530612246,1.0
N1,4,202602,Low,0.048494040966033936,0.4166666666666667,1.0
N1,4,202602,Low,0.05539298057556152,0.43478260869565216,1.0
N1,4,202602,Low,0.05597424507141113,0.4444444444444444,1.0
N1,4,202602,Low,0.07089966535568237,0.45454545454545453,1.0
N1,4,202602,Low,0.07142144441604614,0.4878048780487805,1.0
N1,4,202602,Low,0.07249116897583008,0.5,1.0
N1,4,202602,Low,0.0922386646270752,0.5128205128205128,1.0
N1,4,202602,Low,0.09451603889465332,0.5263157894736842,1.0
N1,4,202602,Low,0.126936137676239,0.5405405405405406,1.0
N1,4,202602,Low,0.16131901741027832,0.5714285714285714,1.0
N1,4,202602,Low,0.16587132709834954,0.5882352941176471,1.0
N1,4,202602,Low,0.20896547721377795,0.6060606060606061,1.0
N1,4,202602,Low,0.21495312132011174,0.625,1.0
N1,4,202602,Low,0.22116475967817367,0.6666666666666666,1.0
N1,4,202602,Low,0.28229058209494623,0.6896551724137931,1.0
N1,4,202602,Low,0.3526554133940891,0.7142857142857143,1.0
N1,4,202602,Low,0.3620843968261271,0.76,0.95
N1,4,202602,Low,0.4396280115787389,0.782608695652174,0.9
N1,4,202602,Low,0.5074992179870605,0.8,0.8
N1,4,202602,Low,0.5183830934522017,0.8421052631578947,0.8
N1,4,202602,Low,0.5293250601094207,0.875,0.7
N1,4,202602,Low,0.5936680788906333,0.8666666666666667,0.65
N1,4,202602,Low,0.6716923463459183,0.9166666666666666,0.55
N1,4,202602,Low,0.7381629059064742,1.0,0.4
N1,4,202602,Low,0.7519886297586545,1.0,0.3
N1,4,202602,Low,0.7797135871063776,1.0,0.25
N1,4,202602,Low,0.7895453219318991,1.0,0.2
N1,4,202602,Low,0.8184554409179653,1.0,0.15
N1,4,202602,Low,0.9012186669937496,1.0,0.05
N1,4,202602,Low,1.0,1.0,0.0
N1,4,202602,Medium,0.09038841122444997,0.49206349206349204,1.0
N1,4,202602,Medium,0.12968528270721436,0.5,1.0
N1,4,202602,Medium,0.16470458766119467,0.5166666666666667,1.0
N1,4,202602,Medium,0.16890835762023926,0.5344827586206896,1.0
N1,4,202602,Medium,0.1902867172530271,0.543859649122807,1.0
N1,4,202602,Medium,0.19893588504180953,0.5535714285714286,1.0
N1,4,202602,Medium,0.21092814207077026,0.5636363636363636,1.0
N1,4,202602,Medium,0.22317619039776423,0.5849056603773585,1.0
N1,4,202602,Medium,0.2351763603487917,0.5961538461538461,1.0
N1,4,202602,Medium,0.23581981658935547,0.62,1.0
N1,4,202602,Medium,0.26339495182037354,0.6326530612244898,1.0
N1,4,202602,Medium,0.2699911594390869,0.6458333333333334,1.0
N1,4,202602,Medium,0.29193713173504426,0.6739130434782609,1.0
N1,4,202602,Medium,0.3007088899612427,0.7142857142857143,0.967741935483871
N1,4,202602,Medium,0.30796486139297485,0.6923076923076923,0.8709677419354839
N1,4,202602,Medium,0.33366328477859497,0.7105263157894737,0.8709677419354839
N1,4,202602,Medium,0.3413417935371399,0.7027027027027027,0.8387096774193549
N1,4,202602,Medium,0.3490983247756958,0.6944444444444444,0.8064516129032258
N1,4,202602,Medium,0.3561325225328738,0.7352941176470589,0.8064516129032258
N1,4,202602,Medium,0.37623369693756104,0.7741935483870968,0.7741935483870968
N1,4,202602,Medium,0.3783665895462036,0.7666666666666667,0.7419354838709677
N1,4,202602,Medium,0.40642296662296407,0.7586206896551724,0.7096774193548387
N1,4,202602,Medium,0.41467637441570127,0.7857142857142857,0.7096774193548387
N1,4,202602,Medium,0.42278724908828735,0.84,0.6774193548387096
N1,4,202602,Medium,0.42613744735717773,0.8333333333333334,0.6451612903225806
N1,4,202602,Medium,0.42758893966674805,0.8095238095238095,0.5483870967741935
N1,4,202602,Medium,0.43052393198013306,0.8,0.5161290322580645
N1,4,202602,Medium,0.47076369033401744,0.7894736842105263,0.4838709677419355
N1,4,202602,Medium,0.4759577810764313,0.875,0.45161290322580644
N1,4,202602,Medium,0.4802685081958771,0.8666666666666667,0.41935483870967744
N1,4,202602,Medium,0.5181625005192123,0.8571428571428571,0.3870967741935484
N1,4,202602,Medium,0.5231953898310318,0.9166666666666666,0.3548387096774194
N1,4,202602,Medium,0.5261821150779724,1.0,0.2903225806451613
N1,4,202602,Medium,0.5522236227989197,1.0,0.22580645161290322
N1,4,202602,Medium,0.5536009155750411,1.0,0.1935483870967742
N1,4,202602,Medium,0.5544232295281657,1.0,0.16129032258064516
N1,4,202602,Medium,0.5648401891463967,1.0,0.12903225806451613
N1,4,202602,Medium,0.5650414144241599,1.0,0.0967741935483871
N1,4,202602,Medium,0.5650656139095781,1.0,0.06451612903225806
N1,4,202602,Medium,1.0,1.0,0.0
N1,4,202602,High,0.00839292178180038,0.19047619047619047,1.0
N1,4,202602,High,0.016839971420840014,0.1935483870967742,1.0
N1,4,202602,High,0.020167960815073813,0.2,1.0
N1,4,202602,High,0.021350527851812847,0.2033898305084746,1.0
N1,4,202602,High,0.02483517984358125,0.20689655172413793,1.0
N1,4,202602,High,0.026660733744734138,0.21052631578947367,1.0
N1,4,202602,High,0.03637052191903733,0.21818181818181817,1.0
N1,4,202602,High,0.050199398576492874,0.23529411764705882,1.0
N1,4,202602,High,0.06425197326761524,0.25,1.0
N1,4,202602,High,0.06694053213209707,0.2553191489361702,1.0
N1,4,202602,High,0.0697135329246521,0.2727272727272727,1.0
N1,4,202602,High,0.0896082980872437,0.27906976744186046,1.0
N1,4,202602,High,0.11975310265466055,0.3,1.0
N1,4,202602,High,0.12414919677487907,0.3157894736842105,1.0
N1,4,202602,High,0.16410850233001265,0.34285714285714286,1.0
N1,4,202602,High,0.21379382589766643,0.35294117647058826,1.0
N1,4,202602,High,0.21998126477031016,0.36363636363636365,1.0
N1,4,202602,High,0.22619433363982538,0.3870967741935484,1.0
N1,4,202602,High,0.2797054433734847,0.4,1.0
N1,4,202602,High,0.286457359790802,0.41379310344827586,1.0
N1,4,202602,High,0.3468817472457886,0.42857142857142855,1.0
N1,4,202602,High,0.4252154529094696,0.46153846153846156,1.0
N1,4,202602,High,0.43180355429649353,0.48,1.0
N1,4,202602,High,0.49698489904403687,0.5,1.0
N1,4,202602,High,0.5009896159172058,0.5217391304347826,1.0
N1,4,202602,High,0.5029628872871399,0.5454545454545454,1.0
N1,4,202602,High,0.5656591653823853,0.631578947368421,1.0
N1,4,202602,High,0.5683733224868774,0.6666666666666666,1.0
N1,4,202602,High,0.6024076342582703,0.7058823529411765,1.0
N1,4,202602,High,0.6119836568832397,0.6666666666666666,0.8333333333333334
N1,4,202602,High,0.6214037537574768,0.7142857142857143,0.8333333333333334
N1,4,202602,High,0.6525418162345886,0.7692307692307693,0.8333333333333334
N1,4,202602,High,0.6612353920936584,0.75,0.75
N1,4,202602,High,0.6976226568222046,1.0,0.75
N1,4,202602,High,0.7053565382957458,1.0,0.5833333333333334
N1,4,202602,High,0.7374195456504822,1.0,0.5
N1,4,202602,High,0.7660298943519592,1.0,0.4166666666666667
N1,4,202602,High,0.8137214183807373,1.0,0.25
N1,4,202602,High,0.8576614260673523,1.0,0.16666666666666666
N1,4,202602,High,1.0,1.0,0.0
N1,0,202603,Low,0.0013325214385986328,0.328125,1.0
N1,0,202603,Low,0.0016176700592041016,0.3333333333333333,1.0
N1,0,202603,Low,0.0017378926277160645,0.3387096774193548,1.0
N1,0,202603,Low,0.0023216605186462402,0.35,1.0
N1,0,202603,Low,0.0028420686721801758,0.3620689655172414,1.0
N1,0,202603,Low,0.0033165812492370605,0.38181818181818183,1.0
N1,0,202603,Low,0.004040777683258057,0.3888888888888889,1.0
N1,0,202603,Low,0.006862282752990723,0.39622641509433965,1.0
N1,0,202603,Low,0.05211305773595148,0.40384615384615385,1.0
N1,0,202603,Low,0.09795802685680946,0.42,1.0
N1,0,202603,Low,0.10140645655105199,0.4375,1.0
N1,0,202603,Low,0.10168731364141873,0.44680851063829785,1.0
N1,0,202603,Low,0.10580343165700781,0.45652173913043476,1.0
N1,0,202603,Low,0.11553991013079748,0.4666666666666667,1.0
N1,0,202603,Low,0.11946773707073535,0.4772727272727273,1.0
N1,0,202603,Low,0.16380190605220338,0.525,1.0
N1,0,202603,Low,0.1697791193458569,0.5384615384615384,1.0
N1,0,202603,Low,0.17792081832885742,0.5526315789473685,1.0
N1,0,202603,Low,0.18808276021727205,0.6,1.0
N1,0,202603,Low,0.1895226254278617,0.6176470588235294,1.0
N1,0,202603,Low,0.25468141220035273,0.6363636363636364,1.0
N1,0,202603,Low,0.2609920462818139,0.6451612903225806,0.9523809523809523
N1,0,202603,Low,0.2621356766779519,0.7037037037037037,0.9047619047619048
N1,0,202603,Low,0.27472907918831135,0.6923076923076923,0.8571428571428571
N1,0,202603,Low,0.2820811208617437,0.72,0.8571428571428571
N1,0,202603,Low,0.28315502194199693,0.75,0.8571428571428571
N1,0,202603,Low,0.311312022144437,0.782608695652174,0.8571428571428571
N1,0,202603,Low,0.42079473639116866,0.8181818181818182,0.8571428571428571
N1,0,202603,Low,0.4573129449584554,0.8421052631578947,0.7619047619047619
N1,0,202603,Low,0.5014392268287934,0.8888888888888888,0.7619047619047619
N1,0,202603,Low,0.6807088756834779,0.8666666666666667,0.6190476190476191
N1,0,202603,Low,0.7247573713080286,0.9230769230769231,0.5714285714285714
N1,0,202603,Low,0.9094848647635416,1.0,0.5238095238095238
N1,0,202603,Low,0.9268928019137829,1.0,0.47619047619047616
N1,0,202603,Low,0.9690689171530914,1.0,0.38095238095238093
N1,0,202603,Low,0.9718686937154424,1.0,0.3333333333333333
N1,0,202603,Low,0.9837551033913339,1.0,0.23809523809523808
N1,0,202603,Low,0.9838069295477933,1.0,0.14285714285714285
N1,0,202603,Low,0.9893329103213442,1.0,0.09523809523809523
N1,0,202603,Low,0.9936595671327061,1.0,0.047619047619047616
N1,0,202603,Low,1.0,1.0,0.0
N1,0,202603,Medium,0.0061322395450932946,0.484375,1.0
N1,0,202603,Medium,0.010315345558217134,0.49206349206349204,1.0
N1,0,202603,Medium,0.01565620896030579,0.5,1.0
N1,0,202603,Medium,0.015706289427039916,0.5081967213114754,1.0
N1,0,202603,Medium,0.02718757465165253,0.5254237288135594,1.0
N1,0,202603,Medium,0.02989052896929113,0.543859649122807,1.0
N1,0,202603,Medium,0.03794950246810913,0.5535714285714286,1.0
N1,0,202603,Medium,0.045684874057769775,0.5636363636363636,1.0
N1,0,202603,Medium,0.0489082932472229,0.5740740740740741,1.0
N1,0,202603,Medium,0.06423956155776978,0.5961538461538461,1.0
N1,0,202603,Medium,0.070539816064344,0.62,1.0
N1,0,202603,Medium,0.0774802565574646,0.6458333333333334,1.0
N1,0,202603,Medium,0.08727775528350479,0.6888888888888889,1.0
N1,0,202603,Medium,0.08921414613723755,0.7045454545454546,1.0
N1,0,202603,Medium,0.10653519630432129,0.7209302325581395,1.0
N1,0,202603,Medium,0.16787248849868774,0.7380952380952381,1.0
N1,0,202603,Medium,0.2630006961626913,0.7560975609756098,1.0
N1,0,202603,Medium,0.3042145030915574,0.7692307692307693,0.967741935483871
N1,0,202603,Medium,0.46713338520353176,0.7837837837837838,0.9354838709677419
N1,0,202603,Medium,0.5054040588841144,0.8529411764705882,0.9354838709677419
N1,0,202603,Medium,0.5362164517995535,0.8484848484848485,0.9032258064516129
N1,0,202603,Medium,0.5754008464634671,0.9,0.8709677419354839
N1,0,202603,Medium,0.6213547633689251,0.8928571428571429,0.8064516129032258
N1,0,202603,Medium,0.6405314159353717,0.8888888888888888,0.7741935483870968
N1,0,202603,Medium,0.6412311053000889,0.8846153846153846,0.7419354838709677
N1,0,202603,Medium,0.6459512854952653,0.88,0.7096774193548387
N1,0,202603,Medium,0.6537326379498053,0.875,0.6774193548387096
N1,0,202603,Medium,0.654418875956254,0.9130434782608695,0.6774193548387096
N1,0,202603,Medium,0.6581405499300442,0.9473684210526315,0.5806451612903226
N1,0,202603,Medium,0.670969416633704,1.0,0.5483870967741935
N1,0,202603,Medium,0.6742781501155816,1.0,0.4838709677419355
N1,0,202603,Medium,0.6745325427432737,1.0,0.45161290322580644
N1,0,202603,Medium,0.6780126195849868,1.0,0.41935483870967744
N1,0,202603,Medium,0.6845770580258527,1.0,0.3870967741935484
N1,0,202603,Medium,0.6866387827193555,1.0,0.3548387096774194
N1,0,202603,Medium,0.6880102804899981,1.0,0.22580645161290322
N1,0,202603,Medium,0.688436171067839,1.0,0.1935483870967742
N1,0,202603,Medium,0.6910499334335327,1.0,0.16129032258064516
N1,0,202603,Medium,0.6926001803189489,1.0,0.06451612903225806
N1,0,202603,Medium,0.6933923260362099,1.0,0.03225806451612903
N1,0,202603,Medium,1.0,1.0,0.0
N1,0,202603,High,0.0002081933222006485,0.1875,1.0
N1,0,202603,High,0.00035174412043869447,0.19047619047619047,1.0
N1,0,202603,High,0.0005368614919009966,0.1935483870967742,1.0
N1,0,202603,High,0.0005386071816262532,0.19672131147540983,1.0
N1,0,202603,High,0.0009437316329051122,0.2033898305084746,1.0
N1,0,202603,High,0.001040553877617461,0.21052631578947367,1.0
N1,0,202603,High,0.0025673820218730854,0.21428571428571427,1.0
N1,0,202603,High,0.0032373799529535835,0.2222222222222222,1.0
N1,0,202603,High,0.012241932529280151,0.22641509433962265,1.0
N1,0,202603,High,0.015076621224964672,0.23529411764705882,1.0
N1,0,202603,High,0.031427387967674865,0.24489795918367346,1.0
N1,0,202603,High,0.03728299615743008,0.2608695652173913,1.0
N1,0,202603,High,0.04298881180927784,0.26666666666666666,1.0
N1,0,202603,High,0.06733321448663782,0.2857142857142857,1.0
N1,0,202603,High,0.07631356212263135,0.2926829268292683,1.0
N1,0,202603,High,0.07668777383816748,0.3,1.0
N1,0,202603,High,0.07931963531642337,0.3076923076923077,1.0
N1,0,202603,High,0.08413168537224276,0.3157894736842105,1.0
N1,0,202603,High,0.08458907776193204,0.32432432432432434,1.0
N1,0,202603,High,0.087178037869603,0.36363636363636365,1.0
N1,0,202603,High,0.12246709408214013,0.3870967741935484,1.0
N1,0,202603,High,0.12348106871488895,0.4,1.0
N1,0,202603,High,0.13102924823760986,0.41379310344827586,1.0
N1,0,202603,High,0.13762070033519416,0.46153846153846156,1.0
N1,0,202603,High,0.14280576791158664,0.48,1.0
N1,0,202603,High,0.1938934802099091,0.5,1.0
N1,0,202603,High,0.19988303184334982,0.6,1.0
N1,0,202603,High,0.21618394875800534,0.631578947368421,1.0
N1,0,202603,High,0.22378014361530757,0.6666666666666666,1.0
N1,0,202603,High,0.22431539333336642,0.7058823529411765,1.0
N1,0,202603,High,0.2310725565094865,0.75,1.0
N1,0,202603,High,0.37248609580058145,0.8571428571428571,1.0
N1,0,202603,High,0.8252652287483215,1.0,1.0
N1,0,202603,High,0.8894240260124207,1.0,0.9166666666666666
N1,0,202603,High,0.9074692726135254,1.0,0.8333333333333334
N1,0,202603,High,0.9196776747703552,1.0,0.75
N1,0,202603,High,0.933438777923584,1.0,0.5
N1,0,202603,High,0.949353814125061,1.0,0.3333333333333333
N1,0,202603,High,0.9526974558830261,1.0,0.16666666666666666
N1,0,202603,High,0.9607179760932922,1.0,0.08333333333333333
N1,0,202603,High,1.0,1.0,0.0
N1,1,202603,Low,0.0025631189346313477,0.3333333333333333,1.0
N1,1,202603,Low,0.0029320120811462402,0.3387096774193548,1.0
N1,1,202603,Low,0.004246115684509277,0.3442622950819672,1.0
N1,1,202603,Low,0.004791200160980225,0.35,1.0
N1,1,202603,Low,0.005456328392028809,0.3559322033898305,1.0
N1,1,202603,Low,0.00638967752456665,0.3620689655172414,1.0
N1,1,202603,Low,0.009977400302886963,0.3684210526315789,1.0
N1,1,202603,Low,0.011778652667999268,0.375,1.0
N1,1,202603,Low,0.01678687334060669,0.38181818181818183,1.0
N1,1,202603,Low,0.018617212772369385,0.3888888888888889,1.0
N1,1,202603,Low,0.024076521396636963,0.4117647058823529,1.0
N1,1,202603,Low,0.03309541940689087,0.42,1.0
N1,1,202603,Low,0.04266965262086234,0.4375,1.0
N1,1,202603,Low,0.04697823524475098,0.45652173913043476,1.0
N1,1,202603,Low,0.050121904913243795,0.4666666666666667,1.0
N1,1,202603,Low,0.05546444489167795,0.4772727272727273,1.0
N1,1,202603,Low,0.05678766965866089,0.5,1.0
N1,1,202603,Low,0.0716894268989563,0.5121951219512195,1.0
N1,1,202603,Low,0.07909697058507888,0.5384615384615384,1.0
N1,1,202603,Low,0.10083037915320334,0.5526315789473685,1.0
N1,1,202603,Low,0.12898081348865012,0.5675675675675675,1.0
N1,1,202603,Low,0.22717964987724498,0.5833333333333334,1.0
N1,1,202603,Low,0.27104389869454426,0.6,1.0
N1,1,202603,Low,0.40976088170585717,0.6176470588235294,1.0
N1,1,202603,Low,0.4268978706926742,0.65625,1.0
N1,1,202603,Low,0.43515539655635577,0.7777777777777778,1.0
N1,1,202603,Low,0.5439436354645545,0.8076923076923077,1.0
N1,1,202603,Low,0.5753256282079067,0.875,1.0
N1,1,202603,Low,0.6321142256994338,0.8571428571428571,0.8571428571428571
N1,1,202603,Low,0.749413254668613,0.8947368421052632,0.8095238095238095
N1,1,202603,Low,0.7878754337063401,0.9375,0.7142857142857143
N1,1,202603,Low,0.793854230318441,0.9285714285714286,0.6190476190476191
N1,1,202603,Low,0.818538528266433,0.9230769230769231,0.5714285714285714
N1,1,202603,Low,0.8185385290287563,1.0,0.5714285714285714
N1,1,202603,Low,0.8994854983937589,1.0,0.47619047619047616
N1,1,202603,Low,0.9128758402666219,1.0,0.42857142857142855
N1,1,202603,Low,0.9231151445558125,1.0,0.2857142857142857
N1,1,202603,Low,0.9479997761822304,1.0,0.14285714285714285
N1,1,202603,Low,0.9582173616825104,1.0,0.09523809523809523
N1,1,202603,Low,0.9919316571326552,1.0,0.047619047619047616
N1,1,202603,Low,1.0,1.0,0.0
N1,1,202603,Medium,0.007827043377625985,0.47619047619047616,1.0
N1,1,202603,Medium,0.04049044014755382,0.4838709677419355,1.0
N1,1,202603,Medium,0.05037523810200238,0.4918032786885246,1.0
N1,1,202603,Medium,0.07441954397879032,0.5,1.0
N1,1,202603,Medium,0.07713651657104492,0.5263157894736842,1.0
N1,1,202603,Medium,0.08430020595549347,0.5357142857142857,1.0
N1,1,202603,Medium,0.08723455667495728,0.5660377358490566,1.0
N1,1,202603,Medium,0.09720962068684318,0.5769230769230769,1.0
N1,1,202603,Medium,0.12140417098999023,0.5882352941176471,1.0
N1,1,202603,Medium,0.1348055601119995,0.6,1.0
N1,1,202603,Medium,0.15058398246765137,0.6122448979591837,1.0
N1,1,202603,Medium,0.17172884941101074,0.625,1.0
N1,1,202603,Medium,0.17492630686775654,0.6382978723404256,1.0
N1,1,202603,Medium,0.17492630703066936,0.6304347826086957,0.9666666666666667
N1,1,202603,Medium,0.19849933526735347,0.6590909090909091,0.9666666666666667
N1,1,202603,Medium,0.2041988871184829,0.6744186046511628,0.9666666666666667
N1,1,202603,Medium,0.24076230913684632,0.7073170731707317,0.9666666666666667
N1,1,202603,Medium,0.24355179071426392,0.7368421052631579,0.9333333333333333
N1,1,202603,Medium,0.2747924327850342,0.7567567567567568,0.9333333333333333
N1,1,202603,Medium,0.3484504818916321,0.7777777777777778,0.9333333333333333
N1,1,202603,Medium,0.3509095874530302,0.8,0.9333333333333333
N1,1,202603,Medium,0.3713734745979309,0.8181818181818182,0.9
N1,1,202603,Medium,0.40324095092729634,0.8333333333333334,0.8333333333333334
N1,1,202603,Medium,0.4298984408378601,0.9259259259259259,0.8333333333333334
N1,1,202603,Medium,0.4317818219694224,0.9230769230769231,0.8
N1,1,202603,Medium,0.5025489926338196,0.9166666666666666,0.7333333333333333
N1,1,202603,Medium,0.527756875691081,0.9090909090909091,0.6666666666666666
N1,1,202603,Medium,0.5347930033566652,0.9047619047619048,0.6333333333333333
N1,1,202603,Medium,0.5492489790739757,0.875,0.4666666666666667
N1,1,202603,Medium,0.5576660466889725,0.8571428571428571,0.4
N1,1,202603,Medium,0.5772584676742554,0.8333333333333334,0.3333333333333333
N1,1,202603,Medium,0.5899436649663349,0.8181818181818182,0.3
N1,1,202603,Medium,0.6088483152136709,0.9,0.3
N1,1,202603,Medium,0.6130722761154175,0.875,0.23333333333333334
N1,1,202603,Medium,0.6507310271263123,1.0,0.23333333333333334
N1,1,202603,Medium,0.6550507594276276,1.0,0.16666666666666666
N1,1,202603,Medium,0.6641366283852866,1.0,0.13333333333333333
N1,1,202603,Medium,0.6811341744830336,1.0,0.1
N1,1,202603,Medium,0.6899261680223396,1.0,0.06666666666666667
N1,1,202603,Medium,0.7040865316378097,1.0,0.03333333333333333
N1,1,202603,Medium,1.0,1.0,0.0
N1,1,202603,High,0.000241299489718856,0.19047619047619047,1.0
N1,1,202603,High,0.0012921981699358603,0.1935483870967742,1.0
N1,1,202603,High,0.0016249857157672406,0.19672131147540983,1.0
N1,1,202603,High,0.002465311465397233,0.2,1.0
N1,1,202603,High,0.002823953777884602,0.21052631578947367,1.0
N1,1,202603,High,0.0033048809193978574,0.2222222222222222,1.0
N1,1,202603,High,0.006535163940574256,0.22641509433962265,1.0
N1,1,202603,High,0.0065351648658104645,0.23529411764705882,1.0
N1,1,202603,High,0.0076464344142054275,0.24,1.0
N1,1,202603,High,0.007925679175176972,0.24489795918367346,1.0
N1,1,202603,High,0.009824436194540695,0.2553191489361702,1.0
N1,1,202603,High,0.016976186847536014,0.2727272727272727,1.0
N1,1,202603,High,0.021433420864797062,0.2857142857142857,1.0
N1,1,202603,High,0.024274542566023134,0.3076923076923077,1.0
N1,1,202603,High,0.0370877277525633,0.32432432432432434,1.0
N1,1,202603,High,0.03830912595066053,0.3333333333333333,1.0
N1,1,202603,High,0.040990139220167046,0.3870967741935484,1.0
N1,1,202603,High,0.0739053418778281,0.41379310344827586,1.0
N1,1,202603,High,0.09168617563972138,0.42857142857142855,1.0
N1,1,202603,High,0.16693265487354017,0.4444444444444444,1.0
N1,1,202603,High,0.20924345282445708,0.46153846153846156,1.0
N1,1,202603,High,0.25676640102963444,0.48,1.0
N1,1,202603,High,0.27757954597473145,0.5,1.0
N1,1,202603,High,0.33014005422592163,0.5454545454545454,1.0
N1,1,202603,High,0.33568723989465116,0.5238095238095238,0.9166666666666666
N1,1,202603,High,0.35993443012042137,0.5789473684210527,0.9166666666666666
N1,1,202603,High,0.37576329708099365,0.5555555555555556,0.8333333333333334
N1,1,202603,High,0.3996643006901651,0.5882352941176471,0.8333333333333334
N1,1,202603,High,0.46435558795928955,0.6666666666666666,0.8333333333333334
N1,1,202603,High,0.5460250377655029,0.7692307692307693,0.8333333333333334
N1,1,202603,High,0.6100093126296997,0.8333333333333334,0.8333333333333334
N1,1,202603,High,0.6347626447677612,1.0,0.75
N1,1,202603,High,0.7134289145469666,1.0,0.6666666666666666
N1,1,202603,High,0.7464708089828491,1.0,0.5833333333333334
N1,1,202603,High,0.8218814730644226,1.0,0.5
N1,1,202603,High,0.8439596891403198,1.0,0.4166666666666667
N1,1,202603,High,0.8604032397270203,1.0,0.3333333333333333
N1,1,202603,High,0.8743497133255005,1.0,0.25
N1,1,202603,High,0.9098334312438965,1.0,0.16666666666666666
N1,1,202603,High,0.9203003644943237,1.0,0.08333333333333333
N1,1,202603,High,1.0,1.0,0.0
N1,2,202603,Low,0.02755647897720337,0.3333333333333333,1.0
N1,2,202603,Low,0.02904754877090454,0.3442622950819672,1.0
N1,2,202603,Low,0.034580767154693604,0.35,1.0
N1,2,202603,Low,0.03894400596618652,0.3559322033898305,1.0
N1,2,202603,Low,0.04390251636505127,0.3620689655172414,1.0
N1,2,202603,Low,0.05235999822616577,0.3684210526315789,1.0
N1,2,202603,Low,0.05535823106765747,0.38181818181818183,1.0
N1,2,202603,Low,0.059125423431396484,0.3888888888888889,1.0
N1,2,202603,Low,0.06679165363311768,0.39622641509433965,1.0
N1,2,202603,Low,0.070620596408844,0.40384615384615385,1.0
N1,2,202603,Low,0.07978206872940063,0.4117647058823529,1.0
N1,2,202603,Low,0.08434933423995972,0.42,1.0
N1,2,202603,Low,0.09011602401733398,0.42857142857142855,1.0
N1,2,202603,Low,0.09524732544281109,0.4375,1.0
N1,2,202603,Low,0.1212039589881897,0.45652173913043476,1.0
N1,2,202603,Low,0.13650221039361388,0.4772727272727273,1.0
N1,2,202603,Low,0.14779120243217939,0.5,1.0
N1,2,202603,Low,0.15349549055099487,0.5121951219512195,1.0
N1,2,202603,Low,0.1617807794147962,0.525,1.0
N1,2,202603,Low,0.1813846799524921,0.5526315789473685,1.0
N1,2,202603,Low,0.20287406142243652,0.5833333333333334,1.0
N1,2,202603,Low,0.2262782420772576,0.6176470588235294,1.0
N1,2,202603,Low,0.25158733504395686,0.6363636363636364,1.0
N1,2,202603,Low,0.26361220682245184,0.65625,1.0
N1,2,202603,Low,0.2763003665760105,0.75,1.0
N1,2,202603,Low,0.3211780286186346,0.7692307692307693,0.9523809523809523
N1,2,202603,Low,0.4594276513201918,0.8,0.9523809523809523
N1,2,202603,Low,0.4972485936973139,0.7916666666666666,0.9047619047619048
N1,2,202603,Low,0.5356352945254568,0.782608695652174,0.8571428571428571
N1,2,202603,Low,0.5740752241539777,0.8181818181818182,0.8571428571428571
N1,2,202603,Low,0.6523465514183044,0.8571428571428571,0.8571428571428571
N1,2,202603,Low,0.6865219448263871,0.8947368421052632,0.8095238095238095
N1,2,202603,Low,0.7759084091039218,1.0,0.7142857142857143
N1,2,202603,Low,0.7780945578253264,1.0,0.6666666666666666
N1,2,202603,Low,0.8014472633438491,1.0,0.5714285714285714
N1,2,202603,Low,0.8460872328086896,1.0,0.5238095238095238
N1,2,202603,Low,0.8652143325292763,1.0,0.47619047619047616
N1,2,202603,Low,0.8823084979146281,1.0,0.38095238095238093
N1,2,202603,Low,0.9291056592586819,1.0,0.3333333333333333
N1,2,202603,Low,0.9619226852406005,1.0,0.2857142857142857
N1,2,202603,Low,0.9812728843733639,1.0,0.23809523809523808
N1,2,202603,Low,0.9970622592132484,1.0,0.19047619047619047
N1,2,202603,Low,0.997571585951221,1.0,0.14285714285714285
N1,2,202603,Low,0.9977865839991356,1.0,0.047619047619047616
N1,2,202603,Low,1.0,1.0,0.0
N1,2,202603,Medium,0.0020593884452268746,0.49206349206349204,1.0
N1,2,202603,Medium,0.0022593913563353643,0.5,1.0
N1,2,202603,Medium,0.0027331705022585044,0.5166666666666667,1.0
N1,2,202603,Medium,0.01740354872723715,0.5254237288135594,1.0
N1,2,202603,Medium,0.03533590511770557,0.5344827586206896,1.0
N1,2,202603,Medium,0.06562336253125717,0.543859649122807,1.0
N1,2,202603,Medium,0.10851324531551303,0.5535714285714286,1.0
N1,2,202603,Medium,0.12408312935607559,0.5636363636363636,1.0
N1,2,202603,Medium,0.14143756784451772,0.5849056603773585,1.0
N1,2,202603,Medium,0.18163926696435437,0.5961538461538461,1.0
N1,2,202603,Medium,0.20248503153273706,0.6078431372549019,1.0
N1,2,202603,Medium,0.2044294472701299,0.6326530612244898,1.0
N1,2,202603,Medium,0.26224392652511597,0.6458333333333334,1.0
N1,2,202603,Medium,0.27204084396362305,0.6739130434782609,1.0
N1,2,202603,Medium,0.28274291648438976,0.6888888888888889,1.0
N1,2,202603,Medium,0.3056999444961548,0.7073170731707317,0.9354838709677419
N1,2,202603,Medium,0.3119651675224304,0.725,0.9354838709677419
N1,2,202603,Medium,0.32954907417297363,0.7368421052631579,0.9032258064516129
N1,2,202603,Medium,0.3541310429573059,0.7567567567567568,0.9032258064516129
N1,2,202603,Medium,0.376926006290786,0.7777777777777778,0.9032258064516129
N1,2,202603,Medium,0.3907351493835449,0.7714285714285715,0.8709677419354839
N1,2,202603,Medium,0.4023039937019348,0.7878787878787878,0.8387096774193549
N1,2,202603,Medium,0.407578827468972,0.78125,0.8064516129032258
N1,2,202603,Medium,0.41591358184814453,0.7741935483870968,0.7741935483870968
N1,2,202603,Medium,0.43714452115554003,0.8,0.7741935483870968
N1,2,202603,Medium,0.4407508373260498,0.8275862068965517,0.7741935483870968
N1,2,202603,Medium,0.4518713057041168,0.8571428571428571,0.7741935483870968
N1,2,202603,Medium,0.46503430258457135,0.8518518518518519,0.7419354838709677
N1,2,202603,Medium,0.4754689931869507,0.8846153846153846,0.7419354838709677
N1,2,202603,Medium,0.4858230948448181,0.88,0.7096774193548387
N1,2,202603,Medium,0.4977142810821533,0.875,0.6774193548387096
N1,2,202603,Medium,0.5072873679611871,0.9130434782608695,0.6774193548387096
N1,2,202603,Medium,0.5439047813415527,0.9047619047619048,0.6129032258064516
N1,2,202603,Medium,0.5508331224570608,0.8947368421052632,0.5483870967741935
N1,2,202603,Medium,0.5582797693693569,0.8888888888888888,0.5161290322580645
N1,2,202603,Medium,0.5662700961151691,0.875,0.45161290322580644
N1,2,202603,Medium,0.5695818662643433,0.8666666666666667,0.41935483870967744
N1,2,202603,Medium,0.569799653145676,0.9285714285714286,0.41935483870967744
N1,2,202603,Medium,0.5736171178107595,1.0,0.3870967741935484
N1,2,202603,Medium,0.5739151749921564,1.0,0.3225806451612903
N1,2,202603,Medium,0.5772001233279723,1.0,0.1935483870967742
N1,2,202603,Medium,0.5799894842507022,1.0,0.16129032258064516
N1,2,202603,Medium,0.5818316849793242,1.0,0.0967741935483871
N1,2,202603,Medium,0.5827580603546193,1.0,0.06451612903225806
N1,2,202603,Medium,1.0,1.0,0.0
N1,2,202603,High,0.0001540275556375667,0.1746031746031746,1.0
N1,2,202603,High,0.00016902269244366443,0.1774193548387097,1.0
N1,2,202603,High,0.0002045702844931255,0.18333333333333332,1.0
N1,2,202603,High,0.0013235668993989529,0.1864406779661017,1.0
N1,2,202603,High,0.002741409641693938,0.1896551724137931,1.0
N1,2,202603,High,0.005270978210060859,0.19298245614035087,1.0
N1,2,202603,High,0.009178256769858879,0.19642857142857142,1.0
N1,2,202603,High,0.010702538114648103,0.2,1.0
N1,2,202603,High,0.012475199346792733,0.20754716981132076,1.0
N1,2,202603,High,0.01691346969179657,0.21153846153846154,1.0
N1,2,202603,High,0.01942041064193652,0.21568627450980393,1.0
N1,2,202603,High,0.01966214362594831,0.22448979591836735,1.0
N1,2,202603,High,0.03073513868922316,0.22916666666666666,1.0
N1,2,202603,High,0.03568828105926514,0.25,1.0
N1,2,202603,High,0.048998769555236285,0.2619047619047619,1.0
N1,2,202603,High,0.05678587800557121,0.2682926829268293,1.0
N1,2,202603,High,0.06560688514714602,0.275,1.0
N1,2,202603,High,0.07553804609523679,0.28205128205128205,1.0
N1,2,202603,High,0.1279888489243045,0.2894736842105263,1.0
N1,2,202603,High,0.15389998027831345,0.2972972972972973,1.0
N1,2,202603,High,0.16247261818539174,0.3142857142857143,1.0
N1,2,202603,High,0.17121254162807079,0.3548387096774194,1.0
N1,2,202603,High,0.19189007294341814,0.36666666666666664,1.0
N1,2,202603,High,0.21436787822294417,0.3793103448275862,1.0
N1,2,202603,High,0.23862583579680569,0.4074074074074074,1.0
N1,2,202603,High,0.2646021027744443,0.44,1.0
N1,2,202603,High,0.27692264318466187,0.4782608695652174,1.0
N1,2,202603,High,0.2859387014526516,0.45454545454545453,0.9090909090909091
N1,2,202603,High,0.3052180202370292,0.47619047619047616,0.9090909090909091
N1,2,202603,High,0.33489125967025757,0.5263157894736842,0.9090909090909091
N1,2,202603,High,0.39746530659600177,0.5882352941176471,0.9090909090909091
N1,2,202603,High,0.4121696949005127,0.6666666666666666,0.9090909090909091
N1,2,202603,High,0.42982757091522217,0.6428571428571429,0.8181818181818182
N1,2,202603,High,0.4447489380836487,0.6923076923076923,0.8181818181818182
N1,2,202603,High,0.4775080978870392,0.75,0.8181818181818182
N1,2,202603,High,0.4924575090408325,0.8181818181818182,0.8181818181818182
N1,2,202603,High,0.524960994720459,0.8,0.7272727272727273
N1,2,202603,High,0.5423377752304077,0.7777777777777778,0.6363636363636364
N1,2,202603,High,0.5569048523902893,0.875,0.6363636363636364
N1,2,202603,High,0.6019664406776428,1.0,0.5454545454545454
N1,2,202603,High,0.6315069198608398,1.0,0.45454545454545453
N1,2,202603,High,0.6597192883491516,1.0,0.36363636363636365
N1,2,202603,High,0.6989116072654724,1.0,0.2727272727272727
N1,2,202603,High,0.7101995944976807,1.0,0.18181818181818182
N1,2,202603,High,1.0,1.0,0.0
N1,3,202603,Low,0.013279855251312256,0.3333333333333333,1.0
N1,3,202603,Low,0.015203714370727539,0.3387096774193548,1.0
N1,3,202603,Low,0.01741880178451538,0.3442622950819672,1.0
N1,3,202603,Low,0.01996690034866333,0.3559322033898305,1.0
N1,3,202603,Low,0.022894740104675293,0.375,1.0
N1,3,202603,Low,0.0409013032913208,0.3888888888888889,1.0
N1,3,202603,Low,0.04680520296096802,0.40384615384615385,1.0
N1,3,202603,Low,0.0648346562634306,0.4117647058823529,1.0
N1,3,202603,Low,0.07392865419387817,0.42,1.0
N1,3,202603,Low,0.08415818465227438,0.4375,1.0
N1,3,202603,Low,0.09561002254486084,0.45652173913043476,1.0
N1,3,202603,Low,0.1083616050589563,0.4666666666666667,1.0
N1,3,202603,Low,0.11721193790435791,0.4883720930232558,1.0
N1,3,202603,Low,0.1325069705398968,0.5,1.0
N1,3,202603,Low,0.14935868755938578,0.5121951219512195,1.0
N1,3,202603,Low,0.1677956631122727,0.525,1.0
N1,3,202603,Low,0.18781500774897625,0.5526315789473685,1.0
N1,3,202603,Low,0.228772934842513,0.5675675675675675,1.0
N1,3,202603,Low,0.25380575089590807,0.5833333333333334,1.0
N1,3,202603,Low,0.28027654320619727,0.6176470588235294,1.0
N1,3,202603,Low,0.3079970524906673,0.65625,1.0
N1,3,202603,Low,0.3662283962036908,0.6774193548387096,1.0
N1,3,202603,Low,0.36720656254271977,0.7,1.0
N1,3,202603,Low,0.3986710191169077,0.7241379310344828,1.0
N1,3,202603,Low,0.4939562678337097,0.75,1.0
N1,3,202603,Low,0.524923195598215,0.7777777777777778,1.0
N1,3,202603,Low,0.5941346883773804,0.84,1.0
N1,3,202603,Low,0.6235155908284659,0.875,1.0
N1,3,202603,Low,0.6513675232890707,0.8695652173913043,0.9523809523809523
N1,3,202603,Low,0.6775567556826649,0.8636363636363636,0.9047619047619048
N1,3,202603,Low,0.6775567569447127,0.95,0.9047619047619048
N1,3,202603,Low,0.702001031290734,1.0,0.9047619047619048
N1,3,202603,Low,0.7593752357934201,1.0,0.8571428571428571
N1,3,202603,Low,0.7795290787241983,1.0,0.8095238095238095
N1,3,202603,Low,0.8145544399996982,1.0,0.7619047619047619
N1,3,202603,Low,0.8431683903652212,1.0,0.7142857142857143
N1,3,202603,Low,0.8679860234260559,1.0,0.6666666666666666
N1,3,202603,Low,0.8792811402865947,1.0,0.6190476190476191
N1,3,202603,Low,0.934922604427223,1.0,0.5714285714285714
N1,3,202603,Low,0.9399552731225951,1.0,0.42857142857142855
N1,3,202603,Low,0.9615142994084362,1.0,0.38095238095238093
N1,3,202603,Low,0.9642643116951515,1.0,0.3333333333333333
N1,3,202603,Low,0.9666865880636133,1.0,0.19047619047619047
N1,3,202603,Low,0.9768304470028846,1.0,0.14285714285714285
N1,3,202603,Low,0.9959801151689452,1.0,0.09523809523809523
N1,3,202603,Low,0.9962403452647118,1.0,0.047619047619047616
N1,3,202603,Low,1.0,1.0,0.0
N1,3,202603,Medium,0.003586809482510294,0.49206349206349204,1.0
N1,3,202603,Medium,0.0038350297908038436,0.5,1.0
N1,3,202603,Medium,0.022084188776758162,0.5081967213114754,1.0
N1,3,202603,Medium,0.03173726364351181,0.5166666666666667,1.0
N1,3,202603,Medium,0.03404088987318672,0.5254237288135594,1.0
N1,3,202603,Medium,0.03665550818233854,0.5535714285714286,1.0
N1,3,202603,Medium,0.057126982723318426,0.5636363636363636,1.0
N1,3,202603,Medium,0.06189890744827135,0.5740740740740741,1.0
N1,3,202603,Medium,0.11446895896910611,0.6078431372549019,1.0
N1,3,202603,Medium,0.12509502470493317,0.62,1.0
N1,3,202603,Medium,0.14838304286544904,0.6326530612244898,1.0
N1,3,202603,Medium,0.17512415072218462,0.6458333333333334,1.0
N1,3,202603,Medium,0.20768072775660454,0.6595744680851063,1.0
N1,3,202603,Medium,0.21380287408828735,0.6739130434782609,1.0
N1,3,202603,Medium,0.2263169351867475,0.6888888888888889,1.0
N1,3,202603,Medium,0.2368640899658203,0.7045454545454546,1.0
N1,3,202603,Medium,0.2615962624549866,0.7209302325581395,1.0
N1,3,202603,Medium,0.2789241059929648,0.7560975609756098,1.0
N1,3,202603,Medium,0.28787487745285034,0.775,1.0
N1,3,202603,Medium,0.3011083614122434,0.8378378378378378,1.0
N1,3,202603,Medium,0.3011083619731014,0.8285714285714286,0.9354838709677419
N1,3,202603,Medium,0.3155105710029602,0.8235294117647058,0.9032258064516129
N1,3,202603,Medium,0.32470094068978556,0.875,0.9032258064516129
N1,3,202603,Medium,0.34956913340017437,0.9032258064516129,0.9032258064516129
N1,3,202603,Medium,0.3755219578742981,0.9333333333333333,0.9032258064516129
N1,3,202603,Medium,0.4352684237944256,0.9310344827586207,0.8709677419354839
N1,3,202603,Medium,0.4412180185317993,0.9259259259259259,0.8064516129032258
N1,3,202603,Medium,0.4612176716327667,0.96,0.7741935483870968
N1,3,202603,Medium,0.47055160999298096,0.9583333333333334,0.7419354838709677
N1,3,202603,Medium,0.5366996366769183,1.0,0.7419354838709677
N1,3,202603,Medium,0.5373070400150728,1.0,0.7096774193548387
N1,3,202603,Medium,0.5596285891643586,1.0,0.6774193548387096
N1,3,202603,Medium,0.5603206074190049,1.0,0.6451612903225806
N1,3,202603,Medium,0.5614656209945679,1.0,0.6129032258064516
N1,3,202603,Medium,0.5831719810715909,1.0,0.5483870967741935
N1,3,202603,Medium,0.5986850350899254,1.0,0.4838709677419355
N1,3,202603,Medium,0.6020745635032654,1.0,0.45161290322580644
N1,3,202603,Medium,0.6144719261185511,1.0,0.41935483870967744
N1,3,202603,Medium,0.6178912108508113,1.0,0.3548387096774194
N1,3,202603,Medium,0.6262762546539307,1.0,0.2903225806451613
N1,3,202603,Medium,0.6275009968690352,1.0,0.25806451612903225
N1,3,202603,Medium,0.636783261203267,1.0,0.1935483870967742
N1,3,202603,Medium,0.6374568844220506,1.0,0.16129032258064516
N1,3,202603,Medium,0.6437292003075897,1.0,0.12903225806451613
N1,3,202603,Medium,0.6468434237414088,1.0,0.0967741935483871
N1,3,202603,Medium,0.6470711424073917,1.0,0.06451612903225806
N1,3,202603,Medium,1.0,1.0,0.0
N1,3,202603,High,0.00017284525277785816,0.1746031746031746,1.0
N1,3,202603,High,0.00018485504025089657,0.1774193548387097,1.0
N1,3,202603,High,0.0010853642203573096,0.18032786885245902,1.0
N1,3,202603,High,0.0015761482928748974,0.18333333333333332,1.0
N1,3,202603,High,0.0016947984316617601,0.1864406779661017,1.0
N1,3,202603,High,0.0018301924092251625,0.19642857142857142,1.0
N1,3,202603,High,0.002917744154086467,0.2,1.0
N1,3,202603,High,0.003178488124505663,0.2037037037037037,1.0
N1,3,202603,High,0.006249900744299199,0.21568627450980393,1.0
N1,3,202603,High,0.006918951869010925,0.22,1.0
N1,3,202603,High,0.008448566769329825,0.22448979591836735,1.0
N1,3,202603,High,0.01032140927811716,0.22916666666666666,1.0
N1,3,202603,High,0.012790193519197164,0.23404255319148937,1.0
N1,3,202603,High,0.014307829019832304,0.2391304347826087,1.0
N1,3,202603,High,0.01907486271630118,0.24444444444444444,1.0
N1,3,202603,High,0.02133488108218581,0.25,1.0
N1,3,202603,High,0.021334882905091654,0.2558139534883721,1.0
N1,3,202603,High,0.023931536021143854,0.2682926829268293,1.0
N1,3,202603,High,0.026915275771359756,0.275,1.0
N1,3,202603,High,0.030343353748321533,0.28205128205128205,1.0
N1,3,202603,High,0.03980838060735947,0.2894736842105263,1.0
N1,3,202603,High,0.04482606053352356,0.3055555555555556,1.0
N1,3,202603,High,0.06462934420617389,0.3142857142857143,1.0
N1,3,202603,High,0.07316484829292154,0.3235294117647059,1.0
N1,3,202603,High,0.07345099637730425,0.3333333333333333,1.0
N1,3,202603,High,0.09331791241940725,0.34375,1.0
N1,3,202603,High,0.10525153067525173,0.3548387096774194,1.0
N1,3,202603,High,0.11869325223505678,0.3793103448275862,1.0
N1,3,202603,High,0.13377018073543637,0.4074074074074074,1.0
N1,3,202603,High,0.16534156850961493,0.4230769230769231,1.0
N1,3,202603,High,0.18513319448033555,0.44,1.0
N1,3,202603,High,0.20691211213302446,0.4782608695652174,1.0
N1,3,202603,High,0.23070976825683617,0.5,1.0
N1,3,202603,High,0.2565118074417114,0.5238095238095238,1.0
N1,3,202603,High,0.27374718409023235,0.55,1.0
N1,3,202603,High,0.3023154139518738,0.6111111111111112,1.0
N1,3,202603,High,0.3326698342761348,0.6470588235294118,1.0
N1,3,202603,High,0.36460572481155396,0.7333333333333333,1.0
N1,3,202603,High,0.39785830372149655,0.8461538461538461,1.0
N1,3,202603,High,0.482643187046051,0.9166666666666666,1.0
N1,3,202603,High,0.5178806781768799,0.9090909090909091,0.9090909090909091
N1,3,202603,High,0.6615946888923645,1.0,0.8181818181818182
N1,3,202603,High,0.6921582221984863,1.0,0.6363636363636364
N1,3,202603,High,0.720984935760498,1.0,0.36363636363636365
N1,3,202603,High,0.7479321956634521,1.0,0.18181818181818182
N1,3,202603,High,0.7729172706604004,1.0,0.09090909090909091
N1,3,202603,High,1.0,1.0,0.0
N1,4,202603,Low,0.016988277435302734,0.31746031746031744,1.0
N1,4,202603,Low,0.01991260051727295,0.3448275862068966,1.0
N1,4,202603,Low,0.020396292209625244,0.3508771929824561,1.0
N1,4,202603,Low,0.02093607187271118,0.36363636363636365,1.0
N1,4,202603,Low,0.02149200439453125,0.37037037037037035,1.0
N1,4,202603,Low,0.033631206561064914,0.38461538461538464,1.0
N1,4,202603,Low,0.03456562860505666,0.39215686274509803,1.0
N1,4,202603,Low,0.035528361797332764,0.4166666666666667,1.0
N1,4,202603,Low,0.037541329860687256,0.425531914893617,1.0
N1,4,202603,Low,0.05971550941467285,0.43478260869565216,1.0
N1,4,202603,Low,0.06141388599317926,0.4444444444444444,1.0
N1,4,202603,Low,0.06316089630126953,0.45454545454545453,1.0
N1,4,202603,Low,0.06495815321927806,0.4878048780487805,1.0
N1,4,202603,Low,0.10324043343187671,0.5,1.0
N1,4,202603,Low,0.10611748853500916,0.5128205128205128,1.0
N1,4,202603,Low,0.10906827124749806,0.5263157894736842,1.0
N1,4,202603,Low,0.115195809078279,0.5405405405405406,1.0
N1,4,202603,Low,0.11837494726106368,0.5555555555555556,1.0
N1,4,202603,Low,0.18323004791826153,0.5714285714285714,1.0
N1,4,202603,Low,0.18790454092408435,0.6060606060606061,1.0
N1,4,202603,Low,0.19266963292166045,0.625,1.0
N1,4,202603,Low,0.2969630338477862,0.6666666666666666,1.0
N1,4,202603,Low,0.34448986988894736,0.6896551724137931,1.0
N1,4,202603,Low,0.42306637606372544,0.7142857142857143,1.0
N1,4,202603,Low,0.548529274463104,0.76,0.95
N1,4,202603,Low,0.5840344233203314,0.782608695652174,0.9
N1,4,202603,Low,0.6245221963715848,0.8181818181818182,0.9
N1,4,202603,Low,0.6928864523893282,0.8421052631578947,0.8
N1,4,202603,Low,0.7517597163292734,0.875,0.7
N1,4,202603,Low,0.7780087186184069,0.9230769230769231,0.6
N1,4,202603,Low,0.8568685250294198,0.9166666666666666,0.55
N1,4,202603,Low,0.9066864144427219,1.0,0.4
N1,4,202603,Low,0.9150660980812428,1.0,0.35
N1,4,202603,Low,0.9464824338509685,1.0,0.25
N1,4,202603,Low,0.9549595031966593,1.0,0.2
N1,4,202603,Low,0.9728296973078768,1.0,0.15
N1,4,202603,Low,0.9905219624526281,1.0,0.05
N1,4,202603,Low,1.0,1.0,0.0
N1,4,202603,Medium,0.009228063701092413,0.49206349206349204,1.0
N1,4,202603,Medium,0.026441030144272362,0.5,1.0
N1,4,202603,Medium,0.04380956997939654,0.5166666666666667,1.0
N1,4,202603,Medium,0.05204222800178927,0.5254237288135594,1.0
N1,4,202603,Medium,0.08251440300275917,0.5344827586206896,1.0
N1,4,202603,Medium,0.09063151371148247,0.5535714285714286,1.0
N1,4,202603,Medium,0.13878558892779697,0.5636363636363636,1.0
N1,4,202603,Medium,0.2145905547650994,0.5882352941176471,0.967741935483871
N1,4,202603,Medium,0.23968546360379603,0.6,0.967741935483871
N1,4,202603,Medium,0.2956640935783062,0.6170212765957447,0.9354838709677419
N1,4,202603,Medium,0.3600104675439836,0.6363636363636364,0.9032258064516129
N1,4,202603,Medium,0.3810969591140747,0.6585365853658537,0.8709677419354839
N1,4,202603,Medium,0.3976946935830554,0.75,0.8709677419354839
N1,4,202603,Medium,0.41750770807266235,0.7428571428571429,0.8387096774193549
N1,4,202603,Medium,0.42305994033813477,0.7647058823529411,0.8387096774193549
N1,4,202603,Medium,0.4291124939918518,0.8125,0.8387096774193549
N1,4,202603,Medium,0.43041658962688617,0.8387096774193549,0.8387096774193549
N1,4,202603,Medium,0.43519294261932373,0.8620689655172413,0.8064516129032258
N1,4,202603,Medium,0.5375219743705384,0.9259259259259259,0.8064516129032258
N1,4,202603,Medium,0.5425255874450297,0.9615384615384616,0.8064516129032258
N1,4,202603,Medium,0.5435232086039545,1.0,0.7419354838709677
N1,4,202603,Medium,0.5494877099990845,1.0,0.6451612903225806
N1,4,202603,Medium,0.5612905025482178,1.0,0.6129032258064516
N1,4,202603,Medium,0.6081429674614744,1.0,0.5806451612903226
N1,4,202603,Medium,0.6447788428904202,1.0,0.5483870967741935
N1,4,202603,Medium,0.6487740278244019,1.0,0.5161290322580645
N1,4,202603,Medium,0.6532020763517045,1.0,0.4838709677419355
N1,4,202603,Medium,0.6575164198875427,1.0,0.45161290322580644
N1,4,202603,Medium,0.6617135804380899,1.0,0.3548387096774194
N1,4,202603,Medium,0.7086428509450383,1.0,0.3225806451612903
N1,4,202603,Medium,0.710622624545305,1.0,0.25806451612903225
N1,4,202603,Medium,0.7117731783322447,1.0,0.22580645161290322
N1,4,202603,Medium,0.7124419424665553,1.0,0.1935483870967742
N1,4,202603,Medium,0.7134799467545739,1.0,0.12903225806451613
N1,4,202603,Medium,0.7150287415078658,1.0,0.0967741935483871
N1,4,202603,Medium,0.7176478398196721,1.0,0.06451612903225806
N1,4,202603,Medium,0.7187158083532992,1.0,0.03225806451612903
N1,4,202603,Medium,1.0,1.0,0.0
N1,4,202603,High,0.00024997384627944844,0.19047619047619047,1.0
N1,4,202603,High,0.0007292725478507562,0.1935483870967742,1.0
N1,4,202603,High,0.00123092682394416,0.2,1.0
N1,4,202603,High,0.0014753381472421584,0.2033898305084746,1.0
N1,4,202603,High,0.0024194989159979454,0.20689655172413793,1.0
N1,4,202603,High,0.002682071845795572,0.21428571428571427,1.0
N1,4,202603,High,0.00434588604278323,0.21818181818181817,1.0
N1,4,202603,High,0.007400726616493664,0.23529411764705882,1.0
N1,4,202603,High,0.008554820066930579,0.24,1.0
N1,4,202603,High,0.011449454032365585,0.2553191489361702,1.0
N1,4,202603,High,0.015467336084431602,0.2727272727272727,1.0
N1,4,202603,High,0.018270883096613184,0.2926829268292683,1.0
N1,4,202603,High,0.021054135910009875,0.3,1.0
N1,4,202603,High,0.034408036491244895,0.3157894736842105,1.0
N1,4,202603,High,0.04736716264957813,0.34285714285714286,1.0
N1,4,202603,High,0.058258123261793526,0.35294117647058826,1.0
N1,4,202603,High,0.0986875161333012,0.36363636363636365,1.0
N1,4,202603,High,0.10147283453061062,0.3870967741935484,1.0
N1,4,202603,High,0.10432800961518317,0.4,1.0
N1,4,202603,High,0.16290924438563717,0.42857142857142855,1.0
N1,4,202603,High,0.16715635110204888,0.4444444444444444,1.0
N1,4,202603,High,0.1759029872446362,0.46153846153846156,1.0
N1,4,202603,High,0.18040256471041685,0.48,1.0
N1,4,202603,High,0.1849863882358786,0.5,1.0
N1,4,202603,High,0.27332826634263196,0.5217391304347826,1.0
N1,4,202603,High,0.27932268381118774,0.5454545454545454,1.0
N1,4,202603,High,0.2853840376551163,0.631578947368421,1.0
N1,4,202603,High,0.2915104627609253,0.6666666666666666,1.0
N1,4,202603,High,0.40116816759109497,0.7058823529411765,1.0
N1,4,202603,High,0.41498392820358276,0.75,1.0
N1,4,202603,High,0.4219111627909888,0.8,1.0
N1,4,202603,High,0.42884681906839667,1.0,1.0
N1,4,202603,High,0.543315052986145,1.0,0.9166666666666666
N1,4,202603,High,0.549951434135437,1.0,0.75
N1,4,202603,High,0.55654376745224,1.0,0.6666666666666666
N1,4,202603,High,0.5625796914100647,1.0,0.5
N1,4,202603,High,0.6019147634506226,1.0,0.4166666666666667
N1,4,202603,High,1.0,1.0,0.0
N1,0,202604,Low,0.0006698369979858398,0.328125,1.0
N1,0,202604,Low,0.0007422566413879395,0.3333333333333333,1.0
N1,0,202604,Low,0.0007556676864624023,0.3387096774193548,1.0
N1,0,202604,Low,0.0009156465530395508,0.35,1.0
N1,0,202604,Low,0.0016838312149047852,0.3620689655172414,1.0
N1,0,202604,Low,0.0023326873779296875,0.38181818181818183,1.0
N1,0,202604,Low,0.0037276744842529297,0.3888888888888889,1.0
N1,0,202604,Low,0.009512841701507568,0.39622641509433965,1.0
N1,0,202604,Low,0.06507450536115483,0.40384615384615385,1.0
N1,0,202604,Low,0.09478855344925567,0.42,1.0
N1,0,202604,Low,0.09859442417042183,0.42857142857142855,1.0
N1,0,202604,Low,0.10597062110900879,0.4666666666666667,1.0
N1,0,202604,Low,0.10677486419435894,0.4772727272727273,1.0
N1,0,202604,Low,0.1100407855218766,0.4883720930232558,1.0
N1,0,202604,Low,0.12638944387435913,0.5121951219512195,1.0
N1,0,202604,Low,0.1543910468878363,0.525,1.0
N1,0,202604,Low,0.16012388109883932,0.5384615384615384,1.0
N1,0,202604,Low,0.1632183802367626,0.5526315789473685,1.0
N1,0,202604,Low,0.16322743406214016,0.6,1.0
N1,0,202604,Low,0.16453426953752137,0.6176470588235294,1.0
N1,0,202604,Low,0.25400411609552587,0.6363636363636364,1.0
N1,0,202604,Low,0.2911599863649905,0.65625,1.0
N1,0,202604,Low,0.312118643087698,0.6774193548387096,1.0
N1,0,202604,Low,0.32066041947887286,0.7407407407407407,0.9523809523809523
N1,0,202604,Low,0.34530586518803036,0.76,0.9047619047619048
N1,0,202604,Low,0.39098454686953266,0.75,0.8571428571428571
N1,0,202604,Low,0.43999779552219653,0.782608695652174,0.8571428571428571
N1,0,202604,Low,0.5392754673957825,0.8181818181818182,0.8571428571428571
N1,0,202604,Low,0.5950018023419689,0.8421052631578947,0.7619047619047619
N1,0,202604,Low,0.6357017112098506,0.8888888888888888,0.7619047619047619
N1,0,202604,Low,0.7952365242166607,0.8666666666666667,0.6190476190476191
N1,0,202604,Low,0.8273722129855225,0.9230769230769231,0.5714285714285714
N1,0,202604,Low,0.9350521745794828,1.0,0.5238095238095238
N1,0,202604,Low,0.9493108962389931,1.0,0.47619047619047616
N1,0,202604,Low,0.956113051021495,1.0,0.38095238095238093
N1,0,202604,Low,0.9780440389142917,1.0,0.3333333333333333
N1,0,202604,Low,0.9787850395041636,1.0,0.2857142857142857
N1,0,202604,Low,0.9821995875258613,1.0,0.23809523809523808
N1,0,202604,Low,0.9901018378549693,1.0,0.14285714285714285
N1,0,202604,Low,0.9953059472267652,1.0,0.047619047619047616
N1,0,202604,Low,1.0,1.0,0.0
N1,0,202604,Medium,0.004625903404468621,0.484375,1.0
N1,0,202604,Medium,0.009753713960755197,0.49206349206349204,1.0
N1,0,202604,Medium,0.017538584380327297,0.5081967213114754,1.0
N1,0,202604,Medium,0.02090183462446431,0.5254237288135594,1.0
N1,0,202604,Medium,0.021631656344285037,0.5344827586206896,1.0
N1,0,202604,Medium,0.04322406427932434,0.543859649122807,1.0
N1,0,202604,Medium,0.04365718364715576,0.5535714285714286,1.0
N1,0,202604,Medium,0.04814910888671875,0.5636363636363636,1.0
N1,0,202604,Medium,0.0489729642868042,0.5740740740740741,1.0
N1,0,202604,Medium,0.04991807402715603,0.5961538461538461,1.0
N1,0,202604,Medium,0.05872398614883423,0.62,1.0
N1,0,202604,Medium,0.06394507452344134,0.6458333333333334,1.0
N1,0,202604,Medium,0.10283339023590088,0.6595744680851063,1.0
N1,0,202604,Medium,0.1369306445121765,0.7045454545454546,1.0
N1,0,202604,Medium,0.16962169513604905,0.7209302325581395,1.0
N1,0,202604,Medium,0.20105630065753916,0.7317073170731707,0.967741935483871
N1,0,202604,Medium,0.2019384503364563,0.7435897435897436,0.9354838709677419
N1,0,202604,Medium,0.35608491036232626,0.7631578947368421,0.9354838709677419
N1,0,202604,Medium,0.3897443413734436,0.8285714285714286,0.9354838709677419
N1,0,202604,Medium,0.3952576422349562,0.8529411764705882,0.9354838709677419
N1,0,202604,Medium,0.4485289752483368,0.8484848484848485,0.9032258064516129
N1,0,202604,Medium,0.5419419448222365,0.9,0.8709677419354839
N1,0,202604,Medium,0.5870013411939544,0.896551724137931,0.8387096774193549
N1,0,202604,Medium,0.6280258391503369,0.8928571428571429,0.8064516129032258
N1,0,202604,Medium,0.6496335413225042,0.9259259259259259,0.8064516129032258
N1,0,202604,Medium,0.65701554859584,0.96,0.7741935483870968
N1,0,202604,Medium,0.6748540376318468,1.0,0.6774193548387096
N1,0,202604,Medium,0.7052819001435879,1.0,0.6451612903225806
N1,0,202604,Medium,0.7630015839040751,1.0,0.6129032258064516
N1,0,202604,Medium,0.7671030702657768,1.0,0.5483870967741935
N1,0,202604,Medium,0.7677999506056323,1.0,0.5161290322580645
N1,0,202604,Medium,0.7678047475800271,1.0,0.4838709677419355
N1,0,202604,Medium,0.7694184608142421,1.0,0.3870967741935484
N1,0,202604,Medium,0.7722647613525816,1.0,0.3548387096774194
N1,0,202604,Medium,0.782795250415802,1.0,0.3225806451612903
N1,0,202604,Medium,0.7839424785362739,1.0,0.2903225806451613
N1,0,202604,Medium,0.7847044234065883,1.0,0.25806451612903225
N1,0,202604,Medium,0.7853157041268901,1.0,0.12903225806451613
N1,0,202604,Medium,0.7853605151176453,1.0,0.06451612903225806
N1,0,202604,Medium,0.7853729549339499,1.0,0.03225806451612903
N1,0,202604,Medium,1.0,1.0,0.0
N1,0,202604,High,6.814936876610745e-05,0.1875,1.0
N1,0,202604,High,0.0001444481842755273,0.19047619047619047,1.0
N1,0,202604,High,0.00026182809381131145,0.19672131147540983,1.0
N1,0,202604,High,0.00031312587137205034,0.2033898305084746,1.0
N1,0,202604,High,0.00032430474142330863,0.20689655172413793,1.0
N1,0,202604,High,0.0006628846991806396,0.21052631578947367,1.0
N1,0,202604,High,0.0007710297338508903,0.21428571428571427,1.0
N1,0,202604,High,0.0010027508970759703,0.2222222222222222,1.0
N1,0,202604,High,0.003006091878428443,0.22641509433962265,1.0
N1,0,202604,High,0.003707175125800189,0.23529411764705882,1.0
N1,0,202604,High,0.008213378427823048,0.24489795918367346,1.0
N1,0,202604,High,0.009740555423074922,0.2608695652173913,1.0
N1,0,202604,High,0.012195557355880737,0.26666666666666666,1.0
N1,0,202604,High,0.018060259655566957,0.2857142857142857,1.0
N1,0,202604,High,0.022014111936512946,0.2926829268292683,1.0
N1,0,202604,High,0.026668295661632653,0.3,1.0
N1,0,202604,High,0.029706039198622983,0.3076923076923077,1.0
N1,0,202604,High,0.030865808316461945,0.32432432432432434,1.0
N1,0,202604,High,0.03398597600316265,0.36363636363636365,1.0
N1,0,202604,High,0.040713983760886197,0.375,1.0
N1,0,202604,High,0.06836266019670173,0.3870967741935484,1.0
N1,0,202604,High,0.06897261533222748,0.4,1.0
N1,0,202604,High,0.06897687218321019,0.41379310344827586,1.0
N1,0,202604,High,0.07045765808691849,0.46153846153846156,1.0
N1,0,202604,High,0.07334419175958205,0.48,1.0
N1,0,202604,High,0.09081530570983887,0.5,1.0
N1,0,202604,High,0.10464351035123334,0.5217391304347826,1.0
N1,0,202604,High,0.10785218087169124,0.5714285714285714,1.0
N1,0,202604,High,0.10866886377334595,0.6,1.0
N1,0,202604,High,0.11670115242298983,0.631578947368421,1.0
N1,0,202604,High,0.12126896801447051,0.8,1.0
N1,0,202604,High,0.17192391073477004,0.8571428571428571,1.0
N1,0,202604,High,0.6007428169250488,1.0,1.0
N1,0,202604,High,0.7943338751792908,1.0,0.9166666666666666
N1,0,202604,High,0.8607366681098938,1.0,0.8333333333333334
N1,0,202604,High,0.8954827785491943,1.0,0.75
N1,0,202604,High,0.9403603672981262,1.0,0.5
N1,0,202604,High,0.9502713680267334,1.0,0.3333333333333333
N1,0,202604,High,0.9511086344718933,1.0,0.16666666666666666
N1,0,202604,High,0.9556729793548584,1.0,0.08333333333333333
N1,0,202604,High,1.0,1.0,0.0
N1,1,202604,Low,0.00031065940856933594,0.3333333333333333,1.0
N1,1,202604,Low,0.0003129243850708008,0.3387096774193548,1.0
N1,1,202604,Low,0.0005459189414978027,0.3442622950819672,1.0
N1,1,202604,Low,0.0007384419441223145,0.35,1.0
N1,1,202604,Low,0.0010178685188293457,0.3559322033898305,1.0
N1,1,202604,Low,0.0010294914245605469,0.3620689655172414,1.0
N1,1,202604,Low,0.002100229263305664,0.3684210526315789,1.0
N1,1,202604,Low,0.0030851364135742188,0.375,1.0
N1,1,202604,Low,0.0046100616455078125,0.38181818181818183,1.0
N1,1,202604,Low,0.005804955959320068,0.3888888888888889,1.0
N1,1,202604,Low,0.008558988571166992,0.4117647058823529,1.0
N1,1,202604,Low,0.012727320194244385,0.42,1.0
N1,1,202604,Low,0.01720196008682251,0.4375,1.0
N1,1,202604,Low,0.018934667674740186,0.44680851063829785,1.0
N1,1,202604,Low,0.019250214099884033,0.4666666666666667,1.0
N1,1,202604,Low,0.019255160711551884,0.4772727272727273,1.0
N1,1,202604,Low,0.02845555459095375,0.4883720930232558,1.0
N1,1,202604,Low,0.04241830110549927,0.5121951219512195,1.0
N1,1,202604,Low,0.04370021950305163,0.5384615384615384,1.0
N1,1,202604,Low,0.05027484968714192,0.5526315789473685,1.0
N1,1,202604,Low,0.07086086378784275,0.5675675675675675,1.0
N1,1,202604,Low,0.11706745886208397,0.5833333333333334,1.0
N1,1,202604,Low,0.13505989212498148,0.6,1.0
N1,1,202604,Low,0.22352766491038356,0.6176470588235294,1.0
N1,1,202604,Low,0.27660745485353266,0.65625,1.0
N1,1,202604,Low,0.33482540402171174,0.7777777777777778,1.0
N1,1,202604,Low,0.4574658274650574,0.8076923076923077,1.0
N1,1,202604,Low,0.4986405335468014,0.875,1.0
N1,1,202604,Low,0.5622601598113987,0.8571428571428571,0.8571428571428571
N1,1,202604,Low,0.7160735313706306,0.8947368421052632,0.8095238095238095
N1,1,202604,Low,0.7342279875938599,0.9375,0.7142857142857143
N1,1,202604,Low,0.7601703689922613,0.9333333333333333,0.6666666666666666
N1,1,202604,Low,0.7966556263424068,0.9230769230769231,0.5714285714285714
N1,1,202604,Low,0.8975932821118271,1.0,0.47619047619047616
N1,1,202604,Low,0.9112384429630821,1.0,0.42857142857142855
N1,1,202604,Low,0.9193177890957207,1.0,0.2857142857142857
N1,1,202604,Low,0.9530921142356004,1.0,0.14285714285714285
N1,1,202604,Low,0.9589289891121885,1.0,0.09523809523809523
N1,1,202604,Low,0.9958793322170313,1.0,0.047619047619047616
N1,1,202604,Low,1.0,1.0,0.0
N1,1,202604,Medium,0.004049749964117188,0.47619047619047616,1.0
N1,1,202604,Medium,0.017496764659881592,0.4838709677419355,1.0
N1,1,202604,Medium,0.017623543739318848,0.4918032786885246,1.0
N1,1,202604,Medium,0.030339300632476807,0.5,1.0
N1,1,202604,Medium,0.0403374167205981,0.5084745762711864,1.0
N1,1,202604,Medium,0.040592074394226074,0.5172413793103449,1.0
N1,1,202604,Medium,0.04606499684700466,0.5263157894736842,1.0
N1,1,202604,Medium,0.05509042739868164,0.5357142857142857,1.0
N1,1,202604,Medium,0.055684447288513184,0.5454545454545454,1.0
N1,1,202604,Medium,0.07918015929230846,0.5555555555555556,1.0
N1,1,202604,Medium,0.0870947177822062,0.5882352941176471,1.0
N1,1,202604,Medium,0.10045495956875145,0.625,1.0
N1,1,202604,Medium,0.10725736618041992,0.6382978723404256,1.0
N1,1,202604,Medium,0.14985066652297974,0.6521739130434783,1.0
N1,1,202604,Medium,0.19898834111071087,0.6666666666666666,1.0
N1,1,202604,Medium,0.20811247825622559,0.6904761904761905,0.9666666666666667
N1,1,202604,Medium,0.23445095651238962,0.7073170731707317,0.9666666666666667
N1,1,202604,Medium,0.24828732013702393,0.7435897435897436,0.9666666666666667
N1,1,202604,Medium,0.2596058152762869,0.75,0.9
N1,1,202604,Medium,0.2771760296284601,0.7714285714285715,0.9
N1,1,202604,Medium,0.32639479637145996,0.8125,0.8666666666666667
N1,1,202604,Medium,0.416528582572937,0.8064516129032258,0.8333333333333334
N1,1,202604,Medium,0.42457101421217175,0.7931034482758621,0.7666666666666667
N1,1,202604,Medium,0.48441740509556674,0.8148148148148148,0.7333333333333333
N1,1,202604,Medium,0.488029420375824,0.9166666666666666,0.7333333333333333
N1,1,202604,Medium,0.5106966647713382,0.9565217391304348,0.7333333333333333
N1,1,202604,Medium,0.514576256275177,0.9523809523809523,0.6666666666666666
N1,1,202604,Medium,0.514635785977966,1.0,0.6666666666666666
N1,1,202604,Medium,0.5226112008094788,1.0,0.6333333333333333
N1,1,202604,Medium,0.6023709594496799,1.0,0.5666666666666667
N1,1,202604,Medium,0.632243945425241,1.0,0.5
N1,1,202604,Medium,0.6785914897918701,1.0,0.4666666666666667
N1,1,202604,Medium,0.6804891850072488,1.0,0.4
N1,1,202604,Medium,0.683524748191975,1.0,0.23333333333333334
N1,1,202604,Medium,0.705127905385612,1.0,0.2
N1,1,202604,Medium,0.7202767568764815,1.0,0.16666666666666666
N1,1,202604,Medium,0.7456324211602273,1.0,0.1
N1,1,202604,Medium,0.7660274448541742,1.0,0.06666666666666667
N1,1,202604,Medium,0.7684558801752898,1.0,0.03333333333333333
N1,1,202604,Medium,1.0,1.0,0.0
N1,1,202604,High,7.091781885153921e-05,0.19047619047619047,1.0
N1,1,202604,High,0.0007335941672134083,0.1935483870967742,1.0
N1,1,202604,High,0.00084288891739499,0.19672131147540983,1.0
N1,1,202604,High,0.0015020516119708142,0.2,1.0
N1,1,202604,High,0.001666839254711671,0.21052631578947367,1.0
N1,1,202604,High,0.001951758319421471,0.2222222222222222,1.0
N1,1,202604,High,0.004356032546882282,0.22641509433962265,1.0
N1,1,202604,High,0.0053786744953490066,0.24,1.0
N1,1,202604,High,0.006166197129853177,0.25,1.0
N1,1,202604,High,0.006750439000909284,0.2553191489361702,1.0
N1,1,202604,High,0.013168825976429545,0.2727272727272727,1.0
N1,1,202604,High,0.01694206135763182,0.2857142857142857,1.0
N1,1,202604,High,0.019922971725463867,0.3076923076923077,1.0
N1,1,202604,High,0.032930650553047294,0.32432432432432434,1.0
N1,1,202604,High,0.04290336013921857,0.3333333333333333,1.0
N1,1,202604,High,0.056195578213134895,0.3870967741935484,1.0
N1,1,202604,High,0.09891266302084428,0.41379310344827586,1.0
N1,1,202604,High,0.11447666096262621,0.42857142857142855,1.0
N1,1,202604,High,0.18350671505192986,0.4444444444444444,1.0
N1,1,202604,High,0.24459724492724605,0.46153846153846156,1.0
N1,1,202604,High,0.27277503230497335,0.48,1.0
N1,1,202604,High,0.2789902091026306,0.5,1.0
N1,1,202604,High,0.3691734859593664,0.5454545454545454,1.0
N1,1,202604,High,0.4661090533104821,0.6,1.0
N1,1,202604,High,0.46617352962493896,0.631578947368421,1.0
N1,1,202604,High,0.4703686675539216,0.6111111111111112,0.9166666666666666
N1,1,202604,High,0.4947686195373535,0.6875,0.9166666666666666
N1,1,202604,High,0.5707440972328186,0.6666666666666666,0.8333333333333334
N1,1,202604,High,0.665046215057373,0.7692307692307693,0.8333333333333334
N1,1,202604,High,0.745907723903656,0.8333333333333334,0.8333333333333334
N1,1,202604,High,0.7872774600982666,1.0,0.75
N1,1,202604,High,0.847064197063446,1.0,0.6666666666666666
N1,1,202604,High,0.8906424045562744,1.0,0.5833333333333334
N1,1,202604,High,0.9432860612869263,1.0,0.5
N1,1,202604,High,0.943891704082489,1.0,0.4166666666666667
N1,1,202604,High,0.9586694836616516,1.0,0.3333333333333333
N1,1,202604,High,0.9691147804260254,1.0,0.25
N1,1,202604,High,0.9820635318756104,1.0,0.16666666666666666
N1,1,202604,High,0.9821925759315491,1.0,0.08333333333333333
N1,1,202604,High,1.0,1.0,0.0
N1,2,202604,Low,0.0022863149642944336,0.3333333333333333,1.0
N1,2,202604,Low,0.003644704818725586,0.3387096774193548,1.0
N1,2,202604,Low,0.0038327574729919434,0.3442622950819672,1.0
N1,2,202604,Low,0.004559636116027832,0.35,1.0
N1,2,202604,Low,0.0057220458984375,0.3559322033898305,1.0
N1,2,202604,Low,0.005859553813934326,0.3620689655172414,1.0
N1,2,202604,Low,0.006691575050354004,0.3684210526315789,1.0
N1,2,202604,Low,0.007992029190063477,0.375,1.0
N1,2,202604,Low,0.009076416492462158,0.3888888888888889,1.0
N1,2,202604,Low,0.013983309268951416,0.39622641509433965,1.0
N1,2,202604,Low,0.015949547290802002,0.40384615384615385,1.0
N1,2,202604,Low,0.018185198307037354,0.4117647058823529,1.0
N1,2,202604,Low,0.02366429567337036,0.42,1.0
N1,2,202604,Low,0.026971638202667236,0.42857142857142855,1.0
N1,2,202604,Low,0.030614198166555112,0.4375,1.0
N1,2,202604,Low,0.03470462457225845,0.45652173913043476,1.0
N1,2,202604,Low,0.04437512159347534,0.4772727272727273,1.0
N1,2,202604,Low,0.050022007525623066,0.5,1.0
N1,2,202604,Low,0.05407482385635376,0.5121951219512195,1.0
N1,2,202604,Low,0.060866713523864746,0.525,1.0
N1,2,202604,Low,0.06835150718688965,0.5384615384615384,1.0
N1,2,202604,Low,0.07655310858944382,0.5675675675675675,1.0
N1,2,202604,Low,0.08548563591412252,0.6,1.0
N1,2,202604,Low,0.09515059277864077,0.6363636363636364,1.0
N1,2,202604,Low,0.1347477991954148,0.65625,1.0
N1,2,202604,Low,0.1631311190361613,0.6774193548387096,1.0
N1,2,202604,Low,0.17836772863961076,0.7777777777777778,1.0
N1,2,202604,Low,0.31371759900871515,0.8,0.9523809523809523
N1,2,202604,Low,0.3337362979819156,0.7916666666666666,0.9047619047619048
N1,2,202604,Low,0.3533854510887373,0.782608695652174,0.8571428571428571
N1,2,202604,Low,0.3672590947554024,0.8181818181818182,0.8571428571428571
N1,2,202604,Low,0.4916989858265853,0.8571428571428571,0.8571428571428571
N1,2,202604,Low,0.5109326829930159,0.8947368421052632,0.8095238095238095
N1,2,202604,Low,0.5141661791922497,1.0,0.7142857142857143
N1,2,202604,Low,0.6547073192911042,1.0,0.6190476190476191
N1,2,202604,Low,0.6695929119766286,1.0,0.5714285714285714
N1,2,202604,Low,0.6736905800665317,1.0,0.5238095238095238
N1,2,202604,Low,0.6912180401553731,1.0,0.47619047619047616
N1,2,202604,Low,0.6949085042480002,1.0,0.38095238095238093
N1,2,202604,Low,0.8111705923566979,1.0,0.3333333333333333
N1,2,202604,Low,0.8890238387714627,1.0,0.2857142857142857
N1,2,202604,Low,0.929997371772806,1.0,0.23809523809523808
N1,2,202604,Low,0.9921209749073479,1.0,0.19047619047619047
N1,2,202604,Low,0.9926569056306392,1.0,0.14285714285714285
N1,2,202604,Low,0.9935681500746142,1.0,0.047619047619047616
N1,2,202604,Low,1.0,1.0,0.0
N1,2,202604,Medium,0.006263962655728224,0.49206349206349204,1.0
N1,2,202604,Medium,0.007151249933413035,0.5,1.0
N1,2,202604,Medium,0.007673070717237251,0.5166666666666667,1.0
N1,2,202604,Medium,0.06805395986531311,0.5254237288135594,1.0
N1,2,202604,Medium,0.07888549566268921,0.5344827586206896,1.0
N1,2,202604,Medium,0.10774867216544473,0.543859649122807,1.0
N1,2,202604,Medium,0.11995047330856323,0.5535714285714286,1.0
N1,2,202604,Medium,0.12533599138259888,0.5636363636363636,1.0
N1,2,202604,Medium,0.1455250382423401,0.5740740740740741,1.0
N1,2,202604,Medium,0.17585766315460205,0.5849056603773585,1.0
N1,2,202604,Medium,0.1792975664138794,0.5961538461538461,1.0
N1,2,202604,Medium,0.1828274163172775,0.6078431372549019,1.0
N1,2,202604,Medium,0.19947439432144165,0.62,1.0
N1,2,202604,Medium,0.2289934754371643,0.6326530612244898,1.0
N1,2,202604,Medium,0.251889705657959,0.6382978723404256,0.967741935483871
N1,2,202604,Medium,0.2938315291486873,0.6521739130434783,0.967741935483871
N1,2,202604,Medium,0.2973272041023662,0.6666666666666666,0.967741935483871
N1,2,202604,Medium,0.3139014965666567,0.6976744186046512,0.967741935483871
N1,2,202604,Medium,0.3177694058584466,0.7142857142857143,0.967741935483871
N1,2,202604,Medium,0.33179709655211126,0.7317073170731707,0.967741935483871
N1,2,202604,Medium,0.3394917845726013,0.75,0.967741935483871
N1,2,202604,Medium,0.36861032247543335,0.7692307692307693,0.967741935483871
N1,2,202604,Medium,0.39840489625930786,0.7631578947368421,0.9354838709677419
N1,2,202604,Medium,0.45938432216644287,0.7567567567567568,0.9032258064516129
N1,2,202604,Medium,0.46191054840708456,0.75,0.8709677419354839
N1,2,202604,Medium,0.46483996423922486,0.7941176470588235,0.8709677419354839
N1,2,202604,Medium,0.48218650164663607,0.8333333333333334,0.8064516129032258
N1,2,202604,Medium,0.48961758613586426,0.8571428571428571,0.7741935483870968
N1,2,202604,Medium,0.5184300100335482,0.8888888888888888,0.7741935483870968
N1,2,202604,Medium,0.5461906031909405,0.88,0.7096774193548387
N1,2,202604,Medium,0.5899630938833269,0.8695652173913043,0.6451612903225806
N1,2,202604,Medium,0.5972267389297485,0.8636363636363636,0.6129032258064516
N1,2,202604,Medium,0.6013028070427686,0.85,0.5483870967741935
N1,2,202604,Medium,0.6170293046755395,0.8421052631578947,0.5161290322580645
N1,2,202604,Medium,0.619944590924519,0.8888888888888888,0.5161290322580645
N1,2,202604,Medium,0.632585814109656,0.8823529411764706,0.4838709677419355
N1,2,202604,Medium,0.6338027715682983,0.9375,0.4838709677419355
N1,2,202604,Medium,0.653306245803833,0.9333333333333333,0.45161290322580644
N1,2,202604,Medium,0.6704438328742981,0.9285714285714286,0.41935483870967744
N1,2,202604,Medium,0.6851213182545101,0.9166666666666666,0.3548387096774194
N1,2,202604,Medium,0.6972983971640706,0.9,0.2903225806451613
N1,2,202604,Medium,0.7069860907490877,0.875,0.22580645161290322
N1,2,202604,Medium,0.7149001146882739,0.8571428571428571,0.1935483870967742
N1,2,202604,Medium,0.7194285446362834,1.0,0.16129032258064516
N1,2,202604,Medium,0.7224726461627291,1.0,0.03225806451612903
N1,2,202604,Medium,1.0,1.0,0.0
N1,2,202604,High,0.00016788726965757264,0.1746031746031746,1.0
N1,2,202604,High,0.0001918444359477553,0.1774193548387097,1.0
N1,2,202604,High,0.00020595437541484626,0.18333333333333332,1.0
N1,2,202604,High,0.0019486683618809484,0.1864406779661017,1.0
N1,2,202604,High,0.0032274890630925278,0.1896551724137931,1.0
N1,2,202604,High,0.006001991326024602,0.19298245614035087,1.0
N1,2,202604,High,0.011259966603312424,0.19642857142857142,1.0
N1,2,202604,High,0.011454755742260637,0.2,1.0
N1,2,202604,High,0.012407923366811612,0.20754716981132076,1.0
N1,2,202604,High,0.012637682164924724,0.21153846153846154,1.0
N1,2,202604,High,0.013495584156784625,0.21568627450980393,1.0
N1,2,202604,High,0.023923272400665687,0.22,1.0
N1,2,202604,High,0.024227352767759277,0.22916666666666666,1.0
N1,2,202604,High,0.026114512526778644,0.25,1.0
N1,2,202604,High,0.04277781136127069,0.2619047619047619,1.0
N1,2,202604,High,0.045311741868494015,0.2682926829268293,1.0
N1,2,202604,High,0.04923439734254481,0.275,1.0
N1,2,202604,High,0.05369658688162883,0.28205128205128205,1.0
N1,2,202604,High,0.10673215667211543,0.2894736842105263,1.0
N1,2,202604,High,0.1174403363275553,0.3055555555555556,1.0
N1,2,202604,High,0.14277955464185613,0.34375,1.0
N1,2,202604,High,0.19786331647227157,0.3548387096774194,1.0
N1,2,202604,High,0.21721596692180684,0.36666666666666664,1.0
N1,2,202604,High,0.23832557315604608,0.39285714285714285,1.0
N1,2,202604,High,0.26120465993881226,0.4230769230769231,1.0
N1,2,202604,High,0.28582704067230225,0.4583333333333333,1.0
N1,2,202604,High,0.3121224045753479,0.4782608695652174,1.0
N1,2,202604,High,0.3300334015498579,0.5,1.0
N1,2,202604,High,0.3583981394767761,0.5238095238095238,1.0
N1,2,202604,High,0.41910477223680104,0.5789473684210527,1.0
N1,2,202604,High,0.4509557917998967,0.6470588235294118,1.0
N1,2,202604,High,0.4834107756614685,0.7333333333333333,1.0
N1,2,202604,High,0.5169513821601868,0.7142857142857143,0.9090909090909091
N1,2,202604,High,0.5834099054336548,0.7692307692307693,0.9090909090909091
N1,2,202604,High,0.6154401302337646,0.8333333333333334,0.9090909090909091
N1,2,202604,High,0.6465249061584473,0.9090909090909091,0.9090909090909091
N1,2,202604,High,0.7390338778495789,0.9,0.8181818181818182
N1,2,202604,High,0.7630144953727722,0.8888888888888888,0.7272727272727273
N1,2,202604,High,0.7938340306282043,1.0,0.6363636363636364
N1,2,202604,High,0.8148428797721863,1.0,0.5454545454545454
N1,2,202604,High,0.8184202909469604,1.0,0.45454545454545453
N1,2,202604,High,0.8499153256416321,1.0,0.36363636363636365
N1,2,202604,High,0.8708312511444092,1.0,0.2727272727272727
N1,2,202604,High,0.8764048218727112,1.0,0.18181818181818182
N1,2,202604,High,0.9188281893730164,1.0,0.09090909090909091
N1,2,202604,High,1.0,1.0,0.0
N1,3,202604,Low,0.022421956062316895,0.3333333333333333,1.0
N1,3,202604,Low,0.026252686977386475,0.3387096774193548,1.0
N1,3,202604,Low,0.030763089656829834,0.3442622950819672,1.0
N1,3,202604,Low,0.036063551902770996,0.3559322033898305,1.0
N1,3,202604,Low,0.04227644205093384,0.375,1.0
N1,3,202604,Low,0.06685632467269897,0.3888888888888889,1.0
N1,3,202604,Low,0.07822316884994507,0.40384615384615385,1.0
N1,3,202604,Low,0.09139472246170044,0.4117647058823529,1.0
N1,3,202604,Low,0.10668706893920898,0.42,1.0
N1,3,202604,Low,0.12410479414150732,0.4375,1.0
N1,3,202604,Low,0.14376497268676758,0.45652173913043476,1.0
N1,3,202604,Low,0.1461983323097229,0.4666666666666667,1.0
N1,3,202604,Low,0.16573423641128052,0.4772727272727273,1.0
N1,3,202604,Low,0.16904359552134288,0.5,1.0
N1,3,202604,Low,0.19439560174942017,0.5121951219512195,1.0
N1,3,202604,Low,0.2221868005069077,0.525,1.0
N1,3,202604,Low,0.2522526420988536,0.5526315789473685,1.0
N1,3,202604,Low,0.26031315714587505,0.5675675675675675,1.0
N1,3,202604,Low,0.2940431920898912,0.5833333333333334,1.0
N1,3,202604,Low,0.3295635531907744,0.6176470588235294,1.0
N1,3,202604,Low,0.36639166151278957,0.65625,1.0
N1,3,202604,Low,0.3804045234530153,0.6774193548387096,1.0
N1,3,202604,Low,0.4197934207350996,0.7,1.0
N1,3,202604,Low,0.4417523741722107,0.7241379310344828,1.0
N1,3,202604,Low,0.5363157787801408,0.75,1.0
N1,3,202604,Low,0.5727152824401855,0.7777777777777778,1.0
N1,3,202604,Low,0.5940832143087512,0.84,1.0
N1,3,202604,Low,0.6293692401239502,0.875,1.0
N1,3,202604,Low,0.6621955859179282,0.8695652173913043,0.9523809523809523
N1,3,202604,Low,0.6923978019178896,0.8636363636363636,0.9047619047619048
N1,3,202604,Low,0.7199183796335545,1.0,0.9047619047619048
N1,3,202604,Low,0.7414789434618169,1.0,0.8571428571428571
N1,3,202604,Low,0.766230933682705,1.0,0.8095238095238095
N1,3,202604,Low,0.8079065289244619,1.0,0.7619047619047619
N1,3,202604,Low,0.8404059355306983,1.0,0.7142857142857143
N1,3,202604,Low,0.8431449516804052,1.0,0.6666666666666666
N1,3,202604,Low,0.8578767792468458,1.0,0.6190476190476191
N1,3,202604,Low,0.9131593269761905,1.0,0.5714285714285714
N1,3,202604,Low,0.9200766464118338,1.0,0.42857142857142855
N1,3,202604,Low,0.9410231525437104,1.0,0.38095238095238093
N1,3,202604,Low,0.9451910340965863,1.0,0.3333333333333333
N1,3,202604,Low,0.9487681340256475,1.0,0.19047619047619047
N1,3,202604,Low,0.9591691882343184,1.0,0.14285714285714285
N1,3,202604,Low,0.9878702182096806,1.0,0.09523809523809523
N1,3,202604,Low,0.9882789198964149,1.0,0.047619047619047616
N1,3,202604,Low,1.0,1.0,0.0
N1,3,202604,Medium,0.010800174377112606,0.49206349206349204,1.0
N1,3,202604,Medium,0.011176401770070944,0.5,1.0
N1,3,202604,Medium,0.037533304772666344,0.5081967213114754,1.0
N1,3,202604,Medium,0.04705271100738094,0.5166666666666667,1.0
N1,3,202604,Medium,0.050322477219685476,0.5254237288135594,1.0
N1,3,202604,Medium,0.05412956593863583,0.5535714285714286,1.0
N1,3,202604,Medium,0.07321748708649918,0.5636363636363636,1.0
N1,3,202604,Medium,0.07950388780848483,0.5740740740740741,1.0
N1,3,202604,Medium,0.1294112952973904,0.6078431372549019,1.0
N1,3,202604,Medium,0.14260260734222344,0.62,1.0
N1,3,202604,Medium,0.14504979456276768,0.6326530612244898,1.0
N1,3,202604,Medium,0.17394973985349158,0.6458333333333334,1.0
N1,3,202604,Medium,0.20544761419296265,0.6595744680851063,1.0
N1,3,202604,Medium,0.21060700518445108,0.6739130434782609,1.0
N1,3,202604,Medium,0.2312999963760376,0.6888888888888889,1.0
N1,3,202604,Medium,0.23213874538682153,0.7045454545454546,1.0
N1,3,202604,Medium,0.2507327231674065,0.7209302325581395,1.0
N1,3,202604,Medium,0.25920534133911133,0.7380952380952381,1.0
N1,3,202604,Medium,0.2742273684936448,0.775,1.0
N1,3,202604,Medium,0.2888926863670349,0.7567567567567568,0.9032258064516129
N1,3,202604,Medium,0.29966969603655697,0.8235294117647058,0.9032258064516129
N1,3,202604,Medium,0.31995922327041626,0.8484848484848485,0.9032258064516129
N1,3,202604,Medium,0.32686566332382966,0.9032258064516129,0.9032258064516129
N1,3,202604,Medium,0.35549174215797025,0.9333333333333333,0.9032258064516129
N1,3,202604,Medium,0.3724788725376129,0.9310344827586207,0.8709677419354839
N1,3,202604,Medium,0.40072117743189717,0.9259259259259259,0.8064516129032258
N1,3,202604,Medium,0.4128154516220093,0.9230769230769231,0.7741935483870968
N1,3,202604,Medium,0.443742036819458,0.9583333333333334,0.7419354838709677
N1,3,202604,Medium,0.4688166379928589,1.0,0.7419354838709677
N1,3,202604,Medium,0.47273340821266174,1.0,0.7096774193548387
N1,3,202604,Medium,0.4832085299013774,1.0,0.6774193548387096
N1,3,202604,Medium,0.49909546971321106,1.0,0.6451612903225806
N1,3,202604,Medium,0.5072320586316572,1.0,0.5806451612903226
N1,3,202604,Medium,0.5151308217281909,1.0,0.5483870967741935
N1,3,202604,Medium,0.5216739022232919,1.0,0.5161290322580645
N1,3,202604,Medium,0.5339159885955455,1.0,0.45161290322580644
N1,3,202604,Medium,0.5398187637329102,1.0,0.3870967741935484
N1,3,202604,Medium,0.5416160821914673,1.0,0.3548387096774194
N1,3,202604,Medium,0.5487060710402152,1.0,0.3225806451612903
N1,3,202604,Medium,0.5530600712615272,1.0,0.25806451612903225
N1,3,202604,Medium,0.5545253588400674,1.0,0.1935483870967742
N1,3,202604,Medium,0.5587945663749362,1.0,0.16129032258064516
N1,3,202604,Medium,0.5605038487986304,1.0,0.12903225806451613
N1,3,202604,Medium,0.5619887709617615,1.0,0.0967741935483871
N1,3,202604,Medium,0.5639320527921311,1.0,0.06451612903225806
N1,3,202604,Medium,1.0,1.0,0.0
N1,3,202604,High,0.0009209057264724426,0.1746031746031746,1.0
N1,3,202604,High,0.0009533800202484802,0.1774193548387097,1.0
N1,3,202604,High,0.0032975069930152616,0.18032786885245902,1.0
N1,3,202604,High,0.004179154966971509,0.18333333333333332,1.0
N1,3,202604,High,0.004486488683728168,0.1864406779661017,1.0
N1,3,202604,High,0.004847281517653808,0.19642857142857142,1.0
N1,3,202604,High,0.006705866501666982,0.2,1.0
N1,3,202604,High,0.007336785215324647,0.2037037037037037,1.0
N1,3,202604,High,0.012711925455763797,0.21568627450980393,1.0
N1,3,202604,High,0.014252440977371408,0.22,1.0
N1,3,202604,High,0.014544269906533985,0.22448979591836735,1.0
N1,3,202604,High,0.018143731222046516,0.22916666666666666,1.0
N1,3,202604,High,0.02316206113284397,0.23404255319148937,1.0
N1,3,202604,High,0.026382311151361634,0.2391304347826087,1.0
N1,3,202604,High,0.029348897199038937,0.24444444444444444,1.0
N1,3,202604,High,0.03337482958846556,0.25,1.0
N1,3,202604,High,0.03813471804551493,0.2682926829268293,1.0
N1,3,202604,High,0.04376509655222009,0.275,1.0
N1,3,202604,High,0.05042504353327855,0.28205128205128205,1.0
N1,3,202604,High,0.05480584502220154,0.2894736842105263,1.0
N1,3,202604,High,0.06296304378796205,0.3055555555555556,1.0
N1,3,202604,High,0.08943098783493042,0.3142857142857143,1.0
N1,3,202604,High,0.09699804936352299,0.3235294117647059,1.0
N1,3,202604,High,0.11236341791532745,0.3333333333333333,1.0
N1,3,202604,High,0.11847751675901946,0.34375,1.0
N1,3,202604,High,0.1365204582136801,0.3548387096774194,1.0
N1,3,202604,High,0.15725073686989358,0.3793103448275862,1.0
N1,3,202604,High,0.18089227647918873,0.4074074074074074,1.0
N1,3,202604,High,0.187243509102516,0.4230769230769231,1.0
N1,3,202604,High,0.2138811467009612,0.44,1.0
N1,3,202604,High,0.24361562728881836,0.4782608695652174,1.0
N1,3,202604,High,0.27643104563858967,0.5,1.0
N1,3,202604,High,0.28120569232719217,0.5238095238095238,1.0
N1,3,202604,High,0.3121855854988098,0.5789473684210527,1.0
N1,3,202604,High,0.31641626358032227,0.6111111111111112,1.0
N1,3,202604,High,0.35422130363520077,0.6470588235294118,1.0
N1,3,202604,High,0.39421746134757996,0.7333333333333333,1.0
N1,3,202604,High,0.4358718693256378,0.8461538461538461,1.0
N1,3,202604,High,0.4780347943305969,0.9166666666666666,1.0
N1,3,202604,High,0.5203282237052917,0.9090909090909091,0.9090909090909091
N1,3,202604,High,0.6377643346786499,1.0,0.8181818181818182
N1,3,202604,High,0.6750437617301941,1.0,0.6363636363636364
N1,3,202604,High,0.7100315690040588,1.0,0.36363636363636365
N1,3,202604,High,0.7424473166465759,1.0,0.18181818181818182
N1,3,202604,High,0.7721304297447205,1.0,0.09090909090909091
N1,3,202604,High,1.0,1.0,0.0
N1,4,202604,Low,0.04680854082107544,0.31746031746031744,1.0
N1,4,202604,Low,0.056918203830718994,0.32786885245901637,1.0
N1,4,202604,Low,0.0611264705657959,0.3333333333333333,1.0
N1,4,202604,Low,0.06804239749908447,0.3448275862068966,1.0
N1,4,202604,Low,0.08189982175827026,0.3508771929824561,1.0
N1,4,202604,Low,0.08938342332839966,0.36363636363636365,1.0
N1,4,202604,Low,0.10064095258712769,0.37037037037037035,1.0
N1,4,202604,Low,0.1101800799369812,0.37735849056603776,1.0
N1,4,202604,Low,0.12358766794204712,0.4,1.0
N1,4,202604,Low,0.1355912685394287,0.4166666666666667,1.0
N1,4,202604,Low,0.14913535118103027,0.425531914893617,1.0
N1,4,202604,Low,0.18280523470624582,0.43478260869565216,1.0
N1,4,202604,Low,0.20135421160919104,0.4444444444444444,1.0
N1,4,202604,Low,0.20225119590759277,0.45454545454545453,1.0
N1,4,202604,Low,0.22224050760269165,0.46511627906976744,1.0
N1,4,202604,Low,0.2442783676940446,0.5,1.0
N1,4,202604,Low,0.267256434749716,0.5128205128205128,1.0
N1,4,202604,Low,0.29271412768108035,0.5263157894736842,1.0
N1,4,202604,Low,0.37593389117619236,0.5405405405405406,1.0
N1,4,202604,Low,0.4016839265823364,0.5714285714285714,1.0
N1,4,202604,Low,0.4339030981063843,0.5882352941176471,1.0
N1,4,202604,Low,0.45890378952026367,0.6060606060606061,1.0
N1,4,202604,Low,0.4920881986618042,0.625,1.0
N1,4,202604,Low,0.525645983047321,0.6666666666666666,1.0
N1,4,202604,Low,0.5814333558082581,0.6896551724137931,1.0
N1,4,202604,Low,0.6330263591072471,0.7142857142857143,1.0
N1,4,202604,Low,0.663305051587206,0.76,0.95
N1,4,202604,Low,0.7073502049945325,0.782608695652174,0.9
N1,4,202604,Low,0.7205634090283386,0.8,0.8
N1,4,202604,Low,0.7457226514816284,0.8421052631578947,0.8
N1,4,202604,Low,0.7691771001223816,0.875,0.7
N1,4,202604,Low,0.7786684269705588,0.8666666666666667,0.65
N1,4,202604,Low,0.8249584374952432,0.9166666666666666,0.55
N1,4,202604,Low,0.8565317376395096,1.0,0.4
N1,4,202604,Low,0.8609515671787141,1.0,0.35
N1,4,202604,Low,0.8885643391178849,1.0,0.25
N1,4,202604,Low,0.898170832165222,1.0,0.2
N1,4,202604,Low,0.9228692882857014,1.0,0.15
N1,4,202604,Low,0.968437250144708,1.0,0.05
N1,4,202604,Low,1.0,1.0,0.0
N1,4,202604,Medium,0.028249921152193914,0.49206349206349204,1.0
N1,4,202604,Medium,0.06867913329446372,0.5,1.0
N1,4,202604,Medium,0.09039887819587766,0.5166666666666667,1.0
N1,4,202604,Medium,0.09880713272199178,0.5254237288135594,1.0
N1,4,202604,Medium,0.12284417692092826,0.5344827586206896,1.0
N1,4,202604,Medium,0.12667275941619136,0.5535714285714286,1.0
N1,4,202604,Medium,0.15386047844692707,0.5636363636363636,1.0
N1,4,202604,Medium,0.19315961593950093,0.5882352941176471,0.967741935483871
N1,4,202604,Medium,0.20112695278520187,0.6041666666666666,0.9354838709677419
N1,4,202604,Medium,0.22067101299762726,0.6170212765957447,0.9354838709677419
N1,4,202604,Medium,0.24139116614538741,0.6363636363636364,0.9032258064516129
N1,4,202604,Medium,0.25216406959539756,0.627906976744186,0.8709677419354839
N1,4,202604,Medium,0.2782060503959656,0.65,0.8387096774193549
N1,4,202604,Medium,0.28747511231312656,0.6842105263157895,0.8387096774193549
N1,4,202604,Medium,0.3111518311830169,0.6944444444444444,0.8064516129032258
N1,4,202604,Medium,0.31485700607299805,0.696969696969697,0.7419354838709677
N1,4,202604,Medium,0.3285179138183594,0.71875,0.7419354838709677
N1,4,202604,Medium,0.3491697907447815,0.7666666666666667,0.7419354838709677
N1,4,202604,Medium,0.3501703441143036,0.7931034482758621,0.7419354838709677
N1,4,202604,Medium,0.3846796154975891,0.7857142857142857,0.7096774193548387
N1,4,202604,Medium,0.3900768248008972,0.8461538461538461,0.7096774193548387
N1,4,202604,Medium,0.40105319023132324,0.84,0.6774193548387096
N1,4,202604,Medium,0.4126725494861603,0.875,0.6774193548387096
N1,4,202604,Medium,0.4225437343120575,0.8636363636363636,0.6129032258064516
N1,4,202604,Medium,0.433753103017807,0.9047619047619048,0.6129032258064516
N1,4,202604,Medium,0.4381747543811798,0.9,0.5806451612903226
N1,4,202604,Medium,0.4486657381057739,0.8823529411764706,0.4838709677419355
N1,4,202604,Medium,0.45672130584716797,0.875,0.45161290322580644
N1,4,202604,Medium,0.4664403200149536,1.0,0.45161290322580644
N1,4,202604,Medium,0.47040829062461853,1.0,0.41935483870967744
N1,4,202604,Medium,0.47927892922280624,1.0,0.3870967741935484
N1,4,202604,Medium,0.4830329418182373,1.0,0.3225806451612903
N1,4,202604,Medium,0.5040531008227735,1.0,0.2903225806451613
N1,4,202604,Medium,0.5095791968577861,1.0,0.25806451612903225
N1,4,202604,Medium,0.5106374177526658,1.0,0.22580645161290322
N1,4,202604,Medium,0.5108810067176819,1.0,0.1935483870967742
N1,4,202604,Medium,0.5142285747195993,1.0,0.16129032258064516
N1,4,202604,Medium,0.5147280097007751,1.0,0.12903225806451613
N1,4,202604,Medium,0.5158829016106888,1.0,0.03225806451612903
N1,4,202604,Medium,1.0,1.0,0.0
N1,4,202604,High,0.0033128287030980584,0.19047619047619047,1.0
N1,4,202604,High,0.008451578419834951,0.1935483870967742,1.0
N1,4,202604,High,0.011430289638900346,0.2,1.0
N1,4,202604,High,0.012628528160123331,0.2033898305084746,1.0
N1,4,202604,High,0.01620425590035761,0.20689655172413793,1.0
N1,4,202604,High,0.016795502944299014,0.21428571428571427,1.0
N1,4,202604,High,0.021181084057829647,0.21818181818181817,1.0
N1,4,202604,High,0.028171957089940223,0.23529411764705882,1.0
N1,4,202604,High,0.029695947092416564,0.25,1.0
N1,4,202604,High,0.033606335520744324,0.2553191489361702,1.0
N1,4,202604,High,0.038045424826273974,0.2727272727272727,1.0
N1,4,202604,High,0.0404857254100699,0.27906976744186046,1.0
N1,4,202604,High,0.049219836099667506,0.3,1.0
N1,4,202604,High,0.05582180970973592,0.3157894736842105,1.0
N1,4,202604,High,0.06839630007743835,0.34285714285714286,1.0
N1,4,202604,High,0.08427719215178174,0.35294117647058826,1.0
N1,4,202604,High,0.09523925185203552,0.36363636363636365,1.0
N1,4,202604,High,0.10734310746192932,0.3870967741935484,1.0
N1,4,202604,High,0.1174311637878418,0.4,1.0
N1,4,202604,High,0.13187575340270996,0.41379310344827586,1.0
N1,4,202604,High,0.14478717960100143,0.42857142857142855,1.0
N1,4,202604,High,0.19770667546113357,0.46153846153846156,1.0
N1,4,202604,High,0.21851499053068474,0.48,1.0
N1,4,202604,High,0.23983873069526657,0.5,1.0
N1,4,202604,High,0.2630314826965332,0.5217391304347826,1.0
N1,4,202604,High,0.28686779737472534,0.6,1.0
N1,4,202604,High,0.28800837063814316,0.631578947368421,1.0
N1,4,202604,High,0.31314166447098063,0.6666666666666666,1.0
N1,4,202604,High,0.3678317070007324,0.7058823529411765,1.0
N1,4,202604,High,0.39400044083595276,0.75,1.0
N1,4,202604,High,0.4196910262107849,0.8,1.0
N1,4,202604,High,0.451645165681839,0.7692307692307693,0.8333333333333334
N1,4,202604,High,0.4768153131008148,1.0,0.8333333333333334
N1,4,202604,High,0.5095633864402771,1.0,0.75
N1,4,202604,High,0.5334205627441406,1.0,0.6666666666666666
N1,4,202604,High,0.582787811756134,1.0,0.5
N1,4,202604,High,0.6103556156158447,1.0,0.4166666666666667
N1,4,202604,High,0.628224790096283,1.0,0.25
N1,4,202604,High,0.674985408782959,1.0,0.16666666666666666
N1,4,202604,High,1.0,1.0,0.0
N1,0,202605,Low,0.0020561814308166504,0.328125,1.0
N1,0,202605,Low,0.002323329448699951,0.3333333333333333,1.0
N1,0,202605,Low,0.0025656819343566895,0.3387096774193548,1.0
N1,0,202605,Low,0.004090070724487305,0.35,1.0
N1,0,202605,Low,0.006321966648101807,0.3620689655172414,1.0
N1,0,202605,Low,0.008908987045288086,0.38181818181818183,1.0
N1,0,202605,Low,0.013048887252807617,0.3888888888888889,1.0
N1,0,202605,Low,0.028289437294006348,0.39622641509433965,1.0
N1,0,202605,Low,0.082170308860694,0.40384615384615385,1.0
N1,0,202605,Low,0.10842311220730674,0.42,1.0
N1,0,202605,Low,0.12938976287841797,0.4375,1.0
N1,0,202605,Low,0.1523668147270856,0.44680851063829785,1.0
N1,0,202605,Low,0.16389364004135132,0.4883720930232558,1.0
N1,0,202605,Low,0.18922698074816954,0.5,1.0
N1,0,202605,Low,0.20998912736789693,0.5121951219512195,1.0
N1,0,202605,Low,0.2167426347732544,0.525,1.0
N1,0,202605,Low,0.24842732589481786,0.5384615384615384,1.0
N1,0,202605,Low,0.25154775755923625,0.5833333333333334,1.0
N1,0,202605,Low,0.28795498394999663,0.6,1.0
N1,0,202605,Low,0.30841576248813296,0.6176470588235294,1.0
N1,0,202605,Low,0.3096578694160441,0.6363636363636364,1.0
N1,0,202605,Low,0.3493304343719521,0.65625,1.0
N1,0,202605,Low,0.4008189484568568,0.6774193548387096,1.0
N1,0,202605,Low,0.4692725004347181,0.7407407407407407,0.9523809523809523
N1,0,202605,Low,0.5449274930617072,0.76,0.9047619047619048
N1,0,202605,Low,0.5601550361519867,0.7727272727272727,0.8095238095238095
N1,0,202605,Low,0.6678894845307365,0.7619047619047619,0.7619047619047619
N1,0,202605,Low,0.7119727717489511,0.8,0.7619047619047619
N1,0,202605,Low,0.7485524673913059,0.8421052631578947,0.7619047619047619
N1,0,202605,Low,0.768331758972893,0.8823529411764706,0.7142857142857143
N1,0,202605,Low,0.8037507354374811,0.9375,0.7142857142857143
N1,0,202605,Low,0.8236848593064441,0.9230769230769231,0.5714285714285714
N1,0,202605,Low,0.8920364583422367,1.0,0.5238095238095238
N1,0,202605,Low,0.933850902701606,1.0,0.47619047619047616
N1,0,202605,Low,0.9583196381188281,1.0,0.38095238095238093
N1,0,202605,Low,0.9664426593909983,1.0,0.3333333333333333
N1,0,202605,Low,0.9723457555954598,1.0,0.2857142857142857
N1,0,202605,Low,0.9732028254989561,1.0,0.19047619047619047
N1,0,202605,Low,0.980260472884146,1.0,0.14285714285714285
N1,0,202605,Low,0.9899893314022715,1.0,0.047619047619047616
N1,0,202605,Low,1.0,1.0,0.0
N1,0,202605,Medium,0.00972710820480493,0.484375,1.0
N1,0,202605,Medium,0.019174998264486237,0.49206349206349204,1.0
N1,0,202605,Medium,0.026025407040515362,0.5081967213114754,1.0
N1,0,202605,Medium,0.026857111221578953,0.5166666666666667,1.0
N1,0,202605,Medium,0.0325843138020529,0.5344827586206896,1.0
N1,0,202605,Medium,0.04046185577903519,0.543859649122807,1.0
N1,0,202605,Medium,0.06416610753861093,0.5535714285714286,1.0
N1,0,202605,Medium,0.0663718581199646,0.5740740740740741,1.0
N1,0,202605,Medium,0.07433497905731201,0.5849056603773585,1.0
N1,0,202605,Medium,0.08143573999404907,0.5961538461538461,1.0
N1,0,202605,Medium,0.10458009928670939,0.62,1.0
N1,0,202605,Medium,0.12362420558929443,0.6326530612244898,1.0
N1,0,202605,Medium,0.17034664504195285,0.6595744680851063,1.0
N1,0,202605,Medium,0.1785602569580078,0.6666666666666666,0.967741935483871
N1,0,202605,Medium,0.18944692188247467,0.7142857142857143,0.967741935483871
N1,0,202605,Medium,0.22328144103957862,0.7692307692307693,0.967741935483871
N1,0,202605,Medium,0.23378103971481323,0.7631578947368421,0.9354838709677419
N1,0,202605,Medium,0.24211309194395728,0.7837837837837838,0.9354838709677419
N1,0,202605,Medium,0.27680689044891504,0.8,0.9032258064516129
N1,0,202605,Medium,0.3073011040687561,0.7941176470588235,0.8709677419354839
N1,0,202605,Medium,0.3183543127560619,0.8181818181818182,0.8709677419354839
N1,0,202605,Medium,0.41829404390712843,0.8125,0.8387096774193549
N1,0,202605,Medium,0.43218375459826797,0.8387096774193549,0.8387096774193549
N1,0,202605,Medium,0.48100659251213074,0.8928571428571429,0.8064516129032258
N1,0,202605,Medium,0.4999793237072514,0.9259259259259259,0.8064516129032258
N1,0,202605,Medium,0.558936542558706,0.96,0.7741935483870968
N1,0,202605,Medium,0.601016894754463,1.0,0.6774193548387096
N1,0,202605,Medium,0.6314881992974266,1.0,0.6451612903225806
N1,0,202605,Medium,0.6324072911335117,1.0,0.6129032258064516
N1,0,202605,Medium,0.6471824001730799,1.0,0.5806451612903226
N1,0,202605,Medium,0.6714210014256984,1.0,0.5483870967741935
N1,0,202605,Medium,0.673349782675137,1.0,0.5161290322580645
N1,0,202605,Medium,0.679260740865182,1.0,0.41935483870967744
N1,0,202605,Medium,0.6912199854850769,1.0,0.3548387096774194
N1,0,202605,Medium,0.6945550934291617,1.0,0.3225806451612903
N1,0,202605,Medium,0.7034821949120865,1.0,0.2903225806451613
N1,0,202605,Medium,0.704148699281384,1.0,0.25806451612903225
N1,0,202605,Medium,0.7109214663505554,1.0,0.1935483870967742
N1,0,202605,Medium,0.7118383646011353,1.0,0.16129032258064516
N1,0,202605,Medium,0.7126503480575926,1.0,0.12903225806451613
N1,0,202605,Medium,1.0,1.0,0.0
N1,0,202605,High,0.000283560392923532,0.1875,1.0
N1,0,202605,High,0.000564528851367804,0.19047619047619047,1.0
N1,0,202605,High,0.0007717674605285446,0.19672131147540983,1.0
N1,0,202605,High,0.000797133182961232,0.2,1.0
N1,0,202605,High,0.0009730268069488259,0.20689655172413793,1.0
N1,0,202605,High,0.001218506102136637,0.21052631578947367,1.0
N1,0,202605,High,0.0019829897597830604,0.21428571428571427,1.0
N1,0,202605,High,0.0033834423710539362,0.2222222222222222,1.0
N1,0,202605,High,0.0059684956516030405,0.22641509433962265,1.0
N1,0,202605,High,0.006802342680044263,0.23529411764705882,1.0
N1,0,202605,High,0.008386799987528473,0.25,1.0
N1,0,202605,High,0.009334440664736838,0.2553191489361702,1.0
N1,0,202605,High,0.011220337802133825,0.26666666666666666,1.0
N1,0,202605,High,0.013756202713201602,0.2727272727272727,1.0
N1,0,202605,High,0.021550919940884858,0.27906976744186046,1.0
N1,0,202605,High,0.022888752340024868,0.2857142857142857,1.0
N1,0,202605,High,0.030748175858030528,0.3076923076923077,1.0
N1,0,202605,High,0.040244508984437315,0.32432432432432434,1.0
N1,0,202605,High,0.04965267087358496,0.36363636363636365,1.0
N1,0,202605,High,0.058853931286529215,0.375,1.0
N1,0,202605,High,0.05917694637835538,0.3870967741935484,1.0
N1,0,202605,High,0.06486261587692338,0.4,1.0
N1,0,202605,High,0.07703124101506532,0.41379310344827586,1.0
N1,0,202605,High,0.07822289143004511,0.42857142857142855,1.0
N1,0,202605,High,0.0920373797416687,0.48,1.0
N1,0,202605,High,0.09545577920294138,0.5,1.0
N1,0,202605,High,0.1072908243397439,0.5217391304347826,1.0
N1,0,202605,High,0.12518489360809326,0.5454545454545454,1.0
N1,0,202605,High,0.1349828372153217,0.5714285714285714,1.0
N1,0,202605,High,0.15877187252044678,0.7058823529411765,1.0
N1,0,202605,High,0.18742818851130919,0.75,1.0
N1,0,202605,High,0.238568950274124,0.8571428571428571,1.0
N1,0,202605,High,0.4907039701938629,1.0,1.0
N1,0,202605,High,0.6796500086784363,1.0,0.9166666666666666
N1,0,202605,High,0.7573099732398987,1.0,0.8333333333333334
N1,0,202605,High,0.8151177763938904,1.0,0.75
N1,0,202605,High,0.8722857236862183,1.0,0.5
N1,0,202605,High,0.9159985780715942,1.0,0.3333333333333333
N1,0,202605,High,0.923341691493988,1.0,0.16666666666666666
N1,0,202605,High,0.9315719604492188,1.0,0.08333333333333333
N1,0,202605,High,1.0,1.0,0.0
N1,1,202605,Low,0.004239261150360107,0.3333333333333333,1.0
N1,1,202605,Low,0.00431513786315918,0.3387096774193548,1.0
N1,1,202605,Low,0.005374729633331299,0.3442622950819672,1.0
N1,1,202605,Low,0.006136894226074219,0.35,1.0
N1,1,202605,Low,0.006893575191497803,0.3559322033898305,1.0
N1,1,202605,Low,0.007030069828033447,0.3620689655172414,1.0
N1,1,202605,Low,0.00893479585647583,0.3684210526315789,1.0
N1,1,202605,Low,0.01065915822982788,0.375,1.0
N1,1,202605,Low,0.012746036052703857,0.38181818181818183,1.0
N1,1,202605,Low,0.0146101713180542,0.3888888888888889,1.0
N1,1,202605,Low,0.017731428146362305,0.4117647058823529,1.0
N1,1,202605,Low,0.022846698760986328,0.42,1.0
N1,1,202605,Low,0.02600795030593872,0.4375,1.0
N1,1,202605,Low,0.029632270336151123,0.44680851063829785,1.0
N1,1,202605,Low,0.029689908027648926,0.4666666666666667,1.0
N1,1,202605,Low,0.03624248396627653,0.4772727272727273,1.0
N1,1,202605,Low,0.03634291995593667,0.4883720930232558,1.0
N1,1,202605,Low,0.046418248223714584,0.5121951219512195,1.0
N1,1,202605,Low,0.05381196737289429,0.5384615384615384,1.0
N1,1,202605,Low,0.06119072254923813,0.5526315789473685,1.0
N1,1,202605,Low,0.08136540893809226,0.5675675675675675,1.0
N1,1,202605,Low,0.14885807037353516,0.5833333333333334,1.0
N1,1,202605,Low,0.17798137664794922,0.6,1.0
N1,1,202605,Low,0.2857449076007672,0.6176470588235294,1.0
N1,1,202605,Low,0.31487661365511554,0.65625,1.0
N1,1,202605,Low,0.34473341318145306,0.7777777777777778,1.0
N1,1,202605,Low,0.44559330910128786,0.8076923076923077,1.0
N1,1,202605,Low,0.45551407167496505,0.875,1.0
N1,1,202605,Low,0.4865551012998637,0.8571428571428571,0.8571428571428571
N1,1,202605,Low,0.5975737811581027,0.8947368421052632,0.8095238095238095
N1,1,202605,Low,0.624118453116328,0.9375,0.7142857142857143
N1,1,202605,Low,0.67889359412279,0.9285714285714286,0.6190476190476191
N1,1,202605,Low,0.7152446698118701,1.0,0.5238095238095238
N1,1,202605,Low,0.7869522461627761,1.0,0.47619047619047616
N1,1,202605,Low,0.8223405773914859,1.0,0.42857142857142855
N1,1,202605,Low,0.8511358333063754,1.0,0.2857142857142857
N1,1,202605,Low,0.8812719163925817,1.0,0.14285714285714285
N1,1,202605,Low,0.9146407902032418,1.0,0.09523809523809523
N1,1,202605,Low,0.9728962269076278,1.0,0.047619047619047616
N1,1,202605,Low,1.0,1.0,0.0
N1,1,202605,Medium,0.026226163142499096,0.47619047619047616,1.0
N1,1,202605,Medium,0.08242532127276506,0.4838709677419355,1.0
N1,1,202605,Medium,0.11449825992967243,0.4918032786885246,1.0
N1,1,202605,Medium,0.11472296714782715,0.5,1.0
N1,1,202605,Medium,0.11652708053588867,0.5084745762711864,1.0
N1,1,202605,Medium,0.14093643426895142,0.5172413793103449,1.0
N1,1,202605,Medium,0.14337984937152187,0.5263157894736842,1.0
N1,1,202605,Medium,0.15763157606124878,0.5555555555555556,1.0
N1,1,202605,Medium,0.1708937969521573,0.5660377358490566,1.0
N1,1,202605,Medium,0.17353808879852295,0.6,1.0
N1,1,202605,Medium,0.17634117603302002,0.6122448979591837,1.0
N1,1,202605,Medium,0.20458411884609443,0.625,1.0
N1,1,202605,Medium,0.21341770887374878,0.6382978723404256,1.0
N1,1,202605,Medium,0.24402284622192383,0.6521739130434783,1.0
N1,1,202605,Medium,0.2723582530265176,0.6666666666666666,1.0
N1,1,202605,Medium,0.27776914834976196,0.6818181818181818,1.0
N1,1,202605,Medium,0.30523329973220825,0.6976744186046512,1.0
N1,1,202605,Medium,0.3064124739536795,0.7,0.9333333333333333
N1,1,202605,Medium,0.34634852409362793,0.7297297297297297,0.9
N1,1,202605,Medium,0.35724634264825234,0.7222222222222222,0.8666666666666667
N1,1,202605,Medium,0.3816345404604351,0.7647058823529411,0.8666666666666667
N1,1,202605,Medium,0.4029529094696045,0.8064516129032258,0.8333333333333334
N1,1,202605,Medium,0.4325432777404785,0.7931034482758621,0.7666666666666667
N1,1,202605,Medium,0.462371826171875,0.8214285714285714,0.7666666666666667
N1,1,202605,Medium,0.462815523147583,0.8076923076923077,0.7
N1,1,202605,Medium,0.4812440890120122,0.84,0.7
N1,1,202605,Medium,0.5076981631607365,0.8695652173913043,0.6666666666666666
N1,1,202605,Medium,0.5081666093015424,0.8636363636363636,0.6333333333333333
N1,1,202605,Medium,0.5083100947234063,1.0,0.6333333333333333
N1,1,202605,Medium,0.5166583195947417,1.0,0.5666666666666667
N1,1,202605,Medium,0.5604801010942428,1.0,0.5
N1,1,202605,Medium,0.5895256996154785,1.0,0.43333333333333335
N1,1,202605,Medium,0.598723881705956,1.0,0.4
N1,1,202605,Medium,0.6127821024423211,1.0,0.36666666666666664
N1,1,202605,Medium,0.6209239317407911,1.0,0.3333333333333333
N1,1,202605,Medium,0.6412003088086866,1.0,0.16666666666666666
N1,1,202605,Medium,0.656109948638378,1.0,0.1
N1,1,202605,Medium,0.6949069499969482,1.0,0.06666666666666667
N1,1,202605,Medium,0.6983979940414429,1.0,0.03333333333333333
N1,1,202605,Medium,1.0,1.0,0.0
N1,1,202605,High,0.0008776099498731034,0.19047619047619047,1.0
N1,1,202605,High,0.0029338885239931036,0.1935483870967742,1.0
N1,1,202605,High,0.004229823677745843,0.19672131147540983,1.0
N1,1,202605,High,0.005484317322102688,0.2,1.0
N1,1,202605,High,0.006765625656356836,0.21052631578947367,1.0
N1,1,202605,High,0.00846363499112937,0.2222222222222222,1.0
N1,1,202605,High,0.012397077161612263,0.22641509433962265,1.0
N1,1,202605,High,0.01469393192353044,0.23076923076923078,1.0
N1,1,202605,High,0.01863520423541967,0.24489795918367346,1.0
N1,1,202605,High,0.020791678381462193,0.2553191489361702,1.0
N1,1,202605,High,0.032200809688124096,0.2727272727272727,1.0
N1,1,202605,High,0.03631931902349249,0.2857142857142857,1.0
N1,1,202605,High,0.037748371303970366,0.3076923076923077,1.0
N1,1,202605,High,0.056542705112590956,0.32432432432432434,1.0
N1,1,202605,High,0.06419945460409332,0.3333333333333333,1.0
N1,1,202605,High,0.07305478359054612,0.3870967741935484,1.0
N1,1,202605,High,0.12711167335510254,0.41379310344827586,1.0
N1,1,202605,High,0.15274393558502197,0.42857142857142855,1.0
N1,1,202605,High,0.2625246424235297,0.4444444444444444,1.0
N1,1,202605,High,0.32602717500844075,0.46153846153846156,1.0
N1,1,202605,High,0.3566623330116272,0.48,1.0
N1,1,202605,High,0.3931016506820425,0.5,1.0
N1,1,202605,High,0.45534698532065704,0.5454545454545454,1.0
N1,1,202605,High,0.456059352872987,0.6,1.0
N1,1,202605,High,0.5074945688247681,0.631578947368421,1.0
N1,1,202605,High,0.5079959034919739,0.6111111111111112,0.9166666666666666
N1,1,202605,High,0.5414487719535828,0.6875,0.9166666666666666
N1,1,202605,High,0.5742003917694092,0.6666666666666666,0.8333333333333334
N1,1,202605,High,0.6359200477600098,0.7692307692307693,0.8333333333333334
N1,1,202605,High,0.6801565289497375,0.8333333333333334,0.8333333333333334
N1,1,202605,High,0.7094848155975342,1.0,0.75
N1,1,202605,High,0.7453179955482483,1.0,0.6666666666666666
N1,1,202605,High,0.7776474952697754,1.0,0.5833333333333334
N1,1,202605,High,0.8166287541389465,1.0,0.5
N1,1,202605,High,0.8195683360099792,1.0,0.4166666666666667
N1,1,202605,High,0.836231529712677,1.0,0.3333333333333333
N1,1,202605,High,0.8536888360977173,1.0,0.25
N1,1,202605,High,0.8791577816009521,1.0,0.16666666666666666
N1,1,202605,High,0.8810377717018127,1.0,0.08333333333333333
N1,1,202605,High,1.0,1.0,0.0
N1,2,202605,Low,0.002915322780609131,0.3333333333333333,1.0
N1,2,202605,Low,0.005240023136138916,0.3387096774193548,1.0
N1,2,202605,Low,0.00780642032623291,0.3442622950819672,1.0
N1,2,202605,Low,0.009169936180114746,0.35,1.0
N1,2,202605,Low,0.010773956775665283,0.3559322033898305,1.0
N1,2,202605,Low,0.012150466442108154,0.3620689655172414,1.0
N1,2,202605,Low,0.014272034168243408,0.3684210526315789,1.0
N1,2,202605,Low,0.014866471290588379,0.375,1.0
N1,2,202605,Low,0.016755104064941406,0.38181818181818183,1.0
N1,2,202605,Low,0.022121787071228027,0.39622641509433965,1.0
N1,2,202605,Low,0.0263558030128479,0.40384615384615385,1.0
N1,2,202605,Low,0.03154033422470093,0.4117647058823529,1.0
N1,2,202605,Low,0.03682321310043335,0.42,1.0
N1,2,202605,Low,0.044098079204559326,0.42857142857142855,1.0
N1,2,202605,Low,0.04491359129290555,0.44680851063829785,1.0
N1,2,202605,Low,0.05267399549484253,0.45652173913043476,1.0
N1,2,202605,Low,0.062439799308776855,0.4772727272727273,1.0
N1,2,202605,Low,0.07440990209579468,0.4883720930232558,1.0
N1,2,202605,Low,0.07442915439605713,0.5121951219512195,1.0
N1,2,202605,Low,0.08790320158004761,0.525,1.0
N1,2,202605,Low,0.08834522699280897,0.5384615384615384,1.0
N1,2,202605,Low,0.10435599088668823,0.5675675675675675,1.0
N1,2,202605,Low,0.12259847108421432,0.6,1.0
N1,2,202605,Low,0.14316397905349731,0.6363636363636364,1.0
N1,2,202605,Low,0.1463507435672096,0.65625,1.0
N1,2,202605,Low,0.1970939069553302,0.6774193548387096,1.0
N1,2,202605,Low,0.22610968351364136,0.7777777777777778,1.0
N1,2,202605,Low,0.3386331720955706,0.8,0.9523809523809523
N1,2,202605,Low,0.3760068388580766,0.7916666666666666,0.9047619047619048
N1,2,202605,Low,0.4137668075228752,0.782608695652174,0.8571428571428571
N1,2,202605,Low,0.451352059841156,0.8181818181818182,0.8571428571428571
N1,2,202605,Low,0.4718320369720459,0.8571428571428571,0.8571428571428571
N1,2,202605,Low,0.5102001428604126,0.8947368421052632,0.8095238095238095
N1,2,202605,Low,0.5706973703803347,1.0,0.7142857142857143
N1,2,202605,Low,0.6065741754823395,1.0,0.6666666666666666
N1,2,202605,Low,0.6153057297824698,1.0,0.6190476190476191
N1,2,202605,Low,0.6709966397081885,1.0,0.5238095238095238
N1,2,202605,Low,0.6993211726093403,1.0,0.47619047619047616
N1,2,202605,Low,0.7250595641551382,1.0,0.38095238095238093
N1,2,202605,Low,0.7917420297553466,1.0,0.3333333333333333
N1,2,202605,Low,0.8435046798513037,1.0,0.2857142857142857
N1,2,202605,Low,0.8870120968004697,1.0,0.23809523809523808
N1,2,202605,Low,0.9752380754834131,1.0,0.19047619047619047
N1,2,202605,Low,0.9767752430403507,1.0,0.14285714285714285
N1,2,202605,Low,0.9775060536461411,1.0,0.047619047619047616
N1,2,202605,Low,1.0,1.0,0.0
N1,2,202605,Medium,0.02160033982950684,0.49206349206349204,1.0
N1,2,202605,Medium,0.02230145491988716,0.5,1.0
N1,2,202605,Medium,0.02377602249038943,0.5166666666666667,1.0
N1,2,202605,Medium,0.0670461654663086,0.5254237288135594,1.0
N1,2,202605,Medium,0.10806131775861282,0.5344827586206896,1.0
N1,2,202605,Medium,0.11411195993423462,0.543859649122807,1.0
N1,2,202605,Medium,0.14933583362900962,0.5535714285714286,1.0
N1,2,202605,Medium,0.16054177284240723,0.5636363636363636,1.0
N1,2,202605,Medium,0.18314749002456665,0.5740740740740741,1.0
N1,2,202605,Medium,0.19813777580163544,0.5849056603773585,1.0
N1,2,202605,Medium,0.20810669660568237,0.5961538461538461,1.0
N1,2,202605,Medium,0.2282334566116333,0.6078431372549019,1.0
N1,2,202605,Medium,0.25713682174682617,0.62,1.0
N1,2,202605,Medium,0.2604159993837476,0.6326530612244898,1.0
N1,2,202605,Medium,0.2648088335990906,0.6458333333333334,1.0
N1,2,202605,Medium,0.28424204840693734,0.6595744680851063,1.0
N1,2,202605,Medium,0.2880405783653259,0.6888888888888889,1.0
N1,2,202605,Medium,0.31030215599323574,0.6976744186046512,0.967741935483871
N1,2,202605,Medium,0.3457796573638916,0.7142857142857143,0.967741935483871
N1,2,202605,Medium,0.3609703826285762,0.7317073170731707,0.967741935483871
N1,2,202605,Medium,0.3688360438911764,0.7692307692307693,0.967741935483871
N1,2,202605,Medium,0.3841767907142639,0.7894736842105263,0.967741935483871
N1,2,202605,Medium,0.4008952997674903,0.7837837837837838,0.9354838709677419
N1,2,202605,Medium,0.4243624806404114,0.8055555555555556,0.9354838709677419
N1,2,202605,Medium,0.4538285434246063,0.8,0.9032258064516129
N1,2,202605,Medium,0.45904767513275146,0.8387096774193549,0.8387096774193549
N1,2,202605,Medium,0.48647361993789673,0.8666666666666667,0.8387096774193549
N1,2,202605,Medium,0.49863606691360474,0.8928571428571429,0.8064516129032258
N1,2,202605,Medium,0.5025756508879557,0.8846153846153846,0.7419354838709677
N1,2,202605,Medium,0.5035332441329956,0.88,0.7096774193548387
N1,2,202605,Medium,0.534038968891486,0.875,0.6774193548387096
N1,2,202605,Medium,0.53589928150177,0.8695652173913043,0.6451612903225806
N1,2,202605,Medium,0.5358993411064148,0.8636363636363636,0.6129032258064516
N1,2,202605,Medium,0.5633996683105851,0.8571428571428571,0.5806451612903226
N1,2,202605,Medium,0.5690268278121948,0.9,0.5806451612903226
N1,2,202605,Medium,0.5908122526672724,0.8947368421052632,0.5483870967741935
N1,2,202605,Medium,0.5996818542480469,0.9444444444444444,0.5483870967741935
N1,2,202605,Medium,0.599723756313324,0.9375,0.4838709677419355
N1,2,202605,Medium,0.6247044801712036,0.9333333333333333,0.45161290322580644
N1,2,202605,Medium,0.6253876499716148,0.9285714285714286,0.41935483870967744
N1,2,202605,Medium,0.645502507686615,0.9166666666666666,0.3548387096774194
N1,2,202605,Medium,0.6564797163009644,0.9,0.2903225806451613
N1,2,202605,Medium,0.659773359593352,1.0,0.25806451612903225
N1,2,202605,Medium,0.6662133435340724,1.0,0.1935483870967742
N1,2,202605,Medium,0.6681142449378967,1.0,0.06451612903225806
N1,2,202605,Medium,0.668837080431537,1.0,0.03225806451612903
N1,2,202605,Medium,1.0,1.0,0.0
N1,2,202605,High,0.0008936065243521117,0.1746031746031746,1.0
N1,2,202605,High,0.000923302039762206,0.1774193548387097,1.0
N1,2,202605,High,0.0009859020261974113,0.18333333333333332,1.0
N1,2,202605,High,0.004926585440917574,0.1864406779661017,1.0
N1,2,202605,High,0.007159486519686677,0.1896551724137931,1.0
N1,2,202605,High,0.010120194443017969,0.19298245614035087,1.0
N1,2,202605,High,0.014524436461114273,0.19642857142857142,1.0
N1,2,202605,High,0.016436778983722273,0.2,1.0
N1,2,202605,High,0.0187012042985758,0.20754716981132076,1.0
N1,2,202605,High,0.023723887588953996,0.21153846153846154,1.0
N1,2,202605,High,0.02458978062648408,0.22,1.0
N1,2,202605,High,0.028407329852174947,0.22448979591836735,1.0
N1,2,202605,High,0.03597131371498108,0.22916666666666666,1.0
N1,2,202605,High,0.04169434309005737,0.25,1.0
N1,2,202605,High,0.04511469602584839,0.2619047619047619,1.0
N1,2,202605,High,0.05219422358563876,0.2682926829268293,1.0
N1,2,202605,High,0.06059349283133825,0.275,1.0
N1,2,202605,High,0.07055457523715701,0.28205128205128205,1.0
N1,2,202605,High,0.11741060018539429,0.2894736842105263,1.0
N1,2,202605,High,0.13669274951059743,0.3055555555555556,1.0
N1,2,202605,High,0.18481217600125335,0.34375,1.0
N1,2,202605,High,0.18872177600860596,0.3548387096774194,1.0
N1,2,202605,High,0.21762816932243362,0.36666666666666664,1.0
N1,2,202605,High,0.2501415014266968,0.39285714285714285,1.0
N1,2,202605,High,0.2862671230355763,0.4230769230769231,1.0
N1,2,202605,High,0.2873923182487488,0.4583333333333333,1.0
N1,2,202605,High,0.3258470892906189,0.4782608695652174,1.0
N1,2,202605,High,0.32590824365615845,0.5,1.0
N1,2,202605,High,0.3685333728790283,0.55,1.0
N1,2,202605,High,0.4114266633987427,0.5789473684210527,1.0
N1,2,202605,High,0.41142672300338745,0.6111111111111112,1.0
N1,2,202605,High,0.4525107578191387,0.6470588235294118,1.0
N1,2,202605,High,0.45726585388183594,0.6875,1.0
N1,2,202605,High,0.5041291117668152,0.7857142857142857,1.0
N1,2,202605,High,0.5440971851348877,0.7692307692307693,0.9090909090909091
N1,2,202605,High,0.5894674062728882,0.8333333333333334,0.9090909090909091
N1,2,202605,High,0.6320985555648804,0.9090909090909091,0.9090909090909091
N1,2,202605,High,0.6952043175697327,0.9,0.8181818181818182
N1,2,202605,High,0.720324695110321,1.0,0.7272727272727273
N1,2,202605,High,0.7285911440849304,1.0,0.6363636363636364
N1,2,202605,High,0.7596160769462585,1.0,0.5454545454545454
N1,2,202605,High,0.7811193466186523,1.0,0.45454545454545453
N1,2,202605,High,0.8076825737953186,1.0,0.36363636363636365
N1,2,202605,High,0.8316518068313599,1.0,0.2727272727272727
N1,2,202605,High,0.8806480169296265,1.0,0.18181818181818182
N1,2,202605,High,0.9300385117530823,1.0,0.09090909090909091
N1,2,202605,High,1.0,1.0,0.0
N1,3,202605,Low,0.0118827223777771,0.3333333333333333,1.0
N1,3,202605,Low,0.014043569564819336,0.3387096774193548,1.0
N1,3,202605,Low,0.01661527156829834,0.3442622950819672,1.0
N1,3,202605,Low,0.019674301147460938,0.3559322033898305,1.0
N1,3,202605,Low,0.023309290409088135,0.375,1.0
N1,3,202605,Low,0.041624486446380615,0.3888888888888889,1.0
N1,3,202605,Low,0.04933309555053711,0.40384615384615385,1.0
N1,3,202605,Low,0.06301909497323349,0.4117647058823529,1.0
N1,3,202605,Low,0.07451712863096212,0.42,1.0
N1,3,202605,Low,0.08788389229428448,0.4375,1.0
N1,3,202605,Low,0.10332190682524721,0.45652173913043476,1.0
N1,3,202605,Low,0.11195475196703529,0.4666666666666667,1.0
N1,3,202605,Low,0.12101953861059134,0.4772727272727273,1.0
N1,3,202605,Low,0.13111763997200668,0.5,1.0
N1,3,202605,Low,0.15284574031829834,0.5121951219512195,1.0
N1,3,202605,Low,0.1772363755518738,0.525,1.0
N1,3,202605,Low,0.2043162553859315,0.5526315789473685,1.0
N1,3,202605,Low,0.22090542645611505,0.5675675675675675,1.0
N1,3,202605,Low,0.25253516059316455,0.5833333333333334,1.0
N1,3,202605,Low,0.2865899758549038,0.6176470588235294,1.0
N1,3,202605,Low,0.3227396011352539,0.65625,1.0
N1,3,202605,Low,0.34619265020953155,0.6774193548387096,1.0
N1,3,202605,Low,0.38546580363412053,0.7,1.0
N1,3,202605,Low,0.39952551425563887,0.7241379310344828,1.0
N1,3,202605,Low,0.5060569662826395,0.75,1.0
N1,3,202605,Low,0.5452124151460876,0.7777777777777778,1.0
N1,3,202605,Low,0.5728164357901844,0.84,1.0
N1,3,202605,Low,0.6100932410276019,0.875,1.0
N1,3,202605,Low,0.6452856075862154,0.8695652173913043,0.9523809523809523
N1,3,202605,Low,0.6781442723526939,0.8636363636363636,0.9047619047619048
N1,3,202605,Low,0.7085238085900921,1.0,0.9047619047619048
N1,3,202605,Low,0.7318027223964051,1.0,0.8571428571428571
N1,3,202605,Low,0.7582533578442914,1.0,0.8095238095238095
N1,3,202605,Low,0.8036559618090178,1.0,0.7619047619047619
N1,3,202605,Low,0.8393549190191238,1.0,0.7142857142857143
N1,3,202605,Low,0.8400248124818122,1.0,0.6666666666666666
N1,3,202605,Low,0.8551939038236347,1.0,0.6190476190476191
N1,3,202605,Low,0.9121089424770689,1.0,0.5714285714285714
N1,3,202605,Low,0.9198258952454739,1.0,0.42857142857142855
N1,3,202605,Low,0.9396147439188449,1.0,0.38095238095238093
N1,3,202605,Low,0.9443630391437339,1.0,0.3333333333333333
N1,3,202605,Low,0.948548107468477,1.0,0.19047619047619047
N1,3,202605,Low,0.9572606253890663,1.0,0.14285714285714285
N1,3,202605,Low,0.9849547279408825,1.0,0.09523809523809523
N1,3,202605,Low,0.9857160647549759,1.0,0.047619047619047616
N1,3,202605,Low,1.0,1.0,0.0
N1,3,202605,Medium,0.013625372475617266,0.49206349206349204,1.0
N1,3,202605,Medium,0.014351096258941806,0.5,1.0
N1,3,202605,Medium,0.040713072534063935,0.5081967213114754,1.0
N1,3,202605,Medium,0.04899118990121546,0.5166666666666667,1.0
N1,3,202605,Medium,0.05296488002663247,0.5254237288135594,1.0
N1,3,202605,Medium,0.057471180431033525,0.5535714285714286,1.0
N1,3,202605,Medium,0.0762259201628226,0.5636363636363636,1.0
N1,3,202605,Medium,0.08352804788993219,0.5740740740740741,1.0
N1,3,202605,Medium,0.13716460617501944,0.6078431372549019,1.0
N1,3,202605,Medium,0.15138895513567324,0.62,1.0
N1,3,202605,Medium,0.15201638398293543,0.6326530612244898,1.0
N1,3,202605,Medium,0.18535559903401772,0.6458333333333334,1.0
N1,3,202605,Medium,0.19725018739700317,0.6595744680851063,1.0
N1,3,202605,Medium,0.22446167469024658,0.6739130434782609,1.0
N1,3,202605,Medium,0.2274550116165591,0.6888888888888889,1.0
N1,3,202605,Medium,0.25180388200480164,0.7045454545454546,1.0
N1,3,202605,Medium,0.2542734146118164,0.7209302325581395,1.0
N1,3,202605,Medium,0.2731114024797242,0.7560975609756098,1.0
N1,3,202605,Medium,0.28651154041290283,0.775,1.0
N1,3,202605,Medium,0.3007280213717668,0.8378378378378378,1.0
N1,3,202605,Medium,0.3208628296852112,0.8235294117647058,0.9032258064516129
N1,3,202605,Medium,0.33032557429806436,0.875,0.9032258064516129
N1,3,202605,Medium,0.3616638456287522,0.9032258064516129,0.9032258064516129
N1,3,202605,Medium,0.3943814664660503,0.9333333333333333,0.9032258064516129
N1,3,202605,Medium,0.4182398666000446,0.9310344827586207,0.8709677419354839
N1,3,202605,Medium,0.44687962532043457,0.9259259259259259,0.8064516129032258
N1,3,202605,Medium,0.4514416771063271,0.96,0.7741935483870968
N1,3,202605,Medium,0.4836167097091675,0.9583333333333334,0.7419354838709677
N1,3,202605,Medium,0.5335848172430748,1.0,0.7419354838709677
N1,3,202605,Medium,0.5364975213297265,1.0,0.7096774193548387
N1,3,202605,Medium,0.5469337742547227,1.0,0.6774193548387096
N1,3,202605,Medium,0.5645396541196211,1.0,0.6451612903225806
N1,3,202605,Medium,0.5747148862172317,1.0,0.5806451612903226
N1,3,202605,Medium,0.5901429057121277,1.0,0.5483870967741935
N1,3,202605,Medium,0.5914709744295769,1.0,0.5161290322580645
N1,3,202605,Medium,0.6117172150057969,1.0,0.45161290322580644
N1,3,202605,Medium,0.6136948879452083,1.0,0.3870967741935484
N1,3,202605,Medium,0.6229460425062788,1.0,0.3548387096774194
N1,3,202605,Medium,0.6288300658936788,1.0,0.3225806451612903
N1,3,202605,Medium,0.6306896021756648,1.0,0.25806451612903225
N1,3,202605,Medium,0.6373087668819909,1.0,0.1935483870967742
N1,3,202605,Medium,0.6408755278717805,1.0,0.16129032258064516
N1,3,202605,Medium,0.6452274226363387,1.0,0.12903225806451613
N1,3,202605,Medium,0.6458407640457153,1.0,0.0967741935483871
N1,3,202605,Medium,0.6484522722892124,1.0,0.06451612903225806
N1,3,202605,Medium,1.0,1.0,0.0
N1,3,202605,High,0.0006585627694068661,0.1746031746031746,1.0
N1,3,202605,High,0.0006941758001757321,0.1774193548387097,1.0
N1,3,202605,High,0.0020263020768697968,0.18032786885245902,1.0
N1,3,202605,High,0.0024607026303075357,0.18333333333333332,1.0
N1,3,202605,High,0.0026720808296336815,0.1864406779661017,1.0
N1,3,202605,High,0.002914075650121554,0.19642857142857142,1.0
N1,3,202605,High,0.0039481845917035754,0.2,1.0
N1,3,202605,High,0.004363009632998916,0.2037037037037037,1.0
N1,3,202605,High,0.007641490001345859,0.21568627450980393,1.0
N1,3,202605,High,0.008586232382514625,0.22,1.0
N1,3,202605,High,0.008628696997940681,0.22448979591836735,1.0
N1,3,202605,High,0.010988439156964555,0.22916666666666666,1.0
N1,3,202605,High,0.014291630539149554,0.23404255319148937,1.0
N1,3,202605,High,0.01639339559879328,0.2391304347826087,1.0
N1,3,202605,High,0.01836478893018367,0.24444444444444444,1.0
N1,3,202605,High,0.02112770627553925,0.25,1.0
N1,3,202605,High,0.024388818115720187,0.2682926829268293,1.0
N1,3,202605,High,0.02824291334364593,0.275,1.0
N1,3,202605,High,0.032802097743765246,0.28205128205128205,1.0
N1,3,202605,High,0.03654771825386773,0.2894736842105263,1.0
N1,3,202605,High,0.04250135661103337,0.3055555555555556,1.0
N1,3,202605,High,0.0639769644146346,0.3142857142857143,1.0
N1,3,202605,High,0.06760042211115674,0.3235294117647059,1.0
N1,3,202605,High,0.07909246357323683,0.3333333333333333,1.0
N1,3,202605,High,0.08711749315261841,0.34375,1.0
N1,3,202605,High,0.10169280913929926,0.3548387096774194,1.0
N1,3,202605,High,0.11863477351315657,0.3793103448275862,1.0
N1,3,202605,High,0.13821904567210444,0.4074074074074074,1.0
N1,3,202605,High,0.15045632197772976,0.4230769230769231,1.0
N1,3,202605,High,0.17431135215891372,0.44,1.0
N1,3,202605,High,0.20131349563598633,0.4782608695652174,1.0
N1,3,202605,High,0.2315735931460024,0.5,1.0
N1,3,202605,High,0.24829085921374383,0.5238095238095238,1.0
N1,3,202605,High,0.26509920552668587,0.5789473684210527,1.0
N1,3,202605,High,0.2829832052295445,0.6111111111111112,1.0
N1,3,202605,High,0.3206451332761387,0.6470588235294118,1.0
N1,3,202605,High,0.3609432172494168,0.7333333333333333,1.0
N1,3,202605,High,0.4033960877836916,0.8461538461538461,1.0
N1,3,202605,High,0.4670501947402954,0.9166666666666666,1.0
N1,3,202605,High,0.5114958882331848,0.9090909090909091,0.9090909090909091
N1,3,202605,High,0.6558278799057007,1.0,0.8181818181818182
N1,3,202605,High,0.6938141584396362,1.0,0.6363636363636364
N1,3,202605,High,0.7291113138198853,1.0,0.36363636363636365
N1,3,202605,High,0.7614947557449341,1.0,0.18181818181818182
N1,3,202605,High,0.7908670902252197,1.0,0.09090909090909091
N1,3,202605,High,1.0,1.0,0.0
N1,4,202605,Low,0.00834500789642334,0.31746031746031744,1.0
N1,4,202605,Low,0.011550724506378174,0.32786885245901637,1.0
N1,4,202605,Low,0.017698168754577637,0.3333333333333333,1.0
N1,4,202605,Low,0.02365553379058838,0.3448275862068966,1.0
N1,4,202605,Low,0.029316067695617676,0.3508771929824561,1.0
N1,4,202605,Low,0.03408706188201904,0.36363636363636365,1.0
N1,4,202605,Low,0.03655606508255005,0.37037037037037035,1.0
N1,4,202605,Low,0.042721688747406006,0.37735849056603776,1.0
N1,4,202605,Low,0.04582399129867554,0.4,1.0
N1,4,202605,Low,0.05378347635269165,0.4166666666666667,1.0
N1,4,202605,Low,0.06335109283473811,0.425531914893617,1.0
N1,4,202605,Low,0.08019286633112628,0.43478260869565216,1.0
N1,4,202605,Low,0.08588057500479891,0.4444444444444444,1.0
N1,4,202605,Low,0.0948699088433412,0.45454545454545453,1.0
N1,4,202605,Low,0.10150039498509153,0.46511627906976744,1.0
N1,4,202605,Low,0.12004274487622812,0.5,1.0
N1,4,202605,Low,0.12815612363582665,0.5128205128205128,1.0
N1,4,202605,Low,0.1512323640470559,0.5263157894736842,1.0
N1,4,202605,Low,0.22141832443205006,0.5405405405405406,1.0
N1,4,202605,Low,0.234183367577443,0.5714285714285714,1.0
N1,4,202605,Low,0.27184153210762585,0.5882352941176471,1.0
N1,4,202605,Low,0.28614430766867677,0.6060606060606061,1.0
N1,4,202605,Low,0.3286890387535095,0.625,1.0
N1,4,202605,Low,0.3744433522224426,0.6666666666666666,1.0
N1,4,202605,Low,0.4389674663543701,0.6896551724137931,1.0
N1,4,202605,Low,0.5045256407939567,0.7142857142857143,1.0
N1,4,202605,Low,0.5534928131759458,0.76,0.95
N1,4,202605,Low,0.6151740826203035,0.782608695652174,0.9
N1,4,202605,Low,0.6288306899199744,0.8,0.8
N1,4,202605,Low,0.6717217614629996,0.8421052631578947,0.8
N1,4,202605,Low,0.7113563378638234,0.875,0.7
N1,4,202605,Low,0.722014358166418,0.8666666666666667,0.65
N1,4,202605,Low,0.7954555013089865,0.9166666666666666,0.55
N1,4,202605,Low,0.8206231601648188,1.0,0.4
N1,4,202605,Low,0.8357815789195611,1.0,0.35
N1,4,202605,Low,0.8556962633198955,1.0,0.25
N1,4,202605,Low,0.8585974042013094,1.0,0.2
N1,4,202605,Low,0.8782467621260671,1.0,0.15
N1,4,202605,Low,0.9373537315111893,1.0,0.05
N1,4,202605,Low,1.0,1.0,0.0
N1,4,202605,Medium,0.059539888137308726,0.49206349206349204,1.0
N1,4,202605,Medium,0.11533109553722704,0.5,1.0
N1,4,202605,Medium,0.13378250698583205,0.5166666666666667,1.0
N1,4,202605,Medium,0.13650237061968737,0.5254237288135594,1.0
N1,4,202605,Medium,0.14454925060272217,0.5344827586206896,1.0
N1,4,202605,Medium,0.1551405796137112,0.5535714285714286,1.0
N1,4,202605,Medium,0.16928819098026426,0.5740740740740741,1.0
N1,4,202605,Medium,0.18885564804077148,0.5849056603773585,1.0
N1,4,202605,Medium,0.19269744710880193,0.5961538461538461,1.0
N1,4,202605,Medium,0.26035111803103644,0.625,0.967741935483871
N1,4,202605,Medium,0.2610248327255249,0.6444444444444445,0.9354838709677419
N1,4,202605,Medium,0.2700763329673018,0.6744186046511628,0.9354838709677419
N1,4,202605,Medium,0.3059999369531865,0.6904761904761905,0.9354838709677419
N1,4,202605,Medium,0.3183004856109619,0.717948717948718,0.9032258064516129
N1,4,202605,Medium,0.3443861379222668,0.7368421052631579,0.9032258064516129
N1,4,202605,Medium,0.3564862422987543,0.7297297297297297,0.8709677419354839
N1,4,202605,Medium,0.363799512386322,0.7647058823529411,0.8387096774193549
N1,4,202605,Medium,0.3967280983924866,0.8125,0.8387096774193549
N1,4,202605,Medium,0.41025824042456743,0.8387096774193549,0.8387096774193549
N1,4,202605,Medium,0.41211575269699097,0.8620689655172413,0.8064516129032258
N1,4,202605,Medium,0.44634056091308594,0.8928571428571429,0.8064516129032258
N1,4,202605,Medium,0.45169107255115437,0.88,0.7096774193548387
N1,4,202605,Medium,0.4615727365016937,0.9090909090909091,0.6451612903225806
N1,4,202605,Medium,0.49558594822883606,1.0,0.6451612903225806
N1,4,202605,Medium,0.5047942399978638,1.0,0.6129032258064516
N1,4,202605,Medium,0.5285942396940517,1.0,0.5806451612903226
N1,4,202605,Medium,0.5532931089401245,1.0,0.5483870967741935
N1,4,202605,Medium,0.5713664463569655,1.0,0.5161290322580645
N1,4,202605,Medium,0.5824459617601049,1.0,0.4838709677419355
N1,4,202605,Medium,0.5843650698661804,1.0,0.45161290322580644
N1,4,202605,Medium,0.5972517550810649,1.0,0.3870967741935484
N1,4,202605,Medium,0.6063498439297034,1.0,0.3548387096774194
N1,4,202605,Medium,0.6096594151956017,1.0,0.25806451612903225
N1,4,202605,Medium,0.6171350617066412,1.0,0.22580645161290322
N1,4,202605,Medium,0.6252389140498315,1.0,0.1935483870967742
N1,4,202605,Medium,0.6310382987404123,1.0,0.16129032258064516
N1,4,202605,Medium,0.6335186267864908,1.0,0.12903225806451613
N1,4,202605,Medium,0.6377269720692481,1.0,0.0967741935483871
N1,4,202605,Medium,0.64136637212882,1.0,0.03225806451612903
N1,4,202605,Medium,1.0,1.0,0.0
N1,4,202605,High,0.0031063803515020486,0.19047619047619047,1.0
N1,4,202605,High,0.006422142336705846,0.1935483870967742,1.0
N1,4,202605,High,0.007620088812858528,0.2,1.0
N1,4,202605,High,0.007801366060417237,0.2033898305084746,1.0
N1,4,202605,High,0.009077841466727712,0.20689655172413793,1.0
N1,4,202605,High,0.01008864885491695,0.21428571428571427,1.0
N1,4,202605,High,0.011847051582211648,0.21818181818181817,1.0
N1,4,202605,High,0.017634523802545543,0.23529411764705882,1.0
N1,4,202605,High,0.018567329168874793,0.25,1.0
N1,4,202605,High,0.022278301583813886,0.2553191489361702,1.0
N1,4,202605,High,0.0267831721577588,0.2727272727272727,1.0
N1,4,202605,High,0.02833967508094217,0.27906976744186046,1.0
N1,4,202605,High,0.03624894639948682,0.3,1.0
N1,4,202605,High,0.043783286654889016,0.3157894736842105,1.0
N1,4,202605,High,0.05623829364776611,0.34285714285714286,1.0
N1,4,202605,High,0.07226353883743286,0.35294117647058826,1.0
N1,4,202605,High,0.08694589138031006,0.36363636363636365,1.0
N1,4,202605,High,0.10419627713572154,0.3870967741935484,1.0
N1,4,202605,High,0.11102340618573292,0.4,1.0
N1,4,202605,High,0.1322980056360661,0.41379310344827586,1.0
N1,4,202605,High,0.1408547034987018,0.42857142857142855,1.0
N1,4,202605,High,0.2074012638241241,0.46153846153846156,1.0
N1,4,202605,High,0.24080557762376104,0.48,1.0
N1,4,202605,High,0.2547183410739404,0.5,1.0
N1,4,202605,High,0.29214976108520513,0.5217391304347826,1.0
N1,4,202605,High,0.30787833607559395,0.6,1.0
N1,4,202605,High,0.3316734632350962,0.631578947368421,1.0
N1,4,202605,High,0.34844068731190825,0.6666666666666666,1.0
N1,4,202605,High,0.40805466747121016,0.7058823529411765,1.0
N1,4,202605,High,0.4506305754184723,0.75,1.0
N1,4,202605,High,0.49260327219963074,0.8,1.0
N1,4,202605,High,0.5109377503395081,0.7692307692307693,0.8333333333333334
N1,4,202605,High,0.551328182220459,1.0,0.8333333333333334
N1,4,202605,High,0.5691848397254944,1.0,0.75
N1,4,202605,High,0.6068844199180603,1.0,0.6666666666666666
N1,4,202605,High,0.6580439805984497,1.0,0.5
N1,4,202605,High,0.7212769985198975,1.0,0.4166666666666667
N1,4,202605,High,0.7995936274528503,1.0,0.25
N1,4,202605,High,0.8471057415008545,1.0,0.16666666666666666
N1,4,202605,High,1.0,1.0,0.0
R0,0,-1,Low,0.0,0.328125,1.0
R0,0,-1,Low,1.0,0.8181818181818182,0.8571428571428571
R0,0,-1,Low,1.0,1.0,0.0
R0,0,-1,Medium,0.0,0.484375,1.0
R0,0,-1,Medium,1.0,0.9,0.8709677419354839
R0,0,-1,Medium,1.0,1.0,0.0
R0,0,-1,High,0.0,0.1875,1.0
R0,0,-1,High,1.0,1.0,1.0
R0,0,-1,High,1.0,1.0,0.0
R0,1,-1,Low,0.0,0.3333333333333333,1.0
R0,1,-1,Low,1.0,0.875,1.0
R0,1,-1,Low,1.0,1.0,0.0
R0,1,-1,Medium,0.0,0.47619047619047616,1.0
R0,1,-1,Medium,1.0,0.9310344827586207,0.9
R0,1,-1,Medium,1.0,1.0,0.0
R0,1,-1,High,0.0,0.19047619047619047,1.0
R0,1,-1,High,1.0,1.0,0.8333333333333334
R0,1,-1,High,1.0,1.0,0.0
R0,2,-1,Low,0.0,0.3333333333333333,1.0
R0,2,-1,Low,1.0,0.8571428571428571,0.8571428571428571
R0,2,-1,Low,1.0,1.0,0.0
R0,2,-1,Medium,0.0,0.49206349206349204,1.0
R0,2,-1,Medium,1.0,0.84375,0.8709677419354839
R0,2,-1,Medium,1.0,1.0,0.0
R0,2,-1,High,0.0,0.1746031746031746,1.0
R0,2,-1,High,1.0,0.9,0.8181818181818182
R0,2,-1,High,1.0,1.0,0.0
R0,3,-1,Low,0.0,0.3333333333333333,1.0
R0,3,-1,Low,1.0,0.84,1.0
R0,3,-1,Low,1.0,1.0,0.0
R0,3,-1,Medium,0.0,0.49206349206349204,1.0
R0,3,-1,Medium,1.0,0.9310344827586207,0.8709677419354839
R0,3,-1,Medium,1.0,1.0,0.0
R0,3,-1,High,0.0,0.1746031746031746,1.0
R0,3,-1,High,1.0,1.0,0.8181818181818182
R0,3,-1,High,1.0,1.0,0.0
R0,4,-1,Low,0.0,0.31746031746031744,1.0
R0,4,-1,Low,1.0,0.7916666666666666,0.95
R0,4,-1,Low,1.0,1.0,0.0
R0,4,-1,Medium,0.0,0.49206349206349204,1.0
R0,4,-1,Medium,1.0,0.9285714285714286,0.8387096774193549
R0,4,-1,Medium,1.0,1.0,0.0
R0,4,-1,High,0.0,0.19047619047619047,1.0
R0,4,-1,High,1.0,1.0,0.9166666666666666
R0,4,-1,High,1.0,1.0,0.0
