{
    "Accuracy": 0.8461538461538461,
    "F1-Macro": 0.7993166963755199,
    "Precision-Macro": 0.8569676700111483,
    "Recall-Macro": 0.7659340659340659,
    "RMSE": 0.3922322702763681,
    "R2": 0.5625841184387618
}