{
    "Accuracy": 0.8227848101265823,
    "F1-Macro": 0.847173533163949,
    "Precision-Macro": 0.8448232323232324,
    "Recall-Macro": 0.8650472334682862,
    "RMSE": 0.42096934552698456,
    "R2": 0.6452854393842207
}