{
    "Accuracy": 0.7291666666666666,
    "F1-Macro": 0.7368421052631579,
    "Precision-Macro": 0.7294318790425575,
    "Recall-Macro": 0.7512210012210012,
    "RMSE": 0.5204164998665332,
    "R2": 0.5181467181467181
}