candidate_id,source_record_id,source_row_number,overlap_partition,true_label,predicted_label,prob_low,prob_medium,prob_high
R0,9da00394a8e5d8f9ea66036a6a89912efa355fd9ba96bfa4c528435b8bef9db1,0,conservative_matched,1,1,,,
R0,2032c66fadcb9fb24653402444d869a8a23e06dd7c522221ee5e19db135147dd,1,conservative_matched,1,1,,,
R0,366f43b68b77ee5d9d4d649052f097811eedbdf9b66e66e3d3a40f469b388044,2,conservative_matched,1,1,,,
R0,f827075494ff9d262d45598bb3a1701eb955b99abca1ab6af3b2e2331aff4808,3,conservative_matched,1,1,,,
R0,f816923b16d6506fc091cfe92e86e1139e2f0b3e58c593461da93f6ca5c45a5b,4,conservative_matched,1,1,,,
R0,5fafc4bdf7193aef5fb9fb71d655df200121838704e28ac2fa6588954ee3e27a,5,conservative_matched,1,1,,,
R0,9a87b2493917ab4a2e2a0087e5caf12c4b02676cfdfef54992ed8ca5ca77f88f,6,conservative_matched,1,1,,,
R0,d9baf8f9d90857c2e8aa4260b7eaf6c386460681228c2bee02a6b55597a43b69,7,conservative_matched,1,1,,,
R0,6b0a215f6bd63db235793c4ada62b4853f51f8a279def3710a3687fc319d4da4,8,conservative_matched,2,2,,,
R0,8726e7c2817fb8c8315b2db10843e3074a260645fbf1fccfd23450a6dfadb425,9,conservative_matched,1,1,,,
R0,8b3e47f5ebce0eb3eab15109aa814094f34c092ee88c49f965a0c31f02e89665,10,conservative_matched,1,1,,,
R0,a6252e1f0313cc82adc4651b4f4ced232435f7dff2e029302acc772e52fa2efc,11,conservative_matched,1,1,,,
R0,51bfbad6d53b93a899767c78e04aedd5268a69726ca0fa60eebb8995190d4982,12,conservative_matched,1,1,,,
R0,1fa27a62ee1b2d2ba6c92d8546a424dd3509710635f8a2c2568cc88597bb86fe,13,conservative_matched,1,1,,,
R0,14caadb35d5c89647b912b53c06bdcea5896a8299a9358c8bd67f727a3feec4c,14,conservative_matched,2,1,,,
R0,0817d574402933c00d82a89b1851b0d40647a8234618ab6b293d902531e9fea3,15,conservative_matched,2,2,,,
R0,3ebf8a2cebdec533bb2f688970be04e9d39292494e756baaecc985483868e197,16,conservative_matched,1,1,,,
R0,df5f1e6242f05e2e7995e736400586f8d34bd840e6cc2238daba43556f312bf7,17,conservative_matched,1,1,,,
R0,563f081ac98d1f31498a91b83ae8a2be907cfab0de2d472d199474e4e5eb8c6a,18,conservative_matched,0,0,,,
R0,5cba6871fec089b5dc9bcf045ba6e02ea473d055005f13d552c94fdac6686fe5,19,conservative_matched,1,1,,,
R0,716a01bc74c08fe1ad70772ed77afa2bc34025fce7092dab0813200de8da2e99,20,conservative_matched,1,1,,,
R0,7df5d7c65a174992687578a093dd207e1ca89156b6eb9caf2dc28c6a498c4c69,21,conservative_matched,1,1,,,
R0,0fdca47962352eadea2e4637769c1d9eb007bd0634379ff90463a8a2c57c1789,22,conservative_matched,1,1,,,
R0,e61c91569c6de30c3d7a1a050539ef58a6e6b2819fedd91cf751aa0b3b5dc43c,23,conservative_matched,1,1,,,
R0,1d7362cb11b923770fcf1b9a9f01b7fa4ac11819920853a5a2909ecc1bcf6867,24,conservative_matched,1,1,,,
R0,3d0d1c44ebc74d642e0c609d5dd4b5cfb467ae332a035c679b0c27cdd1ec168f,25,conservative_matched,1,1,,,
R0,f791c4eed66654e399b28a4c327d7b32842e48bc7cb42c5ddf0334cb435a54fe,26,conservative_matched,1,1,,,
R0,c346e57479e178e7b054371aa9a5f68b51e42c0e4a895346230cc32926dff8fe,27,conservative_matched,1,1,,,
R0,3abda39dd64284c601a97a2fbab4b8034dd42e259e9b097ab0138698fe51f5fb,28,conservative_matched,1,1,,,
R0,4f83a42c27ea668697977110e8f196526ef09e0479182cf78470ad75e79419c6,29,conservative_matched,1,1,,,
R0,6623d48d7b4f14736e86dddd3ea44cbf28743d1a0fa21fd0bc2badc498627870,30,conservative_matched,1,1,,,
R0,adeb2a11168a375acac8a5ba7b0b12f61ea068f42dc92905098e6e9cc109f6bd,31,conservative_matched,2,2,,,
R0,7daa9011bd495f51a4514b37670bcdea719bbc30097f1653406dba4a8e98c046,32,conservative_matched,2,1,,,
R0,088e125061899aeb843e08b444d414177713a8aeb3850db4477647a05e97b064,33,conservative_matched,1,1,,,
R0,754d80adc397c4fc9bec4ce162ed868fbaba4b8aa3ab35766de0fb6def2f0ceb,34,conservative_matched,1,1,,,
R0,eeed46e477e7a7086b3dd17a4ffa4e4e996e9f005a71a8b1bbaf81c10d4d046e,35,conservative_matched,1,1,,,
R0,ff103515b8dd75894b97d53c0362207acd3e41b19365124568cce40e99ab29d0,36,conservative_matched,1,1,,,
R0,84eb0f805fcb924ea581aaeed6c1024f9b78a793c930404ba039a4ceae8ccc01,37,conservative_matched,1,1,,,
R0,da11b9a824ea17d36ef8425abb47a68b80631b00f26d5fcb34bc902ab7e564d7,38,conservative_matched,1,1,,,
R0,a3aa9205c2dd6e6da3e018643f3c57b94d1f7d8f031190e1e8fe1aeb4473edbd,39,conservative_matched,1,1,,,
R0,6c1ff6b4722162e99085258b374ec75e9c250758b590e5d0c7e5e90d433283f1,40,conservative_matched,1,1,,,
R0,f9808139012c8b222496cdbc2c5823f5a200c1ca0c9a76838b16271cb6491b49,41,conservative_matched,1,1,,,
R0,0f3b55ce37cdca89a1c78fcec7a77751d9794f7cb1235804469a7daf9e63de4f,42,conservative_matched,2,2,,,
R0,0400acddec5641be9ed3da2cb98d514d062d4b150affe3dc22c7d5c88070c742,43,conservative_matched,1,1,,,
R0,3679ea32f8b94b8ce3d1242fef2d6073a0bdb60fe26b258e51162049223ac77d,44,conservative_matched,1,1,,,
R0,b65ef40f602471b10735bf76d635b6e867318fbd3b2d79eb292d182ebc52fee1,45,conservative_matched,1,1,,,
R0,a20449c0fa9b781f95175c7906471527630e66fdd4d57f1ce262975af3ce8991,46,conservative_matched,1,1,,,
R0,c79001dea4273719bcd01dbbfb7dc9181dda44a45e219cf7245f67640b98740a,47,conservative_matched,2,2,,,
R0,3b51ad679e8b0ce6b2fafb421a74825a2de42f8e1aed05cbd3a81335a2923228,48,conservative_matched,1,1,,,
R0,f5162c4d57e22476a2fd86a4b724fe8da727100a27f30d4fe72a9c346f5c001c,49,conservative_matched,1,1,,,
R0,342f55c319e97bc4ebb3ea65c99cec118d9ebb0b9c1dc8c76eda38916bbb6efe,50,conservative_matched,1,1,,,
R0,30dc43bca87dffff763ecab81971977dd0e0eb2ebbba3e56ea466f30648308d6,51,conservative_matched,2,1,,,
R0,1a9c93c0298921e6e0f103921ca7dba43c8472b77c47cdfe345bc83365ea4636,52,conservative_matched,0,0,,,
R0,08f641e003d30bb34ea70c8a98e54462e23555149b596c1f323b1ca3443795eb,53,conservative_matched,1,1,,,
R0,bdb3e3243f4945237482dc791db610d13e33bde5b6d72369ed200729dddc360a,54,conservative_matched,1,1,,,
R0,825309a30632ca1e2936b124a778f11cb92b02606b370f89d13bef151f047eef,55,conservative_matched,1,1,,,
R0,c81837f79017967e7355fc593b81070347505e7400d9bdfc85ffc152e7f91067,56,conservative_matched,2,1,,,
R0,fd5b4c1d3d861f5a2629640b96c79ba38eb9d1ff76552d929679d3dad440b73f,57,conservative_matched,2,2,,,
R0,5a01e160eddd0bfbc539ba4edb21a863e238a235071b2454983b79461d8e4206,58,conservative_matched,1,1,,,
R0,7b13c3dcfc57858b28512dd82b80f9bbc5a38d53ab17609e29661191744e409e,59,conservative_matched,2,2,,,
R0,fc23ab826a2440d11ef69d2086a1f61b6275743360356da43151abc46afe903f,60,conservative_matched,2,2,,,
R0,cb2b4d4111dfd94cb699ad65f248b0bfb4f2ebfda4969f24c0672a4eea784aea,61,conservative_matched,2,1,,,
R0,adf16fc552a8d1b40b4ec42e52c444ad8d840e40483acd8054933050b6375e7f,62,conservative_matched,1,1,,,
R0,461e4acae5091b1364fab0f058f3a5296ed75a394000f65a696e528c54bf6001,63,conservative_matched,1,1,,,
R0,2d4a4db57d75d8a7e2d6e56965c925963d33c569c1e24c31a63fb124021beebc,64,conservative_matched,1,1,,,
R0,717139bec7d6697c010ef70919581b03d427ed7b732fe74877da3c2869a2549a,65,conservative_matched,2,2,,,
R0,eb0ffac90c1fe5ccf1060219e349ca7d29540eb3e630465aa9b969a38900d539,66,conservative_matched,1,1,,,
R0,e87f2023e1a92b852755b7851d3150e9d19886692316d048409e5eaceb11dd5c,67,conservative_matched,1,0,,,
R0,410500105c3281445a1b6e50757dc923dff389861aa9993c0b740a1545b5b228,68,conservative_matched,1,1,,,
R0,c27b44d54803697af82881ea82d46e3561cbf37bdea8eb62c2df4af1f57d6fac,69,conservative_matched,2,2,,,
R0,ae7b53521c5f68c35a765aa5d26aa9bfb6604a6b2115fb3b85bc571e44290618,70,conservative_matched,1,1,,,
R0,c95ca8f4fa098b2e8efa4e74297b6a837b1cad117a7c74f757cfb6e899300c9b,71,conservative_matched,1,0,,,
R0,43ef9061e180219186ef1d51bc3c069a634f7f7a0078c5e6a8e339fe1bf5c10d,72,conservative_matched,1,1,,,
R0,77472ffabdf2ba610830e2dba876659a629d3dc9bf1c6a3fe5b3fd11e1a7b01b,73,conservative_matched,1,1,,,
R0,6eb8f51f02885e1c53aae062c9d8bab63dd1f60f90936f3349e37283882a4e93,74,conservative_matched,1,1,,,
R0,8e1cfba12ecae9c7fe55971bfee9792fcbabb9508905435e85fb5be079f00c2e,75,conservative_matched,1,1,,,
R0,661a678ac0beaf6c8e05288f361e0ec2e0cbe5cd6eeac862ecacedbc032c4cd3,76,conservative_matched,1,1,,,
R0,12e99bde80179014843362cb5bcb78e39e741147045460921df42487eadf8cef,77,conservative_matched,1,1,,,
R0,f6f85707110f73a6681ed41afcb48bbfe37fc724bb0552b9d4cf0fe7426ae0d2,78,ambiguous_shared_key,1,0,,,
R0,fffdee90b6ab369ed3b441fc0d5835dec1e0da61263172332ba409239a1b6065,79,conservative_matched,1,1,,,
R0,81b09fc0aa959d8efcc70c33f155000a7f01a30bf542cb50cd16d5ceb5203c4f,80,conservative_matched,1,1,,,
R0,c3aa2339fdff357a10a7d1d16826e1158de5efda7de8df9d86f076ca2646b95d,81,conservative_matched,0,0,,,
R0,10de938d451cc9cfe6d0ead0b6a8f760560120b56b7ed89b2dc4f651e5451669,82,conservative_matched,1,1,,,
R0,a39c3e2842a98f8ce8ef89b6eecb15c7e97b2bba8dd4fce046e6f457f63b132f,83,conservative_matched,1,1,,,
R0,04775e820b5829ba9b9a17482a4af9625350a3a9c39213f678c4a17f3f1c7b72,84,conservative_matched,1,1,,,
R0,dd582bddc1aca5d5bb7c320bb57fbf5870022badac32ea6378863b35a16c8ee0,85,conservative_matched,1,1,,,
R0,b64a99906f7914e194b7e5bda1235e3fffa359bf7c1667dd42b4268f16478434,86,conservative_matched,1,1,,,
R0,93f04a3c609794b4d53b3b5d2ffcfda0a1358e9ed321e072e10f1c4d0a40b4aa,87,conservative_matched,2,2,,,
R0,f71c1967da2534ea41551a7d2611bd192dc4205226657d845b33cb958d52e12f,88,conservative_matched,1,1,,,
R0,d1873f2c273d9fff1d54fa797703976f13a01d3298453e10d99cb401551d4999,89,conservative_matched,1,0,,,
R0,7e9752299515d5ecf7f759b6eae0d65703a71dea906d252e95aab67537ddb71f,90,conservative_matched,1,1,,,
R0,55134d6b9833e0dd6d9893c0d987db36b88926cc2663da7803c8d21064433f00,91,conservative_matched,1,1,,,
R0,976ddafb2f8abe1ac4c19be98626949c2548ab5eaf452fae24dce90c4de7b8c9,92,conservative_matched,1,1,,,
R0,5be7ba94e5d3acd4388614300b6ad48a44492e847b6d0e39fccd27e6cf9ae5f5,93,conservative_matched,1,1,,,
R0,7dbcdf95b6256c0f7b1dd6a3cc8fc9f0657b3eda2c88287ea432e7e932ba8d14,94,conservative_matched,1,1,,,
R0,4c96ee395ae6b58dd1fc56a4feecd55f450b02849ef0476aa8095841292de3e1,95,conservative_matched,1,1,,,
R0,5029e2776e7b9b5d2af015958cd517fb756f6d8b9853790513dc82715be726fd,96,conservative_matched,1,1,,,
R0,2cedf816172020544d1c56529191607083a424ddd9627983acb2537e9c73f8cf,97,conservative_matched,1,1,,,
R0,a1e98e417eed1e1a141a0b30b714a23f0dc568239616354e4a175bf8ea08a28c,98,conservative_matched,1,1,,,
R0,fed2454f61d42dd8f9f5651403e7c8aba82a77d8e645d8bf125f75e7c4c73861,99,conservative_matched,1,1,,,
R0,8265981c42a1d2d7ece956a8e83fc2766c03bd9b677b5188edf9e65cae717f0f,100,conservative_matched,0,0,,,
R0,4b4303e1d9cff307886f30665c8e6fb57047e2e8f3cc39e2126b16700e3bf126,101,conservative_matched,2,2,,,
R0,9ba998c5d87d08fc3d40b1b83a650245d89a368abad6136f452df88cc96ddce1,102,conservative_matched,1,1,,,
R0,a5d49a55806e6aac09daa9f48f214a4bb4d26dc6b501261c0ba01041d3d2f9d9,103,conservative_matched,1,1,,,
R0,eb359b8ed9a4e0197c1d1ab325e0047ecbec907011dd47ad227dce8c761f9a7b,104,conservative_matched,2,2,,,
R0,3039b67e191cb12f942b21e621f38cb832b6a2d5e570cd00e2a2205f9831c0a6,105,conservative_matched,1,1,,,
R0,4f65f4ecb5dec7a9bcbad3145918aab9b07f8a407f8e8a2091429b181b95ce71,106,conservative_matched,1,1,,,
R0,4b7e7cbc654f5e60c12ab432b3144305090c199d58af8071af7e5a16619e6aca,107,ambiguous_shared_key,1,1,,,
R0,ffd718c11411f17305eebe2c3fd8eae0b394e9127366a0ffb1165fbe02224135,108,conservative_matched,1,1,,,
R0,68ce95a11652b3b237dabe6ae00998c9c7adce1ee390c47fadd3e8540130de0f,109,conservative_matched,1,2,,,
R0,3797dbb2b0b7a08e83dbec5409c694efa671c4e46af761858844278f1dc385d8,110,conservative_matched,1,1,,,
R0,686e797782deb880befa085462a001874deb90f59e8bd4f579869b6b3cc30dda,111,conservative_matched,1,1,,,
R0,ff7ddca54e1e9620918ba02dbfe35985a655c87ef1a72ab4ba4d13faa4ead2b0,112,conservative_matched,1,1,,,
R0,f56c2b2dd4b088427127b4d3efd30492502e057dc35df92f37e390e9ff866182,113,conservative_matched,2,2,,,
R0,1cef8f807fdca35bb7855250f58e049e267f113b93c430f11985366f1fcfd9d7,114,conservative_matched,1,0,,,
R0,704d8396ce08b551fa6dd721337adce6afb2503715135f734bd2c0722ce528d3,115,ambiguous_shared_key,1,1,,,
R0,0ea019d83f26df83e9b4d8ca38756d7365d28364686c182cd874a5234050812b,116,conservative_matched,2,2,,,
R0,8df88942cba699e578f85da548ac43c04023d6e3124e0d909bedcf225ee6ce88,117,conservative_matched,2,1,,,
R0,30f9b13a03f303748526a158e8940797fe5e5c600fce68be3e50b0840a4368e9,118,conservative_matched,1,1,,,
R0,c9610bea3409798e091290f260c60e5b4d3f0a84a43555989287b37d07ebf51b,119,conservative_matched,1,1,,,
R0,e27b2368d103c92aa6d3db8b15bcb6a45f02a1799208f1d626eea765d93b4f20,120,conservative_matched,1,1,,,
R0,399489b6079af091f33320276c7ad2db3c791129a3edbff5b530c66d32cd7e72,121,conservative_matched,1,1,,,
R0,3dbffa78da4c6ccc5516a203817127a6190976a61b2c1e8e3ea1b77c6cff7d9d,122,conservative_matched,1,1,,,
R0,7df3a248b5f8b93b45248cf254e97e9ba96a25254e52674e69515928d061a4e0,123,conservative_matched,1,1,,,
R0,ab8ce69a1319b228880d829dc5631ea34e5cb080bfbc178aa048514436b7ecee,124,conservative_matched,1,1,,,
R0,10698694323dfb803f5936e348a7facb60fabbb04e356449705169347027f85d,125,conservative_matched,0,0,,,
R0,d2b095aa11fac2c0afb11ad09d16074d95b8ba0c47d799f8ede52e5b993a41dd,126,conservative_matched,1,1,,,
R0,e8cd3aa07ded082c0e9d0cd5ce68316e2c88e74da438e4b08e8a1e9f962c9394,127,conservative_matched,1,1,,,
R0,f58ebfd4557154ffbcb785a4e55bb6649accdb99c66e82c58ed1bee08f674e8e,128,conservative_matched,2,1,,,
R0,4d25798cefc2cf5ce3c29ebf0b9e4c0d84956f1a8898de972610ee57b6a7fb5f,129,conservative_unmatched,1,1,,,
R0,93c4bf4a5b21f36e6b0aae5bb990899ccf48d342143ca0e115fbbcce24f1e0a6,130,conservative_matched,1,1,,,
R0,dcbc9639337cde5535cbfd1b0895c1483a0c8d68b64e3c51551b748cef00b663,131,conservative_unmatched,0,0,,,
R0,4843201d2b160da0c05fc6013c664892482d15cae8e6986d6ad88ce3feaf72b8,132,conservative_unmatched,1,1,,,
R0,70be8a47e5d22077d37988cb4d32c132724a3d1b083ef9ab0b06313f0bf6c905,133,conservative_matched,1,1,,,
R0,cf57f1500208fbbe850bfcb423c0a07e8d0a3e41dbe03e9530034f5adb63eb16,134,conservative_matched,1,1,,,
R0,64d4f18b3b12675504880cd0dc7ecf25b60fc04bfdbec355bc38419bb2d7c415,135,conservative_matched,1,1,,,
R0,bbb97d718a1a11e509b00ac170dc512ff9b9930eacf75f5a3077880ff90bf810,136,conservative_unmatched,1,0,,,
R0,d00d28ef2c4596a4d66713623e2b8bc3764ba2818602f1c62d3f21d371614dd7,137,conservative_unmatched,1,1,,,
R0,787dcb7a1c4cc9f4983f462ddd01863d71220d14a298073a5886f7917ceec867,138,conservative_matched,1,1,,,
R0,15b4ffd20b8c1fc30ae15bc841142d7ad85f1a4f9571265b80d081a59b742e1d,139,conservative_matched,2,1,,,
R0,237d8870453dad85e4a690f5ef5b3a88e992a5aa74dfe4b4b5a16a1db596e4fe,140,conservative_matched,1,0,,,
R0,6cb1a3bd78701f948722853f3ff484b4a62afa283c31e3d9ba8e2ab088574ba2,141,conservative_unmatched,1,1,,,
R0,b064cb059d374948ef0370a2437f8d0bafe1e9678a1b38f837c6a6db9db4d582,142,conservative_unmatched,1,1,,,
R0,ddbe9a19eeb2b15127963e53920ddb3080cf3605be4e5412f985652dc3282606,143,conservative_unmatched,1,1,,,
R0,be8334d7f47b288facef26257cb6b44fcf616cd19090b942b3e21a6312189a8d,144,conservative_unmatched,1,1,,,
R0,f4a1fcac757fd73ac757509249c0ec925230f6e917bdf8e793757ea12e98b50d,145,conservative_matched,1,0,,,
R0,ae60908f4c85b03a0a49269075a0f3e13559c408c540b42632a059b5cfb0cd4d,146,conservative_matched,1,1,,,
R0,0baae3864d2aa3d4aa2751efdb33ff2ab5c818f532230e2e93483176c0226769,147,conservative_matched,1,1,,,
R0,6c01e488a30c00d7ce599e5c6d7195f878613637774ce7b5cd4d9e7dab67078a,148,conservative_unmatched,0,0,,,
R0,ffecc433675dacb5aa9570aab766c7b1c9116acb4109af9e6863d3341000315a,149,conservative_matched,1,1,,,
R0,cec560dc37f41cd4c0033a5023e3ad17cb7fab8ef72dc1a8150a7ed88228fdd9,150,conservative_unmatched,0,0,,,
R0,c047c292b4e87b40d0e8d2cdb5f5aa7e0bbd22946a70c373ef6dd5c6576bc932,151,ambiguous_shared_key,1,1,,,
R0,20a9a7e6d4cf66384115e0a7ecc18f09cf1f9b2d051f34bc82d7b170955376d4,152,conservative_matched,1,1,,,
R0,9a26ca17f1a2a542cec0453d178767a86c59652d63ff72ddaa48810be13d1ab6,153,conservative_matched,1,1,,,
R0,810b57dafea30a2f75e872d5e62c29a08fc07a9ccaebf778bc32b9ed8700674c,154,conservative_matched,1,1,,,
R0,0bf3a2d884e1555952ad611ad5ac00b76d97402156df050266c3cfc95f605dea,155,ambiguous_shared_key,0,0,,,
R0,fa5daee0d7df009faf4c0e08a703bbc8db8c1ae32e4f684b7085649c9d548453,156,conservative_matched,1,1,,,
R0,b434bdb6cf6a016c8fcf4ddfda1903c394ac80dd9a22c7ed02b2593841c71f91,157,conservative_unmatched,1,1,,,
R0,a7f1f0bec4d0eecfb4bebc52d748706df58b74a54e32f07189d46c9495ae3d09,158,conservative_matched,1,1,,,
R0,d1b268ba32d56d8ff3504e94ee5370f3a76ce18e0a3b0db5c875395b0e922da0,159,conservative_matched,1,1,,,
R0,a46bacc86e6d6f2966c8bc9b007be70048a778a3e7dc54762fa3c06ca3dd0a6b,160,conservative_unmatched,1,1,,,
R0,440e70046c7ab779d69b3cf5f483b0504098b58f20b98da0f4b90dcca58b7a1c,161,ambiguous_shared_key,0,0,,,
R0,1336c5029330743b5ea83d83fdfc07fcd73276158b755bc1202b4a90ade5cb08,162,conservative_matched,1,1,,,
R0,ae88168be6110ac8992db8b155e6bd8dad4a050a4a4fabb91d628b18e0ff3fdc,163,conservative_matched,0,0,,,
R0,aee4b0ad4df2a5b974c0fae78b5f15de2ba0da9ff62a1f1845fe8490f931efbb,164,conservative_matched,1,1,,,
R0,f4f2eaa4ae88e92cfa57b3aff8b8ebc91d59f1c9a27803fe90c6ef8b768a6d4e,165,conservative_matched,1,1,,,
R0,638a470d918dbfbf5afd33eb58e7ac2868a43d0e4dbaab3029db5101a1edce71,166,conservative_matched,1,0,,,
R0,ba5855f8ae5d306be9297d600b9787f650a7bcdd0cb8c9be2e1066ffbedbd65e,167,conservative_matched,1,1,,,
R0,8cfcf18683c3b7ba3ced162978e9086a8ed03ba8ea0326e9517b0fb14a46f944,168,conservative_matched,0,0,,,
R0,3a299c3c001be06083770361c18b9c8ad0448316f4c759f5eb6be75b20384d39,169,conservative_matched,1,0,,,
R0,d51923504c8a939ba8dfbe8c09d12c0f24fc1b5f9fceff2ea5d3f498b3105dad,170,conservative_matched,1,1,,,
R0,85f403ccf55735ef4bcbb2f529613e60c1023c2ec151eba3a05f40c076ed746f,171,conservative_matched,1,1,,,
R0,03c73563087c1329943a56cf316a054838d232eb12bf400763e97af8a779fc3d,172,conservative_matched,0,1,,,
R0,6df07523c6bcce6099d7d663ad6a57b32e7357259ad66091764a914e4062a886,173,conservative_unmatched,1,0,,,
R0,c346449759a08de6df8ad7f0936940e980e88f11837c514a02a4fd03f71ed459,174,conservative_matched,0,0,,,
R0,81c654f9d5f5591c63de46ec2f8de90d5778222531f6dc2ca93dfe9653b873c6,175,conservative_unmatched,0,0,,,
R0,36fc8ba21c05df93f037cf32ffb47c54f5fded8ce374e0e9cf11353791e881ac,176,conservative_unmatched,1,0,,,
R0,4d9c66f835e53c59a5b442cc32a3068c038a14b4b5816a08082ca8e454ac6666,177,conservative_unmatched,0,0,,,
R0,3be1ee30e134a9ae90bc1593ea32cf65047070817401a9aeb18c76efaca04541,178,conservative_matched,0,0,,,
R0,0f1626989b6efba0ed821b04af2ce1ef2dd90be67fee5303e0aeb890e84e656a,179,conservative_unmatched,0,0,,,
R0,dc041fdcc3cbcfb79f4de07118d4868642025a233a983d551502cd5c96d20552,180,conservative_matched,1,1,,,
R0,9881e8df21340beb673d11fb2f0087e28ca86d90cac54001885ad77fa39fe58f,181,conservative_matched,2,2,,,
R0,ea343acee5823e9928048bcd114ab1bf1f6a80fe0d6f43707827d9efaf48f9c4,182,conservative_matched,1,1,,,
R0,4d7423cf2ff542521716737a2b82d95c940025a9d28aea9f135e73d793d959f0,183,conservative_matched,2,2,,,
R0,1f45e1f29d5af173d4f68cb977fa645b945e3015dcbee511344c2d6f2417112b,184,conservative_matched,1,0,,,
R0,03b5b9fbb1e8685d2aea12d701a8548fbf66e988d3965beff90d610215a6fc96,185,conservative_matched,2,2,,,
R0,4b9f8e0c8ab34af43ef7096eb4e85d311551b210d679e5d673daa44a258e8a42,186,conservative_matched,1,0,,,
R0,d8eea83646be1e9c916e665fa77c259449f8745ed6a29cd6f9b1a9dced475fd5,187,conservative_matched,1,1,,,
R0,4bc56ddaf0f7e559d24c60f59a6cf7edbd7b915799dadce516c430ac85a7696b,188,conservative_matched,2,1,,,
R0,f388cc4e3fa7c3eb79bcc7b0c0c92fff99e4fb329900ed50bfeb4f870f49792e,189,conservative_matched,1,1,,,
R0,2085cb7bb188011662c46b252b9f3e65cd2c79085775a23fcecb742fefa155a4,190,conservative_matched,1,1,,,
R0,60763b4cebd2c23d4b6bb41fe41d2708e53e1479ca7374112530066b5e4893e5,191,conservative_matched,1,0,,,
R0,e4513c3d95a31cb9b2e70ba9aac54b1937bbbfb1fce1e4e3eaf07f94259ecb86,192,conservative_matched,1,0,,,
R0,842bac774d6c086dd6b92fdb78413098e14bcc3af75125e7d25ca273a3e1f862,193,conservative_matched,1,1,,,
R0,801eb4d09dd43b2b678c81a91d82521163c504324fee02de3778a3ecd1a926bc,194,conservative_matched,1,1,,,
R0,ed46b4dc3fcd5fab1ada22a6d188180240af8e738c547e3f26fc65506b077a12,195,ambiguous_shared_key,1,1,,,
R0,6c6dd067b740da372386ce71f81ed5b8dc2e1e9f93625be9b4884d1d73f96114,196,conservative_matched,2,2,,,
R0,ac305df5cdc5f1b0801b93d200a6dfb28ed119ce4795422a08ad3057488758ce,197,conservative_matched,1,1,,,
R0,86eb8973fc65f23f76646a24050506efc45364d1ed311733b312688b82d03540,198,conservative_matched,2,2,,,
R0,dda56c3d07f633d971d329a63b1fdd7558cfca3fb0e027085f9e37f767b3fb45,199,conservative_matched,1,1,,,
R0,edb22055eb500691bda99be2c9e755b933fda43abbb5ac8d461c3b99c85b847e,200,conservative_matched,1,0,,,
R0,9a4af49b00bdc8c8c90dd9584610e62f31c1dea1496d8c77c154a1340984f0fe,201,conservative_matched,2,1,,,
R0,ac49935da3ee5b02cec9247a78be9b546c635c54aa6988081e4fe8709663d2f9,202,conservative_matched,1,1,,,
R0,0c37fd58a9827290e55b34630825b0d6244c49d5ad38b4cb692ee5fba935d2c9,203,conservative_matched,1,0,,,
R0,e3f90cf05c633dae16fb7f47884d7cd562ac2769d89e9243c8680a8ba22af681,204,conservative_matched,1,1,,,
R0,ed7122159427b6c8635b7bcd0d7140de4dd489af9eab6fd9bd99b3ebad260d98,205,conservative_matched,1,1,,,
R0,50fcac22a7e0a3f9e29c98914641686f7b4d5b483729f33dfc0943ebc770409d,206,conservative_matched,1,1,,,
R0,ea5f3b7855c7c13d408bff3ff046c47d194d636ff9d1cd41a54051e642651080,207,conservative_matched,1,1,,,
R0,24fd68e79a2159278d68b9fa03c7a306d89444b373e4ed956a552290b7163fd5,208,conservative_matched,1,1,,,
R0,1c5812f23059c8affe3af759b6ead8c2c38b856307cb70a58a6806f14bcd7133,209,conservative_matched,2,2,,,
R0,6ab8e0705e7b40a64b138c0755ac0e4974492c819c3a3104cb9fdf9bb5c5833e,210,conservative_matched,1,1,,,
R0,9a0d7d130a794be7bc69983881925e866dbd081148ab7ab7a8b811b52c7a21f0,211,conservative_matched,1,1,,,
R0,a5e5532a8001b1d35b8d647ec7c6de5bd09b0cc81ab543a66c4b92d00869a830,212,conservative_matched,2,2,,,
R0,038c9ee0d7794eeb1143a461c0506513b430ff5293a311f12d84535a6afbcc5c,213,conservative_matched,1,1,,,
R0,8332987b673c95bbee93c9f25e2f6e37e4235c9e6ae83604205ff69eb49247f9,214,conservative_matched,2,1,,,
R0,4cd62e95948bd1b704bbcb35b4c07c1ce891fe8d8603fa8d7d55722149152d09,215,conservative_matched,1,1,,,
R0,41c314fd5e526b07168ea8735e420c8fd4da4cb146f0cb7b53a0b2e383de5f71,216,conservative_matched,2,2,,,
R0,c52893a6a9c59524615c570b972166e20fb5dc1939f7f8a0a444a854ad8b5954,217,conservative_matched,1,1,,,
R0,7f598fa9cd8021402624f92fab82098fb58747ccd8a722c3d994f05b6ed0f217,218,conservative_matched,1,1,,,
R0,aac572f07272c9f29ce150e00d2b33f7765e921ffe4e1a3c8a7aa455349ca19b,219,conservative_matched,0,0,,,
R0,c590d4966929434b32180f09a7062520e5996d2f0fe22fac768d1ca0613d025e,220,conservative_matched,1,1,,,
R0,f094aac8706b95f9bece4eeac1389e28ad75114d0e4206b7769ded1102994ff1,221,conservative_matched,2,2,,,
R0,1223db6fa4c73ddcfb1d3c6d1d32d7a9a694a0c67b0b8896d2e2c5252ea458b7,222,conservative_matched,1,1,,,
R0,c6b8941e410ad8b2574b68572d59fe76bfb75291198754c7266ab3740f819f8d,223,conservative_matched,1,1,,,
R0,fa91a868a0b2673a241638a1e248c077d7ebbe8369c5e9c7a105ea8e0f678595,224,conservative_matched,1,1,,,
R0,6bcf085df851ffdd063de277d7f6de02756302343ed42266339f33b7f195ec0d,225,conservative_matched,1,1,,,
R0,ef6d74ead7c9dae1edd8b999fa30b355c27c4fa0917c2b6342686959821c01fa,226,conservative_matched,1,1,,,
R0,05dde9d4b54f7775db2292c4725eb2440e0b2dbe65d52bb4c05c347040ae90da,227,conservative_matched,1,1,,,
R0,2a5b3658c6bb089977c0132627aeddf27747b5ba1997b7f2041f3039d3025854,228,conservative_matched,1,1,,,
R0,1cd7edbfe2f40c5d7c9a6230c2530a19e1c33c1d7a4b9c2fc76e71f4a4ef2955,229,conservative_matched,2,2,,,
R0,a2010d08bf5544fb2f61ba56db0cc9b5b6d58a43b3e7a8155eae755a2ab63922,230,conservative_matched,1,0,,,
R0,51cce7d0485df80b75d03dee842b5fbb970f5348df67160d0e30730f577a193f,231,conservative_matched,1,1,,,
R0,0e1e5a60db31ca1ff4e88932ce8fb8133c0cae740186c0eecba980565edeeec1,232,conservative_matched,1,1,,,
R0,a5daa6d5539669eb579a2eb52884c6f73f940319383b144b4c4638f49c0549d8,233,conservative_matched,1,1,,,
R0,ea6ce91f0cda3fa98f7b745b9580fd6b0403056870eb76c5fcf66334679dd7ee,234,conservative_matched,1,1,,,
R0,c6d8fdfaebcc9424104991f6e1b2ae52cfc74b01f006f573c65d6403e27860c4,235,conservative_matched,1,1,,,
R0,982f60fd457eb6d3d3ea718cf44d5cb26c9847a13bc9211cf942c0276094cbea,236,conservative_matched,1,1,,,
R0,81b41de2fc119a6be204b22f6f400b640dae3281ad7449e09c510a3179f3e514,237,conservative_matched,1,0,,,
R0,73d4dfe9d634e737477bbc0e789414071caddfba0329a03b55a67d4565f16b31,238,conservative_matched,2,2,,,
R0,8ef03a12bf26544326b83a924d78b17a626323183f000e61b0e1269d5151d713,239,conservative_matched,0,0,,,
R0,e65cba4765702c555356fe2b6fc3183b7079396880ffa82b6303a59358a1b860,240,conservative_matched,2,2,,,
R0,78bf7a927103b0adf2a93a132f44f2411946196d038bf6822cb2eeb2f851ab2c,241,conservative_matched,1,1,,,
R0,98c1ed0f87d3d9f68a060c36de601cd9dd4c5c389aa3ef9b828e9c93c98f1a50,242,conservative_matched,1,1,,,
R0,4e05a768be51893f790163c79ad042b9bf59de08bccbba7bd25c8877c53ebcdf,243,conservative_matched,2,2,,,
R0,40f57c13c26aa660145ccd9e9ad6cf7435aba21e0ecb869b65ca110bad79d9bc,244,conservative_matched,1,1,,,
R0,c302ee011150e5de42eafaa347a1b841d5d8807659f31696d8f82c5a4abc8105,245,conservative_matched,1,1,,,
R0,820af5dd1d43687408ee96791d977e5768628d5dd9718275f49012ab8be7c7da,246,conservative_matched,1,1,,,
R0,17fce900c57b5d8978b6a7f3fc2fb54520a09094e94167b76cbe441400f5ad10,247,conservative_matched,1,1,,,
R0,38085f4b22cba5fc2e5c7334dc43fd4faa9f1be9584e87c3a89ac73aa37f3ff6,248,conservative_matched,0,0,,,
R0,2fea83fd72f31c3ed98d355952e0dca5903ca77045d520014559b3131ab53449,249,conservative_matched,1,1,,,
R0,f37129146fe1cc102260df1bb5035364d6977e2290c3f3c022105e91ae0cad55,250,conservative_matched,2,2,,,
R0,97c9512caadb3ffd0ad3c7ddd23407aa54871fc60933e4b9f12a69d1cef4214f,251,conservative_matched,1,1,,,
R0,c85e618c2cb4110b794d0c0953af57fe74dd832c9089b476240a78f6178bf1cf,252,conservative_unmatched,1,1,,,
R0,3567553d36285ad28e9947ecc399152b059b63fa0d14e93da3fa60f88729589b,253,conservative_unmatched,1,1,,,
R0,a71a645737db58ca85f16857a87566dbd0644a509be1426ceec155ba4b32a46a,254,conservative_unmatched,1,0,,,
R0,a32d5c6de3dc8a8d1a538283ab55eeaf55b9cf8e25aa347f9451fa80920ab0dd,255,conservative_unmatched,0,0,,,
R0,aef48ae8e8f8321f0e29c116e8187c697962ab80108f224eef0febe59017821b,256,conservative_unmatched,0,0,,,
R0,7dd03f8de291c327ff1d0ed6f33b027547ee5dee91900d57ad3847ddbc771ca2,257,conservative_unmatched,0,0,,,
R0,5752cee9adf12bd089539e746e30b0d83f71e4f57e8da95e82619ac05b3d6b64,258,conservative_unmatched,2,1,,,
R0,c6d9905e1108342a5a39e558796801aaef2123ede509df6c737dc2968cb80334,259,conservative_unmatched,1,1,,,
R0,6bf3a7c4314c48c91d33eb94eb7bbcf708f6d2a7c6af47237735c2d12f683e35,260,conservative_unmatched,1,1,,,
R0,cf04de454501b8a0be83713c4b298369ec62ac21cd8f30857e05891dcef22cc6,261,conservative_matched,1,1,,,
R0,ad959d26f847d9c030d3b6d75856d30298eaee390b8e65835b5173c70de9d93a,262,conservative_unmatched,0,0,,,
R0,6a3c09e4947d005706a207b8c760dd1e4a01a013d7fdf234bb6e2abbe62ed0f8,263,conservative_matched,0,0,,,
R0,bf0447db8e3d43257114531a92a520c82a6453bd3b7ae34aea8711ce45d014b0,264,conservative_unmatched,1,0,,,
R0,55f09cfab4e7759b9196088c60e80fdf399fa12b760c9cf22aaeb33589b1808c,265,conservative_unmatched,2,1,,,
R0,f1cc48536731731e0b343782efdde0db8be7fc46955c060a6588a598c61b83b5,266,conservative_unmatched,1,1,,,
R0,645409494cfbc0053881ee14531a52cfc643d5a8dd013317825912b73a52362e,267,conservative_matched,2,2,,,
R0,00dbf7ed1f04da4f573cdb1c40ee8aabbb629d7e284d1568bca51a8a5f396e7c,268,conservative_matched,1,1,,,
R0,b7661cb5dd52c9c0fe4365fcc6bff1f997b8753cdce2392381357136c4a5bf43,269,conservative_matched,2,1,,,
R0,4e704048021bafbeb44effb9e508d4cef59a712f89bd368f81f564485127cc02,270,ambiguous_shared_key,2,2,,,
R0,4837f2cb17208b9a4625ebde74b97e4dd96ffdb5234013a87be717acfa0a8b14,271,ambiguous_shared_key,1,1,,,
R0,6e7973c8c4ee77c326ae4010b1418b788a5630854185affb484685e8d73a7084,272,conservative_unmatched,2,1,,,
R0,3d8d9b0265e3f1fa1f9dced7be94a31b2d44253a703333fe32683be701e1e391,273,conservative_unmatched,1,1,,,
R0,f048327f0da983b65f4ac626e1b417339b356d60f7641609e9f999aa25dd1b64,274,conservative_unmatched,1,0,,,
R0,111d930258015ff415cf618a5446916b948c63467161ea1a20e0915119b50244,275,conservative_matched,1,1,,,
R0,2fc3c8e1b6058fdb8ba34e10c4f11c5c96a490da8c44557f51f272e135b276d2,276,conservative_matched,2,2,,,
R0,b66a61f7e4e30927c1735a3306a7e4fd6cf9b017aa1b11eacd63c9f666c7ac77,277,conservative_unmatched,1,1,,,
R0,3366e3e79bb817fbb8c139710399b5e5e682684683af108e41f6f8f47bb2ead8,278,conservative_matched,1,1,,,
R0,747d3e66fb22e30550810dc98794ef466dae76dcbd60596dc19187a28a0495e2,279,conservative_matched,0,0,,,
R0,8475bd5769c68d5427ad348aa5b6061ee6bcd37f6f1837cda26be61984a04cac,280,conservative_matched,1,0,,,
R0,ef27b562eab370d5506b6031d90875e2bf94890dc4f57239be5af639fc2bb2d3,281,conservative_matched,1,1,,,
R0,be89c47ea7807e1e8f1728f4281bf7f92ce922539e0b3cd0848dc5a258702b8d,282,conservative_matched,0,0,,,
R0,8b6cbbd882704231c2da058f30493957fe5f146ad538f186251118a7c93fe195,283,conservative_matched,1,1,,,
R0,d744f4e8e0e5a37040ced43f7d9f57213e888b56527ca3961db9750dd4b525fc,284,conservative_matched,0,0,,,
R0,54a5824b809802628fc226bf21773286f73e6051e62d9cec2df3e81d93197bde,285,conservative_matched,1,1,,,
R0,0bb5ed634b92cd4e23359fa5c9f0f46eb531bfa0976bdd29a00e52fbed97e135,286,conservative_matched,1,1,,,
R0,1c7add97688eeaddc1858c389db4aac1d7c75a52d05d5f15c0d081a7b938abaf,287,conservative_matched,1,1,,,
R0,7ccb05337d74117430e9fdf9897cd7110c354bd737a7229f86fe605f50969092,288,conservative_unmatched,1,1,,,
R0,c215aa987795131b42e2cd8a6c43e525423612ee007a6ced32e8263bda4ad92a,289,conservative_matched,2,2,,,
R0,4560a7ae21f3fb4ac2db6ffe58ddb475ac41d6dc383b998d4c568b31ae65a35c,290,conservative_unmatched,1,1,,,
R0,609e2c6bb80163f064286be493c35084947f767a9fca5159a6007ea7d78d1b8e,291,conservative_unmatched,1,1,,,
R0,50a40749308fda874b7765a8a2b85ca93645b0200e63e9851129ab8fd6f41ff9,292,conservative_unmatched,1,1,,,
R0,912f7b7365227a32858a2d927685373d6780e508ef7ac83760fb9ec5aaa1aefc,293,conservative_unmatched,1,1,,,
R0,570a9095c62e1fa55a30bd460a6ecc380dc180927ebbc369eb3452bf401f5b43,294,conservative_unmatched,1,1,,,
R0,d989513ebc9b816b08d15039e20aff3eeac96a4c9cd17e51afaa8a05ead60f2f,295,conservative_matched,1,1,,,
R0,29fe4b61c9b555bb9cc208302b5dc991e41580d993fe5cf0832053f62f80be27,296,conservative_matched,2,2,,,
R0,06bff8560b0213942ba71145fac2e05499ca6db5f23f3a048b71ea1db4373276,297,conservative_unmatched,1,1,,,
R0,a347405d861f7182f5157435b676ea5452b581ebf8b34c65c740ee6696256750,298,conservative_matched,1,1,,,
R0,8facf48402aa60c4e52666105b216119e1b68d607cd90e64c373961ddfa8a9bf,299,conservative_unmatched,1,1,,,
R0,63e7b0fd79c9670e63f19d0b85cc2c7efe0f1e527b44bbf33e9c798004594ffd,300,conservative_matched,2,2,,,
R0,0910a774d27e3fe150f1c12d186032f527421ab5d7c35f74ac4f758094dd228d,301,conservative_matched,1,1,,,
R0,ba77ac0a50dbbe13d7bd6839ae32c5eb1febed467656cd2322a11c5b3f747b65,302,conservative_matched,1,1,,,
R0,4bea7852e6349795c7bb47b3b196b923e2ba8e7aeea9001ce30608cc02c0e4f6,303,conservative_matched,1,1,,,
R0,fe7000c6192011cc4cb3fab698a7821cc7044fec6fed4d6c825162ba8e131368,304,conservative_matched,1,1,,,
R0,8bbb88b5de9002160126d07b53f3cd2825868930b27f08e4ff4760a9c179699f,305,conservative_unmatched,0,0,,,
R0,de68a6ddb137408d6f047da8b80a1ebeb03cceea79fe2bc107056a11068abdc3,306,conservative_matched,2,2,,,
R0,b1ee4d7e89869caeb050bf6a44961b049d9934b92e5ee40bc7e869b645348de0,307,conservative_matched,1,1,,,
R0,ee99b4a3c8e4b8ac8172a040ad3be7a04dea423a9ae0409a95df0fafc91a313a,308,conservative_matched,1,1,,,
R0,97b9091925addb08c1cd2c6078d0de2bf8172b17115de938b77ad77357d5ea5b,309,conservative_matched,1,1,,,
R0,6db86dac2c557996df538886e2ae001080ddecdab91e2e3a4edede389d70b7e7,310,conservative_matched,1,0,,,
R0,e46fe007896b1086b24e7db53b21842ae5f26db41897be76661db0c09520f97c,311,conservative_matched,1,1,,,
R0,19d6ef82b2a921d77a5573e974ea081845479ae43b183f176897858ed8e06b84,312,conservative_matched,2,2,,,
R0,5e503b8ae7945a0c7a8bcd67542d51082ffc17c2404a5253304711f79919407f,313,conservative_matched,1,1,,,
R0,5756c809e3d8db3cdd21b5e8d36139858b8f09dbfdb84c88dd454914fd2447db,314,conservative_matched,2,2,,,
R0,a538822eabdf193b2b19f78ccf63644aa5c71ce346c2909e83ad04440964ae88,315,conservative_unmatched,2,1,,,
R0,4791bf9d1d5d0230ab90f16f29614b48ab82e5801b82082235ff9b4358d29def,316,conservative_matched,2,2,,,
R0,e03a5d8fb20a6ea99425f7eb791e67ae67db33777225bd74107066b76cbd37ab,317,conservative_matched,1,1,,,
R0,727f74ba1c3c4c66b1f6b4556991e45b07a8df2d9d01846546f6627456d8494f,318,conservative_matched,1,0,,,
R0,9e12aa0dbe5c0aaa2470ead8d7629926f8b65403a6699dffbfef210eb25d80d8,319,ambiguous_shared_key,1,1,,,
R0,d3a134515041870d4095cf6ae0a7325769f957b530f530c1edbabeaa7c0c7273,320,conservative_matched,1,1,,,
R0,b44a3f41d310382fd60bf7f3a58d33ef67db0a23e704c0acd98fc529dad15ebc,321,conservative_unmatched,2,2,,,
R0,0796be2517f6d256579d64e3fd271287a0a015eb77e018c048e59d0f28eee45f,322,conservative_unmatched,1,0,,,
R0,1bfda6b9b2ec251369d6f57db5fce38fb12dcd38ecc1650133ffde8588ea9de5,323,conservative_matched,1,1,,,
R0,dd16b30b04ffe107ef12c7c07478ee8a6f1cb06de15b60261e80e1c3592fa365,324,conservative_unmatched,1,1,,,
R0,4998ff2bd307bda1d85ee16567c661c9862e55779e725e724189456e0c51af70,325,conservative_matched,1,1,,,
R0,4dcb168e09d4d7893d639ca45b73e7538eb8bbdf4d053e76233e29ffd3010c99,326,conservative_matched,1,1,,,
R0,39eaa33a8d48061b0348f9e4a83e301a0a7459e5eb653e83810f30644bbc17f7,327,conservative_matched,2,2,,,
R0,5371b6cfff41d777216e0c9e04d0277262e4f4b282938a4ca51084387331c4ff,328,ambiguous_shared_key,1,1,,,
R0,5caa9ac380bb06f4d084ea82b0b0e36346f917605e5ce0b8bbbdf5ced25c6cd0,329,conservative_matched,1,1,,,
R0,48049b601c2a81fda78b5d5252ae9ddaa08e0b7a64fbb1d35031fe640387123e,330,conservative_unmatched,1,1,,,
R0,fb6e8a79c7509d2ea0d634b54f8c3c61a61c856f58b1e43907d91134de9c8f10,331,conservative_matched,1,1,,,
R0,da52e0801985e6d911242d1cc38a5a2ba9ea6d852304175e9cf5f6682c636afe,332,conservative_matched,2,2,,,
R0,980f2c93c9c03ec6203a0bdaeef81159a3cfe8ed1f28387385d9f45010302142,333,conservative_matched,1,1,,,
R0,a66c4452b850b95377077697aac825a263e323984b1e8a1b5c25b1f3bbf86b4a,334,conservative_matched,2,2,,,
R0,cc8929500a996b83f8e58e90d5c2ffadb7b9bc20866921118795138fea402ecf,335,conservative_matched,2,2,,,
R0,f9d294cba21968ac5c7aca6b858728c55a8a06c37c1bd8489ed5b184ed97e39e,336,conservative_matched,2,2,,,
R0,a46a03d1ee4daec20e9a849ba628defbbc5ebb1042f9cc44f825a9072c526ebd,337,conservative_matched,2,2,,,
R0,c48e0d5c7811d548c58be8c2e32213fe468160e54c1ed6ee3557e08eff54818c,338,conservative_matched,2,2,,,
R0,9f3c666f41f67c4d1304118a8d2927642bae1db9e3d7be9fec6431a472638621,339,conservative_matched,2,2,,,
R0,4612e860034a77d8b2a28c5a307edd4c230ea2cc203c599c4d524164ca1c201c,340,conservative_matched,2,2,,,
R0,9880128f9a4f009cbace58c35f08be763d85a148d19dbb6ed1cedb3e6b9cae7f,341,conservative_matched,1,1,,,
R0,815d426caf6647658ab5ad600a6d9a4844a450a2fe631540bcc73263b16a4409,342,conservative_matched,1,1,,,
R0,f2a7a0438ec81419aed4432eca97e3bf6a7996b3abcab7bd2b0cb5ea5936ca0c,343,conservative_matched,2,2,,,
R0,57374dc57848f9f7545dfff9c90d14265d0a66c20014fed384c8a1aaab2a8657,344,conservative_matched,2,2,,,
R0,e9f98ce85a29627dad55d76982d434e4bdb6f159fafb9c3c1b5771e0e95bff25,345,conservative_matched,2,2,,,
R0,e59d303b3c9921823705d178211a81f3167a2b5c2bedd55a2e440ae6fb609a66,346,conservative_matched,1,1,,,
R0,562297c9b2262e5b9178439eac76300b6d0baa5c81dc6ab9a3e04f13b44d1edd,347,conservative_unmatched,0,0,,,
R0,276a41fcaefc7b0f5b533b227d35bd303c63f762bbf766628024ce36f9313bf9,348,conservative_matched,2,2,,,
R0,e43bb85cc9f4c204c3b80fc593900bce375e9f42be96d02f335f2f42c13c4ba8,349,conservative_matched,2,2,,,
R0,13db9493e5d931ec94f3d05fb0df869516c061cdb89058e2bdb16c5859508cbf,350,conservative_unmatched,1,1,,,
R0,980a5bcc08361f8d083c12141878dbd24b7a236c18e8184387239050f164a315,351,conservative_matched,2,2,,,
R0,eb7b92a2b390dbb093e40e2495530b65be730eb752eccbf260be04ff31496b11,352,conservative_matched,1,1,,,
R0,99a93936da7984b3ce75763a91a3493bbe7f16283b2ccde42c3d93bff3fc70e1,353,conservative_unmatched,1,1,,,
R0,0b6002ac98745ed77d24c58dee4c8892e1dca4c93626ce4675b9306294bb2d7d,354,conservative_matched,2,1,,,
R0,b5271dc00037ef4441d0e9b55a7b122c6981acc750495290fdf2d1171ec45e4a,355,conservative_unmatched,1,1,,,
R0,bac5a079bec62bc26a6dc783910825de9e2871a6d90c260b7f137ba75a6b17fb,356,conservative_unmatched,2,2,,,
R0,17e8cff30d43b9932efa5ee5fc8ea3d9998f87aa816268d719e22c0b513067e3,357,conservative_matched,2,2,,,
R0,2aa6a5792ef7467f71fc55b9fcc6f5c9d6ba25f470083dd8e9a787e579bfd401,358,conservative_unmatched,2,1,,,
R0,94c0b44f9a2d481c5d2237dd73738cc92b9ee67076b318f634fc32aa4032a0b4,359,conservative_matched,2,2,,,
R0,e77bd94004a0442aa632c906e2f4e997e00b478cf23900001f6d06ec63cb3ef3,360,conservative_unmatched,1,1,,,
R0,416afeb98b33f5e4f2a8e68a875e28fd4105a31165d6851ea3c83a3ccaa2515c,361,conservative_unmatched,1,1,,,
R0,328eaadc5fcca2d1c22ba92802c7d13404e083fcc75e8e27c502cd13af3d0548,362,conservative_matched,1,1,,,
R0,584086a779fa152c0679d9786c1e33c602944084d5cf48f6c0e7dbbac810bd87,363,conservative_unmatched,1,1,,,
R0,7cd43d94523c810f9ed5537e7015539cc8c9859bcedd689aec68db38a22003a3,364,conservative_unmatched,2,2,,,
R0,fe92f0e44d936f618c5a52cbcbbb889fd256a412566488b144015b8482d7b1a1,365,conservative_matched,2,1,,,
R0,fdc3d5fa14c1a4086c5b7caf79828cce0d013ff497cbe8eb15c09905a3f4457c,366,conservative_unmatched,1,1,,,
R0,ed55a6f2ea598cc2a90f6b9b6e489d7f1bf59f58579eeba23f34ffb5a4476757,367,conservative_unmatched,1,1,,,
R0,1467b04a49c306baf2f2d7d4fd94a9e1d2b0b5a630fc1defcbc2ec8916da6c13,368,conservative_unmatched,1,0,,,
R0,5a4c58dd7c63f01c85c75de330f08bf3279e1a3ffd1a3b3351ddc32a2bc68f49,369,conservative_unmatched,1,1,,,
R0,a538958f863560cab82c81c2af21b948645d77515ec607b6158507d95fe5123d,370,conservative_unmatched,0,0,,,
R0,2b1079c154b15202bdeb4e37d3bb3fda5cde0b6dc62e5246d0face06819abf5a,371,conservative_unmatched,1,1,,,
R0,e76f79b797b47271b05802f3737b53b3378b0b1529fd9314fa2a492b6167ac66,372,conservative_matched,1,1,,,
R0,a26bf4e51a6f635e952f279fa007eebd60b1a0aa43278a348f6ce7430b2f6168,373,conservative_matched,1,1,,,
R0,4b1c806a421b02743346fc062782ec9b603b1cfc919177966cf33f0baffd2193,374,conservative_matched,2,2,,,
R0,2965eb77c7507629cf30cf7647115971bc3fbc079b0679ddae18c5a7f6088ba0,375,conservative_matched,2,1,,,
R0,447fa75d82f2da45bc471afc5b9273f8007746f7c1e6608e7f7e080582a7ea08,376,ambiguous_shared_key,1,1,,,
R0,ed9c1db619a6e03138850df9100b0c87a96915bff8f177717879e0b0d0763e16,377,conservative_matched,1,1,,,
R0,397cbeb6f38ebcdc8d0dd0bc306d8baa31702dc5ab41fd7ce317e3961c9e3b32,378,conservative_matched,2,2,,,
R0,4f4abcb7188e73e10ca68b718d456e0239c4dcb6875e1c3c69a419fec225e1ce,379,conservative_matched,1,1,,,
R0,be0ebb7565c48c88742be3d147378e0339658b36ddc168b506068b1c90f4c79a,380,ambiguous_shared_key,1,1,,,
R0,421629aaa541cfa65f08170d2ded95bfcfb72deb6371ca7bd8cff9686b07ca24,381,conservative_matched,2,1,,,
R0,074bdafc94897952ec047e29c94c168d74b04273139ccf2ce1e6f1873ca0ed4a,382,conservative_unmatched,1,1,,,
R0,122e7e9e553c3480710d48da1b809bc3a0f00c8f31d7959bfbb0bb4217186e2f,383,conservative_matched,1,1,,,
R0,0fdfadc8e93127b69c5cc192dde2e8ac8ed04c3d1fdbe79dfe2b87b82585bd01,384,conservative_unmatched,1,1,,,
R0,dce71741a22feecd18d4a68d6dac14f53d1b585efa9029d2d7f6caf10ef1d09a,385,conservative_unmatched,1,0,,,
R0,9c1589756f65e471021f9e5736a89d5cabb0481ef20ec88a5286fac861609674,386,conservative_matched,2,2,,,
R0,a31c0ced032973a0e5414d71c603cafbff10cff8e3e8d4e4a720af17012d472c,387,conservative_unmatched,2,1,,,
R0,aa253d0c7343d07a4854487d2aea858f473eee151b96c2ce40bedb2ee8437306,388,conservative_matched,1,1,,,
R0,a7a9ca7a19cbb70fe7a0ce5094b6f1add89f5b24cedf3415b2882b501c43ca03,389,conservative_matched,1,0,,,
R0,0a3effbdec3cb466bafb0f3db000792529f8a18b89f03e2f2a477a57ccb23447,390,conservative_matched,1,1,,,
R0,88d41603b7bc18447226de0bd092d97caaafff7d44a58de731f2bfd695e6c89e,391,conservative_matched,1,1,,,
R0,64edd6fd449505aaf4ce23b5e8fd239af0c6c1b9b8ec3b6283f29aa63786d55d,392,conservative_matched,2,1,,,
R0,3aa2f113241cf12a1f41976ff0bf7942caae7298859aebfd67c1ddd2a115c9f5,393,conservative_matched,2,1,,,
R0,28b053e3389d9080286d65e0a159dfd0e84b54ab6f9d29efe76029c4e441d313,394,conservative_matched,2,1,,,
R0,573e5d0c416baabe556bbe6df0da1d23f9d757c682f06acc75cbdeeefa53f1dd,395,ambiguous_shared_key,1,1,,,
R0,31be86aecc38b94fea6900d3b08f0dbc20cdc907d7b94ba8ffefbc3e636be934,396,conservative_matched,2,2,,,
R0,ca1af162eff48d01248d7b34c3dc4be9123bb4917682c15fcb42f45ba92ce681,397,conservative_matched,1,1,,,
R0,4e2eb26c0fe972eab4b5b004faa49b46156fd4ee3808d325d7e5594a79414a9c,398,conservative_matched,1,1,,,
R0,93b21413c755833e1950d07af850214cfb9b5519b7b21162d63f4c9ee904ca1e,399,conservative_matched,2,2,,,
R0,7cf9fc722144d5c5e38c3fea10921acf4cb1fa34cc1bd7692b29595386d51a2e,400,conservative_matched,2,1,,,
R0,7e00b595bb6999487c74eb830249fdf599a16fe836019185747560a7869a2ea9,401,conservative_matched,1,1,,,
R0,76d06487c4ffc806c0124b367816f652dd15cd43c60141189fb67369207e51fd,402,conservative_matched,1,1,,,
R0,284ec319e69a06d51dc7138b1cd703bdec233bd9862e76e788a66d58b5c93074,403,conservative_unmatched,2,2,,,
R0,05ccbda5c8030aa70186394e3bd73c3d761e81154d70b009f09ac260843bbcb7,404,conservative_unmatched,2,2,,,
R0,f31671785b3e105c3461c6f468a73e51b08fb09a2755ffa8ebfec2ee89fdccbc,405,conservative_unmatched,1,1,,,
R0,eab697c8c1d27212af84b30e24e32008b1ecbc67472a7ff95ba552ee19c0db40,406,conservative_unmatched,1,1,,,
R0,af3e8a8edbc429d6e82a0234c201d8cc278db4fd145a68015fd1ab8785e57275,407,conservative_unmatched,1,1,,,
R0,11f18902f6529ccd006f3eb1926c47f115d9549b2c2f079495389befb1eae919,408,conservative_unmatched,1,1,,,
R0,f5c1f313b06ba018dffafebe7e936f738c7877b1fd7def93331d973a91083ec4,409,conservative_unmatched,2,1,,,
R0,b0eb4c514496bbccfadc92bbc9d502a308cf264f615a7270f4508adfa95341f5,410,conservative_unmatched,2,2,,,
R0,5fad3e448c5e1d74ad40706ea43e831ca8eb7c7de5f8b18a8d11e3658f13675e,411,conservative_unmatched,2,2,,,
R0,b76ae4c5df31d41a628c2eac6d63a7191c5c814c94f0f8c36f40d812e2089f6b,412,conservative_unmatched,2,2,,,
R0,8a75076ea3879d0bf0dd017d05b4a245801a302e7b000b0a7b9c1cdb94ca975d,413,conservative_unmatched,1,1,,,
R0,a27435e31856096b869dad34f04f50c26e43660a66718f5643ee8ed2eb51af26,414,conservative_unmatched,2,2,,,
R0,abcb65e9f203ebce43dfcc290e3881ec3fadd75e0780873abb34e688cf2bde55,415,conservative_unmatched,1,1,,,
R0,5fff96165ae228d0b6c109dedffa29fbbe1bb5419a4e17d1eb6b6f7371638adb,416,conservative_unmatched,2,2,,,
R0,ecc8758acbe3ff3c1237190f0844b57b0865bb46d0c940c7ca341391b4a24f77,417,conservative_unmatched,2,2,,,
R0,83a9b71397707247df9fd3717796837f3765429b50236d6099664af84b527b36,418,conservative_unmatched,1,1,,,
R0,cabc765a96e5371085f2124e0c49137c3ea6aa1d74da1cc02c830ee82ebc9b48,419,conservative_unmatched,1,1,,,
R0,447b6eaaa01f44759a3e84e1ae3292b980e1e40bbca619439c1154c93b6ba928,420,conservative_unmatched,2,2,,,
R0,d6a67091791dd72522a6bef06dfea8b0c675a1445234f9512644939352bab471,421,conservative_unmatched,1,1,,,
R0,f69228ae618f2a54598815acf45338b6ad192e9eb36eb4949775495b54e4ef8b,422,conservative_unmatched,1,1,,,
R0,3b6be63e42bced9624f2695926dd4352285f8007d59bd5bb1dd51c40b37024a1,423,conservative_unmatched,1,1,,,
R0,b792c09ee937fae339c13197e2ca35611ec60e9b4d2f0dd62906e390c58a29f0,424,conservative_unmatched,1,1,,,
R0,db9e4ad5925b27ec0584e301c098615d0e7d750f33a62c852097ee5091d20bdb,425,conservative_unmatched,1,1,,,
R0,b50eec873e5ad85197e459d43c6a8a7c64c7be7730e766647b9b32f8958cd6e7,426,conservative_unmatched,1,1,,,
R0,cc1b2843c4a07d3b4fa4abf9fd5537a7a6d4df902398c1cbe928fe3bce259418,427,conservative_unmatched,2,2,,,
R0,fb53eea3d4cdbfd82c3a411ba354fb72529c745789e35c027a285e3f70071b48,428,conservative_unmatched,0,0,,,
R0,05b9b2450da4983d21d00900b28b53e5a1f95f950395ddc3ddc45cb106b759b9,429,conservative_unmatched,1,1,,,
R0,a3ac2db16dcc74dd63903b195b7d1a3a53338887f18e8639c30c65d8eae7bc86,430,conservative_unmatched,1,1,,,
R0,66e20104ca9e36937afb002e64108ee63a347a8b7749a55b588d30eb3e1409e4,431,conservative_unmatched,1,1,,,
R0,4197c747bb633c56f7d24ec066c22ea16f41b22682b607527cfd6f1a7a2562c8,432,conservative_unmatched,0,0,,,
R0,a497a87c94bd318bdbd3ec6561590a06ed35ab4e87ca913472fb109a78f8bbc9,433,conservative_unmatched,1,1,,,
R0,f4485fff06cc355178561099fde1bff774f6df6adb1ce135820fe0e07515311a,434,conservative_unmatched,1,0,,,
R0,2d77937efb442c0e808c407a59ec6405337a2a3460fb13f2f68d8434be09fe8e,435,conservative_unmatched,1,1,,,
R0,e92916be0b17ba8bf1e2d3ce1809285cc94721729d1978c457f4db8c4f4101b8,436,conservative_unmatched,0,0,,,
R0,44b0ff3b5337d07bc238578620590bdec6e1c913e99c9aedd40c7306c5136dba,437,conservative_unmatched,1,1,,,
R0,170bd7b79b3f5e28736c07ca59bd1f2f2b5d4f0778d08d0d065dd684c879d5d7,438,conservative_unmatched,1,1,,,
R0,f0a97bfafce659abcc15ad3b27366b99f919dc16a513c0931d27b70b5eb2bd13,439,conservative_unmatched,2,2,,,
R0,652e6865f9acddc8831b8ce218dbe9e6235e8c801d2bbf80d878c249871281f8,440,conservative_unmatched,0,0,,,
R0,12f87a813a0f8b8b6295bf7bd67e6b14cf37aea45636ed5ee00d03e5b5987ffb,441,conservative_unmatched,0,0,,,
R0,d63a26a5f8c21cfced4f4ebdcc520a460308329d0c2f1685f083d2ed9ab0b639,442,conservative_unmatched,1,1,,,
R0,7b04f1d594f7376a2f050ee49b8349c5ef562e371b59041d74381aaf3f28418b,443,conservative_unmatched,0,0,,,
R0,3ff83fc265305905760c500d9fe41689de9a1de06044ba371e5d92bef6310802,444,conservative_unmatched,1,1,,,
R0,1a95813d193cd4442bc0b1f87b4bce15afbe7cd42d6c4c82b8f5c88c23abdbf2,445,conservative_unmatched,0,0,,,
R0,e0bd5edf2a653605820916a1a17d66d2397b9ad0dd84f37cbd3fd3810e309037,446,conservative_unmatched,1,1,,,
R0,d3dea6e23727f3861155568fe03f7508dad97315d987d7f509832e7bf6b4eecf,447,conservative_unmatched,0,1,,,
R0,4dab921dc624739a417660847b4c0024fe177b771218333bf14e0d0d4e20aa91,448,conservative_unmatched,2,2,,,
R0,95a4c4f399ab39050cd2c68303c1b4a717e2b85e43356b382b44a3423cac3ed0,449,conservative_unmatched,1,1,,,
R0,85718d8d0d6c99912cd3eac82bdbbb72cee0878bc1891742d1d9ad494dbb5c0a,450,conservative_unmatched,2,2,,,
R0,5c0c7a72328563a4b2a7d65fab7f740984af9984186caff86b9cca5da6bfe86c,451,conservative_unmatched,1,1,,,
R0,5f11fef5bae9d1258380639662fb95008d4620c9b9b24aad7083e32efacfbdfc,452,conservative_unmatched,1,1,,,
R0,13495fa8b8dd9679b0eab26be9488564259999759eb940cad44c16c962ae81f7,453,conservative_unmatched,0,0,,,
R0,1a61ef72c42eed5e7901aa43b40e133c4e51f87ced017db6e1d465d17ca3ec78,454,conservative_unmatched,0,0,,,
R0,a6b0e9b589ed3f6caa4497791751bb855f8ff7bd71783f5676489298a186db22,455,conservative_unmatched,0,1,,,
R0,3d49951b870f3bcf189be0c2ef0d5405a6c21987112ed1b195ea3ed4ddfb46d6,456,conservative_unmatched,2,1,,,
R0,3d19f74837a5c6f5e6ce0189453e4c6b522f560699d85fed9af18054565b4fad,457,conservative_unmatched,1,1,,,
R0,0dbe677afded6fdb64050e827a3a7e21d49e0ab3138a60a2e288dd171af53944,458,conservative_unmatched,1,1,,,
R0,36151d13bff095b0f9b3c390fa02f663a49fd45fe72702bad759cd82db3174c3,459,conservative_unmatched,1,0,,,
R0,225629385e18a6854edb9ae5dee2b6c35e44af3143cc0f0fab0867deec5c52bd,460,conservative_unmatched,1,1,,,
R0,3b0abeb2580501c078d50f1862f005665c127524372015d5674ef8679685fabd,461,conservative_unmatched,1,1,,,
R0,30208d526f61c08aa4e9adad5f98e9a48303a9b9357da44a27292465dbc46bf3,462,conservative_unmatched,1,1,,,
R0,8d0f029901600d9418a07f1fd8a7b00c1d0b43e684bd28f66e21c5cf7dcd6021,463,conservative_unmatched,1,1,,,
R0,55d65dd88579a7b1789b4e356b381badd401b3808258dce2c7f346a5dd179c07,464,conservative_unmatched,1,1,,,
R0,65fc55908795c03596628c3be27eff5761f85e2f1b4291d6717c471653ee17a8,465,conservative_unmatched,0,0,,,
R0,afa6daaad76b24e7324cb78b11b89285577dc8bbfcf69fd9a2858f75d0d2d255,466,conservative_unmatched,1,0,,,
R0,3f3aa71345eef153c551d8268b4cf413be9de4e5ebe03d0b0aef13d7178f6451,467,conservative_unmatched,1,1,,,
R0,ecddaa9fb5fe0229e957962b58fa482e6fb92d8f808ec76bf3448ae1f9070c00,468,conservative_unmatched,1,1,,,
R0,e0d210eed199a9e6092e65b724d0b6abf80444548010500e25c9fbfa593246e6,469,conservative_unmatched,1,1,,,
R0,3a7f050103c325de4173d8ce18ea31c2b8a5424d5ca15132d1d2e938a40e25f1,470,conservative_unmatched,1,1,,,
R0,d6c2e29b139b700ff7f46855f1fbce6d187c897106391edbf79fbf80ed1f1c14,471,conservative_unmatched,1,1,,,
R0,3228a5c1892f93600a970b9e099b3053b891a018a2b4fcdbe092d118a96a8fb3,472,conservative_unmatched,2,1,,,
R0,55149a64f268a012247a00f9c7f3a36b557a25430fed6016ab547ff1c38e61b2,473,conservative_unmatched,1,0,,,
R0,8e4ea3523595a6acd552728b47f2a13b458234f347559c26cb13139a095da1b4,474,conservative_unmatched,1,1,,,
R0,9b5390ef3260489b3c3887f9fe6f349f50d003bb156f7742f95c91a2857f2dae,475,conservative_unmatched,1,1,,,
R0,ecaccecb377bfe6bfdaa2574f6cdc96491a0894b2480612d0376098a403592e1,476,conservative_unmatched,0,0,,,
R0,1971d2b4a4cb293ac396176c6d1190289df940842c256fea5bf08fd520cbb4f9,477,conservative_unmatched,1,1,,,
R0,50c59de7b7fadd459118ad53531a05379edf5c0bbf8786fc3b4b96a2d52bd55a,478,conservative_unmatched,0,0,,,
R0,9d1ad6603c4fc4417efe8b4d68b4771693ebeb51d9cc5fc47e7d55d6a396ae28,479,conservative_unmatched,1,0,,,
R0,8fd0fe4e154f5d8d0e6fd22a060280c5fc7e2f73594c63d13a67e97a3b835a6b,480,conservative_unmatched,1,0,,,
R0,e63fd967ad59bf73b27ba4efcf551436428f26a03ab3e1ca498f3e01f0550a1a,481,conservative_unmatched,1,1,,,
R0,e8921714e78de17aa9004ed167d45bd0471420f26d1c05f61df1adaf22cf37fe,482,conservative_unmatched,0,1,,,
R0,2a0de0babe99f6482353deccfb8c5a64a0d4e142134c21435a7d5cb4bb7a44f0,483,conservative_unmatched,1,1,,,
R0,4e8d3b7274c27d5592e32b4eb3028607e6458d3fa96ea1c253fae1519ce42ebb,484,conservative_unmatched,0,0,,,
R0,c32bf43dea1035a78327d54bf13e6655b755788b7cb2b89bbd177edfc1270a1e,485,conservative_unmatched,1,1,,,
R0,39f5260d468bf91cca4bc94b0f64140f65b1569a4eacdacee827afe47a7a43af,486,conservative_unmatched,1,1,,,
R0,8da546665c37fd3768dd5df0c43d9e48a594114602af5888eca3732f0b8f2bdd,487,conservative_unmatched,1,0,,,
R0,d3dcab46cc222b84f1ffdcca86f298db97158c380bc905a790185b05af010c3d,488,conservative_unmatched,0,0,,,
R0,aeac0b830c55c2d51b6a33e30e0be051cd140df152dd398a2eddab2a28bf9b35,489,conservative_unmatched,1,0,,,
R0,f1f7629e3f53f2d8e749f46a993a6e72aa316c1d9c1f8b1c67c6dd1a677d2932,490,conservative_unmatched,1,1,,,
R0,8e66ea34596e3d99a63ea5e1e0165c156c716d735eff28f761ac0ed48e7252b4,491,conservative_unmatched,0,0,,,
R0,5db554cde5ce7bc9cf816db20cff72939c5d380706d527f487672a618aca59be,492,conservative_unmatched,1,1,,,
R0,ad3bbd4bc195aca26dbe34255846b204647007f9008cd1604caf31a6030ec266,493,conservative_unmatched,1,0,,,
R0,6807374cf8dc72644182a43a9da4afcfba4ad80f80c056f982d40cb0cdd9609b,494,conservative_unmatched,0,0,,,
R0,e92297353a3a22b944725a165b52f80a1965ee09f6178dfc184860131871920c,495,conservative_unmatched,1,1,,,
R0,64093b9f13e7c9c5796331cf22a51a3878853dd9a68ddd7e2bd97746e9a148f9,496,conservative_unmatched,1,1,,,
R0,c997661e8f088ce61daed2d734e2baf038d0a5f5a2326a8545dcefa81f72bec0,497,conservative_unmatched,1,1,,,
R0,d064c27e57ecbf5d0cace935aea0fc9d1053dd486ab0eaeec1c8b8e510cc7bd3,498,conservative_unmatched,1,1,,,
R0,e01c7f73d3b9c5e56e27a66af611a14995b4b65854a282507dbf90ced9dc54ac,499,conservative_unmatched,2,2,,,
R0,ee64c4c983197496a5a20dfb847c9b4515dbdade50852024c565d1a74b63cc24,500,conservative_unmatched,0,0,,,
R0,9662010e2490990d85dd702691d3e752f5a17e905f96d98be43c275a1e08a893,501,conservative_unmatched,1,1,,,
R0,f84b59feebc9f4c0c496f360f1ca19bbe2d5beeb52f49c9fc163d951a96cd776,502,conservative_unmatched,0,0,,,
R0,f9871cd35fbbef3dcc9a11edf31cde93a1421f2f6768ec1eda59f1fd8a7eda5b,503,conservative_unmatched,1,1,,,
R0,f865f3eb3350200dfbeb524ebdd2d755fefe3d4d2a2093ca5e4c3d388c760e50,504,conservative_unmatched,1,1,,,
R0,6c25dd980ae55d61fd3c42c5c5e6030ac2dddb2fcce89e3ba55d1ed3f42fab9e,505,conservative_unmatched,1,1,,,
R0,555340884fdb40170947c98290702c40554069d24cf22f20a9785c5218582ca2,506,conservative_unmatched,1,0,,,
R0,b4ddfccd8e4d07b77338aafe76e7c9ca43343a328bbb848444a3ecb6133dc14d,507,conservative_unmatched,1,1,,,
R0,857b369ecd76d80997f03f4eb841148b4a57ca5b325132205a6ff964ff20122c,508,conservative_unmatched,0,0,,,
R0,74137ae4e7726b7bd996489326eb22a2b8918ea0504267c8fb1fbab7f5ae7b42,509,conservative_unmatched,2,2,,,
R0,862548383e807e3e1f19b50f24a8569b6ffb9dec43bdb049f653d08bc3af9d3a,510,conservative_unmatched,2,2,,,
R0,50a1482d80d92dbb826319e4766efc53b1bdf8ad4e84880dca534a5dda4f5043,511,conservative_unmatched,1,0,,,
R0,09483a45ca26429c517c73946e7c0e42d0b268c8e54f9f87e8d06f6ddbddf0e6,512,conservative_unmatched,0,0,,,
R0,e3b43d0c2f88cf262221ae16e2204cd0eab17feeda587be40cda3a8f76eae2f7,513,conservative_unmatched,0,0,,,
R0,2df6a5e9d91cfa9be614ad5f9caee8cc67f367e07626e56fc4f67efbfaceff1f,514,conservative_unmatched,0,0,,,
R0,293fd70db77ae8dac4ff7015aa8471bbee8dc11c94d69214be1164a3a65ded47,515,conservative_unmatched,1,0,,,
R0,1d8c825fa4140f5726cf96d2fbc410daf8dc1449a57aa3018d8d69710baf1acf,516,conservative_unmatched,2,2,,,
R0,96fe6b8a15df2ad16bdc1b1426c5388a37e247e2707b5f5e0efc650981a54522,517,conservative_unmatched,2,1,,,
R0,058ccc5f0c17c416ef06df1ed5deaa48d112f42a14f667bcf9846fdb664ef366,518,conservative_unmatched,0,0,,,
R0,ec4ebe569d3745dd4c8b9698518c7aa342acae412e99da6fde3e888b7d603a83,519,conservative_unmatched,0,0,,,
R0,6249033ebb4873778de8d435f8863876ed0ccf3c336662af8118b4596dbc2285,520,conservative_unmatched,0,0,,,
R0,6be95b1a0e561d03e9ff9bb3bf48e85fc3bb4ae85b750949097b5270445e0b2f,521,conservative_unmatched,1,1,,,
R0,efb4d196f4193d1291a1cfb89719e049b970e0bf437f8a7e200e7362d60ca360,522,conservative_unmatched,0,0,,,
R0,ccd0b5095c5ca020ed29dcb4ed07bc78fb4f8bd1d01103c832c16f74415da411,523,conservative_unmatched,0,0,,,
R0,866639f3b9f95c14339f44ed24824b71cda6a70d63a86fe0edf0685a8baf5c75,524,conservative_unmatched,0,0,,,
R0,7788b10861e73289e28b8fbecdb74643ae51fd2135b9ae4865d7ae2a22141973,525,conservative_unmatched,2,1,,,
R0,c79ed7e1c220976e51dd4332360fd4507729186d68877b8df22893d4867d9530,526,conservative_unmatched,1,1,,,
R0,a9da9db2467c1a5fe7257adb1987e930ea751470576c10c82f4397f3dd37b63f,527,conservative_unmatched,1,0,,,
R0,59e566c9593c67991a9806b91f08f73822a0101cbf3d442380b33413985e2c61,528,conservative_unmatched,0,0,,,
R0,85a02e1802e7b312ed957ee39e2bbfe0b4632dd2d25d3a8ce177b48d26ba1fc2,529,conservative_unmatched,1,1,,,
R0,302494caeb3ee0101f8f544443114bef1a41d67b3f2ce1366f69f9a3f31ce11c,530,conservative_unmatched,0,1,,,
R0,d26328550683e27aa4c4fe5be7e2d668c08dadae337ff364dbeb060fd5a931bd,531,conservative_unmatched,1,1,,,
R0,c67ea185339d2fb8c8312dc38cff21dc6b000f785be421eef88bbdcdf6c6b17a,532,conservative_unmatched,0,0,,,
R0,1c68670c6ff38a49598f90f6157ce8bac895df1254da553b54bf687cfa750f91,533,conservative_unmatched,2,2,,,
R0,4f4759b87edf8e38b6b6c5dd3a52b7fd18a9f97b78b0b8933276755f4ad88080,534,conservative_unmatched,1,1,,,
R0,ff5ec594276eaf7458f2130bcf3e75b5d349c038b2b084453d15878aca86b077,535,conservative_unmatched,1,1,,,
R0,aeabe5f00bb9cc0af7000e3fafc88866155e65ab4d5da58274d0dee130a02388,536,conservative_unmatched,1,1,,,
R0,721efe630e75ad47ccaef650071f9859ae1b8779a8c95ecea3c05cada999c1f2,537,conservative_unmatched,1,1,,,
R0,d1ad465a150c1a7e96ab02a505ebb64e6d4a4d6ed85a8269d159aae2333f6aab,538,conservative_unmatched,1,1,,,
R0,33aa276ee8893c316e5b08f90d403be82db716c7a10ce7d0c6a91aa861061f55,539,conservative_unmatched,1,1,,,
R0,2de6307edc2b60e3648d6c261996c60ddb15ccc9f4069aee2e9ee4e9ca9dcaee,540,conservative_unmatched,1,1,,,
R0,e40a0fc10b44506213ca47e78c7d510fb7715425780e3f270f0a25a0b0fc9acd,541,conservative_unmatched,1,0,,,
R0,d1958961f2d45dc817103b882041c89ee03cfc904630b276a8df79cc1bb77be4,542,conservative_unmatched,1,1,,,
R0,112e7b51e7d078dd62fe5bcec15f48660dbfc572df659aea50141c8a731a6877,543,conservative_unmatched,0,0,,,
R0,26b4822fa63df3b3e9c29f678473792ea52b5b587e2cab81296a5a914d19b8b3,544,conservative_unmatched,1,1,,,
R0,bb9a219543e713c160a8c0a5217ff0448abee776e104949e51d702515e4d91d8,545,conservative_unmatched,0,0,,,
R0,60dac4fdcf327b961a62f11465381e422541c18c956cf5cf22c128d4b842b021,546,conservative_unmatched,2,2,,,
R0,d98717d4a561c7ad6b0aa9c5e73ecccbfb6510d07c8f23d7934fec3f8fbcf474,547,conservative_unmatched,1,1,,,
R0,298396fbfdd8164ae18c277866976ca23849141cf1815c2bcec80e4ae07c61b7,548,conservative_unmatched,1,1,,,
R0,fb94ee8ea1e782bef0347d3f68c7a3b2779dd41a95c0aa9dfffc9da76f70ba9f,549,conservative_unmatched,2,2,,,
R0,e04e7d38a93aac3cae8930e1afcc919894b9a520fcb4dca988b331ff9b2900f1,550,conservative_unmatched,1,1,,,
R0,5b5485c49c314af261c3458801b8a573f2c1563a3c311c29143aab59d9d911ea,551,conservative_unmatched,1,1,,,
R0,7c393fcb8c6e7a0bd9c175f589c70e5aa04536220517e7b236f9e14bf21c6822,552,conservative_unmatched,1,0,,,
R0,05567423ae09c5925d6146877dafb322bf8ffcd07a7f3933256d62e795f81820,553,conservative_unmatched,1,1,,,
R0,f0a4ff0b2550559804aa110b3356616d37f08aea297e713738efde6a82a9c905,554,conservative_unmatched,1,1,,,
R0,acb36f95ba3fa4630d97646560eebd228e5df633a2b53197160afadbac82d3d7,555,conservative_unmatched,1,1,,,
R0,def918c1724a318819400b627c2284b9d77b244b87ba2494717c910e5c9c38bc,556,conservative_unmatched,1,1,,,
R0,dba044228ddb18bf24955ec6f54e2d9d259a453b9e3cc7ac001d1eb1b5c9b9ff,557,conservative_unmatched,1,0,,,
R0,81797337a73820dc32b1a903022de6137363f685e79ff3d28361b746ffaed4d1,558,conservative_unmatched,1,1,,,
R0,f4d53f6572ae8b078ab81ba0147ca9577c4911fee5434fc10bcd3664f586de6f,559,conservative_unmatched,1,1,,,
R0,db842124e7a33dd5887c8d22a815b1649cda7401b683f5f9cc6c7a9dbd533a3e,560,conservative_unmatched,1,0,,,
R0,dfb22216dca7b15a73c5d13592b3a4d456865e6b14a914fc23a7440d2c793feb,561,conservative_unmatched,1,0,,,
R0,49adb4d4ef7cf9b7221faad79fd9c2cb259872644777044983365486723c67f4,562,conservative_unmatched,1,1,,,
R0,be89c78f29804f04841228bffef4532f286878a08b52cf8f4f17b15a9fa83364,563,conservative_unmatched,0,0,,,
R0,1e575562ac1159a8405c09757fa2ecb84640a371604a760ff9c484986079044d,564,conservative_unmatched,1,0,,,
R0,297cf77b86d2fe61e413421d7216874ab77f45748dff5f7a2531cdaab79a4050,565,conservative_unmatched,0,1,,,
R0,42782168745dc8505000dbae693962b78560d30e77d5c939cf351a8b1435ee0b,566,conservative_unmatched,0,0,,,
R0,6fd9a47fad5e93b780be9618fa002099728d3eff67212f1dfd621d4fe09e5eca,567,conservative_unmatched,0,0,,,
R0,c196a7c8ed3ca9e717d3bd3e95cdfe28d93e5d9cf747d077bb16d08a20a5e14a,568,conservative_unmatched,0,1,,,
R0,6fb20bf325c96c92f7685718fe8ac085abc4d9ae3655bac14eeb57923a7ace8b,569,conservative_unmatched,0,0,,,
R0,2f662e03b27bfb4526a71add2807e7200b7744865e734e627c558dbfcd716b5d,570,conservative_unmatched,0,0,,,
R0,882cedeb9fc2ec46872ae63c3be3b86e9760a8947f6a1cb1a2e0b94eaefa5a4b,571,conservative_unmatched,0,0,,,
R0,8083fab72781bef33f4c3f68371defad870524369b374017badac30ed6b5920b,572,conservative_unmatched,0,0,,,
R0,83113f35b1ed6dcd55e689ac8670be1b8e9643d34559e493146083d8e5945dce,573,conservative_unmatched,1,0,,,
R0,1aaef0af18b1a224fa7924b8a1453fb8b5547a6dea9cbd572550da4fdf495da9,574,conservative_unmatched,1,1,,,
R0,7be80fb1e0b72f3463c8bb1765680e76d75477d56995fa3950c138b538110adc,575,conservative_unmatched,1,1,,,
R0,55dda6439343432382a3c5fcfd38503ba528580be87b0d35cdba66b9c9b827d2,576,conservative_matched,1,1,,,
R0,531f8aca33aab4bfc992087de862b25def4dea5b91bea6cc49aacbad07b45b7a,577,conservative_matched,1,0,,,
R0,4b55155083aea75c9650635eb846d1e7abeaa867e3c5c629e2c90461482485f1,578,conservative_matched,1,0,,,
R0,cbff20bc53e43cdc376274e957b0ffc5d0e44adc151c80bdf4bbcae92be525c1,579,conservative_matched,0,1,,,
R0,05ccbabae43833184ec6c444793c4e8cacbda9996a75f0cd529a00fb88642dda,580,conservative_matched,1,0,,,
R0,d083e107e8f39557b9da7bae2f268fd65ec49b913d65d226417086af94f9511c,581,conservative_unmatched,0,0,,,
R0,77746b53c327b916c5ec4cc31ec639b45db4160f2d1135410449c6eaa0246f2e,582,conservative_unmatched,0,0,,,
R0,27810cd10888196a27cced776fd1436adf51d1cae60009f0c7ef8058309b1000,583,conservative_unmatched,0,0,,,
R0,6dcbeeb20de7ab3fb6be30cae5c029490f226a6c6e9839f8bb4882119aa94265,584,conservative_unmatched,1,1,,,
R0,344202bfae426b40571c614ea63322e5df0a08a9e6479a8ee7d45ead1a7607bf,585,conservative_unmatched,0,0,,,
R0,4d38119ab66a25344f4d5e9cac08e7a79647052d37639e78099d0d83f405388c,586,conservative_unmatched,0,0,,,
R0,815683c5eb3b782f1a2feeefe55a834447a90f6a62356c843d751e6ed6f7089f,587,conservative_unmatched,0,0,,,
R0,f2467f3e3e1aa7ea454678b2f6366dcc05717a73be181ad40e267ca3f4a20eaf,588,conservative_unmatched,0,1,,,
R0,e8163c001a265fe053d03db65ff85765ce01cdbe0255fccc0cdc667d3e54d98b,589,conservative_unmatched,1,1,,,
R0,4d13f0a81cacab75a84d737ab08cf1b5159479efc79f18190e8eff251f50d3a5,590,ambiguous_shared_key,0,0,,,
R0,8d5547c0b5e44d69c28a4cead541c515bc82e8f18adfd972abf57b2824ce7a43,591,conservative_unmatched,1,1,,,
R0,43460a59a097e1443e8fbc9958de350337bb25f8ffffc2fc154630bccfe4cab4,592,conservative_unmatched,1,1,,,
R0,11f088393304daadcce4ef6f7aeb11030a552f71b38036237f26bfcd5781383c,593,conservative_unmatched,1,1,,,
R0,5cbc809b12bbee7f9264f64fb42ed13d33f0a6e6a36184a8abaaf767c2a5e4d8,594,conservative_unmatched,2,2,,,
R0,f1c806ba37d90be9bd2c5d433faae60be09e78bd25bdd026832fc63f5b765d18,595,conservative_unmatched,2,2,,,
R0,638b177ebfd03aac5f3afd7b87a4197f8724aebf6fb9331b5739e0ecf63e509b,596,conservative_unmatched,2,2,,,
R0,88141e1c7c290dd5013d1430599c08e066cf9b67d49c79ba4eed15b5368f8865,597,conservative_unmatched,0,0,,,
R0,95e8238ccef68ad4f8150229d207753b7ab128e23d88ab78b7641a93e0bf0b7f,598,conservative_unmatched,1,1,,,
R0,62984b6078e75a305726c858e36e398e1c744cb748f515a9cfe0fc9d54a69c63,599,conservative_unmatched,1,1,,,
R0,28acd3c3d384d8b12fc6beb8a099937473fcf151408bd2085df22511ad2be313,600,conservative_unmatched,1,1,,,
R0,822a295f2c49ded241a54272d201a97fb3dc1b2409068f0e353f918e741a9ae8,601,conservative_unmatched,1,0,,,
R0,4a8567b621350cc729465a20bc85964673deb69044ecf71e3b59a4220f804585,602,conservative_unmatched,1,1,,,
R0,e452e684933e73c5030cb56fab663ab3633a1033ce3f9525ca49c259cb1ed4b7,603,conservative_unmatched,0,0,,,
R0,ac5e5e4d7d88c4fc6bed3d9c971328c75ec9aeedf9f5e57eeb490d0e05eb0235,604,conservative_unmatched,1,1,,,
R0,e76d30071132859aee98d30842d0336ad4f55ec000ceee702f40c262f5d29fe4,605,conservative_unmatched,0,0,,,
R0,fecb7614f4f605bdc5a580d71a1b278aede770767de1712824a679c6ef5d62c5,606,conservative_unmatched,2,2,,,
R0,0c62dd9eba4e97411d8065ea4a297154674fd8225c2e5435c85f3e545314f202,607,conservative_unmatched,1,1,,,
R0,b08cc7b11c2239e58759422b6bf5a2d08f13ee0ebbe8cc8c7d36f98a1fed1f20,608,conservative_unmatched,1,1,,,
R0,2ca5957ec014c711ba4a9356fa48dce7c2814b7c34ce6430ed68fa5e83b052e6,609,conservative_unmatched,1,1,,,
R0,71388cc5368946416cbcddee50e2af8f0a6a2794c83dcda516b9f0463aa6ad3a,610,conservative_unmatched,0,0,,,
R0,01da3e159b6ce80ac8e0f280d001e0b1feae934b7f87e69e52a68f6f40f1631b,611,conservative_unmatched,2,1,,,
R0,cbabb7d95eace71c3efce48e034e79054df0c1930a226772f3ea9a3f42eb2cad,612,conservative_matched,1,1,,,
R0,2d1b2dad312d67abe149344cc5753c2181558ff169882e194058c0eea17a64f6,613,conservative_matched,1,1,,,
R0,0bc52b5e19aa1667f7fbc7756b07899f366c304e861f02d85e0aef1f64de3cbe,614,conservative_matched,1,1,,,
R0,457bc623d54c8df675fda66a9a5a159bb6259cf81fdd5a312ea24da7116effd3,615,conservative_matched,2,1,,,
R0,fb2e62e9e165d1b9fc47a6787af9d64df4a4b63f931a035289966a672894fdfe,616,conservative_matched,1,1,,,
R0,72d66c7979e51d234b4f5c7cb46e06e165d847b6d88d705eae864ec291dd7fd2,617,conservative_matched,2,2,,,
R0,864a47eb9df8de430cc753dc49cfb0c61bbddcd7e39861184b1c6ac25ac9961b,618,conservative_unmatched,2,2,,,
R0,352f35ab026498342b42592c28f2e2be9498c17dfa667c80faea045076e8af7f,619,conservative_matched,1,1,,,
R0,56d3d8cfe1ee66937b1b304de962e50840fc5df249cec9cc9f427db1842d8971,620,conservative_matched,2,1,,,
R0,3f51ef1cc86ab991c28a55516800a2b6b5ef37565f358b017c65fa7577187dfa,621,conservative_matched,1,1,,,
R0,dd38559e4db1b62eb9ee7721afb2fa8ba6d0e620b0ca68c3466a2b552c86f887,622,conservative_matched,0,1,,,
R0,5bfc17c84629c446ef515aaeaab83b0c8b4ad7591746f50c3f337e0eef4bd5ce,623,conservative_matched,2,2,,,
R0,a288de67ba6e534c619fb61e1a8643504542cbb8d7cfc5f5b4a96fa78e5ef948,624,conservative_matched,0,0,,,
R0,f21c6f9076039176e5eb15df163162d58f098a9ae11653ad81acafabb9c36e7c,625,conservative_matched,1,1,,,
R0,791278aa8844499b0a60f95a26795155a5f9545a142a562dca7b40238639b234,626,conservative_matched,0,0,,,
R0,f73037bf5bb7948b4d6c45d2a9d27260dd1e3d46d4cda2bb4658f1b9abe5c35c,627,conservative_matched,1,1,,,
R0,9dfe951a72432d669852444c668c15b73a677afe22aab4dd3febadf96aea1bbc,628,conservative_matched,1,1,,,
R0,ef3b33bfd33c9a8d675e8c1562f5c2d503094b1f1887af3be3c1e16e100d9af4,629,conservative_matched,0,0,,,
R0,ba39525bb89a78df7e0bc9a040dd9c4c00f64baba2719bf9fb4a4bf7aa3dcffa,630,conservative_matched,2,2,,,
R0,ca60a0d1bd9510735b9a2c5edb1ab0a7eb2dd31d96b642bce093e7ba08286f2c,631,conservative_matched,1,1,,,
R0,0b62dbcc4ebac3c7caeb54877d5a7729939755248ef62d510998e9e0fbed957f,632,conservative_unmatched,0,0,,,
R0,52a96206cbacbf10f2bc11340bd5210d489f276f3d08ac28be80c19d2cf1da08,633,conservative_matched,1,1,,,
R0,2fe1c3d95e43dc7878c7ba2874a7cb62e7829661ff3655b02f110fd5bf516184,634,conservative_matched,2,2,,,
R0,61b0a6498279a260ce8cabb4d4114bb5cda03e71c6f6954d7b766ee8a31b2746,635,conservative_matched,0,0,,,
R0,9601c9dd198c4a6dc5124d4d420e2ff339734b9a9e1079da056b3412d663b347,636,conservative_matched,2,2,,,
R0,29fce523320e3983ff6849f6c475a158aa2fe75ebd2e9c644855bcd863b27cc7,637,conservative_matched,0,0,,,
R0,6f3f6818c91a4e4ac44cd061158f5c34bee1b5baac40fd4e469a3ed20476104a,638,conservative_matched,2,2,,,
R0,1f54ce13a7724f8e43df533f143951e361144f772d6d5ce76fe8e5fc8c77364c,639,conservative_matched,0,0,,,
R0,c69567d2d69504dcc3e49e555057fd7d89a52635db8622cab985007a194e53ea,640,conservative_matched,0,0,,,
R0,4ec623fdc95e46d2eebb4a617716702a53c1664c18b6850a31a71541fbaf8d81,641,conservative_matched,2,2,,,
R0,a35adafe1567244423f4e723b5361fdfc62fb0c766c9685554fa976277ee04ba,642,conservative_unmatched,1,0,,,
R0,7ccf5e3af45d32c2b891424dd669788c94857f3adff5795a33e4b30a42f41db3,643,conservative_matched,1,0,,,
R0,f348edbafe367b5ca9552438520be0642620dd2e2fa1312d7bf2b74940eb9780,644,conservative_matched,1,1,,,
R0,f2d3074dfbaef344aa4981cbffee6d788ff0def980a874cc42e1dd4df85a9726,645,conservative_matched,2,2,,,
R0,360878e8a6171b73196b1189a0e33d9b6733e9ad741d46f90bee01573fbef0dc,646,ambiguous_shared_key,0,1,,,
R0,674130e6bbe693f70e17ce995304b93967bd09052c13f383b45753334d551bc7,647,conservative_matched,1,1,,,
R0,1f87f903f6991bf3f713838f4ac2d9b2d167b93ad3fc82cd0bb8919543bca220,648,conservative_matched,1,1,,,
M1,9da00394a8e5d8f9ea66036a6a89912efa355fd9ba96bfa4c528435b8bef9db1,0,conservative_matched,1,1,0.2255602175602176,0.7744397824397822,0.0
M1,2032c66fadcb9fb24653402444d869a8a23e06dd7c522221ee5e19db135147dd,1,conservative_matched,1,1,0.2344146880166617,0.7655853119833386,0.0
M1,366f43b68b77ee5d9d4d649052f097811eedbdf9b66e66e3d3a40f469b388044,2,conservative_matched,1,1,0.0,0.9884484126984127,0.0115515873015873
M1,f827075494ff9d262d45598bb3a1701eb955b99abca1ab6af3b2e2331aff4808,3,conservative_matched,1,1,0.0,0.9696504329004331,0.030349567099567102
M1,f816923b16d6506fc091cfe92e86e1139e2f0b3e58c593461da93f6ca5c45a5b,4,conservative_matched,1,1,0.0,0.9932777777777778,0.0067222222222222214
M1,5fafc4bdf7193aef5fb9fb71d655df200121838704e28ac2fa6588954ee3e27a,5,conservative_matched,1,1,0.0,1.0,0.0
M1,9a87b2493917ab4a2e2a0087e5caf12c4b02676cfdfef54992ed8ca5ca77f88f,6,conservative_matched,1,1,0.0,1.0,0.0
M1,d9baf8f9d90857c2e8aa4260b7eaf6c386460681228c2bee02a6b55597a43b69,7,conservative_matched,1,1,0.0023888888888888887,0.9966111111111111,0.001
M1,6b0a215f6bd63db235793c4ada62b4853f51f8a279def3710a3687fc319d4da4,8,conservative_matched,2,2,0.0,0.01937682419172189,0.980623175808278
M1,8726e7c2817fb8c8315b2db10843e3074a260645fbf1fccfd23450a6dfadb425,9,conservative_matched,1,1,0.0,1.0,0.0
M1,8b3e47f5ebce0eb3eab15109aa814094f34c092ee88c49f965a0c31f02e89665,10,conservative_matched,1,1,0.0,0.9696504329004331,0.030349567099567102
M1,a6252e1f0313cc82adc4651b4f4ced232435f7dff2e029302acc772e52fa2efc,11,conservative_matched,1,1,0.0023888888888888887,0.9976111111111112,0.0
M1,51bfbad6d53b93a899767c78e04aedd5268a69726ca0fa60eebb8995190d4982,12,conservative_matched,1,1,0.0,0.9884484126984127,0.0115515873015873
M1,1fa27a62ee1b2d2ba6c92d8546a424dd3509710635f8a2c2568cc88597bb86fe,13,conservative_matched,1,1,0.0,1.0,0.0
M1,14caadb35d5c89647b912b53c06bdcea5896a8299a9358c8bd67f727a3feec4c,14,conservative_matched,2,1,0.0,0.9696504329004331,0.030349567099567102
M1,0817d574402933c00d82a89b1851b0d40647a8234618ab6b293d902531e9fea3,15,conservative_matched,2,2,0.0,0.0,1.0
M1,3ebf8a2cebdec533bb2f688970be04e9d39292494e756baaecc985483868e197,16,conservative_matched,1,1,0.0,0.9986363636363635,0.0013636363636363635
M1,df5f1e6242f05e2e7995e736400586f8d34bd840e6cc2238daba43556f312bf7,17,conservative_matched,1,1,0.0,0.7979792568542564,0.20202074314574314
M1,563f081ac98d1f31498a91b83ae8a2be907cfab0de2d472d199474e4e5eb8c6a,18,conservative_matched,0,0,0.7023881541575038,0.29761184584249595,0.0
M1,5cba6871fec089b5dc9bcf045ba6e02ea473d055005f13d552c94fdac6686fe5,19,conservative_matched,1,1,0.0,1.0,0.0
M1,716a01bc74c08fe1ad70772ed77afa2bc34025fce7092dab0813200de8da2e99,20,conservative_matched,1,1,0.0,0.9884484126984127,0.0115515873015873
M1,7df5d7c65a174992687578a093dd207e1ca89156b6eb9caf2dc28c6a498c4c69,21,conservative_matched,1,1,0.0,0.9990000000000001,0.001
M1,0fdca47962352eadea2e4637769c1d9eb007bd0634379ff90463a8a2c57c1789,22,conservative_matched,1,1,0.0,0.9884484126984127,0.0115515873015873
M1,e61c91569c6de30c3d7a1a050539ef58a6e6b2819fedd91cf751aa0b3b5dc43c,23,conservative_matched,1,1,0.23214730356745628,0.7678526964325438,0.0
M1,1d7362cb11b923770fcf1b9a9f01b7fa4ac11819920853a5a2909ecc1bcf6867,24,conservative_matched,1,1,0.21498243277190657,0.7850175672280939,0.0
M1,3d0d1c44ebc74d642e0c609d5dd4b5cfb467ae332a035c679b0c27cdd1ec168f,25,conservative_matched,1,1,0.21498243277190657,0.7850175672280939,0.0
M1,f791c4eed66654e399b28a4c327d7b32842e48bc7cb42c5ddf0334cb435a54fe,26,conservative_matched,1,1,0.0,0.9990000000000001,0.001
M1,c346e57479e178e7b054371aa9a5f68b51e42c0e4a895346230cc32926dff8fe,27,conservative_matched,1,1,0.0,1.0,0.0
M1,3abda39dd64284c601a97a2fbab4b8034dd42e259e9b097ab0138698fe51f5fb,28,conservative_matched,1,1,0.0,1.0,0.0
M1,4f83a42c27ea668697977110e8f196526ef09e0479182cf78470ad75e79419c6,29,conservative_matched,1,1,0.00125,0.99875,0.0
M1,6623d48d7b4f14736e86dddd3ea44cbf28743d1a0fa21fd0bc2badc498627870,30,conservative_matched,1,1,0.21498243277190657,0.7850175672280939,0.0
M1,adeb2a11168a375acac8a5ba7b0b12f61ea068f42dc92905098e6e9cc109f6bd,31,conservative_matched,2,2,0.0,0.11801585876825647,0.8819841412317433
M1,7daa9011bd495f51a4514b37670bcdea719bbc30097f1653406dba4a8e98c046,32,conservative_matched,2,1,0.0,0.7979792568542564,0.20202074314574314
M1,088e125061899aeb843e08b444d414177713a8aeb3850db4477647a05e97b064,33,conservative_matched,1,1,0.0,1.0,0.0
M1,754d80adc397c4fc9bec4ce162ed868fbaba4b8aa3ab35766de0fb6def2f0ceb,34,conservative_matched,1,1,0.0,1.0,0.0
M1,eeed46e477e7a7086b3dd17a4ffa4e4e996e9f005a71a8b1bbaf81c10d4d046e,35,conservative_matched,1,1,0.0,1.0,0.0
M1,ff103515b8dd75894b97d53c0362207acd3e41b19365124568cce40e99ab29d0,36,conservative_matched,1,1,0.0,0.9696504329004331,0.030349567099567102
M1,84eb0f805fcb924ea581aaeed6c1024f9b78a793c930404ba039a4ceae8ccc01,37,conservative_matched,1,1,0.0,0.9986363636363635,0.0013636363636363635
M1,da11b9a824ea17d36ef8425abb47a68b80631b00f26d5fcb34bc902ab7e564d7,38,conservative_matched,1,1,0.0,0.9990000000000001,0.001
M1,a3aa9205c2dd6e6da3e018643f3c57b94d1f7d8f031190e1e8fe1aeb4473edbd,39,conservative_matched,1,1,0.0,0.9941094322344323,0.005890567765567765
M1,6c1ff6b4722162e99085258b374ec75e9c250758b590e5d0c7e5e90d433283f1,40,conservative_matched,1,1,0.0,1.0,0.0
M1,f9808139012c8b222496cdbc2c5823f5a200c1ca0c9a76838b16271cb6491b49,41,conservative_matched,1,1,0.21498243277190657,0.7850175672280939,0.0
M1,0f3b55ce37cdca89a1c78fcec7a77751d9794f7cb1235804469a7daf9e63de4f,42,conservative_matched,2,2,0.0,0.0033686518085495067,0.9966313481914504
M1,0400acddec5641be9ed3da2cb98d514d062d4b150affe3dc22c7d5c88070c742,43,conservative_matched,1,1,0.3828151209170948,0.6171848790829053,0.0
M1,3679ea32f8b94b8ce3d1242fef2d6073a0bdb60fe26b258e51162049223ac77d,44,conservative_matched,1,1,0.21498243277190657,0.7850175672280939,0.0
M1,b65ef40f602471b10735bf76d635b6e867318fbd3b2d79eb292d182ebc52fee1,45,conservative_matched,1,1,0.21498243277190657,0.7850175672280939,0.0
M1,a20449c0fa9b781f95175c7906471527630e66fdd4d57f1ce262975af3ce8991,46,conservative_matched,1,1,0.0,1.0,0.0
M1,c79001dea4273719bcd01dbbfb7dc9181dda44a45e219cf7245f67640b98740a,47,conservative_matched,2,2,0.0,0.0,1.0
M1,3b51ad679e8b0ce6b2fafb421a74825a2de42f8e1aed05cbd3a81335a2923228,48,conservative_matched,1,1,0.0,0.9990000000000001,0.001
M1,f5162c4d57e22476a2fd86a4b724fe8da727100a27f30d4fe72a9c346f5c001c,49,conservative_matched,1,1,0.0,1.0,0.0
M1,342f55c319e97bc4ebb3ea65c99cec118d9ebb0b9c1dc8c76eda38916bbb6efe,50,conservative_matched,1,1,0.0,0.9941094322344323,0.005890567765567765
M1,30dc43bca87dffff763ecab81971977dd0e0eb2ebbba3e56ea466f30648308d6,51,conservative_matched,2,2,0.0,0.4673526114408467,0.5326473885591531
M1,1a9c93c0298921e6e0f103921ca7dba43c8472b77c47cdfe345bc83365ea4636,52,conservative_matched,0,0,0.7345410990583197,0.26545890094167957,0.0
M1,08f641e003d30bb34ea70c8a98e54462e23555149b596c1f323b1ca3443795eb,53,conservative_matched,1,1,0.0,1.0,0.0
M1,bdb3e3243f4945237482dc791db610d13e33bde5b6d72369ed200729dddc360a,54,conservative_matched,1,1,0.0,1.0,0.0
M1,825309a30632ca1e2936b124a778f11cb92b02606b370f89d13bef151f047eef,55,conservative_matched,1,1,0.0,0.9884484126984127,0.0115515873015873
M1,c81837f79017967e7355fc593b81070347505e7400d9bdfc85ffc152e7f91067,56,conservative_matched,2,1,0.0,0.6504444362826718,0.34955556371732854
M1,fd5b4c1d3d861f5a2629640b96c79ba38eb9d1ff76552d929679d3dad440b73f,57,conservative_matched,2,2,0.0,0.11801585876825647,0.8819841412317433
M1,5a01e160eddd0bfbc539ba4edb21a863e238a235071b2454983b79461d8e4206,58,conservative_matched,1,1,0.0,0.9941094322344323,0.005890567765567765
M1,7b13c3dcfc57858b28512dd82b80f9bbc5a38d53ab17609e29661191744e409e,59,conservative_matched,2,2,0.0,0.013834415584415583,0.9861655844155844
M1,fc23ab826a2440d11ef69d2086a1f61b6275743360356da43151abc46afe903f,60,conservative_matched,2,2,0.0,0.0,1.0
M1,cb2b4d4111dfd94cb699ad65f248b0bfb4f2ebfda4969f24c0672a4eea784aea,61,conservative_matched,2,1,0.23214730356745628,0.7678526964325438,0.0
M1,adf16fc552a8d1b40b4ec42e52c444ad8d840e40483acd8054933050b6375e7f,62,conservative_matched,1,1,0.0,0.9986363636363635,0.0013636363636363635
M1,461e4acae5091b1364fab0f058f3a5296ed75a394000f65a696e528c54bf6001,63,conservative_matched,1,1,0.0,0.9941094322344323,0.005890567765567765
M1,2d4a4db57d75d8a7e2d6e56965c925963d33c569c1e24c31a63fb124021beebc,64,conservative_matched,1,1,0.0,1.0,0.0
M1,717139bec7d6697c010ef70919581b03d427ed7b732fe74877da3c2869a2549a,65,conservative_matched,2,2,0.0,0.013834415584415583,0.9861655844155844
M1,eb0ffac90c1fe5ccf1060219e349ca7d29540eb3e630465aa9b969a38900d539,66,conservative_matched,1,1,0.0,0.9990000000000001,0.001
M1,e87f2023e1a92b852755b7851d3150e9d19886692316d048409e5eaceb11dd5c,67,conservative_matched,1,0,0.7345410990583197,0.26545890094167957,0.0
M1,410500105c3281445a1b6e50757dc923dff389861aa9993c0b740a1545b5b228,68,conservative_matched,1,1,0.004534090909090909,0.9954659090909089,0.0
M1,c27b44d54803697af82881ea82d46e3561cbf37bdea8eb62c2df4af1f57d6fac,69,conservative_matched,2,2,0.0,0.11801585876825647,0.8819841412317433
M1,ae7b53521c5f68c35a765aa5d26aa9bfb6604a6b2115fb3b85bc571e44290618,70,conservative_matched,1,1,0.0,1.0,0.0
M1,c95ca8f4fa098b2e8efa4e74297b6a837b1cad117a7c74f757cfb6e899300c9b,71,conservative_matched,1,1,0.448676704874073,0.5513232951259269,0.0
M1,43ef9061e180219186ef1d51bc3c069a634f7f7a0078c5e6a8e339fe1bf5c10d,72,conservative_matched,1,1,0.0,1.0,0.0
M1,77472ffabdf2ba610830e2dba876659a629d3dc9bf1c6a3fe5b3fd11e1a7b01b,73,conservative_matched,1,1,0.0,0.9986363636363635,0.0013636363636363635
M1,6eb8f51f02885e1c53aae062c9d8bab63dd1f60f90936f3349e37283882a4e93,74,conservative_matched,1,1,0.0,1.0,0.0
M1,8e1cfba12ecae9c7fe55971bfee9792fcbabb9508905435e85fb5be079f00c2e,75,conservative_matched,1,1,0.0,1.0,0.0
M1,661a678ac0beaf6c8e05288f361e0ec2e0cbe5cd6eeac862ecacedbc032c4cd3,76,conservative_matched,1,1,0.00125,0.99875,0.0
M1,12e99bde80179014843362cb5bcb78e39e741147045460921df42487eadf8cef,77,conservative_matched,1,1,0.0,0.9986363636363635,0.0013636363636363635
M1,f6f85707110f73a6681ed41afcb48bbfe37fc724bb0552b9d4cf0fe7426ae0d2,78,ambiguous_shared_key,1,0,0.5836520282263316,0.4163479717736683,0.0
M1,fffdee90b6ab369ed3b441fc0d5835dec1e0da61263172332ba409239a1b6065,79,conservative_matched,1,1,0.00125,0.99875,0.0
M1,81b09fc0aa959d8efcc70c33f155000a7f01a30bf542cb50cd16d5ceb5203c4f,80,conservative_matched,1,1,0.0,1.0,0.0
M1,c3aa2339fdff357a10a7d1d16826e1158de5efda7de8df9d86f076ca2646b95d,81,conservative_matched,0,0,0.7345410990583197,0.26545890094167957,0.0
M1,10de938d451cc9cfe6d0ead0b6a8f760560120b56b7ed89b2dc4f651e5451669,82,conservative_matched,1,1,0.00125,0.99875,0.0
M1,a39c3e2842a98f8ce8ef89b6eecb15c7e97b2bba8dd4fce046e6f457f63b132f,83,conservative_matched,1,1,0.0,1.0,0.0
M1,04775e820b5829ba9b9a17482a4af9625350a3a9c39213f678c4a17f3f1c7b72,84,conservative_matched,1,1,0.0,1.0,0.0
M1,dd582bddc1aca5d5bb7c320bb57fbf5870022badac32ea6378863b35a16c8ee0,85,conservative_matched,1,1,0.00125,0.99875,0.0
M1,b64a99906f7914e194b7e5bda1235e3fffa359bf7c1667dd42b4268f16478434,86,conservative_matched,1,1,0.0,1.0,0.0
M1,93f04a3c609794b4d53b3b5d2ffcfda0a1358e9ed321e072e10f1c4d0a40b4aa,87,conservative_matched,2,2,0.0,0.11801585876825647,0.8819841412317433
M1,f71c1967da2534ea41551a7d2611bd192dc4205226657d845b33cb958d52e12f,88,conservative_matched,1,1,0.03945292207792207,0.9605470779220779,0.0
M1,d1873f2c273d9fff1d54fa797703976f13a01d3298453e10d99cb401551d4999,89,conservative_matched,1,0,0.5836520282263316,0.4163479717736683,0.0
M1,7e9752299515d5ecf7f759b6eae0d65703a71dea906d252e95aab67537ddb71f,90,conservative_matched,1,1,0.2344146880166617,0.7655853119833386,0.0
M1,55134d6b9833e0dd6d9893c0d987db36b88926cc2663da7803c8d21064433f00,91,conservative_matched,1,1,0.0,0.9941094322344323,0.005890567765567765
M1,976ddafb2f8abe1ac4c19be98626949c2548ab5eaf452fae24dce90c4de7b8c9,92,conservative_matched,1,1,0.0,0.9884484126984127,0.0115515873015873
M1,5be7ba94e5d3acd4388614300b6ad48a44492e847b6d0e39fccd27e6cf9ae5f5,93,conservative_matched,1,1,0.0,0.7979792568542564,0.20202074314574314
M1,7dbcdf95b6256c0f7b1dd6a3cc8fc9f0657b3eda2c88287ea432e7e932ba8d14,94,conservative_matched,1,1,0.0,0.9990000000000001,0.001
M1,4c96ee395ae6b58dd1fc56a4feecd55f450b02849ef0476aa8095841292de3e1,95,conservative_matched,1,1,0.0,0.9986363636363635,0.0013636363636363635
M1,5029e2776e7b9b5d2af015958cd517fb756f6d8b9853790513dc82715be726fd,96,conservative_matched,1,1,0.2344146880166617,0.7655853119833386,0.0
M1,2cedf816172020544d1c56529191607083a424ddd9627983acb2537e9c73f8cf,97,conservative_matched,1,1,0.0,1.0,0.0
M1,a1e98e417eed1e1a141a0b30b714a23f0dc568239616354e4a175bf8ea08a28c,98,conservative_matched,1,1,0.0,0.9884484126984127,0.0115515873015873
M1,fed2454f61d42dd8f9f5651403e7c8aba82a77d8e645d8bf125f75e7c4c73861,99,conservative_matched,1,1,0.0,0.9884484126984127,0.0115515873015873
M1,8265981c42a1d2d7ece956a8e83fc2766c03bd9b677b5188edf9e65cae717f0f,100,conservative_matched,0,0,0.5836520282263316,0.4163479717736683,0.0
M1,4b4303e1d9cff307886f30665c8e6fb57047e2e8f3cc39e2126b16700e3bf126,101,conservative_matched,2,2,0.0,0.0014285714285714286,0.9985714285714287
M1,9ba998c5d87d08fc3d40b1b83a650245d89a368abad6136f452df88cc96ddce1,102,conservative_matched,1,1,0.0,0.9884484126984127,0.0115515873015873
M1,a5d49a55806e6aac09daa9f48f214a4bb4d26dc6b501261c0ba01041d3d2f9d9,103,conservative_matched,1,1,0.004534090909090909,0.9954659090909089,0.0
M1,eb359b8ed9a4e0197c1d1ab325e0047ecbec907011dd47ad227dce8c761f9a7b,104,conservative_matched,2,2,0.0,0.0014285714285714286,0.9985714285714287
M1,3039b67e191cb12f942b21e621f38cb832b6a2d5e570cd00e2a2205f9831c0a6,105,conservative_matched,1,1,0.23214730356745628,0.7678526964325438,0.0
M1,4f65f4ecb5dec7a9bcbad3145918aab9b07f8a407f8e8a2091429b181b95ce71,106,conservative_matched,1,1,0.23214730356745628,0.7678526964325438,0.0
M1,4b7e7cbc654f5e60c12ab432b3144305090c199d58af8071af7e5a16619e6aca,107,ambiguous_shared_key,1,1,0.0,0.7979792568542564,0.20202074314574314
M1,ffd718c11411f17305eebe2c3fd8eae0b394e9127366a0ffb1165fbe02224135,108,conservative_matched,1,1,0.03945292207792207,0.9605470779220779,0.0
M1,68ce95a11652b3b237dabe6ae00998c9c7adce1ee390c47fadd3e8540130de0f,109,conservative_matched,1,2,0.0,0.11801585876825647,0.8819841412317433
M1,3797dbb2b0b7a08e83dbec5409c694efa671c4e46af761858844278f1dc385d8,110,conservative_matched,1,1,0.0,0.7979792568542564,0.20202074314574314
M1,686e797782deb880befa085462a001874deb90f59e8bd4f579869b6b3cc30dda,111,conservative_matched,1,1,0.0,1.0,0.0
M1,ff7ddca54e1e9620918ba02dbfe35985a655c87ef1a72ab4ba4d13faa4ead2b0,112,conservative_matched,1,1,0.160805617993118,0.839194382006882,0.0
M1,f56c2b2dd4b088427127b4d3efd30492502e057dc35df92f37e390e9ff866182,113,conservative_matched,2,2,0.0,0.0,1.0
M1,1cef8f807fdca35bb7855250f58e049e267f113b93c430f11985366f1fcfd9d7,114,conservative_matched,1,0,0.7345410990583197,0.26545890094167957,0.0
M1,704d8396ce08b551fa6dd721337adce6afb2503715135f734bd2c0722ce528d3,115,ambiguous_shared_key,1,2,0.0,0.4673526114408467,0.5326473885591531
M1,0ea019d83f26df83e9b4d8ca38756d7365d28364686c182cd874a5234050812b,116,conservative_matched,2,2,0.0,0.013834415584415583,0.9861655844155844
M1,8df88942cba699e578f85da548ac43c04023d6e3124e0d909bedcf225ee6ce88,117,conservative_matched,2,1,0.0,0.9696504329004331,0.030349567099567102
M1,30f9b13a03f303748526a158e8940797fe5e5c600fce68be3e50b0840a4368e9,118,conservative_matched,1,1,0.00125,0.99875,0.0
M1,c9610bea3409798e091290f260c60e5b4d3f0a84a43555989287b37d07ebf51b,119,conservative_matched,1,1,0.0,0.9941094322344323,0.005890567765567765
M1,e27b2368d103c92aa6d3db8b15bcb6a45f02a1799208f1d626eea765d93b4f20,120,conservative_matched,1,1,0.0,0.9696504329004331,0.030349567099567102
M1,399489b6079af091f33320276c7ad2db3c791129a3edbff5b530c66d32cd7e72,121,conservative_matched,1,1,0.0,0.9941094322344323,0.005890567765567765
M1,3dbffa78da4c6ccc5516a203817127a6190976a61b2c1e8e3ea1b77c6cff7d9d,122,conservative_matched,1,1,0.0,0.9996153846153846,0.0003846153846153846
M1,7df3a248b5f8b93b45248cf254e97e9ba96a25254e52674e69515928d061a4e0,123,conservative_matched,1,1,0.0,0.9884484126984127,0.0115515873015873
M1,ab8ce69a1319b228880d829dc5631ea34e5cb080bfbc178aa048514436b7ecee,124,conservative_matched,1,1,0.00125,0.99875,0.0
M1,10698694323dfb803f5936e348a7facb60fabbb04e356449705169347027f85d,125,conservative_matched,0,0,0.5836520282263316,0.4163479717736683,0.0
M1,d2b095aa11fac2c0afb11ad09d16074d95b8ba0c47d799f8ede52e5b993a41dd,126,conservative_matched,1,1,0.21498243277190657,0.7850175672280939,0.0
M1,e8cd3aa07ded082c0e9d0cd5ce68316e2c88e74da438e4b08e8a1e9f962c9394,127,conservative_matched,1,1,0.3828151209170948,0.6171848790829053,0.0
M1,f58ebfd4557154ffbcb785a4e55bb6649accdb99c66e82c58ed1bee08f674e8e,128,conservative_matched,2,1,0.0,0.9696504329004331,0.030349567099567102
M1,4d25798cefc2cf5ce3c29ebf0b9e4c0d84956f1a8898de972610ee57b6a7fb5f,129,conservative_unmatched,1,1,0.0,1.0,0.0
M1,93c4bf4a5b21f36e6b0aae5bb990899ccf48d342143ca0e115fbbcce24f1e0a6,130,conservative_matched,1,1,0.21498243277190657,0.7850175672280939,0.0
M1,dcbc9639337cde5535cbfd1b0895c1483a0c8d68b64e3c51551b748cef00b663,131,conservative_unmatched,0,0,0.7345410990583197,0.26545890094167957,0.0
M1,4843201d2b160da0c05fc6013c664892482d15cae8e6986d6ad88ce3feaf72b8,132,conservative_unmatched,1,1,0.004534090909090909,0.9954659090909089,0.0
M1,70be8a47e5d22077d37988cb4d32c132724a3d1b083ef9ab0b06313f0bf6c905,133,conservative_matched,1,1,0.0,0.9990000000000001,0.001
M1,cf57f1500208fbbe850bfcb423c0a07e8d0a3e41dbe03e9530034f5adb63eb16,134,conservative_matched,1,1,0.0,1.0,0.0
M1,64d4f18b3b12675504880cd0dc7ecf25b60fc04bfdbec355bc38419bb2d7c415,135,conservative_matched,1,1,0.0,0.7035606672739023,0.29643933272609746
M1,bbb97d718a1a11e509b00ac170dc512ff9b9930eacf75f5a3077880ff90bf810,136,conservative_unmatched,1,0,0.5836520282263316,0.4163479717736683,0.0
M1,d00d28ef2c4596a4d66713623e2b8bc3764ba2818602f1c62d3f21d371614dd7,137,conservative_unmatched,1,1,0.0,1.0,0.0
M1,787dcb7a1c4cc9f4983f462ddd01863d71220d14a298073a5886f7917ceec867,138,conservative_matched,1,1,0.00125,0.99875,0.0
M1,15b4ffd20b8c1fc30ae15bc841142d7ad85f1a4f9571265b80d081a59b742e1d,139,conservative_matched,2,1,0.0,0.7979792568542564,0.20202074314574314
M1,237d8870453dad85e4a690f5ef5b3a88e992a5aa74dfe4b4b5a16a1db596e4fe,140,conservative_matched,1,0,0.7345410990583197,0.26545890094167957,0.0
M1,6cb1a3bd78701f948722853f3ff484b4a62afa283c31e3d9ba8e2ab088574ba2,141,conservative_unmatched,1,1,0.0,0.9941094322344323,0.005890567765567765
M1,b064cb059d374948ef0370a2437f8d0bafe1e9678a1b38f837c6a6db9db4d582,142,conservative_unmatched,1,1,0.0,1.0,0.0
M1,ddbe9a19eeb2b15127963e53920ddb3080cf3605be4e5412f985652dc3282606,143,conservative_unmatched,1,1,0.00125,0.99875,0.0
M1,be8334d7f47b288facef26257cb6b44fcf616cd19090b942b3e21a6312189a8d,144,conservative_unmatched,1,1,0.00125,0.99875,0.0
M1,f4a1fcac757fd73ac757509249c0ec925230f6e917bdf8e793757ea12e98b50d,145,conservative_matched,1,0,0.5836520282263316,0.4163479717736683,0.0
M1,ae60908f4c85b03a0a49269075a0f3e13559c408c540b42632a059b5cfb0cd4d,146,conservative_matched,1,1,0.23214730356745628,0.7678526964325438,0.0
M1,0baae3864d2aa3d4aa2751efdb33ff2ab5c818f532230e2e93483176c0226769,147,conservative_matched,1,1,0.0,0.7979792568542564,0.20202074314574314
M1,6c01e488a30c00d7ce599e5c6d7195f878613637774ce7b5cd4d9e7dab67078a,148,conservative_unmatched,0,1,0.2808706432456433,0.7191293567543557,0.0
M1,ffecc433675dacb5aa9570aab766c7b1c9116acb4109af9e6863d3341000315a,149,conservative_matched,1,1,0.2344146880166617,0.7655853119833386,0.0
M1,cec560dc37f41cd4c0033a5023e3ad17cb7fab8ef72dc1a8150a7ed88228fdd9,150,conservative_unmatched,0,0,0.8036542492595123,0.19634575074048766,0.0
M1,c047c292b4e87b40d0e8d2cdb5f5aa7e0bbd22946a70c373ef6dd5c6576bc932,151,ambiguous_shared_key,1,1,0.0,0.7035606672739023,0.29643933272609746
M1,20a9a7e6d4cf66384115e0a7ecc18f09cf1f9b2d051f34bc82d7b170955376d4,152,conservative_matched,1,1,0.00125,0.99875,0.0
M1,9a26ca17f1a2a542cec0453d178767a86c59652d63ff72ddaa48810be13d1ab6,153,conservative_matched,1,1,0.0,0.9986363636363635,0.0013636363636363635
M1,810b57dafea30a2f75e872d5e62c29a08fc07a9ccaebf778bc32b9ed8700674c,154,conservative_matched,1,1,0.21498243277190657,0.7850175672280939,0.0
M1,0bf3a2d884e1555952ad611ad5ac00b76d97402156df050266c3cfc95f605dea,155,ambiguous_shared_key,0,0,0.9655272651325284,0.034472734867471704,0.0
M1,fa5daee0d7df009faf4c0e08a703bbc8db8c1ae32e4f684b7085649c9d548453,156,conservative_matched,1,1,0.0,1.0,0.0
M1,b434bdb6cf6a016c8fcf4ddfda1903c394ac80dd9a22c7ed02b2593841c71f91,157,conservative_unmatched,1,1,0.004534090909090909,0.9954659090909089,0.0
M1,a7f1f0bec4d0eecfb4bebc52d748706df58b74a54e32f07189d46c9495ae3d09,158,conservative_matched,1,1,0.0,1.0,0.0
M1,d1b268ba32d56d8ff3504e94ee5370f3a76ce18e0a3b0db5c875395b0e922da0,159,conservative_matched,1,1,0.0,1.0,0.0
M1,a46bacc86e6d6f2966c8bc9b007be70048a778a3e7dc54762fa3c06ca3dd0a6b,160,conservative_unmatched,1,1,0.0,1.0,0.0
M1,440e70046c7ab779d69b3cf5f483b0504098b58f20b98da0f4b90dcca58b7a1c,161,ambiguous_shared_key,0,0,0.5836520282263316,0.4163479717736683,0.0
M1,1336c5029330743b5ea83d83fdfc07fcd73276158b755bc1202b4a90ade5cb08,162,conservative_matched,1,1,0.00125,0.99875,0.0
M1,ae88168be6110ac8992db8b155e6bd8dad4a050a4a4fabb91d628b18e0ff3fdc,163,conservative_matched,0,1,0.448676704874073,0.5513232951259269,0.0
M1,aee4b0ad4df2a5b974c0fae78b5f15de2ba0da9ff62a1f1845fe8490f931efbb,164,conservative_matched,1,1,0.3828151209170948,0.6171848790829053,0.0
M1,f4f2eaa4ae88e92cfa57b3aff8b8ebc91d59f1c9a27803fe90c6ef8b768a6d4e,165,conservative_matched,1,1,0.0,0.9986363636363635,0.0013636363636363635
M1,638a470d918dbfbf5afd33eb58e7ac2868a43d0e4dbaab3029db5101a1edce71,166,conservative_matched,1,1,0.448676704874073,0.5513232951259269,0.0
M1,ba5855f8ae5d306be9297d600b9787f650a7bcdd0cb8c9be2e1066ffbedbd65e,167,conservative_matched,1,1,0.0,0.9986363636363635,0.0013636363636363635
M1,8cfcf18683c3b7ba3ced162978e9086a8ed03ba8ea0326e9517b0fb14a46f944,168,conservative_matched,0,0,1.0,0.0,0.0
M1,3a299c3c001be06083770361c18b9c8ad0448316f4c759f5eb6be75b20384d39,169,conservative_matched,1,0,0.8036542492595123,0.19634575074048766,0.0
M1,d51923504c8a939ba8dfbe8c09d12c0f24fc1b5f9fceff2ea5d3f498b3105dad,170,conservative_matched,1,1,0.004534090909090909,0.9954659090909089,0.0
M1,85f403ccf55735ef4bcbb2f529613e60c1023c2ec151eba3a05f40c076ed746f,171,conservative_matched,1,1,0.03945292207792207,0.9605470779220779,0.0
M1,03c73563087c1329943a56cf316a054838d232eb12bf400763e97af8a779fc3d,172,conservative_matched,0,1,0.23214730356745628,0.7678526964325438,0.0
M1,6df07523c6bcce6099d7d663ad6a57b32e7357259ad66091764a914e4062a886,173,conservative_unmatched,1,0,0.8036542492595123,0.19634575074048766,0.0
M1,c346449759a08de6df8ad7f0936940e980e88f11837c514a02a4fd03f71ed459,174,conservative_matched,0,0,0.7023881541575038,0.29761184584249595,0.0
M1,81c654f9d5f5591c63de46ec2f8de90d5778222531f6dc2ca93dfe9653b873c6,175,conservative_unmatched,0,0,1.0,0.0,0.0
M1,36fc8ba21c05df93f037cf32ffb47c54f5fded8ce374e0e9cf11353791e881ac,176,conservative_unmatched,1,1,0.2808706432456433,0.7191293567543557,0.0
M1,4d9c66f835e53c59a5b442cc32a3068c038a14b4b5816a08082ca8e454ac6666,177,conservative_unmatched,0,0,0.8036542492595123,0.19634575074048766,0.0
M1,3be1ee30e134a9ae90bc1593ea32cf65047070817401a9aeb18c76efaca04541,178,conservative_matched,0,0,0.7023881541575038,0.29761184584249595,0.0
M1,0f1626989b6efba0ed821b04af2ce1ef2dd90be67fee5303e0aeb890e84e656a,179,conservative_unmatched,0,0,0.9990000000000001,0.001,0.0
M1,dc041fdcc3cbcfb79f4de07118d4868642025a233a983d551502cd5c96d20552,180,conservative_matched,1,1,0.3828151209170948,0.6171848790829053,0.0
M1,9881e8df21340beb673d11fb2f0087e28ca86d90cac54001885ad77fa39fe58f,181,conservative_matched,2,2,0.0,0.0,1.0
M1,ea343acee5823e9928048bcd114ab1bf1f6a80fe0d6f43707827d9efaf48f9c4,182,conservative_matched,1,1,0.0,1.0,0.0
M1,4d7423cf2ff542521716737a2b82d95c940025a9d28aea9f135e73d793d959f0,183,conservative_matched,2,2,0.0,0.0014285714285714286,0.9985714285714287
M1,1f45e1f29d5af173d4f68cb977fa645b945e3015dcbee511344c2d6f2417112b,184,conservative_matched,1,0,0.5836520282263316,0.4163479717736683,0.0
M1,03b5b9fbb1e8685d2aea12d701a8548fbf66e988d3965beff90d610215a6fc96,185,conservative_matched,2,2,0.0,0.0,1.0
M1,4b9f8e0c8ab34af43ef7096eb4e85d311551b210d679e5d673daa44a258e8a42,186,conservative_matched,1,1,0.448676704874073,0.5513232951259269,0.0
M1,d8eea83646be1e9c916e665fa77c259449f8745ed6a29cd6f9b1a9dced475fd5,187,conservative_matched,1,1,0.0,0.9941094322344323,0.005890567765567765
M1,4bc56ddaf0f7e559d24c60f59a6cf7edbd7b915799dadce516c430ac85a7696b,188,conservative_matched,2,1,0.0,0.9696504329004331,0.030349567099567102
M1,f388cc4e3fa7c3eb79bcc7b0c0c92fff99e4fb329900ed50bfeb4f870f49792e,189,conservative_matched,1,1,0.21498243277190657,0.7850175672280939,0.0
M1,2085cb7bb188011662c46b252b9f3e65cd2c79085775a23fcecb742fefa155a4,190,conservative_matched,1,1,0.0,1.0,0.0
M1,60763b4cebd2c23d4b6bb41fe41d2708e53e1479ca7374112530066b5e4893e5,191,conservative_matched,1,1,0.448676704874073,0.5513232951259269,0.0
M1,e4513c3d95a31cb9b2e70ba9aac54b1937bbbfb1fce1e4e3eaf07f94259ecb86,192,conservative_matched,1,0,0.7345410990583197,0.26545890094167957,0.0
M1,842bac774d6c086dd6b92fdb78413098e14bcc3af75125e7d25ca273a3e1f862,193,conservative_matched,1,1,0.0,1.0,0.0
M1,801eb4d09dd43b2b678c81a91d82521163c504324fee02de3778a3ecd1a926bc,194,conservative_matched,1,1,0.004534090909090909,0.9954659090909089,0.0
M1,ed46b4dc3fcd5fab1ada22a6d188180240af8e738c547e3f26fc65506b077a12,195,ambiguous_shared_key,1,1,0.0,0.9990000000000001,0.001
M1,6c6dd067b740da372386ce71f81ed5b8dc2e1e9f93625be9b4884d1d73f96114,196,conservative_matched,2,2,0.0,0.0,1.0
M1,ac305df5cdc5f1b0801b93d200a6dfb28ed119ce4795422a08ad3057488758ce,197,conservative_matched,1,1,0.0,0.9941094322344323,0.005890567765567765
M1,86eb8973fc65f23f76646a24050506efc45364d1ed311733b312688b82d03540,198,conservative_matched,2,2,0.0,0.0033686518085495067,0.9966313481914504
M1,dda56c3d07f633d971d329a63b1fdd7558cfca3fb0e027085f9e37f767b3fb45,199,conservative_matched,1,1,0.0,0.9932777777777778,0.0067222222222222214
M1,edb22055eb500691bda99be2c9e755b933fda43abbb5ac8d461c3b99c85b847e,200,conservative_matched,1,0,0.7345410990583197,0.26545890094167957,0.0
M1,9a4af49b00bdc8c8c90dd9584610e62f31c1dea1496d8c77c154a1340984f0fe,201,conservative_matched,2,1,0.0,0.7979792568542564,0.20202074314574314
M1,ac49935da3ee5b02cec9247a78be9b546c635c54aa6988081e4fe8709663d2f9,202,conservative_matched,1,1,0.0,0.9884484126984127,0.0115515873015873
M1,0c37fd58a9827290e55b34630825b0d6244c49d5ad38b4cb692ee5fba935d2c9,203,conservative_matched,1,0,0.5836520282263316,0.4163479717736683,0.0
M1,e3f90cf05c633dae16fb7f47884d7cd562ac2769d89e9243c8680a8ba22af681,204,conservative_matched,1,1,0.0,1.0,0.0
M1,ed7122159427b6c8635b7bcd0d7140de4dd489af9eab6fd9bd99b3ebad260d98,205,conservative_matched,1,1,0.00125,0.99875,0.0
M1,50fcac22a7e0a3f9e29c98914641686f7b4d5b483729f33dfc0943ebc770409d,206,conservative_matched,1,1,0.21498243277190657,0.7850175672280939,0.0
M1,ea5f3b7855c7c13d408bff3ff046c47d194d636ff9d1cd41a54051e642651080,207,conservative_matched,1,1,0.004534090909090909,0.9954659090909089,0.0
M1,24fd68e79a2159278d68b9fa03c7a306d89444b373e4ed956a552290b7163fd5,208,conservative_matched,1,1,0.0,1.0,0.0
M1,1c5812f23059c8affe3af759b6ead8c2c38b856307cb70a58a6806f14bcd7133,209,conservative_matched,2,2,0.0,0.0033686518085495067,0.9966313481914504
M1,6ab8e0705e7b40a64b138c0755ac0e4974492c819c3a3104cb9fdf9bb5c5833e,210,conservative_matched,1,1,0.0,0.9986363636363635,0.0013636363636363635
M1,9a0d7d130a794be7bc69983881925e866dbd081148ab7ab7a8b811b52c7a21f0,211,conservative_matched,1,1,0.21498243277190657,0.7850175672280939,0.0
M1,a5e5532a8001b1d35b8d647ec7c6de5bd09b0cc81ab543a66c4b92d00869a830,212,conservative_matched,2,2,0.0,0.0033686518085495067,0.9966313481914504
M1,038c9ee0d7794eeb1143a461c0506513b430ff5293a311f12d84535a6afbcc5c,213,conservative_matched,1,1,0.004534090909090909,0.9954659090909089,0.0
M1,8332987b673c95bbee93c9f25e2f6e37e4235c9e6ae83604205ff69eb49247f9,214,conservative_matched,2,1,0.0,0.9696504329004331,0.030349567099567102
M1,4cd62e95948bd1b704bbcb35b4c07c1ce891fe8d8603fa8d7d55722149152d09,215,conservative_matched,1,1,0.0,0.9990000000000001,0.001
M1,41c314fd5e526b07168ea8735e420c8fd4da4cb146f0cb7b53a0b2e383de5f71,216,conservative_matched,2,2,0.0,0.0033686518085495067,0.9966313481914504
M1,c52893a6a9c59524615c570b972166e20fb5dc1939f7f8a0a444a854ad8b5954,217,conservative_matched,1,1,0.0,0.9986363636363635,0.0013636363636363635
M1,7f598fa9cd8021402624f92fab82098fb58747ccd8a722c3d994f05b6ed0f217,218,conservative_matched,1,1,0.0,0.9986363636363635,0.0013636363636363635
M1,aac572f07272c9f29ce150e00d2b33f7765e921ffe4e1a3c8a7aa455349ca19b,219,conservative_matched,0,1,0.2808706432456433,0.7191293567543557,0.0
M1,c590d4966929434b32180f09a7062520e5996d2f0fe22fac768d1ca0613d025e,220,conservative_matched,1,1,0.0,1.0,0.0
M1,f094aac8706b95f9bece4eeac1389e28ad75114d0e4206b7769ded1102994ff1,221,conservative_matched,2,2,0.0,0.0033686518085495067,0.9966313481914504
M1,1223db6fa4c73ddcfb1d3c6d1d32d7a9a694a0c67b0b8896d2e2c5252ea458b7,222,conservative_matched,1,1,0.0,0.9884484126984127,0.0115515873015873
M1,c6b8941e410ad8b2574b68572d59fe76bfb75291198754c7266ab3740f819f8d,223,conservative_matched,1,1,0.0,0.9990000000000001,0.001
M1,fa91a868a0b2673a241638a1e248c077d7ebbe8369c5e9c7a105ea8e0f678595,224,conservative_matched,1,1,0.0,1.0,0.0
M1,6bcf085df851ffdd063de277d7f6de02756302343ed42266339f33b7f195ec0d,225,conservative_matched,1,1,0.0,1.0,0.0
M1,ef6d74ead7c9dae1edd8b999fa30b355c27c4fa0917c2b6342686959821c01fa,226,conservative_matched,1,1,0.0,0.9986363636363635,0.0013636363636363635
M1,05dde9d4b54f7775db2292c4725eb2440e0b2dbe65d52bb4c05c347040ae90da,227,conservative_matched,1,1,0.00125,0.99875,0.0
M1,2a5b3658c6bb089977c0132627aeddf27747b5ba1997b7f2041f3039d3025854,228,conservative_matched,1,1,0.00125,0.99875,0.0
M1,1cd7edbfe2f40c5d7c9a6230c2530a19e1c33c1d7a4b9c2fc76e71f4a4ef2955,229,conservative_matched,2,2,0.0,0.0033686518085495067,0.9966313481914504
M1,a2010d08bf5544fb2f61ba56db0cc9b5b6d58a43b3e7a8155eae755a2ab63922,230,conservative_matched,1,1,0.448676704874073,0.5513232951259269,0.0
M1,51cce7d0485df80b75d03dee842b5fbb970f5348df67160d0e30730f577a193f,231,conservative_matched,1,1,0.23214730356745628,0.7678526964325438,0.0
M1,0e1e5a60db31ca1ff4e88932ce8fb8133c0cae740186c0eecba980565edeeec1,232,conservative_matched,1,1,0.0,0.9884484126984127,0.0115515873015873
M1,a5daa6d5539669eb579a2eb52884c6f73f940319383b144b4c4638f49c0549d8,233,conservative_matched,1,1,0.0,1.0,0.0
M1,ea6ce91f0cda3fa98f7b745b9580fd6b0403056870eb76c5fcf66334679dd7ee,234,conservative_matched,1,1,0.004534090909090909,0.9954659090909089,0.0
M1,c6d8fdfaebcc9424104991f6e1b2ae52cfc74b01f006f573c65d6403e27860c4,235,conservative_matched,1,1,0.0,1.0,0.0
M1,982f60fd457eb6d3d3ea718cf44d5cb26c9847a13bc9211cf942c0276094cbea,236,conservative_matched,1,1,0.0,0.9986363636363635,0.0013636363636363635
M1,81b41de2fc119a6be204b22f6f400b640dae3281ad7449e09c510a3179f3e514,237,conservative_matched,1,0,0.7345410990583197,0.26545890094167957,0.0
M1,73d4dfe9d634e737477bbc0e789414071caddfba0329a03b55a67d4565f16b31,238,conservative_matched,2,2,0.0,0.01937682419172189,0.980623175808278
M1,8ef03a12bf26544326b83a924d78b17a626323183f000e61b0e1269d5151d713,239,conservative_matched,0,0,0.7023881541575038,0.29761184584249595,0.0
M1,e65cba4765702c555356fe2b6fc3183b7079396880ffa82b6303a59358a1b860,240,conservative_matched,2,2,0.0,0.0,1.0
M1,78bf7a927103b0adf2a93a132f44f2411946196d038bf6822cb2eeb2f851ab2c,241,conservative_matched,1,1,0.21498243277190657,0.7850175672280939,0.0
M1,98c1ed0f87d3d9f68a060c36de601cd9dd4c5c389aa3ef9b828e9c93c98f1a50,242,conservative_matched,1,1,0.3828151209170948,0.6171848790829053,0.0
M1,4e05a768be51893f790163c79ad042b9bf59de08bccbba7bd25c8877c53ebcdf,243,conservative_matched,2,2,0.0,0.11801585876825647,0.8819841412317433
M1,40f57c13c26aa660145ccd9e9ad6cf7435aba21e0ecb869b65ca110bad79d9bc,244,conservative_matched,1,1,0.0,0.9996153846153846,0.0003846153846153846
M1,c302ee011150e5de42eafaa347a1b841d5d8807659f31696d8f82c5a4abc8105,245,conservative_matched,1,1,0.0,0.9884484126984127,0.0115515873015873
M1,820af5dd1d43687408ee96791d977e5768628d5dd9718275f49012ab8be7c7da,246,conservative_matched,1,1,0.0,0.9986363636363635,0.0013636363636363635
M1,17fce900c57b5d8978b6a7f3fc2fb54520a09094e94167b76cbe441400f5ad10,247,conservative_matched,1,1,0.0,0.9986363636363635,0.0013636363636363635
M1,38085f4b22cba5fc2e5c7334dc43fd4faa9f1be9584e87c3a89ac73aa37f3ff6,248,conservative_matched,0,0,0.5836520282263316,0.4163479717736683,0.0
M1,2fea83fd72f31c3ed98d355952e0dca5903ca77045d520014559b3131ab53449,249,conservative_matched,1,1,0.0,1.0,0.0
M1,f37129146fe1cc102260df1bb5035364d6977e2290c3f3c022105e91ae0cad55,250,conservative_matched,2,2,0.0,0.0014285714285714286,0.9985714285714287
M1,97c9512caadb3ffd0ad3c7ddd23407aa54871fc60933e4b9f12a69d1cef4214f,251,conservative_matched,1,1,0.3828151209170948,0.6171848790829053,0.0
M1,c85e618c2cb4110b794d0c0953af57fe74dd832c9089b476240a78f6178bf1cf,252,conservative_unmatched,1,1,0.0,0.9941094322344323,0.005890567765567765
M1,3567553d36285ad28e9947ecc399152b059b63fa0d14e93da3fa60f88729589b,253,conservative_unmatched,1,1,0.23214730356745628,0.7678526964325438,0.0
M1,a71a645737db58ca85f16857a87566dbd0644a509be1426ceec155ba4b32a46a,254,conservative_unmatched,1,0,0.8036542492595123,0.19634575074048766,0.0
M1,a32d5c6de3dc8a8d1a538283ab55eeaf55b9cf8e25aa347f9451fa80920ab0dd,255,conservative_unmatched,0,0,0.9990000000000001,0.001,0.0
M1,aef48ae8e8f8321f0e29c116e8187c697962ab80108f224eef0febe59017821b,256,conservative_unmatched,0,0,1.0,0.0,0.0
M1,7dd03f8de291c327ff1d0ed6f33b027547ee5dee91900d57ad3847ddbc771ca2,257,conservative_unmatched,0,0,0.8495002088554717,0.15049979114452797,0.0
M1,5752cee9adf12bd089539e746e30b0d83f71e4f57e8da95e82619ac05b3d6b64,258,conservative_unmatched,2,1,0.0,0.9696504329004331,0.030349567099567102
M1,c6d9905e1108342a5a39e558796801aaef2123ede509df6c737dc2968cb80334,259,conservative_unmatched,1,1,0.004534090909090909,0.9954659090909089,0.0
M1,6bf3a7c4314c48c91d33eb94eb7bbcf708f6d2a7c6af47237735c2d12f683e35,260,conservative_unmatched,1,1,0.00125,0.99875,0.0
M1,cf04de454501b8a0be83713c4b298369ec62ac21cd8f30857e05891dcef22cc6,261,conservative_matched,1,1,0.0,0.9986363636363635,0.0013636363636363635
M1,ad959d26f847d9c030d3b6d75856d30298eaee390b8e65835b5173c70de9d93a,262,conservative_unmatched,0,0,0.5836520282263316,0.4163479717736683,0.0
M1,6a3c09e4947d005706a207b8c760dd1e4a01a013d7fdf234bb6e2abbe62ed0f8,263,conservative_matched,0,0,0.9990000000000001,0.001,0.0
M1,bf0447db8e3d43257114531a92a520c82a6453bd3b7ae34aea8711ce45d014b0,264,conservative_unmatched,1,1,0.448676704874073,0.5513232951259269,0.0
M1,55f09cfab4e7759b9196088c60e80fdf399fa12b760c9cf22aaeb33589b1808c,265,conservative_unmatched,2,1,0.0,0.6504444362826718,0.34955556371732854
M1,f1cc48536731731e0b343782efdde0db8be7fc46955c060a6588a598c61b83b5,266,conservative_unmatched,1,1,0.0,0.6504444362826718,0.34955556371732854
M1,645409494cfbc0053881ee14531a52cfc643d5a8dd013317825912b73a52362e,267,conservative_matched,2,2,0.0,0.11801585876825647,0.8819841412317433
M1,00dbf7ed1f04da4f573cdb1c40ee8aabbb629d7e284d1568bca51a8a5f396e7c,268,conservative_matched,1,1,0.0,1.0,0.0
M1,b7661cb5dd52c9c0fe4365fcc6bff1f997b8753cdce2392381357136c4a5bf43,269,conservative_matched,2,1,0.0,0.9696504329004331,0.030349567099567102
M1,4e704048021bafbeb44effb9e508d4cef59a712f89bd368f81f564485127cc02,270,ambiguous_shared_key,2,2,0.0,0.0033686518085495067,0.9966313481914504
M1,4837f2cb17208b9a4625ebde74b97e4dd96ffdb5234013a87be717acfa0a8b14,271,ambiguous_shared_key,1,1,0.0,1.0,0.0
M1,6e7973c8c4ee77c326ae4010b1418b788a5630854185affb484685e8d73a7084,272,conservative_unmatched,2,1,0.0,0.7979792568542564,0.20202074314574314
M1,3d8d9b0265e3f1fa1f9dced7be94a31b2d44253a703333fe32683be701e1e391,273,conservative_unmatched,1,1,0.0,1.0,0.0
M1,f048327f0da983b65f4ac626e1b417339b356d60f7641609e9f999aa25dd1b64,274,conservative_unmatched,1,0,0.7345410990583197,0.26545890094167957,0.0
M1,111d930258015ff415cf618a5446916b948c63467161ea1a20e0915119b50244,275,conservative_matched,1,1,0.03945292207792207,0.9605470779220779,0.0
M1,2fc3c8e1b6058fdb8ba34e10c4f11c5c96a490da8c44557f51f272e135b276d2,276,conservative_matched,2,2,0.0,0.01937682419172189,0.980623175808278
M1,b66a61f7e4e30927c1735a3306a7e4fd6cf9b017aa1b11eacd63c9f666c7ac77,277,conservative_unmatched,1,1,0.004534090909090909,0.9954659090909089,0.0
M1,3366e3e79bb817fbb8c139710399b5e5e682684683af108e41f6f8f47bb2ead8,278,conservative_matched,1,1,0.12041573704073702,0.8795842629592628,0.0
M1,747d3e66fb22e30550810dc98794ef466dae76dcbd60596dc19187a28a0495e2,279,conservative_matched,0,0,1.0,0.0,0.0
M1,8475bd5769c68d5427ad348aa5b6061ee6bcd37f6f1837cda26be61984a04cac,280,conservative_matched,1,0,0.7345410990583197,0.26545890094167957,0.0
M1,ef27b562eab370d5506b6031d90875e2bf94890dc4f57239be5af639fc2bb2d3,281,conservative_matched,1,1,0.0,0.9990000000000001,0.001
M1,be89c47ea7807e1e8f1728f4281bf7f92ce922539e0b3cd0848dc5a258702b8d,282,conservative_matched,0,0,1.0,0.0,0.0
M1,8b6cbbd882704231c2da058f30493957fe5f146ad538f186251118a7c93fe195,283,conservative_matched,1,1,0.2344146880166617,0.7655853119833386,0.0
M1,d744f4e8e0e5a37040ced43f7d9f57213e888b56527ca3961db9750dd4b525fc,284,conservative_matched,0,0,1.0,0.0,0.0
M1,54a5824b809802628fc226bf21773286f73e6051e62d9cec2df3e81d93197bde,285,conservative_matched,1,1,0.0,0.9941094322344323,0.005890567765567765
M1,0bb5ed634b92cd4e23359fa5c9f0f46eb531bfa0976bdd29a00e52fbed97e135,286,conservative_matched,1,1,0.0,1.0,0.0
M1,1c7add97688eeaddc1858c389db4aac1d7c75a52d05d5f15c0d081a7b938abaf,287,conservative_matched,1,1,0.3828151209170948,0.6171848790829053,0.0
M1,7ccb05337d74117430e9fdf9897cd7110c354bd737a7229f86fe605f50969092,288,conservative_unmatched,1,1,0.0,1.0,0.0
M1,c215aa987795131b42e2cd8a6c43e525423612ee007a6ced32e8263bda4ad92a,289,conservative_matched,2,2,0.0,0.0033686518085495067,0.9966313481914504
M1,4560a7ae21f3fb4ac2db6ffe58ddb475ac41d6dc383b998d4c568b31ae65a35c,290,conservative_unmatched,1,1,0.23214730356745628,0.7678526964325438,0.0
M1,609e2c6bb80163f064286be493c35084947f767a9fca5159a6007ea7d78d1b8e,291,conservative_unmatched,1,1,0.004534090909090909,0.9954659090909089,0.0
M1,50a40749308fda874b7765a8a2b85ca93645b0200e63e9851129ab8fd6f41ff9,292,conservative_unmatched,1,1,0.0,0.9990000000000001,0.001
M1,912f7b7365227a32858a2d927685373d6780e508ef7ac83760fb9ec5aaa1aefc,293,conservative_unmatched,1,1,0.0,0.9990000000000001,0.001
M1,570a9095c62e1fa55a30bd460a6ecc380dc180927ebbc369eb3452bf401f5b43,294,conservative_unmatched,1,1,0.0,1.0,0.0
M1,d989513ebc9b816b08d15039e20aff3eeac96a4c9cd17e51afaa8a05ead60f2f,295,conservative_matched,1,1,0.0,0.9932777777777778,0.0067222222222222214
M1,29fe4b61c9b555bb9cc208302b5dc991e41580d993fe5cf0832053f62f80be27,296,conservative_matched,2,2,0.0,0.0014285714285714286,0.9985714285714287
M1,06bff8560b0213942ba71145fac2e05499ca6db5f23f3a048b71ea1db4373276,297,conservative_unmatched,1,1,0.3828151209170948,0.6171848790829053,0.0
M1,a347405d861f7182f5157435b676ea5452b581ebf8b34c65c740ee6696256750,298,conservative_matched,1,1,0.21498243277190657,0.7850175672280939,0.0
M1,8facf48402aa60c4e52666105b216119e1b68d607cd90e64c373961ddfa8a9bf,299,conservative_unmatched,1,1,0.0023888888888888887,0.9976111111111112,0.0
M1,63e7b0fd79c9670e63f19d0b85cc2c7efe0f1e527b44bbf33e9c798004594ffd,300,conservative_matched,2,2,0.0,0.11801585876825647,0.8819841412317433
M1,0910a774d27e3fe150f1c12d186032f527421ab5d7c35f74ac4f758094dd228d,301,conservative_matched,1,1,0.23214730356745628,0.7678526964325438,0.0
M1,ba77ac0a50dbbe13d7bd6839ae32c5eb1febed467656cd2322a11c5b3f747b65,302,conservative_matched,1,1,0.21498243277190657,0.7850175672280939,0.0
M1,4bea7852e6349795c7bb47b3b196b923e2ba8e7aeea9001ce30608cc02c0e4f6,303,conservative_matched,1,1,0.0,0.8748707958707956,0.1251292041292041
M1,fe7000c6192011cc4cb3fab698a7821cc7044fec6fed4d6c825162ba8e131368,304,conservative_matched,1,1,0.0,0.9990000000000001,0.001
M1,8bbb88b5de9002160126d07b53f3cd2825868930b27f08e4ff4760a9c179699f,305,conservative_unmatched,0,0,0.7023881541575038,0.29761184584249595,0.0
M1,de68a6ddb137408d6f047da8b80a1ebeb03cceea79fe2bc107056a11068abdc3,306,conservative_matched,2,2,0.0,0.01937682419172189,0.980623175808278
M1,b1ee4d7e89869caeb050bf6a44961b049d9934b92e5ee40bc7e869b645348de0,307,conservative_matched,1,1,0.0,1.0,0.0
M1,ee99b4a3c8e4b8ac8172a040ad3be7a04dea423a9ae0409a95df0fafc91a313a,308,conservative_matched,1,1,0.21498243277190657,0.7850175672280939,0.0
M1,97b9091925addb08c1cd2c6078d0de2bf8172b17115de938b77ad77357d5ea5b,309,conservative_matched,1,1,0.0023888888888888887,0.9976111111111112,0.0
M1,6db86dac2c557996df538886e2ae001080ddecdab91e2e3a4edede389d70b7e7,310,conservative_matched,1,1,0.2808706432456433,0.7191293567543557,0.0
M1,e46fe007896b1086b24e7db53b21842ae5f26db41897be76661db0c09520f97c,311,conservative_matched,1,1,0.0,0.9990000000000001,0.001
M1,19d6ef82b2a921d77a5573e974ea081845479ae43b183f176897858ed8e06b84,312,conservative_matched,2,2,0.0,0.0014285714285714286,0.9985714285714287
M1,5e503b8ae7945a0c7a8bcd67542d51082ffc17c2404a5253304711f79919407f,313,conservative_matched,1,1,0.0,0.9986363636363635,0.0013636363636363635
M1,5756c809e3d8db3cdd21b5e8d36139858b8f09dbfdb84c88dd454914fd2447db,314,conservative_matched,2,2,0.0,0.0,1.0
M1,a538822eabdf193b2b19f78ccf63644aa5c71ce346c2909e83ad04440964ae88,315,conservative_unmatched,2,1,0.0,0.9696504329004331,0.030349567099567102
M1,4791bf9d1d5d0230ab90f16f29614b48ab82e5801b82082235ff9b4358d29def,316,conservative_matched,2,2,0.0,0.01937682419172189,0.980623175808278
M1,e03a5d8fb20a6ea99425f7eb791e67ae67db33777225bd74107066b76cbd37ab,317,conservative_matched,1,1,0.0,1.0,0.0
M1,727f74ba1c3c4c66b1f6b4556991e45b07a8df2d9d01846546f6627456d8494f,318,conservative_matched,1,1,0.39434986504723335,0.6056501349527669,0.0
M1,9e12aa0dbe5c0aaa2470ead8d7629926f8b65403a6699dffbfef210eb25d80d8,319,ambiguous_shared_key,1,1,0.0,0.9990000000000001,0.001
M1,d3a134515041870d4095cf6ae0a7325769f957b530f530c1edbabeaa7c0c7273,320,conservative_matched,1,1,0.0,0.9996153846153846,0.0003846153846153846
M1,b44a3f41d310382fd60bf7f3a58d33ef67db0a23e704c0acd98fc529dad15ebc,321,conservative_unmatched,2,2,0.0,0.017142461332359034,0.9828575386676409
M1,0796be2517f6d256579d64e3fd271287a0a015eb77e018c048e59d0f28eee45f,322,conservative_unmatched,1,0,0.8036542492595123,0.19634575074048766,0.0
M1,1bfda6b9b2ec251369d6f57db5fce38fb12dcd38ecc1650133ffde8588ea9de5,323,conservative_matched,1,1,0.23214730356745628,0.7678526964325438,0.0
M1,dd16b30b04ffe107ef12c7c07478ee8a6f1cb06de15b60261e80e1c3592fa365,324,conservative_unmatched,1,1,0.23214730356745628,0.7678526964325438,0.0
M1,4998ff2bd307bda1d85ee16567c661c9862e55779e725e724189456e0c51af70,325,conservative_matched,1,1,0.0,1.0,0.0
M1,4dcb168e09d4d7893d639ca45b73e7538eb8bbdf4d053e76233e29ffd3010c99,326,conservative_matched,1,1,0.0,0.9986363636363635,0.0013636363636363635
M1,39eaa33a8d48061b0348f9e4a83e301a0a7459e5eb653e83810f30644bbc17f7,327,conservative_matched,2,2,0.0,0.0,1.0
M1,5371b6cfff41d777216e0c9e04d0277262e4f4b282938a4ca51084387331c4ff,328,ambiguous_shared_key,1,1,0.0,0.9884484126984127,0.0115515873015873
M1,5caa9ac380bb06f4d084ea82b0b0e36346f917605e5ce0b8bbbdf5ced25c6cd0,329,conservative_matched,1,1,0.0,1.0,0.0
M1,48049b601c2a81fda78b5d5252ae9ddaa08e0b7a64fbb1d35031fe640387123e,330,conservative_unmatched,1,1,0.0,0.9884484126984127,0.0115515873015873
M1,fb6e8a79c7509d2ea0d634b54f8c3c61a61c856f58b1e43907d91134de9c8f10,331,conservative_matched,1,1,0.0,1.0,0.0
M1,da52e0801985e6d911242d1cc38a5a2ba9ea6d852304175e9cf5f6682c636afe,332,conservative_matched,2,2,0.0,0.0,1.0
M1,980f2c93c9c03ec6203a0bdaeef81159a3cfe8ed1f28387385d9f45010302142,333,conservative_matched,1,1,0.0,0.9986363636363635,0.0013636363636363635
M1,a66c4452b850b95377077697aac825a263e323984b1e8a1b5c25b1f3bbf86b4a,334,conservative_matched,2,2,0.0,0.0033686518085495067,0.9966313481914504
M1,cc8929500a996b83f8e58e90d5c2ffadb7b9bc20866921118795138fea402ecf,335,conservative_matched,2,2,0.0,0.0,1.0
M1,f9d294cba21968ac5c7aca6b858728c55a8a06c37c1bd8489ed5b184ed97e39e,336,conservative_matched,2,2,0.0,0.01937682419172189,0.980623175808278
M1,a46a03d1ee4daec20e9a849ba628defbbc5ebb1042f9cc44f825a9072c526ebd,337,conservative_matched,2,2,0.0,0.0,1.0
M1,c48e0d5c7811d548c58be8c2e32213fe468160e54c1ed6ee3557e08eff54818c,338,conservative_matched,2,2,0.0,0.0,1.0
M1,9f3c666f41f67c4d1304118a8d2927642bae1db9e3d7be9fec6431a472638621,339,conservative_matched,2,2,0.0,0.0033686518085495067,0.9966313481914504
M1,4612e860034a77d8b2a28c5a307edd4c230ea2cc203c599c4d524164ca1c201c,340,conservative_matched,2,2,0.0,0.0033686518085495067,0.9966313481914504
M1,9880128f9a4f009cbace58c35f08be763d85a148d19dbb6ed1cedb3e6b9cae7f,341,conservative_matched,1,1,0.0,0.9941094322344323,0.005890567765567765
M1,815d426caf6647658ab5ad600a6d9a4844a450a2fe631540bcc73263b16a4409,342,conservative_matched,1,1,0.0,0.7979792568542564,0.20202074314574314
M1,f2a7a0438ec81419aed4432eca97e3bf6a7996b3abcab7bd2b0cb5ea5936ca0c,343,conservative_matched,2,2,0.0,0.0,1.0
M1,57374dc57848f9f7545dfff9c90d14265d0a66c20014fed384c8a1aaab2a8657,344,conservative_matched,2,2,0.0,0.0,1.0
M1,e9f98ce85a29627dad55d76982d434e4bdb6f159fafb9c3c1b5771e0e95bff25,345,conservative_matched,2,2,0.0,0.0033686518085495067,0.9966313481914504
M1,e59d303b3c9921823705d178211a81f3167a2b5c2bedd55a2e440ae6fb609a66,346,conservative_matched,1,1,0.0,0.9884484126984127,0.0115515873015873
M1,562297c9b2262e5b9178439eac76300b6d0baa5c81dc6ab9a3e04f13b44d1edd,347,conservative_unmatched,0,0,1.0,0.0,0.0
M1,276a41fcaefc7b0f5b533b227d35bd303c63f762bbf766628024ce36f9313bf9,348,conservative_matched,2,2,0.0,0.0014285714285714286,0.9985714285714287
M1,e43bb85cc9f4c204c3b80fc593900bce375e9f42be96d02f335f2f42c13c4ba8,349,conservative_matched,2,2,0.0,0.0,1.0
M1,13db9493e5d931ec94f3d05fb0df869516c061cdb89058e2bdb16c5859508cbf,350,conservative_unmatched,1,1,0.3828151209170948,0.6171848790829053,0.0
M1,980a5bcc08361f8d083c12141878dbd24b7a236c18e8184387239050f164a315,351,conservative_matched,2,2,0.0,0.0033686518085495067,0.9966313481914504
M1,eb7b92a2b390dbb093e40e2495530b65be730eb752eccbf260be04ff31496b11,352,conservative_matched,1,1,0.23214730356745628,0.7678526964325438,0.0
M1,99a93936da7984b3ce75763a91a3493bbe7f16283b2ccde42c3d93bff3fc70e1,353,conservative_unmatched,1,1,0.23214730356745628,0.7678526964325438,0.0
M1,0b6002ac98745ed77d24c58dee4c8892e1dca4c93626ce4675b9306294bb2d7d,354,conservative_matched,2,1,0.0,1.0,0.0
M1,b5271dc00037ef4441d0e9b55a7b122c6981acc750495290fdf2d1171ec45e4a,355,conservative_unmatched,1,1,0.0,0.9990000000000001,0.001
M1,bac5a079bec62bc26a6dc783910825de9e2871a6d90c260b7f137ba75a6b17fb,356,conservative_unmatched,2,2,0.0,0.01937682419172189,0.980623175808278
M1,17e8cff30d43b9932efa5ee5fc8ea3d9998f87aa816268d719e22c0b513067e3,357,conservative_matched,2,2,0.0,0.0033686518085495067,0.9966313481914504
M1,2aa6a5792ef7467f71fc55b9fcc6f5c9d6ba25f470083dd8e9a787e579bfd401,358,conservative_unmatched,2,1,0.0,1.0,0.0
M1,94c0b44f9a2d481c5d2237dd73738cc92b9ee67076b318f634fc32aa4032a0b4,359,conservative_matched,2,2,0.0,0.11801585876825647,0.8819841412317433
M1,e77bd94004a0442aa632c906e2f4e997e00b478cf23900001f6d06ec63cb3ef3,360,conservative_unmatched,1,1,0.0,0.9990000000000001,0.001
M1,416afeb98b33f5e4f2a8e68a875e28fd4105a31165d6851ea3c83a3ccaa2515c,361,conservative_unmatched,1,1,0.004534090909090909,0.9954659090909089,0.0
M1,328eaadc5fcca2d1c22ba92802c7d13404e083fcc75e8e27c502cd13af3d0548,362,conservative_matched,1,1,0.00125,0.99875,0.0
M1,584086a779fa152c0679d9786c1e33c602944084d5cf48f6c0e7dbbac810bd87,363,conservative_unmatched,1,1,0.0,0.9990000000000001,0.001
M1,7cd43d94523c810f9ed5537e7015539cc8c9859bcedd689aec68db38a22003a3,364,conservative_unmatched,2,2,0.0,0.0033686518085495067,0.9966313481914504
M1,fe92f0e44d936f618c5a52cbcbbb889fd256a412566488b144015b8482d7b1a1,365,conservative_matched,2,1,0.0,0.6504444362826718,0.34955556371732854
M1,fdc3d5fa14c1a4086c5b7caf79828cce0d013ff497cbe8eb15c09905a3f4457c,366,conservative_unmatched,1,1,0.0,1.0,0.0
M1,ed55a6f2ea598cc2a90f6b9b6e489d7f1bf59f58579eeba23f34ffb5a4476757,367,conservative_unmatched,1,1,0.0,0.9990000000000001,0.001
M1,1467b04a49c306baf2f2d7d4fd94a9e1d2b0b5a630fc1defcbc2ec8916da6c13,368,conservative_unmatched,1,1,0.2808706432456433,0.7191293567543557,0.0
M1,5a4c58dd7c63f01c85c75de330f08bf3279e1a3ffd1a3b3351ddc32a2bc68f49,369,conservative_unmatched,1,1,0.23214730356745628,0.7678526964325438,0.0
M1,a538958f863560cab82c81c2af21b948645d77515ec607b6158507d95fe5123d,370,conservative_unmatched,0,0,0.7023881541575038,0.29761184584249595,0.0
M1,2b1079c154b15202bdeb4e37d3bb3fda5cde0b6dc62e5246d0face06819abf5a,371,conservative_unmatched,1,1,0.23214730356745628,0.7678526964325438,0.0
M1,e76f79b797b47271b05802f3737b53b3378b0b1529fd9314fa2a492b6167ac66,372,conservative_matched,1,1,0.0,0.9941094322344323,0.005890567765567765
M1,a26bf4e51a6f635e952f279fa007eebd60b1a0aa43278a348f6ce7430b2f6168,373,conservative_matched,1,1,0.0,1.0,0.0
M1,4b1c806a421b02743346fc062782ec9b603b1cfc919177966cf33f0baffd2193,374,conservative_matched,2,2,0.0,0.0,1.0
M1,2965eb77c7507629cf30cf7647115971bc3fbc079b0679ddae18c5a7f6088ba0,375,conservative_matched,2,1,0.0,0.9696504329004331,0.030349567099567102
M1,447fa75d82f2da45bc471afc5b9273f8007746f7c1e6608e7f7e080582a7ea08,376,ambiguous_shared_key,1,1,0.0,0.9696504329004331,0.030349567099567102
M1,ed9c1db619a6e03138850df9100b0c87a96915bff8f177717879e0b0d0763e16,377,conservative_matched,1,1,0.0,0.7979792568542564,0.20202074314574314
M1,397cbeb6f38ebcdc8d0dd0bc306d8baa31702dc5ab41fd7ce317e3961c9e3b32,378,conservative_matched,2,2,0.0,0.0,1.0
M1,4f4abcb7188e73e10ca68b718d456e0239c4dcb6875e1c3c69a419fec225e1ce,379,conservative_matched,1,1,0.004534090909090909,0.9954659090909089,0.0
M1,be0ebb7565c48c88742be3d147378e0339658b36ddc168b506068b1c90f4c79a,380,ambiguous_shared_key,1,1,0.0,1.0,0.0
M1,421629aaa541cfa65f08170d2ded95bfcfb72deb6371ca7bd8cff9686b07ca24,381,conservative_matched,2,1,0.0,0.6504444362826718,0.34955556371732854
M1,074bdafc94897952ec047e29c94c168d74b04273139ccf2ce1e6f1873ca0ed4a,382,conservative_unmatched,1,1,0.0,0.9990000000000001,0.001
M1,122e7e9e553c3480710d48da1b809bc3a0f00c8f31d7959bfbb0bb4217186e2f,383,conservative_matched,1,1,0.0,1.0,0.0
M1,0fdfadc8e93127b69c5cc192dde2e8ac8ed04c3d1fdbe79dfe2b87b82585bd01,384,conservative_unmatched,1,1,0.004534090909090909,0.9954659090909089,0.0
M1,dce71741a22feecd18d4a68d6dac14f53d1b585efa9029d2d7f6caf10ef1d09a,385,conservative_unmatched,1,0,0.7345410990583197,0.26545890094167957,0.0
M1,9c1589756f65e471021f9e5736a89d5cabb0481ef20ec88a5286fac861609674,386,conservative_matched,2,2,0.0,0.11801585876825647,0.8819841412317433
M1,a31c0ced032973a0e5414d71c603cafbff10cff8e3e8d4e4a720af17012d472c,387,conservative_unmatched,2,1,0.0,0.6504444362826718,0.34955556371732854
M1,aa253d0c7343d07a4854487d2aea858f473eee151b96c2ce40bedb2ee8437306,388,conservative_matched,1,1,0.21498243277190657,0.7850175672280939,0.0
M1,a7a9ca7a19cbb70fe7a0ce5094b6f1add89f5b24cedf3415b2882b501c43ca03,389,conservative_matched,1,0,0.7345410990583197,0.26545890094167957,0.0
M1,0a3effbdec3cb466bafb0f3db000792529f8a18b89f03e2f2a477a57ccb23447,390,conservative_matched,1,1,0.0,0.9941094322344323,0.005890567765567765
M1,88d41603b7bc18447226de0bd092d97caaafff7d44a58de731f2bfd695e6c89e,391,conservative_matched,1,1,0.0,0.9932777777777778,0.0067222222222222214
M1,64edd6fd449505aaf4ce23b5e8fd239af0c6c1b9b8ec3b6283f29aa63786d55d,392,conservative_matched,2,1,0.0,0.9884484126984127,0.0115515873015873
M1,3aa2f113241cf12a1f41976ff0bf7942caae7298859aebfd67c1ddd2a115c9f5,393,conservative_matched,2,1,0.0,0.9696504329004331,0.030349567099567102
M1,28b053e3389d9080286d65e0a159dfd0e84b54ab6f9d29efe76029c4e441d313,394,conservative_matched,2,1,0.0,0.9696504329004331,0.030349567099567102
M1,573e5d0c416baabe556bbe6df0da1d23f9d757c682f06acc75cbdeeefa53f1dd,395,ambiguous_shared_key,1,1,0.0,1.0,0.0
M1,31be86aecc38b94fea6900d3b08f0dbc20cdc907d7b94ba8ffefbc3e636be934,396,conservative_matched,2,2,0.0,0.0014285714285714286,0.9985714285714287
M1,ca1af162eff48d01248d7b34c3dc4be9123bb4917682c15fcb42f45ba92ce681,397,conservative_matched,1,1,0.0023888888888888887,0.9976111111111112,0.0
M1,4e2eb26c0fe972eab4b5b004faa49b46156fd4ee3808d325d7e5594a79414a9c,398,conservative_matched,1,1,0.0,0.9990000000000001,0.001
M1,93b21413c755833e1950d07af850214cfb9b5519b7b21162d63f4c9ee904ca1e,399,conservative_matched,2,2,0.0,0.0033686518085495067,0.9966313481914504
M1,7cf9fc722144d5c5e38c3fea10921acf4cb1fa34cc1bd7692b29595386d51a2e,400,conservative_matched,2,1,0.0,0.6504444362826718,0.34955556371732854
M1,7e00b595bb6999487c74eb830249fdf599a16fe836019185747560a7869a2ea9,401,conservative_matched,1,1,0.0,0.9941094322344323,0.005890567765567765
M1,76d06487c4ffc806c0124b367816f652dd15cd43c60141189fb67369207e51fd,402,conservative_matched,1,1,0.0,0.9990000000000001,0.001
M1,284ec319e69a06d51dc7138b1cd703bdec233bd9862e76e788a66d58b5c93074,403,conservative_unmatched,2,2,0.0,0.04430515974505744,0.9556948402549424
M1,05ccbda5c8030aa70186394e3bd73c3d761e81154d70b009f09ac260843bbcb7,404,conservative_unmatched,2,2,0.0,0.04430515974505744,0.9556948402549424
M1,f31671785b3e105c3461c6f468a73e51b08fb09a2755ffa8ebfec2ee89fdccbc,405,conservative_unmatched,1,1,0.21498243277190657,0.7850175672280939,0.0
M1,eab697c8c1d27212af84b30e24e32008b1ecbc67472a7ff95ba552ee19c0db40,406,conservative_unmatched,1,1,0.0023888888888888887,0.9966111111111111,0.001
M1,af3e8a8edbc429d6e82a0234c201d8cc278db4fd145a68015fd1ab8785e57275,407,conservative_unmatched,1,1,0.12041573704073702,0.8795842629592628,0.0
M1,11f18902f6529ccd006f3eb1926c47f115d9549b2c2f079495389befb1eae919,408,conservative_unmatched,1,1,0.2344146880166617,0.7655853119833386,0.0
M1,f5c1f313b06ba018dffafebe7e936f738c7877b1fd7def93331d973a91083ec4,409,conservative_unmatched,2,1,0.0,0.7979792568542564,0.20202074314574314
M1,b0eb4c514496bbccfadc92bbc9d502a308cf264f615a7270f4508adfa95341f5,410,conservative_unmatched,2,2,0.0,0.017142461332359034,0.9828575386676409
M1,5fad3e448c5e1d74ad40706ea43e831ca8eb7c7de5f8b18a8d11e3658f13675e,411,conservative_unmatched,2,2,0.0,0.04430515974505744,0.9556948402549424
M1,b76ae4c5df31d41a628c2eac6d63a7191c5c814c94f0f8c36f40d812e2089f6b,412,conservative_unmatched,2,2,0.0,0.0033686518085495067,0.9966313481914504
M1,8a75076ea3879d0bf0dd017d05b4a245801a302e7b000b0a7b9c1cdb94ca975d,413,conservative_unmatched,1,1,0.3828151209170948,0.6171848790829053,0.0
M1,a27435e31856096b869dad34f04f50c26e43660a66718f5643ee8ed2eb51af26,414,conservative_unmatched,2,2,0.0,0.12759881053870825,0.8724011894612917
M1,abcb65e9f203ebce43dfcc290e3881ec3fadd75e0780873abb34e688cf2bde55,415,conservative_unmatched,1,1,0.3828151209170948,0.6171848790829053,0.0
M1,5fff96165ae228d0b6c109dedffa29fbbe1bb5419a4e17d1eb6b6f7371638adb,416,conservative_unmatched,2,2,0.0,0.0,1.0
M1,ecc8758acbe3ff3c1237190f0844b57b0865bb46d0c940c7ca341391b4a24f77,417,conservative_unmatched,2,2,0.0,0.0033686518085495067,0.9966313481914504
M1,83a9b71397707247df9fd3717796837f3765429b50236d6099664af84b527b36,418,conservative_unmatched,1,1,0.0,0.7979792568542564,0.20202074314574314
M1,cabc765a96e5371085f2124e0c49137c3ea6aa1d74da1cc02c830ee82ebc9b48,419,conservative_unmatched,1,1,0.07538462232212231,0.9246153776778777,0.0
M1,447b6eaaa01f44759a3e84e1ae3292b980e1e40bbca619439c1154c93b6ba928,420,conservative_unmatched,2,2,0.0,0.0033686518085495067,0.9966313481914504
M1,d6a67091791dd72522a6bef06dfea8b0c675a1445234f9512644939352bab471,421,conservative_unmatched,1,1,0.160805617993118,0.839194382006882,0.0
M1,f69228ae618f2a54598815acf45338b6ad192e9eb36eb4949775495b54e4ef8b,422,conservative_unmatched,1,1,0.0023888888888888887,0.9966111111111111,0.001
M1,3b6be63e42bced9624f2695926dd4352285f8007d59bd5bb1dd51c40b37024a1,423,conservative_unmatched,1,1,0.21498243277190657,0.7850175672280939,0.0
M1,b792c09ee937fae339c13197e2ca35611ec60e9b4d2f0dd62906e390c58a29f0,424,conservative_unmatched,1,1,0.0,1.0,0.0
M1,db9e4ad5925b27ec0584e301c098615d0e7d750f33a62c852097ee5091d20bdb,425,conservative_unmatched,1,1,0.23214730356745628,0.7678526964325438,0.0
M1,b50eec873e5ad85197e459d43c6a8a7c64c7be7730e766647b9b32f8958cd6e7,426,conservative_unmatched,1,1,0.23214730356745628,0.7678526964325438,0.0
M1,cc1b2843c4a07d3b4fa4abf9fd5537a7a6d4df902398c1cbe928fe3bce259418,427,conservative_unmatched,2,2,0.0,0.0,1.0
M1,fb53eea3d4cdbfd82c3a411ba354fb72529c745789e35c027a285e3f70071b48,428,conservative_unmatched,0,0,0.9991666666666668,0.0008333333333333333,0.0
M1,05b9b2450da4983d21d00900b28b53e5a1f95f950395ddc3ddc45cb106b759b9,429,conservative_unmatched,1,1,0.21498243277190657,0.7850175672280939,0.0
M1,a3ac2db16dcc74dd63903b195b7d1a3a53338887f18e8639c30c65d8eae7bc86,430,conservative_unmatched,1,1,0.21498243277190657,0.7850175672280939,0.0
M1,66e20104ca9e36937afb002e64108ee63a347a8b7749a55b588d30eb3e1409e4,431,conservative_unmatched,1,1,0.23214730356745628,0.7678526964325438,0.0
M1,4197c747bb633c56f7d24ec066c22ea16f41b22682b607527cfd6f1a7a2562c8,432,conservative_unmatched,0,0,1.0,0.0,0.0
M1,a497a87c94bd318bdbd3ec6561590a06ed35ab4e87ca913472fb109a78f8bbc9,433,conservative_unmatched,1,1,0.0,0.7979792568542564,0.20202074314574314
M1,f4485fff06cc355178561099fde1bff774f6df6adb1ce135820fe0e07515311a,434,conservative_unmatched,1,0,0.7345410990583197,0.26545890094167957,0.0
M1,2d77937efb442c0e808c407a59ec6405337a2a3460fb13f2f68d8434be09fe8e,435,conservative_unmatched,1,1,0.23214730356745628,0.7678526964325438,0.0
M1,e92916be0b17ba8bf1e2d3ce1809285cc94721729d1978c457f4db8c4f4101b8,436,conservative_unmatched,0,0,1.0,0.0,0.0
M1,44b0ff3b5337d07bc238578620590bdec6e1c913e99c9aedd40c7306c5136dba,437,conservative_unmatched,1,1,0.00125,0.99875,0.0
M1,170bd7b79b3f5e28736c07ca59bd1f2f2b5d4f0778d08d0d065dd684c879d5d7,438,conservative_unmatched,1,1,0.21498243277190657,0.7850175672280939,0.0
M1,f0a97bfafce659abcc15ad3b27366b99f919dc16a513c0931d27b70b5eb2bd13,439,conservative_unmatched,2,2,0.0,0.0033686518085495067,0.9966313481914504
M1,652e6865f9acddc8831b8ce218dbe9e6235e8c801d2bbf80d878c249871281f8,440,conservative_unmatched,0,0,1.0,0.0,0.0
M1,12f87a813a0f8b8b6295bf7bd67e6b14cf37aea45636ed5ee00d03e5b5987ffb,441,conservative_unmatched,0,1,0.2808706432456433,0.7191293567543557,0.0
M1,d63a26a5f8c21cfced4f4ebdcc520a460308329d0c2f1685f083d2ed9ab0b639,442,conservative_unmatched,1,1,0.0,0.9884484126984127,0.0115515873015873
M1,7b04f1d594f7376a2f050ee49b8349c5ef562e371b59041d74381aaf3f28418b,443,conservative_unmatched,0,0,0.9797361111111109,0.020263888888888887,0.0
M1,3ff83fc265305905760c500d9fe41689de9a1de06044ba371e5d92bef6310802,444,conservative_unmatched,1,1,0.3828151209170948,0.6171848790829053,0.0
M1,1a95813d193cd4442bc0b1f87b4bce15afbe7cd42d6c4c82b8f5c88c23abdbf2,445,conservative_unmatched,0,0,0.9797361111111109,0.020263888888888887,0.0
M1,e0bd5edf2a653605820916a1a17d66d2397b9ad0dd84f37cbd3fd3810e309037,446,conservative_unmatched,1,1,0.0,1.0,0.0
M1,d3dea6e23727f3861155568fe03f7508dad97315d987d7f509832e7bf6b4eecf,447,conservative_unmatched,0,1,0.160805617993118,0.839194382006882,0.0
M1,4dab921dc624739a417660847b4c0024fe177b771218333bf14e0d0d4e20aa91,448,conservative_unmatched,2,2,0.0,0.0014285714285714286,0.9985714285714287
M1,95a4c4f399ab39050cd2c68303c1b4a717e2b85e43356b382b44a3423cac3ed0,449,conservative_unmatched,1,1,0.0,0.9932777777777778,0.0067222222222222214
M1,85718d8d0d6c99912cd3eac82bdbbb72cee0878bc1891742d1d9ad494dbb5c0a,450,conservative_unmatched,2,2,0.0,0.11801585876825647,0.8819841412317433
M1,5c0c7a72328563a4b2a7d65fab7f740984af9984186caff86b9cca5da6bfe86c,451,conservative_unmatched,1,1,0.21498243277190657,0.7850175672280939,0.0
M1,5f11fef5bae9d1258380639662fb95008d4620c9b9b24aad7083e32efacfbdfc,452,conservative_unmatched,1,1,0.3828151209170948,0.6171848790829053,0.0
M1,13495fa8b8dd9679b0eab26be9488564259999759eb940cad44c16c962ae81f7,453,conservative_unmatched,0,0,0.8495002088554717,0.15049979114452797,0.0
M1,1a61ef72c42eed5e7901aa43b40e133c4e51f87ced017db6e1d465d17ca3ec78,454,conservative_unmatched,0,0,0.8036542492595123,0.19634575074048766,0.0
M1,a6b0e9b589ed3f6caa4497791751bb855f8ff7bd71783f5676489298a186db22,455,conservative_unmatched,0,1,0.3828151209170948,0.6171848790829053,0.0
M1,3d49951b870f3bcf189be0c2ef0d5405a6c21987112ed1b195ea3ed4ddfb46d6,456,conservative_unmatched,2,1,0.0,0.7979792568542564,0.20202074314574314
M1,3d19f74837a5c6f5e6ce0189453e4c6b522f560699d85fed9af18054565b4fad,457,conservative_unmatched,1,1,0.21498243277190657,0.7850175672280939,0.0
M1,0dbe677afded6fdb64050e827a3a7e21d49e0ab3138a60a2e288dd171af53944,458,conservative_unmatched,1,1,0.0055,0.9945000000000002,0.0
M1,36151d13bff095b0f9b3c390fa02f663a49fd45fe72702bad759cd82db3174c3,459,conservative_unmatched,1,0,0.7345410990583197,0.26545890094167957,0.0
M1,225629385e18a6854edb9ae5dee2b6c35e44af3143cc0f0fab0867deec5c52bd,460,conservative_unmatched,1,1,0.004534090909090909,0.9954659090909089,0.0
M1,3b0abeb2580501c078d50f1862f005665c127524372015d5674ef8679685fabd,461,conservative_unmatched,1,1,0.0,1.0,0.0
M1,30208d526f61c08aa4e9adad5f98e9a48303a9b9357da44a27292465dbc46bf3,462,conservative_unmatched,1,1,0.0,0.7979792568542564,0.20202074314574314
M1,8d0f029901600d9418a07f1fd8a7b00c1d0b43e684bd28f66e21c5cf7dcd6021,463,conservative_unmatched,1,1,0.0,0.9996153846153846,0.0003846153846153846
M1,55d65dd88579a7b1789b4e356b381badd401b3808258dce2c7f346a5dd179c07,464,conservative_unmatched,1,1,0.0,1.0,0.0
M1,65fc55908795c03596628c3be27eff5761f85e2f1b4291d6717c471653ee17a8,465,conservative_unmatched,0,0,0.8036542492595123,0.19634575074048766,0.0
M1,afa6daaad76b24e7324cb78b11b89285577dc8bbfcf69fd9a2858f75d0d2d255,466,conservative_unmatched,1,0,0.7345410990583197,0.26545890094167957,0.0
M1,3f3aa71345eef153c551d8268b4cf413be9de4e5ebe03d0b0aef13d7178f6451,467,conservative_unmatched,1,1,0.0,0.9941094322344323,0.005890567765567765
M1,ecddaa9fb5fe0229e957962b58fa482e6fb92d8f808ec76bf3448ae1f9070c00,468,conservative_unmatched,1,1,0.0,1.0,0.0
M1,e0d210eed199a9e6092e65b724d0b6abf80444548010500e25c9fbfa593246e6,469,conservative_unmatched,1,1,0.0,1.0,0.0
M1,3a7f050103c325de4173d8ce18ea31c2b8a5424d5ca15132d1d2e938a40e25f1,470,conservative_unmatched,1,1,0.0,1.0,0.0
M1,d6c2e29b139b700ff7f46855f1fbce6d187c897106391edbf79fbf80ed1f1c14,471,conservative_unmatched,1,1,0.00125,0.99875,0.0
M1,3228a5c1892f93600a970b9e099b3053b891a018a2b4fcdbe092d118a96a8fb3,472,conservative_unmatched,2,1,0.0,0.9696504329004331,0.030349567099567102
M1,55149a64f268a012247a00f9c7f3a36b557a25430fed6016ab547ff1c38e61b2,473,conservative_unmatched,1,0,0.8495002088554717,0.15049979114452797,0.0
M1,8e4ea3523595a6acd552728b47f2a13b458234f347559c26cb13139a095da1b4,474,conservative_unmatched,1,1,0.21498243277190657,0.7850175672280939,0.0
M1,9b5390ef3260489b3c3887f9fe6f349f50d003bb156f7742f95c91a2857f2dae,475,conservative_unmatched,1,1,0.0,0.9884484126984127,0.0115515873015873
M1,ecaccecb377bfe6bfdaa2574f6cdc96491a0894b2480612d0376098a403592e1,476,conservative_unmatched,0,0,0.8495002088554717,0.15049979114452797,0.0
M1,1971d2b4a4cb293ac396176c6d1190289df940842c256fea5bf08fd520cbb4f9,477,conservative_unmatched,1,1,0.03945292207792207,0.9605470779220779,0.0
M1,50c59de7b7fadd459118ad53531a05379edf5c0bbf8786fc3b4b96a2d52bd55a,478,conservative_unmatched,0,0,1.0,0.0,0.0
M1,9d1ad6603c4fc4417efe8b4d68b4771693ebeb51d9cc5fc47e7d55d6a396ae28,479,conservative_unmatched,1,0,0.5836520282263316,0.4163479717736683,0.0
M1,8fd0fe4e154f5d8d0e6fd22a060280c5fc7e2f73594c63d13a67e97a3b835a6b,480,conservative_unmatched,1,0,0.5836520282263316,0.4163479717736683,0.0
M1,e63fd967ad59bf73b27ba4efcf551436428f26a03ab3e1ca498f3e01f0550a1a,481,conservative_unmatched,1,1,0.3828151209170948,0.6171848790829053,0.0
M1,e8921714e78de17aa9004ed167d45bd0471420f26d1c05f61df1adaf22cf37fe,482,conservative_unmatched,0,1,0.3828151209170948,0.6171848790829053,0.0
M1,2a0de0babe99f6482353deccfb8c5a64a0d4e142134c21435a7d5cb4bb7a44f0,483,conservative_unmatched,1,1,0.3828151209170948,0.6171848790829053,0.0
M1,4e8d3b7274c27d5592e32b4eb3028607e6458d3fa96ea1c253fae1519ce42ebb,484,conservative_unmatched,0,0,1.0,0.0,0.0
M1,c32bf43dea1035a78327d54bf13e6655b755788b7cb2b89bbd177edfc1270a1e,485,conservative_unmatched,1,1,0.004534090909090909,0.9954659090909089,0.0
M1,39f5260d468bf91cca4bc94b0f64140f65b1569a4eacdacee827afe47a7a43af,486,conservative_unmatched,1,1,0.3828151209170948,0.6171848790829053,0.0
M1,8da546665c37fd3768dd5df0c43d9e48a594114602af5888eca3732f0b8f2bdd,487,conservative_unmatched,1,0,0.9797361111111109,0.020263888888888887,0.0
M1,d3dcab46cc222b84f1ffdcca86f298db97158c380bc905a790185b05af010c3d,488,conservative_unmatched,0,0,0.9797361111111109,0.020263888888888887,0.0
M1,aeac0b830c55c2d51b6a33e30e0be051cd140df152dd398a2eddab2a28bf9b35,489,conservative_unmatched,1,1,0.2808706432456433,0.7191293567543557,0.0
M1,f1f7629e3f53f2d8e749f46a993a6e72aa316c1d9c1f8b1c67c6dd1a677d2932,490,conservative_unmatched,1,1,0.2344146880166617,0.7655853119833386,0.0
M1,8e66ea34596e3d99a63ea5e1e0165c156c716d735eff28f761ac0ed48e7252b4,491,conservative_unmatched,0,0,1.0,0.0,0.0
M1,5db554cde5ce7bc9cf816db20cff72939c5d380706d527f487672a618aca59be,492,conservative_unmatched,1,1,0.160805617993118,0.839194382006882,0.0
M1,ad3bbd4bc195aca26dbe34255846b204647007f9008cd1604caf31a6030ec266,493,conservative_unmatched,1,0,0.5836520282263316,0.4163479717736683,0.0
M1,6807374cf8dc72644182a43a9da4afcfba4ad80f80c056f982d40cb0cdd9609b,494,conservative_unmatched,0,1,0.2808706432456433,0.7191293567543557,0.0
M1,e92297353a3a22b944725a165b52f80a1965ee09f6178dfc184860131871920c,495,conservative_unmatched,1,1,0.0,0.9941094322344323,0.005890567765567765
M1,64093b9f13e7c9c5796331cf22a51a3878853dd9a68ddd7e2bd97746e9a148f9,496,conservative_unmatched,1,1,0.0,0.9696504329004331,0.030349567099567102
M1,c997661e8f088ce61daed2d734e2baf038d0a5f5a2326a8545dcefa81f72bec0,497,conservative_unmatched,1,1,0.21498243277190657,0.7850175672280939,0.0
M1,d064c27e57ecbf5d0cace935aea0fc9d1053dd486ab0eaeec1c8b8e510cc7bd3,498,conservative_unmatched,1,1,0.0,0.9941094322344323,0.005890567765567765
M1,e01c7f73d3b9c5e56e27a66af611a14995b4b65854a282507dbf90ced9dc54ac,499,conservative_unmatched,2,2,0.0,0.0,1.0
M1,ee64c4c983197496a5a20dfb847c9b4515dbdade50852024c565d1a74b63cc24,500,conservative_unmatched,0,0,1.0,0.0,0.0
M1,9662010e2490990d85dd702691d3e752f5a17e905f96d98be43c275a1e08a893,501,conservative_unmatched,1,1,0.0,0.9996153846153846,0.0003846153846153846
M1,f84b59feebc9f4c0c496f360f1ca19bbe2d5beeb52f49c9fc163d951a96cd776,502,conservative_unmatched,0,0,0.8495002088554717,0.15049979114452797,0.0
M1,f9871cd35fbbef3dcc9a11edf31cde93a1421f2f6768ec1eda59f1fd8a7eda5b,503,conservative_unmatched,1,1,0.0,0.9696504329004331,0.030349567099567102
M1,f865f3eb3350200dfbeb524ebdd2d755fefe3d4d2a2093ca5e4c3d388c760e50,504,conservative_unmatched,1,1,0.0,0.9884484126984127,0.0115515873015873
M1,6c25dd980ae55d61fd3c42c5c5e6030ac2dddb2fcce89e3ba55d1ed3f42fab9e,505,conservative_unmatched,1,1,0.0,1.0,0.0
M1,555340884fdb40170947c98290702c40554069d24cf22f20a9785c5218582ca2,506,conservative_unmatched,1,1,0.448676704874073,0.5513232951259269,0.0
M1,b4ddfccd8e4d07b77338aafe76e7c9ca43343a328bbb848444a3ecb6133dc14d,507,conservative_unmatched,1,1,0.0,1.0,0.0
M1,857b369ecd76d80997f03f4eb841148b4a57ca5b325132205a6ff964ff20122c,508,conservative_unmatched,0,0,0.7345410990583197,0.26545890094167957,0.0
M1,74137ae4e7726b7bd996489326eb22a2b8918ea0504267c8fb1fbab7f5ae7b42,509,conservative_unmatched,2,2,0.0,0.0,1.0
M1,862548383e807e3e1f19b50f24a8569b6ffb9dec43bdb049f653d08bc3af9d3a,510,conservative_unmatched,2,2,0.0,0.01937682419172189,0.980623175808278
M1,50a1482d80d92dbb826319e4766efc53b1bdf8ad4e84880dca534a5dda4f5043,511,conservative_unmatched,1,1,0.448676704874073,0.5513232951259269,0.0
M1,09483a45ca26429c517c73946e7c0e42d0b268c8e54f9f87e8d06f6ddbddf0e6,512,conservative_unmatched,0,0,1.0,0.0,0.0
M1,e3b43d0c2f88cf262221ae16e2204cd0eab17feeda587be40cda3a8f76eae2f7,513,conservative_unmatched,0,0,0.9990000000000001,0.001,0.0
M1,2df6a5e9d91cfa9be614ad5f9caee8cc67f367e07626e56fc4f67efbfaceff1f,514,conservative_unmatched,0,0,1.0,0.0,0.0
M1,293fd70db77ae8dac4ff7015aa8471bbee8dc11c94d69214be1164a3a65ded47,515,conservative_unmatched,1,0,0.8036542492595123,0.19634575074048766,0.0
M1,1d8c825fa4140f5726cf96d2fbc410daf8dc1449a57aa3018d8d69710baf1acf,516,conservative_unmatched,2,2,0.0,0.0033686518085495067,0.9966313481914504
M1,96fe6b8a15df2ad16bdc1b1426c5388a37e247e2707b5f5e0efc650981a54522,517,conservative_unmatched,2,1,0.0,0.9696504329004331,0.030349567099567102
M1,058ccc5f0c17c416ef06df1ed5deaa48d112f42a14f667bcf9846fdb664ef366,518,conservative_unmatched,0,0,0.9990000000000001,0.001,0.0
M1,ec4ebe569d3745dd4c8b9698518c7aa342acae412e99da6fde3e888b7d603a83,519,conservative_unmatched,0,0,0.9990000000000001,0.001,0.0
M1,6249033ebb4873778de8d435f8863876ed0ccf3c336662af8118b4596dbc2285,520,conservative_unmatched,0,0,0.9991666666666668,0.0008333333333333333,0.0
M1,6be95b1a0e561d03e9ff9bb3bf48e85fc3bb4ae85b750949097b5270445e0b2f,521,conservative_unmatched,1,1,0.160805617993118,0.839194382006882,0.0
M1,efb4d196f4193d1291a1cfb89719e049b970e0bf437f8a7e200e7362d60ca360,522,conservative_unmatched,0,0,0.7023881541575038,0.29761184584249595,0.0
M1,ccd0b5095c5ca020ed29dcb4ed07bc78fb4f8bd1d01103c832c16f74415da411,523,conservative_unmatched,0,0,1.0,0.0,0.0
M1,866639f3b9f95c14339f44ed24824b71cda6a70d63a86fe0edf0685a8baf5c75,524,conservative_unmatched,0,0,0.9797361111111109,0.020263888888888887,0.0
M1,7788b10861e73289e28b8fbecdb74643ae51fd2135b9ae4865d7ae2a22141973,525,conservative_unmatched,2,1,0.0,0.6504444362826718,0.34955556371732854
M1,c79ed7e1c220976e51dd4332360fd4507729186d68877b8df22893d4867d9530,526,conservative_unmatched,1,1,0.0,0.7979792568542564,0.20202074314574314
M1,a9da9db2467c1a5fe7257adb1987e930ea751470576c10c82f4397f3dd37b63f,527,conservative_unmatched,1,0,0.7345410990583197,0.26545890094167957,0.0
M1,59e566c9593c67991a9806b91f08f73822a0101cbf3d442380b33413985e2c61,528,conservative_unmatched,0,0,0.5836520282263316,0.4163479717736683,0.0
M1,85a02e1802e7b312ed957ee39e2bbfe0b4632dd2d25d3a8ce177b48d26ba1fc2,529,conservative_unmatched,1,1,0.0,1.0,0.0
M1,302494caeb3ee0101f8f544443114bef1a41d67b3f2ce1366f69f9a3f31ce11c,530,conservative_unmatched,0,1,0.05232473776223776,0.9476752622377621,0.0
M1,d26328550683e27aa4c4fe5be7e2d668c08dadae337ff364dbeb060fd5a931bd,531,conservative_unmatched,1,1,0.23214730356745628,0.7678526964325438,0.0
M1,c67ea185339d2fb8c8312dc38cff21dc6b000f785be421eef88bbdcdf6c6b17a,532,conservative_unmatched,0,0,0.9655272651325284,0.034472734867471704,0.0
M1,1c68670c6ff38a49598f90f6157ce8bac895df1254da553b54bf687cfa750f91,533,conservative_unmatched,2,2,0.0,0.0033686518085495067,0.9966313481914504
M1,4f4759b87edf8e38b6b6c5dd3a52b7fd18a9f97b78b0b8933276755f4ad88080,534,conservative_unmatched,1,1,0.0,0.9990000000000001,0.001
M1,ff5ec594276eaf7458f2130bcf3e75b5d349c038b2b084453d15878aca86b077,535,conservative_unmatched,1,1,0.2344146880166617,0.7655853119833386,0.0
M1,aeabe5f00bb9cc0af7000e3fafc88866155e65ab4d5da58274d0dee130a02388,536,conservative_unmatched,1,1,0.0,0.7979792568542564,0.20202074314574314
M1,721efe630e75ad47ccaef650071f9859ae1b8779a8c95ecea3c05cada999c1f2,537,conservative_unmatched,1,1,0.0,0.9884484126984127,0.0115515873015873
M1,d1ad465a150c1a7e96ab02a505ebb64e6d4a4d6ed85a8269d159aae2333f6aab,538,conservative_unmatched,1,1,0.0,1.0,0.0
M1,33aa276ee8893c316e5b08f90d403be82db716c7a10ce7d0c6a91aa861061f55,539,conservative_unmatched,1,1,0.3828151209170948,0.6171848790829053,0.0
M1,2de6307edc2b60e3648d6c261996c60ddb15ccc9f4069aee2e9ee4e9ca9dcaee,540,conservative_unmatched,1,1,0.2344146880166617,0.7655853119833386,0.0
M1,e40a0fc10b44506213ca47e78c7d510fb7715425780e3f270f0a25a0b0fc9acd,541,conservative_unmatched,1,1,0.448676704874073,0.5513232951259269,0.0
M1,d1958961f2d45dc817103b882041c89ee03cfc904630b276a8df79cc1bb77be4,542,conservative_unmatched,1,1,0.21498243277190657,0.7850175672280939,0.0
M1,112e7b51e7d078dd62fe5bcec15f48660dbfc572df659aea50141c8a731a6877,543,conservative_unmatched,0,0,0.5836520282263316,0.4163479717736683,0.0
M1,26b4822fa63df3b3e9c29f678473792ea52b5b587e2cab81296a5a914d19b8b3,544,conservative_unmatched,1,1,0.00125,0.99875,0.0
M1,bb9a219543e713c160a8c0a5217ff0448abee776e104949e51d702515e4d91d8,545,conservative_unmatched,0,1,0.2808706432456433,0.7191293567543557,0.0
M1,60dac4fdcf327b961a62f11465381e422541c18c956cf5cf22c128d4b842b021,546,conservative_unmatched,2,2,0.0,0.017142461332359034,0.9828575386676409
M1,d98717d4a561c7ad6b0aa9c5e73ecccbfb6510d07c8f23d7934fec3f8fbcf474,547,conservative_unmatched,1,1,0.21498243277190657,0.7850175672280939,0.0
M1,298396fbfdd8164ae18c277866976ca23849141cf1815c2bcec80e4ae07c61b7,548,conservative_unmatched,1,1,0.004534090909090909,0.9954659090909089,0.0
M1,fb94ee8ea1e782bef0347d3f68c7a3b2779dd41a95c0aa9dfffc9da76f70ba9f,549,conservative_unmatched,2,2,0.0,0.0,1.0
M1,e04e7d38a93aac3cae8930e1afcc919894b9a520fcb4dca988b331ff9b2900f1,550,conservative_unmatched,1,1,0.0,0.9884484126984127,0.0115515873015873
M1,5b5485c49c314af261c3458801b8a573f2c1563a3c311c29143aab59d9d911ea,551,conservative_unmatched,1,1,0.0,0.7979792568542564,0.20202074314574314
M1,7c393fcb8c6e7a0bd9c175f589c70e5aa04536220517e7b236f9e14bf21c6822,552,conservative_unmatched,1,0,0.5836520282263316,0.4163479717736683,0.0
M1,05567423ae09c5925d6146877dafb322bf8ffcd07a7f3933256d62e795f81820,553,conservative_unmatched,1,1,0.0,1.0,0.0
M1,f0a4ff0b2550559804aa110b3356616d37f08aea297e713738efde6a82a9c905,554,conservative_unmatched,1,1,0.21498243277190657,0.7850175672280939,0.0
M1,acb36f95ba3fa4630d97646560eebd228e5df633a2b53197160afadbac82d3d7,555,conservative_unmatched,1,1,0.0,0.7979792568542564,0.20202074314574314
M1,def918c1724a318819400b627c2284b9d77b244b87ba2494717c910e5c9c38bc,556,conservative_unmatched,1,1,0.3828151209170948,0.6171848790829053,0.0
M1,dba044228ddb18bf24955ec6f54e2d9d259a453b9e3cc7ac001d1eb1b5c9b9ff,557,conservative_unmatched,1,0,0.9797361111111109,0.020263888888888887,0.0
M1,81797337a73820dc32b1a903022de6137363f685e79ff3d28361b746ffaed4d1,558,conservative_unmatched,1,1,0.02873319735819736,0.9712668026418025,0.0
M1,f4d53f6572ae8b078ab81ba0147ca9577c4911fee5434fc10bcd3664f586de6f,559,conservative_unmatched,1,1,0.0,1.0,0.0
M1,db842124e7a33dd5887c8d22a815b1649cda7401b683f5f9cc6c7a9dbd533a3e,560,conservative_unmatched,1,0,0.7345410990583197,0.26545890094167957,0.0
M1,dfb22216dca7b15a73c5d13592b3a4d456865e6b14a914fc23a7440d2c793feb,561,conservative_unmatched,1,0,0.7345410990583197,0.26545890094167957,0.0
M1,49adb4d4ef7cf9b7221faad79fd9c2cb259872644777044983365486723c67f4,562,conservative_unmatched,1,1,0.0,0.9932777777777778,0.0067222222222222214
M1,be89c78f29804f04841228bffef4532f286878a08b52cf8f4f17b15a9fa83364,563,conservative_unmatched,0,0,1.0,0.0,0.0
M1,1e575562ac1159a8405c09757fa2ecb84640a371604a760ff9c484986079044d,564,conservative_unmatched,1,1,0.448676704874073,0.5513232951259269,0.0
M1,297cf77b86d2fe61e413421d7216874ab77f45748dff5f7a2531cdaab79a4050,565,conservative_unmatched,0,1,0.23214730356745628,0.7678526964325438,0.0
M1,42782168745dc8505000dbae693962b78560d30e77d5c939cf351a8b1435ee0b,566,conservative_unmatched,0,0,0.9655272651325284,0.034472734867471704,0.0
M1,6fd9a47fad5e93b780be9618fa002099728d3eff67212f1dfd621d4fe09e5eca,567,conservative_unmatched,0,0,1.0,0.0,0.0
M1,c196a7c8ed3ca9e717d3bd3e95cdfe28d93e5d9cf747d077bb16d08a20a5e14a,568,conservative_unmatched,0,1,0.19383402708402708,0.8061659729159727,0.0
M1,6fb20bf325c96c92f7685718fe8ac085abc4d9ae3655bac14eeb57923a7ace8b,569,conservative_unmatched,0,0,1.0,0.0,0.0
M1,2f662e03b27bfb4526a71add2807e7200b7744865e734e627c558dbfcd716b5d,570,conservative_unmatched,0,0,1.0,0.0,0.0
M1,882cedeb9fc2ec46872ae63c3be3b86e9760a8947f6a1cb1a2e0b94eaefa5a4b,571,conservative_unmatched,0,1,0.2808706432456433,0.7191293567543557,0.0
M1,8083fab72781bef33f4c3f68371defad870524369b374017badac30ed6b5920b,572,conservative_unmatched,0,0,1.0,0.0,0.0
M1,83113f35b1ed6dcd55e689ac8670be1b8e9643d34559e493146083d8e5945dce,573,conservative_unmatched,1,0,0.9797361111111109,0.020263888888888887,0.0
M1,1aaef0af18b1a224fa7924b8a1453fb8b5547a6dea9cbd572550da4fdf495da9,574,conservative_unmatched,1,1,0.09205399461649462,0.9079460053835053,0.0
M1,7be80fb1e0b72f3463c8bb1765680e76d75477d56995fa3950c138b538110adc,575,conservative_unmatched,1,1,0.21498243277190657,0.7850175672280939,0.0
M1,55dda6439343432382a3c5fcfd38503ba528580be87b0d35cdba66b9c9b827d2,576,conservative_matched,1,1,0.3828151209170948,0.6171848790829053,0.0
M1,531f8aca33aab4bfc992087de862b25def4dea5b91bea6cc49aacbad07b45b7a,577,conservative_matched,1,0,0.7345410990583197,0.26545890094167957,0.0
M1,4b55155083aea75c9650635eb846d1e7abeaa867e3c5c629e2c90461482485f1,578,conservative_matched,1,1,0.2808706432456433,0.7191293567543557,0.0
M1,cbff20bc53e43cdc376274e957b0ffc5d0e44adc151c80bdf4bbcae92be525c1,579,conservative_matched,0,1,0.3828151209170948,0.6171848790829053,0.0
M1,05ccbabae43833184ec6c444793c4e8cacbda9996a75f0cd529a00fb88642dda,580,conservative_matched,1,1,0.2808706432456433,0.7191293567543557,0.0
M1,d083e107e8f39557b9da7bae2f268fd65ec49b913d65d226417086af94f9511c,581,conservative_unmatched,0,0,0.9991666666666668,0.0008333333333333333,0.0
M1,77746b53c327b916c5ec4cc31ec639b45db4160f2d1135410449c6eaa0246f2e,582,conservative_unmatched,0,0,0.9991666666666668,0.0008333333333333333,0.0
M1,27810cd10888196a27cced776fd1436adf51d1cae60009f0c7ef8058309b1000,583,conservative_unmatched,0,0,0.9990000000000001,0.001,0.0
M1,6dcbeeb20de7ab3fb6be30cae5c029490f226a6c6e9839f8bb4882119aa94265,584,conservative_unmatched,1,1,0.21498243277190657,0.7850175672280939,0.0
M1,344202bfae426b40571c614ea63322e5df0a08a9e6479a8ee7d45ead1a7607bf,585,conservative_unmatched,0,0,0.9990000000000001,0.001,0.0
M1,4d38119ab66a25344f4d5e9cac08e7a79647052d37639e78099d0d83f405388c,586,conservative_unmatched,0,0,0.7023881541575038,0.29761184584249595,0.0
M1,815683c5eb3b782f1a2feeefe55a834447a90f6a62356c843d751e6ed6f7089f,587,conservative_unmatched,0,0,1.0,0.0,0.0
M1,f2467f3e3e1aa7ea454678b2f6366dcc05717a73be181ad40e267ca3f4a20eaf,588,conservative_unmatched,0,1,0.160805617993118,0.839194382006882,0.0
M1,e8163c001a265fe053d03db65ff85765ce01cdbe0255fccc0cdc667d3e54d98b,589,conservative_unmatched,1,1,0.05232473776223776,0.9476752622377621,0.0
M1,4d13f0a81cacab75a84d737ab08cf1b5159479efc79f18190e8eff251f50d3a5,590,ambiguous_shared_key,0,0,1.0,0.0,0.0
M1,8d5547c0b5e44d69c28a4cead541c515bc82e8f18adfd972abf57b2824ce7a43,591,conservative_unmatched,1,1,0.0,0.9884484126984127,0.0115515873015873
M1,43460a59a097e1443e8fbc9958de350337bb25f8ffffc2fc154630bccfe4cab4,592,conservative_unmatched,1,1,0.0,0.9990000000000001,0.001
M1,11f088393304daadcce4ef6f7aeb11030a552f71b38036237f26bfcd5781383c,593,conservative_unmatched,1,1,0.0,0.9884484126984127,0.0115515873015873
M1,5cbc809b12bbee7f9264f64fb42ed13d33f0a6e6a36184a8abaaf767c2a5e4d8,594,conservative_unmatched,2,2,0.0,0.0,1.0
M1,f1c806ba37d90be9bd2c5d433faae60be09e78bd25bdd026832fc63f5b765d18,595,conservative_unmatched,2,2,0.0,0.0,1.0
M1,638b177ebfd03aac5f3afd7b87a4197f8724aebf6fb9331b5739e0ecf63e509b,596,conservative_unmatched,2,2,0.0,0.0,1.0
M1,88141e1c7c290dd5013d1430599c08e066cf9b67d49c79ba4eed15b5368f8865,597,conservative_unmatched,0,0,0.9726939317991949,0.02730606820080504,0.0
M1,95e8238ccef68ad4f8150229d207753b7ab128e23d88ab78b7641a93e0bf0b7f,598,conservative_unmatched,1,1,0.21498243277190657,0.7850175672280939,0.0
M1,62984b6078e75a305726c858e36e398e1c744cb748f515a9cfe0fc9d54a69c63,599,conservative_unmatched,1,1,0.0,0.9884484126984127,0.0115515873015873
M1,28acd3c3d384d8b12fc6beb8a099937473fcf151408bd2085df22511ad2be313,600,conservative_unmatched,1,1,0.0,0.9884484126984127,0.0115515873015873
M1,822a295f2c49ded241a54272d201a97fb3dc1b2409068f0e353f918e741a9ae8,601,conservative_unmatched,1,0,0.7023881541575038,0.29761184584249595,0.0
M1,4a8567b621350cc729465a20bc85964673deb69044ecf71e3b59a4220f804585,602,conservative_unmatched,1,1,0.0,0.9990000000000001,0.001
M1,e452e684933e73c5030cb56fab663ab3633a1033ce3f9525ca49c259cb1ed4b7,603,conservative_unmatched,0,0,1.0,0.0,0.0
M1,ac5e5e4d7d88c4fc6bed3d9c971328c75ec9aeedf9f5e57eeb490d0e05eb0235,604,conservative_unmatched,1,1,0.3828151209170948,0.6171848790829053,0.0
M1,e76d30071132859aee98d30842d0336ad4f55ec000ceee702f40c262f5d29fe4,605,conservative_unmatched,0,0,1.0,0.0,0.0
M1,fecb7614f4f605bdc5a580d71a1b278aede770767de1712824a679c6ef5d62c5,606,conservative_unmatched,2,2,0.0,0.0,1.0
M1,0c62dd9eba4e97411d8065ea4a297154674fd8225c2e5435c85f3e545314f202,607,conservative_unmatched,1,1,0.0,1.0,0.0
M1,b08cc7b11c2239e58759422b6bf5a2d08f13ee0ebbe8cc8c7d36f98a1fed1f20,608,conservative_unmatched,1,1,0.160805617993118,0.839194382006882,0.0
M1,2ca5957ec014c711ba4a9356fa48dce7c2814b7c34ce6430ed68fa5e83b052e6,609,conservative_unmatched,1,1,0.0,1.0,0.0
M1,71388cc5368946416cbcddee50e2af8f0a6a2794c83dcda516b9f0463aa6ad3a,610,conservative_unmatched,0,0,0.9990000000000001,0.001,0.0
M1,01da3e159b6ce80ac8e0f280d001e0b1feae934b7f87e69e52a68f6f40f1631b,611,conservative_unmatched,2,1,0.0,0.9696504329004331,0.030349567099567102
M1,cbabb7d95eace71c3efce48e034e79054df0c1930a226772f3ea9a3f42eb2cad,612,conservative_matched,1,1,0.21498243277190657,0.7850175672280939,0.0
M1,2d1b2dad312d67abe149344cc5753c2181558ff169882e194058c0eea17a64f6,613,conservative_matched,1,1,0.23214730356745628,0.7678526964325438,0.0
M1,0bc52b5e19aa1667f7fbc7756b07899f366c304e861f02d85e0aef1f64de3cbe,614,conservative_matched,1,1,0.0,1.0,0.0
M1,457bc623d54c8df675fda66a9a5a159bb6259cf81fdd5a312ea24da7116effd3,615,conservative_matched,2,1,0.0,0.6504444362826718,0.34955556371732854
M1,fb2e62e9e165d1b9fc47a6787af9d64df4a4b63f931a035289966a672894fdfe,616,conservative_matched,1,1,0.0,0.9941094322344323,0.005890567765567765
M1,72d66c7979e51d234b4f5c7cb46e06e165d847b6d88d705eae864ec291dd7fd2,617,conservative_matched,2,2,0.0,0.0,1.0
M1,864a47eb9df8de430cc753dc49cfb0c61bbddcd7e39861184b1c6ac25ac9961b,618,conservative_unmatched,2,2,0.0,0.013834415584415583,0.9861655844155844
M1,352f35ab026498342b42592c28f2e2be9498c17dfa667c80faea045076e8af7f,619,conservative_matched,1,1,0.0,1.0,0.0
M1,56d3d8cfe1ee66937b1b304de962e50840fc5df249cec9cc9f427db1842d8971,620,conservative_matched,2,1,0.0,0.6504444362826718,0.34955556371732854
M1,3f51ef1cc86ab991c28a55516800a2b6b5ef37565f358b017c65fa7577187dfa,621,conservative_matched,1,1,0.0,0.9986363636363635,0.0013636363636363635
M1,dd38559e4db1b62eb9ee7721afb2fa8ba6d0e620b0ca68c3466a2b552c86f887,622,conservative_matched,0,1,0.160805617993118,0.839194382006882,0.0
M1,5bfc17c84629c446ef515aaeaab83b0c8b4ad7591746f50c3f337e0eef4bd5ce,623,conservative_matched,2,2,0.0,0.01937682419172189,0.980623175808278
M1,a288de67ba6e534c619fb61e1a8643504542cbb8d7cfc5f5b4a96fa78e5ef948,624,conservative_matched,0,0,0.7023881541575038,0.29761184584249595,0.0
M1,f21c6f9076039176e5eb15df163162d58f098a9ae11653ad81acafabb9c36e7c,625,conservative_matched,1,1,0.23214730356745628,0.7678526964325438,0.0
M1,791278aa8844499b0a60f95a26795155a5f9545a142a562dca7b40238639b234,626,conservative_matched,0,0,1.0,0.0,0.0
M1,f73037bf5bb7948b4d6c45d2a9d27260dd1e3d46d4cda2bb4658f1b9abe5c35c,627,conservative_matched,1,1,0.3828151209170948,0.6171848790829053,0.0
M1,9dfe951a72432d669852444c668c15b73a677afe22aab4dd3febadf96aea1bbc,628,conservative_matched,1,1,0.21498243277190657,0.7850175672280939,0.0
M1,ef3b33bfd33c9a8d675e8c1562f5c2d503094b1f1887af3be3c1e16e100d9af4,629,conservative_matched,0,0,1.0,0.0,0.0
M1,ba39525bb89a78df7e0bc9a040dd9c4c00f64baba2719bf9fb4a4bf7aa3dcffa,630,conservative_matched,2,2,0.0,0.01937682419172189,0.980623175808278
M1,ca60a0d1bd9510735b9a2c5edb1ab0a7eb2dd31d96b642bce093e7ba08286f2c,631,conservative_matched,1,1,0.21498243277190657,0.7850175672280939,0.0
M1,0b62dbcc4ebac3c7caeb54877d5a7729939755248ef62d510998e9e0fbed957f,632,conservative_unmatched,0,0,1.0,0.0,0.0
M1,52a96206cbacbf10f2bc11340bd5210d489f276f3d08ac28be80c19d2cf1da08,633,conservative_matched,1,1,0.0,0.7979792568542564,0.20202074314574314
M1,2fe1c3d95e43dc7878c7ba2874a7cb62e7829661ff3655b02f110fd5bf516184,634,conservative_matched,2,2,0.0,0.0014285714285714286,0.9985714285714287
M1,61b0a6498279a260ce8cabb4d4114bb5cda03e71c6f6954d7b766ee8a31b2746,635,conservative_matched,0,1,0.2808706432456433,0.7191293567543557,0.0
M1,9601c9dd198c4a6dc5124d4d420e2ff339734b9a9e1079da056b3412d663b347,636,conservative_matched,2,2,0.0,0.0,1.0
M1,29fce523320e3983ff6849f6c475a158aa2fe75ebd2e9c644855bcd863b27cc7,637,conservative_matched,0,0,1.0,0.0,0.0
M1,6f3f6818c91a4e4ac44cd061158f5c34bee1b5baac40fd4e469a3ed20476104a,638,conservative_matched,2,2,0.0,0.0033686518085495067,0.9966313481914504
M1,1f54ce13a7724f8e43df533f143951e361144f772d6d5ce76fe8e5fc8c77364c,639,conservative_matched,0,0,1.0,0.0,0.0
M1,c69567d2d69504dcc3e49e555057fd7d89a52635db8622cab985007a194e53ea,640,conservative_matched,0,0,1.0,0.0,0.0
M1,4ec623fdc95e46d2eebb4a617716702a53c1664c18b6850a31a71541fbaf8d81,641,conservative_matched,2,2,0.0,0.0033686518085495067,0.9966313481914504
M1,a35adafe1567244423f4e723b5361fdfc62fb0c766c9685554fa976277ee04ba,642,conservative_unmatched,1,0,0.9516230158730161,0.04837698412698413,0.0
M1,7ccf5e3af45d32c2b891424dd669788c94857f3adff5795a33e4b30a42f41db3,643,conservative_matched,1,0,0.9797361111111109,0.020263888888888887,0.0
M1,f348edbafe367b5ca9552438520be0642620dd2e2fa1312d7bf2b74940eb9780,644,conservative_matched,1,1,0.21498243277190657,0.7850175672280939,0.0
M1,f2d3074dfbaef344aa4981cbffee6d788ff0def980a874cc42e1dd4df85a9726,645,conservative_matched,2,2,0.0,0.11801585876825647,0.8819841412317433
M1,360878e8a6171b73196b1189a0e33d9b6733e9ad741d46f90bee01573fbef0dc,646,ambiguous_shared_key,0,1,0.0,0.9990000000000001,0.001
M1,674130e6bbe693f70e17ce995304b93967bd09052c13f383b45753334d551bc7,647,conservative_matched,1,1,0.23214730356745628,0.7678526964325438,0.0
M1,1f87f903f6991bf3f713838f4ac2d9b2d167b93ad3fc82cd0bb8919543bca220,648,conservative_matched,1,1,0.21498243277190657,0.7850175672280939,0.0
M2,9da00394a8e5d8f9ea66036a6a89912efa355fd9ba96bfa4c528435b8bef9db1,0,conservative_matched,1,1,0.3095378798948236,0.6144922411440861,0.07596987896109003
M2,2032c66fadcb9fb24653402444d869a8a23e06dd7c522221ee5e19db135147dd,1,conservative_matched,1,1,0.0705146676728835,0.9268219725769361,0.002663359750180228
M2,366f43b68b77ee5d9d4d649052f097811eedbdf9b66e66e3d3a40f469b388044,2,conservative_matched,1,1,0.010922304068123648,0.9474059123144668,0.041671783617409426
M2,f827075494ff9d262d45598bb3a1701eb955b99abca1ab6af3b2e2331aff4808,3,conservative_matched,1,1,0.00834553277080793,0.6877708004771201,0.303883666752072
M2,f816923b16d6506fc091cfe92e86e1139e2f0b3e58c593461da93f6ca5c45a5b,4,conservative_matched,1,1,0.013979899579663287,0.9438590790421788,0.04216102137815795
M2,5fafc4bdf7193aef5fb9fb71d655df200121838704e28ac2fa6588954ee3e27a,5,conservative_matched,1,1,0.02085929165207432,0.9707161333278943,0.008424575020031327
M2,9a87b2493917ab4a2e2a0087e5caf12c4b02676cfdfef54992ed8ca5ca77f88f,6,conservative_matched,1,1,0.0191035683784497,0.9728258052576524,0.008070626363897776
M2,d9baf8f9d90857c2e8aa4260b7eaf6c386460681228c2bee02a6b55597a43b69,7,conservative_matched,1,1,0.01510442364417345,0.9431623257482682,0.04173325060755841
M2,6b0a215f6bd63db235793c4ada62b4853f51f8a279def3710a3687fc319d4da4,8,conservative_matched,2,2,0.004137080858733889,0.020983697099630636,0.9748792220416354
M2,8726e7c2817fb8c8315b2db10843e3074a260645fbf1fccfd23450a6dfadb425,9,conservative_matched,1,1,0.02085929165207432,0.9707161333278943,0.008424575020031327
M2,8b3e47f5ebce0eb3eab15109aa814094f34c092ee88c49f965a0c31f02e89665,10,conservative_matched,1,1,0.00834553277080793,0.6877708004771201,0.303883666752072
M2,a6252e1f0313cc82adc4651b4f4ced232435f7dff2e029302acc772e52fa2efc,11,conservative_matched,1,1,0.022098545095202846,0.9712377001799263,0.0066637547248711545
M2,51bfbad6d53b93a899767c78e04aedd5268a69726ca0fa60eebb8995190d4982,12,conservative_matched,1,1,0.010922304068123648,0.9474059123144668,0.041671783617409426
M2,1fa27a62ee1b2d2ba6c92d8546a424dd3509710635f8a2c2568cc88597bb86fe,13,conservative_matched,1,1,0.02085929165207432,0.9707161333278943,0.008424575020031327
M2,14caadb35d5c89647b912b53c06bdcea5896a8299a9358c8bd67f727a3feec4c,14,conservative_matched,2,1,0.00834553277080793,0.6877708004771201,0.303883666752072
M2,0817d574402933c00d82a89b1851b0d40647a8234618ab6b293d902531e9fea3,15,conservative_matched,2,2,0.0018644971521659638,0.0033585045374625658,0.9947769983103716
M2,3ebf8a2cebdec533bb2f688970be04e9d39292494e756baaecc985483868e197,16,conservative_matched,1,1,0.008514545224378818,0.9505381490731001,0.0409473057025212
M2,df5f1e6242f05e2e7995e736400586f8d34bd840e6cc2238daba43556f312bf7,17,conservative_matched,1,1,0.013372324801038594,0.6869224632187102,0.29970521198025124
M2,563f081ac98d1f31498a91b83ae8a2be907cfab0de2d472d199474e4e5eb8c6a,18,conservative_matched,0,0,0.7940104451356166,0.2041394625846792,0.0018500922797043795
M2,5cba6871fec089b5dc9bcf045ba6e02ea473d055005f13d552c94fdac6686fe5,19,conservative_matched,1,1,0.02085929165207432,0.9707161333278943,0.008424575020031327
M2,716a01bc74c08fe1ad70772ed77afa2bc34025fce7092dab0813200de8da2e99,20,conservative_matched,1,1,0.010922304068123648,0.9474059123144668,0.041671783617409426
M2,7df5d7c65a174992687578a093dd207e1ca89156b6eb9caf2dc28c6a498c4c69,21,conservative_matched,1,1,0.022148916791940955,0.9702475056133952,0.007603577594664141
M2,0fdca47962352eadea2e4637769c1d9eb007bd0634379ff90463a8a2c57c1789,22,conservative_matched,1,1,0.010922304068123648,0.9474059123144668,0.041671783617409426
M2,e61c91569c6de30c3d7a1a050539ef58a6e6b2819fedd91cf751aa0b3b5dc43c,23,conservative_matched,1,1,0.22129085574026672,0.7731648800017383,0.00554426425799504
M2,1d7362cb11b923770fcf1b9a9f01b7fa4ac11819920853a5a2909ecc1bcf6867,24,conservative_matched,1,1,0.07138032801290345,0.9245202427420054,0.004099429245091122
M2,3d0d1c44ebc74d642e0c609d5dd4b5cfb467ae332a035c679b0c27cdd1ec168f,25,conservative_matched,1,1,0.07138032801290345,0.9245202427420054,0.004099429245091122
M2,f791c4eed66654e399b28a4c327d7b32842e48bc7cb42c5ddf0334cb435a54fe,26,conservative_matched,1,1,0.022148916791940955,0.9702475056133952,0.007603577594664141
M2,c346e57479e178e7b054371aa9a5f68b51e42c0e4a895346230cc32926dff8fe,27,conservative_matched,1,1,0.07217908618696836,0.9205414189790779,0.007279494833953596
M2,3abda39dd64284c601a97a2fbab4b8034dd42e259e9b097ab0138698fe51f5fb,28,conservative_matched,1,1,0.02085929165207432,0.9707161333278943,0.008424575020031327
M2,4f83a42c27ea668697977110e8f196526ef09e0479182cf78470ad75e79419c6,29,conservative_matched,1,1,0.07009862356220184,0.9181133055403387,0.011788070897459512
M2,6623d48d7b4f14736e86dddd3ea44cbf28743d1a0fa21fd0bc2badc498627870,30,conservative_matched,1,1,0.07138032801290345,0.9245202427420054,0.004099429245091122
M2,adeb2a11168a375acac8a5ba7b0b12f61ea068f42dc92905098e6e9cc109f6bd,31,conservative_matched,2,2,0.006140291499876678,0.17480887013660829,0.819050838363515
M2,7daa9011bd495f51a4514b37670bcdea719bbc30097f1653406dba4a8e98c046,32,conservative_matched,2,1,0.013372324801038594,0.6869224632187102,0.29970521198025124
M2,088e125061899aeb843e08b444d414177713a8aeb3850db4477647a05e97b064,33,conservative_matched,1,1,0.0191035683784497,0.9728258052576524,0.008070626363897776
M2,754d80adc397c4fc9bec4ce162ed868fbaba4b8aa3ab35766de0fb6def2f0ceb,34,conservative_matched,1,1,0.02085929165207432,0.9707161333278943,0.008424575020031327
M2,eeed46e477e7a7086b3dd17a4ffa4e4e996e9f005a71a8b1bbaf81c10d4d046e,35,conservative_matched,1,1,0.07217908618696836,0.9205414189790779,0.007279494833953596
M2,ff103515b8dd75894b97d53c0362207acd3e41b19365124568cce40e99ab29d0,36,conservative_matched,1,1,0.00834553277080793,0.6877708004771201,0.303883666752072
M2,84eb0f805fcb924ea581aaeed6c1024f9b78a793c930404ba039a4ceae8ccc01,37,conservative_matched,1,1,0.008514545224378818,0.9505381490731001,0.0409473057025212
M2,da11b9a824ea17d36ef8425abb47a68b80631b00f26d5fcb34bc902ab7e564d7,38,conservative_matched,1,1,0.022148916791940955,0.9702475056133952,0.007603577594664141
M2,a3aa9205c2dd6e6da3e018643f3c57b94d1f7d8f031190e1e8fe1aeb4473edbd,39,conservative_matched,1,1,0.007557276903439628,0.9504793069189135,0.041963416177646755
M2,6c1ff6b4722162e99085258b374ec75e9c250758b590e5d0c7e5e90d433283f1,40,conservative_matched,1,1,0.07217908618696836,0.9205414189790779,0.007279494833953596
M2,f9808139012c8b222496cdbc2c5823f5a200c1ca0c9a76838b16271cb6491b49,41,conservative_matched,1,1,0.07138032801290345,0.9245202427420054,0.004099429245091122
M2,0f3b55ce37cdca89a1c78fcec7a77751d9794f7cb1235804469a7daf9e63de4f,42,conservative_matched,2,2,0.009543613444941996,0.17445327840500616,0.816003108150052
M2,0400acddec5641be9ed3da2cb98d514d062d4b150affe3dc22c7d5c88070c742,43,conservative_matched,1,1,0.22101303371926428,0.7760413509056907,0.002945615375044626
M2,3679ea32f8b94b8ce3d1242fef2d6073a0bdb60fe26b258e51162049223ac77d,44,conservative_matched,1,1,0.07138032801290345,0.9245202427420054,0.004099429245091122
M2,b65ef40f602471b10735bf76d635b6e867318fbd3b2d79eb292d182ebc52fee1,45,conservative_matched,1,1,0.07138032801290345,0.9245202427420054,0.004099429245091122
M2,a20449c0fa9b781f95175c7906471527630e66fdd4d57f1ce262975af3ce8991,46,conservative_matched,1,1,0.0191035683784497,0.9728258052576524,0.008070626363897776
M2,c79001dea4273719bcd01dbbfb7dc9181dda44a45e219cf7245f67640b98740a,47,conservative_matched,2,2,0.0018644971521659638,0.0033585045374625658,0.9947769983103716
M2,3b51ad679e8b0ce6b2fafb421a74825a2de42f8e1aed05cbd3a81335a2923228,48,conservative_matched,1,1,0.022148916791940955,0.9702475056133952,0.007603577594664141
M2,f5162c4d57e22476a2fd86a4b724fe8da727100a27f30d4fe72a9c346f5c001c,49,conservative_matched,1,1,0.0191035683784497,0.9728258052576524,0.008070626363897776
M2,342f55c319e97bc4ebb3ea65c99cec118d9ebb0b9c1dc8c76eda38916bbb6efe,50,conservative_matched,1,1,0.007557276903439628,0.9504793069189135,0.041963416177646755
M2,30dc43bca87dffff763ecab81971977dd0e0eb2ebbba3e56ea466f30648308d6,51,conservative_matched,2,1,0.0054790967584594915,0.6609017937737431,0.33361910946779755
M2,1a9c93c0298921e6e0f103921ca7dba43c8472b77c47cdfe345bc83365ea4636,52,conservative_matched,0,0,0.5107116348082237,0.4826779792402483,0.006610385951527947
M2,08f641e003d30bb34ea70c8a98e54462e23555149b596c1f323b1ca3443795eb,53,conservative_matched,1,1,0.0191035683784497,0.9728258052576524,0.008070626363897776
M2,bdb3e3243f4945237482dc791db610d13e33bde5b6d72369ed200729dddc360a,54,conservative_matched,1,1,0.0191035683784497,0.9728258052576524,0.008070626363897776
M2,825309a30632ca1e2936b124a778f11cb92b02606b370f89d13bef151f047eef,55,conservative_matched,1,1,0.010922304068123648,0.9474059123144668,0.041671783617409426
M2,c81837f79017967e7355fc593b81070347505e7400d9bdfc85ffc152e7f91067,56,conservative_matched,2,1,0.006201368408799226,0.6790308045225093,0.314767827068691
M2,fd5b4c1d3d861f5a2629640b96c79ba38eb9d1ff76552d929679d3dad440b73f,57,conservative_matched,2,2,0.006140291499876678,0.17480887013660829,0.819050838363515
M2,5a01e160eddd0bfbc539ba4edb21a863e238a235071b2454983b79461d8e4206,58,conservative_matched,1,1,0.007557276903439628,0.9504793069189135,0.041963416177646755
M2,7b13c3dcfc57858b28512dd82b80f9bbc5a38d53ab17609e29661191744e409e,59,conservative_matched,2,2,0.004559831829479345,0.17430293871541774,0.8211372294551033
M2,fc23ab826a2440d11ef69d2086a1f61b6275743360356da43151abc46afe903f,60,conservative_matched,2,2,0.0028287895954965513,0.024824821628260597,0.972346388776243
M2,cb2b4d4111dfd94cb699ad65f248b0bfb4f2ebfda4969f24c0672a4eea784aea,61,conservative_matched,2,1,0.22129085574026672,0.7731648800017383,0.00554426425799504
M2,adf16fc552a8d1b40b4ec42e52c444ad8d840e40483acd8054933050b6375e7f,62,conservative_matched,1,1,0.008514545224378818,0.9505381490731001,0.0409473057025212
M2,461e4acae5091b1364fab0f058f3a5296ed75a394000f65a696e528c54bf6001,63,conservative_matched,1,1,0.007557276903439628,0.9504793069189135,0.041963416177646755
M2,2d4a4db57d75d8a7e2d6e56965c925963d33c569c1e24c31a63fb124021beebc,64,conservative_matched,1,1,0.0191035683784497,0.9728258052576524,0.008070626363897776
M2,717139bec7d6697c010ef70919581b03d427ed7b732fe74877da3c2869a2549a,65,conservative_matched,2,2,0.004559831829479345,0.17430293871541774,0.8211372294551033
M2,eb0ffac90c1fe5ccf1060219e349ca7d29540eb3e630465aa9b969a38900d539,66,conservative_matched,1,1,0.022148916791940955,0.9702475056133952,0.007603577594664141
M2,e87f2023e1a92b852755b7851d3150e9d19886692316d048409e5eaceb11dd5c,67,conservative_matched,1,0,0.5107116348082237,0.4826779792402483,0.006610385951527947
M2,410500105c3281445a1b6e50757dc923dff389861aa9993c0b740a1545b5b228,68,conservative_matched,1,1,0.2181847931152702,0.7708891749454785,0.010926031939251334
M2,c27b44d54803697af82881ea82d46e3561cbf37bdea8eb62c2df4af1f57d6fac,69,conservative_matched,2,2,0.006140291499876678,0.17480887013660829,0.819050838363515
M2,ae7b53521c5f68c35a765aa5d26aa9bfb6604a6b2115fb3b85bc571e44290618,70,conservative_matched,1,1,0.06359375923851425,0.9219644589273007,0.014441781834185034
M2,c95ca8f4fa098b2e8efa4e74297b6a837b1cad117a7c74f757cfb6e899300c9b,71,conservative_matched,1,0,0.5017964475284593,0.485164134912973,0.013039417558567808
M2,43ef9061e180219186ef1d51bc3c069a634f7f7a0078c5e6a8e339fe1bf5c10d,72,conservative_matched,1,1,0.06359375923851425,0.9219644589273007,0.014441781834185034
M2,77472ffabdf2ba610830e2dba876659a629d3dc9bf1c6a3fe5b3fd11e1a7b01b,73,conservative_matched,1,1,0.008514545224378818,0.9505381490731001,0.0409473057025212
M2,6eb8f51f02885e1c53aae062c9d8bab63dd1f60f90936f3349e37283882a4e93,74,conservative_matched,1,1,0.07217908618696836,0.9205414189790779,0.007279494833953596
M2,8e1cfba12ecae9c7fe55971bfee9792fcbabb9508905435e85fb5be079f00c2e,75,conservative_matched,1,1,0.07217908618696836,0.9205414189790779,0.007279494833953596
M2,661a678ac0beaf6c8e05288f361e0ec2e0cbe5cd6eeac862ecacedbc032c4cd3,76,conservative_matched,1,1,0.07009862356220184,0.9181133055403387,0.011788070897459512
M2,12e99bde80179014843362cb5bcb78e39e741147045460921df42487eadf8cef,77,conservative_matched,1,1,0.008514545224378818,0.9505381490731001,0.0409473057025212
M2,f6f85707110f73a6681ed41afcb48bbfe37fc724bb0552b9d4cf0fe7426ae0d2,78,ambiguous_shared_key,1,0,0.5136422020575624,0.4827922289241399,0.003565569018297768
M2,fffdee90b6ab369ed3b441fc0d5835dec1e0da61263172332ba409239a1b6065,79,conservative_matched,1,1,0.07009862356220184,0.9181133055403387,0.011788070897459512
M2,81b09fc0aa959d8efcc70c33f155000a7f01a30bf542cb50cd16d5ceb5203c4f,80,conservative_matched,1,1,0.07217908618696836,0.9205414189790779,0.007279494833953596
M2,c3aa2339fdff357a10a7d1d16826e1158de5efda7de8df9d86f076ca2646b95d,81,conservative_matched,0,0,0.5107116348082237,0.4826779792402483,0.006610385951527947
M2,10de938d451cc9cfe6d0ead0b6a8f760560120b56b7ed89b2dc4f651e5451669,82,conservative_matched,1,1,0.07009862356220184,0.9181133055403387,0.011788070897459512
M2,a39c3e2842a98f8ce8ef89b6eecb15c7e97b2bba8dd4fce046e6f457f63b132f,83,conservative_matched,1,1,0.0191035683784497,0.9728258052576524,0.008070626363897776
M2,04775e820b5829ba9b9a17482a4af9625350a3a9c39213f678c4a17f3f1c7b72,84,conservative_matched,1,1,0.0191035683784497,0.9728258052576524,0.008070626363897776
M2,dd582bddc1aca5d5bb7c320bb57fbf5870022badac32ea6378863b35a16c8ee0,85,conservative_matched,1,1,0.07009862356220184,0.9181133055403387,0.011788070897459512
M2,b64a99906f7914e194b7e5bda1235e3fffa359bf7c1667dd42b4268f16478434,86,conservative_matched,1,1,0.06359375923851425,0.9219644589273007,0.014441781834185034
M2,93f04a3c609794b4d53b3b5d2ffcfda0a1358e9ed321e072e10f1c4d0a40b4aa,87,conservative_matched,2,2,0.006140291499876678,0.17480887013660829,0.819050838363515
M2,f71c1967da2534ea41551a7d2611bd192dc4205226657d845b33cb958d52e12f,88,conservative_matched,1,1,0.21233731963977606,0.7668982615668111,0.020764418793413078
M2,d1873f2c273d9fff1d54fa797703976f13a01d3298453e10d99cb401551d4999,89,conservative_matched,1,0,0.5136422020575624,0.4827922289241399,0.003565569018297768
M2,7e9752299515d5ecf7f759b6eae0d65703a71dea906d252e95aab67537ddb71f,90,conservative_matched,1,1,0.0705146676728835,0.9268219725769361,0.002663359750180228
M2,55134d6b9833e0dd6d9893c0d987db36b88926cc2663da7803c8d21064433f00,91,conservative_matched,1,1,0.007557276903439628,0.9504793069189135,0.041963416177646755
M2,976ddafb2f8abe1ac4c19be98626949c2548ab5eaf452fae24dce90c4de7b8c9,92,conservative_matched,1,1,0.010922304068123648,0.9474059123144668,0.041671783617409426
M2,5be7ba94e5d3acd4388614300b6ad48a44492e847b6d0e39fccd27e6cf9ae5f5,93,conservative_matched,1,1,0.013372324801038594,0.6869224632187102,0.29970521198025124
M2,7dbcdf95b6256c0f7b1dd6a3cc8fc9f0657b3eda2c88287ea432e7e932ba8d14,94,conservative_matched,1,1,0.022148916791940955,0.9702475056133952,0.007603577594664141
M2,4c96ee395ae6b58dd1fc56a4feecd55f450b02849ef0476aa8095841292de3e1,95,conservative_matched,1,1,0.008514545224378818,0.9505381490731001,0.0409473057025212
M2,5029e2776e7b9b5d2af015958cd517fb756f6d8b9853790513dc82715be726fd,96,conservative_matched,1,1,0.0705146676728835,0.9268219725769361,0.002663359750180228
M2,2cedf816172020544d1c56529191607083a424ddd9627983acb2537e9c73f8cf,97,conservative_matched,1,1,0.0191035683784497,0.9728258052576524,0.008070626363897776
M2,a1e98e417eed1e1a141a0b30b714a23f0dc568239616354e4a175bf8ea08a28c,98,conservative_matched,1,1,0.010922304068123648,0.9474059123144668,0.041671783617409426
M2,fed2454f61d42dd8f9f5651403e7c8aba82a77d8e645d8bf125f75e7c4c73861,99,conservative_matched,1,1,0.010922304068123648,0.9474059123144668,0.041671783617409426
M2,8265981c42a1d2d7ece956a8e83fc2766c03bd9b677b5188edf9e65cae717f0f,100,conservative_matched,0,0,0.5136422020575624,0.4827922289241399,0.003565569018297768
M2,4b4303e1d9cff307886f30665c8e6fb57047e2e8f3cc39e2126b16700e3bf126,101,conservative_matched,2,2,0.0031827735810396173,0.022554806337636093,0.9742624200813242
M2,9ba998c5d87d08fc3d40b1b83a650245d89a368abad6136f452df88cc96ddce1,102,conservative_matched,1,1,0.010922304068123648,0.9474059123144668,0.041671783617409426
M2,a5d49a55806e6aac09daa9f48f214a4bb4d26dc6b501261c0ba01041d3d2f9d9,103,conservative_matched,1,1,0.2181847931152702,0.7708891749454785,0.010926031939251334
M2,eb359b8ed9a4e0197c1d1ab325e0047ecbec907011dd47ad227dce8c761f9a7b,104,conservative_matched,2,2,0.0031827735810396173,0.022554806337636093,0.9742624200813242
M2,3039b67e191cb12f942b21e621f38cb832b6a2d5e570cd00e2a2205f9831c0a6,105,conservative_matched,1,1,0.22129085574026672,0.7731648800017383,0.00554426425799504
M2,4f65f4ecb5dec7a9bcbad3145918aab9b07f8a407f8e8a2091429b181b95ce71,106,conservative_matched,1,1,0.22129085574026672,0.7731648800017383,0.00554426425799504
M2,4b7e7cbc654f5e60c12ab432b3144305090c199d58af8071af7e5a16619e6aca,107,ambiguous_shared_key,1,1,0.013372324801038594,0.6869224632187102,0.29970521198025124
M2,ffd718c11411f17305eebe2c3fd8eae0b394e9127366a0ffb1165fbe02224135,108,conservative_matched,1,1,0.21233731963977606,0.7668982615668111,0.020764418793413078
M2,68ce95a11652b3b237dabe6ae00998c9c7adce1ee390c47fadd3e8540130de0f,109,conservative_matched,1,2,0.006140291499876678,0.17480887013660829,0.819050838363515
M2,3797dbb2b0b7a08e83dbec5409c694efa671c4e46af761858844278f1dc385d8,110,conservative_matched,1,1,0.013372324801038594,0.6869224632187102,0.29970521198025124
M2,686e797782deb880befa085462a001874deb90f59e8bd4f579869b6b3cc30dda,111,conservative_matched,1,1,0.07217908618696836,0.9205414189790779,0.007279494833953596
M2,ff7ddca54e1e9620918ba02dbfe35985a655c87ef1a72ab4ba4d13faa4ead2b0,112,conservative_matched,1,1,0.2225883413387273,0.7755690741395822,0.0018425845216906167
M2,f56c2b2dd4b088427127b4d3efd30492502e057dc35df92f37e390e9ff866182,113,conservative_matched,2,2,0.001965369496863905,0.004297153027009452,0.9937374774761264
M2,1cef8f807fdca35bb7855250f58e049e267f113b93c430f11985366f1fcfd9d7,114,conservative_matched,1,0,0.5107116348082237,0.4826779792402483,0.006610385951527947
M2,704d8396ce08b551fa6dd721337adce6afb2503715135f734bd2c0722ce528d3,115,ambiguous_shared_key,1,1,0.0054790967584594915,0.6609017937737431,0.33361910946779755
M2,0ea019d83f26df83e9b4d8ca38756d7365d28364686c182cd874a5234050812b,116,conservative_matched,2,2,0.004559831829479345,0.17430293871541774,0.8211372294551033
M2,8df88942cba699e578f85da548ac43c04023d6e3124e0d909bedcf225ee6ce88,117,conservative_matched,2,1,0.00834553277080793,0.6877708004771201,0.303883666752072
M2,30f9b13a03f303748526a158e8940797fe5e5c600fce68be3e50b0840a4368e9,118,conservative_matched,1,1,0.07009862356220184,0.9181133055403387,0.011788070897459512
M2,c9610bea3409798e091290f260c60e5b4d3f0a84a43555989287b37d07ebf51b,119,conservative_matched,1,1,0.007557276903439628,0.9504793069189135,0.041963416177646755
M2,e27b2368d103c92aa6d3db8b15bcb6a45f02a1799208f1d626eea765d93b4f20,120,conservative_matched,1,1,0.00834553277080793,0.6877708004771201,0.303883666752072
M2,399489b6079af091f33320276c7ad2db3c791129a3edbff5b530c66d32cd7e72,121,conservative_matched,1,1,0.007557276903439628,0.9504793069189135,0.041963416177646755
M2,3dbffa78da4c6ccc5516a203817127a6190976a61b2c1e8e3ea1b77c6cff7d9d,122,conservative_matched,1,1,0.018166228364774897,0.9744236917639243,0.007410079871301007
M2,7df3a248b5f8b93b45248cf254e97e9ba96a25254e52674e69515928d061a4e0,123,conservative_matched,1,1,0.010922304068123648,0.9474059123144668,0.041671783617409426
M2,ab8ce69a1319b228880d829dc5631ea34e5cb080bfbc178aa048514436b7ecee,124,conservative_matched,1,1,0.07009862356220184,0.9181133055403387,0.011788070897459512
M2,10698694323dfb803f5936e348a7facb60fabbb04e356449705169347027f85d,125,conservative_matched,0,0,0.5136422020575624,0.4827922289241399,0.003565569018297768
M2,d2b095aa11fac2c0afb11ad09d16074d95b8ba0c47d799f8ede52e5b993a41dd,126,conservative_matched,1,1,0.07138032801290345,0.9245202427420054,0.004099429245091122
M2,e8cd3aa07ded082c0e9d0cd5ce68316e2c88e74da438e4b08e8a1e9f962c9394,127,conservative_matched,1,1,0.22101303371926428,0.7760413509056907,0.002945615375044626
M2,f58ebfd4557154ffbcb785a4e55bb6649accdb99c66e82c58ed1bee08f674e8e,128,conservative_matched,2,1,0.00834553277080793,0.6877708004771201,0.303883666752072
M2,4d25798cefc2cf5ce3c29ebf0b9e4c0d84956f1a8898de972610ee57b6a7fb5f,129,conservative_unmatched,1,1,0.0191035683784497,0.9728258052576524,0.008070626363897776
M2,93c4bf4a5b21f36e6b0aae5bb990899ccf48d342143ca0e115fbbcce24f1e0a6,130,conservative_matched,1,1,0.07138032801290345,0.9245202427420054,0.004099429245091122
M2,dcbc9639337cde5535cbfd1b0895c1483a0c8d68b64e3c51551b748cef00b663,131,conservative_unmatched,0,0,0.5107116348082237,0.4826779792402483,0.006610385951527947
M2,4843201d2b160da0c05fc6013c664892482d15cae8e6986d6ad88ce3feaf72b8,132,conservative_unmatched,1,1,0.2181847931152702,0.7708891749454785,0.010926031939251334
M2,70be8a47e5d22077d37988cb4d32c132724a3d1b083ef9ab0b06313f0bf6c905,133,conservative_matched,1,1,0.022148916791940955,0.9702475056133952,0.007603577594664141
M2,cf57f1500208fbbe850bfcb423c0a07e8d0a3e41dbe03e9530034f5adb63eb16,134,conservative_matched,1,1,0.0191035683784497,0.9728258052576524,0.008070626363897776
M2,64d4f18b3b12675504880cd0dc7ecf25b60fc04bfdbec355bc38419bb2d7c415,135,conservative_matched,1,1,0.00756814627998366,0.9466219295294015,0.045809924190614935
M2,bbb97d718a1a11e509b00ac170dc512ff9b9930eacf75f5a3077880ff90bf810,136,conservative_unmatched,1,0,0.5136422020575624,0.4827922289241399,0.003565569018297768
M2,d00d28ef2c4596a4d66713623e2b8bc3764ba2818602f1c62d3f21d371614dd7,137,conservative_unmatched,1,1,0.06359375923851425,0.9219644589273007,0.014441781834185034
M2,787dcb7a1c4cc9f4983f462ddd01863d71220d14a298073a5886f7917ceec867,138,conservative_matched,1,1,0.07009862356220184,0.9181133055403387,0.011788070897459512
M2,15b4ffd20b8c1fc30ae15bc841142d7ad85f1a4f9571265b80d081a59b742e1d,139,conservative_matched,2,1,0.013372324801038594,0.6869224632187102,0.29970521198025124
M2,237d8870453dad85e4a690f5ef5b3a88e992a5aa74dfe4b4b5a16a1db596e4fe,140,conservative_matched,1,0,0.5107116348082237,0.4826779792402483,0.006610385951527947
M2,6cb1a3bd78701f948722853f3ff484b4a62afa283c31e3d9ba8e2ab088574ba2,141,conservative_unmatched,1,1,0.007557276903439628,0.9504793069189135,0.041963416177646755
M2,b064cb059d374948ef0370a2437f8d0bafe1e9678a1b38f837c6a6db9db4d582,142,conservative_unmatched,1,1,0.07217908618696836,0.9205414189790779,0.007279494833953596
M2,ddbe9a19eeb2b15127963e53920ddb3080cf3605be4e5412f985652dc3282606,143,conservative_unmatched,1,1,0.07009862356220184,0.9181133055403387,0.011788070897459512
M2,be8334d7f47b288facef26257cb6b44fcf616cd19090b942b3e21a6312189a8d,144,conservative_unmatched,1,1,0.07009862356220184,0.9181133055403387,0.011788070897459512
M2,f4a1fcac757fd73ac757509249c0ec925230f6e917bdf8e793757ea12e98b50d,145,conservative_matched,1,0,0.5136422020575624,0.4827922289241399,0.003565569018297768
M2,ae60908f4c85b03a0a49269075a0f3e13559c408c540b42632a059b5cfb0cd4d,146,conservative_matched,1,1,0.22129085574026672,0.7731648800017383,0.00554426425799504
M2,0baae3864d2aa3d4aa2751efdb33ff2ab5c818f532230e2e93483176c0226769,147,conservative_matched,1,1,0.013372324801038594,0.6869224632187102,0.29970521198025124
M2,6c01e488a30c00d7ce599e5c6d7195f878613637774ce7b5cd4d9e7dab67078a,148,conservative_unmatched,0,0,0.5149257779476573,0.4829182717449265,0.0021559503074162017
M2,ffecc433675dacb5aa9570aab766c7b1c9116acb4109af9e6863d3341000315a,149,conservative_matched,1,1,0.0705146676728835,0.9268219725769361,0.002663359750180228
M2,cec560dc37f41cd4c0033a5023e3ad17cb7fab8ef72dc1a8150a7ed88228fdd9,150,conservative_unmatched,0,0,0.7935140905194742,0.20343450193565446,0.0030514075448711945
M2,c047c292b4e87b40d0e8d2cdb5f5aa7e0bbd22946a70c373ef6dd5c6576bc932,151,ambiguous_shared_key,1,1,0.00756814627998366,0.9466219295294015,0.045809924190614935
M2,20a9a7e6d4cf66384115e0a7ecc18f09cf1f9b2d051f34bc82d7b170955376d4,152,conservative_matched,1,1,0.07009862356220184,0.9181133055403387,0.011788070897459512
M2,9a26ca17f1a2a542cec0453d178767a86c59652d63ff72ddaa48810be13d1ab6,153,conservative_matched,1,1,0.008514545224378818,0.9505381490731001,0.0409473057025212
M2,810b57dafea30a2f75e872d5e62c29a08fc07a9ccaebf778bc32b9ed8700674c,154,conservative_matched,1,1,0.07138032801290345,0.9245202427420054,0.004099429245091122
M2,0bf3a2d884e1555952ad611ad5ac00b76d97402156df050266c3cfc95f605dea,155,ambiguous_shared_key,0,0,0.9279893420103704,0.06976966446581753,0.002240993523811885
M2,fa5daee0d7df009faf4c0e08a703bbc8db8c1ae32e4f684b7085649c9d548453,156,conservative_matched,1,1,0.02085929165207432,0.9707161333278943,0.008424575020031327
M2,b434bdb6cf6a016c8fcf4ddfda1903c394ac80dd9a22c7ed02b2593841c71f91,157,conservative_unmatched,1,1,0.2181847931152702,0.7708891749454785,0.010926031939251334
M2,a7f1f0bec4d0eecfb4bebc52d748706df58b74a54e32f07189d46c9495ae3d09,158,conservative_matched,1,1,0.07217908618696836,0.9205414189790779,0.007279494833953596
M2,d1b268ba32d56d8ff3504e94ee5370f3a76ce18e0a3b0db5c875395b0e922da0,159,conservative_matched,1,1,0.0191035683784497,0.9728258052576524,0.008070626363897776
M2,a46bacc86e6d6f2966c8bc9b007be70048a778a3e7dc54762fa3c06ca3dd0a6b,160,conservative_unmatched,1,1,0.07217908618696836,0.9205414189790779,0.007279494833953596
M2,440e70046c7ab779d69b3cf5f483b0504098b58f20b98da0f4b90dcca58b7a1c,161,ambiguous_shared_key,0,0,0.5136422020575624,0.4827922289241399,0.003565569018297768
M2,1336c5029330743b5ea83d83fdfc07fcd73276158b755bc1202b4a90ade5cb08,162,conservative_matched,1,1,0.07009862356220184,0.9181133055403387,0.011788070897459512
M2,ae88168be6110ac8992db8b155e6bd8dad4a050a4a4fabb91d628b18e0ff3fdc,163,conservative_matched,0,0,0.5017964475284593,0.485164134912973,0.013039417558567808
M2,aee4b0ad4df2a5b974c0fae78b5f15de2ba0da9ff62a1f1845fe8490f931efbb,164,conservative_matched,1,1,0.22101303371926428,0.7760413509056907,0.002945615375044626
M2,f4f2eaa4ae88e92cfa57b3aff8b8ebc91d59f1c9a27803fe90c6ef8b768a6d4e,165,conservative_matched,1,1,0.008514545224378818,0.9505381490731001,0.0409473057025212
M2,638a470d918dbfbf5afd33eb58e7ac2868a43d0e4dbaab3029db5101a1edce71,166,conservative_matched,1,0,0.5017964475284593,0.485164134912973,0.013039417558567808
M2,ba5855f8ae5d306be9297d600b9787f650a7bcdd0cb8c9be2e1066ffbedbd65e,167,conservative_matched,1,1,0.008514545224378818,0.9505381490731001,0.0409473057025212
M2,8cfcf18683c3b7ba3ced162978e9086a8ed03ba8ea0326e9517b0fb14a46f944,168,conservative_matched,0,0,0.7929193706933294,0.20579961591370455,0.0012810133929659021
M2,3a299c3c001be06083770361c18b9c8ad0448316f4c759f5eb6be75b20384d39,169,conservative_matched,1,0,0.7935140905194742,0.20343450193565446,0.0030514075448711945
M2,d51923504c8a939ba8dfbe8c09d12c0f24fc1b5f9fceff2ea5d3f498b3105dad,170,conservative_matched,1,1,0.2181847931152702,0.7708891749454785,0.010926031939251334
M2,85f403ccf55735ef4bcbb2f529613e60c1023c2ec151eba3a05f40c076ed746f,171,conservative_matched,1,1,0.21233731963977606,0.7668982615668111,0.020764418793413078
M2,03c73563087c1329943a56cf316a054838d232eb12bf400763e97af8a779fc3d,172,conservative_matched,0,1,0.22129085574026672,0.7731648800017383,0.00554426425799504
M2,6df07523c6bcce6099d7d663ad6a57b32e7357259ad66091764a914e4062a886,173,conservative_unmatched,1,0,0.7935140905194742,0.20343450193565446,0.0030514075448711945
M2,c346449759a08de6df8ad7f0936940e980e88f11837c514a02a4fd03f71ed459,174,conservative_matched,0,0,0.7940104451356166,0.2041394625846792,0.0018500922797043795
M2,81c654f9d5f5591c63de46ec2f8de90d5778222531f6dc2ca93dfe9653b873c6,175,conservative_unmatched,0,0,0.9732310171685931,0.025943107495663087,0.0008258753357437032
M2,36fc8ba21c05df93f037cf32ffb47c54f5fded8ce374e0e9cf11353791e881ac,176,conservative_unmatched,1,0,0.5149257779476573,0.4829182717449265,0.0021559503074162017
M2,4d9c66f835e53c59a5b442cc32a3068c038a14b4b5816a08082ca8e454ac6666,177,conservative_unmatched,0,0,0.7935140905194742,0.20343450193565446,0.0030514075448711945
M2,3be1ee30e134a9ae90bc1593ea32cf65047070817401a9aeb18c76efaca04541,178,conservative_matched,0,0,0.7940104451356166,0.2041394625846792,0.0018500922797043795
M2,0f1626989b6efba0ed821b04af2ce1ef2dd90be67fee5303e0aeb890e84e656a,179,conservative_unmatched,0,0,0.9282003112966531,0.07038004001510127,0.0014196486882454096
M2,dc041fdcc3cbcfb79f4de07118d4868642025a233a983d551502cd5c96d20552,180,conservative_matched,1,1,0.22101303371926428,0.7760413509056907,0.002945615375044626
M2,9881e8df21340beb673d11fb2f0087e28ca86d90cac54001885ad77fa39fe58f,181,conservative_matched,2,2,0.0018644971521659638,0.0033585045374625658,0.9947769983103716
M2,ea343acee5823e9928048bcd114ab1bf1f6a80fe0d6f43707827d9efaf48f9c4,182,conservative_matched,1,1,0.02085929165207432,0.9707161333278943,0.008424575020031327
M2,4d7423cf2ff542521716737a2b82d95c940025a9d28aea9f135e73d793d959f0,183,conservative_matched,2,2,0.0031827735810396173,0.022554806337636093,0.9742624200813242
M2,1f45e1f29d5af173d4f68cb977fa645b945e3015dcbee511344c2d6f2417112b,184,conservative_matched,1,0,0.5136422020575624,0.4827922289241399,0.003565569018297768
M2,03b5b9fbb1e8685d2aea12d701a8548fbf66e988d3965beff90d610215a6fc96,185,conservative_matched,2,2,0.002033397505967771,0.002743389538901365,0.9952232129551309
M2,4b9f8e0c8ab34af43ef7096eb4e85d311551b210d679e5d673daa44a258e8a42,186,conservative_matched,1,0,0.5017964475284593,0.485164134912973,0.013039417558567808
M2,d8eea83646be1e9c916e665fa77c259449f8745ed6a29cd6f9b1a9dced475fd5,187,conservative_matched,1,1,0.007557276903439628,0.9504793069189135,0.041963416177646755
M2,4bc56ddaf0f7e559d24c60f59a6cf7edbd7b915799dadce516c430ac85a7696b,188,conservative_matched,2,1,0.00834553277080793,0.6877708004771201,0.303883666752072
M2,f388cc4e3fa7c3eb79bcc7b0c0c92fff99e4fb329900ed50bfeb4f870f49792e,189,conservative_matched,1,1,0.07138032801290345,0.9245202427420054,0.004099429245091122
M2,2085cb7bb188011662c46b252b9f3e65cd2c79085775a23fcecb742fefa155a4,190,conservative_matched,1,1,0.0191035683784497,0.9728258052576524,0.008070626363897776
M2,60763b4cebd2c23d4b6bb41fe41d2708e53e1479ca7374112530066b5e4893e5,191,conservative_matched,1,0,0.5017964475284593,0.485164134912973,0.013039417558567808
M2,e4513c3d95a31cb9b2e70ba9aac54b1937bbbfb1fce1e4e3eaf07f94259ecb86,192,conservative_matched,1,0,0.5107116348082237,0.4826779792402483,0.006610385951527947
M2,842bac774d6c086dd6b92fdb78413098e14bcc3af75125e7d25ca273a3e1f862,193,conservative_matched,1,1,0.07217908618696836,0.9205414189790779,0.007279494833953596
M2,801eb4d09dd43b2b678c81a91d82521163c504324fee02de3778a3ecd1a926bc,194,conservative_matched,1,1,0.2181847931152702,0.7708891749454785,0.010926031939251334
M2,ed46b4dc3fcd5fab1ada22a6d188180240af8e738c547e3f26fc65506b077a12,195,ambiguous_shared_key,1,1,0.022148916791940955,0.9702475056133952,0.007603577594664141
M2,6c6dd067b740da372386ce71f81ed5b8dc2e1e9f93625be9b4884d1d73f96114,196,conservative_matched,2,2,0.0014223895721179496,0.0005110559574574906,0.9980665544704247
M2,ac305df5cdc5f1b0801b93d200a6dfb28ed119ce4795422a08ad3057488758ce,197,conservative_matched,1,1,0.007557276903439628,0.9504793069189135,0.041963416177646755
M2,86eb8973fc65f23f76646a24050506efc45364d1ed311733b312688b82d03540,198,conservative_matched,2,2,0.009543613444941996,0.17445327840500616,0.816003108150052
M2,dda56c3d07f633d971d329a63b1fdd7558cfca3fb0e027085f9e37f767b3fb45,199,conservative_matched,1,1,0.013979899579663287,0.9438590790421788,0.04216102137815795
M2,edb22055eb500691bda99be2c9e755b933fda43abbb5ac8d461c3b99c85b847e,200,conservative_matched,1,0,0.5107116348082237,0.4826779792402483,0.006610385951527947
M2,9a4af49b00bdc8c8c90dd9584610e62f31c1dea1496d8c77c154a1340984f0fe,201,conservative_matched,2,1,0.013372324801038594,0.6869224632187102,0.29970521198025124
M2,ac49935da3ee5b02cec9247a78be9b546c635c54aa6988081e4fe8709663d2f9,202,conservative_matched,1,1,0.010922304068123648,0.9474059123144668,0.041671783617409426
M2,0c37fd58a9827290e55b34630825b0d6244c49d5ad38b4cb692ee5fba935d2c9,203,conservative_matched,1,0,0.5136422020575624,0.4827922289241399,0.003565569018297768
M2,e3f90cf05c633dae16fb7f47884d7cd562ac2769d89e9243c8680a8ba22af681,204,conservative_matched,1,1,0.02085929165207432,0.9707161333278943,0.008424575020031327
M2,ed7122159427b6c8635b7bcd0d7140de4dd489af9eab6fd9bd99b3ebad260d98,205,conservative_matched,1,1,0.07009862356220184,0.9181133055403387,0.011788070897459512
M2,50fcac22a7e0a3f9e29c98914641686f7b4d5b483729f33dfc0943ebc770409d,206,conservative_matched,1,1,0.07138032801290345,0.9245202427420054,0.004099429245091122
M2,ea5f3b7855c7c13d408bff3ff046c47d194d636ff9d1cd41a54051e642651080,207,conservative_matched,1,1,0.2181847931152702,0.7708891749454785,0.010926031939251334
M2,24fd68e79a2159278d68b9fa03c7a306d89444b373e4ed956a552290b7163fd5,208,conservative_matched,1,1,0.0191035683784497,0.9728258052576524,0.008070626363897776
M2,1c5812f23059c8affe3af759b6ead8c2c38b856307cb70a58a6806f14bcd7133,209,conservative_matched,2,2,0.009543613444941996,0.17445327840500616,0.816003108150052
M2,6ab8e0705e7b40a64b138c0755ac0e4974492c819c3a3104cb9fdf9bb5c5833e,210,conservative_matched,1,1,0.008514545224378818,0.9505381490731001,0.0409473057025212
M2,9a0d7d130a794be7bc69983881925e866dbd081148ab7ab7a8b811b52c7a21f0,211,conservative_matched,1,1,0.07138032801290345,0.9245202427420054,0.004099429245091122
M2,a5e5532a8001b1d35b8d647ec7c6de5bd09b0cc81ab543a66c4b92d00869a830,212,conservative_matched,2,2,0.009543613444941996,0.17445327840500616,0.816003108150052
M2,038c9ee0d7794eeb1143a461c0506513b430ff5293a311f12d84535a6afbcc5c,213,conservative_matched,1,1,0.2181847931152702,0.7708891749454785,0.010926031939251334
M2,8332987b673c95bbee93c9f25e2f6e37e4235c9e6ae83604205ff69eb49247f9,214,conservative_matched,2,1,0.00834553277080793,0.6877708004771201,0.303883666752072
M2,4cd62e95948bd1b704bbcb35b4c07c1ce891fe8d8603fa8d7d55722149152d09,215,conservative_matched,1,1,0.022148916791940955,0.9702475056133952,0.007603577594664141
M2,41c314fd5e526b07168ea8735e420c8fd4da4cb146f0cb7b53a0b2e383de5f71,216,conservative_matched,2,2,0.009543613444941996,0.17445327840500616,0.816003108150052
M2,c52893a6a9c59524615c570b972166e20fb5dc1939f7f8a0a444a854ad8b5954,217,conservative_matched,1,1,0.008514545224378818,0.9505381490731001,0.0409473057025212
M2,7f598fa9cd8021402624f92fab82098fb58747ccd8a722c3d994f05b6ed0f217,218,conservative_matched,1,1,0.008514545224378818,0.9505381490731001,0.0409473057025212
M2,aac572f07272c9f29ce150e00d2b33f7765e921ffe4e1a3c8a7aa455349ca19b,219,conservative_matched,0,0,0.5149257779476573,0.4829182717449265,0.0021559503074162017
M2,c590d4966929434b32180f09a7062520e5996d2f0fe22fac768d1ca0613d025e,220,conservative_matched,1,1,0.07217908618696836,0.9205414189790779,0.007279494833953596
M2,f094aac8706b95f9bece4eeac1389e28ad75114d0e4206b7769ded1102994ff1,221,conservative_matched,2,2,0.009543613444941996,0.17445327840500616,0.816003108150052
M2,1223db6fa4c73ddcfb1d3c6d1d32d7a9a694a0c67b0b8896d2e2c5252ea458b7,222,conservative_matched,1,1,0.010922304068123648,0.9474059123144668,0.041671783617409426
M2,c6b8941e410ad8b2574b68572d59fe76bfb75291198754c7266ab3740f819f8d,223,conservative_matched,1,1,0.022148916791940955,0.9702475056133952,0.007603577594664141
M2,fa91a868a0b2673a241638a1e248c077d7ebbe8369c5e9c7a105ea8e0f678595,224,conservative_matched,1,1,0.02085929165207432,0.9707161333278943,0.008424575020031327
M2,6bcf085df851ffdd063de277d7f6de02756302343ed42266339f33b7f195ec0d,225,conservative_matched,1,1,0.0191035683784497,0.9728258052576524,0.008070626363897776
M2,ef6d74ead7c9dae1edd8b999fa30b355c27c4fa0917c2b6342686959821c01fa,226,conservative_matched,1,1,0.008514545224378818,0.9505381490731001,0.0409473057025212
M2,05dde9d4b54f7775db2292c4725eb2440e0b2dbe65d52bb4c05c347040ae90da,227,conservative_matched,1,1,0.07009862356220184,0.9181133055403387,0.011788070897459512
M2,2a5b3658c6bb089977c0132627aeddf27747b5ba1997b7f2041f3039d3025854,228,conservative_matched,1,1,0.07009862356220184,0.9181133055403387,0.011788070897459512
M2,1cd7edbfe2f40c5d7c9a6230c2530a19e1c33c1d7a4b9c2fc76e71f4a4ef2955,229,conservative_matched,2,2,0.006199253239365349,0.020105745563322175,0.9736950011973124
M2,a2010d08bf5544fb2f61ba56db0cc9b5b6d58a43b3e7a8155eae755a2ab63922,230,conservative_matched,1,0,0.5017964475284593,0.485164134912973,0.013039417558567808
M2,51cce7d0485df80b75d03dee842b5fbb970f5348df67160d0e30730f577a193f,231,conservative_matched,1,1,0.22129085574026672,0.7731648800017383,0.00554426425799504
M2,0e1e5a60db31ca1ff4e88932ce8fb8133c0cae740186c0eecba980565edeeec1,232,conservative_matched,1,1,0.010922304068123648,0.9474059123144668,0.041671783617409426
M2,a5daa6d5539669eb579a2eb52884c6f73f940319383b144b4c4638f49c0549d8,233,conservative_matched,1,1,0.02085929165207432,0.9707161333278943,0.008424575020031327
M2,ea6ce91f0cda3fa98f7b745b9580fd6b0403056870eb76c5fcf66334679dd7ee,234,conservative_matched,1,1,0.2181847931152702,0.7708891749454785,0.010926031939251334
M2,c6d8fdfaebcc9424104991f6e1b2ae52cfc74b01f006f573c65d6403e27860c4,235,conservative_matched,1,1,0.02085929165207432,0.9707161333278943,0.008424575020031327
M2,982f60fd457eb6d3d3ea718cf44d5cb26c9847a13bc9211cf942c0276094cbea,236,conservative_matched,1,1,0.008514545224378818,0.9505381490731001,0.0409473057025212
M2,81b41de2fc119a6be204b22f6f400b640dae3281ad7449e09c510a3179f3e514,237,conservative_matched,1,0,0.5107116348082237,0.4826779792402483,0.006610385951527947
M2,73d4dfe9d634e737477bbc0e789414071caddfba0329a03b55a67d4565f16b31,238,conservative_matched,2,2,0.004137080858733889,0.020983697099630636,0.9748792220416354
M2,8ef03a12bf26544326b83a924d78b17a626323183f000e61b0e1269d5151d713,239,conservative_matched,0,0,0.7940104451356166,0.2041394625846792,0.0018500922797043795
M2,e65cba4765702c555356fe2b6fc3183b7079396880ffa82b6303a59358a1b860,240,conservative_matched,2,2,0.0014223895721179496,0.0005110559574574906,0.9980665544704247
M2,78bf7a927103b0adf2a93a132f44f2411946196d038bf6822cb2eeb2f851ab2c,241,conservative_matched,1,1,0.07138032801290345,0.9245202427420054,0.004099429245091122
M2,98c1ed0f87d3d9f68a060c36de601cd9dd4c5c389aa3ef9b828e9c93c98f1a50,242,conservative_matched,1,1,0.22101303371926428,0.7760413509056907,0.002945615375044626
M2,4e05a768be51893f790163c79ad042b9bf59de08bccbba7bd25c8877c53ebcdf,243,conservative_matched,2,2,0.006140291499876678,0.17480887013660829,0.819050838363515
M2,40f57c13c26aa660145ccd9e9ad6cf7435aba21e0ecb869b65ca110bad79d9bc,244,conservative_matched,1,1,0.018166228364774897,0.9744236917639243,0.007410079871301007
M2,c302ee011150e5de42eafaa347a1b841d5d8807659f31696d8f82c5a4abc8105,245,conservative_matched,1,1,0.010922304068123648,0.9474059123144668,0.041671783617409426
M2,820af5dd1d43687408ee96791d977e5768628d5dd9718275f49012ab8be7c7da,246,conservative_matched,1,1,0.008514545224378818,0.9505381490731001,0.0409473057025212
M2,17fce900c57b5d8978b6a7f3fc2fb54520a09094e94167b76cbe441400f5ad10,247,conservative_matched,1,1,0.008514545224378818,0.9505381490731001,0.0409473057025212
M2,38085f4b22cba5fc2e5c7334dc43fd4faa9f1be9584e87c3a89ac73aa37f3ff6,248,conservative_matched,0,0,0.5136422020575624,0.4827922289241399,0.003565569018297768
M2,2fea83fd72f31c3ed98d355952e0dca5903ca77045d520014559b3131ab53449,249,conservative_matched,1,1,0.02085929165207432,0.9707161333278943,0.008424575020031327
M2,f37129146fe1cc102260df1bb5035364d6977e2290c3f3c022105e91ae0cad55,250,conservative_matched,2,2,0.0031827735810396173,0.022554806337636093,0.9742624200813242
M2,97c9512caadb3ffd0ad3c7ddd23407aa54871fc60933e4b9f12a69d1cef4214f,251,conservative_matched,1,1,0.22101303371926428,0.7760413509056907,0.002945615375044626
M2,c85e618c2cb4110b794d0c0953af57fe74dd832c9089b476240a78f6178bf1cf,252,conservative_unmatched,1,1,0.007557276903439628,0.9504793069189135,0.041963416177646755
M2,3567553d36285ad28e9947ecc399152b059b63fa0d14e93da3fa60f88729589b,253,conservative_unmatched,1,1,0.22129085574026672,0.7731648800017383,0.00554426425799504
M2,a71a645737db58ca85f16857a87566dbd0644a509be1426ceec155ba4b32a46a,254,conservative_unmatched,1,0,0.7935140905194742,0.20343450193565446,0.0030514075448711945
M2,a32d5c6de3dc8a8d1a538283ab55eeaf55b9cf8e25aa347f9451fa80920ab0dd,255,conservative_unmatched,0,0,0.9282003112966531,0.07038004001510127,0.0014196486882454096
M2,aef48ae8e8f8321f0e29c116e8187c697962ab80108f224eef0febe59017821b,256,conservative_unmatched,0,0,0.7929193706933294,0.20579961591370455,0.0012810133929659021
M2,7dd03f8de291c327ff1d0ed6f33b027547ee5dee91900d57ad3847ddbc771ca2,257,conservative_unmatched,0,0,0.7887288529067701,0.20569315509792918,0.0055779919953007654
M2,5752cee9adf12bd089539e746e30b0d83f71e4f57e8da95e82619ac05b3d6b64,258,conservative_unmatched,2,1,0.00834553277080793,0.6877708004771201,0.303883666752072
M2,c6d9905e1108342a5a39e558796801aaef2123ede509df6c737dc2968cb80334,259,conservative_unmatched,1,1,0.2181847931152702,0.7708891749454785,0.010926031939251334
M2,6bf3a7c4314c48c91d33eb94eb7bbcf708f6d2a7c6af47237735c2d12f683e35,260,conservative_unmatched,1,1,0.07009862356220184,0.9181133055403387,0.011788070897459512
M2,cf04de454501b8a0be83713c4b298369ec62ac21cd8f30857e05891dcef22cc6,261,conservative_matched,1,1,0.008514545224378818,0.9505381490731001,0.0409473057025212
M2,ad959d26f847d9c030d3b6d75856d30298eaee390b8e65835b5173c70de9d93a,262,conservative_unmatched,0,0,0.5136422020575624,0.4827922289241399,0.003565569018297768
M2,6a3c09e4947d005706a207b8c760dd1e4a01a013d7fdf234bb6e2abbe62ed0f8,263,conservative_matched,0,0,0.9282003112966531,0.07038004001510127,0.0014196486882454096
M2,bf0447db8e3d43257114531a92a520c82a6453bd3b7ae34aea8711ce45d014b0,264,conservative_unmatched,1,0,0.5017964475284593,0.485164134912973,0.013039417558567808
M2,55f09cfab4e7759b9196088c60e80fdf399fa12b760c9cf22aaeb33589b1808c,265,conservative_unmatched,2,1,0.006201368408799226,0.6790308045225093,0.314767827068691
M2,f1cc48536731731e0b343782efdde0db8be7fc46955c060a6588a598c61b83b5,266,conservative_unmatched,1,1,0.006201368408799226,0.6790308045225093,0.314767827068691
M2,645409494cfbc0053881ee14531a52cfc643d5a8dd013317825912b73a52362e,267,conservative_matched,2,2,0.006140291499876678,0.17480887013660829,0.819050838363515
M2,00dbf7ed1f04da4f573cdb1c40ee8aabbb629d7e284d1568bca51a8a5f396e7c,268,conservative_matched,1,1,0.02085929165207432,0.9707161333278943,0.008424575020031327
M2,b7661cb5dd52c9c0fe4365fcc6bff1f997b8753cdce2392381357136c4a5bf43,269,conservative_matched,2,1,0.00834553277080793,0.6877708004771201,0.303883666752072
M2,4e704048021bafbeb44effb9e508d4cef59a712f89bd368f81f564485127cc02,270,ambiguous_shared_key,2,2,0.009543613444941996,0.17445327840500616,0.816003108150052
M2,4837f2cb17208b9a4625ebde74b97e4dd96ffdb5234013a87be717acfa0a8b14,271,ambiguous_shared_key,1,1,0.07217908618696836,0.9205414189790779,0.007279494833953596
M2,6e7973c8c4ee77c326ae4010b1418b788a5630854185affb484685e8d73a7084,272,conservative_unmatched,2,1,0.013372324801038594,0.6869224632187102,0.29970521198025124
M2,3d8d9b0265e3f1fa1f9dced7be94a31b2d44253a703333fe32683be701e1e391,273,conservative_unmatched,1,1,0.07217908618696836,0.9205414189790779,0.007279494833953596
M2,f048327f0da983b65f4ac626e1b417339b356d60f7641609e9f999aa25dd1b64,274,conservative_unmatched,1,0,0.5107116348082237,0.4826779792402483,0.006610385951527947
M2,111d930258015ff415cf618a5446916b948c63467161ea1a20e0915119b50244,275,conservative_matched,1,1,0.21233731963977606,0.7668982615668111,0.020764418793413078
M2,2fc3c8e1b6058fdb8ba34e10c4f11c5c96a490da8c44557f51f272e135b276d2,276,conservative_matched,2,2,0.004137080858733889,0.020983697099630636,0.9748792220416354
M2,b66a61f7e4e30927c1735a3306a7e4fd6cf9b017aa1b11eacd63c9f666c7ac77,277,conservative_unmatched,1,1,0.2181847931152702,0.7708891749454785,0.010926031939251334
M2,3366e3e79bb817fbb8c139710399b5e5e682684683af108e41f6f8f47bb2ead8,278,conservative_matched,1,1,0.021654007567520617,0.971424840641482,0.006921151790997468
M2,747d3e66fb22e30550810dc98794ef466dae76dcbd60596dc19187a28a0495e2,279,conservative_matched,0,0,0.7929193706933294,0.20579961591370455,0.0012810133929659021
M2,8475bd5769c68d5427ad348aa5b6061ee6bcd37f6f1837cda26be61984a04cac,280,conservative_matched,1,0,0.5107116348082237,0.4826779792402483,0.006610385951527947
M2,ef27b562eab370d5506b6031d90875e2bf94890dc4f57239be5af639fc2bb2d3,281,conservative_matched,1,1,0.022148916791940955,0.9702475056133952,0.007603577594664141
M2,be89c47ea7807e1e8f1728f4281bf7f92ce922539e0b3cd0848dc5a258702b8d,282,conservative_matched,0,0,0.7929193706933294,0.20579961591370455,0.0012810133929659021
M2,8b6cbbd882704231c2da058f30493957fe5f146ad538f186251118a7c93fe195,283,conservative_matched,1,1,0.0705146676728835,0.9268219725769361,0.002663359750180228
M2,d744f4e8e0e5a37040ced43f7d9f57213e888b56527ca3961db9750dd4b525fc,284,conservative_matched,0,0,0.7929193706933294,0.20579961591370455,0.0012810133929659021
M2,54a5824b809802628fc226bf21773286f73e6051e62d9cec2df3e81d93197bde,285,conservative_matched,1,1,0.007557276903439628,0.9504793069189135,0.041963416177646755
M2,0bb5ed634b92cd4e23359fa5c9f0f46eb531bfa0976bdd29a00e52fbed97e135,286,conservative_matched,1,1,0.02085929165207432,0.9707161333278943,0.008424575020031327
M2,1c7add97688eeaddc1858c389db4aac1d7c75a52d05d5f15c0d081a7b938abaf,287,conservative_matched,1,1,0.22101303371926428,0.7760413509056907,0.002945615375044626
M2,7ccb05337d74117430e9fdf9897cd7110c354bd737a7229f86fe605f50969092,288,conservative_unmatched,1,1,0.02085929165207432,0.9707161333278943,0.008424575020031327
M2,c215aa987795131b42e2cd8a6c43e525423612ee007a6ced32e8263bda4ad92a,289,conservative_matched,2,2,0.009543613444941996,0.17445327840500616,0.816003108150052
M2,4560a7ae21f3fb4ac2db6ffe58ddb475ac41d6dc383b998d4c568b31ae65a35c,290,conservative_unmatched,1,1,0.22129085574026672,0.7731648800017383,0.00554426425799504
M2,609e2c6bb80163f064286be493c35084947f767a9fca5159a6007ea7d78d1b8e,291,conservative_unmatched,1,1,0.2181847931152702,0.7708891749454785,0.010926031939251334
M2,50a40749308fda874b7765a8a2b85ca93645b0200e63e9851129ab8fd6f41ff9,292,conservative_unmatched,1,1,0.022148916791940955,0.9702475056133952,0.007603577594664141
M2,912f7b7365227a32858a2d927685373d6780e508ef7ac83760fb9ec5aaa1aefc,293,conservative_unmatched,1,1,0.022148916791940955,0.9702475056133952,0.007603577594664141
M2,570a9095c62e1fa55a30bd460a6ecc380dc180927ebbc369eb3452bf401f5b43,294,conservative_unmatched,1,1,0.07217908618696836,0.9205414189790779,0.007279494833953596
M2,d989513ebc9b816b08d15039e20aff3eeac96a4c9cd17e51afaa8a05ead60f2f,295,conservative_matched,1,1,0.013979899579663287,0.9438590790421788,0.04216102137815795
M2,29fe4b61c9b555bb9cc208302b5dc991e41580d993fe5cf0832053f62f80be27,296,conservative_matched,2,2,0.0031827735810396173,0.022554806337636093,0.9742624200813242
M2,06bff8560b0213942ba71145fac2e05499ca6db5f23f3a048b71ea1db4373276,297,conservative_unmatched,1,1,0.22101303371926428,0.7760413509056907,0.002945615375044626
M2,a347405d861f7182f5157435b676ea5452b581ebf8b34c65c740ee6696256750,298,conservative_matched,1,1,0.07138032801290345,0.9245202427420054,0.004099429245091122
M2,8facf48402aa60c4e52666105b216119e1b68d607cd90e64c373961ddfa8a9bf,299,conservative_unmatched,1,1,0.022098545095202846,0.9712377001799263,0.0066637547248711545
M2,63e7b0fd79c9670e63f19d0b85cc2c7efe0f1e527b44bbf33e9c798004594ffd,300,conservative_matched,2,2,0.006140291499876678,0.17480887013660829,0.819050838363515
M2,0910a774d27e3fe150f1c12d186032f527421ab5d7c35f74ac4f758094dd228d,301,conservative_matched,1,1,0.22129085574026672,0.7731648800017383,0.00554426425799504
M2,ba77ac0a50dbbe13d7bd6839ae32c5eb1febed467656cd2322a11c5b3f747b65,302,conservative_matched,1,1,0.07138032801290345,0.9245202427420054,0.004099429245091122
M2,4bea7852e6349795c7bb47b3b196b923e2ba8e7aeea9001ce30608cc02c0e4f6,303,conservative_matched,1,1,0.01814217905137261,0.9744367569030462,0.007421064045581159
M2,fe7000c6192011cc4cb3fab698a7821cc7044fec6fed4d6c825162ba8e131368,304,conservative_matched,1,1,0.022148916791940955,0.9702475056133952,0.007603577594664141
M2,8bbb88b5de9002160126d07b53f3cd2825868930b27f08e4ff4760a9c179699f,305,conservative_unmatched,0,0,0.7940104451356166,0.2041394625846792,0.0018500922797043795
M2,de68a6ddb137408d6f047da8b80a1ebeb03cceea79fe2bc107056a11068abdc3,306,conservative_matched,2,2,0.004137080858733889,0.020983697099630636,0.9748792220416354
M2,b1ee4d7e89869caeb050bf6a44961b049d9934b92e5ee40bc7e869b645348de0,307,conservative_matched,1,1,0.07217908618696836,0.9205414189790779,0.007279494833953596
M2,ee99b4a3c8e4b8ac8172a040ad3be7a04dea423a9ae0409a95df0fafc91a313a,308,conservative_matched,1,1,0.07138032801290345,0.9245202427420054,0.004099429245091122
M2,97b9091925addb08c1cd2c6078d0de2bf8172b17115de938b77ad77357d5ea5b,309,conservative_matched,1,1,0.022098545095202846,0.9712377001799263,0.0066637547248711545
M2,6db86dac2c557996df538886e2ae001080ddecdab91e2e3a4edede389d70b7e7,310,conservative_matched,1,0,0.5149257779476573,0.4829182717449265,0.0021559503074162017
M2,e46fe007896b1086b24e7db53b21842ae5f26db41897be76661db0c09520f97c,311,conservative_matched,1,1,0.022148916791940955,0.9702475056133952,0.007603577594664141
M2,19d6ef82b2a921d77a5573e974ea081845479ae43b183f176897858ed8e06b84,312,conservative_matched,2,2,0.0031827735810396173,0.022554806337636093,0.9742624200813242
M2,5e503b8ae7945a0c7a8bcd67542d51082ffc17c2404a5253304711f79919407f,313,conservative_matched,1,1,0.008514545224378818,0.9505381490731001,0.0409473057025212
M2,5756c809e3d8db3cdd21b5e8d36139858b8f09dbfdb84c88dd454914fd2447db,314,conservative_matched,2,2,0.002033397505967771,0.002743389538901365,0.9952232129551309
M2,a538822eabdf193b2b19f78ccf63644aa5c71ce346c2909e83ad04440964ae88,315,conservative_unmatched,2,1,0.00834553277080793,0.6877708004771201,0.303883666752072
M2,4791bf9d1d5d0230ab90f16f29614b48ab82e5801b82082235ff9b4358d29def,316,conservative_matched,2,2,0.004137080858733889,0.020983697099630636,0.9748792220416354
M2,e03a5d8fb20a6ea99425f7eb791e67ae67db33777225bd74107066b76cbd37ab,317,conservative_matched,1,1,0.02085929165207432,0.9707161333278943,0.008424575020031327
M2,727f74ba1c3c4c66b1f6b4556991e45b07a8df2d9d01846546f6627456d8494f,318,conservative_matched,1,1,0.4817292013572784,0.49257457795597026,0.025696220686751273
M2,9e12aa0dbe5c0aaa2470ead8d7629926f8b65403a6699dffbfef210eb25d80d8,319,ambiguous_shared_key,1,1,0.022148916791940955,0.9702475056133952,0.007603577594664141
M2,d3a134515041870d4095cf6ae0a7325769f957b530f530c1edbabeaa7c0c7273,320,conservative_matched,1,1,0.018166228364774897,0.9744236917639243,0.007410079871301007
M2,b44a3f41d310382fd60bf7f3a58d33ef67db0a23e704c0acd98fc529dad15ebc,321,conservative_unmatched,2,2,0.01671336850428576,0.173444947838053,0.8098416836576612
M2,0796be2517f6d256579d64e3fd271287a0a015eb77e018c048e59d0f28eee45f,322,conservative_unmatched,1,0,0.7935140905194742,0.20343450193565446,0.0030514075448711945
M2,1bfda6b9b2ec251369d6f57db5fce38fb12dcd38ecc1650133ffde8588ea9de5,323,conservative_matched,1,1,0.22129085574026672,0.7731648800017383,0.00554426425799504
M2,dd16b30b04ffe107ef12c7c07478ee8a6f1cb06de15b60261e80e1c3592fa365,324,conservative_unmatched,1,1,0.22129085574026672,0.7731648800017383,0.00554426425799504
M2,4998ff2bd307bda1d85ee16567c661c9862e55779e725e724189456e0c51af70,325,conservative_matched,1,1,0.07217908618696836,0.9205414189790779,0.007279494833953596
M2,4dcb168e09d4d7893d639ca45b73e7538eb8bbdf4d053e76233e29ffd3010c99,326,conservative_matched,1,1,0.008514545224378818,0.9505381490731001,0.0409473057025212
M2,39eaa33a8d48061b0348f9e4a83e301a0a7459e5eb653e83810f30644bbc17f7,327,conservative_matched,2,2,0.0018644971521659638,0.0033585045374625658,0.9947769983103716
M2,5371b6cfff41d777216e0c9e04d0277262e4f4b282938a4ca51084387331c4ff,328,ambiguous_shared_key,1,1,0.010922304068123648,0.9474059123144668,0.041671783617409426
M2,5caa9ac380bb06f4d084ea82b0b0e36346f917605e5ce0b8bbbdf5ced25c6cd0,329,conservative_matched,1,1,0.02085929165207432,0.9707161333278943,0.008424575020031327
M2,48049b601c2a81fda78b5d5252ae9ddaa08e0b7a64fbb1d35031fe640387123e,330,conservative_unmatched,1,1,0.010922304068123648,0.9474059123144668,0.041671783617409426
M2,fb6e8a79c7509d2ea0d634b54f8c3c61a61c856f58b1e43907d91134de9c8f10,331,conservative_matched,1,1,0.02085929165207432,0.9707161333278943,0.008424575020031327
M2,da52e0801985e6d911242d1cc38a5a2ba9ea6d852304175e9cf5f6682c636afe,332,conservative_matched,2,2,0.0015729942567084656,0.0007385637812499456,0.9976884419620416
M2,980f2c93c9c03ec6203a0bdaeef81159a3cfe8ed1f28387385d9f45010302142,333,conservative_matched,1,1,0.008514545224378818,0.9505381490731001,0.0409473057025212
M2,a66c4452b850b95377077697aac825a263e323984b1e8a1b5c25b1f3bbf86b4a,334,conservative_matched,2,2,0.009543613444941996,0.17445327840500616,0.816003108150052
M2,cc8929500a996b83f8e58e90d5c2ffadb7b9bc20866921118795138fea402ecf,335,conservative_matched,2,2,0.0018644971521659638,0.0033585045374625658,0.9947769983103716
M2,f9d294cba21968ac5c7aca6b858728c55a8a06c37c1bd8489ed5b184ed97e39e,336,conservative_matched,2,2,0.004137080858733889,0.020983697099630636,0.9748792220416354
M2,a46a03d1ee4daec20e9a849ba628defbbc5ebb1042f9cc44f825a9072c526ebd,337,conservative_matched,2,2,0.0014223895721179496,0.0005110559574574906,0.9980665544704247
M2,c48e0d5c7811d548c58be8c2e32213fe468160e54c1ed6ee3557e08eff54818c,338,conservative_matched,2,2,0.0013761314979505877,0.00015444506469383554,0.9984694234373553
M2,9f3c666f41f67c4d1304118a8d2927642bae1db9e3d7be9fec6431a472638621,339,conservative_matched,2,2,0.009543613444941996,0.17445327840500616,0.816003108150052
M2,4612e860034a77d8b2a28c5a307edd4c230ea2cc203c599c4d524164ca1c201c,340,conservative_matched,2,2,0.009543613444941996,0.17445327840500616,0.816003108150052
M2,9880128f9a4f009cbace58c35f08be763d85a148d19dbb6ed1cedb3e6b9cae7f,341,conservative_matched,1,1,0.007557276903439628,0.9504793069189135,0.041963416177646755
M2,815d426caf6647658ab5ad600a6d9a4844a450a2fe631540bcc73263b16a4409,342,conservative_matched,1,1,0.013372324801038594,0.6869224632187102,0.29970521198025124
M2,f2a7a0438ec81419aed4432eca97e3bf6a7996b3abcab7bd2b0cb5ea5936ca0c,343,conservative_matched,2,2,0.002033397505967771,0.002743389538901365,0.9952232129551309
M2,57374dc57848f9f7545dfff9c90d14265d0a66c20014fed384c8a1aaab2a8657,344,conservative_matched,2,2,0.0015729942567084656,0.0007385637812499456,0.9976884419620416
M2,e9f98ce85a29627dad55d76982d434e4bdb6f159fafb9c3c1b5771e0e95bff25,345,conservative_matched,2,2,0.009543613444941996,0.17445327840500616,0.816003108150052
M2,e59d303b3c9921823705d178211a81f3167a2b5c2bedd55a2e440ae6fb609a66,346,conservative_matched,1,1,0.010922304068123648,0.9474059123144668,0.041671783617409426
M2,562297c9b2262e5b9178439eac76300b6d0baa5c81dc6ab9a3e04f13b44d1edd,347,conservative_unmatched,0,0,0.926527302683935,0.07244824087595203,0.0010244564401131727
M2,276a41fcaefc7b0f5b533b227d35bd303c63f762bbf766628024ce36f9313bf9,348,conservative_matched,2,2,0.0031827735810396173,0.022554806337636093,0.9742624200813242
M2,e43bb85cc9f4c204c3b80fc593900bce375e9f42be96d02f335f2f42c13c4ba8,349,conservative_matched,2,2,0.0015729942567084656,0.0007385637812499456,0.9976884419620416
M2,13db9493e5d931ec94f3d05fb0df869516c061cdb89058e2bdb16c5859508cbf,350,conservative_unmatched,1,1,0.22101303371926428,0.7760413509056907,0.002945615375044626
M2,980a5bcc08361f8d083c12141878dbd24b7a236c18e8184387239050f164a315,351,conservative_matched,2,2,0.009543613444941996,0.17445327840500616,0.816003108150052
M2,eb7b92a2b390dbb093e40e2495530b65be730eb752eccbf260be04ff31496b11,352,conservative_matched,1,1,0.22129085574026672,0.7731648800017383,0.00554426425799504
M2,99a93936da7984b3ce75763a91a3493bbe7f16283b2ccde42c3d93bff3fc70e1,353,conservative_unmatched,1,1,0.22129085574026672,0.7731648800017383,0.00554426425799504
M2,0b6002ac98745ed77d24c58dee4c8892e1dca4c93626ce4675b9306294bb2d7d,354,conservative_matched,2,1,0.02085929165207432,0.9707161333278943,0.008424575020031327
M2,b5271dc00037ef4441d0e9b55a7b122c6981acc750495290fdf2d1171ec45e4a,355,conservative_unmatched,1,1,0.022148916791940955,0.9702475056133952,0.007603577594664141
M2,bac5a079bec62bc26a6dc783910825de9e2871a6d90c260b7f137ba75a6b17fb,356,conservative_unmatched,2,2,0.004137080858733889,0.020983697099630636,0.9748792220416354
M2,17e8cff30d43b9932efa5ee5fc8ea3d9998f87aa816268d719e22c0b513067e3,357,conservative_matched,2,2,0.009543613444941996,0.17445327840500616,0.816003108150052
M2,2aa6a5792ef7467f71fc55b9fcc6f5c9d6ba25f470083dd8e9a787e579bfd401,358,conservative_unmatched,2,1,0.02085929165207432,0.9707161333278943,0.008424575020031327
M2,94c0b44f9a2d481c5d2237dd73738cc92b9ee67076b318f634fc32aa4032a0b4,359,conservative_matched,2,2,0.006140291499876678,0.17480887013660829,0.819050838363515
M2,e77bd94004a0442aa632c906e2f4e997e00b478cf23900001f6d06ec63cb3ef3,360,conservative_unmatched,1,1,0.022148916791940955,0.9702475056133952,0.007603577594664141
M2,416afeb98b33f5e4f2a8e68a875e28fd4105a31165d6851ea3c83a3ccaa2515c,361,conservative_unmatched,1,1,0.2181847931152702,0.7708891749454785,0.010926031939251334
M2,328eaadc5fcca2d1c22ba92802c7d13404e083fcc75e8e27c502cd13af3d0548,362,conservative_matched,1,1,0.07009862356220184,0.9181133055403387,0.011788070897459512
M2,584086a779fa152c0679d9786c1e33c602944084d5cf48f6c0e7dbbac810bd87,363,conservative_unmatched,1,1,0.022148916791940955,0.9702475056133952,0.007603577594664141
M2,7cd43d94523c810f9ed5537e7015539cc8c9859bcedd689aec68db38a22003a3,364,conservative_unmatched,2,2,0.009543613444941996,0.17445327840500616,0.816003108150052
M2,fe92f0e44d936f618c5a52cbcbbb889fd256a412566488b144015b8482d7b1a1,365,conservative_matched,2,1,0.006201368408799226,0.6790308045225093,0.314767827068691
M2,fdc3d5fa14c1a4086c5b7caf79828cce0d013ff497cbe8eb15c09905a3f4457c,366,conservative_unmatched,1,1,0.02085929165207432,0.9707161333278943,0.008424575020031327
M2,ed55a6f2ea598cc2a90f6b9b6e489d7f1bf59f58579eeba23f34ffb5a4476757,367,conservative_unmatched,1,1,0.022148916791940955,0.9702475056133952,0.007603577594664141
M2,1467b04a49c306baf2f2d7d4fd94a9e1d2b0b5a630fc1defcbc2ec8916da6c13,368,conservative_unmatched,1,0,0.5149257779476573,0.4829182717449265,0.0021559503074162017
M2,5a4c58dd7c63f01c85c75de330f08bf3279e1a3ffd1a3b3351ddc32a2bc68f49,369,conservative_unmatched,1,1,0.22129085574026672,0.7731648800017383,0.00554426425799504
M2,a538958f863560cab82c81c2af21b948645d77515ec607b6158507d95fe5123d,370,conservative_unmatched,0,0,0.7940104451356166,0.2041394625846792,0.0018500922797043795
M2,2b1079c154b15202bdeb4e37d3bb3fda5cde0b6dc62e5246d0face06819abf5a,371,conservative_unmatched,1,1,0.22129085574026672,0.7731648800017383,0.00554426425799504
M2,e76f79b797b47271b05802f3737b53b3378b0b1529fd9314fa2a492b6167ac66,372,conservative_matched,1,1,0.007557276903439628,0.9504793069189135,0.041963416177646755
M2,a26bf4e51a6f635e952f279fa007eebd60b1a0aa43278a348f6ce7430b2f6168,373,conservative_matched,1,1,0.07217908618696836,0.9205414189790779,0.007279494833953596
M2,4b1c806a421b02743346fc062782ec9b603b1cfc919177966cf33f0baffd2193,374,conservative_matched,2,2,0.0014223895721179496,0.0005110559574574906,0.9980665544704247
M2,2965eb77c7507629cf30cf7647115971bc3fbc079b0679ddae18c5a7f6088ba0,375,conservative_matched,2,1,0.00834553277080793,0.6877708004771201,0.303883666752072
M2,447fa75d82f2da45bc471afc5b9273f8007746f7c1e6608e7f7e080582a7ea08,376,ambiguous_shared_key,1,1,0.00834553277080793,0.6877708004771201,0.303883666752072
M2,ed9c1db619a6e03138850df9100b0c87a96915bff8f177717879e0b0d0763e16,377,conservative_matched,1,1,0.013372324801038594,0.6869224632187102,0.29970521198025124
M2,397cbeb6f38ebcdc8d0dd0bc306d8baa31702dc5ab41fd7ce317e3961c9e3b32,378,conservative_matched,2,2,0.0014223895721179496,0.0005110559574574906,0.9980665544704247
M2,4f4abcb7188e73e10ca68b718d456e0239c4dcb6875e1c3c69a419fec225e1ce,379,conservative_matched,1,1,0.2181847931152702,0.7708891749454785,0.010926031939251334
M2,be0ebb7565c48c88742be3d147378e0339658b36ddc168b506068b1c90f4c79a,380,ambiguous_shared_key,1,1,0.0191035683784497,0.9728258052576524,0.008070626363897776
M2,421629aaa541cfa65f08170d2ded95bfcfb72deb6371ca7bd8cff9686b07ca24,381,conservative_matched,2,1,0.006201368408799226,0.6790308045225093,0.314767827068691
M2,074bdafc94897952ec047e29c94c168d74b04273139ccf2ce1e6f1873ca0ed4a,382,conservative_unmatched,1,1,0.022148916791940955,0.9702475056133952,0.007603577594664141
M2,122e7e9e553c3480710d48da1b809bc3a0f00c8f31d7959bfbb0bb4217186e2f,383,conservative_matched,1,1,0.07217908618696836,0.9205414189790779,0.007279494833953596
M2,0fdfadc8e93127b69c5cc192dde2e8ac8ed04c3d1fdbe79dfe2b87b82585bd01,384,conservative_unmatched,1,1,0.2181847931152702,0.7708891749454785,0.010926031939251334
M2,dce71741a22feecd18d4a68d6dac14f53d1b585efa9029d2d7f6caf10ef1d09a,385,conservative_unmatched,1,0,0.5107116348082237,0.4826779792402483,0.006610385951527947
M2,9c1589756f65e471021f9e5736a89d5cabb0481ef20ec88a5286fac861609674,386,conservative_matched,2,2,0.006140291499876678,0.17480887013660829,0.819050838363515
M2,a31c0ced032973a0e5414d71c603cafbff10cff8e3e8d4e4a720af17012d472c,387,conservative_unmatched,2,1,0.006201368408799226,0.6790308045225093,0.314767827068691
M2,aa253d0c7343d07a4854487d2aea858f473eee151b96c2ce40bedb2ee8437306,388,conservative_matched,1,1,0.07138032801290345,0.9245202427420054,0.004099429245091122
M2,a7a9ca7a19cbb70fe7a0ce5094b6f1add89f5b24cedf3415b2882b501c43ca03,389,conservative_matched,1,0,0.5107116348082237,0.4826779792402483,0.006610385951527947
M2,0a3effbdec3cb466bafb0f3db000792529f8a18b89f03e2f2a477a57ccb23447,390,conservative_matched,1,1,0.007557276903439628,0.9504793069189135,0.041963416177646755
M2,88d41603b7bc18447226de0bd092d97caaafff7d44a58de731f2bfd695e6c89e,391,conservative_matched,1,1,0.013979899579663287,0.9438590790421788,0.04216102137815795
M2,64edd6fd449505aaf4ce23b5e8fd239af0c6c1b9b8ec3b6283f29aa63786d55d,392,conservative_matched,2,1,0.010922304068123648,0.9474059123144668,0.041671783617409426
M2,3aa2f113241cf12a1f41976ff0bf7942caae7298859aebfd67c1ddd2a115c9f5,393,conservative_matched,2,1,0.00834553277080793,0.6877708004771201,0.303883666752072
M2,28b053e3389d9080286d65e0a159dfd0e84b54ab6f9d29efe76029c4e441d313,394,conservative_matched,2,1,0.00834553277080793,0.6877708004771201,0.303883666752072
M2,573e5d0c416baabe556bbe6df0da1d23f9d757c682f06acc75cbdeeefa53f1dd,395,ambiguous_shared_key,1,1,0.02085929165207432,0.9707161333278943,0.008424575020031327
M2,31be86aecc38b94fea6900d3b08f0dbc20cdc907d7b94ba8ffefbc3e636be934,396,conservative_matched,2,2,0.0031827735810396173,0.022554806337636093,0.9742624200813242
M2,ca1af162eff48d01248d7b34c3dc4be9123bb4917682c15fcb42f45ba92ce681,397,conservative_matched,1,1,0.022098545095202846,0.9712377001799263,0.0066637547248711545
M2,4e2eb26c0fe972eab4b5b004faa49b46156fd4ee3808d325d7e5594a79414a9c,398,conservative_matched,1,1,0.022148916791940955,0.9702475056133952,0.007603577594664141
M2,93b21413c755833e1950d07af850214cfb9b5519b7b21162d63f4c9ee904ca1e,399,conservative_matched,2,2,0.006199253239365349,0.020105745563322175,0.9736950011973124
M2,7cf9fc722144d5c5e38c3fea10921acf4cb1fa34cc1bd7692b29595386d51a2e,400,conservative_matched,2,1,0.006201368408799226,0.6790308045225093,0.314767827068691
M2,7e00b595bb6999487c74eb830249fdf599a16fe836019185747560a7869a2ea9,401,conservative_matched,1,1,0.007557276903439628,0.9504793069189135,0.041963416177646755
M2,76d06487c4ffc806c0124b367816f652dd15cd43c60141189fb67369207e51fd,402,conservative_matched,1,1,0.022148916791940955,0.9702475056133952,0.007603577594664141
M2,284ec319e69a06d51dc7138b1cd703bdec233bd9862e76e788a66d58b5c93074,403,conservative_unmatched,2,2,0.03165899416880055,0.17247093726447665,0.7958700685667229
M2,05ccbda5c8030aa70186394e3bd73c3d761e81154d70b009f09ac260843bbcb7,404,conservative_unmatched,2,2,0.01978798427970671,0.02082929741645983,0.9593827183038335
M2,f31671785b3e105c3461c6f468a73e51b08fb09a2755ffa8ebfec2ee89fdccbc,405,conservative_unmatched,1,1,0.07138032801290345,0.9245202427420054,0.004099429245091122
M2,eab697c8c1d27212af84b30e24e32008b1ecbc67472a7ff95ba552ee19c0db40,406,conservative_unmatched,1,1,0.01510442364417345,0.9431623257482682,0.04173325060755841
M2,af3e8a8edbc429d6e82a0234c201d8cc278db4fd145a68015fd1ab8785e57275,407,conservative_unmatched,1,1,0.021654007567520617,0.971424840641482,0.006921151790997468
M2,11f18902f6529ccd006f3eb1926c47f115d9549b2c2f079495389befb1eae919,408,conservative_unmatched,1,1,0.0705146676728835,0.9268219725769361,0.002663359750180228
M2,f5c1f313b06ba018dffafebe7e936f738c7877b1fd7def93331d973a91083ec4,409,conservative_unmatched,2,1,0.013372324801038594,0.6869224632187102,0.29970521198025124
M2,b0eb4c514496bbccfadc92bbc9d502a308cf264f615a7270f4508adfa95341f5,410,conservative_unmatched,2,2,0.0060848019580015894,0.0021687096141929305,0.9917464884278056
M2,5fad3e448c5e1d74ad40706ea43e831ca8eb7c7de5f8b18a8d11e3658f13675e,411,conservative_unmatched,2,2,0.03165899416880055,0.17247093726447665,0.7958700685667229
M2,b76ae4c5df31d41a628c2eac6d63a7191c5c814c94f0f8c36f40d812e2089f6b,412,conservative_unmatched,2,2,0.003705742541483162,0.0021761496269561806,0.9941181078315606
M2,8a75076ea3879d0bf0dd017d05b4a245801a302e7b000b0a7b9c1cdb94ca975d,413,conservative_unmatched,1,1,0.22101303371926428,0.7760413509056907,0.002945615375044626
M2,a27435e31856096b869dad34f04f50c26e43660a66718f5643ee8ed2eb51af26,414,conservative_unmatched,2,2,0.06151107049101641,0.1750689990299759,0.7634199304790077
M2,abcb65e9f203ebce43dfcc290e3881ec3fadd75e0780873abb34e688cf2bde55,415,conservative_unmatched,1,1,0.22101303371926428,0.7760413509056907,0.002945615375044626
M2,5fff96165ae228d0b6c109dedffa29fbbe1bb5419a4e17d1eb6b6f7371638adb,416,conservative_unmatched,2,2,0.0014746358437221151,0.00037903059800428014,0.9981463335582736
M2,ecc8758acbe3ff3c1237190f0844b57b0865bb46d0c940c7ca341391b4a24f77,417,conservative_unmatched,2,2,0.003705742541483162,0.0021761496269561806,0.9941181078315606
M2,83a9b71397707247df9fd3717796837f3765429b50236d6099664af84b527b36,418,conservative_unmatched,1,1,0.013372324801038594,0.6869224632187102,0.29970521198025124
M2,cabc765a96e5371085f2124e0c49137c3ea6aa1d74da1cc02c830ee82ebc9b48,419,conservative_unmatched,1,1,0.07486840296973274,0.9219972002951093,0.0031343967351578736
M2,447b6eaaa01f44759a3e84e1ae3292b980e1e40bbca619439c1154c93b6ba928,420,conservative_unmatched,2,2,0.003705742541483162,0.0021761496269561806,0.9941181078315606
M2,d6a67091791dd72522a6bef06dfea8b0c675a1445234f9512644939352bab471,421,conservative_unmatched,1,1,0.2225883413387273,0.7755690741395822,0.0018425845216906167
M2,f69228ae618f2a54598815acf45338b6ad192e9eb36eb4949775495b54e4ef8b,422,conservative_unmatched,1,1,0.01510442364417345,0.9431623257482682,0.04173325060755841
M2,3b6be63e42bced9624f2695926dd4352285f8007d59bd5bb1dd51c40b37024a1,423,conservative_unmatched,1,1,0.07138032801290345,0.9245202427420054,0.004099429245091122
M2,b792c09ee937fae339c13197e2ca35611ec60e9b4d2f0dd62906e390c58a29f0,424,conservative_unmatched,1,1,0.02085929165207432,0.9707161333278943,0.008424575020031327
M2,db9e4ad5925b27ec0584e301c098615d0e7d750f33a62c852097ee5091d20bdb,425,conservative_unmatched,1,1,0.22129085574026672,0.7731648800017383,0.00554426425799504
M2,b50eec873e5ad85197e459d43c6a8a7c64c7be7730e766647b9b32f8958cd6e7,426,conservative_unmatched,1,1,0.22129085574026672,0.7731648800017383,0.00554426425799504
M2,cc1b2843c4a07d3b4fa4abf9fd5537a7a6d4df902398c1cbe928fe3bce259418,427,conservative_unmatched,2,2,0.002033397505967771,0.002743389538901365,0.9952232129551309
M2,fb53eea3d4cdbfd82c3a411ba354fb72529c745789e35c027a285e3f70071b48,428,conservative_unmatched,0,0,0.7924189099120251,0.20653828826204337,0.0010428018259315008
M2,05b9b2450da4983d21d00900b28b53e5a1f95f950395ddc3ddc45cb106b759b9,429,conservative_unmatched,1,1,0.07138032801290345,0.9245202427420054,0.004099429245091122
M2,a3ac2db16dcc74dd63903b195b7d1a3a53338887f18e8639c30c65d8eae7bc86,430,conservative_unmatched,1,1,0.07138032801290345,0.9245202427420054,0.004099429245091122
M2,66e20104ca9e36937afb002e64108ee63a347a8b7749a55b588d30eb3e1409e4,431,conservative_unmatched,1,1,0.22129085574026672,0.7731648800017383,0.00554426425799504
M2,4197c747bb633c56f7d24ec066c22ea16f41b22682b607527cfd6f1a7a2562c8,432,conservative_unmatched,0,0,0.971324780802174,0.027954981634512228,0.0007202375633137538
M2,a497a87c94bd318bdbd3ec6561590a06ed35ab4e87ca913472fb109a78f8bbc9,433,conservative_unmatched,1,1,0.013372324801038594,0.6869224632187102,0.29970521198025124
M2,f4485fff06cc355178561099fde1bff774f6df6adb1ce135820fe0e07515311a,434,conservative_unmatched,1,0,0.5107116348082237,0.4826779792402483,0.006610385951527947
M2,2d77937efb442c0e808c407a59ec6405337a2a3460fb13f2f68d8434be09fe8e,435,conservative_unmatched,1,1,0.22129085574026672,0.7731648800017383,0.00554426425799504
M2,e92916be0b17ba8bf1e2d3ce1809285cc94721729d1978c457f4db8c4f4101b8,436,conservative_unmatched,0,0,0.9239110911182701,0.07523378066903498,0.0008551282126952397
M2,44b0ff3b5337d07bc238578620590bdec6e1c913e99c9aedd40c7306c5136dba,437,conservative_unmatched,1,1,0.07009862356220184,0.9181133055403387,0.011788070897459512
M2,170bd7b79b3f5e28736c07ca59bd1f2f2b5d4f0778d08d0d065dd684c879d5d7,438,conservative_unmatched,1,1,0.07138032801290345,0.9245202427420054,0.004099429245091122
M2,f0a97bfafce659abcc15ad3b27366b99f919dc16a513c0931d27b70b5eb2bd13,439,conservative_unmatched,2,2,0.006199253239365349,0.020105745563322175,0.9736950011973124
M2,652e6865f9acddc8831b8ce218dbe9e6235e8c801d2bbf80d878c249871281f8,440,conservative_unmatched,0,0,0.997706466854399,0.0008705288923495373,0.0014230042532515474
M2,12f87a813a0f8b8b6295bf7bd67e6b14cf37aea45636ed5ee00d03e5b5987ffb,441,conservative_unmatched,0,0,0.5149257779476573,0.4829182717449265,0.0021559503074162017
M2,d63a26a5f8c21cfced4f4ebdcc520a460308329d0c2f1685f083d2ed9ab0b639,442,conservative_unmatched,1,1,0.010922304068123648,0.9474059123144668,0.041671783617409426
M2,7b04f1d594f7376a2f050ee49b8349c5ef562e371b59041d74381aaf3f28418b,443,conservative_unmatched,0,0,0.5182978981999693,0.4801677229531139,0.0015343788469168306
M2,3ff83fc265305905760c500d9fe41689de9a1de06044ba371e5d92bef6310802,444,conservative_unmatched,1,1,0.22101303371926428,0.7760413509056907,0.002945615375044626
M2,1a95813d193cd4442bc0b1f87b4bce15afbe7cd42d6c4c82b8f5c88c23abdbf2,445,conservative_unmatched,0,0,0.5182978981999693,0.4801677229531139,0.0015343788469168306
M2,e0bd5edf2a653605820916a1a17d66d2397b9ad0dd84f37cbd3fd3810e309037,446,conservative_unmatched,1,1,0.07217908618696836,0.9205414189790779,0.007279494833953596
M2,d3dea6e23727f3861155568fe03f7508dad97315d987d7f509832e7bf6b4eecf,447,conservative_unmatched,0,1,0.2225883413387273,0.7755690741395822,0.0018425845216906167
M2,4dab921dc624739a417660847b4c0024fe177b771218333bf14e0d0d4e20aa91,448,conservative_unmatched,2,2,0.0031827735810396173,0.022554806337636093,0.9742624200813242
M2,95a4c4f399ab39050cd2c68303c1b4a717e2b85e43356b382b44a3423cac3ed0,449,conservative_unmatched,1,1,0.013979899579663287,0.9438590790421788,0.04216102137815795
M2,85718d8d0d6c99912cd3eac82bdbbb72cee0878bc1891742d1d9ad494dbb5c0a,450,conservative_unmatched,2,2,0.006140291499876678,0.17480887013660829,0.819050838363515
M2,5c0c7a72328563a4b2a7d65fab7f740984af9984186caff86b9cca5da6bfe86c,451,conservative_unmatched,1,1,0.07138032801290345,0.9245202427420054,0.004099429245091122
M2,5f11fef5bae9d1258380639662fb95008d4620c9b9b24aad7083e32efacfbdfc,452,conservative_unmatched,1,1,0.22101303371926428,0.7760413509056907,0.002945615375044626
M2,13495fa8b8dd9679b0eab26be9488564259999759eb940cad44c16c962ae81f7,453,conservative_unmatched,0,0,0.7887288529067701,0.20569315509792918,0.0055779919953007654
M2,1a61ef72c42eed5e7901aa43b40e133c4e51f87ced017db6e1d465d17ca3ec78,454,conservative_unmatched,0,0,0.7935140905194742,0.20343450193565446,0.0030514075448711945
M2,a6b0e9b589ed3f6caa4497791751bb855f8ff7bd71783f5676489298a186db22,455,conservative_unmatched,0,1,0.22101303371926428,0.7760413509056907,0.002945615375044626
M2,3d49951b870f3bcf189be0c2ef0d5405a6c21987112ed1b195ea3ed4ddfb46d6,456,conservative_unmatched,2,1,0.013372324801038594,0.6869224632187102,0.29970521198025124
M2,3d19f74837a5c6f5e6ce0189453e4c6b522f560699d85fed9af18054565b4fad,457,conservative_unmatched,1,1,0.07138032801290345,0.9245202427420054,0.004099429245091122
M2,0dbe677afded6fdb64050e827a3a7e21d49e0ab3138a60a2e288dd171af53944,458,conservative_unmatched,1,1,0.19533307168268707,0.7714360507148292,0.033230877602483784
M2,36151d13bff095b0f9b3c390fa02f663a49fd45fe72702bad759cd82db3174c3,459,conservative_unmatched,1,0,0.5107116348082237,0.4826779792402483,0.006610385951527947
M2,225629385e18a6854edb9ae5dee2b6c35e44af3143cc0f0fab0867deec5c52bd,460,conservative_unmatched,1,1,0.2181847931152702,0.7708891749454785,0.010926031939251334
M2,3b0abeb2580501c078d50f1862f005665c127524372015d5674ef8679685fabd,461,conservative_unmatched,1,1,0.0191035683784497,0.9728258052576524,0.008070626363897776
M2,30208d526f61c08aa4e9adad5f98e9a48303a9b9357da44a27292465dbc46bf3,462,conservative_unmatched,1,1,0.013372324801038594,0.6869224632187102,0.29970521198025124
M2,8d0f029901600d9418a07f1fd8a7b00c1d0b43e684bd28f66e21c5cf7dcd6021,463,conservative_unmatched,1,1,0.05576204488529709,0.9310687693110874,0.013169185803615537
M2,55d65dd88579a7b1789b4e356b381badd401b3808258dce2c7f346a5dd179c07,464,conservative_unmatched,1,1,0.07217908618696836,0.9205414189790779,0.007279494833953596
M2,65fc55908795c03596628c3be27eff5761f85e2f1b4291d6717c471653ee17a8,465,conservative_unmatched,0,0,0.7935140905194742,0.20343450193565446,0.0030514075448711945
M2,afa6daaad76b24e7324cb78b11b89285577dc8bbfcf69fd9a2858f75d0d2d255,466,conservative_unmatched,1,0,0.5107116348082237,0.4826779792402483,0.006610385951527947
M2,3f3aa71345eef153c551d8268b4cf413be9de4e5ebe03d0b0aef13d7178f6451,467,conservative_unmatched,1,1,0.007557276903439628,0.9504793069189135,0.041963416177646755
M2,ecddaa9fb5fe0229e957962b58fa482e6fb92d8f808ec76bf3448ae1f9070c00,468,conservative_unmatched,1,1,0.0191035683784497,0.9728258052576524,0.008070626363897776
M2,e0d210eed199a9e6092e65b724d0b6abf80444548010500e25c9fbfa593246e6,469,conservative_unmatched,1,1,0.0191035683784497,0.9728258052576524,0.008070626363897776
M2,3a7f050103c325de4173d8ce18ea31c2b8a5424d5ca15132d1d2e938a40e25f1,470,conservative_unmatched,1,1,0.0191035683784497,0.9728258052576524,0.008070626363897776
M2,d6c2e29b139b700ff7f46855f1fbce6d187c897106391edbf79fbf80ed1f1c14,471,conservative_unmatched,1,1,0.07009862356220184,0.9181133055403387,0.011788070897459512
M2,3228a5c1892f93600a970b9e099b3053b891a018a2b4fcdbe092d118a96a8fb3,472,conservative_unmatched,2,1,0.00834553277080793,0.6877708004771201,0.303883666752072
M2,55149a64f268a012247a00f9c7f3a36b557a25430fed6016ab547ff1c38e61b2,473,conservative_unmatched,1,0,0.7887288529067701,0.20569315509792918,0.0055779919953007654
M2,8e4ea3523595a6acd552728b47f2a13b458234f347559c26cb13139a095da1b4,474,conservative_unmatched,1,1,0.07138032801290345,0.9245202427420054,0.004099429245091122
M2,9b5390ef3260489b3c3887f9fe6f349f50d003bb156f7742f95c91a2857f2dae,475,conservative_unmatched,1,1,0.010922304068123648,0.9474059123144668,0.041671783617409426
M2,ecaccecb377bfe6bfdaa2574f6cdc96491a0894b2480612d0376098a403592e1,476,conservative_unmatched,0,0,0.7887288529067701,0.20569315509792918,0.0055779919953007654
M2,1971d2b4a4cb293ac396176c6d1190289df940842c256fea5bf08fd520cbb4f9,477,conservative_unmatched,1,1,0.21233731963977606,0.7668982615668111,0.020764418793413078
M2,50c59de7b7fadd459118ad53531a05379edf5c0bbf8786fc3b4b96a2d52bd55a,478,conservative_unmatched,0,0,0.926527302683935,0.07244824087595203,0.0010244564401131727
M2,9d1ad6603c4fc4417efe8b4d68b4771693ebeb51d9cc5fc47e7d55d6a396ae28,479,conservative_unmatched,1,0,0.5136422020575624,0.4827922289241399,0.003565569018297768
M2,8fd0fe4e154f5d8d0e6fd22a060280c5fc7e2f73594c63d13a67e97a3b835a6b,480,conservative_unmatched,1,0,0.5136422020575624,0.4827922289241399,0.003565569018297768
M2,e63fd967ad59bf73b27ba4efcf551436428f26a03ab3e1ca498f3e01f0550a1a,481,conservative_unmatched,1,1,0.22101303371926428,0.7760413509056907,0.002945615375044626
M2,e8921714e78de17aa9004ed167d45bd0471420f26d1c05f61df1adaf22cf37fe,482,conservative_unmatched,0,1,0.22101303371926428,0.7760413509056907,0.002945615375044626
M2,2a0de0babe99f6482353deccfb8c5a64a0d4e142134c21435a7d5cb4bb7a44f0,483,conservative_unmatched,1,1,0.22101303371926428,0.7760413509056907,0.002945615375044626
M2,4e8d3b7274c27d5592e32b4eb3028607e6458d3fa96ea1c253fae1519ce42ebb,484,conservative_unmatched,0,0,0.926527302683935,0.07244824087595203,0.0010244564401131727
M2,c32bf43dea1035a78327d54bf13e6655b755788b7cb2b89bbd177edfc1270a1e,485,conservative_unmatched,1,1,0.2181847931152702,0.7708891749454785,0.010926031939251334
M2,39f5260d468bf91cca4bc94b0f64140f65b1569a4eacdacee827afe47a7a43af,486,conservative_unmatched,1,1,0.22101303371926428,0.7760413509056907,0.002945615375044626
M2,8da546665c37fd3768dd5df0c43d9e48a594114602af5888eca3732f0b8f2bdd,487,conservative_unmatched,1,0,0.5182978981999693,0.4801677229531139,0.0015343788469168306
M2,d3dcab46cc222b84f1ffdcca86f298db97158c380bc905a790185b05af010c3d,488,conservative_unmatched,0,0,0.5182978981999693,0.4801677229531139,0.0015343788469168306
M2,aeac0b830c55c2d51b6a33e30e0be051cd140df152dd398a2eddab2a28bf9b35,489,conservative_unmatched,1,0,0.5149257779476573,0.4829182717449265,0.0021559503074162017
M2,f1f7629e3f53f2d8e749f46a993a6e72aa316c1d9c1f8b1c67c6dd1a677d2932,490,conservative_unmatched,1,1,0.0705146676728835,0.9268219725769361,0.002663359750180228
M2,8e66ea34596e3d99a63ea5e1e0165c156c716d735eff28f761ac0ed48e7252b4,491,conservative_unmatched,0,0,0.7929193706933294,0.20579961591370455,0.0012810133929659021
M2,5db554cde5ce7bc9cf816db20cff72939c5d380706d527f487672a618aca59be,492,conservative_unmatched,1,1,0.2225883413387273,0.7755690741395822,0.0018425845216906167
M2,ad3bbd4bc195aca26dbe34255846b204647007f9008cd1604caf31a6030ec266,493,conservative_unmatched,1,0,0.5136422020575624,0.4827922289241399,0.003565569018297768
M2,6807374cf8dc72644182a43a9da4afcfba4ad80f80c056f982d40cb0cdd9609b,494,conservative_unmatched,0,0,0.5149257779476573,0.4829182717449265,0.0021559503074162017
M2,e92297353a3a22b944725a165b52f80a1965ee09f6178dfc184860131871920c,495,conservative_unmatched,1,1,0.007557276903439628,0.9504793069189135,0.041963416177646755
M2,64093b9f13e7c9c5796331cf22a51a3878853dd9a68ddd7e2bd97746e9a148f9,496,conservative_unmatched,1,1,0.00834553277080793,0.6877708004771201,0.303883666752072
M2,c997661e8f088ce61daed2d734e2baf038d0a5f5a2326a8545dcefa81f72bec0,497,conservative_unmatched,1,1,0.07138032801290345,0.9245202427420054,0.004099429245091122
M2,d064c27e57ecbf5d0cace935aea0fc9d1053dd486ab0eaeec1c8b8e510cc7bd3,498,conservative_unmatched,1,1,0.007557276903439628,0.9504793069189135,0.041963416177646755
M2,e01c7f73d3b9c5e56e27a66af611a14995b4b65854a282507dbf90ced9dc54ac,499,conservative_unmatched,2,2,0.0028287895954965513,0.024824821628260597,0.972346388776243
M2,ee64c4c983197496a5a20dfb847c9b4515dbdade50852024c565d1a74b63cc24,500,conservative_unmatched,0,0,0.9239110911182701,0.07523378066903498,0.0008551282126952397
M2,9662010e2490990d85dd702691d3e752f5a17e905f96d98be43c275a1e08a893,501,conservative_unmatched,1,1,0.018166228364774897,0.9744236917639243,0.007410079871301007
M2,f84b59feebc9f4c0c496f360f1ca19bbe2d5beeb52f49c9fc163d951a96cd776,502,conservative_unmatched,0,0,0.7887288529067701,0.20569315509792918,0.0055779919953007654
M2,f9871cd35fbbef3dcc9a11edf31cde93a1421f2f6768ec1eda59f1fd8a7eda5b,503,conservative_unmatched,1,1,0.00834553277080793,0.6877708004771201,0.303883666752072
M2,f865f3eb3350200dfbeb524ebdd2d755fefe3d4d2a2093ca5e4c3d388c760e50,504,conservative_unmatched,1,1,0.010922304068123648,0.9474059123144668,0.041671783617409426
M2,6c25dd980ae55d61fd3c42c5c5e6030ac2dddb2fcce89e3ba55d1ed3f42fab9e,505,conservative_unmatched,1,1,0.07217908618696836,0.9205414189790779,0.007279494833953596
M2,555340884fdb40170947c98290702c40554069d24cf22f20a9785c5218582ca2,506,conservative_unmatched,1,0,0.5017964475284593,0.485164134912973,0.013039417558567808
M2,b4ddfccd8e4d07b77338aafe76e7c9ca43343a328bbb848444a3ecb6133dc14d,507,conservative_unmatched,1,1,0.07217908618696836,0.9205414189790779,0.007279494833953596
M2,857b369ecd76d80997f03f4eb841148b4a57ca5b325132205a6ff964ff20122c,508,conservative_unmatched,0,0,0.5107116348082237,0.4826779792402483,0.006610385951527947
M2,74137ae4e7726b7bd996489326eb22a2b8918ea0504267c8fb1fbab7f5ae7b42,509,conservative_unmatched,2,2,0.002033397505967771,0.002743389538901365,0.9952232129551309
M2,862548383e807e3e1f19b50f24a8569b6ffb9dec43bdb049f653d08bc3af9d3a,510,conservative_unmatched,2,2,0.002560232233508723,0.0023655751506381573,0.9950741926158533
M2,50a1482d80d92dbb826319e4766efc53b1bdf8ad4e84880dca534a5dda4f5043,511,conservative_unmatched,1,0,0.5017964475284593,0.485164134912973,0.013039417558567808
M2,09483a45ca26429c517c73946e7c0e42d0b268c8e54f9f87e8d06f6ddbddf0e6,512,conservative_unmatched,0,0,0.926527302683935,0.07244824087595203,0.0010244564401131727
M2,e3b43d0c2f88cf262221ae16e2204cd0eab17feeda587be40cda3a8f76eae2f7,513,conservative_unmatched,0,0,0.9742584847340506,0.024650655979669103,0.0010908592862801723
M2,2df6a5e9d91cfa9be614ad5f9caee8cc67f367e07626e56fc4f67efbfaceff1f,514,conservative_unmatched,0,0,0.9732310171685931,0.025943107495663087,0.0008258753357437032
M2,293fd70db77ae8dac4ff7015aa8471bbee8dc11c94d69214be1164a3a65ded47,515,conservative_unmatched,1,0,0.7935140905194742,0.20343450193565446,0.0030514075448711945
M2,1d8c825fa4140f5726cf96d2fbc410daf8dc1449a57aa3018d8d69710baf1acf,516,conservative_unmatched,2,2,0.006199253239365349,0.020105745563322175,0.9736950011973124
M2,96fe6b8a15df2ad16bdc1b1426c5388a37e247e2707b5f5e0efc650981a54522,517,conservative_unmatched,2,1,0.00834553277080793,0.6877708004771201,0.303883666752072
M2,058ccc5f0c17c416ef06df1ed5deaa48d112f42a14f667bcf9846fdb664ef366,518,conservative_unmatched,0,0,0.9899387293209668,0.009155247795399156,0.000906022883634058
M2,ec4ebe569d3745dd4c8b9698518c7aa342acae412e99da6fde3e888b7d603a83,519,conservative_unmatched,0,0,0.9282003112966531,0.07038004001510127,0.0014196486882454096
M2,6249033ebb4873778de8d435f8863876ed0ccf3c336662af8118b4596dbc2285,520,conservative_unmatched,0,0,0.7924189099120251,0.20653828826204337,0.0010428018259315008
M2,6be95b1a0e561d03e9ff9bb3bf48e85fc3bb4ae85b750949097b5270445e0b2f,521,conservative_unmatched,1,1,0.2225883413387273,0.7755690741395822,0.0018425845216906167
M2,efb4d196f4193d1291a1cfb89719e049b970e0bf437f8a7e200e7362d60ca360,522,conservative_unmatched,0,0,0.7940104451356166,0.2041394625846792,0.0018500922797043795
M2,ccd0b5095c5ca020ed29dcb4ed07bc78fb4f8bd1d01103c832c16f74415da411,523,conservative_unmatched,0,0,0.9687712642829348,0.030502510516842878,0.0007262252002221894
M2,866639f3b9f95c14339f44ed24824b71cda6a70d63a86fe0edf0685a8baf5c75,524,conservative_unmatched,0,0,0.5182978981999693,0.4801677229531139,0.0015343788469168306
M2,7788b10861e73289e28b8fbecdb74643ae51fd2135b9ae4865d7ae2a22141973,525,conservative_unmatched,2,1,0.006201368408799226,0.6790308045225093,0.314767827068691
M2,c79ed7e1c220976e51dd4332360fd4507729186d68877b8df22893d4867d9530,526,conservative_unmatched,1,1,0.013372324801038594,0.6869224632187102,0.29970521198025124
M2,a9da9db2467c1a5fe7257adb1987e930ea751470576c10c82f4397f3dd37b63f,527,conservative_unmatched,1,0,0.5107116348082237,0.4826779792402483,0.006610385951527947
M2,59e566c9593c67991a9806b91f08f73822a0101cbf3d442380b33413985e2c61,528,conservative_unmatched,0,0,0.5136422020575624,0.4827922289241399,0.003565569018297768
M2,85a02e1802e7b312ed957ee39e2bbfe0b4632dd2d25d3a8ce177b48d26ba1fc2,529,conservative_unmatched,1,1,0.07217908618696836,0.9205414189790779,0.007279494833953596
M2,302494caeb3ee0101f8f544443114bef1a41d67b3f2ce1366f69f9a3f31ce11c,530,conservative_unmatched,0,1,0.2285682100060151,0.769888196849652,0.0015435931443328295
M2,d26328550683e27aa4c4fe5be7e2d668c08dadae337ff364dbeb060fd5a931bd,531,conservative_unmatched,1,1,0.22129085574026672,0.7731648800017383,0.00554426425799504
M2,c67ea185339d2fb8c8312dc38cff21dc6b000f785be421eef88bbdcdf6c6b17a,532,conservative_unmatched,0,0,0.9279893420103704,0.06976966446581753,0.002240993523811885
M2,1c68670c6ff38a49598f90f6157ce8bac895df1254da553b54bf687cfa750f91,533,conservative_unmatched,2,2,0.009543613444941996,0.17445327840500616,0.816003108150052
M2,4f4759b87edf8e38b6b6c5dd3a52b7fd18a9f97b78b0b8933276755f4ad88080,534,conservative_unmatched,1,1,0.022148916791940955,0.9702475056133952,0.007603577594664141
M2,ff5ec594276eaf7458f2130bcf3e75b5d349c038b2b084453d15878aca86b077,535,conservative_unmatched,1,1,0.0705146676728835,0.9268219725769361,0.002663359750180228
M2,aeabe5f00bb9cc0af7000e3fafc88866155e65ab4d5da58274d0dee130a02388,536,conservative_unmatched,1,1,0.013372324801038594,0.6869224632187102,0.29970521198025124
M2,721efe630e75ad47ccaef650071f9859ae1b8779a8c95ecea3c05cada999c1f2,537,conservative_unmatched,1,1,0.010922304068123648,0.9474059123144668,0.041671783617409426
M2,d1ad465a150c1a7e96ab02a505ebb64e6d4a4d6ed85a8269d159aae2333f6aab,538,conservative_unmatched,1,1,0.07217908618696836,0.9205414189790779,0.007279494833953596
M2,33aa276ee8893c316e5b08f90d403be82db716c7a10ce7d0c6a91aa861061f55,539,conservative_unmatched,1,1,0.22101303371926428,0.7760413509056907,0.002945615375044626
M2,2de6307edc2b60e3648d6c261996c60ddb15ccc9f4069aee2e9ee4e9ca9dcaee,540,conservative_unmatched,1,1,0.0705146676728835,0.9268219725769361,0.002663359750180228
M2,e40a0fc10b44506213ca47e78c7d510fb7715425780e3f270f0a25a0b0fc9acd,541,conservative_unmatched,1,0,0.5017964475284593,0.485164134912973,0.013039417558567808
M2,d1958961f2d45dc817103b882041c89ee03cfc904630b276a8df79cc1bb77be4,542,conservative_unmatched,1,1,0.07138032801290345,0.9245202427420054,0.004099429245091122
M2,112e7b51e7d078dd62fe5bcec15f48660dbfc572df659aea50141c8a731a6877,543,conservative_unmatched,0,0,0.5136422020575624,0.4827922289241399,0.003565569018297768
M2,26b4822fa63df3b3e9c29f678473792ea52b5b587e2cab81296a5a914d19b8b3,544,conservative_unmatched,1,1,0.07009862356220184,0.9181133055403387,0.011788070897459512
M2,bb9a219543e713c160a8c0a5217ff0448abee776e104949e51d702515e4d91d8,545,conservative_unmatched,0,0,0.5149257779476573,0.4829182717449265,0.0021559503074162017
M2,60dac4fdcf327b961a62f11465381e422541c18c956cf5cf22c128d4b842b021,546,conservative_unmatched,2,2,0.01671336850428576,0.173444947838053,0.8098416836576612
M2,d98717d4a561c7ad6b0aa9c5e73ecccbfb6510d07c8f23d7934fec3f8fbcf474,547,conservative_unmatched,1,1,0.07138032801290345,0.9245202427420054,0.004099429245091122
M2,298396fbfdd8164ae18c277866976ca23849141cf1815c2bcec80e4ae07c61b7,548,conservative_unmatched,1,1,0.2181847931152702,0.7708891749454785,0.010926031939251334
M2,fb94ee8ea1e782bef0347d3f68c7a3b2779dd41a95c0aa9dfffc9da76f70ba9f,549,conservative_unmatched,2,2,0.0014223895721179496,0.0005110559574574906,0.9980665544704247
M2,e04e7d38a93aac3cae8930e1afcc919894b9a520fcb4dca988b331ff9b2900f1,550,conservative_unmatched,1,1,0.010922304068123648,0.9474059123144668,0.041671783617409426
M2,5b5485c49c314af261c3458801b8a573f2c1563a3c311c29143aab59d9d911ea,551,conservative_unmatched,1,1,0.013372324801038594,0.6869224632187102,0.29970521198025124
M2,7c393fcb8c6e7a0bd9c175f589c70e5aa04536220517e7b236f9e14bf21c6822,552,conservative_unmatched,1,0,0.5136422020575624,0.4827922289241399,0.003565569018297768
M2,05567423ae09c5925d6146877dafb322bf8ffcd07a7f3933256d62e795f81820,553,conservative_unmatched,1,1,0.07217908618696836,0.9205414189790779,0.007279494833953596
M2,f0a4ff0b2550559804aa110b3356616d37f08aea297e713738efde6a82a9c905,554,conservative_unmatched,1,1,0.07138032801290345,0.9245202427420054,0.004099429245091122
M2,acb36f95ba3fa4630d97646560eebd228e5df633a2b53197160afadbac82d3d7,555,conservative_unmatched,1,1,0.013372324801038594,0.6869224632187102,0.29970521198025124
M2,def918c1724a318819400b627c2284b9d77b244b87ba2494717c910e5c9c38bc,556,conservative_unmatched,1,1,0.22101303371926428,0.7760413509056907,0.002945615375044626
M2,dba044228ddb18bf24955ec6f54e2d9d259a453b9e3cc7ac001d1eb1b5c9b9ff,557,conservative_unmatched,1,0,0.5182978981999693,0.4801677229531139,0.0015343788469168306
M2,81797337a73820dc32b1a903022de6137363f685e79ff3d28361b746ffaed4d1,558,conservative_unmatched,1,1,0.014293310467656629,0.9361029017658887,0.04960378776645465
M2,f4d53f6572ae8b078ab81ba0147ca9577c4911fee5434fc10bcd3664f586de6f,559,conservative_unmatched,1,1,0.02085929165207432,0.9707161333278943,0.008424575020031327
M2,db842124e7a33dd5887c8d22a815b1649cda7401b683f5f9cc6c7a9dbd533a3e,560,conservative_unmatched,1,0,0.5107116348082237,0.4826779792402483,0.006610385951527947
M2,dfb22216dca7b15a73c5d13592b3a4d456865e6b14a914fc23a7440d2c793feb,561,conservative_unmatched,1,0,0.5107116348082237,0.4826779792402483,0.006610385951527947
M2,49adb4d4ef7cf9b7221faad79fd9c2cb259872644777044983365486723c67f4,562,conservative_unmatched,1,1,0.013979899579663287,0.9438590790421788,0.04216102137815795
M2,be89c78f29804f04841228bffef4532f286878a08b52cf8f4f17b15a9fa83364,563,conservative_unmatched,0,0,0.997706466854399,0.0008705288923495373,0.0014230042532515474
M2,1e575562ac1159a8405c09757fa2ecb84640a371604a760ff9c484986079044d,564,conservative_unmatched,1,0,0.5017964475284593,0.485164134912973,0.013039417558567808
M2,297cf77b86d2fe61e413421d7216874ab77f45748dff5f7a2531cdaab79a4050,565,conservative_unmatched,0,1,0.22129085574026672,0.7731648800017383,0.00554426425799504
M2,42782168745dc8505000dbae693962b78560d30e77d5c939cf351a8b1435ee0b,566,conservative_unmatched,0,0,0.9279893420103704,0.06976966446581753,0.002240993523811885
M2,6fd9a47fad5e93b780be9618fa002099728d3eff67212f1dfd621d4fe09e5eca,567,conservative_unmatched,0,0,0.9958992802379126,0.0018696698257605544,0.0022310499363269853
M2,c196a7c8ed3ca9e717d3bd3e95cdfe28d93e5d9cf747d077bb16d08a20a5e14a,568,conservative_unmatched,0,1,0.0823295409529802,0.9126857897519582,0.0049846692950615765
M2,6fb20bf325c96c92f7685718fe8ac085abc4d9ae3655bac14eeb57923a7ace8b,569,conservative_unmatched,0,0,0.7985440452963761,0.20019331794870227,0.0012626367549213894
M2,2f662e03b27bfb4526a71add2807e7200b7744865e734e627c558dbfcd716b5d,570,conservative_unmatched,0,0,0.7929193706933294,0.20579961591370455,0.0012810133929659021
M2,882cedeb9fc2ec46872ae63c3be3b86e9760a8947f6a1cb1a2e0b94eaefa5a4b,571,conservative_unmatched,0,0,0.5149257779476573,0.4829182717449265,0.0021559503074162017
M2,8083fab72781bef33f4c3f68371defad870524369b374017badac30ed6b5920b,572,conservative_unmatched,0,0,0.9868726293610434,0.012442543461122916,0.0006848271778337811
M2,83113f35b1ed6dcd55e689ac8670be1b8e9643d34559e493146083d8e5945dce,573,conservative_unmatched,1,0,0.5182978981999693,0.4801677229531139,0.0015343788469168306
M2,1aaef0af18b1a224fa7924b8a1453fb8b5547a6dea9cbd572550da4fdf495da9,574,conservative_unmatched,1,1,0.07130242163570247,0.926272385821622,0.002425192542675665
M2,7be80fb1e0b72f3463c8bb1765680e76d75477d56995fa3950c138b538110adc,575,conservative_unmatched,1,1,0.07138032801290345,0.9245202427420054,0.004099429245091122
M2,55dda6439343432382a3c5fcfd38503ba528580be87b0d35cdba66b9c9b827d2,576,conservative_matched,1,1,0.22101303371926428,0.7760413509056907,0.002945615375044626
M2,531f8aca33aab4bfc992087de862b25def4dea5b91bea6cc49aacbad07b45b7a,577,conservative_matched,1,0,0.5107116348082237,0.4826779792402483,0.006610385951527947
M2,4b55155083aea75c9650635eb846d1e7abeaa867e3c5c629e2c90461482485f1,578,conservative_matched,1,0,0.5149257779476573,0.4829182717449265,0.0021559503074162017
M2,cbff20bc53e43cdc376274e957b0ffc5d0e44adc151c80bdf4bbcae92be525c1,579,conservative_matched,0,1,0.22101303371926428,0.7760413509056907,0.002945615375044626
M2,05ccbabae43833184ec6c444793c4e8cacbda9996a75f0cd529a00fb88642dda,580,conservative_matched,1,0,0.5149257779476573,0.4829182717449265,0.0021559503074162017
M2,d083e107e8f39557b9da7bae2f268fd65ec49b913d65d226417086af94f9511c,581,conservative_unmatched,0,0,0.7924189099120251,0.20653828826204337,0.0010428018259315008
M2,77746b53c327b916c5ec4cc31ec639b45db4160f2d1135410449c6eaa0246f2e,582,conservative_unmatched,0,0,0.7924189099120251,0.20653828826204337,0.0010428018259315008
M2,27810cd10888196a27cced776fd1436adf51d1cae60009f0c7ef8058309b1000,583,conservative_unmatched,0,0,0.9742584847340506,0.024650655979669103,0.0010908592862801723
M2,6dcbeeb20de7ab3fb6be30cae5c029490f226a6c6e9839f8bb4882119aa94265,584,conservative_unmatched,1,1,0.07138032801290345,0.9245202427420054,0.004099429245091122
M2,344202bfae426b40571c614ea63322e5df0a08a9e6479a8ee7d45ead1a7607bf,585,conservative_unmatched,0,0,0.9282003112966531,0.07038004001510127,0.0014196486882454096
M2,4d38119ab66a25344f4d5e9cac08e7a79647052d37639e78099d0d83f405388c,586,conservative_unmatched,0,0,0.7940104451356166,0.2041394625846792,0.0018500922797043795
M2,815683c5eb3b782f1a2feeefe55a834447a90f6a62356c843d751e6ed6f7089f,587,conservative_unmatched,0,0,0.9732310171685931,0.025943107495663087,0.0008258753357437032
M2,f2467f3e3e1aa7ea454678b2f6366dcc05717a73be181ad40e267ca3f4a20eaf,588,conservative_unmatched,0,1,0.2225883413387273,0.7755690741395822,0.0018425845216906167
M2,e8163c001a265fe053d03db65ff85765ce01cdbe0255fccc0cdc667d3e54d98b,589,conservative_unmatched,1,1,0.2285682100060151,0.769888196849652,0.0015435931443328295
M2,4d13f0a81cacab75a84d737ab08cf1b5159479efc79f18190e8eff251f50d3a5,590,ambiguous_shared_key,0,0,0.7929193706933294,0.20579961591370455,0.0012810133929659021
M2,8d5547c0b5e44d69c28a4cead541c515bc82e8f18adfd972abf57b2824ce7a43,591,conservative_unmatched,1,1,0.010922304068123648,0.9474059123144668,0.041671783617409426
M2,43460a59a097e1443e8fbc9958de350337bb25f8ffffc2fc154630bccfe4cab4,592,conservative_unmatched,1,1,0.022148916791940955,0.9702475056133952,0.007603577594664141
M2,11f088393304daadcce4ef6f7aeb11030a552f71b38036237f26bfcd5781383c,593,conservative_unmatched,1,1,0.010922304068123648,0.9474059123144668,0.041671783617409426
M2,5cbc809b12bbee7f9264f64fb42ed13d33f0a6e6a36184a8abaaf767c2a5e4d8,594,conservative_unmatched,2,2,0.0015729942567084656,0.0007385637812499456,0.9976884419620416
M2,f1c806ba37d90be9bd2c5d433faae60be09e78bd25bdd026832fc63f5b765d18,595,conservative_unmatched,2,2,0.0018644971521659638,0.0033585045374625658,0.9947769983103716
M2,638b177ebfd03aac5f3afd7b87a4197f8724aebf6fb9331b5739e0ecf63e509b,596,conservative_unmatched,2,2,0.0014223895721179496,0.0005110559574574906,0.9980665544704247
M2,88141e1c7c290dd5013d1430599c08e066cf9b67d49c79ba4eed15b5368f8865,597,conservative_unmatched,0,0,0.997495043065214,0.0007412667298040943,0.0017636902049817907
M2,95e8238ccef68ad4f8150229d207753b7ab128e23d88ab78b7641a93e0bf0b7f,598,conservative_unmatched,1,1,0.07138032801290345,0.9245202427420054,0.004099429245091122
M2,62984b6078e75a305726c858e36e398e1c744cb748f515a9cfe0fc9d54a69c63,599,conservative_unmatched,1,1,0.010922304068123648,0.9474059123144668,0.041671783617409426
M2,28acd3c3d384d8b12fc6beb8a099937473fcf151408bd2085df22511ad2be313,600,conservative_unmatched,1,1,0.010922304068123648,0.9474059123144668,0.041671783617409426
M2,822a295f2c49ded241a54272d201a97fb3dc1b2409068f0e353f918e741a9ae8,601,conservative_unmatched,1,0,0.7940104451356166,0.2041394625846792,0.0018500922797043795
M2,4a8567b621350cc729465a20bc85964673deb69044ecf71e3b59a4220f804585,602,conservative_unmatched,1,1,0.022148916791940955,0.9702475056133952,0.007603577594664141
M2,e452e684933e73c5030cb56fab663ab3633a1033ce3f9525ca49c259cb1ed4b7,603,conservative_unmatched,0,0,0.9968793603292658,0.0013751210923213701,0.0017455185784128531
M2,ac5e5e4d7d88c4fc6bed3d9c971328c75ec9aeedf9f5e57eeb490d0e05eb0235,604,conservative_unmatched,1,1,0.22101303371926428,0.7760413509056907,0.002945615375044626
M2,e76d30071132859aee98d30842d0336ad4f55ec000ceee702f40c262f5d29fe4,605,conservative_unmatched,0,0,0.9968793603292658,0.0013751210923213701,0.0017455185784128531
M2,fecb7614f4f605bdc5a580d71a1b278aede770767de1712824a679c6ef5d62c5,606,conservative_unmatched,2,2,0.0015729942567084656,0.0007385637812499456,0.9976884419620416
M2,0c62dd9eba4e97411d8065ea4a297154674fd8225c2e5435c85f3e545314f202,607,conservative_unmatched,1,1,0.07217908618696836,0.9205414189790779,0.007279494833953596
M2,b08cc7b11c2239e58759422b6bf5a2d08f13ee0ebbe8cc8c7d36f98a1fed1f20,608,conservative_unmatched,1,1,0.2225883413387273,0.7755690741395822,0.0018425845216906167
M2,2ca5957ec014c711ba4a9356fa48dce7c2814b7c34ce6430ed68fa5e83b052e6,609,conservative_unmatched,1,1,0.07217908618696836,0.9205414189790779,0.007279494833953596
M2,71388cc5368946416cbcddee50e2af8f0a6a2794c83dcda516b9f0463aa6ad3a,610,conservative_unmatched,0,0,0.9977281613688588,0.0007689194189094653,0.0015029192122317941
M2,01da3e159b6ce80ac8e0f280d001e0b1feae934b7f87e69e52a68f6f40f1631b,611,conservative_unmatched,2,1,0.00834553277080793,0.6877708004771201,0.303883666752072
M2,cbabb7d95eace71c3efce48e034e79054df0c1930a226772f3ea9a3f42eb2cad,612,conservative_matched,1,1,0.07138032801290345,0.9245202427420054,0.004099429245091122
M2,2d1b2dad312d67abe149344cc5753c2181558ff169882e194058c0eea17a64f6,613,conservative_matched,1,1,0.22129085574026672,0.7731648800017383,0.00554426425799504
M2,0bc52b5e19aa1667f7fbc7756b07899f366c304e861f02d85e0aef1f64de3cbe,614,conservative_matched,1,1,0.02085929165207432,0.9707161333278943,0.008424575020031327
M2,457bc623d54c8df675fda66a9a5a159bb6259cf81fdd5a312ea24da7116effd3,615,conservative_matched,2,1,0.006201368408799226,0.6790308045225093,0.314767827068691
M2,fb2e62e9e165d1b9fc47a6787af9d64df4a4b63f931a035289966a672894fdfe,616,conservative_matched,1,1,0.007557276903439628,0.9504793069189135,0.041963416177646755
M2,72d66c7979e51d234b4f5c7cb46e06e165d847b6d88d705eae864ec291dd7fd2,617,conservative_matched,2,2,0.002353448603504407,0.005689072099558619,0.9919574792969368
M2,864a47eb9df8de430cc753dc49cfb0c61bbddcd7e39861184b1c6ac25ac9961b,618,conservative_unmatched,2,2,0.004559831829479345,0.17430293871541774,0.8211372294551033
M2,352f35ab026498342b42592c28f2e2be9498c17dfa667c80faea045076e8af7f,619,conservative_matched,1,1,0.0191035683784497,0.9728258052576524,0.008070626363897776
M2,56d3d8cfe1ee66937b1b304de962e50840fc5df249cec9cc9f427db1842d8971,620,conservative_matched,2,1,0.006201368408799226,0.6790308045225093,0.314767827068691
M2,3f51ef1cc86ab991c28a55516800a2b6b5ef37565f358b017c65fa7577187dfa,621,conservative_matched,1,1,0.008514545224378818,0.9505381490731001,0.0409473057025212
M2,dd38559e4db1b62eb9ee7721afb2fa8ba6d0e620b0ca68c3466a2b552c86f887,622,conservative_matched,0,1,0.2225883413387273,0.7755690741395822,0.0018425845216906167
M2,5bfc17c84629c446ef515aaeaab83b0c8b4ad7591746f50c3f337e0eef4bd5ce,623,conservative_matched,2,2,0.004137080858733889,0.020983697099630636,0.9748792220416354
M2,a288de67ba6e534c619fb61e1a8643504542cbb8d7cfc5f5b4a96fa78e5ef948,624,conservative_matched,0,0,0.7940104451356166,0.2041394625846792,0.0018500922797043795
M2,f21c6f9076039176e5eb15df163162d58f098a9ae11653ad81acafabb9c36e7c,625,conservative_matched,1,1,0.22129085574026672,0.7731648800017383,0.00554426425799504
M2,791278aa8844499b0a60f95a26795155a5f9545a142a562dca7b40238639b234,626,conservative_matched,0,0,0.989464245486871,0.009816974457476212,0.0007187800556527573
M2,f73037bf5bb7948b4d6c45d2a9d27260dd1e3d46d4cda2bb4658f1b9abe5c35c,627,conservative_matched,1,1,0.22101303371926428,0.7760413509056907,0.002945615375044626
M2,9dfe951a72432d669852444c668c15b73a677afe22aab4dd3febadf96aea1bbc,628,conservative_matched,1,1,0.07138032801290345,0.9245202427420054,0.004099429245091122
M2,ef3b33bfd33c9a8d675e8c1562f5c2d503094b1f1887af3be3c1e16e100d9af4,629,conservative_matched,0,0,0.7929193706933294,0.20579961591370455,0.0012810133929659021
M2,ba39525bb89a78df7e0bc9a040dd9c4c00f64baba2719bf9fb4a4bf7aa3dcffa,630,conservative_matched,2,2,0.002560232233508723,0.0023655751506381573,0.9950741926158533
M2,ca60a0d1bd9510735b9a2c5edb1ab0a7eb2dd31d96b642bce093e7ba08286f2c,631,conservative_matched,1,1,0.07138032801290345,0.9245202427420054,0.004099429245091122
M2,0b62dbcc4ebac3c7caeb54877d5a7729939755248ef62d510998e9e0fbed957f,632,conservative_unmatched,0,0,0.7929193706933294,0.20579961591370455,0.0012810133929659021
M2,52a96206cbacbf10f2bc11340bd5210d489f276f3d08ac28be80c19d2cf1da08,633,conservative_matched,1,1,0.013372324801038594,0.6869224632187102,0.29970521198025124
M2,2fe1c3d95e43dc7878c7ba2874a7cb62e7829661ff3655b02f110fd5bf516184,634,conservative_matched,2,2,0.0031827735810396173,0.022554806337636093,0.9742624200813242
M2,61b0a6498279a260ce8cabb4d4114bb5cda03e71c6f6954d7b766ee8a31b2746,635,conservative_matched,0,0,0.5149257779476573,0.4829182717449265,0.0021559503074162017
M2,9601c9dd198c4a6dc5124d4d420e2ff339734b9a9e1079da056b3412d663b347,636,conservative_matched,2,2,0.0014223895721179496,0.0005110559574574906,0.9980665544704247
M2,29fce523320e3983ff6849f6c475a158aa2fe75ebd2e9c644855bcd863b27cc7,637,conservative_matched,0,0,0.926527302683935,0.07244824087595203,0.0010244564401131727
M2,6f3f6818c91a4e4ac44cd061158f5c34bee1b5baac40fd4e469a3ed20476104a,638,conservative_matched,2,2,0.009543613444941996,0.17445327840500616,0.816003108150052
M2,1f54ce13a7724f8e43df533f143951e361144f772d6d5ce76fe8e5fc8c77364c,639,conservative_matched,0,0,0.794057936779854,0.20491192951432868,0.0010301337058173585
M2,c69567d2d69504dcc3e49e555057fd7d89a52635db8622cab985007a194e53ea,640,conservative_matched,0,0,0.926527302683935,0.07244824087595203,0.0010244564401131727
M2,4ec623fdc95e46d2eebb4a617716702a53c1664c18b6850a31a71541fbaf8d81,641,conservative_matched,2,2,0.003705742541483162,0.0021761496269561806,0.9941181078315606
M2,a35adafe1567244423f4e723b5361fdfc62fb0c766c9685554fa976277ee04ba,642,conservative_unmatched,1,0,0.5267325800524983,0.47191310933085895,0.001354310616642541
M2,7ccf5e3af45d32c2b891424dd669788c94857f3adff5795a33e4b30a42f41db3,643,conservative_matched,1,0,0.5182978981999693,0.4801677229531139,0.0015343788469168306
M2,f348edbafe367b5ca9552438520be0642620dd2e2fa1312d7bf2b74940eb9780,644,conservative_matched,1,1,0.07138032801290345,0.9245202427420054,0.004099429245091122
M2,f2d3074dfbaef344aa4981cbffee6d788ff0def980a874cc42e1dd4df85a9726,645,conservative_matched,2,2,0.006140291499876678,0.17480887013660829,0.819050838363515
M2,360878e8a6171b73196b1189a0e33d9b6733e9ad741d46f90bee01573fbef0dc,646,ambiguous_shared_key,0,1,0.022148916791940955,0.9702475056133952,0.007603577594664141
M2,674130e6bbe693f70e17ce995304b93967bd09052c13f383b45753334d551bc7,647,conservative_matched,1,1,0.22129085574026672,0.7731648800017383,0.00554426425799504
M2,1f87f903f6991bf3f713838f4ac2d9b2d167b93ad3fc82cd0bb8919543bca220,648,conservative_matched,1,1,0.07138032801290345,0.9245202427420054,0.004099429245091122
N0,9da00394a8e5d8f9ea66036a6a89912efa355fd9ba96bfa4c528435b8bef9db1,0,conservative_matched,1,0,0.7479357123374939,0.2507203996181488,0.001343851895148873
N0,2032c66fadcb9fb24653402444d869a8a23e06dd7c522221ee5e19db135147dd,1,conservative_matched,1,1,0.23606296479701996,0.7502254247665405,0.013711599929956719
N0,366f43b68b77ee5d9d4d649052f097811eedbdf9b66e66e3d3a40f469b388044,2,conservative_matched,1,1,0.02472658846527338,0.8699458718299866,0.10532752797007561
N0,f827075494ff9d262d45598bb3a1701eb955b99abca1ab6af3b2e2331aff4808,3,conservative_matched,1,1,0.006686327233910561,0.5954458475112915,0.39786781668663024
N0,f816923b16d6506fc091cfe92e86e1139e2f0b3e58c593461da93f6ca5c45a5b,4,conservative_matched,1,1,0.03626712393015623,0.8863484501838684,0.07738439626991749
N0,5fafc4bdf7193aef5fb9fb71d655df200121838704e28ac2fa6588954ee3e27a,5,conservative_matched,1,1,0.04035859704017639,0.9000809550285339,0.05956046879291534
N0,9a87b2493917ab4a2e2a0087e5caf12c4b02676cfdfef54992ed8ca5ca77f88f,6,conservative_matched,1,1,0.028858732618391513,0.8905423879623413,0.08059885911643505
N0,d9baf8f9d90857c2e8aa4260b7eaf6c386460681228c2bee02a6b55597a43b69,7,conservative_matched,1,1,0.0551947295665741,0.8880799412727356,0.05672537330538034
N0,6b0a215f6bd63db235793c4ada62b4853f51f8a279def3710a3687fc319d4da4,8,conservative_matched,2,2,0.0013343883503694088,0.24979589879512787,0.7488697171211243
N0,8726e7c2817fb8c8315b2db10843e3074a260645fbf1fccfd23450a6dfadb425,9,conservative_matched,1,1,0.04035859704017639,0.9000809550285339,0.05956046879291534
N0,8b3e47f5ebce0eb3eab15109aa814094f34c092ee88c49f965a0c31f02e89665,10,conservative_matched,1,1,0.006686327233910561,0.5954458475112915,0.39786781668663024
N0,a6252e1f0313cc82adc4651b4f4ced232435f7dff2e029302acc772e52fa2efc,11,conservative_matched,1,1,0.09070746377110481,0.8774905920028686,0.03180191433057189
N0,51bfbad6d53b93a899767c78e04aedd5268a69726ca0fa60eebb8995190d4982,12,conservative_matched,1,1,0.02472658846527338,0.8699458718299866,0.10532752797007561
N0,1fa27a62ee1b2d2ba6c92d8546a424dd3509710635f8a2c2568cc88597bb86fe,13,conservative_matched,1,1,0.04035859704017639,0.9000809550285339,0.05956046879291534
N0,14caadb35d5c89647b912b53c06bdcea5896a8299a9358c8bd67f727a3feec4c,14,conservative_matched,2,1,0.006686327233910561,0.5954458475112915,0.39786781668663024
N0,0817d574402933c00d82a89b1851b0d40647a8234618ab6b293d902531e9fea3,15,conservative_matched,2,2,0.0007754677051707403,0.14890141636133195,0.8503231406211853
N0,3ebf8a2cebdec533bb2f688970be04e9d39292494e756baaecc985483868e197,16,conservative_matched,1,1,0.017656061332672834,0.8395070672035218,0.1428368676453829
N0,df5f1e6242f05e2e7995e736400586f8d34bd840e6cc2238daba43556f312bf7,17,conservative_matched,1,1,0.009559290576726198,0.6825746417045593,0.3078660756349564
N0,563f081ac98d1f31498a91b83ae8a2be907cfab0de2d472d199474e4e5eb8c6a,18,conservative_matched,0,0,0.7246285080909729,0.2724715620279312,0.0028999230208910376
N0,5cba6871fec089b5dc9bcf045ba6e02ea473d055005f13d552c94fdac6686fe5,19,conservative_matched,1,1,0.04035859704017639,0.9000809550285339,0.05956046879291534
N0,716a01bc74c08fe1ad70772ed77afa2bc34025fce7092dab0813200de8da2e99,20,conservative_matched,1,1,0.02472658846527338,0.8699458718299866,0.10532752797007561
N0,7df5d7c65a174992687578a093dd207e1ca89156b6eb9caf2dc28c6a498c4c69,21,conservative_matched,1,1,0.05916938818991184,0.8970484375953675,0.043782226741313934
N0,0fdca47962352eadea2e4637769c1d9eb007bd0634379ff90463a8a2c57c1789,22,conservative_matched,1,1,0.02472658846527338,0.8699458718299866,0.10532752797007561
N0,e61c91569c6de30c3d7a1a050539ef58a6e6b2819fedd91cf751aa0b3b5dc43c,23,conservative_matched,1,1,0.2622488707304001,0.7248415112495422,0.012909601321007358
N0,1d7362cb11b923770fcf1b9a9f01b7fa4ac11819920853a5a2909ecc1bcf6867,24,conservative_matched,1,1,0.15542720407247543,0.8246942281723022,0.019878610543673857
N0,3d0d1c44ebc74d642e0c609d5dd4b5cfb467ae332a035c679b0c27cdd1ec168f,25,conservative_matched,1,1,0.15542720407247543,0.8246942281723022,0.019878610543673857
N0,f791c4eed66654e399b28a4c327d7b32842e48bc7cb42c5ddf0334cb435a54fe,26,conservative_matched,1,1,0.05916938818991184,0.8970484375953675,0.043782226741313934
N0,c346e57479e178e7b054371aa9a5f68b51e42c0e4a895346230cc32926dff8fe,27,conservative_matched,1,1,0.09888440668582917,0.8732455372810364,0.027870042342692615
N0,3abda39dd64284c601a97a2fbab4b8034dd42e259e9b097ab0138698fe51f5fb,28,conservative_matched,1,1,0.04035859704017639,0.9000809550285339,0.05956046879291534
N0,4f83a42c27ea668697977110e8f196526ef09e0479182cf78470ad75e79419c6,29,conservative_matched,1,1,0.06685952432453632,0.8949763655662537,0.03816411000443622
N0,6623d48d7b4f14736e86dddd3ea44cbf28743d1a0fa21fd0bc2badc498627870,30,conservative_matched,1,1,0.15542720407247543,0.8246942281723022,0.019878610543673857
N0,adeb2a11168a375acac8a5ba7b0b12f61ea068f42dc92905098e6e9cc109f6bd,31,conservative_matched,2,2,0.001519795460626483,0.28738030791282654,0.7110999226570129
N0,7daa9011bd495f51a4514b37670bcdea719bbc30097f1653406dba4a8e98c046,32,conservative_matched,2,1,0.009559290576726198,0.6825746417045593,0.3078660756349564
N0,088e125061899aeb843e08b444d414177713a8aeb3850db4477647a05e97b064,33,conservative_matched,1,1,0.028858732618391513,0.8905423879623413,0.08059885911643505
N0,754d80adc397c4fc9bec4ce162ed868fbaba4b8aa3ab35766de0fb6def2f0ceb,34,conservative_matched,1,1,0.04035859704017639,0.9000809550285339,0.05956046879291534
N0,eeed46e477e7a7086b3dd17a4ffa4e4e996e9f005a71a8b1bbaf81c10d4d046e,35,conservative_matched,1,1,0.09888440668582917,0.8732455372810364,0.027870042342692615
N0,ff103515b8dd75894b97d53c0362207acd3e41b19365124568cce40e99ab29d0,36,conservative_matched,1,1,0.006686327233910561,0.5954458475112915,0.39786781668663024
N0,84eb0f805fcb924ea581aaeed6c1024f9b78a793c930404ba039a4ceae8ccc01,37,conservative_matched,1,1,0.017656061332672834,0.8395070672035218,0.1428368676453829
N0,da11b9a824ea17d36ef8425abb47a68b80631b00f26d5fcb34bc902ab7e564d7,38,conservative_matched,1,1,0.05916938818991184,0.8970484375953675,0.043782226741313934
N0,a3aa9205c2dd6e6da3e018643f3c57b94d1f7d8f031190e1e8fe1aeb4473edbd,39,conservative_matched,1,1,0.013210837170481682,0.7947015762329102,0.19208760634064675
N0,6c1ff6b4722162e99085258b374ec75e9c250758b590e5d0c7e5e90d433283f1,40,conservative_matched,1,1,0.09888440668582917,0.8732455372810364,0.027870042342692615
N0,f9808139012c8b222496cdbc2c5823f5a200c1ca0c9a76838b16271cb6491b49,41,conservative_matched,1,1,0.15542720407247543,0.8246942281723022,0.019878610543673857
N0,0f3b55ce37cdca89a1c78fcec7a77751d9794f7cb1235804469a7daf9e63de4f,42,conservative_matched,2,2,0.0024221307889092714,0.35592061281204224,0.6416572570800781
N0,0400acddec5641be9ed3da2cb98d514d062d4b150affe3dc22c7d5c88070c742,43,conservative_matched,1,1,0.3725732803344727,0.6189323782920837,0.00849436837452231
N0,3679ea32f8b94b8ce3d1242fef2d6073a0bdb60fe26b258e51162049223ac77d,44,conservative_matched,1,1,0.15542720407247543,0.8246942281723022,0.019878610543673857
N0,b65ef40f602471b10735bf76d635b6e867318fbd3b2d79eb292d182ebc52fee1,45,conservative_matched,1,1,0.15542720407247543,0.8246942281723022,0.019878610543673857
N0,a20449c0fa9b781f95175c7906471527630e66fdd4d57f1ce262975af3ce8991,46,conservative_matched,1,1,0.028858732618391513,0.8905423879623413,0.08059885911643505
N0,c79001dea4273719bcd01dbbfb7dc9181dda44a45e219cf7245f67640b98740a,47,conservative_matched,2,2,0.0007754677051707403,0.14890141636133195,0.8503231406211853
N0,3b51ad679e8b0ce6b2fafb421a74825a2de42f8e1aed05cbd3a81335a2923228,48,conservative_matched,1,1,0.05916938818991184,0.8970484375953675,0.043782226741313934
N0,f5162c4d57e22476a2fd86a4b724fe8da727100a27f30d4fe72a9c346f5c001c,49,conservative_matched,1,1,0.028858732618391513,0.8905423879623413,0.08059885911643505
N0,342f55c319e97bc4ebb3ea65c99cec118d9ebb0b9c1dc8c76eda38916bbb6efe,50,conservative_matched,1,1,0.013210837170481682,0.7947015762329102,0.19208760634064675
N0,30dc43bca87dffff763ecab81971977dd0e0eb2ebbba3e56ea466f30648308d6,51,conservative_matched,2,2,0.0035885880643036216,0.4265686392784119,0.5698427736759186
N0,1a9c93c0298921e6e0f103921ca7dba43c8472b77c47cdfe345bc83365ea4636,52,conservative_matched,0,1,0.4112080752849579,0.5804300487041474,0.008361880031043257
N0,08f641e003d30bb34ea70c8a98e54462e23555149b596c1f323b1ca3443795eb,53,conservative_matched,1,1,0.028858732618391513,0.8905423879623413,0.08059885911643505
N0,bdb3e3243f4945237482dc791db610d13e33bde5b6d72369ed200729dddc360a,54,conservative_matched,1,1,0.028858732618391513,0.8905423879623413,0.08059885911643505
N0,825309a30632ca1e2936b124a778f11cb92b02606b370f89d13bef151f047eef,55,conservative_matched,1,1,0.02472658846527338,0.8699458718299866,0.10532752797007561
N0,c81837f79017967e7355fc593b81070347505e7400d9bdfc85ffc152e7f91067,56,conservative_matched,2,1,0.004830648808274418,0.5063552677631378,0.48881407976150515
N0,fd5b4c1d3d861f5a2629640b96c79ba38eb9d1ff76552d929679d3dad440b73f,57,conservative_matched,2,2,0.001519795460626483,0.28738030791282654,0.7110999226570129
N0,5a01e160eddd0bfbc539ba4edb21a863e238a235071b2454983b79461d8e4206,58,conservative_matched,1,1,0.013210837170481682,0.7947015762329102,0.19208760634064675
N0,7b13c3dcfc57858b28512dd82b80f9bbc5a38d53ab17609e29661191744e409e,59,conservative_matched,2,2,0.0011282959138043224,0.2403920114040375,0.7584796786308289
N0,fc23ab826a2440d11ef69d2086a1f61b6275743360356da43151abc46afe903f,60,conservative_matched,2,2,0.0008174177259206772,0.1714916929602623,0.8276908874511719
N0,cb2b4d4111dfd94cb699ad65f248b0bfb4f2ebfda4969f24c0672a4eea784aea,61,conservative_matched,2,1,0.2622488707304001,0.7248415112495422,0.012909601321007358
N0,adf16fc552a8d1b40b4ec42e52c444ad8d840e40483acd8054933050b6375e7f,62,conservative_matched,1,1,0.017656061332672834,0.8395070672035218,0.1428368676453829
N0,461e4acae5091b1364fab0f058f3a5296ed75a394000f65a696e528c54bf6001,63,conservative_matched,1,1,0.013210837170481682,0.7947015762329102,0.19208760634064675
N0,2d4a4db57d75d8a7e2d6e56965c925963d33c569c1e24c31a63fb124021beebc,64,conservative_matched,1,1,0.028858732618391513,0.8905423879623413,0.08059885911643505
N0,717139bec7d6697c010ef70919581b03d427ed7b732fe74877da3c2869a2549a,65,conservative_matched,2,2,0.0011282959138043224,0.2403920114040375,0.7584796786308289
N0,eb0ffac90c1fe5ccf1060219e349ca7d29540eb3e630465aa9b969a38900d539,66,conservative_matched,1,1,0.05916938818991184,0.8970484375953675,0.043782226741313934
N0,e87f2023e1a92b852755b7851d3150e9d19886692316d048409e5eaceb11dd5c,67,conservative_matched,1,1,0.4112080752849579,0.5804300487041474,0.008361880031043257
N0,410500105c3281445a1b6e50757dc923dff389861aa9993c0b740a1545b5b228,68,conservative_matched,1,1,0.17509203553199768,0.8062023520469666,0.018705592860351318
N0,c27b44d54803697af82881ea82d46e3561cbf37bdea8eb62c2df4af1f57d6fac,69,conservative_matched,2,2,0.001519795460626483,0.28738030791282654,0.7110999226570129
N0,ae7b53521c5f68c35a765aa5d26aa9bfb6604a6b2115fb3b85bc571e44290618,70,conservative_matched,1,1,0.04733734242618084,0.9010694742202758,0.05159315050113946
N0,c95ca8f4fa098b2e8efa4e74297b6a837b1cad117a7c74f757cfb6e899300c9b,71,conservative_matched,1,1,0.2967123597860336,0.6905800938606262,0.012707544388649693
N0,43ef9061e180219186ef1d51bc3c069a634f7f7a0078c5e6a8e339fe1bf5c10d,72,conservative_matched,1,1,0.04733734242618084,0.9010694742202758,0.05159315050113946
N0,77472ffabdf2ba610830e2dba876659a629d3dc9bf1c6a3fe5b3fd11e1a7b01b,73,conservative_matched,1,1,0.017656061332672834,0.8395070672035218,0.1428368676453829
N0,6eb8f51f02885e1c53aae062c9d8bab63dd1f60f90936f3349e37283882a4e93,74,conservative_matched,1,1,0.09888440668582917,0.8732455372810364,0.027870042342692615
N0,8e1cfba12ecae9c7fe55971bfee9792fcbabb9508905435e85fb5be079f00c2e,75,conservative_matched,1,1,0.09888440668582917,0.8732455372810364,0.027870042342692615
N0,661a678ac0beaf6c8e05288f361e0ec2e0cbe5cd6eeac862ecacedbc032c4cd3,76,conservative_matched,1,1,0.06685952432453632,0.8949763655662537,0.03816411000443622
N0,12e99bde80179014843362cb5bcb78e39e741147045460921df42487eadf8cef,77,conservative_matched,1,1,0.017656061332672834,0.8395070672035218,0.1428368676453829
N0,f6f85707110f73a6681ed41afcb48bbfe37fc724bb0552b9d4cf0fe7426ae0d2,78,ambiguous_shared_key,1,0,0.529614782333374,0.4651494562625885,0.00523577727144584
N0,fffdee90b6ab369ed3b441fc0d5835dec1e0da61263172332ba409239a1b6065,79,conservative_matched,1,1,0.06685952432453632,0.8949763655662537,0.03816411000443622
N0,81b09fc0aa959d8efcc70c33f155000a7f01a30bf542cb50cd16d5ceb5203c4f,80,conservative_matched,1,1,0.09888440668582917,0.8732455372810364,0.027870042342692615
N0,c3aa2339fdff357a10a7d1d16826e1158de5efda7de8df9d86f076ca2646b95d,81,conservative_matched,0,1,0.4112080752849579,0.5804300487041474,0.008361880031043257
N0,10de938d451cc9cfe6d0ead0b6a8f760560120b56b7ed89b2dc4f651e5451669,82,conservative_matched,1,1,0.06685952432453632,0.8949763655662537,0.03816411000443622
N0,a39c3e2842a98f8ce8ef89b6eecb15c7e97b2bba8dd4fce046e6f457f63b132f,83,conservative_matched,1,1,0.028858732618391513,0.8905423879623413,0.08059885911643505
N0,04775e820b5829ba9b9a17482a4af9625350a3a9c39213f678c4a17f3f1c7b72,84,conservative_matched,1,1,0.028858732618391513,0.8905423879623413,0.08059885911643505
N0,dd582bddc1aca5d5bb7c320bb57fbf5870022badac32ea6378863b35a16c8ee0,85,conservative_matched,1,1,0.06685952432453632,0.8949763655662537,0.03816411000443622
N0,b64a99906f7914e194b7e5bda1235e3fffa359bf7c1667dd42b4268f16478434,86,conservative_matched,1,1,0.04733734242618084,0.9010694742202758,0.05159315050113946
N0,93f04a3c609794b4d53b3b5d2ffcfda0a1358e9ed321e072e10f1c4d0a40b4aa,87,conservative_matched,2,2,0.001519795460626483,0.28738030791282654,0.7110999226570129
N0,f71c1967da2534ea41551a7d2611bd192dc4205226657d845b33cb958d52e12f,88,conservative_matched,1,1,0.11395608335733413,0.859909200668335,0.026134749539778568
N0,d1873f2c273d9fff1d54fa797703976f13a01d3298453e10d99cb401551d4999,89,conservative_matched,1,0,0.529614782333374,0.4651494562625885,0.00523577727144584
N0,7e9752299515d5ecf7f759b6eae0d65703a71dea906d252e95aab67537ddb71f,90,conservative_matched,1,1,0.23606296479701996,0.7502254247665405,0.013711599929956719
N0,55134d6b9833e0dd6d9893c0d987db36b88926cc2663da7803c8d21064433f00,91,conservative_matched,1,1,0.013210837170481682,0.7947015762329102,0.19208760634064675
N0,976ddafb2f8abe1ac4c19be98626949c2548ab5eaf452fae24dce90c4de7b8c9,92,conservative_matched,1,1,0.02472658846527338,0.8699458718299866,0.10532752797007561
N0,5be7ba94e5d3acd4388614300b6ad48a44492e847b6d0e39fccd27e6cf9ae5f5,93,conservative_matched,1,1,0.009559290576726198,0.6825746417045593,0.3078660756349564
N0,7dbcdf95b6256c0f7b1dd6a3cc8fc9f0657b3eda2c88287ea432e7e932ba8d14,94,conservative_matched,1,1,0.05916938818991184,0.8970484375953675,0.043782226741313934
N0,4c96ee395ae6b58dd1fc56a4feecd55f450b02849ef0476aa8095841292de3e1,95,conservative_matched,1,1,0.017656061332672834,0.8395070672035218,0.1428368676453829
N0,5029e2776e7b9b5d2af015958cd517fb756f6d8b9853790513dc82715be726fd,96,conservative_matched,1,1,0.23606296479701996,0.7502254247665405,0.013711599929956719
N0,2cedf816172020544d1c56529191607083a424ddd9627983acb2537e9c73f8cf,97,conservative_matched,1,1,0.028858732618391513,0.8905423879623413,0.08059885911643505
N0,a1e98e417eed1e1a141a0b30b714a23f0dc568239616354e4a175bf8ea08a28c,98,conservative_matched,1,1,0.02472658846527338,0.8699458718299866,0.10532752797007561
N0,fed2454f61d42dd8f9f5651403e7c8aba82a77d8e645d8bf125f75e7c4c73861,99,conservative_matched,1,1,0.02472658846527338,0.8699458718299866,0.10532752797007561
N0,8265981c42a1d2d7ece956a8e83fc2766c03bd9b677b5188edf9e65cae717f0f,100,conservative_matched,0,0,0.529614782333374,0.4651494562625885,0.00523577727144584
N0,4b4303e1d9cff307886f30665c8e6fb57047e2e8f3cc39e2126b16700e3bf126,101,conservative_matched,2,2,0.0010159822035348044,0.20784302949905395,0.7911409735679626
N0,9ba998c5d87d08fc3d40b1b83a650245d89a368abad6136f452df88cc96ddce1,102,conservative_matched,1,1,0.02472658846527338,0.8699458718299866,0.10532752797007561
N0,a5d49a55806e6aac09daa9f48f214a4bb4d26dc6b501261c0ba01041d3d2f9d9,103,conservative_matched,1,1,0.17509203553199768,0.8062023520469666,0.018705592860351318
N0,eb359b8ed9a4e0197c1d1ab325e0047ecbec907011dd47ad227dce8c761f9a7b,104,conservative_matched,2,2,0.0010159822035348044,0.20784302949905395,0.7911409735679626
N0,3039b67e191cb12f942b21e621f38cb832b6a2d5e570cd00e2a2205f9831c0a6,105,conservative_matched,1,1,0.2622488707304001,0.7248415112495422,0.012909601321007358
N0,4f65f4ecb5dec7a9bcbad3145918aab9b07f8a407f8e8a2091429b181b95ce71,106,conservative_matched,1,1,0.2622488707304001,0.7248415112495422,0.012909601321007358
N0,4b7e7cbc654f5e60c12ab432b3144305090c199d58af8071af7e5a16619e6aca,107,ambiguous_shared_key,1,1,0.009559290576726198,0.6825746417045593,0.3078660756349564
N0,ffd718c11411f17305eebe2c3fd8eae0b394e9127366a0ffb1165fbe02224135,108,conservative_matched,1,1,0.11395608335733413,0.859909200668335,0.026134749539778568
N0,68ce95a11652b3b237dabe6ae00998c9c7adce1ee390c47fadd3e8540130de0f,109,conservative_matched,1,2,0.001519795460626483,0.28738030791282654,0.7110999226570129
N0,3797dbb2b0b7a08e83dbec5409c694efa671c4e46af761858844278f1dc385d8,110,conservative_matched,1,1,0.009559290576726198,0.6825746417045593,0.3078660756349564
N0,686e797782deb880befa085462a001874deb90f59e8bd4f579869b6b3cc30dda,111,conservative_matched,1,1,0.09888440668582917,0.8732455372810364,0.027870042342692615
N0,ff7ddca54e1e9620918ba02dbfe35985a655c87ef1a72ab4ba4d13faa4ead2b0,112,conservative_matched,1,1,0.4735914170742035,0.5210007131099701,0.005407856182318938
N0,f56c2b2dd4b088427127b4d3efd30492502e057dc35df92f37e390e9ff866182,113,conservative_matched,2,2,0.0006654133705524146,0.12287551611661911,0.8764590620994568
N0,1cef8f807fdca35bb7855250f58e049e267f113b93c430f11985366f1fcfd9d7,114,conservative_matched,1,1,0.4112080752849579,0.5804300487041474,0.008361880031043257
N0,704d8396ce08b551fa6dd721337adce6afb2503715135f734bd2c0722ce528d3,115,ambiguous_shared_key,1,2,0.0035885880643036216,0.4265686392784119,0.5698427736759186
N0,0ea019d83f26df83e9b4d8ca38756d7365d28364686c182cd874a5234050812b,116,conservative_matched,2,2,0.0011282959138043224,0.2403920114040375,0.7584796786308289
N0,8df88942cba699e578f85da548ac43c04023d6e3124e0d909bedcf225ee6ce88,117,conservative_matched,2,1,0.006686327233910561,0.5954458475112915,0.39786781668663024
N0,30f9b13a03f303748526a158e8940797fe5e5c600fce68be3e50b0840a4368e9,118,conservative_matched,1,1,0.06685952432453632,0.8949763655662537,0.03816411000443622
N0,c9610bea3409798e091290f260c60e5b4d3f0a84a43555989287b37d07ebf51b,119,conservative_matched,1,1,0.013210837170481682,0.7947015762329102,0.19208760634064675
N0,e27b2368d103c92aa6d3db8b15bcb6a45f02a1799208f1d626eea765d93b4f20,120,conservative_matched,1,1,0.006686327233910561,0.5954458475112915,0.39786781668663024
N0,399489b6079af091f33320276c7ad2db3c791129a3edbff5b530c66d32cd7e72,121,conservative_matched,1,1,0.013210837170481682,0.7947015762329102,0.19208760634064675
N0,3dbffa78da4c6ccc5516a203817127a6190976a61b2c1e8e3ea1b77c6cff7d9d,122,conservative_matched,1,1,0.02171230111271143,0.8697777152061462,0.10850997213274241
N0,7df3a248b5f8b93b45248cf254e97e9ba96a25254e52674e69515928d061a4e0,123,conservative_matched,1,1,0.02472658846527338,0.8699458718299866,0.10532752797007561
N0,ab8ce69a1319b228880d829dc5631ea34e5cb080bfbc178aa048514436b7ecee,124,conservative_matched,1,1,0.06685952432453632,0.8949763655662537,0.03816411000443622
N0,10698694323dfb803f5936e348a7facb60fabbb04e356449705169347027f85d,125,conservative_matched,0,0,0.529614782333374,0.4651494562625885,0.00523577727144584
N0,d2b095aa11fac2c0afb11ad09d16074d95b8ba0c47d799f8ede52e5b993a41dd,126,conservative_matched,1,1,0.15542720407247543,0.8246942281723022,0.019878610543673857
N0,e8cd3aa07ded082c0e9d0cd5ce68316e2c88e74da438e4b08e8a1e9f962c9394,127,conservative_matched,1,1,0.3725732803344727,0.6189323782920837,0.00849436837452231
N0,f58ebfd4557154ffbcb785a4e55bb6649accdb99c66e82c58ed1bee08f674e8e,128,conservative_matched,2,1,0.006686327233910561,0.5954458475112915,0.39786781668663024
N0,4d25798cefc2cf5ce3c29ebf0b9e4c0d84956f1a8898de972610ee57b6a7fb5f,129,conservative_unmatched,1,1,0.028858732618391513,0.8905423879623413,0.08059885911643505
N0,93c4bf4a5b21f36e6b0aae5bb990899ccf48d342143ca0e115fbbcce24f1e0a6,130,conservative_matched,1,1,0.15542720407247543,0.8246942281723022,0.019878610543673857
N0,dcbc9639337cde5535cbfd1b0895c1483a0c8d68b64e3c51551b748cef00b663,131,conservative_unmatched,0,1,0.4112080752849579,0.5804300487041474,0.008361880031043257
N0,4843201d2b160da0c05fc6013c664892482d15cae8e6986d6ad88ce3feaf72b8,132,conservative_unmatched,1,1,0.17509203553199768,0.8062023520469666,0.018705592860351318
N0,70be8a47e5d22077d37988cb4d32c132724a3d1b083ef9ab0b06313f0bf6c905,133,conservative_matched,1,1,0.05916938818991184,0.8970484375953675,0.043782226741313934
N0,cf57f1500208fbbe850bfcb423c0a07e8d0a3e41dbe03e9530034f5adb63eb16,134,conservative_matched,1,1,0.028858732618391513,0.8905423879623413,0.08059885911643505
N0,64d4f18b3b12675504880cd0dc7ecf25b60fc04bfdbec355bc38419bb2d7c415,135,conservative_matched,1,1,0.010319455969147384,0.7366165399551392,0.25306401327252387
N0,bbb97d718a1a11e509b00ac170dc512ff9b9930eacf75f5a3077880ff90bf810,136,conservative_unmatched,1,0,0.529614782333374,0.4651494562625885,0.00523577727144584
N0,d00d28ef2c4596a4d66713623e2b8bc3764ba2818602f1c62d3f21d371614dd7,137,conservative_unmatched,1,1,0.04733734242618084,0.9010694742202758,0.05159315050113946
N0,787dcb7a1c4cc9f4983f462ddd01863d71220d14a298073a5886f7917ceec867,138,conservative_matched,1,1,0.06685952432453632,0.8949763655662537,0.03816411000443622
N0,15b4ffd20b8c1fc30ae15bc841142d7ad85f1a4f9571265b80d081a59b742e1d,139,conservative_matched,2,1,0.009559290576726198,0.6825746417045593,0.3078660756349564
N0,237d8870453dad85e4a690f5ef5b3a88e992a5aa74dfe4b4b5a16a1db596e4fe,140,conservative_matched,1,1,0.4112080752849579,0.5804300487041474,0.008361880031043257
N0,6cb1a3bd78701f948722853f3ff484b4a62afa283c31e3d9ba8e2ab088574ba2,141,conservative_unmatched,1,1,0.013210837170481682,0.7947015762329102,0.19208760634064675
N0,b064cb059d374948ef0370a2437f8d0bafe1e9678a1b38f837c6a6db9db4d582,142,conservative_unmatched,1,1,0.09888440668582917,0.8732455372810364,0.027870042342692615
N0,ddbe9a19eeb2b15127963e53920ddb3080cf3605be4e5412f985652dc3282606,143,conservative_unmatched,1,1,0.06685952432453632,0.8949763655662537,0.03816411000443622
N0,be8334d7f47b288facef26257cb6b44fcf616cd19090b942b3e21a6312189a8d,144,conservative_unmatched,1,1,0.06685952432453632,0.8949763655662537,0.03816411000443622
N0,f4a1fcac757fd73ac757509249c0ec925230f6e917bdf8e793757ea12e98b50d,145,conservative_matched,1,0,0.529614782333374,0.4651494562625885,0.00523577727144584
N0,ae60908f4c85b03a0a49269075a0f3e13559c408c540b42632a059b5cfb0cd4d,146,conservative_matched,1,1,0.2622488707304001,0.7248415112495422,0.012909601321007358
N0,0baae3864d2aa3d4aa2751efdb33ff2ab5c818f532230e2e93483176c0226769,147,conservative_matched,1,1,0.009559290576726198,0.6825746417045593,0.3078660756349564
N0,6c01e488a30c00d7ce599e5c6d7195f878613637774ce7b5cd4d9e7dab67078a,148,conservative_unmatched,0,0,0.6165507137775421,0.3797732710838318,0.003675996653691982
N0,ffecc433675dacb5aa9570aab766c7b1c9116acb4109af9e6863d3341000315a,149,conservative_matched,1,1,0.23606296479701996,0.7502254247665405,0.013711599929956719
N0,cec560dc37f41cd4c0033a5023e3ad17cb7fab8ef72dc1a8150a7ed88228fdd9,150,conservative_unmatched,0,0,0.6648609519004822,0.331513050198555,0.003626017727697217
N0,c047c292b4e87b40d0e8d2cdb5f5aa7e0bbd22946a70c373ef6dd5c6576bc932,151,ambiguous_shared_key,1,1,0.010319455969147384,0.7366165399551392,0.25306401327252387
N0,20a9a7e6d4cf66384115e0a7ecc18f09cf1f9b2d051f34bc82d7b170955376d4,152,conservative_matched,1,1,0.06685952432453632,0.8949763655662537,0.03816411000443622
N0,9a26ca17f1a2a542cec0453d178767a86c59652d63ff72ddaa48810be13d1ab6,153,conservative_matched,1,1,0.017656061332672834,0.8395070672035218,0.1428368676453829
N0,810b57dafea30a2f75e872d5e62c29a08fc07a9ccaebf778bc32b9ed8700674c,154,conservative_matched,1,1,0.15542720407247543,0.8246942281723022,0.019878610543673857
N0,0bf3a2d884e1555952ad611ad5ac00b76d97402156df050266c3cfc95f605dea,155,ambiguous_shared_key,0,0,0.754457700252533,0.24259241223335265,0.0029498460615513976
N0,fa5daee0d7df009faf4c0e08a703bbc8db8c1ae32e4f684b7085649c9d548453,156,conservative_matched,1,1,0.04035859704017639,0.9000809550285339,0.05956046879291534
N0,b434bdb6cf6a016c8fcf4ddfda1903c394ac80dd9a22c7ed02b2593841c71f91,157,conservative_unmatched,1,1,0.17509203553199768,0.8062023520469666,0.018705592860351318
N0,a7f1f0bec4d0eecfb4bebc52d748706df58b74a54e32f07189d46c9495ae3d09,158,conservative_matched,1,1,0.09888440668582917,0.8732455372810364,0.027870042342692615
N0,d1b268ba32d56d8ff3504e94ee5370f3a76ce18e0a3b0db5c875395b0e922da0,159,conservative_matched,1,1,0.028858732618391513,0.8905423879623413,0.08059885911643505
N0,a46bacc86e6d6f2966c8bc9b007be70048a778a3e7dc54762fa3c06ca3dd0a6b,160,conservative_unmatched,1,1,0.09888440668582917,0.8732455372810364,0.027870042342692615
N0,440e70046c7ab779d69b3cf5f483b0504098b58f20b98da0f4b90dcca58b7a1c,161,ambiguous_shared_key,0,0,0.529614782333374,0.4651494562625885,0.00523577727144584
N0,1336c5029330743b5ea83d83fdfc07fcd73276158b755bc1202b4a90ade5cb08,162,conservative_matched,1,1,0.06685952432453632,0.8949763655662537,0.03816411000443622
N0,ae88168be6110ac8992db8b155e6bd8dad4a050a4a4fabb91d628b18e0ff3fdc,163,conservative_matched,0,1,0.2967123597860336,0.6905800938606262,0.012707544388649693
N0,aee4b0ad4df2a5b974c0fae78b5f15de2ba0da9ff62a1f1845fe8490f931efbb,164,conservative_matched,1,1,0.3725732803344727,0.6189323782920837,0.00849436837452231
N0,f4f2eaa4ae88e92cfa57b3aff8b8ebc91d59f1c9a27803fe90c6ef8b768a6d4e,165,conservative_matched,1,1,0.017656061332672834,0.8395070672035218,0.1428368676453829
N0,638a470d918dbfbf5afd33eb58e7ac2868a43d0e4dbaab3029db5101a1edce71,166,conservative_matched,1,1,0.2967123597860336,0.6905800938606262,0.012707544388649693
N0,ba5855f8ae5d306be9297d600b9787f650a7bcdd0cb8c9be2e1066ffbedbd65e,167,conservative_matched,1,1,0.017656061332672834,0.8395070672035218,0.1428368676453829
N0,8cfcf18683c3b7ba3ced162978e9086a8ed03ba8ea0326e9517b0fb14a46f944,168,conservative_matched,0,0,0.7585461854934692,0.23910837173461913,0.002345498439325411
N0,3a299c3c001be06083770361c18b9c8ad0448316f4c759f5eb6be75b20384d39,169,conservative_matched,1,0,0.6648609519004822,0.331513050198555,0.003626017727697217
N0,d51923504c8a939ba8dfbe8c09d12c0f24fc1b5f9fceff2ea5d3f498b3105dad,170,conservative_matched,1,1,0.17509203553199768,0.8062023520469666,0.018705592860351318
N0,85f403ccf55735ef4bcbb2f529613e60c1023c2ec151eba3a05f40c076ed746f,171,conservative_matched,1,1,0.11395608335733413,0.859909200668335,0.026134749539778568
N0,03c73563087c1329943a56cf316a054838d232eb12bf400763e97af8a779fc3d,172,conservative_matched,0,1,0.2622488707304001,0.7248415112495422,0.012909601321007358
N0,6df07523c6bcce6099d7d663ad6a57b32e7357259ad66091764a914e4062a886,173,conservative_unmatched,1,0,0.6648609519004822,0.331513050198555,0.003626017727697217
N0,c346449759a08de6df8ad7f0936940e980e88f11837c514a02a4fd03f71ed459,174,conservative_matched,0,0,0.7246285080909729,0.2724715620279312,0.0028999230208910376
N0,81c654f9d5f5591c63de46ec2f8de90d5778222531f6dc2ca93dfe9653b873c6,175,conservative_unmatched,0,0,0.8454707264900208,0.15291029661893846,0.001619021522189712
N0,36fc8ba21c05df93f037cf32ffb47c54f5fded8ce374e0e9cf11353791e881ac,176,conservative_unmatched,1,0,0.6165507137775421,0.3797732710838318,0.003675996653691982
N0,4d9c66f835e53c59a5b442cc32a3068c038a14b4b5816a08082ca8e454ac6666,177,conservative_unmatched,0,0,0.6648609519004822,0.331513050198555,0.003626017727697217
N0,3be1ee30e134a9ae90bc1593ea32cf65047070817401a9aeb18c76efaca04541,178,conservative_matched,0,0,0.7246285080909729,0.2724715620279312,0.0028999230208910376
N0,0f1626989b6efba0ed821b04af2ce1ef2dd90be67fee5303e0aeb890e84e656a,179,conservative_unmatched,0,0,0.7865989089012146,0.21102204024791718,0.002379058739751372
N0,dc041fdcc3cbcfb79f4de07118d4868642025a233a983d551502cd5c96d20552,180,conservative_matched,1,1,0.3725732803344727,0.6189323782920837,0.00849436837452231
N0,9881e8df21340beb673d11fb2f0087e28ca86d90cac54001885ad77fa39fe58f,181,conservative_matched,2,2,0.0007754677051707403,0.14890141636133195,0.8503231406211853
N0,ea343acee5823e9928048bcd114ab1bf1f6a80fe0d6f43707827d9efaf48f9c4,182,conservative_matched,1,1,0.04035859704017639,0.9000809550285339,0.05956046879291534
N0,4d7423cf2ff542521716737a2b82d95c940025a9d28aea9f135e73d793d959f0,183,conservative_matched,2,2,0.0010159822035348044,0.20784302949905395,0.7911409735679626
N0,1f45e1f29d5af173d4f68cb977fa645b945e3015dcbee511344c2d6f2417112b,184,conservative_matched,1,0,0.529614782333374,0.4651494562625885,0.00523577727144584
N0,03b5b9fbb1e8685d2aea12d701a8548fbf66e988d3965beff90d610215a6fc96,185,conservative_matched,2,2,0.0009433714702026918,0.18055781871080398,0.8184987902641296
N0,4b9f8e0c8ab34af43ef7096eb4e85d311551b210d679e5d673daa44a258e8a42,186,conservative_matched,1,1,0.2967123597860336,0.6905800938606262,0.012707544388649693
N0,d8eea83646be1e9c916e665fa77c259449f8745ed6a29cd6f9b1a9dced475fd5,187,conservative_matched,1,1,0.013210837170481682,0.7947015762329102,0.19208760634064675
N0,4bc56ddaf0f7e559d24c60f59a6cf7edbd7b915799dadce516c430ac85a7696b,188,conservative_matched,2,1,0.006686327233910561,0.5954458475112915,0.39786781668663024
N0,f388cc4e3fa7c3eb79bcc7b0c0c92fff99e4fb329900ed50bfeb4f870f49792e,189,conservative_matched,1,1,0.15542720407247543,0.8246942281723022,0.019878610543673857
N0,2085cb7bb188011662c46b252b9f3e65cd2c79085775a23fcecb742fefa155a4,190,conservative_matched,1,1,0.028858732618391513,0.8905423879623413,0.08059885911643505
N0,60763b4cebd2c23d4b6bb41fe41d2708e53e1479ca7374112530066b5e4893e5,191,conservative_matched,1,1,0.2967123597860336,0.6905800938606262,0.012707544388649693
N0,e4513c3d95a31cb9b2e70ba9aac54b1937bbbfb1fce1e4e3eaf07f94259ecb86,192,conservative_matched,1,1,0.4112080752849579,0.5804300487041474,0.008361880031043257
N0,842bac774d6c086dd6b92fdb78413098e14bcc3af75125e7d25ca273a3e1f862,193,conservative_matched,1,1,0.09888440668582917,0.8732455372810364,0.027870042342692615
N0,801eb4d09dd43b2b678c81a91d82521163c504324fee02de3778a3ecd1a926bc,194,conservative_matched,1,1,0.17509203553199768,0.8062023520469666,0.018705592860351318
N0,ed46b4dc3fcd5fab1ada22a6d188180240af8e738c547e3f26fc65506b077a12,195,ambiguous_shared_key,1,1,0.05916938818991184,0.8970484375953675,0.043782226741313934
N0,6c6dd067b740da372386ce71f81ed5b8dc2e1e9f93625be9b4884d1d73f96114,196,conservative_matched,2,2,0.0007457213889210835,0.1306000418961048,0.8686542510986328
N0,ac305df5cdc5f1b0801b93d200a6dfb28ed119ce4795422a08ad3057488758ce,197,conservative_matched,1,1,0.013210837170481682,0.7947015762329102,0.19208760634064675
N0,86eb8973fc65f23f76646a24050506efc45364d1ed311733b312688b82d03540,198,conservative_matched,2,2,0.0024221307889092714,0.35592061281204224,0.6416572570800781
N0,dda56c3d07f633d971d329a63b1fdd7558cfca3fb0e027085f9e37f767b3fb45,199,conservative_matched,1,1,0.03626712393015623,0.8863484501838684,0.07738439626991749
N0,edb22055eb500691bda99be2c9e755b933fda43abbb5ac8d461c3b99c85b847e,200,conservative_matched,1,1,0.4112080752849579,0.5804300487041474,0.008361880031043257
N0,9a4af49b00bdc8c8c90dd9584610e62f31c1dea1496d8c77c154a1340984f0fe,201,conservative_matched,2,1,0.009559290576726198,0.6825746417045593,0.3078660756349564
N0,ac49935da3ee5b02cec9247a78be9b546c635c54aa6988081e4fe8709663d2f9,202,conservative_matched,1,1,0.02472658846527338,0.8699458718299866,0.10532752797007561
N0,0c37fd58a9827290e55b34630825b0d6244c49d5ad38b4cb692ee5fba935d2c9,203,conservative_matched,1,0,0.529614782333374,0.4651494562625885,0.00523577727144584
N0,e3f90cf05c633dae16fb7f47884d7cd562ac2769d89e9243c8680a8ba22af681,204,conservative_matched,1,1,0.04035859704017639,0.9000809550285339,0.05956046879291534
N0,ed7122159427b6c8635b7bcd0d7140de4dd489af9eab6fd9bd99b3ebad260d98,205,conservative_matched,1,1,0.06685952432453632,0.8949763655662537,0.03816411000443622
N0,50fcac22a7e0a3f9e29c98914641686f7b4d5b483729f33dfc0943ebc770409d,206,conservative_matched,1,1,0.15542720407247543,0.8246942281723022,0.019878610543673857
N0,ea5f3b7855c7c13d408bff3ff046c47d194d636ff9d1cd41a54051e642651080,207,conservative_matched,1,1,0.17509203553199768,0.8062023520469666,0.018705592860351318
N0,24fd68e79a2159278d68b9fa03c7a306d89444b373e4ed956a552290b7163fd5,208,conservative_matched,1,1,0.028858732618391513,0.8905423879623413,0.08059885911643505
N0,1c5812f23059c8affe3af759b6ead8c2c38b856307cb70a58a6806f14bcd7133,209,conservative_matched,2,2,0.0024221307889092714,0.35592061281204224,0.6416572570800781
N0,6ab8e0705e7b40a64b138c0755ac0e4974492c819c3a3104cb9fdf9bb5c5833e,210,conservative_matched,1,1,0.017656061332672834,0.8395070672035218,0.1428368676453829
N0,9a0d7d130a794be7bc69983881925e866dbd081148ab7ab7a8b811b52c7a21f0,211,conservative_matched,1,1,0.15542720407247543,0.8246942281723022,0.019878610543673857
N0,a5e5532a8001b1d35b8d647ec7c6de5bd09b0cc81ab543a66c4b92d00869a830,212,conservative_matched,2,2,0.0024221307889092714,0.35592061281204224,0.6416572570800781
N0,038c9ee0d7794eeb1143a461c0506513b430ff5293a311f12d84535a6afbcc5c,213,conservative_matched,1,1,0.17509203553199768,0.8062023520469666,0.018705592860351318
N0,8332987b673c95bbee93c9f25e2f6e37e4235c9e6ae83604205ff69eb49247f9,214,conservative_matched,2,1,0.006686327233910561,0.5954458475112915,0.39786781668663024
N0,4cd62e95948bd1b704bbcb35b4c07c1ce891fe8d8603fa8d7d55722149152d09,215,conservative_matched,1,1,0.05916938818991184,0.8970484375953675,0.043782226741313934
N0,41c314fd5e526b07168ea8735e420c8fd4da4cb146f0cb7b53a0b2e383de5f71,216,conservative_matched,2,2,0.0024221307889092714,0.35592061281204224,0.6416572570800781
N0,c52893a6a9c59524615c570b972166e20fb5dc1939f7f8a0a444a854ad8b5954,217,conservative_matched,1,1,0.017656061332672834,0.8395070672035218,0.1428368676453829
N0,7f598fa9cd8021402624f92fab82098fb58747ccd8a722c3d994f05b6ed0f217,218,conservative_matched,1,1,0.017656061332672834,0.8395070672035218,0.1428368676453829
N0,aac572f07272c9f29ce150e00d2b33f7765e921ffe4e1a3c8a7aa455349ca19b,219,conservative_matched,0,0,0.6165507137775421,0.3797732710838318,0.003675996653691982
N0,c590d4966929434b32180f09a7062520e5996d2f0fe22fac768d1ca0613d025e,220,conservative_matched,1,1,0.09888440668582917,0.8732455372810364,0.027870042342692615
N0,f094aac8706b95f9bece4eeac1389e28ad75114d0e4206b7769ded1102994ff1,221,conservative_matched,2,2,0.0024221307889092714,0.35592061281204224,0.6416572570800781
N0,1223db6fa4c73ddcfb1d3c6d1d32d7a9a694a0c67b0b8896d2e2c5252ea458b7,222,conservative_matched,1,1,0.02472658846527338,0.8699458718299866,0.10532752797007561
N0,c6b8941e410ad8b2574b68572d59fe76bfb75291198754c7266ab3740f819f8d,223,conservative_matched,1,1,0.05916938818991184,0.8970484375953675,0.043782226741313934
N0,fa91a868a0b2673a241638a1e248c077d7ebbe8369c5e9c7a105ea8e0f678595,224,conservative_matched,1,1,0.04035859704017639,0.9000809550285339,0.05956046879291534
N0,6bcf085df851ffdd063de277d7f6de02756302343ed42266339f33b7f195ec0d,225,conservative_matched,1,1,0.028858732618391513,0.8905423879623413,0.08059885911643505
N0,ef6d74ead7c9dae1edd8b999fa30b355c27c4fa0917c2b6342686959821c01fa,226,conservative_matched,1,1,0.017656061332672834,0.8395070672035218,0.1428368676453829
N0,05dde9d4b54f7775db2292c4725eb2440e0b2dbe65d52bb4c05c347040ae90da,227,conservative_matched,1,1,0.06685952432453632,0.8949763655662537,0.03816411000443622
N0,2a5b3658c6bb089977c0132627aeddf27747b5ba1997b7f2041f3039d3025854,228,conservative_matched,1,1,0.06685952432453632,0.8949763655662537,0.03816411000443622
N0,1cd7edbfe2f40c5d7c9a6230c2530a19e1c33c1d7a4b9c2fc76e71f4a4ef2955,229,conservative_matched,2,2,0.0018531960144173355,0.296292781829834,0.7018540501594543
N0,a2010d08bf5544fb2f61ba56db0cc9b5b6d58a43b3e7a8155eae755a2ab63922,230,conservative_matched,1,1,0.2967123597860336,0.6905800938606262,0.012707544388649693
N0,51cce7d0485df80b75d03dee842b5fbb970f5348df67160d0e30730f577a193f,231,conservative_matched,1,1,0.2622488707304001,0.7248415112495422,0.012909601321007358
N0,0e1e5a60db31ca1ff4e88932ce8fb8133c0cae740186c0eecba980565edeeec1,232,conservative_matched,1,1,0.02472658846527338,0.8699458718299866,0.10532752797007561
N0,a5daa6d5539669eb579a2eb52884c6f73f940319383b144b4c4638f49c0549d8,233,conservative_matched,1,1,0.04035859704017639,0.9000809550285339,0.05956046879291534
N0,ea6ce91f0cda3fa98f7b745b9580fd6b0403056870eb76c5fcf66334679dd7ee,234,conservative_matched,1,1,0.17509203553199768,0.8062023520469666,0.018705592860351318
N0,c6d8fdfaebcc9424104991f6e1b2ae52cfc74b01f006f573c65d6403e27860c4,235,conservative_matched,1,1,0.04035859704017639,0.9000809550285339,0.05956046879291534
N0,982f60fd457eb6d3d3ea718cf44d5cb26c9847a13bc9211cf942c0276094cbea,236,conservative_matched,1,1,0.017656061332672834,0.8395070672035218,0.1428368676453829
N0,81b41de2fc119a6be204b22f6f400b640dae3281ad7449e09c510a3179f3e514,237,conservative_matched,1,1,0.4112080752849579,0.5804300487041474,0.008361880031043257
N0,73d4dfe9d634e737477bbc0e789414071caddfba0329a03b55a67d4565f16b31,238,conservative_matched,2,2,0.0013343883503694088,0.24979589879512787,0.7488697171211243
N0,8ef03a12bf26544326b83a924d78b17a626323183f000e61b0e1269d5151d713,239,conservative_matched,0,0,0.7246285080909729,0.2724715620279312,0.0028999230208910376
N0,e65cba4765702c555356fe2b6fc3183b7079396880ffa82b6303a59358a1b860,240,conservative_matched,2,2,0.0007457213889210835,0.1306000418961048,0.8686542510986328
N0,78bf7a927103b0adf2a93a132f44f2411946196d038bf6822cb2eeb2f851ab2c,241,conservative_matched,1,1,0.15542720407247543,0.8246942281723022,0.019878610543673857
N0,98c1ed0f87d3d9f68a060c36de601cd9dd4c5c389aa3ef9b828e9c93c98f1a50,242,conservative_matched,1,1,0.3725732803344727,0.6189323782920837,0.00849436837452231
N0,4e05a768be51893f790163c79ad042b9bf59de08bccbba7bd25c8877c53ebcdf,243,conservative_matched,2,2,0.001519795460626483,0.28738030791282654,0.7110999226570129
N0,40f57c13c26aa660145ccd9e9ad6cf7435aba21e0ecb869b65ca110bad79d9bc,244,conservative_matched,1,1,0.02171230111271143,0.8697777152061462,0.10850997213274241
N0,c302ee011150e5de42eafaa347a1b841d5d8807659f31696d8f82c5a4abc8105,245,conservative_matched,1,1,0.02472658846527338,0.8699458718299866,0.10532752797007561
N0,820af5dd1d43687408ee96791d977e5768628d5dd9718275f49012ab8be7c7da,246,conservative_matched,1,1,0.017656061332672834,0.8395070672035218,0.1428368676453829
N0,17fce900c57b5d8978b6a7f3fc2fb54520a09094e94167b76cbe441400f5ad10,247,conservative_matched,1,1,0.017656061332672834,0.8395070672035218,0.1428368676453829
N0,38085f4b22cba5fc2e5c7334dc43fd4faa9f1be9584e87c3a89ac73aa37f3ff6,248,conservative_matched,0,0,0.529614782333374,0.4651494562625885,0.00523577727144584
N0,2fea83fd72f31c3ed98d355952e0dca5903ca77045d520014559b3131ab53449,249,conservative_matched,1,1,0.04035859704017639,0.9000809550285339,0.05956046879291534
N0,f37129146fe1cc102260df1bb5035364d6977e2290c3f3c022105e91ae0cad55,250,conservative_matched,2,2,0.0010159822035348044,0.20784302949905395,0.7911409735679626
N0,97c9512caadb3ffd0ad3c7ddd23407aa54871fc60933e4b9f12a69d1cef4214f,251,conservative_matched,1,1,0.3725732803344727,0.6189323782920837,0.00849436837452231
N0,c85e618c2cb4110b794d0c0953af57fe74dd832c9089b476240a78f6178bf1cf,252,conservative_unmatched,1,1,0.013210837170481682,0.7947015762329102,0.19208760634064675
N0,3567553d36285ad28e9947ecc399152b059b63fa0d14e93da3fa60f88729589b,253,conservative_unmatched,1,1,0.2622488707304001,0.7248415112495422,0.012909601321007358
N0,a71a645737db58ca85f16857a87566dbd0644a509be1426ceec155ba4b32a46a,254,conservative_unmatched,1,0,0.6648609519004822,0.331513050198555,0.003626017727697217
N0,a32d5c6de3dc8a8d1a538283ab55eeaf55b9cf8e25aa347f9451fa80920ab0dd,255,conservative_unmatched,0,0,0.7865989089012146,0.21102204024791718,0.002379058739751372
N0,aef48ae8e8f8321f0e29c116e8187c697962ab80108f224eef0febe59017821b,256,conservative_unmatched,0,0,0.7585461854934692,0.23910837173461913,0.002345498439325411
N0,7dd03f8de291c327ff1d0ed6f33b027547ee5dee91900d57ad3847ddbc771ca2,257,conservative_unmatched,0,0,0.57092787027359,0.4237651824951172,0.005306928043660264
N0,5752cee9adf12bd089539e746e30b0d83f71e4f57e8da95e82619ac05b3d6b64,258,conservative_unmatched,2,1,0.006686327233910561,0.5954458475112915,0.39786781668663024
N0,c6d9905e1108342a5a39e558796801aaef2123ede509df6c737dc2968cb80334,259,conservative_unmatched,1,1,0.17509203553199768,0.8062023520469666,0.018705592860351318
N0,6bf3a7c4314c48c91d33eb94eb7bbcf708f6d2a7c6af47237735c2d12f683e35,260,conservative_unmatched,1,1,0.06685952432453632,0.8949763655662537,0.03816411000443622
N0,cf04de454501b8a0be83713c4b298369ec62ac21cd8f30857e05891dcef22cc6,261,conservative_matched,1,1,0.017656061332672834,0.8395070672035218,0.1428368676453829
N0,ad959d26f847d9c030d3b6d75856d30298eaee390b8e65835b5173c70de9d93a,262,conservative_unmatched,0,0,0.529614782333374,0.4651494562625885,0.00523577727144584
N0,6a3c09e4947d005706a207b8c760dd1e4a01a013d7fdf234bb6e2abbe62ed0f8,263,conservative_matched,0,0,0.7865989089012146,0.21102204024791718,0.002379058739751372
N0,bf0447db8e3d43257114531a92a520c82a6453bd3b7ae34aea8711ce45d014b0,264,conservative_unmatched,1,1,0.2967123597860336,0.6905800938606262,0.012707544388649693
N0,55f09cfab4e7759b9196088c60e80fdf399fa12b760c9cf22aaeb33589b1808c,265,conservative_unmatched,2,1,0.004830648808274418,0.5063552677631378,0.48881407976150515
N0,f1cc48536731731e0b343782efdde0db8be7fc46955c060a6588a598c61b83b5,266,conservative_unmatched,1,1,0.004830648808274418,0.5063552677631378,0.48881407976150515
N0,645409494cfbc0053881ee14531a52cfc643d5a8dd013317825912b73a52362e,267,conservative_matched,2,2,0.001519795460626483,0.28738030791282654,0.7110999226570129
N0,00dbf7ed1f04da4f573cdb1c40ee8aabbb629d7e284d1568bca51a8a5f396e7c,268,conservative_matched,1,1,0.04035859704017639,0.9000809550285339,0.05956046879291534
N0,b7661cb5dd52c9c0fe4365fcc6bff1f997b8753cdce2392381357136c4a5bf43,269,conservative_matched,2,1,0.006686327233910561,0.5954458475112915,0.39786781668663024
N0,4e704048021bafbeb44effb9e508d4cef59a712f89bd368f81f564485127cc02,270,ambiguous_shared_key,2,2,0.0024221307889092714,0.35592061281204224,0.6416572570800781
N0,4837f2cb17208b9a4625ebde74b97e4dd96ffdb5234013a87be717acfa0a8b14,271,ambiguous_shared_key,1,1,0.09888440668582917,0.8732455372810364,0.027870042342692615
N0,6e7973c8c4ee77c326ae4010b1418b788a5630854185affb484685e8d73a7084,272,conservative_unmatched,2,1,0.009559290576726198,0.6825746417045593,0.3078660756349564
N0,3d8d9b0265e3f1fa1f9dced7be94a31b2d44253a703333fe32683be701e1e391,273,conservative_unmatched,1,1,0.09888440668582917,0.8732455372810364,0.027870042342692615
N0,f048327f0da983b65f4ac626e1b417339b356d60f7641609e9f999aa25dd1b64,274,conservative_unmatched,1,1,0.4112080752849579,0.5804300487041474,0.008361880031043257
N0,111d930258015ff415cf618a5446916b948c63467161ea1a20e0915119b50244,275,conservative_matched,1,1,0.11395608335733413,0.859909200668335,0.026134749539778568
N0,2fc3c8e1b6058fdb8ba34e10c4f11c5c96a490da8c44557f51f272e135b276d2,276,conservative_matched,2,2,0.0013343883503694088,0.24979589879512787,0.7488697171211243
N0,b66a61f7e4e30927c1735a3306a7e4fd6cf9b017aa1b11eacd63c9f666c7ac77,277,conservative_unmatched,1,1,0.17509203553199768,0.8062023520469666,0.018705592860351318
N0,3366e3e79bb817fbb8c139710399b5e5e682684683af108e41f6f8f47bb2ead8,278,conservative_matched,1,1,0.14352889508008956,0.8339192509651184,0.02255185480462387
N0,747d3e66fb22e30550810dc98794ef466dae76dcbd60596dc19187a28a0495e2,279,conservative_matched,0,0,0.7585461854934692,0.23910837173461913,0.002345498439325411
N0,8475bd5769c68d5427ad348aa5b6061ee6bcd37f6f1837cda26be61984a04cac,280,conservative_matched,1,1,0.4112080752849579,0.5804300487041474,0.008361880031043257
N0,ef27b562eab370d5506b6031d90875e2bf94890dc4f57239be5af639fc2bb2d3,281,conservative_matched,1,1,0.05916938818991184,0.8970484375953675,0.043782226741313934
N0,be89c47ea7807e1e8f1728f4281bf7f92ce922539e0b3cd0848dc5a258702b8d,282,conservative_matched,0,0,0.7585461854934692,0.23910837173461913,0.002345498439325411
N0,8b6cbbd882704231c2da058f30493957fe5f146ad538f186251118a7c93fe195,283,conservative_matched,1,1,0.23606296479701996,0.7502254247665405,0.013711599929956719
N0,d744f4e8e0e5a37040ced43f7d9f57213e888b56527ca3961db9750dd4b525fc,284,conservative_matched,0,0,0.7585461854934692,0.23910837173461913,0.002345498439325411
N0,54a5824b809802628fc226bf21773286f73e6051e62d9cec2df3e81d93197bde,285,conservative_matched,1,1,0.013210837170481682,0.7947015762329102,0.19208760634064675
N0,0bb5ed634b92cd4e23359fa5c9f0f46eb531bfa0976bdd29a00e52fbed97e135,286,conservative_matched,1,1,0.04035859704017639,0.9000809550285339,0.05956046879291534
N0,1c7add97688eeaddc1858c389db4aac1d7c75a52d05d5f15c0d081a7b938abaf,287,conservative_matched,1,1,0.3725732803344727,0.6189323782920837,0.00849436837452231
N0,7ccb05337d74117430e9fdf9897cd7110c354bd737a7229f86fe605f50969092,288,conservative_unmatched,1,1,0.04035859704017639,0.9000809550285339,0.05956046879291534
N0,c215aa987795131b42e2cd8a6c43e525423612ee007a6ced32e8263bda4ad92a,289,conservative_matched,2,2,0.0024221307889092714,0.35592061281204224,0.6416572570800781
N0,4560a7ae21f3fb4ac2db6ffe58ddb475ac41d6dc383b998d4c568b31ae65a35c,290,conservative_unmatched,1,1,0.2622488707304001,0.7248415112495422,0.012909601321007358
N0,609e2c6bb80163f064286be493c35084947f767a9fca5159a6007ea7d78d1b8e,291,conservative_unmatched,1,1,0.17509203553199768,0.8062023520469666,0.018705592860351318
N0,50a40749308fda874b7765a8a2b85ca93645b0200e63e9851129ab8fd6f41ff9,292,conservative_unmatched,1,1,0.05916938818991184,0.8970484375953675,0.043782226741313934
N0,912f7b7365227a32858a2d927685373d6780e508ef7ac83760fb9ec5aaa1aefc,293,conservative_unmatched,1,1,0.05916938818991184,0.8970484375953675,0.043782226741313934
N0,570a9095c62e1fa55a30bd460a6ecc380dc180927ebbc369eb3452bf401f5b43,294,conservative_unmatched,1,1,0.09888440668582917,0.8732455372810364,0.027870042342692615
N0,d989513ebc9b816b08d15039e20aff3eeac96a4c9cd17e51afaa8a05ead60f2f,295,conservative_matched,1,1,0.03626712393015623,0.8863484501838684,0.07738439626991749
N0,29fe4b61c9b555bb9cc208302b5dc991e41580d993fe5cf0832053f62f80be27,296,conservative_matched,2,2,0.0010159822035348044,0.20784302949905395,0.7911409735679626
N0,06bff8560b0213942ba71145fac2e05499ca6db5f23f3a048b71ea1db4373276,297,conservative_unmatched,1,1,0.3725732803344727,0.6189323782920837,0.00849436837452231
N0,a347405d861f7182f5157435b676ea5452b581ebf8b34c65c740ee6696256750,298,conservative_matched,1,1,0.15542720407247543,0.8246942281723022,0.019878610543673857
N0,8facf48402aa60c4e52666105b216119e1b68d607cd90e64c373961ddfa8a9bf,299,conservative_unmatched,1,1,0.09070746377110481,0.8774905920028686,0.03180191433057189
N0,63e7b0fd79c9670e63f19d0b85cc2c7efe0f1e527b44bbf33e9c798004594ffd,300,conservative_matched,2,2,0.001519795460626483,0.28738030791282654,0.7110999226570129
N0,0910a774d27e3fe150f1c12d186032f527421ab5d7c35f74ac4f758094dd228d,301,conservative_matched,1,1,0.2622488707304001,0.7248415112495422,0.012909601321007358
N0,ba77ac0a50dbbe13d7bd6839ae32c5eb1febed467656cd2322a11c5b3f747b65,302,conservative_matched,1,1,0.15542720407247543,0.8246942281723022,0.019878610543673857
N0,4bea7852e6349795c7bb47b3b196b923e2ba8e7aeea9001ce30608cc02c0e4f6,303,conservative_matched,1,1,0.0171056950930506,0.8378703832626343,0.14502395056188105
N0,fe7000c6192011cc4cb3fab698a7821cc7044fec6fed4d6c825162ba8e131368,304,conservative_matched,1,1,0.05916938818991184,0.8970484375953675,0.043782226741313934
N0,8bbb88b5de9002160126d07b53f3cd2825868930b27f08e4ff4760a9c179699f,305,conservative_unmatched,0,0,0.7246285080909729,0.2724715620279312,0.0028999230208910376
N0,de68a6ddb137408d6f047da8b80a1ebeb03cceea79fe2bc107056a11068abdc3,306,conservative_matched,2,2,0.0013343883503694088,0.24979589879512787,0.7488697171211243
N0,b1ee4d7e89869caeb050bf6a44961b049d9934b92e5ee40bc7e869b645348de0,307,conservative_matched,1,1,0.09888440668582917,0.8732455372810364,0.027870042342692615
N0,ee99b4a3c8e4b8ac8172a040ad3be7a04dea423a9ae0409a95df0fafc91a313a,308,conservative_matched,1,1,0.15542720407247543,0.8246942281723022,0.019878610543673857
N0,97b9091925addb08c1cd2c6078d0de2bf8172b17115de938b77ad77357d5ea5b,309,conservative_matched,1,1,0.09070746377110481,0.8774905920028686,0.03180191433057189
N0,6db86dac2c557996df538886e2ae001080ddecdab91e2e3a4edede389d70b7e7,310,conservative_matched,1,0,0.6165507137775421,0.3797732710838318,0.003675996653691982
N0,e46fe007896b1086b24e7db53b21842ae5f26db41897be76661db0c09520f97c,311,conservative_matched,1,1,0.05916938818991184,0.8970484375953675,0.043782226741313934
N0,19d6ef82b2a921d77a5573e974ea081845479ae43b183f176897858ed8e06b84,312,conservative_matched,2,2,0.0010159822035348044,0.20784302949905395,0.7911409735679626
N0,5e503b8ae7945a0c7a8bcd67542d51082ffc17c2404a5253304711f79919407f,313,conservative_matched,1,1,0.017656061332672834,0.8395070672035218,0.1428368676453829
N0,5756c809e3d8db3cdd21b5e8d36139858b8f09dbfdb84c88dd454914fd2447db,314,conservative_matched,2,2,0.0009433714702026918,0.18055781871080398,0.8184987902641296
N0,a538822eabdf193b2b19f78ccf63644aa5c71ce346c2909e83ad04440964ae88,315,conservative_unmatched,2,1,0.006686327233910561,0.5954458475112915,0.39786781668663024
N0,4791bf9d1d5d0230ab90f16f29614b48ab82e5801b82082235ff9b4358d29def,316,conservative_matched,2,2,0.0013343883503694088,0.24979589879512787,0.7488697171211243
N0,e03a5d8fb20a6ea99425f7eb791e67ae67db33777225bd74107066b76cbd37ab,317,conservative_matched,1,1,0.04035859704017639,0.9000809550285339,0.05956046879291534
N0,727f74ba1c3c4c66b1f6b4556991e45b07a8df2d9d01846546f6627456d8494f,318,conservative_matched,1,1,0.20380592942237855,0.7778242826461792,0.018369761003850727
N0,9e12aa0dbe5c0aaa2470ead8d7629926f8b65403a6699dffbfef210eb25d80d8,319,ambiguous_shared_key,1,1,0.05916938818991184,0.8970484375953675,0.043782226741313934
N0,d3a134515041870d4095cf6ae0a7325769f957b530f530c1edbabeaa7c0c7273,320,conservative_matched,1,1,0.02171230111271143,0.8697777152061462,0.10850997213274241
N0,b44a3f41d310382fd60bf7f3a58d33ef67db0a23e704c0acd98fc529dad15ebc,321,conservative_unmatched,2,2,0.004178529500495643,0.4359198033809662,0.5599016606807709
N0,0796be2517f6d256579d64e3fd271287a0a015eb77e018c048e59d0f28eee45f,322,conservative_unmatched,1,0,0.6648609519004822,0.331513050198555,0.003626017727697217
N0,1bfda6b9b2ec251369d6f57db5fce38fb12dcd38ecc1650133ffde8588ea9de5,323,conservative_matched,1,1,0.2622488707304001,0.7248415112495422,0.012909601321007358
N0,dd16b30b04ffe107ef12c7c07478ee8a6f1cb06de15b60261e80e1c3592fa365,324,conservative_unmatched,1,1,0.2622488707304001,0.7248415112495422,0.012909601321007358
N0,4998ff2bd307bda1d85ee16567c661c9862e55779e725e724189456e0c51af70,325,conservative_matched,1,1,0.09888440668582917,0.8732455372810364,0.027870042342692615
N0,4dcb168e09d4d7893d639ca45b73e7538eb8bbdf4d053e76233e29ffd3010c99,326,conservative_matched,1,1,0.017656061332672834,0.8395070672035218,0.1428368676453829
N0,39eaa33a8d48061b0348f9e4a83e301a0a7459e5eb653e83810f30644bbc17f7,327,conservative_matched,2,2,0.0007754677051707403,0.14890141636133195,0.8503231406211853
N0,5371b6cfff41d777216e0c9e04d0277262e4f4b282938a4ca51084387331c4ff,328,ambiguous_shared_key,1,1,0.02472658846527338,0.8699458718299866,0.10532752797007561
N0,5caa9ac380bb06f4d084ea82b0b0e36346f917605e5ce0b8bbbdf5ced25c6cd0,329,conservative_matched,1,1,0.04035859704017639,0.9000809550285339,0.05956046879291534
N0,48049b601c2a81fda78b5d5252ae9ddaa08e0b7a64fbb1d35031fe640387123e,330,conservative_unmatched,1,1,0.02472658846527338,0.8699458718299866,0.10532752797007561
N0,fb6e8a79c7509d2ea0d634b54f8c3c61a61c856f58b1e43907d91134de9c8f10,331,conservative_matched,1,1,0.04035859704017639,0.9000809550285339,0.05956046879291534
N0,da52e0801985e6d911242d1cc38a5a2ba9ea6d852304175e9cf5f6682c636afe,332,conservative_matched,2,2,0.0006481837686806103,0.10831732973456383,0.8910344839096069
N0,980f2c93c9c03ec6203a0bdaeef81159a3cfe8ed1f28387385d9f45010302142,333,conservative_matched,1,1,0.017656061332672834,0.8395070672035218,0.1428368676453829
N0,a66c4452b850b95377077697aac825a263e323984b1e8a1b5c25b1f3bbf86b4a,334,conservative_matched,2,2,0.0024221307889092714,0.35592061281204224,0.6416572570800781
N0,cc8929500a996b83f8e58e90d5c2ffadb7b9bc20866921118795138fea402ecf,335,conservative_matched,2,2,0.0007754677051707403,0.14890141636133195,0.8503231406211853
N0,f9d294cba21968ac5c7aca6b858728c55a8a06c37c1bd8489ed5b184ed97e39e,336,conservative_matched,2,2,0.0013343883503694088,0.24979589879512787,0.7488697171211243
N0,a46a03d1ee4daec20e9a849ba628defbbc5ebb1042f9cc44f825a9072c526ebd,337,conservative_matched,2,2,0.0007457213889210835,0.1306000418961048,0.8686542510986328
N0,c48e0d5c7811d548c58be8c2e32213fe468160e54c1ed6ee3557e08eff54818c,338,conservative_matched,2,2,0.0006353530497108295,0.09675386212766171,0.9026108026504517
N0,9f3c666f41f67c4d1304118a8d2927642bae1db9e3d7be9fec6431a472638621,339,conservative_matched,2,2,0.0024221307889092714,0.35592061281204224,0.6416572570800781
N0,4612e860034a77d8b2a28c5a307edd4c230ea2cc203c599c4d524164ca1c201c,340,conservative_matched,2,2,0.0024221307889092714,0.35592061281204224,0.6416572570800781
N0,9880128f9a4f009cbace58c35f08be763d85a148d19dbb6ed1cedb3e6b9cae7f,341,conservative_matched,1,1,0.013210837170481682,0.7947015762329102,0.19208760634064675
N0,815d426caf6647658ab5ad600a6d9a4844a450a2fe631540bcc73263b16a4409,342,conservative_matched,1,1,0.009559290576726198,0.6825746417045593,0.3078660756349564
N0,f2a7a0438ec81419aed4432eca97e3bf6a7996b3abcab7bd2b0cb5ea5936ca0c,343,conservative_matched,2,2,0.0009433714702026918,0.18055781871080398,0.8184987902641296
N0,57374dc57848f9f7545dfff9c90d14265d0a66c20014fed384c8a1aaab2a8657,344,conservative_matched,2,2,0.0006481837686806103,0.10831732973456383,0.8910344839096069
N0,e9f98ce85a29627dad55d76982d434e4bdb6f159fafb9c3c1b5771e0e95bff25,345,conservative_matched,2,2,0.0024221307889092714,0.35592061281204224,0.6416572570800781
N0,e59d303b3c9921823705d178211a81f3167a2b5c2bedd55a2e440ae6fb609a66,346,conservative_matched,1,1,0.02472658846527338,0.8699458718299866,0.10532752797007561
N0,562297c9b2262e5b9178439eac76300b6d0baa5c81dc6ab9a3e04f13b44d1edd,347,conservative_unmatched,0,0,0.8070988059043884,0.19096895903348923,0.001932260839377875
N0,276a41fcaefc7b0f5b533b227d35bd303c63f762bbf766628024ce36f9313bf9,348,conservative_matched,2,2,0.0010159822035348044,0.20784302949905395,0.7911409735679626
N0,e43bb85cc9f4c204c3b80fc593900bce375e9f42be96d02f335f2f42c13c4ba8,349,conservative_matched,2,2,0.0006481837686806103,0.10831732973456383,0.8910344839096069
N0,13db9493e5d931ec94f3d05fb0df869516c061cdb89058e2bdb16c5859508cbf,350,conservative_unmatched,1,1,0.3725732803344727,0.6189323782920837,0.00849436837452231
N0,980a5bcc08361f8d083c12141878dbd24b7a236c18e8184387239050f164a315,351,conservative_matched,2,2,0.0024221307889092714,0.35592061281204224,0.6416572570800781
N0,eb7b92a2b390dbb093e40e2495530b65be730eb752eccbf260be04ff31496b11,352,conservative_matched,1,1,0.2622488707304001,0.7248415112495422,0.012909601321007358
N0,99a93936da7984b3ce75763a91a3493bbe7f16283b2ccde42c3d93bff3fc70e1,353,conservative_unmatched,1,1,0.2622488707304001,0.7248415112495422,0.012909601321007358
N0,0b6002ac98745ed77d24c58dee4c8892e1dca4c93626ce4675b9306294bb2d7d,354,conservative_matched,2,1,0.04035859704017639,0.9000809550285339,0.05956046879291534
N0,b5271dc00037ef4441d0e9b55a7b122c6981acc750495290fdf2d1171ec45e4a,355,conservative_unmatched,1,1,0.05916938818991184,0.8970484375953675,0.043782226741313934
N0,bac5a079bec62bc26a6dc783910825de9e2871a6d90c260b7f137ba75a6b17fb,356,conservative_unmatched,2,2,0.0013343883503694088,0.24979589879512787,0.7488697171211243
N0,17e8cff30d43b9932efa5ee5fc8ea3d9998f87aa816268d719e22c0b513067e3,357,conservative_matched,2,2,0.0024221307889092714,0.35592061281204224,0.6416572570800781
N0,2aa6a5792ef7467f71fc55b9fcc6f5c9d6ba25f470083dd8e9a787e579bfd401,358,conservative_unmatched,2,1,0.04035859704017639,0.9000809550285339,0.05956046879291534
N0,94c0b44f9a2d481c5d2237dd73738cc92b9ee67076b318f634fc32aa4032a0b4,359,conservative_matched,2,2,0.001519795460626483,0.28738030791282654,0.7110999226570129
N0,e77bd94004a0442aa632c906e2f4e997e00b478cf23900001f6d06ec63cb3ef3,360,conservative_unmatched,1,1,0.05916938818991184,0.8970484375953675,0.043782226741313934
N0,416afeb98b33f5e4f2a8e68a875e28fd4105a31165d6851ea3c83a3ccaa2515c,361,conservative_unmatched,1,1,0.17509203553199768,0.8062023520469666,0.018705592860351318
N0,328eaadc5fcca2d1c22ba92802c7d13404e083fcc75e8e27c502cd13af3d0548,362,conservative_matched,1,1,0.06685952432453632,0.8949763655662537,0.03816411000443622
N0,584086a779fa152c0679d9786c1e33c602944084d5cf48f6c0e7dbbac810bd87,363,conservative_unmatched,1,1,0.05916938818991184,0.8970484375953675,0.043782226741313934
N0,7cd43d94523c810f9ed5537e7015539cc8c9859bcedd689aec68db38a22003a3,364,conservative_unmatched,2,2,0.0024221307889092714,0.35592061281204224,0.6416572570800781
N0,fe92f0e44d936f618c5a52cbcbbb889fd256a412566488b144015b8482d7b1a1,365,conservative_matched,2,1,0.004830648808274418,0.5063552677631378,0.48881407976150515
N0,fdc3d5fa14c1a4086c5b7caf79828cce0d013ff497cbe8eb15c09905a3f4457c,366,conservative_unmatched,1,1,0.04035859704017639,0.9000809550285339,0.05956046879291534
N0,ed55a6f2ea598cc2a90f6b9b6e489d7f1bf59f58579eeba23f34ffb5a4476757,367,conservative_unmatched,1,1,0.05916938818991184,0.8970484375953675,0.043782226741313934
N0,1467b04a49c306baf2f2d7d4fd94a9e1d2b0b5a630fc1defcbc2ec8916da6c13,368,conservative_unmatched,1,0,0.6165507137775421,0.3797732710838318,0.003675996653691982
N0,5a4c58dd7c63f01c85c75de330f08bf3279e1a3ffd1a3b3351ddc32a2bc68f49,369,conservative_unmatched,1,1,0.2622488707304001,0.7248415112495422,0.012909601321007358
N0,a538958f863560cab82c81c2af21b948645d77515ec607b6158507d95fe5123d,370,conservative_unmatched,0,0,0.7246285080909729,0.2724715620279312,0.0028999230208910376
N0,2b1079c154b15202bdeb4e37d3bb3fda5cde0b6dc62e5246d0face06819abf5a,371,conservative_unmatched,1,1,0.2622488707304001,0.7248415112495422,0.012909601321007358
N0,e76f79b797b47271b05802f3737b53b3378b0b1529fd9314fa2a492b6167ac66,372,conservative_matched,1,1,0.013210837170481682,0.7947015762329102,0.19208760634064675
N0,a26bf4e51a6f635e952f279fa007eebd60b1a0aa43278a348f6ce7430b2f6168,373,conservative_matched,1,1,0.09888440668582917,0.8732455372810364,0.027870042342692615
N0,4b1c806a421b02743346fc062782ec9b603b1cfc919177966cf33f0baffd2193,374,conservative_matched,2,2,0.0007457213889210835,0.1306000418961048,0.8686542510986328
N0,2965eb77c7507629cf30cf7647115971bc3fbc079b0679ddae18c5a7f6088ba0,375,conservative_matched,2,1,0.006686327233910561,0.5954458475112915,0.39786781668663024
N0,447fa75d82f2da45bc471afc5b9273f8007746f7c1e6608e7f7e080582a7ea08,376,ambiguous_shared_key,1,1,0.006686327233910561,0.5954458475112915,0.39786781668663024
N0,ed9c1db619a6e03138850df9100b0c87a96915bff8f177717879e0b0d0763e16,377,conservative_matched,1,1,0.009559290576726198,0.6825746417045593,0.3078660756349564
N0,397cbeb6f38ebcdc8d0dd0bc306d8baa31702dc5ab41fd7ce317e3961c9e3b32,378,conservative_matched,2,2,0.0007457213889210835,0.1306000418961048,0.8686542510986328
N0,4f4abcb7188e73e10ca68b718d456e0239c4dcb6875e1c3c69a419fec225e1ce,379,conservative_matched,1,1,0.17509203553199768,0.8062023520469666,0.018705592860351318
N0,be0ebb7565c48c88742be3d147378e0339658b36ddc168b506068b1c90f4c79a,380,ambiguous_shared_key,1,1,0.028858732618391513,0.8905423879623413,0.08059885911643505
N0,421629aaa541cfa65f08170d2ded95bfcfb72deb6371ca7bd8cff9686b07ca24,381,conservative_matched,2,1,0.004830648808274418,0.5063552677631378,0.48881407976150515
N0,074bdafc94897952ec047e29c94c168d74b04273139ccf2ce1e6f1873ca0ed4a,382,conservative_unmatched,1,1,0.05916938818991184,0.8970484375953675,0.043782226741313934
N0,122e7e9e553c3480710d48da1b809bc3a0f00c8f31d7959bfbb0bb4217186e2f,383,conservative_matched,1,1,0.09888440668582917,0.8732455372810364,0.027870042342692615
N0,0fdfadc8e93127b69c5cc192dde2e8ac8ed04c3d1fdbe79dfe2b87b82585bd01,384,conservative_unmatched,1,1,0.17509203553199768,0.8062023520469666,0.018705592860351318
N0,dce71741a22feecd18d4a68d6dac14f53d1b585efa9029d2d7f6caf10ef1d09a,385,conservative_unmatched,1,1,0.4112080752849579,0.5804300487041474,0.008361880031043257
N0,9c1589756f65e471021f9e5736a89d5cabb0481ef20ec88a5286fac861609674,386,conservative_matched,2,2,0.001519795460626483,0.28738030791282654,0.7110999226570129
N0,a31c0ced032973a0e5414d71c603cafbff10cff8e3e8d4e4a720af17012d472c,387,conservative_unmatched,2,1,0.004830648808274418,0.5063552677631378,0.48881407976150515
N0,aa253d0c7343d07a4854487d2aea858f473eee151b96c2ce40bedb2ee8437306,388,conservative_matched,1,1,0.15542720407247543,0.8246942281723022,0.019878610543673857
N0,a7a9ca7a19cbb70fe7a0ce5094b6f1add89f5b24cedf3415b2882b501c43ca03,389,conservative_matched,1,1,0.4112080752849579,0.5804300487041474,0.008361880031043257
N0,0a3effbdec3cb466bafb0f3db000792529f8a18b89f03e2f2a477a57ccb23447,390,conservative_matched,1,1,0.013210837170481682,0.7947015762329102,0.19208760634064675
N0,88d41603b7bc18447226de0bd092d97caaafff7d44a58de731f2bfd695e6c89e,391,conservative_matched,1,1,0.03626712393015623,0.8863484501838684,0.07738439626991749
N0,64edd6fd449505aaf4ce23b5e8fd239af0c6c1b9b8ec3b6283f29aa63786d55d,392,conservative_matched,2,1,0.02472658846527338,0.8699458718299866,0.10532752797007561
N0,3aa2f113241cf12a1f41976ff0bf7942caae7298859aebfd67c1ddd2a115c9f5,393,conservative_matched,2,1,0.006686327233910561,0.5954458475112915,0.39786781668663024
N0,28b053e3389d9080286d65e0a159dfd0e84b54ab6f9d29efe76029c4e441d313,394,conservative_matched,2,1,0.006686327233910561,0.5954458475112915,0.39786781668663024
N0,573e5d0c416baabe556bbe6df0da1d23f9d757c682f06acc75cbdeeefa53f1dd,395,ambiguous_shared_key,1,1,0.04035859704017639,0.9000809550285339,0.05956046879291534
N0,31be86aecc38b94fea6900d3b08f0dbc20cdc907d7b94ba8ffefbc3e636be934,396,conservative_matched,2,2,0.0010159822035348044,0.20784302949905395,0.7911409735679626
N0,ca1af162eff48d01248d7b34c3dc4be9123bb4917682c15fcb42f45ba92ce681,397,conservative_matched,1,1,0.09070746377110481,0.8774905920028686,0.03180191433057189
N0,4e2eb26c0fe972eab4b5b004faa49b46156fd4ee3808d325d7e5594a79414a9c,398,conservative_matched,1,1,0.05916938818991184,0.8970484375953675,0.043782226741313934
N0,93b21413c755833e1950d07af850214cfb9b5519b7b21162d63f4c9ee904ca1e,399,conservative_matched,2,2,0.0018531960144173355,0.296292781829834,0.7018540501594543
N0,7cf9fc722144d5c5e38c3fea10921acf4cb1fa34cc1bd7692b29595386d51a2e,400,conservative_matched,2,1,0.004830648808274418,0.5063552677631378,0.48881407976150515
N0,7e00b595bb6999487c74eb830249fdf599a16fe836019185747560a7869a2ea9,401,conservative_matched,1,1,0.013210837170481682,0.7947015762329102,0.19208760634064675
N0,76d06487c4ffc806c0124b367816f652dd15cd43c60141189fb67369207e51fd,402,conservative_matched,1,1,0.05916938818991184,0.8970484375953675,0.043782226741313934
N0,284ec319e69a06d51dc7138b1cd703bdec233bd9862e76e788a66d58b5c93074,403,conservative_unmatched,2,1,0.007201911578886211,0.5186522364616394,0.4741458773612976
N0,05ccbda5c8030aa70186394e3bd73c3d761e81154d70b009f09ac260843bbcb7,404,conservative_unmatched,2,2,0.004779507219791412,0.4155364245176315,0.579684054851532
N0,f31671785b3e105c3461c6f468a73e51b08fb09a2755ffa8ebfec2ee89fdccbc,405,conservative_unmatched,1,1,0.15542720407247543,0.8246942281723022,0.019878610543673857
N0,eab697c8c1d27212af84b30e24e32008b1ecbc67472a7ff95ba552ee19c0db40,406,conservative_unmatched,1,1,0.0551947295665741,0.8880799412727356,0.05672537330538034
N0,af3e8a8edbc429d6e82a0234c201d8cc278db4fd145a68015fd1ab8785e57275,407,conservative_unmatched,1,1,0.14352889508008956,0.8339192509651184,0.02255185480462387
N0,11f18902f6529ccd006f3eb1926c47f115d9549b2c2f079495389befb1eae919,408,conservative_unmatched,1,1,0.23606296479701996,0.7502254247665405,0.013711599929956719
N0,f5c1f313b06ba018dffafebe7e936f738c7877b1fd7def93331d973a91083ec4,409,conservative_unmatched,2,1,0.009559290576726198,0.6825746417045593,0.3078660756349564
N0,b0eb4c514496bbccfadc92bbc9d502a308cf264f615a7270f4508adfa95341f5,410,conservative_unmatched,2,2,0.002333659809664823,0.3058894515037537,0.6917768836021423
N0,5fad3e448c5e1d74ad40706ea43e831ca8eb7c7de5f8b18a8d11e3658f13675e,411,conservative_unmatched,2,1,0.007201911578886211,0.5186522364616394,0.4741458773612976
N0,b76ae4c5df31d41a628c2eac6d63a7191c5c814c94f0f8c36f40d812e2089f6b,412,conservative_unmatched,2,2,0.001637200958793983,0.2599497973918915,0.7384130358695984
N0,8a75076ea3879d0bf0dd017d05b4a245801a302e7b000b0a7b9c1cdb94ca975d,413,conservative_unmatched,1,1,0.3725732803344727,0.6189323782920837,0.00849436837452231
N0,a27435e31856096b869dad34f04f50c26e43660a66718f5643ee8ed2eb51af26,414,conservative_unmatched,2,1,0.012343078991398216,0.6047021448612213,0.3829547792673111
N0,abcb65e9f203ebce43dfcc290e3881ec3fadd75e0780873abb34e688cf2bde55,415,conservative_unmatched,1,1,0.3725732803344727,0.6189323782920837,0.00849436837452231
N0,5fff96165ae228d0b6c109dedffa29fbbe1bb5419a4e17d1eb6b6f7371638adb,416,conservative_unmatched,2,2,0.0008917383529478684,0.15802128314971925,0.841086995601654
N0,ecc8758acbe3ff3c1237190f0844b57b0865bb46d0c940c7ca341391b4a24f77,417,conservative_unmatched,2,2,0.001637200958793983,0.2599497973918915,0.7384130358695984
N0,83a9b71397707247df9fd3717796837f3765429b50236d6099664af84b527b36,418,conservative_unmatched,1,1,0.009559290576726198,0.6825746417045593,0.3078660756349564
N0,cabc765a96e5371085f2124e0c49137c3ea6aa1d74da1cc02c830ee82ebc9b48,419,conservative_unmatched,1,1,0.41948062777519224,0.5745526909828186,0.005966659446858103
N0,447b6eaaa01f44759a3e84e1ae3292b980e1e40bbca619439c1154c93b6ba928,420,conservative_unmatched,2,2,0.001637200958793983,0.2599497973918915,0.7384130358695984
N0,d6a67091791dd72522a6bef06dfea8b0c675a1445234f9512644939352bab471,421,conservative_unmatched,1,1,0.4735914170742035,0.5210007131099701,0.005407856182318938
N0,f69228ae618f2a54598815acf45338b6ad192e9eb36eb4949775495b54e4ef8b,422,conservative_unmatched,1,1,0.0551947295665741,0.8880799412727356,0.05672537330538034
N0,3b6be63e42bced9624f2695926dd4352285f8007d59bd5bb1dd51c40b37024a1,423,conservative_unmatched,1,1,0.15542720407247543,0.8246942281723022,0.019878610543673857
N0,b792c09ee937fae339c13197e2ca35611ec60e9b4d2f0dd62906e390c58a29f0,424,conservative_unmatched,1,1,0.04035859704017639,0.9000809550285339,0.05956046879291534
N0,db9e4ad5925b27ec0584e301c098615d0e7d750f33a62c852097ee5091d20bdb,425,conservative_unmatched,1,1,0.2622488707304001,0.7248415112495422,0.012909601321007358
N0,b50eec873e5ad85197e459d43c6a8a7c64c7be7730e766647b9b32f8958cd6e7,426,conservative_unmatched,1,1,0.2622488707304001,0.7248415112495422,0.012909601321007358
N0,cc1b2843c4a07d3b4fa4abf9fd5537a7a6d4df902398c1cbe928fe3bce259418,427,conservative_unmatched,2,2,0.0009433714702026918,0.18055781871080398,0.8184987902641296
N0,fb53eea3d4cdbfd82c3a411ba354fb72529c745789e35c027a285e3f70071b48,428,conservative_unmatched,0,0,0.7810892343521119,0.21700048297643662,0.0019102889446060089
N0,05b9b2450da4983d21d00900b28b53e5a1f95f950395ddc3ddc45cb106b759b9,429,conservative_unmatched,1,1,0.15542720407247543,0.8246942281723022,0.019878610543673857
N0,a3ac2db16dcc74dd63903b195b7d1a3a53338887f18e8639c30c65d8eae7bc86,430,conservative_unmatched,1,1,0.15542720407247543,0.8246942281723022,0.019878610543673857
N0,66e20104ca9e36937afb002e64108ee63a347a8b7749a55b588d30eb3e1409e4,431,conservative_unmatched,1,1,0.2622488707304001,0.7248415112495422,0.012909601321007358
N0,4197c747bb633c56f7d24ec066c22ea16f41b22682b607527cfd6f1a7a2562c8,432,conservative_unmatched,0,0,0.8595555067062378,0.1391151212155819,0.0013293559177405712
N0,a497a87c94bd318bdbd3ec6561590a06ed35ab4e87ca913472fb109a78f8bbc9,433,conservative_unmatched,1,1,0.009559290576726198,0.6825746417045593,0.3078660756349564
N0,f4485fff06cc355178561099fde1bff774f6df6adb1ce135820fe0e07515311a,434,conservative_unmatched,1,1,0.4112080752849579,0.5804300487041474,0.008361880031043257
N0,2d77937efb442c0e808c407a59ec6405337a2a3460fb13f2f68d8434be09fe8e,435,conservative_unmatched,1,1,0.2622488707304001,0.7248415112495422,0.012909601321007358
N0,e92916be0b17ba8bf1e2d3ce1809285cc94721729d1978c457f4db8c4f4101b8,436,conservative_unmatched,0,0,0.824872636795044,0.17354842871427537,0.0015789208125042364
N0,44b0ff3b5337d07bc238578620590bdec6e1c913e99c9aedd40c7306c5136dba,437,conservative_unmatched,1,1,0.06685952432453632,0.8949763655662537,0.03816411000443622
N0,170bd7b79b3f5e28736c07ca59bd1f2f2b5d4f0778d08d0d065dd684c879d5d7,438,conservative_unmatched,1,1,0.15542720407247543,0.8246942281723022,0.019878610543673857
N0,f0a97bfafce659abcc15ad3b27366b99f919dc16a513c0931d27b70b5eb2bd13,439,conservative_unmatched,2,2,0.0018531960144173355,0.296292781829834,0.7018540501594543
N0,652e6865f9acddc8831b8ce218dbe9e6235e8c801d2bbf80d878c249871281f8,440,conservative_unmatched,0,0,0.9518134236335755,0.04750013686716557,0.0006864718929459945
N0,12f87a813a0f8b8b6295bf7bd67e6b14cf37aea45636ed5ee00d03e5b5987ffb,441,conservative_unmatched,0,0,0.6165507137775421,0.3797732710838318,0.003675996653691982
N0,d63a26a5f8c21cfced4f4ebdcc520a460308329d0c2f1685f083d2ed9ab0b639,442,conservative_unmatched,1,1,0.02472658846527338,0.8699458718299866,0.10532752797007561
N0,7b04f1d594f7376a2f050ee49b8349c5ef562e371b59041d74381aaf3f28418b,443,conservative_unmatched,0,0,0.68175710439682,0.3153078109025955,0.0029350743709983364
N0,3ff83fc265305905760c500d9fe41689de9a1de06044ba371e5d92bef6310802,444,conservative_unmatched,1,1,0.3725732803344727,0.6189323782920837,0.00849436837452231
N0,1a95813d193cd4442bc0b1f87b4bce15afbe7cd42d6c4c82b8f5c88c23abdbf2,445,conservative_unmatched,0,0,0.68175710439682,0.3153078109025955,0.0029350743709983364
N0,e0bd5edf2a653605820916a1a17d66d2397b9ad0dd84f37cbd3fd3810e309037,446,conservative_unmatched,1,1,0.09888440668582917,0.8732455372810364,0.027870042342692615
N0,d3dea6e23727f3861155568fe03f7508dad97315d987d7f509832e7bf6b4eecf,447,conservative_unmatched,0,1,0.4735914170742035,0.5210007131099701,0.005407856182318938
N0,4dab921dc624739a417660847b4c0024fe177b771218333bf14e0d0d4e20aa91,448,conservative_unmatched,2,2,0.0010159822035348044,0.20784302949905395,0.7911409735679626
N0,95a4c4f399ab39050cd2c68303c1b4a717e2b85e43356b382b44a3423cac3ed0,449,conservative_unmatched,1,1,0.03626712393015623,0.8863484501838684,0.07738439626991749
N0,85718d8d0d6c99912cd3eac82bdbbb72cee0878bc1891742d1d9ad494dbb5c0a,450,conservative_unmatched,2,2,0.001519795460626483,0.28738030791282654,0.7110999226570129
N0,5c0c7a72328563a4b2a7d65fab7f740984af9984186caff86b9cca5da6bfe86c,451,conservative_unmatched,1,1,0.15542720407247543,0.8246942281723022,0.019878610543673857
N0,5f11fef5bae9d1258380639662fb95008d4620c9b9b24aad7083e32efacfbdfc,452,conservative_unmatched,1,1,0.3725732803344727,0.6189323782920837,0.00849436837452231
N0,13495fa8b8dd9679b0eab26be9488564259999759eb940cad44c16c962ae81f7,453,conservative_unmatched,0,0,0.57092787027359,0.4237651824951172,0.005306928043660264
N0,1a61ef72c42eed5e7901aa43b40e133c4e51f87ced017db6e1d465d17ca3ec78,454,conservative_unmatched,0,0,0.6648609519004822,0.331513050198555,0.003626017727697217
N0,a6b0e9b589ed3f6caa4497791751bb855f8ff7bd71783f5676489298a186db22,455,conservative_unmatched,0,1,0.3725732803344727,0.6189323782920837,0.00849436837452231
N0,3d49951b870f3bcf189be0c2ef0d5405a6c21987112ed1b195ea3ed4ddfb46d6,456,conservative_unmatched,2,1,0.009559290576726198,0.6825746417045593,0.3078660756349564
N0,3d19f74837a5c6f5e6ce0189453e4c6b522f560699d85fed9af18054565b4fad,457,conservative_unmatched,1,1,0.15542720407247543,0.8246942281723022,0.019878610543673857
N0,0dbe677afded6fdb64050e827a3a7e21d49e0ab3138a60a2e288dd171af53944,458,conservative_unmatched,1,1,0.0799251526594162,0.8844300150871277,0.03564480781496968
N0,36151d13bff095b0f9b3c390fa02f663a49fd45fe72702bad759cd82db3174c3,459,conservative_unmatched,1,1,0.4112080752849579,0.5804300487041474,0.008361880031043257
N0,225629385e18a6854edb9ae5dee2b6c35e44af3143cc0f0fab0867deec5c52bd,460,conservative_unmatched,1,1,0.17509203553199768,0.8062023520469666,0.018705592860351318
N0,3b0abeb2580501c078d50f1862f005665c127524372015d5674ef8679685fabd,461,conservative_unmatched,1,1,0.028858732618391513,0.8905423879623413,0.08059885911643505
N0,30208d526f61c08aa4e9adad5f98e9a48303a9b9357da44a27292465dbc46bf3,462,conservative_unmatched,1,1,0.009559290576726198,0.6825746417045593,0.3078660756349564
N0,8d0f029901600d9418a07f1fd8a7b00c1d0b43e684bd28f66e21c5cf7dcd6021,463,conservative_unmatched,1,1,0.03525954857468605,0.8956131100654602,0.0691273748758249
N0,55d65dd88579a7b1789b4e356b381badd401b3808258dce2c7f346a5dd179c07,464,conservative_unmatched,1,1,0.09888440668582917,0.8732455372810364,0.027870042342692615
N0,65fc55908795c03596628c3be27eff5761f85e2f1b4291d6717c471653ee17a8,465,conservative_unmatched,0,0,0.6648609519004822,0.331513050198555,0.003626017727697217
N0,afa6daaad76b24e7324cb78b11b89285577dc8bbfcf69fd9a2858f75d0d2d255,466,conservative_unmatched,1,1,0.4112080752849579,0.5804300487041474,0.008361880031043257
N0,3f3aa71345eef153c551d8268b4cf413be9de4e5ebe03d0b0aef13d7178f6451,467,conservative_unmatched,1,1,0.013210837170481682,0.7947015762329102,0.19208760634064675
N0,ecddaa9fb5fe0229e957962b58fa482e6fb92d8f808ec76bf3448ae1f9070c00,468,conservative_unmatched,1,1,0.028858732618391513,0.8905423879623413,0.08059885911643505
N0,e0d210eed199a9e6092e65b724d0b6abf80444548010500e25c9fbfa593246e6,469,conservative_unmatched,1,1,0.028858732618391513,0.8905423879623413,0.08059885911643505
N0,3a7f050103c325de4173d8ce18ea31c2b8a5424d5ca15132d1d2e938a40e25f1,470,conservative_unmatched,1,1,0.028858732618391513,0.8905423879623413,0.08059885911643505
N0,d6c2e29b139b700ff7f46855f1fbce6d187c897106391edbf79fbf80ed1f1c14,471,conservative_unmatched,1,1,0.06685952432453632,0.8949763655662537,0.03816411000443622
N0,3228a5c1892f93600a970b9e099b3053b891a018a2b4fcdbe092d118a96a8fb3,472,conservative_unmatched,2,1,0.006686327233910561,0.5954458475112915,0.39786781668663024
N0,55149a64f268a012247a00f9c7f3a36b557a25430fed6016ab547ff1c38e61b2,473,conservative_unmatched,1,0,0.57092787027359,0.4237651824951172,0.005306928043660264
N0,8e4ea3523595a6acd552728b47f2a13b458234f347559c26cb13139a095da1b4,474,conservative_unmatched,1,1,0.15542720407247543,0.8246942281723022,0.019878610543673857
N0,9b5390ef3260489b3c3887f9fe6f349f50d003bb156f7742f95c91a2857f2dae,475,conservative_unmatched,1,1,0.02472658846527338,0.8699458718299866,0.10532752797007561
N0,ecaccecb377bfe6bfdaa2574f6cdc96491a0894b2480612d0376098a403592e1,476,conservative_unmatched,0,0,0.57092787027359,0.4237651824951172,0.005306928043660264
N0,1971d2b4a4cb293ac396176c6d1190289df940842c256fea5bf08fd520cbb4f9,477,conservative_unmatched,1,1,0.11395608335733413,0.859909200668335,0.026134749539778568
N0,50c59de7b7fadd459118ad53531a05379edf5c0bbf8786fc3b4b96a2d52bd55a,478,conservative_unmatched,0,0,0.8070988059043884,0.19096895903348923,0.001932260839377875
N0,9d1ad6603c4fc4417efe8b4d68b4771693ebeb51d9cc5fc47e7d55d6a396ae28,479,conservative_unmatched,1,0,0.529614782333374,0.4651494562625885,0.00523577727144584
N0,8fd0fe4e154f5d8d0e6fd22a060280c5fc7e2f73594c63d13a67e97a3b835a6b,480,conservative_unmatched,1,0,0.529614782333374,0.4651494562625885,0.00523577727144584
N0,e63fd967ad59bf73b27ba4efcf551436428f26a03ab3e1ca498f3e01f0550a1a,481,conservative_unmatched,1,1,0.3725732803344727,0.6189323782920837,0.00849436837452231
N0,e8921714e78de17aa9004ed167d45bd0471420f26d1c05f61df1adaf22cf37fe,482,conservative_unmatched,0,1,0.3725732803344727,0.6189323782920837,0.00849436837452231
N0,2a0de0babe99f6482353deccfb8c5a64a0d4e142134c21435a7d5cb4bb7a44f0,483,conservative_unmatched,1,1,0.3725732803344727,0.6189323782920837,0.00849436837452231
N0,4e8d3b7274c27d5592e32b4eb3028607e6458d3fa96ea1c253fae1519ce42ebb,484,conservative_unmatched,0,0,0.8070988059043884,0.19096895903348923,0.001932260839377875
N0,c32bf43dea1035a78327d54bf13e6655b755788b7cb2b89bbd177edfc1270a1e,485,conservative_unmatched,1,1,0.17509203553199768,0.8062023520469666,0.018705592860351318
N0,39f5260d468bf91cca4bc94b0f64140f65b1569a4eacdacee827afe47a7a43af,486,conservative_unmatched,1,1,0.3725732803344727,0.6189323782920837,0.00849436837452231
N0,8da546665c37fd3768dd5df0c43d9e48a594114602af5888eca3732f0b8f2bdd,487,conservative_unmatched,1,0,0.68175710439682,0.3153078109025955,0.0029350743709983364
N0,d3dcab46cc222b84f1ffdcca86f298db97158c380bc905a790185b05af010c3d,488,conservative_unmatched,0,0,0.68175710439682,0.3153078109025955,0.0029350743709983364
N0,aeac0b830c55c2d51b6a33e30e0be051cd140df152dd398a2eddab2a28bf9b35,489,conservative_unmatched,1,0,0.6165507137775421,0.3797732710838318,0.003675996653691982
N0,f1f7629e3f53f2d8e749f46a993a6e72aa316c1d9c1f8b1c67c6dd1a677d2932,490,conservative_unmatched,1,1,0.23606296479701996,0.7502254247665405,0.013711599929956719
N0,8e66ea34596e3d99a63ea5e1e0165c156c716d735eff28f761ac0ed48e7252b4,491,conservative_unmatched,0,0,0.7585461854934692,0.23910837173461913,0.002345498439325411
N0,5db554cde5ce7bc9cf816db20cff72939c5d380706d527f487672a618aca59be,492,conservative_unmatched,1,1,0.4735914170742035,0.5210007131099701,0.005407856182318938
N0,ad3bbd4bc195aca26dbe34255846b204647007f9008cd1604caf31a6030ec266,493,conservative_unmatched,1,0,0.529614782333374,0.4651494562625885,0.00523577727144584
N0,6807374cf8dc72644182a43a9da4afcfba4ad80f80c056f982d40cb0cdd9609b,494,conservative_unmatched,0,0,0.6165507137775421,0.3797732710838318,0.003675996653691982
N0,e92297353a3a22b944725a165b52f80a1965ee09f6178dfc184860131871920c,495,conservative_unmatched,1,1,0.013210837170481682,0.7947015762329102,0.19208760634064675
N0,64093b9f13e7c9c5796331cf22a51a3878853dd9a68ddd7e2bd97746e9a148f9,496,conservative_unmatched,1,1,0.006686327233910561,0.5954458475112915,0.39786781668663024
N0,c997661e8f088ce61daed2d734e2baf038d0a5f5a2326a8545dcefa81f72bec0,497,conservative_unmatched,1,1,0.15542720407247543,0.8246942281723022,0.019878610543673857
N0,d064c27e57ecbf5d0cace935aea0fc9d1053dd486ab0eaeec1c8b8e510cc7bd3,498,conservative_unmatched,1,1,0.013210837170481682,0.7947015762329102,0.19208760634064675
N0,e01c7f73d3b9c5e56e27a66af611a14995b4b65854a282507dbf90ced9dc54ac,499,conservative_unmatched,2,2,0.0008174177259206772,0.1714916929602623,0.8276908874511719
N0,ee64c4c983197496a5a20dfb847c9b4515dbdade50852024c565d1a74b63cc24,500,conservative_unmatched,0,0,0.824872636795044,0.17354842871427537,0.0015789208125042364
N0,9662010e2490990d85dd702691d3e752f5a17e905f96d98be43c275a1e08a893,501,conservative_unmatched,1,1,0.02171230111271143,0.8697777152061462,0.10850997213274241
N0,f84b59feebc9f4c0c496f360f1ca19bbe2d5beeb52f49c9fc163d951a96cd776,502,conservative_unmatched,0,0,0.57092787027359,0.4237651824951172,0.005306928043660264
N0,f9871cd35fbbef3dcc9a11edf31cde93a1421f2f6768ec1eda59f1fd8a7eda5b,503,conservative_unmatched,1,1,0.006686327233910561,0.5954458475112915,0.39786781668663024
N0,f865f3eb3350200dfbeb524ebdd2d755fefe3d4d2a2093ca5e4c3d388c760e50,504,conservative_unmatched,1,1,0.02472658846527338,0.8699458718299866,0.10532752797007561
N0,6c25dd980ae55d61fd3c42c5c5e6030ac2dddb2fcce89e3ba55d1ed3f42fab9e,505,conservative_unmatched,1,1,0.09888440668582917,0.8732455372810364,0.027870042342692615
N0,555340884fdb40170947c98290702c40554069d24cf22f20a9785c5218582ca2,506,conservative_unmatched,1,1,0.2967123597860336,0.6905800938606262,0.012707544388649693
N0,b4ddfccd8e4d07b77338aafe76e7c9ca43343a328bbb848444a3ecb6133dc14d,507,conservative_unmatched,1,1,0.09888440668582917,0.8732455372810364,0.027870042342692615
N0,857b369ecd76d80997f03f4eb841148b4a57ca5b325132205a6ff964ff20122c,508,conservative_unmatched,0,1,0.4112080752849579,0.5804300487041474,0.008361880031043257
N0,74137ae4e7726b7bd996489326eb22a2b8918ea0504267c8fb1fbab7f5ae7b42,509,conservative_unmatched,2,2,0.0009433714702026918,0.18055781871080398,0.8184987902641296
N0,862548383e807e3e1f19b50f24a8569b6ffb9dec43bdb049f653d08bc3af9d3a,510,conservative_unmatched,2,2,0.0012088783361832612,0.2177825689315796,0.7810085654258728
N0,50a1482d80d92dbb826319e4766efc53b1bdf8ad4e84880dca534a5dda4f5043,511,conservative_unmatched,1,1,0.2967123597860336,0.6905800938606262,0.012707544388649693
N0,09483a45ca26429c517c73946e7c0e42d0b268c8e54f9f87e8d06f6ddbddf0e6,512,conservative_unmatched,0,0,0.8070988059043884,0.19096895903348923,0.001932260839377875
N0,e3b43d0c2f88cf262221ae16e2204cd0eab17feeda587be40cda3a8f76eae2f7,513,conservative_unmatched,0,0,0.8292422533035279,0.16877099946141244,0.0019867611228633563
N0,2df6a5e9d91cfa9be614ad5f9caee8cc67f367e07626e56fc4f67efbfaceff1f,514,conservative_unmatched,0,0,0.8454707264900208,0.15291029661893846,0.001619021522189712
N0,293fd70db77ae8dac4ff7015aa8471bbee8dc11c94d69214be1164a3a65ded47,515,conservative_unmatched,1,0,0.6648609519004822,0.331513050198555,0.003626017727697217
N0,1d8c825fa4140f5726cf96d2fbc410daf8dc1449a57aa3018d8d69710baf1acf,516,conservative_unmatched,2,2,0.0018531960144173355,0.296292781829834,0.7018540501594543
N0,96fe6b8a15df2ad16bdc1b1426c5388a37e247e2707b5f5e0efc650981a54522,517,conservative_unmatched,2,1,0.006686327233910561,0.5954458475112915,0.39786781668663024
N0,058ccc5f0c17c416ef06df1ed5deaa48d112f42a14f667bcf9846fdb664ef366,518,conservative_unmatched,0,0,0.8626630902290344,0.13565957099199294,0.0016773556414364065
N0,ec4ebe569d3745dd4c8b9698518c7aa342acae412e99da6fde3e888b7d603a83,519,conservative_unmatched,0,0,0.7865989089012146,0.21102204024791718,0.002379058739751372
N0,6249033ebb4873778de8d435f8863876ed0ccf3c336662af8118b4596dbc2285,520,conservative_unmatched,0,0,0.7810892343521119,0.21700048297643662,0.0019102889446060089
N0,6be95b1a0e561d03e9ff9bb3bf48e85fc3bb4ae85b750949097b5270445e0b2f,521,conservative_unmatched,1,1,0.4735914170742035,0.5210007131099701,0.005407856182318938
N0,efb4d196f4193d1291a1cfb89719e049b970e0bf437f8a7e200e7362d60ca360,522,conservative_unmatched,0,0,0.7246285080909729,0.2724715620279312,0.0028999230208910376
N0,ccd0b5095c5ca020ed29dcb4ed07bc78fb4f8bd1d01103c832c16f74415da411,523,conservative_unmatched,0,0,0.8717994928359986,0.1270988926291466,0.0011016224331029888
N0,866639f3b9f95c14339f44ed24824b71cda6a70d63a86fe0edf0685a8baf5c75,524,conservative_unmatched,0,0,0.68175710439682,0.3153078109025955,0.0029350743709983364
N0,7788b10861e73289e28b8fbecdb74643ae51fd2135b9ae4865d7ae2a22141973,525,conservative_unmatched,2,1,0.004830648808274418,0.5063552677631378,0.48881407976150515
N0,c79ed7e1c220976e51dd4332360fd4507729186d68877b8df22893d4867d9530,526,conservative_unmatched,1,1,0.009559290576726198,0.6825746417045593,0.3078660756349564
N0,a9da9db2467c1a5fe7257adb1987e930ea751470576c10c82f4397f3dd37b63f,527,conservative_unmatched,1,1,0.4112080752849579,0.5804300487041474,0.008361880031043257
N0,59e566c9593c67991a9806b91f08f73822a0101cbf3d442380b33413985e2c61,528,conservative_unmatched,0,0,0.529614782333374,0.4651494562625885,0.00523577727144584
N0,85a02e1802e7b312ed957ee39e2bbfe0b4632dd2d25d3a8ce177b48d26ba1fc2,529,conservative_unmatched,1,1,0.09888440668582917,0.8732455372810364,0.027870042342692615
N0,302494caeb3ee0101f8f544443114bef1a41d67b3f2ce1366f69f9a3f31ce11c,530,conservative_unmatched,0,0,0.5626071274280549,0.4335022151470184,0.0038906274064174793
N0,d26328550683e27aa4c4fe5be7e2d668c08dadae337ff364dbeb060fd5a931bd,531,conservative_unmatched,1,1,0.2622488707304001,0.7248415112495422,0.012909601321007358
N0,c67ea185339d2fb8c8312dc38cff21dc6b000f785be421eef88bbdcdf6c6b17a,532,conservative_unmatched,0,0,0.754457700252533,0.24259241223335265,0.0029498460615513976
N0,1c68670c6ff38a49598f90f6157ce8bac895df1254da553b54bf687cfa750f91,533,conservative_unmatched,2,2,0.0024221307889092714,0.35592061281204224,0.6416572570800781
N0,4f4759b87edf8e38b6b6c5dd3a52b7fd18a9f97b78b0b8933276755f4ad88080,534,conservative_unmatched,1,1,0.05916938818991184,0.8970484375953675,0.043782226741313934
N0,ff5ec594276eaf7458f2130bcf3e75b5d349c038b2b084453d15878aca86b077,535,conservative_unmatched,1,1,0.23606296479701996,0.7502254247665405,0.013711599929956719
N0,aeabe5f00bb9cc0af7000e3fafc88866155e65ab4d5da58274d0dee130a02388,536,conservative_unmatched,1,1,0.009559290576726198,0.6825746417045593,0.3078660756349564
N0,721efe630e75ad47ccaef650071f9859ae1b8779a8c95ecea3c05cada999c1f2,537,conservative_unmatched,1,1,0.02472658846527338,0.8699458718299866,0.10532752797007561
N0,d1ad465a150c1a7e96ab02a505ebb64e6d4a4d6ed85a8269d159aae2333f6aab,538,conservative_unmatched,1,1,0.09888440668582917,0.8732455372810364,0.027870042342692615
N0,33aa276ee8893c316e5b08f90d403be82db716c7a10ce7d0c6a91aa861061f55,539,conservative_unmatched,1,1,0.3725732803344727,0.6189323782920837,0.00849436837452231
N0,2de6307edc2b60e3648d6c261996c60ddb15ccc9f4069aee2e9ee4e9ca9dcaee,540,conservative_unmatched,1,1,0.23606296479701996,0.7502254247665405,0.013711599929956719
N0,e40a0fc10b44506213ca47e78c7d510fb7715425780e3f270f0a25a0b0fc9acd,541,conservative_unmatched,1,1,0.2967123597860336,0.6905800938606262,0.012707544388649693
N0,d1958961f2d45dc817103b882041c89ee03cfc904630b276a8df79cc1bb77be4,542,conservative_unmatched,1,1,0.15542720407247543,0.8246942281723022,0.019878610543673857
N0,112e7b51e7d078dd62fe5bcec15f48660dbfc572df659aea50141c8a731a6877,543,conservative_unmatched,0,0,0.529614782333374,0.4651494562625885,0.00523577727144584
N0,26b4822fa63df3b3e9c29f678473792ea52b5b587e2cab81296a5a914d19b8b3,544,conservative_unmatched,1,1,0.06685952432453632,0.8949763655662537,0.03816411000443622
N0,bb9a219543e713c160a8c0a5217ff0448abee776e104949e51d702515e4d91d8,545,conservative_unmatched,0,0,0.6165507137775421,0.3797732710838318,0.003675996653691982
N0,60dac4fdcf327b961a62f11465381e422541c18c956cf5cf22c128d4b842b021,546,conservative_unmatched,2,2,0.004178529500495643,0.4359198033809662,0.5599016606807709
N0,d98717d4a561c7ad6b0aa9c5e73ecccbfb6510d07c8f23d7934fec3f8fbcf474,547,conservative_unmatched,1,1,0.15542720407247543,0.8246942281723022,0.019878610543673857
N0,298396fbfdd8164ae18c277866976ca23849141cf1815c2bcec80e4ae07c61b7,548,conservative_unmatched,1,1,0.17509203553199768,0.8062023520469666,0.018705592860351318
N0,fb94ee8ea1e782bef0347d3f68c7a3b2779dd41a95c0aa9dfffc9da76f70ba9f,549,conservative_unmatched,2,2,0.0007457213889210835,0.1306000418961048,0.8686542510986328
N0,e04e7d38a93aac3cae8930e1afcc919894b9a520fcb4dca988b331ff9b2900f1,550,conservative_unmatched,1,1,0.02472658846527338,0.8699458718299866,0.10532752797007561
N0,5b5485c49c314af261c3458801b8a573f2c1563a3c311c29143aab59d9d911ea,551,conservative_unmatched,1,1,0.009559290576726198,0.6825746417045593,0.3078660756349564
N0,7c393fcb8c6e7a0bd9c175f589c70e5aa04536220517e7b236f9e14bf21c6822,552,conservative_unmatched,1,0,0.529614782333374,0.4651494562625885,0.00523577727144584
N0,05567423ae09c5925d6146877dafb322bf8ffcd07a7f3933256d62e795f81820,553,conservative_unmatched,1,1,0.09888440668582917,0.8732455372810364,0.027870042342692615
N0,f0a4ff0b2550559804aa110b3356616d37f08aea297e713738efde6a82a9c905,554,conservative_unmatched,1,1,0.15542720407247543,0.8246942281723022,0.019878610543673857
N0,acb36f95ba3fa4630d97646560eebd228e5df633a2b53197160afadbac82d3d7,555,conservative_unmatched,1,1,0.009559290576726198,0.6825746417045593,0.3078660756349564
N0,def918c1724a318819400b627c2284b9d77b244b87ba2494717c910e5c9c38bc,556,conservative_unmatched,1,1,0.3725732803344727,0.6189323782920837,0.00849436837452231
N0,dba044228ddb18bf24955ec6f54e2d9d259a453b9e3cc7ac001d1eb1b5c9b9ff,557,conservative_unmatched,1,0,0.68175710439682,0.3153078109025955,0.0029350743709983364
N0,81797337a73820dc32b1a903022de6137363f685e79ff3d28361b746ffaed4d1,558,conservative_unmatched,1,1,0.1325618825852871,0.8389161467552185,0.02852198895998299
N0,f4d53f6572ae8b078ab81ba0147ca9577c4911fee5434fc10bcd3664f586de6f,559,conservative_unmatched,1,1,0.04035859704017639,0.9000809550285339,0.05956046879291534
N0,db842124e7a33dd5887c8d22a815b1649cda7401b683f5f9cc6c7a9dbd533a3e,560,conservative_unmatched,1,1,0.4112080752849579,0.5804300487041474,0.008361880031043257
N0,dfb22216dca7b15a73c5d13592b3a4d456865e6b14a914fc23a7440d2c793feb,561,conservative_unmatched,1,1,0.4112080752849579,0.5804300487041474,0.008361880031043257
N0,49adb4d4ef7cf9b7221faad79fd9c2cb259872644777044983365486723c67f4,562,conservative_unmatched,1,1,0.03626712393015623,0.8863484501838684,0.07738439626991749
N0,be89c78f29804f04841228bffef4532f286878a08b52cf8f4f17b15a9fa83364,563,conservative_unmatched,0,0,0.9518134236335755,0.04750013686716557,0.0006864718929459945
N0,1e575562ac1159a8405c09757fa2ecb84640a371604a760ff9c484986079044d,564,conservative_unmatched,1,1,0.2967123597860336,0.6905800938606262,0.012707544388649693
N0,297cf77b86d2fe61e413421d7216874ab77f45748dff5f7a2531cdaab79a4050,565,conservative_unmatched,0,1,0.2622488707304001,0.7248415112495422,0.012909601321007358
N0,42782168745dc8505000dbae693962b78560d30e77d5c939cf351a8b1435ee0b,566,conservative_unmatched,0,0,0.754457700252533,0.24259241223335265,0.0029498460615513976
N0,6fd9a47fad5e93b780be9618fa002099728d3eff67212f1dfd621d4fe09e5eca,567,conservative_unmatched,0,0,0.9594271302223205,0.04006100436672568,0.0005118570887770902
N0,c196a7c8ed3ca9e717d3bd3e95cdfe28d93e5d9cf747d077bb16d08a20a5e14a,568,conservative_unmatched,0,0,0.5048177242279053,0.490778374671936,0.004403876515425509
N0,6fb20bf325c96c92f7685718fe8ac085abc4d9ae3655bac14eeb57923a7ace8b,569,conservative_unmatched,0,0,0.8176206231117249,0.1810853198170662,0.0012940929361903385
N0,2f662e03b27bfb4526a71add2807e7200b7744865e734e627c558dbfcd716b5d,570,conservative_unmatched,0,0,0.7585461854934692,0.23910837173461913,0.002345498439325411
N0,882cedeb9fc2ec46872ae63c3be3b86e9760a8947f6a1cb1a2e0b94eaefa5a4b,571,conservative_unmatched,0,0,0.6165507137775421,0.3797732710838318,0.003675996653691982
N0,8083fab72781bef33f4c3f68371defad870524369b374017badac30ed6b5920b,572,conservative_unmatched,0,0,0.8966460466384888,0.10240691415965557,0.0009470351586600145
N0,83113f35b1ed6dcd55e689ac8670be1b8e9643d34559e493146083d8e5945dce,573,conservative_unmatched,1,0,0.68175710439682,0.3153078109025955,0.0029350743709983364
N0,1aaef0af18b1a224fa7924b8a1453fb8b5547a6dea9cbd572550da4fdf495da9,574,conservative_unmatched,1,1,0.32383904457092283,0.6669893264770508,0.009171642106957733
N0,7be80fb1e0b72f3463c8bb1765680e76d75477d56995fa3950c138b538110adc,575,conservative_unmatched,1,1,0.15542720407247543,0.8246942281723022,0.019878610543673857
N0,55dda6439343432382a3c5fcfd38503ba528580be87b0d35cdba66b9c9b827d2,576,conservative_matched,1,1,0.3725732803344727,0.6189323782920837,0.00849436837452231
N0,531f8aca33aab4bfc992087de862b25def4dea5b91bea6cc49aacbad07b45b7a,577,conservative_matched,1,1,0.4112080752849579,0.5804300487041474,0.008361880031043257
N0,4b55155083aea75c9650635eb846d1e7abeaa867e3c5c629e2c90461482485f1,578,conservative_matched,1,0,0.6165507137775421,0.3797732710838318,0.003675996653691982
N0,cbff20bc53e43cdc376274e957b0ffc5d0e44adc151c80bdf4bbcae92be525c1,579,conservative_matched,0,1,0.3725732803344727,0.6189323782920837,0.00849436837452231
N0,05ccbabae43833184ec6c444793c4e8cacbda9996a75f0cd529a00fb88642dda,580,conservative_matched,1,0,0.6165507137775421,0.3797732710838318,0.003675996653691982
N0,d083e107e8f39557b9da7bae2f268fd65ec49b913d65d226417086af94f9511c,581,conservative_unmatched,0,0,0.7810892343521119,0.21700048297643662,0.0019102889446060089
N0,77746b53c327b916c5ec4cc31ec639b45db4160f2d1135410449c6eaa0246f2e,582,conservative_unmatched,0,0,0.7810892343521119,0.21700048297643662,0.0019102889446060089
N0,27810cd10888196a27cced776fd1436adf51d1cae60009f0c7ef8058309b1000,583,conservative_unmatched,0,0,0.8292422533035279,0.16877099946141244,0.0019867611228633563
N0,6dcbeeb20de7ab3fb6be30cae5c029490f226a6c6e9839f8bb4882119aa94265,584,conservative_unmatched,1,1,0.15542720407247543,0.8246942281723022,0.019878610543673857
N0,344202bfae426b40571c614ea63322e5df0a08a9e6479a8ee7d45ead1a7607bf,585,conservative_unmatched,0,0,0.7865989089012146,0.21102204024791718,0.002379058739751372
N0,4d38119ab66a25344f4d5e9cac08e7a79647052d37639e78099d0d83f405388c,586,conservative_unmatched,0,0,0.7246285080909729,0.2724715620279312,0.0028999230208910376
N0,815683c5eb3b782f1a2feeefe55a834447a90f6a62356c843d751e6ed6f7089f,587,conservative_unmatched,0,0,0.8454707264900208,0.15291029661893846,0.001619021522189712
N0,f2467f3e3e1aa7ea454678b2f6366dcc05717a73be181ad40e267ca3f4a20eaf,588,conservative_unmatched,0,1,0.4735914170742035,0.5210007131099701,0.005407856182318938
N0,e8163c001a265fe053d03db65ff85765ce01cdbe0255fccc0cdc667d3e54d98b,589,conservative_unmatched,1,0,0.5626071274280549,0.4335022151470184,0.0038906274064174793
N0,4d13f0a81cacab75a84d737ab08cf1b5159479efc79f18190e8eff251f50d3a5,590,ambiguous_shared_key,0,0,0.7585461854934692,0.23910837173461913,0.002345498439325411
N0,8d5547c0b5e44d69c28a4cead541c515bc82e8f18adfd972abf57b2824ce7a43,591,conservative_unmatched,1,1,0.02472658846527338,0.8699458718299866,0.10532752797007561
N0,43460a59a097e1443e8fbc9958de350337bb25f8ffffc2fc154630bccfe4cab4,592,conservative_unmatched,1,1,0.05916938818991184,0.8970484375953675,0.043782226741313934
N0,11f088393304daadcce4ef6f7aeb11030a552f71b38036237f26bfcd5781383c,593,conservative_unmatched,1,1,0.02472658846527338,0.8699458718299866,0.10532752797007561
N0,5cbc809b12bbee7f9264f64fb42ed13d33f0a6e6a36184a8abaaf767c2a5e4d8,594,conservative_unmatched,2,2,0.0006481837686806103,0.10831732973456383,0.8910344839096069
N0,f1c806ba37d90be9bd2c5d433faae60be09e78bd25bdd026832fc63f5b765d18,595,conservative_unmatched,2,2,0.0007754677051707403,0.14890141636133195,0.8503231406211853
N0,638b177ebfd03aac5f3afd7b87a4197f8724aebf6fb9331b5739e0ecf63e509b,596,conservative_unmatched,2,2,0.0007457213889210835,0.1306000418961048,0.8686542510986328
N0,88141e1c7c290dd5013d1430599c08e066cf9b67d49c79ba4eed15b5368f8865,597,conservative_unmatched,0,0,0.9415446162223816,0.05749549251049757,0.0009599389150282911
N0,95e8238ccef68ad4f8150229d207753b7ab128e23d88ab78b7641a93e0bf0b7f,598,conservative_unmatched,1,1,0.15542720407247543,0.8246942281723022,0.019878610543673857
N0,62984b6078e75a305726c858e36e398e1c744cb748f515a9cfe0fc9d54a69c63,599,conservative_unmatched,1,1,0.02472658846527338,0.8699458718299866,0.10532752797007561
N0,28acd3c3d384d8b12fc6beb8a099937473fcf151408bd2085df22511ad2be313,600,conservative_unmatched,1,1,0.02472658846527338,0.8699458718299866,0.10532752797007561
N0,822a295f2c49ded241a54272d201a97fb3dc1b2409068f0e353f918e741a9ae8,601,conservative_unmatched,1,0,0.7246285080909729,0.2724715620279312,0.0028999230208910376
N0,4a8567b621350cc729465a20bc85964673deb69044ecf71e3b59a4220f804585,602,conservative_unmatched,1,1,0.05916938818991184,0.8970484375953675,0.043782226741313934
N0,e452e684933e73c5030cb56fab663ab3633a1033ce3f9525ca49c259cb1ed4b7,603,conservative_unmatched,0,0,0.9572072148323059,0.042231645341962575,0.0005611288295280459
N0,ac5e5e4d7d88c4fc6bed3d9c971328c75ec9aeedf9f5e57eeb490d0e05eb0235,604,conservative_unmatched,1,1,0.3725732803344727,0.6189323782920837,0.00849436837452231
N0,e76d30071132859aee98d30842d0336ad4f55ec000ceee702f40c262f5d29fe4,605,conservative_unmatched,0,0,0.9572072148323059,0.042231645341962575,0.0005611288295280459
N0,fecb7614f4f605bdc5a580d71a1b278aede770767de1712824a679c6ef5d62c5,606,conservative_unmatched,2,2,0.0006481837686806103,0.10831732973456383,0.8910344839096069
N0,0c62dd9eba4e97411d8065ea4a297154674fd8225c2e5435c85f3e545314f202,607,conservative_unmatched,1,1,0.09888440668582917,0.8732455372810364,0.027870042342692615
N0,b08cc7b11c2239e58759422b6bf5a2d08f13ee0ebbe8cc8c7d36f98a1fed1f20,608,conservative_unmatched,1,1,0.4735914170742035,0.5210007131099701,0.005407856182318938
N0,2ca5957ec014c711ba4a9356fa48dce7c2814b7c34ce6430ed68fa5e83b052e6,609,conservative_unmatched,1,1,0.09888440668582917,0.8732455372810364,0.027870042342692615
N0,71388cc5368946416cbcddee50e2af8f0a6a2794c83dcda516b9f0463aa6ad3a,610,conservative_unmatched,0,0,0.9470811009407043,0.05211213007569313,0.0008067982180233301
N0,01da3e159b6ce80ac8e0f280d001e0b1feae934b7f87e69e52a68f6f40f1631b,611,conservative_unmatched,2,1,0.006686327233910561,0.5954458475112915,0.39786781668663024
N0,cbabb7d95eace71c3efce48e034e79054df0c1930a226772f3ea9a3f42eb2cad,612,conservative_matched,1,1,0.15542720407247543,0.8246942281723022,0.019878610543673857
N0,2d1b2dad312d67abe149344cc5753c2181558ff169882e194058c0eea17a64f6,613,conservative_matched,1,1,0.2622488707304001,0.7248415112495422,0.012909601321007358
N0,0bc52b5e19aa1667f7fbc7756b07899f366c304e861f02d85e0aef1f64de3cbe,614,conservative_matched,1,1,0.04035859704017639,0.9000809550285339,0.05956046879291534
N0,457bc623d54c8df675fda66a9a5a159bb6259cf81fdd5a312ea24da7116effd3,615,conservative_matched,2,1,0.004830648808274418,0.5063552677631378,0.48881407976150515
N0,fb2e62e9e165d1b9fc47a6787af9d64df4a4b63f931a035289966a672894fdfe,616,conservative_matched,1,1,0.013210837170481682,0.7947015762329102,0.19208760634064675
N0,72d66c7979e51d234b4f5c7cb46e06e165d847b6d88d705eae864ec291dd7fd2,617,conservative_matched,2,2,0.0005894817710213829,0.10207282230257989,0.8973376989364624
N0,864a47eb9df8de430cc753dc49cfb0c61bbddcd7e39861184b1c6ac25ac9961b,618,conservative_unmatched,2,2,0.0011282959138043224,0.2403920114040375,0.7584796786308289
N0,352f35ab026498342b42592c28f2e2be9498c17dfa667c80faea045076e8af7f,619,conservative_matched,1,1,0.028858732618391513,0.8905423879623413,0.08059885911643505
N0,56d3d8cfe1ee66937b1b304de962e50840fc5df249cec9cc9f427db1842d8971,620,conservative_matched,2,1,0.004830648808274418,0.5063552677631378,0.48881407976150515
N0,3f51ef1cc86ab991c28a55516800a2b6b5ef37565f358b017c65fa7577187dfa,621,conservative_matched,1,1,0.017656061332672834,0.8395070672035218,0.1428368676453829
N0,dd38559e4db1b62eb9ee7721afb2fa8ba6d0e620b0ca68c3466a2b552c86f887,622,conservative_matched,0,1,0.4735914170742035,0.5210007131099701,0.005407856182318938
N0,5bfc17c84629c446ef515aaeaab83b0c8b4ad7591746f50c3f337e0eef4bd5ce,623,conservative_matched,2,2,0.0013343883503694088,0.24979589879512787,0.7488697171211243
N0,a288de67ba6e534c619fb61e1a8643504542cbb8d7cfc5f5b4a96fa78e5ef948,624,conservative_matched,0,0,0.7246285080909729,0.2724715620279312,0.0028999230208910376
N0,f21c6f9076039176e5eb15df163162d58f098a9ae11653ad81acafabb9c36e7c,625,conservative_matched,1,1,0.2622488707304001,0.7248415112495422,0.012909601321007358
N0,791278aa8844499b0a60f95a26795155a5f9545a142a562dca7b40238639b234,626,conservative_matched,0,0,0.8756203770637512,0.12300622463226318,0.0013734153644506363
N0,f73037bf5bb7948b4d6c45d2a9d27260dd1e3d46d4cda2bb4658f1b9abe5c35c,627,conservative_matched,1,1,0.3725732803344727,0.6189323782920837,0.00849436837452231
N0,9dfe951a72432d669852444c668c15b73a677afe22aab4dd3febadf96aea1bbc,628,conservative_matched,1,1,0.15542720407247543,0.8246942281723022,0.019878610543673857
N0,ef3b33bfd33c9a8d675e8c1562f5c2d503094b1f1887af3be3c1e16e100d9af4,629,conservative_matched,0,0,0.7585461854934692,0.23910837173461913,0.002345498439325411
N0,ba39525bb89a78df7e0bc9a040dd9c4c00f64baba2719bf9fb4a4bf7aa3dcffa,630,conservative_matched,2,2,0.0012088783361832612,0.2177825689315796,0.7810085654258728
N0,ca60a0d1bd9510735b9a2c5edb1ab0a7eb2dd31d96b642bce093e7ba08286f2c,631,conservative_matched,1,1,0.15542720407247543,0.8246942281723022,0.019878610543673857
N0,0b62dbcc4ebac3c7caeb54877d5a7729939755248ef62d510998e9e0fbed957f,632,conservative_unmatched,0,0,0.7585461854934692,0.23910837173461913,0.002345498439325411
N0,52a96206cbacbf10f2bc11340bd5210d489f276f3d08ac28be80c19d2cf1da08,633,conservative_matched,1,1,0.009559290576726198,0.6825746417045593,0.3078660756349564
N0,2fe1c3d95e43dc7878c7ba2874a7cb62e7829661ff3655b02f110fd5bf516184,634,conservative_matched,2,2,0.0010159822035348044,0.20784302949905395,0.7911409735679626
N0,61b0a6498279a260ce8cabb4d4114bb5cda03e71c6f6954d7b766ee8a31b2746,635,conservative_matched,0,0,0.6165507137775421,0.3797732710838318,0.003675996653691982
N0,9601c9dd198c4a6dc5124d4d420e2ff339734b9a9e1079da056b3412d663b347,636,conservative_matched,2,2,0.0007457213889210835,0.1306000418961048,0.8686542510986328
N0,29fce523320e3983ff6849f6c475a158aa2fe75ebd2e9c644855bcd863b27cc7,637,conservative_matched,0,0,0.8070988059043884,0.19096895903348923,0.001932260839377875
N0,6f3f6818c91a4e4ac44cd061158f5c34bee1b5baac40fd4e469a3ed20476104a,638,conservative_matched,2,2,0.0024221307889092714,0.35592061281204224,0.6416572570800781
N0,1f54ce13a7724f8e43df533f143951e361144f772d6d5ce76fe8e5fc8c77364c,639,conservative_matched,0,0,0.8006443619728089,0.1977897509932518,0.0015659012995769216
N0,c69567d2d69504dcc3e49e555057fd7d89a52635db8622cab985007a194e53ea,640,conservative_matched,0,0,0.8070988059043884,0.19096895903348923,0.001932260839377875
N0,4ec623fdc95e46d2eebb4a617716702a53c1664c18b6850a31a71541fbaf8d81,641,conservative_matched,2,2,0.001637200958793983,0.2599497973918915,0.7384130358695984
N0,a35adafe1567244423f4e723b5361fdfc62fb0c766c9685554fa976277ee04ba,642,conservative_unmatched,1,0,0.7251801729202271,0.27244639992713926,0.002373431604087273
N0,7ccf5e3af45d32c2b891424dd669788c94857f3adff5795a33e4b30a42f41db3,643,conservative_matched,1,0,0.68175710439682,0.3153078109025955,0.0029350743709983364
N0,f348edbafe367b5ca9552438520be0642620dd2e2fa1312d7bf2b74940eb9780,644,conservative_matched,1,1,0.15542720407247543,0.8246942281723022,0.019878610543673857
N0,f2d3074dfbaef344aa4981cbffee6d788ff0def980a874cc42e1dd4df85a9726,645,conservative_matched,2,2,0.001519795460626483,0.28738030791282654,0.7110999226570129
N0,360878e8a6171b73196b1189a0e33d9b6733e9ad741d46f90bee01573fbef0dc,646,ambiguous_shared_key,0,1,0.05916938818991184,0.8970484375953675,0.043782226741313934
N0,674130e6bbe693f70e17ce995304b93967bd09052c13f383b45753334d551bc7,647,conservative_matched,1,1,0.2622488707304001,0.7248415112495422,0.012909601321007358
N0,1f87f903f6991bf3f713838f4ac2d9b2d167b93ad3fc82cd0bb8919543bca220,648,conservative_matched,1,1,0.15542720407247543,0.8246942281723022,0.019878610543673857
