stage,candidate_id,outer_fold,inner_fold,seed,trial_number,status,fit_stages_completed,runtime_seconds
outer_evaluation,R0,0,,42,,completed,0,0.0
inner_search,M1,0,0,42,0,completed,1,0.22801830000025802
inner_search,M1,0,1,42,0,completed,1,0.2156498999993346
inner_search,M1,0,2,42,0,completed,1,0.22083099999872502
inner_search,M1,0,0,42,1,completed,1,0.22280210000099032
inner_search,M1,0,1,42,1,completed,1,0.22544009999910486
inner_search,M1,0,2,42,1,completed,1,0.22404900000037742
inner_search,M1,0,0,42,2,completed,1,0.11281319999943662
inner_search,M1,0,1,42,2,completed,1,0.11208409999926516
inner_search,M1,0,2,42,2,completed,1,0.11227619999954186
inner_search,M1,0,0,42,3,completed,1,0.32583359999989625
inner_search,M1,0,1,42,3,completed,1,0.3297357999999804
inner_search,M1,0,2,42,3,completed,1,0.331843600000866
inner_search,M1,0,0,42,4,completed,1,0.21894199999951525
inner_search,M1,0,1,42,4,completed,1,0.2205353000008472
inner_search,M1,0,2,42,4,completed,1,0.21540359999926295
inner_search,M1,0,0,42,5,completed,1,0.32381810000151745
inner_search,M1,0,1,42,5,completed,1,0.33228110000163724
inner_search,M1,0,2,42,5,completed,1,0.3464382999991358
inner_search,M1,0,0,42,6,completed,1,0.32135290000042005
inner_search,M1,0,1,42,6,completed,1,0.33735129999877245
inner_search,M1,0,2,42,6,completed,1,0.3560790999999881
inner_search,M1,0,0,42,7,completed,1,0.12165140000070096
inner_search,M1,0,1,42,7,completed,1,0.11184140000113985
inner_search,M1,0,2,42,7,completed,1,0.11405550000017683
inner_search,M1,0,0,42,8,completed,1,0.22164370000064082
inner_search,M1,0,1,42,8,completed,1,0.21768039999915345
inner_search,M1,0,2,42,8,completed,1,0.21869890000016312
inner_search,M1,0,0,42,9,completed,1,0.1205337999999756
inner_search,M1,0,1,42,9,completed,1,0.12083800000073097
inner_search,M1,0,2,42,9,completed,1,0.14901300000019546
inner_search,M1,0,0,42,10,completed,1,0.11304120000022522
inner_search,M1,0,1,42,10,completed,1,0.19058790000053705
inner_search,M1,0,2,42,10,completed,1,0.11377549999997427
inner_search,M1,0,0,42,11,completed,1,0.10926950000066427
inner_search,M1,0,1,42,11,completed,1,0.11068089999935182
inner_search,M1,0,2,42,11,completed,1,0.11164900000039779
inner_search,M1,0,0,42,12,completed,1,0.11488220000137517
inner_search,M1,0,1,42,12,completed,1,0.12295470000026398
inner_search,M1,0,2,42,12,completed,1,0.13378299999931187
inner_search,M1,0,0,42,13,completed,1,0.11031739999998535
inner_search,M1,0,1,42,13,completed,1,0.11257089999890013
inner_search,M1,0,2,42,13,completed,1,0.11175539999931061
inner_search,M1,0,0,42,14,completed,1,0.11126409999997122
inner_search,M1,0,1,42,14,completed,1,0.10943229999975301
inner_search,M1,0,2,42,14,completed,1,0.11011250000046857
inner_search,M1,0,0,42,15,completed,1,0.110644800000955
inner_search,M1,0,1,42,15,completed,1,0.11094890000094892
inner_search,M1,0,2,42,15,completed,1,0.11587999999937892
inner_search,M1,0,0,42,16,completed,1,0.1190865999997186
inner_search,M1,0,1,42,16,completed,1,0.13218589999996766
inner_search,M1,0,2,42,16,completed,1,0.1096428000000742
inner_search,M1,0,0,42,17,completed,1,0.11326470000130939
inner_search,M1,0,1,42,17,completed,1,0.11222910000105912
inner_search,M1,0,2,42,17,completed,1,0.11043139999856066
inner_search,M1,0,0,42,18,completed,1,0.10978800000157207
inner_search,M1,0,1,42,18,completed,1,0.10965519999990647
inner_search,M1,0,2,42,18,completed,1,0.10960260000138078
inner_search,M1,0,0,42,19,completed,1,0.3223162999984197
inner_search,M1,0,1,42,19,completed,1,0.3215611000014178
inner_search,M1,0,2,42,19,completed,1,0.31972569999925327
inner_search,M1,0,0,42,20,completed,1,0.12669590000041353
inner_search,M1,0,1,42,20,completed,1,0.12133650000032503
inner_search,M1,0,2,42,20,completed,1,0.12602920000063023
inner_search,M1,0,0,42,21,completed,1,0.11225179999928514
inner_search,M1,0,1,42,21,completed,1,0.11142180000024382
inner_search,M1,0,2,42,21,completed,1,0.11320070000147098
inner_search,M1,0,0,42,22,completed,1,0.12930969999979425
inner_search,M1,0,1,42,22,completed,1,0.11089230000106909
inner_search,M1,0,2,42,22,completed,1,0.12889929999982996
inner_search,M1,0,0,42,23,completed,1,0.10914620000039577
inner_search,M1,0,1,42,23,completed,1,0.10952379999980622
inner_search,M1,0,2,42,23,completed,1,0.11034490000020014
inner_search,M1,0,0,42,24,completed,1,0.11211199999888777
inner_search,M1,0,1,42,24,completed,1,0.1137388999995892
inner_search,M1,0,2,42,24,completed,1,0.11155959999996412
inner_search,M1,0,0,42,25,completed,1,0.11139320000074804
inner_search,M1,0,1,42,25,completed,1,0.11284960000011779
inner_search,M1,0,2,42,25,completed,1,0.12238709999837738
inner_search,M1,0,0,42,26,completed,1,0.12352970000029018
inner_search,M1,0,1,42,26,completed,1,0.11381169999913254
inner_search,M1,0,2,42,26,completed,1,0.11198040000090259
inner_search,M1,0,0,42,27,completed,1,0.11321990000033111
inner_search,M1,0,1,42,27,completed,1,0.1112288999993325
inner_search,M1,0,2,42,27,completed,1,0.11234420000073442
inner_search,M1,0,0,42,28,completed,1,0.3194223000009515
inner_search,M1,0,1,42,28,completed,1,0.3387464999996155
inner_search,M1,0,2,42,28,completed,1,0.3174807999985205
inner_search,M1,0,0,42,29,completed,1,0.23836219999975583
inner_search,M1,0,1,42,29,completed,1,0.23182379999889235
inner_search,M1,0,2,42,29,completed,1,0.22594039999967208
outer_evaluation,M1,0,,42,,completed,1,0.21587439999893832
inner_search,M2,0,0,42,0,completed,1,0.01377409999986412
inner_search,M2,0,1,42,0,completed,1,0.01306040000054054
inner_search,M2,0,2,42,0,completed,1,0.01315960000101768
inner_search,M2,0,0,42,1,completed,1,0.015223799999148468
inner_search,M2,0,1,42,1,completed,1,0.01663879999978235
inner_search,M2,0,2,42,1,completed,1,0.017913099998622783
inner_search,M2,0,0,42,2,completed,1,0.01284519999899203
inner_search,M2,0,1,42,2,completed,1,0.011340400000335649
inner_search,M2,0,2,42,2,completed,1,0.012332700000115437
inner_search,M2,0,0,42,3,completed,1,0.01369429999977001
inner_search,M2,0,1,42,3,completed,1,0.013802100000248174
inner_search,M2,0,2,42,3,completed,1,0.013273700000354438
inner_search,M2,0,0,42,4,completed,1,0.010327099998903577
inner_search,M2,0,1,42,4,completed,1,0.009736899999552406
inner_search,M2,0,2,42,4,completed,1,0.01130110000121931
inner_search,M2,0,0,42,5,completed,1,0.013353899999856367
inner_search,M2,0,1,42,5,completed,1,0.012777400001141359
inner_search,M2,0,2,42,5,completed,1,0.012795699998605414
inner_search,M2,0,0,42,6,completed,1,0.010785099999338854
inner_search,M2,0,1,42,6,completed,1,0.011493400001199916
inner_search,M2,0,2,42,6,completed,1,0.01063600000088627
inner_search,M2,0,0,42,7,completed,1,0.012261300000318442
inner_search,M2,0,1,42,7,completed,1,0.011861399998451816
inner_search,M2,0,2,42,7,completed,1,0.01201020000007702
inner_search,M2,0,0,42,8,completed,1,0.012826800000766525
inner_search,M2,0,1,42,8,completed,1,0.012862499999755528
inner_search,M2,0,2,42,8,completed,1,0.01587219999964873
inner_search,M2,0,0,42,9,completed,1,0.012671100001170998
inner_search,M2,0,1,42,9,completed,1,0.01308199999948556
inner_search,M2,0,2,42,9,completed,1,0.012297799999942072
inner_search,M2,0,0,42,10,completed,1,0.01210220000029949
inner_search,M2,0,1,42,10,completed,1,0.011193399999683606
inner_search,M2,0,2,42,10,completed,1,0.012349900000117486
inner_search,M2,0,0,42,11,completed,1,0.01034320000144362
inner_search,M2,0,1,42,11,completed,1,0.01073510000060196
inner_search,M2,0,2,42,11,completed,1,0.01047409999955562
inner_search,M2,0,0,42,12,completed,1,0.009991300001274794
inner_search,M2,0,1,42,12,completed,1,0.010946300000796327
inner_search,M2,0,2,42,12,completed,1,0.010733500001151697
inner_search,M2,0,0,42,13,completed,1,0.011501099999804865
inner_search,M2,0,1,42,13,completed,1,0.010967000000164262
inner_search,M2,0,2,42,13,completed,1,0.010455100000399398
inner_search,M2,0,0,42,14,completed,1,0.010640599999533151
inner_search,M2,0,1,42,14,completed,1,0.01092140000037034
inner_search,M2,0,2,42,14,completed,1,0.01080780000120285
inner_search,M2,0,0,42,15,completed,1,0.013024300000324729
inner_search,M2,0,1,42,15,completed,1,0.013054499999270774
inner_search,M2,0,2,42,15,completed,1,0.013264600000184146
inner_search,M2,0,0,42,16,completed,1,0.01243360000080429
inner_search,M2,0,1,42,16,completed,1,0.012230199999976321
inner_search,M2,0,2,42,16,completed,1,0.012616600000910694
inner_search,M2,0,0,42,17,completed,1,0.009926000000632484
inner_search,M2,0,1,42,17,completed,1,0.009768399999302346
inner_search,M2,0,2,42,17,completed,1,0.01077889999942272
inner_search,M2,0,0,42,18,completed,1,0.009851000000708154
inner_search,M2,0,1,42,18,completed,1,0.010002400000303169
inner_search,M2,0,2,42,18,completed,1,0.01134240000101272
inner_search,M2,0,0,42,19,completed,1,0.011411599998609745
inner_search,M2,0,1,42,19,completed,1,0.010654100000465405
inner_search,M2,0,2,42,19,completed,1,0.01164020000032906
inner_search,M2,0,0,42,20,completed,1,0.011263100001087878
inner_search,M2,0,1,42,20,completed,1,0.012083399999028188
inner_search,M2,0,2,42,20,completed,1,0.011659899999358458
inner_search,M2,0,0,42,21,completed,1,0.010010799998781295
inner_search,M2,0,1,42,21,completed,1,0.01045690000137256
inner_search,M2,0,2,42,21,completed,1,0.010212600000159
inner_search,M2,0,0,42,22,completed,1,0.009602399999494082
inner_search,M2,0,1,42,22,completed,1,0.010392800000772695
inner_search,M2,0,2,42,22,completed,1,0.010276000000885688
inner_search,M2,0,0,42,23,completed,1,0.012106199999834644
inner_search,M2,0,1,42,23,completed,1,0.01240959999995539
inner_search,M2,0,2,42,23,completed,1,0.011348999998517684
inner_search,M2,0,0,42,24,completed,1,0.010932099999990896
inner_search,M2,0,1,42,24,completed,1,0.011592200000450248
inner_search,M2,0,2,42,24,completed,1,0.01207799999974668
inner_search,M2,0,0,42,25,completed,1,0.010828700000274694
inner_search,M2,0,1,42,25,completed,1,0.010589299999992363
inner_search,M2,0,2,42,25,completed,1,0.010349300000598305
inner_search,M2,0,0,42,26,completed,1,0.011517500000991276
inner_search,M2,0,1,42,26,completed,1,0.011956400001508882
inner_search,M2,0,2,42,26,completed,1,0.01180709999971441
inner_search,M2,0,0,42,27,completed,1,0.010732099999586353
inner_search,M2,0,1,42,27,completed,1,0.009969999999157153
inner_search,M2,0,2,42,27,completed,1,0.01163020000058168
inner_search,M2,0,0,42,28,completed,1,0.01060430000143242
inner_search,M2,0,1,42,28,completed,1,0.01102329999957874
inner_search,M2,0,2,42,28,completed,1,0.010827500000232249
inner_search,M2,0,0,42,29,completed,1,0.01235369999994873
inner_search,M2,0,1,42,29,completed,1,0.012978599999769358
inner_search,M2,0,2,42,29,completed,1,0.013105699999869103
outer_evaluation,M2,0,,42,,completed,1,0.04020459999992454
inner_search,N0,0,0,42,0,completed,2,2.7389746000008017
inner_search,N0,0,1,42,0,completed,2,0.792550799998935
inner_search,N0,0,2,42,0,completed,2,0.7798132999996596
inner_search,N0,0,0,42,1,completed,2,2.699445600001127
inner_search,N0,0,1,42,1,completed,2,2.6664197000009153
inner_search,N0,0,2,42,1,completed,2,2.578245299999253
inner_search,N0,0,0,42,2,completed,2,0.8844238000001496
inner_search,N0,0,1,42,2,completed,2,2.2677643000006356
inner_search,N0,0,2,42,2,completed,2,1.9158165999997436
inner_search,N0,0,0,42,3,completed,2,0.6336365000006481
inner_search,N0,0,1,42,3,completed,2,0.6382269000005181
inner_search,N0,0,2,42,3,completed,2,0.5218999000007898
inner_search,N0,0,0,42,4,completed,2,5.140048099998239
inner_search,N0,0,1,42,4,completed,2,5.715975900000558
inner_search,N0,0,2,42,4,completed,2,5.150539300000673
inner_search,N0,0,0,42,5,completed,2,1.0359964999988733
inner_search,N0,0,1,42,5,completed,2,0.9383694999996806
inner_search,N0,0,2,42,5,completed,2,0.917240299999321
inner_search,N0,0,0,42,6,completed,2,1.838136599999416
inner_search,N0,0,1,42,6,completed,2,3.119602999999188
inner_search,N0,0,2,42,6,completed,2,3.7198219999991124
inner_search,N0,0,0,42,7,completed,2,1.0057897999995475
inner_search,N0,0,1,42,7,completed,2,0.8592554000006203
inner_search,N0,0,2,42,7,completed,2,0.767821699999331
inner_search,N0,0,0,42,8,completed,2,2.5188465000010183
inner_search,N0,0,1,42,8,completed,2,1.598388000000341
inner_search,N0,0,2,42,8,completed,2,1.4030706000012287
inner_search,N0,0,0,42,9,completed,2,1.352550000001429
inner_search,N0,0,1,42,9,completed,2,1.3624206999993476
inner_search,N0,0,2,42,9,completed,2,1.4940967999991699
inner_search,N0,0,0,42,10,completed,2,1.101261900001191
inner_search,N0,0,1,42,10,completed,2,1.3369657999992342
inner_search,N0,0,2,42,10,completed,2,1.123291899999458
inner_search,N0,0,0,42,11,completed,2,1.9469644000000699
inner_search,N0,0,1,42,11,completed,2,4.868346899998869
inner_search,N0,0,2,42,11,completed,2,5.060764500000005
inner_search,N0,0,0,42,12,completed,2,4.424103800000012
inner_search,N0,0,1,42,12,completed,2,5.393399500000669
inner_search,N0,0,2,42,12,completed,2,3.5260845000011614
inner_search,N0,0,0,42,13,completed,2,1.98235460000069
inner_search,N0,0,1,42,13,completed,2,3.350731700000324
inner_search,N0,0,2,42,13,completed,2,1.731084600000031
inner_search,N0,0,0,42,14,completed,2,3.7201154999984283
inner_search,N0,0,1,42,14,completed,2,5.107380200000989
inner_search,N0,0,2,42,14,completed,2,3.7760268000001815
inner_search,N0,0,0,42,15,completed,2,4.67500629999995
inner_search,N0,0,1,42,15,completed,2,2.6944018000012875
inner_search,N0,0,2,42,15,completed,2,3.670513699998992
inner_search,N0,0,0,42,16,completed,2,2.3699698000000353
inner_search,N0,0,1,42,16,completed,2,6.157057099999292
inner_search,N0,0,2,42,16,completed,2,2.17454109999926
inner_search,N0,0,0,42,17,completed,2,2.213326400000369
inner_search,N0,0,1,42,17,completed,2,5.483046999999715
inner_search,N0,0,2,42,17,completed,2,4.2558570000001055
inner_search,N0,0,0,42,18,completed,2,4.102586199998768
inner_search,N0,0,1,42,18,completed,2,4.637334900000496
inner_search,N0,0,2,42,18,completed,2,2.414661499999056
inner_search,N0,0,0,42,19,completed,2,5.082580500000404
inner_search,N0,0,1,42,19,completed,2,0.7631256000004214
inner_search,N0,0,2,42,19,completed,2,5.5765047000004415
inner_search,N0,0,0,42,20,completed,2,4.4947909000002255
inner_search,N0,0,1,42,20,completed,2,4.745468299999629
inner_search,N0,0,2,42,20,completed,2,5.4995565000008355
inner_search,N0,0,0,42,21,completed,2,4.47299380000004
inner_search,N0,0,1,42,21,completed,2,5.620021999999153
inner_search,N0,0,2,42,21,completed,2,4.745000200000504
inner_search,N0,0,0,42,22,completed,2,1.9014928999986296
inner_search,N0,0,1,42,22,completed,2,4.92456570000104
inner_search,N0,0,2,42,22,completed,2,3.6139922000002116
inner_search,N0,0,0,42,23,completed,2,2.1471972999988793
inner_search,N0,0,1,42,23,completed,2,2.835689999999886
inner_search,N0,0,2,42,23,completed,2,3.1303545999999187
inner_search,N0,0,0,42,24,completed,2,1.4738312999998016
inner_search,N0,0,1,42,24,completed,2,4.116713400000663
inner_search,N0,0,2,42,24,completed,2,3.846070499999769
inner_search,N0,0,0,42,25,completed,2,1.9637917000000016
inner_search,N0,0,1,42,25,completed,2,4.844015200000285
inner_search,N0,0,2,42,25,completed,2,5.0022098000008555
inner_search,N0,0,0,42,26,completed,2,3.376289199999519
inner_search,N0,0,1,42,26,completed,2,1.6984226999993552
inner_search,N0,0,2,42,26,completed,2,2.7700251000005665
inner_search,N0,0,0,42,27,completed,2,5.147557399999641
inner_search,N0,0,1,42,27,completed,2,4.802641100000983
inner_search,N0,0,2,42,27,completed,2,3.168452599999
inner_search,N0,0,0,42,28,completed,2,3.1135708000001614
inner_search,N0,0,1,42,28,completed,2,5.7669239999995625
inner_search,N0,0,2,42,28,completed,2,5.6537406999996165
inner_search,N0,0,0,42,29,completed,2,7.599045099999785
inner_search,N0,0,1,42,29,completed,2,7.369532900000195
inner_search,N0,0,2,42,29,completed,2,6.8981313000003865
outer_evaluation,N0,0,,42,,completed,2,6.915378099998634
outer_evaluation,N0,0,,123,,completed,2,3.150830099999439
outer_evaluation,N0,0,,155,,completed,2,3.2352769000008266
inner_search,N1,0,0,42,0,completed,2,5.609023700000762
inner_search,N1,0,1,42,0,completed,2,7.540830400001141
inner_search,N1,0,2,42,0,completed,2,3.2976926999999705
inner_search,N1,0,0,42,1,completed,2,1.166027999999642
inner_search,N1,0,1,42,1,completed,2,1.0630653000007442
inner_search,N1,0,2,42,1,completed,2,1.0638732999996137
inner_search,N1,0,0,42,2,completed,2,0.920476500001314
inner_search,N1,0,1,42,2,completed,2,0.8945702999990317
inner_search,N1,0,2,42,2,completed,2,0.8936274999996385
inner_search,N1,0,0,42,3,completed,2,2.4829451000005065
inner_search,N1,0,1,42,3,completed,2,1.6880135999999766
inner_search,N1,0,2,42,3,completed,2,3.1308567999985826
inner_search,N1,0,0,42,4,completed,2,5.697347599998466
inner_search,N1,0,1,42,4,completed,2,5.915206900001067
inner_search,N1,0,2,42,4,completed,2,3.066004399999656
inner_search,N1,0,0,42,5,completed,2,2.2406848999999056
inner_search,N1,0,1,42,5,completed,2,1.8434950000009849
inner_search,N1,0,2,42,5,completed,2,4.436220800000228
inner_search,N1,0,0,42,6,completed,2,3.0356609000009485
inner_search,N1,0,1,42,6,completed,2,2.680522699998619
inner_search,N1,0,2,42,6,completed,2,4.676279799999975
inner_search,N1,0,0,42,7,completed,2,3.2013509000007616
inner_search,N1,0,1,42,7,completed,2,3.0910939000004873
inner_search,N1,0,2,42,7,completed,2,3.6761477000000014
inner_search,N1,0,0,42,8,completed,2,1.4868230999982188
inner_search,N1,0,1,42,8,completed,2,1.3506397000001016
inner_search,N1,0,2,42,8,completed,2,6.14374350000071
inner_search,N1,0,0,42,9,completed,2,3.35085860000072
inner_search,N1,0,1,42,9,completed,2,3.3624978000007104
inner_search,N1,0,2,42,9,completed,2,3.014711300000272
inner_search,N1,0,0,42,10,completed,2,0.681372700000793
inner_search,N1,0,1,42,10,completed,2,0.6808034999994561
inner_search,N1,0,2,42,10,completed,2,3.1956384999994043
inner_search,N1,0,0,42,11,completed,2,6.074997000001531
inner_search,N1,0,1,42,11,completed,2,0.9871141999992687
inner_search,N1,0,2,42,11,completed,2,3.050511400000687
inner_search,N1,0,0,42,12,completed,2,7.089534099999582
inner_search,N1,0,1,42,12,completed,2,7.322234900000694
inner_search,N1,0,2,42,12,completed,2,3.7265251000007993
inner_search,N1,0,0,42,13,completed,2,1.2610647000001336
inner_search,N1,0,1,42,13,completed,2,1.0355986999984452
inner_search,N1,0,2,42,13,completed,2,6.175354299999526
inner_search,N1,0,0,42,14,completed,2,3.3043710999991163
inner_search,N1,0,1,42,14,completed,2,0.8009968000005756
inner_search,N1,0,2,42,14,completed,2,4.348455600000307
inner_search,N1,0,0,42,15,completed,2,2.113494200000787
inner_search,N1,0,1,42,15,completed,2,1.4793525999994017
inner_search,N1,0,2,42,15,completed,2,6.709730900000068
inner_search,N1,0,0,42,16,completed,2,4.327218799999173
inner_search,N1,0,1,42,16,completed,2,3.474356099999568
inner_search,N1,0,2,42,16,completed,2,7.071142400000099
inner_search,N1,0,0,42,17,completed,2,8.067342700000154
inner_search,N1,0,1,42,17,completed,2,8.183752500000992
inner_search,N1,0,2,42,17,completed,2,5.048323800001526
inner_search,N1,0,0,42,18,completed,2,1.2496802000005118
inner_search,N1,0,1,42,18,completed,2,0.9251691999998002
inner_search,N1,0,2,42,18,completed,2,4.823424100000921
inner_search,N1,0,0,42,19,completed,2,5.052784100000281
inner_search,N1,0,1,42,19,completed,2,6.306091000000379
inner_search,N1,0,2,42,19,completed,2,3.8570127000002685
inner_search,N1,0,0,42,20,completed,2,4.732618899999579
inner_search,N1,0,1,42,20,completed,2,4.212305500001094
inner_search,N1,0,2,42,20,completed,2,8.190741200000048
inner_search,N1,0,0,42,21,completed,2,8.959000299999389
inner_search,N1,0,1,42,21,completed,2,5.786699800000861
inner_search,N1,0,2,42,21,completed,2,3.3565656000009767
inner_search,N1,0,0,42,22,completed,2,1.4335534000001644
inner_search,N1,0,1,42,22,completed,2,1.3922488999996858
inner_search,N1,0,2,42,22,completed,2,6.016187600000194
inner_search,N1,0,0,42,23,completed,2,4.979418499999156
inner_search,N1,0,1,42,23,completed,2,3.6528366999991704
inner_search,N1,0,2,42,23,completed,2,3.439913300000626
inner_search,N1,0,0,42,24,completed,2,4.9513834999997925
inner_search,N1,0,1,42,24,completed,2,7.9778139000009105
inner_search,N1,0,2,42,24,completed,2,3.156512499999735
inner_search,N1,0,0,42,25,completed,2,1.5218932000007044
inner_search,N1,0,1,42,25,completed,2,1.3951011999997718
inner_search,N1,0,2,42,25,completed,2,7.649864999999409
inner_search,N1,0,0,42,26,completed,2,1.2308067999983905
inner_search,N1,0,1,42,26,completed,2,1.0266112000008434
inner_search,N1,0,2,42,26,completed,2,4.803105799999685
inner_search,N1,0,0,42,27,completed,2,8.19811540000046
inner_search,N1,0,1,42,27,completed,2,6.549554600000192
inner_search,N1,0,2,42,27,completed,2,4.189566600000035
inner_search,N1,0,0,42,28,completed,2,1.5014952999990783
inner_search,N1,0,1,42,28,completed,2,1.5192222999994556
inner_search,N1,0,2,42,28,completed,2,5.8244508000007045
inner_search,N1,0,0,42,29,completed,2,3.5472466999999597
inner_search,N1,0,1,42,29,completed,2,3.7196826999988843
inner_search,N1,0,2,42,29,completed,2,3.566328099999737
outer_evaluation,N1,0,,42,,completed,2,8.58654359999855
outer_evaluation,N1,0,,123,,completed,2,6.760348800000429
outer_evaluation,N1,0,,155,,completed,2,5.573615299999801
inner_search,N2,0,0,42,0,completed,2,2.0868607000011252
inner_search,N2,0,1,42,0,completed,2,2.321340499998769
inner_search,N2,0,2,42,0,completed,2,2.185030699998606
inner_search,N2,0,0,42,1,completed,2,1.323067199999059
inner_search,N2,0,1,42,1,completed,2,1.3727866000008362
inner_search,N2,0,2,42,1,completed,2,1.4421105000001262
inner_search,N2,0,0,42,2,completed,2,0.4903211000000738
inner_search,N2,0,1,42,2,completed,2,0.4899267000000691
inner_search,N2,0,2,42,2,completed,2,0.5975397999991401
inner_search,N2,0,0,42,3,completed,2,0.6679612000007182
inner_search,N2,0,1,42,3,completed,2,0.8629757999988215
inner_search,N2,0,2,42,3,completed,2,0.7184557000000495
inner_search,N2,0,0,42,4,completed,2,1.595146300000124
inner_search,N2,0,1,42,4,completed,2,1.6411197999987053
inner_search,N2,0,2,42,4,completed,2,0.28078930000083346
inner_search,N2,0,0,42,5,completed,2,0.5443541000004188
inner_search,N2,0,1,42,5,completed,2,0.3509322999998403
inner_search,N2,0,2,42,5,completed,2,0.5496044999999867
inner_search,N2,0,0,42,6,completed,2,0.6836020000009739
inner_search,N2,0,1,42,6,completed,2,0.6970717999993212
inner_search,N2,0,2,42,6,completed,2,0.6090724000005139
inner_search,N2,0,0,42,7,completed,2,3.427179199999955
inner_search,N2,0,1,42,7,completed,2,3.0902215000005526
inner_search,N2,0,2,42,7,completed,2,4.636361400000169
inner_search,N2,0,0,42,8,completed,2,1.3817768999997497
inner_search,N2,0,1,42,8,completed,2,1.6903428999994503
inner_search,N2,0,2,42,8,completed,2,1.090127699999357
inner_search,N2,0,0,42,9,completed,2,1.866793699999107
inner_search,N2,0,1,42,9,completed,2,1.47607699999935
inner_search,N2,0,2,42,9,completed,2,3.3705919999993057
inner_search,N2,0,0,42,10,completed,2,1.4924391999993531
inner_search,N2,0,1,42,10,completed,2,1.4249491999999009
inner_search,N2,0,2,42,10,completed,2,1.6006017999989126
inner_search,N2,0,0,42,11,completed,2,1.4719521000006353
inner_search,N2,0,1,42,11,completed,2,1.3403527999998914
inner_search,N2,0,2,42,11,completed,2,1.4585134999997535
inner_search,N2,0,0,42,12,completed,2,0.4070293999993737
inner_search,N2,0,1,42,12,completed,2,0.3667800000002899
inner_search,N2,0,2,42,12,completed,2,0.39407349999964936
inner_search,N2,0,0,42,13,completed,2,0.9066509000003862
inner_search,N2,0,1,42,13,completed,2,1.2742901999990863
inner_search,N2,0,2,42,13,completed,2,0.7979417000005924
inner_search,N2,0,0,42,14,completed,2,0.9292076999990968
inner_search,N2,0,1,42,14,completed,2,0.8734843000002002
inner_search,N2,0,2,42,14,completed,2,1.6790850999987015
inner_search,N2,0,0,42,15,completed,2,0.3527418999983638
inner_search,N2,0,1,42,15,completed,2,0.34643449999930453
inner_search,N2,0,2,42,15,completed,2,1.559078899999804
inner_search,N2,0,0,42,16,completed,2,1.480156600000555
inner_search,N2,0,1,42,16,completed,2,1.1681793999996444
inner_search,N2,0,2,42,16,completed,2,0.7104428999991796
inner_search,N2,0,0,42,17,completed,2,0.8833594000006997
inner_search,N2,0,1,42,17,completed,2,1.4544753000009223
inner_search,N2,0,2,42,17,completed,2,0.7643743999997241
inner_search,N2,0,0,42,18,completed,2,0.800898600000437
inner_search,N2,0,1,42,18,completed,2,2.0722136000003957
inner_search,N2,0,2,42,18,completed,2,0.2692869000002247
inner_search,N2,0,0,42,19,completed,2,0.3416856000003463
inner_search,N2,0,1,42,19,completed,2,0.3958089999996446
inner_search,N2,0,2,42,19,completed,2,2.5566436000008252
inner_search,N2,0,0,42,20,completed,2,0.6896622999993269
inner_search,N2,0,1,42,20,completed,2,1.346177199999147
inner_search,N2,0,2,42,20,completed,2,0.6166689999990922
inner_search,N2,0,0,42,21,completed,2,1.6903474999999162
inner_search,N2,0,1,42,21,completed,2,1.450693400000091
inner_search,N2,0,2,42,21,completed,2,0.7561531999999715
inner_search,N2,0,0,42,22,completed,2,0.8456088000002637
inner_search,N2,0,1,42,22,completed,2,1.3215535999988788
inner_search,N2,0,2,42,22,completed,2,0.6317462000006344
inner_search,N2,0,0,42,23,completed,2,0.5912242999984301
inner_search,N2,0,1,42,23,completed,2,1.1867615999999543
inner_search,N2,0,2,42,23,completed,2,0.5469814000007318
inner_search,N2,0,0,42,24,completed,2,1.0611442000008537
inner_search,N2,0,1,42,24,completed,2,1.4449332000003778
inner_search,N2,0,2,42,24,completed,2,0.30095020000044315
inner_search,N2,0,0,42,25,completed,2,1.788005799999155
inner_search,N2,0,1,42,25,completed,2,1.1927570999996533
inner_search,N2,0,2,42,25,completed,2,0.7408173999992869
inner_search,N2,0,0,42,26,completed,2,1.886446499998783
inner_search,N2,0,1,42,26,completed,2,1.864077800000814
inner_search,N2,0,2,42,26,completed,2,1.8625114000005851
inner_search,N2,0,0,42,27,completed,2,1.9045618999989529
inner_search,N2,0,1,42,27,completed,2,1.78375589999996
inner_search,N2,0,2,42,27,completed,2,2.385805600000822
inner_search,N2,0,0,42,28,completed,2,1.3702972999999474
inner_search,N2,0,1,42,28,completed,2,3.1286144999994576
inner_search,N2,0,2,42,28,completed,2,3.2828277999997226
inner_search,N2,0,0,42,29,completed,2,0.6400629999989178
inner_search,N2,0,1,42,29,completed,2,0.5106505999992805
inner_search,N2,0,2,42,29,completed,2,0.5559511000010389
outer_evaluation,N2,0,,42,,completed,2,2.590565399999832
outer_evaluation,N2,0,,123,,completed,2,3.1550466999997298
outer_evaluation,N2,0,,155,,completed,2,1.8222223000011581
inner_search,N3,0,0,42,0,completed,2,0.8749368999997387
inner_search,N3,0,1,42,0,completed,2,0.42961599999944156
inner_search,N3,0,2,42,0,completed,2,1.2410547999988921
inner_search,N3,0,0,42,1,completed,2,3.1583922000008897
inner_search,N3,0,1,42,1,completed,2,3.5744676000012987
inner_search,N3,0,2,42,1,completed,2,3.3993157999993855
inner_search,N3,0,0,42,2,completed,2,1.7967674000010447
inner_search,N3,0,1,42,2,completed,2,1.3946156000001793
inner_search,N3,0,2,42,2,completed,2,2.3716281999986677
inner_search,N3,0,0,42,3,completed,2,1.6844750999989628
inner_search,N3,0,1,42,3,completed,2,1.2899329000010766
inner_search,N3,0,2,42,3,completed,2,1.1453669000002265
inner_search,N3,0,0,42,4,completed,2,1.941762700000254
inner_search,N3,0,1,42,4,completed,2,1.1374425000012707
inner_search,N3,0,2,42,4,completed,2,0.5297143999996479
inner_search,N3,0,0,42,5,completed,2,2.4074289000000135
inner_search,N3,0,1,42,5,completed,2,2.783963899999435
inner_search,N3,0,2,42,5,completed,2,2.394622999998319
inner_search,N3,0,0,42,6,completed,2,1.804090300000098
inner_search,N3,0,1,42,6,completed,2,0.9340976000003138
inner_search,N3,0,2,42,6,completed,2,0.7426269000006869
inner_search,N3,0,0,42,7,completed,2,2.427501800000755
inner_search,N3,0,1,42,7,completed,2,3.5294363999983034
inner_search,N3,0,2,42,7,completed,2,2.9970707000011316
inner_search,N3,0,0,42,8,completed,2,0.43800480000027164
inner_search,N3,0,1,42,8,completed,2,0.40048449999994773
inner_search,N3,0,2,42,8,completed,2,2.1222298000011506
inner_search,N3,0,0,42,9,completed,2,0.7463642000002437
inner_search,N3,0,1,42,9,completed,2,0.6007028999993054
inner_search,N3,0,2,42,9,completed,2,2.7233104999995703
inner_search,N3,0,0,42,10,completed,2,1.8951226999997743
inner_search,N3,0,1,42,10,completed,2,3.6049020000009477
inner_search,N3,0,2,42,10,completed,2,1.9213907000012114
inner_search,N3,0,0,42,11,completed,2,1.9748107000013988
inner_search,N3,0,1,42,11,completed,2,3.331669499999407
inner_search,N3,0,2,42,11,completed,2,2.076286900000923
inner_search,N3,0,0,42,12,completed,2,3.93502670000089
inner_search,N3,0,1,42,12,completed,2,1.2234963999999309
inner_search,N3,0,2,42,12,completed,2,4.363331900000048
inner_search,N3,0,0,42,13,completed,2,4.490774600000805
inner_search,N3,0,1,42,13,completed,2,1.0113053999994008
inner_search,N3,0,2,42,13,completed,2,3.320621899998514
inner_search,N3,0,0,42,14,completed,2,2.363330700000006
inner_search,N3,0,1,42,14,completed,2,2.1004251999984263
inner_search,N3,0,2,42,14,completed,2,1.9008083999997325
inner_search,N3,0,0,42,15,completed,2,4.559668599998986
inner_search,N3,0,1,42,15,completed,2,1.2025886999999784
inner_search,N3,0,2,42,15,completed,2,4.21543820000079
inner_search,N3,0,0,42,16,completed,2,3.0207651000000624
inner_search,N3,0,1,42,16,completed,2,4.843711499999699
inner_search,N3,0,2,42,16,completed,2,2.762090199999875
inner_search,N3,0,0,42,17,completed,2,4.012704999999187
inner_search,N3,0,1,42,17,completed,2,1.530963499999416
inner_search,N3,0,2,42,17,completed,2,4.276021199999377
inner_search,N3,0,0,42,18,completed,2,2.074991900000896
inner_search,N3,0,1,42,18,completed,2,1.6599994999996852
inner_search,N3,0,2,42,18,completed,2,1.895070200000191
inner_search,N3,0,0,42,19,completed,2,2.3857749000017066
inner_search,N3,0,1,42,19,completed,2,0.8370942000001378
inner_search,N3,0,2,42,19,completed,2,2.430946899999981
inner_search,N3,0,0,42,20,completed,2,1.7024615999998787
inner_search,N3,0,1,42,20,completed,2,1.4154963000000862
inner_search,N3,0,2,42,20,completed,2,4.5213347999997495
inner_search,N3,0,0,42,21,completed,2,2.2235302999997657
inner_search,N3,0,1,42,21,completed,2,1.89852830000018
inner_search,N3,0,2,42,21,completed,2,1.9217910999996093
inner_search,N3,0,0,42,22,completed,2,2.2342979999993986
inner_search,N3,0,1,42,22,completed,2,2.09868219999953
inner_search,N3,0,2,42,22,completed,2,2.326250099999015
inner_search,N3,0,0,42,23,completed,2,2.270778699999937
inner_search,N3,0,1,42,23,completed,2,2.0856796000007307
inner_search,N3,0,2,42,23,completed,2,1.7250889999995707
inner_search,N3,0,0,42,24,completed,2,2.590871700000207
inner_search,N3,0,1,42,24,completed,2,0.9244360999982746
inner_search,N3,0,2,42,24,completed,2,2.3312397000008787
inner_search,N3,0,0,42,25,completed,2,2.7546910000000935
inner_search,N3,0,1,42,25,completed,2,2.596232100000634
inner_search,N3,0,2,42,25,completed,2,1.9780661999993754
inner_search,N3,0,0,42,26,completed,2,3.761287799999991
inner_search,N3,0,1,42,26,completed,2,1.0495136000008642
inner_search,N3,0,2,42,26,completed,2,0.8279755999992631
inner_search,N3,0,0,42,27,completed,2,0.5760766999992484
inner_search,N3,0,1,42,27,completed,2,0.5220233999989432
inner_search,N3,0,2,42,27,completed,2,0.7036427000002732
inner_search,N3,0,0,42,28,completed,2,2.5367169000001013
inner_search,N3,0,1,42,28,completed,2,3.6011376999995264
inner_search,N3,0,2,42,28,completed,2,2.708193199998277
inner_search,N3,0,0,42,29,completed,2,0.47325089999867487
inner_search,N3,0,1,42,29,completed,2,0.39890980000018317
inner_search,N3,0,2,42,29,completed,2,1.378871099999742
outer_evaluation,N3,0,,42,,completed,2,7.121952499999679
outer_evaluation,N3,0,,123,,completed,2,3.933781399999134
outer_evaluation,N3,0,,155,,completed,2,3.43335450000086
outer_evaluation,A1,0,,42,,completed,2,2.6227584000007482
outer_evaluation,A1,0,,123,,completed,2,4.251756699999532
outer_evaluation,A1,0,,155,,completed,2,4.151738999998997
outer_evaluation,A2,0,,42,,completed,2,4.371797900001184
outer_evaluation,A2,0,,123,,completed,2,6.679505599999175
outer_evaluation,A2,0,,155,,completed,2,6.121106700000382
outer_evaluation,R0,1,,42,,completed,0,0.0
inner_search,M1,1,0,42,0,completed,1,0.33497910000005504
inner_search,M1,1,1,42,0,completed,1,0.32056310000007215
inner_search,M1,1,2,42,0,completed,1,0.3263659000003827
inner_search,M1,1,0,42,1,completed,1,0.11293759999898612
inner_search,M1,1,1,42,1,completed,1,0.11207250000006752
inner_search,M1,1,2,42,1,completed,1,0.11175840000032622
inner_search,M1,1,0,42,2,completed,1,0.11346099999900616
inner_search,M1,1,1,42,2,completed,1,0.11517490000005637
inner_search,M1,1,2,42,2,completed,1,0.11153840000042692
inner_search,M1,1,0,42,3,completed,1,0.3571114000005764
inner_search,M1,1,1,42,3,completed,1,0.3339092000005621
inner_search,M1,1,2,42,3,completed,1,0.3311071999996784
inner_search,M1,1,0,42,4,completed,1,0.23076320000109263
inner_search,M1,1,1,42,4,completed,1,0.23289980000117794
inner_search,M1,1,2,42,4,completed,1,0.21732669999983045
inner_search,M1,1,0,42,5,completed,1,0.29093990000001213
inner_search,M1,1,1,42,5,completed,1,0.32052160000057484
inner_search,M1,1,2,42,5,completed,1,0.3669571000009455
inner_search,M1,1,0,42,6,completed,1,0.39744339999924705
inner_search,M1,1,1,42,6,completed,1,0.38304210000023886
inner_search,M1,1,2,42,6,completed,1,0.4279968999999255
inner_search,M1,1,0,42,7,completed,1,0.2557140000008076
inner_search,M1,1,1,42,7,completed,1,0.2289547999989736
inner_search,M1,1,2,42,7,completed,1,0.21357869999883405
inner_search,M1,1,0,42,8,completed,1,0.36332020000008924
inner_search,M1,1,1,42,8,completed,1,0.32971489999908954
inner_search,M1,1,2,42,8,completed,1,0.3548885000000155
inner_search,M1,1,0,42,9,completed,1,0.13352339999983087
inner_search,M1,1,1,42,9,completed,1,0.13829139999870677
inner_search,M1,1,2,42,9,completed,1,0.11755190000076254
inner_search,M1,1,0,42,10,completed,1,0.2099517000006017
inner_search,M1,1,1,42,10,completed,1,0.23740889999862702
inner_search,M1,1,2,42,10,completed,1,0.24568399999952817
inner_search,M1,1,0,42,11,completed,1,0.2143804999996064
inner_search,M1,1,1,42,11,completed,1,0.21998639999947045
inner_search,M1,1,2,42,11,completed,1,0.2393376999989414
inner_search,M1,1,0,42,12,completed,1,0.23928260000138835
inner_search,M1,1,1,42,12,completed,1,0.28372420000050624
inner_search,M1,1,2,42,12,completed,1,0.2284803999991709
inner_search,M1,1,0,42,13,completed,1,0.23037769999973534
inner_search,M1,1,1,42,13,completed,1,0.25095150000015565
inner_search,M1,1,2,42,13,completed,1,0.2308796999986953
inner_search,M1,1,0,42,14,completed,1,0.2156598000001395
inner_search,M1,1,1,42,14,completed,1,0.25943480000023555
inner_search,M1,1,2,42,14,completed,1,0.2490868999993836
inner_search,M1,1,0,42,15,completed,1,0.23819970000113244
inner_search,M1,1,1,42,15,completed,1,0.24657180000031076
inner_search,M1,1,2,42,15,completed,1,0.2551287999995111
inner_search,M1,1,0,42,16,completed,1,0.2345671000002767
inner_search,M1,1,1,42,16,completed,1,0.2334274999993795
inner_search,M1,1,2,42,16,completed,1,0.25286310000046797
inner_search,M1,1,0,42,17,completed,1,0.2469397000004392
inner_search,M1,1,1,42,17,completed,1,0.24018440000145347
inner_search,M1,1,2,42,17,completed,1,0.22247150000112015
inner_search,M1,1,0,42,18,completed,1,0.22005230000104348
inner_search,M1,1,1,42,18,completed,1,0.24096620000091207
inner_search,M1,1,2,42,18,completed,1,0.2137970999992831
inner_search,M1,1,0,42,19,completed,1,0.125516999998581
inner_search,M1,1,1,42,19,completed,1,0.1312498000006599
inner_search,M1,1,2,42,19,completed,1,0.12369720000060624
inner_search,M1,1,0,42,20,completed,1,0.25829309999971883
inner_search,M1,1,1,42,20,completed,1,0.22598040000048059
inner_search,M1,1,2,42,20,completed,1,0.23959289999947941
inner_search,M1,1,0,42,21,completed,1,0.22828999999910593
inner_search,M1,1,1,42,21,completed,1,0.21708380000018224
inner_search,M1,1,2,42,21,completed,1,0.21507279999968887
inner_search,M1,1,0,42,22,completed,1,0.23571239999910176
inner_search,M1,1,1,42,22,completed,1,0.24858510000012757
inner_search,M1,1,2,42,22,completed,1,0.2374811999998201
inner_search,M1,1,0,42,23,completed,1,0.24563520000083372
inner_search,M1,1,1,42,23,completed,1,0.21922650000124122
inner_search,M1,1,2,42,23,completed,1,0.22789469999952416
inner_search,M1,1,0,42,24,completed,1,0.2399111000013363
inner_search,M1,1,1,42,24,completed,1,0.23918720000074245
inner_search,M1,1,2,42,24,completed,1,0.21648439999989932
inner_search,M1,1,0,42,25,completed,1,0.22063280000111263
inner_search,M1,1,1,42,25,completed,1,0.21559610000076646
inner_search,M1,1,2,42,25,completed,1,0.21471250000104192
inner_search,M1,1,0,42,26,completed,1,0.21826639999926556
inner_search,M1,1,1,42,26,completed,1,0.23256709999986924
inner_search,M1,1,2,42,26,completed,1,0.21365350000087346
inner_search,M1,1,0,42,27,completed,1,0.21549320000121952
inner_search,M1,1,1,42,27,completed,1,0.2127455000008922
inner_search,M1,1,2,42,27,completed,1,0.21027409999987867
inner_search,M1,1,0,42,28,completed,1,0.31469030000153
inner_search,M1,1,1,42,28,completed,1,0.33239580000008573
inner_search,M1,1,2,42,28,completed,1,0.3200159000007261
inner_search,M1,1,0,42,29,completed,1,0.3231056000004173
inner_search,M1,1,1,42,29,completed,1,0.3268387999996776
inner_search,M1,1,2,42,29,completed,1,0.33158689999982016
outer_evaluation,M1,1,,42,,completed,1,0.41253580000011425
inner_search,M2,1,0,42,0,completed,1,0.01392909999958647
inner_search,M2,1,1,42,0,completed,1,0.014424599999983911
inner_search,M2,1,2,42,0,completed,1,0.013156500001059612
inner_search,M2,1,0,42,1,completed,1,0.014519799999106908
inner_search,M2,1,1,42,1,completed,1,0.01409090000015567
inner_search,M2,1,2,42,1,completed,1,0.014714400000229944
inner_search,M2,1,0,42,2,completed,1,0.013958300000012969
inner_search,M2,1,1,42,2,completed,1,0.012350299999525305
inner_search,M2,1,2,42,2,completed,1,0.012843200000133947
inner_search,M2,1,0,42,3,completed,1,0.010183200000028592
inner_search,M2,1,1,42,3,completed,1,0.010203699999692617
inner_search,M2,1,2,42,3,completed,1,0.010384699999121949
inner_search,M2,1,0,42,4,completed,1,0.013016199998673983
inner_search,M2,1,1,42,4,completed,1,0.013315099999090307
inner_search,M2,1,2,42,4,completed,1,0.014179199999489356
inner_search,M2,1,0,42,5,completed,1,0.014240000000427244
inner_search,M2,1,1,42,5,completed,1,0.014031500000783126
inner_search,M2,1,2,42,5,completed,1,0.014515999999275664
inner_search,M2,1,0,42,6,completed,1,0.012668699999267119
inner_search,M2,1,1,42,6,completed,1,0.013018200001170044
inner_search,M2,1,2,42,6,completed,1,0.013034300000072108
inner_search,M2,1,0,42,7,completed,1,0.012896600001113256
inner_search,M2,1,1,42,7,completed,1,0.013241200000265962
inner_search,M2,1,2,42,7,completed,1,0.013183299999582232
inner_search,M2,1,0,42,8,completed,1,0.010701799999878858
inner_search,M2,1,1,42,8,completed,1,0.010233799999696203
inner_search,M2,1,2,42,8,completed,1,0.010226299998976174
inner_search,M2,1,0,42,9,completed,1,0.014440300001297146
inner_search,M2,1,1,42,9,completed,1,0.014609100000598119
inner_search,M2,1,2,42,9,completed,1,0.014096900000367896
inner_search,M2,1,0,42,10,completed,1,0.016957100000581704
inner_search,M2,1,1,42,10,completed,1,0.01330249999955413
inner_search,M2,1,2,42,10,completed,1,0.011083999999755179
inner_search,M2,1,0,42,11,completed,1,0.01163260000066657
inner_search,M2,1,1,42,11,completed,1,0.010418699999718228
inner_search,M2,1,2,42,11,completed,1,0.010973899999953574
inner_search,M2,1,0,42,12,completed,1,0.010274700000081793
inner_search,M2,1,1,42,12,completed,1,0.010629500000504777
inner_search,M2,1,2,42,12,completed,1,0.00999489999958314
inner_search,M2,1,0,42,13,completed,1,0.011445800000728923
inner_search,M2,1,1,42,13,completed,1,0.010410599999886472
inner_search,M2,1,2,42,13,completed,1,0.010247599999274826
inner_search,M2,1,0,42,14,completed,1,0.010085599999001715
inner_search,M2,1,1,42,14,completed,1,0.01005309999891324
inner_search,M2,1,2,42,14,completed,1,0.010426100001495797
inner_search,M2,1,0,42,15,completed,1,0.010682500000257278
inner_search,M2,1,1,42,15,completed,1,0.010098499999003252
inner_search,M2,1,2,42,15,completed,1,0.009968600001229788
inner_search,M2,1,0,42,16,completed,1,0.01011579999976675
inner_search,M2,1,1,42,16,completed,1,0.010028299999248702
inner_search,M2,1,2,42,16,completed,1,0.011025000001609442
inner_search,M2,1,0,42,17,completed,1,0.010306099999070284
inner_search,M2,1,1,42,17,completed,1,0.010134599999219063
inner_search,M2,1,2,42,17,completed,1,0.009755800001585158
inner_search,M2,1,0,42,18,completed,1,0.012897800001155701
inner_search,M2,1,1,42,18,completed,1,0.012955599999258993
inner_search,M2,1,2,42,18,completed,1,0.012635299999601557
inner_search,M2,1,0,42,19,completed,1,0.01115600000048289
inner_search,M2,1,1,42,19,completed,1,0.010942599999907543
inner_search,M2,1,2,42,19,completed,1,0.01085369999964314
inner_search,M2,1,0,42,20,completed,1,0.011760700001104851
inner_search,M2,1,1,42,20,completed,1,0.011863300000186427
inner_search,M2,1,2,42,20,completed,1,0.011027000000467524
inner_search,M2,1,0,42,21,completed,1,0.009918300000208546
inner_search,M2,1,1,42,21,completed,1,0.009996500000852393
inner_search,M2,1,2,42,21,completed,1,0.00976489999993646
inner_search,M2,1,0,42,22,completed,1,0.010066499999084044
inner_search,M2,1,1,42,22,completed,1,0.010835600000064005
inner_search,M2,1,2,42,22,completed,1,0.010008799999923212
inner_search,M2,1,0,42,23,completed,1,0.010068600000522565
inner_search,M2,1,1,42,23,completed,1,0.010220399999525398
inner_search,M2,1,2,42,23,completed,1,0.009686600000350154
inner_search,M2,1,0,42,24,completed,1,0.011633800000709016
inner_search,M2,1,1,42,24,completed,1,0.011017200000424054
inner_search,M2,1,2,42,24,completed,1,0.011173500000950298
inner_search,M2,1,0,42,25,completed,1,0.011231899999984307
inner_search,M2,1,1,42,25,completed,1,0.01175639999928535
inner_search,M2,1,2,42,25,completed,1,0.010480900000402471
inner_search,M2,1,0,42,26,completed,1,0.010815499999807798
inner_search,M2,1,1,42,26,completed,1,0.010364199999457924
inner_search,M2,1,2,42,26,completed,1,0.010206700000708224
inner_search,M2,1,0,42,27,completed,1,0.010198600000876468
inner_search,M2,1,1,42,27,completed,1,0.010303200000635115
inner_search,M2,1,2,42,27,completed,1,0.01008199999887438
inner_search,M2,1,0,42,28,completed,1,0.010823300000993186
inner_search,M2,1,1,42,28,completed,1,0.010530699999435456
inner_search,M2,1,2,42,28,completed,1,0.010171099998842692
inner_search,M2,1,0,42,29,completed,1,0.010757699999885517
inner_search,M2,1,1,42,29,completed,1,0.010708800000429619
inner_search,M2,1,2,42,29,completed,1,0.01064810000025318
outer_evaluation,M2,1,,42,,completed,1,0.03924819999883766
inner_search,N0,1,0,42,0,completed,2,1.4489244000014878
inner_search,N0,1,1,42,0,completed,2,1.3204095000000962
inner_search,N0,1,2,42,0,completed,2,1.412521399999605
inner_search,N0,1,0,42,1,completed,2,0.4026556000007986
inner_search,N0,1,1,42,1,completed,2,0.41766090000055556
inner_search,N0,1,2,42,1,completed,2,0.5008589999997639
inner_search,N0,1,0,42,2,completed,2,3.3595452999998088
inner_search,N0,1,1,42,2,completed,2,2.544244400000025
inner_search,N0,1,2,42,2,completed,2,3.8274777000005997
inner_search,N0,1,0,42,3,completed,2,0.48742959999981395
inner_search,N0,1,1,42,3,completed,2,0.5348630999997113
inner_search,N0,1,2,42,3,completed,2,0.5566908000000694
inner_search,N0,1,0,42,4,completed,2,1.728912800001126
inner_search,N0,1,1,42,4,completed,2,1.482081800000742
inner_search,N0,1,2,42,4,completed,2,1.5486077000005025
inner_search,N0,1,0,42,5,completed,2,0.8769136000009894
inner_search,N0,1,1,42,5,completed,2,0.9387802999990527
inner_search,N0,1,2,42,5,completed,2,0.8967482999996719
inner_search,N0,1,0,42,6,completed,2,3.8840206999993825
inner_search,N0,1,1,42,6,completed,2,3.689867499999309
inner_search,N0,1,2,42,6,completed,2,3.7470683000010467
inner_search,N0,1,0,42,7,completed,2,0.9961124000001291
inner_search,N0,1,1,42,7,completed,2,0.9326794000007794
inner_search,N0,1,2,42,7,completed,2,0.8943988000009995
inner_search,N0,1,0,42,8,completed,2,4.337122300001283
inner_search,N0,1,1,42,8,completed,2,2.139046199999939
inner_search,N0,1,2,42,8,completed,2,2.8363251999999193
inner_search,N0,1,0,42,9,completed,2,1.4981701000015164
inner_search,N0,1,1,42,9,completed,2,2.8621801000008418
inner_search,N0,1,2,42,9,completed,2,2.5736670999995113
inner_search,N0,1,0,42,10,completed,2,4.584498000000167
inner_search,N0,1,1,42,10,completed,2,2.3096867999993265
inner_search,N0,1,2,42,10,completed,2,4.2546486999999615
inner_search,N0,1,0,42,11,completed,2,3.903154200001154
inner_search,N0,1,1,42,11,completed,2,2.666470500000287
inner_search,N0,1,2,42,11,completed,2,2.520459399998799
inner_search,N0,1,0,42,12,completed,2,2.560627900000327
inner_search,N0,1,1,42,12,completed,2,2.836441100000229
inner_search,N0,1,2,42,12,completed,2,3.4357827000003454
inner_search,N0,1,0,42,13,completed,2,3.600597500000731
inner_search,N0,1,1,42,13,completed,2,3.089676399999007
inner_search,N0,1,2,42,13,completed,2,3.397259399998802
inner_search,N0,1,0,42,14,completed,2,3.9805129999986093
inner_search,N0,1,1,42,14,completed,2,3.8719980000005307
inner_search,N0,1,2,42,14,completed,2,3.5529489000000467
inner_search,N0,1,0,42,15,completed,2,3.8346741999994265
inner_search,N0,1,1,42,15,completed,2,3.5229425999987143
inner_search,N0,1,2,42,15,completed,2,3.1432142999983625
inner_search,N0,1,0,42,16,completed,2,2.8441504999991594
inner_search,N0,1,1,42,16,completed,2,3.6347695000004023
inner_search,N0,1,2,42,16,completed,2,5.255609599998934
inner_search,N0,1,0,42,17,completed,2,2.8128649999998743
inner_search,N0,1,1,42,17,completed,2,2.9810085000008257
inner_search,N0,1,2,42,17,completed,2,5.225135299999238
inner_search,N0,1,0,42,18,completed,2,1.4058425999992323
inner_search,N0,1,1,42,18,completed,2,3.2346085000008316
inner_search,N0,1,2,42,18,completed,2,2.5768590999996377
inner_search,N0,1,0,42,19,completed,2,2.4764551000007486
inner_search,N0,1,1,42,19,completed,2,1.8826640999996016
inner_search,N0,1,2,42,19,completed,2,2.849081299998943
inner_search,N0,1,0,42,20,completed,2,3.125793999999587
inner_search,N0,1,1,42,20,completed,2,1.3258229999992182
inner_search,N0,1,2,42,20,completed,2,3.97635420000006
inner_search,N0,1,0,42,21,completed,2,1.489301699999487
inner_search,N0,1,1,42,21,completed,2,3.193878699999914
inner_search,N0,1,2,42,21,completed,2,2.3658855999983643
inner_search,N0,1,0,42,22,completed,2,2.146716400000514
inner_search,N0,1,1,42,22,completed,2,1.7250664999992296
inner_search,N0,1,2,42,22,completed,2,2.668460299999424
inner_search,N0,1,0,42,23,completed,2,0.48744040000019595
inner_search,N0,1,1,42,23,completed,2,0.49184680000144
inner_search,N0,1,2,42,23,completed,2,0.5157815000002302
inner_search,N0,1,0,42,24,completed,2,1.6288053999996919
inner_search,N0,1,1,42,24,completed,2,2.396050400000604
inner_search,N0,1,2,42,24,completed,2,2.4698394000006374
inner_search,N0,1,0,42,25,completed,2,2.4897794000007707
inner_search,N0,1,1,42,25,completed,2,2.115683899999567
inner_search,N0,1,2,42,25,completed,2,2.9887165000000095
inner_search,N0,1,0,42,26,completed,2,0.47085369999877
inner_search,N0,1,1,42,26,completed,2,0.4805937000000995
inner_search,N0,1,2,42,26,completed,2,3.8591032000003906
inner_search,N0,1,0,42,27,completed,2,1.797913399999743
inner_search,N0,1,1,42,27,completed,2,2.9650812999989284
inner_search,N0,1,2,42,27,completed,2,2.612041999998837
inner_search,N0,1,0,42,28,completed,2,2.4733226999996987
inner_search,N0,1,1,42,28,completed,2,3.5256062999997084
inner_search,N0,1,2,42,28,completed,2,2.794816900001024
inner_search,N0,1,0,42,29,completed,2,1.6873322000010376
inner_search,N0,1,1,42,29,completed,2,2.8454892999998265
inner_search,N0,1,2,42,29,completed,2,2.519764300001043
outer_evaluation,N0,1,,42,,completed,2,2.543667399999322
outer_evaluation,N0,1,,123,,completed,2,3.334045100000367
outer_evaluation,N0,1,,155,,completed,2,3.056119099999705
inner_search,N1,1,0,42,0,completed,2,2.4661441999996896
inner_search,N1,1,1,42,0,completed,2,2.221482400000241
inner_search,N1,1,2,42,0,completed,2,3.259144900001047
inner_search,N1,1,0,42,1,completed,2,1.0288017000002583
inner_search,N1,1,1,42,1,completed,2,0.9836250999996992
inner_search,N1,1,2,42,1,completed,2,1.096859699999186
inner_search,N1,1,0,42,2,completed,2,1.282996699999785
inner_search,N1,1,1,42,2,completed,2,1.2055553999998665
inner_search,N1,1,2,42,2,completed,2,1.2087480000009236
inner_search,N1,1,0,42,3,completed,2,2.5724995999989915
inner_search,N1,1,1,42,3,completed,2,2.5041142999998556
inner_search,N1,1,2,42,3,completed,2,2.509058699999514
inner_search,N1,1,0,42,4,completed,2,1.2897241999999096
inner_search,N1,1,1,42,4,completed,2,1.3739447999996628
inner_search,N1,1,2,42,4,completed,2,4.269067199998972
inner_search,N1,1,0,42,5,completed,2,0.9909496999989642
inner_search,N1,1,1,42,5,completed,2,1.029468500000803
inner_search,N1,1,2,42,5,completed,2,3.6488788000006025
inner_search,N1,1,0,42,6,completed,2,4.444408900000781
inner_search,N1,1,1,42,6,completed,2,4.389130399998976
inner_search,N1,1,2,42,6,completed,2,4.23136759999943
inner_search,N1,1,0,42,7,completed,2,1.2169586999989406
inner_search,N1,1,1,42,7,completed,2,4.016694699999789
inner_search,N1,1,2,42,7,completed,2,4.077616200000193
inner_search,N1,1,0,42,8,completed,2,1.413481800000227
inner_search,N1,1,1,42,8,completed,2,1.4916981000005762
inner_search,N1,1,2,42,8,completed,2,1.5539534999988973
inner_search,N1,1,0,42,9,completed,2,3.555897399999594
inner_search,N1,1,1,42,9,completed,2,3.7636714999989636
inner_search,N1,1,2,42,9,completed,2,3.594905400001153
inner_search,N1,1,0,42,10,completed,2,3.7203386000001046
inner_search,N1,1,1,42,10,completed,2,4.141356600001018
inner_search,N1,1,2,42,10,completed,2,3.8928981000008207
inner_search,N1,1,0,42,11,completed,2,3.7779275000011694
inner_search,N1,1,1,42,11,completed,2,3.6675166999993962
inner_search,N1,1,2,42,11,completed,2,3.6194539000007353
inner_search,N1,1,0,42,12,completed,2,4.309423999999126
inner_search,N1,1,1,42,12,completed,2,4.359110600000349
inner_search,N1,1,2,42,12,completed,2,3.9077558999997564
inner_search,N1,1,0,42,13,completed,2,2.0315556000005017
inner_search,N1,1,1,42,13,completed,2,1.6472245000004477
inner_search,N1,1,2,42,13,completed,2,2.2200630999996065
inner_search,N1,1,0,42,14,completed,2,2.0437529000009818
inner_search,N1,1,1,42,14,completed,2,1.8548246000009385
inner_search,N1,1,2,42,14,completed,2,4.116911200000686
inner_search,N1,1,0,42,15,completed,2,3.6726505999995425
inner_search,N1,1,1,42,15,completed,2,3.896196100000452
inner_search,N1,1,2,42,15,completed,2,3.646729400001277
inner_search,N1,1,0,42,16,completed,2,1.2504299000011088
inner_search,N1,1,1,42,16,completed,2,1.4523338999988482
inner_search,N1,1,2,42,16,completed,2,1.6486023999987083
inner_search,N1,1,0,42,17,completed,2,2.026419200001328
inner_search,N1,1,1,42,17,completed,2,1.7328827000001183
inner_search,N1,1,2,42,17,completed,2,1.9035224999988714
inner_search,N1,1,0,42,18,completed,2,2.638049900000624
inner_search,N1,1,1,42,18,completed,2,2.422579300000507
inner_search,N1,1,2,42,18,completed,2,1.1722367999991548
inner_search,N1,1,0,42,19,completed,2,5.448890600000595
inner_search,N1,1,1,42,19,completed,2,6.701264999999694
inner_search,N1,1,2,42,19,completed,2,3.794777000000977
inner_search,N1,1,0,42,20,completed,2,1.2802479000001767
inner_search,N1,1,1,42,20,completed,2,1.4066771999987395
inner_search,N1,1,2,42,20,completed,2,4.094677199998841
inner_search,N1,1,0,42,21,completed,2,6.6204355000008945
inner_search,N1,1,1,42,21,completed,2,6.873426800000743
inner_search,N1,1,2,42,21,completed,2,4.906572399999277
inner_search,N1,1,0,42,22,completed,2,7.4434749000010925
inner_search,N1,1,1,42,22,completed,2,6.020975900000849
inner_search,N1,1,2,42,22,completed,2,4.649374099999477
inner_search,N1,1,0,42,23,completed,2,1.3177278000002843
inner_search,N1,1,1,42,23,completed,2,1.2891531999994186
inner_search,N1,1,2,42,23,completed,2,1.3970953000007285
inner_search,N1,1,0,42,24,completed,2,1.4765310999991925
inner_search,N1,1,1,42,24,completed,2,1.6630817000004754
inner_search,N1,1,2,42,24,completed,2,1.7159296000008908
inner_search,N1,1,0,42,25,completed,2,1.2769344999996974
inner_search,N1,1,1,42,25,completed,2,1.292786600000909
inner_search,N1,1,2,42,25,completed,2,1.1475933000001532
inner_search,N1,1,0,42,26,completed,2,0.8313510000007227
inner_search,N1,1,1,42,26,completed,2,0.7884508999995887
inner_search,N1,1,2,42,26,completed,2,0.7801208999990195
inner_search,N1,1,0,42,27,completed,2,1.9185516999987158
inner_search,N1,1,1,42,27,completed,2,1.7181752999986202
inner_search,N1,1,2,42,27,completed,2,2.2216740000003483
inner_search,N1,1,0,42,28,completed,2,7.792023699999845
inner_search,N1,1,1,42,28,completed,2,6.26446340000075
inner_search,N1,1,2,42,28,completed,2,5.05932059999941
inner_search,N1,1,0,42,29,completed,2,1.8750452999993286
inner_search,N1,1,1,42,29,completed,2,1.7320017000001826
inner_search,N1,1,2,42,29,completed,2,2.1718421000005037
outer_evaluation,N1,1,,42,,completed,2,4.747174000000086
outer_evaluation,N1,1,,123,,completed,2,6.167292799998904
outer_evaluation,N1,1,,155,,completed,2,5.786396999999852
inner_search,N2,1,0,42,0,completed,2,0.9095474000005197
inner_search,N2,1,1,42,0,completed,2,1.702448000000004
inner_search,N2,1,2,42,0,completed,2,2.195291599999109
inner_search,N2,1,0,42,1,completed,2,0.5932964999992691
inner_search,N2,1,1,42,1,completed,2,0.6229077000007237
inner_search,N2,1,2,42,1,completed,2,1.106942500000514
inner_search,N2,1,0,42,2,completed,2,3.915691300000617
inner_search,N2,1,1,42,2,completed,2,3.38463480000064
inner_search,N2,1,2,42,2,completed,2,3.912124700000277
inner_search,N2,1,0,42,3,completed,2,0.6829553999996278
inner_search,N2,1,1,42,3,completed,2,0.8124595999997837
inner_search,N2,1,2,42,3,completed,2,0.7356337999990501
inner_search,N2,1,0,42,4,completed,2,0.3158839999996417
inner_search,N2,1,1,42,4,completed,2,1.4877071999999316
inner_search,N2,1,2,42,4,completed,2,1.680506400000013
inner_search,N2,1,0,42,5,completed,2,0.7862724000005983
inner_search,N2,1,1,42,5,completed,2,1.8066156999993837
inner_search,N2,1,2,42,5,completed,2,1.3111275999999634
inner_search,N2,1,0,42,6,completed,2,3.0256272000005993
inner_search,N2,1,1,42,6,completed,2,3.076945299999352
inner_search,N2,1,2,42,6,completed,2,3.296352699999261
inner_search,N2,1,0,42,7,completed,2,0.3908355000003212
inner_search,N2,1,1,42,7,completed,2,0.4899905000002036
inner_search,N2,1,2,42,7,completed,2,0.3871627999997145
inner_search,N2,1,0,42,8,completed,2,0.3607576999984303
inner_search,N2,1,1,42,8,completed,2,0.3280140000006213
inner_search,N2,1,2,42,8,completed,2,0.34683210000002873
inner_search,N2,1,0,42,9,completed,2,0.3647533999992447
inner_search,N2,1,1,42,9,completed,2,1.1736280000004626
inner_search,N2,1,2,42,9,completed,2,0.41961369999989984
inner_search,N2,1,0,42,10,completed,2,3.3220075000008364
inner_search,N2,1,1,42,10,completed,2,3.2844817000004696
inner_search,N2,1,2,42,10,completed,2,3.3457097000009526
inner_search,N2,1,0,42,11,completed,2,1.0711585999997624
inner_search,N2,1,1,42,11,completed,2,0.8828018000003794
inner_search,N2,1,2,42,11,completed,2,1.109066700000767
inner_search,N2,1,0,42,12,completed,2,1.4529810000003636
inner_search,N2,1,1,42,12,completed,2,3.075223100000585
inner_search,N2,1,2,42,12,completed,2,2.530543700000635
inner_search,N2,1,0,42,13,completed,2,2.0711243000005197
inner_search,N2,1,1,42,13,completed,2,1.2136872999999468
inner_search,N2,1,2,42,13,completed,2,2.8195496999996976
inner_search,N2,1,0,42,14,completed,2,2.8858272999987093
inner_search,N2,1,1,42,14,completed,2,2.9861000000000786
inner_search,N2,1,2,42,14,completed,2,3.0343591000000742
inner_search,N2,1,0,42,15,completed,2,0.5745796999999584
inner_search,N2,1,1,42,15,completed,2,0.5631644000004599
inner_search,N2,1,2,42,15,completed,2,0.5860467000002245
inner_search,N2,1,0,42,16,completed,2,2.4887319000008574
inner_search,N2,1,1,42,16,completed,2,0.7559199999996054
inner_search,N2,1,2,42,16,completed,2,0.7880184000005102
inner_search,N2,1,0,42,17,completed,2,1.3072205999997095
inner_search,N2,1,1,42,17,completed,2,0.8677552000008291
inner_search,N2,1,2,42,17,completed,2,2.1309093999989273
inner_search,N2,1,0,42,18,completed,2,2.5607579999996233
inner_search,N2,1,1,42,18,completed,2,2.4349070000007487
inner_search,N2,1,2,42,18,completed,2,2.699098499999309
inner_search,N2,1,0,42,19,completed,2,1.4149025000006077
inner_search,N2,1,1,42,19,completed,2,1.0876700000007986
inner_search,N2,1,2,42,19,completed,2,2.722081599999001
inner_search,N2,1,0,42,20,completed,2,1.2179264999995212
inner_search,N2,1,1,42,20,completed,2,2.2828833000003215
inner_search,N2,1,2,42,20,completed,2,1.884048599999005
inner_search,N2,1,0,42,21,completed,2,0.7434071999996377
inner_search,N2,1,1,42,21,completed,2,1.415633099999468
inner_search,N2,1,2,42,21,completed,2,1.5138560999985202
inner_search,N2,1,0,42,22,completed,2,1.259731500000271
inner_search,N2,1,1,42,22,completed,2,0.9233260000000882
inner_search,N2,1,2,42,22,completed,2,1.4181563000001915
inner_search,N2,1,0,42,23,completed,2,1.0696402000012313
inner_search,N2,1,1,42,23,completed,2,1.89004980000027
inner_search,N2,1,2,42,23,completed,2,1.6075529999998253
inner_search,N2,1,0,42,24,completed,2,0.7082482999994681
inner_search,N2,1,1,42,24,completed,2,2.0183273999991798
inner_search,N2,1,2,42,24,completed,2,2.562225899999248
inner_search,N2,1,0,42,25,completed,2,0.2935745000013412
inner_search,N2,1,1,42,25,completed,2,1.5594161999997596
inner_search,N2,1,2,42,25,completed,2,1.8620371999986673
inner_search,N2,1,0,42,26,completed,2,3.126366099999359
inner_search,N2,1,1,42,26,completed,2,2.5126185999997688
inner_search,N2,1,2,42,26,completed,2,3.6678216000000248
inner_search,N2,1,0,42,27,completed,2,0.5974495000009483
inner_search,N2,1,1,42,27,completed,2,1.0371455000004062
inner_search,N2,1,2,42,27,completed,2,0.7083688000002439
inner_search,N2,1,0,42,28,completed,2,0.5992315000003146
inner_search,N2,1,1,42,28,completed,2,0.6382365999998001
inner_search,N2,1,2,42,28,completed,2,1.651237800000672
inner_search,N2,1,0,42,29,completed,2,0.8387708999998722
inner_search,N2,1,1,42,29,completed,2,0.7435959000013099
inner_search,N2,1,2,42,29,completed,2,1.920150800000556
outer_evaluation,N2,1,,42,,completed,2,0.7760337999989133
outer_evaluation,N2,1,,123,,completed,2,2.7303811000001588
outer_evaluation,N2,1,,155,,completed,2,0.825820100000783
inner_search,N3,1,0,42,0,completed,2,1.3977837000002182
inner_search,N3,1,1,42,0,completed,2,1.160577700000431
inner_search,N3,1,2,42,0,completed,2,1.3683676999989984
inner_search,N3,1,0,42,1,completed,2,1.3733781999999337
inner_search,N3,1,1,42,1,completed,2,1.4511094000008598
inner_search,N3,1,2,42,1,completed,2,1.6583569000013085
inner_search,N3,1,0,42,2,completed,2,3.58183629999985
inner_search,N3,1,1,42,2,completed,2,2.0564857000008487
inner_search,N3,1,2,42,2,completed,2,1.9092884000001504
inner_search,N3,1,0,42,3,completed,2,0.5862921999996615
inner_search,N3,1,1,42,3,completed,2,0.48996450000049663
inner_search,N3,1,2,42,3,completed,2,0.8612224999997125
inner_search,N3,1,0,42,4,completed,2,2.0047477000007348
inner_search,N3,1,1,42,4,completed,2,1.9628787000001466
inner_search,N3,1,2,42,4,completed,2,3.6933054000000993
inner_search,N3,1,0,42,5,completed,2,1.2093725000013364
inner_search,N3,1,1,42,5,completed,2,0.9201457999988634
inner_search,N3,1,2,42,5,completed,2,1.379050699999425
inner_search,N3,1,0,42,6,completed,2,0.3700798999998369
inner_search,N3,1,1,42,6,completed,2,0.44351540000025125
inner_search,N3,1,2,42,6,completed,2,0.5373580000014044
inner_search,N3,1,0,42,7,completed,2,1.355361299998549
inner_search,N3,1,1,42,7,completed,2,1.3245449000005465
inner_search,N3,1,2,42,7,completed,2,1.315790399999969
inner_search,N3,1,0,42,8,completed,2,0.8216044000000693
inner_search,N3,1,1,42,8,completed,2,0.8109831999991002
inner_search,N3,1,2,42,8,completed,2,1.2436109999998735
inner_search,N3,1,0,42,9,completed,2,1.182921699999497
inner_search,N3,1,1,42,9,completed,2,0.7285695999999007
inner_search,N3,1,2,42,9,completed,2,1.0605365999999776
inner_search,N3,1,0,42,10,completed,2,2.9091499999994994
inner_search,N3,1,1,42,10,completed,2,2.22045529999923
inner_search,N3,1,2,42,10,completed,2,2.8537254000002577
inner_search,N3,1,0,42,11,completed,2,2.55117429999882
inner_search,N3,1,1,42,11,completed,2,2.2615203999994264
inner_search,N3,1,2,42,11,completed,2,2.3740725999996357
inner_search,N3,1,0,42,12,completed,2,3.1484196000001248
inner_search,N3,1,1,42,12,completed,2,2.9317738999998255
inner_search,N3,1,2,42,12,completed,2,3.1283745000000636
inner_search,N3,1,0,42,13,completed,2,3.501132900000812
inner_search,N3,1,1,42,13,completed,2,3.087381000001187
inner_search,N3,1,2,42,13,completed,2,1.673405699999421
inner_search,N3,1,0,42,14,completed,2,3.258173700000043
inner_search,N3,1,1,42,14,completed,2,2.815628899999865
inner_search,N3,1,2,42,14,completed,2,3.146032299999206
inner_search,N3,1,0,42,15,completed,2,1.8053106000006665
inner_search,N3,1,1,42,15,completed,2,1.7148051000003761
inner_search,N3,1,2,42,15,completed,2,1.880628799999613
inner_search,N3,1,0,42,16,completed,2,2.263149799999155
inner_search,N3,1,1,42,16,completed,2,2.3507245000000694
inner_search,N3,1,2,42,16,completed,2,2.279079800000545
inner_search,N3,1,0,42,17,completed,2,2.2780875000007654
inner_search,N3,1,1,42,17,completed,2,1.6147092999999586
inner_search,N3,1,2,42,17,completed,2,1.9086310999991838
inner_search,N3,1,0,42,18,completed,2,3.269277499999589
inner_search,N3,1,1,42,18,completed,2,3.025847299999441
inner_search,N3,1,2,42,18,completed,2,3.2603651999997965
inner_search,N3,1,0,42,19,completed,2,0.6172700999995868
inner_search,N3,1,1,42,19,completed,2,0.6728911000009248
inner_search,N3,1,2,42,19,completed,2,0.5145770000017365
inner_search,N3,1,0,42,20,completed,2,0.44473850000031234
inner_search,N3,1,1,42,20,completed,2,0.4437508999999409
inner_search,N3,1,2,42,20,completed,2,2.6610459000003175
inner_search,N3,1,0,42,21,completed,2,0.46516520000113815
inner_search,N3,1,1,42,21,completed,2,0.5271289000011166
inner_search,N3,1,2,42,21,completed,2,2.4289045999994414
inner_search,N3,1,0,42,22,completed,2,0.4835143000000244
inner_search,N3,1,1,42,22,completed,2,0.5276152999995247
inner_search,N3,1,2,42,22,completed,2,2.555692199999612
inner_search,N3,1,0,42,23,completed,2,0.4535077000000456
inner_search,N3,1,1,42,23,completed,2,0.43035629999940284
inner_search,N3,1,2,42,23,completed,2,2.607243499998731
inner_search,N3,1,0,42,24,completed,2,0.4702960000013263
inner_search,N3,1,1,42,24,completed,2,0.42435309999927995
inner_search,N3,1,2,42,24,completed,2,0.4526617999999871
inner_search,N3,1,0,42,25,completed,2,0.4571926999997231
inner_search,N3,1,1,42,25,completed,2,0.3571210999998584
inner_search,N3,1,2,42,25,completed,2,0.6444646999989345
inner_search,N3,1,0,42,26,completed,2,0.4840189000005921
inner_search,N3,1,1,42,26,completed,2,0.5735514999996667
inner_search,N3,1,2,42,26,completed,2,0.5390815999999177
inner_search,N3,1,0,42,27,completed,2,0.8331022000002122
inner_search,N3,1,1,42,27,completed,2,0.7065222000001086
inner_search,N3,1,2,42,27,completed,2,0.6212319000005664
inner_search,N3,1,0,42,28,completed,2,0.45891540000047826
inner_search,N3,1,1,42,28,completed,2,0.6285891999996238
inner_search,N3,1,2,42,28,completed,2,2.445443399999931
inner_search,N3,1,0,42,29,completed,2,0.6622731999996176
inner_search,N3,1,1,42,29,completed,2,0.553981200000635
inner_search,N3,1,2,42,29,completed,2,0.8092264999995677
outer_evaluation,N3,1,,42,,completed,2,0.399436899999273
outer_evaluation,N3,1,,123,,completed,2,3.1411200999991706
outer_evaluation,N3,1,,155,,completed,2,0.4397728999992978
outer_evaluation,A1,1,,42,,completed,2,2.319998199998736
outer_evaluation,A1,1,,123,,completed,2,0.49794110000038927
outer_evaluation,A1,1,,155,,completed,2,1.3582797999988543
outer_evaluation,A2,1,,42,,completed,2,1.744986699999572
outer_evaluation,A2,1,,123,,completed,2,4.457910500001162
outer_evaluation,A2,1,,155,,completed,2,2.372342299999218
outer_evaluation,R0,2,,42,,completed,0,0.0
inner_search,M1,2,0,42,0,completed,1,0.12439070000073116
inner_search,M1,2,1,42,0,completed,1,0.11548729999958596
inner_search,M1,2,2,42,0,completed,1,0.11812920000011218
inner_search,M1,2,0,42,1,completed,1,0.11875700000018696
inner_search,M1,2,1,42,1,completed,1,0.11243340000146418
inner_search,M1,2,2,42,1,completed,1,0.11311960000057297
inner_search,M1,2,0,42,2,completed,1,0.3434388999994553
inner_search,M1,2,1,42,2,completed,1,0.32853220000106376
inner_search,M1,2,2,42,2,completed,1,0.333587200000693
inner_search,M1,2,0,42,3,completed,1,0.22058090000064112
inner_search,M1,2,1,42,3,completed,1,0.2226198000007571
inner_search,M1,2,2,42,3,completed,1,0.2218871000004583
inner_search,M1,2,0,42,4,completed,1,0.34972039999956905
inner_search,M1,2,1,42,4,completed,1,0.32869709999977204
inner_search,M1,2,2,42,4,completed,1,0.3534847999999329
inner_search,M1,2,0,42,5,completed,1,0.27200429999902553
inner_search,M1,2,1,42,5,completed,1,0.23023579999971844
inner_search,M1,2,2,42,5,completed,1,0.22873290000097768
inner_search,M1,2,0,42,6,completed,1,0.37818780000088736
inner_search,M1,2,1,42,6,completed,1,0.33167820000016945
inner_search,M1,2,2,42,6,completed,1,0.37476320000132546
inner_search,M1,2,0,42,7,completed,1,0.3404986999994435
inner_search,M1,2,1,42,7,completed,1,0.3293632000004436
inner_search,M1,2,2,42,7,completed,1,0.34019639999860374
inner_search,M1,2,0,42,8,completed,1,0.3444504999988567
inner_search,M1,2,1,42,8,completed,1,0.3470144999992044
inner_search,M1,2,2,42,8,completed,1,0.3258497000006173
inner_search,M1,2,0,42,9,completed,1,0.31176500000037777
inner_search,M1,2,1,42,9,completed,1,0.3165102000002662
inner_search,M1,2,2,42,9,completed,1,0.4067297999990842
inner_search,M1,2,0,42,10,completed,1,0.12693669999862323
inner_search,M1,2,1,42,10,completed,1,0.11155570000119042
inner_search,M1,2,2,42,10,completed,1,0.11213499999939813
inner_search,M1,2,0,42,11,completed,1,0.11289789999864297
inner_search,M1,2,1,42,11,completed,1,0.11420920000091428
inner_search,M1,2,2,42,11,completed,1,0.12484539999968547
inner_search,M1,2,0,42,12,completed,1,0.16901099999995495
inner_search,M1,2,1,42,12,completed,1,0.12492779999956838
inner_search,M1,2,2,42,12,completed,1,0.12199490000057267
inner_search,M1,2,0,42,13,completed,1,0.12203930000032415
inner_search,M1,2,1,42,13,completed,1,0.11312449999968521
inner_search,M1,2,2,42,13,completed,1,0.11166080000111833
inner_search,M1,2,0,42,14,completed,1,0.11216039999999339
inner_search,M1,2,1,42,14,completed,1,0.11515830000098504
inner_search,M1,2,2,42,14,completed,1,0.11272040000039851
inner_search,M1,2,0,42,15,completed,1,0.11322330000075453
inner_search,M1,2,1,42,15,completed,1,0.12477340000077675
inner_search,M1,2,2,42,15,completed,1,0.11163479999959236
inner_search,M1,2,0,42,16,completed,1,0.10943419999966864
inner_search,M1,2,1,42,16,completed,1,0.11168480000014824
inner_search,M1,2,2,42,16,completed,1,0.10942090000025928
inner_search,M1,2,0,42,17,completed,1,0.11023460000069463
inner_search,M1,2,1,42,17,completed,1,0.11060179999913089
inner_search,M1,2,2,42,17,completed,1,0.1093086000000767
inner_search,M1,2,0,42,18,completed,1,0.2189343000009103
inner_search,M1,2,1,42,18,completed,1,0.22413380000034522
inner_search,M1,2,2,42,18,completed,1,0.21750619999875198
inner_search,M1,2,0,42,19,completed,1,0.11251790000096662
inner_search,M1,2,1,42,19,completed,1,0.11145000000033178
inner_search,M1,2,2,42,19,completed,1,0.11040539999885368
inner_search,M1,2,0,42,20,completed,1,0.11324819999936153
inner_search,M1,2,1,42,20,completed,1,0.11840089999896009
inner_search,M1,2,2,42,20,completed,1,0.11663439999938419
inner_search,M1,2,0,42,21,completed,1,0.1159429999988788
inner_search,M1,2,1,42,21,completed,1,0.13098379999973986
inner_search,M1,2,2,42,21,completed,1,0.1129919000013615
inner_search,M1,2,0,42,22,completed,1,0.1111017000002903
inner_search,M1,2,1,42,22,completed,1,0.11200889999963692
inner_search,M1,2,2,42,22,completed,1,0.11179380000066885
inner_search,M1,2,0,42,23,completed,1,0.11070350000045437
inner_search,M1,2,1,42,23,completed,1,0.11077269999987038
inner_search,M1,2,2,42,23,completed,1,0.11141659999884723
inner_search,M1,2,0,42,24,completed,1,0.11099649999960093
inner_search,M1,2,1,42,24,completed,1,0.1190054999988206
inner_search,M1,2,2,42,24,completed,1,0.11833969999861438
inner_search,M1,2,0,42,25,completed,1,0.21247460000085994
inner_search,M1,2,1,42,25,completed,1,0.21483210000042163
inner_search,M1,2,2,42,25,completed,1,0.2115310999997746
inner_search,M1,2,0,42,26,completed,1,0.11206700000002456
inner_search,M1,2,1,42,26,completed,1,0.11195540000153414
inner_search,M1,2,2,42,26,completed,1,0.12541410000085307
inner_search,M1,2,0,42,27,completed,1,0.11228169999958482
inner_search,M1,2,1,42,27,completed,1,0.1164387999997416
inner_search,M1,2,2,42,27,completed,1,0.12111530000038329
inner_search,M1,2,0,42,28,completed,1,0.11033879999922647
inner_search,M1,2,1,42,28,completed,1,0.11009960000046703
inner_search,M1,2,2,42,28,completed,1,0.11039499999969848
inner_search,M1,2,0,42,29,completed,1,0.11308980000103475
inner_search,M1,2,1,42,29,completed,1,0.12148939999860886
inner_search,M1,2,2,42,29,completed,1,0.11953809999977238
outer_evaluation,M1,2,,42,,completed,1,0.14850899999873945
inner_search,M2,2,0,42,0,completed,1,0.013657499999681022
inner_search,M2,2,1,42,0,completed,1,0.013779900000372436
inner_search,M2,2,2,42,0,completed,1,0.013516999999410473
inner_search,M2,2,0,42,1,completed,1,0.014537200000631856
inner_search,M2,2,1,42,1,completed,1,0.014607600000090315
inner_search,M2,2,2,42,1,completed,1,0.01541199999883247
inner_search,M2,2,0,42,2,completed,1,0.010200900000199908
inner_search,M2,2,1,42,2,completed,1,0.010709500000302796
inner_search,M2,2,2,42,2,completed,1,0.00979879999977129
inner_search,M2,2,0,42,3,completed,1,0.012790499999027816
inner_search,M2,2,1,42,3,completed,1,0.013413900000159629
inner_search,M2,2,2,42,3,completed,1,0.013141700001142453
inner_search,M2,2,0,42,4,completed,1,0.012829199999032426
inner_search,M2,2,1,42,4,completed,1,0.013206800000261865
inner_search,M2,2,2,42,4,completed,1,0.013129300001310185
inner_search,M2,2,0,42,5,completed,1,0.012778300000718446
inner_search,M2,2,1,42,5,completed,1,0.012940500000695465
inner_search,M2,2,2,42,5,completed,1,0.013101199998345692
inner_search,M2,2,0,42,6,completed,1,0.013299300000653602
inner_search,M2,2,1,42,6,completed,1,0.012686500000199885
inner_search,M2,2,2,42,6,completed,1,0.013219500000559492
inner_search,M2,2,0,42,7,completed,1,0.011446000000432832
inner_search,M2,2,1,42,7,completed,1,0.011889800000062678
inner_search,M2,2,2,42,7,completed,1,0.011473499998828629
inner_search,M2,2,0,42,8,completed,1,0.010318500000721542
inner_search,M2,2,1,42,8,completed,1,0.010881000000154017
inner_search,M2,2,2,42,8,completed,1,0.012130300001444994
inner_search,M2,2,0,42,9,completed,1,0.015966699998898548
inner_search,M2,2,1,42,9,completed,1,0.015694100000473554
inner_search,M2,2,2,42,9,completed,1,0.013949899999715853
inner_search,M2,2,0,42,10,completed,1,0.012003399999230169
inner_search,M2,2,1,42,10,completed,1,0.011570300001039868
inner_search,M2,2,2,42,10,completed,1,0.011521000000357162
inner_search,M2,2,0,42,11,completed,1,0.010312599999451777
inner_search,M2,2,1,42,11,completed,1,0.010673799999494804
inner_search,M2,2,2,42,11,completed,1,0.0102151999999478
inner_search,M2,2,0,42,12,completed,1,0.009978800000681076
inner_search,M2,2,1,42,12,completed,1,0.010545099999944796
inner_search,M2,2,2,42,12,completed,1,0.009904699998514843
inner_search,M2,2,0,42,13,completed,1,0.012949899999512127
inner_search,M2,2,1,42,13,completed,1,0.012899900000775233
inner_search,M2,2,2,42,13,completed,1,0.01249180000013439
inner_search,M2,2,0,42,14,completed,1,0.010109199998623808
inner_search,M2,2,1,42,14,completed,1,0.010471800000232179
inner_search,M2,2,2,42,14,completed,1,0.010113099999216502
inner_search,M2,2,0,42,15,completed,1,0.010078700001031393
inner_search,M2,2,1,42,15,completed,1,0.01036980000026233
inner_search,M2,2,2,42,15,completed,1,0.009778400000868714
inner_search,M2,2,0,42,16,completed,1,0.010655699999915669
inner_search,M2,2,1,42,16,completed,1,0.010219499999948312
inner_search,M2,2,2,42,16,completed,1,0.010313599999790313
inner_search,M2,2,0,42,17,completed,1,0.013390699999945355
inner_search,M2,2,1,42,17,completed,1,0.013385299998844857
inner_search,M2,2,2,42,17,completed,1,0.01322970000001078
inner_search,M2,2,0,42,18,completed,1,0.010660800000550807
inner_search,M2,2,1,42,18,completed,1,0.011459199999080738
inner_search,M2,2,2,42,18,completed,1,0.010451500000272063
inner_search,M2,2,0,42,19,completed,1,0.01351529999919876
inner_search,M2,2,1,42,19,completed,1,0.01331440000103612
inner_search,M2,2,2,42,19,completed,1,0.012999399999898742
inner_search,M2,2,0,42,20,completed,1,0.01119489999837242
inner_search,M2,2,1,42,20,completed,1,0.01270239999939804
inner_search,M2,2,2,42,20,completed,1,0.012474300001485972
inner_search,M2,2,0,42,21,completed,1,0.012025100000755629
inner_search,M2,2,1,42,21,completed,1,0.010590399999273359
inner_search,M2,2,2,42,21,completed,1,0.011674400000629248
inner_search,M2,2,0,42,22,completed,1,0.010376000000178465
inner_search,M2,2,1,42,22,completed,1,0.0101011999995535
inner_search,M2,2,2,42,22,completed,1,0.010174999999435386
inner_search,M2,2,0,42,23,completed,1,0.009955499999705353
inner_search,M2,2,1,42,23,completed,1,0.010816500000146334
inner_search,M2,2,2,42,23,completed,1,0.010100299999976414
inner_search,M2,2,0,42,24,completed,1,0.012152400000559282
inner_search,M2,2,1,42,24,completed,1,0.01153359999989334
inner_search,M2,2,2,42,24,completed,1,0.01187469999968016
inner_search,M2,2,0,42,25,completed,1,0.012246899999809102
inner_search,M2,2,1,42,25,completed,1,0.012085899999874528
inner_search,M2,2,2,42,25,completed,1,0.012236700000357814
inner_search,M2,2,0,42,26,completed,1,0.010903000000325846
inner_search,M2,2,1,42,26,completed,1,0.011569599999347702
inner_search,M2,2,2,42,26,completed,1,0.011277400000835769
inner_search,M2,2,0,42,27,completed,1,0.012530800000604359
inner_search,M2,2,1,42,27,completed,1,0.012930400000186637
inner_search,M2,2,2,42,27,completed,1,0.012238400000569527
inner_search,M2,2,0,42,28,completed,1,0.012626800000361982
inner_search,M2,2,1,42,28,completed,1,0.01263440000002447
inner_search,M2,2,2,42,28,completed,1,0.012268099999346305
inner_search,M2,2,0,42,29,completed,1,0.01329489999989164
inner_search,M2,2,1,42,29,completed,1,0.013173100000130944
inner_search,M2,2,2,42,29,completed,1,0.013073400001303526
outer_evaluation,M2,2,,42,,completed,1,0.040278100001160055
inner_search,N0,2,0,42,0,completed,2,0.5065864000007423
inner_search,N0,2,1,42,0,completed,2,2.3203173999991122
inner_search,N0,2,2,42,0,completed,2,2.074169299999994
inner_search,N0,2,0,42,1,completed,2,0.6785884000000806
inner_search,N0,2,1,42,1,completed,2,0.7866183999994973
inner_search,N0,2,2,42,1,completed,2,0.746911000000182
inner_search,N0,2,0,42,2,completed,2,3.961355299999923
inner_search,N0,2,1,42,2,completed,2,3.6640413999994053
inner_search,N0,2,2,42,2,completed,2,4.351428700001634
inner_search,N0,2,0,42,3,completed,2,4.38300530000015
inner_search,N0,2,1,42,3,completed,2,5.0638789999993605
inner_search,N0,2,2,42,3,completed,2,4.467930500000875
inner_search,N0,2,0,42,4,completed,2,3.2225343999998586
inner_search,N0,2,1,42,4,completed,2,2.4093583000012586
inner_search,N0,2,2,42,4,completed,2,2.867264000000432
inner_search,N0,2,0,42,5,completed,2,0.794137499999124
inner_search,N0,2,1,42,5,completed,2,0.8279827000005753
inner_search,N0,2,2,42,5,completed,2,0.7020012000011775
inner_search,N0,2,0,42,6,completed,2,2.195647000000463
inner_search,N0,2,1,42,6,completed,2,2.476405600000362
inner_search,N0,2,2,42,6,completed,2,2.228332999999111
inner_search,N0,2,0,42,7,completed,2,3.809941900000922
inner_search,N0,2,1,42,7,completed,2,2.2881622000004427
inner_search,N0,2,2,42,7,completed,2,2.0718218999991223
inner_search,N0,2,0,42,8,completed,2,3.7539742999997543
inner_search,N0,2,1,42,8,completed,2,3.1212967000010394
inner_search,N0,2,2,42,8,completed,2,3.337436899999375
inner_search,N0,2,0,42,9,completed,2,1.9630243999999948
inner_search,N0,2,1,42,9,completed,2,1.8277187000003323
inner_search,N0,2,2,42,9,completed,2,1.9332926999995834
inner_search,N0,2,0,42,10,completed,2,0.493515699999989
inner_search,N0,2,1,42,10,completed,2,0.4997542999990401
inner_search,N0,2,2,42,10,completed,2,0.5233324000000721
inner_search,N0,2,0,42,11,completed,2,3.3131819999998697
inner_search,N0,2,1,42,11,completed,2,3.2654179000001022
inner_search,N0,2,2,42,11,completed,2,4.021932100000413
inner_search,N0,2,0,42,12,completed,2,4.540048399998341
inner_search,N0,2,1,42,12,completed,2,6.527542800000447
inner_search,N0,2,2,42,12,completed,2,5.49284439999974
inner_search,N0,2,0,42,13,completed,2,2.56979180000053
inner_search,N0,2,1,42,13,completed,2,3.217597200000455
inner_search,N0,2,2,42,13,completed,2,3.5715997999996034
inner_search,N0,2,0,42,14,completed,2,2.253906100000677
inner_search,N0,2,1,42,14,completed,2,2.616895899998781
inner_search,N0,2,2,42,14,completed,2,4.596839399999226
inner_search,N0,2,0,42,15,completed,2,3.152825600000142
inner_search,N0,2,1,42,15,completed,2,3.2751969000000827
inner_search,N0,2,2,42,15,completed,2,5.929821700001412
inner_search,N0,2,0,42,16,completed,2,2.6161017999984324
inner_search,N0,2,1,42,16,completed,2,1.8783364000009897
inner_search,N0,2,2,42,16,completed,2,4.689619999999195
inner_search,N0,2,0,42,17,completed,2,4.0965168999991874
inner_search,N0,2,1,42,17,completed,2,3.9874744999997347
inner_search,N0,2,2,42,17,completed,2,7.652159799999936
inner_search,N0,2,0,42,18,completed,2,4.248470900000029
inner_search,N0,2,1,42,18,completed,2,5.635512499999095
inner_search,N0,2,2,42,18,completed,2,6.210607899998649
inner_search,N0,2,0,42,19,completed,2,4.434193999999479
inner_search,N0,2,1,42,19,completed,2,3.332461500000136
inner_search,N0,2,2,42,19,completed,2,5.308343599999716
inner_search,N0,2,0,42,20,completed,2,0.7666618999992352
inner_search,N0,2,1,42,20,completed,2,5.508733799999391
inner_search,N0,2,2,42,20,completed,2,6.8155760999998165
inner_search,N0,2,0,42,21,completed,2,2.8470698000000993
inner_search,N0,2,1,42,21,completed,2,2.5506582999987586
inner_search,N0,2,2,42,21,completed,2,5.421821699999782
inner_search,N0,2,0,42,22,completed,2,4.267094599999837
inner_search,N0,2,1,42,22,completed,2,2.183417100000952
inner_search,N0,2,2,42,22,completed,2,3.1202809999995225
inner_search,N0,2,0,42,23,completed,2,4.448276400000395
inner_search,N0,2,1,42,23,completed,2,4.311726100000669
inner_search,N0,2,2,42,23,completed,2,3.872146600000633
inner_search,N0,2,0,42,24,completed,2,4.436961999999767
inner_search,N0,2,1,42,24,completed,2,4.557916399999158
inner_search,N0,2,2,42,24,completed,2,5.805250499999602
inner_search,N0,2,0,42,25,completed,2,4.889339899998959
inner_search,N0,2,1,42,25,completed,2,0.6448374999999942
inner_search,N0,2,2,42,25,completed,2,4.689952400000038
inner_search,N0,2,0,42,26,completed,2,4.96110520000002
inner_search,N0,2,1,42,26,completed,2,4.87700120000045
inner_search,N0,2,2,42,26,completed,2,5.076171300001079
inner_search,N0,2,0,42,27,completed,2,5.59222520000003
inner_search,N0,2,1,42,27,completed,2,4.83288580000044
inner_search,N0,2,2,42,27,completed,2,4.319683499999883
inner_search,N0,2,0,42,28,completed,2,5.194846599999437
inner_search,N0,2,1,42,28,completed,2,2.13733830000092
inner_search,N0,2,2,42,28,completed,2,4.598299400000542
inner_search,N0,2,0,42,29,completed,2,0.9565077999995992
inner_search,N0,2,1,42,29,completed,2,5.460586699999112
inner_search,N0,2,2,42,29,completed,2,5.202495999999883
outer_evaluation,N0,2,,42,,completed,2,8.811315200000536
outer_evaluation,N0,2,,123,,completed,2,2.7406754000003275
outer_evaluation,N0,2,,155,,completed,2,3.3516020999995817
inner_search,N1,2,0,42,0,completed,2,1.3650742000008904
inner_search,N1,2,1,42,0,completed,2,1.413792299999841
inner_search,N1,2,2,42,0,completed,2,1.590938000001188
inner_search,N1,2,0,42,1,completed,2,1.5288268000003882
inner_search,N1,2,1,42,1,completed,2,1.6423096999988047
inner_search,N1,2,2,42,1,completed,2,1.6036989999993239
inner_search,N1,2,0,42,2,completed,2,0.8397349000006216
inner_search,N1,2,1,42,2,completed,2,0.9112244000007195
inner_search,N1,2,2,42,2,completed,2,2.4792379999998957
inner_search,N1,2,0,42,3,completed,2,7.060237199999392
inner_search,N1,2,1,42,3,completed,2,7.292762400000356
inner_search,N1,2,2,42,3,completed,2,8.373829599999226
inner_search,N1,2,0,42,4,completed,2,1.7001371999995172
inner_search,N1,2,1,42,4,completed,2,1.9293496000009327
inner_search,N1,2,2,42,4,completed,2,6.210071899999093
inner_search,N1,2,0,42,5,completed,2,1.620885599999383
inner_search,N1,2,1,42,5,completed,2,1.7182828999993944
inner_search,N1,2,2,42,5,completed,2,1.6608517999993637
inner_search,N1,2,0,42,6,completed,2,1.7813208999996277
inner_search,N1,2,1,42,6,completed,2,2.086651500001608
inner_search,N1,2,2,42,6,completed,2,1.8919442000005802
inner_search,N1,2,0,42,7,completed,2,1.279852600000595
inner_search,N1,2,1,42,7,completed,2,1.3177825000002485
inner_search,N1,2,2,42,7,completed,2,4.161691500001325
inner_search,N1,2,0,42,8,completed,2,1.379725699998744
inner_search,N1,2,1,42,8,completed,2,1.4717727000006562
inner_search,N1,2,2,42,8,completed,2,1.5014766999993299
inner_search,N1,2,0,42,9,completed,2,2.3800506000006862
inner_search,N1,2,1,42,9,completed,2,2.2625437999995484
inner_search,N1,2,2,42,9,completed,2,4.556423400001222
inner_search,N1,2,0,42,10,completed,2,3.8726120999999694
inner_search,N1,2,1,42,10,completed,2,4.324502999999822
inner_search,N1,2,2,42,10,completed,2,2.8983728000002884
inner_search,N1,2,0,42,11,completed,2,3.290447299999869
inner_search,N1,2,1,42,11,completed,2,3.7657755999989604
inner_search,N1,2,2,42,11,completed,2,4.1902592000005825
inner_search,N1,2,0,42,12,completed,2,3.9171301999995194
inner_search,N1,2,1,42,12,completed,2,5.097459799999342
inner_search,N1,2,2,42,12,completed,2,3.0591409999997268
inner_search,N1,2,0,42,13,completed,2,4.165657600000486
inner_search,N1,2,1,42,13,completed,2,3.421070399999735
inner_search,N1,2,2,42,13,completed,2,2.7595719000000827
inner_search,N1,2,0,42,14,completed,2,2.21293119999973
inner_search,N1,2,1,42,14,completed,2,2.1315496999995958
inner_search,N1,2,2,42,14,completed,2,2.4503669000005175
inner_search,N1,2,0,42,15,completed,2,3.9947231999994983
inner_search,N1,2,1,42,15,completed,2,4.08276350000051
inner_search,N1,2,2,42,15,completed,2,3.317943699999887
inner_search,N1,2,0,42,16,completed,2,1.862478099999862
inner_search,N1,2,1,42,16,completed,2,1.6804505000000063
inner_search,N1,2,2,42,16,completed,2,3.9382053000008455
inner_search,N1,2,0,42,17,completed,2,1.1475871000002371
inner_search,N1,2,1,42,17,completed,2,1.0987675999986095
inner_search,N1,2,2,42,17,completed,2,4.249149799999941
inner_search,N1,2,0,42,18,completed,2,3.499983499999871
inner_search,N1,2,1,42,18,completed,2,3.5866655000008905
inner_search,N1,2,2,42,18,completed,2,4.1028258000005735
inner_search,N1,2,0,42,19,completed,2,7.41828280000118
inner_search,N1,2,1,42,19,completed,2,3.0031123999997362
inner_search,N1,2,2,42,19,completed,2,7.363661299999876
inner_search,N1,2,0,42,20,completed,2,1.346123200000875
inner_search,N1,2,1,42,20,completed,2,1.9742126999990433
inner_search,N1,2,2,42,20,completed,2,4.200223499999993
inner_search,N1,2,0,42,21,completed,2,3.604946100000234
inner_search,N1,2,1,42,21,completed,2,4.185485500000141
inner_search,N1,2,2,42,21,completed,2,2.987078599999222
inner_search,N1,2,0,42,22,completed,2,4.711374500000602
inner_search,N1,2,1,42,22,completed,2,4.138460099999065
inner_search,N1,2,2,42,22,completed,2,3.7629620999996405
inner_search,N1,2,0,42,23,completed,2,3.6009425000011106
inner_search,N1,2,1,42,23,completed,2,3.265174600001046
inner_search,N1,2,2,42,23,completed,2,3.735522499999206
inner_search,N1,2,0,42,24,completed,2,1.3021558000000368
inner_search,N1,2,1,42,24,completed,2,4.73434940000152
inner_search,N1,2,2,42,24,completed,2,4.122496299998602
inner_search,N1,2,0,42,25,completed,2,4.3587217000003875
inner_search,N1,2,1,42,25,completed,2,3.7087888999994902
inner_search,N1,2,2,42,25,completed,2,4.062907100000302
inner_search,N1,2,0,42,26,completed,2,0.6407712000000174
inner_search,N1,2,1,42,26,completed,2,0.550466000000597
inner_search,N1,2,2,42,26,completed,2,2.3715836999999738
inner_search,N1,2,0,42,27,completed,2,1.4395542999991449
inner_search,N1,2,1,42,27,completed,2,1.3950991999990947
inner_search,N1,2,2,42,27,completed,2,1.9648505999994086
inner_search,N1,2,0,42,28,completed,2,0.9896538000011788
inner_search,N1,2,1,42,28,completed,2,5.111677199998667
inner_search,N1,2,2,42,28,completed,2,6.10168639999938
inner_search,N1,2,0,42,29,completed,2,1.3465089000001171
inner_search,N1,2,1,42,29,completed,2,3.0839629999991303
inner_search,N1,2,2,42,29,completed,2,1.6484590000000026
outer_evaluation,N1,2,,42,,completed,2,5.925881500001196
outer_evaluation,N1,2,,123,,completed,2,5.727419799999552
outer_evaluation,N1,2,,155,,completed,2,5.831581799999185
inner_search,N2,2,0,42,0,completed,2,0.38022260000070673
inner_search,N2,2,1,42,0,completed,2,0.35754590000033204
inner_search,N2,2,2,42,0,completed,2,0.3971607000003132
inner_search,N2,2,0,42,1,completed,2,0.3220406999989791
inner_search,N2,2,1,42,1,completed,2,3.0724413999996614
inner_search,N2,2,2,42,1,completed,2,2.9501715999995213
inner_search,N2,2,0,42,2,completed,2,0.644324199998664
inner_search,N2,2,1,42,2,completed,2,0.6952919000013935
inner_search,N2,2,2,42,2,completed,2,0.8064224000008835
inner_search,N2,2,0,42,3,completed,2,1.7972831999995833
inner_search,N2,2,1,42,3,completed,2,1.7491841999999451
inner_search,N2,2,2,42,3,completed,2,2.0428301000010833
inner_search,N2,2,0,42,4,completed,2,1.4995686000002024
inner_search,N2,2,1,42,4,completed,2,1.3098803000011685
inner_search,N2,2,2,42,4,completed,2,1.2548924000002444
inner_search,N2,2,0,42,5,completed,2,0.5791292999983852
inner_search,N2,2,1,42,5,completed,2,0.6988304999995307
inner_search,N2,2,2,42,5,completed,2,0.5582497000013973
inner_search,N2,2,0,42,6,completed,2,2.0067662999990716
inner_search,N2,2,1,42,6,completed,2,1.9815158000001247
inner_search,N2,2,2,42,6,completed,2,1.83861220000108
inner_search,N2,2,0,42,7,completed,2,3.5667883999994956
inner_search,N2,2,1,42,7,completed,2,2.019422499999564
inner_search,N2,2,2,42,7,completed,2,3.3492779999996856
inner_search,N2,2,0,42,8,completed,2,0.5460120000007009
inner_search,N2,2,1,42,8,completed,2,0.4625980000000709
inner_search,N2,2,2,42,8,completed,2,0.43111940000017057
inner_search,N2,2,0,42,9,completed,2,1.346735200000694
inner_search,N2,2,1,42,9,completed,2,1.2461198999990302
inner_search,N2,2,2,42,9,completed,2,1.4872786999985692
inner_search,N2,2,0,42,10,completed,2,1.820418700001028
inner_search,N2,2,1,42,10,completed,2,2.1437435999996524
inner_search,N2,2,2,42,10,completed,2,1.8709433000003628
inner_search,N2,2,0,42,11,completed,2,1.74504639999941
inner_search,N2,2,1,42,11,completed,2,1.932396800000788
inner_search,N2,2,2,42,11,completed,2,1.7366412999999739
inner_search,N2,2,0,42,12,completed,2,1.5386104000008345
inner_search,N2,2,1,42,12,completed,2,0.8690404999997554
inner_search,N2,2,2,42,12,completed,2,1.7916132999998808
inner_search,N2,2,0,42,13,completed,2,0.41382379999959085
inner_search,N2,2,1,42,13,completed,2,2.492843300000459
inner_search,N2,2,2,42,13,completed,2,1.0291023000008863
inner_search,N2,2,0,42,14,completed,2,0.39506250000158616
inner_search,N2,2,1,42,14,completed,2,2.2674278000013146
inner_search,N2,2,2,42,14,completed,2,0.990815900000598
inner_search,N2,2,0,42,15,completed,2,2.632939000000988
inner_search,N2,2,1,42,15,completed,2,3.0769846999992296
inner_search,N2,2,2,42,15,completed,2,2.6303585000005114
inner_search,N2,2,0,42,16,completed,2,2.684021200000643
inner_search,N2,2,1,42,16,completed,2,2.884190099999614
inner_search,N2,2,2,42,16,completed,2,2.7468298000003415
inner_search,N2,2,0,42,17,completed,2,2.390891400000328
inner_search,N2,2,1,42,17,completed,2,2.712387300000046
inner_search,N2,2,2,42,17,completed,2,2.383282800001325
inner_search,N2,2,0,42,18,completed,2,2.09752219999973
inner_search,N2,2,1,42,18,completed,2,2.6859843999991426
inner_search,N2,2,2,42,18,completed,2,2.3325469000010344
inner_search,N2,2,0,42,19,completed,2,2.1994969000006677
inner_search,N2,2,1,42,19,completed,2,2.5326473000004626
inner_search,N2,2,2,42,19,completed,2,2.7060670999999274
inner_search,N2,2,0,42,20,completed,2,1.8820797999997012
inner_search,N2,2,1,42,20,completed,2,0.9365755999988323
inner_search,N2,2,2,42,20,completed,2,2.737949299998945
inner_search,N2,2,0,42,21,completed,2,1.697196500001155
inner_search,N2,2,1,42,21,completed,2,0.9690912000005483
inner_search,N2,2,2,42,21,completed,2,2.9307017999999516
inner_search,N2,2,0,42,22,completed,2,1.5630755000001955
inner_search,N2,2,1,42,22,completed,2,0.6408840999993117
inner_search,N2,2,2,42,22,completed,2,1.6441407999991497
inner_search,N2,2,0,42,23,completed,2,2.1148163999987446
inner_search,N2,2,1,42,23,completed,2,0.5831293999999616
inner_search,N2,2,2,42,23,completed,2,1.4056209000009403
inner_search,N2,2,0,42,24,completed,2,1.9948664000003191
inner_search,N2,2,1,42,24,completed,2,0.6947627999998076
inner_search,N2,2,2,42,24,completed,2,1.400732499998412
inner_search,N2,2,0,42,25,completed,2,1.8245041000009223
inner_search,N2,2,1,42,25,completed,2,0.594565600000351
inner_search,N2,2,2,42,25,completed,2,1.5774564999992435
inner_search,N2,2,0,42,26,completed,2,0.7280069000007643
inner_search,N2,2,1,42,26,completed,2,1.6388081000004604
inner_search,N2,2,2,42,26,completed,2,1.6740873000017018
inner_search,N2,2,0,42,27,completed,2,0.644568600000639
inner_search,N2,2,1,42,27,completed,2,0.8583757999986119
inner_search,N2,2,2,42,27,completed,2,1.8572862000000896
inner_search,N2,2,0,42,28,completed,2,2.590752200001589
inner_search,N2,2,1,42,28,completed,2,1.7898224000000482
inner_search,N2,2,2,42,28,completed,2,2.5684125000007043
inner_search,N2,2,0,42,29,completed,2,0.903031200001351
inner_search,N2,2,1,42,29,completed,2,1.4451948999994784
inner_search,N2,2,2,42,29,completed,2,1.120742999999493
outer_evaluation,N2,2,,42,,completed,2,4.081333600001017
outer_evaluation,N2,2,,123,,completed,2,1.599938999999722
outer_evaluation,N2,2,,155,,completed,2,3.3336602999988827
inner_search,N3,2,0,42,0,completed,2,2.7531232000001182
inner_search,N3,2,1,42,0,completed,2,2.632068100001561
inner_search,N3,2,2,42,0,completed,2,3.0453124000014213
inner_search,N3,2,0,42,1,completed,2,0.6165325000001758
inner_search,N3,2,1,42,1,completed,2,0.6317165999989811
inner_search,N3,2,2,42,1,completed,2,0.6221219999988534
inner_search,N3,2,0,42,2,completed,2,0.8610077999983332
inner_search,N3,2,1,42,2,completed,2,0.786541199999192
inner_search,N3,2,2,42,2,completed,2,1.3634511999989627
inner_search,N3,2,0,42,3,completed,2,1.5407259999992675
inner_search,N3,2,1,42,3,completed,2,1.7575660000002244
inner_search,N3,2,2,42,3,completed,2,3.656343900000138
inner_search,N3,2,0,42,4,completed,2,0.4831634000001941
inner_search,N3,2,1,42,4,completed,2,0.7118720999988
inner_search,N3,2,2,42,4,completed,2,0.8306741999986116
inner_search,N3,2,0,42,5,completed,2,1.0574910000013915
inner_search,N3,2,1,42,5,completed,2,1.0065283000003546
inner_search,N3,2,2,42,5,completed,2,1.0971722999984195
inner_search,N3,2,0,42,6,completed,2,2.711365199998909
inner_search,N3,2,1,42,6,completed,2,2.633986200000436
inner_search,N3,2,2,42,6,completed,2,1.4047974000004615
inner_search,N3,2,0,42,7,completed,2,1.3792649999995774
inner_search,N3,2,1,42,7,completed,2,1.3358392999998614
inner_search,N3,2,2,42,7,completed,2,2.051889200000005
inner_search,N3,2,0,42,8,completed,2,1.1921963000004325
inner_search,N3,2,1,42,8,completed,2,1.188614000000598
inner_search,N3,2,2,42,8,completed,2,1.1994094000001496
inner_search,N3,2,0,42,9,completed,2,0.609909200000402
inner_search,N3,2,1,42,9,completed,2,0.560945700000957
inner_search,N3,2,2,42,9,completed,2,0.4352930999993987
inner_search,N3,2,0,42,10,completed,2,0.8567129999992176
inner_search,N3,2,1,42,10,completed,2,0.9847684000014851
inner_search,N3,2,2,42,10,completed,2,2.125364300000001
inner_search,N3,2,0,42,11,completed,2,0.8076560000008612
inner_search,N3,2,1,42,11,completed,2,0.8117988999983936
inner_search,N3,2,2,42,11,completed,2,2.205658200000471
inner_search,N3,2,0,42,12,completed,2,2.1384579999994457
inner_search,N3,2,1,42,12,completed,2,1.9664891000011266
inner_search,N3,2,2,42,12,completed,2,2.1974718000001303
inner_search,N3,2,0,42,13,completed,2,1.9558061999996426
inner_search,N3,2,1,42,13,completed,2,1.998847900000328
inner_search,N3,2,2,42,13,completed,2,2.1331946999998763
inner_search,N3,2,0,42,14,completed,2,2.043767499999376
inner_search,N3,2,1,42,14,completed,2,1.9733978000003844
inner_search,N3,2,2,42,14,completed,2,2.3660686000002897
inner_search,N3,2,0,42,15,completed,2,1.452477100001488
inner_search,N3,2,1,42,15,completed,2,1.1443056000007346
inner_search,N3,2,2,42,15,completed,2,1.0058160999997199
inner_search,N3,2,0,42,16,completed,2,2.3735194000000774
inner_search,N3,2,1,42,16,completed,2,2.6272385000011127
inner_search,N3,2,2,42,16,completed,2,1.5489538999991055
inner_search,N3,2,0,42,17,completed,2,1.4124014000008174
inner_search,N3,2,1,42,17,completed,2,1.5059517000008782
inner_search,N3,2,2,42,17,completed,2,1.6748370999994222
inner_search,N3,2,0,42,18,completed,2,1.590953000000809
inner_search,N3,2,1,42,18,completed,2,1.192595300000903
inner_search,N3,2,2,42,18,completed,2,2.781628200000341
inner_search,N3,2,0,42,19,completed,2,3.785154400000465
inner_search,N3,2,1,42,19,completed,2,0.8366432999991957
inner_search,N3,2,2,42,19,completed,2,3.155158899999151
inner_search,N3,2,0,42,20,completed,2,0.6128673000002891
inner_search,N3,2,1,42,20,completed,2,0.6508811000003334
inner_search,N3,2,2,42,20,completed,2,2.086878899999647
inner_search,N3,2,0,42,21,completed,2,2.0717672999999195
inner_search,N3,2,1,42,21,completed,2,2.1515259999996488
inner_search,N3,2,2,42,21,completed,2,1.9547949000007065
inner_search,N3,2,0,42,22,completed,2,2.446910200000275
inner_search,N3,2,1,42,22,completed,2,1.8834292999999889
inner_search,N3,2,2,42,22,completed,2,1.9701848000004247
inner_search,N3,2,0,42,23,completed,2,2.2025378000016644
inner_search,N3,2,1,42,23,completed,2,1.8072750999999698
inner_search,N3,2,2,42,23,completed,2,1.058833400000367
inner_search,N3,2,0,42,24,completed,2,2.1975936999988335
inner_search,N3,2,1,42,24,completed,2,2.031465100000787
inner_search,N3,2,2,42,24,completed,2,2.141261200000372
inner_search,N3,2,0,42,25,completed,2,1.7245758999997634
inner_search,N3,2,1,42,25,completed,2,1.2585277999987738
inner_search,N3,2,2,42,25,completed,2,1.7354713999993692
inner_search,N3,2,0,42,26,completed,2,0.8434591999994154
inner_search,N3,2,1,42,26,completed,2,0.8547990999995818
inner_search,N3,2,2,42,26,completed,2,0.9417879000011453
inner_search,N3,2,0,42,27,completed,2,2.181644199999937
inner_search,N3,2,1,42,27,completed,2,2.2458359000011114
inner_search,N3,2,2,42,27,completed,2,1.9651412000002892
inner_search,N3,2,0,42,28,completed,2,0.713169900000139
inner_search,N3,2,1,42,28,completed,2,1.3019526000007318
inner_search,N3,2,2,42,28,completed,2,1.9769615000004706
inner_search,N3,2,0,42,29,completed,2,0.8432044999990467
inner_search,N3,2,1,42,29,completed,2,0.9991718000001129
inner_search,N3,2,2,42,29,completed,2,2.6066976000001887
outer_evaluation,N3,2,,42,,completed,2,2.1175366999996186
outer_evaluation,N3,2,,123,,completed,2,2.7165732000012213
outer_evaluation,N3,2,,155,,completed,2,2.9776536999997916
outer_evaluation,A1,2,,42,,completed,2,4.486316099999385
outer_evaluation,A1,2,,123,,completed,2,3.4312106000015774
outer_evaluation,A1,2,,155,,completed,2,4.0447302000011405
outer_evaluation,A2,2,,42,,completed,2,5.47952720000103
outer_evaluation,A2,2,,123,,completed,2,4.344527199998993
outer_evaluation,A2,2,,155,,completed,2,5.031076100000064
outer_evaluation,R0,3,,42,,completed,0,0.0
inner_search,M1,3,0,42,0,completed,1,0.2483210999998846
inner_search,M1,3,1,42,0,completed,1,0.22112919999926817
inner_search,M1,3,2,42,0,completed,1,0.23823629999969853
inner_search,M1,3,0,42,1,completed,1,0.2719001000004937
inner_search,M1,3,1,42,1,completed,1,0.27620849999948405
inner_search,M1,3,2,42,1,completed,1,0.27915629999915836
inner_search,M1,3,0,42,2,completed,1,0.357905099999698
inner_search,M1,3,1,42,2,completed,1,0.3949764999997569
inner_search,M1,3,2,42,2,completed,1,0.403565399999934
inner_search,M1,3,0,42,3,completed,1,0.23651040000004286
inner_search,M1,3,1,42,3,completed,1,0.24325339999995776
inner_search,M1,3,2,42,3,completed,1,0.2254040999996505
inner_search,M1,3,0,42,4,completed,1,0.37205009999888716
inner_search,M1,3,1,42,4,completed,1,0.3195589999995718
inner_search,M1,3,2,42,4,completed,1,0.32478330000049027
inner_search,M1,3,0,42,5,completed,1,0.37351329999910377
inner_search,M1,3,1,42,5,completed,1,0.37200789999951667
inner_search,M1,3,2,42,5,completed,1,0.3521056999998109
inner_search,M1,3,0,42,6,completed,1,0.3609199999991688
inner_search,M1,3,1,42,6,completed,1,0.3208574000000226
inner_search,M1,3,2,42,6,completed,1,0.35931650000020454
inner_search,M1,3,0,42,7,completed,1,0.3181022999997367
inner_search,M1,3,1,42,7,completed,1,0.34332350000113365
inner_search,M1,3,2,42,7,completed,1,0.3397045000001526
inner_search,M1,3,0,42,8,completed,1,0.11042400000042107
inner_search,M1,3,1,42,8,completed,1,0.11014040000009118
inner_search,M1,3,2,42,8,completed,1,0.11243719999947643
inner_search,M1,3,0,42,9,completed,1,0.21896129999913683
inner_search,M1,3,1,42,9,completed,1,0.21803429999999935
inner_search,M1,3,2,42,9,completed,1,0.23127419999946142
inner_search,M1,3,0,42,10,completed,1,0.11224009999932605
inner_search,M1,3,1,42,10,completed,1,0.11255249999885564
inner_search,M1,3,2,42,10,completed,1,0.1114188000010472
inner_search,M1,3,0,42,11,completed,1,0.21941839999999502
inner_search,M1,3,1,42,11,completed,1,0.21993800000018382
inner_search,M1,3,2,42,11,completed,1,0.23539789999995264
inner_search,M1,3,0,42,12,completed,1,0.31256289999873843
inner_search,M1,3,1,42,12,completed,1,0.31051730000035604
inner_search,M1,3,2,42,12,completed,1,0.31693710000035935
inner_search,M1,3,0,42,13,completed,1,0.2143647000011697
inner_search,M1,3,1,42,13,completed,1,0.21090890000050422
inner_search,M1,3,2,42,13,completed,1,0.21000110000022687
inner_search,M1,3,0,42,14,completed,1,0.11076210000101128
inner_search,M1,3,1,42,14,completed,1,0.11239000000023225
inner_search,M1,3,2,42,14,completed,1,0.11271619999934046
inner_search,M1,3,0,42,15,completed,1,0.32161619999897084
inner_search,M1,3,1,42,15,completed,1,0.321030699999028
inner_search,M1,3,2,42,15,completed,1,0.3242038999997021
inner_search,M1,3,0,42,16,completed,1,0.23201180000069144
inner_search,M1,3,1,42,16,completed,1,0.21483749999970314
inner_search,M1,3,2,42,16,completed,1,0.2131059000003006
inner_search,M1,3,0,42,17,completed,1,0.31652200000098674
inner_search,M1,3,1,42,17,completed,1,0.3261394000001019
inner_search,M1,3,2,42,17,completed,1,0.31360010000025795
inner_search,M1,3,0,42,18,completed,1,0.21797760000117705
inner_search,M1,3,1,42,18,completed,1,0.21837140000025101
inner_search,M1,3,2,42,18,completed,1,0.21664139999847976
inner_search,M1,3,0,42,19,completed,1,0.11498410000058357
inner_search,M1,3,1,42,19,completed,1,0.12337210000077903
inner_search,M1,3,2,42,19,completed,1,0.1268735999983619
inner_search,M1,3,0,42,20,completed,1,0.32331840000006196
inner_search,M1,3,1,42,20,completed,1,0.3161677999996755
inner_search,M1,3,2,42,20,completed,1,0.3320632000013575
inner_search,M1,3,0,42,21,completed,1,0.11232770000060555
inner_search,M1,3,1,42,21,completed,1,0.11163789999955043
inner_search,M1,3,2,42,21,completed,1,0.11407139999937499
inner_search,M1,3,0,42,22,completed,1,0.11196919999929378
inner_search,M1,3,1,42,22,completed,1,0.12059290000070177
inner_search,M1,3,2,42,22,completed,1,0.1194206000000122
inner_search,M1,3,0,42,23,completed,1,0.12059469999985595
inner_search,M1,3,1,42,23,completed,1,0.1356774999985646
inner_search,M1,3,2,42,23,completed,1,0.11449629999879107
inner_search,M1,3,0,42,24,completed,1,0.11350630000015371
inner_search,M1,3,1,42,24,completed,1,0.11507840000012948
inner_search,M1,3,2,42,24,completed,1,0.11114749999978812
inner_search,M1,3,0,42,25,completed,1,0.11033529999986058
inner_search,M1,3,1,42,25,completed,1,0.11097349999909056
inner_search,M1,3,2,42,25,completed,1,0.11140139999952225
inner_search,M1,3,0,42,26,completed,1,0.22914000000128
inner_search,M1,3,1,42,26,completed,1,0.21607959999892046
inner_search,M1,3,2,42,26,completed,1,0.2175864000000729
inner_search,M1,3,0,42,27,completed,1,0.11082900000110385
inner_search,M1,3,1,42,27,completed,1,0.11592670000027283
inner_search,M1,3,2,42,27,completed,1,0.11020239999925252
inner_search,M1,3,0,42,28,completed,1,0.3219204999986687
inner_search,M1,3,1,42,28,completed,1,0.34543809999922814
inner_search,M1,3,2,42,28,completed,1,0.317110900001353
inner_search,M1,3,0,42,29,completed,1,0.21497869999984687
inner_search,M1,3,1,42,29,completed,1,0.22010020000016084
inner_search,M1,3,2,42,29,completed,1,0.2157561000003625
outer_evaluation,M1,3,,42,,completed,1,0.2631736000003002
inner_search,M2,3,0,42,0,completed,1,0.011954000001423992
inner_search,M2,3,1,42,0,completed,1,0.011148400000820402
inner_search,M2,3,2,42,0,completed,1,0.010842899999261135
inner_search,M2,3,0,42,1,completed,1,0.0121750999987853
inner_search,M2,3,1,42,1,completed,1,0.012859200000093551
inner_search,M2,3,2,42,1,completed,1,0.012408700000378303
inner_search,M2,3,0,42,2,completed,1,0.010313200000382494
inner_search,M2,3,1,42,2,completed,1,0.010515400001168018
inner_search,M2,3,2,42,2,completed,1,0.010545999999521882
inner_search,M2,3,0,42,3,completed,1,0.01277739999932237
inner_search,M2,3,1,42,3,completed,1,0.012518999999883818
inner_search,M2,3,2,42,3,completed,1,0.012641100000109873
inner_search,M2,3,0,42,4,completed,1,0.012880500000392203
inner_search,M2,3,1,42,4,completed,1,0.013085500000670436
inner_search,M2,3,2,42,4,completed,1,0.013020300000789575
inner_search,M2,3,0,42,5,completed,1,0.013285699998959899
inner_search,M2,3,1,42,5,completed,1,0.013416499999948428
inner_search,M2,3,2,42,5,completed,1,0.012764199998855474
inner_search,M2,3,0,42,6,completed,1,0.013466599999446771
inner_search,M2,3,1,42,6,completed,1,0.013569199998528347
inner_search,M2,3,2,42,6,completed,1,0.013181099999201251
inner_search,M2,3,0,42,7,completed,1,0.013318799999979092
inner_search,M2,3,1,42,7,completed,1,0.013412300000709365
inner_search,M2,3,2,42,7,completed,1,0.01401839999925869
inner_search,M2,3,0,42,8,completed,1,0.012162200000602752
inner_search,M2,3,1,42,8,completed,1,0.011903599999641301
inner_search,M2,3,2,42,8,completed,1,0.013173899998946581
inner_search,M2,3,0,42,9,completed,1,0.012400100000377279
inner_search,M2,3,1,42,9,completed,1,0.011769000000640517
inner_search,M2,3,2,42,9,completed,1,0.011963000000832835
inner_search,M2,3,0,42,10,completed,1,0.013078799998766044
inner_search,M2,3,1,42,10,completed,1,0.014057500000490109
inner_search,M2,3,2,42,10,completed,1,0.013681500000529923
inner_search,M2,3,0,42,11,completed,1,0.01050559999930556
inner_search,M2,3,1,42,11,completed,1,0.011656799999400391
inner_search,M2,3,2,42,11,completed,1,0.011428499999965425
inner_search,M2,3,0,42,12,completed,1,0.009778599998753634
inner_search,M2,3,1,42,12,completed,1,0.01070380000055593
inner_search,M2,3,2,42,12,completed,1,0.01096039999902132
inner_search,M2,3,0,42,13,completed,1,0.009934099998645252
inner_search,M2,3,1,42,13,completed,1,0.01040130000001227
inner_search,M2,3,2,42,13,completed,1,0.010588699999061646
inner_search,M2,3,0,42,14,completed,1,0.013878800000384217
inner_search,M2,3,1,42,14,completed,1,0.012954399999216548
inner_search,M2,3,2,42,14,completed,1,0.01275329999953101
inner_search,M2,3,0,42,15,completed,1,0.009848100000453996
inner_search,M2,3,1,42,15,completed,1,0.010496099999727448
inner_search,M2,3,2,42,15,completed,1,0.010352200000852463
inner_search,M2,3,0,42,16,completed,1,0.012640499999179156
inner_search,M2,3,1,42,16,completed,1,0.012624000000869273
inner_search,M2,3,2,42,16,completed,1,0.012215000000651344
inner_search,M2,3,0,42,17,completed,1,0.009819400000196765
inner_search,M2,3,1,42,17,completed,1,0.010780200000226614
inner_search,M2,3,2,42,17,completed,1,0.010278600000674487
inner_search,M2,3,0,42,18,completed,1,0.01280850000148348
inner_search,M2,3,1,42,18,completed,1,0.01321029999962775
inner_search,M2,3,2,42,18,completed,1,0.013409999999566935
inner_search,M2,3,0,42,19,completed,1,0.014387799999894924
inner_search,M2,3,1,42,19,completed,1,0.01427960000000894
inner_search,M2,3,2,42,19,completed,1,0.014033700001164107
inner_search,M2,3,0,42,20,completed,1,0.013503800000762567
inner_search,M2,3,1,42,20,completed,1,0.013876899998649606
inner_search,M2,3,2,42,20,completed,1,0.013333200000488432
inner_search,M2,3,0,42,21,completed,1,0.009727900000143563
inner_search,M2,3,1,42,21,completed,1,0.010760699999082135
inner_search,M2,3,2,42,21,completed,1,0.010366200000134995
inner_search,M2,3,0,42,22,completed,1,0.01039889999992738
inner_search,M2,3,1,42,22,completed,1,0.010574399999313755
inner_search,M2,3,2,42,22,completed,1,0.010575800000879099
inner_search,M2,3,0,42,23,completed,1,0.01052450000133831
inner_search,M2,3,1,42,23,completed,1,0.009892199999740114
inner_search,M2,3,2,42,23,completed,1,0.01094310000007681
inner_search,M2,3,0,42,24,completed,1,0.010155100000702078
inner_search,M2,3,1,42,24,completed,1,0.010494900001503993
inner_search,M2,3,2,42,24,completed,1,0.0100285000007716
inner_search,M2,3,0,42,25,completed,1,0.010223399998722016
inner_search,M2,3,1,42,25,completed,1,0.011234699999477016
inner_search,M2,3,2,42,25,completed,1,0.010577099999864004
inner_search,M2,3,0,42,26,completed,1,0.012721299999611801
inner_search,M2,3,1,42,26,completed,1,0.010438100000101258
inner_search,M2,3,2,42,26,completed,1,0.010295999998561456
inner_search,M2,3,0,42,27,completed,1,0.010239499999443069
inner_search,M2,3,1,42,27,completed,1,0.010429899999508052
inner_search,M2,3,2,42,27,completed,1,0.01016669999989972
inner_search,M2,3,0,42,28,completed,1,0.010380399999121437
inner_search,M2,3,1,42,28,completed,1,0.010490200000276673
inner_search,M2,3,2,42,28,completed,1,0.011454499999672407
inner_search,M2,3,0,42,29,completed,1,0.012787300000127289
inner_search,M2,3,1,42,29,completed,1,0.010873400000491529
inner_search,M2,3,2,42,29,completed,1,0.010632900000928203
outer_evaluation,M2,3,,42,,completed,1,0.038676399999530986
inner_search,N0,3,0,42,0,completed,2,1.33209110000098
inner_search,N0,3,1,42,0,completed,2,1.2802264000001742
inner_search,N0,3,2,42,0,completed,2,1.1236060000010184
inner_search,N0,3,0,42,1,completed,2,2.5341201000010187
inner_search,N0,3,1,42,1,completed,2,1.8406942000001436
inner_search,N0,3,2,42,1,completed,2,2.20900040000015
inner_search,N0,3,0,42,2,completed,2,4.027904900000067
inner_search,N0,3,1,42,2,completed,2,3.4192910000001575
inner_search,N0,3,2,42,2,completed,2,3.3813283999988926
inner_search,N0,3,0,42,3,completed,2,2.4880339999999705
inner_search,N0,3,1,42,3,completed,2,0.43774499999926775
inner_search,N0,3,2,42,3,completed,2,2.093514199999845
inner_search,N0,3,0,42,4,completed,2,1.7500137999995786
inner_search,N0,3,1,42,4,completed,2,2.026363400000264
inner_search,N0,3,2,42,4,completed,2,3.786336000001029
inner_search,N0,3,0,42,5,completed,2,2.868205599999783
inner_search,N0,3,1,42,5,completed,2,2.486176600001272
inner_search,N0,3,2,42,5,completed,2,2.6659008000005997
inner_search,N0,3,0,42,6,completed,2,0.5959946000002674
inner_search,N0,3,1,42,6,completed,2,0.7360435999999027
inner_search,N0,3,2,42,6,completed,2,0.8568358000011358
inner_search,N0,3,0,42,7,completed,2,1.8917203000000882
inner_search,N0,3,1,42,7,completed,2,1.835205400000632
inner_search,N0,3,2,42,7,completed,2,2.9246796000006725
inner_search,N0,3,0,42,8,completed,2,3.154775299999528
inner_search,N0,3,1,42,8,completed,2,3.2475293000006786
inner_search,N0,3,2,42,8,completed,2,2.764552399999957
inner_search,N0,3,0,42,9,completed,2,1.5554400000000896
inner_search,N0,3,1,42,9,completed,2,2.7915929999999207
inner_search,N0,3,2,42,9,completed,2,3.6553992999997718
inner_search,N0,3,0,42,10,completed,2,3.1185356999994838
inner_search,N0,3,1,42,10,completed,2,3.045459299999493
inner_search,N0,3,2,42,10,completed,2,3.0376326000005065
inner_search,N0,3,0,42,11,completed,2,0.8901791999996931
inner_search,N0,3,1,42,11,completed,2,5.646337899999708
inner_search,N0,3,2,42,11,completed,2,5.522200100000191
inner_search,N0,3,0,42,12,completed,2,2.7639739000005648
inner_search,N0,3,1,42,12,completed,2,3.024977000000945
inner_search,N0,3,2,42,12,completed,2,4.557065099999818
inner_search,N0,3,0,42,13,completed,2,2.226198199999999
inner_search,N0,3,1,42,13,completed,2,2.6798497999989195
inner_search,N0,3,2,42,13,completed,2,3.7577221999999892
inner_search,N0,3,0,42,14,completed,2,3.9301245999995444
inner_search,N0,3,1,42,14,completed,2,1.304467099998874
inner_search,N0,3,2,42,14,completed,2,3.5655831000003673
inner_search,N0,3,0,42,15,completed,2,4.254027099999803
inner_search,N0,3,1,42,15,completed,2,4.5857493999992585
inner_search,N0,3,2,42,15,completed,2,2.0293469999996887
inner_search,N0,3,0,42,16,completed,2,1.9801908000008552
inner_search,N0,3,1,42,16,completed,2,2.2069174999996903
inner_search,N0,3,2,42,16,completed,2,6.343679699999484
inner_search,N0,3,0,42,17,completed,2,2.534918999999718
inner_search,N0,3,1,42,17,completed,2,2.6403626999999688
inner_search,N0,3,2,42,17,completed,2,2.300049100000251
inner_search,N0,3,0,42,18,completed,2,1.381907200000569
inner_search,N0,3,1,42,18,completed,2,2.131106799999543
inner_search,N0,3,2,42,18,completed,2,4.754916999998386
inner_search,N0,3,0,42,19,completed,2,5.775685900000099
inner_search,N0,3,1,42,19,completed,2,4.836992700000337
inner_search,N0,3,2,42,19,completed,2,5.755118999999468
inner_search,N0,3,0,42,20,completed,2,2.0904267000005348
inner_search,N0,3,1,42,20,completed,2,2.1808560000008583
inner_search,N0,3,2,42,20,completed,2,1.9843818999997893
inner_search,N0,3,0,42,21,completed,2,5.253204399999959
inner_search,N0,3,1,42,21,completed,2,4.124607299998388
inner_search,N0,3,2,42,21,completed,2,4.380703900000299
inner_search,N0,3,0,42,22,completed,2,2.9473443000006228
inner_search,N0,3,1,42,22,completed,2,2.1248443000004045
inner_search,N0,3,2,42,22,completed,2,4.503536599999279
inner_search,N0,3,0,42,23,completed,2,3.402903800000786
inner_search,N0,3,1,42,23,completed,2,4.179689499998858
inner_search,N0,3,2,42,23,completed,2,4.697669500001211
inner_search,N0,3,0,42,24,completed,2,4.8720147000003635
inner_search,N0,3,1,42,24,completed,2,4.617280700000265
inner_search,N0,3,2,42,24,completed,2,4.13808550000067
inner_search,N0,3,0,42,25,completed,2,4.561280300000362
inner_search,N0,3,1,42,25,completed,2,4.125667899999826
inner_search,N0,3,2,42,25,completed,2,5.133426599999439
inner_search,N0,3,0,42,26,completed,2,5.467657199998939
inner_search,N0,3,1,42,26,completed,2,2.563840099999652
inner_search,N0,3,2,42,26,completed,2,4.979187700000693
inner_search,N0,3,0,42,27,completed,2,2.9116962000007334
inner_search,N0,3,1,42,27,completed,2,1.8765918999997666
inner_search,N0,3,2,42,27,completed,2,3.7866435999985697
inner_search,N0,3,0,42,28,completed,2,3.638974600000438
inner_search,N0,3,1,42,28,completed,2,3.100354599999264
inner_search,N0,3,2,42,28,completed,2,4.102804699999979
inner_search,N0,3,0,42,29,completed,2,0.4806117999996786
inner_search,N0,3,1,42,29,completed,2,0.5106536999992386
inner_search,N0,3,2,42,29,completed,2,0.5075847999996768
outer_evaluation,N0,3,,42,,completed,2,4.7822364999992715
outer_evaluation,N0,3,,123,,completed,2,2.5172882999995636
outer_evaluation,N0,3,,155,,completed,2,7.838440300000002
inner_search,N1,3,0,42,0,completed,2,3.0650633000004746
inner_search,N1,3,1,42,0,completed,2,4.050377699999444
inner_search,N1,3,2,42,0,completed,2,2.8925048999990395
inner_search,N1,3,0,42,1,completed,2,1.484727799999746
inner_search,N1,3,1,42,1,completed,2,1.5094905000005383
inner_search,N1,3,2,42,1,completed,2,1.4588934000003064
inner_search,N1,3,0,42,2,completed,2,1.0208253000000695
inner_search,N1,3,1,42,2,completed,2,0.9915557000003901
inner_search,N1,3,2,42,2,completed,2,1.0055428000014217
inner_search,N1,3,0,42,3,completed,2,0.7096830000009504
inner_search,N1,3,1,42,3,completed,2,1.0452320000003965
inner_search,N1,3,2,42,3,completed,2,0.7784295000001293
inner_search,N1,3,0,42,4,completed,2,1.7024844999996276
inner_search,N1,3,1,42,4,completed,2,2.174381100001483
inner_search,N1,3,2,42,4,completed,2,1.5607858999992459
inner_search,N1,3,0,42,5,completed,2,1.4016632000002573
inner_search,N1,3,1,42,5,completed,2,2.0190415999986726
inner_search,N1,3,2,42,5,completed,2,1.3995057000011002
inner_search,N1,3,0,42,6,completed,2,0.8680450000010751
inner_search,N1,3,1,42,6,completed,2,0.924615800000538
inner_search,N1,3,2,42,6,completed,2,0.9662473000007594
inner_search,N1,3,0,42,7,completed,2,1.4792802000010852
inner_search,N1,3,1,42,7,completed,2,2.309615299998768
inner_search,N1,3,2,42,7,completed,2,1.6100678000002517
inner_search,N1,3,0,42,8,completed,2,3.9159904999996797
inner_search,N1,3,1,42,8,completed,2,5.534947699999975
inner_search,N1,3,2,42,8,completed,2,3.764649599999757
inner_search,N1,3,0,42,9,completed,2,2.0572088999997504
inner_search,N1,3,1,42,9,completed,2,2.187328299998626
inner_search,N1,3,2,42,9,completed,2,2.011126499999591
inner_search,N1,3,0,42,10,completed,2,0.8710477000004175
inner_search,N1,3,1,42,10,completed,2,1.0737442999998166
inner_search,N1,3,2,42,10,completed,2,0.9650135000010778
inner_search,N1,3,0,42,11,completed,2,1.1467181000007258
inner_search,N1,3,1,42,11,completed,2,4.2514589999991586
inner_search,N1,3,2,42,11,completed,2,0.9486023000008572
inner_search,N1,3,0,42,12,completed,2,0.772662000001219
inner_search,N1,3,1,42,12,completed,2,3.0806093999999575
inner_search,N1,3,2,42,12,completed,2,0.8499855999998545
inner_search,N1,3,0,42,13,completed,2,6.170812800000931
inner_search,N1,3,1,42,13,completed,2,6.686291099998925
inner_search,N1,3,2,42,13,completed,2,6.131013600001097
inner_search,N1,3,0,42,14,completed,2,1.572460700001102
inner_search,N1,3,1,42,14,completed,2,1.8087762999984989
inner_search,N1,3,2,42,14,completed,2,1.6327600999993592
inner_search,N1,3,0,42,15,completed,2,3.1974669999999605
inner_search,N1,3,1,42,15,completed,2,3.3694094000002224
inner_search,N1,3,2,42,15,completed,2,3.1291149000007863
inner_search,N1,3,0,42,16,completed,2,3.437095400000544
inner_search,N1,3,1,42,16,completed,2,5.006328900000881
inner_search,N1,3,2,42,16,completed,2,3.822765900000377
inner_search,N1,3,0,42,17,completed,2,1.425773000000845
inner_search,N1,3,1,42,17,completed,2,1.8089860000000044
inner_search,N1,3,2,42,17,completed,2,1.2085693999997602
inner_search,N1,3,0,42,18,completed,2,1.3379282000005333
inner_search,N1,3,1,42,18,completed,2,1.549587800000154
inner_search,N1,3,2,42,18,completed,2,1.2043895999995584
inner_search,N1,3,0,42,19,completed,2,1.0285700999993423
inner_search,N1,3,1,42,19,completed,2,1.5416468999992503
inner_search,N1,3,2,42,19,completed,2,0.9835101999997278
inner_search,N1,3,0,42,20,completed,2,0.6648018999985652
inner_search,N1,3,1,42,20,completed,2,1.0039009999982227
inner_search,N1,3,2,42,20,completed,2,0.7587629000008747
inner_search,N1,3,0,42,21,completed,2,0.8848832000003313
inner_search,N1,3,1,42,21,completed,2,1.2200195000004896
inner_search,N1,3,2,42,21,completed,2,0.820701900000131
inner_search,N1,3,0,42,22,completed,2,0.9645185999997921
inner_search,N1,3,1,42,22,completed,2,1.1476932000005036
inner_search,N1,3,2,42,22,completed,2,1.1253194000000803
inner_search,N1,3,0,42,23,completed,2,0.7795834999997169
inner_search,N1,3,1,42,23,completed,2,1.2189409000002343
inner_search,N1,3,2,42,23,completed,2,0.7592439999989438
inner_search,N1,3,0,42,24,completed,2,3.99063169999863
inner_search,N1,3,1,42,24,completed,2,3.2206169000000955
inner_search,N1,3,2,42,24,completed,2,0.6256506999998237
inner_search,N1,3,0,42,25,completed,2,4.945062799999505
inner_search,N1,3,1,42,25,completed,2,0.9530871999995725
inner_search,N1,3,2,42,25,completed,2,0.6055667999989964
inner_search,N1,3,0,42,26,completed,2,0.6535758999998507
inner_search,N1,3,1,42,26,completed,2,2.4172707999987324
inner_search,N1,3,2,42,26,completed,2,0.5972477999985131
inner_search,N1,3,0,42,27,completed,2,2.8361528999994334
inner_search,N1,3,1,42,27,completed,2,2.32719569999972
inner_search,N1,3,2,42,27,completed,2,2.5835593000010704
inner_search,N1,3,0,42,28,completed,2,0.8374235999999655
inner_search,N1,3,1,42,28,completed,2,1.124487400000362
inner_search,N1,3,2,42,28,completed,2,0.907042900000306
inner_search,N1,3,0,42,29,completed,2,0.9655273000007583
inner_search,N1,3,1,42,29,completed,2,1.0712992999997368
inner_search,N1,3,2,42,29,completed,2,0.95020569999906
outer_evaluation,N1,3,,42,,completed,2,3.3875785999989603
outer_evaluation,N1,3,,123,,completed,2,3.5521425000006275
outer_evaluation,N1,3,,155,,completed,2,3.579776700000366
inner_search,N2,3,0,42,0,completed,2,0.31021289999989676
inner_search,N2,3,1,42,0,completed,2,0.8778037000010954
inner_search,N2,3,2,42,0,completed,2,2.0568762000002607
inner_search,N2,3,0,42,1,completed,2,0.4800271000003704
inner_search,N2,3,1,42,1,completed,2,0.48638410000057775
inner_search,N2,3,2,42,1,completed,2,0.449714700000186
inner_search,N2,3,0,42,2,completed,2,0.43861569999899075
inner_search,N2,3,1,42,2,completed,2,0.576154399999723
inner_search,N2,3,2,42,2,completed,2,0.4976815000009083
inner_search,N2,3,0,42,3,completed,2,1.1342702000001736
inner_search,N2,3,1,42,3,completed,2,1.3039877000010165
inner_search,N2,3,2,42,3,completed,2,2.706169499999305
inner_search,N2,3,0,42,4,completed,2,1.6248369999993884
inner_search,N2,3,1,42,4,completed,2,2.0195029999995313
inner_search,N2,3,2,42,4,completed,2,0.9920332999990933
inner_search,N2,3,0,42,5,completed,2,1.445278999999573
inner_search,N2,3,1,42,5,completed,2,1.5879217000001518
inner_search,N2,3,2,42,5,completed,2,1.5585394000008819
inner_search,N2,3,0,42,6,completed,2,2.3677182999999786
inner_search,N2,3,1,42,6,completed,2,2.419476200000645
inner_search,N2,3,2,42,6,completed,2,2.2958350000008068
inner_search,N2,3,0,42,7,completed,2,3.5333176999993157
inner_search,N2,3,1,42,7,completed,2,3.1127785999997286
inner_search,N2,3,2,42,7,completed,2,3.3486500999988493
inner_search,N2,3,0,42,8,completed,2,0.5687151000001904
inner_search,N2,3,1,42,8,completed,2,1.844623799999681
inner_search,N2,3,2,42,8,completed,2,2.4240700999998808
inner_search,N2,3,0,42,9,completed,2,0.40641750000031607
inner_search,N2,3,1,42,9,completed,2,0.32068729999991774
inner_search,N2,3,2,42,9,completed,2,0.40292520000002696
inner_search,N2,3,0,42,10,completed,2,1.7064484999991691
inner_search,N2,3,1,42,10,completed,2,0.7481533999998646
inner_search,N2,3,2,42,10,completed,2,1.8299016999990272
inner_search,N2,3,0,42,11,completed,2,1.6388224999991508
inner_search,N2,3,1,42,11,completed,2,0.75902810000116
inner_search,N2,3,2,42,11,completed,2,1.4409119000010833
inner_search,N2,3,0,42,12,completed,2,1.2090043999996851
inner_search,N2,3,1,42,12,completed,2,0.8660509000001184
inner_search,N2,3,2,42,12,completed,2,1.4248196999997162
inner_search,N2,3,0,42,13,completed,2,0.8609196999987034
inner_search,N2,3,1,42,13,completed,2,0.7394961999998486
inner_search,N2,3,2,42,13,completed,2,1.507154700000683
inner_search,N2,3,0,42,14,completed,2,1.8282545000001846
inner_search,N2,3,1,42,14,completed,2,1.7520808999997826
inner_search,N2,3,2,42,14,completed,2,0.7329373000011401
inner_search,N2,3,0,42,15,completed,2,0.6373913000006723
inner_search,N2,3,1,42,15,completed,2,0.6415524000003643
inner_search,N2,3,2,42,15,completed,2,0.626176799998575
inner_search,N2,3,0,42,16,completed,2,1.2052074000002904
inner_search,N2,3,1,42,16,completed,2,1.0645007000002806
inner_search,N2,3,2,42,16,completed,2,1.7233652000013535
inner_search,N2,3,0,42,17,completed,2,0.48894600000130595
inner_search,N2,3,1,42,17,completed,2,0.5680549999997311
inner_search,N2,3,2,42,17,completed,2,1.6213470999991841
inner_search,N2,3,0,42,18,completed,2,0.3217670999983966
inner_search,N2,3,1,42,18,completed,2,1.6341107999996893
inner_search,N2,3,2,42,18,completed,2,1.9744843000007677
inner_search,N2,3,0,42,19,completed,2,1.985196800000267
inner_search,N2,3,1,42,19,completed,2,1.559287600000971
inner_search,N2,3,2,42,19,completed,2,1.4332548000002134
inner_search,N2,3,0,42,20,completed,2,1.163377999999284
inner_search,N2,3,1,42,20,completed,2,0.7417771000000357
inner_search,N2,3,2,42,20,completed,2,1.5168991000009555
inner_search,N2,3,0,42,21,completed,2,1.4513882999999623
inner_search,N2,3,1,42,21,completed,2,0.7858254999991914
inner_search,N2,3,2,42,21,completed,2,1.6868842999992921
inner_search,N2,3,0,42,22,completed,2,1.05961329999991
inner_search,N2,3,1,42,22,completed,2,1.8922035999985383
inner_search,N2,3,2,42,22,completed,2,1.6679980000008072
inner_search,N2,3,0,42,23,completed,2,1.9587030000002414
inner_search,N2,3,1,42,23,completed,2,1.6523934999986523
inner_search,N2,3,2,42,23,completed,2,1.9748338000008516
inner_search,N2,3,0,42,24,completed,2,1.7790265999992698
inner_search,N2,3,1,42,24,completed,2,1.6602296000000933
inner_search,N2,3,2,42,24,completed,2,1.541052700000364
inner_search,N2,3,0,42,25,completed,2,0.4532473999988724
inner_search,N2,3,1,42,25,completed,2,0.5273401000013109
inner_search,N2,3,2,42,25,completed,2,3.0913895000012417
inner_search,N2,3,0,42,26,completed,2,1.7236271999991004
inner_search,N2,3,1,42,26,completed,2,1.295577900000353
inner_search,N2,3,2,42,26,completed,2,1.6611587999996118
inner_search,N2,3,0,42,27,completed,2,1.0990321000008407
inner_search,N2,3,1,42,27,completed,2,1.5299767999986216
inner_search,N2,3,2,42,27,completed,2,1.96431339999981
inner_search,N2,3,0,42,28,completed,2,2.1186263999989023
inner_search,N2,3,1,42,28,completed,2,1.8504749999992782
inner_search,N2,3,2,42,28,completed,2,1.8244975000015984
inner_search,N2,3,0,42,29,completed,2,0.3380070999992313
inner_search,N2,3,1,42,29,completed,2,1.016482899998664
inner_search,N2,3,2,42,29,completed,2,2.6072205000000395
outer_evaluation,N2,3,,42,,completed,2,2.8217382000002544
outer_evaluation,N2,3,,123,,completed,2,2.2758689999991475
outer_evaluation,N2,3,,155,,completed,2,1.7358638999994582
inner_search,N3,3,0,42,0,completed,2,4.739325800001097
inner_search,N3,3,1,42,0,completed,2,2.3662929000001895
inner_search,N3,3,2,42,0,completed,2,4.773171700000603
inner_search,N3,3,0,42,1,completed,2,0.5513447000012093
inner_search,N3,3,1,42,1,completed,2,0.5723009000012098
inner_search,N3,3,2,42,1,completed,2,0.44329709999874467
inner_search,N3,3,0,42,2,completed,2,1.7991320000000997
inner_search,N3,3,1,42,2,completed,2,1.9160140999993018
inner_search,N3,3,2,42,2,completed,2,1.6438399999988178
inner_search,N3,3,0,42,3,completed,2,0.6131766999988031
inner_search,N3,3,1,42,3,completed,2,0.9126949999990757
inner_search,N3,3,2,42,3,completed,2,0.7410641999995278
inner_search,N3,3,0,42,4,completed,2,2.930312500000582
inner_search,N3,3,1,42,4,completed,2,3.412512400000196
inner_search,N3,3,2,42,4,completed,2,1.5215236999993067
inner_search,N3,3,0,42,5,completed,2,1.8591113000002224
inner_search,N3,3,1,42,5,completed,2,1.1306748999995762
inner_search,N3,3,2,42,5,completed,2,1.8514169000009133
inner_search,N3,3,0,42,6,completed,2,2.995038900000509
inner_search,N3,3,1,42,6,completed,2,1.882801499999914
inner_search,N3,3,2,42,6,completed,2,3.0602767000000313
inner_search,N3,3,0,42,7,completed,2,2.840511800000968
inner_search,N3,3,1,42,7,completed,2,2.9726725000000442
inner_search,N3,3,2,42,7,completed,2,2.920258300000569
inner_search,N3,3,0,42,8,completed,2,0.4895734000001539
inner_search,N3,3,1,42,8,completed,2,0.5505443000001833
inner_search,N3,3,2,42,8,completed,2,0.4169878000011522
inner_search,N3,3,0,42,9,completed,2,2.254896299999018
inner_search,N3,3,1,42,9,completed,2,2.6147851000005176
inner_search,N3,3,2,42,9,completed,2,2.1014214000006177
inner_search,N3,3,0,42,10,completed,2,2.4634817999994993
inner_search,N3,3,1,42,10,completed,2,4.124950199999148
inner_search,N3,3,2,42,10,completed,2,2.9192723000014666
inner_search,N3,3,0,42,11,completed,2,5.5114866999992955
inner_search,N3,3,1,42,11,completed,2,3.7805781999995816
inner_search,N3,3,2,42,11,completed,2,1.6878359000002092
inner_search,N3,3,0,42,12,completed,2,0.4583301000002393
inner_search,N3,3,1,42,12,completed,2,3.6004174999998213
inner_search,N3,3,2,42,12,completed,2,2.923454399999173
inner_search,N3,3,0,42,13,completed,2,0.9148225999997521
inner_search,N3,3,1,42,13,completed,2,1.1645079999998416
inner_search,N3,3,2,42,13,completed,2,0.9259170000004815
inner_search,N3,3,0,42,14,completed,2,0.4910336000011739
inner_search,N3,3,1,42,14,completed,2,4.545051199998852
inner_search,N3,3,2,42,14,completed,2,0.6044762000001356
inner_search,N3,3,0,42,15,completed,2,0.9181116999989172
inner_search,N3,3,1,42,15,completed,2,1.4072111000004952
inner_search,N3,3,2,42,15,completed,2,1.01960119999967
inner_search,N3,3,0,42,16,completed,2,3.730766599999697
inner_search,N3,3,1,42,16,completed,2,3.390698800001701
inner_search,N3,3,2,42,16,completed,2,0.5226952000011806
inner_search,N3,3,0,42,17,completed,2,0.8184917999988102
inner_search,N3,3,1,42,17,completed,2,1.3176906000007875
inner_search,N3,3,2,42,17,completed,2,0.9429000000000087
inner_search,N3,3,0,42,18,completed,2,0.6652727000000596
inner_search,N3,3,1,42,18,completed,2,2.9510420999995404
inner_search,N3,3,2,42,18,completed,2,0.6308652000006987
inner_search,N3,3,0,42,19,completed,2,0.6322161000007327
inner_search,N3,3,1,42,19,completed,2,0.9916151999987051
inner_search,N3,3,2,42,19,completed,2,0.7175618999990547
inner_search,N3,3,0,42,20,completed,2,0.6085632000012993
inner_search,N3,3,1,42,20,completed,2,0.5987757000002603
inner_search,N3,3,2,42,20,completed,2,0.5738528000001679
inner_search,N3,3,0,42,21,completed,2,2.4023345000005065
inner_search,N3,3,1,42,21,completed,2,3.167844600000535
inner_search,N3,3,2,42,21,completed,2,3.84255309999935
inner_search,N3,3,0,42,22,completed,2,2.5904695999997784
inner_search,N3,3,1,42,22,completed,2,3.234644999998636
inner_search,N3,3,2,42,22,completed,2,1.549369000000297
inner_search,N3,3,0,42,23,completed,2,0.4316804999998567
inner_search,N3,3,1,42,23,completed,2,0.5557091999999102
inner_search,N3,3,2,42,23,completed,2,0.5282821999990119
inner_search,N3,3,0,42,24,completed,2,0.4456637999992381
inner_search,N3,3,1,42,24,completed,2,4.425842399999965
inner_search,N3,3,2,42,24,completed,2,0.5090942999995605
inner_search,N3,3,0,42,25,completed,2,0.5864763999998104
inner_search,N3,3,1,42,25,completed,2,0.8417117000008147
inner_search,N3,3,2,42,25,completed,2,0.5736321999993379
inner_search,N3,3,0,42,26,completed,2,0.4593254999999772
inner_search,N3,3,1,42,26,completed,2,2.715441700000156
inner_search,N3,3,2,42,26,completed,2,0.5084103999997751
inner_search,N3,3,0,42,27,completed,2,0.7682639000013296
inner_search,N3,3,1,42,27,completed,2,0.7622477000004437
inner_search,N3,3,2,42,27,completed,2,0.6722908000010648
inner_search,N3,3,0,42,28,completed,2,0.8008269999991171
inner_search,N3,3,1,42,28,completed,2,0.8925042000009853
inner_search,N3,3,2,42,28,completed,2,0.6981036999986827
inner_search,N3,3,0,42,29,completed,2,1.2476812999993854
inner_search,N3,3,1,42,29,completed,2,3.152046600000176
inner_search,N3,3,2,42,29,completed,2,1.207086000000345
outer_evaluation,N3,3,,42,,completed,2,6.568449499998678
outer_evaluation,N3,3,,123,,completed,2,3.1954492999993818
outer_evaluation,N3,3,,155,,completed,2,5.300486100000853
outer_evaluation,A1,3,,42,,completed,2,5.109786299999541
outer_evaluation,A1,3,,123,,completed,2,4.7576224000004
outer_evaluation,A1,3,,155,,completed,2,1.1195705000009184
outer_evaluation,A2,3,,42,,completed,2,6.76665519999915
outer_evaluation,A2,3,,123,,completed,2,6.793207900000198
outer_evaluation,A2,3,,155,,completed,2,2.055955300000278
outer_evaluation,R0,4,,42,,completed,0,0.0
inner_search,M1,4,0,42,0,completed,1,0.23205030000099214
inner_search,M1,4,1,42,0,completed,1,0.21969399999943562
inner_search,M1,4,2,42,0,completed,1,0.2195014999997511
inner_search,M1,4,0,42,1,completed,1,0.23807490000035614
inner_search,M1,4,1,42,1,completed,1,0.2178907999987132
inner_search,M1,4,2,42,1,completed,1,0.21873199999936332
inner_search,M1,4,0,42,2,completed,1,0.3218856000003143
inner_search,M1,4,1,42,2,completed,1,0.3462700000000041
inner_search,M1,4,2,42,2,completed,1,0.3631115999996837
inner_search,M1,4,0,42,3,completed,1,0.1157602000002953
inner_search,M1,4,1,42,3,completed,1,0.11424230000011448
inner_search,M1,4,2,42,3,completed,1,0.11428939999859722
inner_search,M1,4,0,42,4,completed,1,0.22089770000093267
inner_search,M1,4,1,42,4,completed,1,0.22124280000025465
inner_search,M1,4,2,42,4,completed,1,0.2425770999998349
inner_search,M1,4,0,42,5,completed,1,0.11587899999904039
inner_search,M1,4,1,42,5,completed,1,0.11743510000087554
inner_search,M1,4,2,42,5,completed,1,0.12155759999950533
inner_search,M1,4,0,42,6,completed,1,0.3951703999991878
inner_search,M1,4,1,42,6,completed,1,0.4383312999998452
inner_search,M1,4,2,42,6,completed,1,0.4287098999993759
inner_search,M1,4,0,42,7,completed,1,0.2230543999994552
inner_search,M1,4,1,42,7,completed,1,0.21289170000090962
inner_search,M1,4,2,42,7,completed,1,0.21667989999878046
inner_search,M1,4,0,42,8,completed,1,0.3461896999997407
inner_search,M1,4,1,42,8,completed,1,0.32228759999998147
inner_search,M1,4,2,42,8,completed,1,0.32932449999862
inner_search,M1,4,0,42,9,completed,1,0.3160470000002533
inner_search,M1,4,1,42,9,completed,1,0.3195951999987301
inner_search,M1,4,2,42,9,completed,1,0.3258659000002808
inner_search,M1,4,0,42,10,completed,1,0.21652019999964978
inner_search,M1,4,1,42,10,completed,1,0.21240810000017518
inner_search,M1,4,2,42,10,completed,1,0.21390529999916907
inner_search,M1,4,0,42,11,completed,1,0.34398370000053546
inner_search,M1,4,1,42,11,completed,1,0.32807429999957094
inner_search,M1,4,2,42,11,completed,1,0.33188370000061695
inner_search,M1,4,0,42,12,completed,1,0.2192187999989983
inner_search,M1,4,1,42,12,completed,1,0.2196774000003643
inner_search,M1,4,2,42,12,completed,1,0.21850610000001325
inner_search,M1,4,0,42,13,completed,1,0.23438070000156586
inner_search,M1,4,1,42,13,completed,1,0.21983240000008664
inner_search,M1,4,2,42,13,completed,1,0.2178816999985429
inner_search,M1,4,0,42,14,completed,1,0.2186652000000322
inner_search,M1,4,1,42,14,completed,1,0.22571980000066105
inner_search,M1,4,2,42,14,completed,1,0.21903439999914553
inner_search,M1,4,0,42,15,completed,1,0.2329738999997062
inner_search,M1,4,1,42,15,completed,1,0.2148970999987796
inner_search,M1,4,2,42,15,completed,1,0.21617280000100436
inner_search,M1,4,0,42,16,completed,1,0.11399409999830823
inner_search,M1,4,1,42,16,completed,1,0.11111290000008012
inner_search,M1,4,2,42,16,completed,1,0.10990409999976691
inner_search,M1,4,0,42,17,completed,1,0.21441389999927196
inner_search,M1,4,1,42,17,completed,1,0.21617979999973613
inner_search,M1,4,2,42,17,completed,1,0.23039330000028713
inner_search,M1,4,0,42,18,completed,1,0.21190890000070794
inner_search,M1,4,1,42,18,completed,1,0.2298255000005156
inner_search,M1,4,2,42,18,completed,1,0.228208700000323
inner_search,M1,4,0,42,19,completed,1,0.2483752000007371
inner_search,M1,4,1,42,19,completed,1,0.21811709999929008
inner_search,M1,4,2,42,19,completed,1,0.21982029999890074
inner_search,M1,4,0,42,20,completed,1,0.11583739999878162
inner_search,M1,4,1,42,20,completed,1,0.11286420000033104
inner_search,M1,4,2,42,20,completed,1,0.11317669999880309
inner_search,M1,4,0,42,21,completed,1,0.21565730000111216
inner_search,M1,4,1,42,21,completed,1,0.230668300000616
inner_search,M1,4,2,42,21,completed,1,0.26781839999966905
inner_search,M1,4,0,42,22,completed,1,0.21923119999883056
inner_search,M1,4,1,42,22,completed,1,0.22604150000006484
inner_search,M1,4,2,42,22,completed,1,0.21999550000145973
inner_search,M1,4,0,42,23,completed,1,0.23546239999996033
inner_search,M1,4,1,42,23,completed,1,0.22153339999931632
inner_search,M1,4,2,42,23,completed,1,0.2199693999991723
inner_search,M1,4,0,42,24,completed,1,0.21687279999969178
inner_search,M1,4,1,42,24,completed,1,0.21508390000053623
inner_search,M1,4,2,42,24,completed,1,0.2155988000013167
inner_search,M1,4,0,42,25,completed,1,0.22402319999855536
inner_search,M1,4,1,42,25,completed,1,0.21806069999911415
inner_search,M1,4,2,42,25,completed,1,0.22106730000086827
inner_search,M1,4,0,42,26,completed,1,0.2189498999996431
inner_search,M1,4,1,42,26,completed,1,0.21827569999913976
inner_search,M1,4,2,42,26,completed,1,0.22013799999876937
inner_search,M1,4,0,42,27,completed,1,0.22116830000049958
inner_search,M1,4,1,42,27,completed,1,0.2316873999989184
inner_search,M1,4,2,42,27,completed,1,0.21659700000054727
inner_search,M1,4,0,42,28,completed,1,0.11258549999911338
inner_search,M1,4,1,42,28,completed,1,0.11240360000010696
inner_search,M1,4,2,42,28,completed,1,0.11685670000042592
inner_search,M1,4,0,42,29,completed,1,0.221893199999613
inner_search,M1,4,1,42,29,completed,1,0.21901989999969373
inner_search,M1,4,2,42,29,completed,1,0.23654239999996207
outer_evaluation,M1,4,,42,,completed,1,0.2653458999993745
inner_search,M2,4,0,42,0,completed,1,0.011910799999895971
inner_search,M2,4,1,42,0,completed,1,0.013047700000242912
inner_search,M2,4,2,42,0,completed,1,0.012066400000549038
inner_search,M2,4,0,42,1,completed,1,0.013017499999477877
inner_search,M2,4,1,42,1,completed,1,0.01304560000062338
inner_search,M2,4,2,42,1,completed,1,0.013036799999099458
inner_search,M2,4,0,42,2,completed,1,0.01140770000165503
inner_search,M2,4,1,42,2,completed,1,0.010852299999896786
inner_search,M2,4,2,42,2,completed,1,0.010581300000922056
inner_search,M2,4,0,42,3,completed,1,0.010352400000556372
inner_search,M2,4,1,42,3,completed,1,0.01000930000009248
inner_search,M2,4,2,42,3,completed,1,0.010441200000059325
inner_search,M2,4,0,42,4,completed,1,0.013430099999823142
inner_search,M2,4,1,42,4,completed,1,0.013028600000325241
inner_search,M2,4,2,42,4,completed,1,0.013165599999410915
inner_search,M2,4,0,42,5,completed,1,0.013647200001287274
inner_search,M2,4,1,42,5,completed,1,0.014787300000534742
inner_search,M2,4,2,42,5,completed,1,0.014730599999893457
inner_search,M2,4,0,42,6,completed,1,0.012083899999197456
inner_search,M2,4,1,42,6,completed,1,0.011924599999474594
inner_search,M2,4,2,42,6,completed,1,0.011816199999884702
inner_search,M2,4,0,42,7,completed,1,0.013190600000598351
inner_search,M2,4,1,42,7,completed,1,0.013172200000553858
inner_search,M2,4,2,42,7,completed,1,0.013658300000315649
inner_search,M2,4,0,42,8,completed,1,0.01366309999866644
inner_search,M2,4,1,42,8,completed,1,0.013456499998937943
inner_search,M2,4,2,42,8,completed,1,0.013675999998667976
inner_search,M2,4,0,42,9,completed,1,0.012466800000765943
inner_search,M2,4,1,42,9,completed,1,0.012977799999134731
inner_search,M2,4,2,42,9,completed,1,0.013021200000366662
inner_search,M2,4,0,42,10,completed,1,0.010016000000177883
inner_search,M2,4,1,42,10,completed,1,0.010928399999102112
inner_search,M2,4,2,42,10,completed,1,0.009827199999563163
inner_search,M2,4,0,42,11,completed,1,0.010882099999435013
inner_search,M2,4,1,42,11,completed,1,0.010020000001532026
inner_search,M2,4,2,42,11,completed,1,0.011154199999509729
inner_search,M2,4,0,42,12,completed,1,0.011271100000158185
inner_search,M2,4,1,42,12,completed,1,0.012249299999893992
inner_search,M2,4,2,42,12,completed,1,0.01162809999914316
inner_search,M2,4,0,42,13,completed,1,0.013421899999229936
inner_search,M2,4,1,42,13,completed,1,0.010862299999644165
inner_search,M2,4,2,42,13,completed,1,0.011712199999237782
inner_search,M2,4,0,42,14,completed,1,0.011817500000688597
inner_search,M2,4,1,42,14,completed,1,0.012448699999367818
inner_search,M2,4,2,42,14,completed,1,0.01238300000113668
inner_search,M2,4,0,42,15,completed,1,0.011028200000509969
inner_search,M2,4,1,42,15,completed,1,0.010365599999204278
inner_search,M2,4,2,42,15,completed,1,0.010691900000892929
inner_search,M2,4,0,42,16,completed,1,0.010036200001195539
inner_search,M2,4,1,42,16,completed,1,0.010825199999089818
inner_search,M2,4,2,42,16,completed,1,0.009676800000306685
inner_search,M2,4,0,42,17,completed,1,0.010764000000563101
inner_search,M2,4,1,42,17,completed,1,0.010296100001141895
inner_search,M2,4,2,42,17,completed,1,0.01014249999934691
inner_search,M2,4,0,42,18,completed,1,0.011005399999703513
inner_search,M2,4,1,42,18,completed,1,0.011310100000628154
inner_search,M2,4,2,42,18,completed,1,0.010546800000156509
inner_search,M2,4,0,42,19,completed,1,0.010893200000282377
inner_search,M2,4,1,42,19,completed,1,0.010148299999855226
inner_search,M2,4,2,42,19,completed,1,0.01070629999958328
inner_search,M2,4,0,42,20,completed,1,0.012181199999758974
inner_search,M2,4,1,42,20,completed,1,0.012833400000090478
inner_search,M2,4,2,42,20,completed,1,0.012373499999739579
inner_search,M2,4,0,42,21,completed,1,0.01128439999956754
inner_search,M2,4,1,42,21,completed,1,0.011292699999103206
inner_search,M2,4,2,42,21,completed,1,0.011682100001053186
inner_search,M2,4,0,42,22,completed,1,0.010530199999266188
inner_search,M2,4,1,42,22,completed,1,0.010103099999469123
inner_search,M2,4,2,42,22,completed,1,0.010079000001496752
inner_search,M2,4,0,42,23,completed,1,0.010295199999745819
inner_search,M2,4,1,42,23,completed,1,0.010814600000230712
inner_search,M2,4,2,42,23,completed,1,0.00981590000083088
inner_search,M2,4,0,42,24,completed,1,0.010050999999293708
inner_search,M2,4,1,42,24,completed,1,0.010489400001461036
inner_search,M2,4,2,42,24,completed,1,0.009896099998513819
inner_search,M2,4,0,42,25,completed,1,0.010088999999425141
inner_search,M2,4,1,42,25,completed,1,0.01074710000102641
inner_search,M2,4,2,42,25,completed,1,0.009695299999293638
inner_search,M2,4,0,42,26,completed,1,0.010165499999857275
inner_search,M2,4,1,42,26,completed,1,0.010429500000100234
inner_search,M2,4,2,42,26,completed,1,0.009715300000607385
inner_search,M2,4,0,42,27,completed,1,0.011455000001660665
inner_search,M2,4,1,42,27,completed,1,0.010693299998820294
inner_search,M2,4,2,42,27,completed,1,0.010962399999698391
inner_search,M2,4,0,42,28,completed,1,0.0136000000002241
inner_search,M2,4,1,42,28,completed,1,0.013429399999949965
inner_search,M2,4,2,42,28,completed,1,0.013206200001150137
inner_search,M2,4,0,42,29,completed,1,0.011492199999338482
inner_search,M2,4,1,42,29,completed,1,0.01159189999998489
inner_search,M2,4,2,42,29,completed,1,0.012793500000043423
outer_evaluation,M2,4,,42,,completed,1,0.04022690000056173
inner_search,N0,4,0,42,0,completed,2,5.049559600000066
inner_search,N0,4,1,42,0,completed,2,2.4431265000002895
inner_search,N0,4,2,42,0,completed,2,3.12546040000052
inner_search,N0,4,0,42,1,completed,2,0.7099512999993749
inner_search,N0,4,1,42,1,completed,2,3.9165118999990227
inner_search,N0,4,2,42,1,completed,2,0.6210097000002861
inner_search,N0,4,0,42,2,completed,2,1.3556186000005255
inner_search,N0,4,1,42,2,completed,2,1.5426819000003889
inner_search,N0,4,2,42,2,completed,2,1.59824959999969
inner_search,N0,4,0,42,3,completed,2,4.603638300000966
inner_search,N0,4,1,42,3,completed,2,2.1363834999992832
inner_search,N0,4,2,42,3,completed,2,2.0312706000004255
inner_search,N0,4,0,42,4,completed,2,2.7048610000001645
inner_search,N0,4,1,42,4,completed,2,3.9406279000013456
inner_search,N0,4,2,42,4,completed,2,0.7677091999994445
inner_search,N0,4,0,42,5,completed,2,6.89854109999942
inner_search,N0,4,1,42,5,completed,2,1.212133700000777
inner_search,N0,4,2,42,5,completed,2,1.2654147000012017
inner_search,N0,4,0,42,6,completed,2,2.077529299998787
inner_search,N0,4,1,42,6,completed,2,1.8864687999994203
inner_search,N0,4,2,42,6,completed,2,1.8755333999997674
inner_search,N0,4,0,42,7,completed,2,0.8444565999998304
inner_search,N0,4,1,42,7,completed,2,4.699833699998635
inner_search,N0,4,2,42,7,completed,2,4.871208000000479
inner_search,N0,4,0,42,8,completed,2,3.2799187999989954
inner_search,N0,4,1,42,8,completed,2,2.1112489999995887
inner_search,N0,4,2,42,8,completed,2,4.8412644999989425
inner_search,N0,4,0,42,9,completed,2,0.852473299999474
inner_search,N0,4,1,42,9,completed,2,5.452275699999518
inner_search,N0,4,2,42,9,completed,2,1.0270796000004339
inner_search,N0,4,0,42,10,completed,2,2.0735692999987805
inner_search,N0,4,1,42,10,completed,2,2.2861786000012216
inner_search,N0,4,2,42,10,completed,2,1.9658158999991429
inner_search,N0,4,0,42,11,completed,2,2.9265644999995857
inner_search,N0,4,1,42,11,completed,2,3.2859164999990753
inner_search,N0,4,2,42,11,completed,2,1.1384152000009635
inner_search,N0,4,0,42,12,completed,2,2.3269297999995615
inner_search,N0,4,1,42,12,completed,2,2.1799739000016416
inner_search,N0,4,2,42,12,completed,2,3.187975600001664
inner_search,N0,4,0,42,13,completed,2,2.4528724999981932
inner_search,N0,4,1,42,13,completed,2,3.6990944999997737
inner_search,N0,4,2,42,13,completed,2,3.8658570000006875
inner_search,N0,4,0,42,14,completed,2,1.8347066000023915
inner_search,N0,4,1,42,14,completed,2,2.4735513999985415
inner_search,N0,4,2,42,14,completed,2,2.405150300000969
inner_search,N0,4,0,42,15,completed,2,2.3018845000005967
inner_search,N0,4,1,42,15,completed,2,2.2755681999988155
inner_search,N0,4,2,42,15,completed,2,2.1707024999996065
inner_search,N0,4,0,42,16,completed,2,2.0166800999977568
inner_search,N0,4,1,42,16,completed,2,1.8241808999991918
inner_search,N0,4,2,42,16,completed,2,2.4576247000004514
inner_search,N0,4,0,42,17,completed,2,0.5077635999987251
inner_search,N0,4,1,42,17,completed,2,2.4609554999988177
inner_search,N0,4,2,42,17,completed,2,0.53773849999925
inner_search,N0,4,0,42,18,completed,2,2.336524800000916
inner_search,N0,4,1,42,18,completed,2,2.419872900001792
inner_search,N0,4,2,42,18,completed,2,2.8643540000011853
inner_search,N0,4,0,42,19,completed,2,0.5056503000014345
inner_search,N0,4,1,42,19,completed,2,1.418282899998303
inner_search,N0,4,2,42,19,completed,2,1.348646300000837
inner_search,N0,4,0,42,20,completed,2,2.208906100000604
inner_search,N0,4,1,42,20,completed,2,2.252935399999842
inner_search,N0,4,2,42,20,completed,2,2.407522400000744
inner_search,N0,4,0,42,21,completed,2,1.9321692000012263
inner_search,N0,4,1,42,21,completed,2,2.2965402000008908
inner_search,N0,4,2,42,21,completed,2,2.6636633000016445
inner_search,N0,4,0,42,22,completed,2,2.0850513000004867
inner_search,N0,4,1,42,22,completed,2,2.545644199999515
inner_search,N0,4,2,42,22,completed,2,2.4703473999979906
inner_search,N0,4,0,42,23,completed,2,2.351761499998247
inner_search,N0,4,1,42,23,completed,2,2.4725338999996893
inner_search,N0,4,2,42,23,completed,2,2.3635366999988037
inner_search,N0,4,0,42,24,completed,2,2.162800599999173
inner_search,N0,4,1,42,24,completed,2,2.0279544000004535
inner_search,N0,4,2,42,24,completed,2,1.9132062999997288
inner_search,N0,4,0,42,25,completed,2,1.9075198999998975
inner_search,N0,4,1,42,25,completed,2,2.8007485999987694
inner_search,N0,4,2,42,25,completed,2,2.236204600001656
inner_search,N0,4,0,42,26,completed,2,3.041966400000092
inner_search,N0,4,1,42,26,completed,2,2.9719460000014806
inner_search,N0,4,2,42,26,completed,2,2.5800981000029424
inner_search,N0,4,0,42,27,completed,2,0.4675138999991759
inner_search,N0,4,1,42,27,completed,2,2.113721899997472
inner_search,N0,4,2,42,27,completed,2,1.9578745999970124
inner_search,N0,4,0,42,28,completed,2,3.9220511999992596
inner_search,N0,4,1,42,28,completed,2,4.451538599998457
inner_search,N0,4,2,42,28,completed,2,4.524151000001439
inner_search,N0,4,0,42,29,completed,2,4.338299999999435
inner_search,N0,4,1,42,29,completed,2,1.289203299998917
inner_search,N0,4,2,42,29,completed,2,3.946959599998081
outer_evaluation,N0,4,,42,,completed,2,4.912323299999116
outer_evaluation,N0,4,,123,,completed,2,3.4448018000002776
outer_evaluation,N0,4,,155,,completed,2,1.6349555000015243
inner_search,N1,4,0,42,0,completed,2,0.5917434000002686
inner_search,N1,4,1,42,0,completed,2,0.5371884000014688
inner_search,N1,4,2,42,0,completed,2,0.47265429999970365
inner_search,N1,4,0,42,1,completed,2,0.9077292000001762
inner_search,N1,4,1,42,1,completed,2,0.8890910999980406
inner_search,N1,4,2,42,1,completed,2,0.8594617999988259
inner_search,N1,4,0,42,2,completed,2,1.0130490999981703
inner_search,N1,4,1,42,2,completed,2,5.3121657999981835
inner_search,N1,4,2,42,2,completed,2,1.219548000000941
inner_search,N1,4,0,42,3,completed,2,1.431382399998256
inner_search,N1,4,1,42,3,completed,2,8.06671009999991
inner_search,N1,4,2,42,3,completed,2,1.4947625000022526
inner_search,N1,4,0,42,4,completed,2,1.5895654999985709
inner_search,N1,4,1,42,4,completed,2,1.7754529000012553
inner_search,N1,4,2,42,4,completed,2,1.5286403000027349
inner_search,N1,4,0,42,5,completed,2,3.4668598999996902
inner_search,N1,4,1,42,5,completed,2,3.2588452999989386
inner_search,N1,4,2,42,5,completed,2,6.5060559999983525
inner_search,N1,4,0,42,6,completed,2,3.7375871000003826
inner_search,N1,4,1,42,6,completed,2,3.3619151999992027
inner_search,N1,4,2,42,6,completed,2,3.0684060999992653
inner_search,N1,4,0,42,7,completed,2,1.056806399999914
inner_search,N1,4,1,42,7,completed,2,1.0601697999991302
inner_search,N1,4,2,42,7,completed,2,1.0961515999988478
inner_search,N1,4,0,42,8,completed,2,0.6811583000016981
inner_search,N1,4,1,42,8,completed,2,3.268615300003148
inner_search,N1,4,2,42,8,completed,2,0.8892396000010194
inner_search,N1,4,0,42,9,completed,2,0.8867480000008072
inner_search,N1,4,1,42,9,completed,2,5.715828300002613
inner_search,N1,4,2,42,9,completed,2,0.8224708000016108
inner_search,N1,4,0,42,10,completed,2,4.351485299997876
inner_search,N1,4,1,42,10,completed,2,4.699544500002958
inner_search,N1,4,2,42,10,completed,2,3.792245600001479
inner_search,N1,4,0,42,11,completed,2,3.5332787000006647
inner_search,N1,4,1,42,11,completed,2,4.037800200003403
inner_search,N1,4,2,42,11,completed,2,4.248012899999594
inner_search,N1,4,0,42,12,completed,2,1.6380906000013056
inner_search,N1,4,1,42,12,completed,2,2.0660601000017778
inner_search,N1,4,2,42,12,completed,2,1.5224398000027577
inner_search,N1,4,0,42,13,completed,2,3.610415400002239
inner_search,N1,4,1,42,13,completed,2,3.877101300000504
inner_search,N1,4,2,42,13,completed,2,4.213060199999745
inner_search,N1,4,0,42,14,completed,2,1.9815601999980572
inner_search,N1,4,1,42,14,completed,2,2.3458485000010114
inner_search,N1,4,2,42,14,completed,2,1.8702820999969845
inner_search,N1,4,0,42,15,completed,2,1.428603700001986
inner_search,N1,4,1,42,15,completed,2,1.3980865000012273
inner_search,N1,4,2,42,15,completed,2,1.0200819999990927
inner_search,N1,4,0,42,16,completed,2,1.3066222000015841
inner_search,N1,4,1,42,16,completed,2,4.722127900000487
inner_search,N1,4,2,42,16,completed,2,1.3342919000024267
inner_search,N1,4,0,42,17,completed,2,2.2964277999999467
inner_search,N1,4,1,42,17,completed,2,2.840869499999826
inner_search,N1,4,2,42,17,completed,2,2.4064443999996
inner_search,N1,4,0,42,18,completed,2,3.8871103999990737
inner_search,N1,4,1,42,18,completed,2,4.154144899999665
inner_search,N1,4,2,42,18,completed,2,4.284942800000863
inner_search,N1,4,0,42,19,completed,2,3.627914000000601
inner_search,N1,4,1,42,19,completed,2,4.492195599999832
inner_search,N1,4,2,42,19,completed,2,4.059636400001182
inner_search,N1,4,0,42,20,completed,2,1.015729899998405
inner_search,N1,4,1,42,20,completed,2,1.2993089999981748
inner_search,N1,4,2,42,20,completed,2,1.044807900001615
inner_search,N1,4,0,42,21,completed,2,3.8144842000001518
inner_search,N1,4,1,42,21,completed,2,3.921960100000433
inner_search,N1,4,2,42,21,completed,2,3.724302999999054
inner_search,N1,4,0,42,22,completed,2,1.3253144000009343
inner_search,N1,4,1,42,22,completed,2,4.0227261
inner_search,N1,4,2,42,22,completed,2,1.396271199999319
inner_search,N1,4,0,42,23,completed,2,4.213364200000797
inner_search,N1,4,1,42,23,completed,2,3.5221578999990015
inner_search,N1,4,2,42,23,completed,2,4.196226000000024
inner_search,N1,4,0,42,24,completed,2,4.361607800001366
inner_search,N1,4,1,42,24,completed,2,4.296475500002998
inner_search,N1,4,2,42,24,completed,2,4.59900529999868
inner_search,N1,4,0,42,25,completed,2,1.2465351999999257
inner_search,N1,4,1,42,25,completed,2,5.522095799999079
inner_search,N1,4,2,42,25,completed,2,1.4043693000021449
inner_search,N1,4,0,42,26,completed,2,3.6866301000009116
inner_search,N1,4,1,42,26,completed,2,4.04564400000163
inner_search,N1,4,2,42,26,completed,2,4.03016110000317
inner_search,N1,4,0,42,27,completed,2,2.7271050000017567
inner_search,N1,4,1,42,27,completed,2,1.157438500002172
inner_search,N1,4,2,42,27,completed,2,1.1820227000025625
inner_search,N1,4,0,42,28,completed,2,3.694619000001694
inner_search,N1,4,1,42,28,completed,2,4.157135900000867
inner_search,N1,4,2,42,28,completed,2,3.724904599999718
inner_search,N1,4,0,42,29,completed,2,0.9905819000014162
inner_search,N1,4,1,42,29,completed,2,5.938108800000919
inner_search,N1,4,2,42,29,completed,2,0.9618416000012076
outer_evaluation,N1,4,,42,,completed,2,5.091125999999349
outer_evaluation,N1,4,,123,,completed,2,4.517859899999166
outer_evaluation,N1,4,,155,,completed,2,5.014384600002813
inner_search,N2,4,0,42,0,completed,2,0.29574330000104965
inner_search,N2,4,1,42,0,completed,2,0.28317779999997583
inner_search,N2,4,2,42,0,completed,2,0.3052179000005708
inner_search,N2,4,0,42,1,completed,2,0.28579639999952633
inner_search,N2,4,1,42,1,completed,2,0.4327904000019771
inner_search,N2,4,2,42,1,completed,2,0.31106720000025234
inner_search,N2,4,0,42,2,completed,2,1.6950055999986944
inner_search,N2,4,1,42,2,completed,2,0.30485439999756636
inner_search,N2,4,2,42,2,completed,2,2.14872749999995
inner_search,N2,4,0,42,3,completed,2,1.5556292999972356
inner_search,N2,4,1,42,3,completed,2,1.1549124000011943
inner_search,N2,4,2,42,3,completed,2,0.8097669999988284
inner_search,N2,4,0,42,4,completed,2,1.4214127000013832
inner_search,N2,4,1,42,4,completed,2,0.9758082999978797
inner_search,N2,4,2,42,4,completed,2,1.0761487999989185
inner_search,N2,4,0,42,5,completed,2,0.6745345999988785
inner_search,N2,4,1,42,5,completed,2,0.885968700000376
inner_search,N2,4,2,42,5,completed,2,0.8632416000000376
inner_search,N2,4,0,42,6,completed,2,1.1677611999984947
inner_search,N2,4,1,42,6,completed,2,1.289525299998786
inner_search,N2,4,2,42,6,completed,2,1.2617841999999655
inner_search,N2,4,0,42,7,completed,2,2.106479699999909
inner_search,N2,4,1,42,7,completed,2,1.127881600001274
inner_search,N2,4,2,42,7,completed,2,1.911760899998626
inner_search,N2,4,0,42,8,completed,2,1.9488531999995757
inner_search,N2,4,1,42,8,completed,2,2.141717000002245
inner_search,N2,4,2,42,8,completed,2,2.334216999999626
inner_search,N2,4,0,42,9,completed,2,2.1599549999991723
inner_search,N2,4,1,42,9,completed,2,2.1921266999997897
inner_search,N2,4,2,42,9,completed,2,2.089322199997696
inner_search,N2,4,0,42,10,completed,2,2.3645274999980757
inner_search,N2,4,1,42,10,completed,2,0.3819237999996403
inner_search,N2,4,2,42,10,completed,2,1.9831210999982432
inner_search,N2,4,0,42,11,completed,2,2.7428141000018513
inner_search,N2,4,1,42,11,completed,2,2.016319399997883
inner_search,N2,4,2,42,11,completed,2,3.018293699999049
inner_search,N2,4,0,42,12,completed,2,1.4522229000031075
inner_search,N2,4,1,42,12,completed,2,0.9090399000015168
inner_search,N2,4,2,42,12,completed,2,1.8182860000015353
inner_search,N2,4,0,42,13,completed,2,1.8656670999989728
inner_search,N2,4,1,42,13,completed,2,0.8263340000012249
inner_search,N2,4,2,42,13,completed,2,1.5339311999996426
inner_search,N2,4,0,42,14,completed,2,1.399764400001004
inner_search,N2,4,1,42,14,completed,2,2.4675531000029878
inner_search,N2,4,2,42,14,completed,2,0.8067854000000807
inner_search,N2,4,0,42,15,completed,2,0.3157936999996309
inner_search,N2,4,1,42,15,completed,2,1.8508274000014353
inner_search,N2,4,2,42,15,completed,2,2.061815500001103
inner_search,N2,4,0,42,16,completed,2,1.900822400002653
inner_search,N2,4,1,42,16,completed,2,0.931906899997557
inner_search,N2,4,2,42,16,completed,2,0.9175629000019399
inner_search,N2,4,0,42,17,completed,2,2.6322187000005215
inner_search,N2,4,1,42,17,completed,2,3.0015538000006927
inner_search,N2,4,2,42,17,completed,2,1.8783561999989615
inner_search,N2,4,0,42,18,completed,2,0.4572240999987116
inner_search,N2,4,1,42,18,completed,2,0.7250660999998217
inner_search,N2,4,2,42,18,completed,2,0.6371390999993309
inner_search,N2,4,0,42,19,completed,2,0.33164469999974244
inner_search,N2,4,1,42,19,completed,2,0.34913609999784967
inner_search,N2,4,2,42,19,completed,2,0.37357730000076117
inner_search,N2,4,0,42,20,completed,2,1.3843949000001885
inner_search,N2,4,1,42,20,completed,2,1.1788584999994782
inner_search,N2,4,2,42,20,completed,2,1.0062913000001572
inner_search,N2,4,0,42,21,completed,2,1.7855337000000873
inner_search,N2,4,1,42,21,completed,2,1.0020626000004995
inner_search,N2,4,2,42,21,completed,2,1.9823991999983264
inner_search,N2,4,0,42,22,completed,2,1.817950299999211
inner_search,N2,4,1,42,22,completed,2,0.8321360000009008
inner_search,N2,4,2,42,22,completed,2,0.5409508000011556
inner_search,N2,4,0,42,23,completed,2,1.961264300000039
inner_search,N2,4,1,42,23,completed,2,1.077200100000482
inner_search,N2,4,2,42,23,completed,2,1.8531825999998546
inner_search,N2,4,0,42,24,completed,2,1.889610599999287
inner_search,N2,4,1,42,24,completed,2,1.0949187000005622
inner_search,N2,4,2,42,24,completed,2,0.9589856999991753
inner_search,N2,4,0,42,25,completed,2,1.8667271999984223
inner_search,N2,4,1,42,25,completed,2,1.1842716999999539
inner_search,N2,4,2,42,25,completed,2,1.6878327000013087
inner_search,N2,4,0,42,26,completed,2,0.4123050999987754
inner_search,N2,4,1,42,26,completed,2,0.39183629999752156
inner_search,N2,4,2,42,26,completed,2,0.4377268999996886
inner_search,N2,4,0,42,27,completed,2,1.9305773000014597
inner_search,N2,4,1,42,27,completed,2,1.2650254000000132
inner_search,N2,4,2,42,27,completed,2,1.2015171000020928
inner_search,N2,4,0,42,28,completed,2,1.2319354000028397
inner_search,N2,4,1,42,28,completed,2,1.0761273999996774
inner_search,N2,4,2,42,28,completed,2,1.822674700000789
inner_search,N2,4,0,42,29,completed,2,2.189736100001028
inner_search,N2,4,1,42,29,completed,2,1.987476099999185
inner_search,N2,4,2,42,29,completed,2,2.0899303000005602
outer_evaluation,N2,4,,42,,completed,2,2.4708331000001635
outer_evaluation,N2,4,,123,,completed,2,1.4388615999996546
outer_evaluation,N2,4,,155,,completed,2,2.3587604999993346
inner_search,N3,4,0,42,0,completed,2,0.5863325999998779
inner_search,N3,4,1,42,0,completed,2,5.03238909999709
inner_search,N3,4,2,42,0,completed,2,0.5761793999990914
inner_search,N3,4,0,42,1,completed,2,0.9603226000035647
inner_search,N3,4,1,42,1,completed,2,0.9285986000031698
inner_search,N3,4,2,42,1,completed,2,1.0522695999970892
inner_search,N3,4,0,42,2,completed,2,0.9229922000013175
inner_search,N3,4,1,42,2,completed,2,0.8997044000025198
inner_search,N3,4,2,42,2,completed,2,0.8489126999993459
inner_search,N3,4,0,42,3,completed,2,1.3040320000000065
inner_search,N3,4,1,42,3,completed,2,4.250362599999789
inner_search,N3,4,2,42,3,completed,2,1.4360268999989785
inner_search,N3,4,0,42,4,completed,2,0.9387012999977742
inner_search,N3,4,1,42,4,completed,2,0.916307899999083
inner_search,N3,4,2,42,4,completed,2,0.9362209999999322
inner_search,N3,4,0,42,5,completed,2,0.6108109000015247
inner_search,N3,4,1,42,5,completed,2,0.6607856000009633
inner_search,N3,4,2,42,5,completed,2,0.7318201000016415
inner_search,N3,4,0,42,6,completed,2,1.3459091000004264
inner_search,N3,4,1,42,6,completed,2,1.3566152999992482
inner_search,N3,4,2,42,6,completed,2,1.3616965000001073
inner_search,N3,4,0,42,7,completed,2,0.6158149000002595
inner_search,N3,4,1,42,7,completed,2,0.7243271000006644
inner_search,N3,4,2,42,7,completed,2,0.6480805999999575
inner_search,N3,4,0,42,8,completed,2,1.9337773000006564
inner_search,N3,4,1,42,8,completed,2,1.9754522000002908
inner_search,N3,4,2,42,8,completed,2,2.2143694999977015
inner_search,N3,4,0,42,9,completed,2,0.3236999000000651
inner_search,N3,4,1,42,9,completed,2,0.5633434000010311
inner_search,N3,4,2,42,9,completed,2,0.62937729999976
inner_search,N3,4,0,42,10,completed,2,4.429513700000825
inner_search,N3,4,1,42,10,completed,2,2.2732790999980352
inner_search,N3,4,2,42,10,completed,2,3.211623299997882
inner_search,N3,4,0,42,11,completed,2,4.20736019999822
inner_search,N3,4,1,42,11,completed,2,1.7567650000019057
inner_search,N3,4,2,42,11,completed,2,3.668150700003025
inner_search,N3,4,0,42,12,completed,2,3.155032200000278
inner_search,N3,4,1,42,12,completed,2,1.6500485000033223
inner_search,N3,4,2,42,12,completed,2,3.1962883999985934
inner_search,N3,4,0,42,13,completed,2,3.588422899996658
inner_search,N3,4,1,42,13,completed,2,1.3662135000013222
inner_search,N3,4,2,42,13,completed,2,4.730603800002427
inner_search,N3,4,0,42,14,completed,2,0.9759099999973841
inner_search,N3,4,1,42,14,completed,2,1.0565628000003926
inner_search,N3,4,2,42,14,completed,2,0.9004123999984586
inner_search,N3,4,0,42,15,completed,2,4.317329500001506
inner_search,N3,4,1,42,15,completed,2,4.761398300001019
inner_search,N3,4,2,42,15,completed,2,3.4685489000003145
inner_search,N3,4,0,42,16,completed,2,1.9776448999982676
inner_search,N3,4,1,42,16,completed,2,3.2847094999997353
inner_search,N3,4,2,42,16,completed,2,1.7976567000005161
inner_search,N3,4,0,42,17,completed,2,3.6542283999988285
inner_search,N3,4,1,42,17,completed,2,1.8388030999994953
inner_search,N3,4,2,42,17,completed,2,3.5816565999994054
inner_search,N3,4,0,42,18,completed,2,0.7630963999981759
inner_search,N3,4,1,42,18,completed,2,2.194931300000462
inner_search,N3,4,2,42,18,completed,2,0.891236100000242
inner_search,N3,4,0,42,19,completed,2,3.3180673999995633
inner_search,N3,4,1,42,19,completed,2,0.48330429999987246
inner_search,N3,4,2,42,19,completed,2,0.6318236999977671
inner_search,N3,4,0,42,20,completed,2,2.3641501999991306
inner_search,N3,4,1,42,20,completed,2,4.66588149999734
inner_search,N3,4,2,42,20,completed,2,4.038171600001078
inner_search,N3,4,0,42,21,completed,2,4.427233200000046
inner_search,N3,4,1,42,21,completed,2,3.015719799997896
inner_search,N3,4,2,42,21,completed,2,3.2632899999989604
inner_search,N3,4,0,42,22,completed,2,3.574636500001361
inner_search,N3,4,1,42,22,completed,2,2.754220799997711
inner_search,N3,4,2,42,22,completed,2,0.7715810000008787
inner_search,N3,4,0,42,23,completed,2,4.322318400001677
inner_search,N3,4,1,42,23,completed,2,2.0605771000009554
inner_search,N3,4,2,42,23,completed,2,4.965829099997791
inner_search,N3,4,0,42,24,completed,2,0.9164849000007962
inner_search,N3,4,1,42,24,completed,2,1.0995265000019572
inner_search,N3,4,2,42,24,completed,2,1.048027099997853
inner_search,N3,4,0,42,25,completed,2,3.8527788999999757
inner_search,N3,4,1,42,25,completed,2,2.676819299998897
inner_search,N3,4,2,42,25,completed,2,0.6560461000008218
inner_search,N3,4,0,42,26,completed,2,3.1721156999992672
inner_search,N3,4,1,42,26,completed,2,3.304679599998053
inner_search,N3,4,2,42,26,completed,2,3.2800395999984175
inner_search,N3,4,0,42,27,completed,2,3.511528000002727
inner_search,N3,4,1,42,27,completed,2,2.9138000999992073
inner_search,N3,4,2,42,27,completed,2,3.764366900002642
inner_search,N3,4,0,42,28,completed,2,2.0619317999990017
inner_search,N3,4,1,42,28,completed,2,2.3322279999993043
inner_search,N3,4,2,42,28,completed,2,2.5534162999974797
inner_search,N3,4,0,42,29,completed,2,0.4780630999994173
inner_search,N3,4,1,42,29,completed,2,3.7941548000017065
inner_search,N3,4,2,42,29,completed,2,0.5332754999981262
outer_evaluation,N3,4,,42,,completed,2,4.473980499999016
outer_evaluation,N3,4,,123,,completed,2,2.7998938000018825
outer_evaluation,N3,4,,155,,completed,2,1.730588499998703
outer_evaluation,A1,4,,42,,completed,2,3.862321200002043
outer_evaluation,A1,4,,123,,completed,2,3.914386700002069
outer_evaluation,A1,4,,155,,completed,2,3.933442900000955
outer_evaluation,A2,4,,42,,completed,2,5.43974629999866
outer_evaluation,A2,4,,123,,completed,2,1.2365960999995878
outer_evaluation,A2,4,,155,,completed,2,3.916401999998925
