student_index,rank,item_id,intervention_name,score,explanation
0,1,study_group,Facilitated Study Group,0.8755,"Đề xuất 'Facilitated Study Group' được lựa chọn vì nó hỗ trợ khắc phục tình trạng thời gian tự học chưa đủ, đáp ứng nhu cầu cải thiện kết quả học tập hiện tại, vừa sức với năng lực hiện tại của bạn, phù hợp với thời gian học tập hàng tuần của bạn. (Risk Match: 1.00, Perf Need: 0.50, Diff Fit: 1.00, Time Fit: 1.00, Prereq Fit: 1.00, Effect: 0.75)"
0,2,time_planning,Time Management Workshop,0.7951,"Đề xuất 'Time Management Workshop' được lựa chọn vì nó hỗ trợ khắc phục tình trạng thời gian tự học chưa đủ, đáp ứng nhu cầu cải thiện kết quả học tập hiện tại, phù hợp với thời gian học tập hàng tuần của bạn. (Risk Match: 1.00, Perf Need: 0.50, Diff Fit: 0.50, Time Fit: 1.00, Prereq Fit: 1.00, Effect: 0.70)"
0,3,interactive_quiz,LMS Interactive Quizzing,0.7083,"Đề xuất 'LMS Interactive Quizzing' được lựa chọn vì nó hỗ trợ khắc phục tình trạng thời gian tự học chưa đủ, đáp ứng nhu cầu cải thiện kết quả học tập hiện tại, phù hợp với thời gian học tập hàng tuần của bạn. (Risk Match: 0.66, Perf Need: 0.50, Diff Fit: 0.50, Time Fit: 1.00, Prereq Fit: 1.00, Effect: 0.85)"
0,4,lms_onboarding,LMS Navigation Tutorial,0.7033,"Đề xuất 'LMS Navigation Tutorial' được lựa chọn vì nó hỗ trợ khắc phục tình trạng thời gian tự học chưa đủ, đáp ứng nhu cầu cải thiện kết quả học tập hiện tại, phù hợp với thời gian học tập hàng tuần của bạn. (Risk Match: 0.66, Perf Need: 0.50, Diff Fit: 0.50, Time Fit: 1.00, Prereq Fit: 1.00, Effect: 0.80)"
0,5,parent_sync,Parent-Teacher Engagement Sync,0.6983,"Đề xuất 'Parent-Teacher Engagement Sync' được lựa chọn vì nó hỗ trợ khắc phục tình trạng thời gian tự học chưa đủ, đáp ứng nhu cầu cải thiện kết quả học tập hiện tại, phù hợp với thời gian học tập hàng tuần của bạn. (Risk Match: 0.66, Perf Need: 0.50, Diff Fit: 0.50, Time Fit: 1.00, Prereq Fit: 1.00, Effect: 0.75)"
1,1,advanced_seminar,Advanced Subject Seminar,0.8931,"Đề xuất 'Advanced Subject Seminar' được lựa chọn vì nó hỗ trợ khắc phục tình trạng xu hướng điểm số đang giảm, đáp ứng nhu cầu cải thiện kết quả học tập hiện tại, vừa sức với năng lực hiện tại của bạn, phù hợp với thời gian học tập hàng tuần của bạn. (Risk Match: 1.00, Perf Need: 0.67, Diff Fit: 1.00, Time Fit: 1.00, Prereq Fit: 1.00, Effect: 0.60)"
1,2,extra_exercises,Targeted Practice Exercises,0.7482,"Đề xuất 'Targeted Practice Exercises' được lựa chọn vì nó hỗ trợ khắc phục tình trạng xu hướng điểm số đang giảm, phù hợp với thời gian học tập hàng tuần của bạn. (Risk Match: 1.00, Perf Need: 0.17, Diff Fit: 0.50, Time Fit: 1.00, Prereq Fit: 1.00, Effect: 0.90)"
1,3,study_group,Facilitated Study Group,0.7107,"Đề xuất 'Facilitated Study Group' được lựa chọn vì nó hỗ trợ khắc phục tình trạng xu hướng điểm số đang giảm, phù hợp với thời gian học tập hàng tuần của bạn. (Risk Match: 0.92, Perf Need: 0.17, Diff Fit: 0.50, Time Fit: 1.00, Prereq Fit: 1.00, Effect: 0.75)"
1,4,academic_coaching,Biweekly Academic Coaching,0.6797,"Đề xuất 'Biweekly Academic Coaching' được lựa chọn vì nó hỗ trợ khắc phục tình trạng xu hướng điểm số đang giảm, phù hợp với thời gian học tập hàng tuần của bạn. (Risk Match: 1.00, Perf Need: 0.30, Diff Fit: 0.00, Time Fit: 1.00, Prereq Fit: 1.00, Effect: 0.70)"
1,5,interactive_quiz,LMS Interactive Quizzing,0.6722,"Đề xuất 'LMS Interactive Quizzing' được lựa chọn vì nó hỗ trợ khắc phục tình trạng xu hướng điểm số đang giảm, phù hợp với thời gian học tập hàng tuần của bạn. (Risk Match: 0.92, Perf Need: 0.30, Diff Fit: 0.00, Time Fit: 1.00, Prereq Fit: 1.00, Effect: 0.85)"
2,1,study_group,Facilitated Study Group,0.7022,"Đề xuất 'Facilitated Study Group' được lựa chọn vì nó hỗ trợ khắc phục tình trạng mức độ tương tác lớp học thấp, đáp ứng nhu cầu cải thiện kết quả học tập hiện tại, vừa sức với năng lực hiện tại của bạn, phù hợp với thời gian học tập hàng tuần của bạn. (Risk Match: 0.40, Perf Need: 0.54, Diff Fit: 1.00, Time Fit: 1.00, Prereq Fit: 1.00, Effect: 0.75)"
2,2,interactive_quiz,LMS Interactive Quizzing,0.6342,"Đề xuất 'LMS Interactive Quizzing' được lựa chọn vì nó hỗ trợ khắc phục tình trạng mức độ tương tác lớp học thấp, đáp ứng nhu cầu cải thiện kết quả học tập hiện tại, phù hợp với thời gian học tập hàng tuần của bạn. (Risk Match: 0.40, Perf Need: 0.52, Diff Fit: 0.50, Time Fit: 1.00, Prereq Fit: 1.00, Effect: 0.85)"
2,3,lms_onboarding,LMS Navigation Tutorial,0.6292,"Đề xuất 'LMS Navigation Tutorial' được lựa chọn vì nó hỗ trợ khắc phục tình trạng mức độ tương tác lớp học thấp, đáp ứng nhu cầu cải thiện kết quả học tập hiện tại, phù hợp với thời gian học tập hàng tuần của bạn. (Risk Match: 0.40, Perf Need: 0.52, Diff Fit: 0.50, Time Fit: 1.00, Prereq Fit: 1.00, Effect: 0.80)"
2,4,parent_sync,Parent-Teacher Engagement Sync,0.6242,"Đề xuất 'Parent-Teacher Engagement Sync' được lựa chọn vì nó hỗ trợ khắc phục tình trạng mức độ tương tác lớp học thấp, đáp ứng nhu cầu cải thiện kết quả học tập hiện tại, phù hợp với thời gian học tập hàng tuần của bạn. (Risk Match: 0.40, Perf Need: 0.52, Diff Fit: 0.50, Time Fit: 1.00, Prereq Fit: 1.00, Effect: 0.75)"
3,1,interactive_quiz,LMS Interactive Quizzing,0.9265,"Đề xuất 'LMS Interactive Quizzing' được lựa chọn vì nó hỗ trợ khắc phục tình trạng học lực đầu vào chưa tốt, đáp ứng nhu cầu cải thiện kết quả học tập hiện tại, vừa sức với năng lực hiện tại của bạn, phù hợp với thời gian học tập hàng tuần của bạn. (Risk Match: 0.95, Perf Need: 0.78, Diff Fit: 1.00, Time Fit: 1.00, Prereq Fit: 1.00, Effect: 0.85)"
3,2,academic_coaching,Biweekly Academic Coaching,0.924,"Đề xuất 'Biweekly Academic Coaching' được lựa chọn vì nó hỗ trợ khắc phục tình trạng học lực đầu vào chưa tốt, đáp ứng nhu cầu cải thiện kết quả học tập hiện tại, vừa sức với năng lực hiện tại của bạn, phù hợp với thời gian học tập hàng tuần của bạn. (Risk Match: 1.00, Perf Need: 0.78, Diff Fit: 1.00, Time Fit: 1.00, Prereq Fit: 1.00, Effect: 0.70)"
3,3,lms_onboarding,LMS Navigation Tutorial,0.9215,"Đề xuất 'LMS Navigation Tutorial' được lựa chọn vì nó hỗ trợ khắc phục tình trạng học lực đầu vào chưa tốt, đáp ứng nhu cầu cải thiện kết quả học tập hiện tại, vừa sức với năng lực hiện tại của bạn, phù hợp với thời gian học tập hàng tuần của bạn. (Risk Match: 0.95, Perf Need: 0.78, Diff Fit: 1.00, Time Fit: 1.00, Prereq Fit: 1.00, Effect: 0.80)"
3,4,parent_sync,Parent-Teacher Engagement Sync,0.9165,"Đề xuất 'Parent-Teacher Engagement Sync' được lựa chọn vì nó hỗ trợ khắc phục tình trạng học lực đầu vào chưa tốt, đáp ứng nhu cầu cải thiện kết quả học tập hiện tại, vừa sức với năng lực hiện tại của bạn, phù hợp với thời gian học tập hàng tuần của bạn. (Risk Match: 0.95, Perf Need: 0.78, Diff Fit: 1.00, Time Fit: 1.00, Prereq Fit: 1.00, Effect: 0.75)"
3,5,peer_tutoring,Peer-Led Study Tutoring,0.8967,"Đề xuất 'Peer-Led Study Tutoring' được lựa chọn vì nó hỗ trợ khắc phục tình trạng học lực đầu vào chưa tốt, đáp ứng nhu cầu cải thiện kết quả học tập hiện tại, phù hợp với thời gian học tập hàng tuần của bạn. (Risk Match: 1.00, Perf Need: 0.96, Diff Fit: 0.50, Time Fit: 1.00, Prereq Fit: 1.00, Effect: 0.80)"
4,1,extra_exercises,Targeted Practice Exercises,0.9102,"Đề xuất 'Targeted Practice Exercises' được lựa chọn vì nó hỗ trợ khắc phục tình trạng xu hướng điểm số đang giảm, đáp ứng nhu cầu cải thiện kết quả học tập hiện tại, vừa sức với năng lực hiện tại của bạn, phù hợp với thời gian học tập hàng tuần của bạn. (Risk Match: 0.96, Perf Need: 0.66, Diff Fit: 1.00, Time Fit: 1.00, Prereq Fit: 1.00, Effect: 0.90)"
4,2,academic_coaching,Biweekly Academic Coaching,0.8024,"Đề xuất 'Biweekly Academic Coaching' được lựa chọn vì nó hỗ trợ khắc phục tình trạng xu hướng điểm số đang giảm, đáp ứng nhu cầu cải thiện kết quả học tập hiện tại, phù hợp với thời gian học tập hàng tuần của bạn. (Risk Match: 0.96, Perf Need: 0.60, Diff Fit: 0.50, Time Fit: 1.00, Prereq Fit: 1.00, Effect: 0.70)"
4,3,study_group,Facilitated Study Group,0.7001,"Đề xuất 'Facilitated Study Group' được lựa chọn vì nó hỗ trợ khắc phục tình trạng xu hướng điểm số đang giảm, đáp ứng nhu cầu cải thiện kết quả học tập hiện tại, vừa sức với năng lực hiện tại của bạn, phù hợp với thời gian học tập hàng tuần của bạn. (Risk Match: 0.31, Perf Need: 0.66, Diff Fit: 1.00, Time Fit: 1.00, Prereq Fit: 1.00, Effect: 0.75)"
4,4,interactive_quiz,LMS Interactive Quizzing,0.6222,"Đề xuất 'LMS Interactive Quizzing' được lựa chọn vì nó hỗ trợ khắc phục tình trạng xu hướng điểm số đang giảm, đáp ứng nhu cầu cải thiện kết quả học tập hiện tại, phù hợp với thời gian học tập hàng tuần của bạn. (Risk Match: 0.31, Perf Need: 0.60, Diff Fit: 0.50, Time Fit: 1.00, Prereq Fit: 1.00, Effect: 0.85)"
4,5,lms_onboarding,LMS Navigation Tutorial,0.6172,"Đề xuất 'LMS Navigation Tutorial' được lựa chọn vì nó hỗ trợ khắc phục tình trạng xu hướng điểm số đang giảm, đáp ứng nhu cầu cải thiện kết quả học tập hiện tại, phù hợp với thời gian học tập hàng tuần của bạn. (Risk Match: 0.31, Perf Need: 0.60, Diff Fit: 0.50, Time Fit: 1.00, Prereq Fit: 1.00, Effect: 0.80)"
5,1,advanced_seminar,Advanced Subject Seminar,0.9435,"Đề xuất 'Advanced Subject Seminar' được lựa chọn vì nó hỗ trợ khắc phục tình trạng rủi ro nghỉ học nhiều, đáp ứng nhu cầu cải thiện kết quả học tập hiện tại, vừa sức với năng lực hiện tại của bạn, phù hợp với thời gian học tập hàng tuần của bạn. (Risk Match: 1.00, Perf Need: 0.92, Diff Fit: 1.00, Time Fit: 1.00, Prereq Fit: 1.00, Effect: 0.60)"
5,2,attendance_monitoring,Daily Attendance Monitoring,0.6541,"Đề xuất 'Daily Attendance Monitoring' được lựa chọn vì nó hỗ trợ khắc phục tình trạng rủi ro nghỉ học nhiều, phù hợp với thời gian học tập hàng tuần của bạn. (Risk Match: 0.90, Perf Need: 0.22, Diff Fit: 0.00, Time Fit: 1.00, Prereq Fit: 1.00, Effect: 0.90)"
5,3,counselor_meeting,Academic Counselor Consultation,0.6491,"Đề xuất 'Academic Counselor Consultation' được lựa chọn vì nó hỗ trợ khắc phục tình trạng rủi ro nghỉ học nhiều, phù hợp với thời gian học tập hàng tuần của bạn. (Risk Match: 0.90, Perf Need: 0.22, Diff Fit: 0.00, Time Fit: 1.00, Prereq Fit: 1.00, Effect: 0.85)"
6,1,peer_tutoring,Peer-Led Study Tutoring,0.9009,"Đề xuất 'Peer-Led Study Tutoring' được lựa chọn vì nó hỗ trợ khắc phục tình trạng học lực đầu vào chưa tốt, đáp ứng nhu cầu cải thiện kết quả học tập hiện tại, phù hợp với thời gian học tập hàng tuần của bạn. (Risk Match: 1.00, Perf Need: 0.98, Diff Fit: 0.50, Time Fit: 1.00, Prereq Fit: 1.00, Effect: 0.80)"
6,2,interactive_quiz,LMS Interactive Quizzing,0.8645,"Đề xuất 'LMS Interactive Quizzing' được lựa chọn vì nó hỗ trợ khắc phục tình trạng học lực đầu vào chưa tốt, đáp ứng nhu cầu cải thiện kết quả học tập hiện tại, vừa sức với năng lực hiện tại của bạn, phù hợp với thời gian học tập hàng tuần của bạn. (Risk Match: 0.74, Perf Need: 0.79, Diff Fit: 1.00, Time Fit: 1.00, Prereq Fit: 1.00, Effect: 0.85)"
6,3,lms_onboarding,LMS Navigation Tutorial,0.8595,"Đề xuất 'LMS Navigation Tutorial' được lựa chọn vì nó hỗ trợ khắc phục tình trạng học lực đầu vào chưa tốt, đáp ứng nhu cầu cải thiện kết quả học tập hiện tại, vừa sức với năng lực hiện tại của bạn, phù hợp với thời gian học tập hàng tuần của bạn. (Risk Match: 0.74, Perf Need: 0.79, Diff Fit: 1.00, Time Fit: 1.00, Prereq Fit: 1.00, Effect: 0.80)"
6,4,parent_sync,Parent-Teacher Engagement Sync,0.8545,"Đề xuất 'Parent-Teacher Engagement Sync' được lựa chọn vì nó hỗ trợ khắc phục tình trạng học lực đầu vào chưa tốt, đáp ứng nhu cầu cải thiện kết quả học tập hiện tại, vừa sức với năng lực hiện tại của bạn, phù hợp với thời gian học tập hàng tuần của bạn. (Risk Match: 0.74, Perf Need: 0.79, Diff Fit: 1.00, Time Fit: 1.00, Prereq Fit: 1.00, Effect: 0.75)"
6,5,study_group,Facilitated Study Group,0.8178,"Đề xuất 'Facilitated Study Group' được lựa chọn vì nó hỗ trợ khắc phục tình trạng học lực đầu vào chưa tốt, đáp ứng nhu cầu cải thiện kết quả học tập hiện tại, phù hợp với thời gian học tập hàng tuần của bạn. (Risk Match: 0.74, Perf Need: 0.98, Diff Fit: 0.50, Time Fit: 1.00, Prereq Fit: 1.00, Effect: 0.75)"
7,1,study_group,Facilitated Study Group,0.8428,"Đề xuất 'Facilitated Study Group' được lựa chọn vì nó hỗ trợ khắc phục tình trạng thời gian tự học chưa đủ, vừa sức với năng lực hiện tại của bạn, phù hợp với thời gian học tập hàng tuần của bạn. (Risk Match: 1.00, Perf Need: 0.49, Diff Fit: 1.00, Time Fit: 0.80, Prereq Fit: 1.00, Effect: 0.75)"
7,2,attendance_monitoring,Daily Attendance Monitoring,0.8072,"Đề xuất 'Daily Attendance Monitoring' được lựa chọn vì nó hỗ trợ khắc phục tình trạng thời gian tự học chưa đủ, phù hợp với thời gian học tập hàng tuần của bạn. (Risk Match: 0.98, Perf Need: 0.49, Diff Fit: 0.50, Time Fit: 1.00, Prereq Fit: 1.00, Effect: 0.90)"
7,3,counselor_meeting,Academic Counselor Consultation,0.8022,"Đề xuất 'Academic Counselor Consultation' được lựa chọn vì nó hỗ trợ khắc phục tình trạng thời gian tự học chưa đủ, phù hợp với thời gian học tập hàng tuần của bạn. (Risk Match: 0.98, Perf Need: 0.49, Diff Fit: 0.50, Time Fit: 1.00, Prereq Fit: 1.00, Effect: 0.85)"
7,4,time_planning,Time Management Workshop,0.7937,"Đề xuất 'Time Management Workshop' được lựa chọn vì nó hỗ trợ khắc phục tình trạng thời gian tự học chưa đủ, phù hợp với thời gian học tập hàng tuần của bạn. (Risk Match: 1.00, Perf Need: 0.49, Diff Fit: 0.50, Time Fit: 1.00, Prereq Fit: 1.00, Effect: 0.70)"
7,5,lms_onboarding,LMS Navigation Tutorial,0.7775,"Đề xuất 'LMS Navigation Tutorial' được lựa chọn vì nó hỗ trợ khắc phục tình trạng thời gian tự học chưa đủ, phù hợp với thời gian học tập hàng tuần của bạn. (Risk Match: 0.91, Perf Need: 0.49, Diff Fit: 0.50, Time Fit: 1.00, Prereq Fit: 1.00, Effect: 0.80)"
8,1,extra_exercises,Targeted Practice Exercises,0.9007,"Đề xuất 'Targeted Practice Exercises' được lựa chọn vì nó hỗ trợ khắc phục tình trạng xu hướng điểm số đang giảm, đáp ứng nhu cầu cải thiện kết quả học tập hiện tại, vừa sức với năng lực hiện tại của bạn, phù hợp với thời gian học tập hàng tuần của bạn. (Risk Match: 1.00, Perf Need: 0.55, Diff Fit: 1.00, Time Fit: 1.00, Prereq Fit: 1.00, Effect: 0.90)"
8,2,academic_coaching,Biweekly Academic Coaching,0.8014,"Đề xuất 'Biweekly Academic Coaching' được lựa chọn vì nó hỗ trợ khắc phục tình trạng xu hướng điểm số đang giảm, đáp ứng nhu cầu cải thiện kết quả học tập hiện tại, phù hợp với thời gian học tập hàng tuần của bạn. (Risk Match: 1.00, Perf Need: 0.53, Diff Fit: 0.50, Time Fit: 1.00, Prereq Fit: 1.00, Effect: 0.70)"
8,3,study_group,Facilitated Study Group,0.7417,"Đề xuất 'Facilitated Study Group' được lựa chọn vì nó hỗ trợ khắc phục tình trạng xu hướng điểm số đang giảm, đáp ứng nhu cầu cải thiện kết quả học tập hiện tại, vừa sức với năng lực hiện tại của bạn, phù hợp với thời gian học tập hàng tuần của bạn. (Risk Match: 0.52, Perf Need: 0.55, Diff Fit: 1.00, Time Fit: 1.00, Prereq Fit: 1.00, Effect: 0.75)"
8,4,interactive_quiz,LMS Interactive Quizzing,0.6724,"Đề xuất 'LMS Interactive Quizzing' được lựa chọn vì nó hỗ trợ khắc phục tình trạng xu hướng điểm số đang giảm, đáp ứng nhu cầu cải thiện kết quả học tập hiện tại, phù hợp với thời gian học tập hàng tuần của bạn. (Risk Match: 0.52, Perf Need: 0.53, Diff Fit: 0.50, Time Fit: 1.00, Prereq Fit: 1.00, Effect: 0.85)"
8,5,lms_onboarding,LMS Navigation Tutorial,0.6674,"Đề xuất 'LMS Navigation Tutorial' được lựa chọn vì nó hỗ trợ khắc phục tình trạng xu hướng điểm số đang giảm, đáp ứng nhu cầu cải thiện kết quả học tập hiện tại, phù hợp với thời gian học tập hàng tuần của bạn. (Risk Match: 0.52, Perf Need: 0.53, Diff Fit: 0.50, Time Fit: 1.00, Prereq Fit: 1.00, Effect: 0.80)"
9,1,attendance_monitoring,Daily Attendance Monitoring,0.769,"Đề xuất 'Daily Attendance Monitoring' được lựa chọn vì nó hỗ trợ khắc phục tình trạng rủi ro nghỉ học nhiều, đáp ứng nhu cầu cải thiện kết quả học tập hiện tại, phù hợp với thời gian học tập hàng tuần của bạn. (Risk Match: 0.81, Perf Need: 0.56, Diff Fit: 0.50, Time Fit: 1.00, Prereq Fit: 1.00, Effect: 0.90)"
9,2,counselor_meeting,Academic Counselor Consultation,0.764,"Đề xuất 'Academic Counselor Consultation' được lựa chọn vì nó hỗ trợ khắc phục tình trạng rủi ro nghỉ học nhiều, đáp ứng nhu cầu cải thiện kết quả học tập hiện tại, phù hợp với thời gian học tập hàng tuần của bạn. (Risk Match: 0.81, Perf Need: 0.56, Diff Fit: 0.50, Time Fit: 1.00, Prereq Fit: 1.00, Effect: 0.85)"
9,3,study_group,Facilitated Study Group,0.689,"Đề xuất 'Facilitated Study Group' được lựa chọn vì nó hỗ trợ khắc phục tình trạng rủi ro nghỉ học nhiều, đáp ứng nhu cầu cải thiện kết quả học tập hiện tại, vừa sức với năng lực hiện tại của bạn, phù hợp với thời gian học tập hàng tuần của bạn. (Risk Match: 0.31, Perf Need: 0.60, Diff Fit: 1.00, Time Fit: 1.00, Prereq Fit: 1.00, Effect: 0.75)"
9,4,interactive_quiz,LMS Interactive Quizzing,0.6157,"Đề xuất 'LMS Interactive Quizzing' được lựa chọn vì nó hỗ trợ khắc phục tình trạng rủi ro nghỉ học nhiều, đáp ứng nhu cầu cải thiện kết quả học tập hiện tại, phù hợp với thời gian học tập hàng tuần của bạn. (Risk Match: 0.31, Perf Need: 0.56, Diff Fit: 0.50, Time Fit: 1.00, Prereq Fit: 1.00, Effect: 0.85)"
9,5,lms_onboarding,LMS Navigation Tutorial,0.6107,"Đề xuất 'LMS Navigation Tutorial' được lựa chọn vì nó hỗ trợ khắc phục tình trạng rủi ro nghỉ học nhiều, đáp ứng nhu cầu cải thiện kết quả học tập hiện tại, phù hợp với thời gian học tập hàng tuần của bạn. (Risk Match: 0.31, Perf Need: 0.56, Diff Fit: 0.50, Time Fit: 1.00, Prereq Fit: 1.00, Effect: 0.80)"
10,1,advanced_seminar,Advanced Subject Seminar,0.896,"Đề xuất 'Advanced Subject Seminar' được lựa chọn vì nó hỗ trợ khắc phục tình trạng thời gian tự học chưa đủ, đáp ứng nhu cầu cải thiện kết quả học tập hiện tại, vừa sức với năng lực hiện tại của bạn. (Risk Match: 1.00, Perf Need: 0.98, Diff Fit: 1.00, Time Fit: 0.60, Prereq Fit: 1.00, Effect: 0.60)"
10,2,study_group,Facilitated Study Group,0.672,"Đề xuất 'Facilitated Study Group' được lựa chọn vì nó hỗ trợ khắc phục tình trạng thời gian tự học chưa đủ, phù hợp với thời gian học tập hàng tuần của bạn. (Risk Match: 1.00, Perf Need: 0.01, Diff Fit: 0.50, Time Fit: 0.80, Prereq Fit: 1.00, Effect: 0.75)"
10,3,lms_onboarding,LMS Navigation Tutorial,0.6702,"Đề xuất 'LMS Navigation Tutorial' được lựa chọn vì nó hỗ trợ khắc phục tình trạng thời gian tự học chưa đủ, phù hợp với thời gian học tập hàng tuần của bạn. (Risk Match: 1.00, Perf Need: 0.21, Diff Fit: 0.00, Time Fit: 1.00, Prereq Fit: 1.00, Effect: 0.80)"
10,4,parent_sync,Parent-Teacher Engagement Sync,0.6652,"Đề xuất 'Parent-Teacher Engagement Sync' được lựa chọn vì nó hỗ trợ khắc phục tình trạng thời gian tự học chưa đủ, phù hợp với thời gian học tập hàng tuần của bạn. (Risk Match: 1.00, Perf Need: 0.21, Diff Fit: 0.00, Time Fit: 1.00, Prereq Fit: 1.00, Effect: 0.75)"
10,5,time_planning,Time Management Workshop,0.6612,"Đề xuất 'Time Management Workshop' được lựa chọn vì nó hỗ trợ khắc phục tình trạng thời gian tự học chưa đủ, phù hợp với thời gian học tập hàng tuần của bạn. (Risk Match: 1.00, Perf Need: 0.21, Diff Fit: 0.00, Time Fit: 1.00, Prereq Fit: 1.00, Effect: 0.70)"
11,1,study_group,Facilitated Study Group,0.7372,"Đề xuất 'Facilitated Study Group' được lựa chọn vì nó hỗ trợ khắc phục tình trạng mức độ tương tác lớp học thấp, đáp ứng nhu cầu cải thiện kết quả học tập hiện tại, vừa sức với năng lực hiện tại của bạn, phù hợp với thời gian học tập hàng tuần của bạn. (Risk Match: 0.50, Perf Need: 0.56, Diff Fit: 1.00, Time Fit: 1.00, Prereq Fit: 1.00, Effect: 0.75)"
11,2,interactive_quiz,LMS Interactive Quizzing,0.667,"Đề xuất 'LMS Interactive Quizzing' được lựa chọn vì nó hỗ trợ khắc phục tình trạng mức độ tương tác lớp học thấp, đáp ứng nhu cầu cải thiện kết quả học tập hiện tại, phù hợp với thời gian học tập hàng tuần của bạn. (Risk Match: 0.50, Perf Need: 0.54, Diff Fit: 0.50, Time Fit: 1.00, Prereq Fit: 1.00, Effect: 0.85)"
11,3,lms_onboarding,LMS Navigation Tutorial,0.662,"Đề xuất 'LMS Navigation Tutorial' được lựa chọn vì nó hỗ trợ khắc phục tình trạng mức độ tương tác lớp học thấp, đáp ứng nhu cầu cải thiện kết quả học tập hiện tại, phù hợp với thời gian học tập hàng tuần của bạn. (Risk Match: 0.50, Perf Need: 0.54, Diff Fit: 0.50, Time Fit: 1.00, Prereq Fit: 1.00, Effect: 0.80)"
11,4,parent_sync,Parent-Teacher Engagement Sync,0.657,"Đề xuất 'Parent-Teacher Engagement Sync' được lựa chọn vì nó hỗ trợ khắc phục tình trạng mức độ tương tác lớp học thấp, đáp ứng nhu cầu cải thiện kết quả học tập hiện tại, phù hợp với thời gian học tập hàng tuần của bạn. (Risk Match: 0.50, Perf Need: 0.54, Diff Fit: 0.50, Time Fit: 1.00, Prereq Fit: 1.00, Effect: 0.75)"
12,1,study_group,Facilitated Study Group,0.8439,"Đề xuất 'Facilitated Study Group' được lựa chọn vì nó hỗ trợ khắc phục tình trạng xu hướng điểm số đang giảm, vừa sức với năng lực hiện tại của bạn, phù hợp với thời gian học tập hàng tuần của bạn. (Risk Match: 1.00, Perf Need: 0.46, Diff Fit: 1.00, Time Fit: 0.84, Prereq Fit: 1.00, Effect: 0.75)"
12,2,extra_exercises,Targeted Practice Exercises,0.829,"Đề xuất 'Targeted Practice Exercises' được lựa chọn vì nó hỗ trợ khắc phục tình trạng xu hướng điểm số đang giảm, vừa sức với năng lực hiện tại của bạn. (Risk Match: 1.00, Perf Need: 0.46, Diff Fit: 1.00, Time Fit: 0.64, Prereq Fit: 1.00, Effect: 0.90)"
12,3,time_planning,Time Management Workshop,0.7907,"Đề xuất 'Time Management Workshop' được lựa chọn vì nó hỗ trợ khắc phục tình trạng xu hướng điểm số đang giảm, phù hợp với thời gian học tập hàng tuần của bạn. (Risk Match: 1.00, Perf Need: 0.48, Diff Fit: 0.50, Time Fit: 1.00, Prereq Fit: 1.00, Effect: 0.70)"
12,4,academic_coaching,Biweekly Academic Coaching,0.7818,"Đề xuất 'Biweekly Academic Coaching' được lựa chọn vì nó hỗ trợ khắc phục tình trạng xu hướng điểm số đang giảm, phù hợp với thời gian học tập hàng tuần của bạn. (Risk Match: 1.00, Perf Need: 0.48, Diff Fit: 0.50, Time Fit: 0.94, Prereq Fit: 1.00, Effect: 0.70)"
12,5,lms_onboarding,LMS Navigation Tutorial,0.6897,"Đề xuất 'LMS Navigation Tutorial' được lựa chọn vì nó hỗ trợ khắc phục tình trạng xu hướng điểm số đang giảm, phù hợp với thời gian học tập hàng tuần của bạn. (Risk Match: 0.63, Perf Need: 0.48, Diff Fit: 0.50, Time Fit: 1.00, Prereq Fit: 1.00, Effect: 0.80)"
13,1,peer_tutoring,Peer-Led Study Tutoring,0.8551,"Đề xuất 'Peer-Led Study Tutoring' được lựa chọn vì nó hỗ trợ khắc phục tình trạng học lực đầu vào chưa tốt, đáp ứng nhu cầu cải thiện kết quả học tập hiện tại, phù hợp với thời gian học tập hàng tuần của bạn. (Risk Match: 1.00, Perf Need: 0.75, Diff Fit: 0.50, Time Fit: 1.00, Prereq Fit: 1.00, Effect: 0.80)"
13,2,extra_exercises,Targeted Practice Exercises,0.7651,"Đề xuất 'Targeted Practice Exercises' được lựa chọn vì nó hỗ trợ khắc phục tình trạng học lực đầu vào chưa tốt, đáp ứng nhu cầu cải thiện kết quả học tập hiện tại, phù hợp với thời gian học tập hàng tuần của bạn. (Risk Match: 1.00, Perf Need: 0.75, Diff Fit: 0.50, Time Fit: 1.00, Prereq Fit: 0.00, Effect: 0.90)"
13,3,remedial_class,Remedial Topic Bootcamps,0.6951,"Đề xuất 'Remedial Topic Bootcamps' được lựa chọn vì nó hỗ trợ khắc phục tình trạng học lực đầu vào chưa tốt, đáp ứng nhu cầu cải thiện kết quả học tập hiện tại, phù hợp với thời gian học tập hàng tuần của bạn. (Risk Match: 1.00, Perf Need: 0.75, Diff Fit: 0.00, Time Fit: 1.00, Prereq Fit: 0.00, Effect: 0.95)"
14,1,interactive_quiz,LMS Interactive Quizzing,0.9423,"Đề xuất 'LMS Interactive Quizzing' được lựa chọn vì nó hỗ trợ khắc phục tình trạng học lực đầu vào chưa tốt, đáp ứng nhu cầu cải thiện kết quả học tập hiện tại, vừa sức với năng lực hiện tại của bạn, phù hợp với thời gian học tập hàng tuần của bạn. (Risk Match: 0.99, Perf Need: 0.80, Diff Fit: 1.00, Time Fit: 1.00, Prereq Fit: 1.00, Effect: 0.85)"
14,2,lms_onboarding,LMS Navigation Tutorial,0.9373,"Đề xuất 'LMS Navigation Tutorial' được lựa chọn vì nó hỗ trợ khắc phục tình trạng học lực đầu vào chưa tốt, đáp ứng nhu cầu cải thiện kết quả học tập hiện tại, vừa sức với năng lực hiện tại của bạn, phù hợp với thời gian học tập hàng tuần của bạn. (Risk Match: 0.99, Perf Need: 0.80, Diff Fit: 1.00, Time Fit: 1.00, Prereq Fit: 1.00, Effect: 0.80)"
14,3,parent_sync,Parent-Teacher Engagement Sync,0.9323,"Đề xuất 'Parent-Teacher Engagement Sync' được lựa chọn vì nó hỗ trợ khắc phục tình trạng học lực đầu vào chưa tốt, đáp ứng nhu cầu cải thiện kết quả học tập hiện tại, vừa sức với năng lực hiện tại của bạn, phù hợp với thời gian học tập hàng tuần của bạn. (Risk Match: 0.99, Perf Need: 0.80, Diff Fit: 1.00, Time Fit: 1.00, Prereq Fit: 1.00, Effect: 0.75)"
14,4,time_planning,Time Management Workshop,0.929,"Đề xuất 'Time Management Workshop' được lựa chọn vì nó hỗ trợ khắc phục tình trạng học lực đầu vào chưa tốt, đáp ứng nhu cầu cải thiện kết quả học tập hiện tại, vừa sức với năng lực hiện tại của bạn, phù hợp với thời gian học tập hàng tuần của bạn. (Risk Match: 1.00, Perf Need: 0.80, Diff Fit: 1.00, Time Fit: 1.00, Prereq Fit: 1.00, Effect: 0.70)"
14,5,academic_coaching,Biweekly Academic Coaching,0.9288,"Đề xuất 'Biweekly Academic Coaching' được lựa chọn vì nó hỗ trợ khắc phục tình trạng học lực đầu vào chưa tốt, đáp ứng nhu cầu cải thiện kết quả học tập hiện tại, vừa sức với năng lực hiện tại của bạn, phù hợp với thời gian học tập hàng tuần của bạn. (Risk Match: 1.00, Perf Need: 0.80, Diff Fit: 1.00, Time Fit: 1.00, Prereq Fit: 1.00, Effect: 0.70)"
15,1,advanced_seminar,Advanced Subject Seminar,0.8959,"Đề xuất 'Advanced Subject Seminar' được lựa chọn vì nó hỗ trợ khắc phục tình trạng thời gian tự học chưa đủ, đáp ứng nhu cầu cải thiện kết quả học tập hiện tại, vừa sức với năng lực hiện tại của bạn. (Risk Match: 1.00, Perf Need: 0.98, Diff Fit: 1.00, Time Fit: 0.60, Prereq Fit: 1.00, Effect: 0.60)"
15,2,study_group,Facilitated Study Group,0.672,"Đề xuất 'Facilitated Study Group' được lựa chọn vì nó hỗ trợ khắc phục tình trạng thời gian tự học chưa đủ, phù hợp với thời gian học tập hàng tuần của bạn. (Risk Match: 1.00, Perf Need: 0.01, Diff Fit: 0.50, Time Fit: 0.80, Prereq Fit: 1.00, Effect: 0.75)"
15,3,time_planning,Time Management Workshop,0.6612,"Đề xuất 'Time Management Workshop' được lựa chọn vì nó hỗ trợ khắc phục tình trạng thời gian tự học chưa đủ, phù hợp với thời gian học tập hàng tuần của bạn. (Risk Match: 1.00, Perf Need: 0.21, Diff Fit: 0.00, Time Fit: 1.00, Prereq Fit: 1.00, Effect: 0.70)"
15,4,lms_onboarding,LMS Navigation Tutorial,0.6498,"Đề xuất 'LMS Navigation Tutorial' được lựa chọn vì nó hỗ trợ khắc phục tình trạng thời gian tự học chưa đủ, phù hợp với thời gian học tập hàng tuần của bạn. (Risk Match: 0.93, Perf Need: 0.21, Diff Fit: 0.00, Time Fit: 1.00, Prereq Fit: 1.00, Effect: 0.80)"
15,5,parent_sync,Parent-Teacher Engagement Sync,0.6448,"Đề xuất 'Parent-Teacher Engagement Sync' được lựa chọn vì nó hỗ trợ khắc phục tình trạng thời gian tự học chưa đủ, phù hợp với thời gian học tập hàng tuần của bạn. (Risk Match: 0.93, Perf Need: 0.21, Diff Fit: 0.00, Time Fit: 1.00, Prereq Fit: 1.00, Effect: 0.75)"
16,1,advanced_seminar,Advanced Subject Seminar,0.9348,"Đề xuất 'Advanced Subject Seminar' được lựa chọn vì nó hỗ trợ khắc phục tình trạng xu hướng điểm số đang giảm, đáp ứng nhu cầu cải thiện kết quả học tập hiện tại, vừa sức với năng lực hiện tại của bạn, phù hợp với thời gian học tập hàng tuần của bạn. (Risk Match: 1.00, Perf Need: 0.87, Diff Fit: 1.00, Time Fit: 1.00, Prereq Fit: 1.00, Effect: 0.60)"
16,2,extra_exercises,Targeted Practice Exercises,0.7254,"Đề xuất 'Targeted Practice Exercises' được lựa chọn vì nó hỗ trợ khắc phục tình trạng xu hướng điểm số đang giảm, phù hợp với thời gian học tập hàng tuần của bạn. (Risk Match: 0.99, Perf Need: 0.06, Diff Fit: 0.50, Time Fit: 1.00, Prereq Fit: 1.00, Effect: 0.90)"
16,3,academic_coaching,Biweekly Academic Coaching,0.6654,"Đề xuất 'Biweekly Academic Coaching' được lựa chọn vì nó hỗ trợ khắc phục tình trạng xu hướng điểm số đang giảm, phù hợp với thời gian học tập hàng tuần của bạn. (Risk Match: 0.99, Perf Need: 0.24, Diff Fit: 0.00, Time Fit: 1.00, Prereq Fit: 1.00, Effect: 0.70)"
16,4,study_group,Facilitated Study Group,0.5897,"Đề xuất 'Facilitated Study Group' được lựa chọn vì nó hỗ trợ khắc phục tình trạng xu hướng điểm số đang giảm, phù hợp với thời gian học tập hàng tuần của bạn. (Risk Match: 0.59, Perf Need: 0.06, Diff Fit: 0.50, Time Fit: 1.00, Prereq Fit: 1.00, Effect: 0.75)"
16,5,interactive_quiz,LMS Interactive Quizzing,0.5596,"Đề xuất 'LMS Interactive Quizzing' được lựa chọn vì nó hỗ trợ khắc phục tình trạng xu hướng điểm số đang giảm, phù hợp với thời gian học tập hàng tuần của bạn. (Risk Match: 0.59, Perf Need: 0.24, Diff Fit: 0.00, Time Fit: 1.00, Prereq Fit: 1.00, Effect: 0.85)"
17,1,academic_coaching,Biweekly Academic Coaching,0.9288,"Đề xuất 'Biweekly Academic Coaching' được lựa chọn vì nó hỗ trợ khắc phục tình trạng xu hướng điểm số đang giảm, đáp ứng nhu cầu cải thiện kết quả học tập hiện tại, vừa sức với năng lực hiện tại của bạn, phù hợp với thời gian học tập hàng tuần của bạn. (Risk Match: 1.00, Perf Need: 0.79, Diff Fit: 1.00, Time Fit: 1.00, Prereq Fit: 1.00, Effect: 0.70)"
17,2,peer_tutoring,Peer-Led Study Tutoring,0.8132,"Đề xuất 'Peer-Led Study Tutoring' được lựa chọn vì nó hỗ trợ khắc phục tình trạng xu hướng điểm số đang giảm, đáp ứng nhu cầu cải thiện kết quả học tập hiện tại, phù hợp với thời gian học tập hàng tuần của bạn. (Risk Match: 0.70, Perf Need: 0.99, Diff Fit: 0.50, Time Fit: 1.00, Prereq Fit: 1.00, Effect: 0.80)"
17,3,extra_exercises,Targeted Practice Exercises,0.813,"Đề xuất 'Targeted Practice Exercises' được lựa chọn vì nó hỗ trợ khắc phục tình trạng xu hướng điểm số đang giảm, đáp ứng nhu cầu cải thiện kết quả học tập hiện tại, phù hợp với thời gian học tập hàng tuần của bạn. (Risk Match: 1.00, Perf Need: 0.99, Diff Fit: 0.50, Time Fit: 1.00, Prereq Fit: 0.00, Effect: 0.90)"
17,4,interactive_quiz,LMS Interactive Quizzing,0.8072,"Đề xuất 'LMS Interactive Quizzing' được lựa chọn vì nó hỗ trợ khắc phục tình trạng xu hướng điểm số đang giảm, đáp ứng nhu cầu cải thiện kết quả học tập hiện tại, vừa sức với năng lực hiện tại của bạn, phù hợp với thời gian học tập hàng tuần của bạn. (Risk Match: 0.54, Perf Need: 0.79, Diff Fit: 1.00, Time Fit: 1.00, Prereq Fit: 1.00, Effect: 0.85)"
17,5,lms_onboarding,LMS Navigation Tutorial,0.8022,"Đề xuất 'LMS Navigation Tutorial' được lựa chọn vì nó hỗ trợ khắc phục tình trạng xu hướng điểm số đang giảm, đáp ứng nhu cầu cải thiện kết quả học tập hiện tại, vừa sức với năng lực hiện tại của bạn, phù hợp với thời gian học tập hàng tuần của bạn. (Risk Match: 0.54, Perf Need: 0.79, Diff Fit: 1.00, Time Fit: 1.00, Prereq Fit: 1.00, Effect: 0.80)"
18,1,interactive_quiz,LMS Interactive Quizzing,0.9125,"Đề xuất 'LMS Interactive Quizzing' được lựa chọn vì nó hỗ trợ khắc phục tình trạng mức độ tương tác lớp học thấp, đáp ứng nhu cầu cải thiện kết quả học tập hiện tại, vừa sức với năng lực hiện tại của bạn, phù hợp với thời gian học tập hàng tuần của bạn. (Risk Match: 0.98, Perf Need: 0.67, Diff Fit: 1.00, Time Fit: 1.00, Prereq Fit: 1.00, Effect: 0.85)"
18,2,lms_onboarding,LMS Navigation Tutorial,0.9075,"Đề xuất 'LMS Navigation Tutorial' được lựa chọn vì nó hỗ trợ khắc phục tình trạng mức độ tương tác lớp học thấp, đáp ứng nhu cầu cải thiện kết quả học tập hiện tại, vừa sức với năng lực hiện tại của bạn, phù hợp với thời gian học tập hàng tuần của bạn. (Risk Match: 0.98, Perf Need: 0.67, Diff Fit: 1.00, Time Fit: 1.00, Prereq Fit: 1.00, Effect: 0.80)"
18,3,parent_sync,Parent-Teacher Engagement Sync,0.9025,"Đề xuất 'Parent-Teacher Engagement Sync' được lựa chọn vì nó hỗ trợ khắc phục tình trạng mức độ tương tác lớp học thấp, đáp ứng nhu cầu cải thiện kết quả học tập hiện tại, vừa sức với năng lực hiện tại của bạn, phù hợp với thời gian học tập hàng tuần của bạn. (Risk Match: 0.98, Perf Need: 0.67, Diff Fit: 1.00, Time Fit: 1.00, Prereq Fit: 1.00, Effect: 0.75)"
18,4,study_group,Facilitated Study Group,0.85,"Đề xuất 'Facilitated Study Group' được lựa chọn vì nó hỗ trợ khắc phục tình trạng mức độ tương tác lớp học thấp, đáp ứng nhu cầu cải thiện kết quả học tập hiện tại, phù hợp với thời gian học tập hàng tuần của bạn. (Risk Match: 0.98, Perf Need: 0.78, Diff Fit: 0.50, Time Fit: 1.00, Prereq Fit: 1.00, Effect: 0.75)"
18,5,peer_tutoring,Peer-Led Study Tutoring,0.7682,"Đề xuất 'Peer-Led Study Tutoring' được lựa chọn vì nó hỗ trợ khắc phục tình trạng mức độ tương tác lớp học thấp, đáp ứng nhu cầu cải thiện kết quả học tập hiện tại, phù hợp với thời gian học tập hàng tuần của bạn. (Risk Match: 0.69, Perf Need: 0.78, Diff Fit: 0.50, Time Fit: 1.00, Prereq Fit: 1.00, Effect: 0.80)"
19,1,peer_tutoring,Peer-Led Study Tutoring,0.8822,"Đề xuất 'Peer-Led Study Tutoring' được lựa chọn vì nó hỗ trợ khắc phục tình trạng học lực đầu vào chưa tốt, đáp ứng nhu cầu cải thiện kết quả học tập hiện tại, vừa sức với năng lực hiện tại của bạn, phù hợp với thời gian học tập hàng tuần của bạn. (Risk Match: 1.00, Perf Need: 0.67, Diff Fit: 1.00, Time Fit: 0.80, Prereq Fit: 1.00, Effect: 0.80)"
19,2,study_group,Facilitated Study Group,0.8765,"Đề xuất 'Facilitated Study Group' được lựa chọn vì nó hỗ trợ khắc phục tình trạng học lực đầu vào chưa tốt, đáp ứng nhu cầu cải thiện kết quả học tập hiện tại, vừa sức với năng lực hiện tại của bạn, phù hợp với thời gian học tập hàng tuần của bạn. (Risk Match: 0.99, Perf Need: 0.67, Diff Fit: 1.00, Time Fit: 0.80, Prereq Fit: 1.00, Effect: 0.75)"
19,3,extra_exercises,Targeted Practice Exercises,0.8622,"Đề xuất 'Targeted Practice Exercises' được lựa chọn vì nó hỗ trợ khắc phục tình trạng học lực đầu vào chưa tốt, đáp ứng nhu cầu cải thiện kết quả học tập hiện tại, vừa sức với năng lực hiện tại của bạn. (Risk Match: 1.00, Perf Need: 0.67, Diff Fit: 1.00, Time Fit: 0.60, Prereq Fit: 1.00, Effect: 0.90)"
19,4,attendance_monitoring,Daily Attendance Monitoring,0.8196,"Đề xuất 'Daily Attendance Monitoring' được lựa chọn vì nó hỗ trợ khắc phục tình trạng học lực đầu vào chưa tốt, đáp ứng nhu cầu cải thiện kết quả học tập hiện tại, phù hợp với thời gian học tập hàng tuần của bạn. (Risk Match: 0.95, Perf Need: 0.60, Diff Fit: 0.50, Time Fit: 1.00, Prereq Fit: 1.00, Effect: 0.90)"
19,5,counselor_meeting,Academic Counselor Consultation,0.8146,"Đề xuất 'Academic Counselor Consultation' được lựa chọn vì nó hỗ trợ khắc phục tình trạng học lực đầu vào chưa tốt, đáp ứng nhu cầu cải thiện kết quả học tập hiện tại, phù hợp với thời gian học tập hàng tuần của bạn. (Risk Match: 0.95, Perf Need: 0.60, Diff Fit: 0.50, Time Fit: 1.00, Prereq Fit: 1.00, Effect: 0.85)"
20,1,study_group,Facilitated Study Group,0.8633,"Đề xuất 'Facilitated Study Group' được lựa chọn vì nó hỗ trợ khắc phục tình trạng mức độ tương tác lớp học thấp, vừa sức với năng lực hiện tại của bạn, phù hợp với thời gian học tập hàng tuần của bạn. (Risk Match: 0.97, Perf Need: 0.48, Diff Fit: 1.00, Time Fit: 1.00, Prereq Fit: 1.00, Effect: 0.75)"
20,2,interactive_quiz,LMS Interactive Quizzing,0.8,"Đề xuất 'LMS Interactive Quizzing' được lựa chọn vì nó hỗ trợ khắc phục tình trạng mức độ tương tác lớp học thấp, phù hợp với thời gian học tập hàng tuần của bạn. (Risk Match: 0.97, Perf Need: 0.49, Diff Fit: 0.50, Time Fit: 1.00, Prereq Fit: 1.00, Effect: 0.85)"
20,3,lms_onboarding,LMS Navigation Tutorial,0.795,"Đề xuất 'LMS Navigation Tutorial' được lựa chọn vì nó hỗ trợ khắc phục tình trạng mức độ tương tác lớp học thấp, phù hợp với thời gian học tập hàng tuần của bạn. (Risk Match: 0.97, Perf Need: 0.49, Diff Fit: 0.50, Time Fit: 1.00, Prereq Fit: 1.00, Effect: 0.80)"
20,4,parent_sync,Parent-Teacher Engagement Sync,0.79,"Đề xuất 'Parent-Teacher Engagement Sync' được lựa chọn vì nó hỗ trợ khắc phục tình trạng mức độ tương tác lớp học thấp, phù hợp với thời gian học tập hàng tuần của bạn. (Risk Match: 0.97, Perf Need: 0.49, Diff Fit: 0.50, Time Fit: 1.00, Prereq Fit: 1.00, Effect: 0.75)"
21,1,attendance_monitoring,Daily Attendance Monitoring,0.9386,"Đề xuất 'Daily Attendance Monitoring' được lựa chọn vì nó hỗ trợ khắc phục tình trạng rủi ro nghỉ học nhiều, đáp ứng nhu cầu cải thiện kết quả học tập hiện tại, vừa sức với năng lực hiện tại của bạn, phù hợp với thời gian học tập hàng tuần của bạn. (Risk Match: 1.00, Perf Need: 0.74, Diff Fit: 1.00, Time Fit: 1.00, Prereq Fit: 1.00, Effect: 0.90)"
21,2,counselor_meeting,Academic Counselor Consultation,0.9336,"Đề xuất 'Academic Counselor Consultation' được lựa chọn vì nó hỗ trợ khắc phục tình trạng rủi ro nghỉ học nhiều, đáp ứng nhu cầu cải thiện kết quả học tập hiện tại, vừa sức với năng lực hiện tại của bạn, phù hợp với thời gian học tập hàng tuần của bạn. (Risk Match: 1.00, Perf Need: 0.74, Diff Fit: 1.00, Time Fit: 1.00, Prereq Fit: 1.00, Effect: 0.85)"
21,3,academic_coaching,Biweekly Academic Coaching,0.9041,"Đề xuất 'Biweekly Academic Coaching' được lựa chọn vì nó hỗ trợ khắc phục tình trạng rủi ro nghỉ học nhiều, đáp ứng nhu cầu cải thiện kết quả học tập hiện tại, vừa sức với năng lực hiện tại của bạn, phù hợp với thời gian học tập hàng tuần của bạn. (Risk Match: 0.95, Perf Need: 0.74, Diff Fit: 1.00, Time Fit: 1.00, Prereq Fit: 1.00, Effect: 0.70)"
21,4,peer_tutoring,Peer-Led Study Tutoring,0.8799,"Đề xuất 'Peer-Led Study Tutoring' được lựa chọn vì nó hỗ trợ khắc phục tình trạng rủi ro nghỉ học nhiều, đáp ứng nhu cầu cải thiện kết quả học tập hiện tại, phù hợp với thời gian học tập hàng tuần của bạn. (Risk Match: 1.00, Perf Need: 0.91, Diff Fit: 0.50, Time Fit: 0.96, Prereq Fit: 1.00, Effect: 0.80)"
21,5,interactive_quiz,LMS Interactive Quizzing,0.8715,"Đề xuất 'LMS Interactive Quizzing' được lựa chọn vì nó hỗ trợ khắc phục tình trạng rủi ro nghỉ học nhiều, đáp ứng nhu cầu cải thiện kết quả học tập hiện tại, vừa sức với năng lực hiện tại của bạn, phù hợp với thời gian học tập hàng tuần của bạn. (Risk Match: 0.79, Perf Need: 0.74, Diff Fit: 1.00, Time Fit: 1.00, Prereq Fit: 1.00, Effect: 0.85)"
22,1,time_planning,Time Management Workshop,0.9124,"Đề xuất 'Time Management Workshop' được lựa chọn vì nó hỗ trợ khắc phục tình trạng học lực đầu vào chưa tốt, đáp ứng nhu cầu cải thiện kết quả học tập hiện tại, vừa sức với năng lực hiện tại của bạn, phù hợp với thời gian học tập hàng tuần của bạn. (Risk Match: 1.00, Perf Need: 0.71, Diff Fit: 1.00, Time Fit: 1.00, Prereq Fit: 1.00, Effect: 0.70)"
22,2,interactive_quiz,LMS Interactive Quizzing,0.8915,"Đề xuất 'LMS Interactive Quizzing' được lựa chọn vì nó hỗ trợ khắc phục tình trạng học lực đầu vào chưa tốt, đáp ứng nhu cầu cải thiện kết quả học tập hiện tại, vừa sức với năng lực hiện tại của bạn, phù hợp với thời gian học tập hàng tuần của bạn. (Risk Match: 0.88, Perf Need: 0.71, Diff Fit: 1.00, Time Fit: 1.00, Prereq Fit: 1.00, Effect: 0.85)"
22,3,lms_onboarding,LMS Navigation Tutorial,0.8865,"Đề xuất 'LMS Navigation Tutorial' được lựa chọn vì nó hỗ trợ khắc phục tình trạng học lực đầu vào chưa tốt, đáp ứng nhu cầu cải thiện kết quả học tập hiện tại, vừa sức với năng lực hiện tại của bạn, phù hợp với thời gian học tập hàng tuần của bạn. (Risk Match: 0.88, Perf Need: 0.71, Diff Fit: 1.00, Time Fit: 1.00, Prereq Fit: 1.00, Effect: 0.80)"
22,4,parent_sync,Parent-Teacher Engagement Sync,0.8815,"Đề xuất 'Parent-Teacher Engagement Sync' được lựa chọn vì nó hỗ trợ khắc phục tình trạng học lực đầu vào chưa tốt, đáp ứng nhu cầu cải thiện kết quả học tập hiện tại, vừa sức với năng lực hiện tại của bạn, phù hợp với thời gian học tập hàng tuần của bạn. (Risk Match: 0.88, Perf Need: 0.71, Diff Fit: 1.00, Time Fit: 1.00, Prereq Fit: 1.00, Effect: 0.75)"
22,5,peer_tutoring,Peer-Led Study Tutoring,0.8641,"Đề xuất 'Peer-Led Study Tutoring' được lựa chọn vì nó hỗ trợ khắc phục tình trạng học lực đầu vào chưa tốt, đáp ứng nhu cầu cải thiện kết quả học tập hiện tại, phù hợp với thời gian học tập hàng tuần của bạn. (Risk Match: 1.00, Perf Need: 0.86, Diff Fit: 0.50, Time Fit: 0.92, Prereq Fit: 1.00, Effect: 0.80)"
23,1,time_planning,Time Management Workshop,0.9065,"Đề xuất 'Time Management Workshop' được lựa chọn vì nó hỗ trợ khắc phục tình trạng học lực đầu vào chưa tốt, đáp ứng nhu cầu cải thiện kết quả học tập hiện tại, vừa sức với năng lực hiện tại của bạn, phù hợp với thời gian học tập hàng tuần của bạn. (Risk Match: 1.00, Perf Need: 0.68, Diff Fit: 1.00, Time Fit: 1.00, Prereq Fit: 1.00, Effect: 0.70)"
23,2,attendance_monitoring,Daily Attendance Monitoring,0.8592,"Đề xuất 'Daily Attendance Monitoring' được lựa chọn vì nó hỗ trợ khắc phục tình trạng học lực đầu vào chưa tốt, đáp ứng nhu cầu cải thiện kết quả học tập hiện tại, vừa sức với năng lực hiện tại của bạn, phù hợp với thời gian học tập hàng tuần của bạn. (Risk Match: 0.77, Perf Need: 0.68, Diff Fit: 1.00, Time Fit: 1.00, Prereq Fit: 1.00, Effect: 0.90)"
23,3,counselor_meeting,Academic Counselor Consultation,0.8542,"Đề xuất 'Academic Counselor Consultation' được lựa chọn vì nó hỗ trợ khắc phục tình trạng học lực đầu vào chưa tốt, đáp ứng nhu cầu cải thiện kết quả học tập hiện tại, vừa sức với năng lực hiện tại của bạn, phù hợp với thời gian học tập hàng tuần của bạn. (Risk Match: 0.77, Perf Need: 0.68, Diff Fit: 1.00, Time Fit: 1.00, Prereq Fit: 1.00, Effect: 0.85)"
23,4,lms_onboarding,LMS Navigation Tutorial,0.8453,"Đề xuất 'LMS Navigation Tutorial' được lựa chọn vì nó hỗ trợ khắc phục tình trạng học lực đầu vào chưa tốt, đáp ứng nhu cầu cải thiện kết quả học tập hiện tại, vừa sức với năng lực hiện tại của bạn, phù hợp với thời gian học tập hàng tuần của bạn. (Risk Match: 0.76, Perf Need: 0.68, Diff Fit: 1.00, Time Fit: 1.00, Prereq Fit: 1.00, Effect: 0.80)"
23,5,parent_sync,Parent-Teacher Engagement Sync,0.8403,"Đề xuất 'Parent-Teacher Engagement Sync' được lựa chọn vì nó hỗ trợ khắc phục tình trạng học lực đầu vào chưa tốt, đáp ứng nhu cầu cải thiện kết quả học tập hiện tại, vừa sức với năng lực hiện tại của bạn, phù hợp với thời gian học tập hàng tuần của bạn. (Risk Match: 0.76, Perf Need: 0.68, Diff Fit: 1.00, Time Fit: 1.00, Prereq Fit: 1.00, Effect: 0.75)"
24,1,attendance_monitoring,Daily Attendance Monitoring,0.9287,"Đề xuất 'Daily Attendance Monitoring' được lựa chọn vì nó hỗ trợ khắc phục tình trạng học lực đầu vào chưa tốt, đáp ứng nhu cầu cải thiện kết quả học tập hiện tại, vừa sức với năng lực hiện tại của bạn, phù hợp với thời gian học tập hàng tuần của bạn. (Risk Match: 1.00, Perf Need: 0.69, Diff Fit: 1.00, Time Fit: 1.00, Prereq Fit: 1.00, Effect: 0.90)"
24,2,counselor_meeting,Academic Counselor Consultation,0.9237,"Đề xuất 'Academic Counselor Consultation' được lựa chọn vì nó hỗ trợ khắc phục tình trạng học lực đầu vào chưa tốt, đáp ứng nhu cầu cải thiện kết quả học tập hiện tại, vừa sức với năng lực hiện tại của bạn, phù hợp với thời gian học tập hàng tuần của bạn. (Risk Match: 1.00, Perf Need: 0.69, Diff Fit: 1.00, Time Fit: 1.00, Prereq Fit: 1.00, Effect: 0.85)"
24,3,interactive_quiz,LMS Interactive Quizzing,0.9219,"Đề xuất 'LMS Interactive Quizzing' được lựa chọn vì nó hỗ trợ khắc phục tình trạng học lực đầu vào chưa tốt, đáp ứng nhu cầu cải thiện kết quả học tập hiện tại, vừa sức với năng lực hiện tại của bạn, phù hợp với thời gian học tập hàng tuần của bạn. (Risk Match: 0.99, Perf Need: 0.69, Diff Fit: 1.00, Time Fit: 1.00, Prereq Fit: 1.00, Effect: 0.85)"
24,4,lms_onboarding,LMS Navigation Tutorial,0.9169,"Đề xuất 'LMS Navigation Tutorial' được lựa chọn vì nó hỗ trợ khắc phục tình trạng học lực đầu vào chưa tốt, đáp ứng nhu cầu cải thiện kết quả học tập hiện tại, vừa sức với năng lực hiện tại của bạn, phù hợp với thời gian học tập hàng tuần của bạn. (Risk Match: 0.99, Perf Need: 0.69, Diff Fit: 1.00, Time Fit: 1.00, Prereq Fit: 1.00, Effect: 0.80)"
24,5,parent_sync,Parent-Teacher Engagement Sync,0.9119,"Đề xuất 'Parent-Teacher Engagement Sync' được lựa chọn vì nó hỗ trợ khắc phục tình trạng học lực đầu vào chưa tốt, đáp ứng nhu cầu cải thiện kết quả học tập hiện tại, vừa sức với năng lực hiện tại của bạn, phù hợp với thời gian học tập hàng tuần của bạn. (Risk Match: 0.99, Perf Need: 0.69, Diff Fit: 1.00, Time Fit: 1.00, Prereq Fit: 1.00, Effect: 0.75)"
25,1,advanced_seminar,Advanced Subject Seminar,0.9483,"Đề xuất 'Advanced Subject Seminar' được lựa chọn vì nó hỗ trợ khắc phục tình trạng mức độ tương tác lớp học thấp, đáp ứng nhu cầu cải thiện kết quả học tập hiện tại, vừa sức với năng lực hiện tại của bạn, phù hợp với thời gian học tập hàng tuần của bạn. (Risk Match: 1.00, Perf Need: 0.94, Diff Fit: 1.00, Time Fit: 1.00, Prereq Fit: 1.00, Effect: 0.60)"
25,2,study_group,Facilitated Study Group,0.6292,"Đề xuất 'Facilitated Study Group' được lựa chọn vì nó hỗ trợ khắc phục tình trạng mức độ tương tác lớp học thấp, phù hợp với thời gian học tập hàng tuần của bạn. (Risk Match: 0.74, Perf Need: 0.03, Diff Fit: 0.50, Time Fit: 1.00, Prereq Fit: 1.00, Effect: 0.75)"
25,3,interactive_quiz,LMS Interactive Quizzing,0.6019,"Đề xuất 'LMS Interactive Quizzing' được lựa chọn vì nó hỗ trợ khắc phục tình trạng mức độ tương tác lớp học thấp, phù hợp với thời gian học tập hàng tuần của bạn. (Risk Match: 0.74, Perf Need: 0.22, Diff Fit: 0.00, Time Fit: 1.00, Prereq Fit: 1.00, Effect: 0.85)"
25,4,lms_onboarding,LMS Navigation Tutorial,0.5969,"Đề xuất 'LMS Navigation Tutorial' được lựa chọn vì nó hỗ trợ khắc phục tình trạng mức độ tương tác lớp học thấp, phù hợp với thời gian học tập hàng tuần của bạn. (Risk Match: 0.74, Perf Need: 0.22, Diff Fit: 0.00, Time Fit: 1.00, Prereq Fit: 1.00, Effect: 0.80)"
25,5,parent_sync,Parent-Teacher Engagement Sync,0.5919,"Đề xuất 'Parent-Teacher Engagement Sync' được lựa chọn vì nó hỗ trợ khắc phục tình trạng mức độ tương tác lớp học thấp, phù hợp với thời gian học tập hàng tuần của bạn. (Risk Match: 0.74, Perf Need: 0.22, Diff Fit: 0.00, Time Fit: 1.00, Prereq Fit: 1.00, Effect: 0.75)"
26,1,peer_tutoring,Peer-Led Study Tutoring,0.9011,"Đề xuất 'Peer-Led Study Tutoring' được lựa chọn vì nó hỗ trợ khắc phục tình trạng học lực đầu vào chưa tốt, đáp ứng nhu cầu cải thiện kết quả học tập hiện tại, vừa sức với năng lực hiện tại của bạn, phù hợp với thời gian học tập hàng tuần của bạn. (Risk Match: 1.00, Perf Need: 0.61, Diff Fit: 1.00, Time Fit: 1.00, Prereq Fit: 1.00, Effect: 0.80)"
26,2,extra_exercises,Targeted Practice Exercises,0.8991,"Đề xuất 'Targeted Practice Exercises' được lựa chọn vì nó hỗ trợ khắc phục tình trạng học lực đầu vào chưa tốt, đáp ứng nhu cầu cải thiện kết quả học tập hiện tại, vừa sức với năng lực hiện tại của bạn, phù hợp với thời gian học tập hàng tuần của bạn. (Risk Match: 1.00, Perf Need: 0.61, Diff Fit: 1.00, Time Fit: 0.92, Prereq Fit: 1.00, Effect: 0.90)"
26,3,attendance_monitoring,Daily Attendance Monitoring,0.82,"Đề xuất 'Daily Attendance Monitoring' được lựa chọn vì nó hỗ trợ khắc phục tình trạng học lực đầu vào chưa tốt, đáp ứng nhu cầu cải thiện kết quả học tập hiện tại, phù hợp với thời gian học tập hàng tuần của bạn. (Risk Match: 0.97, Perf Need: 0.56, Diff Fit: 0.50, Time Fit: 1.00, Prereq Fit: 1.00, Effect: 0.90)"
26,4,counselor_meeting,Academic Counselor Consultation,0.815,"Đề xuất 'Academic Counselor Consultation' được lựa chọn vì nó hỗ trợ khắc phục tình trạng học lực đầu vào chưa tốt, đáp ứng nhu cầu cải thiện kết quả học tập hiện tại, phù hợp với thời gian học tập hàng tuần của bạn. (Risk Match: 0.97, Perf Need: 0.56, Diff Fit: 0.50, Time Fit: 1.00, Prereq Fit: 1.00, Effect: 0.85)"
26,5,remedial_class,Remedial Topic Bootcamps,0.7991,"Đề xuất 'Remedial Topic Bootcamps' được lựa chọn vì nó hỗ trợ khắc phục tình trạng học lực đầu vào chưa tốt, đáp ứng nhu cầu cải thiện kết quả học tập hiện tại, phù hợp với thời gian học tập hàng tuần của bạn. (Risk Match: 1.00, Perf Need: 0.61, Diff Fit: 0.50, Time Fit: 0.72, Prereq Fit: 1.00, Effect: 0.95)"
27,1,time_planning,Time Management Workshop,0.9257,"Đề xuất 'Time Management Workshop' được lựa chọn vì nó hỗ trợ khắc phục tình trạng học lực đầu vào chưa tốt, đáp ứng nhu cầu cải thiện kết quả học tập hiện tại, vừa sức với năng lực hiện tại của bạn, phù hợp với thời gian học tập hàng tuần của bạn. (Risk Match: 1.00, Perf Need: 0.78, Diff Fit: 1.00, Time Fit: 1.00, Prereq Fit: 1.00, Effect: 0.70)"
27,2,interactive_quiz,LMS Interactive Quizzing,0.9056,"Đề xuất 'LMS Interactive Quizzing' được lựa chọn vì nó hỗ trợ khắc phục tình trạng học lực đầu vào chưa tốt, đáp ứng nhu cầu cải thiện kết quả học tập hiện tại, vừa sức với năng lực hiện tại của bạn, phù hợp với thời gian học tập hàng tuần của bạn. (Risk Match: 0.89, Perf Need: 0.78, Diff Fit: 1.00, Time Fit: 0.98, Prereq Fit: 1.00, Effect: 0.85)"
27,3,lms_onboarding,LMS Navigation Tutorial,0.9036,"Đề xuất 'LMS Navigation Tutorial' được lựa chọn vì nó hỗ trợ khắc phục tình trạng học lực đầu vào chưa tốt, đáp ứng nhu cầu cải thiện kết quả học tập hiện tại, vừa sức với năng lực hiện tại của bạn, phù hợp với thời gian học tập hàng tuần của bạn. (Risk Match: 0.89, Perf Need: 0.78, Diff Fit: 1.00, Time Fit: 1.00, Prereq Fit: 1.00, Effect: 0.80)"
27,4,parent_sync,Parent-Teacher Engagement Sync,0.8986,"Đề xuất 'Parent-Teacher Engagement Sync' được lựa chọn vì nó hỗ trợ khắc phục tình trạng học lực đầu vào chưa tốt, đáp ứng nhu cầu cải thiện kết quả học tập hiện tại, vừa sức với năng lực hiện tại của bạn, phù hợp với thời gian học tập hàng tuần của bạn. (Risk Match: 0.89, Perf Need: 0.78, Diff Fit: 1.00, Time Fit: 1.00, Prereq Fit: 1.00, Effect: 0.75)"
27,5,peer_tutoring,Peer-Led Study Tutoring,0.88,"Đề xuất 'Peer-Led Study Tutoring' được lựa chọn vì nó hỗ trợ khắc phục tình trạng học lực đầu vào chưa tốt, đáp ứng nhu cầu cải thiện kết quả học tập hiện tại, phù hợp với thời gian học tập hàng tuần của bạn. (Risk Match: 1.00, Perf Need: 0.96, Diff Fit: 0.50, Time Fit: 0.88, Prereq Fit: 1.00, Effect: 0.80)"
28,1,study_group,Facilitated Study Group,0.8588,"Đề xuất 'Facilitated Study Group' được lựa chọn vì nó hỗ trợ khắc phục tình trạng thời gian tự học chưa đủ, đáp ứng nhu cầu cải thiện kết quả học tập hiện tại, vừa sức với năng lực hiện tại của bạn, phù hợp với thời gian học tập hàng tuần của bạn. (Risk Match: 1.00, Perf Need: 0.57, Diff Fit: 1.00, Time Fit: 0.80, Prereq Fit: 1.00, Effect: 0.75)"
28,2,time_planning,Time Management Workshop,0.8032,"Đề xuất 'Time Management Workshop' được lựa chọn vì nó hỗ trợ khắc phục tình trạng thời gian tự học chưa đủ, đáp ứng nhu cầu cải thiện kết quả học tập hiện tại, phù hợp với thời gian học tập hàng tuần của bạn. (Risk Match: 1.00, Perf Need: 0.54, Diff Fit: 0.50, Time Fit: 1.00, Prereq Fit: 1.00, Effect: 0.70)"
28,3,lms_onboarding,LMS Navigation Tutorial,0.7217,"Đề xuất 'LMS Navigation Tutorial' được lựa chọn vì nó hỗ trợ khắc phục tình trạng thời gian tự học chưa đủ, đáp ứng nhu cầu cải thiện kết quả học tập hiện tại, phù hợp với thời gian học tập hàng tuần của bạn. (Risk Match: 0.69, Perf Need: 0.54, Diff Fit: 0.50, Time Fit: 1.00, Prereq Fit: 1.00, Effect: 0.80)"
28,4,parent_sync,Parent-Teacher Engagement Sync,0.7167,"Đề xuất 'Parent-Teacher Engagement Sync' được lựa chọn vì nó hỗ trợ khắc phục tình trạng thời gian tự học chưa đủ, đáp ứng nhu cầu cải thiện kết quả học tập hiện tại, phù hợp với thời gian học tập hàng tuần của bạn. (Risk Match: 0.69, Perf Need: 0.54, Diff Fit: 0.50, Time Fit: 1.00, Prereq Fit: 1.00, Effect: 0.75)"
28,5,interactive_quiz,LMS Interactive Quizzing,0.7117,"Đề xuất 'LMS Interactive Quizzing' được lựa chọn vì nó hỗ trợ khắc phục tình trạng thời gian tự học chưa đủ, đáp ứng nhu cầu cải thiện kết quả học tập hiện tại, phù hợp với thời gian học tập hàng tuần của bạn. (Risk Match: 0.69, Perf Need: 0.54, Diff Fit: 0.50, Time Fit: 0.90, Prereq Fit: 1.00, Effect: 0.85)"
29,1,attendance_monitoring,Daily Attendance Monitoring,0.9339,"Đề xuất 'Daily Attendance Monitoring' được lựa chọn vì nó hỗ trợ khắc phục tình trạng rủi ro nghỉ học nhiều, đáp ứng nhu cầu cải thiện kết quả học tập hiện tại, vừa sức với năng lực hiện tại của bạn, phù hợp với thời gian học tập hàng tuần của bạn. (Risk Match: 1.00, Perf Need: 0.72, Diff Fit: 1.00, Time Fit: 1.00, Prereq Fit: 1.00, Effect: 0.90)"
29,2,counselor_meeting,Academic Counselor Consultation,0.9289,"Đề xuất 'Academic Counselor Consultation' được lựa chọn vì nó hỗ trợ khắc phục tình trạng rủi ro nghỉ học nhiều, đáp ứng nhu cầu cải thiện kết quả học tập hiện tại, vừa sức với năng lực hiện tại của bạn, phù hợp với thời gian học tập hàng tuần của bạn. (Risk Match: 1.00, Perf Need: 0.72, Diff Fit: 1.00, Time Fit: 1.00, Prereq Fit: 1.00, Effect: 0.85)"
29,3,lms_onboarding,LMS Navigation Tutorial,0.9172,"Đề xuất 'LMS Navigation Tutorial' được lựa chọn vì nó hỗ trợ khắc phục tình trạng rủi ro nghỉ học nhiều, đáp ứng nhu cầu cải thiện kết quả học tập hiện tại, vừa sức với năng lực hiện tại của bạn, phù hợp với thời gian học tập hàng tuần của bạn. (Risk Match: 0.98, Perf Need: 0.72, Diff Fit: 1.00, Time Fit: 1.00, Prereq Fit: 1.00, Effect: 0.80)"
29,4,parent_sync,Parent-Teacher Engagement Sync,0.9122,"Đề xuất 'Parent-Teacher Engagement Sync' được lựa chọn vì nó hỗ trợ khắc phục tình trạng rủi ro nghỉ học nhiều, đáp ứng nhu cầu cải thiện kết quả học tập hiện tại, vừa sức với năng lực hiện tại của bạn, phù hợp với thời gian học tập hàng tuần của bạn. (Risk Match: 0.98, Perf Need: 0.72, Diff Fit: 1.00, Time Fit: 1.00, Prereq Fit: 1.00, Effect: 0.75)"
29,5,time_planning,Time Management Workshop,0.9119,"Đề xuất 'Time Management Workshop' được lựa chọn vì nó hỗ trợ khắc phục tình trạng rủi ro nghỉ học nhiều, đáp ứng nhu cầu cải thiện kết quả học tập hiện tại, vừa sức với năng lực hiện tại của bạn, phù hợp với thời gian học tập hàng tuần của bạn. (Risk Match: 0.99, Perf Need: 0.72, Diff Fit: 1.00, Time Fit: 1.00, Prereq Fit: 1.00, Effect: 0.70)"
30,1,advanced_seminar,Advanced Subject Seminar,0.8976,"Đề xuất 'Advanced Subject Seminar' được lựa chọn vì nó hỗ trợ khắc phục tình trạng thời gian tự học chưa đủ, đáp ứng nhu cầu cải thiện kết quả học tập hiện tại, vừa sức với năng lực hiện tại của bạn. (Risk Match: 1.00, Perf Need: 0.99, Diff Fit: 1.00, Time Fit: 0.60, Prereq Fit: 1.00, Effect: 0.60)"
30,2,study_group,Facilitated Study Group,0.6711,"Đề xuất 'Facilitated Study Group' được lựa chọn vì nó hỗ trợ khắc phục tình trạng thời gian tự học chưa đủ, phù hợp với thời gian học tập hàng tuần của bạn. (Risk Match: 1.00, Perf Need: 0.01, Diff Fit: 0.50, Time Fit: 0.80, Prereq Fit: 1.00, Effect: 0.75)"
30,3,time_planning,Time Management Workshop,0.6606,"Đề xuất 'Time Management Workshop' được lựa chọn vì nó hỗ trợ khắc phục tình trạng thời gian tự học chưa đủ, phù hợp với thời gian học tập hàng tuần của bạn. (Risk Match: 1.00, Perf Need: 0.20, Diff Fit: 0.00, Time Fit: 1.00, Prereq Fit: 1.00, Effect: 0.70)"
30,4,lms_onboarding,LMS Navigation Tutorial,0.6541,"Đề xuất 'LMS Navigation Tutorial' được lựa chọn vì nó hỗ trợ khắc phục tình trạng thời gian tự học chưa đủ, phù hợp với thời gian học tập hàng tuần của bạn. (Risk Match: 0.94, Perf Need: 0.20, Diff Fit: 0.00, Time Fit: 1.00, Prereq Fit: 1.00, Effect: 0.80)"
30,5,parent_sync,Parent-Teacher Engagement Sync,0.6491,"Đề xuất 'Parent-Teacher Engagement Sync' được lựa chọn vì nó hỗ trợ khắc phục tình trạng thời gian tự học chưa đủ, phù hợp với thời gian học tập hàng tuần của bạn. (Risk Match: 0.94, Perf Need: 0.20, Diff Fit: 0.00, Time Fit: 1.00, Prereq Fit: 1.00, Effect: 0.75)"
31,1,advanced_seminar,Advanced Subject Seminar,0.9179,"Đề xuất 'Advanced Subject Seminar' được lựa chọn vì nó hỗ trợ khắc phục tình trạng mức độ tương tác lớp học thấp, đáp ứng nhu cầu cải thiện kết quả học tập hiện tại, vừa sức với năng lực hiện tại của bạn, phù hợp với thời gian học tập hàng tuần của bạn. (Risk Match: 1.00, Perf Need: 0.79, Diff Fit: 1.00, Time Fit: 1.00, Prereq Fit: 1.00, Effect: 0.60)"
31,2,study_group,Facilitated Study Group,0.5549,"Đề xuất 'Facilitated Study Group' được lựa chọn vì nó hỗ trợ khắc phục tình trạng mức độ tương tác lớp học thấp, phù hợp với thời gian học tập hàng tuần của bạn. (Risk Match: 0.45, Perf Need: 0.11, Diff Fit: 0.50, Time Fit: 1.00, Prereq Fit: 1.00, Effect: 0.75)"
31,3,interactive_quiz,LMS Interactive Quizzing,0.5215,"Đề xuất 'LMS Interactive Quizzing' được lựa chọn vì nó hỗ trợ khắc phục tình trạng mức độ tương tác lớp học thấp, phù hợp với thời gian học tập hàng tuần của bạn. (Risk Match: 0.45, Perf Need: 0.26, Diff Fit: 0.00, Time Fit: 1.00, Prereq Fit: 1.00, Effect: 0.85)"
31,4,lms_onboarding,LMS Navigation Tutorial,0.5165,"Đề xuất 'LMS Navigation Tutorial' được lựa chọn vì nó hỗ trợ khắc phục tình trạng mức độ tương tác lớp học thấp, phù hợp với thời gian học tập hàng tuần của bạn. (Risk Match: 0.45, Perf Need: 0.26, Diff Fit: 0.00, Time Fit: 1.00, Prereq Fit: 1.00, Effect: 0.80)"
31,5,parent_sync,Parent-Teacher Engagement Sync,0.5115,"Đề xuất 'Parent-Teacher Engagement Sync' được lựa chọn vì nó hỗ trợ khắc phục tình trạng mức độ tương tác lớp học thấp, phù hợp với thời gian học tập hàng tuần của bạn. (Risk Match: 0.45, Perf Need: 0.26, Diff Fit: 0.00, Time Fit: 1.00, Prereq Fit: 1.00, Effect: 0.75)"
32,1,study_group,Facilitated Study Group,0.8717,"Đề xuất 'Facilitated Study Group' được lựa chọn vì nó hỗ trợ khắc phục tình trạng thời gian tự học chưa đủ, đáp ứng nhu cầu cải thiện kết quả học tập hiện tại, vừa sức với năng lực hiện tại của bạn, phù hợp với thời gian học tập hàng tuần của bạn. (Risk Match: 1.00, Perf Need: 0.60, Diff Fit: 1.00, Time Fit: 0.84, Prereq Fit: 1.00, Effect: 0.75)"
32,2,time_planning,Time Management Workshop,0.8074,"Đề xuất 'Time Management Workshop' được lựa chọn vì nó hỗ trợ khắc phục tình trạng thời gian tự học chưa đủ, đáp ứng nhu cầu cải thiện kết quả học tập hiện tại, phù hợp với thời gian học tập hàng tuần của bạn. (Risk Match: 1.00, Perf Need: 0.56, Diff Fit: 0.50, Time Fit: 1.00, Prereq Fit: 1.00, Effect: 0.70)"
32,3,lms_onboarding,LMS Navigation Tutorial,0.669,"Đề xuất 'LMS Navigation Tutorial' được lựa chọn vì nó hỗ trợ khắc phục tình trạng thời gian tự học chưa đủ, đáp ứng nhu cầu cải thiện kết quả học tập hiện tại, phù hợp với thời gian học tập hàng tuần của bạn. (Risk Match: 0.50, Perf Need: 0.56, Diff Fit: 0.50, Time Fit: 1.00, Prereq Fit: 1.00, Effect: 0.80)"
32,4,interactive_quiz,LMS Interactive Quizzing,0.665,"Đề xuất 'LMS Interactive Quizzing' được lựa chọn vì nó hỗ trợ khắc phục tình trạng thời gian tự học chưa đủ, đáp ứng nhu cầu cải thiện kết quả học tập hiện tại, phù hợp với thời gian học tập hàng tuần của bạn. (Risk Match: 0.50, Perf Need: 0.56, Diff Fit: 0.50, Time Fit: 0.94, Prereq Fit: 1.00, Effect: 0.85)"
32,5,parent_sync,Parent-Teacher Engagement Sync,0.664,"Đề xuất 'Parent-Teacher Engagement Sync' được lựa chọn vì nó hỗ trợ khắc phục tình trạng thời gian tự học chưa đủ, đáp ứng nhu cầu cải thiện kết quả học tập hiện tại, phù hợp với thời gian học tập hàng tuần của bạn. (Risk Match: 0.50, Perf Need: 0.56, Diff Fit: 0.50, Time Fit: 1.00, Prereq Fit: 1.00, Effect: 0.75)"
33,1,advanced_seminar,Advanced Subject Seminar,0.9189,"Đề xuất 'Advanced Subject Seminar' được lựa chọn vì nó hỗ trợ khắc phục tình trạng xu hướng điểm số đang giảm, đáp ứng nhu cầu cải thiện kết quả học tập hiện tại, vừa sức với năng lực hiện tại của bạn, phù hợp với thời gian học tập hàng tuần của bạn. (Risk Match: 1.00, Perf Need: 0.79, Diff Fit: 1.00, Time Fit: 1.00, Prereq Fit: 1.00, Effect: 0.60)"
33,2,extra_exercises,Targeted Practice Exercises,0.7302,"Đề xuất 'Targeted Practice Exercises' được lựa chọn vì nó hỗ trợ khắc phục tình trạng xu hướng điểm số đang giảm, phù hợp với thời gian học tập hàng tuần của bạn. (Risk Match: 0.98, Perf Need: 0.10, Diff Fit: 0.50, Time Fit: 1.00, Prereq Fit: 1.00, Effect: 0.90)"
33,3,academic_coaching,Biweekly Academic Coaching,0.667,"Đề xuất 'Biweekly Academic Coaching' được lựa chọn vì nó hỗ trợ khắc phục tình trạng xu hướng điểm số đang giảm, phù hợp với thời gian học tập hàng tuần của bạn. (Risk Match: 0.98, Perf Need: 0.26, Diff Fit: 0.00, Time Fit: 1.00, Prereq Fit: 1.00, Effect: 0.70)"
33,4,study_group,Facilitated Study Group,0.6496,"Đề xuất 'Facilitated Study Group' được lựa chọn vì nó hỗ trợ khắc phục tình trạng xu hướng điểm số đang giảm, phù hợp với thời gian học tập hàng tuần của bạn. (Risk Match: 0.76, Perf Need: 0.10, Diff Fit: 0.50, Time Fit: 1.00, Prereq Fit: 1.00, Effect: 0.75)"
33,5,interactive_quiz,LMS Interactive Quizzing,0.6164,"Đề xuất 'LMS Interactive Quizzing' được lựa chọn vì nó hỗ trợ khắc phục tình trạng xu hướng điểm số đang giảm, phù hợp với thời gian học tập hàng tuần của bạn. (Risk Match: 0.76, Perf Need: 0.26, Diff Fit: 0.00, Time Fit: 1.00, Prereq Fit: 1.00, Effect: 0.85)"
34,1,attendance_monitoring,Daily Attendance Monitoring,0.9478,"Đề xuất 'Daily Attendance Monitoring' được lựa chọn vì nó hỗ trợ khắc phục tình trạng rủi ro nghỉ học nhiều, đáp ứng nhu cầu cải thiện kết quả học tập hiện tại, vừa sức với năng lực hiện tại của bạn, phù hợp với thời gian học tập hàng tuần của bạn. (Risk Match: 1.00, Perf Need: 0.79, Diff Fit: 1.00, Time Fit: 1.00, Prereq Fit: 1.00, Effect: 0.90)"
34,2,counselor_meeting,Academic Counselor Consultation,0.9428,"Đề xuất 'Academic Counselor Consultation' được lựa chọn vì nó hỗ trợ khắc phục tình trạng rủi ro nghỉ học nhiều, đáp ứng nhu cầu cải thiện kết quả học tập hiện tại, vừa sức với năng lực hiện tại của bạn, phù hợp với thời gian học tập hàng tuần của bạn. (Risk Match: 1.00, Perf Need: 0.79, Diff Fit: 1.00, Time Fit: 1.00, Prereq Fit: 1.00, Effect: 0.85)"
34,3,academic_coaching,Biweekly Academic Coaching,0.9248,"Đề xuất 'Biweekly Academic Coaching' được lựa chọn vì nó hỗ trợ khắc phục tình trạng rủi ro nghỉ học nhiều, đáp ứng nhu cầu cải thiện kết quả học tập hiện tại, vừa sức với năng lực hiện tại của bạn, phù hợp với thời gian học tập hàng tuần của bạn. (Risk Match: 1.00, Perf Need: 0.79, Diff Fit: 1.00, Time Fit: 0.98, Prereq Fit: 1.00, Effect: 0.70)"
34,4,peer_tutoring,Peer-Led Study Tutoring,0.8818,"Đề xuất 'Peer-Led Study Tutoring' được lựa chọn vì nó hỗ trợ khắc phục tình trạng rủi ro nghỉ học nhiều, đáp ứng nhu cầu cải thiện kết quả học tập hiện tại, phù hợp với thời gian học tập hàng tuần của bạn. (Risk Match: 0.99, Perf Need: 0.98, Diff Fit: 0.50, Time Fit: 0.88, Prereq Fit: 1.00, Effect: 0.80)"
34,5,interactive_quiz,LMS Interactive Quizzing,0.8073,"Đề xuất 'LMS Interactive Quizzing' được lựa chọn vì nó hỗ trợ khắc phục tình trạng rủi ro nghỉ học nhiều, đáp ứng nhu cầu cải thiện kết quả học tập hiện tại, vừa sức với năng lực hiện tại của bạn, phù hợp với thời gian học tập hàng tuần của bạn. (Risk Match: 0.56, Perf Need: 0.79, Diff Fit: 1.00, Time Fit: 0.98, Prereq Fit: 1.00, Effect: 0.85)"
35,1,study_group,Facilitated Study Group,0.6798,"Đề xuất 'Facilitated Study Group' được lựa chọn vì nó hỗ trợ khắc phục tình trạng mức độ tương tác lớp học thấp, vừa sức với năng lực hiện tại của bạn, phù hợp với thời gian học tập hàng tuần của bạn. (Risk Match: 0.43, Perf Need: 0.38, Diff Fit: 1.00, Time Fit: 1.00, Prereq Fit: 1.00, Effect: 0.75)"
35,2,interactive_quiz,LMS Interactive Quizzing,0.6242,"Đề xuất 'LMS Interactive Quizzing' được lựa chọn vì nó hỗ trợ khắc phục tình trạng mức độ tương tác lớp học thấp, phù hợp với thời gian học tập hàng tuần của bạn. (Risk Match: 0.43, Perf Need: 0.43, Diff Fit: 0.50, Time Fit: 1.00, Prereq Fit: 1.00, Effect: 0.85)"
35,3,lms_onboarding,LMS Navigation Tutorial,0.6192,"Đề xuất 'LMS Navigation Tutorial' được lựa chọn vì nó hỗ trợ khắc phục tình trạng mức độ tương tác lớp học thấp, phù hợp với thời gian học tập hàng tuần của bạn. (Risk Match: 0.43, Perf Need: 0.43, Diff Fit: 0.50, Time Fit: 1.00, Prereq Fit: 1.00, Effect: 0.80)"
35,4,parent_sync,Parent-Teacher Engagement Sync,0.6142,"Đề xuất 'Parent-Teacher Engagement Sync' được lựa chọn vì nó hỗ trợ khắc phục tình trạng mức độ tương tác lớp học thấp, phù hợp với thời gian học tập hàng tuần của bạn. (Risk Match: 0.43, Perf Need: 0.43, Diff Fit: 0.50, Time Fit: 1.00, Prereq Fit: 1.00, Effect: 0.75)"
36,1,advanced_seminar,Advanced Subject Seminar,0.9225,"Đề xuất 'Advanced Subject Seminar' được lựa chọn vì nó hỗ trợ khắc phục tình trạng xu hướng điểm số đang giảm, đáp ứng nhu cầu cải thiện kết quả học tập hiện tại, vừa sức với năng lực hiện tại của bạn, phù hợp với thời gian học tập hàng tuần của bạn. (Risk Match: 1.00, Perf Need: 0.81, Diff Fit: 1.00, Time Fit: 1.00, Prereq Fit: 1.00, Effect: 0.60)"
36,2,extra_exercises,Targeted Practice Exercises,0.7336,"Đề xuất 'Targeted Practice Exercises' được lựa chọn vì nó hỗ trợ khắc phục tình trạng xu hướng điểm số đang giảm, phù hợp với thời gian học tập hàng tuần của bạn. (Risk Match: 1.00, Perf Need: 0.09, Diff Fit: 0.50, Time Fit: 1.00, Prereq Fit: 1.00, Effect: 0.90)"
36,3,study_group,Facilitated Study Group,0.7021,"Đề xuất 'Facilitated Study Group' được lựa chọn vì nó hỗ trợ khắc phục tình trạng xu hướng điểm số đang giảm, phù hợp với thời gian học tập hàng tuần của bạn. (Risk Match: 0.94, Perf Need: 0.09, Diff Fit: 0.50, Time Fit: 1.00, Prereq Fit: 1.00, Effect: 0.75)"
36,4,attendance_monitoring,Daily Attendance Monitoring,0.6778,"Đề xuất 'Daily Attendance Monitoring' được lựa chọn vì nó hỗ trợ khắc phục tình trạng xu hướng điểm số đang giảm, phù hợp với thời gian học tập hàng tuần của bạn. (Risk Match: 0.96, Perf Need: 0.26, Diff Fit: 0.00, Time Fit: 1.00, Prereq Fit: 1.00, Effect: 0.90)"
36,5,counselor_meeting,Academic Counselor Consultation,0.6728,"Đề xuất 'Academic Counselor Consultation' được lựa chọn vì nó hỗ trợ khắc phục tình trạng xu hướng điểm số đang giảm, phù hợp với thời gian học tập hàng tuần của bạn. (Risk Match: 0.96, Perf Need: 0.26, Diff Fit: 0.00, Time Fit: 1.00, Prereq Fit: 1.00, Effect: 0.85)"
37,1,peer_tutoring,Peer-Led Study Tutoring,0.8481,"Đề xuất 'Peer-Led Study Tutoring' được lựa chọn vì nó hỗ trợ khắc phục tình trạng học lực đầu vào chưa tốt, vừa sức với năng lực hiện tại của bạn, phù hợp với thời gian học tập hàng tuần của bạn. (Risk Match: 1.00, Perf Need: 0.49, Diff Fit: 1.00, Time Fit: 0.80, Prereq Fit: 1.00, Effect: 0.80)"
37,2,study_group,Facilitated Study Group,0.843,"Đề xuất 'Facilitated Study Group' được lựa chọn vì nó hỗ trợ khắc phục tình trạng học lực đầu vào chưa tốt, vừa sức với năng lực hiện tại của bạn, phù hợp với thời gian học tập hàng tuần của bạn. (Risk Match: 1.00, Perf Need: 0.49, Diff Fit: 1.00, Time Fit: 0.80, Prereq Fit: 1.00, Effect: 0.75)"
37,3,extra_exercises,Targeted Practice Exercises,0.8281,"Đề xuất 'Targeted Practice Exercises' được lựa chọn vì nó hỗ trợ khắc phục tình trạng học lực đầu vào chưa tốt, vừa sức với năng lực hiện tại của bạn. (Risk Match: 1.00, Perf Need: 0.49, Diff Fit: 1.00, Time Fit: 0.60, Prereq Fit: 1.00, Effect: 0.90)"
37,4,lms_onboarding,LMS Navigation Tutorial,0.8011,"Đề xuất 'LMS Navigation Tutorial' được lựa chọn vì nó hỗ trợ khắc phục tình trạng học lực đầu vào chưa tốt, phù hợp với thời gian học tập hàng tuần của bạn. (Risk Match: 0.99, Perf Need: 0.49, Diff Fit: 0.50, Time Fit: 1.00, Prereq Fit: 1.00, Effect: 0.80)"
37,5,parent_sync,Parent-Teacher Engagement Sync,0.7961,"Đề xuất 'Parent-Teacher Engagement Sync' được lựa chọn vì nó hỗ trợ khắc phục tình trạng học lực đầu vào chưa tốt, phù hợp với thời gian học tập hàng tuần của bạn. (Risk Match: 0.99, Perf Need: 0.49, Diff Fit: 0.50, Time Fit: 1.00, Prereq Fit: 1.00, Effect: 0.75)"
38,1,study_group,Facilitated Study Group,0.8433,"Đề xuất 'Facilitated Study Group' được lựa chọn vì nó hỗ trợ khắc phục tình trạng thời gian tự học chưa đủ, vừa sức với năng lực hiện tại của bạn, phù hợp với thời gian học tập hàng tuần của bạn. (Risk Match: 1.00, Perf Need: 0.49, Diff Fit: 1.00, Time Fit: 0.80, Prereq Fit: 1.00, Effect: 0.75)"
38,2,lms_onboarding,LMS Navigation Tutorial,0.7985,"Đề xuất 'LMS Navigation Tutorial' được lựa chọn vì nó hỗ trợ khắc phục tình trạng thời gian tự học chưa đủ, phù hợp với thời gian học tập hàng tuần của bạn. (Risk Match: 0.98, Perf Need: 0.49, Diff Fit: 0.50, Time Fit: 1.00, Prereq Fit: 1.00, Effect: 0.80)"
38,3,time_planning,Time Management Workshop,0.7939,"Đề xuất 'Time Management Workshop' được lựa chọn vì nó hỗ trợ khắc phục tình trạng thời gian tự học chưa đủ, phù hợp với thời gian học tập hàng tuần của bạn. (Risk Match: 1.00, Perf Need: 0.49, Diff Fit: 0.50, Time Fit: 1.00, Prereq Fit: 1.00, Effect: 0.70)"
38,4,parent_sync,Parent-Teacher Engagement Sync,0.7935,"Đề xuất 'Parent-Teacher Engagement Sync' được lựa chọn vì nó hỗ trợ khắc phục tình trạng thời gian tự học chưa đủ, phù hợp với thời gian học tập hàng tuần của bạn. (Risk Match: 0.98, Perf Need: 0.49, Diff Fit: 0.50, Time Fit: 1.00, Prereq Fit: 1.00, Effect: 0.75)"
38,5,interactive_quiz,LMS Interactive Quizzing,0.7885,"Đề xuất 'LMS Interactive Quizzing' được lựa chọn vì nó hỗ trợ khắc phục tình trạng thời gian tự học chưa đủ, phù hợp với thời gian học tập hàng tuần của bạn. (Risk Match: 0.98, Perf Need: 0.49, Diff Fit: 0.50, Time Fit: 0.90, Prereq Fit: 1.00, Effect: 0.85)"
39,1,peer_tutoring,Peer-Led Study Tutoring,0.8819,"Đề xuất 'Peer-Led Study Tutoring' được lựa chọn vì nó hỗ trợ khắc phục tình trạng rủi ro nghỉ học nhiều, đáp ứng nhu cầu cải thiện kết quả học tập hiện tại, vừa sức với năng lực hiện tại của bạn, phù hợp với thời gian học tập hàng tuần của bạn. (Risk Match: 1.00, Perf Need: 0.60, Diff Fit: 1.00, Time Fit: 0.88, Prereq Fit: 1.00, Effect: 0.80)"
39,2,extra_exercises,Targeted Practice Exercises,0.8619,"Đề xuất 'Targeted Practice Exercises' được lựa chọn vì nó hỗ trợ khắc phục tình trạng rủi ro nghỉ học nhiều, đáp ứng nhu cầu cải thiện kết quả học tập hiện tại, vừa sức với năng lực hiện tại của bạn. (Risk Match: 1.00, Perf Need: 0.60, Diff Fit: 1.00, Time Fit: 0.68, Prereq Fit: 1.00, Effect: 0.90)"
39,3,study_group,Facilitated Study Group,0.8532,"Đề xuất 'Facilitated Study Group' được lựa chọn vì nó hỗ trợ khắc phục tình trạng rủi ro nghỉ học nhiều, đáp ứng nhu cầu cải thiện kết quả học tập hiện tại, vừa sức với năng lực hiện tại của bạn, phù hợp với thời gian học tập hàng tuần của bạn. (Risk Match: 0.92, Perf Need: 0.60, Diff Fit: 1.00, Time Fit: 0.88, Prereq Fit: 1.00, Effect: 0.75)"
39,4,attendance_monitoring,Daily Attendance Monitoring,0.827,"Đề xuất 'Daily Attendance Monitoring' được lựa chọn vì nó hỗ trợ khắc phục tình trạng rủi ro nghỉ học nhiều, đáp ứng nhu cầu cải thiện kết quả học tập hiện tại, phù hợp với thời gian học tập hàng tuần của bạn. (Risk Match: 1.00, Perf Need: 0.56, Diff Fit: 0.50, Time Fit: 1.00, Prereq Fit: 1.00, Effect: 0.90)"
39,5,counselor_meeting,Academic Counselor Consultation,0.822,"Đề xuất 'Academic Counselor Consultation' được lựa chọn vì nó hỗ trợ khắc phục tình trạng rủi ro nghỉ học nhiều, đáp ứng nhu cầu cải thiện kết quả học tập hiện tại, phù hợp với thời gian học tập hàng tuần của bạn. (Risk Match: 1.00, Perf Need: 0.56, Diff Fit: 0.50, Time Fit: 1.00, Prereq Fit: 1.00, Effect: 0.85)"
40,1,study_group,Facilitated Study Group,0.9045,"Đề xuất 'Facilitated Study Group' được lựa chọn vì nó hỗ trợ khắc phục tình trạng mức độ tương tác lớp học thấp, đáp ứng nhu cầu cải thiện kết quả học tập hiện tại, vừa sức với năng lực hiện tại của bạn, phù hợp với thời gian học tập hàng tuần của bạn. (Risk Match: 1.00, Perf Need: 0.65, Diff Fit: 1.00, Time Fit: 1.00, Prereq Fit: 1.00, Effect: 0.75)"
40,2,interactive_quiz,LMS Interactive Quizzing,0.8273,"Đề xuất 'LMS Interactive Quizzing' được lựa chọn vì nó hỗ trợ khắc phục tình trạng mức độ tương tác lớp học thấp, đáp ứng nhu cầu cải thiện kết quả học tập hiện tại, phù hợp với thời gian học tập hàng tuần của bạn. (Risk Match: 1.00, Perf Need: 0.59, Diff Fit: 0.50, Time Fit: 1.00, Prereq Fit: 1.00, Effect: 0.85)"
40,3,lms_onboarding,LMS Navigation Tutorial,0.8223,"Đề xuất 'LMS Navigation Tutorial' được lựa chọn vì nó hỗ trợ khắc phục tình trạng mức độ tương tác lớp học thấp, đáp ứng nhu cầu cải thiện kết quả học tập hiện tại, phù hợp với thời gian học tập hàng tuần của bạn. (Risk Match: 1.00, Perf Need: 0.59, Diff Fit: 0.50, Time Fit: 1.00, Prereq Fit: 1.00, Effect: 0.80)"
40,4,parent_sync,Parent-Teacher Engagement Sync,0.8173,"Đề xuất 'Parent-Teacher Engagement Sync' được lựa chọn vì nó hỗ trợ khắc phục tình trạng mức độ tương tác lớp học thấp, đáp ứng nhu cầu cải thiện kết quả học tập hiện tại, phù hợp với thời gian học tập hàng tuần của bạn. (Risk Match: 1.00, Perf Need: 0.59, Diff Fit: 0.50, Time Fit: 1.00, Prereq Fit: 1.00, Effect: 0.75)"
41,1,peer_tutoring,Peer-Led Study Tutoring,0.8911,"Đề xuất 'Peer-Led Study Tutoring' được lựa chọn vì nó hỗ trợ khắc phục tình trạng học lực đầu vào chưa tốt, đáp ứng nhu cầu cải thiện kết quả học tập hiện tại, phù hợp với thời gian học tập hàng tuần của bạn. (Risk Match: 1.00, Perf Need: 0.93, Diff Fit: 0.50, Time Fit: 1.00, Prereq Fit: 1.00, Effect: 0.80)"
41,2,extra_exercises,Targeted Practice Exercises,0.8011,"Đề xuất 'Targeted Practice Exercises' được lựa chọn vì nó hỗ trợ khắc phục tình trạng học lực đầu vào chưa tốt, đáp ứng nhu cầu cải thiện kết quả học tập hiện tại, phù hợp với thời gian học tập hàng tuần của bạn. (Risk Match: 1.00, Perf Need: 0.93, Diff Fit: 0.50, Time Fit: 1.00, Prereq Fit: 0.00, Effect: 0.90)"
41,3,interactive_quiz,LMS Interactive Quizzing,0.7838,"Đề xuất 'LMS Interactive Quizzing' được lựa chọn vì nó hỗ trợ khắc phục tình trạng học lực đầu vào chưa tốt, đáp ứng nhu cầu cải thiện kết quả học tập hiện tại, vừa sức với năng lực hiện tại của bạn, phù hợp với thời gian học tập hàng tuần của bạn. (Risk Match: 0.49, Perf Need: 0.76, Diff Fit: 1.00, Time Fit: 1.00, Prereq Fit: 1.00, Effect: 0.85)"
41,4,lms_onboarding,LMS Navigation Tutorial,0.7788,"Đề xuất 'LMS Navigation Tutorial' được lựa chọn vì nó hỗ trợ khắc phục tình trạng học lực đầu vào chưa tốt, đáp ứng nhu cầu cải thiện kết quả học tập hiện tại, vừa sức với năng lực hiện tại của bạn, phù hợp với thời gian học tập hàng tuần của bạn. (Risk Match: 0.49, Perf Need: 0.76, Diff Fit: 1.00, Time Fit: 1.00, Prereq Fit: 1.00, Effect: 0.80)"
41,5,parent_sync,Parent-Teacher Engagement Sync,0.7738,"Đề xuất 'Parent-Teacher Engagement Sync' được lựa chọn vì nó hỗ trợ khắc phục tình trạng học lực đầu vào chưa tốt, đáp ứng nhu cầu cải thiện kết quả học tập hiện tại, vừa sức với năng lực hiện tại của bạn, phù hợp với thời gian học tập hàng tuần của bạn. (Risk Match: 0.49, Perf Need: 0.76, Diff Fit: 1.00, Time Fit: 1.00, Prereq Fit: 1.00, Effect: 0.75)"
42,1,academic_coaching,Biweekly Academic Coaching,0.8145,"Đề xuất 'Biweekly Academic Coaching' được lựa chọn vì nó hỗ trợ khắc phục tình trạng xu hướng điểm số đang giảm, đáp ứng nhu cầu cải thiện kết quả học tập hiện tại, vừa sức với năng lực hiện tại của bạn, phù hợp với thời gian học tập hàng tuần của bạn. (Risk Match: 0.71, Perf Need: 0.66, Diff Fit: 1.00, Time Fit: 1.00, Prereq Fit: 1.00, Effect: 0.70)"
42,2,extra_exercises,Targeted Practice Exercises,0.681,"Đề xuất 'Targeted Practice Exercises' được lựa chọn vì nó hỗ trợ khắc phục tình trạng xu hướng điểm số đang giảm, đáp ứng nhu cầu cải thiện kết quả học tập hiện tại, phù hợp với thời gian học tập hàng tuần của bạn. (Risk Match: 0.71, Perf Need: 0.77, Diff Fit: 0.50, Time Fit: 1.00, Prereq Fit: 0.00, Effect: 0.90)"
42,3,peer_tutoring,Peer-Led Study Tutoring,0.5857,"Đề xuất 'Peer-Led Study Tutoring' được lựa chọn vì nó đáp ứng nhu cầu cải thiện kết quả học tập hiện tại, phù hợp với thời gian học tập hàng tuần của bạn. (Risk Match: 0.09, Perf Need: 0.77, Diff Fit: 0.50, Time Fit: 1.00, Prereq Fit: 1.00, Effect: 0.80)"
42,4,remedial_class,Remedial Topic Bootcamps,0.4257,"Đề xuất 'Remedial Topic Bootcamps' được lựa chọn vì nó đáp ứng nhu cầu cải thiện kết quả học tập hiện tại, phù hợp với thời gian học tập hàng tuần của bạn. (Risk Match: 0.09, Perf Need: 0.77, Diff Fit: 0.00, Time Fit: 1.00, Prereq Fit: 0.00, Effect: 0.95)"
43,1,advanced_seminar,Advanced Subject Seminar,0.9276,"Đề xuất 'Advanced Subject Seminar' được lựa chọn vì nó hỗ trợ khắc phục tình trạng mức độ tương tác lớp học thấp, đáp ứng nhu cầu cải thiện kết quả học tập hiện tại, vừa sức với năng lực hiện tại của bạn, phù hợp với thời gian học tập hàng tuần của bạn. (Risk Match: 1.00, Perf Need: 0.84, Diff Fit: 1.00, Time Fit: 1.00, Prereq Fit: 1.00, Effect: 0.60)"
43,2,study_group,Facilitated Study Group,0.5663,"Đề xuất 'Facilitated Study Group' được lựa chọn vì nó hỗ trợ khắc phục tình trạng mức độ tương tác lớp học thấp, phù hợp với thời gian học tập hàng tuần của bạn. (Risk Match: 0.50, Perf Need: 0.08, Diff Fit: 0.50, Time Fit: 1.00, Prereq Fit: 1.00, Effect: 0.75)"
43,3,interactive_quiz,LMS Interactive Quizzing,0.5348,"Đề xuất 'LMS Interactive Quizzing' được lựa chọn vì nó hỗ trợ khắc phục tình trạng mức độ tương tác lớp học thấp, phù hợp với thời gian học tập hàng tuần của bạn. (Risk Match: 0.50, Perf Need: 0.25, Diff Fit: 0.00, Time Fit: 1.00, Prereq Fit: 1.00, Effect: 0.85)"
43,4,lms_onboarding,LMS Navigation Tutorial,0.5298,"Đề xuất 'LMS Navigation Tutorial' được lựa chọn vì nó hỗ trợ khắc phục tình trạng mức độ tương tác lớp học thấp, phù hợp với thời gian học tập hàng tuần của bạn. (Risk Match: 0.50, Perf Need: 0.25, Diff Fit: 0.00, Time Fit: 1.00, Prereq Fit: 1.00, Effect: 0.80)"
43,5,parent_sync,Parent-Teacher Engagement Sync,0.5248,"Đề xuất 'Parent-Teacher Engagement Sync' được lựa chọn vì nó hỗ trợ khắc phục tình trạng mức độ tương tác lớp học thấp, phù hợp với thời gian học tập hàng tuần của bạn. (Risk Match: 0.50, Perf Need: 0.25, Diff Fit: 0.00, Time Fit: 1.00, Prereq Fit: 1.00, Effect: 0.75)"
44,1,interactive_quiz,LMS Interactive Quizzing,0.9364,"Đề xuất 'LMS Interactive Quizzing' được lựa chọn vì nó hỗ trợ khắc phục tình trạng học lực đầu vào chưa tốt, đáp ứng nhu cầu cải thiện kết quả học tập hiện tại, vừa sức với năng lực hiện tại của bạn, phù hợp với thời gian học tập hàng tuần của bạn. (Risk Match: 0.97, Perf Need: 0.80, Diff Fit: 1.00, Time Fit: 1.00, Prereq Fit: 1.00, Effect: 0.85)"
44,2,lms_onboarding,LMS Navigation Tutorial,0.9314,"Đề xuất 'LMS Navigation Tutorial' được lựa chọn vì nó hỗ trợ khắc phục tình trạng học lực đầu vào chưa tốt, đáp ứng nhu cầu cải thiện kết quả học tập hiện tại, vừa sức với năng lực hiện tại của bạn, phù hợp với thời gian học tập hàng tuần của bạn. (Risk Match: 0.97, Perf Need: 0.80, Diff Fit: 1.00, Time Fit: 1.00, Prereq Fit: 1.00, Effect: 0.80)"
44,3,parent_sync,Parent-Teacher Engagement Sync,0.9264,"Đề xuất 'Parent-Teacher Engagement Sync' được lựa chọn vì nó hỗ trợ khắc phục tình trạng học lực đầu vào chưa tốt, đáp ứng nhu cầu cải thiện kết quả học tập hiện tại, vừa sức với năng lực hiện tại của bạn, phù hợp với thời gian học tập hàng tuần của bạn. (Risk Match: 0.97, Perf Need: 0.80, Diff Fit: 1.00, Time Fit: 1.00, Prereq Fit: 1.00, Effect: 0.75)"
44,4,academic_coaching,Biweekly Academic Coaching,0.9183,"Đề xuất 'Biweekly Academic Coaching' được lựa chọn vì nó hỗ trợ khắc phục tình trạng học lực đầu vào chưa tốt, đáp ứng nhu cầu cải thiện kết quả học tập hiện tại, vừa sức với năng lực hiện tại của bạn, phù hợp với thời gian học tập hàng tuần của bạn. (Risk Match: 0.96, Perf Need: 0.80, Diff Fit: 1.00, Time Fit: 1.00, Prereq Fit: 1.00, Effect: 0.70)"
44,5,peer_tutoring,Peer-Led Study Tutoring,0.9037,"Đề xuất 'Peer-Led Study Tutoring' được lựa chọn vì nó hỗ trợ khắc phục tình trạng học lực đầu vào chưa tốt, đáp ứng nhu cầu cải thiện kết quả học tập hiện tại, phù hợp với thời gian học tập hàng tuần của bạn. (Risk Match: 1.00, Perf Need: 0.99, Diff Fit: 0.50, Time Fit: 1.00, Prereq Fit: 1.00, Effect: 0.80)"
45,1,peer_tutoring,Peer-Led Study Tutoring,0.9008,"Đề xuất 'Peer-Led Study Tutoring' được lựa chọn vì nó hỗ trợ khắc phục tình trạng học lực đầu vào chưa tốt, đáp ứng nhu cầu cải thiện kết quả học tập hiện tại, phù hợp với thời gian học tập hàng tuần của bạn. (Risk Match: 1.00, Perf Need: 0.98, Diff Fit: 0.50, Time Fit: 1.00, Prereq Fit: 1.00, Effect: 0.80)"
45,2,extra_exercises,Targeted Practice Exercises,0.8108,"Đề xuất 'Targeted Practice Exercises' được lựa chọn vì nó hỗ trợ khắc phục tình trạng học lực đầu vào chưa tốt, đáp ứng nhu cầu cải thiện kết quả học tập hiện tại, phù hợp với thời gian học tập hàng tuần của bạn. (Risk Match: 1.00, Perf Need: 0.98, Diff Fit: 0.50, Time Fit: 1.00, Prereq Fit: 0.00, Effect: 0.90)"
45,3,interactive_quiz,LMS Interactive Quizzing,0.7823,"Đề xuất 'LMS Interactive Quizzing' được lựa chọn vì nó hỗ trợ khắc phục tình trạng học lực đầu vào chưa tốt, đáp ứng nhu cầu cải thiện kết quả học tập hiện tại, vừa sức với năng lực hiện tại của bạn, phù hợp với thời gian học tập hàng tuần của bạn. (Risk Match: 0.47, Perf Need: 0.79, Diff Fit: 1.00, Time Fit: 1.00, Prereq Fit: 1.00, Effect: 0.85)"
45,4,lms_onboarding,LMS Navigation Tutorial,0.7773,"Đề xuất 'LMS Navigation Tutorial' được lựa chọn vì nó hỗ trợ khắc phục tình trạng học lực đầu vào chưa tốt, đáp ứng nhu cầu cải thiện kết quả học tập hiện tại, vừa sức với năng lực hiện tại của bạn, phù hợp với thời gian học tập hàng tuần của bạn. (Risk Match: 0.47, Perf Need: 0.79, Diff Fit: 1.00, Time Fit: 1.00, Prereq Fit: 1.00, Effect: 0.80)"
45,5,parent_sync,Parent-Teacher Engagement Sync,0.7723,"Đề xuất 'Parent-Teacher Engagement Sync' được lựa chọn vì nó hỗ trợ khắc phục tình trạng học lực đầu vào chưa tốt, đáp ứng nhu cầu cải thiện kết quả học tập hiện tại, vừa sức với năng lực hiện tại của bạn, phù hợp với thời gian học tập hàng tuần của bạn. (Risk Match: 0.47, Perf Need: 0.79, Diff Fit: 1.00, Time Fit: 1.00, Prereq Fit: 1.00, Effect: 0.75)"
46,1,advanced_seminar,Advanced Subject Seminar,0.8944,"Đề xuất 'Advanced Subject Seminar' được lựa chọn vì nó hỗ trợ khắc phục tình trạng rủi ro nghỉ học nhiều, đáp ứng nhu cầu cải thiện kết quả học tập hiện tại, vừa sức với năng lực hiện tại của bạn. (Risk Match: 1.00, Perf Need: 0.97, Diff Fit: 1.00, Time Fit: 0.60, Prereq Fit: 1.00, Effect: 0.60)"
46,2,remedial_class,Remedial Topic Bootcamps,0.7078,"Đề xuất 'Remedial Topic Bootcamps' được lựa chọn vì nó hỗ trợ khắc phục tình trạng rủi ro nghỉ học nhiều, vừa sức với năng lực hiện tại của bạn. (Risk Match: 1.00, Perf Need: 0.01, Diff Fit: 1.00, Time Fit: 0.40, Prereq Fit: 1.00, Effect: 0.95)"
46,3,attendance_monitoring,Daily Attendance Monitoring,0.6817,"Đề xuất 'Daily Attendance Monitoring' được lựa chọn vì nó hỗ trợ khắc phục tình trạng rủi ro nghỉ học nhiều, phù hợp với thời gian học tập hàng tuần của bạn. (Risk Match: 1.00, Perf Need: 0.21, Diff Fit: 0.00, Time Fit: 1.00, Prereq Fit: 1.00, Effect: 0.90)"
46,4,peer_tutoring,Peer-Led Study Tutoring,0.6778,"Đề xuất 'Peer-Led Study Tutoring' được lựa chọn vì nó hỗ trợ khắc phục tình trạng rủi ro nghỉ học nhiều, phù hợp với thời gian học tập hàng tuần của bạn. (Risk Match: 1.00, Perf Need: 0.01, Diff Fit: 0.50, Time Fit: 0.80, Prereq Fit: 1.00, Effect: 0.80)"
46,5,counselor_meeting,Academic Counselor Consultation,0.6767,"Đề xuất 'Academic Counselor Consultation' được lựa chọn vì nó hỗ trợ khắc phục tình trạng rủi ro nghỉ học nhiều, phù hợp với thời gian học tập hàng tuần của bạn. (Risk Match: 1.00, Perf Need: 0.21, Diff Fit: 0.00, Time Fit: 1.00, Prereq Fit: 1.00, Effect: 0.85)"
47,1,study_group,Facilitated Study Group,0.8732,"Đề xuất 'Facilitated Study Group' được lựa chọn vì nó hỗ trợ khắc phục tình trạng rủi ro nghỉ học nhiều, đáp ứng nhu cầu cải thiện kết quả học tập hiện tại, vừa sức với năng lực hiện tại của bạn, phù hợp với thời gian học tập hàng tuần của bạn. (Risk Match: 0.99, Perf Need: 0.50, Diff Fit: 1.00, Time Fit: 1.00, Prereq Fit: 1.00, Effect: 0.75)"
47,2,attendance_monitoring,Daily Attendance Monitoring,0.8151,"Đề xuất 'Daily Attendance Monitoring' được lựa chọn vì nó hỗ trợ khắc phục tình trạng rủi ro nghỉ học nhiều, đáp ứng nhu cầu cải thiện kết quả học tập hiện tại, phù hợp với thời gian học tập hàng tuần của bạn. (Risk Match: 1.00, Perf Need: 0.50, Diff Fit: 0.50, Time Fit: 1.00, Prereq Fit: 1.00, Effect: 0.90)"
47,3,counselor_meeting,Academic Counselor Consultation,0.8101,"Đề xuất 'Academic Counselor Consultation' được lựa chọn vì nó hỗ trợ khắc phục tình trạng rủi ro nghỉ học nhiều, đáp ứng nhu cầu cải thiện kết quả học tập hiện tại, phù hợp với thời gian học tập hàng tuần của bạn. (Risk Match: 1.00, Perf Need: 0.50, Diff Fit: 0.50, Time Fit: 1.00, Prereq Fit: 1.00, Effect: 0.85)"
47,4,interactive_quiz,LMS Interactive Quizzing,0.808,"Đề xuất 'LMS Interactive Quizzing' được lựa chọn vì nó hỗ trợ khắc phục tình trạng rủi ro nghỉ học nhiều, đáp ứng nhu cầu cải thiện kết quả học tập hiện tại, phù hợp với thời gian học tập hàng tuần của bạn. (Risk Match: 0.99, Perf Need: 0.50, Diff Fit: 0.50, Time Fit: 1.00, Prereq Fit: 1.00, Effect: 0.85)"
47,5,lms_onboarding,LMS Navigation Tutorial,0.803,"Đề xuất 'LMS Navigation Tutorial' được lựa chọn vì nó hỗ trợ khắc phục tình trạng rủi ro nghỉ học nhiều, đáp ứng nhu cầu cải thiện kết quả học tập hiện tại, phù hợp với thời gian học tập hàng tuần của bạn. (Risk Match: 0.99, Perf Need: 0.50, Diff Fit: 0.50, Time Fit: 1.00, Prereq Fit: 1.00, Effect: 0.80)"
48,1,time_planning,Time Management Workshop,0.9061,"Đề xuất 'Time Management Workshop' được lựa chọn vì nó hỗ trợ khắc phục tình trạng học lực đầu vào chưa tốt, đáp ứng nhu cầu cải thiện kết quả học tập hiện tại, vừa sức với năng lực hiện tại của bạn, phù hợp với thời gian học tập hàng tuần của bạn. (Risk Match: 1.00, Perf Need: 0.68, Diff Fit: 1.00, Time Fit: 1.00, Prereq Fit: 1.00, Effect: 0.70)"
48,2,lms_onboarding,LMS Navigation Tutorial,0.867,"Đề xuất 'LMS Navigation Tutorial' được lựa chọn vì nó hỗ trợ khắc phục tình trạng học lực đầu vào chưa tốt, đáp ứng nhu cầu cải thiện kết quả học tập hiện tại, vừa sức với năng lực hiện tại của bạn, phù hợp với thời gian học tập hàng tuần của bạn. (Risk Match: 0.84, Perf Need: 0.68, Diff Fit: 1.00, Time Fit: 1.00, Prereq Fit: 1.00, Effect: 0.80)"
48,3,parent_sync,Parent-Teacher Engagement Sync,0.862,"Đề xuất 'Parent-Teacher Engagement Sync' được lựa chọn vì nó hỗ trợ khắc phục tình trạng học lực đầu vào chưa tốt, đáp ứng nhu cầu cải thiện kết quả học tập hiện tại, vừa sức với năng lực hiện tại của bạn, phù hợp với thời gian học tập hàng tuần của bạn. (Risk Match: 0.84, Perf Need: 0.68, Diff Fit: 1.00, Time Fit: 1.00, Prereq Fit: 1.00, Effect: 0.75)"
48,4,interactive_quiz,LMS Interactive Quizzing,0.857,"Đề xuất 'LMS Interactive Quizzing' được lựa chọn vì nó hỗ trợ khắc phục tình trạng học lực đầu vào chưa tốt, đáp ứng nhu cầu cải thiện kết quả học tập hiện tại, vừa sức với năng lực hiện tại của bạn, phù hợp với thời gian học tập hàng tuần của bạn. (Risk Match: 0.84, Perf Need: 0.68, Diff Fit: 1.00, Time Fit: 0.90, Prereq Fit: 1.00, Effect: 0.85)"
48,5,peer_tutoring,Peer-Led Study Tutoring,0.8352,"Đề xuất 'Peer-Led Study Tutoring' được lựa chọn vì nó hỗ trợ khắc phục tình trạng học lực đầu vào chưa tốt, đáp ứng nhu cầu cải thiện kết quả học tập hiện tại, phù hợp với thời gian học tập hàng tuần của bạn. (Risk Match: 1.00, Perf Need: 0.80, Diff Fit: 0.50, Time Fit: 0.80, Prereq Fit: 1.00, Effect: 0.80)"
49,1,peer_tutoring,Peer-Led Study Tutoring,0.9196,"Đề xuất 'Peer-Led Study Tutoring' được lựa chọn vì nó hỗ trợ khắc phục tình trạng học lực đầu vào chưa tốt, đáp ứng nhu cầu cải thiện kết quả học tập hiện tại, vừa sức với năng lực hiện tại của bạn, phù hợp với thời gian học tập hàng tuần của bạn. (Risk Match: 1.00, Perf Need: 0.70, Diff Fit: 1.00, Time Fit: 1.00, Prereq Fit: 1.00, Effect: 0.80)"
49,2,study_group,Facilitated Study Group,0.9145,"Đề xuất 'Facilitated Study Group' được lựa chọn vì nó hỗ trợ khắc phục tình trạng học lực đầu vào chưa tốt, đáp ứng nhu cầu cải thiện kết quả học tập hiện tại, vừa sức với năng lực hiện tại của bạn, phù hợp với thời gian học tập hàng tuần của bạn. (Risk Match: 1.00, Perf Need: 0.70, Diff Fit: 1.00, Time Fit: 1.00, Prereq Fit: 1.00, Effect: 0.75)"
49,3,extra_exercises,Targeted Practice Exercises,0.8996,"Đề xuất 'Targeted Practice Exercises' được lựa chọn vì nó hỗ trợ khắc phục tình trạng học lực đầu vào chưa tốt, đáp ứng nhu cầu cải thiện kết quả học tập hiện tại, vừa sức với năng lực hiện tại của bạn, phù hợp với thời gian học tập hàng tuần của bạn. (Risk Match: 1.00, Perf Need: 0.70, Diff Fit: 1.00, Time Fit: 0.80, Prereq Fit: 1.00, Effect: 0.90)"
49,4,time_planning,Time Management Workshop,0.8187,"Đề xuất 'Time Management Workshop' được lựa chọn vì nó hỗ trợ khắc phục tình trạng học lực đầu vào chưa tốt, đáp ứng nhu cầu cải thiện kết quả học tập hiện tại, phù hợp với thời gian học tập hàng tuần của bạn. (Risk Match: 1.00, Perf Need: 0.62, Diff Fit: 0.50, Time Fit: 1.00, Prereq Fit: 1.00, Effect: 0.70)"
49,5,interactive_quiz,LMS Interactive Quizzing,0.8162,"Đề xuất 'LMS Interactive Quizzing' được lựa chọn vì nó hỗ trợ khắc phục tình trạng học lực đầu vào chưa tốt, đáp ứng nhu cầu cải thiện kết quả học tập hiện tại, phù hợp với thời gian học tập hàng tuần của bạn. (Risk Match: 0.94, Perf Need: 0.62, Diff Fit: 0.50, Time Fit: 1.00, Prereq Fit: 1.00, Effect: 0.85)"
50,1,academic_coaching,Biweekly Academic Coaching,0.9248,"Đề xuất 'Biweekly Academic Coaching' được lựa chọn vì nó hỗ trợ khắc phục tình trạng học lực đầu vào chưa tốt, đáp ứng nhu cầu cải thiện kết quả học tập hiện tại, vừa sức với năng lực hiện tại của bạn, phù hợp với thời gian học tập hàng tuần của bạn. (Risk Match: 0.99, Perf Need: 0.79, Diff Fit: 1.00, Time Fit: 1.00, Prereq Fit: 1.00, Effect: 0.70)"
50,2,interactive_quiz,LMS Interactive Quizzing,0.9061,"Đề xuất 'LMS Interactive Quizzing' được lựa chọn vì nó hỗ trợ khắc phục tình trạng học lực đầu vào chưa tốt, đáp ứng nhu cầu cải thiện kết quả học tập hiện tại, vừa sức với năng lực hiện tại của bạn, phù hợp với thời gian học tập hàng tuần của bạn. (Risk Match: 0.88, Perf Need: 0.79, Diff Fit: 1.00, Time Fit: 1.00, Prereq Fit: 1.00, Effect: 0.85)"
50,3,peer_tutoring,Peer-Led Study Tutoring,0.9023,"Đề xuất 'Peer-Led Study Tutoring' được lựa chọn vì nó hỗ trợ khắc phục tình trạng học lực đầu vào chưa tốt, đáp ứng nhu cầu cải thiện kết quả học tập hiện tại, phù hợp với thời gian học tập hàng tuần của bạn. (Risk Match: 1.00, Perf Need: 0.99, Diff Fit: 0.50, Time Fit: 1.00, Prereq Fit: 1.00, Effect: 0.80)"
50,4,lms_onboarding,LMS Navigation Tutorial,0.9011,"Đề xuất 'LMS Navigation Tutorial' được lựa chọn vì nó hỗ trợ khắc phục tình trạng học lực đầu vào chưa tốt, đáp ứng nhu cầu cải thiện kết quả học tập hiện tại, vừa sức với năng lực hiện tại của bạn, phù hợp với thời gian học tập hàng tuần của bạn. (Risk Match: 0.88, Perf Need: 0.79, Diff Fit: 1.00, Time Fit: 1.00, Prereq Fit: 1.00, Effect: 0.80)"
50,5,parent_sync,Parent-Teacher Engagement Sync,0.8961,"Đề xuất 'Parent-Teacher Engagement Sync' được lựa chọn vì nó hỗ trợ khắc phục tình trạng học lực đầu vào chưa tốt, đáp ứng nhu cầu cải thiện kết quả học tập hiện tại, vừa sức với năng lực hiện tại của bạn, phù hợp với thời gian học tập hàng tuần của bạn. (Risk Match: 0.88, Perf Need: 0.79, Diff Fit: 1.00, Time Fit: 1.00, Prereq Fit: 1.00, Effect: 0.75)"
51,1,advanced_seminar,Advanced Subject Seminar,0.8297,"Đề xuất 'Advanced Subject Seminar' được lựa chọn vì nó hỗ trợ khắc phục tình trạng thời gian tự học chưa đủ, đáp ứng nhu cầu cải thiện kết quả học tập hiện tại, vừa sức với năng lực hiện tại của bạn, phù hợp với thời gian học tập hàng tuần của bạn. (Risk Match: 1.00, Perf Need: 0.56, Diff Fit: 1.00, Time Fit: 0.72, Prereq Fit: 1.00, Effect: 0.60)"
51,2,study_group,Facilitated Study Group,0.7323,"Đề xuất 'Facilitated Study Group' được lựa chọn vì nó hỗ trợ khắc phục tình trạng thời gian tự học chưa đủ, phù hợp với thời gian học tập hàng tuần của bạn. (Risk Match: 1.00, Perf Need: 0.22, Diff Fit: 0.50, Time Fit: 0.92, Prereq Fit: 1.00, Effect: 0.75)"
51,3,time_planning,Time Management Workshop,0.6865,"Đề xuất 'Time Management Workshop' được lựa chọn vì nó hỗ trợ khắc phục tình trạng thời gian tự học chưa đủ, phù hợp với thời gian học tập hàng tuần của bạn. (Risk Match: 1.00, Perf Need: 0.33, Diff Fit: 0.00, Time Fit: 1.00, Prereq Fit: 1.00, Effect: 0.70)"
51,4,interactive_quiz,LMS Interactive Quizzing,0.6257,"Đề xuất 'LMS Interactive Quizzing' được lựa chọn vì nó hỗ trợ khắc phục tình trạng thời gian tự học chưa đủ, phù hợp với thời gian học tập hàng tuần của bạn. (Risk Match: 0.75, Perf Need: 0.33, Diff Fit: 0.00, Time Fit: 1.00, Prereq Fit: 1.00, Effect: 0.85)"
51,5,lms_onboarding,LMS Navigation Tutorial,0.6207,"Đề xuất 'LMS Navigation Tutorial' được lựa chọn vì nó hỗ trợ khắc phục tình trạng thời gian tự học chưa đủ, phù hợp với thời gian học tập hàng tuần của bạn. (Risk Match: 0.75, Perf Need: 0.33, Diff Fit: 0.00, Time Fit: 1.00, Prereq Fit: 1.00, Effect: 0.80)"
52,1,study_group,Facilitated Study Group,0.8545,"Đề xuất 'Facilitated Study Group' được lựa chọn vì nó hỗ trợ khắc phục tình trạng mức độ tương tác lớp học thấp, đáp ứng nhu cầu cải thiện kết quả học tập hiện tại, vừa sức với năng lực hiện tại của bạn, phù hợp với thời gian học tập hàng tuần của bạn. (Risk Match: 0.93, Perf Need: 0.50, Diff Fit: 1.00, Time Fit: 1.00, Prereq Fit: 1.00, Effect: 0.75)"
52,2,interactive_quiz,LMS Interactive Quizzing,0.7892,"Đề xuất 'LMS Interactive Quizzing' được lựa chọn vì nó hỗ trợ khắc phục tình trạng mức độ tương tác lớp học thấp, đáp ứng nhu cầu cải thiện kết quả học tập hiện tại, phù hợp với thời gian học tập hàng tuần của bạn. (Risk Match: 0.93, Perf Need: 0.50, Diff Fit: 0.50, Time Fit: 1.00, Prereq Fit: 1.00, Effect: 0.85)"
52,3,lms_onboarding,LMS Navigation Tutorial,0.7842,"Đề xuất 'LMS Navigation Tutorial' được lựa chọn vì nó hỗ trợ khắc phục tình trạng mức độ tương tác lớp học thấp, đáp ứng nhu cầu cải thiện kết quả học tập hiện tại, phù hợp với thời gian học tập hàng tuần của bạn. (Risk Match: 0.93, Perf Need: 0.50, Diff Fit: 0.50, Time Fit: 1.00, Prereq Fit: 1.00, Effect: 0.80)"
52,4,parent_sync,Parent-Teacher Engagement Sync,0.7792,"Đề xuất 'Parent-Teacher Engagement Sync' được lựa chọn vì nó hỗ trợ khắc phục tình trạng mức độ tương tác lớp học thấp, đáp ứng nhu cầu cải thiện kết quả học tập hiện tại, phù hợp với thời gian học tập hàng tuần của bạn. (Risk Match: 0.93, Perf Need: 0.50, Diff Fit: 0.50, Time Fit: 1.00, Prereq Fit: 1.00, Effect: 0.75)"
53,1,attendance_monitoring,Daily Attendance Monitoring,0.8215,"Đề xuất 'Daily Attendance Monitoring' được lựa chọn vì nó hỗ trợ khắc phục tình trạng rủi ro nghỉ học nhiều, đáp ứng nhu cầu cải thiện kết quả học tập hiện tại, phù hợp với thời gian học tập hàng tuần của bạn. (Risk Match: 1.00, Perf Need: 0.53, Diff Fit: 0.50, Time Fit: 1.00, Prereq Fit: 1.00, Effect: 0.90)"
53,2,counselor_meeting,Academic Counselor Consultation,0.8165,"Đề xuất 'Academic Counselor Consultation' được lựa chọn vì nó hỗ trợ khắc phục tình trạng rủi ro nghỉ học nhiều, đáp ứng nhu cầu cải thiện kết quả học tập hiện tại, phù hợp với thời gian học tập hàng tuần của bạn. (Risk Match: 1.00, Perf Need: 0.53, Diff Fit: 0.50, Time Fit: 1.00, Prereq Fit: 1.00, Effect: 0.85)"
53,3,study_group,Facilitated Study Group,0.7468,"Đề xuất 'Facilitated Study Group' được lựa chọn vì nó hỗ trợ khắc phục tình trạng rủi ro nghỉ học nhiều, đáp ứng nhu cầu cải thiện kết quả học tập hiện tại, vừa sức với năng lực hiện tại của bạn, phù hợp với thời gian học tập hàng tuần của bạn. (Risk Match: 0.64, Perf Need: 0.55, Diff Fit: 1.00, Time Fit: 0.80, Prereq Fit: 1.00, Effect: 0.75)"
53,4,peer_tutoring,Peer-Led Study Tutoring,0.7037,"Đề xuất 'Peer-Led Study Tutoring' được lựa chọn vì nó hỗ trợ khắc phục tình trạng rủi ro nghỉ học nhiều, đáp ứng nhu cầu cải thiện kết quả học tập hiện tại, vừa sức với năng lực hiện tại của bạn, phù hợp với thời gian học tập hàng tuần của bạn. (Risk Match: 0.48, Perf Need: 0.55, Diff Fit: 1.00, Time Fit: 0.80, Prereq Fit: 1.00, Effect: 0.80)"
53,5,lms_onboarding,LMS Navigation Tutorial,0.7025,"Đề xuất 'LMS Navigation Tutorial' được lựa chọn vì nó hỗ trợ khắc phục tình trạng rủi ro nghỉ học nhiều, đáp ứng nhu cầu cải thiện kết quả học tập hiện tại, phù hợp với thời gian học tập hàng tuần của bạn. (Risk Match: 0.64, Perf Need: 0.53, Diff Fit: 0.50, Time Fit: 1.00, Prereq Fit: 1.00, Effect: 0.80)"
54,1,academic_coaching,Biweekly Academic Coaching,0.9297,"Đề xuất 'Biweekly Academic Coaching' được lựa chọn vì nó hỗ trợ khắc phục tình trạng xu hướng điểm số đang giảm, đáp ứng nhu cầu cải thiện kết quả học tập hiện tại, vừa sức với năng lực hiện tại của bạn, phù hợp với thời gian học tập hàng tuần của bạn. (Risk Match: 1.00, Perf Need: 0.80, Diff Fit: 1.00, Time Fit: 1.00, Prereq Fit: 1.00, Effect: 0.70)"
54,2,peer_tutoring,Peer-Led Study Tutoring,0.9044,"Đề xuất 'Peer-Led Study Tutoring' được lựa chọn vì nó hỗ trợ khắc phục tình trạng xu hướng điểm số đang giảm, đáp ứng nhu cầu cải thiện kết quả học tập hiện tại, phù hợp với thời gian học tập hàng tuần của bạn. (Risk Match: 1.00, Perf Need: 1.00, Diff Fit: 0.50, Time Fit: 1.00, Prereq Fit: 1.00, Effect: 0.80)"
54,3,interactive_quiz,LMS Interactive Quizzing,0.8636,"Đề xuất 'LMS Interactive Quizzing' được lựa chọn vì nó hỗ trợ khắc phục tình trạng xu hướng điểm số đang giảm, đáp ứng nhu cầu cải thiện kết quả học tập hiện tại, vừa sức với năng lực hiện tại của bạn, phù hợp với thời gian học tập hàng tuần của bạn. (Risk Match: 0.73, Perf Need: 0.80, Diff Fit: 1.00, Time Fit: 1.00, Prereq Fit: 1.00, Effect: 0.85)"
54,4,lms_onboarding,LMS Navigation Tutorial,0.8586,"Đề xuất 'LMS Navigation Tutorial' được lựa chọn vì nó hỗ trợ khắc phục tình trạng xu hướng điểm số đang giảm, đáp ứng nhu cầu cải thiện kết quả học tập hiện tại, vừa sức với năng lực hiện tại của bạn, phù hợp với thời gian học tập hàng tuần của bạn. (Risk Match: 0.73, Perf Need: 0.80, Diff Fit: 1.00, Time Fit: 1.00, Prereq Fit: 1.00, Effect: 0.80)"
54,5,parent_sync,Parent-Teacher Engagement Sync,0.8536,"Đề xuất 'Parent-Teacher Engagement Sync' được lựa chọn vì nó hỗ trợ khắc phục tình trạng xu hướng điểm số đang giảm, đáp ứng nhu cầu cải thiện kết quả học tập hiện tại, vừa sức với năng lực hiện tại của bạn, phù hợp với thời gian học tập hàng tuần của bạn. (Risk Match: 0.73, Perf Need: 0.80, Diff Fit: 1.00, Time Fit: 1.00, Prereq Fit: 1.00, Effect: 0.75)"
55,1,extra_exercises,Targeted Practice Exercises,0.8631,"Đề xuất 'Targeted Practice Exercises' được lựa chọn vì nó hỗ trợ khắc phục tình trạng xu hướng điểm số đang giảm, vừa sức với năng lực hiện tại của bạn, phù hợp với thời gian học tập hàng tuần của bạn. (Risk Match: 0.98, Perf Need: 0.40, Diff Fit: 1.00, Time Fit: 1.00, Prereq Fit: 1.00, Effect: 0.90)"
55,2,academic_coaching,Biweekly Academic Coaching,0.7765,"Đề xuất 'Biweekly Academic Coaching' được lựa chọn vì nó hỗ trợ khắc phục tình trạng xu hướng điểm số đang giảm, phù hợp với thời gian học tập hàng tuần của bạn. (Risk Match: 0.98, Perf Need: 0.44, Diff Fit: 0.50, Time Fit: 1.00, Prereq Fit: 1.00, Effect: 0.70)"
55,3,study_group,Facilitated Study Group,0.6309,"Đề xuất 'Facilitated Study Group' được lựa chọn vì nó vừa sức với năng lực hiện tại của bạn, phù hợp với thời gian học tập hàng tuần của bạn. (Risk Match: 0.26, Perf Need: 0.40, Diff Fit: 1.00, Time Fit: 1.00, Prereq Fit: 1.00, Effect: 0.75)"
55,4,interactive_quiz,LMS Interactive Quizzing,0.5743,"Đề xuất 'LMS Interactive Quizzing' được lựa chọn vì nó phù hợp với thời gian học tập hàng tuần của bạn. (Risk Match: 0.26, Perf Need: 0.44, Diff Fit: 0.50, Time Fit: 1.00, Prereq Fit: 1.00, Effect: 0.85)"
55,5,lms_onboarding,LMS Navigation Tutorial,0.5693,"Đề xuất 'LMS Navigation Tutorial' được lựa chọn vì nó phù hợp với thời gian học tập hàng tuần của bạn. (Risk Match: 0.26, Perf Need: 0.44, Diff Fit: 0.50, Time Fit: 1.00, Prereq Fit: 1.00, Effect: 0.80)"
56,1,attendance_monitoring,Daily Attendance Monitoring,0.9431,"Đề xuất 'Daily Attendance Monitoring' được lựa chọn vì nó hỗ trợ khắc phục tình trạng rủi ro nghỉ học nhiều, đáp ứng nhu cầu cải thiện kết quả học tập hiện tại, vừa sức với năng lực hiện tại của bạn, phù hợp với thời gian học tập hàng tuần của bạn. (Risk Match: 1.00, Perf Need: 0.77, Diff Fit: 1.00, Time Fit: 1.00, Prereq Fit: 1.00, Effect: 0.90)"
56,2,counselor_meeting,Academic Counselor Consultation,0.9381,"Đề xuất 'Academic Counselor Consultation' được lựa chọn vì nó hỗ trợ khắc phục tình trạng rủi ro nghỉ học nhiều, đáp ứng nhu cầu cải thiện kết quả học tập hiện tại, vừa sức với năng lực hiện tại của bạn, phù hợp với thời gian học tập hàng tuần của bạn. (Risk Match: 1.00, Perf Need: 0.77, Diff Fit: 1.00, Time Fit: 1.00, Prereq Fit: 1.00, Effect: 0.85)"
56,3,lms_onboarding,LMS Navigation Tutorial,0.9081,"Đề xuất 'LMS Navigation Tutorial' được lựa chọn vì nó hỗ trợ khắc phục tình trạng rủi ro nghỉ học nhiều, đáp ứng nhu cầu cải thiện kết quả học tập hiện tại, vừa sức với năng lực hiện tại của bạn, phù hợp với thời gian học tập hàng tuần của bạn. (Risk Match: 0.92, Perf Need: 0.77, Diff Fit: 1.00, Time Fit: 1.00, Prereq Fit: 1.00, Effect: 0.80)"
56,4,academic_coaching,Biweekly Academic Coaching,0.908,"Đề xuất 'Biweekly Academic Coaching' được lựa chọn vì nó hỗ trợ khắc phục tình trạng rủi ro nghỉ học nhiều, đáp ứng nhu cầu cải thiện kết quả học tập hiện tại, vừa sức với năng lực hiện tại của bạn, phù hợp với thời gian học tập hàng tuần của bạn. (Risk Match: 1.00, Perf Need: 0.77, Diff Fit: 1.00, Time Fit: 0.90, Prereq Fit: 1.00, Effect: 0.70)"
56,5,parent_sync,Parent-Teacher Engagement Sync,0.9031,"Đề xuất 'Parent-Teacher Engagement Sync' được lựa chọn vì nó hỗ trợ khắc phục tình trạng rủi ro nghỉ học nhiều, đáp ứng nhu cầu cải thiện kết quả học tập hiện tại, vừa sức với năng lực hiện tại của bạn, phù hợp với thời gian học tập hàng tuần của bạn. (Risk Match: 0.92, Perf Need: 0.77, Diff Fit: 1.00, Time Fit: 1.00, Prereq Fit: 1.00, Effect: 0.75)"
57,1,interactive_quiz,LMS Interactive Quizzing,0.898,"Đề xuất 'LMS Interactive Quizzing' được lựa chọn vì nó hỗ trợ khắc phục tình trạng học lực đầu vào chưa tốt, đáp ứng nhu cầu cải thiện kết quả học tập hiện tại, vừa sức với năng lực hiện tại của bạn, phù hợp với thời gian học tập hàng tuần của bạn. (Risk Match: 0.92, Perf Need: 0.68, Diff Fit: 1.00, Time Fit: 1.00, Prereq Fit: 1.00, Effect: 0.85)"
57,2,lms_onboarding,LMS Navigation Tutorial,0.893,"Đề xuất 'LMS Navigation Tutorial' được lựa chọn vì nó hỗ trợ khắc phục tình trạng học lực đầu vào chưa tốt, đáp ứng nhu cầu cải thiện kết quả học tập hiện tại, vừa sức với năng lực hiện tại của bạn, phù hợp với thời gian học tập hàng tuần của bạn. (Risk Match: 0.92, Perf Need: 0.68, Diff Fit: 1.00, Time Fit: 1.00, Prereq Fit: 1.00, Effect: 0.80)"
57,3,parent_sync,Parent-Teacher Engagement Sync,0.888,"Đề xuất 'Parent-Teacher Engagement Sync' được lựa chọn vì nó hỗ trợ khắc phục tình trạng học lực đầu vào chưa tốt, đáp ứng nhu cầu cải thiện kết quả học tập hiện tại, vừa sức với năng lực hiện tại của bạn, phù hợp với thời gian học tập hàng tuần của bạn. (Risk Match: 0.92, Perf Need: 0.68, Diff Fit: 1.00, Time Fit: 1.00, Prereq Fit: 1.00, Effect: 0.75)"
57,4,peer_tutoring,Peer-Led Study Tutoring,0.8665,"Đề xuất 'Peer-Led Study Tutoring' được lựa chọn vì nó hỗ trợ khắc phục tình trạng học lực đầu vào chưa tốt, đáp ứng nhu cầu cải thiện kết quả học tập hiện tại, phù hợp với thời gian học tập hàng tuần của bạn. (Risk Match: 1.00, Perf Need: 0.81, Diff Fit: 0.50, Time Fit: 1.00, Prereq Fit: 1.00, Effect: 0.80)"
57,5,study_group,Facilitated Study Group,0.8376,"Đề xuất 'Facilitated Study Group' được lựa chọn vì nó hỗ trợ khắc phục tình trạng học lực đầu vào chưa tốt, đáp ứng nhu cầu cải thiện kết quả học tập hiện tại, phù hợp với thời gian học tập hàng tuần của bạn. (Risk Match: 0.92, Perf Need: 0.81, Diff Fit: 0.50, Time Fit: 1.00, Prereq Fit: 1.00, Effect: 0.75)"
58,1,extra_exercises,Targeted Practice Exercises,0.892,"Đề xuất 'Targeted Practice Exercises' được lựa chọn vì nó hỗ trợ khắc phục tình trạng xu hướng điểm số đang giảm, đáp ứng nhu cầu cải thiện kết quả học tập hiện tại, vừa sức với năng lực hiện tại của bạn, phù hợp với thời gian học tập hàng tuần của bạn. (Risk Match: 1.00, Perf Need: 0.51, Diff Fit: 1.00, Time Fit: 1.00, Prereq Fit: 1.00, Effect: 0.90)"
58,2,study_group,Facilitated Study Group,0.8757,"Đề xuất 'Facilitated Study Group' được lựa chọn vì nó hỗ trợ khắc phục tình trạng xu hướng điểm số đang giảm, đáp ứng nhu cầu cải thiện kết quả học tập hiện tại, vừa sức với năng lực hiện tại của bạn, phù hợp với thời gian học tập hàng tuần của bạn. (Risk Match: 1.00, Perf Need: 0.51, Diff Fit: 1.00, Time Fit: 1.00, Prereq Fit: 1.00, Effect: 0.75)"
58,3,interactive_quiz,LMS Interactive Quizzing,0.8099,"Đề xuất 'LMS Interactive Quizzing' được lựa chọn vì nó hỗ trợ khắc phục tình trạng xu hướng điểm số đang giảm, đáp ứng nhu cầu cải thiện kết quả học tập hiện tại, phù hợp với thời gian học tập hàng tuần của bạn. (Risk Match: 1.00, Perf Need: 0.51, Diff Fit: 0.50, Time Fit: 1.00, Prereq Fit: 1.00, Effect: 0.85)"
58,4,lms_onboarding,LMS Navigation Tutorial,0.8049,"Đề xuất 'LMS Navigation Tutorial' được lựa chọn vì nó hỗ trợ khắc phục tình trạng xu hướng điểm số đang giảm, đáp ứng nhu cầu cải thiện kết quả học tập hiện tại, phù hợp với thời gian học tập hàng tuần của bạn. (Risk Match: 1.00, Perf Need: 0.51, Diff Fit: 0.50, Time Fit: 1.00, Prereq Fit: 1.00, Effect: 0.80)"
58,5,parent_sync,Parent-Teacher Engagement Sync,0.7999,"Đề xuất 'Parent-Teacher Engagement Sync' được lựa chọn vì nó hỗ trợ khắc phục tình trạng xu hướng điểm số đang giảm, đáp ứng nhu cầu cải thiện kết quả học tập hiện tại, phù hợp với thời gian học tập hàng tuần của bạn. (Risk Match: 1.00, Perf Need: 0.51, Diff Fit: 0.50, Time Fit: 1.00, Prereq Fit: 1.00, Effect: 0.75)"
59,1,extra_exercises,Targeted Practice Exercises,0.9024,"Đề xuất 'Targeted Practice Exercises' được lựa chọn vì nó hỗ trợ khắc phục tình trạng học lực đầu vào chưa tốt, đáp ứng nhu cầu cải thiện kết quả học tập hiện tại, vừa sức với năng lực hiện tại của bạn, phù hợp với thời gian học tập hàng tuần của bạn. (Risk Match: 0.98, Perf Need: 0.59, Diff Fit: 1.00, Time Fit: 1.00, Prereq Fit: 1.00, Effect: 0.90)"
59,2,peer_tutoring,Peer-Led Study Tutoring,0.8924,"Đề xuất 'Peer-Led Study Tutoring' được lựa chọn vì nó hỗ trợ khắc phục tình trạng học lực đầu vào chưa tốt, đáp ứng nhu cầu cải thiện kết quả học tập hiện tại, vừa sức với năng lực hiện tại của bạn, phù hợp với thời gian học tập hàng tuần của bạn. (Risk Match: 0.98, Perf Need: 0.59, Diff Fit: 1.00, Time Fit: 1.00, Prereq Fit: 1.00, Effect: 0.80)"
59,3,remedial_class,Remedial Topic Bootcamps,0.8324,"Đề xuất 'Remedial Topic Bootcamps' được lựa chọn vì nó hỗ trợ khắc phục tình trạng học lực đầu vào chưa tốt, đáp ứng nhu cầu cải thiện kết quả học tập hiện tại, phù hợp với thời gian học tập hàng tuần của bạn. (Risk Match: 0.98, Perf Need: 0.59, Diff Fit: 0.50, Time Fit: 1.00, Prereq Fit: 1.00, Effect: 0.95)"
60,1,advanced_seminar,Advanced Subject Seminar,0.9558,"Đề xuất 'Advanced Subject Seminar' được lựa chọn vì nó hỗ trợ khắc phục tình trạng mức độ tương tác lớp học thấp, đáp ứng nhu cầu cải thiện kết quả học tập hiện tại, vừa sức với năng lực hiện tại của bạn, phù hợp với thời gian học tập hàng tuần của bạn. (Risk Match: 1.00, Perf Need: 0.98, Diff Fit: 1.00, Time Fit: 1.00, Prereq Fit: 1.00, Effect: 0.60)"
60,2,study_group,Facilitated Study Group,0.6955,"Đề xuất 'Facilitated Study Group' được lựa chọn vì nó hỗ trợ khắc phục tình trạng mức độ tương tác lớp học thấp, phù hợp với thời gian học tập hàng tuần của bạn. (Risk Match: 0.98, Perf Need: 0.01, Diff Fit: 0.50, Time Fit: 1.00, Prereq Fit: 1.00, Effect: 0.75)"
60,3,interactive_quiz,LMS Interactive Quizzing,0.6697,"Đề xuất 'LMS Interactive Quizzing' được lựa chọn vì nó hỗ trợ khắc phục tình trạng mức độ tương tác lớp học thấp, phù hợp với thời gian học tập hàng tuần của bạn. (Risk Match: 0.98, Perf Need: 0.21, Diff Fit: 0.00, Time Fit: 1.00, Prereq Fit: 1.00, Effect: 0.85)"
60,4,lms_onboarding,LMS Navigation Tutorial,0.6647,"Đề xuất 'LMS Navigation Tutorial' được lựa chọn vì nó hỗ trợ khắc phục tình trạng mức độ tương tác lớp học thấp, phù hợp với thời gian học tập hàng tuần của bạn. (Risk Match: 0.98, Perf Need: 0.21, Diff Fit: 0.00, Time Fit: 1.00, Prereq Fit: 1.00, Effect: 0.80)"
60,5,parent_sync,Parent-Teacher Engagement Sync,0.6597,"Đề xuất 'Parent-Teacher Engagement Sync' được lựa chọn vì nó hỗ trợ khắc phục tình trạng mức độ tương tác lớp học thấp, phù hợp với thời gian học tập hàng tuần của bạn. (Risk Match: 0.98, Perf Need: 0.21, Diff Fit: 0.00, Time Fit: 1.00, Prereq Fit: 1.00, Effect: 0.75)"
61,1,interactive_quiz,LMS Interactive Quizzing,0.9301,"Đề xuất 'LMS Interactive Quizzing' được lựa chọn vì nó hỗ trợ khắc phục tình trạng học lực đầu vào chưa tốt, đáp ứng nhu cầu cải thiện kết quả học tập hiện tại, vừa sức với năng lực hiện tại của bạn, phù hợp với thời gian học tập hàng tuần của bạn. (Risk Match: 0.95, Perf Need: 0.80, Diff Fit: 1.00, Time Fit: 1.00, Prereq Fit: 1.00, Effect: 0.85)"
61,2,lms_onboarding,LMS Navigation Tutorial,0.9251,"Đề xuất 'LMS Navigation Tutorial' được lựa chọn vì nó hỗ trợ khắc phục tình trạng học lực đầu vào chưa tốt, đáp ứng nhu cầu cải thiện kết quả học tập hiện tại, vừa sức với năng lực hiện tại của bạn, phù hợp với thời gian học tập hàng tuần của bạn. (Risk Match: 0.95, Perf Need: 0.80, Diff Fit: 1.00, Time Fit: 1.00, Prereq Fit: 1.00, Effect: 0.80)"
61,3,parent_sync,Parent-Teacher Engagement Sync,0.9201,"Đề xuất 'Parent-Teacher Engagement Sync' được lựa chọn vì nó hỗ trợ khắc phục tình trạng học lực đầu vào chưa tốt, đáp ứng nhu cầu cải thiện kết quả học tập hiện tại, vừa sức với năng lực hiện tại của bạn, phù hợp với thời gian học tập hàng tuần của bạn. (Risk Match: 0.95, Perf Need: 0.80, Diff Fit: 1.00, Time Fit: 1.00, Prereq Fit: 1.00, Effect: 0.75)"
61,4,peer_tutoring,Peer-Led Study Tutoring,0.904,"Đề xuất 'Peer-Led Study Tutoring' được lựa chọn vì nó hỗ trợ khắc phục tình trạng học lực đầu vào chưa tốt, đáp ứng nhu cầu cải thiện kết quả học tập hiện tại, phù hợp với thời gian học tập hàng tuần của bạn. (Risk Match: 1.00, Perf Need: 1.00, Diff Fit: 0.50, Time Fit: 1.00, Prereq Fit: 1.00, Effect: 0.80)"
61,5,study_group,Facilitated Study Group,0.8847,"Đề xuất 'Facilitated Study Group' được lựa chọn vì nó hỗ trợ khắc phục tình trạng học lực đầu vào chưa tốt, đáp ứng nhu cầu cải thiện kết quả học tập hiện tại, phù hợp với thời gian học tập hàng tuần của bạn. (Risk Match: 0.95, Perf Need: 1.00, Diff Fit: 0.50, Time Fit: 1.00, Prereq Fit: 1.00, Effect: 0.75)"
62,1,study_group,Facilitated Study Group,0.6829,"Đề xuất 'Facilitated Study Group' được lựa chọn vì nó hỗ trợ khắc phục tình trạng mức độ tương tác lớp học thấp, đáp ứng nhu cầu cải thiện kết quả học tập hiện tại, vừa sức với năng lực hiện tại của bạn, phù hợp với thời gian học tập hàng tuần của bạn. (Risk Match: 0.36, Perf Need: 0.50, Diff Fit: 1.00, Time Fit: 1.00, Prereq Fit: 1.00, Effect: 0.75)"
62,2,interactive_quiz,LMS Interactive Quizzing,0.6177,"Đề xuất 'LMS Interactive Quizzing' được lựa chọn vì nó hỗ trợ khắc phục tình trạng mức độ tương tác lớp học thấp, đáp ứng nhu cầu cải thiện kết quả học tập hiện tại, phù hợp với thời gian học tập hàng tuần của bạn. (Risk Match: 0.36, Perf Need: 0.50, Diff Fit: 0.50, Time Fit: 1.00, Prereq Fit: 1.00, Effect: 0.85)"
62,3,lms_onboarding,LMS Navigation Tutorial,0.6127,"Đề xuất 'LMS Navigation Tutorial' được lựa chọn vì nó hỗ trợ khắc phục tình trạng mức độ tương tác lớp học thấp, đáp ứng nhu cầu cải thiện kết quả học tập hiện tại, phù hợp với thời gian học tập hàng tuần của bạn. (Risk Match: 0.36, Perf Need: 0.50, Diff Fit: 0.50, Time Fit: 1.00, Prereq Fit: 1.00, Effect: 0.80)"
62,4,parent_sync,Parent-Teacher Engagement Sync,0.6077,"Đề xuất 'Parent-Teacher Engagement Sync' được lựa chọn vì nó hỗ trợ khắc phục tình trạng mức độ tương tác lớp học thấp, đáp ứng nhu cầu cải thiện kết quả học tập hiện tại, phù hợp với thời gian học tập hàng tuần của bạn. (Risk Match: 0.36, Perf Need: 0.50, Diff Fit: 0.50, Time Fit: 1.00, Prereq Fit: 1.00, Effect: 0.75)"
63,1,peer_tutoring,Peer-Led Study Tutoring,0.9036,"Đề xuất 'Peer-Led Study Tutoring' được lựa chọn vì nó hỗ trợ khắc phục tình trạng học lực đầu vào chưa tốt, đáp ứng nhu cầu cải thiện kết quả học tập hiện tại, phù hợp với thời gian học tập hàng tuần của bạn. (Risk Match: 1.00, Perf Need: 0.99, Diff Fit: 0.50, Time Fit: 1.00, Prereq Fit: 1.00, Effect: 0.80)"
63,2,interactive_quiz,LMS Interactive Quizzing,0.8818,"Đề xuất 'LMS Interactive Quizzing' được lựa chọn vì nó hỗ trợ khắc phục tình trạng học lực đầu vào chưa tốt, đáp ứng nhu cầu cải thiện kết quả học tập hiện tại, vừa sức với năng lực hiện tại của bạn, phù hợp với thời gian học tập hàng tuần của bạn. (Risk Match: 0.79, Perf Need: 0.80, Diff Fit: 1.00, Time Fit: 1.00, Prereq Fit: 1.00, Effect: 0.85)"
63,3,lms_onboarding,LMS Navigation Tutorial,0.8768,"Đề xuất 'LMS Navigation Tutorial' được lựa chọn vì nó hỗ trợ khắc phục tình trạng học lực đầu vào chưa tốt, đáp ứng nhu cầu cải thiện kết quả học tập hiện tại, vừa sức với năng lực hiện tại của bạn, phù hợp với thời gian học tập hàng tuần của bạn. (Risk Match: 0.79, Perf Need: 0.80, Diff Fit: 1.00, Time Fit: 1.00, Prereq Fit: 1.00, Effect: 0.80)"
63,4,parent_sync,Parent-Teacher Engagement Sync,0.8718,"Đề xuất 'Parent-Teacher Engagement Sync' được lựa chọn vì nó hỗ trợ khắc phục tình trạng học lực đầu vào chưa tốt, đáp ứng nhu cầu cải thiện kết quả học tập hiện tại, vừa sức với năng lực hiện tại của bạn, phù hợp với thời gian học tập hàng tuần của bạn. (Risk Match: 0.79, Perf Need: 0.80, Diff Fit: 1.00, Time Fit: 1.00, Prereq Fit: 1.00, Effect: 0.75)"
63,5,study_group,Facilitated Study Group,0.8362,"Đề xuất 'Facilitated Study Group' được lựa chọn vì nó hỗ trợ khắc phục tình trạng học lực đầu vào chưa tốt, đáp ứng nhu cầu cải thiện kết quả học tập hiện tại, phù hợp với thời gian học tập hàng tuần của bạn. (Risk Match: 0.79, Perf Need: 0.99, Diff Fit: 0.50, Time Fit: 1.00, Prereq Fit: 1.00, Effect: 0.75)"
64,1,peer_tutoring,Peer-Led Study Tutoring,0.8944,"Đề xuất 'Peer-Led Study Tutoring' được lựa chọn vì nó hỗ trợ khắc phục tình trạng học lực đầu vào chưa tốt, đáp ứng nhu cầu cải thiện kết quả học tập hiện tại, phù hợp với thời gian học tập hàng tuần của bạn. (Risk Match: 1.00, Perf Need: 0.95, Diff Fit: 0.50, Time Fit: 1.00, Prereq Fit: 1.00, Effect: 0.80)"
64,2,extra_exercises,Targeted Practice Exercises,0.8044,"Đề xuất 'Targeted Practice Exercises' được lựa chọn vì nó hỗ trợ khắc phục tình trạng học lực đầu vào chưa tốt, đáp ứng nhu cầu cải thiện kết quả học tập hiện tại, phù hợp với thời gian học tập hàng tuần của bạn. (Risk Match: 1.00, Perf Need: 0.95, Diff Fit: 0.50, Time Fit: 1.00, Prereq Fit: 0.00, Effect: 0.90)"
64,3,interactive_quiz,LMS Interactive Quizzing,0.7791,"Đề xuất 'LMS Interactive Quizzing' được lựa chọn vì nó hỗ trợ khắc phục tình trạng học lực đầu vào chưa tốt, đáp ứng nhu cầu cải thiện kết quả học tập hiện tại, vừa sức với năng lực hiện tại của bạn, phù hợp với thời gian học tập hàng tuần của bạn. (Risk Match: 0.47, Perf Need: 0.77, Diff Fit: 1.00, Time Fit: 1.00, Prereq Fit: 1.00, Effect: 0.85)"
64,4,lms_onboarding,LMS Navigation Tutorial,0.7741,"Đề xuất 'LMS Navigation Tutorial' được lựa chọn vì nó hỗ trợ khắc phục tình trạng học lực đầu vào chưa tốt, đáp ứng nhu cầu cải thiện kết quả học tập hiện tại, vừa sức với năng lực hiện tại của bạn, phù hợp với thời gian học tập hàng tuần của bạn. (Risk Match: 0.47, Perf Need: 0.77, Diff Fit: 1.00, Time Fit: 1.00, Prereq Fit: 1.00, Effect: 0.80)"
64,5,parent_sync,Parent-Teacher Engagement Sync,0.7691,"Đề xuất 'Parent-Teacher Engagement Sync' được lựa chọn vì nó hỗ trợ khắc phục tình trạng học lực đầu vào chưa tốt, đáp ứng nhu cầu cải thiện kết quả học tập hiện tại, vừa sức với năng lực hiện tại của bạn, phù hợp với thời gian học tập hàng tuần của bạn. (Risk Match: 0.47, Perf Need: 0.77, Diff Fit: 1.00, Time Fit: 1.00, Prereq Fit: 1.00, Effect: 0.75)"
65,1,academic_coaching,Biweekly Academic Coaching,0.9227,"Đề xuất 'Biweekly Academic Coaching' được lựa chọn vì nó hỗ trợ khắc phục tình trạng học lực đầu vào chưa tốt, đáp ứng nhu cầu cải thiện kết quả học tập hiện tại, vừa sức với năng lực hiện tại của bạn, phù hợp với thời gian học tập hàng tuần của bạn. (Risk Match: 0.99, Perf Need: 0.78, Diff Fit: 1.00, Time Fit: 1.00, Prereq Fit: 1.00, Effect: 0.70)"
65,2,peer_tutoring,Peer-Led Study Tutoring,0.8986,"Đề xuất 'Peer-Led Study Tutoring' được lựa chọn vì nó hỗ trợ khắc phục tình trạng học lực đầu vào chưa tốt, đáp ứng nhu cầu cải thiện kết quả học tập hiện tại, phù hợp với thời gian học tập hàng tuần của bạn. (Risk Match: 1.00, Perf Need: 0.97, Diff Fit: 0.50, Time Fit: 1.00, Prereq Fit: 1.00, Effect: 0.80)"
65,3,interactive_quiz,LMS Interactive Quizzing,0.8869,"Đề xuất 'LMS Interactive Quizzing' được lựa chọn vì nó hỗ trợ khắc phục tình trạng học lực đầu vào chưa tốt, đáp ứng nhu cầu cải thiện kết quả học tập hiện tại, vừa sức với năng lực hiện tại của bạn, phù hợp với thời gian học tập hàng tuần của bạn. (Risk Match: 0.82, Perf Need: 0.78, Diff Fit: 1.00, Time Fit: 1.00, Prereq Fit: 1.00, Effect: 0.85)"
65,4,lms_onboarding,LMS Navigation Tutorial,0.8819,"Đề xuất 'LMS Navigation Tutorial' được lựa chọn vì nó hỗ trợ khắc phục tình trạng học lực đầu vào chưa tốt, đáp ứng nhu cầu cải thiện kết quả học tập hiện tại, vừa sức với năng lực hiện tại của bạn, phù hợp với thời gian học tập hàng tuần của bạn. (Risk Match: 0.82, Perf Need: 0.78, Diff Fit: 1.00, Time Fit: 1.00, Prereq Fit: 1.00, Effect: 0.80)"
65,5,parent_sync,Parent-Teacher Engagement Sync,0.8769,"Đề xuất 'Parent-Teacher Engagement Sync' được lựa chọn vì nó hỗ trợ khắc phục tình trạng học lực đầu vào chưa tốt, đáp ứng nhu cầu cải thiện kết quả học tập hiện tại, vừa sức với năng lực hiện tại của bạn, phù hợp với thời gian học tập hàng tuần của bạn. (Risk Match: 0.82, Perf Need: 0.78, Diff Fit: 1.00, Time Fit: 1.00, Prereq Fit: 1.00, Effect: 0.75)"
66,1,peer_tutoring,Peer-Led Study Tutoring,0.8932,"Đề xuất 'Peer-Led Study Tutoring' được lựa chọn vì nó hỗ trợ khắc phục tình trạng học lực đầu vào chưa tốt, đáp ứng nhu cầu cải thiện kết quả học tập hiện tại, phù hợp với thời gian học tập hàng tuần của bạn. (Risk Match: 1.00, Perf Need: 0.94, Diff Fit: 0.50, Time Fit: 1.00, Prereq Fit: 1.00, Effect: 0.80)"
66,2,interactive_quiz,LMS Interactive Quizzing,0.8317,"Đề xuất 'LMS Interactive Quizzing' được lựa chọn vì nó hỗ trợ khắc phục tình trạng học lực đầu vào chưa tốt, đáp ứng nhu cầu cải thiện kết quả học tập hiện tại, vừa sức với năng lực hiện tại của bạn, phù hợp với thời gian học tập hàng tuần của bạn. (Risk Match: 0.65, Perf Need: 0.76, Diff Fit: 1.00, Time Fit: 1.00, Prereq Fit: 1.00, Effect: 0.85)"
66,3,lms_onboarding,LMS Navigation Tutorial,0.8267,"Đề xuất 'LMS Navigation Tutorial' được lựa chọn vì nó hỗ trợ khắc phục tình trạng học lực đầu vào chưa tốt, đáp ứng nhu cầu cải thiện kết quả học tập hiện tại, vừa sức với năng lực hiện tại của bạn, phù hợp với thời gian học tập hàng tuần của bạn. (Risk Match: 0.65, Perf Need: 0.76, Diff Fit: 1.00, Time Fit: 1.00, Prereq Fit: 1.00, Effect: 0.80)"
66,4,parent_sync,Parent-Teacher Engagement Sync,0.8217,"Đề xuất 'Parent-Teacher Engagement Sync' được lựa chọn vì nó hỗ trợ khắc phục tình trạng học lực đầu vào chưa tốt, đáp ứng nhu cầu cải thiện kết quả học tập hiện tại, vừa sức với năng lực hiện tại của bạn, phù hợp với thời gian học tập hàng tuần của bạn. (Risk Match: 0.65, Perf Need: 0.76, Diff Fit: 1.00, Time Fit: 1.00, Prereq Fit: 1.00, Effect: 0.75)"
66,5,extra_exercises,Targeted Practice Exercises,0.8032,"Đề xuất 'Targeted Practice Exercises' được lựa chọn vì nó hỗ trợ khắc phục tình trạng học lực đầu vào chưa tốt, đáp ứng nhu cầu cải thiện kết quả học tập hiện tại, phù hợp với thời gian học tập hàng tuần của bạn. (Risk Match: 1.00, Perf Need: 0.94, Diff Fit: 0.50, Time Fit: 1.00, Prereq Fit: 0.00, Effect: 0.90)"
67,1,advanced_seminar,Advanced Subject Seminar,0.892,"Đề xuất 'Advanced Subject Seminar' được lựa chọn vì nó hỗ trợ khắc phục tình trạng thời gian tự học chưa đủ, đáp ứng nhu cầu cải thiện kết quả học tập hiện tại, vừa sức với năng lực hiện tại của bạn. (Risk Match: 1.00, Perf Need: 0.90, Diff Fit: 1.00, Time Fit: 0.68, Prereq Fit: 1.00, Effect: 0.60)"
67,2,study_group,Facilitated Study Group,0.692,"Đề xuất 'Facilitated Study Group' được lựa chọn vì nó hỗ trợ khắc phục tình trạng thời gian tự học chưa đủ, phù hợp với thời gian học tập hàng tuần của bạn. (Risk Match: 1.00, Perf Need: 0.05, Diff Fit: 0.50, Time Fit: 0.88, Prereq Fit: 1.00, Effect: 0.75)"
67,3,interactive_quiz,LMS Interactive Quizzing,0.6771,"Đề xuất 'LMS Interactive Quizzing' được lựa chọn vì nó hỗ trợ khắc phục tình trạng thời gian tự học chưa đủ, phù hợp với thời gian học tập hàng tuần của bạn. (Risk Match: 1.00, Perf Need: 0.23, Diff Fit: 0.00, Time Fit: 0.98, Prereq Fit: 1.00, Effect: 0.85)"
67,4,lms_onboarding,LMS Navigation Tutorial,0.6751,"Đề xuất 'LMS Navigation Tutorial' được lựa chọn vì nó hỗ trợ khắc phục tình trạng thời gian tự học chưa đủ, phù hợp với thời gian học tập hàng tuần của bạn. (Risk Match: 1.00, Perf Need: 0.23, Diff Fit: 0.00, Time Fit: 1.00, Prereq Fit: 1.00, Effect: 0.80)"
67,5,parent_sync,Parent-Teacher Engagement Sync,0.6701,"Đề xuất 'Parent-Teacher Engagement Sync' được lựa chọn vì nó hỗ trợ khắc phục tình trạng thời gian tự học chưa đủ, phù hợp với thời gian học tập hàng tuần của bạn. (Risk Match: 1.00, Perf Need: 0.23, Diff Fit: 0.00, Time Fit: 1.00, Prereq Fit: 1.00, Effect: 0.75)"
68,1,advanced_seminar,Advanced Subject Seminar,0.9559,"Đề xuất 'Advanced Subject Seminar' được lựa chọn vì nó hỗ trợ khắc phục tình trạng mức độ tương tác lớp học thấp, đáp ứng nhu cầu cải thiện kết quả học tập hiện tại, vừa sức với năng lực hiện tại của bạn, phù hợp với thời gian học tập hàng tuần của bạn. (Risk Match: 1.00, Perf Need: 0.98, Diff Fit: 1.00, Time Fit: 1.00, Prereq Fit: 1.00, Effect: 0.60)"
68,2,study_group,Facilitated Study Group,0.6481,"Đề xuất 'Facilitated Study Group' được lựa chọn vì nó hỗ trợ khắc phục tình trạng mức độ tương tác lớp học thấp, phù hợp với thời gian học tập hàng tuần của bạn. (Risk Match: 0.82, Perf Need: 0.01, Diff Fit: 0.50, Time Fit: 1.00, Prereq Fit: 1.00, Effect: 0.75)"
68,3,interactive_quiz,LMS Interactive Quizzing,0.6222,"Đề xuất 'LMS Interactive Quizzing' được lựa chọn vì nó hỗ trợ khắc phục tình trạng mức độ tương tác lớp học thấp, phù hợp với thời gian học tập hàng tuần của bạn. (Risk Match: 0.82, Perf Need: 0.21, Diff Fit: 0.00, Time Fit: 1.00, Prereq Fit: 1.00, Effect: 0.85)"
68,4,lms_onboarding,LMS Navigation Tutorial,0.6172,"Đề xuất 'LMS Navigation Tutorial' được lựa chọn vì nó hỗ trợ khắc phục tình trạng mức độ tương tác lớp học thấp, phù hợp với thời gian học tập hàng tuần của bạn. (Risk Match: 0.82, Perf Need: 0.21, Diff Fit: 0.00, Time Fit: 1.00, Prereq Fit: 1.00, Effect: 0.80)"
68,5,parent_sync,Parent-Teacher Engagement Sync,0.6122,"Đề xuất 'Parent-Teacher Engagement Sync' được lựa chọn vì nó hỗ trợ khắc phục tình trạng mức độ tương tác lớp học thấp, phù hợp với thời gian học tập hàng tuần của bạn. (Risk Match: 0.82, Perf Need: 0.21, Diff Fit: 0.00, Time Fit: 1.00, Prereq Fit: 1.00, Effect: 0.75)"
69,1,advanced_seminar,Advanced Subject Seminar,0.8831,"Đề xuất 'Advanced Subject Seminar' được lựa chọn vì nó hỗ trợ khắc phục tình trạng mức độ tương tác lớp học thấp, đáp ứng nhu cầu cải thiện kết quả học tập hiện tại, vừa sức với năng lực hiện tại của bạn, phù hợp với thời gian học tập hàng tuần của bạn. (Risk Match: 1.00, Perf Need: 0.62, Diff Fit: 1.00, Time Fit: 1.00, Prereq Fit: 1.00, Effect: 0.60)"
69,2,study_group,Facilitated Study Group,0.6226,"Đề xuất 'Facilitated Study Group' được lựa chọn vì nó hỗ trợ khắc phục tình trạng mức độ tương tác lớp học thấp, phù hợp với thời gian học tập hàng tuần của bạn. (Risk Match: 0.61, Perf Need: 0.19, Diff Fit: 0.50, Time Fit: 1.00, Prereq Fit: 1.00, Effect: 0.75)"
69,3,interactive_quiz,LMS Interactive Quizzing,0.5821,"Đề xuất 'LMS Interactive Quizzing' được lựa chọn vì nó hỗ trợ khắc phục tình trạng mức độ tương tác lớp học thấp, phù hợp với thời gian học tập hàng tuần của bạn. (Risk Match: 0.61, Perf Need: 0.32, Diff Fit: 0.00, Time Fit: 1.00, Prereq Fit: 1.00, Effect: 0.85)"
69,4,lms_onboarding,LMS Navigation Tutorial,0.5771,"Đề xuất 'LMS Navigation Tutorial' được lựa chọn vì nó hỗ trợ khắc phục tình trạng mức độ tương tác lớp học thấp, phù hợp với thời gian học tập hàng tuần của bạn. (Risk Match: 0.61, Perf Need: 0.32, Diff Fit: 0.00, Time Fit: 1.00, Prereq Fit: 1.00, Effect: 0.80)"
69,5,parent_sync,Parent-Teacher Engagement Sync,0.5721,"Đề xuất 'Parent-Teacher Engagement Sync' được lựa chọn vì nó hỗ trợ khắc phục tình trạng mức độ tương tác lớp học thấp, phù hợp với thời gian học tập hàng tuần của bạn. (Risk Match: 0.61, Perf Need: 0.32, Diff Fit: 0.00, Time Fit: 1.00, Prereq Fit: 1.00, Effect: 0.75)"
70,1,study_group,Facilitated Study Group,0.8629,"Đề xuất 'Facilitated Study Group' được lựa chọn vì nó hỗ trợ khắc phục tình trạng thời gian tự học chưa đủ, đáp ứng nhu cầu cải thiện kết quả học tập hiện tại, vừa sức với năng lực hiện tại của bạn, phù hợp với thời gian học tập hàng tuần của bạn. (Risk Match: 1.00, Perf Need: 0.50, Diff Fit: 1.00, Time Fit: 0.92, Prereq Fit: 1.00, Effect: 0.75)"
70,2,time_planning,Time Management Workshop,0.7949,"Đề xuất 'Time Management Workshop' được lựa chọn vì nó hỗ trợ khắc phục tình trạng thời gian tự học chưa đủ, đáp ứng nhu cầu cải thiện kết quả học tập hiện tại, phù hợp với thời gian học tập hàng tuần của bạn. (Risk Match: 1.00, Perf Need: 0.50, Diff Fit: 0.50, Time Fit: 1.00, Prereq Fit: 1.00, Effect: 0.70)"
70,3,interactive_quiz,LMS Interactive Quizzing,0.7175,"Đề xuất 'LMS Interactive Quizzing' được lựa chọn vì nó hỗ trợ khắc phục tình trạng thời gian tự học chưa đủ, đáp ứng nhu cầu cải thiện kết quả học tập hiện tại, phù hợp với thời gian học tập hàng tuần của bạn. (Risk Match: 0.69, Perf Need: 0.50, Diff Fit: 0.50, Time Fit: 1.00, Prereq Fit: 1.00, Effect: 0.85)"
70,4,lms_onboarding,LMS Navigation Tutorial,0.7125,"Đề xuất 'LMS Navigation Tutorial' được lựa chọn vì nó hỗ trợ khắc phục tình trạng thời gian tự học chưa đủ, đáp ứng nhu cầu cải thiện kết quả học tập hiện tại, phù hợp với thời gian học tập hàng tuần của bạn. (Risk Match: 0.69, Perf Need: 0.50, Diff Fit: 0.50, Time Fit: 1.00, Prereq Fit: 1.00, Effect: 0.80)"
70,5,parent_sync,Parent-Teacher Engagement Sync,0.7075,"Đề xuất 'Parent-Teacher Engagement Sync' được lựa chọn vì nó hỗ trợ khắc phục tình trạng thời gian tự học chưa đủ, đáp ứng nhu cầu cải thiện kết quả học tập hiện tại, phù hợp với thời gian học tập hàng tuần của bạn. (Risk Match: 0.69, Perf Need: 0.50, Diff Fit: 0.50, Time Fit: 1.00, Prereq Fit: 1.00, Effect: 0.75)"
71,1,peer_tutoring,Peer-Led Study Tutoring,0.8569,"Đề xuất 'Peer-Led Study Tutoring' được lựa chọn vì nó hỗ trợ khắc phục tình trạng học lực đầu vào chưa tốt, đáp ứng nhu cầu cải thiện kết quả học tập hiện tại, phù hợp với thời gian học tập hàng tuần của bạn. (Risk Match: 0.96, Perf Need: 0.82, Diff Fit: 0.50, Time Fit: 1.00, Prereq Fit: 1.00, Effect: 0.80)"
71,2,interactive_quiz,LMS Interactive Quizzing,0.8097,"Đề xuất 'LMS Interactive Quizzing' được lựa chọn vì nó hỗ trợ khắc phục tình trạng học lực đầu vào chưa tốt, đáp ứng nhu cầu cải thiện kết quả học tập hiện tại, vừa sức với năng lực hiện tại của bạn, phù hợp với thời gian học tập hàng tuần của bạn. (Risk Match: 0.62, Perf Need: 0.69, Diff Fit: 1.00, Time Fit: 1.00, Prereq Fit: 1.00, Effect: 0.85)"
71,3,lms_onboarding,LMS Navigation Tutorial,0.8047,"Đề xuất 'LMS Navigation Tutorial' được lựa chọn vì nó hỗ trợ khắc phục tình trạng học lực đầu vào chưa tốt, đáp ứng nhu cầu cải thiện kết quả học tập hiện tại, vừa sức với năng lực hiện tại của bạn, phù hợp với thời gian học tập hàng tuần của bạn. (Risk Match: 0.62, Perf Need: 0.69, Diff Fit: 1.00, Time Fit: 1.00, Prereq Fit: 1.00, Effect: 0.80)"
71,4,parent_sync,Parent-Teacher Engagement Sync,0.7997,"Đề xuất 'Parent-Teacher Engagement Sync' được lựa chọn vì nó hỗ trợ khắc phục tình trạng học lực đầu vào chưa tốt, đáp ứng nhu cầu cải thiện kết quả học tập hiện tại, vừa sức với năng lực hiện tại của bạn, phù hợp với thời gian học tập hàng tuần của bạn. (Risk Match: 0.62, Perf Need: 0.69, Diff Fit: 1.00, Time Fit: 1.00, Prereq Fit: 1.00, Effect: 0.75)"
71,5,extra_exercises,Targeted Practice Exercises,0.7669,"Đề xuất 'Targeted Practice Exercises' được lựa chọn vì nó hỗ trợ khắc phục tình trạng học lực đầu vào chưa tốt, đáp ứng nhu cầu cải thiện kết quả học tập hiện tại, phù hợp với thời gian học tập hàng tuần của bạn. (Risk Match: 0.96, Perf Need: 0.82, Diff Fit: 0.50, Time Fit: 1.00, Prereq Fit: 0.00, Effect: 0.90)"
72,1,extra_exercises,Targeted Practice Exercises,0.8952,"Đề xuất 'Targeted Practice Exercises' được lựa chọn vì nó hỗ trợ khắc phục tình trạng học lực đầu vào chưa tốt, đáp ứng nhu cầu cải thiện kết quả học tập hiện tại, vừa sức với năng lực hiện tại của bạn, phù hợp với thời gian học tập hàng tuần của bạn. (Risk Match: 0.90, Perf Need: 0.67, Diff Fit: 1.00, Time Fit: 1.00, Prereq Fit: 1.00, Effect: 0.90)"
72,2,peer_tutoring,Peer-Led Study Tutoring,0.8852,"Đề xuất 'Peer-Led Study Tutoring' được lựa chọn vì nó hỗ trợ khắc phục tình trạng học lực đầu vào chưa tốt, đáp ứng nhu cầu cải thiện kết quả học tập hiện tại, vừa sức với năng lực hiện tại của bạn, phù hợp với thời gian học tập hàng tuần của bạn. (Risk Match: 0.90, Perf Need: 0.67, Diff Fit: 1.00, Time Fit: 1.00, Prereq Fit: 1.00, Effect: 0.80)"
72,3,study_group,Facilitated Study Group,0.88,"Đề xuất 'Facilitated Study Group' được lựa chọn vì nó hỗ trợ khắc phục tình trạng học lực đầu vào chưa tốt, đáp ứng nhu cầu cải thiện kết quả học tập hiện tại, vừa sức với năng lực hiện tại của bạn, phù hợp với thời gian học tập hàng tuần của bạn. (Risk Match: 0.90, Perf Need: 0.67, Diff Fit: 1.00, Time Fit: 1.00, Prereq Fit: 1.00, Effect: 0.75)"
72,4,remedial_class,Remedial Topic Bootcamps,0.8252,"Đề xuất 'Remedial Topic Bootcamps' được lựa chọn vì nó hỗ trợ khắc phục tình trạng học lực đầu vào chưa tốt, đáp ứng nhu cầu cải thiện kết quả học tập hiện tại, phù hợp với thời gian học tập hàng tuần của bạn. (Risk Match: 0.90, Perf Need: 0.67, Diff Fit: 0.50, Time Fit: 1.00, Prereq Fit: 1.00, Effect: 0.95)"
72,5,interactive_quiz,LMS Interactive Quizzing,0.8012,"Đề xuất 'LMS Interactive Quizzing' được lựa chọn vì nó hỗ trợ khắc phục tình trạng học lực đầu vào chưa tốt, đáp ứng nhu cầu cải thiện kết quả học tập hiện tại, phù hợp với thời gian học tập hàng tuần của bạn. (Risk Match: 0.90, Perf Need: 0.60, Diff Fit: 0.50, Time Fit: 1.00, Prereq Fit: 1.00, Effect: 0.85)"
73,1,extra_exercises,Targeted Practice Exercises,0.9177,"Đề xuất 'Targeted Practice Exercises' được lựa chọn vì nó hỗ trợ khắc phục tình trạng xu hướng điểm số đang giảm, đáp ứng nhu cầu cải thiện kết quả học tập hiện tại, vừa sức với năng lực hiện tại của bạn, phù hợp với thời gian học tập hàng tuần của bạn. (Risk Match: 1.00, Perf Need: 0.70, Diff Fit: 1.00, Time Fit: 0.92, Prereq Fit: 1.00, Effect: 0.90)"
73,2,attendance_monitoring,Daily Attendance Monitoring,0.8322,"Đề xuất 'Daily Attendance Monitoring' được lựa chọn vì nó hỗ trợ khắc phục tình trạng xu hướng điểm số đang giảm, đáp ứng nhu cầu cải thiện kết quả học tập hiện tại, phù hợp với thời gian học tập hàng tuần của bạn. (Risk Match: 0.98, Perf Need: 0.62, Diff Fit: 0.50, Time Fit: 1.00, Prereq Fit: 1.00, Effect: 0.90)"
73,3,counselor_meeting,Academic Counselor Consultation,0.8272,"Đề xuất 'Academic Counselor Consultation' được lựa chọn vì nó hỗ trợ khắc phục tình trạng xu hướng điểm số đang giảm, đáp ứng nhu cầu cải thiện kết quả học tập hiện tại, phù hợp với thời gian học tập hàng tuần của bạn. (Risk Match: 0.98, Perf Need: 0.62, Diff Fit: 0.50, Time Fit: 1.00, Prereq Fit: 1.00, Effect: 0.85)"
73,4,academic_coaching,Biweekly Academic Coaching,0.8188,"Đề xuất 'Biweekly Academic Coaching' được lựa chọn vì nó hỗ trợ khắc phục tình trạng xu hướng điểm số đang giảm, đáp ứng nhu cầu cải thiện kết quả học tập hiện tại, phù hợp với thời gian học tập hàng tuần của bạn. (Risk Match: 1.00, Perf Need: 0.62, Diff Fit: 0.50, Time Fit: 1.00, Prereq Fit: 1.00, Effect: 0.70)"
73,5,study_group,Facilitated Study Group,0.7291,"Đề xuất 'Facilitated Study Group' được lựa chọn vì nó hỗ trợ khắc phục tình trạng xu hướng điểm số đang giảm, đáp ứng nhu cầu cải thiện kết quả học tập hiện tại, vừa sức với năng lực hiện tại của bạn, phù hợp với thời gian học tập hàng tuần của bạn. (Risk Match: 0.38, Perf Need: 0.70, Diff Fit: 1.00, Time Fit: 1.00, Prereq Fit: 1.00, Effect: 0.75)"
74,1,extra_exercises,Targeted Practice Exercises,0.8865,"Đề xuất 'Targeted Practice Exercises' được lựa chọn vì nó hỗ trợ khắc phục tình trạng học lực đầu vào chưa tốt, đáp ứng nhu cầu cải thiện kết quả học tập hiện tại, vừa sức với năng lực hiện tại của bạn, phù hợp với thời gian học tập hàng tuần của bạn. (Risk Match: 0.95, Perf Need: 0.56, Diff Fit: 1.00, Time Fit: 1.00, Prereq Fit: 1.00, Effect: 0.90)"
74,2,peer_tutoring,Peer-Led Study Tutoring,0.8765,"Đề xuất 'Peer-Led Study Tutoring' được lựa chọn vì nó hỗ trợ khắc phục tình trạng học lực đầu vào chưa tốt, đáp ứng nhu cầu cải thiện kết quả học tập hiện tại, vừa sức với năng lực hiện tại của bạn, phù hợp với thời gian học tập hàng tuần của bạn. (Risk Match: 0.95, Perf Need: 0.56, Diff Fit: 1.00, Time Fit: 1.00, Prereq Fit: 1.00, Effect: 0.80)"
74,3,remedial_class,Remedial Topic Bootcamps,0.8165,"Đề xuất 'Remedial Topic Bootcamps' được lựa chọn vì nó hỗ trợ khắc phục tình trạng học lực đầu vào chưa tốt, đáp ứng nhu cầu cải thiện kết quả học tập hiện tại, phù hợp với thời gian học tập hàng tuần của bạn. (Risk Match: 0.95, Perf Need: 0.56, Diff Fit: 0.50, Time Fit: 1.00, Prereq Fit: 1.00, Effect: 0.95)"
74,4,study_group,Facilitated Study Group,0.7596,"Đề xuất 'Facilitated Study Group' được lựa chọn vì nó hỗ trợ khắc phục tình trạng học lực đầu vào chưa tốt, đáp ứng nhu cầu cải thiện kết quả học tập hiện tại, vừa sức với năng lực hiện tại của bạn, phù hợp với thời gian học tập hàng tuần của bạn. (Risk Match: 0.57, Perf Need: 0.56, Diff Fit: 1.00, Time Fit: 1.00, Prereq Fit: 1.00, Effect: 0.75)"
74,5,interactive_quiz,LMS Interactive Quizzing,0.6894,"Đề xuất 'LMS Interactive Quizzing' được lựa chọn vì nó hỗ trợ khắc phục tình trạng học lực đầu vào chưa tốt, đáp ứng nhu cầu cải thiện kết quả học tập hiện tại, phù hợp với thời gian học tập hàng tuần của bạn. (Risk Match: 0.57, Perf Need: 0.54, Diff Fit: 0.50, Time Fit: 1.00, Prereq Fit: 1.00, Effect: 0.85)"
75,1,time_planning,Time Management Workshop,0.9289,"Đề xuất 'Time Management Workshop' được lựa chọn vì nó hỗ trợ khắc phục tình trạng học lực đầu vào chưa tốt, đáp ứng nhu cầu cải thiện kết quả học tập hiện tại, vừa sức với năng lực hiện tại của bạn, phù hợp với thời gian học tập hàng tuần của bạn. (Risk Match: 1.00, Perf Need: 0.79, Diff Fit: 1.00, Time Fit: 1.00, Prereq Fit: 1.00, Effect: 0.70)"
75,2,academic_coaching,Biweekly Academic Coaching,0.9274,"Đề xuất 'Biweekly Academic Coaching' được lựa chọn vì nó hỗ trợ khắc phục tình trạng học lực đầu vào chưa tốt, đáp ứng nhu cầu cải thiện kết quả học tập hiện tại, vừa sức với năng lực hiện tại của bạn, phù hợp với thời gian học tập hàng tuần của bạn. (Risk Match: 1.00, Perf Need: 0.79, Diff Fit: 1.00, Time Fit: 1.00, Prereq Fit: 1.00, Effect: 0.70)"
75,3,peer_tutoring,Peer-Led Study Tutoring,0.9031,"Đề xuất 'Peer-Led Study Tutoring' được lựa chọn vì nó hỗ trợ khắc phục tình trạng học lực đầu vào chưa tốt, đáp ứng nhu cầu cải thiện kết quả học tập hiện tại, phù hợp với thời gian học tập hàng tuần của bạn. (Risk Match: 1.00, Perf Need: 0.99, Diff Fit: 0.50, Time Fit: 1.00, Prereq Fit: 1.00, Effect: 0.80)"
75,4,study_group,Facilitated Study Group,0.8981,"Đề xuất 'Facilitated Study Group' được lựa chọn vì nó hỗ trợ khắc phục tình trạng học lực đầu vào chưa tốt, đáp ứng nhu cầu cải thiện kết quả học tập hiện tại, phù hợp với thời gian học tập hàng tuần của bạn. (Risk Match: 1.00, Perf Need: 0.99, Diff Fit: 0.50, Time Fit: 1.00, Prereq Fit: 1.00, Effect: 0.75)"
75,5,interactive_quiz,LMS Interactive Quizzing,0.8306,"Đề xuất 'LMS Interactive Quizzing' được lựa chọn vì nó hỗ trợ khắc phục tình trạng học lực đầu vào chưa tốt, đáp ứng nhu cầu cải thiện kết quả học tập hiện tại, vừa sức với năng lực hiện tại của bạn, phù hợp với thời gian học tập hàng tuần của bạn. (Risk Match: 0.62, Perf Need: 0.79, Diff Fit: 1.00, Time Fit: 1.00, Prereq Fit: 1.00, Effect: 0.85)"
76,1,advanced_seminar,Advanced Subject Seminar,0.9276,"Đề xuất 'Advanced Subject Seminar' được lựa chọn vì nó hỗ trợ khắc phục tình trạng xu hướng điểm số đang giảm, đáp ứng nhu cầu cải thiện kết quả học tập hiện tại, vừa sức với năng lực hiện tại của bạn, phù hợp với thời gian học tập hàng tuần của bạn. (Risk Match: 1.00, Perf Need: 0.84, Diff Fit: 1.00, Time Fit: 1.00, Prereq Fit: 1.00, Effect: 0.60)"
76,2,extra_exercises,Targeted Practice Exercises,0.731,"Đề xuất 'Targeted Practice Exercises' được lựa chọn vì nó hỗ trợ khắc phục tình trạng xu hướng điểm số đang giảm, phù hợp với thời gian học tập hàng tuần của bạn. (Risk Match: 1.00, Perf Need: 0.08, Diff Fit: 0.50, Time Fit: 1.00, Prereq Fit: 1.00, Effect: 0.90)"
76,3,study_group,Facilitated Study Group,0.7086,"Đề xuất 'Facilitated Study Group' được lựa chọn vì nó hỗ trợ khắc phục tình trạng xu hướng điểm số đang giảm, phù hợp với thời gian học tập hàng tuần của bạn. (Risk Match: 0.97, Perf Need: 0.08, Diff Fit: 0.50, Time Fit: 1.00, Prereq Fit: 1.00, Effect: 0.75)"
76,4,interactive_quiz,LMS Interactive Quizzing,0.6771,"Đề xuất 'LMS Interactive Quizzing' được lựa chọn vì nó hỗ trợ khắc phục tình trạng xu hướng điểm số đang giảm, phù hợp với thời gian học tập hàng tuần của bạn. (Risk Match: 0.97, Perf Need: 0.25, Diff Fit: 0.00, Time Fit: 1.00, Prereq Fit: 1.00, Effect: 0.85)"
76,5,lms_onboarding,LMS Navigation Tutorial,0.6721,"Đề xuất 'LMS Navigation Tutorial' được lựa chọn vì nó hỗ trợ khắc phục tình trạng xu hướng điểm số đang giảm, phù hợp với thời gian học tập hàng tuần của bạn. (Risk Match: 0.97, Perf Need: 0.25, Diff Fit: 0.00, Time Fit: 1.00, Prereq Fit: 1.00, Effect: 0.80)"
77,1,study_group,Facilitated Study Group,0.8455,"Đề xuất 'Facilitated Study Group' được lựa chọn vì nó hỗ trợ khắc phục tình trạng rủi ro nghỉ học nhiều, đáp ứng nhu cầu cải thiện kết quả học tập hiện tại, vừa sức với năng lực hiện tại của bạn, phù hợp với thời gian học tập hàng tuần của bạn. (Risk Match: 0.90, Perf Need: 0.50, Diff Fit: 1.00, Time Fit: 1.00, Prereq Fit: 1.00, Effect: 0.75)"
77,2,attendance_monitoring,Daily Attendance Monitoring,0.815,"Đề xuất 'Daily Attendance Monitoring' được lựa chọn vì nó hỗ trợ khắc phục tình trạng rủi ro nghỉ học nhiều, đáp ứng nhu cầu cải thiện kết quả học tập hiện tại, phù hợp với thời gian học tập hàng tuần của bạn. (Risk Match: 1.00, Perf Need: 0.50, Diff Fit: 0.50, Time Fit: 1.00, Prereq Fit: 1.00, Effect: 0.90)"
77,3,counselor_meeting,Academic Counselor Consultation,0.81,"Đề xuất 'Academic Counselor Consultation' được lựa chọn vì nó hỗ trợ khắc phục tình trạng rủi ro nghỉ học nhiều, đáp ứng nhu cầu cải thiện kết quả học tập hiện tại, phù hợp với thời gian học tập hàng tuần của bạn. (Risk Match: 1.00, Perf Need: 0.50, Diff Fit: 0.50, Time Fit: 1.00, Prereq Fit: 1.00, Effect: 0.85)"
77,4,interactive_quiz,LMS Interactive Quizzing,0.7804,"Đề xuất 'LMS Interactive Quizzing' được lựa chọn vì nó hỗ trợ khắc phục tình trạng rủi ro nghỉ học nhiều, đáp ứng nhu cầu cải thiện kết quả học tập hiện tại, phù hợp với thời gian học tập hàng tuần của bạn. (Risk Match: 0.90, Perf Need: 0.50, Diff Fit: 0.50, Time Fit: 1.00, Prereq Fit: 1.00, Effect: 0.85)"
77,5,lms_onboarding,LMS Navigation Tutorial,0.7754,"Đề xuất 'LMS Navigation Tutorial' được lựa chọn vì nó hỗ trợ khắc phục tình trạng rủi ro nghỉ học nhiều, đáp ứng nhu cầu cải thiện kết quả học tập hiện tại, phù hợp với thời gian học tập hàng tuần của bạn. (Risk Match: 0.90, Perf Need: 0.50, Diff Fit: 0.50, Time Fit: 1.00, Prereq Fit: 1.00, Effect: 0.80)"
78,1,academic_coaching,Biweekly Academic Coaching,0.9005,"Đề xuất 'Biweekly Academic Coaching' được lựa chọn vì nó hỗ trợ khắc phục tình trạng xu hướng điểm số đang giảm, đáp ứng nhu cầu cải thiện kết quả học tập hiện tại, vừa sức với năng lực hiện tại của bạn, phù hợp với thời gian học tập hàng tuần của bạn. (Risk Match: 1.00, Perf Need: 0.66, Diff Fit: 1.00, Time Fit: 1.00, Prereq Fit: 1.00, Effect: 0.70)"
78,2,interactive_quiz,LMS Interactive Quizzing,0.891,"Đề xuất 'LMS Interactive Quizzing' được lựa chọn vì nó hỗ trợ khắc phục tình trạng xu hướng điểm số đang giảm, đáp ứng nhu cầu cải thiện kết quả học tập hiện tại, vừa sức với năng lực hiện tại của bạn, phù hợp với thời gian học tập hàng tuần của bạn. (Risk Match: 0.91, Perf Need: 0.66, Diff Fit: 1.00, Time Fit: 1.00, Prereq Fit: 1.00, Effect: 0.85)"
78,3,lms_onboarding,LMS Navigation Tutorial,0.886,"Đề xuất 'LMS Navigation Tutorial' được lựa chọn vì nó hỗ trợ khắc phục tình trạng xu hướng điểm số đang giảm, đáp ứng nhu cầu cải thiện kết quả học tập hiện tại, vừa sức với năng lực hiện tại của bạn, phù hợp với thời gian học tập hàng tuần của bạn. (Risk Match: 0.91, Perf Need: 0.66, Diff Fit: 1.00, Time Fit: 1.00, Prereq Fit: 1.00, Effect: 0.80)"
78,4,parent_sync,Parent-Teacher Engagement Sync,0.881,"Đề xuất 'Parent-Teacher Engagement Sync' được lựa chọn vì nó hỗ trợ khắc phục tình trạng xu hướng điểm số đang giảm, đáp ứng nhu cầu cải thiện kết quả học tập hiện tại, vừa sức với năng lực hiện tại của bạn, phù hợp với thời gian học tập hàng tuần của bạn. (Risk Match: 0.91, Perf Need: 0.66, Diff Fit: 1.00, Time Fit: 1.00, Prereq Fit: 1.00, Effect: 0.75)"
78,5,study_group,Facilitated Study Group,0.8273,"Đề xuất 'Facilitated Study Group' được lựa chọn vì nó hỗ trợ khắc phục tình trạng xu hướng điểm số đang giảm, đáp ứng nhu cầu cải thiện kết quả học tập hiện tại, phù hợp với thời gian học tập hàng tuần của bạn. (Risk Match: 0.91, Perf Need: 0.77, Diff Fit: 0.50, Time Fit: 1.00, Prereq Fit: 1.00, Effect: 0.75)"
