{
    "accuracy": 0.8481012658227848,
    "f1_macro": 0.8580166418281173,
    "f1_weighted": 0.8439911147163689,
    "precision_macro": 0.8587301587301588,
    "recall_macro": 0.8947368421052632
}