{
    "accuracy": 0.8461538461538461,
    "f1_macro": 0.8045451533823625,
    "f1_weighted": 0.8436692506459949,
    "precision_macro": 0.8279428904428906,
    "recall_macro": 0.7874847374847375
}