{
    "accuracy": 0.78125,
    "f1_macro": 0.7867836257309943,
    "f1_weighted": 0.7766228070175437,
    "precision_macro": 0.7804557673509286,
    "recall_macro": 0.8067765567765567
}