record_id,source_row_number,dataset_version_id,source_record_identity,outer_fold,outer_role,inner_fold,split_seed,stratification_target
student-mat:dataset-version:1:source-row:0,0,1,student-mat:dataset-version:1:source-row:0,0,train,,42,G3_3class
student-mat:dataset-version:1:source-row:3,3,1,student-mat:dataset-version:1:source-row:3,0,train,,42,G3_3class
student-mat:dataset-version:1:source-row:5,5,1,student-mat:dataset-version:1:source-row:5,0,train,,42,G3_3class
student-mat:dataset-version:1:source-row:8,8,1,student-mat:dataset-version:1:source-row:8,0,train,,42,G3_3class
student-mat:dataset-version:1:source-row:10,10,1,student-mat:dataset-version:1:source-row:10,0,train,,42,G3_3class
student-mat:dataset-version:1:source-row:11,11,1,student-mat:dataset-version:1:source-row:11,0,train,,42,G3_3class
student-mat:dataset-version:1:source-row:14,14,1,student-mat:dataset-version:1:source-row:14,0,train,,42,G3_3class
student-mat:dataset-version:1:source-row:15,15,1,student-mat:dataset-version:1:source-row:15,0,train,,42,G3_3class
student-mat:dataset-version:1:source-row:16,16,1,student-mat:dataset-version:1:source-row:16,0,train,,42,G3_3class
student-mat:dataset-version:1:source-row:17,17,1,student-mat:dataset-version:1:source-row:17,0,train,,42,G3_3class
student-mat:dataset-version:1:source-row:18,18,1,student-mat:dataset-version:1:source-row:18,0,train,,42,G3_3class
student-mat:dataset-version:1:source-row:19,19,1,student-mat:dataset-version:1:source-row:19,0,train,,42,G3_3class
student-mat:dataset-version:1:source-row:20,20,1,student-mat:dataset-version:1:source-row:20,0,train,,42,G3_3class
student-mat:dataset-version:1:source-row:22,22,1,student-mat:dataset-version:1:source-row:22,0,train,,42,G3_3class
student-mat:dataset-version:1:source-row:24,24,1,student-mat:dataset-version:1:source-row:24,0,train,,42,G3_3class
student-mat:dataset-version:1:source-row:25,25,1,student-mat:dataset-version:1:source-row:25,0,train,,42,G3_3class
student-mat:dataset-version:1:source-row:29,29,1,student-mat:dataset-version:1:source-row:29,0,train,,42,G3_3class
student-mat:dataset-version:1:source-row:31,31,1,student-mat:dataset-version:1:source-row:31,0,train,,42,G3_3class
student-mat:dataset-version:1:source-row:32,32,1,student-mat:dataset-version:1:source-row:32,0,train,,42,G3_3class
student-mat:dataset-version:1:source-row:33,33,1,student-mat:dataset-version:1:source-row:33,0,train,,42,G3_3class
student-mat:dataset-version:1:source-row:34,34,1,student-mat:dataset-version:1:source-row:34,0,train,,42,G3_3class
student-mat:dataset-version:1:source-row:35,35,1,student-mat:dataset-version:1:source-row:35,0,train,,42,G3_3class
student-mat:dataset-version:1:source-row:37,37,1,student-mat:dataset-version:1:source-row:37,0,train,,42,G3_3class
student-mat:dataset-version:1:source-row:38,38,1,student-mat:dataset-version:1:source-row:38,0,train,,42,G3_3class
student-mat:dataset-version:1:source-row:39,39,1,student-mat:dataset-version:1:source-row:39,0,train,,42,G3_3class
student-mat:dataset-version:1:source-row:40,40,1,student-mat:dataset-version:1:source-row:40,0,train,,42,G3_3class
student-mat:dataset-version:1:source-row:41,41,1,student-mat:dataset-version:1:source-row:41,0,train,,42,G3_3class
student-mat:dataset-version:1:source-row:42,42,1,student-mat:dataset-version:1:source-row:42,0,train,,42,G3_3class
student-mat:dataset-version:1:source-row:43,43,1,student-mat:dataset-version:1:source-row:43,0,train,,42,G3_3class
student-mat:dataset-version:1:source-row:44,44,1,student-mat:dataset-version:1:source-row:44,0,train,,42,G3_3class
student-mat:dataset-version:1:source-row:45,45,1,student-mat:dataset-version:1:source-row:45,0,train,,42,G3_3class
student-mat:dataset-version:1:source-row:46,46,1,student-mat:dataset-version:1:source-row:46,0,train,,42,G3_3class
student-mat:dataset-version:1:source-row:47,47,1,student-mat:dataset-version:1:source-row:47,0,train,,42,G3_3class
student-mat:dataset-version:1:source-row:48,48,1,student-mat:dataset-version:1:source-row:48,0,train,,42,G3_3class
student-mat:dataset-version:1:source-row:50,50,1,student-mat:dataset-version:1:source-row:50,0,train,,42,G3_3class
student-mat:dataset-version:1:source-row:51,51,1,student-mat:dataset-version:1:source-row:51,0,train,,42,G3_3class
student-mat:dataset-version:1:source-row:52,52,1,student-mat:dataset-version:1:source-row:52,0,train,,42,G3_3class
student-mat:dataset-version:1:source-row:57,57,1,student-mat:dataset-version:1:source-row:57,0,train,,42,G3_3class
student-mat:dataset-version:1:source-row:61,61,1,student-mat:dataset-version:1:source-row:61,0,train,,42,G3_3class
student-mat:dataset-version:1:source-row:63,63,1,student-mat:dataset-version:1:source-row:63,0,train,,42,G3_3class
student-mat:dataset-version:1:source-row:64,64,1,student-mat:dataset-version:1:source-row:64,0,train,,42,G3_3class
student-mat:dataset-version:1:source-row:66,66,1,student-mat:dataset-version:1:source-row:66,0,train,,42,G3_3class
student-mat:dataset-version:1:source-row:68,68,1,student-mat:dataset-version:1:source-row:68,0,train,,42,G3_3class
student-mat:dataset-version:1:source-row:70,70,1,student-mat:dataset-version:1:source-row:70,0,train,,42,G3_3class
student-mat:dataset-version:1:source-row:72,72,1,student-mat:dataset-version:1:source-row:72,0,train,,42,G3_3class
student-mat:dataset-version:1:source-row:76,76,1,student-mat:dataset-version:1:source-row:76,0,train,,42,G3_3class
student-mat:dataset-version:1:source-row:77,77,1,student-mat:dataset-version:1:source-row:77,0,train,,42,G3_3class
student-mat:dataset-version:1:source-row:79,79,1,student-mat:dataset-version:1:source-row:79,0,train,,42,G3_3class
student-mat:dataset-version:1:source-row:83,83,1,student-mat:dataset-version:1:source-row:83,0,train,,42,G3_3class
student-mat:dataset-version:1:source-row:85,85,1,student-mat:dataset-version:1:source-row:85,0,train,,42,G3_3class
student-mat:dataset-version:1:source-row:87,87,1,student-mat:dataset-version:1:source-row:87,0,train,,42,G3_3class
student-mat:dataset-version:1:source-row:90,90,1,student-mat:dataset-version:1:source-row:90,0,train,,42,G3_3class
student-mat:dataset-version:1:source-row:91,91,1,student-mat:dataset-version:1:source-row:91,0,train,,42,G3_3class
student-mat:dataset-version:1:source-row:94,94,1,student-mat:dataset-version:1:source-row:94,0,train,,42,G3_3class
student-mat:dataset-version:1:source-row:96,96,1,student-mat:dataset-version:1:source-row:96,0,train,,42,G3_3class
student-mat:dataset-version:1:source-row:97,97,1,student-mat:dataset-version:1:source-row:97,0,train,,42,G3_3class
student-mat:dataset-version:1:source-row:98,98,1,student-mat:dataset-version:1:source-row:98,0,train,,42,G3_3class
student-mat:dataset-version:1:source-row:100,100,1,student-mat:dataset-version:1:source-row:100,0,train,,42,G3_3class
student-mat:dataset-version:1:source-row:102,102,1,student-mat:dataset-version:1:source-row:102,0,train,,42,G3_3class
student-mat:dataset-version:1:source-row:103,103,1,student-mat:dataset-version:1:source-row:103,0,train,,42,G3_3class
student-mat:dataset-version:1:source-row:106,106,1,student-mat:dataset-version:1:source-row:106,0,train,,42,G3_3class
student-mat:dataset-version:1:source-row:108,108,1,student-mat:dataset-version:1:source-row:108,0,train,,42,G3_3class
student-mat:dataset-version:1:source-row:109,109,1,student-mat:dataset-version:1:source-row:109,0,train,,42,G3_3class
student-mat:dataset-version:1:source-row:111,111,1,student-mat:dataset-version:1:source-row:111,0,train,,42,G3_3class
student-mat:dataset-version:1:source-row:112,112,1,student-mat:dataset-version:1:source-row:112,0,train,,42,G3_3class
student-mat:dataset-version:1:source-row:113,113,1,student-mat:dataset-version:1:source-row:113,0,train,,42,G3_3class
student-mat:dataset-version:1:source-row:114,114,1,student-mat:dataset-version:1:source-row:114,0,train,,42,G3_3class
student-mat:dataset-version:1:source-row:115,115,1,student-mat:dataset-version:1:source-row:115,0,train,,42,G3_3class
student-mat:dataset-version:1:source-row:116,116,1,student-mat:dataset-version:1:source-row:116,0,train,,42,G3_3class
student-mat:dataset-version:1:source-row:117,117,1,student-mat:dataset-version:1:source-row:117,0,train,,42,G3_3class
student-mat:dataset-version:1:source-row:119,119,1,student-mat:dataset-version:1:source-row:119,0,train,,42,G3_3class
student-mat:dataset-version:1:source-row:120,120,1,student-mat:dataset-version:1:source-row:120,0,train,,42,G3_3class
student-mat:dataset-version:1:source-row:121,121,1,student-mat:dataset-version:1:source-row:121,0,train,,42,G3_3class
student-mat:dataset-version:1:source-row:122,122,1,student-mat:dataset-version:1:source-row:122,0,train,,42,G3_3class
student-mat:dataset-version:1:source-row:124,124,1,student-mat:dataset-version:1:source-row:124,0,train,,42,G3_3class
student-mat:dataset-version:1:source-row:125,125,1,student-mat:dataset-version:1:source-row:125,0,train,,42,G3_3class
student-mat:dataset-version:1:source-row:127,127,1,student-mat:dataset-version:1:source-row:127,0,train,,42,G3_3class
student-mat:dataset-version:1:source-row:128,128,1,student-mat:dataset-version:1:source-row:128,0,train,,42,G3_3class
student-mat:dataset-version:1:source-row:131,131,1,student-mat:dataset-version:1:source-row:131,0,train,,42,G3_3class
student-mat:dataset-version:1:source-row:133,133,1,student-mat:dataset-version:1:source-row:133,0,train,,42,G3_3class
student-mat:dataset-version:1:source-row:134,134,1,student-mat:dataset-version:1:source-row:134,0,train,,42,G3_3class
student-mat:dataset-version:1:source-row:137,137,1,student-mat:dataset-version:1:source-row:137,0,train,,42,G3_3class
student-mat:dataset-version:1:source-row:139,139,1,student-mat:dataset-version:1:source-row:139,0,train,,42,G3_3class
student-mat:dataset-version:1:source-row:141,141,1,student-mat:dataset-version:1:source-row:141,0,train,,42,G3_3class
student-mat:dataset-version:1:source-row:143,143,1,student-mat:dataset-version:1:source-row:143,0,train,,42,G3_3class
student-mat:dataset-version:1:source-row:144,144,1,student-mat:dataset-version:1:source-row:144,0,train,,42,G3_3class
student-mat:dataset-version:1:source-row:145,145,1,student-mat:dataset-version:1:source-row:145,0,train,,42,G3_3class
student-mat:dataset-version:1:source-row:146,146,1,student-mat:dataset-version:1:source-row:146,0,train,,42,G3_3class
student-mat:dataset-version:1:source-row:147,147,1,student-mat:dataset-version:1:source-row:147,0,train,,42,G3_3class
student-mat:dataset-version:1:source-row:148,148,1,student-mat:dataset-version:1:source-row:148,0,train,,42,G3_3class
student-mat:dataset-version:1:source-row:149,149,1,student-mat:dataset-version:1:source-row:149,0,train,,42,G3_3class
student-mat:dataset-version:1:source-row:152,152,1,student-mat:dataset-version:1:source-row:152,0,train,,42,G3_3class
student-mat:dataset-version:1:source-row:153,153,1,student-mat:dataset-version:1:source-row:153,0,train,,42,G3_3class
student-mat:dataset-version:1:source-row:154,154,1,student-mat:dataset-version:1:source-row:154,0,train,,42,G3_3class
student-mat:dataset-version:1:source-row:155,155,1,student-mat:dataset-version:1:source-row:155,0,train,,42,G3_3class
student-mat:dataset-version:1:source-row:156,156,1,student-mat:dataset-version:1:source-row:156,0,train,,42,G3_3class
student-mat:dataset-version:1:source-row:158,158,1,student-mat:dataset-version:1:source-row:158,0,train,,42,G3_3class
student-mat:dataset-version:1:source-row:159,159,1,student-mat:dataset-version:1:source-row:159,0,train,,42,G3_3class
student-mat:dataset-version:1:source-row:160,160,1,student-mat:dataset-version:1:source-row:160,0,train,,42,G3_3class
student-mat:dataset-version:1:source-row:161,161,1,student-mat:dataset-version:1:source-row:161,0,train,,42,G3_3class
student-mat:dataset-version:1:source-row:163,163,1,student-mat:dataset-version:1:source-row:163,0,train,,42,G3_3class
student-mat:dataset-version:1:source-row:164,164,1,student-mat:dataset-version:1:source-row:164,0,train,,42,G3_3class
student-mat:dataset-version:1:source-row:166,166,1,student-mat:dataset-version:1:source-row:166,0,train,,42,G3_3class
student-mat:dataset-version:1:source-row:167,167,1,student-mat:dataset-version:1:source-row:167,0,train,,42,G3_3class
student-mat:dataset-version:1:source-row:168,168,1,student-mat:dataset-version:1:source-row:168,0,train,,42,G3_3class
student-mat:dataset-version:1:source-row:169,169,1,student-mat:dataset-version:1:source-row:169,0,train,,42,G3_3class
student-mat:dataset-version:1:source-row:171,171,1,student-mat:dataset-version:1:source-row:171,0,train,,42,G3_3class
student-mat:dataset-version:1:source-row:172,172,1,student-mat:dataset-version:1:source-row:172,0,train,,42,G3_3class
student-mat:dataset-version:1:source-row:174,174,1,student-mat:dataset-version:1:source-row:174,0,train,,42,G3_3class
student-mat:dataset-version:1:source-row:175,175,1,student-mat:dataset-version:1:source-row:175,0,train,,42,G3_3class
student-mat:dataset-version:1:source-row:177,177,1,student-mat:dataset-version:1:source-row:177,0,train,,42,G3_3class
student-mat:dataset-version:1:source-row:178,178,1,student-mat:dataset-version:1:source-row:178,0,train,,42,G3_3class
student-mat:dataset-version:1:source-row:181,181,1,student-mat:dataset-version:1:source-row:181,0,train,,42,G3_3class
student-mat:dataset-version:1:source-row:183,183,1,student-mat:dataset-version:1:source-row:183,0,train,,42,G3_3class
student-mat:dataset-version:1:source-row:184,184,1,student-mat:dataset-version:1:source-row:184,0,train,,42,G3_3class
student-mat:dataset-version:1:source-row:186,186,1,student-mat:dataset-version:1:source-row:186,0,train,,42,G3_3class
student-mat:dataset-version:1:source-row:187,187,1,student-mat:dataset-version:1:source-row:187,0,train,,42,G3_3class
student-mat:dataset-version:1:source-row:189,189,1,student-mat:dataset-version:1:source-row:189,0,train,,42,G3_3class
student-mat:dataset-version:1:source-row:190,190,1,student-mat:dataset-version:1:source-row:190,0,train,,42,G3_3class
student-mat:dataset-version:1:source-row:191,191,1,student-mat:dataset-version:1:source-row:191,0,train,,42,G3_3class
student-mat:dataset-version:1:source-row:192,192,1,student-mat:dataset-version:1:source-row:192,0,train,,42,G3_3class
student-mat:dataset-version:1:source-row:194,194,1,student-mat:dataset-version:1:source-row:194,0,train,,42,G3_3class
student-mat:dataset-version:1:source-row:196,196,1,student-mat:dataset-version:1:source-row:196,0,train,,42,G3_3class
student-mat:dataset-version:1:source-row:197,197,1,student-mat:dataset-version:1:source-row:197,0,train,,42,G3_3class
student-mat:dataset-version:1:source-row:199,199,1,student-mat:dataset-version:1:source-row:199,0,train,,42,G3_3class
student-mat:dataset-version:1:source-row:200,200,1,student-mat:dataset-version:1:source-row:200,0,train,,42,G3_3class
student-mat:dataset-version:1:source-row:201,201,1,student-mat:dataset-version:1:source-row:201,0,train,,42,G3_3class
student-mat:dataset-version:1:source-row:202,202,1,student-mat:dataset-version:1:source-row:202,0,train,,42,G3_3class
student-mat:dataset-version:1:source-row:203,203,1,student-mat:dataset-version:1:source-row:203,0,train,,42,G3_3class
student-mat:dataset-version:1:source-row:206,206,1,student-mat:dataset-version:1:source-row:206,0,train,,42,G3_3class
student-mat:dataset-version:1:source-row:207,207,1,student-mat:dataset-version:1:source-row:207,0,train,,42,G3_3class
student-mat:dataset-version:1:source-row:208,208,1,student-mat:dataset-version:1:source-row:208,0,train,,42,G3_3class
student-mat:dataset-version:1:source-row:212,212,1,student-mat:dataset-version:1:source-row:212,0,train,,42,G3_3class
student-mat:dataset-version:1:source-row:213,213,1,student-mat:dataset-version:1:source-row:213,0,train,,42,G3_3class
student-mat:dataset-version:1:source-row:215,215,1,student-mat:dataset-version:1:source-row:215,0,train,,42,G3_3class
student-mat:dataset-version:1:source-row:217,217,1,student-mat:dataset-version:1:source-row:217,0,train,,42,G3_3class
student-mat:dataset-version:1:source-row:219,219,1,student-mat:dataset-version:1:source-row:219,0,train,,42,G3_3class
student-mat:dataset-version:1:source-row:221,221,1,student-mat:dataset-version:1:source-row:221,0,train,,42,G3_3class
student-mat:dataset-version:1:source-row:222,222,1,student-mat:dataset-version:1:source-row:222,0,train,,42,G3_3class
student-mat:dataset-version:1:source-row:227,227,1,student-mat:dataset-version:1:source-row:227,0,train,,42,G3_3class
student-mat:dataset-version:1:source-row:228,228,1,student-mat:dataset-version:1:source-row:228,0,train,,42,G3_3class
student-mat:dataset-version:1:source-row:230,230,1,student-mat:dataset-version:1:source-row:230,0,train,,42,G3_3class
student-mat:dataset-version:1:source-row:231,231,1,student-mat:dataset-version:1:source-row:231,0,train,,42,G3_3class
student-mat:dataset-version:1:source-row:232,232,1,student-mat:dataset-version:1:source-row:232,0,train,,42,G3_3class
student-mat:dataset-version:1:source-row:233,233,1,student-mat:dataset-version:1:source-row:233,0,train,,42,G3_3class
student-mat:dataset-version:1:source-row:234,234,1,student-mat:dataset-version:1:source-row:234,0,train,,42,G3_3class
student-mat:dataset-version:1:source-row:235,235,1,student-mat:dataset-version:1:source-row:235,0,train,,42,G3_3class
student-mat:dataset-version:1:source-row:236,236,1,student-mat:dataset-version:1:source-row:236,0,train,,42,G3_3class
student-mat:dataset-version:1:source-row:239,239,1,student-mat:dataset-version:1:source-row:239,0,train,,42,G3_3class
student-mat:dataset-version:1:source-row:240,240,1,student-mat:dataset-version:1:source-row:240,0,train,,42,G3_3class
student-mat:dataset-version:1:source-row:241,241,1,student-mat:dataset-version:1:source-row:241,0,train,,42,G3_3class
student-mat:dataset-version:1:source-row:242,242,1,student-mat:dataset-version:1:source-row:242,0,train,,42,G3_3class
student-mat:dataset-version:1:source-row:243,243,1,student-mat:dataset-version:1:source-row:243,0,train,,42,G3_3class
student-mat:dataset-version:1:source-row:244,244,1,student-mat:dataset-version:1:source-row:244,0,train,,42,G3_3class
student-mat:dataset-version:1:source-row:247,247,1,student-mat:dataset-version:1:source-row:247,0,train,,42,G3_3class
student-mat:dataset-version:1:source-row:249,249,1,student-mat:dataset-version:1:source-row:249,0,train,,42,G3_3class
student-mat:dataset-version:1:source-row:250,250,1,student-mat:dataset-version:1:source-row:250,0,train,,42,G3_3class
student-mat:dataset-version:1:source-row:251,251,1,student-mat:dataset-version:1:source-row:251,0,train,,42,G3_3class
student-mat:dataset-version:1:source-row:252,252,1,student-mat:dataset-version:1:source-row:252,0,train,,42,G3_3class
student-mat:dataset-version:1:source-row:253,253,1,student-mat:dataset-version:1:source-row:253,0,train,,42,G3_3class
student-mat:dataset-version:1:source-row:256,256,1,student-mat:dataset-version:1:source-row:256,0,train,,42,G3_3class
student-mat:dataset-version:1:source-row:257,257,1,student-mat:dataset-version:1:source-row:257,0,train,,42,G3_3class
student-mat:dataset-version:1:source-row:258,258,1,student-mat:dataset-version:1:source-row:258,0,train,,42,G3_3class
student-mat:dataset-version:1:source-row:260,260,1,student-mat:dataset-version:1:source-row:260,0,train,,42,G3_3class
student-mat:dataset-version:1:source-row:261,261,1,student-mat:dataset-version:1:source-row:261,0,train,,42,G3_3class
student-mat:dataset-version:1:source-row:262,262,1,student-mat:dataset-version:1:source-row:262,0,train,,42,G3_3class
student-mat:dataset-version:1:source-row:263,263,1,student-mat:dataset-version:1:source-row:263,0,train,,42,G3_3class
student-mat:dataset-version:1:source-row:264,264,1,student-mat:dataset-version:1:source-row:264,0,train,,42,G3_3class
student-mat:dataset-version:1:source-row:265,265,1,student-mat:dataset-version:1:source-row:265,0,train,,42,G3_3class
student-mat:dataset-version:1:source-row:267,267,1,student-mat:dataset-version:1:source-row:267,0,train,,42,G3_3class
student-mat:dataset-version:1:source-row:268,268,1,student-mat:dataset-version:1:source-row:268,0,train,,42,G3_3class
student-mat:dataset-version:1:source-row:269,269,1,student-mat:dataset-version:1:source-row:269,0,train,,42,G3_3class
student-mat:dataset-version:1:source-row:271,271,1,student-mat:dataset-version:1:source-row:271,0,train,,42,G3_3class
student-mat:dataset-version:1:source-row:272,272,1,student-mat:dataset-version:1:source-row:272,0,train,,42,G3_3class
student-mat:dataset-version:1:source-row:273,273,1,student-mat:dataset-version:1:source-row:273,0,train,,42,G3_3class
student-mat:dataset-version:1:source-row:274,274,1,student-mat:dataset-version:1:source-row:274,0,train,,42,G3_3class
student-mat:dataset-version:1:source-row:276,276,1,student-mat:dataset-version:1:source-row:276,0,train,,42,G3_3class
student-mat:dataset-version:1:source-row:277,277,1,student-mat:dataset-version:1:source-row:277,0,train,,42,G3_3class
student-mat:dataset-version:1:source-row:278,278,1,student-mat:dataset-version:1:source-row:278,0,train,,42,G3_3class
student-mat:dataset-version:1:source-row:280,280,1,student-mat:dataset-version:1:source-row:280,0,train,,42,G3_3class
student-mat:dataset-version:1:source-row:281,281,1,student-mat:dataset-version:1:source-row:281,0,train,,42,G3_3class
student-mat:dataset-version:1:source-row:286,286,1,student-mat:dataset-version:1:source-row:286,0,train,,42,G3_3class
student-mat:dataset-version:1:source-row:287,287,1,student-mat:dataset-version:1:source-row:287,0,train,,42,G3_3class
student-mat:dataset-version:1:source-row:288,288,1,student-mat:dataset-version:1:source-row:288,0,train,,42,G3_3class
student-mat:dataset-version:1:source-row:289,289,1,student-mat:dataset-version:1:source-row:289,0,train,,42,G3_3class
student-mat:dataset-version:1:source-row:290,290,1,student-mat:dataset-version:1:source-row:290,0,train,,42,G3_3class
student-mat:dataset-version:1:source-row:292,292,1,student-mat:dataset-version:1:source-row:292,0,train,,42,G3_3class
student-mat:dataset-version:1:source-row:293,293,1,student-mat:dataset-version:1:source-row:293,0,train,,42,G3_3class
student-mat:dataset-version:1:source-row:296,296,1,student-mat:dataset-version:1:source-row:296,0,train,,42,G3_3class
student-mat:dataset-version:1:source-row:297,297,1,student-mat:dataset-version:1:source-row:297,0,train,,42,G3_3class
student-mat:dataset-version:1:source-row:298,298,1,student-mat:dataset-version:1:source-row:298,0,train,,42,G3_3class
student-mat:dataset-version:1:source-row:300,300,1,student-mat:dataset-version:1:source-row:300,0,train,,42,G3_3class
student-mat:dataset-version:1:source-row:301,301,1,student-mat:dataset-version:1:source-row:301,0,train,,42,G3_3class
student-mat:dataset-version:1:source-row:302,302,1,student-mat:dataset-version:1:source-row:302,0,train,,42,G3_3class
student-mat:dataset-version:1:source-row:304,304,1,student-mat:dataset-version:1:source-row:304,0,train,,42,G3_3class
student-mat:dataset-version:1:source-row:305,305,1,student-mat:dataset-version:1:source-row:305,0,train,,42,G3_3class
student-mat:dataset-version:1:source-row:306,306,1,student-mat:dataset-version:1:source-row:306,0,train,,42,G3_3class
student-mat:dataset-version:1:source-row:308,308,1,student-mat:dataset-version:1:source-row:308,0,train,,42,G3_3class
student-mat:dataset-version:1:source-row:310,310,1,student-mat:dataset-version:1:source-row:310,0,train,,42,G3_3class
student-mat:dataset-version:1:source-row:311,311,1,student-mat:dataset-version:1:source-row:311,0,train,,42,G3_3class
student-mat:dataset-version:1:source-row:312,312,1,student-mat:dataset-version:1:source-row:312,0,train,,42,G3_3class
student-mat:dataset-version:1:source-row:313,313,1,student-mat:dataset-version:1:source-row:313,0,train,,42,G3_3class
student-mat:dataset-version:1:source-row:314,314,1,student-mat:dataset-version:1:source-row:314,0,train,,42,G3_3class
student-mat:dataset-version:1:source-row:315,315,1,student-mat:dataset-version:1:source-row:315,0,train,,42,G3_3class
student-mat:dataset-version:1:source-row:316,316,1,student-mat:dataset-version:1:source-row:316,0,train,,42,G3_3class
student-mat:dataset-version:1:source-row:319,319,1,student-mat:dataset-version:1:source-row:319,0,train,,42,G3_3class
student-mat:dataset-version:1:source-row:320,320,1,student-mat:dataset-version:1:source-row:320,0,train,,42,G3_3class
student-mat:dataset-version:1:source-row:323,323,1,student-mat:dataset-version:1:source-row:323,0,train,,42,G3_3class
student-mat:dataset-version:1:source-row:326,326,1,student-mat:dataset-version:1:source-row:326,0,train,,42,G3_3class
student-mat:dataset-version:1:source-row:327,327,1,student-mat:dataset-version:1:source-row:327,0,train,,42,G3_3class
student-mat:dataset-version:1:source-row:328,328,1,student-mat:dataset-version:1:source-row:328,0,train,,42,G3_3class
student-mat:dataset-version:1:source-row:330,330,1,student-mat:dataset-version:1:source-row:330,0,train,,42,G3_3class
student-mat:dataset-version:1:source-row:331,331,1,student-mat:dataset-version:1:source-row:331,0,train,,42,G3_3class
student-mat:dataset-version:1:source-row:335,335,1,student-mat:dataset-version:1:source-row:335,0,train,,42,G3_3class
student-mat:dataset-version:1:source-row:336,336,1,student-mat:dataset-version:1:source-row:336,0,train,,42,G3_3class
student-mat:dataset-version:1:source-row:339,339,1,student-mat:dataset-version:1:source-row:339,0,train,,42,G3_3class
student-mat:dataset-version:1:source-row:340,340,1,student-mat:dataset-version:1:source-row:340,0,train,,42,G3_3class
student-mat:dataset-version:1:source-row:341,341,1,student-mat:dataset-version:1:source-row:341,0,train,,42,G3_3class
student-mat:dataset-version:1:source-row:343,343,1,student-mat:dataset-version:1:source-row:343,0,train,,42,G3_3class
student-mat:dataset-version:1:source-row:344,344,1,student-mat:dataset-version:1:source-row:344,0,train,,42,G3_3class
student-mat:dataset-version:1:source-row:345,345,1,student-mat:dataset-version:1:source-row:345,0,train,,42,G3_3class
student-mat:dataset-version:1:source-row:346,346,1,student-mat:dataset-version:1:source-row:346,0,train,,42,G3_3class
student-mat:dataset-version:1:source-row:348,348,1,student-mat:dataset-version:1:source-row:348,0,train,,42,G3_3class
student-mat:dataset-version:1:source-row:349,349,1,student-mat:dataset-version:1:source-row:349,0,train,,42,G3_3class
student-mat:dataset-version:1:source-row:350,350,1,student-mat:dataset-version:1:source-row:350,0,train,,42,G3_3class
student-mat:dataset-version:1:source-row:351,351,1,student-mat:dataset-version:1:source-row:351,0,train,,42,G3_3class
student-mat:dataset-version:1:source-row:352,352,1,student-mat:dataset-version:1:source-row:352,0,train,,42,G3_3class
student-mat:dataset-version:1:source-row:353,353,1,student-mat:dataset-version:1:source-row:353,0,train,,42,G3_3class
student-mat:dataset-version:1:source-row:356,356,1,student-mat:dataset-version:1:source-row:356,0,train,,42,G3_3class
student-mat:dataset-version:1:source-row:359,359,1,student-mat:dataset-version:1:source-row:359,0,train,,42,G3_3class
student-mat:dataset-version:1:source-row:360,360,1,student-mat:dataset-version:1:source-row:360,0,train,,42,G3_3class
student-mat:dataset-version:1:source-row:361,361,1,student-mat:dataset-version:1:source-row:361,0,train,,42,G3_3class
student-mat:dataset-version:1:source-row:364,364,1,student-mat:dataset-version:1:source-row:364,0,train,,42,G3_3class
student-mat:dataset-version:1:source-row:365,365,1,student-mat:dataset-version:1:source-row:365,0,train,,42,G3_3class
student-mat:dataset-version:1:source-row:366,366,1,student-mat:dataset-version:1:source-row:366,0,train,,42,G3_3class
student-mat:dataset-version:1:source-row:367,367,1,student-mat:dataset-version:1:source-row:367,0,train,,42,G3_3class
student-mat:dataset-version:1:source-row:368,368,1,student-mat:dataset-version:1:source-row:368,0,train,,42,G3_3class
student-mat:dataset-version:1:source-row:369,369,1,student-mat:dataset-version:1:source-row:369,0,train,,42,G3_3class
student-mat:dataset-version:1:source-row:372,372,1,student-mat:dataset-version:1:source-row:372,0,train,,42,G3_3class
student-mat:dataset-version:1:source-row:373,373,1,student-mat:dataset-version:1:source-row:373,0,train,,42,G3_3class
student-mat:dataset-version:1:source-row:375,375,1,student-mat:dataset-version:1:source-row:375,0,train,,42,G3_3class
student-mat:dataset-version:1:source-row:376,376,1,student-mat:dataset-version:1:source-row:376,0,train,,42,G3_3class
student-mat:dataset-version:1:source-row:377,377,1,student-mat:dataset-version:1:source-row:377,0,train,,42,G3_3class
student-mat:dataset-version:1:source-row:378,378,1,student-mat:dataset-version:1:source-row:378,0,train,,42,G3_3class
student-mat:dataset-version:1:source-row:379,379,1,student-mat:dataset-version:1:source-row:379,0,train,,42,G3_3class
student-mat:dataset-version:1:source-row:381,381,1,student-mat:dataset-version:1:source-row:381,0,train,,42,G3_3class
student-mat:dataset-version:1:source-row:385,385,1,student-mat:dataset-version:1:source-row:385,0,train,,42,G3_3class
student-mat:dataset-version:1:source-row:386,386,1,student-mat:dataset-version:1:source-row:386,0,train,,42,G3_3class
student-mat:dataset-version:1:source-row:387,387,1,student-mat:dataset-version:1:source-row:387,0,train,,42,G3_3class
student-mat:dataset-version:1:source-row:389,389,1,student-mat:dataset-version:1:source-row:389,0,train,,42,G3_3class
student-mat:dataset-version:1:source-row:390,390,1,student-mat:dataset-version:1:source-row:390,0,train,,42,G3_3class
student-mat:dataset-version:1:source-row:392,392,1,student-mat:dataset-version:1:source-row:392,0,train,,42,G3_3class
student-mat:dataset-version:1:source-row:4,4,1,student-mat:dataset-version:1:source-row:4,0,validation,,42,G3_3class
student-mat:dataset-version:1:source-row:6,6,1,student-mat:dataset-version:1:source-row:6,0,validation,,42,G3_3class
student-mat:dataset-version:1:source-row:13,13,1,student-mat:dataset-version:1:source-row:13,0,validation,,42,G3_3class
student-mat:dataset-version:1:source-row:21,21,1,student-mat:dataset-version:1:source-row:21,0,validation,,42,G3_3class
student-mat:dataset-version:1:source-row:23,23,1,student-mat:dataset-version:1:source-row:23,0,validation,,42,G3_3class
student-mat:dataset-version:1:source-row:26,26,1,student-mat:dataset-version:1:source-row:26,0,validation,,42,G3_3class
student-mat:dataset-version:1:source-row:27,27,1,student-mat:dataset-version:1:source-row:27,0,validation,,42,G3_3class
student-mat:dataset-version:1:source-row:36,36,1,student-mat:dataset-version:1:source-row:36,0,validation,,42,G3_3class
student-mat:dataset-version:1:source-row:49,49,1,student-mat:dataset-version:1:source-row:49,0,validation,,42,G3_3class
student-mat:dataset-version:1:source-row:58,58,1,student-mat:dataset-version:1:source-row:58,0,validation,,42,G3_3class
student-mat:dataset-version:1:source-row:60,60,1,student-mat:dataset-version:1:source-row:60,0,validation,,42,G3_3class
student-mat:dataset-version:1:source-row:62,62,1,student-mat:dataset-version:1:source-row:62,0,validation,,42,G3_3class
student-mat:dataset-version:1:source-row:65,65,1,student-mat:dataset-version:1:source-row:65,0,validation,,42,G3_3class
student-mat:dataset-version:1:source-row:71,71,1,student-mat:dataset-version:1:source-row:71,0,validation,,42,G3_3class
student-mat:dataset-version:1:source-row:78,78,1,student-mat:dataset-version:1:source-row:78,0,validation,,42,G3_3class
student-mat:dataset-version:1:source-row:80,80,1,student-mat:dataset-version:1:source-row:80,0,validation,,42,G3_3class
student-mat:dataset-version:1:source-row:82,82,1,student-mat:dataset-version:1:source-row:82,0,validation,,42,G3_3class
student-mat:dataset-version:1:source-row:84,84,1,student-mat:dataset-version:1:source-row:84,0,validation,,42,G3_3class
student-mat:dataset-version:1:source-row:93,93,1,student-mat:dataset-version:1:source-row:93,0,validation,,42,G3_3class
student-mat:dataset-version:1:source-row:95,95,1,student-mat:dataset-version:1:source-row:95,0,validation,,42,G3_3class
student-mat:dataset-version:1:source-row:99,99,1,student-mat:dataset-version:1:source-row:99,0,validation,,42,G3_3class
student-mat:dataset-version:1:source-row:101,101,1,student-mat:dataset-version:1:source-row:101,0,validation,,42,G3_3class
student-mat:dataset-version:1:source-row:123,123,1,student-mat:dataset-version:1:source-row:123,0,validation,,42,G3_3class
student-mat:dataset-version:1:source-row:130,130,1,student-mat:dataset-version:1:source-row:130,0,validation,,42,G3_3class
student-mat:dataset-version:1:source-row:135,135,1,student-mat:dataset-version:1:source-row:135,0,validation,,42,G3_3class
student-mat:dataset-version:1:source-row:138,138,1,student-mat:dataset-version:1:source-row:138,0,validation,,42,G3_3class
student-mat:dataset-version:1:source-row:140,140,1,student-mat:dataset-version:1:source-row:140,0,validation,,42,G3_3class
student-mat:dataset-version:1:source-row:150,150,1,student-mat:dataset-version:1:source-row:150,0,validation,,42,G3_3class
student-mat:dataset-version:1:source-row:157,157,1,student-mat:dataset-version:1:source-row:157,0,validation,,42,G3_3class
student-mat:dataset-version:1:source-row:162,162,1,student-mat:dataset-version:1:source-row:162,0,validation,,42,G3_3class
student-mat:dataset-version:1:source-row:165,165,1,student-mat:dataset-version:1:source-row:165,0,validation,,42,G3_3class
student-mat:dataset-version:1:source-row:173,173,1,student-mat:dataset-version:1:source-row:173,0,validation,,42,G3_3class
student-mat:dataset-version:1:source-row:176,176,1,student-mat:dataset-version:1:source-row:176,0,validation,,42,G3_3class
student-mat:dataset-version:1:source-row:179,179,1,student-mat:dataset-version:1:source-row:179,0,validation,,42,G3_3class
student-mat:dataset-version:1:source-row:180,180,1,student-mat:dataset-version:1:source-row:180,0,validation,,42,G3_3class
student-mat:dataset-version:1:source-row:182,182,1,student-mat:dataset-version:1:source-row:182,0,validation,,42,G3_3class
student-mat:dataset-version:1:source-row:195,195,1,student-mat:dataset-version:1:source-row:195,0,validation,,42,G3_3class
student-mat:dataset-version:1:source-row:205,205,1,student-mat:dataset-version:1:source-row:205,0,validation,,42,G3_3class
student-mat:dataset-version:1:source-row:209,209,1,student-mat:dataset-version:1:source-row:209,0,validation,,42,G3_3class
student-mat:dataset-version:1:source-row:210,210,1,student-mat:dataset-version:1:source-row:210,0,validation,,42,G3_3class
student-mat:dataset-version:1:source-row:216,216,1,student-mat:dataset-version:1:source-row:216,0,validation,,42,G3_3class
student-mat:dataset-version:1:source-row:220,220,1,student-mat:dataset-version:1:source-row:220,0,validation,,42,G3_3class
student-mat:dataset-version:1:source-row:229,229,1,student-mat:dataset-version:1:source-row:229,0,validation,,42,G3_3class
student-mat:dataset-version:1:source-row:237,237,1,student-mat:dataset-version:1:source-row:237,0,validation,,42,G3_3class
student-mat:dataset-version:1:source-row:238,238,1,student-mat:dataset-version:1:source-row:238,0,validation,,42,G3_3class
student-mat:dataset-version:1:source-row:246,246,1,student-mat:dataset-version:1:source-row:246,0,validation,,42,G3_3class
student-mat:dataset-version:1:source-row:254,254,1,student-mat:dataset-version:1:source-row:254,0,validation,,42,G3_3class
student-mat:dataset-version:1:source-row:283,283,1,student-mat:dataset-version:1:source-row:283,0,validation,,42,G3_3class
student-mat:dataset-version:1:source-row:284,284,1,student-mat:dataset-version:1:source-row:284,0,validation,,42,G3_3class
student-mat:dataset-version:1:source-row:291,291,1,student-mat:dataset-version:1:source-row:291,0,validation,,42,G3_3class
student-mat:dataset-version:1:source-row:299,299,1,student-mat:dataset-version:1:source-row:299,0,validation,,42,G3_3class
student-mat:dataset-version:1:source-row:303,303,1,student-mat:dataset-version:1:source-row:303,0,validation,,42,G3_3class
student-mat:dataset-version:1:source-row:318,318,1,student-mat:dataset-version:1:source-row:318,0,validation,,42,G3_3class
student-mat:dataset-version:1:source-row:325,325,1,student-mat:dataset-version:1:source-row:325,0,validation,,42,G3_3class
student-mat:dataset-version:1:source-row:334,334,1,student-mat:dataset-version:1:source-row:334,0,validation,,42,G3_3class
student-mat:dataset-version:1:source-row:342,342,1,student-mat:dataset-version:1:source-row:342,0,validation,,42,G3_3class
student-mat:dataset-version:1:source-row:347,347,1,student-mat:dataset-version:1:source-row:347,0,validation,,42,G3_3class
student-mat:dataset-version:1:source-row:357,357,1,student-mat:dataset-version:1:source-row:357,0,validation,,42,G3_3class
student-mat:dataset-version:1:source-row:362,362,1,student-mat:dataset-version:1:source-row:362,0,validation,,42,G3_3class
student-mat:dataset-version:1:source-row:371,371,1,student-mat:dataset-version:1:source-row:371,0,validation,,42,G3_3class
student-mat:dataset-version:1:source-row:374,374,1,student-mat:dataset-version:1:source-row:374,0,validation,,42,G3_3class
student-mat:dataset-version:1:source-row:382,382,1,student-mat:dataset-version:1:source-row:382,0,validation,,42,G3_3class
student-mat:dataset-version:1:source-row:384,384,1,student-mat:dataset-version:1:source-row:384,0,validation,,42,G3_3class
student-mat:dataset-version:1:source-row:388,388,1,student-mat:dataset-version:1:source-row:388,0,validation,,42,G3_3class
student-mat:dataset-version:1:source-row:3,3,1,student-mat:dataset-version:1:source-row:3,1,train,,42,G3_3class
student-mat:dataset-version:1:source-row:4,4,1,student-mat:dataset-version:1:source-row:4,1,train,,42,G3_3class
student-mat:dataset-version:1:source-row:5,5,1,student-mat:dataset-version:1:source-row:5,1,train,,42,G3_3class
student-mat:dataset-version:1:source-row:6,6,1,student-mat:dataset-version:1:source-row:6,1,train,,42,G3_3class
student-mat:dataset-version:1:source-row:8,8,1,student-mat:dataset-version:1:source-row:8,1,train,,42,G3_3class
student-mat:dataset-version:1:source-row:10,10,1,student-mat:dataset-version:1:source-row:10,1,train,,42,G3_3class
student-mat:dataset-version:1:source-row:11,11,1,student-mat:dataset-version:1:source-row:11,1,train,,42,G3_3class
student-mat:dataset-version:1:source-row:13,13,1,student-mat:dataset-version:1:source-row:13,1,train,,42,G3_3class
student-mat:dataset-version:1:source-row:14,14,1,student-mat:dataset-version:1:source-row:14,1,train,,42,G3_3class
student-mat:dataset-version:1:source-row:15,15,1,student-mat:dataset-version:1:source-row:15,1,train,,42,G3_3class
student-mat:dataset-version:1:source-row:16,16,1,student-mat:dataset-version:1:source-row:16,1,train,,42,G3_3class
student-mat:dataset-version:1:source-row:17,17,1,student-mat:dataset-version:1:source-row:17,1,train,,42,G3_3class
student-mat:dataset-version:1:source-row:18,18,1,student-mat:dataset-version:1:source-row:18,1,train,,42,G3_3class
student-mat:dataset-version:1:source-row:19,19,1,student-mat:dataset-version:1:source-row:19,1,train,,42,G3_3class
student-mat:dataset-version:1:source-row:20,20,1,student-mat:dataset-version:1:source-row:20,1,train,,42,G3_3class
student-mat:dataset-version:1:source-row:21,21,1,student-mat:dataset-version:1:source-row:21,1,train,,42,G3_3class
student-mat:dataset-version:1:source-row:22,22,1,student-mat:dataset-version:1:source-row:22,1,train,,42,G3_3class
student-mat:dataset-version:1:source-row:23,23,1,student-mat:dataset-version:1:source-row:23,1,train,,42,G3_3class
student-mat:dataset-version:1:source-row:24,24,1,student-mat:dataset-version:1:source-row:24,1,train,,42,G3_3class
student-mat:dataset-version:1:source-row:25,25,1,student-mat:dataset-version:1:source-row:25,1,train,,42,G3_3class
student-mat:dataset-version:1:source-row:26,26,1,student-mat:dataset-version:1:source-row:26,1,train,,42,G3_3class
student-mat:dataset-version:1:source-row:27,27,1,student-mat:dataset-version:1:source-row:27,1,train,,42,G3_3class
student-mat:dataset-version:1:source-row:29,29,1,student-mat:dataset-version:1:source-row:29,1,train,,42,G3_3class
student-mat:dataset-version:1:source-row:31,31,1,student-mat:dataset-version:1:source-row:31,1,train,,42,G3_3class
student-mat:dataset-version:1:source-row:33,33,1,student-mat:dataset-version:1:source-row:33,1,train,,42,G3_3class
student-mat:dataset-version:1:source-row:35,35,1,student-mat:dataset-version:1:source-row:35,1,train,,42,G3_3class
student-mat:dataset-version:1:source-row:36,36,1,student-mat:dataset-version:1:source-row:36,1,train,,42,G3_3class
student-mat:dataset-version:1:source-row:38,38,1,student-mat:dataset-version:1:source-row:38,1,train,,42,G3_3class
student-mat:dataset-version:1:source-row:43,43,1,student-mat:dataset-version:1:source-row:43,1,train,,42,G3_3class
student-mat:dataset-version:1:source-row:44,44,1,student-mat:dataset-version:1:source-row:44,1,train,,42,G3_3class
student-mat:dataset-version:1:source-row:45,45,1,student-mat:dataset-version:1:source-row:45,1,train,,42,G3_3class
student-mat:dataset-version:1:source-row:46,46,1,student-mat:dataset-version:1:source-row:46,1,train,,42,G3_3class
student-mat:dataset-version:1:source-row:47,47,1,student-mat:dataset-version:1:source-row:47,1,train,,42,G3_3class
student-mat:dataset-version:1:source-row:48,48,1,student-mat:dataset-version:1:source-row:48,1,train,,42,G3_3class
student-mat:dataset-version:1:source-row:49,49,1,student-mat:dataset-version:1:source-row:49,1,train,,42,G3_3class
student-mat:dataset-version:1:source-row:50,50,1,student-mat:dataset-version:1:source-row:50,1,train,,42,G3_3class
student-mat:dataset-version:1:source-row:51,51,1,student-mat:dataset-version:1:source-row:51,1,train,,42,G3_3class
student-mat:dataset-version:1:source-row:52,52,1,student-mat:dataset-version:1:source-row:52,1,train,,42,G3_3class
student-mat:dataset-version:1:source-row:57,57,1,student-mat:dataset-version:1:source-row:57,1,train,,42,G3_3class
student-mat:dataset-version:1:source-row:58,58,1,student-mat:dataset-version:1:source-row:58,1,train,,42,G3_3class
student-mat:dataset-version:1:source-row:60,60,1,student-mat:dataset-version:1:source-row:60,1,train,,42,G3_3class
student-mat:dataset-version:1:source-row:62,62,1,student-mat:dataset-version:1:source-row:62,1,train,,42,G3_3class
student-mat:dataset-version:1:source-row:65,65,1,student-mat:dataset-version:1:source-row:65,1,train,,42,G3_3class
student-mat:dataset-version:1:source-row:66,66,1,student-mat:dataset-version:1:source-row:66,1,train,,42,G3_3class
student-mat:dataset-version:1:source-row:68,68,1,student-mat:dataset-version:1:source-row:68,1,train,,42,G3_3class
student-mat:dataset-version:1:source-row:70,70,1,student-mat:dataset-version:1:source-row:70,1,train,,42,G3_3class
student-mat:dataset-version:1:source-row:71,71,1,student-mat:dataset-version:1:source-row:71,1,train,,42,G3_3class
student-mat:dataset-version:1:source-row:72,72,1,student-mat:dataset-version:1:source-row:72,1,train,,42,G3_3class
student-mat:dataset-version:1:source-row:76,76,1,student-mat:dataset-version:1:source-row:76,1,train,,42,G3_3class
student-mat:dataset-version:1:source-row:77,77,1,student-mat:dataset-version:1:source-row:77,1,train,,42,G3_3class
student-mat:dataset-version:1:source-row:78,78,1,student-mat:dataset-version:1:source-row:78,1,train,,42,G3_3class
student-mat:dataset-version:1:source-row:79,79,1,student-mat:dataset-version:1:source-row:79,1,train,,42,G3_3class
student-mat:dataset-version:1:source-row:80,80,1,student-mat:dataset-version:1:source-row:80,1,train,,42,G3_3class
student-mat:dataset-version:1:source-row:82,82,1,student-mat:dataset-version:1:source-row:82,1,train,,42,G3_3class
student-mat:dataset-version:1:source-row:83,83,1,student-mat:dataset-version:1:source-row:83,1,train,,42,G3_3class
student-mat:dataset-version:1:source-row:84,84,1,student-mat:dataset-version:1:source-row:84,1,train,,42,G3_3class
student-mat:dataset-version:1:source-row:85,85,1,student-mat:dataset-version:1:source-row:85,1,train,,42,G3_3class
student-mat:dataset-version:1:source-row:93,93,1,student-mat:dataset-version:1:source-row:93,1,train,,42,G3_3class
student-mat:dataset-version:1:source-row:95,95,1,student-mat:dataset-version:1:source-row:95,1,train,,42,G3_3class
student-mat:dataset-version:1:source-row:97,97,1,student-mat:dataset-version:1:source-row:97,1,train,,42,G3_3class
student-mat:dataset-version:1:source-row:98,98,1,student-mat:dataset-version:1:source-row:98,1,train,,42,G3_3class
student-mat:dataset-version:1:source-row:99,99,1,student-mat:dataset-version:1:source-row:99,1,train,,42,G3_3class
student-mat:dataset-version:1:source-row:101,101,1,student-mat:dataset-version:1:source-row:101,1,train,,42,G3_3class
student-mat:dataset-version:1:source-row:102,102,1,student-mat:dataset-version:1:source-row:102,1,train,,42,G3_3class
student-mat:dataset-version:1:source-row:103,103,1,student-mat:dataset-version:1:source-row:103,1,train,,42,G3_3class
student-mat:dataset-version:1:source-row:106,106,1,student-mat:dataset-version:1:source-row:106,1,train,,42,G3_3class
student-mat:dataset-version:1:source-row:108,108,1,student-mat:dataset-version:1:source-row:108,1,train,,42,G3_3class
student-mat:dataset-version:1:source-row:109,109,1,student-mat:dataset-version:1:source-row:109,1,train,,42,G3_3class
student-mat:dataset-version:1:source-row:111,111,1,student-mat:dataset-version:1:source-row:111,1,train,,42,G3_3class
student-mat:dataset-version:1:source-row:112,112,1,student-mat:dataset-version:1:source-row:112,1,train,,42,G3_3class
student-mat:dataset-version:1:source-row:115,115,1,student-mat:dataset-version:1:source-row:115,1,train,,42,G3_3class
student-mat:dataset-version:1:source-row:116,116,1,student-mat:dataset-version:1:source-row:116,1,train,,42,G3_3class
student-mat:dataset-version:1:source-row:117,117,1,student-mat:dataset-version:1:source-row:117,1,train,,42,G3_3class
student-mat:dataset-version:1:source-row:119,119,1,student-mat:dataset-version:1:source-row:119,1,train,,42,G3_3class
student-mat:dataset-version:1:source-row:120,120,1,student-mat:dataset-version:1:source-row:120,1,train,,42,G3_3class
student-mat:dataset-version:1:source-row:121,121,1,student-mat:dataset-version:1:source-row:121,1,train,,42,G3_3class
student-mat:dataset-version:1:source-row:123,123,1,student-mat:dataset-version:1:source-row:123,1,train,,42,G3_3class
student-mat:dataset-version:1:source-row:124,124,1,student-mat:dataset-version:1:source-row:124,1,train,,42,G3_3class
student-mat:dataset-version:1:source-row:125,125,1,student-mat:dataset-version:1:source-row:125,1,train,,42,G3_3class
student-mat:dataset-version:1:source-row:127,127,1,student-mat:dataset-version:1:source-row:127,1,train,,42,G3_3class
student-mat:dataset-version:1:source-row:128,128,1,student-mat:dataset-version:1:source-row:128,1,train,,42,G3_3class
student-mat:dataset-version:1:source-row:130,130,1,student-mat:dataset-version:1:source-row:130,1,train,,42,G3_3class
student-mat:dataset-version:1:source-row:131,131,1,student-mat:dataset-version:1:source-row:131,1,train,,42,G3_3class
student-mat:dataset-version:1:source-row:135,135,1,student-mat:dataset-version:1:source-row:135,1,train,,42,G3_3class
student-mat:dataset-version:1:source-row:137,137,1,student-mat:dataset-version:1:source-row:137,1,train,,42,G3_3class
student-mat:dataset-version:1:source-row:138,138,1,student-mat:dataset-version:1:source-row:138,1,train,,42,G3_3class
student-mat:dataset-version:1:source-row:139,139,1,student-mat:dataset-version:1:source-row:139,1,train,,42,G3_3class
student-mat:dataset-version:1:source-row:140,140,1,student-mat:dataset-version:1:source-row:140,1,train,,42,G3_3class
student-mat:dataset-version:1:source-row:141,141,1,student-mat:dataset-version:1:source-row:141,1,train,,42,G3_3class
student-mat:dataset-version:1:source-row:143,143,1,student-mat:dataset-version:1:source-row:143,1,train,,42,G3_3class
student-mat:dataset-version:1:source-row:144,144,1,student-mat:dataset-version:1:source-row:144,1,train,,42,G3_3class
student-mat:dataset-version:1:source-row:145,145,1,student-mat:dataset-version:1:source-row:145,1,train,,42,G3_3class
student-mat:dataset-version:1:source-row:147,147,1,student-mat:dataset-version:1:source-row:147,1,train,,42,G3_3class
student-mat:dataset-version:1:source-row:148,148,1,student-mat:dataset-version:1:source-row:148,1,train,,42,G3_3class
student-mat:dataset-version:1:source-row:149,149,1,student-mat:dataset-version:1:source-row:149,1,train,,42,G3_3class
student-mat:dataset-version:1:source-row:150,150,1,student-mat:dataset-version:1:source-row:150,1,train,,42,G3_3class
student-mat:dataset-version:1:source-row:153,153,1,student-mat:dataset-version:1:source-row:153,1,train,,42,G3_3class
student-mat:dataset-version:1:source-row:154,154,1,student-mat:dataset-version:1:source-row:154,1,train,,42,G3_3class
student-mat:dataset-version:1:source-row:155,155,1,student-mat:dataset-version:1:source-row:155,1,train,,42,G3_3class
student-mat:dataset-version:1:source-row:157,157,1,student-mat:dataset-version:1:source-row:157,1,train,,42,G3_3class
student-mat:dataset-version:1:source-row:158,158,1,student-mat:dataset-version:1:source-row:158,1,train,,42,G3_3class
student-mat:dataset-version:1:source-row:159,159,1,student-mat:dataset-version:1:source-row:159,1,train,,42,G3_3class
student-mat:dataset-version:1:source-row:162,162,1,student-mat:dataset-version:1:source-row:162,1,train,,42,G3_3class
student-mat:dataset-version:1:source-row:164,164,1,student-mat:dataset-version:1:source-row:164,1,train,,42,G3_3class
student-mat:dataset-version:1:source-row:165,165,1,student-mat:dataset-version:1:source-row:165,1,train,,42,G3_3class
student-mat:dataset-version:1:source-row:167,167,1,student-mat:dataset-version:1:source-row:167,1,train,,42,G3_3class
student-mat:dataset-version:1:source-row:171,171,1,student-mat:dataset-version:1:source-row:171,1,train,,42,G3_3class
student-mat:dataset-version:1:source-row:172,172,1,student-mat:dataset-version:1:source-row:172,1,train,,42,G3_3class
student-mat:dataset-version:1:source-row:173,173,1,student-mat:dataset-version:1:source-row:173,1,train,,42,G3_3class
student-mat:dataset-version:1:source-row:174,174,1,student-mat:dataset-version:1:source-row:174,1,train,,42,G3_3class
student-mat:dataset-version:1:source-row:175,175,1,student-mat:dataset-version:1:source-row:175,1,train,,42,G3_3class
student-mat:dataset-version:1:source-row:176,176,1,student-mat:dataset-version:1:source-row:176,1,train,,42,G3_3class
student-mat:dataset-version:1:source-row:177,177,1,student-mat:dataset-version:1:source-row:177,1,train,,42,G3_3class
student-mat:dataset-version:1:source-row:179,179,1,student-mat:dataset-version:1:source-row:179,1,train,,42,G3_3class
student-mat:dataset-version:1:source-row:180,180,1,student-mat:dataset-version:1:source-row:180,1,train,,42,G3_3class
student-mat:dataset-version:1:source-row:182,182,1,student-mat:dataset-version:1:source-row:182,1,train,,42,G3_3class
student-mat:dataset-version:1:source-row:183,183,1,student-mat:dataset-version:1:source-row:183,1,train,,42,G3_3class
student-mat:dataset-version:1:source-row:186,186,1,student-mat:dataset-version:1:source-row:186,1,train,,42,G3_3class
student-mat:dataset-version:1:source-row:189,189,1,student-mat:dataset-version:1:source-row:189,1,train,,42,G3_3class
student-mat:dataset-version:1:source-row:190,190,1,student-mat:dataset-version:1:source-row:190,1,train,,42,G3_3class
student-mat:dataset-version:1:source-row:192,192,1,student-mat:dataset-version:1:source-row:192,1,train,,42,G3_3class
student-mat:dataset-version:1:source-row:195,195,1,student-mat:dataset-version:1:source-row:195,1,train,,42,G3_3class
student-mat:dataset-version:1:source-row:196,196,1,student-mat:dataset-version:1:source-row:196,1,train,,42,G3_3class
student-mat:dataset-version:1:source-row:199,199,1,student-mat:dataset-version:1:source-row:199,1,train,,42,G3_3class
student-mat:dataset-version:1:source-row:200,200,1,student-mat:dataset-version:1:source-row:200,1,train,,42,G3_3class
student-mat:dataset-version:1:source-row:201,201,1,student-mat:dataset-version:1:source-row:201,1,train,,42,G3_3class
student-mat:dataset-version:1:source-row:202,202,1,student-mat:dataset-version:1:source-row:202,1,train,,42,G3_3class
student-mat:dataset-version:1:source-row:203,203,1,student-mat:dataset-version:1:source-row:203,1,train,,42,G3_3class
student-mat:dataset-version:1:source-row:205,205,1,student-mat:dataset-version:1:source-row:205,1,train,,42,G3_3class
student-mat:dataset-version:1:source-row:207,207,1,student-mat:dataset-version:1:source-row:207,1,train,,42,G3_3class
student-mat:dataset-version:1:source-row:208,208,1,student-mat:dataset-version:1:source-row:208,1,train,,42,G3_3class
student-mat:dataset-version:1:source-row:209,209,1,student-mat:dataset-version:1:source-row:209,1,train,,42,G3_3class
student-mat:dataset-version:1:source-row:210,210,1,student-mat:dataset-version:1:source-row:210,1,train,,42,G3_3class
student-mat:dataset-version:1:source-row:212,212,1,student-mat:dataset-version:1:source-row:212,1,train,,42,G3_3class
student-mat:dataset-version:1:source-row:216,216,1,student-mat:dataset-version:1:source-row:216,1,train,,42,G3_3class
student-mat:dataset-version:1:source-row:217,217,1,student-mat:dataset-version:1:source-row:217,1,train,,42,G3_3class
student-mat:dataset-version:1:source-row:220,220,1,student-mat:dataset-version:1:source-row:220,1,train,,42,G3_3class
student-mat:dataset-version:1:source-row:221,221,1,student-mat:dataset-version:1:source-row:221,1,train,,42,G3_3class
student-mat:dataset-version:1:source-row:222,222,1,student-mat:dataset-version:1:source-row:222,1,train,,42,G3_3class
student-mat:dataset-version:1:source-row:227,227,1,student-mat:dataset-version:1:source-row:227,1,train,,42,G3_3class
student-mat:dataset-version:1:source-row:229,229,1,student-mat:dataset-version:1:source-row:229,1,train,,42,G3_3class
student-mat:dataset-version:1:source-row:230,230,1,student-mat:dataset-version:1:source-row:230,1,train,,42,G3_3class
student-mat:dataset-version:1:source-row:231,231,1,student-mat:dataset-version:1:source-row:231,1,train,,42,G3_3class
student-mat:dataset-version:1:source-row:232,232,1,student-mat:dataset-version:1:source-row:232,1,train,,42,G3_3class
student-mat:dataset-version:1:source-row:233,233,1,student-mat:dataset-version:1:source-row:233,1,train,,42,G3_3class
student-mat:dataset-version:1:source-row:234,234,1,student-mat:dataset-version:1:source-row:234,1,train,,42,G3_3class
student-mat:dataset-version:1:source-row:235,235,1,student-mat:dataset-version:1:source-row:235,1,train,,42,G3_3class
student-mat:dataset-version:1:source-row:236,236,1,student-mat:dataset-version:1:source-row:236,1,train,,42,G3_3class
student-mat:dataset-version:1:source-row:237,237,1,student-mat:dataset-version:1:source-row:237,1,train,,42,G3_3class
student-mat:dataset-version:1:source-row:238,238,1,student-mat:dataset-version:1:source-row:238,1,train,,42,G3_3class
student-mat:dataset-version:1:source-row:239,239,1,student-mat:dataset-version:1:source-row:239,1,train,,42,G3_3class
student-mat:dataset-version:1:source-row:240,240,1,student-mat:dataset-version:1:source-row:240,1,train,,42,G3_3class
student-mat:dataset-version:1:source-row:241,241,1,student-mat:dataset-version:1:source-row:241,1,train,,42,G3_3class
student-mat:dataset-version:1:source-row:242,242,1,student-mat:dataset-version:1:source-row:242,1,train,,42,G3_3class
student-mat:dataset-version:1:source-row:243,243,1,student-mat:dataset-version:1:source-row:243,1,train,,42,G3_3class
student-mat:dataset-version:1:source-row:244,244,1,student-mat:dataset-version:1:source-row:244,1,train,,42,G3_3class
student-mat:dataset-version:1:source-row:246,246,1,student-mat:dataset-version:1:source-row:246,1,train,,42,G3_3class
student-mat:dataset-version:1:source-row:247,247,1,student-mat:dataset-version:1:source-row:247,1,train,,42,G3_3class
student-mat:dataset-version:1:source-row:249,249,1,student-mat:dataset-version:1:source-row:249,1,train,,42,G3_3class
student-mat:dataset-version:1:source-row:250,250,1,student-mat:dataset-version:1:source-row:250,1,train,,42,G3_3class
student-mat:dataset-version:1:source-row:252,252,1,student-mat:dataset-version:1:source-row:252,1,train,,42,G3_3class
student-mat:dataset-version:1:source-row:253,253,1,student-mat:dataset-version:1:source-row:253,1,train,,42,G3_3class
student-mat:dataset-version:1:source-row:254,254,1,student-mat:dataset-version:1:source-row:254,1,train,,42,G3_3class
student-mat:dataset-version:1:source-row:256,256,1,student-mat:dataset-version:1:source-row:256,1,train,,42,G3_3class
student-mat:dataset-version:1:source-row:257,257,1,student-mat:dataset-version:1:source-row:257,1,train,,42,G3_3class
student-mat:dataset-version:1:source-row:261,261,1,student-mat:dataset-version:1:source-row:261,1,train,,42,G3_3class
student-mat:dataset-version:1:source-row:262,262,1,student-mat:dataset-version:1:source-row:262,1,train,,42,G3_3class
student-mat:dataset-version:1:source-row:264,264,1,student-mat:dataset-version:1:source-row:264,1,train,,42,G3_3class
student-mat:dataset-version:1:source-row:267,267,1,student-mat:dataset-version:1:source-row:267,1,train,,42,G3_3class
student-mat:dataset-version:1:source-row:268,268,1,student-mat:dataset-version:1:source-row:268,1,train,,42,G3_3class
student-mat:dataset-version:1:source-row:269,269,1,student-mat:dataset-version:1:source-row:269,1,train,,42,G3_3class
student-mat:dataset-version:1:source-row:272,272,1,student-mat:dataset-version:1:source-row:272,1,train,,42,G3_3class
student-mat:dataset-version:1:source-row:273,273,1,student-mat:dataset-version:1:source-row:273,1,train,,42,G3_3class
student-mat:dataset-version:1:source-row:276,276,1,student-mat:dataset-version:1:source-row:276,1,train,,42,G3_3class
student-mat:dataset-version:1:source-row:277,277,1,student-mat:dataset-version:1:source-row:277,1,train,,42,G3_3class
student-mat:dataset-version:1:source-row:278,278,1,student-mat:dataset-version:1:source-row:278,1,train,,42,G3_3class
student-mat:dataset-version:1:source-row:281,281,1,student-mat:dataset-version:1:source-row:281,1,train,,42,G3_3class
student-mat:dataset-version:1:source-row:283,283,1,student-mat:dataset-version:1:source-row:283,1,train,,42,G3_3class
student-mat:dataset-version:1:source-row:284,284,1,student-mat:dataset-version:1:source-row:284,1,train,,42,G3_3class
student-mat:dataset-version:1:source-row:286,286,1,student-mat:dataset-version:1:source-row:286,1,train,,42,G3_3class
student-mat:dataset-version:1:source-row:287,287,1,student-mat:dataset-version:1:source-row:287,1,train,,42,G3_3class
student-mat:dataset-version:1:source-row:288,288,1,student-mat:dataset-version:1:source-row:288,1,train,,42,G3_3class
student-mat:dataset-version:1:source-row:289,289,1,student-mat:dataset-version:1:source-row:289,1,train,,42,G3_3class
student-mat:dataset-version:1:source-row:290,290,1,student-mat:dataset-version:1:source-row:290,1,train,,42,G3_3class
student-mat:dataset-version:1:source-row:291,291,1,student-mat:dataset-version:1:source-row:291,1,train,,42,G3_3class
student-mat:dataset-version:1:source-row:292,292,1,student-mat:dataset-version:1:source-row:292,1,train,,42,G3_3class
student-mat:dataset-version:1:source-row:293,293,1,student-mat:dataset-version:1:source-row:293,1,train,,42,G3_3class
student-mat:dataset-version:1:source-row:296,296,1,student-mat:dataset-version:1:source-row:296,1,train,,42,G3_3class
student-mat:dataset-version:1:source-row:297,297,1,student-mat:dataset-version:1:source-row:297,1,train,,42,G3_3class
student-mat:dataset-version:1:source-row:299,299,1,student-mat:dataset-version:1:source-row:299,1,train,,42,G3_3class
student-mat:dataset-version:1:source-row:300,300,1,student-mat:dataset-version:1:source-row:300,1,train,,42,G3_3class
student-mat:dataset-version:1:source-row:301,301,1,student-mat:dataset-version:1:source-row:301,1,train,,42,G3_3class
student-mat:dataset-version:1:source-row:302,302,1,student-mat:dataset-version:1:source-row:302,1,train,,42,G3_3class
student-mat:dataset-version:1:source-row:303,303,1,student-mat:dataset-version:1:source-row:303,1,train,,42,G3_3class
student-mat:dataset-version:1:source-row:304,304,1,student-mat:dataset-version:1:source-row:304,1,train,,42,G3_3class
student-mat:dataset-version:1:source-row:305,305,1,student-mat:dataset-version:1:source-row:305,1,train,,42,G3_3class
student-mat:dataset-version:1:source-row:306,306,1,student-mat:dataset-version:1:source-row:306,1,train,,42,G3_3class
student-mat:dataset-version:1:source-row:308,308,1,student-mat:dataset-version:1:source-row:308,1,train,,42,G3_3class
student-mat:dataset-version:1:source-row:310,310,1,student-mat:dataset-version:1:source-row:310,1,train,,42,G3_3class
student-mat:dataset-version:1:source-row:312,312,1,student-mat:dataset-version:1:source-row:312,1,train,,42,G3_3class
student-mat:dataset-version:1:source-row:313,313,1,student-mat:dataset-version:1:source-row:313,1,train,,42,G3_3class
student-mat:dataset-version:1:source-row:314,314,1,student-mat:dataset-version:1:source-row:314,1,train,,42,G3_3class
student-mat:dataset-version:1:source-row:315,315,1,student-mat:dataset-version:1:source-row:315,1,train,,42,G3_3class
student-mat:dataset-version:1:source-row:316,316,1,student-mat:dataset-version:1:source-row:316,1,train,,42,G3_3class
student-mat:dataset-version:1:source-row:318,318,1,student-mat:dataset-version:1:source-row:318,1,train,,42,G3_3class
student-mat:dataset-version:1:source-row:320,320,1,student-mat:dataset-version:1:source-row:320,1,train,,42,G3_3class
student-mat:dataset-version:1:source-row:323,323,1,student-mat:dataset-version:1:source-row:323,1,train,,42,G3_3class
student-mat:dataset-version:1:source-row:325,325,1,student-mat:dataset-version:1:source-row:325,1,train,,42,G3_3class
student-mat:dataset-version:1:source-row:326,326,1,student-mat:dataset-version:1:source-row:326,1,train,,42,G3_3class
student-mat:dataset-version:1:source-row:331,331,1,student-mat:dataset-version:1:source-row:331,1,train,,42,G3_3class
student-mat:dataset-version:1:source-row:334,334,1,student-mat:dataset-version:1:source-row:334,1,train,,42,G3_3class
student-mat:dataset-version:1:source-row:335,335,1,student-mat:dataset-version:1:source-row:335,1,train,,42,G3_3class
student-mat:dataset-version:1:source-row:336,336,1,student-mat:dataset-version:1:source-row:336,1,train,,42,G3_3class
student-mat:dataset-version:1:source-row:339,339,1,student-mat:dataset-version:1:source-row:339,1,train,,42,G3_3class
student-mat:dataset-version:1:source-row:340,340,1,student-mat:dataset-version:1:source-row:340,1,train,,42,G3_3class
student-mat:dataset-version:1:source-row:341,341,1,student-mat:dataset-version:1:source-row:341,1,train,,42,G3_3class
student-mat:dataset-version:1:source-row:342,342,1,student-mat:dataset-version:1:source-row:342,1,train,,42,G3_3class
student-mat:dataset-version:1:source-row:346,346,1,student-mat:dataset-version:1:source-row:346,1,train,,42,G3_3class
student-mat:dataset-version:1:source-row:347,347,1,student-mat:dataset-version:1:source-row:347,1,train,,42,G3_3class
student-mat:dataset-version:1:source-row:348,348,1,student-mat:dataset-version:1:source-row:348,1,train,,42,G3_3class
student-mat:dataset-version:1:source-row:349,349,1,student-mat:dataset-version:1:source-row:349,1,train,,42,G3_3class
student-mat:dataset-version:1:source-row:351,351,1,student-mat:dataset-version:1:source-row:351,1,train,,42,G3_3class
student-mat:dataset-version:1:source-row:352,352,1,student-mat:dataset-version:1:source-row:352,1,train,,42,G3_3class
student-mat:dataset-version:1:source-row:353,353,1,student-mat:dataset-version:1:source-row:353,1,train,,42,G3_3class
student-mat:dataset-version:1:source-row:356,356,1,student-mat:dataset-version:1:source-row:356,1,train,,42,G3_3class
student-mat:dataset-version:1:source-row:357,357,1,student-mat:dataset-version:1:source-row:357,1,train,,42,G3_3class
student-mat:dataset-version:1:source-row:359,359,1,student-mat:dataset-version:1:source-row:359,1,train,,42,G3_3class
student-mat:dataset-version:1:source-row:360,360,1,student-mat:dataset-version:1:source-row:360,1,train,,42,G3_3class
student-mat:dataset-version:1:source-row:361,361,1,student-mat:dataset-version:1:source-row:361,1,train,,42,G3_3class
student-mat:dataset-version:1:source-row:362,362,1,student-mat:dataset-version:1:source-row:362,1,train,,42,G3_3class
student-mat:dataset-version:1:source-row:364,364,1,student-mat:dataset-version:1:source-row:364,1,train,,42,G3_3class
student-mat:dataset-version:1:source-row:365,365,1,student-mat:dataset-version:1:source-row:365,1,train,,42,G3_3class
student-mat:dataset-version:1:source-row:366,366,1,student-mat:dataset-version:1:source-row:366,1,train,,42,G3_3class
student-mat:dataset-version:1:source-row:367,367,1,student-mat:dataset-version:1:source-row:367,1,train,,42,G3_3class
student-mat:dataset-version:1:source-row:368,368,1,student-mat:dataset-version:1:source-row:368,1,train,,42,G3_3class
student-mat:dataset-version:1:source-row:369,369,1,student-mat:dataset-version:1:source-row:369,1,train,,42,G3_3class
student-mat:dataset-version:1:source-row:371,371,1,student-mat:dataset-version:1:source-row:371,1,train,,42,G3_3class
student-mat:dataset-version:1:source-row:372,372,1,student-mat:dataset-version:1:source-row:372,1,train,,42,G3_3class
student-mat:dataset-version:1:source-row:373,373,1,student-mat:dataset-version:1:source-row:373,1,train,,42,G3_3class
student-mat:dataset-version:1:source-row:374,374,1,student-mat:dataset-version:1:source-row:374,1,train,,42,G3_3class
student-mat:dataset-version:1:source-row:377,377,1,student-mat:dataset-version:1:source-row:377,1,train,,42,G3_3class
student-mat:dataset-version:1:source-row:378,378,1,student-mat:dataset-version:1:source-row:378,1,train,,42,G3_3class
student-mat:dataset-version:1:source-row:379,379,1,student-mat:dataset-version:1:source-row:379,1,train,,42,G3_3class
student-mat:dataset-version:1:source-row:381,381,1,student-mat:dataset-version:1:source-row:381,1,train,,42,G3_3class
student-mat:dataset-version:1:source-row:382,382,1,student-mat:dataset-version:1:source-row:382,1,train,,42,G3_3class
student-mat:dataset-version:1:source-row:384,384,1,student-mat:dataset-version:1:source-row:384,1,train,,42,G3_3class
student-mat:dataset-version:1:source-row:385,385,1,student-mat:dataset-version:1:source-row:385,1,train,,42,G3_3class
student-mat:dataset-version:1:source-row:386,386,1,student-mat:dataset-version:1:source-row:386,1,train,,42,G3_3class
student-mat:dataset-version:1:source-row:387,387,1,student-mat:dataset-version:1:source-row:387,1,train,,42,G3_3class
student-mat:dataset-version:1:source-row:388,388,1,student-mat:dataset-version:1:source-row:388,1,train,,42,G3_3class
student-mat:dataset-version:1:source-row:389,389,1,student-mat:dataset-version:1:source-row:389,1,train,,42,G3_3class
student-mat:dataset-version:1:source-row:390,390,1,student-mat:dataset-version:1:source-row:390,1,train,,42,G3_3class
student-mat:dataset-version:1:source-row:392,392,1,student-mat:dataset-version:1:source-row:392,1,train,,42,G3_3class
student-mat:dataset-version:1:source-row:0,0,1,student-mat:dataset-version:1:source-row:0,1,validation,,42,G3_3class
student-mat:dataset-version:1:source-row:32,32,1,student-mat:dataset-version:1:source-row:32,1,validation,,42,G3_3class
student-mat:dataset-version:1:source-row:34,34,1,student-mat:dataset-version:1:source-row:34,1,validation,,42,G3_3class
student-mat:dataset-version:1:source-row:37,37,1,student-mat:dataset-version:1:source-row:37,1,validation,,42,G3_3class
student-mat:dataset-version:1:source-row:39,39,1,student-mat:dataset-version:1:source-row:39,1,validation,,42,G3_3class
student-mat:dataset-version:1:source-row:40,40,1,student-mat:dataset-version:1:source-row:40,1,validation,,42,G3_3class
student-mat:dataset-version:1:source-row:41,41,1,student-mat:dataset-version:1:source-row:41,1,validation,,42,G3_3class
student-mat:dataset-version:1:source-row:42,42,1,student-mat:dataset-version:1:source-row:42,1,validation,,42,G3_3class
student-mat:dataset-version:1:source-row:61,61,1,student-mat:dataset-version:1:source-row:61,1,validation,,42,G3_3class
student-mat:dataset-version:1:source-row:63,63,1,student-mat:dataset-version:1:source-row:63,1,validation,,42,G3_3class
student-mat:dataset-version:1:source-row:64,64,1,student-mat:dataset-version:1:source-row:64,1,validation,,42,G3_3class
student-mat:dataset-version:1:source-row:87,87,1,student-mat:dataset-version:1:source-row:87,1,validation,,42,G3_3class
student-mat:dataset-version:1:source-row:90,90,1,student-mat:dataset-version:1:source-row:90,1,validation,,42,G3_3class
student-mat:dataset-version:1:source-row:91,91,1,student-mat:dataset-version:1:source-row:91,1,validation,,42,G3_3class
student-mat:dataset-version:1:source-row:94,94,1,student-mat:dataset-version:1:source-row:94,1,validation,,42,G3_3class
student-mat:dataset-version:1:source-row:96,96,1,student-mat:dataset-version:1:source-row:96,1,validation,,42,G3_3class
student-mat:dataset-version:1:source-row:100,100,1,student-mat:dataset-version:1:source-row:100,1,validation,,42,G3_3class
student-mat:dataset-version:1:source-row:113,113,1,student-mat:dataset-version:1:source-row:113,1,validation,,42,G3_3class
student-mat:dataset-version:1:source-row:114,114,1,student-mat:dataset-version:1:source-row:114,1,validation,,42,G3_3class
student-mat:dataset-version:1:source-row:122,122,1,student-mat:dataset-version:1:source-row:122,1,validation,,42,G3_3class
student-mat:dataset-version:1:source-row:133,133,1,student-mat:dataset-version:1:source-row:133,1,validation,,42,G3_3class
student-mat:dataset-version:1:source-row:134,134,1,student-mat:dataset-version:1:source-row:134,1,validation,,42,G3_3class
student-mat:dataset-version:1:source-row:146,146,1,student-mat:dataset-version:1:source-row:146,1,validation,,42,G3_3class
student-mat:dataset-version:1:source-row:152,152,1,student-mat:dataset-version:1:source-row:152,1,validation,,42,G3_3class
student-mat:dataset-version:1:source-row:156,156,1,student-mat:dataset-version:1:source-row:156,1,validation,,42,G3_3class
student-mat:dataset-version:1:source-row:160,160,1,student-mat:dataset-version:1:source-row:160,1,validation,,42,G3_3class
student-mat:dataset-version:1:source-row:161,161,1,student-mat:dataset-version:1:source-row:161,1,validation,,42,G3_3class
student-mat:dataset-version:1:source-row:163,163,1,student-mat:dataset-version:1:source-row:163,1,validation,,42,G3_3class
student-mat:dataset-version:1:source-row:166,166,1,student-mat:dataset-version:1:source-row:166,1,validation,,42,G3_3class
student-mat:dataset-version:1:source-row:168,168,1,student-mat:dataset-version:1:source-row:168,1,validation,,42,G3_3class
student-mat:dataset-version:1:source-row:169,169,1,student-mat:dataset-version:1:source-row:169,1,validation,,42,G3_3class
student-mat:dataset-version:1:source-row:178,178,1,student-mat:dataset-version:1:source-row:178,1,validation,,42,G3_3class
student-mat:dataset-version:1:source-row:181,181,1,student-mat:dataset-version:1:source-row:181,1,validation,,42,G3_3class
student-mat:dataset-version:1:source-row:184,184,1,student-mat:dataset-version:1:source-row:184,1,validation,,42,G3_3class
student-mat:dataset-version:1:source-row:187,187,1,student-mat:dataset-version:1:source-row:187,1,validation,,42,G3_3class
student-mat:dataset-version:1:source-row:191,191,1,student-mat:dataset-version:1:source-row:191,1,validation,,42,G3_3class
student-mat:dataset-version:1:source-row:194,194,1,student-mat:dataset-version:1:source-row:194,1,validation,,42,G3_3class
student-mat:dataset-version:1:source-row:197,197,1,student-mat:dataset-version:1:source-row:197,1,validation,,42,G3_3class
student-mat:dataset-version:1:source-row:206,206,1,student-mat:dataset-version:1:source-row:206,1,validation,,42,G3_3class
student-mat:dataset-version:1:source-row:213,213,1,student-mat:dataset-version:1:source-row:213,1,validation,,42,G3_3class
student-mat:dataset-version:1:source-row:215,215,1,student-mat:dataset-version:1:source-row:215,1,validation,,42,G3_3class
student-mat:dataset-version:1:source-row:219,219,1,student-mat:dataset-version:1:source-row:219,1,validation,,42,G3_3class
student-mat:dataset-version:1:source-row:228,228,1,student-mat:dataset-version:1:source-row:228,1,validation,,42,G3_3class
student-mat:dataset-version:1:source-row:251,251,1,student-mat:dataset-version:1:source-row:251,1,validation,,42,G3_3class
student-mat:dataset-version:1:source-row:258,258,1,student-mat:dataset-version:1:source-row:258,1,validation,,42,G3_3class
student-mat:dataset-version:1:source-row:260,260,1,student-mat:dataset-version:1:source-row:260,1,validation,,42,G3_3class
student-mat:dataset-version:1:source-row:263,263,1,student-mat:dataset-version:1:source-row:263,1,validation,,42,G3_3class
student-mat:dataset-version:1:source-row:265,265,1,student-mat:dataset-version:1:source-row:265,1,validation,,42,G3_3class
student-mat:dataset-version:1:source-row:271,271,1,student-mat:dataset-version:1:source-row:271,1,validation,,42,G3_3class
student-mat:dataset-version:1:source-row:274,274,1,student-mat:dataset-version:1:source-row:274,1,validation,,42,G3_3class
student-mat:dataset-version:1:source-row:280,280,1,student-mat:dataset-version:1:source-row:280,1,validation,,42,G3_3class
student-mat:dataset-version:1:source-row:298,298,1,student-mat:dataset-version:1:source-row:298,1,validation,,42,G3_3class
student-mat:dataset-version:1:source-row:311,311,1,student-mat:dataset-version:1:source-row:311,1,validation,,42,G3_3class
student-mat:dataset-version:1:source-row:319,319,1,student-mat:dataset-version:1:source-row:319,1,validation,,42,G3_3class
student-mat:dataset-version:1:source-row:327,327,1,student-mat:dataset-version:1:source-row:327,1,validation,,42,G3_3class
student-mat:dataset-version:1:source-row:328,328,1,student-mat:dataset-version:1:source-row:328,1,validation,,42,G3_3class
student-mat:dataset-version:1:source-row:330,330,1,student-mat:dataset-version:1:source-row:330,1,validation,,42,G3_3class
student-mat:dataset-version:1:source-row:343,343,1,student-mat:dataset-version:1:source-row:343,1,validation,,42,G3_3class
student-mat:dataset-version:1:source-row:344,344,1,student-mat:dataset-version:1:source-row:344,1,validation,,42,G3_3class
student-mat:dataset-version:1:source-row:345,345,1,student-mat:dataset-version:1:source-row:345,1,validation,,42,G3_3class
student-mat:dataset-version:1:source-row:350,350,1,student-mat:dataset-version:1:source-row:350,1,validation,,42,G3_3class
student-mat:dataset-version:1:source-row:375,375,1,student-mat:dataset-version:1:source-row:375,1,validation,,42,G3_3class
student-mat:dataset-version:1:source-row:376,376,1,student-mat:dataset-version:1:source-row:376,1,validation,,42,G3_3class
student-mat:dataset-version:1:source-row:0,0,1,student-mat:dataset-version:1:source-row:0,2,train,,42,G3_3class
student-mat:dataset-version:1:source-row:4,4,1,student-mat:dataset-version:1:source-row:4,2,train,,42,G3_3class
student-mat:dataset-version:1:source-row:5,5,1,student-mat:dataset-version:1:source-row:5,2,train,,42,G3_3class
student-mat:dataset-version:1:source-row:6,6,1,student-mat:dataset-version:1:source-row:6,2,train,,42,G3_3class
student-mat:dataset-version:1:source-row:8,8,1,student-mat:dataset-version:1:source-row:8,2,train,,42,G3_3class
student-mat:dataset-version:1:source-row:10,10,1,student-mat:dataset-version:1:source-row:10,2,train,,42,G3_3class
student-mat:dataset-version:1:source-row:11,11,1,student-mat:dataset-version:1:source-row:11,2,train,,42,G3_3class
student-mat:dataset-version:1:source-row:13,13,1,student-mat:dataset-version:1:source-row:13,2,train,,42,G3_3class
student-mat:dataset-version:1:source-row:16,16,1,student-mat:dataset-version:1:source-row:16,2,train,,42,G3_3class
student-mat:dataset-version:1:source-row:17,17,1,student-mat:dataset-version:1:source-row:17,2,train,,42,G3_3class
student-mat:dataset-version:1:source-row:18,18,1,student-mat:dataset-version:1:source-row:18,2,train,,42,G3_3class
student-mat:dataset-version:1:source-row:19,19,1,student-mat:dataset-version:1:source-row:19,2,train,,42,G3_3class
student-mat:dataset-version:1:source-row:20,20,1,student-mat:dataset-version:1:source-row:20,2,train,,42,G3_3class
student-mat:dataset-version:1:source-row:21,21,1,student-mat:dataset-version:1:source-row:21,2,train,,42,G3_3class
student-mat:dataset-version:1:source-row:22,22,1,student-mat:dataset-version:1:source-row:22,2,train,,42,G3_3class
student-mat:dataset-version:1:source-row:23,23,1,student-mat:dataset-version:1:source-row:23,2,train,,42,G3_3class
student-mat:dataset-version:1:source-row:26,26,1,student-mat:dataset-version:1:source-row:26,2,train,,42,G3_3class
student-mat:dataset-version:1:source-row:27,27,1,student-mat:dataset-version:1:source-row:27,2,train,,42,G3_3class
student-mat:dataset-version:1:source-row:29,29,1,student-mat:dataset-version:1:source-row:29,2,train,,42,G3_3class
student-mat:dataset-version:1:source-row:32,32,1,student-mat:dataset-version:1:source-row:32,2,train,,42,G3_3class
student-mat:dataset-version:1:source-row:33,33,1,student-mat:dataset-version:1:source-row:33,2,train,,42,G3_3class
student-mat:dataset-version:1:source-row:34,34,1,student-mat:dataset-version:1:source-row:34,2,train,,42,G3_3class
student-mat:dataset-version:1:source-row:35,35,1,student-mat:dataset-version:1:source-row:35,2,train,,42,G3_3class
student-mat:dataset-version:1:source-row:36,36,1,student-mat:dataset-version:1:source-row:36,2,train,,42,G3_3class
student-mat:dataset-version:1:source-row:37,37,1,student-mat:dataset-version:1:source-row:37,2,train,,42,G3_3class
student-mat:dataset-version:1:source-row:38,38,1,student-mat:dataset-version:1:source-row:38,2,train,,42,G3_3class
student-mat:dataset-version:1:source-row:39,39,1,student-mat:dataset-version:1:source-row:39,2,train,,42,G3_3class
student-mat:dataset-version:1:source-row:40,40,1,student-mat:dataset-version:1:source-row:40,2,train,,42,G3_3class
student-mat:dataset-version:1:source-row:41,41,1,student-mat:dataset-version:1:source-row:41,2,train,,42,G3_3class
student-mat:dataset-version:1:source-row:42,42,1,student-mat:dataset-version:1:source-row:42,2,train,,42,G3_3class
student-mat:dataset-version:1:source-row:43,43,1,student-mat:dataset-version:1:source-row:43,2,train,,42,G3_3class
student-mat:dataset-version:1:source-row:44,44,1,student-mat:dataset-version:1:source-row:44,2,train,,42,G3_3class
student-mat:dataset-version:1:source-row:46,46,1,student-mat:dataset-version:1:source-row:46,2,train,,42,G3_3class
student-mat:dataset-version:1:source-row:49,49,1,student-mat:dataset-version:1:source-row:49,2,train,,42,G3_3class
student-mat:dataset-version:1:source-row:50,50,1,student-mat:dataset-version:1:source-row:50,2,train,,42,G3_3class
student-mat:dataset-version:1:source-row:52,52,1,student-mat:dataset-version:1:source-row:52,2,train,,42,G3_3class
student-mat:dataset-version:1:source-row:57,57,1,student-mat:dataset-version:1:source-row:57,2,train,,42,G3_3class
student-mat:dataset-version:1:source-row:58,58,1,student-mat:dataset-version:1:source-row:58,2,train,,42,G3_3class
student-mat:dataset-version:1:source-row:60,60,1,student-mat:dataset-version:1:source-row:60,2,train,,42,G3_3class
student-mat:dataset-version:1:source-row:61,61,1,student-mat:dataset-version:1:source-row:61,2,train,,42,G3_3class
student-mat:dataset-version:1:source-row:62,62,1,student-mat:dataset-version:1:source-row:62,2,train,,42,G3_3class
student-mat:dataset-version:1:source-row:63,63,1,student-mat:dataset-version:1:source-row:63,2,train,,42,G3_3class
student-mat:dataset-version:1:source-row:64,64,1,student-mat:dataset-version:1:source-row:64,2,train,,42,G3_3class
student-mat:dataset-version:1:source-row:65,65,1,student-mat:dataset-version:1:source-row:65,2,train,,42,G3_3class
student-mat:dataset-version:1:source-row:68,68,1,student-mat:dataset-version:1:source-row:68,2,train,,42,G3_3class
student-mat:dataset-version:1:source-row:70,70,1,student-mat:dataset-version:1:source-row:70,2,train,,42,G3_3class
student-mat:dataset-version:1:source-row:71,71,1,student-mat:dataset-version:1:source-row:71,2,train,,42,G3_3class
student-mat:dataset-version:1:source-row:72,72,1,student-mat:dataset-version:1:source-row:72,2,train,,42,G3_3class
student-mat:dataset-version:1:source-row:76,76,1,student-mat:dataset-version:1:source-row:76,2,train,,42,G3_3class
student-mat:dataset-version:1:source-row:78,78,1,student-mat:dataset-version:1:source-row:78,2,train,,42,G3_3class
student-mat:dataset-version:1:source-row:79,79,1,student-mat:dataset-version:1:source-row:79,2,train,,42,G3_3class
student-mat:dataset-version:1:source-row:80,80,1,student-mat:dataset-version:1:source-row:80,2,train,,42,G3_3class
student-mat:dataset-version:1:source-row:82,82,1,student-mat:dataset-version:1:source-row:82,2,train,,42,G3_3class
student-mat:dataset-version:1:source-row:84,84,1,student-mat:dataset-version:1:source-row:84,2,train,,42,G3_3class
student-mat:dataset-version:1:source-row:85,85,1,student-mat:dataset-version:1:source-row:85,2,train,,42,G3_3class
student-mat:dataset-version:1:source-row:87,87,1,student-mat:dataset-version:1:source-row:87,2,train,,42,G3_3class
student-mat:dataset-version:1:source-row:90,90,1,student-mat:dataset-version:1:source-row:90,2,train,,42,G3_3class
student-mat:dataset-version:1:source-row:91,91,1,student-mat:dataset-version:1:source-row:91,2,train,,42,G3_3class
student-mat:dataset-version:1:source-row:93,93,1,student-mat:dataset-version:1:source-row:93,2,train,,42,G3_3class
student-mat:dataset-version:1:source-row:94,94,1,student-mat:dataset-version:1:source-row:94,2,train,,42,G3_3class
student-mat:dataset-version:1:source-row:95,95,1,student-mat:dataset-version:1:source-row:95,2,train,,42,G3_3class
student-mat:dataset-version:1:source-row:96,96,1,student-mat:dataset-version:1:source-row:96,2,train,,42,G3_3class
student-mat:dataset-version:1:source-row:97,97,1,student-mat:dataset-version:1:source-row:97,2,train,,42,G3_3class
student-mat:dataset-version:1:source-row:99,99,1,student-mat:dataset-version:1:source-row:99,2,train,,42,G3_3class
student-mat:dataset-version:1:source-row:100,100,1,student-mat:dataset-version:1:source-row:100,2,train,,42,G3_3class
student-mat:dataset-version:1:source-row:101,101,1,student-mat:dataset-version:1:source-row:101,2,train,,42,G3_3class
student-mat:dataset-version:1:source-row:102,102,1,student-mat:dataset-version:1:source-row:102,2,train,,42,G3_3class
student-mat:dataset-version:1:source-row:103,103,1,student-mat:dataset-version:1:source-row:103,2,train,,42,G3_3class
student-mat:dataset-version:1:source-row:108,108,1,student-mat:dataset-version:1:source-row:108,2,train,,42,G3_3class
student-mat:dataset-version:1:source-row:109,109,1,student-mat:dataset-version:1:source-row:109,2,train,,42,G3_3class
student-mat:dataset-version:1:source-row:113,113,1,student-mat:dataset-version:1:source-row:113,2,train,,42,G3_3class
student-mat:dataset-version:1:source-row:114,114,1,student-mat:dataset-version:1:source-row:114,2,train,,42,G3_3class
student-mat:dataset-version:1:source-row:115,115,1,student-mat:dataset-version:1:source-row:115,2,train,,42,G3_3class
student-mat:dataset-version:1:source-row:116,116,1,student-mat:dataset-version:1:source-row:116,2,train,,42,G3_3class
student-mat:dataset-version:1:source-row:119,119,1,student-mat:dataset-version:1:source-row:119,2,train,,42,G3_3class
student-mat:dataset-version:1:source-row:120,120,1,student-mat:dataset-version:1:source-row:120,2,train,,42,G3_3class
student-mat:dataset-version:1:source-row:121,121,1,student-mat:dataset-version:1:source-row:121,2,train,,42,G3_3class
student-mat:dataset-version:1:source-row:122,122,1,student-mat:dataset-version:1:source-row:122,2,train,,42,G3_3class
student-mat:dataset-version:1:source-row:123,123,1,student-mat:dataset-version:1:source-row:123,2,train,,42,G3_3class
student-mat:dataset-version:1:source-row:124,124,1,student-mat:dataset-version:1:source-row:124,2,train,,42,G3_3class
student-mat:dataset-version:1:source-row:125,125,1,student-mat:dataset-version:1:source-row:125,2,train,,42,G3_3class
student-mat:dataset-version:1:source-row:128,128,1,student-mat:dataset-version:1:source-row:128,2,train,,42,G3_3class
student-mat:dataset-version:1:source-row:130,130,1,student-mat:dataset-version:1:source-row:130,2,train,,42,G3_3class
student-mat:dataset-version:1:source-row:133,133,1,student-mat:dataset-version:1:source-row:133,2,train,,42,G3_3class
student-mat:dataset-version:1:source-row:134,134,1,student-mat:dataset-version:1:source-row:134,2,train,,42,G3_3class
student-mat:dataset-version:1:source-row:135,135,1,student-mat:dataset-version:1:source-row:135,2,train,,42,G3_3class
student-mat:dataset-version:1:source-row:137,137,1,student-mat:dataset-version:1:source-row:137,2,train,,42,G3_3class
student-mat:dataset-version:1:source-row:138,138,1,student-mat:dataset-version:1:source-row:138,2,train,,42,G3_3class
student-mat:dataset-version:1:source-row:139,139,1,student-mat:dataset-version:1:source-row:139,2,train,,42,G3_3class
student-mat:dataset-version:1:source-row:140,140,1,student-mat:dataset-version:1:source-row:140,2,train,,42,G3_3class
student-mat:dataset-version:1:source-row:141,141,1,student-mat:dataset-version:1:source-row:141,2,train,,42,G3_3class
student-mat:dataset-version:1:source-row:143,143,1,student-mat:dataset-version:1:source-row:143,2,train,,42,G3_3class
student-mat:dataset-version:1:source-row:144,144,1,student-mat:dataset-version:1:source-row:144,2,train,,42,G3_3class
student-mat:dataset-version:1:source-row:145,145,1,student-mat:dataset-version:1:source-row:145,2,train,,42,G3_3class
student-mat:dataset-version:1:source-row:146,146,1,student-mat:dataset-version:1:source-row:146,2,train,,42,G3_3class
student-mat:dataset-version:1:source-row:148,148,1,student-mat:dataset-version:1:source-row:148,2,train,,42,G3_3class
student-mat:dataset-version:1:source-row:149,149,1,student-mat:dataset-version:1:source-row:149,2,train,,42,G3_3class
student-mat:dataset-version:1:source-row:150,150,1,student-mat:dataset-version:1:source-row:150,2,train,,42,G3_3class
student-mat:dataset-version:1:source-row:152,152,1,student-mat:dataset-version:1:source-row:152,2,train,,42,G3_3class
student-mat:dataset-version:1:source-row:156,156,1,student-mat:dataset-version:1:source-row:156,2,train,,42,G3_3class
student-mat:dataset-version:1:source-row:157,157,1,student-mat:dataset-version:1:source-row:157,2,train,,42,G3_3class
student-mat:dataset-version:1:source-row:160,160,1,student-mat:dataset-version:1:source-row:160,2,train,,42,G3_3class
student-mat:dataset-version:1:source-row:161,161,1,student-mat:dataset-version:1:source-row:161,2,train,,42,G3_3class
student-mat:dataset-version:1:source-row:162,162,1,student-mat:dataset-version:1:source-row:162,2,train,,42,G3_3class
student-mat:dataset-version:1:source-row:163,163,1,student-mat:dataset-version:1:source-row:163,2,train,,42,G3_3class
student-mat:dataset-version:1:source-row:164,164,1,student-mat:dataset-version:1:source-row:164,2,train,,42,G3_3class
student-mat:dataset-version:1:source-row:165,165,1,student-mat:dataset-version:1:source-row:165,2,train,,42,G3_3class
student-mat:dataset-version:1:source-row:166,166,1,student-mat:dataset-version:1:source-row:166,2,train,,42,G3_3class
student-mat:dataset-version:1:source-row:167,167,1,student-mat:dataset-version:1:source-row:167,2,train,,42,G3_3class
student-mat:dataset-version:1:source-row:168,168,1,student-mat:dataset-version:1:source-row:168,2,train,,42,G3_3class
student-mat:dataset-version:1:source-row:169,169,1,student-mat:dataset-version:1:source-row:169,2,train,,42,G3_3class
student-mat:dataset-version:1:source-row:171,171,1,student-mat:dataset-version:1:source-row:171,2,train,,42,G3_3class
student-mat:dataset-version:1:source-row:172,172,1,student-mat:dataset-version:1:source-row:172,2,train,,42,G3_3class
student-mat:dataset-version:1:source-row:173,173,1,student-mat:dataset-version:1:source-row:173,2,train,,42,G3_3class
student-mat:dataset-version:1:source-row:175,175,1,student-mat:dataset-version:1:source-row:175,2,train,,42,G3_3class
student-mat:dataset-version:1:source-row:176,176,1,student-mat:dataset-version:1:source-row:176,2,train,,42,G3_3class
student-mat:dataset-version:1:source-row:177,177,1,student-mat:dataset-version:1:source-row:177,2,train,,42,G3_3class
student-mat:dataset-version:1:source-row:178,178,1,student-mat:dataset-version:1:source-row:178,2,train,,42,G3_3class
student-mat:dataset-version:1:source-row:179,179,1,student-mat:dataset-version:1:source-row:179,2,train,,42,G3_3class
student-mat:dataset-version:1:source-row:180,180,1,student-mat:dataset-version:1:source-row:180,2,train,,42,G3_3class
student-mat:dataset-version:1:source-row:181,181,1,student-mat:dataset-version:1:source-row:181,2,train,,42,G3_3class
student-mat:dataset-version:1:source-row:182,182,1,student-mat:dataset-version:1:source-row:182,2,train,,42,G3_3class
student-mat:dataset-version:1:source-row:183,183,1,student-mat:dataset-version:1:source-row:183,2,train,,42,G3_3class
student-mat:dataset-version:1:source-row:184,184,1,student-mat:dataset-version:1:source-row:184,2,train,,42,G3_3class
student-mat:dataset-version:1:source-row:187,187,1,student-mat:dataset-version:1:source-row:187,2,train,,42,G3_3class
student-mat:dataset-version:1:source-row:189,189,1,student-mat:dataset-version:1:source-row:189,2,train,,42,G3_3class
student-mat:dataset-version:1:source-row:190,190,1,student-mat:dataset-version:1:source-row:190,2,train,,42,G3_3class
student-mat:dataset-version:1:source-row:191,191,1,student-mat:dataset-version:1:source-row:191,2,train,,42,G3_3class
student-mat:dataset-version:1:source-row:192,192,1,student-mat:dataset-version:1:source-row:192,2,train,,42,G3_3class
student-mat:dataset-version:1:source-row:194,194,1,student-mat:dataset-version:1:source-row:194,2,train,,42,G3_3class
student-mat:dataset-version:1:source-row:195,195,1,student-mat:dataset-version:1:source-row:195,2,train,,42,G3_3class
student-mat:dataset-version:1:source-row:196,196,1,student-mat:dataset-version:1:source-row:196,2,train,,42,G3_3class
student-mat:dataset-version:1:source-row:197,197,1,student-mat:dataset-version:1:source-row:197,2,train,,42,G3_3class
student-mat:dataset-version:1:source-row:199,199,1,student-mat:dataset-version:1:source-row:199,2,train,,42,G3_3class
student-mat:dataset-version:1:source-row:205,205,1,student-mat:dataset-version:1:source-row:205,2,train,,42,G3_3class
student-mat:dataset-version:1:source-row:206,206,1,student-mat:dataset-version:1:source-row:206,2,train,,42,G3_3class
student-mat:dataset-version:1:source-row:209,209,1,student-mat:dataset-version:1:source-row:209,2,train,,42,G3_3class
student-mat:dataset-version:1:source-row:210,210,1,student-mat:dataset-version:1:source-row:210,2,train,,42,G3_3class
student-mat:dataset-version:1:source-row:212,212,1,student-mat:dataset-version:1:source-row:212,2,train,,42,G3_3class
student-mat:dataset-version:1:source-row:213,213,1,student-mat:dataset-version:1:source-row:213,2,train,,42,G3_3class
student-mat:dataset-version:1:source-row:215,215,1,student-mat:dataset-version:1:source-row:215,2,train,,42,G3_3class
student-mat:dataset-version:1:source-row:216,216,1,student-mat:dataset-version:1:source-row:216,2,train,,42,G3_3class
student-mat:dataset-version:1:source-row:217,217,1,student-mat:dataset-version:1:source-row:217,2,train,,42,G3_3class
student-mat:dataset-version:1:source-row:219,219,1,student-mat:dataset-version:1:source-row:219,2,train,,42,G3_3class
student-mat:dataset-version:1:source-row:220,220,1,student-mat:dataset-version:1:source-row:220,2,train,,42,G3_3class
student-mat:dataset-version:1:source-row:221,221,1,student-mat:dataset-version:1:source-row:221,2,train,,42,G3_3class
student-mat:dataset-version:1:source-row:222,222,1,student-mat:dataset-version:1:source-row:222,2,train,,42,G3_3class
student-mat:dataset-version:1:source-row:227,227,1,student-mat:dataset-version:1:source-row:227,2,train,,42,G3_3class
student-mat:dataset-version:1:source-row:228,228,1,student-mat:dataset-version:1:source-row:228,2,train,,42,G3_3class
student-mat:dataset-version:1:source-row:229,229,1,student-mat:dataset-version:1:source-row:229,2,train,,42,G3_3class
student-mat:dataset-version:1:source-row:230,230,1,student-mat:dataset-version:1:source-row:230,2,train,,42,G3_3class
student-mat:dataset-version:1:source-row:232,232,1,student-mat:dataset-version:1:source-row:232,2,train,,42,G3_3class
student-mat:dataset-version:1:source-row:234,234,1,student-mat:dataset-version:1:source-row:234,2,train,,42,G3_3class
student-mat:dataset-version:1:source-row:235,235,1,student-mat:dataset-version:1:source-row:235,2,train,,42,G3_3class
student-mat:dataset-version:1:source-row:237,237,1,student-mat:dataset-version:1:source-row:237,2,train,,42,G3_3class
student-mat:dataset-version:1:source-row:238,238,1,student-mat:dataset-version:1:source-row:238,2,train,,42,G3_3class
student-mat:dataset-version:1:source-row:241,241,1,student-mat:dataset-version:1:source-row:241,2,train,,42,G3_3class
student-mat:dataset-version:1:source-row:244,244,1,student-mat:dataset-version:1:source-row:244,2,train,,42,G3_3class
student-mat:dataset-version:1:source-row:246,246,1,student-mat:dataset-version:1:source-row:246,2,train,,42,G3_3class
student-mat:dataset-version:1:source-row:249,249,1,student-mat:dataset-version:1:source-row:249,2,train,,42,G3_3class
student-mat:dataset-version:1:source-row:250,250,1,student-mat:dataset-version:1:source-row:250,2,train,,42,G3_3class
student-mat:dataset-version:1:source-row:251,251,1,student-mat:dataset-version:1:source-row:251,2,train,,42,G3_3class
student-mat:dataset-version:1:source-row:253,253,1,student-mat:dataset-version:1:source-row:253,2,train,,42,G3_3class
student-mat:dataset-version:1:source-row:254,254,1,student-mat:dataset-version:1:source-row:254,2,train,,42,G3_3class
student-mat:dataset-version:1:source-row:256,256,1,student-mat:dataset-version:1:source-row:256,2,train,,42,G3_3class
student-mat:dataset-version:1:source-row:257,257,1,student-mat:dataset-version:1:source-row:257,2,train,,42,G3_3class
student-mat:dataset-version:1:source-row:258,258,1,student-mat:dataset-version:1:source-row:258,2,train,,42,G3_3class
student-mat:dataset-version:1:source-row:260,260,1,student-mat:dataset-version:1:source-row:260,2,train,,42,G3_3class
student-mat:dataset-version:1:source-row:261,261,1,student-mat:dataset-version:1:source-row:261,2,train,,42,G3_3class
student-mat:dataset-version:1:source-row:263,263,1,student-mat:dataset-version:1:source-row:263,2,train,,42,G3_3class
student-mat:dataset-version:1:source-row:265,265,1,student-mat:dataset-version:1:source-row:265,2,train,,42,G3_3class
student-mat:dataset-version:1:source-row:267,267,1,student-mat:dataset-version:1:source-row:267,2,train,,42,G3_3class
student-mat:dataset-version:1:source-row:271,271,1,student-mat:dataset-version:1:source-row:271,2,train,,42,G3_3class
student-mat:dataset-version:1:source-row:273,273,1,student-mat:dataset-version:1:source-row:273,2,train,,42,G3_3class
student-mat:dataset-version:1:source-row:274,274,1,student-mat:dataset-version:1:source-row:274,2,train,,42,G3_3class
student-mat:dataset-version:1:source-row:276,276,1,student-mat:dataset-version:1:source-row:276,2,train,,42,G3_3class
student-mat:dataset-version:1:source-row:278,278,1,student-mat:dataset-version:1:source-row:278,2,train,,42,G3_3class
student-mat:dataset-version:1:source-row:280,280,1,student-mat:dataset-version:1:source-row:280,2,train,,42,G3_3class
student-mat:dataset-version:1:source-row:281,281,1,student-mat:dataset-version:1:source-row:281,2,train,,42,G3_3class
student-mat:dataset-version:1:source-row:283,283,1,student-mat:dataset-version:1:source-row:283,2,train,,42,G3_3class
student-mat:dataset-version:1:source-row:284,284,1,student-mat:dataset-version:1:source-row:284,2,train,,42,G3_3class
student-mat:dataset-version:1:source-row:286,286,1,student-mat:dataset-version:1:source-row:286,2,train,,42,G3_3class
student-mat:dataset-version:1:source-row:287,287,1,student-mat:dataset-version:1:source-row:287,2,train,,42,G3_3class
student-mat:dataset-version:1:source-row:288,288,1,student-mat:dataset-version:1:source-row:288,2,train,,42,G3_3class
student-mat:dataset-version:1:source-row:290,290,1,student-mat:dataset-version:1:source-row:290,2,train,,42,G3_3class
student-mat:dataset-version:1:source-row:291,291,1,student-mat:dataset-version:1:source-row:291,2,train,,42,G3_3class
student-mat:dataset-version:1:source-row:293,293,1,student-mat:dataset-version:1:source-row:293,2,train,,42,G3_3class
student-mat:dataset-version:1:source-row:296,296,1,student-mat:dataset-version:1:source-row:296,2,train,,42,G3_3class
student-mat:dataset-version:1:source-row:298,298,1,student-mat:dataset-version:1:source-row:298,2,train,,42,G3_3class
student-mat:dataset-version:1:source-row:299,299,1,student-mat:dataset-version:1:source-row:299,2,train,,42,G3_3class
student-mat:dataset-version:1:source-row:300,300,1,student-mat:dataset-version:1:source-row:300,2,train,,42,G3_3class
student-mat:dataset-version:1:source-row:301,301,1,student-mat:dataset-version:1:source-row:301,2,train,,42,G3_3class
student-mat:dataset-version:1:source-row:302,302,1,student-mat:dataset-version:1:source-row:302,2,train,,42,G3_3class
student-mat:dataset-version:1:source-row:303,303,1,student-mat:dataset-version:1:source-row:303,2,train,,42,G3_3class
student-mat:dataset-version:1:source-row:304,304,1,student-mat:dataset-version:1:source-row:304,2,train,,42,G3_3class
student-mat:dataset-version:1:source-row:305,305,1,student-mat:dataset-version:1:source-row:305,2,train,,42,G3_3class
student-mat:dataset-version:1:source-row:310,310,1,student-mat:dataset-version:1:source-row:310,2,train,,42,G3_3class
student-mat:dataset-version:1:source-row:311,311,1,student-mat:dataset-version:1:source-row:311,2,train,,42,G3_3class
student-mat:dataset-version:1:source-row:312,312,1,student-mat:dataset-version:1:source-row:312,2,train,,42,G3_3class
student-mat:dataset-version:1:source-row:313,313,1,student-mat:dataset-version:1:source-row:313,2,train,,42,G3_3class
student-mat:dataset-version:1:source-row:314,314,1,student-mat:dataset-version:1:source-row:314,2,train,,42,G3_3class
student-mat:dataset-version:1:source-row:315,315,1,student-mat:dataset-version:1:source-row:315,2,train,,42,G3_3class
student-mat:dataset-version:1:source-row:316,316,1,student-mat:dataset-version:1:source-row:316,2,train,,42,G3_3class
student-mat:dataset-version:1:source-row:318,318,1,student-mat:dataset-version:1:source-row:318,2,train,,42,G3_3class
student-mat:dataset-version:1:source-row:319,319,1,student-mat:dataset-version:1:source-row:319,2,train,,42,G3_3class
student-mat:dataset-version:1:source-row:320,320,1,student-mat:dataset-version:1:source-row:320,2,train,,42,G3_3class
student-mat:dataset-version:1:source-row:323,323,1,student-mat:dataset-version:1:source-row:323,2,train,,42,G3_3class
student-mat:dataset-version:1:source-row:325,325,1,student-mat:dataset-version:1:source-row:325,2,train,,42,G3_3class
student-mat:dataset-version:1:source-row:326,326,1,student-mat:dataset-version:1:source-row:326,2,train,,42,G3_3class
student-mat:dataset-version:1:source-row:327,327,1,student-mat:dataset-version:1:source-row:327,2,train,,42,G3_3class
student-mat:dataset-version:1:source-row:328,328,1,student-mat:dataset-version:1:source-row:328,2,train,,42,G3_3class
student-mat:dataset-version:1:source-row:330,330,1,student-mat:dataset-version:1:source-row:330,2,train,,42,G3_3class
student-mat:dataset-version:1:source-row:331,331,1,student-mat:dataset-version:1:source-row:331,2,train,,42,G3_3class
student-mat:dataset-version:1:source-row:334,334,1,student-mat:dataset-version:1:source-row:334,2,train,,42,G3_3class
student-mat:dataset-version:1:source-row:335,335,1,student-mat:dataset-version:1:source-row:335,2,train,,42,G3_3class
student-mat:dataset-version:1:source-row:336,336,1,student-mat:dataset-version:1:source-row:336,2,train,,42,G3_3class
student-mat:dataset-version:1:source-row:339,339,1,student-mat:dataset-version:1:source-row:339,2,train,,42,G3_3class
student-mat:dataset-version:1:source-row:340,340,1,student-mat:dataset-version:1:source-row:340,2,train,,42,G3_3class
student-mat:dataset-version:1:source-row:342,342,1,student-mat:dataset-version:1:source-row:342,2,train,,42,G3_3class
student-mat:dataset-version:1:source-row:343,343,1,student-mat:dataset-version:1:source-row:343,2,train,,42,G3_3class
student-mat:dataset-version:1:source-row:344,344,1,student-mat:dataset-version:1:source-row:344,2,train,,42,G3_3class
student-mat:dataset-version:1:source-row:345,345,1,student-mat:dataset-version:1:source-row:345,2,train,,42,G3_3class
student-mat:dataset-version:1:source-row:347,347,1,student-mat:dataset-version:1:source-row:347,2,train,,42,G3_3class
student-mat:dataset-version:1:source-row:348,348,1,student-mat:dataset-version:1:source-row:348,2,train,,42,G3_3class
student-mat:dataset-version:1:source-row:350,350,1,student-mat:dataset-version:1:source-row:350,2,train,,42,G3_3class
student-mat:dataset-version:1:source-row:351,351,1,student-mat:dataset-version:1:source-row:351,2,train,,42,G3_3class
student-mat:dataset-version:1:source-row:352,352,1,student-mat:dataset-version:1:source-row:352,2,train,,42,G3_3class
student-mat:dataset-version:1:source-row:353,353,1,student-mat:dataset-version:1:source-row:353,2,train,,42,G3_3class
student-mat:dataset-version:1:source-row:356,356,1,student-mat:dataset-version:1:source-row:356,2,train,,42,G3_3class
student-mat:dataset-version:1:source-row:357,357,1,student-mat:dataset-version:1:source-row:357,2,train,,42,G3_3class
student-mat:dataset-version:1:source-row:360,360,1,student-mat:dataset-version:1:source-row:360,2,train,,42,G3_3class
student-mat:dataset-version:1:source-row:361,361,1,student-mat:dataset-version:1:source-row:361,2,train,,42,G3_3class
student-mat:dataset-version:1:source-row:362,362,1,student-mat:dataset-version:1:source-row:362,2,train,,42,G3_3class
student-mat:dataset-version:1:source-row:364,364,1,student-mat:dataset-version:1:source-row:364,2,train,,42,G3_3class
student-mat:dataset-version:1:source-row:365,365,1,student-mat:dataset-version:1:source-row:365,2,train,,42,G3_3class
student-mat:dataset-version:1:source-row:367,367,1,student-mat:dataset-version:1:source-row:367,2,train,,42,G3_3class
student-mat:dataset-version:1:source-row:368,368,1,student-mat:dataset-version:1:source-row:368,2,train,,42,G3_3class
student-mat:dataset-version:1:source-row:371,371,1,student-mat:dataset-version:1:source-row:371,2,train,,42,G3_3class
student-mat:dataset-version:1:source-row:373,373,1,student-mat:dataset-version:1:source-row:373,2,train,,42,G3_3class
student-mat:dataset-version:1:source-row:374,374,1,student-mat:dataset-version:1:source-row:374,2,train,,42,G3_3class
student-mat:dataset-version:1:source-row:375,375,1,student-mat:dataset-version:1:source-row:375,2,train,,42,G3_3class
student-mat:dataset-version:1:source-row:376,376,1,student-mat:dataset-version:1:source-row:376,2,train,,42,G3_3class
student-mat:dataset-version:1:source-row:377,377,1,student-mat:dataset-version:1:source-row:377,2,train,,42,G3_3class
student-mat:dataset-version:1:source-row:378,378,1,student-mat:dataset-version:1:source-row:378,2,train,,42,G3_3class
student-mat:dataset-version:1:source-row:379,379,1,student-mat:dataset-version:1:source-row:379,2,train,,42,G3_3class
student-mat:dataset-version:1:source-row:381,381,1,student-mat:dataset-version:1:source-row:381,2,train,,42,G3_3class
student-mat:dataset-version:1:source-row:382,382,1,student-mat:dataset-version:1:source-row:382,2,train,,42,G3_3class
student-mat:dataset-version:1:source-row:384,384,1,student-mat:dataset-version:1:source-row:384,2,train,,42,G3_3class
student-mat:dataset-version:1:source-row:385,385,1,student-mat:dataset-version:1:source-row:385,2,train,,42,G3_3class
student-mat:dataset-version:1:source-row:387,387,1,student-mat:dataset-version:1:source-row:387,2,train,,42,G3_3class
student-mat:dataset-version:1:source-row:388,388,1,student-mat:dataset-version:1:source-row:388,2,train,,42,G3_3class
student-mat:dataset-version:1:source-row:389,389,1,student-mat:dataset-version:1:source-row:389,2,train,,42,G3_3class
student-mat:dataset-version:1:source-row:392,392,1,student-mat:dataset-version:1:source-row:392,2,train,,42,G3_3class
student-mat:dataset-version:1:source-row:3,3,1,student-mat:dataset-version:1:source-row:3,2,validation,,42,G3_3class
student-mat:dataset-version:1:source-row:14,14,1,student-mat:dataset-version:1:source-row:14,2,validation,,42,G3_3class
student-mat:dataset-version:1:source-row:15,15,1,student-mat:dataset-version:1:source-row:15,2,validation,,42,G3_3class
student-mat:dataset-version:1:source-row:24,24,1,student-mat:dataset-version:1:source-row:24,2,validation,,42,G3_3class
student-mat:dataset-version:1:source-row:25,25,1,student-mat:dataset-version:1:source-row:25,2,validation,,42,G3_3class
student-mat:dataset-version:1:source-row:31,31,1,student-mat:dataset-version:1:source-row:31,2,validation,,42,G3_3class
student-mat:dataset-version:1:source-row:45,45,1,student-mat:dataset-version:1:source-row:45,2,validation,,42,G3_3class
student-mat:dataset-version:1:source-row:47,47,1,student-mat:dataset-version:1:source-row:47,2,validation,,42,G3_3class
student-mat:dataset-version:1:source-row:48,48,1,student-mat:dataset-version:1:source-row:48,2,validation,,42,G3_3class
student-mat:dataset-version:1:source-row:51,51,1,student-mat:dataset-version:1:source-row:51,2,validation,,42,G3_3class
student-mat:dataset-version:1:source-row:66,66,1,student-mat:dataset-version:1:source-row:66,2,validation,,42,G3_3class
student-mat:dataset-version:1:source-row:77,77,1,student-mat:dataset-version:1:source-row:77,2,validation,,42,G3_3class
student-mat:dataset-version:1:source-row:83,83,1,student-mat:dataset-version:1:source-row:83,2,validation,,42,G3_3class
student-mat:dataset-version:1:source-row:98,98,1,student-mat:dataset-version:1:source-row:98,2,validation,,42,G3_3class
student-mat:dataset-version:1:source-row:106,106,1,student-mat:dataset-version:1:source-row:106,2,validation,,42,G3_3class
student-mat:dataset-version:1:source-row:111,111,1,student-mat:dataset-version:1:source-row:111,2,validation,,42,G3_3class
student-mat:dataset-version:1:source-row:112,112,1,student-mat:dataset-version:1:source-row:112,2,validation,,42,G3_3class
student-mat:dataset-version:1:source-row:117,117,1,student-mat:dataset-version:1:source-row:117,2,validation,,42,G3_3class
student-mat:dataset-version:1:source-row:127,127,1,student-mat:dataset-version:1:source-row:127,2,validation,,42,G3_3class
student-mat:dataset-version:1:source-row:131,131,1,student-mat:dataset-version:1:source-row:131,2,validation,,42,G3_3class
student-mat:dataset-version:1:source-row:147,147,1,student-mat:dataset-version:1:source-row:147,2,validation,,42,G3_3class
student-mat:dataset-version:1:source-row:153,153,1,student-mat:dataset-version:1:source-row:153,2,validation,,42,G3_3class
student-mat:dataset-version:1:source-row:154,154,1,student-mat:dataset-version:1:source-row:154,2,validation,,42,G3_3class
student-mat:dataset-version:1:source-row:155,155,1,student-mat:dataset-version:1:source-row:155,2,validation,,42,G3_3class
student-mat:dataset-version:1:source-row:158,158,1,student-mat:dataset-version:1:source-row:158,2,validation,,42,G3_3class
student-mat:dataset-version:1:source-row:159,159,1,student-mat:dataset-version:1:source-row:159,2,validation,,42,G3_3class
student-mat:dataset-version:1:source-row:174,174,1,student-mat:dataset-version:1:source-row:174,2,validation,,42,G3_3class
student-mat:dataset-version:1:source-row:186,186,1,student-mat:dataset-version:1:source-row:186,2,validation,,42,G3_3class
student-mat:dataset-version:1:source-row:200,200,1,student-mat:dataset-version:1:source-row:200,2,validation,,42,G3_3class
student-mat:dataset-version:1:source-row:201,201,1,student-mat:dataset-version:1:source-row:201,2,validation,,42,G3_3class
student-mat:dataset-version:1:source-row:202,202,1,student-mat:dataset-version:1:source-row:202,2,validation,,42,G3_3class
student-mat:dataset-version:1:source-row:203,203,1,student-mat:dataset-version:1:source-row:203,2,validation,,42,G3_3class
student-mat:dataset-version:1:source-row:207,207,1,student-mat:dataset-version:1:source-row:207,2,validation,,42,G3_3class
student-mat:dataset-version:1:source-row:208,208,1,student-mat:dataset-version:1:source-row:208,2,validation,,42,G3_3class
student-mat:dataset-version:1:source-row:231,231,1,student-mat:dataset-version:1:source-row:231,2,validation,,42,G3_3class
student-mat:dataset-version:1:source-row:233,233,1,student-mat:dataset-version:1:source-row:233,2,validation,,42,G3_3class
student-mat:dataset-version:1:source-row:236,236,1,student-mat:dataset-version:1:source-row:236,2,validation,,42,G3_3class
student-mat:dataset-version:1:source-row:239,239,1,student-mat:dataset-version:1:source-row:239,2,validation,,42,G3_3class
student-mat:dataset-version:1:source-row:240,240,1,student-mat:dataset-version:1:source-row:240,2,validation,,42,G3_3class
student-mat:dataset-version:1:source-row:242,242,1,student-mat:dataset-version:1:source-row:242,2,validation,,42,G3_3class
student-mat:dataset-version:1:source-row:243,243,1,student-mat:dataset-version:1:source-row:243,2,validation,,42,G3_3class
student-mat:dataset-version:1:source-row:247,247,1,student-mat:dataset-version:1:source-row:247,2,validation,,42,G3_3class
student-mat:dataset-version:1:source-row:252,252,1,student-mat:dataset-version:1:source-row:252,2,validation,,42,G3_3class
student-mat:dataset-version:1:source-row:262,262,1,student-mat:dataset-version:1:source-row:262,2,validation,,42,G3_3class
student-mat:dataset-version:1:source-row:264,264,1,student-mat:dataset-version:1:source-row:264,2,validation,,42,G3_3class
student-mat:dataset-version:1:source-row:268,268,1,student-mat:dataset-version:1:source-row:268,2,validation,,42,G3_3class
student-mat:dataset-version:1:source-row:269,269,1,student-mat:dataset-version:1:source-row:269,2,validation,,42,G3_3class
student-mat:dataset-version:1:source-row:272,272,1,student-mat:dataset-version:1:source-row:272,2,validation,,42,G3_3class
student-mat:dataset-version:1:source-row:277,277,1,student-mat:dataset-version:1:source-row:277,2,validation,,42,G3_3class
student-mat:dataset-version:1:source-row:289,289,1,student-mat:dataset-version:1:source-row:289,2,validation,,42,G3_3class
student-mat:dataset-version:1:source-row:292,292,1,student-mat:dataset-version:1:source-row:292,2,validation,,42,G3_3class
student-mat:dataset-version:1:source-row:297,297,1,student-mat:dataset-version:1:source-row:297,2,validation,,42,G3_3class
student-mat:dataset-version:1:source-row:306,306,1,student-mat:dataset-version:1:source-row:306,2,validation,,42,G3_3class
student-mat:dataset-version:1:source-row:308,308,1,student-mat:dataset-version:1:source-row:308,2,validation,,42,G3_3class
student-mat:dataset-version:1:source-row:341,341,1,student-mat:dataset-version:1:source-row:341,2,validation,,42,G3_3class
student-mat:dataset-version:1:source-row:346,346,1,student-mat:dataset-version:1:source-row:346,2,validation,,42,G3_3class
student-mat:dataset-version:1:source-row:349,349,1,student-mat:dataset-version:1:source-row:349,2,validation,,42,G3_3class
student-mat:dataset-version:1:source-row:359,359,1,student-mat:dataset-version:1:source-row:359,2,validation,,42,G3_3class
student-mat:dataset-version:1:source-row:366,366,1,student-mat:dataset-version:1:source-row:366,2,validation,,42,G3_3class
student-mat:dataset-version:1:source-row:369,369,1,student-mat:dataset-version:1:source-row:369,2,validation,,42,G3_3class
student-mat:dataset-version:1:source-row:372,372,1,student-mat:dataset-version:1:source-row:372,2,validation,,42,G3_3class
student-mat:dataset-version:1:source-row:386,386,1,student-mat:dataset-version:1:source-row:386,2,validation,,42,G3_3class
student-mat:dataset-version:1:source-row:390,390,1,student-mat:dataset-version:1:source-row:390,2,validation,,42,G3_3class
student-mat:dataset-version:1:source-row:0,0,1,student-mat:dataset-version:1:source-row:0,3,train,,42,G3_3class
student-mat:dataset-version:1:source-row:3,3,1,student-mat:dataset-version:1:source-row:3,3,train,,42,G3_3class
student-mat:dataset-version:1:source-row:4,4,1,student-mat:dataset-version:1:source-row:4,3,train,,42,G3_3class
student-mat:dataset-version:1:source-row:5,5,1,student-mat:dataset-version:1:source-row:5,3,train,,42,G3_3class
student-mat:dataset-version:1:source-row:6,6,1,student-mat:dataset-version:1:source-row:6,3,train,,42,G3_3class
student-mat:dataset-version:1:source-row:8,8,1,student-mat:dataset-version:1:source-row:8,3,train,,42,G3_3class
student-mat:dataset-version:1:source-row:11,11,1,student-mat:dataset-version:1:source-row:11,3,train,,42,G3_3class
student-mat:dataset-version:1:source-row:13,13,1,student-mat:dataset-version:1:source-row:13,3,train,,42,G3_3class
student-mat:dataset-version:1:source-row:14,14,1,student-mat:dataset-version:1:source-row:14,3,train,,42,G3_3class
student-mat:dataset-version:1:source-row:15,15,1,student-mat:dataset-version:1:source-row:15,3,train,,42,G3_3class
student-mat:dataset-version:1:source-row:21,21,1,student-mat:dataset-version:1:source-row:21,3,train,,42,G3_3class
student-mat:dataset-version:1:source-row:23,23,1,student-mat:dataset-version:1:source-row:23,3,train,,42,G3_3class
student-mat:dataset-version:1:source-row:24,24,1,student-mat:dataset-version:1:source-row:24,3,train,,42,G3_3class
student-mat:dataset-version:1:source-row:25,25,1,student-mat:dataset-version:1:source-row:25,3,train,,42,G3_3class
student-mat:dataset-version:1:source-row:26,26,1,student-mat:dataset-version:1:source-row:26,3,train,,42,G3_3class
student-mat:dataset-version:1:source-row:27,27,1,student-mat:dataset-version:1:source-row:27,3,train,,42,G3_3class
student-mat:dataset-version:1:source-row:31,31,1,student-mat:dataset-version:1:source-row:31,3,train,,42,G3_3class
student-mat:dataset-version:1:source-row:32,32,1,student-mat:dataset-version:1:source-row:32,3,train,,42,G3_3class
student-mat:dataset-version:1:source-row:33,33,1,student-mat:dataset-version:1:source-row:33,3,train,,42,G3_3class
student-mat:dataset-version:1:source-row:34,34,1,student-mat:dataset-version:1:source-row:34,3,train,,42,G3_3class
student-mat:dataset-version:1:source-row:35,35,1,student-mat:dataset-version:1:source-row:35,3,train,,42,G3_3class
student-mat:dataset-version:1:source-row:36,36,1,student-mat:dataset-version:1:source-row:36,3,train,,42,G3_3class
student-mat:dataset-version:1:source-row:37,37,1,student-mat:dataset-version:1:source-row:37,3,train,,42,G3_3class
student-mat:dataset-version:1:source-row:39,39,1,student-mat:dataset-version:1:source-row:39,3,train,,42,G3_3class
student-mat:dataset-version:1:source-row:40,40,1,student-mat:dataset-version:1:source-row:40,3,train,,42,G3_3class
student-mat:dataset-version:1:source-row:41,41,1,student-mat:dataset-version:1:source-row:41,3,train,,42,G3_3class
student-mat:dataset-version:1:source-row:42,42,1,student-mat:dataset-version:1:source-row:42,3,train,,42,G3_3class
student-mat:dataset-version:1:source-row:43,43,1,student-mat:dataset-version:1:source-row:43,3,train,,42,G3_3class
student-mat:dataset-version:1:source-row:44,44,1,student-mat:dataset-version:1:source-row:44,3,train,,42,G3_3class
student-mat:dataset-version:1:source-row:45,45,1,student-mat:dataset-version:1:source-row:45,3,train,,42,G3_3class
student-mat:dataset-version:1:source-row:47,47,1,student-mat:dataset-version:1:source-row:47,3,train,,42,G3_3class
student-mat:dataset-version:1:source-row:48,48,1,student-mat:dataset-version:1:source-row:48,3,train,,42,G3_3class
student-mat:dataset-version:1:source-row:49,49,1,student-mat:dataset-version:1:source-row:49,3,train,,42,G3_3class
student-mat:dataset-version:1:source-row:50,50,1,student-mat:dataset-version:1:source-row:50,3,train,,42,G3_3class
student-mat:dataset-version:1:source-row:51,51,1,student-mat:dataset-version:1:source-row:51,3,train,,42,G3_3class
student-mat:dataset-version:1:source-row:58,58,1,student-mat:dataset-version:1:source-row:58,3,train,,42,G3_3class
student-mat:dataset-version:1:source-row:60,60,1,student-mat:dataset-version:1:source-row:60,3,train,,42,G3_3class
student-mat:dataset-version:1:source-row:61,61,1,student-mat:dataset-version:1:source-row:61,3,train,,42,G3_3class
student-mat:dataset-version:1:source-row:62,62,1,student-mat:dataset-version:1:source-row:62,3,train,,42,G3_3class
student-mat:dataset-version:1:source-row:63,63,1,student-mat:dataset-version:1:source-row:63,3,train,,42,G3_3class
student-mat:dataset-version:1:source-row:64,64,1,student-mat:dataset-version:1:source-row:64,3,train,,42,G3_3class
student-mat:dataset-version:1:source-row:65,65,1,student-mat:dataset-version:1:source-row:65,3,train,,42,G3_3class
student-mat:dataset-version:1:source-row:66,66,1,student-mat:dataset-version:1:source-row:66,3,train,,42,G3_3class
student-mat:dataset-version:1:source-row:68,68,1,student-mat:dataset-version:1:source-row:68,3,train,,42,G3_3class
student-mat:dataset-version:1:source-row:70,70,1,student-mat:dataset-version:1:source-row:70,3,train,,42,G3_3class
student-mat:dataset-version:1:source-row:71,71,1,student-mat:dataset-version:1:source-row:71,3,train,,42,G3_3class
student-mat:dataset-version:1:source-row:72,72,1,student-mat:dataset-version:1:source-row:72,3,train,,42,G3_3class
student-mat:dataset-version:1:source-row:77,77,1,student-mat:dataset-version:1:source-row:77,3,train,,42,G3_3class
student-mat:dataset-version:1:source-row:78,78,1,student-mat:dataset-version:1:source-row:78,3,train,,42,G3_3class
student-mat:dataset-version:1:source-row:80,80,1,student-mat:dataset-version:1:source-row:80,3,train,,42,G3_3class
student-mat:dataset-version:1:source-row:82,82,1,student-mat:dataset-version:1:source-row:82,3,train,,42,G3_3class
student-mat:dataset-version:1:source-row:83,83,1,student-mat:dataset-version:1:source-row:83,3,train,,42,G3_3class
student-mat:dataset-version:1:source-row:84,84,1,student-mat:dataset-version:1:source-row:84,3,train,,42,G3_3class
student-mat:dataset-version:1:source-row:87,87,1,student-mat:dataset-version:1:source-row:87,3,train,,42,G3_3class
student-mat:dataset-version:1:source-row:90,90,1,student-mat:dataset-version:1:source-row:90,3,train,,42,G3_3class
student-mat:dataset-version:1:source-row:91,91,1,student-mat:dataset-version:1:source-row:91,3,train,,42,G3_3class
student-mat:dataset-version:1:source-row:93,93,1,student-mat:dataset-version:1:source-row:93,3,train,,42,G3_3class
student-mat:dataset-version:1:source-row:94,94,1,student-mat:dataset-version:1:source-row:94,3,train,,42,G3_3class
student-mat:dataset-version:1:source-row:95,95,1,student-mat:dataset-version:1:source-row:95,3,train,,42,G3_3class
student-mat:dataset-version:1:source-row:96,96,1,student-mat:dataset-version:1:source-row:96,3,train,,42,G3_3class
student-mat:dataset-version:1:source-row:98,98,1,student-mat:dataset-version:1:source-row:98,3,train,,42,G3_3class
student-mat:dataset-version:1:source-row:99,99,1,student-mat:dataset-version:1:source-row:99,3,train,,42,G3_3class
student-mat:dataset-version:1:source-row:100,100,1,student-mat:dataset-version:1:source-row:100,3,train,,42,G3_3class
student-mat:dataset-version:1:source-row:101,101,1,student-mat:dataset-version:1:source-row:101,3,train,,42,G3_3class
student-mat:dataset-version:1:source-row:103,103,1,student-mat:dataset-version:1:source-row:103,3,train,,42,G3_3class
student-mat:dataset-version:1:source-row:106,106,1,student-mat:dataset-version:1:source-row:106,3,train,,42,G3_3class
student-mat:dataset-version:1:source-row:111,111,1,student-mat:dataset-version:1:source-row:111,3,train,,42,G3_3class
student-mat:dataset-version:1:source-row:112,112,1,student-mat:dataset-version:1:source-row:112,3,train,,42,G3_3class
student-mat:dataset-version:1:source-row:113,113,1,student-mat:dataset-version:1:source-row:113,3,train,,42,G3_3class
student-mat:dataset-version:1:source-row:114,114,1,student-mat:dataset-version:1:source-row:114,3,train,,42,G3_3class
student-mat:dataset-version:1:source-row:117,117,1,student-mat:dataset-version:1:source-row:117,3,train,,42,G3_3class
student-mat:dataset-version:1:source-row:119,119,1,student-mat:dataset-version:1:source-row:119,3,train,,42,G3_3class
student-mat:dataset-version:1:source-row:120,120,1,student-mat:dataset-version:1:source-row:120,3,train,,42,G3_3class
student-mat:dataset-version:1:source-row:121,121,1,student-mat:dataset-version:1:source-row:121,3,train,,42,G3_3class
student-mat:dataset-version:1:source-row:122,122,1,student-mat:dataset-version:1:source-row:122,3,train,,42,G3_3class
student-mat:dataset-version:1:source-row:123,123,1,student-mat:dataset-version:1:source-row:123,3,train,,42,G3_3class
student-mat:dataset-version:1:source-row:127,127,1,student-mat:dataset-version:1:source-row:127,3,train,,42,G3_3class
student-mat:dataset-version:1:source-row:130,130,1,student-mat:dataset-version:1:source-row:130,3,train,,42,G3_3class
student-mat:dataset-version:1:source-row:131,131,1,student-mat:dataset-version:1:source-row:131,3,train,,42,G3_3class
student-mat:dataset-version:1:source-row:133,133,1,student-mat:dataset-version:1:source-row:133,3,train,,42,G3_3class
student-mat:dataset-version:1:source-row:134,134,1,student-mat:dataset-version:1:source-row:134,3,train,,42,G3_3class
student-mat:dataset-version:1:source-row:135,135,1,student-mat:dataset-version:1:source-row:135,3,train,,42,G3_3class
student-mat:dataset-version:1:source-row:137,137,1,student-mat:dataset-version:1:source-row:137,3,train,,42,G3_3class
student-mat:dataset-version:1:source-row:138,138,1,student-mat:dataset-version:1:source-row:138,3,train,,42,G3_3class
student-mat:dataset-version:1:source-row:139,139,1,student-mat:dataset-version:1:source-row:139,3,train,,42,G3_3class
student-mat:dataset-version:1:source-row:140,140,1,student-mat:dataset-version:1:source-row:140,3,train,,42,G3_3class
student-mat:dataset-version:1:source-row:141,141,1,student-mat:dataset-version:1:source-row:141,3,train,,42,G3_3class
student-mat:dataset-version:1:source-row:143,143,1,student-mat:dataset-version:1:source-row:143,3,train,,42,G3_3class
student-mat:dataset-version:1:source-row:146,146,1,student-mat:dataset-version:1:source-row:146,3,train,,42,G3_3class
student-mat:dataset-version:1:source-row:147,147,1,student-mat:dataset-version:1:source-row:147,3,train,,42,G3_3class
student-mat:dataset-version:1:source-row:150,150,1,student-mat:dataset-version:1:source-row:150,3,train,,42,G3_3class
student-mat:dataset-version:1:source-row:152,152,1,student-mat:dataset-version:1:source-row:152,3,train,,42,G3_3class
student-mat:dataset-version:1:source-row:153,153,1,student-mat:dataset-version:1:source-row:153,3,train,,42,G3_3class
student-mat:dataset-version:1:source-row:154,154,1,student-mat:dataset-version:1:source-row:154,3,train,,42,G3_3class
student-mat:dataset-version:1:source-row:155,155,1,student-mat:dataset-version:1:source-row:155,3,train,,42,G3_3class
student-mat:dataset-version:1:source-row:156,156,1,student-mat:dataset-version:1:source-row:156,3,train,,42,G3_3class
student-mat:dataset-version:1:source-row:157,157,1,student-mat:dataset-version:1:source-row:157,3,train,,42,G3_3class
student-mat:dataset-version:1:source-row:158,158,1,student-mat:dataset-version:1:source-row:158,3,train,,42,G3_3class
student-mat:dataset-version:1:source-row:159,159,1,student-mat:dataset-version:1:source-row:159,3,train,,42,G3_3class
student-mat:dataset-version:1:source-row:160,160,1,student-mat:dataset-version:1:source-row:160,3,train,,42,G3_3class
student-mat:dataset-version:1:source-row:161,161,1,student-mat:dataset-version:1:source-row:161,3,train,,42,G3_3class
student-mat:dataset-version:1:source-row:162,162,1,student-mat:dataset-version:1:source-row:162,3,train,,42,G3_3class
student-mat:dataset-version:1:source-row:163,163,1,student-mat:dataset-version:1:source-row:163,3,train,,42,G3_3class
student-mat:dataset-version:1:source-row:165,165,1,student-mat:dataset-version:1:source-row:165,3,train,,42,G3_3class
student-mat:dataset-version:1:source-row:166,166,1,student-mat:dataset-version:1:source-row:166,3,train,,42,G3_3class
student-mat:dataset-version:1:source-row:167,167,1,student-mat:dataset-version:1:source-row:167,3,train,,42,G3_3class
student-mat:dataset-version:1:source-row:168,168,1,student-mat:dataset-version:1:source-row:168,3,train,,42,G3_3class
student-mat:dataset-version:1:source-row:169,169,1,student-mat:dataset-version:1:source-row:169,3,train,,42,G3_3class
student-mat:dataset-version:1:source-row:172,172,1,student-mat:dataset-version:1:source-row:172,3,train,,42,G3_3class
student-mat:dataset-version:1:source-row:173,173,1,student-mat:dataset-version:1:source-row:173,3,train,,42,G3_3class
student-mat:dataset-version:1:source-row:174,174,1,student-mat:dataset-version:1:source-row:174,3,train,,42,G3_3class
student-mat:dataset-version:1:source-row:176,176,1,student-mat:dataset-version:1:source-row:176,3,train,,42,G3_3class
student-mat:dataset-version:1:source-row:178,178,1,student-mat:dataset-version:1:source-row:178,3,train,,42,G3_3class
student-mat:dataset-version:1:source-row:179,179,1,student-mat:dataset-version:1:source-row:179,3,train,,42,G3_3class
student-mat:dataset-version:1:source-row:180,180,1,student-mat:dataset-version:1:source-row:180,3,train,,42,G3_3class
student-mat:dataset-version:1:source-row:181,181,1,student-mat:dataset-version:1:source-row:181,3,train,,42,G3_3class
student-mat:dataset-version:1:source-row:182,182,1,student-mat:dataset-version:1:source-row:182,3,train,,42,G3_3class
student-mat:dataset-version:1:source-row:183,183,1,student-mat:dataset-version:1:source-row:183,3,train,,42,G3_3class
student-mat:dataset-version:1:source-row:184,184,1,student-mat:dataset-version:1:source-row:184,3,train,,42,G3_3class
student-mat:dataset-version:1:source-row:186,186,1,student-mat:dataset-version:1:source-row:186,3,train,,42,G3_3class
student-mat:dataset-version:1:source-row:187,187,1,student-mat:dataset-version:1:source-row:187,3,train,,42,G3_3class
student-mat:dataset-version:1:source-row:189,189,1,student-mat:dataset-version:1:source-row:189,3,train,,42,G3_3class
student-mat:dataset-version:1:source-row:190,190,1,student-mat:dataset-version:1:source-row:190,3,train,,42,G3_3class
student-mat:dataset-version:1:source-row:191,191,1,student-mat:dataset-version:1:source-row:191,3,train,,42,G3_3class
student-mat:dataset-version:1:source-row:194,194,1,student-mat:dataset-version:1:source-row:194,3,train,,42,G3_3class
student-mat:dataset-version:1:source-row:195,195,1,student-mat:dataset-version:1:source-row:195,3,train,,42,G3_3class
student-mat:dataset-version:1:source-row:197,197,1,student-mat:dataset-version:1:source-row:197,3,train,,42,G3_3class
student-mat:dataset-version:1:source-row:199,199,1,student-mat:dataset-version:1:source-row:199,3,train,,42,G3_3class
student-mat:dataset-version:1:source-row:200,200,1,student-mat:dataset-version:1:source-row:200,3,train,,42,G3_3class
student-mat:dataset-version:1:source-row:201,201,1,student-mat:dataset-version:1:source-row:201,3,train,,42,G3_3class
student-mat:dataset-version:1:source-row:202,202,1,student-mat:dataset-version:1:source-row:202,3,train,,42,G3_3class
student-mat:dataset-version:1:source-row:203,203,1,student-mat:dataset-version:1:source-row:203,3,train,,42,G3_3class
student-mat:dataset-version:1:source-row:205,205,1,student-mat:dataset-version:1:source-row:205,3,train,,42,G3_3class
student-mat:dataset-version:1:source-row:206,206,1,student-mat:dataset-version:1:source-row:206,3,train,,42,G3_3class
student-mat:dataset-version:1:source-row:207,207,1,student-mat:dataset-version:1:source-row:207,3,train,,42,G3_3class
student-mat:dataset-version:1:source-row:208,208,1,student-mat:dataset-version:1:source-row:208,3,train,,42,G3_3class
student-mat:dataset-version:1:source-row:209,209,1,student-mat:dataset-version:1:source-row:209,3,train,,42,G3_3class
student-mat:dataset-version:1:source-row:210,210,1,student-mat:dataset-version:1:source-row:210,3,train,,42,G3_3class
student-mat:dataset-version:1:source-row:213,213,1,student-mat:dataset-version:1:source-row:213,3,train,,42,G3_3class
student-mat:dataset-version:1:source-row:215,215,1,student-mat:dataset-version:1:source-row:215,3,train,,42,G3_3class
student-mat:dataset-version:1:source-row:216,216,1,student-mat:dataset-version:1:source-row:216,3,train,,42,G3_3class
student-mat:dataset-version:1:source-row:219,219,1,student-mat:dataset-version:1:source-row:219,3,train,,42,G3_3class
student-mat:dataset-version:1:source-row:220,220,1,student-mat:dataset-version:1:source-row:220,3,train,,42,G3_3class
student-mat:dataset-version:1:source-row:222,222,1,student-mat:dataset-version:1:source-row:222,3,train,,42,G3_3class
student-mat:dataset-version:1:source-row:227,227,1,student-mat:dataset-version:1:source-row:227,3,train,,42,G3_3class
student-mat:dataset-version:1:source-row:228,228,1,student-mat:dataset-version:1:source-row:228,3,train,,42,G3_3class
student-mat:dataset-version:1:source-row:229,229,1,student-mat:dataset-version:1:source-row:229,3,train,,42,G3_3class
student-mat:dataset-version:1:source-row:230,230,1,student-mat:dataset-version:1:source-row:230,3,train,,42,G3_3class
student-mat:dataset-version:1:source-row:231,231,1,student-mat:dataset-version:1:source-row:231,3,train,,42,G3_3class
student-mat:dataset-version:1:source-row:232,232,1,student-mat:dataset-version:1:source-row:232,3,train,,42,G3_3class
student-mat:dataset-version:1:source-row:233,233,1,student-mat:dataset-version:1:source-row:233,3,train,,42,G3_3class
student-mat:dataset-version:1:source-row:235,235,1,student-mat:dataset-version:1:source-row:235,3,train,,42,G3_3class
student-mat:dataset-version:1:source-row:236,236,1,student-mat:dataset-version:1:source-row:236,3,train,,42,G3_3class
student-mat:dataset-version:1:source-row:237,237,1,student-mat:dataset-version:1:source-row:237,3,train,,42,G3_3class
student-mat:dataset-version:1:source-row:238,238,1,student-mat:dataset-version:1:source-row:238,3,train,,42,G3_3class
student-mat:dataset-version:1:source-row:239,239,1,student-mat:dataset-version:1:source-row:239,3,train,,42,G3_3class
student-mat:dataset-version:1:source-row:240,240,1,student-mat:dataset-version:1:source-row:240,3,train,,42,G3_3class
student-mat:dataset-version:1:source-row:242,242,1,student-mat:dataset-version:1:source-row:242,3,train,,42,G3_3class
student-mat:dataset-version:1:source-row:243,243,1,student-mat:dataset-version:1:source-row:243,3,train,,42,G3_3class
student-mat:dataset-version:1:source-row:246,246,1,student-mat:dataset-version:1:source-row:246,3,train,,42,G3_3class
student-mat:dataset-version:1:source-row:247,247,1,student-mat:dataset-version:1:source-row:247,3,train,,42,G3_3class
student-mat:dataset-version:1:source-row:250,250,1,student-mat:dataset-version:1:source-row:250,3,train,,42,G3_3class
student-mat:dataset-version:1:source-row:251,251,1,student-mat:dataset-version:1:source-row:251,3,train,,42,G3_3class
student-mat:dataset-version:1:source-row:252,252,1,student-mat:dataset-version:1:source-row:252,3,train,,42,G3_3class
student-mat:dataset-version:1:source-row:253,253,1,student-mat:dataset-version:1:source-row:253,3,train,,42,G3_3class
student-mat:dataset-version:1:source-row:254,254,1,student-mat:dataset-version:1:source-row:254,3,train,,42,G3_3class
student-mat:dataset-version:1:source-row:257,257,1,student-mat:dataset-version:1:source-row:257,3,train,,42,G3_3class
student-mat:dataset-version:1:source-row:258,258,1,student-mat:dataset-version:1:source-row:258,3,train,,42,G3_3class
student-mat:dataset-version:1:source-row:260,260,1,student-mat:dataset-version:1:source-row:260,3,train,,42,G3_3class
student-mat:dataset-version:1:source-row:261,261,1,student-mat:dataset-version:1:source-row:261,3,train,,42,G3_3class
student-mat:dataset-version:1:source-row:262,262,1,student-mat:dataset-version:1:source-row:262,3,train,,42,G3_3class
student-mat:dataset-version:1:source-row:263,263,1,student-mat:dataset-version:1:source-row:263,3,train,,42,G3_3class
student-mat:dataset-version:1:source-row:264,264,1,student-mat:dataset-version:1:source-row:264,3,train,,42,G3_3class
student-mat:dataset-version:1:source-row:265,265,1,student-mat:dataset-version:1:source-row:265,3,train,,42,G3_3class
student-mat:dataset-version:1:source-row:268,268,1,student-mat:dataset-version:1:source-row:268,3,train,,42,G3_3class
student-mat:dataset-version:1:source-row:269,269,1,student-mat:dataset-version:1:source-row:269,3,train,,42,G3_3class
student-mat:dataset-version:1:source-row:271,271,1,student-mat:dataset-version:1:source-row:271,3,train,,42,G3_3class
student-mat:dataset-version:1:source-row:272,272,1,student-mat:dataset-version:1:source-row:272,3,train,,42,G3_3class
student-mat:dataset-version:1:source-row:273,273,1,student-mat:dataset-version:1:source-row:273,3,train,,42,G3_3class
student-mat:dataset-version:1:source-row:274,274,1,student-mat:dataset-version:1:source-row:274,3,train,,42,G3_3class
student-mat:dataset-version:1:source-row:276,276,1,student-mat:dataset-version:1:source-row:276,3,train,,42,G3_3class
student-mat:dataset-version:1:source-row:277,277,1,student-mat:dataset-version:1:source-row:277,3,train,,42,G3_3class
student-mat:dataset-version:1:source-row:280,280,1,student-mat:dataset-version:1:source-row:280,3,train,,42,G3_3class
student-mat:dataset-version:1:source-row:283,283,1,student-mat:dataset-version:1:source-row:283,3,train,,42,G3_3class
student-mat:dataset-version:1:source-row:284,284,1,student-mat:dataset-version:1:source-row:284,3,train,,42,G3_3class
student-mat:dataset-version:1:source-row:286,286,1,student-mat:dataset-version:1:source-row:286,3,train,,42,G3_3class
student-mat:dataset-version:1:source-row:288,288,1,student-mat:dataset-version:1:source-row:288,3,train,,42,G3_3class
student-mat:dataset-version:1:source-row:289,289,1,student-mat:dataset-version:1:source-row:289,3,train,,42,G3_3class
student-mat:dataset-version:1:source-row:291,291,1,student-mat:dataset-version:1:source-row:291,3,train,,42,G3_3class
student-mat:dataset-version:1:source-row:292,292,1,student-mat:dataset-version:1:source-row:292,3,train,,42,G3_3class
student-mat:dataset-version:1:source-row:293,293,1,student-mat:dataset-version:1:source-row:293,3,train,,42,G3_3class
student-mat:dataset-version:1:source-row:296,296,1,student-mat:dataset-version:1:source-row:296,3,train,,42,G3_3class
student-mat:dataset-version:1:source-row:297,297,1,student-mat:dataset-version:1:source-row:297,3,train,,42,G3_3class
student-mat:dataset-version:1:source-row:298,298,1,student-mat:dataset-version:1:source-row:298,3,train,,42,G3_3class
student-mat:dataset-version:1:source-row:299,299,1,student-mat:dataset-version:1:source-row:299,3,train,,42,G3_3class
student-mat:dataset-version:1:source-row:300,300,1,student-mat:dataset-version:1:source-row:300,3,train,,42,G3_3class
student-mat:dataset-version:1:source-row:301,301,1,student-mat:dataset-version:1:source-row:301,3,train,,42,G3_3class
student-mat:dataset-version:1:source-row:302,302,1,student-mat:dataset-version:1:source-row:302,3,train,,42,G3_3class
student-mat:dataset-version:1:source-row:303,303,1,student-mat:dataset-version:1:source-row:303,3,train,,42,G3_3class
student-mat:dataset-version:1:source-row:304,304,1,student-mat:dataset-version:1:source-row:304,3,train,,42,G3_3class
student-mat:dataset-version:1:source-row:305,305,1,student-mat:dataset-version:1:source-row:305,3,train,,42,G3_3class
student-mat:dataset-version:1:source-row:306,306,1,student-mat:dataset-version:1:source-row:306,3,train,,42,G3_3class
student-mat:dataset-version:1:source-row:308,308,1,student-mat:dataset-version:1:source-row:308,3,train,,42,G3_3class
student-mat:dataset-version:1:source-row:311,311,1,student-mat:dataset-version:1:source-row:311,3,train,,42,G3_3class
student-mat:dataset-version:1:source-row:314,314,1,student-mat:dataset-version:1:source-row:314,3,train,,42,G3_3class
student-mat:dataset-version:1:source-row:315,315,1,student-mat:dataset-version:1:source-row:315,3,train,,42,G3_3class
student-mat:dataset-version:1:source-row:316,316,1,student-mat:dataset-version:1:source-row:316,3,train,,42,G3_3class
student-mat:dataset-version:1:source-row:318,318,1,student-mat:dataset-version:1:source-row:318,3,train,,42,G3_3class
student-mat:dataset-version:1:source-row:319,319,1,student-mat:dataset-version:1:source-row:319,3,train,,42,G3_3class
student-mat:dataset-version:1:source-row:320,320,1,student-mat:dataset-version:1:source-row:320,3,train,,42,G3_3class
student-mat:dataset-version:1:source-row:325,325,1,student-mat:dataset-version:1:source-row:325,3,train,,42,G3_3class
student-mat:dataset-version:1:source-row:327,327,1,student-mat:dataset-version:1:source-row:327,3,train,,42,G3_3class
student-mat:dataset-version:1:source-row:328,328,1,student-mat:dataset-version:1:source-row:328,3,train,,42,G3_3class
student-mat:dataset-version:1:source-row:330,330,1,student-mat:dataset-version:1:source-row:330,3,train,,42,G3_3class
student-mat:dataset-version:1:source-row:331,331,1,student-mat:dataset-version:1:source-row:331,3,train,,42,G3_3class
student-mat:dataset-version:1:source-row:334,334,1,student-mat:dataset-version:1:source-row:334,3,train,,42,G3_3class
student-mat:dataset-version:1:source-row:341,341,1,student-mat:dataset-version:1:source-row:341,3,train,,42,G3_3class
student-mat:dataset-version:1:source-row:342,342,1,student-mat:dataset-version:1:source-row:342,3,train,,42,G3_3class
student-mat:dataset-version:1:source-row:343,343,1,student-mat:dataset-version:1:source-row:343,3,train,,42,G3_3class
student-mat:dataset-version:1:source-row:344,344,1,student-mat:dataset-version:1:source-row:344,3,train,,42,G3_3class
student-mat:dataset-version:1:source-row:345,345,1,student-mat:dataset-version:1:source-row:345,3,train,,42,G3_3class
student-mat:dataset-version:1:source-row:346,346,1,student-mat:dataset-version:1:source-row:346,3,train,,42,G3_3class
student-mat:dataset-version:1:source-row:347,347,1,student-mat:dataset-version:1:source-row:347,3,train,,42,G3_3class
student-mat:dataset-version:1:source-row:348,348,1,student-mat:dataset-version:1:source-row:348,3,train,,42,G3_3class
student-mat:dataset-version:1:source-row:349,349,1,student-mat:dataset-version:1:source-row:349,3,train,,42,G3_3class
student-mat:dataset-version:1:source-row:350,350,1,student-mat:dataset-version:1:source-row:350,3,train,,42,G3_3class
student-mat:dataset-version:1:source-row:351,351,1,student-mat:dataset-version:1:source-row:351,3,train,,42,G3_3class
student-mat:dataset-version:1:source-row:352,352,1,student-mat:dataset-version:1:source-row:352,3,train,,42,G3_3class
student-mat:dataset-version:1:source-row:353,353,1,student-mat:dataset-version:1:source-row:353,3,train,,42,G3_3class
student-mat:dataset-version:1:source-row:357,357,1,student-mat:dataset-version:1:source-row:357,3,train,,42,G3_3class
student-mat:dataset-version:1:source-row:359,359,1,student-mat:dataset-version:1:source-row:359,3,train,,42,G3_3class
student-mat:dataset-version:1:source-row:361,361,1,student-mat:dataset-version:1:source-row:361,3,train,,42,G3_3class
student-mat:dataset-version:1:source-row:362,362,1,student-mat:dataset-version:1:source-row:362,3,train,,42,G3_3class
student-mat:dataset-version:1:source-row:365,365,1,student-mat:dataset-version:1:source-row:365,3,train,,42,G3_3class
student-mat:dataset-version:1:source-row:366,366,1,student-mat:dataset-version:1:source-row:366,3,train,,42,G3_3class
student-mat:dataset-version:1:source-row:368,368,1,student-mat:dataset-version:1:source-row:368,3,train,,42,G3_3class
student-mat:dataset-version:1:source-row:369,369,1,student-mat:dataset-version:1:source-row:369,3,train,,42,G3_3class
student-mat:dataset-version:1:source-row:371,371,1,student-mat:dataset-version:1:source-row:371,3,train,,42,G3_3class
student-mat:dataset-version:1:source-row:372,372,1,student-mat:dataset-version:1:source-row:372,3,train,,42,G3_3class
student-mat:dataset-version:1:source-row:373,373,1,student-mat:dataset-version:1:source-row:373,3,train,,42,G3_3class
student-mat:dataset-version:1:source-row:374,374,1,student-mat:dataset-version:1:source-row:374,3,train,,42,G3_3class
student-mat:dataset-version:1:source-row:375,375,1,student-mat:dataset-version:1:source-row:375,3,train,,42,G3_3class
student-mat:dataset-version:1:source-row:376,376,1,student-mat:dataset-version:1:source-row:376,3,train,,42,G3_3class
student-mat:dataset-version:1:source-row:378,378,1,student-mat:dataset-version:1:source-row:378,3,train,,42,G3_3class
student-mat:dataset-version:1:source-row:379,379,1,student-mat:dataset-version:1:source-row:379,3,train,,42,G3_3class
student-mat:dataset-version:1:source-row:382,382,1,student-mat:dataset-version:1:source-row:382,3,train,,42,G3_3class
student-mat:dataset-version:1:source-row:384,384,1,student-mat:dataset-version:1:source-row:384,3,train,,42,G3_3class
student-mat:dataset-version:1:source-row:385,385,1,student-mat:dataset-version:1:source-row:385,3,train,,42,G3_3class
student-mat:dataset-version:1:source-row:386,386,1,student-mat:dataset-version:1:source-row:386,3,train,,42,G3_3class
student-mat:dataset-version:1:source-row:388,388,1,student-mat:dataset-version:1:source-row:388,3,train,,42,G3_3class
student-mat:dataset-version:1:source-row:389,389,1,student-mat:dataset-version:1:source-row:389,3,train,,42,G3_3class
student-mat:dataset-version:1:source-row:390,390,1,student-mat:dataset-version:1:source-row:390,3,train,,42,G3_3class
student-mat:dataset-version:1:source-row:392,392,1,student-mat:dataset-version:1:source-row:392,3,train,,42,G3_3class
student-mat:dataset-version:1:source-row:10,10,1,student-mat:dataset-version:1:source-row:10,3,validation,,42,G3_3class
student-mat:dataset-version:1:source-row:16,16,1,student-mat:dataset-version:1:source-row:16,3,validation,,42,G3_3class
student-mat:dataset-version:1:source-row:17,17,1,student-mat:dataset-version:1:source-row:17,3,validation,,42,G3_3class
student-mat:dataset-version:1:source-row:18,18,1,student-mat:dataset-version:1:source-row:18,3,validation,,42,G3_3class
student-mat:dataset-version:1:source-row:19,19,1,student-mat:dataset-version:1:source-row:19,3,validation,,42,G3_3class
student-mat:dataset-version:1:source-row:20,20,1,student-mat:dataset-version:1:source-row:20,3,validation,,42,G3_3class
student-mat:dataset-version:1:source-row:22,22,1,student-mat:dataset-version:1:source-row:22,3,validation,,42,G3_3class
student-mat:dataset-version:1:source-row:29,29,1,student-mat:dataset-version:1:source-row:29,3,validation,,42,G3_3class
student-mat:dataset-version:1:source-row:38,38,1,student-mat:dataset-version:1:source-row:38,3,validation,,42,G3_3class
student-mat:dataset-version:1:source-row:46,46,1,student-mat:dataset-version:1:source-row:46,3,validation,,42,G3_3class
student-mat:dataset-version:1:source-row:52,52,1,student-mat:dataset-version:1:source-row:52,3,validation,,42,G3_3class
student-mat:dataset-version:1:source-row:57,57,1,student-mat:dataset-version:1:source-row:57,3,validation,,42,G3_3class
student-mat:dataset-version:1:source-row:76,76,1,student-mat:dataset-version:1:source-row:76,3,validation,,42,G3_3class
student-mat:dataset-version:1:source-row:79,79,1,student-mat:dataset-version:1:source-row:79,3,validation,,42,G3_3class
student-mat:dataset-version:1:source-row:85,85,1,student-mat:dataset-version:1:source-row:85,3,validation,,42,G3_3class
student-mat:dataset-version:1:source-row:97,97,1,student-mat:dataset-version:1:source-row:97,3,validation,,42,G3_3class
student-mat:dataset-version:1:source-row:102,102,1,student-mat:dataset-version:1:source-row:102,3,validation,,42,G3_3class
student-mat:dataset-version:1:source-row:108,108,1,student-mat:dataset-version:1:source-row:108,3,validation,,42,G3_3class
student-mat:dataset-version:1:source-row:109,109,1,student-mat:dataset-version:1:source-row:109,3,validation,,42,G3_3class
student-mat:dataset-version:1:source-row:115,115,1,student-mat:dataset-version:1:source-row:115,3,validation,,42,G3_3class
student-mat:dataset-version:1:source-row:116,116,1,student-mat:dataset-version:1:source-row:116,3,validation,,42,G3_3class
student-mat:dataset-version:1:source-row:124,124,1,student-mat:dataset-version:1:source-row:124,3,validation,,42,G3_3class
student-mat:dataset-version:1:source-row:125,125,1,student-mat:dataset-version:1:source-row:125,3,validation,,42,G3_3class
student-mat:dataset-version:1:source-row:128,128,1,student-mat:dataset-version:1:source-row:128,3,validation,,42,G3_3class
student-mat:dataset-version:1:source-row:144,144,1,student-mat:dataset-version:1:source-row:144,3,validation,,42,G3_3class
student-mat:dataset-version:1:source-row:145,145,1,student-mat:dataset-version:1:source-row:145,3,validation,,42,G3_3class
student-mat:dataset-version:1:source-row:148,148,1,student-mat:dataset-version:1:source-row:148,3,validation,,42,G3_3class
student-mat:dataset-version:1:source-row:149,149,1,student-mat:dataset-version:1:source-row:149,3,validation,,42,G3_3class
student-mat:dataset-version:1:source-row:164,164,1,student-mat:dataset-version:1:source-row:164,3,validation,,42,G3_3class
student-mat:dataset-version:1:source-row:171,171,1,student-mat:dataset-version:1:source-row:171,3,validation,,42,G3_3class
student-mat:dataset-version:1:source-row:175,175,1,student-mat:dataset-version:1:source-row:175,3,validation,,42,G3_3class
student-mat:dataset-version:1:source-row:177,177,1,student-mat:dataset-version:1:source-row:177,3,validation,,42,G3_3class
student-mat:dataset-version:1:source-row:192,192,1,student-mat:dataset-version:1:source-row:192,3,validation,,42,G3_3class
student-mat:dataset-version:1:source-row:196,196,1,student-mat:dataset-version:1:source-row:196,3,validation,,42,G3_3class
student-mat:dataset-version:1:source-row:212,212,1,student-mat:dataset-version:1:source-row:212,3,validation,,42,G3_3class
student-mat:dataset-version:1:source-row:217,217,1,student-mat:dataset-version:1:source-row:217,3,validation,,42,G3_3class
student-mat:dataset-version:1:source-row:221,221,1,student-mat:dataset-version:1:source-row:221,3,validation,,42,G3_3class
student-mat:dataset-version:1:source-row:234,234,1,student-mat:dataset-version:1:source-row:234,3,validation,,42,G3_3class
student-mat:dataset-version:1:source-row:241,241,1,student-mat:dataset-version:1:source-row:241,3,validation,,42,G3_3class
student-mat:dataset-version:1:source-row:244,244,1,student-mat:dataset-version:1:source-row:244,3,validation,,42,G3_3class
student-mat:dataset-version:1:source-row:249,249,1,student-mat:dataset-version:1:source-row:249,3,validation,,42,G3_3class
student-mat:dataset-version:1:source-row:256,256,1,student-mat:dataset-version:1:source-row:256,3,validation,,42,G3_3class
student-mat:dataset-version:1:source-row:267,267,1,student-mat:dataset-version:1:source-row:267,3,validation,,42,G3_3class
student-mat:dataset-version:1:source-row:278,278,1,student-mat:dataset-version:1:source-row:278,3,validation,,42,G3_3class
student-mat:dataset-version:1:source-row:281,281,1,student-mat:dataset-version:1:source-row:281,3,validation,,42,G3_3class
student-mat:dataset-version:1:source-row:287,287,1,student-mat:dataset-version:1:source-row:287,3,validation,,42,G3_3class
student-mat:dataset-version:1:source-row:290,290,1,student-mat:dataset-version:1:source-row:290,3,validation,,42,G3_3class
student-mat:dataset-version:1:source-row:310,310,1,student-mat:dataset-version:1:source-row:310,3,validation,,42,G3_3class
student-mat:dataset-version:1:source-row:312,312,1,student-mat:dataset-version:1:source-row:312,3,validation,,42,G3_3class
student-mat:dataset-version:1:source-row:313,313,1,student-mat:dataset-version:1:source-row:313,3,validation,,42,G3_3class
student-mat:dataset-version:1:source-row:323,323,1,student-mat:dataset-version:1:source-row:323,3,validation,,42,G3_3class
student-mat:dataset-version:1:source-row:326,326,1,student-mat:dataset-version:1:source-row:326,3,validation,,42,G3_3class
student-mat:dataset-version:1:source-row:335,335,1,student-mat:dataset-version:1:source-row:335,3,validation,,42,G3_3class
student-mat:dataset-version:1:source-row:336,336,1,student-mat:dataset-version:1:source-row:336,3,validation,,42,G3_3class
student-mat:dataset-version:1:source-row:339,339,1,student-mat:dataset-version:1:source-row:339,3,validation,,42,G3_3class
student-mat:dataset-version:1:source-row:340,340,1,student-mat:dataset-version:1:source-row:340,3,validation,,42,G3_3class
student-mat:dataset-version:1:source-row:356,356,1,student-mat:dataset-version:1:source-row:356,3,validation,,42,G3_3class
student-mat:dataset-version:1:source-row:360,360,1,student-mat:dataset-version:1:source-row:360,3,validation,,42,G3_3class
student-mat:dataset-version:1:source-row:364,364,1,student-mat:dataset-version:1:source-row:364,3,validation,,42,G3_3class
student-mat:dataset-version:1:source-row:367,367,1,student-mat:dataset-version:1:source-row:367,3,validation,,42,G3_3class
student-mat:dataset-version:1:source-row:377,377,1,student-mat:dataset-version:1:source-row:377,3,validation,,42,G3_3class
student-mat:dataset-version:1:source-row:381,381,1,student-mat:dataset-version:1:source-row:381,3,validation,,42,G3_3class
student-mat:dataset-version:1:source-row:387,387,1,student-mat:dataset-version:1:source-row:387,3,validation,,42,G3_3class
student-mat:dataset-version:1:source-row:0,0,1,student-mat:dataset-version:1:source-row:0,4,train,,42,G3_3class
student-mat:dataset-version:1:source-row:3,3,1,student-mat:dataset-version:1:source-row:3,4,train,,42,G3_3class
student-mat:dataset-version:1:source-row:4,4,1,student-mat:dataset-version:1:source-row:4,4,train,,42,G3_3class
student-mat:dataset-version:1:source-row:6,6,1,student-mat:dataset-version:1:source-row:6,4,train,,42,G3_3class
student-mat:dataset-version:1:source-row:10,10,1,student-mat:dataset-version:1:source-row:10,4,train,,42,G3_3class
student-mat:dataset-version:1:source-row:13,13,1,student-mat:dataset-version:1:source-row:13,4,train,,42,G3_3class
student-mat:dataset-version:1:source-row:14,14,1,student-mat:dataset-version:1:source-row:14,4,train,,42,G3_3class
student-mat:dataset-version:1:source-row:15,15,1,student-mat:dataset-version:1:source-row:15,4,train,,42,G3_3class
student-mat:dataset-version:1:source-row:16,16,1,student-mat:dataset-version:1:source-row:16,4,train,,42,G3_3class
student-mat:dataset-version:1:source-row:17,17,1,student-mat:dataset-version:1:source-row:17,4,train,,42,G3_3class
student-mat:dataset-version:1:source-row:18,18,1,student-mat:dataset-version:1:source-row:18,4,train,,42,G3_3class
student-mat:dataset-version:1:source-row:19,19,1,student-mat:dataset-version:1:source-row:19,4,train,,42,G3_3class
student-mat:dataset-version:1:source-row:20,20,1,student-mat:dataset-version:1:source-row:20,4,train,,42,G3_3class
student-mat:dataset-version:1:source-row:21,21,1,student-mat:dataset-version:1:source-row:21,4,train,,42,G3_3class
student-mat:dataset-version:1:source-row:22,22,1,student-mat:dataset-version:1:source-row:22,4,train,,42,G3_3class
student-mat:dataset-version:1:source-row:23,23,1,student-mat:dataset-version:1:source-row:23,4,train,,42,G3_3class
student-mat:dataset-version:1:source-row:24,24,1,student-mat:dataset-version:1:source-row:24,4,train,,42,G3_3class
student-mat:dataset-version:1:source-row:25,25,1,student-mat:dataset-version:1:source-row:25,4,train,,42,G3_3class
student-mat:dataset-version:1:source-row:26,26,1,student-mat:dataset-version:1:source-row:26,4,train,,42,G3_3class
student-mat:dataset-version:1:source-row:27,27,1,student-mat:dataset-version:1:source-row:27,4,train,,42,G3_3class
student-mat:dataset-version:1:source-row:29,29,1,student-mat:dataset-version:1:source-row:29,4,train,,42,G3_3class
student-mat:dataset-version:1:source-row:31,31,1,student-mat:dataset-version:1:source-row:31,4,train,,42,G3_3class
student-mat:dataset-version:1:source-row:32,32,1,student-mat:dataset-version:1:source-row:32,4,train,,42,G3_3class
student-mat:dataset-version:1:source-row:34,34,1,student-mat:dataset-version:1:source-row:34,4,train,,42,G3_3class
student-mat:dataset-version:1:source-row:36,36,1,student-mat:dataset-version:1:source-row:36,4,train,,42,G3_3class
student-mat:dataset-version:1:source-row:37,37,1,student-mat:dataset-version:1:source-row:37,4,train,,42,G3_3class
student-mat:dataset-version:1:source-row:38,38,1,student-mat:dataset-version:1:source-row:38,4,train,,42,G3_3class
student-mat:dataset-version:1:source-row:39,39,1,student-mat:dataset-version:1:source-row:39,4,train,,42,G3_3class
student-mat:dataset-version:1:source-row:40,40,1,student-mat:dataset-version:1:source-row:40,4,train,,42,G3_3class
student-mat:dataset-version:1:source-row:41,41,1,student-mat:dataset-version:1:source-row:41,4,train,,42,G3_3class
student-mat:dataset-version:1:source-row:42,42,1,student-mat:dataset-version:1:source-row:42,4,train,,42,G3_3class
student-mat:dataset-version:1:source-row:45,45,1,student-mat:dataset-version:1:source-row:45,4,train,,42,G3_3class
student-mat:dataset-version:1:source-row:46,46,1,student-mat:dataset-version:1:source-row:46,4,train,,42,G3_3class
student-mat:dataset-version:1:source-row:47,47,1,student-mat:dataset-version:1:source-row:47,4,train,,42,G3_3class
student-mat:dataset-version:1:source-row:48,48,1,student-mat:dataset-version:1:source-row:48,4,train,,42,G3_3class
student-mat:dataset-version:1:source-row:49,49,1,student-mat:dataset-version:1:source-row:49,4,train,,42,G3_3class
student-mat:dataset-version:1:source-row:51,51,1,student-mat:dataset-version:1:source-row:51,4,train,,42,G3_3class
student-mat:dataset-version:1:source-row:52,52,1,student-mat:dataset-version:1:source-row:52,4,train,,42,G3_3class
student-mat:dataset-version:1:source-row:57,57,1,student-mat:dataset-version:1:source-row:57,4,train,,42,G3_3class
student-mat:dataset-version:1:source-row:58,58,1,student-mat:dataset-version:1:source-row:58,4,train,,42,G3_3class
student-mat:dataset-version:1:source-row:60,60,1,student-mat:dataset-version:1:source-row:60,4,train,,42,G3_3class
student-mat:dataset-version:1:source-row:61,61,1,student-mat:dataset-version:1:source-row:61,4,train,,42,G3_3class
student-mat:dataset-version:1:source-row:62,62,1,student-mat:dataset-version:1:source-row:62,4,train,,42,G3_3class
student-mat:dataset-version:1:source-row:63,63,1,student-mat:dataset-version:1:source-row:63,4,train,,42,G3_3class
student-mat:dataset-version:1:source-row:64,64,1,student-mat:dataset-version:1:source-row:64,4,train,,42,G3_3class
student-mat:dataset-version:1:source-row:65,65,1,student-mat:dataset-version:1:source-row:65,4,train,,42,G3_3class
student-mat:dataset-version:1:source-row:66,66,1,student-mat:dataset-version:1:source-row:66,4,train,,42,G3_3class
student-mat:dataset-version:1:source-row:71,71,1,student-mat:dataset-version:1:source-row:71,4,train,,42,G3_3class
student-mat:dataset-version:1:source-row:76,76,1,student-mat:dataset-version:1:source-row:76,4,train,,42,G3_3class
student-mat:dataset-version:1:source-row:77,77,1,student-mat:dataset-version:1:source-row:77,4,train,,42,G3_3class
student-mat:dataset-version:1:source-row:78,78,1,student-mat:dataset-version:1:source-row:78,4,train,,42,G3_3class
student-mat:dataset-version:1:source-row:79,79,1,student-mat:dataset-version:1:source-row:79,4,train,,42,G3_3class
student-mat:dataset-version:1:source-row:80,80,1,student-mat:dataset-version:1:source-row:80,4,train,,42,G3_3class
student-mat:dataset-version:1:source-row:82,82,1,student-mat:dataset-version:1:source-row:82,4,train,,42,G3_3class
student-mat:dataset-version:1:source-row:83,83,1,student-mat:dataset-version:1:source-row:83,4,train,,42,G3_3class
student-mat:dataset-version:1:source-row:84,84,1,student-mat:dataset-version:1:source-row:84,4,train,,42,G3_3class
student-mat:dataset-version:1:source-row:85,85,1,student-mat:dataset-version:1:source-row:85,4,train,,42,G3_3class
student-mat:dataset-version:1:source-row:87,87,1,student-mat:dataset-version:1:source-row:87,4,train,,42,G3_3class
student-mat:dataset-version:1:source-row:90,90,1,student-mat:dataset-version:1:source-row:90,4,train,,42,G3_3class
student-mat:dataset-version:1:source-row:91,91,1,student-mat:dataset-version:1:source-row:91,4,train,,42,G3_3class
student-mat:dataset-version:1:source-row:93,93,1,student-mat:dataset-version:1:source-row:93,4,train,,42,G3_3class
student-mat:dataset-version:1:source-row:94,94,1,student-mat:dataset-version:1:source-row:94,4,train,,42,G3_3class
student-mat:dataset-version:1:source-row:95,95,1,student-mat:dataset-version:1:source-row:95,4,train,,42,G3_3class
student-mat:dataset-version:1:source-row:96,96,1,student-mat:dataset-version:1:source-row:96,4,train,,42,G3_3class
student-mat:dataset-version:1:source-row:97,97,1,student-mat:dataset-version:1:source-row:97,4,train,,42,G3_3class
student-mat:dataset-version:1:source-row:98,98,1,student-mat:dataset-version:1:source-row:98,4,train,,42,G3_3class
student-mat:dataset-version:1:source-row:99,99,1,student-mat:dataset-version:1:source-row:99,4,train,,42,G3_3class
student-mat:dataset-version:1:source-row:100,100,1,student-mat:dataset-version:1:source-row:100,4,train,,42,G3_3class
student-mat:dataset-version:1:source-row:101,101,1,student-mat:dataset-version:1:source-row:101,4,train,,42,G3_3class
student-mat:dataset-version:1:source-row:102,102,1,student-mat:dataset-version:1:source-row:102,4,train,,42,G3_3class
student-mat:dataset-version:1:source-row:106,106,1,student-mat:dataset-version:1:source-row:106,4,train,,42,G3_3class
student-mat:dataset-version:1:source-row:108,108,1,student-mat:dataset-version:1:source-row:108,4,train,,42,G3_3class
student-mat:dataset-version:1:source-row:109,109,1,student-mat:dataset-version:1:source-row:109,4,train,,42,G3_3class
student-mat:dataset-version:1:source-row:111,111,1,student-mat:dataset-version:1:source-row:111,4,train,,42,G3_3class
student-mat:dataset-version:1:source-row:112,112,1,student-mat:dataset-version:1:source-row:112,4,train,,42,G3_3class
student-mat:dataset-version:1:source-row:113,113,1,student-mat:dataset-version:1:source-row:113,4,train,,42,G3_3class
student-mat:dataset-version:1:source-row:114,114,1,student-mat:dataset-version:1:source-row:114,4,train,,42,G3_3class
student-mat:dataset-version:1:source-row:115,115,1,student-mat:dataset-version:1:source-row:115,4,train,,42,G3_3class
student-mat:dataset-version:1:source-row:116,116,1,student-mat:dataset-version:1:source-row:116,4,train,,42,G3_3class
student-mat:dataset-version:1:source-row:117,117,1,student-mat:dataset-version:1:source-row:117,4,train,,42,G3_3class
student-mat:dataset-version:1:source-row:122,122,1,student-mat:dataset-version:1:source-row:122,4,train,,42,G3_3class
student-mat:dataset-version:1:source-row:123,123,1,student-mat:dataset-version:1:source-row:123,4,train,,42,G3_3class
student-mat:dataset-version:1:source-row:124,124,1,student-mat:dataset-version:1:source-row:124,4,train,,42,G3_3class
student-mat:dataset-version:1:source-row:125,125,1,student-mat:dataset-version:1:source-row:125,4,train,,42,G3_3class
student-mat:dataset-version:1:source-row:127,127,1,student-mat:dataset-version:1:source-row:127,4,train,,42,G3_3class
student-mat:dataset-version:1:source-row:128,128,1,student-mat:dataset-version:1:source-row:128,4,train,,42,G3_3class
student-mat:dataset-version:1:source-row:130,130,1,student-mat:dataset-version:1:source-row:130,4,train,,42,G3_3class
student-mat:dataset-version:1:source-row:131,131,1,student-mat:dataset-version:1:source-row:131,4,train,,42,G3_3class
student-mat:dataset-version:1:source-row:133,133,1,student-mat:dataset-version:1:source-row:133,4,train,,42,G3_3class
student-mat:dataset-version:1:source-row:134,134,1,student-mat:dataset-version:1:source-row:134,4,train,,42,G3_3class
student-mat:dataset-version:1:source-row:135,135,1,student-mat:dataset-version:1:source-row:135,4,train,,42,G3_3class
student-mat:dataset-version:1:source-row:138,138,1,student-mat:dataset-version:1:source-row:138,4,train,,42,G3_3class
student-mat:dataset-version:1:source-row:140,140,1,student-mat:dataset-version:1:source-row:140,4,train,,42,G3_3class
student-mat:dataset-version:1:source-row:144,144,1,student-mat:dataset-version:1:source-row:144,4,train,,42,G3_3class
student-mat:dataset-version:1:source-row:145,145,1,student-mat:dataset-version:1:source-row:145,4,train,,42,G3_3class
student-mat:dataset-version:1:source-row:146,146,1,student-mat:dataset-version:1:source-row:146,4,train,,42,G3_3class
student-mat:dataset-version:1:source-row:147,147,1,student-mat:dataset-version:1:source-row:147,4,train,,42,G3_3class
student-mat:dataset-version:1:source-row:148,148,1,student-mat:dataset-version:1:source-row:148,4,train,,42,G3_3class
student-mat:dataset-version:1:source-row:149,149,1,student-mat:dataset-version:1:source-row:149,4,train,,42,G3_3class
student-mat:dataset-version:1:source-row:150,150,1,student-mat:dataset-version:1:source-row:150,4,train,,42,G3_3class
student-mat:dataset-version:1:source-row:152,152,1,student-mat:dataset-version:1:source-row:152,4,train,,42,G3_3class
student-mat:dataset-version:1:source-row:153,153,1,student-mat:dataset-version:1:source-row:153,4,train,,42,G3_3class
student-mat:dataset-version:1:source-row:154,154,1,student-mat:dataset-version:1:source-row:154,4,train,,42,G3_3class
student-mat:dataset-version:1:source-row:155,155,1,student-mat:dataset-version:1:source-row:155,4,train,,42,G3_3class
student-mat:dataset-version:1:source-row:156,156,1,student-mat:dataset-version:1:source-row:156,4,train,,42,G3_3class
student-mat:dataset-version:1:source-row:157,157,1,student-mat:dataset-version:1:source-row:157,4,train,,42,G3_3class
student-mat:dataset-version:1:source-row:158,158,1,student-mat:dataset-version:1:source-row:158,4,train,,42,G3_3class
student-mat:dataset-version:1:source-row:159,159,1,student-mat:dataset-version:1:source-row:159,4,train,,42,G3_3class
student-mat:dataset-version:1:source-row:160,160,1,student-mat:dataset-version:1:source-row:160,4,train,,42,G3_3class
student-mat:dataset-version:1:source-row:161,161,1,student-mat:dataset-version:1:source-row:161,4,train,,42,G3_3class
student-mat:dataset-version:1:source-row:162,162,1,student-mat:dataset-version:1:source-row:162,4,train,,42,G3_3class
student-mat:dataset-version:1:source-row:163,163,1,student-mat:dataset-version:1:source-row:163,4,train,,42,G3_3class
student-mat:dataset-version:1:source-row:164,164,1,student-mat:dataset-version:1:source-row:164,4,train,,42,G3_3class
student-mat:dataset-version:1:source-row:165,165,1,student-mat:dataset-version:1:source-row:165,4,train,,42,G3_3class
student-mat:dataset-version:1:source-row:166,166,1,student-mat:dataset-version:1:source-row:166,4,train,,42,G3_3class
student-mat:dataset-version:1:source-row:168,168,1,student-mat:dataset-version:1:source-row:168,4,train,,42,G3_3class
student-mat:dataset-version:1:source-row:169,169,1,student-mat:dataset-version:1:source-row:169,4,train,,42,G3_3class
student-mat:dataset-version:1:source-row:171,171,1,student-mat:dataset-version:1:source-row:171,4,train,,42,G3_3class
student-mat:dataset-version:1:source-row:173,173,1,student-mat:dataset-version:1:source-row:173,4,train,,42,G3_3class
student-mat:dataset-version:1:source-row:174,174,1,student-mat:dataset-version:1:source-row:174,4,train,,42,G3_3class
student-mat:dataset-version:1:source-row:175,175,1,student-mat:dataset-version:1:source-row:175,4,train,,42,G3_3class
student-mat:dataset-version:1:source-row:176,176,1,student-mat:dataset-version:1:source-row:176,4,train,,42,G3_3class
student-mat:dataset-version:1:source-row:177,177,1,student-mat:dataset-version:1:source-row:177,4,train,,42,G3_3class
student-mat:dataset-version:1:source-row:178,178,1,student-mat:dataset-version:1:source-row:178,4,train,,42,G3_3class
student-mat:dataset-version:1:source-row:179,179,1,student-mat:dataset-version:1:source-row:179,4,train,,42,G3_3class
student-mat:dataset-version:1:source-row:180,180,1,student-mat:dataset-version:1:source-row:180,4,train,,42,G3_3class
student-mat:dataset-version:1:source-row:181,181,1,student-mat:dataset-version:1:source-row:181,4,train,,42,G3_3class
student-mat:dataset-version:1:source-row:182,182,1,student-mat:dataset-version:1:source-row:182,4,train,,42,G3_3class
student-mat:dataset-version:1:source-row:184,184,1,student-mat:dataset-version:1:source-row:184,4,train,,42,G3_3class
student-mat:dataset-version:1:source-row:186,186,1,student-mat:dataset-version:1:source-row:186,4,train,,42,G3_3class
student-mat:dataset-version:1:source-row:187,187,1,student-mat:dataset-version:1:source-row:187,4,train,,42,G3_3class
student-mat:dataset-version:1:source-row:191,191,1,student-mat:dataset-version:1:source-row:191,4,train,,42,G3_3class
student-mat:dataset-version:1:source-row:192,192,1,student-mat:dataset-version:1:source-row:192,4,train,,42,G3_3class
student-mat:dataset-version:1:source-row:194,194,1,student-mat:dataset-version:1:source-row:194,4,train,,42,G3_3class
student-mat:dataset-version:1:source-row:195,195,1,student-mat:dataset-version:1:source-row:195,4,train,,42,G3_3class
student-mat:dataset-version:1:source-row:196,196,1,student-mat:dataset-version:1:source-row:196,4,train,,42,G3_3class
student-mat:dataset-version:1:source-row:197,197,1,student-mat:dataset-version:1:source-row:197,4,train,,42,G3_3class
student-mat:dataset-version:1:source-row:200,200,1,student-mat:dataset-version:1:source-row:200,4,train,,42,G3_3class
student-mat:dataset-version:1:source-row:201,201,1,student-mat:dataset-version:1:source-row:201,4,train,,42,G3_3class
student-mat:dataset-version:1:source-row:202,202,1,student-mat:dataset-version:1:source-row:202,4,train,,42,G3_3class
student-mat:dataset-version:1:source-row:203,203,1,student-mat:dataset-version:1:source-row:203,4,train,,42,G3_3class
student-mat:dataset-version:1:source-row:205,205,1,student-mat:dataset-version:1:source-row:205,4,train,,42,G3_3class
student-mat:dataset-version:1:source-row:206,206,1,student-mat:dataset-version:1:source-row:206,4,train,,42,G3_3class
student-mat:dataset-version:1:source-row:207,207,1,student-mat:dataset-version:1:source-row:207,4,train,,42,G3_3class
student-mat:dataset-version:1:source-row:208,208,1,student-mat:dataset-version:1:source-row:208,4,train,,42,G3_3class
student-mat:dataset-version:1:source-row:209,209,1,student-mat:dataset-version:1:source-row:209,4,train,,42,G3_3class
student-mat:dataset-version:1:source-row:210,210,1,student-mat:dataset-version:1:source-row:210,4,train,,42,G3_3class
student-mat:dataset-version:1:source-row:212,212,1,student-mat:dataset-version:1:source-row:212,4,train,,42,G3_3class
student-mat:dataset-version:1:source-row:213,213,1,student-mat:dataset-version:1:source-row:213,4,train,,42,G3_3class
student-mat:dataset-version:1:source-row:215,215,1,student-mat:dataset-version:1:source-row:215,4,train,,42,G3_3class
student-mat:dataset-version:1:source-row:216,216,1,student-mat:dataset-version:1:source-row:216,4,train,,42,G3_3class
student-mat:dataset-version:1:source-row:217,217,1,student-mat:dataset-version:1:source-row:217,4,train,,42,G3_3class
student-mat:dataset-version:1:source-row:219,219,1,student-mat:dataset-version:1:source-row:219,4,train,,42,G3_3class
student-mat:dataset-version:1:source-row:220,220,1,student-mat:dataset-version:1:source-row:220,4,train,,42,G3_3class
student-mat:dataset-version:1:source-row:221,221,1,student-mat:dataset-version:1:source-row:221,4,train,,42,G3_3class
student-mat:dataset-version:1:source-row:228,228,1,student-mat:dataset-version:1:source-row:228,4,train,,42,G3_3class
student-mat:dataset-version:1:source-row:229,229,1,student-mat:dataset-version:1:source-row:229,4,train,,42,G3_3class
student-mat:dataset-version:1:source-row:231,231,1,student-mat:dataset-version:1:source-row:231,4,train,,42,G3_3class
student-mat:dataset-version:1:source-row:233,233,1,student-mat:dataset-version:1:source-row:233,4,train,,42,G3_3class
student-mat:dataset-version:1:source-row:234,234,1,student-mat:dataset-version:1:source-row:234,4,train,,42,G3_3class
student-mat:dataset-version:1:source-row:236,236,1,student-mat:dataset-version:1:source-row:236,4,train,,42,G3_3class
student-mat:dataset-version:1:source-row:237,237,1,student-mat:dataset-version:1:source-row:237,4,train,,42,G3_3class
student-mat:dataset-version:1:source-row:238,238,1,student-mat:dataset-version:1:source-row:238,4,train,,42,G3_3class
student-mat:dataset-version:1:source-row:239,239,1,student-mat:dataset-version:1:source-row:239,4,train,,42,G3_3class
student-mat:dataset-version:1:source-row:240,240,1,student-mat:dataset-version:1:source-row:240,4,train,,42,G3_3class
student-mat:dataset-version:1:source-row:241,241,1,student-mat:dataset-version:1:source-row:241,4,train,,42,G3_3class
student-mat:dataset-version:1:source-row:242,242,1,student-mat:dataset-version:1:source-row:242,4,train,,42,G3_3class
student-mat:dataset-version:1:source-row:243,243,1,student-mat:dataset-version:1:source-row:243,4,train,,42,G3_3class
student-mat:dataset-version:1:source-row:244,244,1,student-mat:dataset-version:1:source-row:244,4,train,,42,G3_3class
student-mat:dataset-version:1:source-row:246,246,1,student-mat:dataset-version:1:source-row:246,4,train,,42,G3_3class
student-mat:dataset-version:1:source-row:247,247,1,student-mat:dataset-version:1:source-row:247,4,train,,42,G3_3class
student-mat:dataset-version:1:source-row:249,249,1,student-mat:dataset-version:1:source-row:249,4,train,,42,G3_3class
student-mat:dataset-version:1:source-row:251,251,1,student-mat:dataset-version:1:source-row:251,4,train,,42,G3_3class
student-mat:dataset-version:1:source-row:252,252,1,student-mat:dataset-version:1:source-row:252,4,train,,42,G3_3class
student-mat:dataset-version:1:source-row:254,254,1,student-mat:dataset-version:1:source-row:254,4,train,,42,G3_3class
student-mat:dataset-version:1:source-row:256,256,1,student-mat:dataset-version:1:source-row:256,4,train,,42,G3_3class
student-mat:dataset-version:1:source-row:258,258,1,student-mat:dataset-version:1:source-row:258,4,train,,42,G3_3class
student-mat:dataset-version:1:source-row:260,260,1,student-mat:dataset-version:1:source-row:260,4,train,,42,G3_3class
student-mat:dataset-version:1:source-row:262,262,1,student-mat:dataset-version:1:source-row:262,4,train,,42,G3_3class
student-mat:dataset-version:1:source-row:263,263,1,student-mat:dataset-version:1:source-row:263,4,train,,42,G3_3class
student-mat:dataset-version:1:source-row:264,264,1,student-mat:dataset-version:1:source-row:264,4,train,,42,G3_3class
student-mat:dataset-version:1:source-row:265,265,1,student-mat:dataset-version:1:source-row:265,4,train,,42,G3_3class
student-mat:dataset-version:1:source-row:267,267,1,student-mat:dataset-version:1:source-row:267,4,train,,42,G3_3class
student-mat:dataset-version:1:source-row:268,268,1,student-mat:dataset-version:1:source-row:268,4,train,,42,G3_3class
student-mat:dataset-version:1:source-row:269,269,1,student-mat:dataset-version:1:source-row:269,4,train,,42,G3_3class
student-mat:dataset-version:1:source-row:271,271,1,student-mat:dataset-version:1:source-row:271,4,train,,42,G3_3class
student-mat:dataset-version:1:source-row:272,272,1,student-mat:dataset-version:1:source-row:272,4,train,,42,G3_3class
student-mat:dataset-version:1:source-row:274,274,1,student-mat:dataset-version:1:source-row:274,4,train,,42,G3_3class
student-mat:dataset-version:1:source-row:277,277,1,student-mat:dataset-version:1:source-row:277,4,train,,42,G3_3class
student-mat:dataset-version:1:source-row:278,278,1,student-mat:dataset-version:1:source-row:278,4,train,,42,G3_3class
student-mat:dataset-version:1:source-row:280,280,1,student-mat:dataset-version:1:source-row:280,4,train,,42,G3_3class
student-mat:dataset-version:1:source-row:281,281,1,student-mat:dataset-version:1:source-row:281,4,train,,42,G3_3class
student-mat:dataset-version:1:source-row:283,283,1,student-mat:dataset-version:1:source-row:283,4,train,,42,G3_3class
student-mat:dataset-version:1:source-row:284,284,1,student-mat:dataset-version:1:source-row:284,4,train,,42,G3_3class
student-mat:dataset-version:1:source-row:287,287,1,student-mat:dataset-version:1:source-row:287,4,train,,42,G3_3class
student-mat:dataset-version:1:source-row:289,289,1,student-mat:dataset-version:1:source-row:289,4,train,,42,G3_3class
student-mat:dataset-version:1:source-row:290,290,1,student-mat:dataset-version:1:source-row:290,4,train,,42,G3_3class
student-mat:dataset-version:1:source-row:291,291,1,student-mat:dataset-version:1:source-row:291,4,train,,42,G3_3class
student-mat:dataset-version:1:source-row:292,292,1,student-mat:dataset-version:1:source-row:292,4,train,,42,G3_3class
student-mat:dataset-version:1:source-row:297,297,1,student-mat:dataset-version:1:source-row:297,4,train,,42,G3_3class
student-mat:dataset-version:1:source-row:298,298,1,student-mat:dataset-version:1:source-row:298,4,train,,42,G3_3class
student-mat:dataset-version:1:source-row:299,299,1,student-mat:dataset-version:1:source-row:299,4,train,,42,G3_3class
student-mat:dataset-version:1:source-row:303,303,1,student-mat:dataset-version:1:source-row:303,4,train,,42,G3_3class
student-mat:dataset-version:1:source-row:306,306,1,student-mat:dataset-version:1:source-row:306,4,train,,42,G3_3class
student-mat:dataset-version:1:source-row:308,308,1,student-mat:dataset-version:1:source-row:308,4,train,,42,G3_3class
student-mat:dataset-version:1:source-row:310,310,1,student-mat:dataset-version:1:source-row:310,4,train,,42,G3_3class
student-mat:dataset-version:1:source-row:311,311,1,student-mat:dataset-version:1:source-row:311,4,train,,42,G3_3class
student-mat:dataset-version:1:source-row:312,312,1,student-mat:dataset-version:1:source-row:312,4,train,,42,G3_3class
student-mat:dataset-version:1:source-row:313,313,1,student-mat:dataset-version:1:source-row:313,4,train,,42,G3_3class
student-mat:dataset-version:1:source-row:318,318,1,student-mat:dataset-version:1:source-row:318,4,train,,42,G3_3class
student-mat:dataset-version:1:source-row:319,319,1,student-mat:dataset-version:1:source-row:319,4,train,,42,G3_3class
student-mat:dataset-version:1:source-row:323,323,1,student-mat:dataset-version:1:source-row:323,4,train,,42,G3_3class
student-mat:dataset-version:1:source-row:325,325,1,student-mat:dataset-version:1:source-row:325,4,train,,42,G3_3class
student-mat:dataset-version:1:source-row:326,326,1,student-mat:dataset-version:1:source-row:326,4,train,,42,G3_3class
student-mat:dataset-version:1:source-row:327,327,1,student-mat:dataset-version:1:source-row:327,4,train,,42,G3_3class
student-mat:dataset-version:1:source-row:328,328,1,student-mat:dataset-version:1:source-row:328,4,train,,42,G3_3class
student-mat:dataset-version:1:source-row:330,330,1,student-mat:dataset-version:1:source-row:330,4,train,,42,G3_3class
student-mat:dataset-version:1:source-row:334,334,1,student-mat:dataset-version:1:source-row:334,4,train,,42,G3_3class
student-mat:dataset-version:1:source-row:335,335,1,student-mat:dataset-version:1:source-row:335,4,train,,42,G3_3class
student-mat:dataset-version:1:source-row:336,336,1,student-mat:dataset-version:1:source-row:336,4,train,,42,G3_3class
student-mat:dataset-version:1:source-row:339,339,1,student-mat:dataset-version:1:source-row:339,4,train,,42,G3_3class
student-mat:dataset-version:1:source-row:340,340,1,student-mat:dataset-version:1:source-row:340,4,train,,42,G3_3class
student-mat:dataset-version:1:source-row:341,341,1,student-mat:dataset-version:1:source-row:341,4,train,,42,G3_3class
student-mat:dataset-version:1:source-row:342,342,1,student-mat:dataset-version:1:source-row:342,4,train,,42,G3_3class
student-mat:dataset-version:1:source-row:343,343,1,student-mat:dataset-version:1:source-row:343,4,train,,42,G3_3class
student-mat:dataset-version:1:source-row:344,344,1,student-mat:dataset-version:1:source-row:344,4,train,,42,G3_3class
student-mat:dataset-version:1:source-row:345,345,1,student-mat:dataset-version:1:source-row:345,4,train,,42,G3_3class
student-mat:dataset-version:1:source-row:346,346,1,student-mat:dataset-version:1:source-row:346,4,train,,42,G3_3class
student-mat:dataset-version:1:source-row:347,347,1,student-mat:dataset-version:1:source-row:347,4,train,,42,G3_3class
student-mat:dataset-version:1:source-row:349,349,1,student-mat:dataset-version:1:source-row:349,4,train,,42,G3_3class
student-mat:dataset-version:1:source-row:350,350,1,student-mat:dataset-version:1:source-row:350,4,train,,42,G3_3class
student-mat:dataset-version:1:source-row:356,356,1,student-mat:dataset-version:1:source-row:356,4,train,,42,G3_3class
student-mat:dataset-version:1:source-row:357,357,1,student-mat:dataset-version:1:source-row:357,4,train,,42,G3_3class
student-mat:dataset-version:1:source-row:359,359,1,student-mat:dataset-version:1:source-row:359,4,train,,42,G3_3class
student-mat:dataset-version:1:source-row:360,360,1,student-mat:dataset-version:1:source-row:360,4,train,,42,G3_3class
student-mat:dataset-version:1:source-row:362,362,1,student-mat:dataset-version:1:source-row:362,4,train,,42,G3_3class
student-mat:dataset-version:1:source-row:364,364,1,student-mat:dataset-version:1:source-row:364,4,train,,42,G3_3class
student-mat:dataset-version:1:source-row:366,366,1,student-mat:dataset-version:1:source-row:366,4,train,,42,G3_3class
student-mat:dataset-version:1:source-row:367,367,1,student-mat:dataset-version:1:source-row:367,4,train,,42,G3_3class
student-mat:dataset-version:1:source-row:369,369,1,student-mat:dataset-version:1:source-row:369,4,train,,42,G3_3class
student-mat:dataset-version:1:source-row:371,371,1,student-mat:dataset-version:1:source-row:371,4,train,,42,G3_3class
student-mat:dataset-version:1:source-row:372,372,1,student-mat:dataset-version:1:source-row:372,4,train,,42,G3_3class
student-mat:dataset-version:1:source-row:374,374,1,student-mat:dataset-version:1:source-row:374,4,train,,42,G3_3class
student-mat:dataset-version:1:source-row:375,375,1,student-mat:dataset-version:1:source-row:375,4,train,,42,G3_3class
student-mat:dataset-version:1:source-row:376,376,1,student-mat:dataset-version:1:source-row:376,4,train,,42,G3_3class
student-mat:dataset-version:1:source-row:377,377,1,student-mat:dataset-version:1:source-row:377,4,train,,42,G3_3class
student-mat:dataset-version:1:source-row:381,381,1,student-mat:dataset-version:1:source-row:381,4,train,,42,G3_3class
student-mat:dataset-version:1:source-row:382,382,1,student-mat:dataset-version:1:source-row:382,4,train,,42,G3_3class
student-mat:dataset-version:1:source-row:384,384,1,student-mat:dataset-version:1:source-row:384,4,train,,42,G3_3class
student-mat:dataset-version:1:source-row:386,386,1,student-mat:dataset-version:1:source-row:386,4,train,,42,G3_3class
student-mat:dataset-version:1:source-row:387,387,1,student-mat:dataset-version:1:source-row:387,4,train,,42,G3_3class
student-mat:dataset-version:1:source-row:388,388,1,student-mat:dataset-version:1:source-row:388,4,train,,42,G3_3class
student-mat:dataset-version:1:source-row:390,390,1,student-mat:dataset-version:1:source-row:390,4,train,,42,G3_3class
student-mat:dataset-version:1:source-row:5,5,1,student-mat:dataset-version:1:source-row:5,4,validation,,42,G3_3class
student-mat:dataset-version:1:source-row:8,8,1,student-mat:dataset-version:1:source-row:8,4,validation,,42,G3_3class
student-mat:dataset-version:1:source-row:11,11,1,student-mat:dataset-version:1:source-row:11,4,validation,,42,G3_3class
student-mat:dataset-version:1:source-row:33,33,1,student-mat:dataset-version:1:source-row:33,4,validation,,42,G3_3class
student-mat:dataset-version:1:source-row:35,35,1,student-mat:dataset-version:1:source-row:35,4,validation,,42,G3_3class
student-mat:dataset-version:1:source-row:43,43,1,student-mat:dataset-version:1:source-row:43,4,validation,,42,G3_3class
student-mat:dataset-version:1:source-row:44,44,1,student-mat:dataset-version:1:source-row:44,4,validation,,42,G3_3class
student-mat:dataset-version:1:source-row:50,50,1,student-mat:dataset-version:1:source-row:50,4,validation,,42,G3_3class
student-mat:dataset-version:1:source-row:68,68,1,student-mat:dataset-version:1:source-row:68,4,validation,,42,G3_3class
student-mat:dataset-version:1:source-row:70,70,1,student-mat:dataset-version:1:source-row:70,4,validation,,42,G3_3class
student-mat:dataset-version:1:source-row:72,72,1,student-mat:dataset-version:1:source-row:72,4,validation,,42,G3_3class
student-mat:dataset-version:1:source-row:103,103,1,student-mat:dataset-version:1:source-row:103,4,validation,,42,G3_3class
student-mat:dataset-version:1:source-row:119,119,1,student-mat:dataset-version:1:source-row:119,4,validation,,42,G3_3class
student-mat:dataset-version:1:source-row:120,120,1,student-mat:dataset-version:1:source-row:120,4,validation,,42,G3_3class
student-mat:dataset-version:1:source-row:121,121,1,student-mat:dataset-version:1:source-row:121,4,validation,,42,G3_3class
student-mat:dataset-version:1:source-row:137,137,1,student-mat:dataset-version:1:source-row:137,4,validation,,42,G3_3class
student-mat:dataset-version:1:source-row:139,139,1,student-mat:dataset-version:1:source-row:139,4,validation,,42,G3_3class
student-mat:dataset-version:1:source-row:141,141,1,student-mat:dataset-version:1:source-row:141,4,validation,,42,G3_3class
student-mat:dataset-version:1:source-row:143,143,1,student-mat:dataset-version:1:source-row:143,4,validation,,42,G3_3class
student-mat:dataset-version:1:source-row:167,167,1,student-mat:dataset-version:1:source-row:167,4,validation,,42,G3_3class
student-mat:dataset-version:1:source-row:172,172,1,student-mat:dataset-version:1:source-row:172,4,validation,,42,G3_3class
student-mat:dataset-version:1:source-row:183,183,1,student-mat:dataset-version:1:source-row:183,4,validation,,42,G3_3class
student-mat:dataset-version:1:source-row:189,189,1,student-mat:dataset-version:1:source-row:189,4,validation,,42,G3_3class
student-mat:dataset-version:1:source-row:190,190,1,student-mat:dataset-version:1:source-row:190,4,validation,,42,G3_3class
student-mat:dataset-version:1:source-row:199,199,1,student-mat:dataset-version:1:source-row:199,4,validation,,42,G3_3class
student-mat:dataset-version:1:source-row:222,222,1,student-mat:dataset-version:1:source-row:222,4,validation,,42,G3_3class
student-mat:dataset-version:1:source-row:227,227,1,student-mat:dataset-version:1:source-row:227,4,validation,,42,G3_3class
student-mat:dataset-version:1:source-row:230,230,1,student-mat:dataset-version:1:source-row:230,4,validation,,42,G3_3class
student-mat:dataset-version:1:source-row:232,232,1,student-mat:dataset-version:1:source-row:232,4,validation,,42,G3_3class
student-mat:dataset-version:1:source-row:235,235,1,student-mat:dataset-version:1:source-row:235,4,validation,,42,G3_3class
student-mat:dataset-version:1:source-row:250,250,1,student-mat:dataset-version:1:source-row:250,4,validation,,42,G3_3class
student-mat:dataset-version:1:source-row:253,253,1,student-mat:dataset-version:1:source-row:253,4,validation,,42,G3_3class
student-mat:dataset-version:1:source-row:257,257,1,student-mat:dataset-version:1:source-row:257,4,validation,,42,G3_3class
student-mat:dataset-version:1:source-row:261,261,1,student-mat:dataset-version:1:source-row:261,4,validation,,42,G3_3class
student-mat:dataset-version:1:source-row:273,273,1,student-mat:dataset-version:1:source-row:273,4,validation,,42,G3_3class
student-mat:dataset-version:1:source-row:276,276,1,student-mat:dataset-version:1:source-row:276,4,validation,,42,G3_3class
student-mat:dataset-version:1:source-row:286,286,1,student-mat:dataset-version:1:source-row:286,4,validation,,42,G3_3class
student-mat:dataset-version:1:source-row:288,288,1,student-mat:dataset-version:1:source-row:288,4,validation,,42,G3_3class
student-mat:dataset-version:1:source-row:293,293,1,student-mat:dataset-version:1:source-row:293,4,validation,,42,G3_3class
student-mat:dataset-version:1:source-row:296,296,1,student-mat:dataset-version:1:source-row:296,4,validation,,42,G3_3class
student-mat:dataset-version:1:source-row:300,300,1,student-mat:dataset-version:1:source-row:300,4,validation,,42,G3_3class
student-mat:dataset-version:1:source-row:301,301,1,student-mat:dataset-version:1:source-row:301,4,validation,,42,G3_3class
student-mat:dataset-version:1:source-row:302,302,1,student-mat:dataset-version:1:source-row:302,4,validation,,42,G3_3class
student-mat:dataset-version:1:source-row:304,304,1,student-mat:dataset-version:1:source-row:304,4,validation,,42,G3_3class
student-mat:dataset-version:1:source-row:305,305,1,student-mat:dataset-version:1:source-row:305,4,validation,,42,G3_3class
student-mat:dataset-version:1:source-row:314,314,1,student-mat:dataset-version:1:source-row:314,4,validation,,42,G3_3class
student-mat:dataset-version:1:source-row:315,315,1,student-mat:dataset-version:1:source-row:315,4,validation,,42,G3_3class
student-mat:dataset-version:1:source-row:316,316,1,student-mat:dataset-version:1:source-row:316,4,validation,,42,G3_3class
student-mat:dataset-version:1:source-row:320,320,1,student-mat:dataset-version:1:source-row:320,4,validation,,42,G3_3class
student-mat:dataset-version:1:source-row:331,331,1,student-mat:dataset-version:1:source-row:331,4,validation,,42,G3_3class
student-mat:dataset-version:1:source-row:348,348,1,student-mat:dataset-version:1:source-row:348,4,validation,,42,G3_3class
student-mat:dataset-version:1:source-row:351,351,1,student-mat:dataset-version:1:source-row:351,4,validation,,42,G3_3class
student-mat:dataset-version:1:source-row:352,352,1,student-mat:dataset-version:1:source-row:352,4,validation,,42,G3_3class
student-mat:dataset-version:1:source-row:353,353,1,student-mat:dataset-version:1:source-row:353,4,validation,,42,G3_3class
student-mat:dataset-version:1:source-row:361,361,1,student-mat:dataset-version:1:source-row:361,4,validation,,42,G3_3class
student-mat:dataset-version:1:source-row:365,365,1,student-mat:dataset-version:1:source-row:365,4,validation,,42,G3_3class
student-mat:dataset-version:1:source-row:368,368,1,student-mat:dataset-version:1:source-row:368,4,validation,,42,G3_3class
student-mat:dataset-version:1:source-row:373,373,1,student-mat:dataset-version:1:source-row:373,4,validation,,42,G3_3class
student-mat:dataset-version:1:source-row:378,378,1,student-mat:dataset-version:1:source-row:378,4,validation,,42,G3_3class
student-mat:dataset-version:1:source-row:379,379,1,student-mat:dataset-version:1:source-row:379,4,validation,,42,G3_3class
student-mat:dataset-version:1:source-row:385,385,1,student-mat:dataset-version:1:source-row:385,4,validation,,42,G3_3class
student-mat:dataset-version:1:source-row:389,389,1,student-mat:dataset-version:1:source-row:389,4,validation,,42,G3_3class
student-mat:dataset-version:1:source-row:392,392,1,student-mat:dataset-version:1:source-row:392,4,validation,,42,G3_3class
