outer_fold,role,record_id,source_row
0,outer_train,25583514fb711cf5055024b7,0
0,outer_train,5fa3a0cd35ea322993c58a83,1
0,outer_train,c5a5b7ef344bf052778d3d2e,2
0,outer_train,ae8f4754dee747ea937d41d1,3
0,outer_train,d55d18a461a5386113aa8bb8,4
0,outer_train,3b8b9870fee8a236f8e6685e,5
0,outer_train,fa91eeea11dc0aafdf055634,6
0,outer_train,a333ce2c2dfe6669b3458088,7
0,outer_train,d9b5afee90179d49e3778cee,8
0,outer_train,3ecbf8145baf2f5a660a19e5,9
0,outer_train,6b2a271a79c7fff58cc11b06,10
0,outer_train,05501c8bf5f5ed2319e15e93,11
0,outer_train,2ff152d06f2d9a67fe825401,12
0,outer_train,29eebc2eacd5deaef966201b,14
0,outer_train,563eecdccee0b6c92e2a846d,15
0,outer_train,216943d74954bd92fc8b83d7,16
0,outer_train,db420b41fbb6ac053c3222f8,17
0,outer_train,94123f2c686648889620c97d,18
0,outer_train,32016a27353f006be2192486,19
0,outer_train,269ea7dc25d403fd1f8fb38f,20
0,outer_train,2414d70eb17ed66e9fe4e60f,21
0,outer_train,5b70ab52ef56f0c032f62e99,23
0,outer_train,7fd05acd7613d66b066e2caa,24
0,outer_train,ffa00790e9117278a84a416e,25
0,outer_train,c4d72af24e21d83adc33be65,27
0,outer_train,3d9eb715b79c8eaca0d52c0c,32
0,outer_train,1abffab2044423658aa06a0e,33
0,outer_train,6699149e445b607bb383e91d,34
0,outer_train,1da88f7897cd9f1f74717b00,36
0,outer_train,80527f6c0a4b1e2bf6752a65,37
0,outer_train,f2e1f518841284cbbda861d3,38
0,outer_train,cf8dd309614c3b1deea29858,39
0,outer_train,bdfd12a12472208c9d4127e2,40
0,outer_train,6dcc934e54a36b5d7813606e,41
0,outer_train,af0853ef179d98af73890a93,43
0,outer_train,15f2368b81a9000c4bbedb76,44
0,outer_train,bcf90118f122e9f4cbf6207e,45
0,outer_train,635265ef47d4f4a3da4280e6,46
0,outer_train,2de78aa3c49b60d54544ce1d,47
0,outer_train,49d72e0930f4daa36ba0639e,49
0,outer_train,56efab83aac76b5c3f0fdecb,51
0,outer_train,092591d40e4e78ba79471315,52
0,outer_train,e28633e343de1b13f04cb1e1,54
0,outer_train,fcf0f3bd2928f4688854d27a,55
0,outer_train,8660a1fcbd2a602eb81a3572,56
0,outer_train,9e7d20441ed9917942d4df2c,57
0,outer_train,8f17c79f9abd88301719154f,58
0,outer_train,7489093e620a985d9f852efa,60
0,outer_train,8afd4ccc0c47fe966271226b,61
0,outer_train,a53cecb65e885383285dbda1,62
0,outer_train,2d96e47ba548c2adcfa1bddd,63
0,outer_train,01ec263943a1c4b560e2b383,64
0,outer_train,0d7ce2fe5500c55c21c45ca3,65
0,outer_train,558c093b280dd42bb2181856,66
0,outer_train,dddf5f4ddbbccb7e98562be7,67
0,outer_train,04af01ee4a4d5e4efed3b2ad,68
0,outer_train,d4b9e932332395282e7c69fe,69
0,outer_train,c4b37c80f1ffb7f9b06a6ed9,70
0,outer_train,8f0520fc7d9c57876442877c,71
0,outer_train,2642b554eead1eba4c509443,72
0,outer_train,e008819367446b278f013644,73
0,outer_train,74050ad7f2c657b0585e0c77,74
0,outer_train,c1facf8767c67436e84302dc,75
0,outer_train,5a0a45c29bf310bddc767783,76
0,outer_train,45bb8eb487e566f6af50eea2,78
0,outer_train,66fff8a6e524289fc7a6b9e8,79
0,outer_train,11b0be6bb7392ce4d61e552f,80
0,outer_train,28b22bfef40c89341278a04b,81
0,outer_train,4d2998409eb5ddc1223fadec,82
0,outer_train,2d992a7e494947b9e82d7e97,83
0,outer_train,003b8213058d193e1d6b7664,84
0,outer_train,c45b0ea64124185f1964ae9b,85
0,outer_train,f526f632813313105234482b,87
0,outer_train,6348deda18f3afdc7108d8f9,89
0,outer_train,efdc8ea966199f967b1400db,90
0,outer_train,da7251e0398e628ed7d7bb52,91
0,outer_train,7e5815b2d93a97c803af1c65,92
0,outer_train,c9b61623ac869a6fbfee83e3,93
0,outer_train,6cc8a4e361dffde0556b7995,95
0,outer_train,0497e94a0b2c2e8df765446d,96
0,outer_train,27a02b49886b382398332f0e,97
0,outer_train,0f1e5ba7453e9d9e838f00ea,99
0,outer_train,6d41c904e62ba689c0abec9d,100
0,outer_train,33f01dd5e36a4e9a81c296c1,101
0,outer_train,a9a075394d661bbe9571e2f5,102
0,outer_train,2d37544e9a0f982a510b320d,103
0,outer_train,4061fde2d309f4334b2d4dd8,104
0,outer_train,4feb4f67b4e8c853cfcb4db4,105
0,outer_train,61496b6ed753ad62b05ea8c4,106
0,outer_train,ed0c9ea523bb118dc3ecd91e,107
0,outer_train,92e5ccccaa4d1ff928312ba3,109
0,outer_train,fb7b4d964e4f1d5cf6443522,110
0,outer_train,5d68d503a75c1754dd014a6f,111
0,outer_train,678ae2534de3a7c786e57d2e,112
0,outer_train,d18f60e5b16ccb79782a280c,113
0,outer_train,a638a0e9d803508f556ed985,114
0,outer_train,a9c0669a36dde3e30207991a,116
0,outer_train,96dd665c05e5f358278b175a,117
0,outer_train,fda59aae8e890a9462ceffe0,118
0,outer_train,adf1853a4797c52b3c54d55f,122
0,outer_train,93d7916e9dca83eab5cd9a6f,123
0,outer_train,e622a05349f2b3f5752984d0,124
0,outer_train,8765320141c10d57bb0305f8,126
0,outer_train,6ac8654fbe94646bee9caba0,127
0,outer_train,f06a0f60201cfcfd218b9f09,128
0,outer_train,a2ff9ec8827c9747bc6f9ccb,129
0,outer_train,3e1829da7847e399a47db658,130
0,outer_train,efdb761bf6d617ae462a15f6,131
0,outer_train,fbc93eca29bbe5e083e4301e,132
0,outer_train,95c95e3dfbd82c60a28857c4,133
0,outer_train,a59fedaa3efb7feab0b27d0f,134
0,outer_train,bd9bbe92ac3d92dfdd331f55,135
0,outer_train,78105273acc8ff4d7ba913ee,136
0,outer_train,8ce67e3d0f23d3ae7f120dcc,137
0,outer_train,13475ea9ccf4566532d77dd5,138
0,outer_train,6dcc671138728489032566b4,139
0,outer_train,81db6f6d96a3f8999e525b47,140
0,outer_train,2889d652d498d26e1a86d9f0,141
0,outer_train,ffbd1a52bf57de55cc36cd2f,142
0,outer_train,3e7ba7f23798671bec043dd7,143
0,outer_train,8cd5154e4ed15b13d6d315f0,144
0,outer_train,a095fa845972876092a7dad9,145
0,outer_train,b5a79af07479f450e284c418,147
0,outer_train,415a9701686a418987d0f294,149
0,outer_train,a18dffd2a2170cff7db10ca6,150
0,outer_train,7dbe2ee95d150b79f26144d9,151
0,outer_train,f8a772d6358d9f81b2867bd6,152
0,outer_train,1ef949854e135ebe33237822,153
0,outer_train,e05d1737e3b42c17f247b1cd,155
0,outer_train,a96a4cf90322c8586f30256b,157
0,outer_train,958335c01584198d9134b8fd,158
0,outer_train,1c6105f16e30325f5de79e03,159
0,outer_train,7d5ee9c642b431a556181314,160
0,outer_train,246cbfe5c7041011d9bcf1c4,161
0,outer_train,92438981111ac6aecf919159,162
0,outer_train,9d0fd8e3f78bbc348eea76ec,163
0,outer_train,599505e725e7223ca8fa9d0b,165
0,outer_train,6492475818137686c185477b,166
0,outer_train,0a7145c4effe18483ca4b4dc,167
0,outer_train,0e8587ab0498d6ba11ebdf22,169
0,outer_train,dcb41eec64dec2841a74f022,170
0,outer_train,e5bb59579831860366ff9f04,171
0,outer_train,e0a7aa100b9e2d1609cf8c3b,172
0,outer_train,4bed415cc2deb5af645a5d4a,173
0,outer_train,626bcc041dd3c26ee1ad1ddf,174
0,outer_train,a239058b42bbac707462d957,176
0,outer_train,976f6579d2de7a304d9a79d7,177
0,outer_train,f1b04492e72dd9d413793235,179
0,outer_train,e5a8a79bb0dcc42612afc323,180
0,outer_train,48d7fcb8f5e9fce382850feb,181
0,outer_train,62e54325ef1dd8f3b861d694,182
0,outer_train,55aac4818850bf13e5b17e77,183
0,outer_train,8640ea3a2e47bdda329f6905,184
0,outer_train,72443cc5fbf5bddd2328fb0a,185
0,outer_train,d71fd2cbdc3020af5c2436a1,186
0,outer_train,1f9d504973a34644d0a6547e,187
0,outer_train,4f393f3221ff2d49368d47dc,188
0,outer_train,8544356b01603746e8252860,189
0,outer_train,2a9a533dac762a94ddb79366,190
0,outer_train,0d6c818e88258f0c9d51211c,191
0,outer_train,6806d221bbc2161481fbb58e,192
0,outer_train,4639d9d755efad7b2f170020,193
0,outer_train,4f78ac42f788ed127dba0db1,194
0,outer_train,eef82e9e7950d5accc1ee017,196
0,outer_train,80ffcddeb52947ac076291ca,197
0,outer_train,28bab95ea42bf364f38eaca9,198
0,outer_train,d13a100ee1a27ca404621b12,200
0,outer_train,10b4058da59f4391abafb682,201
0,outer_train,b7bb5b26676989c2e81d3cb3,203
0,outer_train,8ba6b6052b9a494a51b1ec18,204
0,outer_train,e3c9a683a7fe23bc282815a5,205
0,outer_train,5fe72ea869ad396c5ecb0cb8,206
0,outer_train,0a2e7c512af00ab3439ad3de,207
0,outer_train,884ecf9bed46e1125a932991,208
0,outer_train,330e685f8ebcffcc408f6f0d,209
0,outer_train,fa9799c289b86b4ee018e38c,210
0,outer_train,5f8938de734ac2446c4efdc7,211
0,outer_train,462d168f5e795110238c5c7b,213
0,outer_train,2608472eff0a2f8ecf124fe0,214
0,outer_train,4a6cf3193ad7cd5ef45941fb,216
0,outer_train,7135be2d275b07c4fc28cedb,217
0,outer_train,4791df78dc39e4171eff0dd0,218
0,outer_train,756a81375bc14355879bcafc,219
0,outer_train,2b0445952ee5f497fddd54b9,220
0,outer_train,18de1573343fa75ca8fc108d,221
0,outer_train,7f029bc34a832b95bb174ce5,222
0,outer_train,cd3fac588c7f6d21c05759e4,223
0,outer_train,76949fe7277bf63e3f407190,224
0,outer_train,0fedd627771da20b68627543,226
0,outer_train,e9e17601a5433f547c45d479,227
0,outer_train,66c4f7bb33ab54562dc46cff,228
0,outer_train,34359755d94ab99f5b6da5fa,229
0,outer_train,6c481a6b1b316c770fd2723b,230
0,outer_train,f8b2986133ec4d6360d9936a,231
0,outer_train,65b6dea4581648cd644993f0,232
0,outer_train,6734971222e12d0d78d2b7fe,233
0,outer_train,1aa53a8381071ef768bbf30e,234
0,outer_train,829e363f591777aa9c471180,235
0,outer_train,ec4821a43fdc18c00ca657e9,237
0,outer_train,4659129cc274372dba26acca,238
0,outer_train,cbfcddc987d1bf6954572087,239
0,outer_train,6449cb261adf2f5940c29200,240
0,outer_train,e3890d61a8b560ae99d768b8,241
0,outer_train,df434aea1c153879cf929ef4,242
0,outer_train,3d485033f82717074455e11b,243
0,outer_train,2ec03fe5491eccfb6e9a93fc,244
0,outer_train,223edaaa9f4b18517a170ffb,245
0,outer_train,e0b3150586932c59cb627fc7,247
0,outer_train,dc937a340fad67b01973d85c,248
0,outer_train,2473c5daf1358664bf9b9d4a,249
0,outer_train,233ff79cce85099e9d28415a,250
0,outer_train,677d14642df8a20763e35f2a,253
0,outer_train,e83203311725723e9b3a66a0,254
0,outer_train,4ca69ccdb230964f671bbe5a,255
0,outer_train,aacf72f54cc03c50fb725df6,257
0,outer_train,ff2a98068f270f050fcc38a8,258
0,outer_train,fc1f9307f8d2c3155ef54dad,259
0,outer_train,58fb6019a99aae22832a4e5d,260
0,outer_train,9b3c4e2ebf551ce883a31c00,261
0,outer_train,9f9884dddb316b7f605ee591,262
0,outer_train,5e5ce5ca39f824f7bba7f6b7,263
0,outer_train,68f43284eacba58d59c6e6f9,264
0,outer_train,41f820264ac30a8923599757,266
0,outer_train,b1a51ad1f9c965c462f2c446,267
0,outer_train,0087fc3bdd5a7dc0d6fb4c6f,268
0,outer_train,81b59faa4044e8bf34347399,269
0,outer_train,7296b9aeb4b261c21ba89593,270
0,outer_train,c36e18d8fb8395059d084609,271
0,outer_train,4190e088e60e3f07a810c9a6,272
0,outer_train,c8c0e550481dc8d2b73bbd71,273
0,outer_train,c3ae6e48db20474475339664,276
0,outer_train,c4026e94e71b60cc55a352bf,277
0,outer_train,fafd62914ad92b2bf8442c5b,278
0,outer_train,768e4c2def8bf955791617d4,279
0,outer_train,11d9faeb7252494480a5f153,280
0,outer_train,98ab9747edc33134753eb494,282
0,outer_train,29e50f34f83401157eed7807,284
0,outer_train,4c343a572ed2f51f7811428f,286
0,outer_train,655d4c9d951775978cefbd77,287
0,outer_train,e4f575e656bbfa074a4588ca,288
0,outer_train,43c4d4f128a2603405a3188a,289
0,outer_train,bd520f07817d44c5a28f300a,290
0,outer_train,0de634022220cb2c675970b2,292
0,outer_train,53c403519c4812eb9a6cd233,294
0,outer_train,fec366ff0d8d37fe8cdb7e47,295
0,outer_train,ff28ec9a24504f0ad97a581c,296
0,outer_train,83ceea235b937819d0717c45,297
0,outer_train,822d410c02e6ab3a68029077,298
0,outer_train,465710d7e8dc6f51d7c5661c,301
0,outer_train,3bc51b719f8bcae48aeba917,302
0,outer_train,4d23f96d8c057df8bfd9393f,303
0,outer_train,9bca1bc4a9a477ccb8e0f161,305
0,outer_train,1be7b16830ab4b27c356338d,307
0,outer_train,d83c4cfe7f38205ec7e26e5e,309
0,outer_train,cd5761d06538071cfda95fe3,310
0,outer_train,93484519b378327171b5780d,311
0,outer_train,78100aa4aa1bc5eb41e23d8b,313
0,outer_train,7af5c9bf40faf79f734fa44c,316
0,outer_train,3e21961c9b6fd3d27f6613df,317
0,outer_train,e0655cc4aac307a3b43af8b1,318
0,outer_train,8fb6fcf6e5c5d752629f73e9,319
0,outer_train,7da771f1b39c36fc46c81da7,321
0,outer_train,d07d988551c9a4a5454abe96,322
0,outer_train,7e5d8816d1a160070960d6df,323
0,outer_train,df3b4d58e8b79fc6e1f07df7,324
0,outer_train,1fcdb7c4121588d7d0d96d96,325
0,outer_train,f2e1fe0e535053b94cd12181,326
0,outer_train,3c06d396af8b6de6bccf7366,327
0,outer_train,47b3089f85c7b9dbd8b5d8c7,328
0,outer_train,1bca155c795b4ef273f7ced0,329
0,outer_train,e76fa0c499949028c45580a4,330
0,outer_train,73284d3ff2b976c243e43dc1,331
0,outer_train,b3fca651aa94ae1909f55e45,333
0,outer_train,11650fc851d39932c6c4d0e0,334
0,outer_train,45a551faeb887c63825675b4,335
0,outer_train,3ec549f10531983a7c1d8029,336
0,outer_train,213e3c016e3a8c290afe2fba,337
0,outer_train,4098162760db0b2e90e0f5f3,338
0,outer_train,340b355b25d29597707e85ba,339
0,outer_train,e8040bfc993750fa1cb86bfb,340
0,outer_train,613d6fcf8f20b33209d19a52,341
0,outer_train,925fc8a92812808e66e1a2f3,342
0,outer_train,288d4b281d88d5bf2f4226dd,343
0,outer_train,df1a1059f46a82e464e5740c,344
0,outer_train,896b472ceae1dc4d38e9c3b4,345
0,outer_train,7dc9153f7cec229d1f848b77,347
0,outer_train,16f63760ba94c82d36740bd0,348
0,outer_train,2c49a6e0cab2ee9afbdabca1,350
0,outer_train,b2f40947acb6ab96726dbde8,351
0,outer_train,56833b5e59b83b4f32c3a457,353
0,outer_train,4ea238479c5121599cfb7a17,354
0,outer_train,aea8ed246c137c50193c4728,356
0,outer_train,e1993a18b1bc8427a9d878ff,358
0,outer_train,2a8ec18fa13d39b80de2fae8,360
0,outer_train,b241931201f7dfbc56d401a0,361
0,outer_train,cc08ac6e86641865b07f5f9a,362
0,outer_train,532fab26fddeff17a5161cc0,363
0,outer_train,66448406d99c879a6417701e,365
0,outer_train,68d425c5400aa01a4eabdf05,367
0,outer_train,461770005e87983b16daef05,368
0,outer_train,bee752cabe6b06b3a8bab5ed,369
0,outer_train,0cb4db62c2953433be9af410,370
0,outer_train,e3a865e0cc29682910e81dfe,371
0,outer_train,9d4e2745d5a47d4e2fc97cc4,372
0,outer_train,d0758e8790b2bb5cf372ca37,374
0,outer_train,d5edabddfb2459d50dd826e2,375
0,outer_train,18659792ff6927fe32b1cffd,377
0,outer_train,645c159483f29e854bec1abd,380
0,outer_train,01fde1a1601e88342c0c8083,381
0,outer_train,1ee96f86cb7d6973e51bf0ac,382
0,outer_train,0566fe92dc6c3a9306a62b2f,383
0,outer_train,e572d221855a5adaf07a70ce,384
0,outer_train,61f6ee5a8de39c5c5584a2c3,385
0,outer_train,1156aef2d317dabd786cf7e8,386
0,outer_train,3279926dbc88cd564b5a1bba,387
0,outer_train,2590ff55d6a0961a657f0c83,388
0,outer_train,3233dd1a1c21e9551506ee01,390
0,outer_train,a718a07684aa0085d6b136ae,391
0,outer_train,c71a933e16bebd21135c274d,392
0,outer_train,cfe4dc4f98be890737ebb5ca,393
0,outer_train,e65d3f73235aae734363513c,394
0,outer_train,6366da1352359a6d68e036d9,395
0,outer_train,a4c6b75fe91bc602a7b76994,396
0,outer_train,c1125d9bfbbbeefb69a0814b,398
0,outer_train,0ea4bd1d2095abcdb8bcaea5,399
0,outer_train,b4b37a9fc124a629a39c0478,400
0,outer_train,608883da308c872fd33ce9a4,402
0,outer_train,046e4680fe23c5d47566d34d,403
0,outer_train,7ec7018339f9b1d6dd828343,404
0,outer_train,11409c88b3cacaf1344261f0,407
0,outer_train,af08e12c0b5c87fa91c627ad,408
0,outer_train,deafcf55ed9d999df8c6b499,409
0,outer_train,6fb52a66f71d7db97fa50aa4,410
0,outer_train,5efe74a48355532333671941,411
0,outer_train,2ef45e0f2fc8a2edca32790f,412
0,outer_train,ac6ecd274fa88b6911316833,413
0,outer_train,49a584badd4dc52cd7dcbd1a,415
0,outer_train,385256bd6f4b10217d4189f0,417
0,outer_train,2cdce80357277f38fef96190,418
0,outer_train,a32b70ff0d4d9feb7a3c0aaa,419
0,outer_train,28aaf3fe70d8bf7c0266eaf3,420
0,outer_train,a6b969690cb0eeeffcb813c8,421
0,outer_train,14b8aafa59cabbcf73040a94,422
0,outer_train,14f2577587c07d89bbd94a66,423
0,outer_train,bc226ea29fe68874768bb37c,424
0,outer_train,193e9b30371efd6d82c3b818,428
0,outer_train,469a167b82ff2483ad6bb72c,429
0,outer_train,ba30ba58aa99357aa252cf63,430
0,outer_train,8b9d94c13ac09cd335989165,432
0,outer_train,b2cf0f865928e1ee2449484f,433
0,outer_train,48528f3c65ad7e4eec9cf3cd,434
0,outer_train,9e83d9dd550db5630aa64c86,435
0,outer_train,bb0bee4a1a7520010bf28e0f,438
0,outer_train,775c6818a7b1f4de7be83886,439
0,outer_train,4afe90a99f7d343179ae5391,440
0,outer_train,054f19e9e724d2eb304fe81c,441
0,outer_train,eab11e7cade51ab754c1fb18,442
0,outer_train,d3ad5cc180af15e3222cc26c,443
0,outer_train,8e2c9ecd6621dd22e70c6a4c,444
0,outer_train,62bb525f3e98436bad607bb3,445
0,outer_train,d719f632285cf52ae4f49bbc,447
0,outer_train,e53e697ae3e795444ac2093a,448
0,outer_train,9ea12cda7e1059ae65c96e91,450
0,outer_train,0b7067c2caae8cb4e6354621,451
0,outer_train,2c6dd6eb7a88f407f991db7f,452
0,outer_train,055be93f261849a697cc9af4,454
0,outer_train,f61584be66586b021ad86b31,457
0,outer_train,c81606cdacf5e566597adfae,458
0,outer_train,6009304cf78675b218a4a73b,461
0,outer_train,dbf6fbb6c31bd231377f09ce,462
0,outer_train,13db169b67242471d465b74b,463
0,outer_train,1d30714b81598c27b3f0fd15,464
0,outer_train,e755fa456bc0368bc15eb3b3,465
0,outer_train,51bc4bdcb4794b291ae601bf,466
0,outer_train,f74bfe7d693ccc2f63b31ba6,467
0,outer_train,4dff7054975637cb95304e96,468
0,outer_train,9481c4890ccce55ff562fd87,469
0,outer_train,c2630c4b38f954a9622974f8,470
0,outer_train,04fb70c43e5b502f1dbad4f2,472
0,outer_train,96553660be3cbcb4687951bf,473
0,outer_train,b020a8b90a42d0a9e773abf0,474
0,outer_train,12c78499670d6a1ba0c19952,475
0,outer_train,ab54a172be8f288f66d86f44,476
0,outer_train,238608de79f26ff75e2c440d,477
0,outer_train,0db55534d738265db43c7fa8,478
0,outer_train,483f8465e14ee237cc011b6c,479
0,outer_train,259177315e9226ffcbb2992f,481
0,outer_train,25ad30a3a04f603ece4c955e,482
0,outer_train,6b263add7492e69c05b1e9df,483
0,outer_train,0ca51912dba7998913b834e0,484
0,outer_train,36485a1ee7bd9b4ed1fffc25,485
0,outer_train,4134be6e2d4da722f0e9f1a3,486
0,outer_train,167cbac46a43ad1ef289f8b6,489
0,outer_train,d68cefefc09ce67ee4c9ced1,490
0,outer_train,5ec46abe2f638cf036be1b12,491
0,outer_train,55f95d0f696e47a5233e12f1,492
0,outer_train,005065870c9a314198939180,493
0,outer_train,55708b3672b33d5718a3484b,494
0,outer_train,fbf8dbbb76fadb4088f7d0e1,495
0,outer_train,4c40205da2a9c384041987c6,496
0,outer_train,70423bb435cfeb615c31346f,499
0,outer_train,c57aaa71095dec5ab7685881,500
0,outer_train,4e0f1f134933e389d50b18c8,501
0,outer_train,83eb4b8bcfb9bd233a240b4a,502
0,outer_train,cb815399e841f13c245f6079,503
0,outer_train,6b88f298f76a06702802404a,504
0,outer_train,7a0c183da7f1e9de6e5a0958,506
0,outer_train,94f4347d9e6c9499d5832948,507
0,outer_train,f960672865a8f2166ce095a7,508
0,outer_train,74749913c48b087815942c21,509
0,outer_train,9a6d5cc9e901b49b670bdd72,510
0,outer_train,b1b1292a176240372686060d,511
0,outer_train,0a8ab13d0848d0ba587ddbf4,513
0,outer_train,7d1a3b5ae040c97e1e8a5372,514
0,outer_train,580305f2136161ec3a855a24,515
0,outer_train,84aff28507056c6ee5107c02,519
0,outer_train,27869658e5477e81623057a9,520
0,outer_train,9aa8dcd0f0fe59b0a89deef5,521
0,outer_train,748bf29eefdf60e87ca29fb8,522
0,outer_train,66c726a45d561a1951ee1086,523
0,outer_train,9c0e1456884a8daa9c383fa2,524
0,outer_train,86ab9b8914e97d4b68b28073,525
0,outer_train,41cc5739d3b3a59eed53af14,526
0,outer_train,9a2a17d4a05e2bc93c9f47e9,528
0,outer_train,6a4a748f010fc62dbd4b7fe6,529
0,outer_train,4435ed5b95b8083b31284048,531
0,outer_train,567b51058d7a63d4fd8fcb2b,532
0,outer_train,32f32ffec671d96dbd267fab,533
0,outer_train,0fad74a0fd6408dbdd3a15ac,534
0,outer_train,65fc559f2b5bc22375f827eb,535
0,outer_train,c3a866a734a994edcb312d3e,536
0,outer_train,6a58d12aa277e7a555662a64,539
0,outer_train,b3595bfef31740390a05743b,540
0,outer_train,74761b127d813b5ceda81933,541
0,outer_train,f03156c06892533477ff6a8f,542
0,outer_train,9fbf1aa50939ed0117564771,543
0,outer_train,c6e39aaf4d924d7414589996,544
0,outer_train,6dd2b5e368aac48f0c191b6d,545
0,outer_train,3180996d053a0686846a82b5,547
0,outer_train,32e0383deb93cdf9b9639514,548
0,outer_train,306ed7d31c2554e01005e465,550
0,outer_train,d4d4e639d186d1acfe2feb36,551
0,outer_train,6128c3bc85e185a537492d38,552
0,outer_train,2e8c20a682c6fe6b76faedb6,553
0,outer_train,1668c7bdddc031d5bdf0ebc8,554
0,outer_train,bff18148d733caf4bbd52154,557
0,outer_train,42215e3fb015bace8c26385c,558
0,outer_train,704263dbec8b95085ea8fb7f,559
0,outer_train,09ee2b7ecc004cca1ef0398f,560
0,outer_train,fbd8fafef953bd4b58448c16,561
0,outer_train,3c056581e7d0f513562c5dc5,562
0,outer_train,61a891d26988f674d251ee95,563
0,outer_train,2cdfc71829a74c5c83f6d78a,564
0,outer_train,4869ff1b49bb6f2901efb582,565
0,outer_train,795e3a1aa4869c40c88b6a5c,567
0,outer_train,d5344afae44cee8c072d176f,568
0,outer_train,583dbd920a042c0d3522732a,569
0,outer_train,a020c6ef6903f6a6fd8e3692,571
0,outer_train,a3cef6382aa230e3653a7828,573
0,outer_train,931a3ecb8406033c749c4d7b,574
0,outer_train,7531966797bd2b737a3171f0,575
0,outer_train,b95de708b224e6ac86f8b566,577
0,outer_train,3818eb9c6e28892ce9fe6f0f,578
0,outer_train,4ec73e8488f9b8b5c54f35da,579
0,outer_train,8afae10ba35b9de8e46a3584,580
0,outer_train,e0bb73d2b74da26414317f04,582
0,outer_train,12ee0e469d32d116158cc0a8,583
0,outer_train,ab7f07707056747006c30e3b,584
0,outer_train,b88c431efd194d288b2ce6d5,586
0,outer_train,e736e4684fbfb0a8216d872f,587
0,outer_train,4a2381da9e26e648324b4f0f,588
0,outer_train,153d5f89a417be303634fc62,591
0,outer_train,82eb0d3498ec167f1817f327,592
0,outer_train,02126ab9aaba51b86aff91c6,595
0,outer_train,a6fb2cd72a1ff0502c96250d,597
0,outer_train,5edc2596afa94b26a5c73e0f,598
0,outer_train,e007874301463e5def95599a,599
0,outer_train,0e2ad4467cdf4c49ebbd4401,600
0,outer_train,5815caeb3b99b5e30a6dfc5d,601
0,outer_train,3b637534ec553f8dd0c862b9,603
0,outer_train,f452e5441ede9e55be129a96,605
0,outer_train,f743560800c4b57ffba48c2f,606
0,outer_train,7d39ade826bab1a684e7e85a,607
0,outer_train,5dc087cc0e9fd26cf7d1e68b,608
0,outer_train,5cc31c333f9568b880f0eeba,609
0,outer_train,1b10c85d24b98f4711a46202,610
0,outer_train,352c8eefb106edae37bab066,611
0,outer_train,982bf2c30bf7b72e1f4a048e,612
0,outer_train,c9a1578e765bd8a2e7947f04,613
0,outer_train,5b4cf6d819995c114800466f,614
0,outer_train,195c283f58feff13d6f1a894,615
0,outer_train,ea5234a2daad0d379ce2a46b,616
0,outer_train,c5ebabdbc6a16d65a25fd863,617
0,outer_train,0514876d806373990d742d44,618
0,outer_train,fda31c7fca0a734fff0025d3,619
0,outer_train,f8974fe9f75b76ff0546c90f,620
0,outer_train,969444fd1bedd84c5e27eabc,622
0,outer_train,fb18b3b813b44ad7ec777c61,623
0,outer_train,8fbe9ed66bf5153233979e58,624
0,outer_train,c2ec1ddc9f643d3661ee6454,625
0,outer_train,a85b13da27b5f799210fe5d8,626
0,outer_train,8888ccbdac9d4c50d5dad2a6,628
0,outer_train,9f3b2cd7bb1e90563b29426b,629
0,outer_train,fe924f873ac0834124e93536,630
0,outer_train,29f9aade8ee1503a1db59765,632
0,outer_train,014862a8df939c8a9544f17e,634
0,outer_train,f26aa86e9ef6c4d16045cb54,635
0,outer_train,dbd4b3360f5f153fcc6d9e8c,636
0,outer_train,7421d9f4a8369528722e8c72,637
0,outer_train,dcf07a69863c2bc7d55c82ba,638
0,outer_train,a39700ded468076008d84ed5,639
0,outer_train,23a8261970c78ffd960b6b9f,641
0,outer_train,92f9f0afe84ceca07b1fe28d,642
0,outer_train,723beaf65f235553891e351b,643
0,outer_train,6fafafdc2945300748ff7a7a,644
0,outer_train,455515cc40392d2e71073c2d,645
0,outer_train,6616394cee532d0a91e893b9,646
0,outer_train,06a138b293efcb0adb9a43c8,647
0,outer_train,dbb49210dbde1670d516b99b,648
0,outer_validation,e4fa008ec6e0359a99ddc9e0,13
0,outer_validation,51347524486732c735767628,22
0,outer_validation,42079209bbf738d55278bc6b,26
0,outer_validation,3fefe2982e01f3ef188b2008,28
0,outer_validation,0c5a9b8ef7e95658cb75f712,29
0,outer_validation,3d1557740744930b56026202,30
0,outer_validation,fc567b31839fb5428ff559f3,31
0,outer_validation,ff58b499aaa43f1d0e3bb5a7,35
0,outer_validation,68fea513d4ecc8b97d0767a3,42
0,outer_validation,c335d606432d24bf92be4014,48
0,outer_validation,1c223450c00e1b9070781c64,50
0,outer_validation,1ee1757d3e620ed47197c5db,53
0,outer_validation,5a99adeafae5b9eddd0cc3b9,59
0,outer_validation,365ccdcd104487ffede81490,77
0,outer_validation,cf242c66081051791a71b6b6,86
0,outer_validation,d0ef336fafc7d648af694564,88
0,outer_validation,472ff1eded83adc5c4db1893,94
0,outer_validation,927607fa6e69011ab66f1c32,98
0,outer_validation,62f415f38020908328b1a496,108
0,outer_validation,db3e7e5c8a01509a66d2d9ae,115
0,outer_validation,d713ac51d45684554604df53,119
0,outer_validation,2e2531dd8682f39a16d40364,120
0,outer_validation,11bfed9d886542adfdb2d306,121
0,outer_validation,436ebaab915d3d89f3bea6e1,125
0,outer_validation,d5af7d2f1e0cd4dd5e93d28f,146
0,outer_validation,8f1fea40bc552b55912962e1,148
0,outer_validation,d7fd6388afd4122c2d4f7e76,154
0,outer_validation,2e664d9b0038aa18e2bbca45,156
0,outer_validation,04d7fed738d8406607ebaa82,164
0,outer_validation,ed5a73f0e396e0690f6114c0,168
0,outer_validation,2b46a2fce021467fa635a617,175
0,outer_validation,6a38820210cf36b7b4141d33,178
0,outer_validation,3e75f2b673d22067f7b23d15,195
0,outer_validation,b1cb45f02d40226a0e0b46e3,199
0,outer_validation,860d64693ed6fdae501c03d9,202
0,outer_validation,7fed798d713b0dec79732e22,212
0,outer_validation,d3a2b127a9730c767efcea06,215
0,outer_validation,0917203aee750f4623043a23,225
0,outer_validation,e2de995c1b1b3c11d42d9352,236
0,outer_validation,7bead04b5f80235ce976fa20,246
0,outer_validation,131b769b665e123ef4238186,251
0,outer_validation,24ac726ee2c0820e220b1156,252
0,outer_validation,1e93ac6ffe340447ecf9ec70,256
0,outer_validation,253ae6b6a64b0fba08ac7cfb,265
0,outer_validation,1f95467f20007cc445340364,274
0,outer_validation,4c876b1f28f6bd60b55349c5,275
0,outer_validation,51490a4a85a64070b50ff906,281
0,outer_validation,51bba03c5f3bb8f740aa1822,283
0,outer_validation,7df57cbdd360baf014389a04,285
0,outer_validation,0c96e427a7af81500c209dd5,291
0,outer_validation,14505c0b686613a33c8904a0,293
0,outer_validation,4ef6e91f84fe2d7322b1a63b,299
0,outer_validation,165efcfe518fb394fc8f1487,300
0,outer_validation,57d6cfa8c2a29205a0af2492,304
0,outer_validation,6ab9231fa201f8a1f3db2461,306
0,outer_validation,c7b94d60de1cb433424c1774,308
0,outer_validation,0d94c053f06e7c6715ba16cb,312
0,outer_validation,8fb3d365a25a9932ebf3b225,314
0,outer_validation,598afd2c6f273b9e6d9fb933,315
0,outer_validation,0f52bbadc4de1aae074e2a9d,320
0,outer_validation,90951088189ce4076d6ad0fb,332
0,outer_validation,f9147e9955a33e2239da323f,346
0,outer_validation,fa15e1a8dc0f6bd125da6ebd,349
0,outer_validation,27096605d44764032703b8e3,352
0,outer_validation,aabf59a4cf7d2e2586fe88ca,355
0,outer_validation,fd18f2882a157f382228493e,357
0,outer_validation,392c09e5988fdb0d2eabd825,359
0,outer_validation,c6eceb5ca0994be407a44683,364
0,outer_validation,165dd47b2688a8afb3e9e50e,366
0,outer_validation,398df0fe7a4d1e656b7a4e67,373
0,outer_validation,406ff8b341d21a4e4cff040e,376
0,outer_validation,1aafe31220d145b219f6e03e,378
0,outer_validation,0195e659df141129727a4c12,379
0,outer_validation,f5756dca7be8deca72ba5b99,389
0,outer_validation,51924a00e6cde6248459bfed,397
0,outer_validation,4d6a2fd9174f4583a0bede46,401
0,outer_validation,edd4f8f3b38736eee47c5a09,405
0,outer_validation,9b48512f6421847787781c3e,406
0,outer_validation,2830666b12bc6c28a57ef666,414
0,outer_validation,56cb1ff8d66e44bc5a968a24,416
0,outer_validation,25660d745934d26d76e2a857,425
0,outer_validation,43bcb2e5d4c16c6ef720a31c,426
0,outer_validation,dcd2ea737e7c1182c54b9202,427
0,outer_validation,ee2a92686e5a1fa382ae804d,431
0,outer_validation,f88b023107771a80ad05a856,436
0,outer_validation,a0aec45e0096ca312adcd0a6,437
0,outer_validation,a79a9f35732ff772a6ef319a,446
0,outer_validation,a9732bdacde9fa3417896f77,449
0,outer_validation,0d862771f7c9e6e7bf1eb04a,453
0,outer_validation,75662807e97977cfb409e07c,455
0,outer_validation,1559ee66c0dfce04efb9b324,456
0,outer_validation,7d36d0a4cc6293cf87ffeef7,459
0,outer_validation,ea4c847140ec440311d479a6,460
0,outer_validation,b64ca38e62c45275d451abba,471
0,outer_validation,48bdbd990e010c135665e919,480
0,outer_validation,c03dce093611726070d3b841,487
0,outer_validation,c38a95120b6ebf44187bd1cc,488
0,outer_validation,1d58a8bd32e3548d3340bd10,497
0,outer_validation,dfdb13da2101a16bdac72ac7,498
0,outer_validation,1fda1ac60360cc3bdc2d7066,505
0,outer_validation,114666aa0964a4065def4629,512
0,outer_validation,863e948ddbdbf9dc78908779,516
0,outer_validation,fac524d54d79f0047672a3cf,517
0,outer_validation,82736bf5f8d75b650b0af21b,518
0,outer_validation,3b9c2908d9fea00a59e30894,527
0,outer_validation,94c0ba655ebbecf7653a3796,530
0,outer_validation,d59b7fa37d988a3688f04de9,537
0,outer_validation,725ae2c951b34bfdf61845bd,538
0,outer_validation,37c501905be4ac4931ef97ab,546
0,outer_validation,591e0b2925208e0daa1cce7a,549
0,outer_validation,33eaa18ae9d39aeaf2699758,555
0,outer_validation,518fdbfc7d439e7be6ab3915,556
0,outer_validation,b80fa010c53423f2b790a479,566
0,outer_validation,8d85ceedf27d6a01ea446532,570
0,outer_validation,263f6e9312b92bbdfadaebbb,572
0,outer_validation,1b0b0bfcf02caae798b7cfe8,576
0,outer_validation,5db99cdf5d456681f4a0b779,581
0,outer_validation,d397fd3854799fb274376a14,585
0,outer_validation,3d6c73174cef8dcd45f8e8da,589
0,outer_validation,4a7205458d4e508a7940b862,590
0,outer_validation,133a35dca44f6ab752af9ac7,593
0,outer_validation,ae013efc6ef36d26ff28cd8f,594
0,outer_validation,8d98d3fa164067d676255358,596
0,outer_validation,c2712b0bb6326e934dd667f3,602
0,outer_validation,9bdb2433967bbfa6a4924a88,604
0,outer_validation,885bbd00d2fd614511389c22,621
0,outer_validation,a032222f8f99861aef60e8e1,627
0,outer_validation,947cd070b5d2288cd8e7c3fb,631
0,outer_validation,268c4cd93dcc6bf26f549001,633
0,outer_validation,99c47b6c06cb15cdedaea3bb,640
1,outer_train,5fa3a0cd35ea322993c58a83,1
1,outer_train,c5a5b7ef344bf052778d3d2e,2
1,outer_train,ae8f4754dee747ea937d41d1,3
1,outer_train,3b8b9870fee8a236f8e6685e,5
1,outer_train,fa91eeea11dc0aafdf055634,6
1,outer_train,a333ce2c2dfe6669b3458088,7
1,outer_train,d9b5afee90179d49e3778cee,8
1,outer_train,6b2a271a79c7fff58cc11b06,10
1,outer_train,05501c8bf5f5ed2319e15e93,11
1,outer_train,2ff152d06f2d9a67fe825401,12
1,outer_train,e4fa008ec6e0359a99ddc9e0,13
1,outer_train,29eebc2eacd5deaef966201b,14
1,outer_train,563eecdccee0b6c92e2a846d,15
1,outer_train,216943d74954bd92fc8b83d7,16
1,outer_train,94123f2c686648889620c97d,18
1,outer_train,32016a27353f006be2192486,19
1,outer_train,269ea7dc25d403fd1f8fb38f,20
1,outer_train,2414d70eb17ed66e9fe4e60f,21
1,outer_train,51347524486732c735767628,22
1,outer_train,ffa00790e9117278a84a416e,25
1,outer_train,42079209bbf738d55278bc6b,26
1,outer_train,3fefe2982e01f3ef188b2008,28
1,outer_train,0c5a9b8ef7e95658cb75f712,29
1,outer_train,3d1557740744930b56026202,30
1,outer_train,fc567b31839fb5428ff559f3,31
1,outer_train,3d9eb715b79c8eaca0d52c0c,32
1,outer_train,ff58b499aaa43f1d0e3bb5a7,35
1,outer_train,1da88f7897cd9f1f74717b00,36
1,outer_train,80527f6c0a4b1e2bf6752a65,37
1,outer_train,cf8dd309614c3b1deea29858,39
1,outer_train,bdfd12a12472208c9d4127e2,40
1,outer_train,6dcc934e54a36b5d7813606e,41
1,outer_train,68fea513d4ecc8b97d0767a3,42
1,outer_train,af0853ef179d98af73890a93,43
1,outer_train,635265ef47d4f4a3da4280e6,46
1,outer_train,c335d606432d24bf92be4014,48
1,outer_train,49d72e0930f4daa36ba0639e,49
1,outer_train,1c223450c00e1b9070781c64,50
1,outer_train,56efab83aac76b5c3f0fdecb,51
1,outer_train,1ee1757d3e620ed47197c5db,53
1,outer_train,fcf0f3bd2928f4688854d27a,55
1,outer_train,8660a1fcbd2a602eb81a3572,56
1,outer_train,9e7d20441ed9917942d4df2c,57
1,outer_train,8f17c79f9abd88301719154f,58
1,outer_train,5a99adeafae5b9eddd0cc3b9,59
1,outer_train,7489093e620a985d9f852efa,60
1,outer_train,8afd4ccc0c47fe966271226b,61
1,outer_train,a53cecb65e885383285dbda1,62
1,outer_train,2d96e47ba548c2adcfa1bddd,63
1,outer_train,01ec263943a1c4b560e2b383,64
1,outer_train,0d7ce2fe5500c55c21c45ca3,65
1,outer_train,558c093b280dd42bb2181856,66
1,outer_train,dddf5f4ddbbccb7e98562be7,67
1,outer_train,04af01ee4a4d5e4efed3b2ad,68
1,outer_train,d4b9e932332395282e7c69fe,69
1,outer_train,c4b37c80f1ffb7f9b06a6ed9,70
1,outer_train,8f0520fc7d9c57876442877c,71
1,outer_train,2642b554eead1eba4c509443,72
1,outer_train,e008819367446b278f013644,73
1,outer_train,5a0a45c29bf310bddc767783,76
1,outer_train,365ccdcd104487ffede81490,77
1,outer_train,45bb8eb487e566f6af50eea2,78
1,outer_train,28b22bfef40c89341278a04b,81
1,outer_train,4d2998409eb5ddc1223fadec,82
1,outer_train,2d992a7e494947b9e82d7e97,83
1,outer_train,cf242c66081051791a71b6b6,86
1,outer_train,d0ef336fafc7d648af694564,88
1,outer_train,6348deda18f3afdc7108d8f9,89
1,outer_train,efdc8ea966199f967b1400db,90
1,outer_train,7e5815b2d93a97c803af1c65,92
1,outer_train,c9b61623ac869a6fbfee83e3,93
1,outer_train,472ff1eded83adc5c4db1893,94
1,outer_train,6cc8a4e361dffde0556b7995,95
1,outer_train,27a02b49886b382398332f0e,97
1,outer_train,927607fa6e69011ab66f1c32,98
1,outer_train,0f1e5ba7453e9d9e838f00ea,99
1,outer_train,33f01dd5e36a4e9a81c296c1,101
1,outer_train,a9a075394d661bbe9571e2f5,102
1,outer_train,2d37544e9a0f982a510b320d,103
1,outer_train,4061fde2d309f4334b2d4dd8,104
1,outer_train,4feb4f67b4e8c853cfcb4db4,105
1,outer_train,61496b6ed753ad62b05ea8c4,106
1,outer_train,ed0c9ea523bb118dc3ecd91e,107
1,outer_train,62f415f38020908328b1a496,108
1,outer_train,92e5ccccaa4d1ff928312ba3,109
1,outer_train,fb7b4d964e4f1d5cf6443522,110
1,outer_train,5d68d503a75c1754dd014a6f,111
1,outer_train,678ae2534de3a7c786e57d2e,112
1,outer_train,d18f60e5b16ccb79782a280c,113
1,outer_train,db3e7e5c8a01509a66d2d9ae,115
1,outer_train,a9c0669a36dde3e30207991a,116
1,outer_train,fda59aae8e890a9462ceffe0,118
1,outer_train,d713ac51d45684554604df53,119
1,outer_train,2e2531dd8682f39a16d40364,120
1,outer_train,11bfed9d886542adfdb2d306,121
1,outer_train,adf1853a4797c52b3c54d55f,122
1,outer_train,93d7916e9dca83eab5cd9a6f,123
1,outer_train,e622a05349f2b3f5752984d0,124
1,outer_train,436ebaab915d3d89f3bea6e1,125
1,outer_train,6ac8654fbe94646bee9caba0,127
1,outer_train,a2ff9ec8827c9747bc6f9ccb,129
1,outer_train,efdb761bf6d617ae462a15f6,131
1,outer_train,fbc93eca29bbe5e083e4301e,132
1,outer_train,95c95e3dfbd82c60a28857c4,133
1,outer_train,bd9bbe92ac3d92dfdd331f55,135
1,outer_train,8ce67e3d0f23d3ae7f120dcc,137
1,outer_train,13475ea9ccf4566532d77dd5,138
1,outer_train,6dcc671138728489032566b4,139
1,outer_train,81db6f6d96a3f8999e525b47,140
1,outer_train,ffbd1a52bf57de55cc36cd2f,142
1,outer_train,3e7ba7f23798671bec043dd7,143
1,outer_train,8cd5154e4ed15b13d6d315f0,144
1,outer_train,a095fa845972876092a7dad9,145
1,outer_train,d5af7d2f1e0cd4dd5e93d28f,146
1,outer_train,8f1fea40bc552b55912962e1,148
1,outer_train,415a9701686a418987d0f294,149
1,outer_train,a18dffd2a2170cff7db10ca6,150
1,outer_train,f8a772d6358d9f81b2867bd6,152
1,outer_train,1ef949854e135ebe33237822,153
1,outer_train,d7fd6388afd4122c2d4f7e76,154
1,outer_train,e05d1737e3b42c17f247b1cd,155
1,outer_train,2e664d9b0038aa18e2bbca45,156
1,outer_train,958335c01584198d9134b8fd,158
1,outer_train,7d5ee9c642b431a556181314,160
1,outer_train,246cbfe5c7041011d9bcf1c4,161
1,outer_train,92438981111ac6aecf919159,162
1,outer_train,9d0fd8e3f78bbc348eea76ec,163
1,outer_train,04d7fed738d8406607ebaa82,164
1,outer_train,599505e725e7223ca8fa9d0b,165
1,outer_train,6492475818137686c185477b,166
1,outer_train,ed5a73f0e396e0690f6114c0,168
1,outer_train,0e8587ab0498d6ba11ebdf22,169
1,outer_train,dcb41eec64dec2841a74f022,170
1,outer_train,e0a7aa100b9e2d1609cf8c3b,172
1,outer_train,4bed415cc2deb5af645a5d4a,173
1,outer_train,2b46a2fce021467fa635a617,175
1,outer_train,a239058b42bbac707462d957,176
1,outer_train,6a38820210cf36b7b4141d33,178
1,outer_train,f1b04492e72dd9d413793235,179
1,outer_train,e5a8a79bb0dcc42612afc323,180
1,outer_train,48d7fcb8f5e9fce382850feb,181
1,outer_train,62e54325ef1dd8f3b861d694,182
1,outer_train,55aac4818850bf13e5b17e77,183
1,outer_train,72443cc5fbf5bddd2328fb0a,185
1,outer_train,d71fd2cbdc3020af5c2436a1,186
1,outer_train,1f9d504973a34644d0a6547e,187
1,outer_train,4f393f3221ff2d49368d47dc,188
1,outer_train,2a9a533dac762a94ddb79366,190
1,outer_train,0d6c818e88258f0c9d51211c,191
1,outer_train,6806d221bbc2161481fbb58e,192
1,outer_train,4f78ac42f788ed127dba0db1,194
1,outer_train,3e75f2b673d22067f7b23d15,195
1,outer_train,eef82e9e7950d5accc1ee017,196
1,outer_train,80ffcddeb52947ac076291ca,197
1,outer_train,28bab95ea42bf364f38eaca9,198
1,outer_train,b1cb45f02d40226a0e0b46e3,199
1,outer_train,860d64693ed6fdae501c03d9,202
1,outer_train,8ba6b6052b9a494a51b1ec18,204
1,outer_train,e3c9a683a7fe23bc282815a5,205
1,outer_train,5fe72ea869ad396c5ecb0cb8,206
1,outer_train,0a2e7c512af00ab3439ad3de,207
1,outer_train,884ecf9bed46e1125a932991,208
1,outer_train,330e685f8ebcffcc408f6f0d,209
1,outer_train,fa9799c289b86b4ee018e38c,210
1,outer_train,7fed798d713b0dec79732e22,212
1,outer_train,2608472eff0a2f8ecf124fe0,214
1,outer_train,d3a2b127a9730c767efcea06,215
1,outer_train,4a6cf3193ad7cd5ef45941fb,216
1,outer_train,4791df78dc39e4171eff0dd0,218
1,outer_train,756a81375bc14355879bcafc,219
1,outer_train,cd3fac588c7f6d21c05759e4,223
1,outer_train,76949fe7277bf63e3f407190,224
1,outer_train,0917203aee750f4623043a23,225
1,outer_train,0fedd627771da20b68627543,226
1,outer_train,e9e17601a5433f547c45d479,227
1,outer_train,66c4f7bb33ab54562dc46cff,228
1,outer_train,34359755d94ab99f5b6da5fa,229
1,outer_train,6c481a6b1b316c770fd2723b,230
1,outer_train,f8b2986133ec4d6360d9936a,231
1,outer_train,65b6dea4581648cd644993f0,232
1,outer_train,6734971222e12d0d78d2b7fe,233
1,outer_train,1aa53a8381071ef768bbf30e,234
1,outer_train,e2de995c1b1b3c11d42d9352,236
1,outer_train,4659129cc274372dba26acca,238
1,outer_train,cbfcddc987d1bf6954572087,239
1,outer_train,6449cb261adf2f5940c29200,240
1,outer_train,e3890d61a8b560ae99d768b8,241
1,outer_train,df434aea1c153879cf929ef4,242
1,outer_train,3d485033f82717074455e11b,243
1,outer_train,2ec03fe5491eccfb6e9a93fc,244
1,outer_train,223edaaa9f4b18517a170ffb,245
1,outer_train,7bead04b5f80235ce976fa20,246
1,outer_train,e0b3150586932c59cb627fc7,247
1,outer_train,dc937a340fad67b01973d85c,248
1,outer_train,2473c5daf1358664bf9b9d4a,249
1,outer_train,233ff79cce85099e9d28415a,250
1,outer_train,131b769b665e123ef4238186,251
1,outer_train,24ac726ee2c0820e220b1156,252
1,outer_train,677d14642df8a20763e35f2a,253
1,outer_train,e83203311725723e9b3a66a0,254
1,outer_train,1e93ac6ffe340447ecf9ec70,256
1,outer_train,aacf72f54cc03c50fb725df6,257
1,outer_train,ff2a98068f270f050fcc38a8,258
1,outer_train,fc1f9307f8d2c3155ef54dad,259
1,outer_train,58fb6019a99aae22832a4e5d,260
1,outer_train,9b3c4e2ebf551ce883a31c00,261
1,outer_train,9f9884dddb316b7f605ee591,262
1,outer_train,5e5ce5ca39f824f7bba7f6b7,263
1,outer_train,253ae6b6a64b0fba08ac7cfb,265
1,outer_train,41f820264ac30a8923599757,266
1,outer_train,b1a51ad1f9c965c462f2c446,267
1,outer_train,0087fc3bdd5a7dc0d6fb4c6f,268
1,outer_train,81b59faa4044e8bf34347399,269
1,outer_train,7296b9aeb4b261c21ba89593,270
1,outer_train,c8c0e550481dc8d2b73bbd71,273
1,outer_train,1f95467f20007cc445340364,274
1,outer_train,4c876b1f28f6bd60b55349c5,275
1,outer_train,c3ae6e48db20474475339664,276
1,outer_train,768e4c2def8bf955791617d4,279
1,outer_train,11d9faeb7252494480a5f153,280
1,outer_train,51490a4a85a64070b50ff906,281
1,outer_train,98ab9747edc33134753eb494,282
1,outer_train,51bba03c5f3bb8f740aa1822,283
1,outer_train,29e50f34f83401157eed7807,284
1,outer_train,7df57cbdd360baf014389a04,285
1,outer_train,4c343a572ed2f51f7811428f,286
1,outer_train,655d4c9d951775978cefbd77,287
1,outer_train,e4f575e656bbfa074a4588ca,288
1,outer_train,bd520f07817d44c5a28f300a,290
1,outer_train,0c96e427a7af81500c209dd5,291
1,outer_train,0de634022220cb2c675970b2,292
1,outer_train,14505c0b686613a33c8904a0,293
1,outer_train,53c403519c4812eb9a6cd233,294
1,outer_train,fec366ff0d8d37fe8cdb7e47,295
1,outer_train,ff28ec9a24504f0ad97a581c,296
1,outer_train,83ceea235b937819d0717c45,297
1,outer_train,822d410c02e6ab3a68029077,298
1,outer_train,4ef6e91f84fe2d7322b1a63b,299
1,outer_train,165efcfe518fb394fc8f1487,300
1,outer_train,465710d7e8dc6f51d7c5661c,301
1,outer_train,3bc51b719f8bcae48aeba917,302
1,outer_train,4d23f96d8c057df8bfd9393f,303
1,outer_train,57d6cfa8c2a29205a0af2492,304
1,outer_train,9bca1bc4a9a477ccb8e0f161,305
1,outer_train,6ab9231fa201f8a1f3db2461,306
1,outer_train,1be7b16830ab4b27c356338d,307
1,outer_train,c7b94d60de1cb433424c1774,308
1,outer_train,d83c4cfe7f38205ec7e26e5e,309
1,outer_train,cd5761d06538071cfda95fe3,310
1,outer_train,93484519b378327171b5780d,311
1,outer_train,0d94c053f06e7c6715ba16cb,312
1,outer_train,78100aa4aa1bc5eb41e23d8b,313
1,outer_train,8fb3d365a25a9932ebf3b225,314
1,outer_train,598afd2c6f273b9e6d9fb933,315
1,outer_train,7af5c9bf40faf79f734fa44c,316
1,outer_train,3e21961c9b6fd3d27f6613df,317
1,outer_train,0f52bbadc4de1aae074e2a9d,320
1,outer_train,d07d988551c9a4a5454abe96,322
1,outer_train,7e5d8816d1a160070960d6df,323
1,outer_train,1fcdb7c4121588d7d0d96d96,325
1,outer_train,f2e1fe0e535053b94cd12181,326
1,outer_train,47b3089f85c7b9dbd8b5d8c7,328
1,outer_train,1bca155c795b4ef273f7ced0,329
1,outer_train,e76fa0c499949028c45580a4,330
1,outer_train,90951088189ce4076d6ad0fb,332
1,outer_train,b3fca651aa94ae1909f55e45,333
1,outer_train,45a551faeb887c63825675b4,335
1,outer_train,3ec549f10531983a7c1d8029,336
1,outer_train,4098162760db0b2e90e0f5f3,338
1,outer_train,340b355b25d29597707e85ba,339
1,outer_train,e8040bfc993750fa1cb86bfb,340
1,outer_train,613d6fcf8f20b33209d19a52,341
1,outer_train,925fc8a92812808e66e1a2f3,342
1,outer_train,df1a1059f46a82e464e5740c,344
1,outer_train,896b472ceae1dc4d38e9c3b4,345
1,outer_train,f9147e9955a33e2239da323f,346
1,outer_train,7dc9153f7cec229d1f848b77,347
1,outer_train,16f63760ba94c82d36740bd0,348
1,outer_train,fa15e1a8dc0f6bd125da6ebd,349
1,outer_train,2c49a6e0cab2ee9afbdabca1,350
1,outer_train,b2f40947acb6ab96726dbde8,351
1,outer_train,27096605d44764032703b8e3,352
1,outer_train,56833b5e59b83b4f32c3a457,353
1,outer_train,aabf59a4cf7d2e2586fe88ca,355
1,outer_train,aea8ed246c137c50193c4728,356
1,outer_train,fd18f2882a157f382228493e,357
1,outer_train,e1993a18b1bc8427a9d878ff,358
1,outer_train,392c09e5988fdb0d2eabd825,359
1,outer_train,2a8ec18fa13d39b80de2fae8,360
1,outer_train,b241931201f7dfbc56d401a0,361
1,outer_train,532fab26fddeff17a5161cc0,363
1,outer_train,c6eceb5ca0994be407a44683,364
1,outer_train,66448406d99c879a6417701e,365
1,outer_train,165dd47b2688a8afb3e9e50e,366
1,outer_train,68d425c5400aa01a4eabdf05,367
1,outer_train,461770005e87983b16daef05,368
1,outer_train,bee752cabe6b06b3a8bab5ed,369
1,outer_train,0cb4db62c2953433be9af410,370
1,outer_train,398df0fe7a4d1e656b7a4e67,373
1,outer_train,406ff8b341d21a4e4cff040e,376
1,outer_train,18659792ff6927fe32b1cffd,377
1,outer_train,1aafe31220d145b219f6e03e,378
1,outer_train,0195e659df141129727a4c12,379
1,outer_train,645c159483f29e854bec1abd,380
1,outer_train,1ee96f86cb7d6973e51bf0ac,382
1,outer_train,0566fe92dc6c3a9306a62b2f,383
1,outer_train,e572d221855a5adaf07a70ce,384
1,outer_train,61f6ee5a8de39c5c5584a2c3,385
1,outer_train,1156aef2d317dabd786cf7e8,386
1,outer_train,3279926dbc88cd564b5a1bba,387
1,outer_train,2590ff55d6a0961a657f0c83,388
1,outer_train,f5756dca7be8deca72ba5b99,389
1,outer_train,3233dd1a1c21e9551506ee01,390
1,outer_train,c71a933e16bebd21135c274d,392
1,outer_train,cfe4dc4f98be890737ebb5ca,393
1,outer_train,e65d3f73235aae734363513c,394
1,outer_train,6366da1352359a6d68e036d9,395
1,outer_train,a4c6b75fe91bc602a7b76994,396
1,outer_train,51924a00e6cde6248459bfed,397
1,outer_train,c1125d9bfbbbeefb69a0814b,398
1,outer_train,0ea4bd1d2095abcdb8bcaea5,399
1,outer_train,b4b37a9fc124a629a39c0478,400
1,outer_train,4d6a2fd9174f4583a0bede46,401
1,outer_train,608883da308c872fd33ce9a4,402
1,outer_train,046e4680fe23c5d47566d34d,403
1,outer_train,edd4f8f3b38736eee47c5a09,405
1,outer_train,9b48512f6421847787781c3e,406
1,outer_train,deafcf55ed9d999df8c6b499,409
1,outer_train,6fb52a66f71d7db97fa50aa4,410
1,outer_train,ac6ecd274fa88b6911316833,413
1,outer_train,2830666b12bc6c28a57ef666,414
1,outer_train,49a584badd4dc52cd7dcbd1a,415
1,outer_train,56cb1ff8d66e44bc5a968a24,416
1,outer_train,385256bd6f4b10217d4189f0,417
1,outer_train,2cdce80357277f38fef96190,418
1,outer_train,a32b70ff0d4d9feb7a3c0aaa,419
1,outer_train,28aaf3fe70d8bf7c0266eaf3,420
1,outer_train,14b8aafa59cabbcf73040a94,422
1,outer_train,14f2577587c07d89bbd94a66,423
1,outer_train,bc226ea29fe68874768bb37c,424
1,outer_train,25660d745934d26d76e2a857,425
1,outer_train,43bcb2e5d4c16c6ef720a31c,426
1,outer_train,dcd2ea737e7c1182c54b9202,427
1,outer_train,193e9b30371efd6d82c3b818,428
1,outer_train,ba30ba58aa99357aa252cf63,430
1,outer_train,ee2a92686e5a1fa382ae804d,431
1,outer_train,b2cf0f865928e1ee2449484f,433
1,outer_train,f88b023107771a80ad05a856,436
1,outer_train,a0aec45e0096ca312adcd0a6,437
1,outer_train,bb0bee4a1a7520010bf28e0f,438
1,outer_train,775c6818a7b1f4de7be83886,439
1,outer_train,054f19e9e724d2eb304fe81c,441
1,outer_train,d3ad5cc180af15e3222cc26c,443
1,outer_train,62bb525f3e98436bad607bb3,445
1,outer_train,a79a9f35732ff772a6ef319a,446
1,outer_train,a9732bdacde9fa3417896f77,449
1,outer_train,9ea12cda7e1059ae65c96e91,450
1,outer_train,0b7067c2caae8cb4e6354621,451
1,outer_train,2c6dd6eb7a88f407f991db7f,452
1,outer_train,0d862771f7c9e6e7bf1eb04a,453
1,outer_train,055be93f261849a697cc9af4,454
1,outer_train,75662807e97977cfb409e07c,455
1,outer_train,1559ee66c0dfce04efb9b324,456
1,outer_train,f61584be66586b021ad86b31,457
1,outer_train,7d36d0a4cc6293cf87ffeef7,459
1,outer_train,ea4c847140ec440311d479a6,460
1,outer_train,dbf6fbb6c31bd231377f09ce,462
1,outer_train,13db169b67242471d465b74b,463
1,outer_train,1d30714b81598c27b3f0fd15,464
1,outer_train,e755fa456bc0368bc15eb3b3,465
1,outer_train,51bc4bdcb4794b291ae601bf,466
1,outer_train,9481c4890ccce55ff562fd87,469
1,outer_train,c2630c4b38f954a9622974f8,470
1,outer_train,b64ca38e62c45275d451abba,471
1,outer_train,04fb70c43e5b502f1dbad4f2,472
1,outer_train,96553660be3cbcb4687951bf,473
1,outer_train,b020a8b90a42d0a9e773abf0,474
1,outer_train,ab54a172be8f288f66d86f44,476
1,outer_train,238608de79f26ff75e2c440d,477
1,outer_train,0db55534d738265db43c7fa8,478
1,outer_train,483f8465e14ee237cc011b6c,479
1,outer_train,48bdbd990e010c135665e919,480
1,outer_train,25ad30a3a04f603ece4c955e,482
1,outer_train,6b263add7492e69c05b1e9df,483
1,outer_train,0ca51912dba7998913b834e0,484
1,outer_train,36485a1ee7bd9b4ed1fffc25,485
1,outer_train,4134be6e2d4da722f0e9f1a3,486
1,outer_train,c03dce093611726070d3b841,487
1,outer_train,c38a95120b6ebf44187bd1cc,488
1,outer_train,167cbac46a43ad1ef289f8b6,489
1,outer_train,d68cefefc09ce67ee4c9ced1,490
1,outer_train,5ec46abe2f638cf036be1b12,491
1,outer_train,55f95d0f696e47a5233e12f1,492
1,outer_train,fbf8dbbb76fadb4088f7d0e1,495
1,outer_train,4c40205da2a9c384041987c6,496
1,outer_train,1d58a8bd32e3548d3340bd10,497
1,outer_train,dfdb13da2101a16bdac72ac7,498
1,outer_train,70423bb435cfeb615c31346f,499
1,outer_train,c57aaa71095dec5ab7685881,500
1,outer_train,4e0f1f134933e389d50b18c8,501
1,outer_train,83eb4b8bcfb9bd233a240b4a,502
1,outer_train,cb815399e841f13c245f6079,503
1,outer_train,6b88f298f76a06702802404a,504
1,outer_train,1fda1ac60360cc3bdc2d7066,505
1,outer_train,7a0c183da7f1e9de6e5a0958,506
1,outer_train,94f4347d9e6c9499d5832948,507
1,outer_train,f960672865a8f2166ce095a7,508
1,outer_train,74749913c48b087815942c21,509
1,outer_train,114666aa0964a4065def4629,512
1,outer_train,7d1a3b5ae040c97e1e8a5372,514
1,outer_train,580305f2136161ec3a855a24,515
1,outer_train,863e948ddbdbf9dc78908779,516
1,outer_train,fac524d54d79f0047672a3cf,517
1,outer_train,82736bf5f8d75b650b0af21b,518
1,outer_train,84aff28507056c6ee5107c02,519
1,outer_train,748bf29eefdf60e87ca29fb8,522
1,outer_train,66c726a45d561a1951ee1086,523
1,outer_train,9c0e1456884a8daa9c383fa2,524
1,outer_train,86ab9b8914e97d4b68b28073,525
1,outer_train,41cc5739d3b3a59eed53af14,526
1,outer_train,3b9c2908d9fea00a59e30894,527
1,outer_train,9a2a17d4a05e2bc93c9f47e9,528
1,outer_train,6a4a748f010fc62dbd4b7fe6,529
1,outer_train,94c0ba655ebbecf7653a3796,530
1,outer_train,567b51058d7a63d4fd8fcb2b,532
1,outer_train,32f32ffec671d96dbd267fab,533
1,outer_train,0fad74a0fd6408dbdd3a15ac,534
1,outer_train,65fc559f2b5bc22375f827eb,535
1,outer_train,c3a866a734a994edcb312d3e,536
1,outer_train,d59b7fa37d988a3688f04de9,537
1,outer_train,725ae2c951b34bfdf61845bd,538
1,outer_train,6a58d12aa277e7a555662a64,539
1,outer_train,b3595bfef31740390a05743b,540
1,outer_train,74761b127d813b5ceda81933,541
1,outer_train,f03156c06892533477ff6a8f,542
1,outer_train,9fbf1aa50939ed0117564771,543
1,outer_train,c6e39aaf4d924d7414589996,544
1,outer_train,6dd2b5e368aac48f0c191b6d,545
1,outer_train,37c501905be4ac4931ef97ab,546
1,outer_train,3180996d053a0686846a82b5,547
1,outer_train,32e0383deb93cdf9b9639514,548
1,outer_train,591e0b2925208e0daa1cce7a,549
1,outer_train,306ed7d31c2554e01005e465,550
1,outer_train,d4d4e639d186d1acfe2feb36,551
1,outer_train,6128c3bc85e185a537492d38,552
1,outer_train,2e8c20a682c6fe6b76faedb6,553
1,outer_train,1668c7bdddc031d5bdf0ebc8,554
1,outer_train,33eaa18ae9d39aeaf2699758,555
1,outer_train,518fdbfc7d439e7be6ab3915,556
1,outer_train,bff18148d733caf4bbd52154,557
1,outer_train,42215e3fb015bace8c26385c,558
1,outer_train,704263dbec8b95085ea8fb7f,559
1,outer_train,09ee2b7ecc004cca1ef0398f,560
1,outer_train,fbd8fafef953bd4b58448c16,561
1,outer_train,3c056581e7d0f513562c5dc5,562
1,outer_train,61a891d26988f674d251ee95,563
1,outer_train,2cdfc71829a74c5c83f6d78a,564
1,outer_train,4869ff1b49bb6f2901efb582,565
1,outer_train,b80fa010c53423f2b790a479,566
1,outer_train,795e3a1aa4869c40c88b6a5c,567
1,outer_train,d5344afae44cee8c072d176f,568
1,outer_train,583dbd920a042c0d3522732a,569
1,outer_train,8d85ceedf27d6a01ea446532,570
1,outer_train,263f6e9312b92bbdfadaebbb,572
1,outer_train,a3cef6382aa230e3653a7828,573
1,outer_train,931a3ecb8406033c749c4d7b,574
1,outer_train,7531966797bd2b737a3171f0,575
1,outer_train,1b0b0bfcf02caae798b7cfe8,576
1,outer_train,3818eb9c6e28892ce9fe6f0f,578
1,outer_train,4ec73e8488f9b8b5c54f35da,579
1,outer_train,8afae10ba35b9de8e46a3584,580
1,outer_train,5db99cdf5d456681f4a0b779,581
1,outer_train,e0bb73d2b74da26414317f04,582
1,outer_train,12ee0e469d32d116158cc0a8,583
1,outer_train,ab7f07707056747006c30e3b,584
1,outer_train,d397fd3854799fb274376a14,585
1,outer_train,b88c431efd194d288b2ce6d5,586
1,outer_train,e736e4684fbfb0a8216d872f,587
1,outer_train,3d6c73174cef8dcd45f8e8da,589
1,outer_train,4a7205458d4e508a7940b862,590
1,outer_train,153d5f89a417be303634fc62,591
1,outer_train,82eb0d3498ec167f1817f327,592
1,outer_train,133a35dca44f6ab752af9ac7,593
1,outer_train,ae013efc6ef36d26ff28cd8f,594
1,outer_train,02126ab9aaba51b86aff91c6,595
1,outer_train,8d98d3fa164067d676255358,596
1,outer_train,a6fb2cd72a1ff0502c96250d,597
1,outer_train,5edc2596afa94b26a5c73e0f,598
1,outer_train,e007874301463e5def95599a,599
1,outer_train,0e2ad4467cdf4c49ebbd4401,600
1,outer_train,c2712b0bb6326e934dd667f3,602
1,outer_train,9bdb2433967bbfa6a4924a88,604
1,outer_train,f743560800c4b57ffba48c2f,606
1,outer_train,5dc087cc0e9fd26cf7d1e68b,608
1,outer_train,5cc31c333f9568b880f0eeba,609
1,outer_train,1b10c85d24b98f4711a46202,610
1,outer_train,352c8eefb106edae37bab066,611
1,outer_train,982bf2c30bf7b72e1f4a048e,612
1,outer_train,195c283f58feff13d6f1a894,615
1,outer_train,ea5234a2daad0d379ce2a46b,616
1,outer_train,fda31c7fca0a734fff0025d3,619
1,outer_train,f8974fe9f75b76ff0546c90f,620
1,outer_train,885bbd00d2fd614511389c22,621
1,outer_train,fb18b3b813b44ad7ec777c61,623
1,outer_train,a85b13da27b5f799210fe5d8,626
1,outer_train,a032222f8f99861aef60e8e1,627
1,outer_train,8888ccbdac9d4c50d5dad2a6,628
1,outer_train,947cd070b5d2288cd8e7c3fb,631
1,outer_train,268c4cd93dcc6bf26f549001,633
1,outer_train,014862a8df939c8a9544f17e,634
1,outer_train,f26aa86e9ef6c4d16045cb54,635
1,outer_train,dbd4b3360f5f153fcc6d9e8c,636
1,outer_train,7421d9f4a8369528722e8c72,637
1,outer_train,dcf07a69863c2bc7d55c82ba,638
1,outer_train,a39700ded468076008d84ed5,639
1,outer_train,99c47b6c06cb15cdedaea3bb,640
1,outer_train,23a8261970c78ffd960b6b9f,641
1,outer_train,92f9f0afe84ceca07b1fe28d,642
1,outer_train,dbb49210dbde1670d516b99b,648
1,outer_validation,25583514fb711cf5055024b7,0
1,outer_validation,d55d18a461a5386113aa8bb8,4
1,outer_validation,3ecbf8145baf2f5a660a19e5,9
1,outer_validation,db420b41fbb6ac053c3222f8,17
1,outer_validation,5b70ab52ef56f0c032f62e99,23
1,outer_validation,7fd05acd7613d66b066e2caa,24
1,outer_validation,c4d72af24e21d83adc33be65,27
1,outer_validation,1abffab2044423658aa06a0e,33
1,outer_validation,6699149e445b607bb383e91d,34
1,outer_validation,f2e1f518841284cbbda861d3,38
1,outer_validation,15f2368b81a9000c4bbedb76,44
1,outer_validation,bcf90118f122e9f4cbf6207e,45
1,outer_validation,2de78aa3c49b60d54544ce1d,47
1,outer_validation,092591d40e4e78ba79471315,52
1,outer_validation,e28633e343de1b13f04cb1e1,54
1,outer_validation,74050ad7f2c657b0585e0c77,74
1,outer_validation,c1facf8767c67436e84302dc,75
1,outer_validation,66fff8a6e524289fc7a6b9e8,79
1,outer_validation,11b0be6bb7392ce4d61e552f,80
1,outer_validation,003b8213058d193e1d6b7664,84
1,outer_validation,c45b0ea64124185f1964ae9b,85
1,outer_validation,f526f632813313105234482b,87
1,outer_validation,da7251e0398e628ed7d7bb52,91
1,outer_validation,0497e94a0b2c2e8df765446d,96
1,outer_validation,6d41c904e62ba689c0abec9d,100
1,outer_validation,a638a0e9d803508f556ed985,114
1,outer_validation,96dd665c05e5f358278b175a,117
1,outer_validation,8765320141c10d57bb0305f8,126
1,outer_validation,f06a0f60201cfcfd218b9f09,128
1,outer_validation,3e1829da7847e399a47db658,130
1,outer_validation,a59fedaa3efb7feab0b27d0f,134
1,outer_validation,78105273acc8ff4d7ba913ee,136
1,outer_validation,2889d652d498d26e1a86d9f0,141
1,outer_validation,b5a79af07479f450e284c418,147
1,outer_validation,7dbe2ee95d150b79f26144d9,151
1,outer_validation,a96a4cf90322c8586f30256b,157
1,outer_validation,1c6105f16e30325f5de79e03,159
1,outer_validation,0a7145c4effe18483ca4b4dc,167
1,outer_validation,e5bb59579831860366ff9f04,171
1,outer_validation,626bcc041dd3c26ee1ad1ddf,174
1,outer_validation,976f6579d2de7a304d9a79d7,177
1,outer_validation,8640ea3a2e47bdda329f6905,184
1,outer_validation,8544356b01603746e8252860,189
1,outer_validation,4639d9d755efad7b2f170020,193
1,outer_validation,d13a100ee1a27ca404621b12,200
1,outer_validation,10b4058da59f4391abafb682,201
1,outer_validation,b7bb5b26676989c2e81d3cb3,203
1,outer_validation,5f8938de734ac2446c4efdc7,211
1,outer_validation,462d168f5e795110238c5c7b,213
1,outer_validation,7135be2d275b07c4fc28cedb,217
1,outer_validation,2b0445952ee5f497fddd54b9,220
1,outer_validation,18de1573343fa75ca8fc108d,221
1,outer_validation,7f029bc34a832b95bb174ce5,222
1,outer_validation,829e363f591777aa9c471180,235
1,outer_validation,ec4821a43fdc18c00ca657e9,237
1,outer_validation,4ca69ccdb230964f671bbe5a,255
1,outer_validation,68f43284eacba58d59c6e6f9,264
1,outer_validation,c36e18d8fb8395059d084609,271
1,outer_validation,4190e088e60e3f07a810c9a6,272
1,outer_validation,c4026e94e71b60cc55a352bf,277
1,outer_validation,fafd62914ad92b2bf8442c5b,278
1,outer_validation,43c4d4f128a2603405a3188a,289
1,outer_validation,e0655cc4aac307a3b43af8b1,318
1,outer_validation,8fb6fcf6e5c5d752629f73e9,319
1,outer_validation,7da771f1b39c36fc46c81da7,321
1,outer_validation,df3b4d58e8b79fc6e1f07df7,324
1,outer_validation,3c06d396af8b6de6bccf7366,327
1,outer_validation,73284d3ff2b976c243e43dc1,331
1,outer_validation,11650fc851d39932c6c4d0e0,334
1,outer_validation,213e3c016e3a8c290afe2fba,337
1,outer_validation,288d4b281d88d5bf2f4226dd,343
1,outer_validation,4ea238479c5121599cfb7a17,354
1,outer_validation,cc08ac6e86641865b07f5f9a,362
1,outer_validation,e3a865e0cc29682910e81dfe,371
1,outer_validation,9d4e2745d5a47d4e2fc97cc4,372
1,outer_validation,d0758e8790b2bb5cf372ca37,374
1,outer_validation,d5edabddfb2459d50dd826e2,375
1,outer_validation,01fde1a1601e88342c0c8083,381
1,outer_validation,a718a07684aa0085d6b136ae,391
1,outer_validation,7ec7018339f9b1d6dd828343,404
1,outer_validation,11409c88b3cacaf1344261f0,407
1,outer_validation,af08e12c0b5c87fa91c627ad,408
1,outer_validation,5efe74a48355532333671941,411
1,outer_validation,2ef45e0f2fc8a2edca32790f,412
1,outer_validation,a6b969690cb0eeeffcb813c8,421
1,outer_validation,469a167b82ff2483ad6bb72c,429
1,outer_validation,8b9d94c13ac09cd335989165,432
1,outer_validation,48528f3c65ad7e4eec9cf3cd,434
1,outer_validation,9e83d9dd550db5630aa64c86,435
1,outer_validation,4afe90a99f7d343179ae5391,440
1,outer_validation,eab11e7cade51ab754c1fb18,442
1,outer_validation,8e2c9ecd6621dd22e70c6a4c,444
1,outer_validation,d719f632285cf52ae4f49bbc,447
1,outer_validation,e53e697ae3e795444ac2093a,448
1,outer_validation,c81606cdacf5e566597adfae,458
1,outer_validation,6009304cf78675b218a4a73b,461
1,outer_validation,f74bfe7d693ccc2f63b31ba6,467
1,outer_validation,4dff7054975637cb95304e96,468
1,outer_validation,12c78499670d6a1ba0c19952,475
1,outer_validation,259177315e9226ffcbb2992f,481
1,outer_validation,005065870c9a314198939180,493
1,outer_validation,55708b3672b33d5718a3484b,494
1,outer_validation,9a6d5cc9e901b49b670bdd72,510
1,outer_validation,b1b1292a176240372686060d,511
1,outer_validation,0a8ab13d0848d0ba587ddbf4,513
1,outer_validation,27869658e5477e81623057a9,520
1,outer_validation,9aa8dcd0f0fe59b0a89deef5,521
1,outer_validation,4435ed5b95b8083b31284048,531
1,outer_validation,a020c6ef6903f6a6fd8e3692,571
1,outer_validation,b95de708b224e6ac86f8b566,577
1,outer_validation,4a2381da9e26e648324b4f0f,588
1,outer_validation,5815caeb3b99b5e30a6dfc5d,601
1,outer_validation,3b637534ec553f8dd0c862b9,603
1,outer_validation,f452e5441ede9e55be129a96,605
1,outer_validation,7d39ade826bab1a684e7e85a,607
1,outer_validation,c9a1578e765bd8a2e7947f04,613
1,outer_validation,5b4cf6d819995c114800466f,614
1,outer_validation,c5ebabdbc6a16d65a25fd863,617
1,outer_validation,0514876d806373990d742d44,618
1,outer_validation,969444fd1bedd84c5e27eabc,622
1,outer_validation,8fbe9ed66bf5153233979e58,624
1,outer_validation,c2ec1ddc9f643d3661ee6454,625
1,outer_validation,9f3b2cd7bb1e90563b29426b,629
1,outer_validation,fe924f873ac0834124e93536,630
1,outer_validation,29f9aade8ee1503a1db59765,632
1,outer_validation,723beaf65f235553891e351b,643
1,outer_validation,6fafafdc2945300748ff7a7a,644
1,outer_validation,455515cc40392d2e71073c2d,645
1,outer_validation,6616394cee532d0a91e893b9,646
1,outer_validation,06a138b293efcb0adb9a43c8,647
2,outer_train,25583514fb711cf5055024b7,0
2,outer_train,5fa3a0cd35ea322993c58a83,1
2,outer_train,c5a5b7ef344bf052778d3d2e,2
2,outer_train,ae8f4754dee747ea937d41d1,3
2,outer_train,d55d18a461a5386113aa8bb8,4
2,outer_train,3b8b9870fee8a236f8e6685e,5
2,outer_train,a333ce2c2dfe6669b3458088,7
2,outer_train,3ecbf8145baf2f5a660a19e5,9
2,outer_train,6b2a271a79c7fff58cc11b06,10
2,outer_train,05501c8bf5f5ed2319e15e93,11
2,outer_train,2ff152d06f2d9a67fe825401,12
2,outer_train,e4fa008ec6e0359a99ddc9e0,13
2,outer_train,29eebc2eacd5deaef966201b,14
2,outer_train,563eecdccee0b6c92e2a846d,15
2,outer_train,db420b41fbb6ac053c3222f8,17
2,outer_train,94123f2c686648889620c97d,18
2,outer_train,269ea7dc25d403fd1f8fb38f,20
2,outer_train,2414d70eb17ed66e9fe4e60f,21
2,outer_train,51347524486732c735767628,22
2,outer_train,5b70ab52ef56f0c032f62e99,23
2,outer_train,7fd05acd7613d66b066e2caa,24
2,outer_train,ffa00790e9117278a84a416e,25
2,outer_train,42079209bbf738d55278bc6b,26
2,outer_train,c4d72af24e21d83adc33be65,27
2,outer_train,3fefe2982e01f3ef188b2008,28
2,outer_train,0c5a9b8ef7e95658cb75f712,29
2,outer_train,3d1557740744930b56026202,30
2,outer_train,fc567b31839fb5428ff559f3,31
2,outer_train,3d9eb715b79c8eaca0d52c0c,32
2,outer_train,1abffab2044423658aa06a0e,33
2,outer_train,6699149e445b607bb383e91d,34
2,outer_train,ff58b499aaa43f1d0e3bb5a7,35
2,outer_train,1da88f7897cd9f1f74717b00,36
2,outer_train,80527f6c0a4b1e2bf6752a65,37
2,outer_train,f2e1f518841284cbbda861d3,38
2,outer_train,cf8dd309614c3b1deea29858,39
2,outer_train,bdfd12a12472208c9d4127e2,40
2,outer_train,6dcc934e54a36b5d7813606e,41
2,outer_train,68fea513d4ecc8b97d0767a3,42
2,outer_train,af0853ef179d98af73890a93,43
2,outer_train,15f2368b81a9000c4bbedb76,44
2,outer_train,bcf90118f122e9f4cbf6207e,45
2,outer_train,635265ef47d4f4a3da4280e6,46
2,outer_train,2de78aa3c49b60d54544ce1d,47
2,outer_train,c335d606432d24bf92be4014,48
2,outer_train,1c223450c00e1b9070781c64,50
2,outer_train,092591d40e4e78ba79471315,52
2,outer_train,1ee1757d3e620ed47197c5db,53
2,outer_train,e28633e343de1b13f04cb1e1,54
2,outer_train,fcf0f3bd2928f4688854d27a,55
2,outer_train,8660a1fcbd2a602eb81a3572,56
2,outer_train,5a99adeafae5b9eddd0cc3b9,59
2,outer_train,7489093e620a985d9f852efa,60
2,outer_train,8afd4ccc0c47fe966271226b,61
2,outer_train,2d96e47ba548c2adcfa1bddd,63
2,outer_train,0d7ce2fe5500c55c21c45ca3,65
2,outer_train,558c093b280dd42bb2181856,66
2,outer_train,dddf5f4ddbbccb7e98562be7,67
2,outer_train,04af01ee4a4d5e4efed3b2ad,68
2,outer_train,d4b9e932332395282e7c69fe,69
2,outer_train,c4b37c80f1ffb7f9b06a6ed9,70
2,outer_train,8f0520fc7d9c57876442877c,71
2,outer_train,2642b554eead1eba4c509443,72
2,outer_train,e008819367446b278f013644,73
2,outer_train,74050ad7f2c657b0585e0c77,74
2,outer_train,c1facf8767c67436e84302dc,75
2,outer_train,5a0a45c29bf310bddc767783,76
2,outer_train,365ccdcd104487ffede81490,77
2,outer_train,45bb8eb487e566f6af50eea2,78
2,outer_train,66fff8a6e524289fc7a6b9e8,79
2,outer_train,11b0be6bb7392ce4d61e552f,80
2,outer_train,28b22bfef40c89341278a04b,81
2,outer_train,2d992a7e494947b9e82d7e97,83
2,outer_train,003b8213058d193e1d6b7664,84
2,outer_train,c45b0ea64124185f1964ae9b,85
2,outer_train,cf242c66081051791a71b6b6,86
2,outer_train,f526f632813313105234482b,87
2,outer_train,d0ef336fafc7d648af694564,88
2,outer_train,efdc8ea966199f967b1400db,90
2,outer_train,da7251e0398e628ed7d7bb52,91
2,outer_train,c9b61623ac869a6fbfee83e3,93
2,outer_train,472ff1eded83adc5c4db1893,94
2,outer_train,6cc8a4e361dffde0556b7995,95
2,outer_train,0497e94a0b2c2e8df765446d,96
2,outer_train,927607fa6e69011ab66f1c32,98
2,outer_train,0f1e5ba7453e9d9e838f00ea,99
2,outer_train,6d41c904e62ba689c0abec9d,100
2,outer_train,2d37544e9a0f982a510b320d,103
2,outer_train,4061fde2d309f4334b2d4dd8,104
2,outer_train,4feb4f67b4e8c853cfcb4db4,105
2,outer_train,61496b6ed753ad62b05ea8c4,106
2,outer_train,ed0c9ea523bb118dc3ecd91e,107
2,outer_train,62f415f38020908328b1a496,108
2,outer_train,92e5ccccaa4d1ff928312ba3,109
2,outer_train,fb7b4d964e4f1d5cf6443522,110
2,outer_train,5d68d503a75c1754dd014a6f,111
2,outer_train,d18f60e5b16ccb79782a280c,113
2,outer_train,a638a0e9d803508f556ed985,114
2,outer_train,db3e7e5c8a01509a66d2d9ae,115
2,outer_train,a9c0669a36dde3e30207991a,116
2,outer_train,96dd665c05e5f358278b175a,117
2,outer_train,fda59aae8e890a9462ceffe0,118
2,outer_train,d713ac51d45684554604df53,119
2,outer_train,2e2531dd8682f39a16d40364,120
2,outer_train,11bfed9d886542adfdb2d306,121
2,outer_train,adf1853a4797c52b3c54d55f,122
2,outer_train,e622a05349f2b3f5752984d0,124
2,outer_train,436ebaab915d3d89f3bea6e1,125
2,outer_train,8765320141c10d57bb0305f8,126
2,outer_train,6ac8654fbe94646bee9caba0,127
2,outer_train,f06a0f60201cfcfd218b9f09,128
2,outer_train,3e1829da7847e399a47db658,130
2,outer_train,95c95e3dfbd82c60a28857c4,133
2,outer_train,a59fedaa3efb7feab0b27d0f,134
2,outer_train,bd9bbe92ac3d92dfdd331f55,135
2,outer_train,78105273acc8ff4d7ba913ee,136
2,outer_train,8ce67e3d0f23d3ae7f120dcc,137
2,outer_train,13475ea9ccf4566532d77dd5,138
2,outer_train,6dcc671138728489032566b4,139
2,outer_train,2889d652d498d26e1a86d9f0,141
2,outer_train,ffbd1a52bf57de55cc36cd2f,142
2,outer_train,8cd5154e4ed15b13d6d315f0,144
2,outer_train,a095fa845972876092a7dad9,145
2,outer_train,d5af7d2f1e0cd4dd5e93d28f,146
2,outer_train,b5a79af07479f450e284c418,147
2,outer_train,8f1fea40bc552b55912962e1,148
2,outer_train,415a9701686a418987d0f294,149
2,outer_train,a18dffd2a2170cff7db10ca6,150
2,outer_train,7dbe2ee95d150b79f26144d9,151
2,outer_train,f8a772d6358d9f81b2867bd6,152
2,outer_train,d7fd6388afd4122c2d4f7e76,154
2,outer_train,2e664d9b0038aa18e2bbca45,156
2,outer_train,a96a4cf90322c8586f30256b,157
2,outer_train,958335c01584198d9134b8fd,158
2,outer_train,1c6105f16e30325f5de79e03,159
2,outer_train,7d5ee9c642b431a556181314,160
2,outer_train,9d0fd8e3f78bbc348eea76ec,163
2,outer_train,04d7fed738d8406607ebaa82,164
2,outer_train,599505e725e7223ca8fa9d0b,165
2,outer_train,0a7145c4effe18483ca4b4dc,167
2,outer_train,ed5a73f0e396e0690f6114c0,168
2,outer_train,0e8587ab0498d6ba11ebdf22,169
2,outer_train,e5bb59579831860366ff9f04,171
2,outer_train,e0a7aa100b9e2d1609cf8c3b,172
2,outer_train,4bed415cc2deb5af645a5d4a,173
2,outer_train,626bcc041dd3c26ee1ad1ddf,174
2,outer_train,2b46a2fce021467fa635a617,175
2,outer_train,a239058b42bbac707462d957,176
2,outer_train,976f6579d2de7a304d9a79d7,177
2,outer_train,6a38820210cf36b7b4141d33,178
2,outer_train,f1b04492e72dd9d413793235,179
2,outer_train,62e54325ef1dd8f3b861d694,182
2,outer_train,8640ea3a2e47bdda329f6905,184
2,outer_train,72443cc5fbf5bddd2328fb0a,185
2,outer_train,d71fd2cbdc3020af5c2436a1,186
2,outer_train,1f9d504973a34644d0a6547e,187
2,outer_train,8544356b01603746e8252860,189
2,outer_train,2a9a533dac762a94ddb79366,190
2,outer_train,0d6c818e88258f0c9d51211c,191
2,outer_train,6806d221bbc2161481fbb58e,192
2,outer_train,4639d9d755efad7b2f170020,193
2,outer_train,4f78ac42f788ed127dba0db1,194
2,outer_train,3e75f2b673d22067f7b23d15,195
2,outer_train,80ffcddeb52947ac076291ca,197
2,outer_train,b1cb45f02d40226a0e0b46e3,199
2,outer_train,d13a100ee1a27ca404621b12,200
2,outer_train,10b4058da59f4391abafb682,201
2,outer_train,860d64693ed6fdae501c03d9,202
2,outer_train,b7bb5b26676989c2e81d3cb3,203
2,outer_train,8ba6b6052b9a494a51b1ec18,204
2,outer_train,5fe72ea869ad396c5ecb0cb8,206
2,outer_train,884ecf9bed46e1125a932991,208
2,outer_train,330e685f8ebcffcc408f6f0d,209
2,outer_train,fa9799c289b86b4ee018e38c,210
2,outer_train,5f8938de734ac2446c4efdc7,211
2,outer_train,7fed798d713b0dec79732e22,212
2,outer_train,462d168f5e795110238c5c7b,213
2,outer_train,d3a2b127a9730c767efcea06,215
2,outer_train,4a6cf3193ad7cd5ef45941fb,216
2,outer_train,7135be2d275b07c4fc28cedb,217
2,outer_train,4791df78dc39e4171eff0dd0,218
2,outer_train,2b0445952ee5f497fddd54b9,220
2,outer_train,18de1573343fa75ca8fc108d,221
2,outer_train,7f029bc34a832b95bb174ce5,222
2,outer_train,cd3fac588c7f6d21c05759e4,223
2,outer_train,76949fe7277bf63e3f407190,224
2,outer_train,0917203aee750f4623043a23,225
2,outer_train,0fedd627771da20b68627543,226
2,outer_train,66c4f7bb33ab54562dc46cff,228
2,outer_train,34359755d94ab99f5b6da5fa,229
2,outer_train,f8b2986133ec4d6360d9936a,231
2,outer_train,65b6dea4581648cd644993f0,232
2,outer_train,6734971222e12d0d78d2b7fe,233
2,outer_train,829e363f591777aa9c471180,235
2,outer_train,e2de995c1b1b3c11d42d9352,236
2,outer_train,ec4821a43fdc18c00ca657e9,237
2,outer_train,6449cb261adf2f5940c29200,240
2,outer_train,3d485033f82717074455e11b,243
2,outer_train,2ec03fe5491eccfb6e9a93fc,244
2,outer_train,223edaaa9f4b18517a170ffb,245
2,outer_train,7bead04b5f80235ce976fa20,246
2,outer_train,e0b3150586932c59cb627fc7,247
2,outer_train,dc937a340fad67b01973d85c,248
2,outer_train,2473c5daf1358664bf9b9d4a,249
2,outer_train,233ff79cce85099e9d28415a,250
2,outer_train,131b769b665e123ef4238186,251
2,outer_train,24ac726ee2c0820e220b1156,252
2,outer_train,677d14642df8a20763e35f2a,253
2,outer_train,e83203311725723e9b3a66a0,254
2,outer_train,4ca69ccdb230964f671bbe5a,255
2,outer_train,1e93ac6ffe340447ecf9ec70,256
2,outer_train,aacf72f54cc03c50fb725df6,257
2,outer_train,ff2a98068f270f050fcc38a8,258
2,outer_train,fc1f9307f8d2c3155ef54dad,259
2,outer_train,9b3c4e2ebf551ce883a31c00,261
2,outer_train,9f9884dddb316b7f605ee591,262
2,outer_train,5e5ce5ca39f824f7bba7f6b7,263
2,outer_train,68f43284eacba58d59c6e6f9,264
2,outer_train,253ae6b6a64b0fba08ac7cfb,265
2,outer_train,41f820264ac30a8923599757,266
2,outer_train,b1a51ad1f9c965c462f2c446,267
2,outer_train,0087fc3bdd5a7dc0d6fb4c6f,268
2,outer_train,81b59faa4044e8bf34347399,269
2,outer_train,7296b9aeb4b261c21ba89593,270
2,outer_train,c36e18d8fb8395059d084609,271
2,outer_train,4190e088e60e3f07a810c9a6,272
2,outer_train,c8c0e550481dc8d2b73bbd71,273
2,outer_train,1f95467f20007cc445340364,274
2,outer_train,4c876b1f28f6bd60b55349c5,275
2,outer_train,c3ae6e48db20474475339664,276
2,outer_train,c4026e94e71b60cc55a352bf,277
2,outer_train,fafd62914ad92b2bf8442c5b,278
2,outer_train,768e4c2def8bf955791617d4,279
2,outer_train,11d9faeb7252494480a5f153,280
2,outer_train,51490a4a85a64070b50ff906,281
2,outer_train,51bba03c5f3bb8f740aa1822,283
2,outer_train,29e50f34f83401157eed7807,284
2,outer_train,7df57cbdd360baf014389a04,285
2,outer_train,e4f575e656bbfa074a4588ca,288
2,outer_train,43c4d4f128a2603405a3188a,289
2,outer_train,bd520f07817d44c5a28f300a,290
2,outer_train,0c96e427a7af81500c209dd5,291
2,outer_train,14505c0b686613a33c8904a0,293
2,outer_train,53c403519c4812eb9a6cd233,294
2,outer_train,822d410c02e6ab3a68029077,298
2,outer_train,4ef6e91f84fe2d7322b1a63b,299
2,outer_train,165efcfe518fb394fc8f1487,300
2,outer_train,3bc51b719f8bcae48aeba917,302
2,outer_train,57d6cfa8c2a29205a0af2492,304
2,outer_train,9bca1bc4a9a477ccb8e0f161,305
2,outer_train,6ab9231fa201f8a1f3db2461,306
2,outer_train,c7b94d60de1cb433424c1774,308
2,outer_train,d83c4cfe7f38205ec7e26e5e,309
2,outer_train,cd5761d06538071cfda95fe3,310
2,outer_train,93484519b378327171b5780d,311
2,outer_train,0d94c053f06e7c6715ba16cb,312
2,outer_train,78100aa4aa1bc5eb41e23d8b,313
2,outer_train,8fb3d365a25a9932ebf3b225,314
2,outer_train,598afd2c6f273b9e6d9fb933,315
2,outer_train,7af5c9bf40faf79f734fa44c,316
2,outer_train,3e21961c9b6fd3d27f6613df,317
2,outer_train,e0655cc4aac307a3b43af8b1,318
2,outer_train,8fb6fcf6e5c5d752629f73e9,319
2,outer_train,0f52bbadc4de1aae074e2a9d,320
2,outer_train,7da771f1b39c36fc46c81da7,321
2,outer_train,d07d988551c9a4a5454abe96,322
2,outer_train,7e5d8816d1a160070960d6df,323
2,outer_train,df3b4d58e8b79fc6e1f07df7,324
2,outer_train,1fcdb7c4121588d7d0d96d96,325
2,outer_train,f2e1fe0e535053b94cd12181,326
2,outer_train,3c06d396af8b6de6bccf7366,327
2,outer_train,1bca155c795b4ef273f7ced0,329
2,outer_train,73284d3ff2b976c243e43dc1,331
2,outer_train,90951088189ce4076d6ad0fb,332
2,outer_train,11650fc851d39932c6c4d0e0,334
2,outer_train,45a551faeb887c63825675b4,335
2,outer_train,213e3c016e3a8c290afe2fba,337
2,outer_train,4098162760db0b2e90e0f5f3,338
2,outer_train,613d6fcf8f20b33209d19a52,341
2,outer_train,288d4b281d88d5bf2f4226dd,343
2,outer_train,f9147e9955a33e2239da323f,346
2,outer_train,7dc9153f7cec229d1f848b77,347
2,outer_train,16f63760ba94c82d36740bd0,348
2,outer_train,fa15e1a8dc0f6bd125da6ebd,349
2,outer_train,2c49a6e0cab2ee9afbdabca1,350
2,outer_train,b2f40947acb6ab96726dbde8,351
2,outer_train,27096605d44764032703b8e3,352
2,outer_train,4ea238479c5121599cfb7a17,354
2,outer_train,aabf59a4cf7d2e2586fe88ca,355
2,outer_train,aea8ed246c137c50193c4728,356
2,outer_train,fd18f2882a157f382228493e,357
2,outer_train,e1993a18b1bc8427a9d878ff,358
2,outer_train,392c09e5988fdb0d2eabd825,359
2,outer_train,2a8ec18fa13d39b80de2fae8,360
2,outer_train,cc08ac6e86641865b07f5f9a,362
2,outer_train,532fab26fddeff17a5161cc0,363
2,outer_train,c6eceb5ca0994be407a44683,364
2,outer_train,66448406d99c879a6417701e,365
2,outer_train,165dd47b2688a8afb3e9e50e,366
2,outer_train,68d425c5400aa01a4eabdf05,367
2,outer_train,461770005e87983b16daef05,368
2,outer_train,bee752cabe6b06b3a8bab5ed,369
2,outer_train,0cb4db62c2953433be9af410,370
2,outer_train,e3a865e0cc29682910e81dfe,371
2,outer_train,9d4e2745d5a47d4e2fc97cc4,372
2,outer_train,398df0fe7a4d1e656b7a4e67,373
2,outer_train,d0758e8790b2bb5cf372ca37,374
2,outer_train,d5edabddfb2459d50dd826e2,375
2,outer_train,406ff8b341d21a4e4cff040e,376
2,outer_train,1aafe31220d145b219f6e03e,378
2,outer_train,0195e659df141129727a4c12,379
2,outer_train,01fde1a1601e88342c0c8083,381
2,outer_train,1ee96f86cb7d6973e51bf0ac,382
2,outer_train,61f6ee5a8de39c5c5584a2c3,385
2,outer_train,1156aef2d317dabd786cf7e8,386
2,outer_train,3279926dbc88cd564b5a1bba,387
2,outer_train,2590ff55d6a0961a657f0c83,388
2,outer_train,f5756dca7be8deca72ba5b99,389
2,outer_train,a718a07684aa0085d6b136ae,391
2,outer_train,c71a933e16bebd21135c274d,392
2,outer_train,cfe4dc4f98be890737ebb5ca,393
2,outer_train,e65d3f73235aae734363513c,394
2,outer_train,a4c6b75fe91bc602a7b76994,396
2,outer_train,51924a00e6cde6248459bfed,397
2,outer_train,c1125d9bfbbbeefb69a0814b,398
2,outer_train,0ea4bd1d2095abcdb8bcaea5,399
2,outer_train,4d6a2fd9174f4583a0bede46,401
2,outer_train,608883da308c872fd33ce9a4,402
2,outer_train,046e4680fe23c5d47566d34d,403
2,outer_train,7ec7018339f9b1d6dd828343,404
2,outer_train,edd4f8f3b38736eee47c5a09,405
2,outer_train,9b48512f6421847787781c3e,406
2,outer_train,11409c88b3cacaf1344261f0,407
2,outer_train,af08e12c0b5c87fa91c627ad,408
2,outer_train,deafcf55ed9d999df8c6b499,409
2,outer_train,6fb52a66f71d7db97fa50aa4,410
2,outer_train,5efe74a48355532333671941,411
2,outer_train,2ef45e0f2fc8a2edca32790f,412
2,outer_train,2830666b12bc6c28a57ef666,414
2,outer_train,49a584badd4dc52cd7dcbd1a,415
2,outer_train,56cb1ff8d66e44bc5a968a24,416
2,outer_train,385256bd6f4b10217d4189f0,417
2,outer_train,2cdce80357277f38fef96190,418
2,outer_train,a32b70ff0d4d9feb7a3c0aaa,419
2,outer_train,28aaf3fe70d8bf7c0266eaf3,420
2,outer_train,a6b969690cb0eeeffcb813c8,421
2,outer_train,14b8aafa59cabbcf73040a94,422
2,outer_train,14f2577587c07d89bbd94a66,423
2,outer_train,bc226ea29fe68874768bb37c,424
2,outer_train,25660d745934d26d76e2a857,425
2,outer_train,43bcb2e5d4c16c6ef720a31c,426
2,outer_train,dcd2ea737e7c1182c54b9202,427
2,outer_train,469a167b82ff2483ad6bb72c,429
2,outer_train,ee2a92686e5a1fa382ae804d,431
2,outer_train,8b9d94c13ac09cd335989165,432
2,outer_train,b2cf0f865928e1ee2449484f,433
2,outer_train,48528f3c65ad7e4eec9cf3cd,434
2,outer_train,9e83d9dd550db5630aa64c86,435
2,outer_train,f88b023107771a80ad05a856,436
2,outer_train,a0aec45e0096ca312adcd0a6,437
2,outer_train,775c6818a7b1f4de7be83886,439
2,outer_train,4afe90a99f7d343179ae5391,440
2,outer_train,eab11e7cade51ab754c1fb18,442
2,outer_train,d3ad5cc180af15e3222cc26c,443
2,outer_train,8e2c9ecd6621dd22e70c6a4c,444
2,outer_train,62bb525f3e98436bad607bb3,445
2,outer_train,a79a9f35732ff772a6ef319a,446
2,outer_train,d719f632285cf52ae4f49bbc,447
2,outer_train,e53e697ae3e795444ac2093a,448
2,outer_train,a9732bdacde9fa3417896f77,449
2,outer_train,9ea12cda7e1059ae65c96e91,450
2,outer_train,0b7067c2caae8cb4e6354621,451
2,outer_train,0d862771f7c9e6e7bf1eb04a,453
2,outer_train,055be93f261849a697cc9af4,454
2,outer_train,75662807e97977cfb409e07c,455
2,outer_train,1559ee66c0dfce04efb9b324,456
2,outer_train,c81606cdacf5e566597adfae,458
2,outer_train,7d36d0a4cc6293cf87ffeef7,459
2,outer_train,ea4c847140ec440311d479a6,460
2,outer_train,6009304cf78675b218a4a73b,461
2,outer_train,e755fa456bc0368bc15eb3b3,465
2,outer_train,f74bfe7d693ccc2f63b31ba6,467
2,outer_train,4dff7054975637cb95304e96,468
2,outer_train,9481c4890ccce55ff562fd87,469
2,outer_train,c2630c4b38f954a9622974f8,470
2,outer_train,b64ca38e62c45275d451abba,471
2,outer_train,04fb70c43e5b502f1dbad4f2,472
2,outer_train,12c78499670d6a1ba0c19952,475
2,outer_train,ab54a172be8f288f66d86f44,476
2,outer_train,48bdbd990e010c135665e919,480
2,outer_train,259177315e9226ffcbb2992f,481
2,outer_train,25ad30a3a04f603ece4c955e,482
2,outer_train,0ca51912dba7998913b834e0,484
2,outer_train,4134be6e2d4da722f0e9f1a3,486
2,outer_train,c03dce093611726070d3b841,487
2,outer_train,c38a95120b6ebf44187bd1cc,488
2,outer_train,167cbac46a43ad1ef289f8b6,489
2,outer_train,d68cefefc09ce67ee4c9ced1,490
2,outer_train,5ec46abe2f638cf036be1b12,491
2,outer_train,005065870c9a314198939180,493
2,outer_train,55708b3672b33d5718a3484b,494
2,outer_train,4c40205da2a9c384041987c6,496
2,outer_train,1d58a8bd32e3548d3340bd10,497
2,outer_train,dfdb13da2101a16bdac72ac7,498
2,outer_train,c57aaa71095dec5ab7685881,500
2,outer_train,4e0f1f134933e389d50b18c8,501
2,outer_train,cb815399e841f13c245f6079,503
2,outer_train,6b88f298f76a06702802404a,504
2,outer_train,1fda1ac60360cc3bdc2d7066,505
2,outer_train,7a0c183da7f1e9de6e5a0958,506
2,outer_train,94f4347d9e6c9499d5832948,507
2,outer_train,f960672865a8f2166ce095a7,508
2,outer_train,9a6d5cc9e901b49b670bdd72,510
2,outer_train,b1b1292a176240372686060d,511
2,outer_train,114666aa0964a4065def4629,512
2,outer_train,0a8ab13d0848d0ba587ddbf4,513
2,outer_train,580305f2136161ec3a855a24,515
2,outer_train,863e948ddbdbf9dc78908779,516
2,outer_train,fac524d54d79f0047672a3cf,517
2,outer_train,82736bf5f8d75b650b0af21b,518
2,outer_train,84aff28507056c6ee5107c02,519
2,outer_train,27869658e5477e81623057a9,520
2,outer_train,9aa8dcd0f0fe59b0a89deef5,521
2,outer_train,748bf29eefdf60e87ca29fb8,522
2,outer_train,9c0e1456884a8daa9c383fa2,524
2,outer_train,3b9c2908d9fea00a59e30894,527
2,outer_train,9a2a17d4a05e2bc93c9f47e9,528
2,outer_train,94c0ba655ebbecf7653a3796,530
2,outer_train,4435ed5b95b8083b31284048,531
2,outer_train,567b51058d7a63d4fd8fcb2b,532
2,outer_train,32f32ffec671d96dbd267fab,533
2,outer_train,65fc559f2b5bc22375f827eb,535
2,outer_train,c3a866a734a994edcb312d3e,536
2,outer_train,d59b7fa37d988a3688f04de9,537
2,outer_train,725ae2c951b34bfdf61845bd,538
2,outer_train,74761b127d813b5ceda81933,541
2,outer_train,c6e39aaf4d924d7414589996,544
2,outer_train,6dd2b5e368aac48f0c191b6d,545
2,outer_train,37c501905be4ac4931ef97ab,546
2,outer_train,3180996d053a0686846a82b5,547
2,outer_train,32e0383deb93cdf9b9639514,548
2,outer_train,591e0b2925208e0daa1cce7a,549
2,outer_train,2e8c20a682c6fe6b76faedb6,553
2,outer_train,1668c7bdddc031d5bdf0ebc8,554
2,outer_train,33eaa18ae9d39aeaf2699758,555
2,outer_train,518fdbfc7d439e7be6ab3915,556
2,outer_train,42215e3fb015bace8c26385c,558
2,outer_train,704263dbec8b95085ea8fb7f,559
2,outer_train,09ee2b7ecc004cca1ef0398f,560
2,outer_train,fbd8fafef953bd4b58448c16,561
2,outer_train,3c056581e7d0f513562c5dc5,562
2,outer_train,61a891d26988f674d251ee95,563
2,outer_train,2cdfc71829a74c5c83f6d78a,564
2,outer_train,4869ff1b49bb6f2901efb582,565
2,outer_train,b80fa010c53423f2b790a479,566
2,outer_train,795e3a1aa4869c40c88b6a5c,567
2,outer_train,d5344afae44cee8c072d176f,568
2,outer_train,8d85ceedf27d6a01ea446532,570
2,outer_train,a020c6ef6903f6a6fd8e3692,571
2,outer_train,263f6e9312b92bbdfadaebbb,572
2,outer_train,a3cef6382aa230e3653a7828,573
2,outer_train,931a3ecb8406033c749c4d7b,574
2,outer_train,7531966797bd2b737a3171f0,575
2,outer_train,1b0b0bfcf02caae798b7cfe8,576
2,outer_train,b95de708b224e6ac86f8b566,577
2,outer_train,3818eb9c6e28892ce9fe6f0f,578
2,outer_train,5db99cdf5d456681f4a0b779,581
2,outer_train,12ee0e469d32d116158cc0a8,583
2,outer_train,ab7f07707056747006c30e3b,584
2,outer_train,d397fd3854799fb274376a14,585
2,outer_train,e736e4684fbfb0a8216d872f,587
2,outer_train,4a2381da9e26e648324b4f0f,588
2,outer_train,3d6c73174cef8dcd45f8e8da,589
2,outer_train,4a7205458d4e508a7940b862,590
2,outer_train,153d5f89a417be303634fc62,591
2,outer_train,133a35dca44f6ab752af9ac7,593
2,outer_train,ae013efc6ef36d26ff28cd8f,594
2,outer_train,8d98d3fa164067d676255358,596
2,outer_train,a6fb2cd72a1ff0502c96250d,597
2,outer_train,5edc2596afa94b26a5c73e0f,598
2,outer_train,e007874301463e5def95599a,599
2,outer_train,5815caeb3b99b5e30a6dfc5d,601
2,outer_train,c2712b0bb6326e934dd667f3,602
2,outer_train,3b637534ec553f8dd0c862b9,603
2,outer_train,9bdb2433967bbfa6a4924a88,604
2,outer_train,f452e5441ede9e55be129a96,605
2,outer_train,7d39ade826bab1a684e7e85a,607
2,outer_train,5dc087cc0e9fd26cf7d1e68b,608
2,outer_train,5cc31c333f9568b880f0eeba,609
2,outer_train,c9a1578e765bd8a2e7947f04,613
2,outer_train,5b4cf6d819995c114800466f,614
2,outer_train,195c283f58feff13d6f1a894,615
2,outer_train,c5ebabdbc6a16d65a25fd863,617
2,outer_train,0514876d806373990d742d44,618
2,outer_train,fda31c7fca0a734fff0025d3,619
2,outer_train,f8974fe9f75b76ff0546c90f,620
2,outer_train,885bbd00d2fd614511389c22,621
2,outer_train,969444fd1bedd84c5e27eabc,622
2,outer_train,fb18b3b813b44ad7ec777c61,623
2,outer_train,8fbe9ed66bf5153233979e58,624
2,outer_train,c2ec1ddc9f643d3661ee6454,625
2,outer_train,a032222f8f99861aef60e8e1,627
2,outer_train,8888ccbdac9d4c50d5dad2a6,628
2,outer_train,9f3b2cd7bb1e90563b29426b,629
2,outer_train,fe924f873ac0834124e93536,630
2,outer_train,947cd070b5d2288cd8e7c3fb,631
2,outer_train,29f9aade8ee1503a1db59765,632
2,outer_train,268c4cd93dcc6bf26f549001,633
2,outer_train,f26aa86e9ef6c4d16045cb54,635
2,outer_train,dbd4b3360f5f153fcc6d9e8c,636
2,outer_train,7421d9f4a8369528722e8c72,637
2,outer_train,dcf07a69863c2bc7d55c82ba,638
2,outer_train,99c47b6c06cb15cdedaea3bb,640
2,outer_train,92f9f0afe84ceca07b1fe28d,642
2,outer_train,723beaf65f235553891e351b,643
2,outer_train,6fafafdc2945300748ff7a7a,644
2,outer_train,455515cc40392d2e71073c2d,645
2,outer_train,6616394cee532d0a91e893b9,646
2,outer_train,06a138b293efcb0adb9a43c8,647
2,outer_validation,fa91eeea11dc0aafdf055634,6
2,outer_validation,d9b5afee90179d49e3778cee,8
2,outer_validation,216943d74954bd92fc8b83d7,16
2,outer_validation,32016a27353f006be2192486,19
2,outer_validation,49d72e0930f4daa36ba0639e,49
2,outer_validation,56efab83aac76b5c3f0fdecb,51
2,outer_validation,9e7d20441ed9917942d4df2c,57
2,outer_validation,8f17c79f9abd88301719154f,58
2,outer_validation,a53cecb65e885383285dbda1,62
2,outer_validation,01ec263943a1c4b560e2b383,64
2,outer_validation,4d2998409eb5ddc1223fadec,82
2,outer_validation,6348deda18f3afdc7108d8f9,89
2,outer_validation,7e5815b2d93a97c803af1c65,92
2,outer_validation,27a02b49886b382398332f0e,97
2,outer_validation,33f01dd5e36a4e9a81c296c1,101
2,outer_validation,a9a075394d661bbe9571e2f5,102
2,outer_validation,678ae2534de3a7c786e57d2e,112
2,outer_validation,93d7916e9dca83eab5cd9a6f,123
2,outer_validation,a2ff9ec8827c9747bc6f9ccb,129
2,outer_validation,efdb761bf6d617ae462a15f6,131
2,outer_validation,fbc93eca29bbe5e083e4301e,132
2,outer_validation,81db6f6d96a3f8999e525b47,140
2,outer_validation,3e7ba7f23798671bec043dd7,143
2,outer_validation,1ef949854e135ebe33237822,153
2,outer_validation,e05d1737e3b42c17f247b1cd,155
2,outer_validation,246cbfe5c7041011d9bcf1c4,161
2,outer_validation,92438981111ac6aecf919159,162
2,outer_validation,6492475818137686c185477b,166
2,outer_validation,dcb41eec64dec2841a74f022,170
2,outer_validation,e5a8a79bb0dcc42612afc323,180
2,outer_validation,48d7fcb8f5e9fce382850feb,181
2,outer_validation,55aac4818850bf13e5b17e77,183
2,outer_validation,4f393f3221ff2d49368d47dc,188
2,outer_validation,eef82e9e7950d5accc1ee017,196
2,outer_validation,28bab95ea42bf364f38eaca9,198
2,outer_validation,e3c9a683a7fe23bc282815a5,205
2,outer_validation,0a2e7c512af00ab3439ad3de,207
2,outer_validation,2608472eff0a2f8ecf124fe0,214
2,outer_validation,756a81375bc14355879bcafc,219
2,outer_validation,e9e17601a5433f547c45d479,227
2,outer_validation,6c481a6b1b316c770fd2723b,230
2,outer_validation,1aa53a8381071ef768bbf30e,234
2,outer_validation,4659129cc274372dba26acca,238
2,outer_validation,cbfcddc987d1bf6954572087,239
2,outer_validation,e3890d61a8b560ae99d768b8,241
2,outer_validation,df434aea1c153879cf929ef4,242
2,outer_validation,58fb6019a99aae22832a4e5d,260
2,outer_validation,98ab9747edc33134753eb494,282
2,outer_validation,4c343a572ed2f51f7811428f,286
2,outer_validation,655d4c9d951775978cefbd77,287
2,outer_validation,0de634022220cb2c675970b2,292
2,outer_validation,fec366ff0d8d37fe8cdb7e47,295
2,outer_validation,ff28ec9a24504f0ad97a581c,296
2,outer_validation,83ceea235b937819d0717c45,297
2,outer_validation,465710d7e8dc6f51d7c5661c,301
2,outer_validation,4d23f96d8c057df8bfd9393f,303
2,outer_validation,1be7b16830ab4b27c356338d,307
2,outer_validation,47b3089f85c7b9dbd8b5d8c7,328
2,outer_validation,e76fa0c499949028c45580a4,330
2,outer_validation,b3fca651aa94ae1909f55e45,333
2,outer_validation,3ec549f10531983a7c1d8029,336
2,outer_validation,340b355b25d29597707e85ba,339
2,outer_validation,e8040bfc993750fa1cb86bfb,340
2,outer_validation,925fc8a92812808e66e1a2f3,342
2,outer_validation,df1a1059f46a82e464e5740c,344
2,outer_validation,896b472ceae1dc4d38e9c3b4,345
2,outer_validation,56833b5e59b83b4f32c3a457,353
2,outer_validation,b241931201f7dfbc56d401a0,361
2,outer_validation,18659792ff6927fe32b1cffd,377
2,outer_validation,645c159483f29e854bec1abd,380
2,outer_validation,0566fe92dc6c3a9306a62b2f,383
2,outer_validation,e572d221855a5adaf07a70ce,384
2,outer_validation,3233dd1a1c21e9551506ee01,390
2,outer_validation,6366da1352359a6d68e036d9,395
2,outer_validation,b4b37a9fc124a629a39c0478,400
2,outer_validation,ac6ecd274fa88b6911316833,413
2,outer_validation,193e9b30371efd6d82c3b818,428
2,outer_validation,ba30ba58aa99357aa252cf63,430
2,outer_validation,bb0bee4a1a7520010bf28e0f,438
2,outer_validation,054f19e9e724d2eb304fe81c,441
2,outer_validation,2c6dd6eb7a88f407f991db7f,452
2,outer_validation,f61584be66586b021ad86b31,457
2,outer_validation,dbf6fbb6c31bd231377f09ce,462
2,outer_validation,13db169b67242471d465b74b,463
2,outer_validation,1d30714b81598c27b3f0fd15,464
2,outer_validation,51bc4bdcb4794b291ae601bf,466
2,outer_validation,96553660be3cbcb4687951bf,473
2,outer_validation,b020a8b90a42d0a9e773abf0,474
2,outer_validation,238608de79f26ff75e2c440d,477
2,outer_validation,0db55534d738265db43c7fa8,478
2,outer_validation,483f8465e14ee237cc011b6c,479
2,outer_validation,6b263add7492e69c05b1e9df,483
2,outer_validation,36485a1ee7bd9b4ed1fffc25,485
2,outer_validation,55f95d0f696e47a5233e12f1,492
2,outer_validation,fbf8dbbb76fadb4088f7d0e1,495
2,outer_validation,70423bb435cfeb615c31346f,499
2,outer_validation,83eb4b8bcfb9bd233a240b4a,502
2,outer_validation,74749913c48b087815942c21,509
2,outer_validation,7d1a3b5ae040c97e1e8a5372,514
2,outer_validation,66c726a45d561a1951ee1086,523
2,outer_validation,86ab9b8914e97d4b68b28073,525
2,outer_validation,41cc5739d3b3a59eed53af14,526
2,outer_validation,6a4a748f010fc62dbd4b7fe6,529
2,outer_validation,0fad74a0fd6408dbdd3a15ac,534
2,outer_validation,6a58d12aa277e7a555662a64,539
2,outer_validation,b3595bfef31740390a05743b,540
2,outer_validation,f03156c06892533477ff6a8f,542
2,outer_validation,9fbf1aa50939ed0117564771,543
2,outer_validation,306ed7d31c2554e01005e465,550
2,outer_validation,d4d4e639d186d1acfe2feb36,551
2,outer_validation,6128c3bc85e185a537492d38,552
2,outer_validation,bff18148d733caf4bbd52154,557
2,outer_validation,583dbd920a042c0d3522732a,569
2,outer_validation,4ec73e8488f9b8b5c54f35da,579
2,outer_validation,8afae10ba35b9de8e46a3584,580
2,outer_validation,e0bb73d2b74da26414317f04,582
2,outer_validation,b88c431efd194d288b2ce6d5,586
2,outer_validation,82eb0d3498ec167f1817f327,592
2,outer_validation,02126ab9aaba51b86aff91c6,595
2,outer_validation,0e2ad4467cdf4c49ebbd4401,600
2,outer_validation,f743560800c4b57ffba48c2f,606
2,outer_validation,1b10c85d24b98f4711a46202,610
2,outer_validation,352c8eefb106edae37bab066,611
2,outer_validation,982bf2c30bf7b72e1f4a048e,612
2,outer_validation,ea5234a2daad0d379ce2a46b,616
2,outer_validation,a85b13da27b5f799210fe5d8,626
2,outer_validation,014862a8df939c8a9544f17e,634
2,outer_validation,a39700ded468076008d84ed5,639
2,outer_validation,23a8261970c78ffd960b6b9f,641
2,outer_validation,dbb49210dbde1670d516b99b,648
3,outer_train,25583514fb711cf5055024b7,0
3,outer_train,c5a5b7ef344bf052778d3d2e,2
3,outer_train,ae8f4754dee747ea937d41d1,3
3,outer_train,d55d18a461a5386113aa8bb8,4
3,outer_train,fa91eeea11dc0aafdf055634,6
3,outer_train,a333ce2c2dfe6669b3458088,7
3,outer_train,d9b5afee90179d49e3778cee,8
3,outer_train,3ecbf8145baf2f5a660a19e5,9
3,outer_train,6b2a271a79c7fff58cc11b06,10
3,outer_train,e4fa008ec6e0359a99ddc9e0,13
3,outer_train,563eecdccee0b6c92e2a846d,15
3,outer_train,216943d74954bd92fc8b83d7,16
3,outer_train,db420b41fbb6ac053c3222f8,17
3,outer_train,32016a27353f006be2192486,19
3,outer_train,269ea7dc25d403fd1f8fb38f,20
3,outer_train,2414d70eb17ed66e9fe4e60f,21
3,outer_train,51347524486732c735767628,22
3,outer_train,5b70ab52ef56f0c032f62e99,23
3,outer_train,7fd05acd7613d66b066e2caa,24
3,outer_train,ffa00790e9117278a84a416e,25
3,outer_train,42079209bbf738d55278bc6b,26
3,outer_train,c4d72af24e21d83adc33be65,27
3,outer_train,3fefe2982e01f3ef188b2008,28
3,outer_train,0c5a9b8ef7e95658cb75f712,29
3,outer_train,3d1557740744930b56026202,30
3,outer_train,fc567b31839fb5428ff559f3,31
3,outer_train,1abffab2044423658aa06a0e,33
3,outer_train,6699149e445b607bb383e91d,34
3,outer_train,ff58b499aaa43f1d0e3bb5a7,35
3,outer_train,80527f6c0a4b1e2bf6752a65,37
3,outer_train,f2e1f518841284cbbda861d3,38
3,outer_train,6dcc934e54a36b5d7813606e,41
3,outer_train,68fea513d4ecc8b97d0767a3,42
3,outer_train,af0853ef179d98af73890a93,43
3,outer_train,15f2368b81a9000c4bbedb76,44
3,outer_train,bcf90118f122e9f4cbf6207e,45
3,outer_train,635265ef47d4f4a3da4280e6,46
3,outer_train,2de78aa3c49b60d54544ce1d,47
3,outer_train,c335d606432d24bf92be4014,48
3,outer_train,49d72e0930f4daa36ba0639e,49
3,outer_train,1c223450c00e1b9070781c64,50
3,outer_train,56efab83aac76b5c3f0fdecb,51
3,outer_train,092591d40e4e78ba79471315,52
3,outer_train,1ee1757d3e620ed47197c5db,53
3,outer_train,e28633e343de1b13f04cb1e1,54
3,outer_train,fcf0f3bd2928f4688854d27a,55
3,outer_train,9e7d20441ed9917942d4df2c,57
3,outer_train,8f17c79f9abd88301719154f,58
3,outer_train,5a99adeafae5b9eddd0cc3b9,59
3,outer_train,a53cecb65e885383285dbda1,62
3,outer_train,01ec263943a1c4b560e2b383,64
3,outer_train,0d7ce2fe5500c55c21c45ca3,65
3,outer_train,558c093b280dd42bb2181856,66
3,outer_train,04af01ee4a4d5e4efed3b2ad,68
3,outer_train,8f0520fc7d9c57876442877c,71
3,outer_train,2642b554eead1eba4c509443,72
3,outer_train,e008819367446b278f013644,73
3,outer_train,74050ad7f2c657b0585e0c77,74
3,outer_train,c1facf8767c67436e84302dc,75
3,outer_train,365ccdcd104487ffede81490,77
3,outer_train,66fff8a6e524289fc7a6b9e8,79
3,outer_train,11b0be6bb7392ce4d61e552f,80
3,outer_train,28b22bfef40c89341278a04b,81
3,outer_train,4d2998409eb5ddc1223fadec,82
3,outer_train,003b8213058d193e1d6b7664,84
3,outer_train,c45b0ea64124185f1964ae9b,85
3,outer_train,cf242c66081051791a71b6b6,86
3,outer_train,f526f632813313105234482b,87
3,outer_train,d0ef336fafc7d648af694564,88
3,outer_train,6348deda18f3afdc7108d8f9,89
3,outer_train,efdc8ea966199f967b1400db,90
3,outer_train,da7251e0398e628ed7d7bb52,91
3,outer_train,7e5815b2d93a97c803af1c65,92
3,outer_train,c9b61623ac869a6fbfee83e3,93
3,outer_train,472ff1eded83adc5c4db1893,94
3,outer_train,0497e94a0b2c2e8df765446d,96
3,outer_train,27a02b49886b382398332f0e,97
3,outer_train,927607fa6e69011ab66f1c32,98
3,outer_train,6d41c904e62ba689c0abec9d,100
3,outer_train,33f01dd5e36a4e9a81c296c1,101
3,outer_train,a9a075394d661bbe9571e2f5,102
3,outer_train,2d37544e9a0f982a510b320d,103
3,outer_train,ed0c9ea523bb118dc3ecd91e,107
3,outer_train,62f415f38020908328b1a496,108
3,outer_train,92e5ccccaa4d1ff928312ba3,109
3,outer_train,5d68d503a75c1754dd014a6f,111
3,outer_train,678ae2534de3a7c786e57d2e,112
3,outer_train,d18f60e5b16ccb79782a280c,113
3,outer_train,a638a0e9d803508f556ed985,114
3,outer_train,db3e7e5c8a01509a66d2d9ae,115
3,outer_train,a9c0669a36dde3e30207991a,116
3,outer_train,96dd665c05e5f358278b175a,117
3,outer_train,d713ac51d45684554604df53,119
3,outer_train,2e2531dd8682f39a16d40364,120
3,outer_train,11bfed9d886542adfdb2d306,121
3,outer_train,adf1853a4797c52b3c54d55f,122
3,outer_train,93d7916e9dca83eab5cd9a6f,123
3,outer_train,436ebaab915d3d89f3bea6e1,125
3,outer_train,8765320141c10d57bb0305f8,126
3,outer_train,6ac8654fbe94646bee9caba0,127
3,outer_train,f06a0f60201cfcfd218b9f09,128
3,outer_train,a2ff9ec8827c9747bc6f9ccb,129
3,outer_train,3e1829da7847e399a47db658,130
3,outer_train,efdb761bf6d617ae462a15f6,131
3,outer_train,fbc93eca29bbe5e083e4301e,132
3,outer_train,95c95e3dfbd82c60a28857c4,133
3,outer_train,a59fedaa3efb7feab0b27d0f,134
3,outer_train,78105273acc8ff4d7ba913ee,136
3,outer_train,8ce67e3d0f23d3ae7f120dcc,137
3,outer_train,6dcc671138728489032566b4,139
3,outer_train,81db6f6d96a3f8999e525b47,140
3,outer_train,2889d652d498d26e1a86d9f0,141
3,outer_train,3e7ba7f23798671bec043dd7,143
3,outer_train,a095fa845972876092a7dad9,145
3,outer_train,d5af7d2f1e0cd4dd5e93d28f,146
3,outer_train,b5a79af07479f450e284c418,147
3,outer_train,8f1fea40bc552b55912962e1,148
3,outer_train,415a9701686a418987d0f294,149
3,outer_train,a18dffd2a2170cff7db10ca6,150
3,outer_train,7dbe2ee95d150b79f26144d9,151
3,outer_train,1ef949854e135ebe33237822,153
3,outer_train,d7fd6388afd4122c2d4f7e76,154
3,outer_train,e05d1737e3b42c17f247b1cd,155
3,outer_train,2e664d9b0038aa18e2bbca45,156
3,outer_train,a96a4cf90322c8586f30256b,157
3,outer_train,1c6105f16e30325f5de79e03,159
3,outer_train,246cbfe5c7041011d9bcf1c4,161
3,outer_train,92438981111ac6aecf919159,162
3,outer_train,9d0fd8e3f78bbc348eea76ec,163
3,outer_train,04d7fed738d8406607ebaa82,164
3,outer_train,6492475818137686c185477b,166
3,outer_train,0a7145c4effe18483ca4b4dc,167
3,outer_train,ed5a73f0e396e0690f6114c0,168
3,outer_train,dcb41eec64dec2841a74f022,170
3,outer_train,e5bb59579831860366ff9f04,171
3,outer_train,4bed415cc2deb5af645a5d4a,173
3,outer_train,626bcc041dd3c26ee1ad1ddf,174
3,outer_train,2b46a2fce021467fa635a617,175
3,outer_train,a239058b42bbac707462d957,176
3,outer_train,976f6579d2de7a304d9a79d7,177
3,outer_train,6a38820210cf36b7b4141d33,178
3,outer_train,f1b04492e72dd9d413793235,179
3,outer_train,e5a8a79bb0dcc42612afc323,180
3,outer_train,48d7fcb8f5e9fce382850feb,181
3,outer_train,62e54325ef1dd8f3b861d694,182
3,outer_train,55aac4818850bf13e5b17e77,183
3,outer_train,8640ea3a2e47bdda329f6905,184
3,outer_train,d71fd2cbdc3020af5c2436a1,186
3,outer_train,4f393f3221ff2d49368d47dc,188
3,outer_train,8544356b01603746e8252860,189
3,outer_train,2a9a533dac762a94ddb79366,190
3,outer_train,0d6c818e88258f0c9d51211c,191
3,outer_train,6806d221bbc2161481fbb58e,192
3,outer_train,4639d9d755efad7b2f170020,193
3,outer_train,3e75f2b673d22067f7b23d15,195
3,outer_train,eef82e9e7950d5accc1ee017,196
3,outer_train,28bab95ea42bf364f38eaca9,198
3,outer_train,b1cb45f02d40226a0e0b46e3,199
3,outer_train,d13a100ee1a27ca404621b12,200
3,outer_train,10b4058da59f4391abafb682,201
3,outer_train,860d64693ed6fdae501c03d9,202
3,outer_train,b7bb5b26676989c2e81d3cb3,203
3,outer_train,8ba6b6052b9a494a51b1ec18,204
3,outer_train,e3c9a683a7fe23bc282815a5,205
3,outer_train,0a2e7c512af00ab3439ad3de,207
3,outer_train,884ecf9bed46e1125a932991,208
3,outer_train,330e685f8ebcffcc408f6f0d,209
3,outer_train,5f8938de734ac2446c4efdc7,211
3,outer_train,7fed798d713b0dec79732e22,212
3,outer_train,462d168f5e795110238c5c7b,213
3,outer_train,2608472eff0a2f8ecf124fe0,214
3,outer_train,d3a2b127a9730c767efcea06,215
3,outer_train,7135be2d275b07c4fc28cedb,217
3,outer_train,4791df78dc39e4171eff0dd0,218
3,outer_train,756a81375bc14355879bcafc,219
3,outer_train,2b0445952ee5f497fddd54b9,220
3,outer_train,18de1573343fa75ca8fc108d,221
3,outer_train,7f029bc34a832b95bb174ce5,222
3,outer_train,76949fe7277bf63e3f407190,224
3,outer_train,0917203aee750f4623043a23,225
3,outer_train,e9e17601a5433f547c45d479,227
3,outer_train,66c4f7bb33ab54562dc46cff,228
3,outer_train,6c481a6b1b316c770fd2723b,230
3,outer_train,f8b2986133ec4d6360d9936a,231
3,outer_train,65b6dea4581648cd644993f0,232
3,outer_train,1aa53a8381071ef768bbf30e,234
3,outer_train,829e363f591777aa9c471180,235
3,outer_train,e2de995c1b1b3c11d42d9352,236
3,outer_train,ec4821a43fdc18c00ca657e9,237
3,outer_train,4659129cc274372dba26acca,238
3,outer_train,cbfcddc987d1bf6954572087,239
3,outer_train,e3890d61a8b560ae99d768b8,241
3,outer_train,df434aea1c153879cf929ef4,242
3,outer_train,3d485033f82717074455e11b,243
3,outer_train,2ec03fe5491eccfb6e9a93fc,244
3,outer_train,7bead04b5f80235ce976fa20,246
3,outer_train,e0b3150586932c59cb627fc7,247
3,outer_train,dc937a340fad67b01973d85c,248
3,outer_train,233ff79cce85099e9d28415a,250
3,outer_train,131b769b665e123ef4238186,251
3,outer_train,24ac726ee2c0820e220b1156,252
3,outer_train,677d14642df8a20763e35f2a,253
3,outer_train,e83203311725723e9b3a66a0,254
3,outer_train,4ca69ccdb230964f671bbe5a,255
3,outer_train,1e93ac6ffe340447ecf9ec70,256
3,outer_train,58fb6019a99aae22832a4e5d,260
3,outer_train,68f43284eacba58d59c6e6f9,264
3,outer_train,253ae6b6a64b0fba08ac7cfb,265
3,outer_train,b1a51ad1f9c965c462f2c446,267
3,outer_train,81b59faa4044e8bf34347399,269
3,outer_train,c36e18d8fb8395059d084609,271
3,outer_train,4190e088e60e3f07a810c9a6,272
3,outer_train,c8c0e550481dc8d2b73bbd71,273
3,outer_train,1f95467f20007cc445340364,274
3,outer_train,4c876b1f28f6bd60b55349c5,275
3,outer_train,c3ae6e48db20474475339664,276
3,outer_train,c4026e94e71b60cc55a352bf,277
3,outer_train,fafd62914ad92b2bf8442c5b,278
3,outer_train,768e4c2def8bf955791617d4,279
3,outer_train,51490a4a85a64070b50ff906,281
3,outer_train,98ab9747edc33134753eb494,282
3,outer_train,51bba03c5f3bb8f740aa1822,283
3,outer_train,29e50f34f83401157eed7807,284
3,outer_train,7df57cbdd360baf014389a04,285
3,outer_train,4c343a572ed2f51f7811428f,286
3,outer_train,655d4c9d951775978cefbd77,287
3,outer_train,43c4d4f128a2603405a3188a,289
3,outer_train,bd520f07817d44c5a28f300a,290
3,outer_train,0c96e427a7af81500c209dd5,291
3,outer_train,0de634022220cb2c675970b2,292
3,outer_train,14505c0b686613a33c8904a0,293
3,outer_train,53c403519c4812eb9a6cd233,294
3,outer_train,fec366ff0d8d37fe8cdb7e47,295
3,outer_train,ff28ec9a24504f0ad97a581c,296
3,outer_train,83ceea235b937819d0717c45,297
3,outer_train,4ef6e91f84fe2d7322b1a63b,299
3,outer_train,165efcfe518fb394fc8f1487,300
3,outer_train,465710d7e8dc6f51d7c5661c,301
3,outer_train,3bc51b719f8bcae48aeba917,302
3,outer_train,4d23f96d8c057df8bfd9393f,303
3,outer_train,57d6cfa8c2a29205a0af2492,304
3,outer_train,9bca1bc4a9a477ccb8e0f161,305
3,outer_train,6ab9231fa201f8a1f3db2461,306
3,outer_train,1be7b16830ab4b27c356338d,307
3,outer_train,c7b94d60de1cb433424c1774,308
3,outer_train,93484519b378327171b5780d,311
3,outer_train,0d94c053f06e7c6715ba16cb,312
3,outer_train,8fb3d365a25a9932ebf3b225,314
3,outer_train,598afd2c6f273b9e6d9fb933,315
3,outer_train,7af5c9bf40faf79f734fa44c,316
3,outer_train,e0655cc4aac307a3b43af8b1,318
3,outer_train,8fb6fcf6e5c5d752629f73e9,319
3,outer_train,0f52bbadc4de1aae074e2a9d,320
3,outer_train,7da771f1b39c36fc46c81da7,321
3,outer_train,7e5d8816d1a160070960d6df,323
3,outer_train,df3b4d58e8b79fc6e1f07df7,324
3,outer_train,f2e1fe0e535053b94cd12181,326
3,outer_train,3c06d396af8b6de6bccf7366,327
3,outer_train,47b3089f85c7b9dbd8b5d8c7,328
3,outer_train,e76fa0c499949028c45580a4,330
3,outer_train,73284d3ff2b976c243e43dc1,331
3,outer_train,90951088189ce4076d6ad0fb,332
3,outer_train,b3fca651aa94ae1909f55e45,333
3,outer_train,11650fc851d39932c6c4d0e0,334
3,outer_train,45a551faeb887c63825675b4,335
3,outer_train,3ec549f10531983a7c1d8029,336
3,outer_train,213e3c016e3a8c290afe2fba,337
3,outer_train,4098162760db0b2e90e0f5f3,338
3,outer_train,340b355b25d29597707e85ba,339
3,outer_train,e8040bfc993750fa1cb86bfb,340
3,outer_train,613d6fcf8f20b33209d19a52,341
3,outer_train,925fc8a92812808e66e1a2f3,342
3,outer_train,288d4b281d88d5bf2f4226dd,343
3,outer_train,df1a1059f46a82e464e5740c,344
3,outer_train,896b472ceae1dc4d38e9c3b4,345
3,outer_train,f9147e9955a33e2239da323f,346
3,outer_train,7dc9153f7cec229d1f848b77,347
3,outer_train,fa15e1a8dc0f6bd125da6ebd,349
3,outer_train,27096605d44764032703b8e3,352
3,outer_train,56833b5e59b83b4f32c3a457,353
3,outer_train,4ea238479c5121599cfb7a17,354
3,outer_train,aabf59a4cf7d2e2586fe88ca,355
3,outer_train,fd18f2882a157f382228493e,357
3,outer_train,e1993a18b1bc8427a9d878ff,358
3,outer_train,392c09e5988fdb0d2eabd825,359
3,outer_train,b241931201f7dfbc56d401a0,361
3,outer_train,cc08ac6e86641865b07f5f9a,362
3,outer_train,c6eceb5ca0994be407a44683,364
3,outer_train,165dd47b2688a8afb3e9e50e,366
3,outer_train,68d425c5400aa01a4eabdf05,367
3,outer_train,bee752cabe6b06b3a8bab5ed,369
3,outer_train,e3a865e0cc29682910e81dfe,371
3,outer_train,9d4e2745d5a47d4e2fc97cc4,372
3,outer_train,398df0fe7a4d1e656b7a4e67,373
3,outer_train,d0758e8790b2bb5cf372ca37,374
3,outer_train,d5edabddfb2459d50dd826e2,375
3,outer_train,406ff8b341d21a4e4cff040e,376
3,outer_train,18659792ff6927fe32b1cffd,377
3,outer_train,1aafe31220d145b219f6e03e,378
3,outer_train,0195e659df141129727a4c12,379
3,outer_train,645c159483f29e854bec1abd,380
3,outer_train,01fde1a1601e88342c0c8083,381
3,outer_train,0566fe92dc6c3a9306a62b2f,383
3,outer_train,e572d221855a5adaf07a70ce,384
3,outer_train,3279926dbc88cd564b5a1bba,387
3,outer_train,f5756dca7be8deca72ba5b99,389
3,outer_train,3233dd1a1c21e9551506ee01,390
3,outer_train,a718a07684aa0085d6b136ae,391
3,outer_train,6366da1352359a6d68e036d9,395
3,outer_train,a4c6b75fe91bc602a7b76994,396
3,outer_train,51924a00e6cde6248459bfed,397
3,outer_train,c1125d9bfbbbeefb69a0814b,398
3,outer_train,b4b37a9fc124a629a39c0478,400
3,outer_train,4d6a2fd9174f4583a0bede46,401
3,outer_train,608883da308c872fd33ce9a4,402
3,outer_train,7ec7018339f9b1d6dd828343,404
3,outer_train,edd4f8f3b38736eee47c5a09,405
3,outer_train,9b48512f6421847787781c3e,406
3,outer_train,11409c88b3cacaf1344261f0,407
3,outer_train,af08e12c0b5c87fa91c627ad,408
3,outer_train,deafcf55ed9d999df8c6b499,409
3,outer_train,5efe74a48355532333671941,411
3,outer_train,2ef45e0f2fc8a2edca32790f,412
3,outer_train,ac6ecd274fa88b6911316833,413
3,outer_train,2830666b12bc6c28a57ef666,414
3,outer_train,56cb1ff8d66e44bc5a968a24,416
3,outer_train,385256bd6f4b10217d4189f0,417
3,outer_train,a32b70ff0d4d9feb7a3c0aaa,419
3,outer_train,28aaf3fe70d8bf7c0266eaf3,420
3,outer_train,a6b969690cb0eeeffcb813c8,421
3,outer_train,14b8aafa59cabbcf73040a94,422
3,outer_train,bc226ea29fe68874768bb37c,424
3,outer_train,25660d745934d26d76e2a857,425
3,outer_train,43bcb2e5d4c16c6ef720a31c,426
3,outer_train,dcd2ea737e7c1182c54b9202,427
3,outer_train,193e9b30371efd6d82c3b818,428
3,outer_train,469a167b82ff2483ad6bb72c,429
3,outer_train,ba30ba58aa99357aa252cf63,430
3,outer_train,ee2a92686e5a1fa382ae804d,431
3,outer_train,8b9d94c13ac09cd335989165,432
3,outer_train,b2cf0f865928e1ee2449484f,433
3,outer_train,48528f3c65ad7e4eec9cf3cd,434
3,outer_train,9e83d9dd550db5630aa64c86,435
3,outer_train,f88b023107771a80ad05a856,436
3,outer_train,a0aec45e0096ca312adcd0a6,437
3,outer_train,bb0bee4a1a7520010bf28e0f,438
3,outer_train,4afe90a99f7d343179ae5391,440
3,outer_train,054f19e9e724d2eb304fe81c,441
3,outer_train,eab11e7cade51ab754c1fb18,442
3,outer_train,8e2c9ecd6621dd22e70c6a4c,444
3,outer_train,a79a9f35732ff772a6ef319a,446
3,outer_train,d719f632285cf52ae4f49bbc,447
3,outer_train,e53e697ae3e795444ac2093a,448
3,outer_train,a9732bdacde9fa3417896f77,449
3,outer_train,9ea12cda7e1059ae65c96e91,450
3,outer_train,2c6dd6eb7a88f407f991db7f,452
3,outer_train,0d862771f7c9e6e7bf1eb04a,453
3,outer_train,055be93f261849a697cc9af4,454
3,outer_train,75662807e97977cfb409e07c,455
3,outer_train,1559ee66c0dfce04efb9b324,456
3,outer_train,f61584be66586b021ad86b31,457
3,outer_train,c81606cdacf5e566597adfae,458
3,outer_train,7d36d0a4cc6293cf87ffeef7,459
3,outer_train,ea4c847140ec440311d479a6,460
3,outer_train,6009304cf78675b218a4a73b,461
3,outer_train,dbf6fbb6c31bd231377f09ce,462
3,outer_train,13db169b67242471d465b74b,463
3,outer_train,1d30714b81598c27b3f0fd15,464
3,outer_train,51bc4bdcb4794b291ae601bf,466
3,outer_train,f74bfe7d693ccc2f63b31ba6,467
3,outer_train,4dff7054975637cb95304e96,468
3,outer_train,c2630c4b38f954a9622974f8,470
3,outer_train,b64ca38e62c45275d451abba,471
3,outer_train,04fb70c43e5b502f1dbad4f2,472
3,outer_train,96553660be3cbcb4687951bf,473
3,outer_train,b020a8b90a42d0a9e773abf0,474
3,outer_train,12c78499670d6a1ba0c19952,475
3,outer_train,238608de79f26ff75e2c440d,477
3,outer_train,0db55534d738265db43c7fa8,478
3,outer_train,483f8465e14ee237cc011b6c,479
3,outer_train,48bdbd990e010c135665e919,480
3,outer_train,259177315e9226ffcbb2992f,481
3,outer_train,6b263add7492e69c05b1e9df,483
3,outer_train,0ca51912dba7998913b834e0,484
3,outer_train,36485a1ee7bd9b4ed1fffc25,485
3,outer_train,c03dce093611726070d3b841,487
3,outer_train,c38a95120b6ebf44187bd1cc,488
3,outer_train,167cbac46a43ad1ef289f8b6,489
3,outer_train,d68cefefc09ce67ee4c9ced1,490
3,outer_train,5ec46abe2f638cf036be1b12,491
3,outer_train,55f95d0f696e47a5233e12f1,492
3,outer_train,005065870c9a314198939180,493
3,outer_train,55708b3672b33d5718a3484b,494
3,outer_train,fbf8dbbb76fadb4088f7d0e1,495
3,outer_train,4c40205da2a9c384041987c6,496
3,outer_train,1d58a8bd32e3548d3340bd10,497
3,outer_train,dfdb13da2101a16bdac72ac7,498
3,outer_train,70423bb435cfeb615c31346f,499
3,outer_train,4e0f1f134933e389d50b18c8,501
3,outer_train,83eb4b8bcfb9bd233a240b4a,502
3,outer_train,6b88f298f76a06702802404a,504
3,outer_train,1fda1ac60360cc3bdc2d7066,505
3,outer_train,94f4347d9e6c9499d5832948,507
3,outer_train,74749913c48b087815942c21,509
3,outer_train,9a6d5cc9e901b49b670bdd72,510
3,outer_train,b1b1292a176240372686060d,511
3,outer_train,114666aa0964a4065def4629,512
3,outer_train,0a8ab13d0848d0ba587ddbf4,513
3,outer_train,7d1a3b5ae040c97e1e8a5372,514
3,outer_train,863e948ddbdbf9dc78908779,516
3,outer_train,fac524d54d79f0047672a3cf,517
3,outer_train,82736bf5f8d75b650b0af21b,518
3,outer_train,84aff28507056c6ee5107c02,519
3,outer_train,27869658e5477e81623057a9,520
3,outer_train,9aa8dcd0f0fe59b0a89deef5,521
3,outer_train,748bf29eefdf60e87ca29fb8,522
3,outer_train,66c726a45d561a1951ee1086,523
3,outer_train,86ab9b8914e97d4b68b28073,525
3,outer_train,41cc5739d3b3a59eed53af14,526
3,outer_train,3b9c2908d9fea00a59e30894,527
3,outer_train,6a4a748f010fc62dbd4b7fe6,529
3,outer_train,94c0ba655ebbecf7653a3796,530
3,outer_train,4435ed5b95b8083b31284048,531
3,outer_train,32f32ffec671d96dbd267fab,533
3,outer_train,0fad74a0fd6408dbdd3a15ac,534
3,outer_train,65fc559f2b5bc22375f827eb,535
3,outer_train,d59b7fa37d988a3688f04de9,537
3,outer_train,725ae2c951b34bfdf61845bd,538
3,outer_train,6a58d12aa277e7a555662a64,539
3,outer_train,b3595bfef31740390a05743b,540
3,outer_train,f03156c06892533477ff6a8f,542
3,outer_train,9fbf1aa50939ed0117564771,543
3,outer_train,37c501905be4ac4931ef97ab,546
3,outer_train,3180996d053a0686846a82b5,547
3,outer_train,32e0383deb93cdf9b9639514,548
3,outer_train,591e0b2925208e0daa1cce7a,549
3,outer_train,306ed7d31c2554e01005e465,550
3,outer_train,d4d4e639d186d1acfe2feb36,551
3,outer_train,6128c3bc85e185a537492d38,552
3,outer_train,2e8c20a682c6fe6b76faedb6,553
3,outer_train,1668c7bdddc031d5bdf0ebc8,554
3,outer_train,33eaa18ae9d39aeaf2699758,555
3,outer_train,518fdbfc7d439e7be6ab3915,556
3,outer_train,bff18148d733caf4bbd52154,557
3,outer_train,4869ff1b49bb6f2901efb582,565
3,outer_train,b80fa010c53423f2b790a479,566
3,outer_train,d5344afae44cee8c072d176f,568
3,outer_train,583dbd920a042c0d3522732a,569
3,outer_train,8d85ceedf27d6a01ea446532,570
3,outer_train,a020c6ef6903f6a6fd8e3692,571
3,outer_train,263f6e9312b92bbdfadaebbb,572
3,outer_train,a3cef6382aa230e3653a7828,573
3,outer_train,931a3ecb8406033c749c4d7b,574
3,outer_train,7531966797bd2b737a3171f0,575
3,outer_train,1b0b0bfcf02caae798b7cfe8,576
3,outer_train,b95de708b224e6ac86f8b566,577
3,outer_train,3818eb9c6e28892ce9fe6f0f,578
3,outer_train,4ec73e8488f9b8b5c54f35da,579
3,outer_train,8afae10ba35b9de8e46a3584,580
3,outer_train,5db99cdf5d456681f4a0b779,581
3,outer_train,e0bb73d2b74da26414317f04,582
3,outer_train,12ee0e469d32d116158cc0a8,583
3,outer_train,ab7f07707056747006c30e3b,584
3,outer_train,d397fd3854799fb274376a14,585
3,outer_train,b88c431efd194d288b2ce6d5,586
3,outer_train,e736e4684fbfb0a8216d872f,587
3,outer_train,4a2381da9e26e648324b4f0f,588
3,outer_train,3d6c73174cef8dcd45f8e8da,589
3,outer_train,4a7205458d4e508a7940b862,590
3,outer_train,153d5f89a417be303634fc62,591
3,outer_train,82eb0d3498ec167f1817f327,592
3,outer_train,133a35dca44f6ab752af9ac7,593
3,outer_train,ae013efc6ef36d26ff28cd8f,594
3,outer_train,02126ab9aaba51b86aff91c6,595
3,outer_train,8d98d3fa164067d676255358,596
3,outer_train,0e2ad4467cdf4c49ebbd4401,600
3,outer_train,5815caeb3b99b5e30a6dfc5d,601
3,outer_train,c2712b0bb6326e934dd667f3,602
3,outer_train,3b637534ec553f8dd0c862b9,603
3,outer_train,9bdb2433967bbfa6a4924a88,604
3,outer_train,f452e5441ede9e55be129a96,605
3,outer_train,f743560800c4b57ffba48c2f,606
3,outer_train,7d39ade826bab1a684e7e85a,607
3,outer_train,5dc087cc0e9fd26cf7d1e68b,608
3,outer_train,1b10c85d24b98f4711a46202,610
3,outer_train,352c8eefb106edae37bab066,611
3,outer_train,982bf2c30bf7b72e1f4a048e,612
3,outer_train,c9a1578e765bd8a2e7947f04,613
3,outer_train,5b4cf6d819995c114800466f,614
3,outer_train,195c283f58feff13d6f1a894,615
3,outer_train,ea5234a2daad0d379ce2a46b,616
3,outer_train,c5ebabdbc6a16d65a25fd863,617
3,outer_train,0514876d806373990d742d44,618
3,outer_train,fda31c7fca0a734fff0025d3,619
3,outer_train,f8974fe9f75b76ff0546c90f,620
3,outer_train,885bbd00d2fd614511389c22,621
3,outer_train,969444fd1bedd84c5e27eabc,622
3,outer_train,8fbe9ed66bf5153233979e58,624
3,outer_train,c2ec1ddc9f643d3661ee6454,625
3,outer_train,a85b13da27b5f799210fe5d8,626
3,outer_train,a032222f8f99861aef60e8e1,627
3,outer_train,9f3b2cd7bb1e90563b29426b,629
3,outer_train,fe924f873ac0834124e93536,630
3,outer_train,947cd070b5d2288cd8e7c3fb,631
3,outer_train,29f9aade8ee1503a1db59765,632
3,outer_train,268c4cd93dcc6bf26f549001,633
3,outer_train,014862a8df939c8a9544f17e,634
3,outer_train,f26aa86e9ef6c4d16045cb54,635
3,outer_train,7421d9f4a8369528722e8c72,637
3,outer_train,dcf07a69863c2bc7d55c82ba,638
3,outer_train,a39700ded468076008d84ed5,639
3,outer_train,99c47b6c06cb15cdedaea3bb,640
3,outer_train,23a8261970c78ffd960b6b9f,641
3,outer_train,723beaf65f235553891e351b,643
3,outer_train,6fafafdc2945300748ff7a7a,644
3,outer_train,455515cc40392d2e71073c2d,645
3,outer_train,6616394cee532d0a91e893b9,646
3,outer_train,06a138b293efcb0adb9a43c8,647
3,outer_train,dbb49210dbde1670d516b99b,648
3,outer_validation,5fa3a0cd35ea322993c58a83,1
3,outer_validation,3b8b9870fee8a236f8e6685e,5
3,outer_validation,05501c8bf5f5ed2319e15e93,11
3,outer_validation,2ff152d06f2d9a67fe825401,12
3,outer_validation,29eebc2eacd5deaef966201b,14
3,outer_validation,94123f2c686648889620c97d,18
3,outer_validation,3d9eb715b79c8eaca0d52c0c,32
3,outer_validation,1da88f7897cd9f1f74717b00,36
3,outer_validation,cf8dd309614c3b1deea29858,39
3,outer_validation,bdfd12a12472208c9d4127e2,40
3,outer_validation,8660a1fcbd2a602eb81a3572,56
3,outer_validation,7489093e620a985d9f852efa,60
3,outer_validation,8afd4ccc0c47fe966271226b,61
3,outer_validation,2d96e47ba548c2adcfa1bddd,63
3,outer_validation,dddf5f4ddbbccb7e98562be7,67
3,outer_validation,d4b9e932332395282e7c69fe,69
3,outer_validation,c4b37c80f1ffb7f9b06a6ed9,70
3,outer_validation,5a0a45c29bf310bddc767783,76
3,outer_validation,45bb8eb487e566f6af50eea2,78
3,outer_validation,2d992a7e494947b9e82d7e97,83
3,outer_validation,6cc8a4e361dffde0556b7995,95
3,outer_validation,0f1e5ba7453e9d9e838f00ea,99
3,outer_validation,4061fde2d309f4334b2d4dd8,104
3,outer_validation,4feb4f67b4e8c853cfcb4db4,105
3,outer_validation,61496b6ed753ad62b05ea8c4,106
3,outer_validation,fb7b4d964e4f1d5cf6443522,110
3,outer_validation,fda59aae8e890a9462ceffe0,118
3,outer_validation,e622a05349f2b3f5752984d0,124
3,outer_validation,bd9bbe92ac3d92dfdd331f55,135
3,outer_validation,13475ea9ccf4566532d77dd5,138
3,outer_validation,ffbd1a52bf57de55cc36cd2f,142
3,outer_validation,8cd5154e4ed15b13d6d315f0,144
3,outer_validation,f8a772d6358d9f81b2867bd6,152
3,outer_validation,958335c01584198d9134b8fd,158
3,outer_validation,7d5ee9c642b431a556181314,160
3,outer_validation,599505e725e7223ca8fa9d0b,165
3,outer_validation,0e8587ab0498d6ba11ebdf22,169
3,outer_validation,e0a7aa100b9e2d1609cf8c3b,172
3,outer_validation,72443cc5fbf5bddd2328fb0a,185
3,outer_validation,1f9d504973a34644d0a6547e,187
3,outer_validation,4f78ac42f788ed127dba0db1,194
3,outer_validation,80ffcddeb52947ac076291ca,197
3,outer_validation,5fe72ea869ad396c5ecb0cb8,206
3,outer_validation,fa9799c289b86b4ee018e38c,210
3,outer_validation,4a6cf3193ad7cd5ef45941fb,216
3,outer_validation,cd3fac588c7f6d21c05759e4,223
3,outer_validation,0fedd627771da20b68627543,226
3,outer_validation,34359755d94ab99f5b6da5fa,229
3,outer_validation,6734971222e12d0d78d2b7fe,233
3,outer_validation,6449cb261adf2f5940c29200,240
3,outer_validation,223edaaa9f4b18517a170ffb,245
3,outer_validation,2473c5daf1358664bf9b9d4a,249
3,outer_validation,aacf72f54cc03c50fb725df6,257
3,outer_validation,ff2a98068f270f050fcc38a8,258
3,outer_validation,fc1f9307f8d2c3155ef54dad,259
3,outer_validation,9b3c4e2ebf551ce883a31c00,261
3,outer_validation,9f9884dddb316b7f605ee591,262
3,outer_validation,5e5ce5ca39f824f7bba7f6b7,263
3,outer_validation,41f820264ac30a8923599757,266
3,outer_validation,0087fc3bdd5a7dc0d6fb4c6f,268
3,outer_validation,7296b9aeb4b261c21ba89593,270
3,outer_validation,11d9faeb7252494480a5f153,280
3,outer_validation,e4f575e656bbfa074a4588ca,288
3,outer_validation,822d410c02e6ab3a68029077,298
3,outer_validation,d83c4cfe7f38205ec7e26e5e,309
3,outer_validation,cd5761d06538071cfda95fe3,310
3,outer_validation,78100aa4aa1bc5eb41e23d8b,313
3,outer_validation,3e21961c9b6fd3d27f6613df,317
3,outer_validation,d07d988551c9a4a5454abe96,322
3,outer_validation,1fcdb7c4121588d7d0d96d96,325
3,outer_validation,1bca155c795b4ef273f7ced0,329
3,outer_validation,16f63760ba94c82d36740bd0,348
3,outer_validation,2c49a6e0cab2ee9afbdabca1,350
3,outer_validation,b2f40947acb6ab96726dbde8,351
3,outer_validation,aea8ed246c137c50193c4728,356
3,outer_validation,2a8ec18fa13d39b80de2fae8,360
3,outer_validation,532fab26fddeff17a5161cc0,363
3,outer_validation,66448406d99c879a6417701e,365
3,outer_validation,461770005e87983b16daef05,368
3,outer_validation,0cb4db62c2953433be9af410,370
3,outer_validation,1ee96f86cb7d6973e51bf0ac,382
3,outer_validation,61f6ee5a8de39c5c5584a2c3,385
3,outer_validation,1156aef2d317dabd786cf7e8,386
3,outer_validation,2590ff55d6a0961a657f0c83,388
3,outer_validation,c71a933e16bebd21135c274d,392
3,outer_validation,cfe4dc4f98be890737ebb5ca,393
3,outer_validation,e65d3f73235aae734363513c,394
3,outer_validation,0ea4bd1d2095abcdb8bcaea5,399
3,outer_validation,046e4680fe23c5d47566d34d,403
3,outer_validation,6fb52a66f71d7db97fa50aa4,410
3,outer_validation,49a584badd4dc52cd7dcbd1a,415
3,outer_validation,2cdce80357277f38fef96190,418
3,outer_validation,14f2577587c07d89bbd94a66,423
3,outer_validation,775c6818a7b1f4de7be83886,439
3,outer_validation,d3ad5cc180af15e3222cc26c,443
3,outer_validation,62bb525f3e98436bad607bb3,445
3,outer_validation,0b7067c2caae8cb4e6354621,451
3,outer_validation,e755fa456bc0368bc15eb3b3,465
3,outer_validation,9481c4890ccce55ff562fd87,469
3,outer_validation,ab54a172be8f288f66d86f44,476
3,outer_validation,25ad30a3a04f603ece4c955e,482
3,outer_validation,4134be6e2d4da722f0e9f1a3,486
3,outer_validation,c57aaa71095dec5ab7685881,500
3,outer_validation,cb815399e841f13c245f6079,503
3,outer_validation,7a0c183da7f1e9de6e5a0958,506
3,outer_validation,f960672865a8f2166ce095a7,508
3,outer_validation,580305f2136161ec3a855a24,515
3,outer_validation,9c0e1456884a8daa9c383fa2,524
3,outer_validation,9a2a17d4a05e2bc93c9f47e9,528
3,outer_validation,567b51058d7a63d4fd8fcb2b,532
3,outer_validation,c3a866a734a994edcb312d3e,536
3,outer_validation,74761b127d813b5ceda81933,541
3,outer_validation,c6e39aaf4d924d7414589996,544
3,outer_validation,6dd2b5e368aac48f0c191b6d,545
3,outer_validation,42215e3fb015bace8c26385c,558
3,outer_validation,704263dbec8b95085ea8fb7f,559
3,outer_validation,09ee2b7ecc004cca1ef0398f,560
3,outer_validation,fbd8fafef953bd4b58448c16,561
3,outer_validation,3c056581e7d0f513562c5dc5,562
3,outer_validation,61a891d26988f674d251ee95,563
3,outer_validation,2cdfc71829a74c5c83f6d78a,564
3,outer_validation,795e3a1aa4869c40c88b6a5c,567
3,outer_validation,a6fb2cd72a1ff0502c96250d,597
3,outer_validation,5edc2596afa94b26a5c73e0f,598
3,outer_validation,e007874301463e5def95599a,599
3,outer_validation,5cc31c333f9568b880f0eeba,609
3,outer_validation,fb18b3b813b44ad7ec777c61,623
3,outer_validation,8888ccbdac9d4c50d5dad2a6,628
3,outer_validation,dbd4b3360f5f153fcc6d9e8c,636
3,outer_validation,92f9f0afe84ceca07b1fe28d,642
4,outer_train,25583514fb711cf5055024b7,0
4,outer_train,5fa3a0cd35ea322993c58a83,1
4,outer_train,d55d18a461a5386113aa8bb8,4
4,outer_train,3b8b9870fee8a236f8e6685e,5
4,outer_train,fa91eeea11dc0aafdf055634,6
4,outer_train,d9b5afee90179d49e3778cee,8
4,outer_train,3ecbf8145baf2f5a660a19e5,9
4,outer_train,05501c8bf5f5ed2319e15e93,11
4,outer_train,2ff152d06f2d9a67fe825401,12
4,outer_train,e4fa008ec6e0359a99ddc9e0,13
4,outer_train,29eebc2eacd5deaef966201b,14
4,outer_train,216943d74954bd92fc8b83d7,16
4,outer_train,db420b41fbb6ac053c3222f8,17
4,outer_train,94123f2c686648889620c97d,18
4,outer_train,32016a27353f006be2192486,19
4,outer_train,51347524486732c735767628,22
4,outer_train,5b70ab52ef56f0c032f62e99,23
4,outer_train,7fd05acd7613d66b066e2caa,24
4,outer_train,42079209bbf738d55278bc6b,26
4,outer_train,c4d72af24e21d83adc33be65,27
4,outer_train,3fefe2982e01f3ef188b2008,28
4,outer_train,0c5a9b8ef7e95658cb75f712,29
4,outer_train,3d1557740744930b56026202,30
4,outer_train,fc567b31839fb5428ff559f3,31
4,outer_train,3d9eb715b79c8eaca0d52c0c,32
4,outer_train,1abffab2044423658aa06a0e,33
4,outer_train,6699149e445b607bb383e91d,34
4,outer_train,ff58b499aaa43f1d0e3bb5a7,35
4,outer_train,1da88f7897cd9f1f74717b00,36
4,outer_train,f2e1f518841284cbbda861d3,38
4,outer_train,cf8dd309614c3b1deea29858,39
4,outer_train,bdfd12a12472208c9d4127e2,40
4,outer_train,68fea513d4ecc8b97d0767a3,42
4,outer_train,15f2368b81a9000c4bbedb76,44
4,outer_train,bcf90118f122e9f4cbf6207e,45
4,outer_train,2de78aa3c49b60d54544ce1d,47
4,outer_train,c335d606432d24bf92be4014,48
4,outer_train,49d72e0930f4daa36ba0639e,49
4,outer_train,1c223450c00e1b9070781c64,50
4,outer_train,56efab83aac76b5c3f0fdecb,51
4,outer_train,092591d40e4e78ba79471315,52
4,outer_train,1ee1757d3e620ed47197c5db,53
4,outer_train,e28633e343de1b13f04cb1e1,54
4,outer_train,8660a1fcbd2a602eb81a3572,56
4,outer_train,9e7d20441ed9917942d4df2c,57
4,outer_train,8f17c79f9abd88301719154f,58
4,outer_train,5a99adeafae5b9eddd0cc3b9,59
4,outer_train,7489093e620a985d9f852efa,60
4,outer_train,8afd4ccc0c47fe966271226b,61
4,outer_train,a53cecb65e885383285dbda1,62
4,outer_train,2d96e47ba548c2adcfa1bddd,63
4,outer_train,01ec263943a1c4b560e2b383,64
4,outer_train,dddf5f4ddbbccb7e98562be7,67
4,outer_train,d4b9e932332395282e7c69fe,69
4,outer_train,c4b37c80f1ffb7f9b06a6ed9,70
4,outer_train,74050ad7f2c657b0585e0c77,74
4,outer_train,c1facf8767c67436e84302dc,75
4,outer_train,5a0a45c29bf310bddc767783,76
4,outer_train,365ccdcd104487ffede81490,77
4,outer_train,45bb8eb487e566f6af50eea2,78
4,outer_train,66fff8a6e524289fc7a6b9e8,79
4,outer_train,11b0be6bb7392ce4d61e552f,80
4,outer_train,4d2998409eb5ddc1223fadec,82
4,outer_train,2d992a7e494947b9e82d7e97,83
4,outer_train,003b8213058d193e1d6b7664,84
4,outer_train,c45b0ea64124185f1964ae9b,85
4,outer_train,cf242c66081051791a71b6b6,86
4,outer_train,f526f632813313105234482b,87
4,outer_train,d0ef336fafc7d648af694564,88
4,outer_train,6348deda18f3afdc7108d8f9,89
4,outer_train,da7251e0398e628ed7d7bb52,91
4,outer_train,7e5815b2d93a97c803af1c65,92
4,outer_train,472ff1eded83adc5c4db1893,94
4,outer_train,6cc8a4e361dffde0556b7995,95
4,outer_train,0497e94a0b2c2e8df765446d,96
4,outer_train,27a02b49886b382398332f0e,97
4,outer_train,927607fa6e69011ab66f1c32,98
4,outer_train,0f1e5ba7453e9d9e838f00ea,99
4,outer_train,6d41c904e62ba689c0abec9d,100
4,outer_train,33f01dd5e36a4e9a81c296c1,101
4,outer_train,a9a075394d661bbe9571e2f5,102
4,outer_train,4061fde2d309f4334b2d4dd8,104
4,outer_train,4feb4f67b4e8c853cfcb4db4,105
4,outer_train,61496b6ed753ad62b05ea8c4,106
4,outer_train,62f415f38020908328b1a496,108
4,outer_train,fb7b4d964e4f1d5cf6443522,110
4,outer_train,678ae2534de3a7c786e57d2e,112
4,outer_train,a638a0e9d803508f556ed985,114
4,outer_train,db3e7e5c8a01509a66d2d9ae,115
4,outer_train,96dd665c05e5f358278b175a,117
4,outer_train,fda59aae8e890a9462ceffe0,118
4,outer_train,d713ac51d45684554604df53,119
4,outer_train,2e2531dd8682f39a16d40364,120
4,outer_train,11bfed9d886542adfdb2d306,121
4,outer_train,93d7916e9dca83eab5cd9a6f,123
4,outer_train,e622a05349f2b3f5752984d0,124
4,outer_train,436ebaab915d3d89f3bea6e1,125
4,outer_train,8765320141c10d57bb0305f8,126
4,outer_train,f06a0f60201cfcfd218b9f09,128
4,outer_train,a2ff9ec8827c9747bc6f9ccb,129
4,outer_train,3e1829da7847e399a47db658,130
4,outer_train,efdb761bf6d617ae462a15f6,131
4,outer_train,fbc93eca29bbe5e083e4301e,132
4,outer_train,a59fedaa3efb7feab0b27d0f,134
4,outer_train,bd9bbe92ac3d92dfdd331f55,135
4,outer_train,78105273acc8ff4d7ba913ee,136
4,outer_train,13475ea9ccf4566532d77dd5,138
4,outer_train,81db6f6d96a3f8999e525b47,140
4,outer_train,2889d652d498d26e1a86d9f0,141
4,outer_train,ffbd1a52bf57de55cc36cd2f,142
4,outer_train,3e7ba7f23798671bec043dd7,143
4,outer_train,8cd5154e4ed15b13d6d315f0,144
4,outer_train,d5af7d2f1e0cd4dd5e93d28f,146
4,outer_train,b5a79af07479f450e284c418,147
4,outer_train,8f1fea40bc552b55912962e1,148
4,outer_train,7dbe2ee95d150b79f26144d9,151
4,outer_train,f8a772d6358d9f81b2867bd6,152
4,outer_train,1ef949854e135ebe33237822,153
4,outer_train,d7fd6388afd4122c2d4f7e76,154
4,outer_train,e05d1737e3b42c17f247b1cd,155
4,outer_train,2e664d9b0038aa18e2bbca45,156
4,outer_train,a96a4cf90322c8586f30256b,157
4,outer_train,958335c01584198d9134b8fd,158
4,outer_train,1c6105f16e30325f5de79e03,159
4,outer_train,7d5ee9c642b431a556181314,160
4,outer_train,246cbfe5c7041011d9bcf1c4,161
4,outer_train,92438981111ac6aecf919159,162
4,outer_train,04d7fed738d8406607ebaa82,164
4,outer_train,599505e725e7223ca8fa9d0b,165
4,outer_train,6492475818137686c185477b,166
4,outer_train,0a7145c4effe18483ca4b4dc,167
4,outer_train,ed5a73f0e396e0690f6114c0,168
4,outer_train,0e8587ab0498d6ba11ebdf22,169
4,outer_train,dcb41eec64dec2841a74f022,170
4,outer_train,e5bb59579831860366ff9f04,171
4,outer_train,e0a7aa100b9e2d1609cf8c3b,172
4,outer_train,626bcc041dd3c26ee1ad1ddf,174
4,outer_train,2b46a2fce021467fa635a617,175
4,outer_train,976f6579d2de7a304d9a79d7,177
4,outer_train,6a38820210cf36b7b4141d33,178
4,outer_train,e5a8a79bb0dcc42612afc323,180
4,outer_train,48d7fcb8f5e9fce382850feb,181
4,outer_train,55aac4818850bf13e5b17e77,183
4,outer_train,8640ea3a2e47bdda329f6905,184
4,outer_train,72443cc5fbf5bddd2328fb0a,185
4,outer_train,1f9d504973a34644d0a6547e,187
4,outer_train,4f393f3221ff2d49368d47dc,188
4,outer_train,8544356b01603746e8252860,189
4,outer_train,4639d9d755efad7b2f170020,193
4,outer_train,4f78ac42f788ed127dba0db1,194
4,outer_train,3e75f2b673d22067f7b23d15,195
4,outer_train,eef82e9e7950d5accc1ee017,196
4,outer_train,80ffcddeb52947ac076291ca,197
4,outer_train,28bab95ea42bf364f38eaca9,198
4,outer_train,b1cb45f02d40226a0e0b46e3,199
4,outer_train,d13a100ee1a27ca404621b12,200
4,outer_train,10b4058da59f4391abafb682,201
4,outer_train,860d64693ed6fdae501c03d9,202
4,outer_train,b7bb5b26676989c2e81d3cb3,203
4,outer_train,e3c9a683a7fe23bc282815a5,205
4,outer_train,5fe72ea869ad396c5ecb0cb8,206
4,outer_train,0a2e7c512af00ab3439ad3de,207
4,outer_train,fa9799c289b86b4ee018e38c,210
4,outer_train,5f8938de734ac2446c4efdc7,211
4,outer_train,7fed798d713b0dec79732e22,212
4,outer_train,462d168f5e795110238c5c7b,213
4,outer_train,2608472eff0a2f8ecf124fe0,214
4,outer_train,d3a2b127a9730c767efcea06,215
4,outer_train,4a6cf3193ad7cd5ef45941fb,216
4,outer_train,7135be2d275b07c4fc28cedb,217
4,outer_train,756a81375bc14355879bcafc,219
4,outer_train,2b0445952ee5f497fddd54b9,220
4,outer_train,18de1573343fa75ca8fc108d,221
4,outer_train,7f029bc34a832b95bb174ce5,222
4,outer_train,cd3fac588c7f6d21c05759e4,223
4,outer_train,0917203aee750f4623043a23,225
4,outer_train,0fedd627771da20b68627543,226
4,outer_train,e9e17601a5433f547c45d479,227
4,outer_train,34359755d94ab99f5b6da5fa,229
4,outer_train,6c481a6b1b316c770fd2723b,230
4,outer_train,6734971222e12d0d78d2b7fe,233
4,outer_train,1aa53a8381071ef768bbf30e,234
4,outer_train,829e363f591777aa9c471180,235
4,outer_train,e2de995c1b1b3c11d42d9352,236
4,outer_train,ec4821a43fdc18c00ca657e9,237
4,outer_train,4659129cc274372dba26acca,238
4,outer_train,cbfcddc987d1bf6954572087,239
4,outer_train,6449cb261adf2f5940c29200,240
4,outer_train,e3890d61a8b560ae99d768b8,241
4,outer_train,df434aea1c153879cf929ef4,242
4,outer_train,223edaaa9f4b18517a170ffb,245
4,outer_train,7bead04b5f80235ce976fa20,246
4,outer_train,2473c5daf1358664bf9b9d4a,249
4,outer_train,131b769b665e123ef4238186,251
4,outer_train,24ac726ee2c0820e220b1156,252
4,outer_train,4ca69ccdb230964f671bbe5a,255
4,outer_train,1e93ac6ffe340447ecf9ec70,256
4,outer_train,aacf72f54cc03c50fb725df6,257
4,outer_train,ff2a98068f270f050fcc38a8,258
4,outer_train,fc1f9307f8d2c3155ef54dad,259
4,outer_train,58fb6019a99aae22832a4e5d,260
4,outer_train,9b3c4e2ebf551ce883a31c00,261
4,outer_train,9f9884dddb316b7f605ee591,262
4,outer_train,5e5ce5ca39f824f7bba7f6b7,263
4,outer_train,68f43284eacba58d59c6e6f9,264
4,outer_train,253ae6b6a64b0fba08ac7cfb,265
4,outer_train,41f820264ac30a8923599757,266
4,outer_train,0087fc3bdd5a7dc0d6fb4c6f,268
4,outer_train,7296b9aeb4b261c21ba89593,270
4,outer_train,c36e18d8fb8395059d084609,271
4,outer_train,4190e088e60e3f07a810c9a6,272
4,outer_train,1f95467f20007cc445340364,274
4,outer_train,4c876b1f28f6bd60b55349c5,275
4,outer_train,c4026e94e71b60cc55a352bf,277
4,outer_train,fafd62914ad92b2bf8442c5b,278
4,outer_train,11d9faeb7252494480a5f153,280
4,outer_train,51490a4a85a64070b50ff906,281
4,outer_train,98ab9747edc33134753eb494,282
4,outer_train,51bba03c5f3bb8f740aa1822,283
4,outer_train,7df57cbdd360baf014389a04,285
4,outer_train,4c343a572ed2f51f7811428f,286
4,outer_train,655d4c9d951775978cefbd77,287
4,outer_train,e4f575e656bbfa074a4588ca,288
4,outer_train,43c4d4f128a2603405a3188a,289
4,outer_train,0c96e427a7af81500c209dd5,291
4,outer_train,0de634022220cb2c675970b2,292
4,outer_train,14505c0b686613a33c8904a0,293
4,outer_train,fec366ff0d8d37fe8cdb7e47,295
4,outer_train,ff28ec9a24504f0ad97a581c,296
4,outer_train,83ceea235b937819d0717c45,297
4,outer_train,822d410c02e6ab3a68029077,298
4,outer_train,4ef6e91f84fe2d7322b1a63b,299
4,outer_train,165efcfe518fb394fc8f1487,300
4,outer_train,465710d7e8dc6f51d7c5661c,301
4,outer_train,4d23f96d8c057df8bfd9393f,303
4,outer_train,57d6cfa8c2a29205a0af2492,304
4,outer_train,6ab9231fa201f8a1f3db2461,306
4,outer_train,1be7b16830ab4b27c356338d,307
4,outer_train,c7b94d60de1cb433424c1774,308
4,outer_train,d83c4cfe7f38205ec7e26e5e,309
4,outer_train,cd5761d06538071cfda95fe3,310
4,outer_train,0d94c053f06e7c6715ba16cb,312
4,outer_train,78100aa4aa1bc5eb41e23d8b,313
4,outer_train,8fb3d365a25a9932ebf3b225,314
4,outer_train,598afd2c6f273b9e6d9fb933,315
4,outer_train,3e21961c9b6fd3d27f6613df,317
4,outer_train,e0655cc4aac307a3b43af8b1,318
4,outer_train,8fb6fcf6e5c5d752629f73e9,319
4,outer_train,0f52bbadc4de1aae074e2a9d,320
4,outer_train,7da771f1b39c36fc46c81da7,321
4,outer_train,d07d988551c9a4a5454abe96,322
4,outer_train,df3b4d58e8b79fc6e1f07df7,324
4,outer_train,1fcdb7c4121588d7d0d96d96,325
4,outer_train,3c06d396af8b6de6bccf7366,327
4,outer_train,47b3089f85c7b9dbd8b5d8c7,328
4,outer_train,1bca155c795b4ef273f7ced0,329
4,outer_train,e76fa0c499949028c45580a4,330
4,outer_train,73284d3ff2b976c243e43dc1,331
4,outer_train,90951088189ce4076d6ad0fb,332
4,outer_train,b3fca651aa94ae1909f55e45,333
4,outer_train,11650fc851d39932c6c4d0e0,334
4,outer_train,3ec549f10531983a7c1d8029,336
4,outer_train,213e3c016e3a8c290afe2fba,337
4,outer_train,340b355b25d29597707e85ba,339
4,outer_train,e8040bfc993750fa1cb86bfb,340
4,outer_train,925fc8a92812808e66e1a2f3,342
4,outer_train,288d4b281d88d5bf2f4226dd,343
4,outer_train,df1a1059f46a82e464e5740c,344
4,outer_train,896b472ceae1dc4d38e9c3b4,345
4,outer_train,f9147e9955a33e2239da323f,346
4,outer_train,16f63760ba94c82d36740bd0,348
4,outer_train,fa15e1a8dc0f6bd125da6ebd,349
4,outer_train,2c49a6e0cab2ee9afbdabca1,350
4,outer_train,b2f40947acb6ab96726dbde8,351
4,outer_train,27096605d44764032703b8e3,352
4,outer_train,56833b5e59b83b4f32c3a457,353
4,outer_train,4ea238479c5121599cfb7a17,354
4,outer_train,aabf59a4cf7d2e2586fe88ca,355
4,outer_train,aea8ed246c137c50193c4728,356
4,outer_train,fd18f2882a157f382228493e,357
4,outer_train,392c09e5988fdb0d2eabd825,359
4,outer_train,2a8ec18fa13d39b80de2fae8,360
4,outer_train,b241931201f7dfbc56d401a0,361
4,outer_train,cc08ac6e86641865b07f5f9a,362
4,outer_train,532fab26fddeff17a5161cc0,363
4,outer_train,c6eceb5ca0994be407a44683,364
4,outer_train,66448406d99c879a6417701e,365
4,outer_train,165dd47b2688a8afb3e9e50e,366
4,outer_train,461770005e87983b16daef05,368
4,outer_train,0cb4db62c2953433be9af410,370
4,outer_train,e3a865e0cc29682910e81dfe,371
4,outer_train,9d4e2745d5a47d4e2fc97cc4,372
4,outer_train,398df0fe7a4d1e656b7a4e67,373
4,outer_train,d0758e8790b2bb5cf372ca37,374
4,outer_train,d5edabddfb2459d50dd826e2,375
4,outer_train,406ff8b341d21a4e4cff040e,376
4,outer_train,18659792ff6927fe32b1cffd,377
4,outer_train,1aafe31220d145b219f6e03e,378
4,outer_train,0195e659df141129727a4c12,379
4,outer_train,645c159483f29e854bec1abd,380
4,outer_train,01fde1a1601e88342c0c8083,381
4,outer_train,1ee96f86cb7d6973e51bf0ac,382
4,outer_train,0566fe92dc6c3a9306a62b2f,383
4,outer_train,e572d221855a5adaf07a70ce,384
4,outer_train,61f6ee5a8de39c5c5584a2c3,385
4,outer_train,1156aef2d317dabd786cf7e8,386
4,outer_train,2590ff55d6a0961a657f0c83,388
4,outer_train,f5756dca7be8deca72ba5b99,389
4,outer_train,3233dd1a1c21e9551506ee01,390
4,outer_train,a718a07684aa0085d6b136ae,391
4,outer_train,c71a933e16bebd21135c274d,392
4,outer_train,cfe4dc4f98be890737ebb5ca,393
4,outer_train,e65d3f73235aae734363513c,394
4,outer_train,6366da1352359a6d68e036d9,395
4,outer_train,51924a00e6cde6248459bfed,397
4,outer_train,0ea4bd1d2095abcdb8bcaea5,399
4,outer_train,b4b37a9fc124a629a39c0478,400
4,outer_train,4d6a2fd9174f4583a0bede46,401
4,outer_train,046e4680fe23c5d47566d34d,403
4,outer_train,7ec7018339f9b1d6dd828343,404
4,outer_train,edd4f8f3b38736eee47c5a09,405
4,outer_train,9b48512f6421847787781c3e,406
4,outer_train,11409c88b3cacaf1344261f0,407
4,outer_train,af08e12c0b5c87fa91c627ad,408
4,outer_train,6fb52a66f71d7db97fa50aa4,410
4,outer_train,5efe74a48355532333671941,411
4,outer_train,2ef45e0f2fc8a2edca32790f,412
4,outer_train,ac6ecd274fa88b6911316833,413
4,outer_train,2830666b12bc6c28a57ef666,414
4,outer_train,49a584badd4dc52cd7dcbd1a,415
4,outer_train,56cb1ff8d66e44bc5a968a24,416
4,outer_train,2cdce80357277f38fef96190,418
4,outer_train,a6b969690cb0eeeffcb813c8,421
4,outer_train,14f2577587c07d89bbd94a66,423
4,outer_train,25660d745934d26d76e2a857,425
4,outer_train,43bcb2e5d4c16c6ef720a31c,426
4,outer_train,dcd2ea737e7c1182c54b9202,427
4,outer_train,193e9b30371efd6d82c3b818,428
4,outer_train,469a167b82ff2483ad6bb72c,429
4,outer_train,ba30ba58aa99357aa252cf63,430
4,outer_train,ee2a92686e5a1fa382ae804d,431
4,outer_train,8b9d94c13ac09cd335989165,432
4,outer_train,48528f3c65ad7e4eec9cf3cd,434
4,outer_train,9e83d9dd550db5630aa64c86,435
4,outer_train,f88b023107771a80ad05a856,436
4,outer_train,a0aec45e0096ca312adcd0a6,437
4,outer_train,bb0bee4a1a7520010bf28e0f,438
4,outer_train,775c6818a7b1f4de7be83886,439
4,outer_train,4afe90a99f7d343179ae5391,440
4,outer_train,054f19e9e724d2eb304fe81c,441
4,outer_train,eab11e7cade51ab754c1fb18,442
4,outer_train,d3ad5cc180af15e3222cc26c,443
4,outer_train,8e2c9ecd6621dd22e70c6a4c,444
4,outer_train,62bb525f3e98436bad607bb3,445
4,outer_train,a79a9f35732ff772a6ef319a,446
4,outer_train,d719f632285cf52ae4f49bbc,447
4,outer_train,e53e697ae3e795444ac2093a,448
4,outer_train,a9732bdacde9fa3417896f77,449
4,outer_train,0b7067c2caae8cb4e6354621,451
4,outer_train,2c6dd6eb7a88f407f991db7f,452
4,outer_train,0d862771f7c9e6e7bf1eb04a,453
4,outer_train,75662807e97977cfb409e07c,455
4,outer_train,1559ee66c0dfce04efb9b324,456
4,outer_train,f61584be66586b021ad86b31,457
4,outer_train,c81606cdacf5e566597adfae,458
4,outer_train,7d36d0a4cc6293cf87ffeef7,459
4,outer_train,ea4c847140ec440311d479a6,460
4,outer_train,6009304cf78675b218a4a73b,461
4,outer_train,dbf6fbb6c31bd231377f09ce,462
4,outer_train,13db169b67242471d465b74b,463
4,outer_train,1d30714b81598c27b3f0fd15,464
4,outer_train,e755fa456bc0368bc15eb3b3,465
4,outer_train,51bc4bdcb4794b291ae601bf,466
4,outer_train,f74bfe7d693ccc2f63b31ba6,467
4,outer_train,4dff7054975637cb95304e96,468
4,outer_train,9481c4890ccce55ff562fd87,469
4,outer_train,b64ca38e62c45275d451abba,471
4,outer_train,96553660be3cbcb4687951bf,473
4,outer_train,b020a8b90a42d0a9e773abf0,474
4,outer_train,12c78499670d6a1ba0c19952,475
4,outer_train,ab54a172be8f288f66d86f44,476
4,outer_train,238608de79f26ff75e2c440d,477
4,outer_train,0db55534d738265db43c7fa8,478
4,outer_train,483f8465e14ee237cc011b6c,479
4,outer_train,48bdbd990e010c135665e919,480
4,outer_train,259177315e9226ffcbb2992f,481
4,outer_train,25ad30a3a04f603ece4c955e,482
4,outer_train,6b263add7492e69c05b1e9df,483
4,outer_train,36485a1ee7bd9b4ed1fffc25,485
4,outer_train,4134be6e2d4da722f0e9f1a3,486
4,outer_train,c03dce093611726070d3b841,487
4,outer_train,c38a95120b6ebf44187bd1cc,488
4,outer_train,55f95d0f696e47a5233e12f1,492
4,outer_train,005065870c9a314198939180,493
4,outer_train,55708b3672b33d5718a3484b,494
4,outer_train,fbf8dbbb76fadb4088f7d0e1,495
4,outer_train,1d58a8bd32e3548d3340bd10,497
4,outer_train,dfdb13da2101a16bdac72ac7,498
4,outer_train,70423bb435cfeb615c31346f,499
4,outer_train,c57aaa71095dec5ab7685881,500
4,outer_train,83eb4b8bcfb9bd233a240b4a,502
4,outer_train,cb815399e841f13c245f6079,503
4,outer_train,1fda1ac60360cc3bdc2d7066,505
4,outer_train,7a0c183da7f1e9de6e5a0958,506
4,outer_train,f960672865a8f2166ce095a7,508
4,outer_train,74749913c48b087815942c21,509
4,outer_train,9a6d5cc9e901b49b670bdd72,510
4,outer_train,b1b1292a176240372686060d,511
4,outer_train,114666aa0964a4065def4629,512
4,outer_train,0a8ab13d0848d0ba587ddbf4,513
4,outer_train,7d1a3b5ae040c97e1e8a5372,514
4,outer_train,580305f2136161ec3a855a24,515
4,outer_train,863e948ddbdbf9dc78908779,516
4,outer_train,fac524d54d79f0047672a3cf,517
4,outer_train,82736bf5f8d75b650b0af21b,518
4,outer_train,27869658e5477e81623057a9,520
4,outer_train,9aa8dcd0f0fe59b0a89deef5,521
4,outer_train,66c726a45d561a1951ee1086,523
4,outer_train,9c0e1456884a8daa9c383fa2,524
4,outer_train,86ab9b8914e97d4b68b28073,525
4,outer_train,41cc5739d3b3a59eed53af14,526
4,outer_train,3b9c2908d9fea00a59e30894,527
4,outer_train,9a2a17d4a05e2bc93c9f47e9,528
4,outer_train,6a4a748f010fc62dbd4b7fe6,529
4,outer_train,94c0ba655ebbecf7653a3796,530
4,outer_train,4435ed5b95b8083b31284048,531
4,outer_train,567b51058d7a63d4fd8fcb2b,532
4,outer_train,0fad74a0fd6408dbdd3a15ac,534
4,outer_train,c3a866a734a994edcb312d3e,536
4,outer_train,d59b7fa37d988a3688f04de9,537
4,outer_train,725ae2c951b34bfdf61845bd,538
4,outer_train,6a58d12aa277e7a555662a64,539
4,outer_train,b3595bfef31740390a05743b,540
4,outer_train,74761b127d813b5ceda81933,541
4,outer_train,f03156c06892533477ff6a8f,542
4,outer_train,9fbf1aa50939ed0117564771,543
4,outer_train,c6e39aaf4d924d7414589996,544
4,outer_train,6dd2b5e368aac48f0c191b6d,545
4,outer_train,37c501905be4ac4931ef97ab,546
4,outer_train,591e0b2925208e0daa1cce7a,549
4,outer_train,306ed7d31c2554e01005e465,550
4,outer_train,d4d4e639d186d1acfe2feb36,551
4,outer_train,6128c3bc85e185a537492d38,552
4,outer_train,33eaa18ae9d39aeaf2699758,555
4,outer_train,518fdbfc7d439e7be6ab3915,556
4,outer_train,bff18148d733caf4bbd52154,557
4,outer_train,42215e3fb015bace8c26385c,558
4,outer_train,704263dbec8b95085ea8fb7f,559
4,outer_train,09ee2b7ecc004cca1ef0398f,560
4,outer_train,fbd8fafef953bd4b58448c16,561
4,outer_train,3c056581e7d0f513562c5dc5,562
4,outer_train,61a891d26988f674d251ee95,563
4,outer_train,2cdfc71829a74c5c83f6d78a,564
4,outer_train,b80fa010c53423f2b790a479,566
4,outer_train,795e3a1aa4869c40c88b6a5c,567
4,outer_train,583dbd920a042c0d3522732a,569
4,outer_train,8d85ceedf27d6a01ea446532,570
4,outer_train,a020c6ef6903f6a6fd8e3692,571
4,outer_train,263f6e9312b92bbdfadaebbb,572
4,outer_train,1b0b0bfcf02caae798b7cfe8,576
4,outer_train,b95de708b224e6ac86f8b566,577
4,outer_train,4ec73e8488f9b8b5c54f35da,579
4,outer_train,8afae10ba35b9de8e46a3584,580
4,outer_train,5db99cdf5d456681f4a0b779,581
4,outer_train,e0bb73d2b74da26414317f04,582
4,outer_train,d397fd3854799fb274376a14,585
4,outer_train,b88c431efd194d288b2ce6d5,586
4,outer_train,4a2381da9e26e648324b4f0f,588
4,outer_train,3d6c73174cef8dcd45f8e8da,589
4,outer_train,4a7205458d4e508a7940b862,590
4,outer_train,82eb0d3498ec167f1817f327,592
4,outer_train,133a35dca44f6ab752af9ac7,593
4,outer_train,ae013efc6ef36d26ff28cd8f,594
4,outer_train,02126ab9aaba51b86aff91c6,595
4,outer_train,8d98d3fa164067d676255358,596
4,outer_train,a6fb2cd72a1ff0502c96250d,597
4,outer_train,5edc2596afa94b26a5c73e0f,598
4,outer_train,e007874301463e5def95599a,599
4,outer_train,0e2ad4467cdf4c49ebbd4401,600
4,outer_train,5815caeb3b99b5e30a6dfc5d,601
4,outer_train,c2712b0bb6326e934dd667f3,602
4,outer_train,3b637534ec553f8dd0c862b9,603
4,outer_train,9bdb2433967bbfa6a4924a88,604
4,outer_train,f452e5441ede9e55be129a96,605
4,outer_train,f743560800c4b57ffba48c2f,606
4,outer_train,7d39ade826bab1a684e7e85a,607
4,outer_train,5cc31c333f9568b880f0eeba,609
4,outer_train,1b10c85d24b98f4711a46202,610
4,outer_train,352c8eefb106edae37bab066,611
4,outer_train,982bf2c30bf7b72e1f4a048e,612
4,outer_train,c9a1578e765bd8a2e7947f04,613
4,outer_train,5b4cf6d819995c114800466f,614
4,outer_train,ea5234a2daad0d379ce2a46b,616
4,outer_train,c5ebabdbc6a16d65a25fd863,617
4,outer_train,0514876d806373990d742d44,618
4,outer_train,885bbd00d2fd614511389c22,621
4,outer_train,969444fd1bedd84c5e27eabc,622
4,outer_train,fb18b3b813b44ad7ec777c61,623
4,outer_train,8fbe9ed66bf5153233979e58,624
4,outer_train,c2ec1ddc9f643d3661ee6454,625
4,outer_train,a85b13da27b5f799210fe5d8,626
4,outer_train,a032222f8f99861aef60e8e1,627
4,outer_train,8888ccbdac9d4c50d5dad2a6,628
4,outer_train,9f3b2cd7bb1e90563b29426b,629
4,outer_train,fe924f873ac0834124e93536,630
4,outer_train,947cd070b5d2288cd8e7c3fb,631
4,outer_train,29f9aade8ee1503a1db59765,632
4,outer_train,268c4cd93dcc6bf26f549001,633
4,outer_train,014862a8df939c8a9544f17e,634
4,outer_train,dbd4b3360f5f153fcc6d9e8c,636
4,outer_train,a39700ded468076008d84ed5,639
4,outer_train,99c47b6c06cb15cdedaea3bb,640
4,outer_train,23a8261970c78ffd960b6b9f,641
4,outer_train,92f9f0afe84ceca07b1fe28d,642
4,outer_train,723beaf65f235553891e351b,643
4,outer_train,6fafafdc2945300748ff7a7a,644
4,outer_train,455515cc40392d2e71073c2d,645
4,outer_train,6616394cee532d0a91e893b9,646
4,outer_train,06a138b293efcb0adb9a43c8,647
4,outer_train,dbb49210dbde1670d516b99b,648
4,outer_validation,c5a5b7ef344bf052778d3d2e,2
4,outer_validation,ae8f4754dee747ea937d41d1,3
4,outer_validation,a333ce2c2dfe6669b3458088,7
4,outer_validation,6b2a271a79c7fff58cc11b06,10
4,outer_validation,563eecdccee0b6c92e2a846d,15
4,outer_validation,269ea7dc25d403fd1f8fb38f,20
4,outer_validation,2414d70eb17ed66e9fe4e60f,21
4,outer_validation,ffa00790e9117278a84a416e,25
4,outer_validation,80527f6c0a4b1e2bf6752a65,37
4,outer_validation,6dcc934e54a36b5d7813606e,41
4,outer_validation,af0853ef179d98af73890a93,43
4,outer_validation,635265ef47d4f4a3da4280e6,46
4,outer_validation,fcf0f3bd2928f4688854d27a,55
4,outer_validation,0d7ce2fe5500c55c21c45ca3,65
4,outer_validation,558c093b280dd42bb2181856,66
4,outer_validation,04af01ee4a4d5e4efed3b2ad,68
4,outer_validation,8f0520fc7d9c57876442877c,71
4,outer_validation,2642b554eead1eba4c509443,72
4,outer_validation,e008819367446b278f013644,73
4,outer_validation,28b22bfef40c89341278a04b,81
4,outer_validation,efdc8ea966199f967b1400db,90
4,outer_validation,c9b61623ac869a6fbfee83e3,93
4,outer_validation,2d37544e9a0f982a510b320d,103
4,outer_validation,ed0c9ea523bb118dc3ecd91e,107
4,outer_validation,92e5ccccaa4d1ff928312ba3,109
4,outer_validation,5d68d503a75c1754dd014a6f,111
4,outer_validation,d18f60e5b16ccb79782a280c,113
4,outer_validation,a9c0669a36dde3e30207991a,116
4,outer_validation,adf1853a4797c52b3c54d55f,122
4,outer_validation,6ac8654fbe94646bee9caba0,127
4,outer_validation,95c95e3dfbd82c60a28857c4,133
4,outer_validation,8ce67e3d0f23d3ae7f120dcc,137
4,outer_validation,6dcc671138728489032566b4,139
4,outer_validation,a095fa845972876092a7dad9,145
4,outer_validation,415a9701686a418987d0f294,149
4,outer_validation,a18dffd2a2170cff7db10ca6,150
4,outer_validation,9d0fd8e3f78bbc348eea76ec,163
4,outer_validation,4bed415cc2deb5af645a5d4a,173
4,outer_validation,a239058b42bbac707462d957,176
4,outer_validation,f1b04492e72dd9d413793235,179
4,outer_validation,62e54325ef1dd8f3b861d694,182
4,outer_validation,d71fd2cbdc3020af5c2436a1,186
4,outer_validation,2a9a533dac762a94ddb79366,190
4,outer_validation,0d6c818e88258f0c9d51211c,191
4,outer_validation,6806d221bbc2161481fbb58e,192
4,outer_validation,8ba6b6052b9a494a51b1ec18,204
4,outer_validation,884ecf9bed46e1125a932991,208
4,outer_validation,330e685f8ebcffcc408f6f0d,209
4,outer_validation,4791df78dc39e4171eff0dd0,218
4,outer_validation,76949fe7277bf63e3f407190,224
4,outer_validation,66c4f7bb33ab54562dc46cff,228
4,outer_validation,f8b2986133ec4d6360d9936a,231
4,outer_validation,65b6dea4581648cd644993f0,232
4,outer_validation,3d485033f82717074455e11b,243
4,outer_validation,2ec03fe5491eccfb6e9a93fc,244
4,outer_validation,e0b3150586932c59cb627fc7,247
4,outer_validation,dc937a340fad67b01973d85c,248
4,outer_validation,233ff79cce85099e9d28415a,250
4,outer_validation,677d14642df8a20763e35f2a,253
4,outer_validation,e83203311725723e9b3a66a0,254
4,outer_validation,b1a51ad1f9c965c462f2c446,267
4,outer_validation,81b59faa4044e8bf34347399,269
4,outer_validation,c8c0e550481dc8d2b73bbd71,273
4,outer_validation,c3ae6e48db20474475339664,276
4,outer_validation,768e4c2def8bf955791617d4,279
4,outer_validation,29e50f34f83401157eed7807,284
4,outer_validation,bd520f07817d44c5a28f300a,290
4,outer_validation,53c403519c4812eb9a6cd233,294
4,outer_validation,3bc51b719f8bcae48aeba917,302
4,outer_validation,9bca1bc4a9a477ccb8e0f161,305
4,outer_validation,93484519b378327171b5780d,311
4,outer_validation,7af5c9bf40faf79f734fa44c,316
4,outer_validation,7e5d8816d1a160070960d6df,323
4,outer_validation,f2e1fe0e535053b94cd12181,326
4,outer_validation,45a551faeb887c63825675b4,335
4,outer_validation,4098162760db0b2e90e0f5f3,338
4,outer_validation,613d6fcf8f20b33209d19a52,341
4,outer_validation,7dc9153f7cec229d1f848b77,347
4,outer_validation,e1993a18b1bc8427a9d878ff,358
4,outer_validation,68d425c5400aa01a4eabdf05,367
4,outer_validation,bee752cabe6b06b3a8bab5ed,369
4,outer_validation,3279926dbc88cd564b5a1bba,387
4,outer_validation,a4c6b75fe91bc602a7b76994,396
4,outer_validation,c1125d9bfbbbeefb69a0814b,398
4,outer_validation,608883da308c872fd33ce9a4,402
4,outer_validation,deafcf55ed9d999df8c6b499,409
4,outer_validation,385256bd6f4b10217d4189f0,417
4,outer_validation,a32b70ff0d4d9feb7a3c0aaa,419
4,outer_validation,28aaf3fe70d8bf7c0266eaf3,420
4,outer_validation,14b8aafa59cabbcf73040a94,422
4,outer_validation,bc226ea29fe68874768bb37c,424
4,outer_validation,b2cf0f865928e1ee2449484f,433
4,outer_validation,9ea12cda7e1059ae65c96e91,450
4,outer_validation,055be93f261849a697cc9af4,454
4,outer_validation,c2630c4b38f954a9622974f8,470
4,outer_validation,04fb70c43e5b502f1dbad4f2,472
4,outer_validation,0ca51912dba7998913b834e0,484
4,outer_validation,167cbac46a43ad1ef289f8b6,489
4,outer_validation,d68cefefc09ce67ee4c9ced1,490
4,outer_validation,5ec46abe2f638cf036be1b12,491
4,outer_validation,4c40205da2a9c384041987c6,496
4,outer_validation,4e0f1f134933e389d50b18c8,501
4,outer_validation,6b88f298f76a06702802404a,504
4,outer_validation,94f4347d9e6c9499d5832948,507
4,outer_validation,84aff28507056c6ee5107c02,519
4,outer_validation,748bf29eefdf60e87ca29fb8,522
4,outer_validation,32f32ffec671d96dbd267fab,533
4,outer_validation,65fc559f2b5bc22375f827eb,535
4,outer_validation,3180996d053a0686846a82b5,547
4,outer_validation,32e0383deb93cdf9b9639514,548
4,outer_validation,2e8c20a682c6fe6b76faedb6,553
4,outer_validation,1668c7bdddc031d5bdf0ebc8,554
4,outer_validation,4869ff1b49bb6f2901efb582,565
4,outer_validation,d5344afae44cee8c072d176f,568
4,outer_validation,a3cef6382aa230e3653a7828,573
4,outer_validation,931a3ecb8406033c749c4d7b,574
4,outer_validation,7531966797bd2b737a3171f0,575
4,outer_validation,3818eb9c6e28892ce9fe6f0f,578
4,outer_validation,12ee0e469d32d116158cc0a8,583
4,outer_validation,ab7f07707056747006c30e3b,584
4,outer_validation,e736e4684fbfb0a8216d872f,587
4,outer_validation,153d5f89a417be303634fc62,591
4,outer_validation,5dc087cc0e9fd26cf7d1e68b,608
4,outer_validation,195c283f58feff13d6f1a894,615
4,outer_validation,fda31c7fca0a734fff0025d3,619
4,outer_validation,f8974fe9f75b76ff0546c90f,620
4,outer_validation,f26aa86e9ef6c4d16045cb54,635
4,outer_validation,7421d9f4a8369528722e8c72,637
4,outer_validation,dcf07a69863c2bc7d55c82ba,638
