Feature,Importance
Relation,0.10150423654385954
ParentAnsweringSurvey,0.031152837310472692
GradeID,0.0310310564665377
ParentschoolSatisfaction,0.026458836581379486
StudentAbsenceDays,0.022671247215979462
engagement_score,0.02218156001035443
PlaceofBirth,0.011682624983117562
absence_risk,0.010871337505163337
NationalITy,0.00970470626101283
Semester,0.008896028863187966
parent_support_signal,0.00825605499308002
gender,0.008149198968038784
Topic,-0.009725332139125409
