candidate_id,outer_fold,seed,source_record_id,source_row_number,true_label,predicted_label,prob_low,prob_medium,prob_high
B-R0,-1,42,9da00394a8e5d8f9ea66036a6a89912efa355fd9ba96bfa4c528435b8bef9db1,0,1,1,,,
B-R0,-1,42,2032c66fadcb9fb24653402444d869a8a23e06dd7c522221ee5e19db135147dd,1,1,1,,,
B-R0,-1,42,366f43b68b77ee5d9d4d649052f097811eedbdf9b66e66e3d3a40f469b388044,2,1,1,,,
B-R0,-1,42,f827075494ff9d262d45598bb3a1701eb955b99abca1ab6af3b2e2331aff4808,3,1,1,,,
B-R0,-1,42,f816923b16d6506fc091cfe92e86e1139e2f0b3e58c593461da93f6ca5c45a5b,4,1,1,,,
B-R0,-1,42,5fafc4bdf7193aef5fb9fb71d655df200121838704e28ac2fa6588954ee3e27a,5,1,1,,,
B-R0,-1,42,9a87b2493917ab4a2e2a0087e5caf12c4b02676cfdfef54992ed8ca5ca77f88f,6,1,1,,,
B-R0,-1,42,d9baf8f9d90857c2e8aa4260b7eaf6c386460681228c2bee02a6b55597a43b69,7,1,1,,,
B-R0,-1,42,6b0a215f6bd63db235793c4ada62b4853f51f8a279def3710a3687fc319d4da4,8,2,2,,,
B-R0,-1,42,8726e7c2817fb8c8315b2db10843e3074a260645fbf1fccfd23450a6dfadb425,9,1,1,,,
B-R0,-1,42,8b3e47f5ebce0eb3eab15109aa814094f34c092ee88c49f965a0c31f02e89665,10,1,1,,,
B-R0,-1,42,a6252e1f0313cc82adc4651b4f4ced232435f7dff2e029302acc772e52fa2efc,11,1,1,,,
B-R0,-1,42,51bfbad6d53b93a899767c78e04aedd5268a69726ca0fa60eebb8995190d4982,12,1,1,,,
B-R0,-1,42,1fa27a62ee1b2d2ba6c92d8546a424dd3509710635f8a2c2568cc88597bb86fe,13,1,1,,,
B-R0,-1,42,14caadb35d5c89647b912b53c06bdcea5896a8299a9358c8bd67f727a3feec4c,14,2,1,,,
B-R0,-1,42,0817d574402933c00d82a89b1851b0d40647a8234618ab6b293d902531e9fea3,15,2,2,,,
B-R0,-1,42,3ebf8a2cebdec533bb2f688970be04e9d39292494e756baaecc985483868e197,16,1,1,,,
B-R0,-1,42,df5f1e6242f05e2e7995e736400586f8d34bd840e6cc2238daba43556f312bf7,17,1,1,,,
B-R0,-1,42,563f081ac98d1f31498a91b83ae8a2be907cfab0de2d472d199474e4e5eb8c6a,18,0,0,,,
B-R0,-1,42,5cba6871fec089b5dc9bcf045ba6e02ea473d055005f13d552c94fdac6686fe5,19,1,1,,,
B-R0,-1,42,716a01bc74c08fe1ad70772ed77afa2bc34025fce7092dab0813200de8da2e99,20,1,1,,,
B-R0,-1,42,7df5d7c65a174992687578a093dd207e1ca89156b6eb9caf2dc28c6a498c4c69,21,1,1,,,
B-R0,-1,42,0fdca47962352eadea2e4637769c1d9eb007bd0634379ff90463a8a2c57c1789,22,1,1,,,
B-R0,-1,42,e61c91569c6de30c3d7a1a050539ef58a6e6b2819fedd91cf751aa0b3b5dc43c,23,1,1,,,
B-R0,-1,42,1d7362cb11b923770fcf1b9a9f01b7fa4ac11819920853a5a2909ecc1bcf6867,24,1,1,,,
B-R0,-1,42,3d0d1c44ebc74d642e0c609d5dd4b5cfb467ae332a035c679b0c27cdd1ec168f,25,1,1,,,
B-R0,-1,42,f791c4eed66654e399b28a4c327d7b32842e48bc7cb42c5ddf0334cb435a54fe,26,1,1,,,
B-R0,-1,42,c346e57479e178e7b054371aa9a5f68b51e42c0e4a895346230cc32926dff8fe,27,1,1,,,
B-R0,-1,42,3abda39dd64284c601a97a2fbab4b8034dd42e259e9b097ab0138698fe51f5fb,28,1,1,,,
B-R0,-1,42,4f83a42c27ea668697977110e8f196526ef09e0479182cf78470ad75e79419c6,29,1,1,,,
B-R0,-1,42,6623d48d7b4f14736e86dddd3ea44cbf28743d1a0fa21fd0bc2badc498627870,30,1,1,,,
B-R0,-1,42,adeb2a11168a375acac8a5ba7b0b12f61ea068f42dc92905098e6e9cc109f6bd,31,2,2,,,
B-R0,-1,42,7daa9011bd495f51a4514b37670bcdea719bbc30097f1653406dba4a8e98c046,32,2,1,,,
B-R0,-1,42,088e125061899aeb843e08b444d414177713a8aeb3850db4477647a05e97b064,33,1,1,,,
B-R0,-1,42,754d80adc397c4fc9bec4ce162ed868fbaba4b8aa3ab35766de0fb6def2f0ceb,34,1,1,,,
B-R0,-1,42,eeed46e477e7a7086b3dd17a4ffa4e4e996e9f005a71a8b1bbaf81c10d4d046e,35,1,1,,,
B-R0,-1,42,ff103515b8dd75894b97d53c0362207acd3e41b19365124568cce40e99ab29d0,36,1,1,,,
B-R0,-1,42,84eb0f805fcb924ea581aaeed6c1024f9b78a793c930404ba039a4ceae8ccc01,37,1,1,,,
B-R0,-1,42,da11b9a824ea17d36ef8425abb47a68b80631b00f26d5fcb34bc902ab7e564d7,38,1,1,,,
B-R0,-1,42,a3aa9205c2dd6e6da3e018643f3c57b94d1f7d8f031190e1e8fe1aeb4473edbd,39,1,1,,,
B-R0,-1,42,6c1ff6b4722162e99085258b374ec75e9c250758b590e5d0c7e5e90d433283f1,40,1,1,,,
B-R0,-1,42,f9808139012c8b222496cdbc2c5823f5a200c1ca0c9a76838b16271cb6491b49,41,1,1,,,
B-R0,-1,42,0f3b55ce37cdca89a1c78fcec7a77751d9794f7cb1235804469a7daf9e63de4f,42,2,2,,,
B-R0,-1,42,0400acddec5641be9ed3da2cb98d514d062d4b150affe3dc22c7d5c88070c742,43,1,1,,,
B-R0,-1,42,3679ea32f8b94b8ce3d1242fef2d6073a0bdb60fe26b258e51162049223ac77d,44,1,1,,,
B-R0,-1,42,b65ef40f602471b10735bf76d635b6e867318fbd3b2d79eb292d182ebc52fee1,45,1,1,,,
B-R0,-1,42,a20449c0fa9b781f95175c7906471527630e66fdd4d57f1ce262975af3ce8991,46,1,1,,,
B-R0,-1,42,c79001dea4273719bcd01dbbfb7dc9181dda44a45e219cf7245f67640b98740a,47,2,2,,,
B-R0,-1,42,3b51ad679e8b0ce6b2fafb421a74825a2de42f8e1aed05cbd3a81335a2923228,48,1,1,,,
B-R0,-1,42,f5162c4d57e22476a2fd86a4b724fe8da727100a27f30d4fe72a9c346f5c001c,49,1,1,,,
B-R0,-1,42,342f55c319e97bc4ebb3ea65c99cec118d9ebb0b9c1dc8c76eda38916bbb6efe,50,1,1,,,
B-R0,-1,42,30dc43bca87dffff763ecab81971977dd0e0eb2ebbba3e56ea466f30648308d6,51,2,1,,,
B-R0,-1,42,1a9c93c0298921e6e0f103921ca7dba43c8472b77c47cdfe345bc83365ea4636,52,0,0,,,
B-R0,-1,42,08f641e003d30bb34ea70c8a98e54462e23555149b596c1f323b1ca3443795eb,53,1,1,,,
B-R0,-1,42,bdb3e3243f4945237482dc791db610d13e33bde5b6d72369ed200729dddc360a,54,1,1,,,
B-R0,-1,42,825309a30632ca1e2936b124a778f11cb92b02606b370f89d13bef151f047eef,55,1,1,,,
B-R0,-1,42,c81837f79017967e7355fc593b81070347505e7400d9bdfc85ffc152e7f91067,56,2,1,,,
B-R0,-1,42,fd5b4c1d3d861f5a2629640b96c79ba38eb9d1ff76552d929679d3dad440b73f,57,2,2,,,
B-R0,-1,42,5a01e160eddd0bfbc539ba4edb21a863e238a235071b2454983b79461d8e4206,58,1,1,,,
B-R0,-1,42,7b13c3dcfc57858b28512dd82b80f9bbc5a38d53ab17609e29661191744e409e,59,2,2,,,
B-R0,-1,42,fc23ab826a2440d11ef69d2086a1f61b6275743360356da43151abc46afe903f,60,2,2,,,
B-R0,-1,42,cb2b4d4111dfd94cb699ad65f248b0bfb4f2ebfda4969f24c0672a4eea784aea,61,2,1,,,
B-R0,-1,42,adf16fc552a8d1b40b4ec42e52c444ad8d840e40483acd8054933050b6375e7f,62,1,1,,,
B-R0,-1,42,461e4acae5091b1364fab0f058f3a5296ed75a394000f65a696e528c54bf6001,63,1,1,,,
B-R0,-1,42,2d4a4db57d75d8a7e2d6e56965c925963d33c569c1e24c31a63fb124021beebc,64,1,1,,,
B-R0,-1,42,717139bec7d6697c010ef70919581b03d427ed7b732fe74877da3c2869a2549a,65,2,2,,,
B-R0,-1,42,eb0ffac90c1fe5ccf1060219e349ca7d29540eb3e630465aa9b969a38900d539,66,1,1,,,
B-R0,-1,42,e87f2023e1a92b852755b7851d3150e9d19886692316d048409e5eaceb11dd5c,67,1,0,,,
B-R0,-1,42,410500105c3281445a1b6e50757dc923dff389861aa9993c0b740a1545b5b228,68,1,1,,,
B-R0,-1,42,c27b44d54803697af82881ea82d46e3561cbf37bdea8eb62c2df4af1f57d6fac,69,2,2,,,
B-R0,-1,42,ae7b53521c5f68c35a765aa5d26aa9bfb6604a6b2115fb3b85bc571e44290618,70,1,1,,,
B-R0,-1,42,c95ca8f4fa098b2e8efa4e74297b6a837b1cad117a7c74f757cfb6e899300c9b,71,1,0,,,
B-R0,-1,42,43ef9061e180219186ef1d51bc3c069a634f7f7a0078c5e6a8e339fe1bf5c10d,72,1,1,,,
B-R0,-1,42,77472ffabdf2ba610830e2dba876659a629d3dc9bf1c6a3fe5b3fd11e1a7b01b,73,1,1,,,
B-R0,-1,42,6eb8f51f02885e1c53aae062c9d8bab63dd1f60f90936f3349e37283882a4e93,74,1,1,,,
B-R0,-1,42,8e1cfba12ecae9c7fe55971bfee9792fcbabb9508905435e85fb5be079f00c2e,75,1,1,,,
B-R0,-1,42,661a678ac0beaf6c8e05288f361e0ec2e0cbe5cd6eeac862ecacedbc032c4cd3,76,1,1,,,
B-R0,-1,42,12e99bde80179014843362cb5bcb78e39e741147045460921df42487eadf8cef,77,1,1,,,
B-R0,-1,42,f6f85707110f73a6681ed41afcb48bbfe37fc724bb0552b9d4cf0fe7426ae0d2,78,1,0,,,
B-R0,-1,42,fffdee90b6ab369ed3b441fc0d5835dec1e0da61263172332ba409239a1b6065,79,1,1,,,
B-R0,-1,42,81b09fc0aa959d8efcc70c33f155000a7f01a30bf542cb50cd16d5ceb5203c4f,80,1,1,,,
B-R0,-1,42,c3aa2339fdff357a10a7d1d16826e1158de5efda7de8df9d86f076ca2646b95d,81,0,0,,,
B-R0,-1,42,10de938d451cc9cfe6d0ead0b6a8f760560120b56b7ed89b2dc4f651e5451669,82,1,1,,,
B-R0,-1,42,a39c3e2842a98f8ce8ef89b6eecb15c7e97b2bba8dd4fce046e6f457f63b132f,83,1,1,,,
B-R0,-1,42,04775e820b5829ba9b9a17482a4af9625350a3a9c39213f678c4a17f3f1c7b72,84,1,1,,,
B-R0,-1,42,dd582bddc1aca5d5bb7c320bb57fbf5870022badac32ea6378863b35a16c8ee0,85,1,1,,,
B-R0,-1,42,b64a99906f7914e194b7e5bda1235e3fffa359bf7c1667dd42b4268f16478434,86,1,1,,,
B-R0,-1,42,93f04a3c609794b4d53b3b5d2ffcfda0a1358e9ed321e072e10f1c4d0a40b4aa,87,2,2,,,
B-R0,-1,42,f71c1967da2534ea41551a7d2611bd192dc4205226657d845b33cb958d52e12f,88,1,1,,,
B-R0,-1,42,d1873f2c273d9fff1d54fa797703976f13a01d3298453e10d99cb401551d4999,89,1,0,,,
B-R0,-1,42,7e9752299515d5ecf7f759b6eae0d65703a71dea906d252e95aab67537ddb71f,90,1,1,,,
B-R0,-1,42,55134d6b9833e0dd6d9893c0d987db36b88926cc2663da7803c8d21064433f00,91,1,1,,,
B-R0,-1,42,976ddafb2f8abe1ac4c19be98626949c2548ab5eaf452fae24dce90c4de7b8c9,92,1,1,,,
B-R0,-1,42,5be7ba94e5d3acd4388614300b6ad48a44492e847b6d0e39fccd27e6cf9ae5f5,93,1,1,,,
B-R0,-1,42,7dbcdf95b6256c0f7b1dd6a3cc8fc9f0657b3eda2c88287ea432e7e932ba8d14,94,1,1,,,
B-R0,-1,42,4c96ee395ae6b58dd1fc56a4feecd55f450b02849ef0476aa8095841292de3e1,95,1,1,,,
B-R0,-1,42,5029e2776e7b9b5d2af015958cd517fb756f6d8b9853790513dc82715be726fd,96,1,1,,,
B-R0,-1,42,2cedf816172020544d1c56529191607083a424ddd9627983acb2537e9c73f8cf,97,1,1,,,
B-R0,-1,42,a1e98e417eed1e1a141a0b30b714a23f0dc568239616354e4a175bf8ea08a28c,98,1,1,,,
B-R0,-1,42,fed2454f61d42dd8f9f5651403e7c8aba82a77d8e645d8bf125f75e7c4c73861,99,1,1,,,
B-R0,-1,42,8265981c42a1d2d7ece956a8e83fc2766c03bd9b677b5188edf9e65cae717f0f,100,0,0,,,
B-R0,-1,42,4b4303e1d9cff307886f30665c8e6fb57047e2e8f3cc39e2126b16700e3bf126,101,2,2,,,
B-R0,-1,42,9ba998c5d87d08fc3d40b1b83a650245d89a368abad6136f452df88cc96ddce1,102,1,1,,,
B-R0,-1,42,a5d49a55806e6aac09daa9f48f214a4bb4d26dc6b501261c0ba01041d3d2f9d9,103,1,1,,,
B-R0,-1,42,eb359b8ed9a4e0197c1d1ab325e0047ecbec907011dd47ad227dce8c761f9a7b,104,2,2,,,
B-R0,-1,42,3039b67e191cb12f942b21e621f38cb832b6a2d5e570cd00e2a2205f9831c0a6,105,1,1,,,
B-R0,-1,42,4f65f4ecb5dec7a9bcbad3145918aab9b07f8a407f8e8a2091429b181b95ce71,106,1,1,,,
B-R0,-1,42,4b7e7cbc654f5e60c12ab432b3144305090c199d58af8071af7e5a16619e6aca,107,1,1,,,
B-R0,-1,42,ffd718c11411f17305eebe2c3fd8eae0b394e9127366a0ffb1165fbe02224135,108,1,1,,,
B-R0,-1,42,68ce95a11652b3b237dabe6ae00998c9c7adce1ee390c47fadd3e8540130de0f,109,1,2,,,
B-R0,-1,42,3797dbb2b0b7a08e83dbec5409c694efa671c4e46af761858844278f1dc385d8,110,1,1,,,
B-R0,-1,42,686e797782deb880befa085462a001874deb90f59e8bd4f579869b6b3cc30dda,111,1,1,,,
B-R0,-1,42,ff7ddca54e1e9620918ba02dbfe35985a655c87ef1a72ab4ba4d13faa4ead2b0,112,1,1,,,
B-R0,-1,42,f56c2b2dd4b088427127b4d3efd30492502e057dc35df92f37e390e9ff866182,113,2,2,,,
B-R0,-1,42,1cef8f807fdca35bb7855250f58e049e267f113b93c430f11985366f1fcfd9d7,114,1,0,,,
B-R0,-1,42,704d8396ce08b551fa6dd721337adce6afb2503715135f734bd2c0722ce528d3,115,1,1,,,
B-R0,-1,42,0ea019d83f26df83e9b4d8ca38756d7365d28364686c182cd874a5234050812b,116,2,2,,,
B-R0,-1,42,8df88942cba699e578f85da548ac43c04023d6e3124e0d909bedcf225ee6ce88,117,2,1,,,
B-R0,-1,42,30f9b13a03f303748526a158e8940797fe5e5c600fce68be3e50b0840a4368e9,118,1,1,,,
B-R0,-1,42,c9610bea3409798e091290f260c60e5b4d3f0a84a43555989287b37d07ebf51b,119,1,1,,,
B-R0,-1,42,e27b2368d103c92aa6d3db8b15bcb6a45f02a1799208f1d626eea765d93b4f20,120,1,1,,,
B-R0,-1,42,399489b6079af091f33320276c7ad2db3c791129a3edbff5b530c66d32cd7e72,121,1,1,,,
B-R0,-1,42,3dbffa78da4c6ccc5516a203817127a6190976a61b2c1e8e3ea1b77c6cff7d9d,122,1,1,,,
B-R0,-1,42,7df3a248b5f8b93b45248cf254e97e9ba96a25254e52674e69515928d061a4e0,123,1,1,,,
B-R0,-1,42,ab8ce69a1319b228880d829dc5631ea34e5cb080bfbc178aa048514436b7ecee,124,1,1,,,
B-R0,-1,42,10698694323dfb803f5936e348a7facb60fabbb04e356449705169347027f85d,125,0,0,,,
B-R0,-1,42,d2b095aa11fac2c0afb11ad09d16074d95b8ba0c47d799f8ede52e5b993a41dd,126,1,1,,,
B-R0,-1,42,e8cd3aa07ded082c0e9d0cd5ce68316e2c88e74da438e4b08e8a1e9f962c9394,127,1,1,,,
B-R0,-1,42,f58ebfd4557154ffbcb785a4e55bb6649accdb99c66e82c58ed1bee08f674e8e,128,2,1,,,
B-R0,-1,42,4d25798cefc2cf5ce3c29ebf0b9e4c0d84956f1a8898de972610ee57b6a7fb5f,129,1,1,,,
B-R0,-1,42,93c4bf4a5b21f36e6b0aae5bb990899ccf48d342143ca0e115fbbcce24f1e0a6,130,1,1,,,
B-R0,-1,42,dcbc9639337cde5535cbfd1b0895c1483a0c8d68b64e3c51551b748cef00b663,131,0,0,,,
B-R0,-1,42,4843201d2b160da0c05fc6013c664892482d15cae8e6986d6ad88ce3feaf72b8,132,1,1,,,
B-R0,-1,42,70be8a47e5d22077d37988cb4d32c132724a3d1b083ef9ab0b06313f0bf6c905,133,1,1,,,
B-R0,-1,42,cf57f1500208fbbe850bfcb423c0a07e8d0a3e41dbe03e9530034f5adb63eb16,134,1,1,,,
B-R0,-1,42,64d4f18b3b12675504880cd0dc7ecf25b60fc04bfdbec355bc38419bb2d7c415,135,1,1,,,
B-R0,-1,42,bbb97d718a1a11e509b00ac170dc512ff9b9930eacf75f5a3077880ff90bf810,136,1,0,,,
B-R0,-1,42,d00d28ef2c4596a4d66713623e2b8bc3764ba2818602f1c62d3f21d371614dd7,137,1,1,,,
B-R0,-1,42,787dcb7a1c4cc9f4983f462ddd01863d71220d14a298073a5886f7917ceec867,138,1,1,,,
B-R0,-1,42,15b4ffd20b8c1fc30ae15bc841142d7ad85f1a4f9571265b80d081a59b742e1d,139,2,1,,,
B-R0,-1,42,237d8870453dad85e4a690f5ef5b3a88e992a5aa74dfe4b4b5a16a1db596e4fe,140,1,0,,,
B-R0,-1,42,6cb1a3bd78701f948722853f3ff484b4a62afa283c31e3d9ba8e2ab088574ba2,141,1,1,,,
B-R0,-1,42,b064cb059d374948ef0370a2437f8d0bafe1e9678a1b38f837c6a6db9db4d582,142,1,1,,,
B-R0,-1,42,ddbe9a19eeb2b15127963e53920ddb3080cf3605be4e5412f985652dc3282606,143,1,1,,,
B-R0,-1,42,be8334d7f47b288facef26257cb6b44fcf616cd19090b942b3e21a6312189a8d,144,1,1,,,
B-R0,-1,42,f4a1fcac757fd73ac757509249c0ec925230f6e917bdf8e793757ea12e98b50d,145,1,0,,,
B-R0,-1,42,ae60908f4c85b03a0a49269075a0f3e13559c408c540b42632a059b5cfb0cd4d,146,1,1,,,
B-R0,-1,42,0baae3864d2aa3d4aa2751efdb33ff2ab5c818f532230e2e93483176c0226769,147,1,1,,,
B-R0,-1,42,6c01e488a30c00d7ce599e5c6d7195f878613637774ce7b5cd4d9e7dab67078a,148,0,0,,,
B-R0,-1,42,ffecc433675dacb5aa9570aab766c7b1c9116acb4109af9e6863d3341000315a,149,1,1,,,
B-R0,-1,42,cec560dc37f41cd4c0033a5023e3ad17cb7fab8ef72dc1a8150a7ed88228fdd9,150,0,0,,,
B-R0,-1,42,c047c292b4e87b40d0e8d2cdb5f5aa7e0bbd22946a70c373ef6dd5c6576bc932,151,1,1,,,
B-R0,-1,42,20a9a7e6d4cf66384115e0a7ecc18f09cf1f9b2d051f34bc82d7b170955376d4,152,1,1,,,
B-R0,-1,42,9a26ca17f1a2a542cec0453d178767a86c59652d63ff72ddaa48810be13d1ab6,153,1,1,,,
B-R0,-1,42,810b57dafea30a2f75e872d5e62c29a08fc07a9ccaebf778bc32b9ed8700674c,154,1,1,,,
B-R0,-1,42,0bf3a2d884e1555952ad611ad5ac00b76d97402156df050266c3cfc95f605dea,155,0,0,,,
B-R0,-1,42,fa5daee0d7df009faf4c0e08a703bbc8db8c1ae32e4f684b7085649c9d548453,156,1,1,,,
B-R0,-1,42,b434bdb6cf6a016c8fcf4ddfda1903c394ac80dd9a22c7ed02b2593841c71f91,157,1,1,,,
B-R0,-1,42,a7f1f0bec4d0eecfb4bebc52d748706df58b74a54e32f07189d46c9495ae3d09,158,1,1,,,
B-R0,-1,42,d1b268ba32d56d8ff3504e94ee5370f3a76ce18e0a3b0db5c875395b0e922da0,159,1,1,,,
B-R0,-1,42,a46bacc86e6d6f2966c8bc9b007be70048a778a3e7dc54762fa3c06ca3dd0a6b,160,1,1,,,
B-R0,-1,42,440e70046c7ab779d69b3cf5f483b0504098b58f20b98da0f4b90dcca58b7a1c,161,0,0,,,
B-R0,-1,42,1336c5029330743b5ea83d83fdfc07fcd73276158b755bc1202b4a90ade5cb08,162,1,1,,,
B-R0,-1,42,ae88168be6110ac8992db8b155e6bd8dad4a050a4a4fabb91d628b18e0ff3fdc,163,0,0,,,
B-R0,-1,42,aee4b0ad4df2a5b974c0fae78b5f15de2ba0da9ff62a1f1845fe8490f931efbb,164,1,1,,,
B-R0,-1,42,f4f2eaa4ae88e92cfa57b3aff8b8ebc91d59f1c9a27803fe90c6ef8b768a6d4e,165,1,1,,,
B-R0,-1,42,638a470d918dbfbf5afd33eb58e7ac2868a43d0e4dbaab3029db5101a1edce71,166,1,0,,,
B-R0,-1,42,ba5855f8ae5d306be9297d600b9787f650a7bcdd0cb8c9be2e1066ffbedbd65e,167,1,1,,,
B-R0,-1,42,8cfcf18683c3b7ba3ced162978e9086a8ed03ba8ea0326e9517b0fb14a46f944,168,0,0,,,
B-R0,-1,42,3a299c3c001be06083770361c18b9c8ad0448316f4c759f5eb6be75b20384d39,169,1,0,,,
B-R0,-1,42,d51923504c8a939ba8dfbe8c09d12c0f24fc1b5f9fceff2ea5d3f498b3105dad,170,1,1,,,
B-R0,-1,42,85f403ccf55735ef4bcbb2f529613e60c1023c2ec151eba3a05f40c076ed746f,171,1,1,,,
B-R0,-1,42,03c73563087c1329943a56cf316a054838d232eb12bf400763e97af8a779fc3d,172,0,1,,,
B-R0,-1,42,6df07523c6bcce6099d7d663ad6a57b32e7357259ad66091764a914e4062a886,173,1,0,,,
B-R0,-1,42,c346449759a08de6df8ad7f0936940e980e88f11837c514a02a4fd03f71ed459,174,0,0,,,
B-R0,-1,42,81c654f9d5f5591c63de46ec2f8de90d5778222531f6dc2ca93dfe9653b873c6,175,0,0,,,
B-R0,-1,42,36fc8ba21c05df93f037cf32ffb47c54f5fded8ce374e0e9cf11353791e881ac,176,1,0,,,
B-R0,-1,42,4d9c66f835e53c59a5b442cc32a3068c038a14b4b5816a08082ca8e454ac6666,177,0,0,,,
B-R0,-1,42,3be1ee30e134a9ae90bc1593ea32cf65047070817401a9aeb18c76efaca04541,178,0,0,,,
B-R0,-1,42,0f1626989b6efba0ed821b04af2ce1ef2dd90be67fee5303e0aeb890e84e656a,179,0,0,,,
B-R0,-1,42,dc041fdcc3cbcfb79f4de07118d4868642025a233a983d551502cd5c96d20552,180,1,1,,,
B-R0,-1,42,9881e8df21340beb673d11fb2f0087e28ca86d90cac54001885ad77fa39fe58f,181,2,2,,,
B-R0,-1,42,ea343acee5823e9928048bcd114ab1bf1f6a80fe0d6f43707827d9efaf48f9c4,182,1,1,,,
B-R0,-1,42,4d7423cf2ff542521716737a2b82d95c940025a9d28aea9f135e73d793d959f0,183,2,2,,,
B-R0,-1,42,1f45e1f29d5af173d4f68cb977fa645b945e3015dcbee511344c2d6f2417112b,184,1,0,,,
B-R0,-1,42,03b5b9fbb1e8685d2aea12d701a8548fbf66e988d3965beff90d610215a6fc96,185,2,2,,,
B-R0,-1,42,4b9f8e0c8ab34af43ef7096eb4e85d311551b210d679e5d673daa44a258e8a42,186,1,0,,,
B-R0,-1,42,d8eea83646be1e9c916e665fa77c259449f8745ed6a29cd6f9b1a9dced475fd5,187,1,1,,,
B-R0,-1,42,4bc56ddaf0f7e559d24c60f59a6cf7edbd7b915799dadce516c430ac85a7696b,188,2,1,,,
B-R0,-1,42,f388cc4e3fa7c3eb79bcc7b0c0c92fff99e4fb329900ed50bfeb4f870f49792e,189,1,1,,,
B-R0,-1,42,2085cb7bb188011662c46b252b9f3e65cd2c79085775a23fcecb742fefa155a4,190,1,1,,,
B-R0,-1,42,60763b4cebd2c23d4b6bb41fe41d2708e53e1479ca7374112530066b5e4893e5,191,1,0,,,
B-R0,-1,42,e4513c3d95a31cb9b2e70ba9aac54b1937bbbfb1fce1e4e3eaf07f94259ecb86,192,1,0,,,
B-R0,-1,42,842bac774d6c086dd6b92fdb78413098e14bcc3af75125e7d25ca273a3e1f862,193,1,1,,,
B-R0,-1,42,801eb4d09dd43b2b678c81a91d82521163c504324fee02de3778a3ecd1a926bc,194,1,1,,,
B-R0,-1,42,ed46b4dc3fcd5fab1ada22a6d188180240af8e738c547e3f26fc65506b077a12,195,1,1,,,
B-R0,-1,42,6c6dd067b740da372386ce71f81ed5b8dc2e1e9f93625be9b4884d1d73f96114,196,2,2,,,
B-R0,-1,42,ac305df5cdc5f1b0801b93d200a6dfb28ed119ce4795422a08ad3057488758ce,197,1,1,,,
B-R0,-1,42,86eb8973fc65f23f76646a24050506efc45364d1ed311733b312688b82d03540,198,2,2,,,
B-R0,-1,42,dda56c3d07f633d971d329a63b1fdd7558cfca3fb0e027085f9e37f767b3fb45,199,1,1,,,
B-R0,-1,42,edb22055eb500691bda99be2c9e755b933fda43abbb5ac8d461c3b99c85b847e,200,1,0,,,
B-R0,-1,42,9a4af49b00bdc8c8c90dd9584610e62f31c1dea1496d8c77c154a1340984f0fe,201,2,1,,,
B-R0,-1,42,ac49935da3ee5b02cec9247a78be9b546c635c54aa6988081e4fe8709663d2f9,202,1,1,,,
B-R0,-1,42,0c37fd58a9827290e55b34630825b0d6244c49d5ad38b4cb692ee5fba935d2c9,203,1,0,,,
B-R0,-1,42,e3f90cf05c633dae16fb7f47884d7cd562ac2769d89e9243c8680a8ba22af681,204,1,1,,,
B-R0,-1,42,ed7122159427b6c8635b7bcd0d7140de4dd489af9eab6fd9bd99b3ebad260d98,205,1,1,,,
B-R0,-1,42,50fcac22a7e0a3f9e29c98914641686f7b4d5b483729f33dfc0943ebc770409d,206,1,1,,,
B-R0,-1,42,ea5f3b7855c7c13d408bff3ff046c47d194d636ff9d1cd41a54051e642651080,207,1,1,,,
B-R0,-1,42,24fd68e79a2159278d68b9fa03c7a306d89444b373e4ed956a552290b7163fd5,208,1,1,,,
B-R0,-1,42,1c5812f23059c8affe3af759b6ead8c2c38b856307cb70a58a6806f14bcd7133,209,2,2,,,
B-R0,-1,42,6ab8e0705e7b40a64b138c0755ac0e4974492c819c3a3104cb9fdf9bb5c5833e,210,1,1,,,
B-R0,-1,42,9a0d7d130a794be7bc69983881925e866dbd081148ab7ab7a8b811b52c7a21f0,211,1,1,,,
B-R0,-1,42,a5e5532a8001b1d35b8d647ec7c6de5bd09b0cc81ab543a66c4b92d00869a830,212,2,2,,,
B-R0,-1,42,038c9ee0d7794eeb1143a461c0506513b430ff5293a311f12d84535a6afbcc5c,213,1,1,,,
B-R0,-1,42,8332987b673c95bbee93c9f25e2f6e37e4235c9e6ae83604205ff69eb49247f9,214,2,1,,,
B-R0,-1,42,4cd62e95948bd1b704bbcb35b4c07c1ce891fe8d8603fa8d7d55722149152d09,215,1,1,,,
B-R0,-1,42,41c314fd5e526b07168ea8735e420c8fd4da4cb146f0cb7b53a0b2e383de5f71,216,2,2,,,
B-R0,-1,42,c52893a6a9c59524615c570b972166e20fb5dc1939f7f8a0a444a854ad8b5954,217,1,1,,,
B-R0,-1,42,7f598fa9cd8021402624f92fab82098fb58747ccd8a722c3d994f05b6ed0f217,218,1,1,,,
B-R0,-1,42,aac572f07272c9f29ce150e00d2b33f7765e921ffe4e1a3c8a7aa455349ca19b,219,0,0,,,
B-R0,-1,42,c590d4966929434b32180f09a7062520e5996d2f0fe22fac768d1ca0613d025e,220,1,1,,,
B-R0,-1,42,f094aac8706b95f9bece4eeac1389e28ad75114d0e4206b7769ded1102994ff1,221,2,2,,,
B-R0,-1,42,1223db6fa4c73ddcfb1d3c6d1d32d7a9a694a0c67b0b8896d2e2c5252ea458b7,222,1,1,,,
B-R0,-1,42,c6b8941e410ad8b2574b68572d59fe76bfb75291198754c7266ab3740f819f8d,223,1,1,,,
B-R0,-1,42,fa91a868a0b2673a241638a1e248c077d7ebbe8369c5e9c7a105ea8e0f678595,224,1,1,,,
B-R0,-1,42,6bcf085df851ffdd063de277d7f6de02756302343ed42266339f33b7f195ec0d,225,1,1,,,
B-R0,-1,42,ef6d74ead7c9dae1edd8b999fa30b355c27c4fa0917c2b6342686959821c01fa,226,1,1,,,
B-R0,-1,42,05dde9d4b54f7775db2292c4725eb2440e0b2dbe65d52bb4c05c347040ae90da,227,1,1,,,
B-R0,-1,42,2a5b3658c6bb089977c0132627aeddf27747b5ba1997b7f2041f3039d3025854,228,1,1,,,
B-R0,-1,42,1cd7edbfe2f40c5d7c9a6230c2530a19e1c33c1d7a4b9c2fc76e71f4a4ef2955,229,2,2,,,
B-R0,-1,42,a2010d08bf5544fb2f61ba56db0cc9b5b6d58a43b3e7a8155eae755a2ab63922,230,1,0,,,
B-R0,-1,42,51cce7d0485df80b75d03dee842b5fbb970f5348df67160d0e30730f577a193f,231,1,1,,,
B-R0,-1,42,0e1e5a60db31ca1ff4e88932ce8fb8133c0cae740186c0eecba980565edeeec1,232,1,1,,,
B-R0,-1,42,a5daa6d5539669eb579a2eb52884c6f73f940319383b144b4c4638f49c0549d8,233,1,1,,,
B-R0,-1,42,ea6ce91f0cda3fa98f7b745b9580fd6b0403056870eb76c5fcf66334679dd7ee,234,1,1,,,
B-R0,-1,42,c6d8fdfaebcc9424104991f6e1b2ae52cfc74b01f006f573c65d6403e27860c4,235,1,1,,,
B-R0,-1,42,982f60fd457eb6d3d3ea718cf44d5cb26c9847a13bc9211cf942c0276094cbea,236,1,1,,,
B-R0,-1,42,81b41de2fc119a6be204b22f6f400b640dae3281ad7449e09c510a3179f3e514,237,1,0,,,
B-R0,-1,42,73d4dfe9d634e737477bbc0e789414071caddfba0329a03b55a67d4565f16b31,238,2,2,,,
B-R0,-1,42,8ef03a12bf26544326b83a924d78b17a626323183f000e61b0e1269d5151d713,239,0,0,,,
B-R0,-1,42,e65cba4765702c555356fe2b6fc3183b7079396880ffa82b6303a59358a1b860,240,2,2,,,
B-R0,-1,42,78bf7a927103b0adf2a93a132f44f2411946196d038bf6822cb2eeb2f851ab2c,241,1,1,,,
B-R0,-1,42,98c1ed0f87d3d9f68a060c36de601cd9dd4c5c389aa3ef9b828e9c93c98f1a50,242,1,1,,,
B-R0,-1,42,4e05a768be51893f790163c79ad042b9bf59de08bccbba7bd25c8877c53ebcdf,243,2,2,,,
B-R0,-1,42,40f57c13c26aa660145ccd9e9ad6cf7435aba21e0ecb869b65ca110bad79d9bc,244,1,1,,,
B-R0,-1,42,c302ee011150e5de42eafaa347a1b841d5d8807659f31696d8f82c5a4abc8105,245,1,1,,,
B-R0,-1,42,820af5dd1d43687408ee96791d977e5768628d5dd9718275f49012ab8be7c7da,246,1,1,,,
B-R0,-1,42,17fce900c57b5d8978b6a7f3fc2fb54520a09094e94167b76cbe441400f5ad10,247,1,1,,,
B-R0,-1,42,38085f4b22cba5fc2e5c7334dc43fd4faa9f1be9584e87c3a89ac73aa37f3ff6,248,0,0,,,
B-R0,-1,42,2fea83fd72f31c3ed98d355952e0dca5903ca77045d520014559b3131ab53449,249,1,1,,,
B-R0,-1,42,f37129146fe1cc102260df1bb5035364d6977e2290c3f3c022105e91ae0cad55,250,2,2,,,
B-R0,-1,42,97c9512caadb3ffd0ad3c7ddd23407aa54871fc60933e4b9f12a69d1cef4214f,251,1,1,,,
B-R0,-1,42,c85e618c2cb4110b794d0c0953af57fe74dd832c9089b476240a78f6178bf1cf,252,1,1,,,
B-R0,-1,42,3567553d36285ad28e9947ecc399152b059b63fa0d14e93da3fa60f88729589b,253,1,1,,,
B-R0,-1,42,a71a645737db58ca85f16857a87566dbd0644a509be1426ceec155ba4b32a46a,254,1,0,,,
B-R0,-1,42,a32d5c6de3dc8a8d1a538283ab55eeaf55b9cf8e25aa347f9451fa80920ab0dd,255,0,0,,,
B-R0,-1,42,aef48ae8e8f8321f0e29c116e8187c697962ab80108f224eef0febe59017821b,256,0,0,,,
B-R0,-1,42,7dd03f8de291c327ff1d0ed6f33b027547ee5dee91900d57ad3847ddbc771ca2,257,0,0,,,
B-R0,-1,42,5752cee9adf12bd089539e746e30b0d83f71e4f57e8da95e82619ac05b3d6b64,258,2,1,,,
B-R0,-1,42,c6d9905e1108342a5a39e558796801aaef2123ede509df6c737dc2968cb80334,259,1,1,,,
B-R0,-1,42,6bf3a7c4314c48c91d33eb94eb7bbcf708f6d2a7c6af47237735c2d12f683e35,260,1,1,,,
B-R0,-1,42,cf04de454501b8a0be83713c4b298369ec62ac21cd8f30857e05891dcef22cc6,261,1,1,,,
B-R0,-1,42,ad959d26f847d9c030d3b6d75856d30298eaee390b8e65835b5173c70de9d93a,262,0,0,,,
B-R0,-1,42,6a3c09e4947d005706a207b8c760dd1e4a01a013d7fdf234bb6e2abbe62ed0f8,263,0,0,,,
B-R0,-1,42,bf0447db8e3d43257114531a92a520c82a6453bd3b7ae34aea8711ce45d014b0,264,1,0,,,
B-R0,-1,42,55f09cfab4e7759b9196088c60e80fdf399fa12b760c9cf22aaeb33589b1808c,265,2,1,,,
B-R0,-1,42,f1cc48536731731e0b343782efdde0db8be7fc46955c060a6588a598c61b83b5,266,1,1,,,
B-R0,-1,42,645409494cfbc0053881ee14531a52cfc643d5a8dd013317825912b73a52362e,267,2,2,,,
B-R0,-1,42,00dbf7ed1f04da4f573cdb1c40ee8aabbb629d7e284d1568bca51a8a5f396e7c,268,1,1,,,
B-R0,-1,42,b7661cb5dd52c9c0fe4365fcc6bff1f997b8753cdce2392381357136c4a5bf43,269,2,1,,,
B-R0,-1,42,4e704048021bafbeb44effb9e508d4cef59a712f89bd368f81f564485127cc02,270,2,2,,,
B-R0,-1,42,4837f2cb17208b9a4625ebde74b97e4dd96ffdb5234013a87be717acfa0a8b14,271,1,1,,,
B-R0,-1,42,6e7973c8c4ee77c326ae4010b1418b788a5630854185affb484685e8d73a7084,272,2,1,,,
B-R0,-1,42,3d8d9b0265e3f1fa1f9dced7be94a31b2d44253a703333fe32683be701e1e391,273,1,1,,,
B-R0,-1,42,f048327f0da983b65f4ac626e1b417339b356d60f7641609e9f999aa25dd1b64,274,1,0,,,
B-R0,-1,42,111d930258015ff415cf618a5446916b948c63467161ea1a20e0915119b50244,275,1,1,,,
B-R0,-1,42,2fc3c8e1b6058fdb8ba34e10c4f11c5c96a490da8c44557f51f272e135b276d2,276,2,2,,,
B-R0,-1,42,b66a61f7e4e30927c1735a3306a7e4fd6cf9b017aa1b11eacd63c9f666c7ac77,277,1,1,,,
B-R0,-1,42,3366e3e79bb817fbb8c139710399b5e5e682684683af108e41f6f8f47bb2ead8,278,1,1,,,
B-R0,-1,42,747d3e66fb22e30550810dc98794ef466dae76dcbd60596dc19187a28a0495e2,279,0,0,,,
B-R0,-1,42,8475bd5769c68d5427ad348aa5b6061ee6bcd37f6f1837cda26be61984a04cac,280,1,0,,,
B-R0,-1,42,ef27b562eab370d5506b6031d90875e2bf94890dc4f57239be5af639fc2bb2d3,281,1,1,,,
B-R0,-1,42,be89c47ea7807e1e8f1728f4281bf7f92ce922539e0b3cd0848dc5a258702b8d,282,0,0,,,
B-R0,-1,42,8b6cbbd882704231c2da058f30493957fe5f146ad538f186251118a7c93fe195,283,1,1,,,
B-R0,-1,42,d744f4e8e0e5a37040ced43f7d9f57213e888b56527ca3961db9750dd4b525fc,284,0,0,,,
B-R0,-1,42,54a5824b809802628fc226bf21773286f73e6051e62d9cec2df3e81d93197bde,285,1,1,,,
B-R0,-1,42,0bb5ed634b92cd4e23359fa5c9f0f46eb531bfa0976bdd29a00e52fbed97e135,286,1,1,,,
B-R0,-1,42,1c7add97688eeaddc1858c389db4aac1d7c75a52d05d5f15c0d081a7b938abaf,287,1,1,,,
B-R0,-1,42,7ccb05337d74117430e9fdf9897cd7110c354bd737a7229f86fe605f50969092,288,1,1,,,
B-R0,-1,42,c215aa987795131b42e2cd8a6c43e525423612ee007a6ced32e8263bda4ad92a,289,2,2,,,
B-R0,-1,42,4560a7ae21f3fb4ac2db6ffe58ddb475ac41d6dc383b998d4c568b31ae65a35c,290,1,1,,,
B-R0,-1,42,609e2c6bb80163f064286be493c35084947f767a9fca5159a6007ea7d78d1b8e,291,1,1,,,
B-R0,-1,42,50a40749308fda874b7765a8a2b85ca93645b0200e63e9851129ab8fd6f41ff9,292,1,1,,,
B-R0,-1,42,912f7b7365227a32858a2d927685373d6780e508ef7ac83760fb9ec5aaa1aefc,293,1,1,,,
B-R0,-1,42,570a9095c62e1fa55a30bd460a6ecc380dc180927ebbc369eb3452bf401f5b43,294,1,1,,,
B-R0,-1,42,d989513ebc9b816b08d15039e20aff3eeac96a4c9cd17e51afaa8a05ead60f2f,295,1,1,,,
B-R0,-1,42,29fe4b61c9b555bb9cc208302b5dc991e41580d993fe5cf0832053f62f80be27,296,2,2,,,
B-R0,-1,42,06bff8560b0213942ba71145fac2e05499ca6db5f23f3a048b71ea1db4373276,297,1,1,,,
B-R0,-1,42,a347405d861f7182f5157435b676ea5452b581ebf8b34c65c740ee6696256750,298,1,1,,,
B-R0,-1,42,8facf48402aa60c4e52666105b216119e1b68d607cd90e64c373961ddfa8a9bf,299,1,1,,,
B-R0,-1,42,63e7b0fd79c9670e63f19d0b85cc2c7efe0f1e527b44bbf33e9c798004594ffd,300,2,2,,,
B-R0,-1,42,0910a774d27e3fe150f1c12d186032f527421ab5d7c35f74ac4f758094dd228d,301,1,1,,,
B-R0,-1,42,ba77ac0a50dbbe13d7bd6839ae32c5eb1febed467656cd2322a11c5b3f747b65,302,1,1,,,
B-R0,-1,42,4bea7852e6349795c7bb47b3b196b923e2ba8e7aeea9001ce30608cc02c0e4f6,303,1,1,,,
B-R0,-1,42,fe7000c6192011cc4cb3fab698a7821cc7044fec6fed4d6c825162ba8e131368,304,1,1,,,
B-R0,-1,42,8bbb88b5de9002160126d07b53f3cd2825868930b27f08e4ff4760a9c179699f,305,0,0,,,
B-R0,-1,42,de68a6ddb137408d6f047da8b80a1ebeb03cceea79fe2bc107056a11068abdc3,306,2,2,,,
B-R0,-1,42,b1ee4d7e89869caeb050bf6a44961b049d9934b92e5ee40bc7e869b645348de0,307,1,1,,,
B-R0,-1,42,ee99b4a3c8e4b8ac8172a040ad3be7a04dea423a9ae0409a95df0fafc91a313a,308,1,1,,,
B-R0,-1,42,97b9091925addb08c1cd2c6078d0de2bf8172b17115de938b77ad77357d5ea5b,309,1,1,,,
B-R0,-1,42,6db86dac2c557996df538886e2ae001080ddecdab91e2e3a4edede389d70b7e7,310,1,0,,,
B-R0,-1,42,e46fe007896b1086b24e7db53b21842ae5f26db41897be76661db0c09520f97c,311,1,1,,,
B-R0,-1,42,19d6ef82b2a921d77a5573e974ea081845479ae43b183f176897858ed8e06b84,312,2,2,,,
B-R0,-1,42,5e503b8ae7945a0c7a8bcd67542d51082ffc17c2404a5253304711f79919407f,313,1,1,,,
B-R0,-1,42,5756c809e3d8db3cdd21b5e8d36139858b8f09dbfdb84c88dd454914fd2447db,314,2,2,,,
B-R0,-1,42,a538822eabdf193b2b19f78ccf63644aa5c71ce346c2909e83ad04440964ae88,315,2,1,,,
B-R0,-1,42,4791bf9d1d5d0230ab90f16f29614b48ab82e5801b82082235ff9b4358d29def,316,2,2,,,
B-R0,-1,42,e03a5d8fb20a6ea99425f7eb791e67ae67db33777225bd74107066b76cbd37ab,317,1,1,,,
B-R0,-1,42,727f74ba1c3c4c66b1f6b4556991e45b07a8df2d9d01846546f6627456d8494f,318,1,0,,,
B-R0,-1,42,9e12aa0dbe5c0aaa2470ead8d7629926f8b65403a6699dffbfef210eb25d80d8,319,1,1,,,
B-R0,-1,42,d3a134515041870d4095cf6ae0a7325769f957b530f530c1edbabeaa7c0c7273,320,1,1,,,
B-R0,-1,42,b44a3f41d310382fd60bf7f3a58d33ef67db0a23e704c0acd98fc529dad15ebc,321,2,2,,,
B-R0,-1,42,0796be2517f6d256579d64e3fd271287a0a015eb77e018c048e59d0f28eee45f,322,1,0,,,
B-R0,-1,42,1bfda6b9b2ec251369d6f57db5fce38fb12dcd38ecc1650133ffde8588ea9de5,323,1,1,,,
B-R0,-1,42,dd16b30b04ffe107ef12c7c07478ee8a6f1cb06de15b60261e80e1c3592fa365,324,1,1,,,
B-R0,-1,42,4998ff2bd307bda1d85ee16567c661c9862e55779e725e724189456e0c51af70,325,1,1,,,
B-R0,-1,42,4dcb168e09d4d7893d639ca45b73e7538eb8bbdf4d053e76233e29ffd3010c99,326,1,1,,,
B-R0,-1,42,39eaa33a8d48061b0348f9e4a83e301a0a7459e5eb653e83810f30644bbc17f7,327,2,2,,,
B-R0,-1,42,5371b6cfff41d777216e0c9e04d0277262e4f4b282938a4ca51084387331c4ff,328,1,1,,,
B-R0,-1,42,5caa9ac380bb06f4d084ea82b0b0e36346f917605e5ce0b8bbbdf5ced25c6cd0,329,1,1,,,
B-R0,-1,42,48049b601c2a81fda78b5d5252ae9ddaa08e0b7a64fbb1d35031fe640387123e,330,1,1,,,
B-R0,-1,42,fb6e8a79c7509d2ea0d634b54f8c3c61a61c856f58b1e43907d91134de9c8f10,331,1,1,,,
B-R0,-1,42,da52e0801985e6d911242d1cc38a5a2ba9ea6d852304175e9cf5f6682c636afe,332,2,2,,,
B-R0,-1,42,980f2c93c9c03ec6203a0bdaeef81159a3cfe8ed1f28387385d9f45010302142,333,1,1,,,
B-R0,-1,42,a66c4452b850b95377077697aac825a263e323984b1e8a1b5c25b1f3bbf86b4a,334,2,2,,,
B-R0,-1,42,cc8929500a996b83f8e58e90d5c2ffadb7b9bc20866921118795138fea402ecf,335,2,2,,,
B-R0,-1,42,f9d294cba21968ac5c7aca6b858728c55a8a06c37c1bd8489ed5b184ed97e39e,336,2,2,,,
B-R0,-1,42,a46a03d1ee4daec20e9a849ba628defbbc5ebb1042f9cc44f825a9072c526ebd,337,2,2,,,
B-R0,-1,42,c48e0d5c7811d548c58be8c2e32213fe468160e54c1ed6ee3557e08eff54818c,338,2,2,,,
B-R0,-1,42,9f3c666f41f67c4d1304118a8d2927642bae1db9e3d7be9fec6431a472638621,339,2,2,,,
B-R0,-1,42,4612e860034a77d8b2a28c5a307edd4c230ea2cc203c599c4d524164ca1c201c,340,2,2,,,
B-R0,-1,42,9880128f9a4f009cbace58c35f08be763d85a148d19dbb6ed1cedb3e6b9cae7f,341,1,1,,,
B-R0,-1,42,815d426caf6647658ab5ad600a6d9a4844a450a2fe631540bcc73263b16a4409,342,1,1,,,
B-R0,-1,42,f2a7a0438ec81419aed4432eca97e3bf6a7996b3abcab7bd2b0cb5ea5936ca0c,343,2,2,,,
B-R0,-1,42,57374dc57848f9f7545dfff9c90d14265d0a66c20014fed384c8a1aaab2a8657,344,2,2,,,
B-R0,-1,42,e9f98ce85a29627dad55d76982d434e4bdb6f159fafb9c3c1b5771e0e95bff25,345,2,2,,,
B-R0,-1,42,e59d303b3c9921823705d178211a81f3167a2b5c2bedd55a2e440ae6fb609a66,346,1,1,,,
B-R0,-1,42,562297c9b2262e5b9178439eac76300b6d0baa5c81dc6ab9a3e04f13b44d1edd,347,0,0,,,
B-R0,-1,42,276a41fcaefc7b0f5b533b227d35bd303c63f762bbf766628024ce36f9313bf9,348,2,2,,,
B-R0,-1,42,e43bb85cc9f4c204c3b80fc593900bce375e9f42be96d02f335f2f42c13c4ba8,349,2,2,,,
B-R0,-1,42,13db9493e5d931ec94f3d05fb0df869516c061cdb89058e2bdb16c5859508cbf,350,1,1,,,
B-R0,-1,42,980a5bcc08361f8d083c12141878dbd24b7a236c18e8184387239050f164a315,351,2,2,,,
B-R0,-1,42,eb7b92a2b390dbb093e40e2495530b65be730eb752eccbf260be04ff31496b11,352,1,1,,,
B-R0,-1,42,99a93936da7984b3ce75763a91a3493bbe7f16283b2ccde42c3d93bff3fc70e1,353,1,1,,,
B-R0,-1,42,0b6002ac98745ed77d24c58dee4c8892e1dca4c93626ce4675b9306294bb2d7d,354,2,1,,,
B-R0,-1,42,b5271dc00037ef4441d0e9b55a7b122c6981acc750495290fdf2d1171ec45e4a,355,1,1,,,
B-R0,-1,42,bac5a079bec62bc26a6dc783910825de9e2871a6d90c260b7f137ba75a6b17fb,356,2,2,,,
B-R0,-1,42,17e8cff30d43b9932efa5ee5fc8ea3d9998f87aa816268d719e22c0b513067e3,357,2,2,,,
B-R0,-1,42,2aa6a5792ef7467f71fc55b9fcc6f5c9d6ba25f470083dd8e9a787e579bfd401,358,2,1,,,
B-R0,-1,42,94c0b44f9a2d481c5d2237dd73738cc92b9ee67076b318f634fc32aa4032a0b4,359,2,2,,,
B-R0,-1,42,e77bd94004a0442aa632c906e2f4e997e00b478cf23900001f6d06ec63cb3ef3,360,1,1,,,
B-R0,-1,42,416afeb98b33f5e4f2a8e68a875e28fd4105a31165d6851ea3c83a3ccaa2515c,361,1,1,,,
B-R0,-1,42,328eaadc5fcca2d1c22ba92802c7d13404e083fcc75e8e27c502cd13af3d0548,362,1,1,,,
B-R0,-1,42,584086a779fa152c0679d9786c1e33c602944084d5cf48f6c0e7dbbac810bd87,363,1,1,,,
B-R0,-1,42,7cd43d94523c810f9ed5537e7015539cc8c9859bcedd689aec68db38a22003a3,364,2,2,,,
B-R0,-1,42,fe92f0e44d936f618c5a52cbcbbb889fd256a412566488b144015b8482d7b1a1,365,2,1,,,
B-R0,-1,42,fdc3d5fa14c1a4086c5b7caf79828cce0d013ff497cbe8eb15c09905a3f4457c,366,1,1,,,
B-R0,-1,42,ed55a6f2ea598cc2a90f6b9b6e489d7f1bf59f58579eeba23f34ffb5a4476757,367,1,1,,,
B-R0,-1,42,1467b04a49c306baf2f2d7d4fd94a9e1d2b0b5a630fc1defcbc2ec8916da6c13,368,1,0,,,
B-R0,-1,42,5a4c58dd7c63f01c85c75de330f08bf3279e1a3ffd1a3b3351ddc32a2bc68f49,369,1,1,,,
B-R0,-1,42,a538958f863560cab82c81c2af21b948645d77515ec607b6158507d95fe5123d,370,0,0,,,
B-R0,-1,42,2b1079c154b15202bdeb4e37d3bb3fda5cde0b6dc62e5246d0face06819abf5a,371,1,1,,,
B-R0,-1,42,e76f79b797b47271b05802f3737b53b3378b0b1529fd9314fa2a492b6167ac66,372,1,1,,,
B-R0,-1,42,a26bf4e51a6f635e952f279fa007eebd60b1a0aa43278a348f6ce7430b2f6168,373,1,1,,,
B-R0,-1,42,4b1c806a421b02743346fc062782ec9b603b1cfc919177966cf33f0baffd2193,374,2,2,,,
B-R0,-1,42,2965eb77c7507629cf30cf7647115971bc3fbc079b0679ddae18c5a7f6088ba0,375,2,1,,,
B-R0,-1,42,447fa75d82f2da45bc471afc5b9273f8007746f7c1e6608e7f7e080582a7ea08,376,1,1,,,
B-R0,-1,42,ed9c1db619a6e03138850df9100b0c87a96915bff8f177717879e0b0d0763e16,377,1,1,,,
B-R0,-1,42,397cbeb6f38ebcdc8d0dd0bc306d8baa31702dc5ab41fd7ce317e3961c9e3b32,378,2,2,,,
B-R0,-1,42,4f4abcb7188e73e10ca68b718d456e0239c4dcb6875e1c3c69a419fec225e1ce,379,1,1,,,
B-R0,-1,42,be0ebb7565c48c88742be3d147378e0339658b36ddc168b506068b1c90f4c79a,380,1,1,,,
B-R0,-1,42,421629aaa541cfa65f08170d2ded95bfcfb72deb6371ca7bd8cff9686b07ca24,381,2,1,,,
B-R0,-1,42,074bdafc94897952ec047e29c94c168d74b04273139ccf2ce1e6f1873ca0ed4a,382,1,1,,,
B-R0,-1,42,122e7e9e553c3480710d48da1b809bc3a0f00c8f31d7959bfbb0bb4217186e2f,383,1,1,,,
B-R0,-1,42,0fdfadc8e93127b69c5cc192dde2e8ac8ed04c3d1fdbe79dfe2b87b82585bd01,384,1,1,,,
B-R0,-1,42,dce71741a22feecd18d4a68d6dac14f53d1b585efa9029d2d7f6caf10ef1d09a,385,1,0,,,
B-R0,-1,42,9c1589756f65e471021f9e5736a89d5cabb0481ef20ec88a5286fac861609674,386,2,2,,,
B-R0,-1,42,a31c0ced032973a0e5414d71c603cafbff10cff8e3e8d4e4a720af17012d472c,387,2,1,,,
B-R0,-1,42,aa253d0c7343d07a4854487d2aea858f473eee151b96c2ce40bedb2ee8437306,388,1,1,,,
B-R0,-1,42,a7a9ca7a19cbb70fe7a0ce5094b6f1add89f5b24cedf3415b2882b501c43ca03,389,1,0,,,
B-R0,-1,42,0a3effbdec3cb466bafb0f3db000792529f8a18b89f03e2f2a477a57ccb23447,390,1,1,,,
B-R0,-1,42,88d41603b7bc18447226de0bd092d97caaafff7d44a58de731f2bfd695e6c89e,391,1,1,,,
B-R0,-1,42,64edd6fd449505aaf4ce23b5e8fd239af0c6c1b9b8ec3b6283f29aa63786d55d,392,2,1,,,
B-R0,-1,42,3aa2f113241cf12a1f41976ff0bf7942caae7298859aebfd67c1ddd2a115c9f5,393,2,1,,,
B-R0,-1,42,28b053e3389d9080286d65e0a159dfd0e84b54ab6f9d29efe76029c4e441d313,394,2,1,,,
B-R0,-1,42,573e5d0c416baabe556bbe6df0da1d23f9d757c682f06acc75cbdeeefa53f1dd,395,1,1,,,
B-R0,-1,42,31be86aecc38b94fea6900d3b08f0dbc20cdc907d7b94ba8ffefbc3e636be934,396,2,2,,,
B-R0,-1,42,ca1af162eff48d01248d7b34c3dc4be9123bb4917682c15fcb42f45ba92ce681,397,1,1,,,
B-R0,-1,42,4e2eb26c0fe972eab4b5b004faa49b46156fd4ee3808d325d7e5594a79414a9c,398,1,1,,,
B-R0,-1,42,93b21413c755833e1950d07af850214cfb9b5519b7b21162d63f4c9ee904ca1e,399,2,2,,,
B-R0,-1,42,7cf9fc722144d5c5e38c3fea10921acf4cb1fa34cc1bd7692b29595386d51a2e,400,2,1,,,
B-R0,-1,42,7e00b595bb6999487c74eb830249fdf599a16fe836019185747560a7869a2ea9,401,1,1,,,
B-R0,-1,42,76d06487c4ffc806c0124b367816f652dd15cd43c60141189fb67369207e51fd,402,1,1,,,
B-R0,-1,42,284ec319e69a06d51dc7138b1cd703bdec233bd9862e76e788a66d58b5c93074,403,2,2,,,
B-R0,-1,42,05ccbda5c8030aa70186394e3bd73c3d761e81154d70b009f09ac260843bbcb7,404,2,2,,,
B-R0,-1,42,f31671785b3e105c3461c6f468a73e51b08fb09a2755ffa8ebfec2ee89fdccbc,405,1,1,,,
B-R0,-1,42,eab697c8c1d27212af84b30e24e32008b1ecbc67472a7ff95ba552ee19c0db40,406,1,1,,,
B-R0,-1,42,af3e8a8edbc429d6e82a0234c201d8cc278db4fd145a68015fd1ab8785e57275,407,1,1,,,
B-R0,-1,42,11f18902f6529ccd006f3eb1926c47f115d9549b2c2f079495389befb1eae919,408,1,1,,,
B-R0,-1,42,f5c1f313b06ba018dffafebe7e936f738c7877b1fd7def93331d973a91083ec4,409,2,1,,,
B-R0,-1,42,b0eb4c514496bbccfadc92bbc9d502a308cf264f615a7270f4508adfa95341f5,410,2,2,,,
B-R0,-1,42,5fad3e448c5e1d74ad40706ea43e831ca8eb7c7de5f8b18a8d11e3658f13675e,411,2,2,,,
B-R0,-1,42,b76ae4c5df31d41a628c2eac6d63a7191c5c814c94f0f8c36f40d812e2089f6b,412,2,2,,,
B-R0,-1,42,8a75076ea3879d0bf0dd017d05b4a245801a302e7b000b0a7b9c1cdb94ca975d,413,1,1,,,
B-R0,-1,42,a27435e31856096b869dad34f04f50c26e43660a66718f5643ee8ed2eb51af26,414,2,2,,,
B-R0,-1,42,abcb65e9f203ebce43dfcc290e3881ec3fadd75e0780873abb34e688cf2bde55,415,1,1,,,
B-R0,-1,42,5fff96165ae228d0b6c109dedffa29fbbe1bb5419a4e17d1eb6b6f7371638adb,416,2,2,,,
B-R0,-1,42,ecc8758acbe3ff3c1237190f0844b57b0865bb46d0c940c7ca341391b4a24f77,417,2,2,,,
B-R0,-1,42,83a9b71397707247df9fd3717796837f3765429b50236d6099664af84b527b36,418,1,1,,,
B-R0,-1,42,cabc765a96e5371085f2124e0c49137c3ea6aa1d74da1cc02c830ee82ebc9b48,419,1,1,,,
B-R0,-1,42,447b6eaaa01f44759a3e84e1ae3292b980e1e40bbca619439c1154c93b6ba928,420,2,2,,,
B-R0,-1,42,d6a67091791dd72522a6bef06dfea8b0c675a1445234f9512644939352bab471,421,1,1,,,
B-R0,-1,42,f69228ae618f2a54598815acf45338b6ad192e9eb36eb4949775495b54e4ef8b,422,1,1,,,
B-R0,-1,42,3b6be63e42bced9624f2695926dd4352285f8007d59bd5bb1dd51c40b37024a1,423,1,1,,,
B-R0,-1,42,b792c09ee937fae339c13197e2ca35611ec60e9b4d2f0dd62906e390c58a29f0,424,1,1,,,
B-R0,-1,42,db9e4ad5925b27ec0584e301c098615d0e7d750f33a62c852097ee5091d20bdb,425,1,1,,,
B-R0,-1,42,b50eec873e5ad85197e459d43c6a8a7c64c7be7730e766647b9b32f8958cd6e7,426,1,1,,,
B-R0,-1,42,cc1b2843c4a07d3b4fa4abf9fd5537a7a6d4df902398c1cbe928fe3bce259418,427,2,2,,,
B-R0,-1,42,fb53eea3d4cdbfd82c3a411ba354fb72529c745789e35c027a285e3f70071b48,428,0,0,,,
B-R0,-1,42,05b9b2450da4983d21d00900b28b53e5a1f95f950395ddc3ddc45cb106b759b9,429,1,1,,,
B-R0,-1,42,a3ac2db16dcc74dd63903b195b7d1a3a53338887f18e8639c30c65d8eae7bc86,430,1,1,,,
B-R0,-1,42,66e20104ca9e36937afb002e64108ee63a347a8b7749a55b588d30eb3e1409e4,431,1,1,,,
B-R0,-1,42,4197c747bb633c56f7d24ec066c22ea16f41b22682b607527cfd6f1a7a2562c8,432,0,0,,,
B-R0,-1,42,a497a87c94bd318bdbd3ec6561590a06ed35ab4e87ca913472fb109a78f8bbc9,433,1,1,,,
B-R0,-1,42,f4485fff06cc355178561099fde1bff774f6df6adb1ce135820fe0e07515311a,434,1,0,,,
B-R0,-1,42,2d77937efb442c0e808c407a59ec6405337a2a3460fb13f2f68d8434be09fe8e,435,1,1,,,
B-R0,-1,42,e92916be0b17ba8bf1e2d3ce1809285cc94721729d1978c457f4db8c4f4101b8,436,0,0,,,
B-R0,-1,42,44b0ff3b5337d07bc238578620590bdec6e1c913e99c9aedd40c7306c5136dba,437,1,1,,,
B-R0,-1,42,170bd7b79b3f5e28736c07ca59bd1f2f2b5d4f0778d08d0d065dd684c879d5d7,438,1,1,,,
B-R0,-1,42,f0a97bfafce659abcc15ad3b27366b99f919dc16a513c0931d27b70b5eb2bd13,439,2,2,,,
B-R0,-1,42,652e6865f9acddc8831b8ce218dbe9e6235e8c801d2bbf80d878c249871281f8,440,0,0,,,
B-R0,-1,42,12f87a813a0f8b8b6295bf7bd67e6b14cf37aea45636ed5ee00d03e5b5987ffb,441,0,0,,,
B-R0,-1,42,d63a26a5f8c21cfced4f4ebdcc520a460308329d0c2f1685f083d2ed9ab0b639,442,1,1,,,
B-R0,-1,42,7b04f1d594f7376a2f050ee49b8349c5ef562e371b59041d74381aaf3f28418b,443,0,0,,,
B-R0,-1,42,3ff83fc265305905760c500d9fe41689de9a1de06044ba371e5d92bef6310802,444,1,1,,,
B-R0,-1,42,1a95813d193cd4442bc0b1f87b4bce15afbe7cd42d6c4c82b8f5c88c23abdbf2,445,0,0,,,
B-R0,-1,42,e0bd5edf2a653605820916a1a17d66d2397b9ad0dd84f37cbd3fd3810e309037,446,1,1,,,
B-R0,-1,42,d3dea6e23727f3861155568fe03f7508dad97315d987d7f509832e7bf6b4eecf,447,0,1,,,
B-R0,-1,42,4dab921dc624739a417660847b4c0024fe177b771218333bf14e0d0d4e20aa91,448,2,2,,,
B-R0,-1,42,95a4c4f399ab39050cd2c68303c1b4a717e2b85e43356b382b44a3423cac3ed0,449,1,1,,,
B-R0,-1,42,85718d8d0d6c99912cd3eac82bdbbb72cee0878bc1891742d1d9ad494dbb5c0a,450,2,2,,,
B-R0,-1,42,5c0c7a72328563a4b2a7d65fab7f740984af9984186caff86b9cca5da6bfe86c,451,1,1,,,
B-R0,-1,42,5f11fef5bae9d1258380639662fb95008d4620c9b9b24aad7083e32efacfbdfc,452,1,1,,,
B-R0,-1,42,13495fa8b8dd9679b0eab26be9488564259999759eb940cad44c16c962ae81f7,453,0,0,,,
B-R0,-1,42,1a61ef72c42eed5e7901aa43b40e133c4e51f87ced017db6e1d465d17ca3ec78,454,0,0,,,
B-R0,-1,42,a6b0e9b589ed3f6caa4497791751bb855f8ff7bd71783f5676489298a186db22,455,0,1,,,
B-R0,-1,42,3d49951b870f3bcf189be0c2ef0d5405a6c21987112ed1b195ea3ed4ddfb46d6,456,2,1,,,
B-R0,-1,42,3d19f74837a5c6f5e6ce0189453e4c6b522f560699d85fed9af18054565b4fad,457,1,1,,,
B-R0,-1,42,0dbe677afded6fdb64050e827a3a7e21d49e0ab3138a60a2e288dd171af53944,458,1,1,,,
B-R0,-1,42,36151d13bff095b0f9b3c390fa02f663a49fd45fe72702bad759cd82db3174c3,459,1,0,,,
B-R0,-1,42,225629385e18a6854edb9ae5dee2b6c35e44af3143cc0f0fab0867deec5c52bd,460,1,1,,,
B-R0,-1,42,3b0abeb2580501c078d50f1862f005665c127524372015d5674ef8679685fabd,461,1,1,,,
B-R0,-1,42,30208d526f61c08aa4e9adad5f98e9a48303a9b9357da44a27292465dbc46bf3,462,1,1,,,
B-R0,-1,42,8d0f029901600d9418a07f1fd8a7b00c1d0b43e684bd28f66e21c5cf7dcd6021,463,1,1,,,
B-R0,-1,42,55d65dd88579a7b1789b4e356b381badd401b3808258dce2c7f346a5dd179c07,464,1,1,,,
B-R0,-1,42,65fc55908795c03596628c3be27eff5761f85e2f1b4291d6717c471653ee17a8,465,0,0,,,
B-R0,-1,42,afa6daaad76b24e7324cb78b11b89285577dc8bbfcf69fd9a2858f75d0d2d255,466,1,0,,,
B-R0,-1,42,3f3aa71345eef153c551d8268b4cf413be9de4e5ebe03d0b0aef13d7178f6451,467,1,1,,,
B-R0,-1,42,ecddaa9fb5fe0229e957962b58fa482e6fb92d8f808ec76bf3448ae1f9070c00,468,1,1,,,
B-R0,-1,42,e0d210eed199a9e6092e65b724d0b6abf80444548010500e25c9fbfa593246e6,469,1,1,,,
B-R0,-1,42,3a7f050103c325de4173d8ce18ea31c2b8a5424d5ca15132d1d2e938a40e25f1,470,1,1,,,
B-R0,-1,42,d6c2e29b139b700ff7f46855f1fbce6d187c897106391edbf79fbf80ed1f1c14,471,1,1,,,
B-R0,-1,42,3228a5c1892f93600a970b9e099b3053b891a018a2b4fcdbe092d118a96a8fb3,472,2,1,,,
B-R0,-1,42,55149a64f268a012247a00f9c7f3a36b557a25430fed6016ab547ff1c38e61b2,473,1,0,,,
B-R0,-1,42,8e4ea3523595a6acd552728b47f2a13b458234f347559c26cb13139a095da1b4,474,1,1,,,
B-R0,-1,42,9b5390ef3260489b3c3887f9fe6f349f50d003bb156f7742f95c91a2857f2dae,475,1,1,,,
B-R0,-1,42,ecaccecb377bfe6bfdaa2574f6cdc96491a0894b2480612d0376098a403592e1,476,0,0,,,
B-R0,-1,42,1971d2b4a4cb293ac396176c6d1190289df940842c256fea5bf08fd520cbb4f9,477,1,1,,,
B-R0,-1,42,50c59de7b7fadd459118ad53531a05379edf5c0bbf8786fc3b4b96a2d52bd55a,478,0,0,,,
B-R0,-1,42,9d1ad6603c4fc4417efe8b4d68b4771693ebeb51d9cc5fc47e7d55d6a396ae28,479,1,0,,,
B-R0,-1,42,8fd0fe4e154f5d8d0e6fd22a060280c5fc7e2f73594c63d13a67e97a3b835a6b,480,1,0,,,
B-R0,-1,42,e63fd967ad59bf73b27ba4efcf551436428f26a03ab3e1ca498f3e01f0550a1a,481,1,1,,,
B-R0,-1,42,e8921714e78de17aa9004ed167d45bd0471420f26d1c05f61df1adaf22cf37fe,482,0,1,,,
B-R0,-1,42,2a0de0babe99f6482353deccfb8c5a64a0d4e142134c21435a7d5cb4bb7a44f0,483,1,1,,,
B-R0,-1,42,4e8d3b7274c27d5592e32b4eb3028607e6458d3fa96ea1c253fae1519ce42ebb,484,0,0,,,
B-R0,-1,42,c32bf43dea1035a78327d54bf13e6655b755788b7cb2b89bbd177edfc1270a1e,485,1,1,,,
B-R0,-1,42,39f5260d468bf91cca4bc94b0f64140f65b1569a4eacdacee827afe47a7a43af,486,1,1,,,
B-R0,-1,42,8da546665c37fd3768dd5df0c43d9e48a594114602af5888eca3732f0b8f2bdd,487,1,0,,,
B-R0,-1,42,d3dcab46cc222b84f1ffdcca86f298db97158c380bc905a790185b05af010c3d,488,0,0,,,
B-R0,-1,42,aeac0b830c55c2d51b6a33e30e0be051cd140df152dd398a2eddab2a28bf9b35,489,1,0,,,
B-R0,-1,42,f1f7629e3f53f2d8e749f46a993a6e72aa316c1d9c1f8b1c67c6dd1a677d2932,490,1,1,,,
B-R0,-1,42,8e66ea34596e3d99a63ea5e1e0165c156c716d735eff28f761ac0ed48e7252b4,491,0,0,,,
B-R0,-1,42,5db554cde5ce7bc9cf816db20cff72939c5d380706d527f487672a618aca59be,492,1,1,,,
B-R0,-1,42,ad3bbd4bc195aca26dbe34255846b204647007f9008cd1604caf31a6030ec266,493,1,0,,,
B-R0,-1,42,6807374cf8dc72644182a43a9da4afcfba4ad80f80c056f982d40cb0cdd9609b,494,0,0,,,
B-R0,-1,42,e92297353a3a22b944725a165b52f80a1965ee09f6178dfc184860131871920c,495,1,1,,,
B-R0,-1,42,64093b9f13e7c9c5796331cf22a51a3878853dd9a68ddd7e2bd97746e9a148f9,496,1,1,,,
B-R0,-1,42,c997661e8f088ce61daed2d734e2baf038d0a5f5a2326a8545dcefa81f72bec0,497,1,1,,,
B-R0,-1,42,d064c27e57ecbf5d0cace935aea0fc9d1053dd486ab0eaeec1c8b8e510cc7bd3,498,1,1,,,
B-R0,-1,42,e01c7f73d3b9c5e56e27a66af611a14995b4b65854a282507dbf90ced9dc54ac,499,2,2,,,
B-R0,-1,42,ee64c4c983197496a5a20dfb847c9b4515dbdade50852024c565d1a74b63cc24,500,0,0,,,
B-R0,-1,42,9662010e2490990d85dd702691d3e752f5a17e905f96d98be43c275a1e08a893,501,1,1,,,
B-R0,-1,42,f84b59feebc9f4c0c496f360f1ca19bbe2d5beeb52f49c9fc163d951a96cd776,502,0,0,,,
B-R0,-1,42,f9871cd35fbbef3dcc9a11edf31cde93a1421f2f6768ec1eda59f1fd8a7eda5b,503,1,1,,,
B-R0,-1,42,f865f3eb3350200dfbeb524ebdd2d755fefe3d4d2a2093ca5e4c3d388c760e50,504,1,1,,,
B-R0,-1,42,6c25dd980ae55d61fd3c42c5c5e6030ac2dddb2fcce89e3ba55d1ed3f42fab9e,505,1,1,,,
B-R0,-1,42,555340884fdb40170947c98290702c40554069d24cf22f20a9785c5218582ca2,506,1,0,,,
B-R0,-1,42,b4ddfccd8e4d07b77338aafe76e7c9ca43343a328bbb848444a3ecb6133dc14d,507,1,1,,,
B-R0,-1,42,857b369ecd76d80997f03f4eb841148b4a57ca5b325132205a6ff964ff20122c,508,0,0,,,
B-R0,-1,42,74137ae4e7726b7bd996489326eb22a2b8918ea0504267c8fb1fbab7f5ae7b42,509,2,2,,,
B-R0,-1,42,862548383e807e3e1f19b50f24a8569b6ffb9dec43bdb049f653d08bc3af9d3a,510,2,2,,,
B-R0,-1,42,50a1482d80d92dbb826319e4766efc53b1bdf8ad4e84880dca534a5dda4f5043,511,1,0,,,
B-R0,-1,42,09483a45ca26429c517c73946e7c0e42d0b268c8e54f9f87e8d06f6ddbddf0e6,512,0,0,,,
B-R0,-1,42,e3b43d0c2f88cf262221ae16e2204cd0eab17feeda587be40cda3a8f76eae2f7,513,0,0,,,
B-R0,-1,42,2df6a5e9d91cfa9be614ad5f9caee8cc67f367e07626e56fc4f67efbfaceff1f,514,0,0,,,
B-R0,-1,42,293fd70db77ae8dac4ff7015aa8471bbee8dc11c94d69214be1164a3a65ded47,515,1,0,,,
B-R0,-1,42,1d8c825fa4140f5726cf96d2fbc410daf8dc1449a57aa3018d8d69710baf1acf,516,2,2,,,
B-R0,-1,42,96fe6b8a15df2ad16bdc1b1426c5388a37e247e2707b5f5e0efc650981a54522,517,2,1,,,
B-R0,-1,42,058ccc5f0c17c416ef06df1ed5deaa48d112f42a14f667bcf9846fdb664ef366,518,0,0,,,
B-R0,-1,42,ec4ebe569d3745dd4c8b9698518c7aa342acae412e99da6fde3e888b7d603a83,519,0,0,,,
B-R0,-1,42,6249033ebb4873778de8d435f8863876ed0ccf3c336662af8118b4596dbc2285,520,0,0,,,
B-R0,-1,42,6be95b1a0e561d03e9ff9bb3bf48e85fc3bb4ae85b750949097b5270445e0b2f,521,1,1,,,
B-R0,-1,42,efb4d196f4193d1291a1cfb89719e049b970e0bf437f8a7e200e7362d60ca360,522,0,0,,,
B-R0,-1,42,ccd0b5095c5ca020ed29dcb4ed07bc78fb4f8bd1d01103c832c16f74415da411,523,0,0,,,
B-R0,-1,42,866639f3b9f95c14339f44ed24824b71cda6a70d63a86fe0edf0685a8baf5c75,524,0,0,,,
B-R0,-1,42,7788b10861e73289e28b8fbecdb74643ae51fd2135b9ae4865d7ae2a22141973,525,2,1,,,
B-R0,-1,42,c79ed7e1c220976e51dd4332360fd4507729186d68877b8df22893d4867d9530,526,1,1,,,
B-R0,-1,42,a9da9db2467c1a5fe7257adb1987e930ea751470576c10c82f4397f3dd37b63f,527,1,0,,,
B-R0,-1,42,59e566c9593c67991a9806b91f08f73822a0101cbf3d442380b33413985e2c61,528,0,0,,,
B-R0,-1,42,85a02e1802e7b312ed957ee39e2bbfe0b4632dd2d25d3a8ce177b48d26ba1fc2,529,1,1,,,
B-R0,-1,42,302494caeb3ee0101f8f544443114bef1a41d67b3f2ce1366f69f9a3f31ce11c,530,0,1,,,
B-R0,-1,42,d26328550683e27aa4c4fe5be7e2d668c08dadae337ff364dbeb060fd5a931bd,531,1,1,,,
B-R0,-1,42,c67ea185339d2fb8c8312dc38cff21dc6b000f785be421eef88bbdcdf6c6b17a,532,0,0,,,
B-R0,-1,42,1c68670c6ff38a49598f90f6157ce8bac895df1254da553b54bf687cfa750f91,533,2,2,,,
B-R0,-1,42,4f4759b87edf8e38b6b6c5dd3a52b7fd18a9f97b78b0b8933276755f4ad88080,534,1,1,,,
B-R0,-1,42,ff5ec594276eaf7458f2130bcf3e75b5d349c038b2b084453d15878aca86b077,535,1,1,,,
B-R0,-1,42,aeabe5f00bb9cc0af7000e3fafc88866155e65ab4d5da58274d0dee130a02388,536,1,1,,,
B-R0,-1,42,721efe630e75ad47ccaef650071f9859ae1b8779a8c95ecea3c05cada999c1f2,537,1,1,,,
B-R0,-1,42,d1ad465a150c1a7e96ab02a505ebb64e6d4a4d6ed85a8269d159aae2333f6aab,538,1,1,,,
B-R0,-1,42,33aa276ee8893c316e5b08f90d403be82db716c7a10ce7d0c6a91aa861061f55,539,1,1,,,
B-R0,-1,42,2de6307edc2b60e3648d6c261996c60ddb15ccc9f4069aee2e9ee4e9ca9dcaee,540,1,1,,,
B-R0,-1,42,e40a0fc10b44506213ca47e78c7d510fb7715425780e3f270f0a25a0b0fc9acd,541,1,0,,,
B-R0,-1,42,d1958961f2d45dc817103b882041c89ee03cfc904630b276a8df79cc1bb77be4,542,1,1,,,
B-R0,-1,42,112e7b51e7d078dd62fe5bcec15f48660dbfc572df659aea50141c8a731a6877,543,0,0,,,
B-R0,-1,42,26b4822fa63df3b3e9c29f678473792ea52b5b587e2cab81296a5a914d19b8b3,544,1,1,,,
B-R0,-1,42,bb9a219543e713c160a8c0a5217ff0448abee776e104949e51d702515e4d91d8,545,0,0,,,
B-R0,-1,42,60dac4fdcf327b961a62f11465381e422541c18c956cf5cf22c128d4b842b021,546,2,2,,,
B-R0,-1,42,d98717d4a561c7ad6b0aa9c5e73ecccbfb6510d07c8f23d7934fec3f8fbcf474,547,1,1,,,
B-R0,-1,42,298396fbfdd8164ae18c277866976ca23849141cf1815c2bcec80e4ae07c61b7,548,1,1,,,
B-R0,-1,42,fb94ee8ea1e782bef0347d3f68c7a3b2779dd41a95c0aa9dfffc9da76f70ba9f,549,2,2,,,
B-R0,-1,42,e04e7d38a93aac3cae8930e1afcc919894b9a520fcb4dca988b331ff9b2900f1,550,1,1,,,
B-R0,-1,42,5b5485c49c314af261c3458801b8a573f2c1563a3c311c29143aab59d9d911ea,551,1,1,,,
B-R0,-1,42,7c393fcb8c6e7a0bd9c175f589c70e5aa04536220517e7b236f9e14bf21c6822,552,1,0,,,
B-R0,-1,42,05567423ae09c5925d6146877dafb322bf8ffcd07a7f3933256d62e795f81820,553,1,1,,,
B-R0,-1,42,f0a4ff0b2550559804aa110b3356616d37f08aea297e713738efde6a82a9c905,554,1,1,,,
B-R0,-1,42,acb36f95ba3fa4630d97646560eebd228e5df633a2b53197160afadbac82d3d7,555,1,1,,,
B-R0,-1,42,def918c1724a318819400b627c2284b9d77b244b87ba2494717c910e5c9c38bc,556,1,1,,,
B-R0,-1,42,dba044228ddb18bf24955ec6f54e2d9d259a453b9e3cc7ac001d1eb1b5c9b9ff,557,1,0,,,
B-R0,-1,42,81797337a73820dc32b1a903022de6137363f685e79ff3d28361b746ffaed4d1,558,1,1,,,
B-R0,-1,42,f4d53f6572ae8b078ab81ba0147ca9577c4911fee5434fc10bcd3664f586de6f,559,1,1,,,
B-R0,-1,42,db842124e7a33dd5887c8d22a815b1649cda7401b683f5f9cc6c7a9dbd533a3e,560,1,0,,,
B-R0,-1,42,dfb22216dca7b15a73c5d13592b3a4d456865e6b14a914fc23a7440d2c793feb,561,1,0,,,
B-R0,-1,42,49adb4d4ef7cf9b7221faad79fd9c2cb259872644777044983365486723c67f4,562,1,1,,,
B-R0,-1,42,be89c78f29804f04841228bffef4532f286878a08b52cf8f4f17b15a9fa83364,563,0,0,,,
B-R0,-1,42,1e575562ac1159a8405c09757fa2ecb84640a371604a760ff9c484986079044d,564,1,0,,,
B-R0,-1,42,297cf77b86d2fe61e413421d7216874ab77f45748dff5f7a2531cdaab79a4050,565,0,1,,,
B-R0,-1,42,42782168745dc8505000dbae693962b78560d30e77d5c939cf351a8b1435ee0b,566,0,0,,,
B-R0,-1,42,6fd9a47fad5e93b780be9618fa002099728d3eff67212f1dfd621d4fe09e5eca,567,0,0,,,
B-R0,-1,42,c196a7c8ed3ca9e717d3bd3e95cdfe28d93e5d9cf747d077bb16d08a20a5e14a,568,0,1,,,
B-R0,-1,42,6fb20bf325c96c92f7685718fe8ac085abc4d9ae3655bac14eeb57923a7ace8b,569,0,0,,,
B-R0,-1,42,2f662e03b27bfb4526a71add2807e7200b7744865e734e627c558dbfcd716b5d,570,0,0,,,
B-R0,-1,42,882cedeb9fc2ec46872ae63c3be3b86e9760a8947f6a1cb1a2e0b94eaefa5a4b,571,0,0,,,
B-R0,-1,42,8083fab72781bef33f4c3f68371defad870524369b374017badac30ed6b5920b,572,0,0,,,
B-R0,-1,42,83113f35b1ed6dcd55e689ac8670be1b8e9643d34559e493146083d8e5945dce,573,1,0,,,
B-R0,-1,42,1aaef0af18b1a224fa7924b8a1453fb8b5547a6dea9cbd572550da4fdf495da9,574,1,1,,,
B-R0,-1,42,7be80fb1e0b72f3463c8bb1765680e76d75477d56995fa3950c138b538110adc,575,1,1,,,
B-R0,-1,42,55dda6439343432382a3c5fcfd38503ba528580be87b0d35cdba66b9c9b827d2,576,1,1,,,
B-R0,-1,42,531f8aca33aab4bfc992087de862b25def4dea5b91bea6cc49aacbad07b45b7a,577,1,0,,,
B-R0,-1,42,4b55155083aea75c9650635eb846d1e7abeaa867e3c5c629e2c90461482485f1,578,1,0,,,
B-R0,-1,42,cbff20bc53e43cdc376274e957b0ffc5d0e44adc151c80bdf4bbcae92be525c1,579,0,1,,,
B-R0,-1,42,05ccbabae43833184ec6c444793c4e8cacbda9996a75f0cd529a00fb88642dda,580,1,0,,,
B-R0,-1,42,d083e107e8f39557b9da7bae2f268fd65ec49b913d65d226417086af94f9511c,581,0,0,,,
B-R0,-1,42,77746b53c327b916c5ec4cc31ec639b45db4160f2d1135410449c6eaa0246f2e,582,0,0,,,
B-R0,-1,42,27810cd10888196a27cced776fd1436adf51d1cae60009f0c7ef8058309b1000,583,0,0,,,
B-R0,-1,42,6dcbeeb20de7ab3fb6be30cae5c029490f226a6c6e9839f8bb4882119aa94265,584,1,1,,,
B-R0,-1,42,344202bfae426b40571c614ea63322e5df0a08a9e6479a8ee7d45ead1a7607bf,585,0,0,,,
B-R0,-1,42,4d38119ab66a25344f4d5e9cac08e7a79647052d37639e78099d0d83f405388c,586,0,0,,,
B-R0,-1,42,815683c5eb3b782f1a2feeefe55a834447a90f6a62356c843d751e6ed6f7089f,587,0,0,,,
B-R0,-1,42,f2467f3e3e1aa7ea454678b2f6366dcc05717a73be181ad40e267ca3f4a20eaf,588,0,1,,,
B-R0,-1,42,e8163c001a265fe053d03db65ff85765ce01cdbe0255fccc0cdc667d3e54d98b,589,1,1,,,
B-R0,-1,42,4d13f0a81cacab75a84d737ab08cf1b5159479efc79f18190e8eff251f50d3a5,590,0,0,,,
B-R0,-1,42,8d5547c0b5e44d69c28a4cead541c515bc82e8f18adfd972abf57b2824ce7a43,591,1,1,,,
B-R0,-1,42,43460a59a097e1443e8fbc9958de350337bb25f8ffffc2fc154630bccfe4cab4,592,1,1,,,
B-R0,-1,42,11f088393304daadcce4ef6f7aeb11030a552f71b38036237f26bfcd5781383c,593,1,1,,,
B-R0,-1,42,5cbc809b12bbee7f9264f64fb42ed13d33f0a6e6a36184a8abaaf767c2a5e4d8,594,2,2,,,
B-R0,-1,42,f1c806ba37d90be9bd2c5d433faae60be09e78bd25bdd026832fc63f5b765d18,595,2,2,,,
B-R0,-1,42,638b177ebfd03aac5f3afd7b87a4197f8724aebf6fb9331b5739e0ecf63e509b,596,2,2,,,
B-R0,-1,42,88141e1c7c290dd5013d1430599c08e066cf9b67d49c79ba4eed15b5368f8865,597,0,0,,,
B-R0,-1,42,95e8238ccef68ad4f8150229d207753b7ab128e23d88ab78b7641a93e0bf0b7f,598,1,1,,,
B-R0,-1,42,62984b6078e75a305726c858e36e398e1c744cb748f515a9cfe0fc9d54a69c63,599,1,1,,,
B-R0,-1,42,28acd3c3d384d8b12fc6beb8a099937473fcf151408bd2085df22511ad2be313,600,1,1,,,
B-R0,-1,42,822a295f2c49ded241a54272d201a97fb3dc1b2409068f0e353f918e741a9ae8,601,1,0,,,
B-R0,-1,42,4a8567b621350cc729465a20bc85964673deb69044ecf71e3b59a4220f804585,602,1,1,,,
B-R0,-1,42,e452e684933e73c5030cb56fab663ab3633a1033ce3f9525ca49c259cb1ed4b7,603,0,0,,,
B-R0,-1,42,ac5e5e4d7d88c4fc6bed3d9c971328c75ec9aeedf9f5e57eeb490d0e05eb0235,604,1,1,,,
B-R0,-1,42,e76d30071132859aee98d30842d0336ad4f55ec000ceee702f40c262f5d29fe4,605,0,0,,,
B-R0,-1,42,fecb7614f4f605bdc5a580d71a1b278aede770767de1712824a679c6ef5d62c5,606,2,2,,,
B-R0,-1,42,0c62dd9eba4e97411d8065ea4a297154674fd8225c2e5435c85f3e545314f202,607,1,1,,,
B-R0,-1,42,b08cc7b11c2239e58759422b6bf5a2d08f13ee0ebbe8cc8c7d36f98a1fed1f20,608,1,1,,,
B-R0,-1,42,2ca5957ec014c711ba4a9356fa48dce7c2814b7c34ce6430ed68fa5e83b052e6,609,1,1,,,
B-R0,-1,42,71388cc5368946416cbcddee50e2af8f0a6a2794c83dcda516b9f0463aa6ad3a,610,0,0,,,
B-R0,-1,42,01da3e159b6ce80ac8e0f280d001e0b1feae934b7f87e69e52a68f6f40f1631b,611,2,1,,,
B-R0,-1,42,cbabb7d95eace71c3efce48e034e79054df0c1930a226772f3ea9a3f42eb2cad,612,1,1,,,
B-R0,-1,42,2d1b2dad312d67abe149344cc5753c2181558ff169882e194058c0eea17a64f6,613,1,1,,,
B-R0,-1,42,0bc52b5e19aa1667f7fbc7756b07899f366c304e861f02d85e0aef1f64de3cbe,614,1,1,,,
B-R0,-1,42,457bc623d54c8df675fda66a9a5a159bb6259cf81fdd5a312ea24da7116effd3,615,2,1,,,
B-R0,-1,42,fb2e62e9e165d1b9fc47a6787af9d64df4a4b63f931a035289966a672894fdfe,616,1,1,,,
B-R0,-1,42,72d66c7979e51d234b4f5c7cb46e06e165d847b6d88d705eae864ec291dd7fd2,617,2,2,,,
B-R0,-1,42,864a47eb9df8de430cc753dc49cfb0c61bbddcd7e39861184b1c6ac25ac9961b,618,2,2,,,
B-R0,-1,42,352f35ab026498342b42592c28f2e2be9498c17dfa667c80faea045076e8af7f,619,1,1,,,
B-R0,-1,42,56d3d8cfe1ee66937b1b304de962e50840fc5df249cec9cc9f427db1842d8971,620,2,1,,,
B-R0,-1,42,3f51ef1cc86ab991c28a55516800a2b6b5ef37565f358b017c65fa7577187dfa,621,1,1,,,
B-R0,-1,42,dd38559e4db1b62eb9ee7721afb2fa8ba6d0e620b0ca68c3466a2b552c86f887,622,0,1,,,
B-R0,-1,42,5bfc17c84629c446ef515aaeaab83b0c8b4ad7591746f50c3f337e0eef4bd5ce,623,2,2,,,
B-R0,-1,42,a288de67ba6e534c619fb61e1a8643504542cbb8d7cfc5f5b4a96fa78e5ef948,624,0,0,,,
B-R0,-1,42,f21c6f9076039176e5eb15df163162d58f098a9ae11653ad81acafabb9c36e7c,625,1,1,,,
B-R0,-1,42,791278aa8844499b0a60f95a26795155a5f9545a142a562dca7b40238639b234,626,0,0,,,
B-R0,-1,42,f73037bf5bb7948b4d6c45d2a9d27260dd1e3d46d4cda2bb4658f1b9abe5c35c,627,1,1,,,
B-R0,-1,42,9dfe951a72432d669852444c668c15b73a677afe22aab4dd3febadf96aea1bbc,628,1,1,,,
B-R0,-1,42,ef3b33bfd33c9a8d675e8c1562f5c2d503094b1f1887af3be3c1e16e100d9af4,629,0,0,,,
B-R0,-1,42,ba39525bb89a78df7e0bc9a040dd9c4c00f64baba2719bf9fb4a4bf7aa3dcffa,630,2,2,,,
B-R0,-1,42,ca60a0d1bd9510735b9a2c5edb1ab0a7eb2dd31d96b642bce093e7ba08286f2c,631,1,1,,,
B-R0,-1,42,0b62dbcc4ebac3c7caeb54877d5a7729939755248ef62d510998e9e0fbed957f,632,0,0,,,
B-R0,-1,42,52a96206cbacbf10f2bc11340bd5210d489f276f3d08ac28be80c19d2cf1da08,633,1,1,,,
B-R0,-1,42,2fe1c3d95e43dc7878c7ba2874a7cb62e7829661ff3655b02f110fd5bf516184,634,2,2,,,
B-R0,-1,42,61b0a6498279a260ce8cabb4d4114bb5cda03e71c6f6954d7b766ee8a31b2746,635,0,0,,,
B-R0,-1,42,9601c9dd198c4a6dc5124d4d420e2ff339734b9a9e1079da056b3412d663b347,636,2,2,,,
B-R0,-1,42,29fce523320e3983ff6849f6c475a158aa2fe75ebd2e9c644855bcd863b27cc7,637,0,0,,,
B-R0,-1,42,6f3f6818c91a4e4ac44cd061158f5c34bee1b5baac40fd4e469a3ed20476104a,638,2,2,,,
B-R0,-1,42,1f54ce13a7724f8e43df533f143951e361144f772d6d5ce76fe8e5fc8c77364c,639,0,0,,,
B-R0,-1,42,c69567d2d69504dcc3e49e555057fd7d89a52635db8622cab985007a194e53ea,640,0,0,,,
B-R0,-1,42,4ec623fdc95e46d2eebb4a617716702a53c1664c18b6850a31a71541fbaf8d81,641,2,2,,,
B-R0,-1,42,a35adafe1567244423f4e723b5361fdfc62fb0c766c9685554fa976277ee04ba,642,1,0,,,
B-R0,-1,42,7ccf5e3af45d32c2b891424dd669788c94857f3adff5795a33e4b30a42f41db3,643,1,0,,,
B-R0,-1,42,f348edbafe367b5ca9552438520be0642620dd2e2fa1312d7bf2b74940eb9780,644,1,1,,,
B-R0,-1,42,f2d3074dfbaef344aa4981cbffee6d788ff0def980a874cc42e1dd4df85a9726,645,2,2,,,
B-R0,-1,42,360878e8a6171b73196b1189a0e33d9b6733e9ad741d46f90bee01573fbef0dc,646,0,1,,,
B-R0,-1,42,674130e6bbe693f70e17ce995304b93967bd09052c13f383b45753334d551bc7,647,1,1,,,
B-R0,-1,42,1f87f903f6991bf3f713838f4ac2d9b2d167b93ad3fc82cd0bb8919543bca220,648,1,1,,,
B-L0,0,42,f827075494ff9d262d45598bb3a1701eb955b99abca1ab6af3b2e2331aff4808,3,1,1,0.000641666995223621,0.5282550042885124,0.471103328716264
B-L0,0,42,5fafc4bdf7193aef5fb9fb71d655df200121838704e28ac2fa6588954ee3e27a,5,1,1,0.012685614053458855,0.9309585749181163,0.056355811028424733
B-L0,0,42,9a87b2493917ab4a2e2a0087e5caf12c4b02676cfdfef54992ed8ca5ca77f88f,6,1,1,0.007587816661801198,0.9094367414360902,0.08297544190210851
B-L0,0,42,d9baf8f9d90857c2e8aa4260b7eaf6c386460681228c2bee02a6b55597a43b69,7,1,1,0.016325623148217405,0.9211614256717008,0.06251295118008184
B-L0,0,42,6b0a215f6bd63db235793c4ada62b4853f51f8a279def3710a3687fc319d4da4,8,2,2,1.8198971417238198e-05,0.10291033993682565,0.8970714610917572
B-L0,0,42,a6252e1f0313cc82adc4651b4f4ced232435f7dff2e029302acc772e52fa2efc,11,1,1,0.03419194774973721,0.9407388808035194,0.025069171446743352
B-L0,0,42,5cba6871fec089b5dc9bcf045ba6e02ea473d055005f13d552c94fdac6686fe5,19,1,1,0.012685614053458855,0.9309585749181163,0.056355811028424733
B-L0,0,42,0fdca47962352eadea2e4637769c1d9eb007bd0634379ff90463a8a2c57c1789,22,1,1,0.005724022600532241,0.8614715220135103,0.13280445538595756
B-L0,0,42,7daa9011bd495f51a4514b37670bcdea719bbc30097f1653406dba4a8e98c046,32,2,1,0.0012448008768504441,0.6274758264055603,0.37127937271758915
B-L0,0,42,eeed46e477e7a7086b3dd17a4ffa4e4e996e9f005a71a8b1bbaf81c10d4d046e,35,1,1,0.042998680505814714,0.9421422125719152,0.014859106922270058
B-L0,0,42,0f3b55ce37cdca89a1c78fcec7a77751d9794f7cb1235804469a7daf9e63de4f,42,2,2,0.000181039414463856,0.30565237735760753,0.6941665832279286
B-L0,0,42,0400acddec5641be9ed3da2cb98d514d062d4b150affe3dc22c7d5c88070c742,43,1,1,0.19934156787363283,0.7984815230862692,0.0021769090400980892
B-L0,0,42,a20449c0fa9b781f95175c7906471527630e66fdd4d57f1ce262975af3ce8991,46,1,1,0.007587816661801198,0.9094367414360902,0.08297544190210851
B-L0,0,42,c79001dea4273719bcd01dbbfb7dc9181dda44a45e219cf7245f67640b98740a,47,2,2,6.286319009467107e-07,0.0194447748559352,0.9805545965121637
B-L0,0,42,3b51ad679e8b0ce6b2fafb421a74825a2de42f8e1aed05cbd3a81335a2923228,48,1,1,0.020947018459567517,0.941248447457391,0.037804534083041276
B-L0,0,42,f5162c4d57e22476a2fd86a4b724fe8da727100a27f30d4fe72a9c346f5c001c,49,1,1,0.007587816661801198,0.9094367414360902,0.08297544190210851
B-L0,0,42,bdb3e3243f4945237482dc791db610d13e33bde5b6d72369ed200729dddc360a,54,1,1,0.007587816661801198,0.9094367414360902,0.08297544190210851
B-L0,0,42,fd5b4c1d3d861f5a2629640b96c79ba38eb9d1ff76552d929679d3dad440b73f,57,2,2,8.198940625564619e-05,0.22607325531000239,0.7738447552837419
B-L0,0,42,adf16fc552a8d1b40b4ec42e52c444ad8d840e40483acd8054933050b6375e7f,62,1,1,0.0032904747971080252,0.8087884842933557,0.1879210409095363
B-L0,0,42,461e4acae5091b1364fab0f058f3a5296ed75a394000f65a696e528c54bf6001,63,1,1,0.0018415774247129188,0.7392701615265758,0.2588882610487113
B-L0,0,42,eb0ffac90c1fe5ccf1060219e349ca7d29540eb3e630465aa9b969a38900d539,66,1,1,0.020947018459567517,0.941248447457391,0.037804534083041276
B-L0,0,42,e87f2023e1a92b852755b7851d3150e9d19886692316d048409e5eaceb11dd5c,67,1,1,0.2383738353402003,0.760399227169193,0.0012269374906068151
B-L0,0,42,77472ffabdf2ba610830e2dba876659a629d3dc9bf1c6a3fe5b3fd11e1a7b01b,73,1,1,0.0032904747971080252,0.8087884842933557,0.1879210409095363
B-L0,0,42,12e99bde80179014843362cb5bcb78e39e741147045460921df42487eadf8cef,77,1,1,0.0032904747971080252,0.8087884842933557,0.1879210409095363
B-L0,0,42,04775e820b5829ba9b9a17482a4af9625350a3a9c39213f678c4a17f3f1c7b72,84,1,1,0.007587816661801198,0.9094367414360902,0.08297544190210851
B-L0,0,42,976ddafb2f8abe1ac4c19be98626949c2548ab5eaf452fae24dce90c4de7b8c9,92,1,1,0.005724022600532241,0.8614715220135103,0.13280445538595756
B-L0,0,42,5be7ba94e5d3acd4388614300b6ad48a44492e847b6d0e39fccd27e6cf9ae5f5,93,1,1,0.0012448008768504441,0.6274758264055603,0.37127937271758915
B-L0,0,42,a1e98e417eed1e1a141a0b30b714a23f0dc568239616354e4a175bf8ea08a28c,98,1,1,0.005724022600532241,0.8614715220135103,0.13280445538595756
B-L0,0,42,9ba998c5d87d08fc3d40b1b83a650245d89a368abad6136f452df88cc96ddce1,102,1,1,0.005724022600532241,0.8614715220135103,0.13280445538595756
B-L0,0,42,a5d49a55806e6aac09daa9f48f214a4bb4d26dc6b501261c0ba01041d3d2f9d9,103,1,1,0.08510396071330789,0.9092648094127074,0.005631229873984753
B-L0,0,42,3039b67e191cb12f942b21e621f38cb832b6a2d5e570cd00e2a2205f9831c0a6,105,1,1,0.13212169420625092,0.8643267218623208,0.0035515839314282428
B-L0,0,42,4b7e7cbc654f5e60c12ab432b3144305090c199d58af8071af7e5a16619e6aca,107,1,1,0.0012448008768504441,0.6274758264055603,0.37127937271758915
B-L0,0,42,30f9b13a03f303748526a158e8940797fe5e5c600fce68be3e50b0840a4368e9,118,1,1,0.02657073059154412,0.9508272829495793,0.0226019864588766
B-L0,0,42,c9610bea3409798e091290f260c60e5b4d3f0a84a43555989287b37d07ebf51b,119,1,1,0.0018415774247129188,0.7392701615265758,0.2588882610487113
B-L0,0,42,ab8ce69a1319b228880d829dc5631ea34e5cb080bfbc178aa048514436b7ecee,124,1,1,0.02657073059154412,0.9508272829495793,0.0226019864588766
B-L0,0,42,93c4bf4a5b21f36e6b0aae5bb990899ccf48d342143ca0e115fbbcce24f1e0a6,130,1,1,0.06869814229116966,0.921657417232774,0.009644440476056452
B-L0,0,42,4843201d2b160da0c05fc6013c664892482d15cae8e6986d6ad88ce3feaf72b8,132,1,1,0.08510396071330789,0.9092648094127074,0.005631229873984753
B-L0,0,42,cf57f1500208fbbe850bfcb423c0a07e8d0a3e41dbe03e9530034f5adb63eb16,134,1,1,0.007587816661801198,0.9094367414360902,0.08297544190210851
B-L0,0,42,d00d28ef2c4596a4d66713623e2b8bc3764ba2818602f1c62d3f21d371614dd7,137,1,1,0.016250334831844793,0.9497236600044322,0.03402600516372315
B-L0,0,42,f4a1fcac757fd73ac757509249c0ec925230f6e917bdf8e793757ea12e98b50d,145,1,1,0.3383763761954005,0.6609160718212003,0.0007075519833991446
B-L0,0,42,ae60908f4c85b03a0a49269075a0f3e13559c408c540b42632a059b5cfb0cd4d,146,1,1,0.13212169420625092,0.8643267218623208,0.0035515839314282428
B-L0,0,42,810b57dafea30a2f75e872d5e62c29a08fc07a9ccaebf778bc32b9ed8700674c,154,1,1,0.06869814229116966,0.921657417232774,0.009644440476056452
B-L0,0,42,0bf3a2d884e1555952ad611ad5ac00b76d97402156df050266c3cfc95f605dea,155,0,0,0.682831491843104,0.3171161597259424,5.234843095366615e-05
B-L0,0,42,ae88168be6110ac8992db8b155e6bd8dad4a050a4a4fabb91d628b18e0ff3fdc,163,0,1,0.1607082521731511,0.8372556081535717,0.0020361396732773247
B-L0,0,42,9881e8df21340beb673d11fb2f0087e28ca86d90cac54001885ad77fa39fe58f,181,2,2,6.286319009467107e-07,0.0194447748559352,0.9805545965121637
B-L0,0,42,d8eea83646be1e9c916e665fa77c259449f8745ed6a29cd6f9b1a9dced475fd5,187,1,1,0.0018415774247129188,0.7392701615265758,0.2588882610487113
B-L0,0,42,60763b4cebd2c23d4b6bb41fe41d2708e53e1479ca7374112530066b5e4893e5,191,1,1,0.1607082521731511,0.8372556081535717,0.0020361396732773247
B-L0,0,42,6c6dd067b740da372386ce71f81ed5b8dc2e1e9f93625be9b4884d1d73f96114,196,2,2,1.2180686192973465e-07,0.007726787718575147,0.9922730904745629
B-L0,0,42,86eb8973fc65f23f76646a24050506efc45364d1ed311733b312688b82d03540,198,2,2,0.000181039414463856,0.30565237735760753,0.6941665832279286
B-L0,0,42,e3f90cf05c633dae16fb7f47884d7cd562ac2769d89e9243c8680a8ba22af681,204,1,1,0.012685614053458855,0.9309585749181163,0.056355811028424733
B-L0,0,42,9a0d7d130a794be7bc69983881925e866dbd081148ab7ab7a8b811b52c7a21f0,211,1,1,0.06869814229116966,0.921657417232774,0.009644440476056452
B-L0,0,42,8332987b673c95bbee93c9f25e2f6e37e4235c9e6ae83604205ff69eb49247f9,214,2,1,0.000641666995223621,0.5282550042885124,0.471103328716264
B-L0,0,42,7f598fa9cd8021402624f92fab82098fb58747ccd8a722c3d994f05b6ed0f217,218,1,1,0.0032904747971080252,0.8087884842933557,0.1879210409095363
B-L0,0,42,f094aac8706b95f9bece4eeac1389e28ad75114d0e4206b7769ded1102994ff1,221,2,2,0.000181039414463856,0.30565237735760753,0.6941665832279286
B-L0,0,42,6bcf085df851ffdd063de277d7f6de02756302343ed42266339f33b7f195ec0d,225,1,1,0.007587816661801198,0.9094367414360902,0.08297544190210851
B-L0,0,42,2a5b3658c6bb089977c0132627aeddf27747b5ba1997b7f2041f3039d3025854,228,1,1,0.02657073059154412,0.9508272829495793,0.0226019864588766
B-L0,0,42,97c9512caadb3ffd0ad3c7ddd23407aa54871fc60933e4b9f12a69d1cef4214f,251,1,1,0.19934156787363283,0.7984815230862692,0.0021769090400980892
B-L0,0,42,5752cee9adf12bd089539e746e30b0d83f71e4f57e8da95e82619ac05b3d6b64,258,2,1,0.000641666995223621,0.5282550042885124,0.471103328716264
B-L0,0,42,ad959d26f847d9c030d3b6d75856d30298eaee390b8e65835b5173c70de9d93a,262,0,1,0.3383763761954005,0.6609160718212003,0.0007075519833991446
B-L0,0,42,f1cc48536731731e0b343782efdde0db8be7fc46955c060a6588a598c61b83b5,266,1,2,0.0003171829295066708,0.4264621864009484,0.573220630669545
B-L0,0,42,645409494cfbc0053881ee14531a52cfc643d5a8dd013317825912b73a52362e,267,2,2,8.198940625564619e-05,0.22607325531000239,0.7738447552837419
B-L0,0,42,00dbf7ed1f04da4f573cdb1c40ee8aabbb629d7e284d1568bca51a8a5f396e7c,268,1,1,0.012685614053458855,0.9309585749181163,0.056355811028424733
B-L0,0,42,4837f2cb17208b9a4625ebde74b97e4dd96ffdb5234013a87be717acfa0a8b14,271,1,1,0.042998680505814714,0.9421422125719152,0.014859106922270058
B-L0,0,42,8475bd5769c68d5427ad348aa5b6061ee6bcd37f6f1837cda26be61984a04cac,280,1,1,0.2383738353402003,0.760399227169193,0.0012269374906068151
B-L0,0,42,d744f4e8e0e5a37040ced43f7d9f57213e888b56527ca3961db9750dd4b525fc,284,0,0,0.736846418646988,0.26310489131331605,4.869003969606393e-05
B-L0,0,42,63e7b0fd79c9670e63f19d0b85cc2c7efe0f1e527b44bbf33e9c798004594ffd,300,2,2,8.198940625564619e-05,0.22607325531000239,0.7738447552837419
B-L0,0,42,6db86dac2c557996df538886e2ae001080ddecdab91e2e3a4edede389d70b7e7,310,1,1,0.4552097082916252,0.5444036005001909,0.00038669120818391535
B-L0,0,42,e46fe007896b1086b24e7db53b21842ae5f26db41897be76661db0c09520f97c,311,1,1,0.020947018459567517,0.941248447457391,0.037804534083041276
B-L0,0,42,da52e0801985e6d911242d1cc38a5a2ba9ea6d852304175e9cf5f6682c636afe,332,2,2,4.9613168599213715e-08,0.005139974867613927,0.9948599755192175
B-L0,0,42,980a5bcc08361f8d083c12141878dbd24b7a236c18e8184387239050f164a315,351,2,2,0.000181039414463856,0.30565237735760753,0.6941665832279286
B-L0,0,42,0b6002ac98745ed77d24c58dee4c8892e1dca4c93626ce4675b9306294bb2d7d,354,2,1,0.012685614053458855,0.9309585749181163,0.056355811028424733
B-L0,0,42,17e8cff30d43b9932efa5ee5fc8ea3d9998f87aa816268d719e22c0b513067e3,357,2,2,0.000181039414463856,0.30565237735760753,0.6941665832279286
B-L0,0,42,328eaadc5fcca2d1c22ba92802c7d13404e083fcc75e8e27c502cd13af3d0548,362,1,1,0.02657073059154412,0.9508272829495793,0.0226019864588766
B-L0,0,42,fe92f0e44d936f618c5a52cbcbbb889fd256a412566488b144015b8482d7b1a1,365,2,2,0.0003171829295066708,0.4264621864009484,0.573220630669545
B-L0,0,42,074bdafc94897952ec047e29c94c168d74b04273139ccf2ce1e6f1873ca0ed4a,382,1,1,0.020947018459567517,0.941248447457391,0.037804534083041276
B-L0,0,42,0fdfadc8e93127b69c5cc192dde2e8ac8ed04c3d1fdbe79dfe2b87b82585bd01,384,1,1,0.08510396071330789,0.9092648094127074,0.005631229873984753
B-L0,0,42,9c1589756f65e471021f9e5736a89d5cabb0481ef20ec88a5286fac861609674,386,2,2,8.198940625564619e-05,0.22607325531000239,0.7738447552837419
B-L0,0,42,88d41603b7bc18447226de0bd092d97caaafff7d44a58de731f2bfd695e6c89e,391,1,1,0.009748763761167362,0.8983639730597457,0.09188726317908691
B-L0,0,42,573e5d0c416baabe556bbe6df0da1d23f9d757c682f06acc75cbdeeefa53f1dd,395,1,1,0.012685614053458855,0.9309585749181163,0.056355811028424733
B-L0,0,42,ca1af162eff48d01248d7b34c3dc4be9123bb4917682c15fcb42f45ba92ce681,397,1,1,0.03419194774973721,0.9407388808035194,0.025069171446743352
B-L0,0,42,11f18902f6529ccd006f3eb1926c47f115d9549b2c2f079495389befb1eae919,408,1,1,0.10785557799843924,0.8859930906857676,0.006151331315793089
B-L0,0,42,d6a67091791dd72522a6bef06dfea8b0c675a1445234f9512644939352bab471,421,1,1,0.28926345963288436,0.7094532336899957,0.001283306677120044
B-L0,0,42,fb53eea3d4cdbfd82c3a411ba354fb72529c745789e35c027a285e3f70071b48,428,0,0,0.8205737158247872,0.17940425616759118,2.2028007621665682e-05
B-L0,0,42,05b9b2450da4983d21d00900b28b53e5a1f95f950395ddc3ddc45cb106b759b9,429,1,1,0.06869814229116966,0.921657417232774,0.009644440476056452
B-L0,0,42,f0a97bfafce659abcc15ad3b27366b99f919dc16a513c0931d27b70b5eb2bd13,439,2,2,4.257405527447839e-05,0.14740777291429272,0.8525496530304328
B-L0,0,42,12f87a813a0f8b8b6295bf7bd67e6b14cf37aea45636ed5ee00d03e5b5987ffb,441,0,1,0.4552097082916252,0.5444036005001909,0.00038669120818391535
B-L0,0,42,1a95813d193cd4442bc0b1f87b4bce15afbe7cd42d6c4c82b8f5c88c23abdbf2,445,0,0,0.5771614312999567,0.42263938924087124,0.0001991794591720695
B-L0,0,42,95a4c4f399ab39050cd2c68303c1b4a717e2b85e43356b382b44a3423cac3ed0,449,1,1,0.009748763761167362,0.8983639730597457,0.09188726317908691
B-L0,0,42,5c0c7a72328563a4b2a7d65fab7f740984af9984186caff86b9cca5da6bfe86c,451,1,1,0.06869814229116966,0.921657417232774,0.009644440476056452
B-L0,0,42,5f11fef5bae9d1258380639662fb95008d4620c9b9b24aad7083e32efacfbdfc,452,1,1,0.19934156787363283,0.7984815230862692,0.0021769090400980892
B-L0,0,42,225629385e18a6854edb9ae5dee2b6c35e44af3143cc0f0fab0867deec5c52bd,460,1,1,0.08510396071330789,0.9092648094127074,0.005631229873984753
B-L0,0,42,65fc55908795c03596628c3be27eff5761f85e2f1b4291d6717c471653ee17a8,465,0,0,0.5120815639806487,0.4877134079308411,0.0002050280885101318
B-L0,0,42,e0d210eed199a9e6092e65b724d0b6abf80444548010500e25c9fbfa593246e6,469,1,1,0.007587816661801198,0.9094367414360902,0.08297544190210851
B-L0,0,42,3228a5c1892f93600a970b9e099b3053b891a018a2b4fcdbe092d118a96a8fb3,472,2,1,0.000641666995223621,0.5282550042885124,0.471103328716264
B-L0,0,42,55149a64f268a012247a00f9c7f3a36b557a25430fed6016ab547ff1c38e61b2,473,1,1,0.3911661950968839,0.6084482900873764,0.0003855148157397539
B-L0,0,42,8e4ea3523595a6acd552728b47f2a13b458234f347559c26cb13139a095da1b4,474,1,1,0.06869814229116966,0.921657417232774,0.009644440476056452
B-L0,0,42,1971d2b4a4cb293ac396176c6d1190289df940842c256fea5bf08fd520cbb4f9,477,1,1,0.053728335861332716,0.9375205689419643,0.008751095196702982
B-L0,0,42,50c59de7b7fadd459118ad53531a05379edf5c0bbf8786fc3b4b96a2d52bd55a,478,0,0,0.8516975929443631,0.14829163088459546,1.0776171041534248e-05
B-L0,0,42,8fd0fe4e154f5d8d0e6fd22a060280c5fc7e2f73594c63d13a67e97a3b835a6b,480,1,1,0.3383763761954005,0.6609160718212003,0.0007075519833991446
B-L0,0,42,ee64c4c983197496a5a20dfb847c9b4515dbdade50852024c565d1a74b63cc24,500,0,0,0.9036572390989023,0.09633811599163916,4.644909458505578e-06
B-L0,0,42,555340884fdb40170947c98290702c40554069d24cf22f20a9785c5218582ca2,506,1,1,0.1607082521731511,0.8372556081535717,0.0020361396732773247
B-L0,0,42,6249033ebb4873778de8d435f8863876ed0ccf3c336662af8118b4596dbc2285,520,0,0,0.8205737158247872,0.17940425616759118,2.2028007621665682e-05
B-L0,0,42,866639f3b9f95c14339f44ed24824b71cda6a70d63a86fe0edf0685a8baf5c75,524,0,0,0.5771614312999567,0.42263938924087124,0.0001991794591720695
B-L0,0,42,7788b10861e73289e28b8fbecdb74643ae51fd2135b9ae4865d7ae2a22141973,525,2,2,0.0003171829295066708,0.4264621864009484,0.573220630669545
B-L0,0,42,a9da9db2467c1a5fe7257adb1987e930ea751470576c10c82f4397f3dd37b63f,527,1,1,0.2383738353402003,0.760399227169193,0.0012269374906068151
B-L0,0,42,85a02e1802e7b312ed957ee39e2bbfe0b4632dd2d25d3a8ce177b48d26ba1fc2,529,1,1,0.042998680505814714,0.9421422125719152,0.014859106922270058
B-L0,0,42,d26328550683e27aa4c4fe5be7e2d668c08dadae337ff364dbeb060fd5a931bd,531,1,1,0.13212169420625092,0.8643267218623208,0.0035515839314282428
B-L0,0,42,4f4759b87edf8e38b6b6c5dd3a52b7fd18a9f97b78b0b8933276755f4ad88080,534,1,1,0.020947018459567517,0.941248447457391,0.037804534083041276
B-L0,0,42,aeabe5f00bb9cc0af7000e3fafc88866155e65ab4d5da58274d0dee130a02388,536,1,1,0.0012448008768504441,0.6274758264055603,0.37127937271758915
B-L0,0,42,2de6307edc2b60e3648d6c261996c60ddb15ccc9f4069aee2e9ee4e9ca9dcaee,540,1,1,0.10785557799843924,0.8859930906857676,0.006151331315793089
B-L0,0,42,112e7b51e7d078dd62fe5bcec15f48660dbfc572df659aea50141c8a731a6877,543,0,1,0.3383763761954005,0.6609160718212003,0.0007075519833991446
B-L0,0,42,d98717d4a561c7ad6b0aa9c5e73ecccbfb6510d07c8f23d7934fec3f8fbcf474,547,1,1,0.06869814229116966,0.921657417232774,0.009644440476056452
B-L0,0,42,db842124e7a33dd5887c8d22a815b1649cda7401b683f5f9cc6c7a9dbd533a3e,560,1,1,0.2383738353402003,0.760399227169193,0.0012269374906068151
B-L0,0,42,49adb4d4ef7cf9b7221faad79fd9c2cb259872644777044983365486723c67f4,562,1,1,0.009748763761167362,0.8983639730597457,0.09188726317908691
B-L0,0,42,be89c78f29804f04841228bffef4532f286878a08b52cf8f4f17b15a9fa83364,563,0,0,0.9988600367743317,0.0011399631064081368,1.192600606114827e-10
B-L0,0,42,297cf77b86d2fe61e413421d7216874ab77f45748dff5f7a2531cdaab79a4050,565,0,1,0.13212169420625092,0.8643267218623208,0.0035515839314282428
B-L0,0,42,531f8aca33aab4bfc992087de862b25def4dea5b91bea6cc49aacbad07b45b7a,577,1,1,0.2383738353402003,0.760399227169193,0.0012269374906068151
B-L0,0,42,4b55155083aea75c9650635eb846d1e7abeaa867e3c5c629e2c90461482485f1,578,1,1,0.4552097082916252,0.5444036005001909,0.00038669120818391535
B-L0,0,42,815683c5eb3b782f1a2feeefe55a834447a90f6a62356c843d751e6ed6f7089f,587,0,0,0.9217414148146045,0.07825635210652694,2.233078868627204e-06
B-L0,0,42,8d5547c0b5e44d69c28a4cead541c515bc82e8f18adfd972abf57b2824ce7a43,591,1,1,0.005724022600532241,0.8614715220135103,0.13280445538595756
B-L0,0,42,71388cc5368946416cbcddee50e2af8f0a6a2794c83dcda516b9f0463aa6ad3a,610,0,0,0.9981395658503949,0.0018604338562542536,2.9335074422071876e-10
B-L0,0,42,56d3d8cfe1ee66937b1b304de962e50840fc5df249cec9cc9f427db1842d8971,620,2,2,0.0003171829295066708,0.4264621864009484,0.573220630669545
B-L0,0,42,ef3b33bfd33c9a8d675e8c1562f5c2d503094b1f1887af3be3c1e16e100d9af4,629,0,0,0.736846418646988,0.26310489131331605,4.869003969606393e-05
B-L0,0,42,ba39525bb89a78df7e0bc9a040dd9c4c00f64baba2719bf9fb4a4bf7aa3dcffa,630,2,2,3.7170478532665956e-06,0.04310533706653844,0.9568909458856084
B-L0,0,42,ca60a0d1bd9510735b9a2c5edb1ab0a7eb2dd31d96b642bce093e7ba08286f2c,631,1,1,0.06869814229116966,0.921657417232774,0.009644440476056452
B-L0,0,42,2fe1c3d95e43dc7878c7ba2874a7cb62e7829661ff3655b02f110fd5bf516184,634,2,2,7.658659328598601e-06,0.07072968539854033,0.929262655942131
B-L0,0,42,61b0a6498279a260ce8cabb4d4114bb5cda03e71c6f6954d7b766ee8a31b2746,635,0,1,0.4552097082916252,0.5444036005001909,0.00038669120818391535
B-L0,0,42,6f3f6818c91a4e4ac44cd061158f5c34bee1b5baac40fd4e469a3ed20476104a,638,2,2,0.000181039414463856,0.30565237735760753,0.6941665832279286
B-L0,0,42,1f54ce13a7724f8e43df533f143951e361144f772d6d5ce76fe8e5fc8c77364c,639,0,0,0.8819280178953037,0.11806236409477085,9.618009925318756e-06
B-L0,0,42,a35adafe1567244423f4e723b5361fdfc62fb0c766c9685554fa976277ee04ba,642,1,0,0.6903648233103143,0.30953838894591246,9.678774377326301e-05
B-L0,1,42,f816923b16d6506fc091cfe92e86e1139e2f0b3e58c593461da93f6ca5c45a5b,4,1,1,0.009068064783788644,0.9048057089808716,0.08612622623533965
B-L0,1,42,1fa27a62ee1b2d2ba6c92d8546a424dd3509710635f8a2c2568cc88597bb86fe,13,1,1,0.012160983143968598,0.9288489691691121,0.05899004768691936
B-L0,1,42,563f081ac98d1f31498a91b83ae8a2be907cfab0de2d472d199474e4e5eb8c6a,18,0,0,0.6198301984698799,0.38007006087479095,9.974065532904391e-05
B-L0,1,42,4f83a42c27ea668697977110e8f196526ef09e0479182cf78470ad75e79419c6,29,1,1,0.025963064994446457,0.9492422081878775,0.024794726817676246
B-L0,1,42,088e125061899aeb843e08b444d414177713a8aeb3850db4477647a05e97b064,33,1,1,0.00736776804178789,0.8999189498871192,0.09271328207109296
B-L0,1,42,da11b9a824ea17d36ef8425abb47a68b80631b00f26d5fcb34bc902ab7e564d7,38,1,1,0.019750278257669205,0.9433190396211081,0.03693068212122274
B-L0,1,42,a3aa9205c2dd6e6da3e018643f3c57b94d1f7d8f031190e1e8fe1aeb4473edbd,39,1,1,0.00173955510642634,0.7098261839561066,0.28843426093746716
B-L0,1,42,342f55c319e97bc4ebb3ea65c99cec118d9ebb0b9c1dc8c76eda38916bbb6efe,50,1,1,0.00173955510642634,0.7098261839561066,0.28843426093746716
B-L0,1,42,c81837f79017967e7355fc593b81070347505e7400d9bdfc85ffc152e7f91067,56,2,2,0.00028176951357279434,0.3841087483642171,0.6156094821222101
B-L0,1,42,fc23ab826a2440d11ef69d2086a1f61b6275743360356da43151abc46afe903f,60,2,2,2.534566383777609e-06,0.0385617390049445,0.9614357264286716
B-L0,1,42,c27b44d54803697af82881ea82d46e3561cbf37bdea8eb62c2df4af1f57d6fac,69,2,2,7.170434300068146e-05,0.2042024713630851,0.7957258242939143
B-L0,1,42,6eb8f51f02885e1c53aae062c9d8bab63dd1f60f90936f3349e37283882a4e93,74,1,1,0.04126950220770882,0.9435377388372822,0.015192758955009053
B-L0,1,42,dd582bddc1aca5d5bb7c320bb57fbf5870022badac32ea6378863b35a16c8ee0,85,1,1,0.025963064994446457,0.9492422081878775,0.024794726817676246
B-L0,1,42,93f04a3c609794b4d53b3b5d2ffcfda0a1358e9ed321e072e10f1c4d0a40b4aa,87,2,2,7.170434300068146e-05,0.2042024713630851,0.7957258242939143
B-L0,1,42,5029e2776e7b9b5d2af015958cd517fb756f6d8b9853790513dc82715be726fd,96,1,1,0.1000508380799347,0.8944760258231986,0.005473136096866522
B-L0,1,42,2cedf816172020544d1c56529191607083a424ddd9627983acb2537e9c73f8cf,97,1,1,0.00736776804178789,0.8999189498871192,0.09271328207109296
B-L0,1,42,fed2454f61d42dd8f9f5651403e7c8aba82a77d8e645d8bf125f75e7c4c73861,99,1,1,0.005399524891752625,0.8615635183061519,0.13303695680209557
B-L0,1,42,8265981c42a1d2d7ece956a8e83fc2766c03bd9b677b5188edf9e65cae717f0f,100,0,1,0.3278015070439065,0.6715034477128442,0.0006950452432492291
B-L0,1,42,4b4303e1d9cff307886f30665c8e6fb57047e2e8f3cc39e2126b16700e3bf126,101,2,2,6.420972932949979e-06,0.061088961762674934,0.938904617264392
B-L0,1,42,ffd718c11411f17305eebe2c3fd8eae0b394e9127366a0ffb1165fbe02224135,108,1,1,0.05350703049006663,0.9364327484710444,0.010060221038889086
B-L0,1,42,ff7ddca54e1e9620918ba02dbfe35985a655c87ef1a72ab4ba4d13faa4ead2b0,112,1,1,0.2717208897263605,0.7271510406599605,0.0011280696136788104
B-L0,1,42,e27b2368d103c92aa6d3db8b15bcb6a45f02a1799208f1d626eea765d93b4f20,120,1,1,0.000589744103065396,0.5027276452467663,0.4966826106501682
B-L0,1,42,399489b6079af091f33320276c7ad2db3c791129a3edbff5b530c66d32cd7e72,121,1,1,0.00173955510642634,0.7098261839561066,0.28843426093746716
B-L0,1,42,e8cd3aa07ded082c0e9d0cd5ce68316e2c88e74da438e4b08e8a1e9f962c9394,127,1,1,0.18902641353067554,0.8089378042469716,0.002035782222352672
B-L0,1,42,70be8a47e5d22077d37988cb4d32c132724a3d1b083ef9ab0b06313f0bf6c905,133,1,1,0.019750278257669205,0.9433190396211081,0.03693068212122274
B-L0,1,42,be8334d7f47b288facef26257cb6b44fcf616cd19090b942b3e21a6312189a8d,144,1,1,0.025963064994446457,0.9492422081878775,0.024794726817676246
B-L0,1,42,c047c292b4e87b40d0e8d2cdb5f5aa7e0bbd22946a70c373ef6dd5c6576bc932,151,1,1,0.0009227889560052138,0.6021535458539984,0.3969236651899964
B-L0,1,42,20a9a7e6d4cf66384115e0a7ecc18f09cf1f9b2d051f34bc82d7b170955376d4,152,1,1,0.025963064994446457,0.9492422081878775,0.024794726817676246
B-L0,1,42,a7f1f0bec4d0eecfb4bebc52d748706df58b74a54e32f07189d46c9495ae3d09,158,1,1,0.04126950220770882,0.9435377388372822,0.015192758955009053
B-L0,1,42,a46bacc86e6d6f2966c8bc9b007be70048a778a3e7dc54762fa3c06ca3dd0a6b,160,1,1,0.04126950220770882,0.9435377388372822,0.015192758955009053
B-L0,1,42,aee4b0ad4df2a5b974c0fae78b5f15de2ba0da9ff62a1f1845fe8490f931efbb,164,1,1,0.18902641353067554,0.8089378042469716,0.002035782222352672
B-L0,1,42,f4f2eaa4ae88e92cfa57b3aff8b8ebc91d59f1c9a27803fe90c6ef8b768a6d4e,165,1,1,0.0031241950429915545,0.7971883216921205,0.19968748326488786
B-L0,1,42,638a470d918dbfbf5afd33eb58e7ac2868a43d0e4dbaab3029db5101a1edce71,166,1,1,0.1599253117280394,0.8377927114141158,0.002281976857844868
B-L0,1,42,03c73563087c1329943a56cf316a054838d232eb12bf400763e97af8a779fc3d,172,0,1,0.12704020660967635,0.8694104667835194,0.003549326606804067
B-L0,1,42,36fc8ba21c05df93f037cf32ffb47c54f5fded8ce374e0e9cf11353791e881ac,176,1,1,0.4382487950142702,0.5613930038899395,0.0003582010957902777
B-L0,1,42,3be1ee30e134a9ae90bc1593ea32cf65047070817401a9aeb18c76efaca04541,178,0,0,0.6198301984698799,0.38007006087479095,9.974065532904391e-05
B-L0,1,42,4d7423cf2ff542521716737a2b82d95c940025a9d28aea9f135e73d793d959f0,183,2,2,6.420972932949979e-06,0.061088961762674934,0.938904617264392
B-L0,1,42,03b5b9fbb1e8685d2aea12d701a8548fbf66e988d3965beff90d610215a6fc96,185,2,2,1.3113030184617653e-06,0.026062753852999047,0.9739359348439826
B-L0,1,42,842bac774d6c086dd6b92fdb78413098e14bcc3af75125e7d25ca273a3e1f862,193,1,1,0.04126950220770882,0.9435377388372822,0.015192758955009053
B-L0,1,42,9a4af49b00bdc8c8c90dd9584610e62f31c1dea1496d8c77c154a1340984f0fe,201,2,1,0.0011645300782676476,0.6207673058874047,0.3780681640343277
B-L0,1,42,ed7122159427b6c8635b7bcd0d7140de4dd489af9eab6fd9bd99b3ebad260d98,205,1,1,0.025963064994446457,0.9492422081878775,0.024794726817676246
B-L0,1,42,038c9ee0d7794eeb1143a461c0506513b430ff5293a311f12d84535a6afbcc5c,213,1,1,0.08321930615521098,0.9107492010413694,0.006031492803419734
B-L0,1,42,aac572f07272c9f29ce150e00d2b33f7765e921ffe4e1a3c8a7aa455349ca19b,219,0,1,0.4382487950142702,0.5613930038899395,0.0003582010957902777
B-L0,1,42,c6b8941e410ad8b2574b68572d59fe76bfb75291198754c7266ab3740f819f8d,223,1,1,0.019750278257669205,0.9433190396211081,0.03693068212122274
B-L0,1,42,fa91a868a0b2673a241638a1e248c077d7ebbe8369c5e9c7a105ea8e0f678595,224,1,1,0.012160983143968598,0.9288489691691121,0.05899004768691936
B-L0,1,42,05dde9d4b54f7775db2292c4725eb2440e0b2dbe65d52bb4c05c347040ae90da,227,1,1,0.025963064994446457,0.9492422081878775,0.024794726817676246
B-L0,1,42,0e1e5a60db31ca1ff4e88932ce8fb8133c0cae740186c0eecba980565edeeec1,232,1,1,0.005399524891752625,0.8615635183061519,0.13303695680209557
B-L0,1,42,78bf7a927103b0adf2a93a132f44f2411946196d038bf6822cb2eeb2f851ab2c,241,1,1,0.0647722299940273,0.9260359752972074,0.009191794708765213
B-L0,1,42,4e05a768be51893f790163c79ad042b9bf59de08bccbba7bd25c8877c53ebcdf,243,2,2,7.170434300068146e-05,0.2042024713630851,0.7957258242939143
B-L0,1,42,40f57c13c26aa660145ccd9e9ad6cf7435aba21e0ecb869b65ca110bad79d9bc,244,1,1,0.004367399848415929,0.8530636617626418,0.14256893838894236
B-L0,1,42,820af5dd1d43687408ee96791d977e5768628d5dd9718275f49012ab8be7c7da,246,1,1,0.0031241950429915545,0.7971883216921205,0.19968748326488786
B-L0,1,42,2fea83fd72f31c3ed98d355952e0dca5903ca77045d520014559b3131ab53449,249,1,1,0.012160983143968598,0.9288489691691121,0.05899004768691936
B-L0,1,42,3567553d36285ad28e9947ecc399152b059b63fa0d14e93da3fa60f88729589b,253,1,1,0.12704020660967635,0.8694104667835194,0.003549326606804067
B-L0,1,42,a71a645737db58ca85f16857a87566dbd0644a509be1426ceec155ba4b32a46a,254,1,0,0.5047968235163643,0.49499245343082743,0.00021072305280834644
B-L0,1,42,a32d5c6de3dc8a8d1a538283ab55eeaf55b9cf8e25aa347f9451fa80920ab0dd,255,0,0,0.7730662141720517,0.22690929466060775,2.4491167340788046e-05
B-L0,1,42,c6d9905e1108342a5a39e558796801aaef2123ede509df6c737dc2968cb80334,259,1,1,0.08321930615521098,0.9107492010413694,0.006031492803419734
B-L0,1,42,cf04de454501b8a0be83713c4b298369ec62ac21cd8f30857e05891dcef22cc6,261,1,1,0.0031241950429915545,0.7971883216921205,0.19968748326488786
B-L0,1,42,3d8d9b0265e3f1fa1f9dced7be94a31b2d44253a703333fe32683be701e1e391,273,1,1,0.04126950220770882,0.9435377388372822,0.015192758955009053
B-L0,1,42,f048327f0da983b65f4ac626e1b417339b356d60f7641609e9f999aa25dd1b64,274,1,1,0.23356938077320932,0.7651458829448831,0.0012847362819076397
B-L0,1,42,2fc3c8e1b6058fdb8ba34e10c4f11c5c96a490da8c44557f51f272e135b276d2,276,2,2,1.60468985608212e-05,0.09546891277989115,0.9045150403215481
B-L0,1,42,c215aa987795131b42e2cd8a6c43e525423612ee007a6ced32e8263bda4ad92a,289,2,2,0.00016502593038158494,0.29388450418177803,0.7059504698878405
B-L0,1,42,4560a7ae21f3fb4ac2db6ffe58ddb475ac41d6dc383b998d4c568b31ae65a35c,290,1,1,0.12704020660967635,0.8694104667835194,0.003549326606804067
B-L0,1,42,609e2c6bb80163f064286be493c35084947f767a9fca5159a6007ea7d78d1b8e,291,1,1,0.08321930615521098,0.9107492010413694,0.006031492803419734
B-L0,1,42,912f7b7365227a32858a2d927685373d6780e508ef7ac83760fb9ec5aaa1aefc,293,1,1,0.019750278257669205,0.9433190396211081,0.03693068212122274
B-L0,1,42,97b9091925addb08c1cd2c6078d0de2bf8172b17115de938b77ad77357d5ea5b,309,1,1,0.031657597175370464,0.9455234290576734,0.0228189737669562
B-L0,1,42,19d6ef82b2a921d77a5573e974ea081845479ae43b183f176897858ed8e06b84,312,2,2,6.420972932949979e-06,0.061088961762674934,0.938904617264392
B-L0,1,42,4791bf9d1d5d0230ab90f16f29614b48ab82e5801b82082235ff9b4358d29def,316,2,2,1.60468985608212e-05,0.09546891277989115,0.9045150403215481
B-L0,1,42,9e12aa0dbe5c0aaa2470ead8d7629926f8b65403a6699dffbfef210eb25d80d8,319,1,1,0.019750278257669205,0.9433190396211081,0.03693068212122274
B-L0,1,42,4dcb168e09d4d7893d639ca45b73e7538eb8bbdf4d053e76233e29ffd3010c99,326,1,1,0.0031241950429915545,0.7971883216921205,0.19968748326488786
B-L0,1,42,cc8929500a996b83f8e58e90d5c2ffadb7b9bc20866921118795138fea402ecf,335,2,2,5.105881389952905e-07,0.016228523130325242,0.9837709662815358
B-L0,1,42,f9d294cba21968ac5c7aca6b858728c55a8a06c37c1bd8489ed5b184ed97e39e,336,2,2,1.60468985608212e-05,0.09546891277989115,0.9045150403215481
B-L0,1,42,f2a7a0438ec81419aed4432eca97e3bf6a7996b3abcab7bd2b0cb5ea5936ca0c,343,2,2,1.3113030184617653e-06,0.026062753852999047,0.9739359348439826
B-L0,1,42,57374dc57848f9f7545dfff9c90d14265d0a66c20014fed384c8a1aaab2a8657,344,2,2,3.922486354094929e-08,0.004165010401742044,0.9958349503733943
B-L0,1,42,e59d303b3c9921823705d178211a81f3167a2b5c2bedd55a2e440ae6fb609a66,346,1,1,0.005399524891752625,0.8615635183061519,0.13303695680209557
B-L0,1,42,e43bb85cc9f4c204c3b80fc593900bce375e9f42be96d02f335f2f42c13c4ba8,349,2,2,3.922486354094929e-08,0.004165010401742044,0.9958349503733943
B-L0,1,42,eb7b92a2b390dbb093e40e2495530b65be730eb752eccbf260be04ff31496b11,352,1,1,0.12704020660967635,0.8694104667835194,0.003549326606804067
B-L0,1,42,99a93936da7984b3ce75763a91a3493bbe7f16283b2ccde42c3d93bff3fc70e1,353,1,1,0.12704020660967635,0.8694104667835194,0.003549326606804067
B-L0,1,42,fdc3d5fa14c1a4086c5b7caf79828cce0d013ff497cbe8eb15c09905a3f4457c,366,1,1,0.012160983143968598,0.9288489691691121,0.05899004768691936
B-L0,1,42,ed55a6f2ea598cc2a90f6b9b6e489d7f1bf59f58579eeba23f34ffb5a4476757,367,1,1,0.019750278257669205,0.9433190396211081,0.03693068212122274
B-L0,1,42,a538958f863560cab82c81c2af21b948645d77515ec607b6158507d95fe5123d,370,0,0,0.6198301984698799,0.38007006087479095,9.974065532904391e-05
B-L0,1,42,e76f79b797b47271b05802f3737b53b3378b0b1529fd9314fa2a492b6167ac66,372,1,1,0.00173955510642634,0.7098261839561066,0.28843426093746716
B-L0,1,42,2965eb77c7507629cf30cf7647115971bc3fbc079b0679ddae18c5a7f6088ba0,375,2,1,0.000589744103065396,0.5027276452467663,0.4966826106501682
B-L0,1,42,447fa75d82f2da45bc471afc5b9273f8007746f7c1e6608e7f7e080582a7ea08,376,1,1,0.000589744103065396,0.5027276452467663,0.4966826106501682
B-L0,1,42,4f4abcb7188e73e10ca68b718d456e0239c4dcb6875e1c3c69a419fec225e1ce,379,1,1,0.08321930615521098,0.9107492010413694,0.006031492803419734
B-L0,1,42,dce71741a22feecd18d4a68d6dac14f53d1b585efa9029d2d7f6caf10ef1d09a,385,1,1,0.23356938077320932,0.7651458829448831,0.0012847362819076397
B-L0,1,42,0a3effbdec3cb466bafb0f3db000792529f8a18b89f03e2f2a477a57ccb23447,390,1,1,0.00173955510642634,0.7098261839561066,0.28843426093746716
B-L0,1,42,64edd6fd449505aaf4ce23b5e8fd239af0c6c1b9b8ec3b6283f29aa63786d55d,392,2,1,0.005399524891752625,0.8615635183061519,0.13303695680209557
B-L0,1,42,3aa2f113241cf12a1f41976ff0bf7942caae7298859aebfd67c1ddd2a115c9f5,393,2,1,0.000589744103065396,0.5027276452467663,0.4966826106501682
B-L0,1,42,7e00b595bb6999487c74eb830249fdf599a16fe836019185747560a7869a2ea9,401,1,1,0.00173955510642634,0.7098261839561066,0.28843426093746716
B-L0,1,42,af3e8a8edbc429d6e82a0234c201d8cc278db4fd145a68015fd1ab8785e57275,407,1,1,0.05011352271015541,0.9359620563825917,0.013924420907252951
B-L0,1,42,f5c1f313b06ba018dffafebe7e936f738c7877b1fd7def93331d973a91083ec4,409,2,1,0.0011645300782676476,0.6207673058874047,0.3780681640343277
B-L0,1,42,a27435e31856096b869dad34f04f50c26e43660a66718f5643ee8ed2eb51af26,414,2,1,0.001467348081164717,0.6389759900619172,0.35955666185691804
B-L0,1,42,447b6eaaa01f44759a3e84e1ae3292b980e1e40bbca619439c1154c93b6ba928,420,2,2,8.464599905389151e-06,0.0657872307813253,0.9342043046187694
B-L0,1,42,a497a87c94bd318bdbd3ec6561590a06ed35ab4e87ca913472fb109a78f8bbc9,433,1,1,0.0011645300782676476,0.6207673058874047,0.3780681640343277
B-L0,1,42,652e6865f9acddc8831b8ce218dbe9e6235e8c801d2bbf80d878c249871281f8,440,0,0,0.9989441591258378,0.001055840734302868,1.3985925130950884e-10
B-L0,1,42,d63a26a5f8c21cfced4f4ebdcc520a460308329d0c2f1685f083d2ed9ab0b639,442,1,1,0.005399524891752625,0.8615635183061519,0.13303695680209557
B-L0,1,42,7b04f1d594f7376a2f050ee49b8349c5ef562e371b59041d74381aaf3f28418b,443,0,0,0.5551370542908732,0.44468803739819723,0.0001749083109294626
B-L0,1,42,a6b0e9b589ed3f6caa4497791751bb855f8ff7bd71783f5676489298a186db22,455,0,1,0.18902641353067554,0.8089378042469716,0.002035782222352672
B-L0,1,42,afa6daaad76b24e7324cb78b11b89285577dc8bbfcf69fd9a2858f75d0d2d255,466,1,1,0.23356938077320932,0.7651458829448831,0.0012847362819076397
B-L0,1,42,ecddaa9fb5fe0229e957962b58fa482e6fb92d8f808ec76bf3448ae1f9070c00,468,1,1,0.00736776804178789,0.8999189498871192,0.09271328207109296
B-L0,1,42,3a7f050103c325de4173d8ce18ea31c2b8a5424d5ca15132d1d2e938a40e25f1,470,1,1,0.00736776804178789,0.8999189498871192,0.09271328207109296
B-L0,1,42,d6c2e29b139b700ff7f46855f1fbce6d187c897106391edbf79fbf80ed1f1c14,471,1,1,0.025963064994446457,0.9492422081878775,0.024794726817676246
B-L0,1,42,9d1ad6603c4fc4417efe8b4d68b4771693ebeb51d9cc5fc47e7d55d6a396ae28,479,1,1,0.3278015070439065,0.6715034477128442,0.0006950452432492291
B-L0,1,42,d3dcab46cc222b84f1ffdcca86f298db97158c380bc905a790185b05af010c3d,488,0,0,0.5551370542908732,0.44468803739819723,0.0001749083109294626
B-L0,1,42,8e66ea34596e3d99a63ea5e1e0165c156c716d735eff28f761ac0ed48e7252b4,491,0,0,0.7228022779032728,0.27715288649029346,4.483560643371121e-05
B-L0,1,42,f84b59feebc9f4c0c496f360f1ca19bbe2d5beeb52f49c9fc163d951a96cd776,502,0,1,0.3892292207196858,0.6103492800140985,0.0004214992662158429
B-L0,1,42,6c25dd980ae55d61fd3c42c5c5e6030ac2dddb2fcce89e3ba55d1ed3f42fab9e,505,1,1,0.04126950220770882,0.9435377388372822,0.015192758955009053
B-L0,1,42,2df6a5e9d91cfa9be614ad5f9caee8cc67f367e07626e56fc4f67efbfaceff1f,514,0,0,0.9192342376922524,0.08076355218527641,2.2101224711912627e-06
B-L0,1,42,efb4d196f4193d1291a1cfb89719e049b970e0bf437f8a7e200e7362d60ca360,522,0,0,0.6198301984698799,0.38007006087479095,9.974065532904391e-05
B-L0,1,42,c79ed7e1c220976e51dd4332360fd4507729186d68877b8df22893d4867d9530,526,1,1,0.0011645300782676476,0.6207673058874047,0.3780681640343277
B-L0,1,42,d1ad465a150c1a7e96ab02a505ebb64e6d4a4d6ed85a8269d159aae2333f6aab,538,1,1,0.04126950220770882,0.9435377388372822,0.015192758955009053
B-L0,1,42,bb9a219543e713c160a8c0a5217ff0448abee776e104949e51d702515e4d91d8,545,0,1,0.4382487950142702,0.5613930038899395,0.0003582010957902777
B-L0,1,42,e04e7d38a93aac3cae8930e1afcc919894b9a520fcb4dca988b331ff9b2900f1,550,1,1,0.005399524891752625,0.8615635183061519,0.13303695680209557
B-L0,1,42,7c393fcb8c6e7a0bd9c175f589c70e5aa04536220517e7b236f9e14bf21c6822,552,1,1,0.3278015070439065,0.6715034477128442,0.0006950452432492291
B-L0,1,42,acb36f95ba3fa4630d97646560eebd228e5df633a2b53197160afadbac82d3d7,555,1,1,0.0011645300782676476,0.6207673058874047,0.3780681640343277
B-L0,1,42,2f662e03b27bfb4526a71add2807e7200b7744865e734e627c558dbfcd716b5d,570,0,0,0.7228022779032728,0.27715288649029346,4.483560643371121e-05
B-L0,1,42,cbff20bc53e43cdc376274e957b0ffc5d0e44adc151c80bdf4bbcae92be525c1,579,0,1,0.18902641353067554,0.8089378042469716,0.002035782222352672
B-L0,1,42,27810cd10888196a27cced776fd1436adf51d1cae60009f0c7ef8058309b1000,583,0,0,0.8768026444664184,0.12319188678510076,5.468748480751939e-06
B-L0,1,42,11f088393304daadcce4ef6f7aeb11030a552f71b38036237f26bfcd5781383c,593,1,1,0.005399524891752625,0.8615635183061519,0.13303695680209557
B-L0,1,42,f1c806ba37d90be9bd2c5d433faae60be09e78bd25bdd026832fc63f5b765d18,595,2,2,5.105881389952905e-07,0.016228523130325242,0.9837709662815358
B-L0,1,42,e452e684933e73c5030cb56fab663ab3633a1033ce3f9525ca49c259cb1ed4b7,603,0,0,0.9995868614782364,0.0004131385009677356,2.0795943364772103e-11
B-L0,1,42,fecb7614f4f605bdc5a580d71a1b278aede770767de1712824a679c6ef5d62c5,606,2,2,3.922486354094929e-08,0.004165010401742044,0.9958349503733943
B-L0,1,42,b08cc7b11c2239e58759422b6bf5a2d08f13ee0ebbe8cc8c7d36f98a1fed1f20,608,1,1,0.2717208897263605,0.7271510406599605,0.0011280696136788104
B-L0,1,42,2ca5957ec014c711ba4a9356fa48dce7c2814b7c34ce6430ed68fa5e83b052e6,609,1,1,0.04126950220770882,0.9435377388372822,0.015192758955009053
B-L0,1,42,cbabb7d95eace71c3efce48e034e79054df0c1930a226772f3ea9a3f42eb2cad,612,1,1,0.0647722299940273,0.9260359752972074,0.009191794708765213
B-L0,1,42,0bc52b5e19aa1667f7fbc7756b07899f366c304e861f02d85e0aef1f64de3cbe,614,1,1,0.012160983143968598,0.9288489691691121,0.05899004768691936
B-L0,1,42,352f35ab026498342b42592c28f2e2be9498c17dfa667c80faea045076e8af7f,619,1,1,0.00736776804178789,0.8999189498871192,0.09271328207109296
B-L0,1,42,f73037bf5bb7948b4d6c45d2a9d27260dd1e3d46d4cda2bb4658f1b9abe5c35c,627,1,1,0.18902641353067554,0.8089378042469716,0.002035782222352672
B-L0,1,42,7ccf5e3af45d32c2b891424dd669788c94857f3adff5795a33e4b30a42f41db3,643,1,0,0.5551370542908732,0.44468803739819723,0.0001749083109294626
B-L0,1,42,1f87f903f6991bf3f713838f4ac2d9b2d167b93ad3fc82cd0bb8919543bca220,648,1,1,0.0647722299940273,0.9260359752972074,0.009191794708765213
B-L0,2,42,3d0d1c44ebc74d642e0c609d5dd4b5cfb467ae332a035c679b0c27cdd1ec168f,25,1,1,0.07127518225253582,0.9185885571581393,0.01013626058932514
B-L0,2,42,c346e57479e178e7b054371aa9a5f68b51e42c0e4a895346230cc32926dff8fe,27,1,1,0.04444299336316316,0.9399524105232511,0.015604596113585703
B-L0,2,42,3abda39dd64284c601a97a2fbab4b8034dd42e259e9b097ab0138698fe51f5fb,28,1,1,0.013607590432972074,0.9275640170315594,0.05882839253546847
B-L0,2,42,ff103515b8dd75894b97d53c0362207acd3e41b19365124568cce40e99ab29d0,36,1,1,0.0007328694379797624,0.5189308312302373,0.4803362993317829
B-L0,2,42,6c1ff6b4722162e99085258b374ec75e9c250758b590e5d0c7e5e90d433283f1,40,1,1,0.04444299336316316,0.9399524105232511,0.015604596113585703
B-L0,2,42,f9808139012c8b222496cdbc2c5823f5a200c1ca0c9a76838b16271cb6491b49,41,1,1,0.07127518225253582,0.9185885571581393,0.01013626058932514
B-L0,2,42,b65ef40f602471b10735bf76d635b6e867318fbd3b2d79eb292d182ebc52fee1,45,1,1,0.07127518225253582,0.9185885571581393,0.01013626058932514
B-L0,2,42,30dc43bca87dffff763ecab81971977dd0e0eb2ebbba3e56ea466f30648308d6,51,2,2,0.00016940322143933588,0.32303104773032754,0.676799549048233
B-L0,2,42,fffdee90b6ab369ed3b441fc0d5835dec1e0da61263172332ba409239a1b6065,79,1,1,0.027341597120410076,0.9489565166275624,0.023701886252027536
B-L0,2,42,c3aa2339fdff357a10a7d1d16826e1158de5efda7de8df9d86f076ca2646b95d,81,0,1,0.23004814403086232,0.7686364351246752,0.001315420844462394
B-L0,2,42,10de938d451cc9cfe6d0ead0b6a8f760560120b56b7ed89b2dc4f651e5451669,82,1,1,0.027341597120410076,0.9489565166275624,0.023701886252027536
B-L0,2,42,eb359b8ed9a4e0197c1d1ab325e0047ecbec907011dd47ad227dce8c761f9a7b,104,2,2,9.37022878945662e-06,0.06892126778412704,0.9310693619870836
B-L0,2,42,686e797782deb880befa085462a001874deb90f59e8bd4f579869b6b3cc30dda,111,1,1,0.04444299336316316,0.9399524105232511,0.015604596113585703
B-L0,2,42,f56c2b2dd4b088427127b4d3efd30492502e057dc35df92f37e390e9ff866182,113,2,2,3.268466919613074e-07,0.012715315048261077,0.987284358105047
B-L0,2,42,8df88942cba699e578f85da548ac43c04023d6e3124e0d909bedcf225ee6ce88,117,2,1,0.0007328694379797624,0.5189308312302373,0.4803362993317829
B-L0,2,42,10698694323dfb803f5936e348a7facb60fabbb04e356449705169347027f85d,125,0,1,0.3291273590464705,0.6701103861479759,0.0007622548055535926
B-L0,2,42,f58ebfd4557154ffbcb785a4e55bb6649accdb99c66e82c58ed1bee08f674e8e,128,2,1,0.0007328694379797624,0.5189308312302373,0.4803362993317829
B-L0,2,42,64d4f18b3b12675504880cd0dc7ecf25b60fc04bfdbec355bc38419bb2d7c415,135,1,1,0.0010903671813515183,0.6451122262622455,0.35379740655640296
B-L0,2,42,237d8870453dad85e4a690f5ef5b3a88e992a5aa74dfe4b4b5a16a1db596e4fe,140,1,1,0.23004814403086232,0.7686364351246752,0.001315420844462394
B-L0,2,42,6cb1a3bd78701f948722853f3ff484b4a62afa283c31e3d9ba8e2ab088574ba2,141,1,1,0.0020285859116490426,0.7313681396444889,0.2666032744438621
B-L0,2,42,ddbe9a19eeb2b15127963e53920ddb3080cf3605be4e5412f985652dc3282606,143,1,1,0.027341597120410076,0.9489565166275624,0.023701886252027536
B-L0,2,42,0baae3864d2aa3d4aa2751efdb33ff2ab5c818f532230e2e93483176c0226769,147,1,1,0.0014327707477851611,0.6182152302216903,0.3803519990305244
B-L0,2,42,ffecc433675dacb5aa9570aab766c7b1c9116acb4109af9e6863d3341000315a,149,1,1,0.11221967558423816,0.8813163647194358,0.0064639596963261235
B-L0,2,42,fa5daee0d7df009faf4c0e08a703bbc8db8c1ae32e4f684b7085649c9d548453,156,1,1,0.013607590432972074,0.9275640170315594,0.05882839253546847
B-L0,2,42,81c654f9d5f5591c63de46ec2f8de90d5778222531f6dc2ca93dfe9653b873c6,175,0,0,0.9092553311356004,0.09074188362663269,2.7852377667509964e-06
B-L0,2,42,0f1626989b6efba0ed821b04af2ce1ef2dd90be67fee5303e0aeb890e84e656a,179,0,0,0.7566090236325717,0.24336243962088197,2.8536746546287438e-05
B-L0,2,42,dc041fdcc3cbcfb79f4de07118d4868642025a233a983d551502cd5c96d20552,180,1,1,0.199589454207723,0.7981052826899154,0.0023052631023615772
B-L0,2,42,4bc56ddaf0f7e559d24c60f59a6cf7edbd7b915799dadce516c430ac85a7696b,188,2,1,0.0007328694379797624,0.5189308312302373,0.4803362993317829
B-L0,2,42,f388cc4e3fa7c3eb79bcc7b0c0c92fff99e4fb329900ed50bfeb4f870f49792e,189,1,1,0.07127518225253582,0.9185885571581393,0.01013626058932514
B-L0,2,42,e4513c3d95a31cb9b2e70ba9aac54b1937bbbfb1fce1e4e3eaf07f94259ecb86,192,1,1,0.23004814403086232,0.7686364351246752,0.001315420844462394
B-L0,2,42,ed46b4dc3fcd5fab1ada22a6d188180240af8e738c547e3f26fc65506b077a12,195,1,1,0.022579085715526873,0.9378840424359107,0.03953687184856232
B-L0,2,42,ac305df5cdc5f1b0801b93d200a6dfb28ed119ce4795422a08ad3057488758ce,197,1,1,0.0020285859116490426,0.7313681396444889,0.2666032744438621
B-L0,2,42,ac49935da3ee5b02cec9247a78be9b546c635c54aa6988081e4fe8709663d2f9,202,1,1,0.006392380860715029,0.855786707785826,0.13782091135345906
B-L0,2,42,ea5f3b7855c7c13d408bff3ff046c47d194d636ff9d1cd41a54051e642651080,207,1,1,0.08446601270510715,0.909587171295552,0.005946815999340875
B-L0,2,42,24fd68e79a2159278d68b9fa03c7a306d89444b373e4ed956a552290b7163fd5,208,1,1,0.008094825926492062,0.9055033191994153,0.08640185487409266
B-L0,2,42,1c5812f23059c8affe3af759b6ead8c2c38b856307cb70a58a6806f14bcd7133,209,2,2,0.0002145786912393114,0.2984074666959938,0.7013779546127669
B-L0,2,42,6ab8e0705e7b40a64b138c0755ac0e4974492c819c3a3104cb9fdf9bb5c5833e,210,1,1,0.003650607347280287,0.8020249646454112,0.1943244280073085
B-L0,2,42,a5e5532a8001b1d35b8d647ec7c6de5bd09b0cc81ab543a66c4b92d00869a830,212,2,2,0.0002145786912393114,0.2984074666959938,0.7013779546127669
B-L0,2,42,4cd62e95948bd1b704bbcb35b4c07c1ce891fe8d8603fa8d7d55722149152d09,215,1,1,0.022579085715526873,0.9378840424359107,0.03953687184856232
B-L0,2,42,41c314fd5e526b07168ea8735e420c8fd4da4cb146f0cb7b53a0b2e383de5f71,216,2,2,0.0002145786912393114,0.2984074666959938,0.7013779546127669
B-L0,2,42,c52893a6a9c59524615c570b972166e20fb5dc1939f7f8a0a444a854ad8b5954,217,1,1,0.003650607347280287,0.8020249646454112,0.1943244280073085
B-L0,2,42,ef6d74ead7c9dae1edd8b999fa30b355c27c4fa0917c2b6342686959821c01fa,226,1,1,0.003650607347280287,0.8020249646454112,0.1943244280073085
B-L0,2,42,a2010d08bf5544fb2f61ba56db0cc9b5b6d58a43b3e7a8155eae755a2ab63922,230,1,1,0.15391325708778922,0.8439138825672926,0.0021728603449180485
B-L0,2,42,ea6ce91f0cda3fa98f7b745b9580fd6b0403056870eb76c5fcf66334679dd7ee,234,1,1,0.08446601270510715,0.909587171295552,0.005946815999340875
B-L0,2,42,c6d8fdfaebcc9424104991f6e1b2ae52cfc74b01f006f573c65d6403e27860c4,235,1,1,0.013607590432972074,0.9275640170315594,0.05882839253546847
B-L0,2,42,81b41de2fc119a6be204b22f6f400b640dae3281ad7449e09c510a3179f3e514,237,1,1,0.23004814403086232,0.7686364351246752,0.001315420844462394
B-L0,2,42,8ef03a12bf26544326b83a924d78b17a626323183f000e61b0e1269d5151d713,239,0,0,0.6127808961688274,0.3871038421681592,0.0001152616630134023
B-L0,2,42,e65cba4765702c555356fe2b6fc3183b7079396880ffa82b6303a59358a1b860,240,2,2,1.626535038716688e-07,0.007572980110400327,0.9924268572360958
B-L0,2,42,aef48ae8e8f8321f0e29c116e8187c697962ab80108f224eef0febe59017821b,256,0,0,0.7220089013744331,0.2779360923277134,5.500629785360932e-05
B-L0,2,42,4e704048021bafbeb44effb9e508d4cef59a712f89bd368f81f564485127cc02,270,2,2,0.0002145786912393114,0.2984074666959938,0.7013779546127669
B-L0,2,42,6e7973c8c4ee77c326ae4010b1418b788a5630854185affb484685e8d73a7084,272,2,1,0.0014327707477851611,0.6182152302216903,0.3803519990305244
B-L0,2,42,111d930258015ff415cf618a5446916b948c63467161ea1a20e0915119b50244,275,1,1,0.05306255136536643,0.9377138491706313,0.009223599464002297
B-L0,2,42,b66a61f7e4e30927c1735a3306a7e4fd6cf9b017aa1b11eacd63c9f666c7ac77,277,1,1,0.08446601270510715,0.909587171295552,0.005946815999340875
B-L0,2,42,3366e3e79bb817fbb8c139710399b5e5e682684683af108e41f6f8f47bb2ead8,278,1,1,0.05983912147739708,0.9229714450949441,0.017189433427658708
B-L0,2,42,ef27b562eab370d5506b6031d90875e2bf94890dc4f57239be5af639fc2bb2d3,281,1,1,0.022579085715526873,0.9378840424359107,0.03953687184856232
B-L0,2,42,54a5824b809802628fc226bf21773286f73e6051e62d9cec2df3e81d93197bde,285,1,1,0.0020285859116490426,0.7313681396444889,0.2666032744438621
B-L0,2,42,0bb5ed634b92cd4e23359fa5c9f0f46eb531bfa0976bdd29a00e52fbed97e135,286,1,1,0.013607590432972074,0.9275640170315594,0.05882839253546847
B-L0,2,42,7ccb05337d74117430e9fdf9897cd7110c354bd737a7229f86fe605f50969092,288,1,1,0.013607590432972074,0.9275640170315594,0.05882839253546847
B-L0,2,42,d989513ebc9b816b08d15039e20aff3eeac96a4c9cd17e51afaa8a05ead60f2f,295,1,1,0.010951408535298152,0.8934145177882102,0.09563407367649156
B-L0,2,42,29fe4b61c9b555bb9cc208302b5dc991e41580d993fe5cf0832053f62f80be27,296,2,2,9.37022878945662e-06,0.06892126778412704,0.9310693619870836
B-L0,2,42,a347405d861f7182f5157435b676ea5452b581ebf8b34c65c740ee6696256750,298,1,1,0.07127518225253582,0.9185885571581393,0.01013626058932514
B-L0,2,42,ba77ac0a50dbbe13d7bd6839ae32c5eb1febed467656cd2322a11c5b3f747b65,302,1,1,0.07127518225253582,0.9185885571581393,0.01013626058932514
B-L0,2,42,8bbb88b5de9002160126d07b53f3cd2825868930b27f08e4ff4760a9c179699f,305,0,0,0.6127808961688274,0.3871038421681592,0.0001152616630134023
B-L0,2,42,b1ee4d7e89869caeb050bf6a44961b049d9934b92e5ee40bc7e869b645348de0,307,1,1,0.04444299336316316,0.9399524105232511,0.015604596113585703
B-L0,2,42,e03a5d8fb20a6ea99425f7eb791e67ae67db33777225bd74107066b76cbd37ab,317,1,1,0.013607590432972074,0.9275640170315594,0.05882839253546847
B-L0,2,42,727f74ba1c3c4c66b1f6b4556991e45b07a8df2d9d01846546f6627456d8494f,318,1,1,0.09967335240796184,0.896852528911344,0.0034741186806940155
B-L0,2,42,d3a134515041870d4095cf6ae0a7325769f957b530f530c1edbabeaa7c0c7273,320,1,1,0.004741066478129769,0.8703189637380644,0.12493996978380585
B-L0,2,42,980f2c93c9c03ec6203a0bdaeef81159a3cfe8ed1f28387385d9f45010302142,333,1,1,0.003650607347280287,0.8020249646454112,0.1943244280073085
B-L0,2,42,a66c4452b850b95377077697aac825a263e323984b1e8a1b5c25b1f3bbf86b4a,334,2,2,0.0002145786912393114,0.2984074666959938,0.7013779546127669
B-L0,2,42,9f3c666f41f67c4d1304118a8d2927642bae1db9e3d7be9fec6431a472638621,339,2,2,0.0002145786912393114,0.2984074666959938,0.7013779546127669
B-L0,2,42,276a41fcaefc7b0f5b533b227d35bd303c63f762bbf766628024ce36f9313bf9,348,2,2,9.37022878945662e-06,0.06892126778412704,0.9310693619870836
B-L0,2,42,b5271dc00037ef4441d0e9b55a7b122c6981acc750495290fdf2d1171ec45e4a,355,1,1,0.022579085715526873,0.9378840424359107,0.03953687184856232
B-L0,2,42,e77bd94004a0442aa632c906e2f4e997e00b478cf23900001f6d06ec63cb3ef3,360,1,1,0.022579085715526873,0.9378840424359107,0.03953687184856232
B-L0,2,42,584086a779fa152c0679d9786c1e33c602944084d5cf48f6c0e7dbbac810bd87,363,1,1,0.022579085715526873,0.9378840424359107,0.03953687184856232
B-L0,2,42,1467b04a49c306baf2f2d7d4fd94a9e1d2b0b5a630fc1defcbc2ec8916da6c13,368,1,1,0.4461047862993858,0.5534767447217221,0.0004184689788919702
B-L0,2,42,aa253d0c7343d07a4854487d2aea858f473eee151b96c2ce40bedb2ee8437306,388,1,1,0.07127518225253582,0.9185885571581393,0.01013626058932514
B-L0,2,42,a7a9ca7a19cbb70fe7a0ce5094b6f1add89f5b24cedf3415b2882b501c43ca03,389,1,1,0.23004814403086232,0.7686364351246752,0.001315420844462394
B-L0,2,42,4e2eb26c0fe972eab4b5b004faa49b46156fd4ee3808d325d7e5594a79414a9c,398,1,1,0.022579085715526873,0.9378840424359107,0.03953687184856232
B-L0,2,42,eab697c8c1d27212af84b30e24e32008b1ecbc67472a7ff95ba552ee19c0db40,406,1,1,0.018433450877185217,0.9163677612740703,0.0651987878487446
B-L0,2,42,b76ae4c5df31d41a628c2eac6d63a7191c5c814c94f0f8c36f40d812e2089f6b,412,2,2,1.1539446282688894e-05,0.0618996972324134,0.9380887633213039
B-L0,2,42,8a75076ea3879d0bf0dd017d05b4a245801a302e7b000b0a7b9c1cdb94ca975d,413,1,1,0.199589454207723,0.7981052826899154,0.0023052631023615772
B-L0,2,42,5fff96165ae228d0b6c109dedffa29fbbe1bb5419a4e17d1eb6b6f7371638adb,416,2,2,4.0005256101725317e-07,0.011350123283635046,0.9886494766638039
B-L0,2,42,cabc765a96e5371085f2124e0c49137c3ea6aa1d74da1cc02c830ee82ebc9b48,419,1,1,0.2547323962139816,0.742860503343567,0.00240710044245133
B-L0,2,42,3b6be63e42bced9624f2695926dd4352285f8007d59bd5bb1dd51c40b37024a1,423,1,1,0.07127518225253582,0.9185885571581393,0.01013626058932514
B-L0,2,42,f4485fff06cc355178561099fde1bff774f6df6adb1ce135820fe0e07515311a,434,1,1,0.23004814403086232,0.7686364351246752,0.001315420844462394
B-L0,2,42,e92916be0b17ba8bf1e2d3ce1809285cc94721729d1978c457f4db8c4f4101b8,436,0,0,0.8933005029885454,0.10669396973838888,5.527273065802632e-06
B-L0,2,42,44b0ff3b5337d07bc238578620590bdec6e1c913e99c9aedd40c7306c5136dba,437,1,1,0.027341597120410076,0.9489565166275624,0.023701886252027536
B-L0,2,42,170bd7b79b3f5e28736c07ca59bd1f2f2b5d4f0778d08d0d065dd684c879d5d7,438,1,1,0.07127518225253582,0.9185885571581393,0.01013626058932514
B-L0,2,42,e0bd5edf2a653605820916a1a17d66d2397b9ad0dd84f37cbd3fd3810e309037,446,1,1,0.04444299336316316,0.9399524105232511,0.015604596113585703
B-L0,2,42,4dab921dc624739a417660847b4c0024fe177b771218333bf14e0d0d4e20aa91,448,2,2,9.37022878945662e-06,0.06892126778412704,0.9310693619870836
B-L0,2,42,85718d8d0d6c99912cd3eac82bdbbb72cee0878bc1891742d1d9ad494dbb5c0a,450,2,2,9.658871154858559e-05,0.22042930714514547,0.7794741041433059
B-L0,2,42,13495fa8b8dd9679b0eab26be9488564259999759eb940cad44c16c962ae81f7,453,0,1,0.37004520587139533,0.6295305126777756,0.0004242814508290027
B-L0,2,42,0dbe677afded6fdb64050e827a3a7e21d49e0ab3138a60a2e288dd171af53944,458,1,1,0.0328629172803102,0.9530335399243172,0.014103542795372577
B-L0,2,42,30208d526f61c08aa4e9adad5f98e9a48303a9b9357da44a27292465dbc46bf3,462,1,1,0.0014327707477851611,0.6182152302216903,0.3803519990305244
B-L0,2,42,ecaccecb377bfe6bfdaa2574f6cdc96491a0894b2480612d0376098a403592e1,476,0,1,0.37004520587139533,0.6295305126777756,0.0004242814508290027
B-L0,2,42,c32bf43dea1035a78327d54bf13e6655b755788b7cb2b89bbd177edfc1270a1e,485,1,1,0.08446601270510715,0.909587171295552,0.005946815999340875
B-L0,2,42,aeac0b830c55c2d51b6a33e30e0be051cd140df152dd398a2eddab2a28bf9b35,489,1,1,0.4461047862993858,0.5534767447217221,0.0004184689788919702
B-L0,2,42,f1f7629e3f53f2d8e749f46a993a6e72aa316c1d9c1f8b1c67c6dd1a677d2932,490,1,1,0.11221967558423816,0.8813163647194358,0.0064639596963261235
B-L0,2,42,5db554cde5ce7bc9cf816db20cff72939c5d380706d527f487672a618aca59be,492,1,1,0.29058094739470963,0.7080596745827122,0.0013593780225781508
B-L0,2,42,64093b9f13e7c9c5796331cf22a51a3878853dd9a68ddd7e2bd97746e9a148f9,496,1,1,0.0007328694379797624,0.5189308312302373,0.4803362993317829
B-L0,2,42,e01c7f73d3b9c5e56e27a66af611a14995b4b65854a282507dbf90ced9dc54ac,499,2,2,3.885059113261609e-06,0.046894354571723265,0.9531017603691635
B-L0,2,42,f865f3eb3350200dfbeb524ebdd2d755fefe3d4d2a2093ca5e4c3d388c760e50,504,1,1,0.006392380860715029,0.855786707785826,0.13782091135345906
B-L0,2,42,b4ddfccd8e4d07b77338aafe76e7c9ca43343a328bbb848444a3ecb6133dc14d,507,1,1,0.04444299336316316,0.9399524105232511,0.015604596113585703
B-L0,2,42,857b369ecd76d80997f03f4eb841148b4a57ca5b325132205a6ff964ff20122c,508,0,1,0.23004814403086232,0.7686364351246752,0.001315420844462394
B-L0,2,42,74137ae4e7726b7bd996489326eb22a2b8918ea0504267c8fb1fbab7f5ae7b42,509,2,2,1.9608355198541782e-06,0.028325948328555315,0.9716720908359248
B-L0,2,42,862548383e807e3e1f19b50f24a8569b6ffb9dec43bdb049f653d08bc3af9d3a,510,2,2,4.772956697060342e-06,0.042015633712159405,0.9579795933311435
B-L0,2,42,50a1482d80d92dbb826319e4766efc53b1bdf8ad4e84880dca534a5dda4f5043,511,1,1,0.15391325708778922,0.8439138825672926,0.0021728603449180485
B-L0,2,42,96fe6b8a15df2ad16bdc1b1426c5388a37e247e2707b5f5e0efc650981a54522,517,2,1,0.0007328694379797624,0.5189308312302373,0.4803362993317829
B-L0,2,42,ec4ebe569d3745dd4c8b9698518c7aa342acae412e99da6fde3e888b7d603a83,519,0,0,0.7566090236325717,0.24336243962088197,2.8536746546287438e-05
B-L0,2,42,59e566c9593c67991a9806b91f08f73822a0101cbf3d442380b33413985e2c61,528,0,1,0.3291273590464705,0.6701103861479759,0.0007622548055535926
B-L0,2,42,ff5ec594276eaf7458f2130bcf3e75b5d349c038b2b084453d15878aca86b077,535,1,1,0.11221967558423816,0.8813163647194358,0.0064639596963261235
B-L0,2,42,26b4822fa63df3b3e9c29f678473792ea52b5b587e2cab81296a5a914d19b8b3,544,1,1,0.027341597120410076,0.9489565166275624,0.023701886252027536
B-L0,2,42,f4d53f6572ae8b078ab81ba0147ca9577c4911fee5434fc10bcd3664f586de6f,559,1,1,0.013607590432972074,0.9275640170315594,0.05882839253546847
B-L0,2,42,1e575562ac1159a8405c09757fa2ecb84640a371604a760ff9c484986079044d,564,1,1,0.15391325708778922,0.8439138825672926,0.0021728603449180485
B-L0,2,42,6fd9a47fad5e93b780be9618fa002099728d3eff67212f1dfd621d4fe09e5eca,567,0,0,0.9996066763094204,0.00039332367735456263,1.3225004655901361e-11
B-L0,2,42,c196a7c8ed3ca9e717d3bd3e95cdfe28d93e5d9cf747d077bb16d08a20a5e14a,568,0,1,0.3595968515291301,0.6390268389546435,0.0013763095162262853
B-L0,2,42,882cedeb9fc2ec46872ae63c3be3b86e9760a8947f6a1cb1a2e0b94eaefa5a4b,571,0,1,0.4461047862993858,0.5534767447217221,0.0004184689788919702
B-L0,2,42,83113f35b1ed6dcd55e689ac8670be1b8e9643d34559e493146083d8e5945dce,573,1,0,0.5693411380913778,0.4304425456554171,0.00021631625320509316
B-L0,2,42,7be80fb1e0b72f3463c8bb1765680e76d75477d56995fa3950c138b538110adc,575,1,1,0.07127518225253582,0.9185885571581393,0.01013626058932514
B-L0,2,42,55dda6439343432382a3c5fcfd38503ba528580be87b0d35cdba66b9c9b827d2,576,1,1,0.199589454207723,0.7981052826899154,0.0023052631023615772
B-L0,2,42,d083e107e8f39557b9da7bae2f268fd65ec49b913d65d226417086af94f9511c,581,0,0,0.8099748137615003,0.19000019247941466,2.4993759085028995e-05
B-L0,2,42,6dcbeeb20de7ab3fb6be30cae5c029490f226a6c6e9839f8bb4882119aa94265,584,1,1,0.07127518225253582,0.9185885571581393,0.01013626058932514
B-L0,2,42,4d13f0a81cacab75a84d737ab08cf1b5159479efc79f18190e8eff251f50d3a5,590,0,0,0.7220089013744331,0.2779360923277134,5.500629785360932e-05
B-L0,2,42,62984b6078e75a305726c858e36e398e1c744cb748f515a9cfe0fc9d54a69c63,599,1,1,0.006392380860715029,0.855786707785826,0.13782091135345906
B-L0,2,42,864a47eb9df8de430cc753dc49cfb0c61bbddcd7e39861184b1c6ac25ac9961b,618,2,2,4.2246698326345184e-05,0.15821789617809942,0.8417398571235742
B-L0,2,42,f21c6f9076039176e5eb15df163162d58f098a9ae11653ad81acafabb9c36e7c,625,1,1,0.13174170866043014,0.864501509290987,0.0037567820485828406
B-L0,2,42,0b62dbcc4ebac3c7caeb54877d5a7729939755248ef62d510998e9e0fbed957f,632,0,0,0.7220089013744331,0.2779360923277134,5.500629785360932e-05
B-L0,2,42,52a96206cbacbf10f2bc11340bd5210d489f276f3d08ac28be80c19d2cf1da08,633,1,1,0.0014327707477851611,0.6182152302216903,0.3803519990305244
B-L0,2,42,29fce523320e3983ff6849f6c475a158aa2fe75ebd2e9c644855bcd863b27cc7,637,0,0,0.8361077992753394,0.16387942794511634,1.2772779544147423e-05
B-L0,2,42,4ec623fdc95e46d2eebb4a617716702a53c1664c18b6850a31a71541fbaf8d81,641,2,2,1.1539446282688894e-05,0.0618996972324134,0.9380887633213039
B-L0,3,42,9da00394a8e5d8f9ea66036a6a89912efa355fd9ba96bfa4c528435b8bef9db1,0,1,0,0.9863207930756578,0.01367906549230337,1.4143203878155272e-07
B-L0,3,42,2032c66fadcb9fb24653402444d869a8a23e06dd7c522221ee5e19db135147dd,1,1,1,0.13776245650512042,0.8599749194656027,0.0022626240292766987
B-L0,3,42,8726e7c2817fb8c8315b2db10843e3074a260645fbf1fccfd23450a6dfadb425,9,1,1,0.010864785035586366,0.9481529496745612,0.040982265289852396
B-L0,3,42,14caadb35d5c89647b912b53c06bdcea5896a8299a9358c8bd67f727a3feec4c,14,2,1,0.00044391665851897496,0.5010851858755665,0.4984708974659145
B-L0,3,42,0817d574402933c00d82a89b1851b0d40647a8234618ab6b293d902531e9fea3,15,2,2,1.718225289688287e-07,0.009022346767699497,0.9909774814097716
B-L0,3,42,3679ea32f8b94b8ce3d1242fef2d6073a0bdb60fe26b258e51162049223ac77d,44,1,1,0.07480905256709316,0.920708229232493,0.004482718200413876
B-L0,3,42,1a9c93c0298921e6e0f103921ca7dba43c8472b77c47cdfe345bc83365ea4636,52,0,1,0.2127066795770874,0.7867233971346898,0.0005699232882228247
B-L0,3,42,08f641e003d30bb34ea70c8a98e54462e23555149b596c1f323b1ca3443795eb,53,1,1,0.005352799559959476,0.9209821364388961,0.07366506400114442
B-L0,3,42,825309a30632ca1e2936b124a778f11cb92b02606b370f89d13bef151f047eef,55,1,1,0.0056170306934694636,0.8941852990755399,0.10019767023099077
B-L0,3,42,7b13c3dcfc57858b28512dd82b80f9bbc5a38d53ab17609e29661191744e409e,59,2,2,1.2708153299707986e-05,0.1017142867172248,0.8982730051294756
B-L0,3,42,cb2b4d4111dfd94cb699ad65f248b0bfb4f2ebfda4969f24c0672a4eea784aea,61,2,1,0.12887306996477546,0.8694939779042827,0.0016329521309418646
B-L0,3,42,2d4a4db57d75d8a7e2d6e56965c925963d33c569c1e24c31a63fb124021beebc,64,1,1,0.005352799559959476,0.9209821364388961,0.07366506400114442
B-L0,3,42,410500105c3281445a1b6e50757dc923dff389861aa9993c0b740a1545b5b228,68,1,1,0.06969494817727341,0.9270831051637755,0.0032219466589510897
B-L0,3,42,43ef9061e180219186ef1d51bc3c069a634f7f7a0078c5e6a8e339fe1bf5c10d,72,1,1,0.010180114512902865,0.9601949612504812,0.029624924236615842
B-L0,3,42,81b09fc0aa959d8efcc70c33f155000a7f01a30bf542cb50cd16d5ceb5203c4f,80,1,1,0.03924084406989838,0.9521802601592804,0.008578895770821283
B-L0,3,42,b64a99906f7914e194b7e5bda1235e3fffa359bf7c1667dd42b4268f16478434,86,1,1,0.010180114512902865,0.9601949612504812,0.029624924236615842
B-L0,3,42,d1873f2c273d9fff1d54fa797703976f13a01d3298453e10d99cb401551d4999,89,1,1,0.3476189174742523,0.6521257930502549,0.0002552894754927407
B-L0,3,42,7e9752299515d5ecf7f759b6eae0d65703a71dea906d252e95aab67537ddb71f,90,1,1,0.13776245650512042,0.8599749194656027,0.0022626240292766987
B-L0,3,42,68ce95a11652b3b237dabe6ae00998c9c7adce1ee390c47fadd3e8540130de0f,109,1,2,4.267182203413644e-05,0.17323184739551098,0.8267254807824549
B-L0,3,42,3797dbb2b0b7a08e83dbec5409c694efa671c4e46af761858844278f1dc385d8,110,1,1,0.0011346834842607793,0.6496387039021595,0.3492266126135796
B-L0,3,42,704d8396ce08b551fa6dd721337adce6afb2503715135f734bd2c0722ce528d3,115,1,2,5.171821140851366e-05,0.22692353678798804,0.7730247450006035
B-L0,3,42,4d25798cefc2cf5ce3c29ebf0b9e4c0d84956f1a8898de972610ee57b6a7fb5f,129,1,1,0.005352799559959476,0.9209821364388961,0.07366506400114442
B-L0,3,42,bbb97d718a1a11e509b00ac170dc512ff9b9930eacf75f5a3077880ff90bf810,136,1,1,0.3476189174742523,0.6521257930502549,0.0002552894754927407
B-L0,3,42,787dcb7a1c4cc9f4983f462ddd01863d71220d14a298073a5886f7917ceec867,138,1,1,0.020145890775649933,0.963785240860681,0.016068868363669254
B-L0,3,42,b064cb059d374948ef0370a2437f8d0bafe1e9678a1b38f837c6a6db9db4d582,142,1,1,0.03924084406989838,0.9521802601592804,0.008578895770821283
B-L0,3,42,9a26ca17f1a2a542cec0453d178767a86c59652d63ff72ddaa48810be13d1ab6,153,1,1,0.0026319965401994006,0.8260740994322208,0.17129390402757963
B-L0,3,42,d1b268ba32d56d8ff3504e94ee5370f3a76ce18e0a3b0db5c875395b0e922da0,159,1,1,0.005352799559959476,0.9209821364388961,0.07366506400114442
B-L0,3,42,440e70046c7ab779d69b3cf5f483b0504098b58f20b98da0f4b90dcca58b7a1c,161,0,1,0.3476189174742523,0.6521257930502549,0.0002552894754927407
B-L0,3,42,1336c5029330743b5ea83d83fdfc07fcd73276158b755bc1202b4a90ade5cb08,162,1,1,0.020145890775649933,0.963785240860681,0.016068868363669254
B-L0,3,42,d51923504c8a939ba8dfbe8c09d12c0f24fc1b5f9fceff2ea5d3f498b3105dad,170,1,1,0.06969494817727341,0.9270831051637755,0.0032219466589510897
B-L0,3,42,c346449759a08de6df8ad7f0936940e980e88f11837c514a02a4fd03f71ed459,174,0,0,0.6571773175295091,0.3427947100336279,2.797243686291397e-05
B-L0,3,42,4b9f8e0c8ab34af43ef7096eb4e85d311551b210d679e5d673daa44a258e8a42,186,1,1,0.12045439547148992,0.8783680969939173,0.0011775075345929937
B-L0,3,42,801eb4d09dd43b2b678c81a91d82521163c504324fee02de3778a3ecd1a926bc,194,1,1,0.06969494817727341,0.9270831051637755,0.0032219466589510897
B-L0,3,42,0c37fd58a9827290e55b34630825b0d6244c49d5ad38b4cb692ee5fba935d2c9,203,1,1,0.3476189174742523,0.6521257930502549,0.0002552894754927407
B-L0,3,42,50fcac22a7e0a3f9e29c98914641686f7b4d5b483729f33dfc0943ebc770409d,206,1,1,0.07480905256709316,0.920708229232493,0.004482718200413876
B-L0,3,42,1223db6fa4c73ddcfb1d3c6d1d32d7a9a694a0c67b0b8896d2e2c5252ea458b7,222,1,1,0.0056170306934694636,0.8941852990755399,0.10019767023099077
B-L0,3,42,1cd7edbfe2f40c5d7c9a6230c2530a19e1c33c1d7a4b9c2fc76e71f4a4ef2955,229,2,2,3.463848405563544e-05,0.13010558201220485,0.8698597795037395
B-L0,3,42,51cce7d0485df80b75d03dee842b5fbb970f5348df67160d0e30730f577a193f,231,1,1,0.12887306996477546,0.8694939779042827,0.0016329521309418646
B-L0,3,42,982f60fd457eb6d3d3ea718cf44d5cb26c9847a13bc9211cf942c0276094cbea,236,1,1,0.0026319965401994006,0.8260740994322208,0.17129390402757963
B-L0,3,42,73d4dfe9d634e737477bbc0e789414071caddfba0329a03b55a67d4565f16b31,238,2,2,1.0098188700592248e-05,0.07478138387309799,0.9252085179382014
B-L0,3,42,17fce900c57b5d8978b6a7f3fc2fb54520a09094e94167b76cbe441400f5ad10,247,1,1,0.0026319965401994006,0.8260740994322208,0.17129390402757963
B-L0,3,42,38085f4b22cba5fc2e5c7334dc43fd4faa9f1be9584e87c3a89ac73aa37f3ff6,248,0,1,0.3476189174742523,0.6521257930502549,0.0002552894754927407
B-L0,3,42,f37129146fe1cc102260df1bb5035364d6977e2290c3f3c022105e91ae0cad55,250,2,2,2.8663577162220032e-06,0.04184979813381289,0.9581473355084709
B-L0,3,42,c85e618c2cb4110b794d0c0953af57fe74dd832c9089b476240a78f6178bf1cf,252,1,1,0.001166535230503666,0.7218459331189178,0.27698753165057854
B-L0,3,42,6a3c09e4947d005706a207b8c760dd1e4a01a013d7fdf234bb6e2abbe62ed0f8,263,0,0,0.7776305732154175,0.2223624276384742,6.9991461082060336e-06
B-L0,3,42,55f09cfab4e7759b9196088c60e80fdf399fa12b760c9cf22aaeb33589b1808c,265,2,2,0.00015814599971189895,0.3519502634448722,0.6478915905554159
B-L0,3,42,b7661cb5dd52c9c0fe4365fcc6bff1f997b8753cdce2392381357136c4a5bf43,269,2,1,0.00044391665851897496,0.5010851858755665,0.4984708974659145
B-L0,3,42,be89c47ea7807e1e8f1728f4281bf7f92ce922539e0b3cd0848dc5a258702b8d,282,0,0,0.7907761094882321,0.20921466489287682,9.225618891143375e-06
B-L0,3,42,8b6cbbd882704231c2da058f30493957fe5f146ad538f186251118a7c93fe195,283,1,1,0.13776245650512042,0.8599749194656027,0.0022626240292766987
B-L0,3,42,1c7add97688eeaddc1858c389db4aac1d7c75a52d05d5f15c0d081a7b938abaf,287,1,1,0.22595994538022407,0.7732552944118125,0.0007847602079634155
B-L0,3,42,50a40749308fda874b7765a8a2b85ca93645b0200e63e9851129ab8fd6f41ff9,292,1,1,0.021599564641983853,0.956069132945928,0.022331302412088132
B-L0,3,42,0910a774d27e3fe150f1c12d186032f527421ab5d7c35f74ac4f758094dd228d,301,1,1,0.12887306996477546,0.8694939779042827,0.0016329521309418646
B-L0,3,42,4bea7852e6349795c7bb47b3b196b923e2ba8e7aeea9001ce30608cc02c0e4f6,303,1,1,0.0011723525135459813,0.7840691571481567,0.21475849033829728
B-L0,3,42,fe7000c6192011cc4cb3fab698a7821cc7044fec6fed4d6c825162ba8e131368,304,1,1,0.021599564641983853,0.956069132945928,0.022331302412088132
B-L0,3,42,de68a6ddb137408d6f047da8b80a1ebeb03cceea79fe2bc107056a11068abdc3,306,2,2,1.0098188700592248e-05,0.07478138387309799,0.9252085179382014
B-L0,3,42,ee99b4a3c8e4b8ac8172a040ad3be7a04dea423a9ae0409a95df0fafc91a313a,308,1,1,0.07480905256709316,0.920708229232493,0.004482718200413876
B-L0,3,42,5e503b8ae7945a0c7a8bcd67542d51082ffc17c2404a5253304711f79919407f,313,1,1,0.0026319965401994006,0.8260740994322208,0.17129390402757963
B-L0,3,42,a538822eabdf193b2b19f78ccf63644aa5c71ce346c2909e83ad04440964ae88,315,2,1,0.00044391665851897496,0.5010851858755665,0.4984708974659145
B-L0,3,42,0796be2517f6d256579d64e3fd271287a0a015eb77e018c048e59d0f28eee45f,322,1,1,0.4929602627564226,0.5069631836792092,7.655356436821537e-05
B-L0,3,42,1bfda6b9b2ec251369d6f57db5fce38fb12dcd38ecc1650133ffde8588ea9de5,323,1,1,0.12887306996477546,0.8694939779042827,0.0016329521309418646
B-L0,3,42,dd16b30b04ffe107ef12c7c07478ee8a6f1cb06de15b60261e80e1c3592fa365,324,1,1,0.12887306996477546,0.8694939779042827,0.0016329521309418646
B-L0,3,42,4998ff2bd307bda1d85ee16567c661c9862e55779e725e724189456e0c51af70,325,1,1,0.03924084406989838,0.9521802601592804,0.008578895770821283
B-L0,3,42,39eaa33a8d48061b0348f9e4a83e301a0a7459e5eb653e83810f30644bbc17f7,327,2,2,1.718225289688287e-07,0.009022346767699497,0.9909774814097716
B-L0,3,42,5caa9ac380bb06f4d084ea82b0b0e36346f917605e5ce0b8bbbdf5ced25c6cd0,329,1,1,0.010864785035586366,0.9481529496745612,0.040982265289852396
B-L0,3,42,fb6e8a79c7509d2ea0d634b54f8c3c61a61c856f58b1e43907d91134de9c8f10,331,1,1,0.010864785035586366,0.9481529496745612,0.040982265289852396
B-L0,3,42,a46a03d1ee4daec20e9a849ba628defbbc5ebb1042f9cc44f825a9072c526ebd,337,2,2,3.653572841931746e-08,0.0034996180227903247,0.9965003454414813
B-L0,3,42,4612e860034a77d8b2a28c5a307edd4c230ea2cc203c599c4d524164ca1c201c,340,2,2,0.00013567923783864894,0.27937464078193264,0.7204896799802287
B-L0,3,42,562297c9b2262e5b9178439eac76300b6d0baa5c81dc6ab9a3e04f13b44d1edd,347,0,0,0.8733332827413991,0.12666456276118757,2.154497413364134e-06
B-L0,3,42,2aa6a5792ef7467f71fc55b9fcc6f5c9d6ba25f470083dd8e9a787e579bfd401,358,2,1,0.010864785035586366,0.9481529496745612,0.040982265289852396
B-L0,3,42,2b1079c154b15202bdeb4e37d3bb3fda5cde0b6dc62e5246d0face06819abf5a,371,1,1,0.12887306996477546,0.8694939779042827,0.0016329521309418646
B-L0,3,42,4b1c806a421b02743346fc062782ec9b603b1cfc919177966cf33f0baffd2193,374,2,2,3.653572841931746e-08,0.0034996180227903247,0.9965003454414813
B-L0,3,42,ed9c1db619a6e03138850df9100b0c87a96915bff8f177717879e0b0d0763e16,377,1,1,0.0011346834842607793,0.6496387039021595,0.3492266126135796
B-L0,3,42,421629aaa541cfa65f08170d2ded95bfcfb72deb6371ca7bd8cff9686b07ca24,381,2,2,0.00015814599971189895,0.3519502634448722,0.6478915905554159
B-L0,3,42,28b053e3389d9080286d65e0a159dfd0e84b54ab6f9d29efe76029c4e441d313,394,2,1,0.00044391665851897496,0.5010851858755665,0.4984708974659145
B-L0,3,42,93b21413c755833e1950d07af850214cfb9b5519b7b21162d63f4c9ee904ca1e,399,2,2,3.463848405563544e-05,0.13010558201220485,0.8698597795037395
B-L0,3,42,76d06487c4ffc806c0124b367816f652dd15cd43c60141189fb67369207e51fd,402,1,1,0.021599564641983853,0.956069132945928,0.022331302412088132
B-L0,3,42,284ec319e69a06d51dc7138b1cd703bdec233bd9862e76e788a66d58b5c93074,403,2,1,0.0010756652957248437,0.5698031133736433,0.4291212213306319
B-L0,3,42,f31671785b3e105c3461c6f468a73e51b08fb09a2755ffa8ebfec2ee89fdccbc,405,1,1,0.07480905256709316,0.920708229232493,0.004482718200413876
B-L0,3,42,5fad3e448c5e1d74ad40706ea43e831ca8eb7c7de5f8b18a8d11e3658f13675e,411,2,1,0.0010756652957248437,0.5698031133736433,0.4291212213306319
B-L0,3,42,abcb65e9f203ebce43dfcc290e3881ec3fadd75e0780873abb34e688cf2bde55,415,1,1,0.22595994538022407,0.7732552944118125,0.0007847602079634155
B-L0,3,42,ecc8758acbe3ff3c1237190f0844b57b0865bb46d0c940c7ca341391b4a24f77,417,2,2,7.961042339837593e-06,0.0545469475660941,0.9454450913915661
B-L0,3,42,83a9b71397707247df9fd3717796837f3765429b50236d6099664af84b527b36,418,1,1,0.0011346834842607793,0.6496387039021595,0.3492266126135796
B-L0,3,42,f69228ae618f2a54598815acf45338b6ad192e9eb36eb4949775495b54e4ef8b,422,1,1,0.023097908715470513,0.9459484351967564,0.03095365608777304
B-L0,3,42,b792c09ee937fae339c13197e2ca35611ec60e9b4d2f0dd62906e390c58a29f0,424,1,1,0.010864785035586366,0.9481529496745612,0.040982265289852396
B-L0,3,42,db9e4ad5925b27ec0584e301c098615d0e7d750f33a62c852097ee5091d20bdb,425,1,1,0.12887306996477546,0.8694939779042827,0.0016329521309418646
B-L0,3,42,a3ac2db16dcc74dd63903b195b7d1a3a53338887f18e8639c30c65d8eae7bc86,430,1,1,0.07480905256709316,0.920708229232493,0.004482718200413876
B-L0,3,42,4197c747bb633c56f7d24ec066c22ea16f41b22682b607527cfd6f1a7a2562c8,432,0,0,0.9612358567005224,0.038764005859157735,1.3744031980645516e-07
B-L0,3,42,3ff83fc265305905760c500d9fe41689de9a1de06044ba371e5d92bef6310802,444,1,1,0.22595994538022407,0.7732552944118125,0.0007847602079634155
B-L0,3,42,1a61ef72c42eed5e7901aa43b40e133c4e51f87ced017db6e1d465d17ca3ec78,454,0,1,0.4929602627564226,0.5069631836792092,7.655356436821537e-05
B-L0,3,42,3d49951b870f3bcf189be0c2ef0d5405a6c21987112ed1b195ea3ed4ddfb46d6,456,2,1,0.0011346834842607793,0.6496387039021595,0.3492266126135796
B-L0,3,42,3d19f74837a5c6f5e6ce0189453e4c6b522f560699d85fed9af18054565b4fad,457,1,1,0.07480905256709316,0.920708229232493,0.004482718200413876
B-L0,3,42,8d0f029901600d9418a07f1fd8a7b00c1d0b43e684bd28f66e21c5cf7dcd6021,463,1,1,0.005061310493305372,0.9412016999656796,0.053736989541014996
B-L0,3,42,55d65dd88579a7b1789b4e356b381badd401b3808258dce2c7f346a5dd179c07,464,1,1,0.03924084406989838,0.9521802601592804,0.008578895770821283
B-L0,3,42,9b5390ef3260489b3c3887f9fe6f349f50d003bb156f7742f95c91a2857f2dae,475,1,1,0.0056170306934694636,0.8941852990755399,0.10019767023099077
B-L0,3,42,4e8d3b7274c27d5592e32b4eb3028607e6458d3fa96ea1c253fae1519ce42ebb,484,0,0,0.8733332827413991,0.12666456276118757,2.154497413364134e-06
B-L0,3,42,39f5260d468bf91cca4bc94b0f64140f65b1569a4eacdacee827afe47a7a43af,486,1,1,0.22595994538022407,0.7732552944118125,0.0007847602079634155
B-L0,3,42,ad3bbd4bc195aca26dbe34255846b204647007f9008cd1604caf31a6030ec266,493,1,1,0.3476189174742523,0.6521257930502549,0.0002552894754927407
B-L0,3,42,9662010e2490990d85dd702691d3e752f5a17e905f96d98be43c275a1e08a893,501,1,1,0.002561272612717307,0.868838373974157,0.12860035341312562
B-L0,3,42,f9871cd35fbbef3dcc9a11edf31cde93a1421f2f6768ec1eda59f1fd8a7eda5b,503,1,1,0.00044391665851897496,0.5010851858755665,0.4984708974659145
B-L0,3,42,09483a45ca26429c517c73946e7c0e42d0b268c8e54f9f87e8d06f6ddbddf0e6,512,0,0,0.8733332827413991,0.12666456276118757,2.154497413364134e-06
B-L0,3,42,e3b43d0c2f88cf262221ae16e2204cd0eab17feeda587be40cda3a8f76eae2f7,513,0,0,0.864485005565071,0.13551334910425913,1.6453306698235821e-06
B-L0,3,42,293fd70db77ae8dac4ff7015aa8471bbee8dc11c94d69214be1164a3a65ded47,515,1,1,0.4929602627564226,0.5069631836792092,7.655356436821537e-05
B-L0,3,42,1d8c825fa4140f5726cf96d2fbc410daf8dc1449a57aa3018d8d69710baf1acf,516,2,2,3.463848405563544e-05,0.13010558201220485,0.8698597795037395
B-L0,3,42,6be95b1a0e561d03e9ff9bb3bf48e85fc3bb4ae85b750949097b5270445e0b2f,521,1,1,0.3654079725312166,0.6342441888770858,0.0003478385916975723
B-L0,3,42,302494caeb3ee0101f8f544443114bef1a41d67b3f2ce1366f69f9a3f31ce11c,530,0,0,0.5317362867629619,0.4681249768831008,0.00013873635393722383
B-L0,3,42,721efe630e75ad47ccaef650071f9859ae1b8779a8c95ecea3c05cada999c1f2,537,1,1,0.0056170306934694636,0.8941852990755399,0.10019767023099077
B-L0,3,42,d1958961f2d45dc817103b882041c89ee03cfc904630b276a8df79cc1bb77be4,542,1,1,0.07480905256709316,0.920708229232493,0.004482718200413876
B-L0,3,42,298396fbfdd8164ae18c277866976ca23849141cf1815c2bcec80e4ae07c61b7,548,1,1,0.06969494817727341,0.9270831051637755,0.0032219466589510897
B-L0,3,42,fb94ee8ea1e782bef0347d3f68c7a3b2779dd41a95c0aa9dfffc9da76f70ba9f,549,2,2,3.653572841931746e-08,0.0034996180227903247,0.9965003454414813
B-L0,3,42,5b5485c49c314af261c3458801b8a573f2c1563a3c311c29143aab59d9d911ea,551,1,1,0.0011346834842607793,0.6496387039021595,0.3492266126135796
B-L0,3,42,05567423ae09c5925d6146877dafb322bf8ffcd07a7f3933256d62e795f81820,553,1,1,0.03924084406989838,0.9521802601592804,0.008578895770821283
B-L0,3,42,def918c1724a318819400b627c2284b9d77b244b87ba2494717c910e5c9c38bc,556,1,1,0.22595994538022407,0.7732552944118125,0.0007847602079634155
B-L0,3,42,81797337a73820dc32b1a903022de6137363f685e79ff3d28361b746ffaed4d1,558,1,1,0.08593642368191741,0.9054118049464989,0.008651771371583723
B-L0,3,42,42782168745dc8505000dbae693962b78560d30e77d5c939cf351a8b1435ee0b,566,0,0,0.6394672899789864,0.36051171115540587,2.0998865607746164e-05
B-L0,3,42,6fb20bf325c96c92f7685718fe8ac085abc4d9ae3655bac14eeb57923a7ace8b,569,0,0,0.9666294965016041,0.033370271286367464,2.3221202836606875e-07
B-L0,3,42,4d38119ab66a25344f4d5e9cac08e7a79647052d37639e78099d0d83f405388c,586,0,0,0.6571773175295091,0.3427947100336279,2.797243686291397e-05
B-L0,3,42,e8163c001a265fe053d03db65ff85765ce01cdbe0255fccc0cdc667d3e54d98b,589,1,0,0.5317362867629619,0.4681249768831008,0.00013873635393722383
B-L0,3,42,43460a59a097e1443e8fbc9958de350337bb25f8ffffc2fc154630bccfe4cab4,592,1,1,0.021599564641983853,0.956069132945928,0.022331302412088132
B-L0,3,42,5cbc809b12bbee7f9264f64fb42ed13d33f0a6e6a36184a8abaaf767c2a5e4d8,594,2,2,1.0030235327915129e-08,0.0018942049168573125,0.9981057850529074
B-L0,3,42,638b177ebfd03aac5f3afd7b87a4197f8724aebf6fb9331b5739e0ecf63e509b,596,2,2,3.653572841931746e-08,0.0034996180227903247,0.9965003454414813
B-L0,3,42,88141e1c7c290dd5013d1430599c08e066cf9b67d49c79ba4eed15b5368f8865,597,0,0,0.9916818038545913,0.008318195529781698,6.156272206772597e-10
B-L0,3,42,95e8238ccef68ad4f8150229d207753b7ab128e23d88ab78b7641a93e0bf0b7f,598,1,1,0.07480905256709316,0.920708229232493,0.004482718200413876
B-L0,3,42,822a295f2c49ded241a54272d201a97fb3dc1b2409068f0e353f918e741a9ae8,601,1,0,0.6571773175295091,0.3427947100336279,2.797243686291397e-05
B-L0,3,42,ac5e5e4d7d88c4fc6bed3d9c971328c75ec9aeedf9f5e57eeb490d0e05eb0235,604,1,1,0.22595994538022407,0.7732552944118125,0.0007847602079634155
B-L0,3,42,e76d30071132859aee98d30842d0336ad4f55ec000ceee702f40c262f5d29fe4,605,0,0,0.999445164932435,0.000554835064063395,3.5017196473914406e-12
B-L0,3,42,0c62dd9eba4e97411d8065ea4a297154674fd8225c2e5435c85f3e545314f202,607,1,1,0.03924084406989838,0.9521802601592804,0.008578895770821283
B-L0,3,42,3f51ef1cc86ab991c28a55516800a2b6b5ef37565f358b017c65fa7577187dfa,621,1,1,0.0026319965401994006,0.8260740994322208,0.17129390402757963
B-L0,3,42,dd38559e4db1b62eb9ee7721afb2fa8ba6d0e620b0ca68c3466a2b552c86f887,622,0,1,0.3654079725312166,0.6342441888770858,0.0003478385916975723
B-L0,3,42,791278aa8844499b0a60f95a26795155a5f9545a142a562dca7b40238639b234,626,0,0,0.9582341865112312,0.04176570778618136,1.0570258736193726e-07
B-L0,3,42,f348edbafe367b5ca9552438520be0642620dd2e2fa1312d7bf2b74940eb9780,644,1,1,0.07480905256709316,0.920708229232493,0.004482718200413876
B-L0,4,42,366f43b68b77ee5d9d4d649052f097811eedbdf9b66e66e3d3a40f469b388044,2,1,1,0.004163937701401913,0.8621468402764904,0.13368922202210753
B-L0,4,42,8b3e47f5ebce0eb3eab15109aa814094f34c092ee88c49f965a0c31f02e89665,10,1,1,0.0004172994521655747,0.5136027269942872,0.4859799735535473
B-L0,4,42,51bfbad6d53b93a899767c78e04aedd5268a69726ca0fa60eebb8995190d4982,12,1,1,0.004163937701401913,0.8621468402764904,0.13368922202210753
B-L0,4,42,3ebf8a2cebdec533bb2f688970be04e9d39292494e756baaecc985483868e197,16,1,1,0.002373950859103426,0.8022127805076185,0.19541326863327813
B-L0,4,42,df5f1e6242f05e2e7995e736400586f8d34bd840e6cc2238daba43556f312bf7,17,1,1,0.0008268893151749203,0.6235712049884575,0.37560190569636764
B-L0,4,42,716a01bc74c08fe1ad70772ed77afa2bc34025fce7092dab0813200de8da2e99,20,1,1,0.004163937701401913,0.8621468402764904,0.13368922202210753
B-L0,4,42,7df5d7c65a174992687578a093dd207e1ca89156b6eb9caf2dc28c6a498c4c69,21,1,1,0.016634123256421836,0.9456170155945469,0.03774886114903135
B-L0,4,42,e61c91569c6de30c3d7a1a050539ef58a6e6b2819fedd91cf751aa0b3b5dc43c,23,1,1,0.12463877983528002,0.8717381995038546,0.003623020660865371
B-L0,4,42,1d7362cb11b923770fcf1b9a9f01b7fa4ac11819920853a5a2909ecc1bcf6867,24,1,1,0.0596351423832197,0.9307991309958706,0.009565726620909853
B-L0,4,42,f791c4eed66654e399b28a4c327d7b32842e48bc7cb42c5ddf0334cb435a54fe,26,1,1,0.016634123256421836,0.9456170155945469,0.03774886114903135
B-L0,4,42,6623d48d7b4f14736e86dddd3ea44cbf28743d1a0fa21fd0bc2badc498627870,30,1,1,0.0596351423832197,0.9307991309958706,0.009565726620909853
B-L0,4,42,adeb2a11168a375acac8a5ba7b0b12f61ea068f42dc92905098e6e9cc109f6bd,31,2,2,4.770996633269327e-05,0.21387019775505822,0.786082092278609
B-L0,4,42,754d80adc397c4fc9bec4ce162ed868fbaba4b8aa3ab35766de0fb6def2f0ceb,34,1,1,0.010040295348094277,0.9315425259596373,0.058417178692268375
B-L0,4,42,84eb0f805fcb924ea581aaeed6c1024f9b78a793c930404ba039a4ceae8ccc01,37,1,1,0.002373950859103426,0.8022127805076185,0.19541326863327813
B-L0,4,42,5a01e160eddd0bfbc539ba4edb21a863e238a235071b2454983b79461d8e4206,58,1,1,0.0013096539785931599,0.7222960714491437,0.27639427457226334
B-L0,4,42,717139bec7d6697c010ef70919581b03d427ed7b732fe74877da3c2869a2549a,65,2,2,2.0177735679939507e-05,0.14762313493600962,0.8523566873283104
B-L0,4,42,ae7b53521c5f68c35a765aa5d26aa9bfb6604a6b2115fb3b85bc571e44290618,70,1,1,0.013974801322662602,0.9482478215705171,0.037777377106820165
B-L0,4,42,c95ca8f4fa098b2e8efa4e74297b6a837b1cad117a7c74f757cfb6e899300c9b,71,1,1,0.16316964137013815,0.8346266759927999,0.0022036826370619824
B-L0,4,42,8e1cfba12ecae9c7fe55971bfee9792fcbabb9508905435e85fb5be079f00c2e,75,1,1,0.03719532747084429,0.9475080960407873,0.015296576488368347
B-L0,4,42,661a678ac0beaf6c8e05288f361e0ec2e0cbe5cd6eeac862ecacedbc032c4cd3,76,1,1,0.02292017947598602,0.9529133057818606,0.024166514742153325
B-L0,4,42,f6f85707110f73a6681ed41afcb48bbfe37fc724bb0552b9d4cf0fe7426ae0d2,78,1,1,0.3421887065279675,0.6571082291495589,0.0007030643224736604
B-L0,4,42,a39c3e2842a98f8ce8ef89b6eecb15c7e97b2bba8dd4fce046e6f457f63b132f,83,1,1,0.0059757895960486015,0.904882792134881,0.08914141826907059
B-L0,4,42,f71c1967da2534ea41551a7d2611bd192dc4205226657d845b33cb958d52e12f,88,1,1,0.050451171217508486,0.9399090031628043,0.009639825619687037
B-L0,4,42,55134d6b9833e0dd6d9893c0d987db36b88926cc2663da7803c8d21064433f00,91,1,1,0.0013096539785931599,0.7222960714491437,0.27639427457226334
B-L0,4,42,7dbcdf95b6256c0f7b1dd6a3cc8fc9f0657b3eda2c88287ea432e7e932ba8d14,94,1,1,0.016634123256421836,0.9456170155945469,0.03774886114903135
B-L0,4,42,4c96ee395ae6b58dd1fc56a4feecd55f450b02849ef0476aa8095841292de3e1,95,1,1,0.002373950859103426,0.8022127805076185,0.19541326863327813
B-L0,4,42,4f65f4ecb5dec7a9bcbad3145918aab9b07f8a407f8e8a2091429b181b95ce71,106,1,1,0.12463877983528002,0.8717381995038546,0.003623020660865371
B-L0,4,42,1cef8f807fdca35bb7855250f58e049e267f113b93c430f11985366f1fcfd9d7,114,1,1,0.24158312066041632,0.7571442963134034,0.0012725830261803015
B-L0,4,42,0ea019d83f26df83e9b4d8ca38756d7365d28364686c182cd874a5234050812b,116,2,2,2.0177735679939507e-05,0.14762313493600962,0.8523566873283104
B-L0,4,42,3dbffa78da4c6ccc5516a203817127a6190976a61b2c1e8e3ea1b77c6cff7d9d,122,1,1,0.00349183920107709,0.8629628541842526,0.13354530661467032
B-L0,4,42,7df3a248b5f8b93b45248cf254e97e9ba96a25254e52674e69515928d061a4e0,123,1,1,0.004163937701401913,0.8621468402764904,0.13368922202210753
B-L0,4,42,d2b095aa11fac2c0afb11ad09d16074d95b8ba0c47d799f8ede52e5b993a41dd,126,1,1,0.0596351423832197,0.9307991309958706,0.009565726620909853
B-L0,4,42,dcbc9639337cde5535cbfd1b0895c1483a0c8d68b64e3c51551b748cef00b663,131,0,1,0.24158312066041632,0.7571442963134034,0.0012725830261803015
B-L0,4,42,15b4ffd20b8c1fc30ae15bc841142d7ad85f1a4f9571265b80d081a59b742e1d,139,2,1,0.0008268893151749203,0.6235712049884575,0.37560190569636764
B-L0,4,42,6c01e488a30c00d7ce599e5c6d7195f878613637774ce7b5cd4d9e7dab67078a,148,0,1,0.45926216132151143,0.5403697945433826,0.0003680441351059635
B-L0,4,42,cec560dc37f41cd4c0033a5023e3ad17cb7fab8ef72dc1a8150a7ed88228fdd9,150,0,0,0.5373826421580276,0.4624172726540734,0.00020008518789903508
B-L0,4,42,b434bdb6cf6a016c8fcf4ddfda1903c394ac80dd9a22c7ed02b2593841c71f91,157,1,1,0.08006745941593821,0.9139654336356382,0.0059671069484237005
B-L0,4,42,ba5855f8ae5d306be9297d600b9787f650a7bcdd0cb8c9be2e1066ffbedbd65e,167,1,1,0.002373950859103426,0.8022127805076185,0.19541326863327813
B-L0,4,42,8cfcf18683c3b7ba3ced162978e9086a8ed03ba8ea0326e9517b0fb14a46f944,168,0,0,0.7557974008808601,0.24415978801822483,4.281110091509823e-05
B-L0,4,42,3a299c3c001be06083770361c18b9c8ad0448316f4c759f5eb6be75b20384d39,169,1,0,0.5373826421580276,0.4624172726540734,0.00020008518789903508
B-L0,4,42,85f403ccf55735ef4bcbb2f529613e60c1023c2ec151eba3a05f40c076ed746f,171,1,1,0.050451171217508486,0.9399090031628043,0.009639825619687037
B-L0,4,42,6df07523c6bcce6099d7d663ad6a57b32e7357259ad66091764a914e4062a886,173,1,0,0.5373826421580276,0.4624172726540734,0.00020008518789903508
B-L0,4,42,4d9c66f835e53c59a5b442cc32a3068c038a14b4b5816a08082ca8e454ac6666,177,0,0,0.5373826421580276,0.4624172726540734,0.00020008518789903508
B-L0,4,42,ea343acee5823e9928048bcd114ab1bf1f6a80fe0d6f43707827d9efaf48f9c4,182,1,1,0.010040295348094277,0.9315425259596373,0.058417178692268375
B-L0,4,42,1f45e1f29d5af173d4f68cb977fa645b945e3015dcbee511344c2d6f2417112b,184,1,1,0.3421887065279675,0.6571082291495589,0.0007030643224736604
B-L0,4,42,2085cb7bb188011662c46b252b9f3e65cd2c79085775a23fcecb742fefa155a4,190,1,1,0.0059757895960486015,0.904882792134881,0.08914141826907059
B-L0,4,42,dda56c3d07f633d971d329a63b1fdd7558cfca3fb0e027085f9e37f767b3fb45,199,1,1,0.007123208840310899,0.9036741530469508,0.0892026381127383
B-L0,4,42,edb22055eb500691bda99be2c9e755b933fda43abbb5ac8d461c3b99c85b847e,200,1,1,0.24158312066041632,0.7571442963134034,0.0012725830261803015
B-L0,4,42,c590d4966929434b32180f09a7062520e5996d2f0fe22fac768d1ca0613d025e,220,1,1,0.03719532747084429,0.9475080960407873,0.015296576488368347
B-L0,4,42,a5daa6d5539669eb579a2eb52884c6f73f940319383b144b4c4638f49c0549d8,233,1,1,0.010040295348094277,0.9315425259596373,0.058417178692268375
B-L0,4,42,98c1ed0f87d3d9f68a060c36de601cd9dd4c5c389aa3ef9b828e9c93c98f1a50,242,1,1,0.18879520960815774,0.8090642745770088,0.0021405158148334984
B-L0,4,42,c302ee011150e5de42eafaa347a1b841d5d8807659f31696d8f82c5a4abc8105,245,1,1,0.004163937701401913,0.8621468402764904,0.13368922202210753
B-L0,4,42,7dd03f8de291c327ff1d0ed6f33b027547ee5dee91900d57ad3847ddbc771ca2,257,0,1,0.41573887936080633,0.583864256280589,0.00039686435860453574
B-L0,4,42,6bf3a7c4314c48c91d33eb94eb7bbcf708f6d2a7c6af47237735c2d12f683e35,260,1,1,0.02292017947598602,0.9529133057818606,0.024166514742153325
B-L0,4,42,bf0447db8e3d43257114531a92a520c82a6453bd3b7ae34aea8711ce45d014b0,264,1,1,0.16316964137013815,0.8346266759927999,0.0022036826370619824
B-L0,4,42,747d3e66fb22e30550810dc98794ef466dae76dcbd60596dc19187a28a0495e2,279,0,0,0.7557974008808601,0.24415978801822483,4.281110091509823e-05
B-L0,4,42,570a9095c62e1fa55a30bd460a6ecc380dc180927ebbc369eb3452bf401f5b43,294,1,1,0.03719532747084429,0.9475080960407873,0.015296576488368347
B-L0,4,42,06bff8560b0213942ba71145fac2e05499ca6db5f23f3a048b71ea1db4373276,297,1,1,0.18879520960815774,0.8090642745770088,0.0021405158148334984
B-L0,4,42,8facf48402aa60c4e52666105b216119e1b68d607cd90e64c373961ddfa8a9bf,299,1,1,0.02723546497363422,0.9486572345394393,0.02410730048692666
B-L0,4,42,5756c809e3d8db3cdd21b5e8d36139858b8f09dbfdb84c88dd454914fd2447db,314,2,2,7.56003717294896e-07,0.027545303801519,0.9724539401947637
B-L0,4,42,b44a3f41d310382fd60bf7f3a58d33ef67db0a23e704c0acd98fc529dad15ebc,321,2,2,0.00023863689836557954,0.40160312930101816,0.5981582338006163
B-L0,4,42,5371b6cfff41d777216e0c9e04d0277262e4f4b282938a4ca51084387331c4ff,328,1,1,0.004163937701401913,0.8621468402764904,0.13368922202210753
B-L0,4,42,48049b601c2a81fda78b5d5252ae9ddaa08e0b7a64fbb1d35031fe640387123e,330,1,1,0.004163937701401913,0.8621468402764904,0.13368922202210753
B-L0,4,42,c48e0d5c7811d548c58be8c2e32213fe468160e54c1ed6ee3557e08eff54818c,338,2,2,3.8767152217890565e-09,0.0018737465412984084,0.9981262495819865
B-L0,4,42,9880128f9a4f009cbace58c35f08be763d85a148d19dbb6ed1cedb3e6b9cae7f,341,1,1,0.0013096539785931599,0.7222960714491437,0.27639427457226334
B-L0,4,42,815d426caf6647658ab5ad600a6d9a4844a450a2fe631540bcc73263b16a4409,342,1,1,0.0008268893151749203,0.6235712049884575,0.37560190569636764
B-L0,4,42,e9f98ce85a29627dad55d76982d434e4bdb6f159fafb9c3c1b5771e0e95bff25,345,2,2,0.00010900318112168712,0.2993915227382204,0.7004994740806579
B-L0,4,42,13db9493e5d931ec94f3d05fb0df869516c061cdb89058e2bdb16c5859508cbf,350,1,1,0.18879520960815774,0.8090642745770088,0.0021405158148334984
B-L0,4,42,bac5a079bec62bc26a6dc783910825de9e2871a6d90c260b7f137ba75a6b17fb,356,2,2,9.908426694235027e-06,0.09912122983533335,0.9008688617379724
B-L0,4,42,94c0b44f9a2d481c5d2237dd73738cc92b9ee67076b318f634fc32aa4032a0b4,359,2,2,4.770996633269327e-05,0.21387019775505822,0.786082092278609
B-L0,4,42,416afeb98b33f5e4f2a8e68a875e28fd4105a31165d6851ea3c83a3ccaa2515c,361,1,1,0.08006745941593821,0.9139654336356382,0.0059671069484237005
B-L0,4,42,7cd43d94523c810f9ed5537e7015539cc8c9859bcedd689aec68db38a22003a3,364,2,2,0.00010900318112168712,0.2993915227382204,0.7004994740806579
B-L0,4,42,5a4c58dd7c63f01c85c75de330f08bf3279e1a3ffd1a3b3351ddc32a2bc68f49,369,1,1,0.12463877983528002,0.8717381995038546,0.003623020660865371
B-L0,4,42,a26bf4e51a6f635e952f279fa007eebd60b1a0aa43278a348f6ce7430b2f6168,373,1,1,0.03719532747084429,0.9475080960407873,0.015296576488368347
B-L0,4,42,397cbeb6f38ebcdc8d0dd0bc306d8baa31702dc5ab41fd7ce317e3961c9e3b32,378,2,2,5.4552066862432495e-08,0.007239298759230512,0.9927606466887026
B-L0,4,42,be0ebb7565c48c88742be3d147378e0339658b36ddc168b506068b1c90f4c79a,380,1,1,0.0059757895960486015,0.904882792134881,0.08914141826907059
B-L0,4,42,122e7e9e553c3480710d48da1b809bc3a0f00c8f31d7959bfbb0bb4217186e2f,383,1,1,0.03719532747084429,0.9475080960407873,0.015296576488368347
B-L0,4,42,a31c0ced032973a0e5414d71c603cafbff10cff8e3e8d4e4a720af17012d472c,387,2,2,0.00020017918805916848,0.40210480614540617,0.5976950146665346
B-L0,4,42,31be86aecc38b94fea6900d3b08f0dbc20cdc907d7b94ba8ffefbc3e636be934,396,2,2,4.009134142427451e-06,0.06545659396784169,0.9345393968980159
B-L0,4,42,7cf9fc722144d5c5e38c3fea10921acf4cb1fa34cc1bd7692b29595386d51a2e,400,2,2,0.00020017918805916848,0.40210480614540617,0.5976950146665346
B-L0,4,42,05ccbda5c8030aa70186394e3bd73c3d761e81154d70b009f09ac260843bbcb7,404,2,2,0.00012991975828376533,0.29896109971631124,0.700908980525405
B-L0,4,42,b0eb4c514496bbccfadc92bbc9d502a308cf264f615a7270f4508adfa95341f5,410,2,2,1.180519348820046e-05,0.09894053231263,0.9010476624938817
B-L0,4,42,b50eec873e5ad85197e459d43c6a8a7c64c7be7730e766647b9b32f8958cd6e7,426,1,1,0.12463877983528002,0.8717381995038546,0.003623020660865371
B-L0,4,42,cc1b2843c4a07d3b4fa4abf9fd5537a7a6d4df902398c1cbe928fe3bce259418,427,2,2,7.56003717294896e-07,0.027545303801519,0.9724539401947637
B-L0,4,42,66e20104ca9e36937afb002e64108ee63a347a8b7749a55b588d30eb3e1409e4,431,1,1,0.12463877983528002,0.8717381995038546,0.003623020660865371
B-L0,4,42,2d77937efb442c0e808c407a59ec6405337a2a3460fb13f2f68d8434be09fe8e,435,1,1,0.12463877983528002,0.8717381995038546,0.003623020660865371
B-L0,4,42,d3dea6e23727f3861155568fe03f7508dad97315d987d7f509832e7bf6b4eecf,447,0,1,0.2754700151278316,0.7233118043485662,0.0012181805236020817
B-L0,4,42,36151d13bff095b0f9b3c390fa02f663a49fd45fe72702bad759cd82db3174c3,459,1,1,0.24158312066041632,0.7571442963134034,0.0012725830261803015
B-L0,4,42,3b0abeb2580501c078d50f1862f005665c127524372015d5674ef8679685fabd,461,1,1,0.0059757895960486015,0.904882792134881,0.08914141826907059
B-L0,4,42,3f3aa71345eef153c551d8268b4cf413be9de4e5ebe03d0b0aef13d7178f6451,467,1,1,0.0013096539785931599,0.7222960714491437,0.27639427457226334
B-L0,4,42,e63fd967ad59bf73b27ba4efcf551436428f26a03ab3e1ca498f3e01f0550a1a,481,1,1,0.18879520960815774,0.8090642745770088,0.0021405158148334984
B-L0,4,42,e8921714e78de17aa9004ed167d45bd0471420f26d1c05f61df1adaf22cf37fe,482,0,1,0.18879520960815774,0.8090642745770088,0.0021405158148334984
B-L0,4,42,2a0de0babe99f6482353deccfb8c5a64a0d4e142134c21435a7d5cb4bb7a44f0,483,1,1,0.18879520960815774,0.8090642745770088,0.0021405158148334984
B-L0,4,42,8da546665c37fd3768dd5df0c43d9e48a594114602af5888eca3732f0b8f2bdd,487,1,0,0.5809776168329616,0.41884078624407334,0.00018159692296507558
B-L0,4,42,6807374cf8dc72644182a43a9da4afcfba4ad80f80c056f982d40cb0cdd9609b,494,0,1,0.45926216132151143,0.5403697945433826,0.0003680441351059635
B-L0,4,42,e92297353a3a22b944725a165b52f80a1965ee09f6178dfc184860131871920c,495,1,1,0.0013096539785931599,0.7222960714491437,0.27639427457226334
B-L0,4,42,c997661e8f088ce61daed2d734e2baf038d0a5f5a2326a8545dcefa81f72bec0,497,1,1,0.0596351423832197,0.9307991309958706,0.009565726620909853
B-L0,4,42,d064c27e57ecbf5d0cace935aea0fc9d1053dd486ab0eaeec1c8b8e510cc7bd3,498,1,1,0.0013096539785931599,0.7222960714491437,0.27639427457226334
B-L0,4,42,058ccc5f0c17c416ef06df1ed5deaa48d112f42a14f667bcf9846fdb664ef366,518,0,0,0.9547075924229649,0.045291582456715565,8.251203193542125e-07
B-L0,4,42,ccd0b5095c5ca020ed29dcb4ed07bc78fb4f8bd1d01103c832c16f74415da411,523,0,0,0.9762260751045111,0.023773648631080755,2.7626440817311693e-07
B-L0,4,42,c67ea185339d2fb8c8312dc38cff21dc6b000f785be421eef88bbdcdf6c6b17a,532,0,0,0.7216773007656296,0.2782740051428123,4.8694091558095264e-05
B-L0,4,42,1c68670c6ff38a49598f90f6157ce8bac895df1254da553b54bf687cfa750f91,533,2,2,0.00010900318112168712,0.2993915227382204,0.7004994740806579
B-L0,4,42,33aa276ee8893c316e5b08f90d403be82db716c7a10ce7d0c6a91aa861061f55,539,1,1,0.18879520960815774,0.8090642745770088,0.0021405158148334984
B-L0,4,42,e40a0fc10b44506213ca47e78c7d510fb7715425780e3f270f0a25a0b0fc9acd,541,1,1,0.16316964137013815,0.8346266759927999,0.0022036826370619824
B-L0,4,42,60dac4fdcf327b961a62f11465381e422541c18c956cf5cf22c128d4b842b021,546,2,2,0.00023863689836557954,0.40160312930101816,0.5981582338006163
B-L0,4,42,f0a4ff0b2550559804aa110b3356616d37f08aea297e713738efde6a82a9c905,554,1,1,0.0596351423832197,0.9307991309958706,0.009565726620909853
B-L0,4,42,dba044228ddb18bf24955ec6f54e2d9d259a453b9e3cc7ac001d1eb1b5c9b9ff,557,1,0,0.5809776168329616,0.41884078624407334,0.00018159692296507558
B-L0,4,42,dfb22216dca7b15a73c5d13592b3a4d456865e6b14a914fc23a7440d2c793feb,561,1,1,0.24158312066041632,0.7571442963134034,0.0012725830261803015
B-L0,4,42,8083fab72781bef33f4c3f68371defad870524369b374017badac30ed6b5920b,572,0,0,0.9892052381820958,0.01079471108813825,5.072976594506672e-08
B-L0,4,42,1aaef0af18b1a224fa7924b8a1453fb8b5547a6dea9cbd572550da4fdf495da9,574,1,1,0.1452631684170646,0.8511920383007692,0.0035447932821662223
B-L0,4,42,05ccbabae43833184ec6c444793c4e8cacbda9996a75f0cd529a00fb88642dda,580,1,1,0.45926216132151143,0.5403697945433826,0.0003680441351059635
B-L0,4,42,77746b53c327b916c5ec4cc31ec639b45db4160f2d1135410449c6eaa0246f2e,582,0,0,0.8347527497495077,0.16522880779649454,1.844245399784317e-05
B-L0,4,42,344202bfae426b40571c614ea63322e5df0a08a9e6479a8ee7d45ead1a7607bf,585,0,0,0.8088746270233221,0.19110408549517632,2.1287481501489814e-05
B-L0,4,42,f2467f3e3e1aa7ea454678b2f6366dcc05717a73be181ad40e267ca3f4a20eaf,588,0,1,0.2754700151278316,0.7233118043485662,0.0012181805236020817
B-L0,4,42,28acd3c3d384d8b12fc6beb8a099937473fcf151408bd2085df22511ad2be313,600,1,1,0.004163937701401913,0.8621468402764904,0.13368922202210753
B-L0,4,42,4a8567b621350cc729465a20bc85964673deb69044ecf71e3b59a4220f804585,602,1,1,0.016634123256421836,0.9456170155945469,0.03774886114903135
B-L0,4,42,01da3e159b6ce80ac8e0f280d001e0b1feae934b7f87e69e52a68f6f40f1631b,611,2,1,0.0004172994521655747,0.5136027269942872,0.4859799735535473
B-L0,4,42,2d1b2dad312d67abe149344cc5753c2181558ff169882e194058c0eea17a64f6,613,1,1,0.12463877983528002,0.8717381995038546,0.003623020660865371
B-L0,4,42,457bc623d54c8df675fda66a9a5a159bb6259cf81fdd5a312ea24da7116effd3,615,2,2,0.00020017918805916848,0.40210480614540617,0.5976950146665346
B-L0,4,42,fb2e62e9e165d1b9fc47a6787af9d64df4a4b63f931a035289966a672894fdfe,616,1,1,0.0013096539785931599,0.7222960714491437,0.27639427457226334
B-L0,4,42,72d66c7979e51d234b4f5c7cb46e06e165d847b6d88d705eae864ec291dd7fd2,617,2,2,4.579548112014135e-08,0.0072538532351932436,0.9927461009693257
B-L0,4,42,5bfc17c84629c446ef515aaeaab83b0c8b4ad7591746f50c3f337e0eef4bd5ce,623,2,2,9.908426694235027e-06,0.09912122983533335,0.9008688617379724
B-L0,4,42,a288de67ba6e534c619fb61e1a8643504542cbb8d7cfc5f5b4a96fa78e5ef948,624,0,0,0.6547130400528299,0.34519187929662104,9.508065054914619e-05
B-L0,4,42,9dfe951a72432d669852444c668c15b73a677afe22aab4dd3febadf96aea1bbc,628,1,1,0.0596351423832197,0.9307991309958706,0.009565726620909853
B-L0,4,42,9601c9dd198c4a6dc5124d4d420e2ff339734b9a9e1079da056b3412d663b347,636,2,2,5.4552066862432495e-08,0.007239298759230512,0.9927606466887026
B-L0,4,42,c69567d2d69504dcc3e49e555057fd7d89a52635db8622cab985007a194e53ea,640,0,0,0.8735378790274182,0.12645315423084164,8.96674174004415e-06
B-L0,4,42,f2d3074dfbaef344aa4981cbffee6d788ff0def980a874cc42e1dd4df85a9726,645,2,2,4.770996633269327e-05,0.21387019775505822,0.786082092278609
B-L0,4,42,360878e8a6171b73196b1189a0e33d9b6733e9ad741d46f90bee01573fbef0dc,646,0,1,0.016634123256421836,0.9456170155945469,0.03774886114903135
B-L0,4,42,674130e6bbe693f70e17ce995304b93967bd09052c13f383b45753334d551bc7,647,1,1,0.12463877983528002,0.8717381995038546,0.003623020660865371
B-RF0,0,42,f827075494ff9d262d45598bb3a1701eb955b99abca1ab6af3b2e2331aff4808,3,1,2,0.0,0.3237492161833022,0.6762507838166976
B-RF0,0,42,5fafc4bdf7193aef5fb9fb71d655df200121838704e28ac2fa6588954ee3e27a,5,1,1,0.002185214113911936,0.9559192167561773,0.041895569129910666
B-RF0,0,42,9a87b2493917ab4a2e2a0087e5caf12c4b02676cfdfef54992ed8ca5ca77f88f,6,1,1,0.0002964254577157803,0.9979210312670888,0.0017825432751952589
B-RF0,0,42,d9baf8f9d90857c2e8aa4260b7eaf6c386460681228c2bee02a6b55597a43b69,7,1,1,0.021040251674112782,0.9692364322730943,0.00972331605279325
B-RF0,0,42,6b0a215f6bd63db235793c4ada62b4853f51f8a279def3710a3687fc319d4da4,8,2,2,0.0,0.0,1.0
B-RF0,0,42,a6252e1f0313cc82adc4651b4f4ced232435f7dff2e029302acc772e52fa2efc,11,1,1,0.035742896722079275,0.9605283009910159,0.003728802286904732
B-RF0,0,42,5cba6871fec089b5dc9bcf045ba6e02ea473d055005f13d552c94fdac6686fe5,19,1,1,0.002185214113911936,0.9559192167561773,0.041895569129910666
B-RF0,0,42,0fdca47962352eadea2e4637769c1d9eb007bd0634379ff90463a8a2c57c1789,22,1,1,0.0,0.9582004987810037,0.04179950121899613
B-RF0,0,42,7daa9011bd495f51a4514b37670bcdea719bbc30097f1653406dba4a8e98c046,32,2,1,0.0,0.7143132090120885,0.2856867909879115
B-RF0,0,42,eeed46e477e7a7086b3dd17a4ffa4e4e996e9f005a71a8b1bbaf81c10d4d046e,35,1,1,0.0005870353420636593,0.9992593267959161,0.0001536378620202496
B-RF0,0,42,0f3b55ce37cdca89a1c78fcec7a77751d9794f7cb1235804469a7daf9e63de4f,42,2,2,0.0,0.0,1.0
B-RF0,0,42,0400acddec5641be9ed3da2cb98d514d062d4b150affe3dc22c7d5c88070c742,43,1,1,0.1496070717779333,0.8492679190786241,0.001125009143442323
B-RF0,0,42,a20449c0fa9b781f95175c7906471527630e66fdd4d57f1ce262975af3ce8991,46,1,1,0.0002964254577157803,0.9979210312670888,0.0017825432751952589
B-RF0,0,42,c79001dea4273719bcd01dbbfb7dc9181dda44a45e219cf7245f67640b98740a,47,2,2,0.0,0.0,1.0
B-RF0,0,42,3b51ad679e8b0ce6b2fafb421a74825a2de42f8e1aed05cbd3a81335a2923228,48,1,1,0.04533410888377889,0.9509370888293165,0.003728802286904732
B-RF0,0,42,f5162c4d57e22476a2fd86a4b724fe8da727100a27f30d4fe72a9c346f5c001c,49,1,1,0.0002964254577157803,0.9979210312670888,0.0017825432751952589
B-RF0,0,42,bdb3e3243f4945237482dc791db610d13e33bde5b6d72369ed200729dddc360a,54,1,1,0.0002964254577157803,0.9979210312670888,0.0017825432751952589
B-RF0,0,42,fd5b4c1d3d861f5a2629640b96c79ba38eb9d1ff76552d929679d3dad440b73f,57,2,2,0.0,0.09470528083028079,0.9052947191697185
B-RF0,0,42,adf16fc552a8d1b40b4ec42e52c444ad8d840e40483acd8054933050b6375e7f,62,1,1,0.0,0.9998165137614679,0.0001834862385321101
B-RF0,0,42,461e4acae5091b1364fab0f058f3a5296ed75a394000f65a696e528c54bf6001,63,1,1,0.0,0.9998165137614679,0.0001834862385321101
B-RF0,0,42,eb0ffac90c1fe5ccf1060219e349ca7d29540eb3e630465aa9b969a38900d539,66,1,1,0.04533410888377889,0.9509370888293165,0.003728802286904732
B-RF0,0,42,e87f2023e1a92b852755b7851d3150e9d19886692316d048409e5eaceb11dd5c,67,1,1,0.259597434150032,0.740402565849968,0.0
B-RF0,0,42,77472ffabdf2ba610830e2dba876659a629d3dc9bf1c6a3fe5b3fd11e1a7b01b,73,1,1,0.0,0.9998165137614679,0.0001834862385321101
B-RF0,0,42,12e99bde80179014843362cb5bcb78e39e741147045460921df42487eadf8cef,77,1,1,0.0,0.9998165137614679,0.0001834862385321101
B-RF0,0,42,04775e820b5829ba9b9a17482a4af9625350a3a9c39213f678c4a17f3f1c7b72,84,1,1,0.0002964254577157803,0.9979210312670888,0.0017825432751952589
B-RF0,0,42,976ddafb2f8abe1ac4c19be98626949c2548ab5eaf452fae24dce90c4de7b8c9,92,1,1,0.0,0.9582004987810037,0.04179950121899613
B-RF0,0,42,5be7ba94e5d3acd4388614300b6ad48a44492e847b6d0e39fccd27e6cf9ae5f5,93,1,1,0.0,0.7143132090120885,0.2856867909879115
B-RF0,0,42,a1e98e417eed1e1a141a0b30b714a23f0dc568239616354e4a175bf8ea08a28c,98,1,1,0.0,0.9582004987810037,0.04179950121899613
B-RF0,0,42,9ba998c5d87d08fc3d40b1b83a650245d89a368abad6136f452df88cc96ddce1,102,1,1,0.0,0.9582004987810037,0.04179950121899613
B-RF0,0,42,a5d49a55806e6aac09daa9f48f214a4bb4d26dc6b501261c0ba01041d3d2f9d9,103,1,1,0.0009829990275010288,0.9963595220974212,0.002657478875077852
B-RF0,0,42,3039b67e191cb12f942b21e621f38cb832b6a2d5e570cd00e2a2205f9831c0a6,105,1,1,0.03843166931421713,0.9162674924339287,0.04530083825185391
B-RF0,0,42,4b7e7cbc654f5e60c12ab432b3144305090c199d58af8071af7e5a16619e6aca,107,1,1,0.0,0.7143132090120885,0.2856867909879115
B-RF0,0,42,30f9b13a03f303748526a158e8940797fe5e5c600fce68be3e50b0840a4368e9,118,1,1,0.0002490096208262592,0.9973990201011098,0.0023519702780637874
B-RF0,0,42,c9610bea3409798e091290f260c60e5b4d3f0a84a43555989287b37d07ebf51b,119,1,1,0.0,0.9998165137614679,0.0001834862385321101
B-RF0,0,42,ab8ce69a1319b228880d829dc5631ea34e5cb080bfbc178aa048514436b7ecee,124,1,1,0.0002490096208262592,0.9973990201011098,0.0023519702780637874
B-RF0,0,42,93c4bf4a5b21f36e6b0aae5bb990899ccf48d342143ca0e115fbbcce24f1e0a6,130,1,1,0.000864813119841437,0.9987037712403606,0.0004314156397980273
B-RF0,0,42,4843201d2b160da0c05fc6013c664892482d15cae8e6986d6ad88ce3feaf72b8,132,1,1,0.0009829990275010288,0.9963595220974212,0.002657478875077852
B-RF0,0,42,cf57f1500208fbbe850bfcb423c0a07e8d0a3e41dbe03e9530034f5adb63eb16,134,1,1,0.0002964254577157803,0.9979210312670888,0.0017825432751952589
B-RF0,0,42,d00d28ef2c4596a4d66713623e2b8bc3764ba2818602f1c62d3f21d371614dd7,137,1,1,0.0,0.9998165137614679,0.0001834862385321101
B-RF0,0,42,f4a1fcac757fd73ac757509249c0ec925230f6e917bdf8e793757ea12e98b50d,145,1,1,0.3824334178893002,0.6175665821106996,0.0
B-RF0,0,42,ae60908f4c85b03a0a49269075a0f3e13559c408c540b42632a059b5cfb0cd4d,146,1,1,0.03843166931421713,0.9162674924339287,0.04530083825185391
B-RF0,0,42,810b57dafea30a2f75e872d5e62c29a08fc07a9ccaebf778bc32b9ed8700674c,154,1,1,0.000864813119841437,0.9987037712403606,0.0004314156397980273
B-RF0,0,42,0bf3a2d884e1555952ad611ad5ac00b76d97402156df050266c3cfc95f605dea,155,0,0,0.6852444580759125,0.3147555419240873,0.0
B-RF0,0,42,ae88168be6110ac8992db8b155e6bd8dad4a050a4a4fabb91d628b18e0ff3fdc,163,0,1,0.008543478260869566,0.9914565217391305,0.0
B-RF0,0,42,9881e8df21340beb673d11fb2f0087e28ca86d90cac54001885ad77fa39fe58f,181,2,2,0.0,0.0,1.0
B-RF0,0,42,d8eea83646be1e9c916e665fa77c259449f8745ed6a29cd6f9b1a9dced475fd5,187,1,1,0.0,0.9998165137614679,0.0001834862385321101
B-RF0,0,42,60763b4cebd2c23d4b6bb41fe41d2708e53e1479ca7374112530066b5e4893e5,191,1,1,0.008543478260869566,0.9914565217391305,0.0
B-RF0,0,42,6c6dd067b740da372386ce71f81ed5b8dc2e1e9f93625be9b4884d1d73f96114,196,2,2,0.0,0.0,1.0
B-RF0,0,42,86eb8973fc65f23f76646a24050506efc45364d1ed311733b312688b82d03540,198,2,2,0.0,0.0,1.0
B-RF0,0,42,e3f90cf05c633dae16fb7f47884d7cd562ac2769d89e9243c8680a8ba22af681,204,1,1,0.002185214113911936,0.9559192167561773,0.041895569129910666
B-RF0,0,42,9a0d7d130a794be7bc69983881925e866dbd081148ab7ab7a8b811b52c7a21f0,211,1,1,0.000864813119841437,0.9987037712403606,0.0004314156397980273
B-RF0,0,42,8332987b673c95bbee93c9f25e2f6e37e4235c9e6ae83604205ff69eb49247f9,214,2,2,0.0,0.3237492161833022,0.6762507838166976
B-RF0,0,42,7f598fa9cd8021402624f92fab82098fb58747ccd8a722c3d994f05b6ed0f217,218,1,1,0.0,0.9998165137614679,0.0001834862385321101
B-RF0,0,42,f094aac8706b95f9bece4eeac1389e28ad75114d0e4206b7769ded1102994ff1,221,2,2,0.0,0.0,1.0
B-RF0,0,42,6bcf085df851ffdd063de277d7f6de02756302343ed42266339f33b7f195ec0d,225,1,1,0.0002964254577157803,0.9979210312670888,0.0017825432751952589
B-RF0,0,42,2a5b3658c6bb089977c0132627aeddf27747b5ba1997b7f2041f3039d3025854,228,1,1,0.0002490096208262592,0.9973990201011098,0.0023519702780637874
B-RF0,0,42,97c9512caadb3ffd0ad3c7ddd23407aa54871fc60933e4b9f12a69d1cef4214f,251,1,1,0.1496070717779333,0.8492679190786241,0.001125009143442323
B-RF0,0,42,5752cee9adf12bd089539e746e30b0d83f71e4f57e8da95e82619ac05b3d6b64,258,2,2,0.0,0.3237492161833022,0.6762507838166976
B-RF0,0,42,ad959d26f847d9c030d3b6d75856d30298eaee390b8e65835b5173c70de9d93a,262,0,1,0.3824334178893002,0.6175665821106996,0.0
B-RF0,0,42,f1cc48536731731e0b343782efdde0db8be7fc46955c060a6588a598c61b83b5,266,1,2,0.0,0.150794796247485,0.8492052037525147
B-RF0,0,42,645409494cfbc0053881ee14531a52cfc643d5a8dd013317825912b73a52362e,267,2,2,0.0,0.09470528083028079,0.9052947191697185
B-RF0,0,42,00dbf7ed1f04da4f573cdb1c40ee8aabbb629d7e284d1568bca51a8a5f396e7c,268,1,1,0.002185214113911936,0.9559192167561773,0.041895569129910666
B-RF0,0,42,4837f2cb17208b9a4625ebde74b97e4dd96ffdb5234013a87be717acfa0a8b14,271,1,1,0.0005870353420636593,0.9992593267959161,0.0001536378620202496
B-RF0,0,42,8475bd5769c68d5427ad348aa5b6061ee6bcd37f6f1837cda26be61984a04cac,280,1,1,0.259597434150032,0.740402565849968,0.0
B-RF0,0,42,d744f4e8e0e5a37040ced43f7d9f57213e888b56527ca3961db9750dd4b525fc,284,0,0,0.9962339743589742,0.003766025641025641,0.0
B-RF0,0,42,63e7b0fd79c9670e63f19d0b85cc2c7efe0f1e527b44bbf33e9c798004594ffd,300,2,2,0.0,0.09470528083028079,0.9052947191697185
B-RF0,0,42,6db86dac2c557996df538886e2ae001080ddecdab91e2e3a4edede389d70b7e7,310,1,0,0.5139483628051402,0.48605163719485966,0.0
B-RF0,0,42,e46fe007896b1086b24e7db53b21842ae5f26db41897be76661db0c09520f97c,311,1,1,0.04533410888377889,0.9509370888293165,0.003728802286904732
B-RF0,0,42,da52e0801985e6d911242d1cc38a5a2ba9ea6d852304175e9cf5f6682c636afe,332,2,2,0.0,0.0,1.0
B-RF0,0,42,980a5bcc08361f8d083c12141878dbd24b7a236c18e8184387239050f164a315,351,2,2,0.0,0.0,1.0
B-RF0,0,42,0b6002ac98745ed77d24c58dee4c8892e1dca4c93626ce4675b9306294bb2d7d,354,2,1,0.002185214113911936,0.9559192167561773,0.041895569129910666
B-RF0,0,42,17e8cff30d43b9932efa5ee5fc8ea3d9998f87aa816268d719e22c0b513067e3,357,2,2,0.0,0.0,1.0
B-RF0,0,42,328eaadc5fcca2d1c22ba92802c7d13404e083fcc75e8e27c502cd13af3d0548,362,1,1,0.0002490096208262592,0.9973990201011098,0.0023519702780637874
B-RF0,0,42,fe92f0e44d936f618c5a52cbcbbb889fd256a412566488b144015b8482d7b1a1,365,2,2,0.0,0.150794796247485,0.8492052037525147
B-RF0,0,42,074bdafc94897952ec047e29c94c168d74b04273139ccf2ce1e6f1873ca0ed4a,382,1,1,0.04533410888377889,0.9509370888293165,0.003728802286904732
B-RF0,0,42,0fdfadc8e93127b69c5cc192dde2e8ac8ed04c3d1fdbe79dfe2b87b82585bd01,384,1,1,0.0009829990275010288,0.9963595220974212,0.002657478875077852
B-RF0,0,42,9c1589756f65e471021f9e5736a89d5cabb0481ef20ec88a5286fac861609674,386,2,2,0.0,0.09470528083028079,0.9052947191697185
B-RF0,0,42,88d41603b7bc18447226de0bd092d97caaafff7d44a58de731f2bfd695e6c89e,391,1,1,0.030261093465442025,0.9600155904817649,0.00972331605279325
B-RF0,0,42,573e5d0c416baabe556bbe6df0da1d23f9d757c682f06acc75cbdeeefa53f1dd,395,1,1,0.002185214113911936,0.9559192167561773,0.041895569129910666
B-RF0,0,42,ca1af162eff48d01248d7b34c3dc4be9123bb4917682c15fcb42f45ba92ce681,397,1,1,0.035742896722079275,0.9605283009910159,0.003728802286904732
B-RF0,0,42,11f18902f6529ccd006f3eb1926c47f115d9549b2c2f079495389befb1eae919,408,1,1,0.004353174603174604,0.9956468253968255,0.0
B-RF0,0,42,d6a67091791dd72522a6bef06dfea8b0c675a1445234f9512644939352bab471,421,1,1,0.37999966539482777,0.6200003346051721,0.0
B-RF0,0,42,fb53eea3d4cdbfd82c3a411ba354fb72529c745789e35c027a285e3f70071b48,428,0,0,0.9962339743589742,0.003766025641025641,0.0
B-RF0,0,42,05b9b2450da4983d21d00900b28b53e5a1f95f950395ddc3ddc45cb106b759b9,429,1,1,0.000864813119841437,0.9987037712403606,0.0004314156397980273
B-RF0,0,42,f0a97bfafce659abcc15ad3b27366b99f919dc16a513c0931d27b70b5eb2bd13,439,2,2,0.0,0.0,1.0
B-RF0,0,42,12f87a813a0f8b8b6295bf7bd67e6b14cf37aea45636ed5ee00d03e5b5987ffb,441,0,0,0.5139483628051402,0.48605163719485966,0.0
B-RF0,0,42,1a95813d193cd4442bc0b1f87b4bce15afbe7cd42d6c4c82b8f5c88c23abdbf2,445,0,1,0.36393251100987667,0.6360674889901232,0.0
B-RF0,0,42,95a4c4f399ab39050cd2c68303c1b4a717e2b85e43356b382b44a3423cac3ed0,449,1,1,0.030261093465442025,0.9600155904817649,0.00972331605279325
B-RF0,0,42,5c0c7a72328563a4b2a7d65fab7f740984af9984186caff86b9cca5da6bfe86c,451,1,1,0.000864813119841437,0.9987037712403606,0.0004314156397980273
B-RF0,0,42,5f11fef5bae9d1258380639662fb95008d4620c9b9b24aad7083e32efacfbdfc,452,1,1,0.1496070717779333,0.8492679190786241,0.001125009143442323
B-RF0,0,42,225629385e18a6854edb9ae5dee2b6c35e44af3143cc0f0fab0867deec5c52bd,460,1,1,0.0009829990275010288,0.9963595220974212,0.002657478875077852
B-RF0,0,42,65fc55908795c03596628c3be27eff5761f85e2f1b4291d6717c471653ee17a8,465,0,0,0.6267146837566646,0.3732853162433353,0.0
B-RF0,0,42,e0d210eed199a9e6092e65b724d0b6abf80444548010500e25c9fbfa593246e6,469,1,1,0.0002964254577157803,0.9979210312670888,0.0017825432751952589
B-RF0,0,42,3228a5c1892f93600a970b9e099b3053b891a018a2b4fcdbe092d118a96a8fb3,472,2,2,0.0,0.3237492161833022,0.6762507838166976
B-RF0,0,42,55149a64f268a012247a00f9c7f3a36b557a25430fed6016ab547ff1c38e61b2,473,1,0,0.6943664512358316,0.30563354876416843,0.0
B-RF0,0,42,8e4ea3523595a6acd552728b47f2a13b458234f347559c26cb13139a095da1b4,474,1,1,0.000864813119841437,0.9987037712403606,0.0004314156397980273
B-RF0,0,42,1971d2b4a4cb293ac396176c6d1190289df940842c256fea5bf08fd520cbb4f9,477,1,1,0.00038856304985337243,0.9975411852186045,0.0020702517315420543
B-RF0,0,42,50c59de7b7fadd459118ad53531a05379edf5c0bbf8786fc3b4b96a2d52bd55a,478,0,0,1.0,0.0,0.0
B-RF0,0,42,8fd0fe4e154f5d8d0e6fd22a060280c5fc7e2f73594c63d13a67e97a3b835a6b,480,1,1,0.3824334178893002,0.6175665821106996,0.0
B-RF0,0,42,ee64c4c983197496a5a20dfb847c9b4515dbdade50852024c565d1a74b63cc24,500,0,0,1.0,0.0,0.0
B-RF0,0,42,555340884fdb40170947c98290702c40554069d24cf22f20a9785c5218582ca2,506,1,1,0.008543478260869566,0.9914565217391305,0.0
B-RF0,0,42,6249033ebb4873778de8d435f8863876ed0ccf3c336662af8118b4596dbc2285,520,0,0,0.9962339743589742,0.003766025641025641,0.0
B-RF0,0,42,866639f3b9f95c14339f44ed24824b71cda6a70d63a86fe0edf0685a8baf5c75,524,0,1,0.36393251100987667,0.6360674889901232,0.0
B-RF0,0,42,7788b10861e73289e28b8fbecdb74643ae51fd2135b9ae4865d7ae2a22141973,525,2,2,0.0,0.150794796247485,0.8492052037525147
B-RF0,0,42,a9da9db2467c1a5fe7257adb1987e930ea751470576c10c82f4397f3dd37b63f,527,1,1,0.259597434150032,0.740402565849968,0.0
B-RF0,0,42,85a02e1802e7b312ed957ee39e2bbfe0b4632dd2d25d3a8ce177b48d26ba1fc2,529,1,1,0.0005870353420636593,0.9992593267959161,0.0001536378620202496
B-RF0,0,42,d26328550683e27aa4c4fe5be7e2d668c08dadae337ff364dbeb060fd5a931bd,531,1,1,0.03843166931421713,0.9162674924339287,0.04530083825185391
B-RF0,0,42,4f4759b87edf8e38b6b6c5dd3a52b7fd18a9f97b78b0b8933276755f4ad88080,534,1,1,0.04533410888377889,0.9509370888293165,0.003728802286904732
B-RF0,0,42,aeabe5f00bb9cc0af7000e3fafc88866155e65ab4d5da58274d0dee130a02388,536,1,1,0.0,0.7143132090120885,0.2856867909879115
B-RF0,0,42,2de6307edc2b60e3648d6c261996c60ddb15ccc9f4069aee2e9ee4e9ca9dcaee,540,1,1,0.004353174603174604,0.9956468253968255,0.0
B-RF0,0,42,112e7b51e7d078dd62fe5bcec15f48660dbfc572df659aea50141c8a731a6877,543,0,1,0.3824334178893002,0.6175665821106996,0.0
B-RF0,0,42,d98717d4a561c7ad6b0aa9c5e73ecccbfb6510d07c8f23d7934fec3f8fbcf474,547,1,1,0.000864813119841437,0.9987037712403606,0.0004314156397980273
B-RF0,0,42,db842124e7a33dd5887c8d22a815b1649cda7401b683f5f9cc6c7a9dbd533a3e,560,1,1,0.259597434150032,0.740402565849968,0.0
B-RF0,0,42,49adb4d4ef7cf9b7221faad79fd9c2cb259872644777044983365486723c67f4,562,1,1,0.030261093465442025,0.9600155904817649,0.00972331605279325
B-RF0,0,42,be89c78f29804f04841228bffef4532f286878a08b52cf8f4f17b15a9fa83364,563,0,0,1.0,0.0,0.0
B-RF0,0,42,297cf77b86d2fe61e413421d7216874ab77f45748dff5f7a2531cdaab79a4050,565,0,1,0.03843166931421713,0.9162674924339287,0.04530083825185391
B-RF0,0,42,531f8aca33aab4bfc992087de862b25def4dea5b91bea6cc49aacbad07b45b7a,577,1,1,0.259597434150032,0.740402565849968,0.0
B-RF0,0,42,4b55155083aea75c9650635eb846d1e7abeaa867e3c5c629e2c90461482485f1,578,1,0,0.5139483628051402,0.48605163719485966,0.0
B-RF0,0,42,815683c5eb3b782f1a2feeefe55a834447a90f6a62356c843d751e6ed6f7089f,587,0,0,1.0,0.0,0.0
B-RF0,0,42,8d5547c0b5e44d69c28a4cead541c515bc82e8f18adfd972abf57b2824ce7a43,591,1,1,0.0,0.9582004987810037,0.04179950121899613
B-RF0,0,42,71388cc5368946416cbcddee50e2af8f0a6a2794c83dcda516b9f0463aa6ad3a,610,0,0,0.9962710084033614,0.0037289915966386557,0.0
B-RF0,0,42,56d3d8cfe1ee66937b1b304de962e50840fc5df249cec9cc9f427db1842d8971,620,2,2,0.0,0.150794796247485,0.8492052037525147
B-RF0,0,42,ef3b33bfd33c9a8d675e8c1562f5c2d503094b1f1887af3be3c1e16e100d9af4,629,0,0,0.9962339743589742,0.003766025641025641,0.0
B-RF0,0,42,ba39525bb89a78df7e0bc9a040dd9c4c00f64baba2719bf9fb4a4bf7aa3dcffa,630,2,2,0.0,0.0,1.0
B-RF0,0,42,ca60a0d1bd9510735b9a2c5edb1ab0a7eb2dd31d96b642bce093e7ba08286f2c,631,1,1,0.000864813119841437,0.9987037712403606,0.0004314156397980273
B-RF0,0,42,2fe1c3d95e43dc7878c7ba2874a7cb62e7829661ff3655b02f110fd5bf516184,634,2,2,0.0,0.0,1.0
B-RF0,0,42,61b0a6498279a260ce8cabb4d4114bb5cda03e71c6f6954d7b766ee8a31b2746,635,0,0,0.5139483628051402,0.48605163719485966,0.0
B-RF0,0,42,6f3f6818c91a4e4ac44cd061158f5c34bee1b5baac40fd4e469a3ed20476104a,638,2,2,0.0,0.0,1.0
B-RF0,0,42,1f54ce13a7724f8e43df533f143951e361144f772d6d5ce76fe8e5fc8c77364c,639,0,0,0.9962339743589742,0.003766025641025641,0.0
B-RF0,0,42,a35adafe1567244423f4e723b5361fdfc62fb0c766c9685554fa976277ee04ba,642,1,1,0.36393251100987667,0.6360674889901232,0.0
B-RF0,1,42,f816923b16d6506fc091cfe92e86e1139e2f0b3e58c593461da93f6ca5c45a5b,4,1,1,0.008054920192353,0.991945079807647,0.0
B-RF0,1,42,1fa27a62ee1b2d2ba6c92d8546a424dd3509710635f8a2c2568cc88597bb86fe,13,1,1,0.0031539426663650177,0.91801834978467,0.07882770754896443
B-RF0,1,42,563f081ac98d1f31498a91b83ae8a2be907cfab0de2d472d199474e4e5eb8c6a,18,0,0,0.8577480248509657,0.14225197514903393,0.0
B-RF0,1,42,4f83a42c27ea668697977110e8f196526ef09e0479182cf78470ad75e79419c6,29,1,1,0.0,0.9891470939681433,0.010852906031856499
B-RF0,1,42,088e125061899aeb843e08b444d414177713a8aeb3850db4477647a05e97b064,33,1,1,0.0006190813175501801,0.9962724883458077,0.003108430336642043
B-RF0,1,42,da11b9a824ea17d36ef8425abb47a68b80631b00f26d5fcb34bc902ab7e564d7,38,1,1,0.03291034974767745,0.9599930478476645,0.007096602404657961
B-RF0,1,42,a3aa9205c2dd6e6da3e018643f3c57b94d1f7d8f031190e1e8fe1aeb4473edbd,39,1,1,0.0,1.0,0.0
B-RF0,1,42,342f55c319e97bc4ebb3ea65c99cec118d9ebb0b9c1dc8c76eda38916bbb6efe,50,1,1,0.0,1.0,0.0
B-RF0,1,42,c81837f79017967e7355fc593b81070347505e7400d9bdfc85ffc152e7f91067,56,2,2,0.0,0.16762867481675528,0.832371325183244
B-RF0,1,42,fc23ab826a2440d11ef69d2086a1f61b6275743360356da43151abc46afe903f,60,2,2,0.0,0.0,1.0
B-RF0,1,42,c27b44d54803697af82881ea82d46e3561cbf37bdea8eb62c2df4af1f57d6fac,69,2,2,0.0,0.07641259965524669,0.9235874003447531
B-RF0,1,42,6eb8f51f02885e1c53aae062c9d8bab63dd1f60f90936f3349e37283882a4e93,74,1,1,0.0,0.9999047619047619,9.523809523809524e-05
B-RF0,1,42,dd582bddc1aca5d5bb7c320bb57fbf5870022badac32ea6378863b35a16c8ee0,85,1,1,0.0,0.9891470939681433,0.010852906031856499
B-RF0,1,42,93f04a3c609794b4d53b3b5d2ffcfda0a1358e9ed321e072e10f1c4d0a40b4aa,87,2,2,0.0,0.07641259965524669,0.9235874003447531
B-RF0,1,42,5029e2776e7b9b5d2af015958cd517fb756f6d8b9853790513dc82715be726fd,96,1,1,0.0012735042735042734,0.9987264957264956,0.0
B-RF0,1,42,2cedf816172020544d1c56529191607083a424ddd9627983acb2537e9c73f8cf,97,1,1,0.0006190813175501801,0.9962724883458077,0.003108430336642043
B-RF0,1,42,fed2454f61d42dd8f9f5651403e7c8aba82a77d8e645d8bf125f75e7c4c73861,99,1,1,0.0,0.9961468106880139,0.0038531893119860766
B-RF0,1,42,8265981c42a1d2d7ece956a8e83fc2766c03bd9b677b5188edf9e65cae717f0f,100,0,1,0.4388369901142515,0.5611630098857484,0.0
B-RF0,1,42,4b4303e1d9cff307886f30665c8e6fb57047e2e8f3cc39e2126b16700e3bf126,101,2,2,0.0,0.0,1.0
B-RF0,1,42,ffd718c11411f17305eebe2c3fd8eae0b394e9127366a0ffb1165fbe02224135,108,1,1,0.0003448275862068965,0.9975447960130941,0.002110376400698981
B-RF0,1,42,ff7ddca54e1e9620918ba02dbfe35985a655c87ef1a72ab4ba4d13faa4ead2b0,112,1,1,0.42650938865056515,0.5734906113494348,0.0
B-RF0,1,42,e27b2368d103c92aa6d3db8b15bcb6a45f02a1799208f1d626eea765d93b4f20,120,1,2,0.0,0.28142494339751356,0.7185750566024868
B-RF0,1,42,399489b6079af091f33320276c7ad2db3c791129a3edbff5b530c66d32cd7e72,121,1,1,0.0,1.0,0.0
B-RF0,1,42,e8cd3aa07ded082c0e9d0cd5ce68316e2c88e74da438e4b08e8a1e9f962c9394,127,1,1,0.050720783279840136,0.9481407852591474,0.0011384314610121062
B-RF0,1,42,70be8a47e5d22077d37988cb4d32c132724a3d1b083ef9ab0b06313f0bf6c905,133,1,1,0.03291034974767745,0.9599930478476645,0.007096602404657961
B-RF0,1,42,be8334d7f47b288facef26257cb6b44fcf616cd19090b942b3e21a6312189a8d,144,1,1,0.0,0.9891470939681433,0.010852906031856499
B-RF0,1,42,c047c292b4e87b40d0e8d2cdb5f5aa7e0bbd22946a70c373ef6dd5c6576bc932,151,1,1,0.0,1.0,0.0
B-RF0,1,42,20a9a7e6d4cf66384115e0a7ecc18f09cf1f9b2d051f34bc82d7b170955376d4,152,1,1,0.0,0.9891470939681433,0.010852906031856499
B-RF0,1,42,a7f1f0bec4d0eecfb4bebc52d748706df58b74a54e32f07189d46c9495ae3d09,158,1,1,0.0,0.9999047619047619,9.523809523809524e-05
B-RF0,1,42,a46bacc86e6d6f2966c8bc9b007be70048a778a3e7dc54762fa3c06ca3dd0a6b,160,1,1,0.0,0.9999047619047619,9.523809523809524e-05
B-RF0,1,42,aee4b0ad4df2a5b974c0fae78b5f15de2ba0da9ff62a1f1845fe8490f931efbb,164,1,1,0.050720783279840136,0.9481407852591474,0.0011384314610121062
B-RF0,1,42,f4f2eaa4ae88e92cfa57b3aff8b8ebc91d59f1c9a27803fe90c6ef8b768a6d4e,165,1,1,0.0,1.0,0.0
B-RF0,1,42,638a470d918dbfbf5afd33eb58e7ac2868a43d0e4dbaab3029db5101a1edce71,166,1,1,0.09553957398623568,0.9044604260137639,0.0
B-RF0,1,42,03c73563087c1329943a56cf316a054838d232eb12bf400763e97af8a779fc3d,172,0,1,0.04619456101370858,0.9140494896328083,0.03975594935348247
B-RF0,1,42,36fc8ba21c05df93f037cf32ffb47c54f5fded8ce374e0e9cf11353791e881ac,176,1,1,0.49304681884163304,0.506953181158367,0.0
B-RF0,1,42,3be1ee30e134a9ae90bc1593ea32cf65047070817401a9aeb18c76efaca04541,178,0,0,0.8577480248509657,0.14225197514903393,0.0
B-RF0,1,42,4d7423cf2ff542521716737a2b82d95c940025a9d28aea9f135e73d793d959f0,183,2,2,0.0,0.0,1.0
B-RF0,1,42,03b5b9fbb1e8685d2aea12d701a8548fbf66e988d3965beff90d610215a6fc96,185,2,2,0.0,0.0,1.0
B-RF0,1,42,842bac774d6c086dd6b92fdb78413098e14bcc3af75125e7d25ca273a3e1f862,193,1,1,0.0,0.9999047619047619,9.523809523809524e-05
B-RF0,1,42,9a4af49b00bdc8c8c90dd9584610e62f31c1dea1496d8c77c154a1340984f0fe,201,2,1,0.0,0.7095924952629218,0.2904075047370778
B-RF0,1,42,ed7122159427b6c8635b7bcd0d7140de4dd489af9eab6fd9bd99b3ebad260d98,205,1,1,0.0,0.9891470939681433,0.010852906031856499
B-RF0,1,42,038c9ee0d7794eeb1143a461c0506513b430ff5293a311f12d84535a6afbcc5c,213,1,1,0.001266396213657877,0.9970202792000593,0.001713324586282844
B-RF0,1,42,aac572f07272c9f29ce150e00d2b33f7765e921ffe4e1a3c8a7aa455349ca19b,219,0,1,0.49304681884163304,0.506953181158367,0.0
B-RF0,1,42,c6b8941e410ad8b2574b68572d59fe76bfb75291198754c7266ab3740f819f8d,223,1,1,0.03291034974767745,0.9599930478476645,0.007096602404657961
B-RF0,1,42,fa91a868a0b2673a241638a1e248c077d7ebbe8369c5e9c7a105ea8e0f678595,224,1,1,0.0031539426663650177,0.91801834978467,0.07882770754896443
B-RF0,1,42,05dde9d4b54f7775db2292c4725eb2440e0b2dbe65d52bb4c05c347040ae90da,227,1,1,0.0,0.9891470939681433,0.010852906031856499
B-RF0,1,42,0e1e5a60db31ca1ff4e88932ce8fb8133c0cae740186c0eecba980565edeeec1,232,1,1,0.0,0.9961468106880139,0.0038531893119860766
B-RF0,1,42,78bf7a927103b0adf2a93a132f44f2411946196d038bf6822cb2eeb2f851ab2c,241,1,1,0.0,0.9999047619047619,9.523809523809524e-05
B-RF0,1,42,4e05a768be51893f790163c79ad042b9bf59de08bccbba7bd25c8877c53ebcdf,243,2,2,0.0,0.07641259965524669,0.9235874003447531
B-RF0,1,42,40f57c13c26aa660145ccd9e9ad6cf7435aba21e0ecb869b65ca110bad79d9bc,244,1,1,0.0006190813175501801,0.9962724883458077,0.003108430336642043
B-RF0,1,42,820af5dd1d43687408ee96791d977e5768628d5dd9718275f49012ab8be7c7da,246,1,1,0.0,1.0,0.0
B-RF0,1,42,2fea83fd72f31c3ed98d355952e0dca5903ca77045d520014559b3131ab53449,249,1,1,0.0031539426663650177,0.91801834978467,0.07882770754896443
B-RF0,1,42,3567553d36285ad28e9947ecc399152b059b63fa0d14e93da3fa60f88729589b,253,1,1,0.04619456101370858,0.9140494896328083,0.03975594935348247
B-RF0,1,42,a71a645737db58ca85f16857a87566dbd0644a509be1426ceec155ba4b32a46a,254,1,0,0.6619675698488257,0.33803243015117423,0.0
B-RF0,1,42,a32d5c6de3dc8a8d1a538283ab55eeaf55b9cf8e25aa347f9451fa80920ab0dd,255,0,0,0.9832819957819956,0.01671800421800422,0.0
B-RF0,1,42,c6d9905e1108342a5a39e558796801aaef2123ede509df6c737dc2968cb80334,259,1,1,0.001266396213657877,0.9970202792000593,0.001713324586282844
B-RF0,1,42,cf04de454501b8a0be83713c4b298369ec62ac21cd8f30857e05891dcef22cc6,261,1,1,0.0,1.0,0.0
B-RF0,1,42,3d8d9b0265e3f1fa1f9dced7be94a31b2d44253a703333fe32683be701e1e391,273,1,1,0.0,0.9999047619047619,9.523809523809524e-05
B-RF0,1,42,f048327f0da983b65f4ac626e1b417339b356d60f7641609e9f999aa25dd1b64,274,1,1,0.21669176252186395,0.7833082374781357,0.0
B-RF0,1,42,2fc3c8e1b6058fdb8ba34e10c4f11c5c96a490da8c44557f51f272e135b276d2,276,2,2,0.0,0.0,1.0
B-RF0,1,42,c215aa987795131b42e2cd8a6c43e525423612ee007a6ced32e8263bda4ad92a,289,2,2,0.0,0.0,1.0
B-RF0,1,42,4560a7ae21f3fb4ac2db6ffe58ddb475ac41d6dc383b998d4c568b31ae65a35c,290,1,1,0.04619456101370858,0.9140494896328083,0.03975594935348247
B-RF0,1,42,609e2c6bb80163f064286be493c35084947f767a9fca5159a6007ea7d78d1b8e,291,1,1,0.001266396213657877,0.9970202792000593,0.001713324586282844
B-RF0,1,42,912f7b7365227a32858a2d927685373d6780e508ef7ac83760fb9ec5aaa1aefc,293,1,1,0.03291034974767745,0.9599930478476645,0.007096602404657961
B-RF0,1,42,97b9091925addb08c1cd2c6078d0de2bf8172b17115de938b77ad77357d5ea5b,309,1,1,0.027146263259453032,0.9657571343358891,0.007096602404657961
B-RF0,1,42,19d6ef82b2a921d77a5573e974ea081845479ae43b183f176897858ed8e06b84,312,2,2,0.0,0.0,1.0
B-RF0,1,42,4791bf9d1d5d0230ab90f16f29614b48ab82e5801b82082235ff9b4358d29def,316,2,2,0.0,0.0,1.0
B-RF0,1,42,9e12aa0dbe5c0aaa2470ead8d7629926f8b65403a6699dffbfef210eb25d80d8,319,1,1,0.03291034974767745,0.9599930478476645,0.007096602404657961
B-RF0,1,42,4dcb168e09d4d7893d639ca45b73e7538eb8bbdf4d053e76233e29ffd3010c99,326,1,1,0.0,1.0,0.0
B-RF0,1,42,cc8929500a996b83f8e58e90d5c2ffadb7b9bc20866921118795138fea402ecf,335,2,2,0.0,0.0,1.0
B-RF0,1,42,f9d294cba21968ac5c7aca6b858728c55a8a06c37c1bd8489ed5b184ed97e39e,336,2,2,0.0,0.0,1.0
B-RF0,1,42,f2a7a0438ec81419aed4432eca97e3bf6a7996b3abcab7bd2b0cb5ea5936ca0c,343,2,2,0.0,0.0,1.0
B-RF0,1,42,57374dc57848f9f7545dfff9c90d14265d0a66c20014fed384c8a1aaab2a8657,344,2,2,0.0,0.0,1.0
B-RF0,1,42,e59d303b3c9921823705d178211a81f3167a2b5c2bedd55a2e440ae6fb609a66,346,1,1,0.0,0.9961468106880139,0.0038531893119860766
B-RF0,1,42,e43bb85cc9f4c204c3b80fc593900bce375e9f42be96d02f335f2f42c13c4ba8,349,2,2,0.0,0.0,1.0
B-RF0,1,42,eb7b92a2b390dbb093e40e2495530b65be730eb752eccbf260be04ff31496b11,352,1,1,0.04619456101370858,0.9140494896328083,0.03975594935348247
B-RF0,1,42,99a93936da7984b3ce75763a91a3493bbe7f16283b2ccde42c3d93bff3fc70e1,353,1,1,0.04619456101370858,0.9140494896328083,0.03975594935348247
B-RF0,1,42,fdc3d5fa14c1a4086c5b7caf79828cce0d013ff497cbe8eb15c09905a3f4457c,366,1,1,0.0031539426663650177,0.91801834978467,0.07882770754896443
B-RF0,1,42,ed55a6f2ea598cc2a90f6b9b6e489d7f1bf59f58579eeba23f34ffb5a4476757,367,1,1,0.03291034974767745,0.9599930478476645,0.007096602404657961
B-RF0,1,42,a538958f863560cab82c81c2af21b948645d77515ec607b6158507d95fe5123d,370,0,0,0.8577480248509657,0.14225197514903393,0.0
B-RF0,1,42,e76f79b797b47271b05802f3737b53b3378b0b1529fd9314fa2a492b6167ac66,372,1,1,0.0,1.0,0.0
B-RF0,1,42,2965eb77c7507629cf30cf7647115971bc3fbc079b0679ddae18c5a7f6088ba0,375,2,2,0.0,0.28142494339751356,0.7185750566024868
B-RF0,1,42,447fa75d82f2da45bc471afc5b9273f8007746f7c1e6608e7f7e080582a7ea08,376,1,2,0.0,0.28142494339751356,0.7185750566024868
B-RF0,1,42,4f4abcb7188e73e10ca68b718d456e0239c4dcb6875e1c3c69a419fec225e1ce,379,1,1,0.001266396213657877,0.9970202792000593,0.001713324586282844
B-RF0,1,42,dce71741a22feecd18d4a68d6dac14f53d1b585efa9029d2d7f6caf10ef1d09a,385,1,1,0.21669176252186395,0.7833082374781357,0.0
B-RF0,1,42,0a3effbdec3cb466bafb0f3db000792529f8a18b89f03e2f2a477a57ccb23447,390,1,1,0.0,1.0,0.0
B-RF0,1,42,64edd6fd449505aaf4ce23b5e8fd239af0c6c1b9b8ec3b6283f29aa63786d55d,392,2,1,0.0,0.9961468106880139,0.0038531893119860766
B-RF0,1,42,3aa2f113241cf12a1f41976ff0bf7942caae7298859aebfd67c1ddd2a115c9f5,393,2,2,0.0,0.28142494339751356,0.7185750566024868
B-RF0,1,42,7e00b595bb6999487c74eb830249fdf599a16fe836019185747560a7869a2ea9,401,1,1,0.0,1.0,0.0
B-RF0,1,42,af3e8a8edbc429d6e82a0234c201d8cc278db4fd145a68015fd1ab8785e57275,407,1,1,0.022456675889191216,0.9741206505311584,0.0034226735796503236
B-RF0,1,42,f5c1f313b06ba018dffafebe7e936f738c7877b1fd7def93331d973a91083ec4,409,2,1,0.0,0.7095924952629218,0.2904075047370778
B-RF0,1,42,a27435e31856096b869dad34f04f50c26e43660a66718f5643ee8ed2eb51af26,414,2,2,0.0,0.13276871337745277,0.8672312866225473
B-RF0,1,42,447b6eaaa01f44759a3e84e1ae3292b980e1e40bbca619439c1154c93b6ba928,420,2,2,0.0,0.0,1.0
B-RF0,1,42,a497a87c94bd318bdbd3ec6561590a06ed35ab4e87ca913472fb109a78f8bbc9,433,1,1,0.0,0.7095924952629218,0.2904075047370778
B-RF0,1,42,652e6865f9acddc8831b8ce218dbe9e6235e8c801d2bbf80d878c249871281f8,440,0,0,1.0,0.0,0.0
B-RF0,1,42,d63a26a5f8c21cfced4f4ebdcc520a460308329d0c2f1685f083d2ed9ab0b639,442,1,1,0.0,0.9961468106880139,0.0038531893119860766
B-RF0,1,42,7b04f1d594f7376a2f050ee49b8349c5ef562e371b59041d74381aaf3f28418b,443,0,1,0.4044713032065974,0.5955286967934028,0.0
B-RF0,1,42,a6b0e9b589ed3f6caa4497791751bb855f8ff7bd71783f5676489298a186db22,455,0,1,0.050720783279840136,0.9481407852591474,0.0011384314610121062
B-RF0,1,42,afa6daaad76b24e7324cb78b11b89285577dc8bbfcf69fd9a2858f75d0d2d255,466,1,1,0.21669176252186395,0.7833082374781357,0.0
B-RF0,1,42,ecddaa9fb5fe0229e957962b58fa482e6fb92d8f808ec76bf3448ae1f9070c00,468,1,1,0.0006190813175501801,0.9962724883458077,0.003108430336642043
B-RF0,1,42,3a7f050103c325de4173d8ce18ea31c2b8a5424d5ca15132d1d2e938a40e25f1,470,1,1,0.0006190813175501801,0.9962724883458077,0.003108430336642043
B-RF0,1,42,d6c2e29b139b700ff7f46855f1fbce6d187c897106391edbf79fbf80ed1f1c14,471,1,1,0.0,0.9891470939681433,0.010852906031856499
B-RF0,1,42,9d1ad6603c4fc4417efe8b4d68b4771693ebeb51d9cc5fc47e7d55d6a396ae28,479,1,1,0.4388369901142515,0.5611630098857484,0.0
B-RF0,1,42,d3dcab46cc222b84f1ffdcca86f298db97158c380bc905a790185b05af010c3d,488,0,1,0.4044713032065974,0.5955286967934028,0.0
B-RF0,1,42,8e66ea34596e3d99a63ea5e1e0165c156c716d735eff28f761ac0ed48e7252b4,491,0,0,1.0,0.0,0.0
B-RF0,1,42,f84b59feebc9f4c0c496f360f1ca19bbe2d5beeb52f49c9fc163d951a96cd776,502,0,0,0.6519559565828645,0.3480440434171353,0.0
B-RF0,1,42,6c25dd980ae55d61fd3c42c5c5e6030ac2dddb2fcce89e3ba55d1ed3f42fab9e,505,1,1,0.0,0.9999047619047619,9.523809523809524e-05
B-RF0,1,42,2df6a5e9d91cfa9be614ad5f9caee8cc67f367e07626e56fc4f67efbfaceff1f,514,0,0,1.0,0.0,0.0
B-RF0,1,42,efb4d196f4193d1291a1cfb89719e049b970e0bf437f8a7e200e7362d60ca360,522,0,0,0.8577480248509657,0.14225197514903393,0.0
B-RF0,1,42,c79ed7e1c220976e51dd4332360fd4507729186d68877b8df22893d4867d9530,526,1,1,0.0,0.7095924952629218,0.2904075047370778
B-RF0,1,42,d1ad465a150c1a7e96ab02a505ebb64e6d4a4d6ed85a8269d159aae2333f6aab,538,1,1,0.0,0.9999047619047619,9.523809523809524e-05
B-RF0,1,42,bb9a219543e713c160a8c0a5217ff0448abee776e104949e51d702515e4d91d8,545,0,1,0.49304681884163304,0.506953181158367,0.0
B-RF0,1,42,e04e7d38a93aac3cae8930e1afcc919894b9a520fcb4dca988b331ff9b2900f1,550,1,1,0.0,0.9961468106880139,0.0038531893119860766
B-RF0,1,42,7c393fcb8c6e7a0bd9c175f589c70e5aa04536220517e7b236f9e14bf21c6822,552,1,1,0.4388369901142515,0.5611630098857484,0.0
B-RF0,1,42,acb36f95ba3fa4630d97646560eebd228e5df633a2b53197160afadbac82d3d7,555,1,1,0.0,0.7095924952629218,0.2904075047370778
B-RF0,1,42,2f662e03b27bfb4526a71add2807e7200b7744865e734e627c558dbfcd716b5d,570,0,0,1.0,0.0,0.0
B-RF0,1,42,cbff20bc53e43cdc376274e957b0ffc5d0e44adc151c80bdf4bbcae92be525c1,579,0,1,0.050720783279840136,0.9481407852591474,0.0011384314610121062
B-RF0,1,42,27810cd10888196a27cced776fd1436adf51d1cae60009f0c7ef8058309b1000,583,0,0,0.9832819957819956,0.01671800421800422,0.0
B-RF0,1,42,11f088393304daadcce4ef6f7aeb11030a552f71b38036237f26bfcd5781383c,593,1,1,0.0,0.9961468106880139,0.0038531893119860766
B-RF0,1,42,f1c806ba37d90be9bd2c5d433faae60be09e78bd25bdd026832fc63f5b765d18,595,2,2,0.0,0.0,1.0
B-RF0,1,42,e452e684933e73c5030cb56fab663ab3633a1033ce3f9525ca49c259cb1ed4b7,603,0,0,1.0,0.0,0.0
B-RF0,1,42,fecb7614f4f605bdc5a580d71a1b278aede770767de1712824a679c6ef5d62c5,606,2,2,0.0,0.0,1.0
B-RF0,1,42,b08cc7b11c2239e58759422b6bf5a2d08f13ee0ebbe8cc8c7d36f98a1fed1f20,608,1,1,0.42650938865056515,0.5734906113494348,0.0
B-RF0,1,42,2ca5957ec014c711ba4a9356fa48dce7c2814b7c34ce6430ed68fa5e83b052e6,609,1,1,0.0,0.9999047619047619,9.523809523809524e-05
B-RF0,1,42,cbabb7d95eace71c3efce48e034e79054df0c1930a226772f3ea9a3f42eb2cad,612,1,1,0.0,0.9999047619047619,9.523809523809524e-05
B-RF0,1,42,0bc52b5e19aa1667f7fbc7756b07899f366c304e861f02d85e0aef1f64de3cbe,614,1,1,0.0031539426663650177,0.91801834978467,0.07882770754896443
B-RF0,1,42,352f35ab026498342b42592c28f2e2be9498c17dfa667c80faea045076e8af7f,619,1,1,0.0006190813175501801,0.9962724883458077,0.003108430336642043
B-RF0,1,42,f73037bf5bb7948b4d6c45d2a9d27260dd1e3d46d4cda2bb4658f1b9abe5c35c,627,1,1,0.050720783279840136,0.9481407852591474,0.0011384314610121062
B-RF0,1,42,7ccf5e3af45d32c2b891424dd669788c94857f3adff5795a33e4b30a42f41db3,643,1,1,0.4044713032065974,0.5955286967934028,0.0
B-RF0,1,42,1f87f903f6991bf3f713838f4ac2d9b2d167b93ad3fc82cd0bb8919543bca220,648,1,1,0.0,0.9999047619047619,9.523809523809524e-05
B-RF0,2,42,3d0d1c44ebc74d642e0c609d5dd4b5cfb467ae332a035c679b0c27cdd1ec168f,25,1,1,0.0,1.0,0.0
B-RF0,2,42,c346e57479e178e7b054371aa9a5f68b51e42c0e4a895346230cc32926dff8fe,27,1,1,0.0,1.0,0.0
B-RF0,2,42,3abda39dd64284c601a97a2fbab4b8034dd42e259e9b097ab0138698fe51f5fb,28,1,1,0.0,0.899915126684485,0.10008487331551436
B-RF0,2,42,ff103515b8dd75894b97d53c0362207acd3e41b19365124568cce40e99ab29d0,36,1,2,0.0,0.3369321524400355,0.6630678475599646
B-RF0,2,42,6c1ff6b4722162e99085258b374ec75e9c250758b590e5d0c7e5e90d433283f1,40,1,1,0.0,1.0,0.0
B-RF0,2,42,f9808139012c8b222496cdbc2c5823f5a200c1ca0c9a76838b16271cb6491b49,41,1,1,0.0,1.0,0.0
B-RF0,2,42,b65ef40f602471b10735bf76d635b6e867318fbd3b2d79eb292d182ebc52fee1,45,1,1,0.0,1.0,0.0
B-RF0,2,42,30dc43bca87dffff763ecab81971977dd0e0eb2ebbba3e56ea466f30648308d6,51,2,2,0.0,0.20337062086520297,0.7966293791347967
B-RF0,2,42,fffdee90b6ab369ed3b441fc0d5835dec1e0da61263172332ba409239a1b6065,79,1,1,0.0,1.0,0.0
B-RF0,2,42,c3aa2339fdff357a10a7d1d16826e1158de5efda7de8df9d86f076ca2646b95d,81,0,1,0.1493516823640157,0.8506483176359833,0.0
B-RF0,2,42,10de938d451cc9cfe6d0ead0b6a8f760560120b56b7ed89b2dc4f651e5451669,82,1,1,0.0,1.0,0.0
B-RF0,2,42,eb359b8ed9a4e0197c1d1ab325e0047ecbec907011dd47ad227dce8c761f9a7b,104,2,2,0.0,0.0036428571428571426,0.9963571428571427
B-RF0,2,42,686e797782deb880befa085462a001874deb90f59e8bd4f579869b6b3cc30dda,111,1,1,0.0,1.0,0.0
B-RF0,2,42,f56c2b2dd4b088427127b4d3efd30492502e057dc35df92f37e390e9ff866182,113,2,2,0.0,0.0,1.0
B-RF0,2,42,8df88942cba699e578f85da548ac43c04023d6e3124e0d909bedcf225ee6ce88,117,2,2,0.0,0.3369321524400355,0.6630678475599646
B-RF0,2,42,10698694323dfb803f5936e348a7facb60fabbb04e356449705169347027f85d,125,0,1,0.32376022237118113,0.6762397776288184,0.0
B-RF0,2,42,f58ebfd4557154ffbcb785a4e55bb6649accdb99c66e82c58ed1bee08f674e8e,128,2,2,0.0,0.3369321524400355,0.6630678475599646
B-RF0,2,42,64d4f18b3b12675504880cd0dc7ecf25b60fc04bfdbec355bc38419bb2d7c415,135,1,1,0.0,0.7980801331516854,0.20191986684831453
B-RF0,2,42,237d8870453dad85e4a690f5ef5b3a88e992a5aa74dfe4b4b5a16a1db596e4fe,140,1,1,0.1493516823640157,0.8506483176359833,0.0
B-RF0,2,42,6cb1a3bd78701f948722853f3ff484b4a62afa283c31e3d9ba8e2ab088574ba2,141,1,1,0.0,1.0,0.0
B-RF0,2,42,ddbe9a19eeb2b15127963e53920ddb3080cf3605be4e5412f985652dc3282606,143,1,1,0.0,1.0,0.0
B-RF0,2,42,0baae3864d2aa3d4aa2751efdb33ff2ab5c818f532230e2e93483176c0226769,147,1,1,0.0,0.6950559273623224,0.30494407263767775
B-RF0,2,42,ffecc433675dacb5aa9570aab766c7b1c9116acb4109af9e6863d3341000315a,149,1,1,0.0010666666666666665,0.9989333333333333,0.0
B-RF0,2,42,fa5daee0d7df009faf4c0e08a703bbc8db8c1ae32e4f684b7085649c9d548453,156,1,1,0.0,0.899915126684485,0.10008487331551436
B-RF0,2,42,81c654f9d5f5591c63de46ec2f8de90d5778222531f6dc2ca93dfe9653b873c6,175,0,0,1.0,0.0,0.0
B-RF0,2,42,0f1626989b6efba0ed821b04af2ce1ef2dd90be67fee5303e0aeb890e84e656a,179,0,0,0.9984615384615384,0.0015384615384615385,0.0
B-RF0,2,42,dc041fdcc3cbcfb79f4de07118d4868642025a233a983d551502cd5c96d20552,180,1,1,0.15319153491155188,0.8468084650884476,0.0
B-RF0,2,42,4bc56ddaf0f7e559d24c60f59a6cf7edbd7b915799dadce516c430ac85a7696b,188,2,2,0.0,0.3369321524400355,0.6630678475599646
B-RF0,2,42,f388cc4e3fa7c3eb79bcc7b0c0c92fff99e4fb329900ed50bfeb4f870f49792e,189,1,1,0.0,1.0,0.0
B-RF0,2,42,e4513c3d95a31cb9b2e70ba9aac54b1937bbbfb1fce1e4e3eaf07f94259ecb86,192,1,1,0.1493516823640157,0.8506483176359833,0.0
B-RF0,2,42,ed46b4dc3fcd5fab1ada22a6d188180240af8e738c547e3f26fc65506b077a12,195,1,1,0.05628903317085163,0.9437109668291486,0.0
B-RF0,2,42,ac305df5cdc5f1b0801b93d200a6dfb28ed119ce4795422a08ad3057488758ce,197,1,1,0.0,1.0,0.0
B-RF0,2,42,ac49935da3ee5b02cec9247a78be9b546c635c54aa6988081e4fe8709663d2f9,202,1,1,0.0,0.9518276495291792,0.04817235047082038
B-RF0,2,42,ea5f3b7855c7c13d408bff3ff046c47d194d636ff9d1cd41a54051e642651080,207,1,1,0.0001923076923076923,0.9998076923076923,0.0
B-RF0,2,42,24fd68e79a2159278d68b9fa03c7a306d89444b373e4ed956a552290b7163fd5,208,1,1,0.0,1.0,0.0
B-RF0,2,42,1c5812f23059c8affe3af759b6ead8c2c38b856307cb70a58a6806f14bcd7133,209,2,2,0.0,0.0,1.0
B-RF0,2,42,6ab8e0705e7b40a64b138c0755ac0e4974492c819c3a3104cb9fdf9bb5c5833e,210,1,1,0.0,1.0,0.0
B-RF0,2,42,a5e5532a8001b1d35b8d647ec7c6de5bd09b0cc81ab543a66c4b92d00869a830,212,2,2,0.0,0.0,1.0
B-RF0,2,42,4cd62e95948bd1b704bbcb35b4c07c1ce891fe8d8603fa8d7d55722149152d09,215,1,1,0.05628903317085163,0.9437109668291486,0.0
B-RF0,2,42,41c314fd5e526b07168ea8735e420c8fd4da4cb146f0cb7b53a0b2e383de5f71,216,2,2,0.0,0.0,1.0
B-RF0,2,42,c52893a6a9c59524615c570b972166e20fb5dc1939f7f8a0a444a854ad8b5954,217,1,1,0.0,1.0,0.0
B-RF0,2,42,ef6d74ead7c9dae1edd8b999fa30b355c27c4fa0917c2b6342686959821c01fa,226,1,1,0.0,1.0,0.0
B-RF0,2,42,a2010d08bf5544fb2f61ba56db0cc9b5b6d58a43b3e7a8155eae755a2ab63922,230,1,1,0.126408094019507,0.8735919059804931,0.0
B-RF0,2,42,ea6ce91f0cda3fa98f7b745b9580fd6b0403056870eb76c5fcf66334679dd7ee,234,1,1,0.0001923076923076923,0.9998076923076923,0.0
B-RF0,2,42,c6d8fdfaebcc9424104991f6e1b2ae52cfc74b01f006f573c65d6403e27860c4,235,1,1,0.0,0.899915126684485,0.10008487331551436
B-RF0,2,42,81b41de2fc119a6be204b22f6f400b640dae3281ad7449e09c510a3179f3e514,237,1,1,0.1493516823640157,0.8506483176359833,0.0
B-RF0,2,42,8ef03a12bf26544326b83a924d78b17a626323183f000e61b0e1269d5151d713,239,0,0,0.8585722610722609,0.14142773892773888,0.0
B-RF0,2,42,e65cba4765702c555356fe2b6fc3183b7079396880ffa82b6303a59358a1b860,240,2,2,0.0,0.0,1.0
B-RF0,2,42,aef48ae8e8f8321f0e29c116e8187c697962ab80108f224eef0febe59017821b,256,0,0,1.0,0.0,0.0
B-RF0,2,42,4e704048021bafbeb44effb9e508d4cef59a712f89bd368f81f564485127cc02,270,2,2,0.0,0.0,1.0
B-RF0,2,42,6e7973c8c4ee77c326ae4010b1418b788a5630854185affb484685e8d73a7084,272,2,1,0.0,0.6950559273623224,0.30494407263767775
B-RF0,2,42,111d930258015ff415cf618a5446916b948c63467161ea1a20e0915119b50244,275,1,1,0.0001923076923076923,0.9998076923076923,0.0
B-RF0,2,42,b66a61f7e4e30927c1735a3306a7e4fd6cf9b017aa1b11eacd63c9f666c7ac77,277,1,1,0.0001923076923076923,0.9998076923076923,0.0
B-RF0,2,42,3366e3e79bb817fbb8c139710399b5e5e682684683af108e41f6f8f47bb2ead8,278,1,1,0.003183942506768593,0.9968160574932315,0.0
B-RF0,2,42,ef27b562eab370d5506b6031d90875e2bf94890dc4f57239be5af639fc2bb2d3,281,1,1,0.05628903317085163,0.9437109668291486,0.0
B-RF0,2,42,54a5824b809802628fc226bf21773286f73e6051e62d9cec2df3e81d93197bde,285,1,1,0.0,1.0,0.0
B-RF0,2,42,0bb5ed634b92cd4e23359fa5c9f0f46eb531bfa0976bdd29a00e52fbed97e135,286,1,1,0.0,0.899915126684485,0.10008487331551436
B-RF0,2,42,7ccb05337d74117430e9fdf9897cd7110c354bd737a7229f86fe605f50969092,288,1,1,0.0,0.899915126684485,0.10008487331551436
B-RF0,2,42,d989513ebc9b816b08d15039e20aff3eeac96a4c9cd17e51afaa8a05ead60f2f,295,1,1,0.002789190132581224,0.9849902110218199,0.012220598845598845
B-RF0,2,42,29fe4b61c9b555bb9cc208302b5dc991e41580d993fe5cf0832053f62f80be27,296,2,2,0.0,0.0036428571428571426,0.9963571428571427
B-RF0,2,42,a347405d861f7182f5157435b676ea5452b581ebf8b34c65c740ee6696256750,298,1,1,0.0,1.0,0.0
B-RF0,2,42,ba77ac0a50dbbe13d7bd6839ae32c5eb1febed467656cd2322a11c5b3f747b65,302,1,1,0.0,1.0,0.0
B-RF0,2,42,8bbb88b5de9002160126d07b53f3cd2825868930b27f08e4ff4760a9c179699f,305,0,0,0.8585722610722609,0.14142773892773888,0.0
B-RF0,2,42,b1ee4d7e89869caeb050bf6a44961b049d9934b92e5ee40bc7e869b645348de0,307,1,1,0.0,1.0,0.0
B-RF0,2,42,e03a5d8fb20a6ea99425f7eb791e67ae67db33777225bd74107066b76cbd37ab,317,1,1,0.0,0.899915126684485,0.10008487331551436
B-RF0,2,42,727f74ba1c3c4c66b1f6b4556991e45b07a8df2d9d01846546f6627456d8494f,318,1,1,0.07161911910553212,0.9283808808944678,0.0
B-RF0,2,42,d3a134515041870d4095cf6ae0a7325769f957b530f530c1edbabeaa7c0c7273,320,1,1,0.0,1.0,0.0
B-RF0,2,42,980f2c93c9c03ec6203a0bdaeef81159a3cfe8ed1f28387385d9f45010302142,333,1,1,0.0,1.0,0.0
B-RF0,2,42,a66c4452b850b95377077697aac825a263e323984b1e8a1b5c25b1f3bbf86b4a,334,2,2,0.0,0.0,1.0
B-RF0,2,42,9f3c666f41f67c4d1304118a8d2927642bae1db9e3d7be9fec6431a472638621,339,2,2,0.0,0.0,1.0
B-RF0,2,42,276a41fcaefc7b0f5b533b227d35bd303c63f762bbf766628024ce36f9313bf9,348,2,2,0.0,0.0036428571428571426,0.9963571428571427
B-RF0,2,42,b5271dc00037ef4441d0e9b55a7b122c6981acc750495290fdf2d1171ec45e4a,355,1,1,0.05628903317085163,0.9437109668291486,0.0
B-RF0,2,42,e77bd94004a0442aa632c906e2f4e997e00b478cf23900001f6d06ec63cb3ef3,360,1,1,0.05628903317085163,0.9437109668291486,0.0
B-RF0,2,42,584086a779fa152c0679d9786c1e33c602944084d5cf48f6c0e7dbbac810bd87,363,1,1,0.05628903317085163,0.9437109668291486,0.0
B-RF0,2,42,1467b04a49c306baf2f2d7d4fd94a9e1d2b0b5a630fc1defcbc2ec8916da6c13,368,1,0,0.6183703355038497,0.3816296644961506,0.0
B-RF0,2,42,aa253d0c7343d07a4854487d2aea858f473eee151b96c2ce40bedb2ee8437306,388,1,1,0.0,1.0,0.0
B-RF0,2,42,a7a9ca7a19cbb70fe7a0ce5094b6f1add89f5b24cedf3415b2882b501c43ca03,389,1,1,0.1493516823640157,0.8506483176359833,0.0
B-RF0,2,42,4e2eb26c0fe972eab4b5b004faa49b46156fd4ee3808d325d7e5594a79414a9c,398,1,1,0.05628903317085163,0.9437109668291486,0.0
B-RF0,2,42,eab697c8c1d27212af84b30e24e32008b1ecbc67472a7ff95ba552ee19c0db40,406,1,1,0.0,0.9985317460317461,0.001468253968253968
B-RF0,2,42,b76ae4c5df31d41a628c2eac6d63a7191c5c814c94f0f8c36f40d812e2089f6b,412,2,2,0.0,0.0,1.0
B-RF0,2,42,8a75076ea3879d0bf0dd017d05b4a245801a302e7b000b0a7b9c1cdb94ca975d,413,1,1,0.15319153491155188,0.8468084650884476,0.0
B-RF0,2,42,5fff96165ae228d0b6c109dedffa29fbbe1bb5419a4e17d1eb6b6f7371638adb,416,2,2,0.0,0.0,1.0
B-RF0,2,42,cabc765a96e5371085f2124e0c49137c3ea6aa1d74da1cc02c830ee82ebc9b48,419,1,1,0.2911718142968142,0.7088281857031855,0.0
B-RF0,2,42,3b6be63e42bced9624f2695926dd4352285f8007d59bd5bb1dd51c40b37024a1,423,1,1,0.0,1.0,0.0
B-RF0,2,42,f4485fff06cc355178561099fde1bff774f6df6adb1ce135820fe0e07515311a,434,1,1,0.1493516823640157,0.8506483176359833,0.0
B-RF0,2,42,e92916be0b17ba8bf1e2d3ce1809285cc94721729d1978c457f4db8c4f4101b8,436,0,0,0.9879464285714286,0.012053571428571427,0.0
B-RF0,2,42,44b0ff3b5337d07bc238578620590bdec6e1c913e99c9aedd40c7306c5136dba,437,1,1,0.0,1.0,0.0
B-RF0,2,42,170bd7b79b3f5e28736c07ca59bd1f2f2b5d4f0778d08d0d065dd684c879d5d7,438,1,1,0.0,1.0,0.0
B-RF0,2,42,e0bd5edf2a653605820916a1a17d66d2397b9ad0dd84f37cbd3fd3810e309037,446,1,1,0.0,1.0,0.0
B-RF0,2,42,4dab921dc624739a417660847b4c0024fe177b771218333bf14e0d0d4e20aa91,448,2,2,0.0,0.0036428571428571426,0.9963571428571427
B-RF0,2,42,85718d8d0d6c99912cd3eac82bdbbb72cee0878bc1891742d1d9ad494dbb5c0a,450,2,2,0.0,0.08598070831816958,0.91401929168183
B-RF0,2,42,13495fa8b8dd9679b0eab26be9488564259999759eb940cad44c16c962ae81f7,453,0,0,0.6154895215359192,0.3845104784640809,0.0
B-RF0,2,42,0dbe677afded6fdb64050e827a3a7e21d49e0ab3138a60a2e288dd171af53944,458,1,1,0.0001923076923076923,0.9998076923076923,0.0
B-RF0,2,42,30208d526f61c08aa4e9adad5f98e9a48303a9b9357da44a27292465dbc46bf3,462,1,1,0.0,0.6950559273623224,0.30494407263767775
B-RF0,2,42,ecaccecb377bfe6bfdaa2574f6cdc96491a0894b2480612d0376098a403592e1,476,0,0,0.6154895215359192,0.3845104784640809,0.0
B-RF0,2,42,c32bf43dea1035a78327d54bf13e6655b755788b7cb2b89bbd177edfc1270a1e,485,1,1,0.0001923076923076923,0.9998076923076923,0.0
B-RF0,2,42,aeac0b830c55c2d51b6a33e30e0be051cd140df152dd398a2eddab2a28bf9b35,489,1,0,0.6183703355038497,0.3816296644961506,0.0
B-RF0,2,42,f1f7629e3f53f2d8e749f46a993a6e72aa316c1d9c1f8b1c67c6dd1a677d2932,490,1,1,0.0010666666666666665,0.9989333333333333,0.0
B-RF0,2,42,5db554cde5ce7bc9cf816db20cff72939c5d380706d527f487672a618aca59be,492,1,1,0.4255195360195363,0.5744804639804637,0.0
B-RF0,2,42,64093b9f13e7c9c5796331cf22a51a3878853dd9a68ddd7e2bd97746e9a148f9,496,1,2,0.0,0.3369321524400355,0.6630678475599646
B-RF0,2,42,e01c7f73d3b9c5e56e27a66af611a14995b4b65854a282507dbf90ced9dc54ac,499,2,2,0.0,0.0,1.0
B-RF0,2,42,f865f3eb3350200dfbeb524ebdd2d755fefe3d4d2a2093ca5e4c3d388c760e50,504,1,1,0.0,0.9518276495291792,0.04817235047082038
B-RF0,2,42,b4ddfccd8e4d07b77338aafe76e7c9ca43343a328bbb848444a3ecb6133dc14d,507,1,1,0.0,1.0,0.0
B-RF0,2,42,857b369ecd76d80997f03f4eb841148b4a57ca5b325132205a6ff964ff20122c,508,0,1,0.1493516823640157,0.8506483176359833,0.0
B-RF0,2,42,74137ae4e7726b7bd996489326eb22a2b8918ea0504267c8fb1fbab7f5ae7b42,509,2,2,0.0,0.0,1.0
B-RF0,2,42,862548383e807e3e1f19b50f24a8569b6ffb9dec43bdb049f653d08bc3af9d3a,510,2,2,0.0,0.0,1.0
B-RF0,2,42,50a1482d80d92dbb826319e4766efc53b1bdf8ad4e84880dca534a5dda4f5043,511,1,1,0.126408094019507,0.8735919059804931,0.0
B-RF0,2,42,96fe6b8a15df2ad16bdc1b1426c5388a37e247e2707b5f5e0efc650981a54522,517,2,2,0.0,0.3369321524400355,0.6630678475599646
B-RF0,2,42,ec4ebe569d3745dd4c8b9698518c7aa342acae412e99da6fde3e888b7d603a83,519,0,0,0.9984615384615384,0.0015384615384615385,0.0
B-RF0,2,42,59e566c9593c67991a9806b91f08f73822a0101cbf3d442380b33413985e2c61,528,0,1,0.32376022237118113,0.6762397776288184,0.0
B-RF0,2,42,ff5ec594276eaf7458f2130bcf3e75b5d349c038b2b084453d15878aca86b077,535,1,1,0.0010666666666666665,0.9989333333333333,0.0
B-RF0,2,42,26b4822fa63df3b3e9c29f678473792ea52b5b587e2cab81296a5a914d19b8b3,544,1,1,0.0,1.0,0.0
B-RF0,2,42,f4d53f6572ae8b078ab81ba0147ca9577c4911fee5434fc10bcd3664f586de6f,559,1,1,0.0,0.899915126684485,0.10008487331551436
B-RF0,2,42,1e575562ac1159a8405c09757fa2ecb84640a371604a760ff9c484986079044d,564,1,1,0.126408094019507,0.8735919059804931,0.0
B-RF0,2,42,6fd9a47fad5e93b780be9618fa002099728d3eff67212f1dfd621d4fe09e5eca,567,0,0,0.9731051587301589,0.02689484126984127,0.0
B-RF0,2,42,c196a7c8ed3ca9e717d3bd3e95cdfe28d93e5d9cf747d077bb16d08a20a5e14a,568,0,1,0.2682964535464535,0.7317035464535464,0.0
B-RF0,2,42,882cedeb9fc2ec46872ae63c3be3b86e9760a8947f6a1cb1a2e0b94eaefa5a4b,571,0,0,0.6183703355038497,0.3816296644961506,0.0
B-RF0,2,42,83113f35b1ed6dcd55e689ac8670be1b8e9643d34559e493146083d8e5945dce,573,1,0,0.5326972398516514,0.4673027601483485,0.0
B-RF0,2,42,7be80fb1e0b72f3463c8bb1765680e76d75477d56995fa3950c138b538110adc,575,1,1,0.0,1.0,0.0
B-RF0,2,42,55dda6439343432382a3c5fcfd38503ba528580be87b0d35cdba66b9c9b827d2,576,1,1,0.15319153491155188,0.8468084650884476,0.0
B-RF0,2,42,d083e107e8f39557b9da7bae2f268fd65ec49b913d65d226417086af94f9511c,581,0,0,0.977093253968254,0.02290674603174603,0.0
B-RF0,2,42,6dcbeeb20de7ab3fb6be30cae5c029490f226a6c6e9839f8bb4882119aa94265,584,1,1,0.0,1.0,0.0
B-RF0,2,42,4d13f0a81cacab75a84d737ab08cf1b5159479efc79f18190e8eff251f50d3a5,590,0,0,1.0,0.0,0.0
B-RF0,2,42,62984b6078e75a305726c858e36e398e1c744cb748f515a9cfe0fc9d54a69c63,599,1,1,0.0,0.9518276495291792,0.04817235047082038
B-RF0,2,42,864a47eb9df8de430cc753dc49cfb0c61bbddcd7e39861184b1c6ac25ac9961b,618,2,2,0.0,0.053834575855860684,0.946165424144139
B-RF0,2,42,f21c6f9076039176e5eb15df163162d58f098a9ae11653ad81acafabb9c36e7c,625,1,1,0.08131120035942557,0.8749719173905679,0.04371688225000561
B-RF0,2,42,0b62dbcc4ebac3c7caeb54877d5a7729939755248ef62d510998e9e0fbed957f,632,0,0,1.0,0.0,0.0
B-RF0,2,42,52a96206cbacbf10f2bc11340bd5210d489f276f3d08ac28be80c19d2cf1da08,633,1,1,0.0,0.6950559273623224,0.30494407263767775
B-RF0,2,42,29fce523320e3983ff6849f6c475a158aa2fe75ebd2e9c644855bcd863b27cc7,637,0,0,1.0,0.0,0.0
B-RF0,2,42,4ec623fdc95e46d2eebb4a617716702a53c1664c18b6850a31a71541fbaf8d81,641,2,2,0.0,0.0,1.0
B-RF0,3,42,9da00394a8e5d8f9ea66036a6a89912efa355fd9ba96bfa4c528435b8bef9db1,0,1,0,0.8016666666666665,0.19833333333333333,0.0
B-RF0,3,42,2032c66fadcb9fb24653402444d869a8a23e06dd7c522221ee5e19db135147dd,1,1,1,0.0,1.0,0.0
B-RF0,3,42,8726e7c2817fb8c8315b2db10843e3074a260645fbf1fccfd23450a6dfadb425,9,1,1,0.0,0.9524307826112569,0.04756921738874307
B-RF0,3,42,14caadb35d5c89647b912b53c06bdcea5896a8299a9358c8bd67f727a3feec4c,14,2,2,0.0,0.40017798147060163,0.5998220185293984
B-RF0,3,42,0817d574402933c00d82a89b1851b0d40647a8234618ab6b293d902531e9fea3,15,2,2,0.0,0.0,1.0
B-RF0,3,42,3679ea32f8b94b8ce3d1242fef2d6073a0bdb60fe26b258e51162049223ac77d,44,1,1,0.0,1.0,0.0
B-RF0,3,42,1a9c93c0298921e6e0f103921ca7dba43c8472b77c47cdfe345bc83365ea4636,52,0,1,0.13950244274173512,0.8604975572582645,0.0
B-RF0,3,42,08f641e003d30bb34ea70c8a98e54462e23555149b596c1f323b1ca3443795eb,53,1,1,0.0,1.0,0.0
B-RF0,3,42,825309a30632ca1e2936b124a778f11cb92b02606b370f89d13bef151f047eef,55,1,1,0.0,0.9633103129736728,0.03668968702632685
B-RF0,3,42,7b13c3dcfc57858b28512dd82b80f9bbc5a38d53ab17609e29661191744e409e,59,2,2,0.0,0.0,1.0
B-RF0,3,42,cb2b4d4111dfd94cb699ad65f248b0bfb4f2ebfda4969f24c0672a4eea784aea,61,2,1,0.11658683764872341,0.8834131623512762,0.0
B-RF0,3,42,2d4a4db57d75d8a7e2d6e56965c925963d33c569c1e24c31a63fb124021beebc,64,1,1,0.0,1.0,0.0
B-RF0,3,42,410500105c3281445a1b6e50757dc923dff389861aa9993c0b740a1545b5b228,68,1,1,0.0,1.0,0.0
B-RF0,3,42,43ef9061e180219186ef1d51bc3c069a634f7f7a0078c5e6a8e339fe1bf5c10d,72,1,1,0.0,1.0,0.0
B-RF0,3,42,81b09fc0aa959d8efcc70c33f155000a7f01a30bf542cb50cd16d5ceb5203c4f,80,1,1,0.0,1.0,0.0
B-RF0,3,42,b64a99906f7914e194b7e5bda1235e3fffa359bf7c1667dd42b4268f16478434,86,1,1,0.0,1.0,0.0
B-RF0,3,42,d1873f2c273d9fff1d54fa797703976f13a01d3298453e10d99cb401551d4999,89,1,1,0.4472451788837237,0.5527548211162763,0.0
B-RF0,3,42,7e9752299515d5ecf7f759b6eae0d65703a71dea906d252e95aab67537ddb71f,90,1,1,0.0,1.0,0.0
B-RF0,3,42,68ce95a11652b3b237dabe6ae00998c9c7adce1ee390c47fadd3e8540130de0f,109,1,2,0.0,0.0,1.0
B-RF0,3,42,3797dbb2b0b7a08e83dbec5409c694efa671c4e46af761858844278f1dc385d8,110,1,1,0.0,0.707337424306348,0.29266257569365195
B-RF0,3,42,704d8396ce08b551fa6dd721337adce6afb2503715135f734bd2c0722ce528d3,115,1,2,0.0,0.03458150183150183,0.9654184981684982
B-RF0,3,42,4d25798cefc2cf5ce3c29ebf0b9e4c0d84956f1a8898de972610ee57b6a7fb5f,129,1,1,0.0,1.0,0.0
B-RF0,3,42,bbb97d718a1a11e509b00ac170dc512ff9b9930eacf75f5a3077880ff90bf810,136,1,1,0.4472451788837237,0.5527548211162763,0.0
B-RF0,3,42,787dcb7a1c4cc9f4983f462ddd01863d71220d14a298073a5886f7917ceec867,138,1,1,0.0,1.0,0.0
B-RF0,3,42,b064cb059d374948ef0370a2437f8d0bafe1e9678a1b38f837c6a6db9db4d582,142,1,1,0.0,1.0,0.0
B-RF0,3,42,9a26ca17f1a2a542cec0453d178767a86c59652d63ff72ddaa48810be13d1ab6,153,1,1,0.0,1.0,0.0
B-RF0,3,42,d1b268ba32d56d8ff3504e94ee5370f3a76ce18e0a3b0db5c875395b0e922da0,159,1,1,0.0,1.0,0.0
B-RF0,3,42,440e70046c7ab779d69b3cf5f483b0504098b58f20b98da0f4b90dcca58b7a1c,161,0,1,0.4472451788837237,0.5527548211162763,0.0
B-RF0,3,42,1336c5029330743b5ea83d83fdfc07fcd73276158b755bc1202b4a90ade5cb08,162,1,1,0.0,1.0,0.0
B-RF0,3,42,d51923504c8a939ba8dfbe8c09d12c0f24fc1b5f9fceff2ea5d3f498b3105dad,170,1,1,0.0,1.0,0.0
B-RF0,3,42,c346449759a08de6df8ad7f0936940e980e88f11837c514a02a4fd03f71ed459,174,0,0,1.0,0.0,0.0
B-RF0,3,42,4b9f8e0c8ab34af43ef7096eb4e85d311551b210d679e5d673daa44a258e8a42,186,1,1,0.09075373237873233,0.9092462676212675,0.0
B-RF0,3,42,801eb4d09dd43b2b678c81a91d82521163c504324fee02de3778a3ecd1a926bc,194,1,1,0.0,1.0,0.0
B-RF0,3,42,0c37fd58a9827290e55b34630825b0d6244c49d5ad38b4cb692ee5fba935d2c9,203,1,1,0.4472451788837237,0.5527548211162763,0.0
B-RF0,3,42,50fcac22a7e0a3f9e29c98914641686f7b4d5b483729f33dfc0943ebc770409d,206,1,1,0.0,1.0,0.0
B-RF0,3,42,1223db6fa4c73ddcfb1d3c6d1d32d7a9a694a0c67b0b8896d2e2c5252ea458b7,222,1,1,0.0,0.9633103129736728,0.03668968702632685
B-RF0,3,42,1cd7edbfe2f40c5d7c9a6230c2530a19e1c33c1d7a4b9c2fc76e71f4a4ef2955,229,2,2,0.0,0.0,1.0
B-RF0,3,42,51cce7d0485df80b75d03dee842b5fbb970f5348df67160d0e30730f577a193f,231,1,1,0.11658683764872341,0.8834131623512762,0.0
B-RF0,3,42,982f60fd457eb6d3d3ea718cf44d5cb26c9847a13bc9211cf942c0276094cbea,236,1,1,0.0,1.0,0.0
B-RF0,3,42,73d4dfe9d634e737477bbc0e789414071caddfba0329a03b55a67d4565f16b31,238,2,2,0.0,0.0,1.0
B-RF0,3,42,17fce900c57b5d8978b6a7f3fc2fb54520a09094e94167b76cbe441400f5ad10,247,1,1,0.0,1.0,0.0
B-RF0,3,42,38085f4b22cba5fc2e5c7334dc43fd4faa9f1be9584e87c3a89ac73aa37f3ff6,248,0,1,0.4472451788837237,0.5527548211162763,0.0
B-RF0,3,42,f37129146fe1cc102260df1bb5035364d6977e2290c3f3c022105e91ae0cad55,250,2,2,0.0,0.0,1.0
B-RF0,3,42,c85e618c2cb4110b794d0c0953af57fe74dd832c9089b476240a78f6178bf1cf,252,1,1,0.0,1.0,0.0
B-RF0,3,42,6a3c09e4947d005706a207b8c760dd1e4a01a013d7fdf234bb6e2abbe62ed0f8,263,0,0,1.0,0.0,0.0
B-RF0,3,42,55f09cfab4e7759b9196088c60e80fdf399fa12b760c9cf22aaeb33589b1808c,265,2,2,0.0,0.13320221445221445,0.8667977855477852
B-RF0,3,42,b7661cb5dd52c9c0fe4365fcc6bff1f997b8753cdce2392381357136c4a5bf43,269,2,2,0.0,0.40017798147060163,0.5998220185293984
B-RF0,3,42,be89c47ea7807e1e8f1728f4281bf7f92ce922539e0b3cd0848dc5a258702b8d,282,0,0,1.0,0.0,0.0
B-RF0,3,42,8b6cbbd882704231c2da058f30493957fe5f146ad538f186251118a7c93fe195,283,1,1,0.0,1.0,0.0
B-RF0,3,42,1c7add97688eeaddc1858c389db4aac1d7c75a52d05d5f15c0d081a7b938abaf,287,1,1,0.16205994729237974,0.8379400527076197,0.0
B-RF0,3,42,50a40749308fda874b7765a8a2b85ca93645b0200e63e9851129ab8fd6f41ff9,292,1,1,0.05209212632731966,0.9479078736726803,0.0
B-RF0,3,42,0910a774d27e3fe150f1c12d186032f527421ab5d7c35f74ac4f758094dd228d,301,1,1,0.11658683764872341,0.8834131623512762,0.0
B-RF0,3,42,4bea7852e6349795c7bb47b3b196b923e2ba8e7aeea9001ce30608cc02c0e4f6,303,1,1,0.0,0.9742424242424242,0.025757575757575757
B-RF0,3,42,fe7000c6192011cc4cb3fab698a7821cc7044fec6fed4d6c825162ba8e131368,304,1,1,0.05209212632731966,0.9479078736726803,0.0
B-RF0,3,42,de68a6ddb137408d6f047da8b80a1ebeb03cceea79fe2bc107056a11068abdc3,306,2,2,0.0,0.0,1.0
B-RF0,3,42,ee99b4a3c8e4b8ac8172a040ad3be7a04dea423a9ae0409a95df0fafc91a313a,308,1,1,0.0,1.0,0.0
B-RF0,3,42,5e503b8ae7945a0c7a8bcd67542d51082ffc17c2404a5253304711f79919407f,313,1,1,0.0,1.0,0.0
B-RF0,3,42,a538822eabdf193b2b19f78ccf63644aa5c71ce346c2909e83ad04440964ae88,315,2,2,0.0,0.40017798147060163,0.5998220185293984
B-RF0,3,42,0796be2517f6d256579d64e3fd271287a0a015eb77e018c048e59d0f28eee45f,322,1,1,0.49941053391053386,0.5005894660894662,0.0
B-RF0,3,42,1bfda6b9b2ec251369d6f57db5fce38fb12dcd38ecc1650133ffde8588ea9de5,323,1,1,0.11658683764872341,0.8834131623512762,0.0
B-RF0,3,42,dd16b30b04ffe107ef12c7c07478ee8a6f1cb06de15b60261e80e1c3592fa365,324,1,1,0.11658683764872341,0.8834131623512762,0.0
B-RF0,3,42,4998ff2bd307bda1d85ee16567c661c9862e55779e725e724189456e0c51af70,325,1,1,0.0,1.0,0.0
B-RF0,3,42,39eaa33a8d48061b0348f9e4a83e301a0a7459e5eb653e83810f30644bbc17f7,327,2,2,0.0,0.0,1.0
B-RF0,3,42,5caa9ac380bb06f4d084ea82b0b0e36346f917605e5ce0b8bbbdf5ced25c6cd0,329,1,1,0.0,0.9524307826112569,0.04756921738874307
B-RF0,3,42,fb6e8a79c7509d2ea0d634b54f8c3c61a61c856f58b1e43907d91134de9c8f10,331,1,1,0.0,0.9524307826112569,0.04756921738874307
B-RF0,3,42,a46a03d1ee4daec20e9a849ba628defbbc5ebb1042f9cc44f825a9072c526ebd,337,2,2,0.0,0.0,1.0
B-RF0,3,42,4612e860034a77d8b2a28c5a307edd4c230ea2cc203c599c4d524164ca1c201c,340,2,2,0.0,0.0,1.0
B-RF0,3,42,562297c9b2262e5b9178439eac76300b6d0baa5c81dc6ab9a3e04f13b44d1edd,347,0,0,1.0,0.0,0.0
B-RF0,3,42,2aa6a5792ef7467f71fc55b9fcc6f5c9d6ba25f470083dd8e9a787e579bfd401,358,2,1,0.0,0.9524307826112569,0.04756921738874307
B-RF0,3,42,2b1079c154b15202bdeb4e37d3bb3fda5cde0b6dc62e5246d0face06819abf5a,371,1,1,0.11658683764872341,0.8834131623512762,0.0
B-RF0,3,42,4b1c806a421b02743346fc062782ec9b603b1cfc919177966cf33f0baffd2193,374,2,2,0.0,0.0,1.0
B-RF0,3,42,ed9c1db619a6e03138850df9100b0c87a96915bff8f177717879e0b0d0763e16,377,1,1,0.0,0.707337424306348,0.29266257569365195
B-RF0,3,42,421629aaa541cfa65f08170d2ded95bfcfb72deb6371ca7bd8cff9686b07ca24,381,2,2,0.0,0.13320221445221445,0.8667977855477852
B-RF0,3,42,28b053e3389d9080286d65e0a159dfd0e84b54ab6f9d29efe76029c4e441d313,394,2,2,0.0,0.40017798147060163,0.5998220185293984
B-RF0,3,42,93b21413c755833e1950d07af850214cfb9b5519b7b21162d63f4c9ee904ca1e,399,2,2,0.0,0.0,1.0
B-RF0,3,42,76d06487c4ffc806c0124b367816f652dd15cd43c60141189fb67369207e51fd,402,1,1,0.05209212632731966,0.9479078736726803,0.0
B-RF0,3,42,284ec319e69a06d51dc7138b1cd703bdec233bd9862e76e788a66d58b5c93074,403,2,2,0.0,0.06434259259259259,0.9356574074074075
B-RF0,3,42,f31671785b3e105c3461c6f468a73e51b08fb09a2755ffa8ebfec2ee89fdccbc,405,1,1,0.0,1.0,0.0
B-RF0,3,42,5fad3e448c5e1d74ad40706ea43e831ca8eb7c7de5f8b18a8d11e3658f13675e,411,2,2,0.0,0.06434259259259259,0.9356574074074075
B-RF0,3,42,abcb65e9f203ebce43dfcc290e3881ec3fadd75e0780873abb34e688cf2bde55,415,1,1,0.16205994729237974,0.8379400527076197,0.0
B-RF0,3,42,ecc8758acbe3ff3c1237190f0844b57b0865bb46d0c940c7ca341391b4a24f77,417,2,2,0.0,0.0,1.0
B-RF0,3,42,83a9b71397707247df9fd3717796837f3765429b50236d6099664af84b527b36,418,1,1,0.0,0.707337424306348,0.29266257569365195
B-RF0,3,42,f69228ae618f2a54598815acf45338b6ad192e9eb36eb4949775495b54e4ef8b,422,1,1,0.0,1.0,0.0
B-RF0,3,42,b792c09ee937fae339c13197e2ca35611ec60e9b4d2f0dd62906e390c58a29f0,424,1,1,0.0,0.9524307826112569,0.04756921738874307
B-RF0,3,42,db9e4ad5925b27ec0584e301c098615d0e7d750f33a62c852097ee5091d20bdb,425,1,1,0.11658683764872341,0.8834131623512762,0.0
B-RF0,3,42,a3ac2db16dcc74dd63903b195b7d1a3a53338887f18e8639c30c65d8eae7bc86,430,1,1,0.0,1.0,0.0
B-RF0,3,42,4197c747bb633c56f7d24ec066c22ea16f41b22682b607527cfd6f1a7a2562c8,432,0,0,1.0,0.0,0.0
B-RF0,3,42,3ff83fc265305905760c500d9fe41689de9a1de06044ba371e5d92bef6310802,444,1,1,0.16205994729237974,0.8379400527076197,0.0
B-RF0,3,42,1a61ef72c42eed5e7901aa43b40e133c4e51f87ced017db6e1d465d17ca3ec78,454,0,1,0.49941053391053386,0.5005894660894662,0.0
B-RF0,3,42,3d49951b870f3bcf189be0c2ef0d5405a6c21987112ed1b195ea3ed4ddfb46d6,456,2,1,0.0,0.707337424306348,0.29266257569365195
B-RF0,3,42,3d19f74837a5c6f5e6ce0189453e4c6b522f560699d85fed9af18054565b4fad,457,1,1,0.0,1.0,0.0
B-RF0,3,42,8d0f029901600d9418a07f1fd8a7b00c1d0b43e684bd28f66e21c5cf7dcd6021,463,1,1,0.0,1.0,0.0
B-RF0,3,42,55d65dd88579a7b1789b4e356b381badd401b3808258dce2c7f346a5dd179c07,464,1,1,0.0,1.0,0.0
B-RF0,3,42,9b5390ef3260489b3c3887f9fe6f349f50d003bb156f7742f95c91a2857f2dae,475,1,1,0.0,0.9633103129736728,0.03668968702632685
B-RF0,3,42,4e8d3b7274c27d5592e32b4eb3028607e6458d3fa96ea1c253fae1519ce42ebb,484,0,0,1.0,0.0,0.0
B-RF0,3,42,39f5260d468bf91cca4bc94b0f64140f65b1569a4eacdacee827afe47a7a43af,486,1,1,0.16205994729237974,0.8379400527076197,0.0
B-RF0,3,42,ad3bbd4bc195aca26dbe34255846b204647007f9008cd1604caf31a6030ec266,493,1,1,0.4472451788837237,0.5527548211162763,0.0
B-RF0,3,42,9662010e2490990d85dd702691d3e752f5a17e905f96d98be43c275a1e08a893,501,1,1,0.0,1.0,0.0
B-RF0,3,42,f9871cd35fbbef3dcc9a11edf31cde93a1421f2f6768ec1eda59f1fd8a7eda5b,503,1,2,0.0,0.40017798147060163,0.5998220185293984
B-RF0,3,42,09483a45ca26429c517c73946e7c0e42d0b268c8e54f9f87e8d06f6ddbddf0e6,512,0,0,1.0,0.0,0.0
B-RF0,3,42,e3b43d0c2f88cf262221ae16e2204cd0eab17feeda587be40cda3a8f76eae2f7,513,0,0,1.0,0.0,0.0
B-RF0,3,42,293fd70db77ae8dac4ff7015aa8471bbee8dc11c94d69214be1164a3a65ded47,515,1,1,0.49941053391053386,0.5005894660894662,0.0
B-RF0,3,42,1d8c825fa4140f5726cf96d2fbc410daf8dc1449a57aa3018d8d69710baf1acf,516,2,2,0.0,0.0,1.0
B-RF0,3,42,6be95b1a0e561d03e9ff9bb3bf48e85fc3bb4ae85b750949097b5270445e0b2f,521,1,1,0.36159632034632017,0.6384036796536795,0.0
B-RF0,3,42,302494caeb3ee0101f8f544443114bef1a41d67b3f2ce1366f69f9a3f31ce11c,530,0,1,0.4304043734043735,0.5695956265956265,0.0
B-RF0,3,42,721efe630e75ad47ccaef650071f9859ae1b8779a8c95ecea3c05cada999c1f2,537,1,1,0.0,0.9633103129736728,0.03668968702632685
B-RF0,3,42,d1958961f2d45dc817103b882041c89ee03cfc904630b276a8df79cc1bb77be4,542,1,1,0.0,1.0,0.0
B-RF0,3,42,298396fbfdd8164ae18c277866976ca23849141cf1815c2bcec80e4ae07c61b7,548,1,1,0.0,1.0,0.0
B-RF0,3,42,fb94ee8ea1e782bef0347d3f68c7a3b2779dd41a95c0aa9dfffc9da76f70ba9f,549,2,2,0.0,0.0,1.0
B-RF0,3,42,5b5485c49c314af261c3458801b8a573f2c1563a3c311c29143aab59d9d911ea,551,1,1,0.0,0.707337424306348,0.29266257569365195
B-RF0,3,42,05567423ae09c5925d6146877dafb322bf8ffcd07a7f3933256d62e795f81820,553,1,1,0.0,1.0,0.0
B-RF0,3,42,def918c1724a318819400b627c2284b9d77b244b87ba2494717c910e5c9c38bc,556,1,1,0.16205994729237974,0.8379400527076197,0.0
B-RF0,3,42,81797337a73820dc32b1a903022de6137363f685e79ff3d28361b746ffaed4d1,558,1,1,0.07386111111111111,0.9261388888888888,0.0
B-RF0,3,42,42782168745dc8505000dbae693962b78560d30e77d5c939cf351a8b1435ee0b,566,0,0,0.9715833333333334,0.028416666666666663,0.0
B-RF0,3,42,6fb20bf325c96c92f7685718fe8ac085abc4d9ae3655bac14eeb57923a7ace8b,569,0,0,1.0,0.0,0.0
B-RF0,3,42,4d38119ab66a25344f4d5e9cac08e7a79647052d37639e78099d0d83f405388c,586,0,0,1.0,0.0,0.0
B-RF0,3,42,e8163c001a265fe053d03db65ff85765ce01cdbe0255fccc0cdc667d3e54d98b,589,1,1,0.4304043734043735,0.5695956265956265,0.0
B-RF0,3,42,43460a59a097e1443e8fbc9958de350337bb25f8ffffc2fc154630bccfe4cab4,592,1,1,0.05209212632731966,0.9479078736726803,0.0
B-RF0,3,42,5cbc809b12bbee7f9264f64fb42ed13d33f0a6e6a36184a8abaaf767c2a5e4d8,594,2,2,0.0,0.0,1.0
B-RF0,3,42,638b177ebfd03aac5f3afd7b87a4197f8724aebf6fb9331b5739e0ecf63e509b,596,2,2,0.0,0.0,1.0
B-RF0,3,42,88141e1c7c290dd5013d1430599c08e066cf9b67d49c79ba4eed15b5368f8865,597,0,0,0.9715833333333334,0.028416666666666663,0.0
B-RF0,3,42,95e8238ccef68ad4f8150229d207753b7ab128e23d88ab78b7641a93e0bf0b7f,598,1,1,0.0,1.0,0.0
B-RF0,3,42,822a295f2c49ded241a54272d201a97fb3dc1b2409068f0e353f918e741a9ae8,601,1,0,1.0,0.0,0.0
B-RF0,3,42,ac5e5e4d7d88c4fc6bed3d9c971328c75ec9aeedf9f5e57eeb490d0e05eb0235,604,1,1,0.16205994729237974,0.8379400527076197,0.0
B-RF0,3,42,e76d30071132859aee98d30842d0336ad4f55ec000ceee702f40c262f5d29fe4,605,0,0,1.0,0.0,0.0
B-RF0,3,42,0c62dd9eba4e97411d8065ea4a297154674fd8225c2e5435c85f3e545314f202,607,1,1,0.0,1.0,0.0
B-RF0,3,42,3f51ef1cc86ab991c28a55516800a2b6b5ef37565f358b017c65fa7577187dfa,621,1,1,0.0,1.0,0.0
B-RF0,3,42,dd38559e4db1b62eb9ee7721afb2fa8ba6d0e620b0ca68c3466a2b552c86f887,622,0,1,0.36159632034632017,0.6384036796536795,0.0
B-RF0,3,42,791278aa8844499b0a60f95a26795155a5f9545a142a562dca7b40238639b234,626,0,0,1.0,0.0,0.0
B-RF0,3,42,f348edbafe367b5ca9552438520be0642620dd2e2fa1312d7bf2b74940eb9780,644,1,1,0.0,1.0,0.0
B-RF0,4,42,366f43b68b77ee5d9d4d649052f097811eedbdf9b66e66e3d3a40f469b388044,2,1,1,0.0,0.9414209628680752,0.05857903713192451
B-RF0,4,42,8b3e47f5ebce0eb3eab15109aa814094f34c092ee88c49f965a0c31f02e89665,10,1,2,0.0,0.28646918202234173,0.713530817977658
B-RF0,4,42,51bfbad6d53b93a899767c78e04aedd5268a69726ca0fa60eebb8995190d4982,12,1,1,0.0,0.9414209628680752,0.05857903713192451
B-RF0,4,42,3ebf8a2cebdec533bb2f688970be04e9d39292494e756baaecc985483868e197,16,1,1,0.0,1.0,0.0
B-RF0,4,42,df5f1e6242f05e2e7995e736400586f8d34bd840e6cc2238daba43556f312bf7,17,1,1,0.0,0.6880261319453151,0.3119738680546843
B-RF0,4,42,716a01bc74c08fe1ad70772ed77afa2bc34025fce7092dab0813200de8da2e99,20,1,1,0.0,0.9414209628680752,0.05857903713192451
B-RF0,4,42,7df5d7c65a174992687578a093dd207e1ca89156b6eb9caf2dc28c6a498c4c69,21,1,1,0.0,0.9997297297297297,0.0002702702702702703
B-RF0,4,42,e61c91569c6de30c3d7a1a050539ef58a6e6b2819fedd91cf751aa0b3b5dc43c,23,1,1,0.12254669639444454,0.8138050184170001,0.063648285188555
B-RF0,4,42,1d7362cb11b923770fcf1b9a9f01b7fa4ac11819920853a5a2909ecc1bcf6867,24,1,1,0.0,1.0,0.0
B-RF0,4,42,f791c4eed66654e399b28a4c327d7b32842e48bc7cb42c5ddf0334cb435a54fe,26,1,1,0.0,0.9997297297297297,0.0002702702702702703
B-RF0,4,42,6623d48d7b4f14736e86dddd3ea44cbf28743d1a0fa21fd0bc2badc498627870,30,1,1,0.0,1.0,0.0
B-RF0,4,42,adeb2a11168a375acac8a5ba7b0b12f61ea068f42dc92905098e6e9cc109f6bd,31,2,2,0.0,0.0864839949352333,0.9135160050647664
B-RF0,4,42,754d80adc397c4fc9bec4ce162ed868fbaba4b8aa3ab35766de0fb6def2f0ceb,34,1,1,0.0,0.9209725767683027,0.07902742323169709
B-RF0,4,42,84eb0f805fcb924ea581aaeed6c1024f9b78a793c930404ba039a4ceae8ccc01,37,1,1,0.0,1.0,0.0
B-RF0,4,42,5a01e160eddd0bfbc539ba4edb21a863e238a235071b2454983b79461d8e4206,58,1,1,0.0,1.0,0.0
B-RF0,4,42,717139bec7d6697c010ef70919581b03d427ed7b732fe74877da3c2869a2549a,65,2,2,0.0,0.0864839949352333,0.9135160050647664
B-RF0,4,42,ae7b53521c5f68c35a765aa5d26aa9bfb6604a6b2115fb3b85bc571e44290618,70,1,1,0.0,0.9998214285714286,0.00017857142857142857
B-RF0,4,42,c95ca8f4fa098b2e8efa4e74297b6a837b1cad117a7c74f757cfb6e899300c9b,71,1,1,0.12030808648583577,0.879691913514164,0.0
B-RF0,4,42,8e1cfba12ecae9c7fe55971bfee9792fcbabb9508905435e85fb5be079f00c2e,75,1,1,0.0,1.0,0.0
B-RF0,4,42,661a678ac0beaf6c8e05288f361e0ec2e0cbe5cd6eeac862ecacedbc032c4cd3,76,1,1,0.0,0.9922582633618582,0.00774173663814171
B-RF0,4,42,f6f85707110f73a6681ed41afcb48bbfe37fc724bb0552b9d4cf0fe7426ae0d2,78,1,1,0.4791284061913319,0.520871593808668,0.0
B-RF0,4,42,a39c3e2842a98f8ce8ef89b6eecb15c7e97b2bba8dd4fce046e6f457f63b132f,83,1,1,0.0,0.9988441558441559,0.001155844155844156
B-RF0,4,42,f71c1967da2534ea41551a7d2611bd192dc4205226657d845b33cb958d52e12f,88,1,1,0.0,0.9991176470588234,0.0008823529411764706
B-RF0,4,42,55134d6b9833e0dd6d9893c0d987db36b88926cc2663da7803c8d21064433f00,91,1,1,0.0,1.0,0.0
B-RF0,4,42,7dbcdf95b6256c0f7b1dd6a3cc8fc9f0657b3eda2c88287ea432e7e932ba8d14,94,1,1,0.0,0.9997297297297297,0.0002702702702702703
B-RF0,4,42,4c96ee395ae6b58dd1fc56a4feecd55f450b02849ef0476aa8095841292de3e1,95,1,1,0.0,1.0,0.0
B-RF0,4,42,4f65f4ecb5dec7a9bcbad3145918aab9b07f8a407f8e8a2091429b181b95ce71,106,1,1,0.12254669639444454,0.8138050184170001,0.063648285188555
B-RF0,4,42,1cef8f807fdca35bb7855250f58e049e267f113b93c430f11985366f1fcfd9d7,114,1,1,0.1890743466364478,0.810925653363552,0.0
B-RF0,4,42,0ea019d83f26df83e9b4d8ca38756d7365d28364686c182cd874a5234050812b,116,2,2,0.0,0.0864839949352333,0.9135160050647664
B-RF0,4,42,3dbffa78da4c6ccc5516a203817127a6190976a61b2c1e8e3ea1b77c6cff7d9d,122,1,1,0.0,0.9988441558441559,0.001155844155844156
B-RF0,4,42,7df3a248b5f8b93b45248cf254e97e9ba96a25254e52674e69515928d061a4e0,123,1,1,0.0,0.9414209628680752,0.05857903713192451
B-RF0,4,42,d2b095aa11fac2c0afb11ad09d16074d95b8ba0c47d799f8ede52e5b993a41dd,126,1,1,0.0,1.0,0.0
B-RF0,4,42,dcbc9639337cde5535cbfd1b0895c1483a0c8d68b64e3c51551b748cef00b663,131,0,1,0.1890743466364478,0.810925653363552,0.0
B-RF0,4,42,15b4ffd20b8c1fc30ae15bc841142d7ad85f1a4f9571265b80d081a59b742e1d,139,2,1,0.0,0.6880261319453151,0.3119738680546843
B-RF0,4,42,6c01e488a30c00d7ce599e5c6d7195f878613637774ce7b5cd4d9e7dab67078a,148,0,0,0.5203595139156623,0.4796404860843378,0.0
B-RF0,4,42,cec560dc37f41cd4c0033a5023e3ad17cb7fab8ef72dc1a8150a7ed88228fdd9,150,0,0,0.6545378718288934,0.34546212817110633,0.0
B-RF0,4,42,b434bdb6cf6a016c8fcf4ddfda1903c394ac80dd9a22c7ed02b2593841c71f91,157,1,1,0.000747728860936408,0.9985045422781272,0.000747728860936408
B-RF0,4,42,ba5855f8ae5d306be9297d600b9787f650a7bcdd0cb8c9be2e1066ffbedbd65e,167,1,1,0.0,1.0,0.0
B-RF0,4,42,8cfcf18683c3b7ba3ced162978e9086a8ed03ba8ea0326e9517b0fb14a46f944,168,0,0,1.0,0.0,0.0
B-RF0,4,42,3a299c3c001be06083770361c18b9c8ad0448316f4c759f5eb6be75b20384d39,169,1,0,0.6545378718288934,0.34546212817110633,0.0
B-RF0,4,42,85f403ccf55735ef4bcbb2f529613e60c1023c2ec151eba3a05f40c076ed746f,171,1,1,0.0,0.9991176470588234,0.0008823529411764706
B-RF0,4,42,6df07523c6bcce6099d7d663ad6a57b32e7357259ad66091764a914e4062a886,173,1,0,0.6545378718288934,0.34546212817110633,0.0
B-RF0,4,42,4d9c66f835e53c59a5b442cc32a3068c038a14b4b5816a08082ca8e454ac6666,177,0,0,0.6545378718288934,0.34546212817110633,0.0
B-RF0,4,42,ea343acee5823e9928048bcd114ab1bf1f6a80fe0d6f43707827d9efaf48f9c4,182,1,1,0.0,0.9209725767683027,0.07902742323169709
B-RF0,4,42,1f45e1f29d5af173d4f68cb977fa645b945e3015dcbee511344c2d6f2417112b,184,1,1,0.4791284061913319,0.520871593808668,0.0
B-RF0,4,42,2085cb7bb188011662c46b252b9f3e65cd2c79085775a23fcecb742fefa155a4,190,1,1,0.0,0.9988441558441559,0.001155844155844156
B-RF0,4,42,dda56c3d07f633d971d329a63b1fdd7558cfca3fb0e027085f9e37f767b3fb45,199,1,1,0.0,0.9944782361040941,0.005521763895905771
B-RF0,4,42,edb22055eb500691bda99be2c9e755b933fda43abbb5ac8d461c3b99c85b847e,200,1,1,0.1890743466364478,0.810925653363552,0.0
B-RF0,4,42,c590d4966929434b32180f09a7062520e5996d2f0fe22fac768d1ca0613d025e,220,1,1,0.0,1.0,0.0
B-RF0,4,42,a5daa6d5539669eb579a2eb52884c6f73f940319383b144b4c4638f49c0549d8,233,1,1,0.0,0.9209725767683027,0.07902742323169709
B-RF0,4,42,98c1ed0f87d3d9f68a060c36de601cd9dd4c5c389aa3ef9b828e9c93c98f1a50,242,1,1,0.11650374196015062,0.8831188995492834,0.0003773584905660377
B-RF0,4,42,c302ee011150e5de42eafaa347a1b841d5d8807659f31696d8f82c5a4abc8105,245,1,1,0.0,0.9414209628680752,0.05857903713192451
B-RF0,4,42,7dd03f8de291c327ff1d0ed6f33b027547ee5dee91900d57ad3847ddbc771ca2,257,0,0,0.6182019928292644,0.3817980071707354,0.0
B-RF0,4,42,6bf3a7c4314c48c91d33eb94eb7bbcf708f6d2a7c6af47237735c2d12f683e35,260,1,1,0.0,0.9922582633618582,0.00774173663814171
B-RF0,4,42,bf0447db8e3d43257114531a92a520c82a6453bd3b7ae34aea8711ce45d014b0,264,1,1,0.12030808648583577,0.879691913514164,0.0
B-RF0,4,42,747d3e66fb22e30550810dc98794ef466dae76dcbd60596dc19187a28a0495e2,279,0,0,1.0,0.0,0.0
B-RF0,4,42,570a9095c62e1fa55a30bd460a6ecc380dc180927ebbc369eb3452bf401f5b43,294,1,1,0.0,1.0,0.0
B-RF0,4,42,06bff8560b0213942ba71145fac2e05499ca6db5f23f3a048b71ea1db4373276,297,1,1,0.11650374196015062,0.8831188995492834,0.0003773584905660377
B-RF0,4,42,8facf48402aa60c4e52666105b216119e1b68d607cd90e64c373961ddfa8a9bf,299,1,1,0.0,0.9997297297297297,0.0002702702702702703
B-RF0,4,42,5756c809e3d8db3cdd21b5e8d36139858b8f09dbfdb84c88dd454914fd2447db,314,2,2,0.0,0.0,1.0
B-RF0,4,42,b44a3f41d310382fd60bf7f3a58d33ef67db0a23e704c0acd98fc529dad15ebc,321,2,2,0.0,0.2543761295707697,0.7456238704292306
B-RF0,4,42,5371b6cfff41d777216e0c9e04d0277262e4f4b282938a4ca51084387331c4ff,328,1,1,0.0,0.9414209628680752,0.05857903713192451
B-RF0,4,42,48049b601c2a81fda78b5d5252ae9ddaa08e0b7a64fbb1d35031fe640387123e,330,1,1,0.0,0.9414209628680752,0.05857903713192451
B-RF0,4,42,c48e0d5c7811d548c58be8c2e32213fe468160e54c1ed6ee3557e08eff54818c,338,2,2,0.0,0.0,1.0
B-RF0,4,42,9880128f9a4f009cbace58c35f08be763d85a148d19dbb6ed1cedb3e6b9cae7f,341,1,1,0.0,1.0,0.0
B-RF0,4,42,815d426caf6647658ab5ad600a6d9a4844a450a2fe631540bcc73263b16a4409,342,1,1,0.0,0.6880261319453151,0.3119738680546843
B-RF0,4,42,e9f98ce85a29627dad55d76982d434e4bdb6f159fafb9c3c1b5771e0e95bff25,345,2,2,0.0,0.0,1.0
B-RF0,4,42,13db9493e5d931ec94f3d05fb0df869516c061cdb89058e2bdb16c5859508cbf,350,1,1,0.11650374196015062,0.8831188995492834,0.0003773584905660377
B-RF0,4,42,bac5a079bec62bc26a6dc783910825de9e2871a6d90c260b7f137ba75a6b17fb,356,2,2,0.0,0.0,1.0
B-RF0,4,42,94c0b44f9a2d481c5d2237dd73738cc92b9ee67076b318f634fc32aa4032a0b4,359,2,2,0.0,0.0864839949352333,0.9135160050647664
B-RF0,4,42,416afeb98b33f5e4f2a8e68a875e28fd4105a31165d6851ea3c83a3ccaa2515c,361,1,1,0.000747728860936408,0.9985045422781272,0.000747728860936408
B-RF0,4,42,7cd43d94523c810f9ed5537e7015539cc8c9859bcedd689aec68db38a22003a3,364,2,2,0.0,0.0,1.0
B-RF0,4,42,5a4c58dd7c63f01c85c75de330f08bf3279e1a3ffd1a3b3351ddc32a2bc68f49,369,1,1,0.12254669639444454,0.8138050184170001,0.063648285188555
B-RF0,4,42,a26bf4e51a6f635e952f279fa007eebd60b1a0aa43278a348f6ce7430b2f6168,373,1,1,0.0,1.0,0.0
B-RF0,4,42,397cbeb6f38ebcdc8d0dd0bc306d8baa31702dc5ab41fd7ce317e3961c9e3b32,378,2,2,0.0,0.0,1.0
B-RF0,4,42,be0ebb7565c48c88742be3d147378e0339658b36ddc168b506068b1c90f4c79a,380,1,1,0.0,0.9988441558441559,0.001155844155844156
B-RF0,4,42,122e7e9e553c3480710d48da1b809bc3a0f00c8f31d7959bfbb0bb4217186e2f,383,1,1,0.0,1.0,0.0
B-RF0,4,42,a31c0ced032973a0e5414d71c603cafbff10cff8e3e8d4e4a720af17012d472c,387,2,2,0.0,0.22194522144522144,0.7780547785547786
B-RF0,4,42,31be86aecc38b94fea6900d3b08f0dbc20cdc907d7b94ba8ffefbc3e636be934,396,2,2,0.0,0.0,1.0
B-RF0,4,42,7cf9fc722144d5c5e38c3fea10921acf4cb1fa34cc1bd7692b29595386d51a2e,400,2,2,0.0,0.22194522144522144,0.7780547785547786
B-RF0,4,42,05ccbda5c8030aa70186394e3bd73c3d761e81154d70b009f09ac260843bbcb7,404,2,2,0.0,0.2543761295707697,0.7456238704292306
B-RF0,4,42,b0eb4c514496bbccfadc92bbc9d502a308cf264f615a7270f4508adfa95341f5,410,2,2,0.0,0.2543761295707697,0.7456238704292306
B-RF0,4,42,b50eec873e5ad85197e459d43c6a8a7c64c7be7730e766647b9b32f8958cd6e7,426,1,1,0.12254669639444454,0.8138050184170001,0.063648285188555
B-RF0,4,42,cc1b2843c4a07d3b4fa4abf9fd5537a7a6d4df902398c1cbe928fe3bce259418,427,2,2,0.0,0.0,1.0
B-RF0,4,42,66e20104ca9e36937afb002e64108ee63a347a8b7749a55b588d30eb3e1409e4,431,1,1,0.12254669639444454,0.8138050184170001,0.063648285188555
B-RF0,4,42,2d77937efb442c0e808c407a59ec6405337a2a3460fb13f2f68d8434be09fe8e,435,1,1,0.12254669639444454,0.8138050184170001,0.063648285188555
B-RF0,4,42,d3dea6e23727f3861155568fe03f7508dad97315d987d7f509832e7bf6b4eecf,447,0,1,0.1922632275250562,0.8077367724749438,0.0
B-RF0,4,42,36151d13bff095b0f9b3c390fa02f663a49fd45fe72702bad759cd82db3174c3,459,1,1,0.1890743466364478,0.810925653363552,0.0
B-RF0,4,42,3b0abeb2580501c078d50f1862f005665c127524372015d5674ef8679685fabd,461,1,1,0.0,0.9988441558441559,0.001155844155844156
B-RF0,4,42,3f3aa71345eef153c551d8268b4cf413be9de4e5ebe03d0b0aef13d7178f6451,467,1,1,0.0,1.0,0.0
B-RF0,4,42,e63fd967ad59bf73b27ba4efcf551436428f26a03ab3e1ca498f3e01f0550a1a,481,1,1,0.11650374196015062,0.8831188995492834,0.0003773584905660377
B-RF0,4,42,e8921714e78de17aa9004ed167d45bd0471420f26d1c05f61df1adaf22cf37fe,482,0,1,0.11650374196015062,0.8831188995492834,0.0003773584905660377
B-RF0,4,42,2a0de0babe99f6482353deccfb8c5a64a0d4e142134c21435a7d5cb4bb7a44f0,483,1,1,0.11650374196015062,0.8831188995492834,0.0003773584905660377
B-RF0,4,42,8da546665c37fd3768dd5df0c43d9e48a594114602af5888eca3732f0b8f2bdd,487,1,0,0.5704235136414266,0.4295764863585733,0.0
B-RF0,4,42,6807374cf8dc72644182a43a9da4afcfba4ad80f80c056f982d40cb0cdd9609b,494,0,0,0.5203595139156623,0.4796404860843378,0.0
B-RF0,4,42,e92297353a3a22b944725a165b52f80a1965ee09f6178dfc184860131871920c,495,1,1,0.0,1.0,0.0
B-RF0,4,42,c997661e8f088ce61daed2d734e2baf038d0a5f5a2326a8545dcefa81f72bec0,497,1,1,0.0,1.0,0.0
B-RF0,4,42,d064c27e57ecbf5d0cace935aea0fc9d1053dd486ab0eaeec1c8b8e510cc7bd3,498,1,1,0.0,1.0,0.0
B-RF0,4,42,058ccc5f0c17c416ef06df1ed5deaa48d112f42a14f667bcf9846fdb664ef366,518,0,0,0.9869053781186133,0.013094621881386586,0.0
B-RF0,4,42,ccd0b5095c5ca020ed29dcb4ed07bc78fb4f8bd1d01103c832c16f74415da411,523,0,0,1.0,0.0,0.0
B-RF0,4,42,c67ea185339d2fb8c8312dc38cff21dc6b000f785be421eef88bbdcdf6c6b17a,532,0,0,0.7072961135871352,0.2927038864128646,0.0
B-RF0,4,42,1c68670c6ff38a49598f90f6157ce8bac895df1254da553b54bf687cfa750f91,533,2,2,0.0,0.0,1.0
B-RF0,4,42,33aa276ee8893c316e5b08f90d403be82db716c7a10ce7d0c6a91aa861061f55,539,1,1,0.11650374196015062,0.8831188995492834,0.0003773584905660377
B-RF0,4,42,e40a0fc10b44506213ca47e78c7d510fb7715425780e3f270f0a25a0b0fc9acd,541,1,1,0.12030808648583577,0.879691913514164,0.0
B-RF0,4,42,60dac4fdcf327b961a62f11465381e422541c18c956cf5cf22c128d4b842b021,546,2,2,0.0,0.2543761295707697,0.7456238704292306
B-RF0,4,42,f0a4ff0b2550559804aa110b3356616d37f08aea297e713738efde6a82a9c905,554,1,1,0.0,1.0,0.0
B-RF0,4,42,dba044228ddb18bf24955ec6f54e2d9d259a453b9e3cc7ac001d1eb1b5c9b9ff,557,1,0,0.5704235136414266,0.4295764863585733,0.0
B-RF0,4,42,dfb22216dca7b15a73c5d13592b3a4d456865e6b14a914fc23a7440d2c793feb,561,1,1,0.1890743466364478,0.810925653363552,0.0
B-RF0,4,42,8083fab72781bef33f4c3f68371defad870524369b374017badac30ed6b5920b,572,0,0,1.0,0.0,0.0
B-RF0,4,42,1aaef0af18b1a224fa7924b8a1453fb8b5547a6dea9cbd572550da4fdf495da9,574,1,1,0.13039183120800768,0.8696081687919923,0.0
B-RF0,4,42,05ccbabae43833184ec6c444793c4e8cacbda9996a75f0cd529a00fb88642dda,580,1,0,0.5203595139156623,0.4796404860843378,0.0
B-RF0,4,42,77746b53c327b916c5ec4cc31ec639b45db4160f2d1135410449c6eaa0246f2e,582,0,0,1.0,0.0,0.0
B-RF0,4,42,344202bfae426b40571c614ea63322e5df0a08a9e6479a8ee7d45ead1a7607bf,585,0,0,0.9869053781186133,0.013094621881386586,0.0
B-RF0,4,42,f2467f3e3e1aa7ea454678b2f6366dcc05717a73be181ad40e267ca3f4a20eaf,588,0,1,0.1922632275250562,0.8077367724749438,0.0
B-RF0,4,42,28acd3c3d384d8b12fc6beb8a099937473fcf151408bd2085df22511ad2be313,600,1,1,0.0,0.9414209628680752,0.05857903713192451
B-RF0,4,42,4a8567b621350cc729465a20bc85964673deb69044ecf71e3b59a4220f804585,602,1,1,0.0,0.9997297297297297,0.0002702702702702703
B-RF0,4,42,01da3e159b6ce80ac8e0f280d001e0b1feae934b7f87e69e52a68f6f40f1631b,611,2,2,0.0,0.28646918202234173,0.713530817977658
B-RF0,4,42,2d1b2dad312d67abe149344cc5753c2181558ff169882e194058c0eea17a64f6,613,1,1,0.12254669639444454,0.8138050184170001,0.063648285188555
B-RF0,4,42,457bc623d54c8df675fda66a9a5a159bb6259cf81fdd5a312ea24da7116effd3,615,2,2,0.0,0.22194522144522144,0.7780547785547786
B-RF0,4,42,fb2e62e9e165d1b9fc47a6787af9d64df4a4b63f931a035289966a672894fdfe,616,1,1,0.0,1.0,0.0
B-RF0,4,42,72d66c7979e51d234b4f5c7cb46e06e165d847b6d88d705eae864ec291dd7fd2,617,2,2,0.0,0.0,1.0
B-RF0,4,42,5bfc17c84629c446ef515aaeaab83b0c8b4ad7591746f50c3f337e0eef4bd5ce,623,2,2,0.0,0.0,1.0
B-RF0,4,42,a288de67ba6e534c619fb61e1a8643504542cbb8d7cfc5f5b4a96fa78e5ef948,624,0,0,0.9036159175791526,0.09638408242084712,0.0
B-RF0,4,42,9dfe951a72432d669852444c668c15b73a677afe22aab4dd3febadf96aea1bbc,628,1,1,0.0,1.0,0.0
B-RF0,4,42,9601c9dd198c4a6dc5124d4d420e2ff339734b9a9e1079da056b3412d663b347,636,2,2,0.0,0.0,1.0
B-RF0,4,42,c69567d2d69504dcc3e49e555057fd7d89a52635db8622cab985007a194e53ea,640,0,0,1.0,0.0,0.0
B-RF0,4,42,f2d3074dfbaef344aa4981cbffee6d788ff0def980a874cc42e1dd4df85a9726,645,2,2,0.0,0.0864839949352333,0.9135160050647664
B-RF0,4,42,360878e8a6171b73196b1189a0e33d9b6733e9ad741d46f90bee01573fbef0dc,646,0,1,0.0,0.9997297297297297,0.0002702702702702703
B-RF0,4,42,674130e6bbe693f70e17ce995304b93967bd09052c13f383b45753334d551bc7,647,1,1,0.12254669639444454,0.8138050184170001,0.063648285188555
B-S0,0,42,f827075494ff9d262d45598bb3a1701eb955b99abca1ab6af3b2e2331aff4808,3,1,2,0.00894069042147609,0.40917528540987386,0.5818840241686498
B-S0,0,42,5fafc4bdf7193aef5fb9fb71d655df200121838704e28ac2fa6588954ee3e27a,5,1,1,0.0031267473723616593,0.9842410521824022,0.012632200445235957
B-S0,0,42,9a87b2493917ab4a2e2a0087e5caf12c4b02676cfdfef54992ed8ca5ca77f88f,6,1,1,0.0031512274792165835,0.9700633133472277,0.02678545917355564
B-S0,0,42,d9baf8f9d90857c2e8aa4260b7eaf6c386460681228c2bee02a6b55597a43b69,7,1,1,0.004638435647788901,0.9818622344589402,0.01349932989327096
B-S0,0,42,6b0a215f6bd63db235793c4ada62b4853f51f8a279def3710a3687fc319d4da4,8,2,2,0.001996015155717798,0.01364037332409085,0.9843636115201913
B-S0,0,42,a6252e1f0313cc82adc4651b4f4ced232435f7dff2e029302acc772e52fa2efc,11,1,1,0.008576278805544386,0.987586582067853,0.0038371391266028235
B-S0,0,42,5cba6871fec089b5dc9bcf045ba6e02ea473d055005f13d552c94fdac6686fe5,19,1,1,0.0031267473723616593,0.9842410521824022,0.012632200445235957
B-S0,0,42,0fdca47962352eadea2e4637769c1d9eb007bd0634379ff90463a8a2c57c1789,22,1,1,0.005359563645763086,0.934968043899681,0.05967239245455579
B-S0,0,42,7daa9011bd495f51a4514b37670bcdea719bbc30097f1653406dba4a8e98c046,32,2,1,0.01037293175466971,0.592877589394707,0.396749478850623
B-S0,0,42,eeed46e477e7a7086b3dd17a4ffa4e4e996e9f005a71a8b1bbaf81c10d4d046e,35,1,1,0.01122405417792213,0.9859364367528911,0.0028395090691864956
B-S0,0,42,0f3b55ce37cdca89a1c78fcec7a77751d9794f7cb1235804469a7daf9e63de4f,42,2,2,0.006265924136143937,0.12485523382072575,0.86887884204313
B-S0,0,42,0400acddec5641be9ed3da2cb98d514d062d4b150affe3dc22c7d5c88070c742,43,1,1,0.1525873166777814,0.8410620826161176,0.00635060070610101
B-S0,0,42,a20449c0fa9b781f95175c7906471527630e66fdd4d57f1ce262975af3ce8991,46,1,1,0.0031512274792165835,0.9700633133472277,0.02678545917355564
B-S0,0,42,c79001dea4273719bcd01dbbfb7dc9181dda44a45e219cf7245f67640b98740a,47,2,2,1.0003541650238864e-06,1.2007107216727958e-06,0.9999977989351133
B-S0,0,42,3b51ad679e8b0ce6b2fafb421a74825a2de42f8e1aed05cbd3a81335a2923228,48,1,1,0.004549269654333315,0.9892228202750963,0.0062279100705701605
B-S0,0,42,f5162c4d57e22476a2fd86a4b724fe8da727100a27f30d4fe72a9c346f5c001c,49,1,1,0.0031512274792165835,0.9700633133472277,0.02678545917355564
B-S0,0,42,bdb3e3243f4945237482dc791db610d13e33bde5b6d72369ed200729dddc360a,54,1,1,0.0031512274792165835,0.9700633133472277,0.02678545917355564
B-S0,0,42,fd5b4c1d3d861f5a2629640b96c79ba38eb9d1ff76552d929679d3dad440b73f,57,2,2,0.0038791380638769665,0.06313566950113153,0.9329851924349917
B-S0,0,42,adf16fc552a8d1b40b4ec42e52c444ad8d840e40483acd8054933050b6375e7f,62,1,1,0.006399952991144227,0.8743385151200073,0.11926153188884847
B-S0,0,42,461e4acae5091b1364fab0f058f3a5296ed75a394000f65a696e528c54bf6001,63,1,1,0.007946583076190837,0.7686824087128313,0.22337100821097755
B-S0,0,42,eb0ffac90c1fe5ccf1060219e349ca7d29540eb3e630465aa9b969a38900d539,66,1,1,0.004549269654333315,0.9892228202750963,0.0062279100705701605
B-S0,0,42,e87f2023e1a92b852755b7851d3150e9d19886692316d048409e5eaceb11dd5c,67,1,1,0.1996954303884753,0.7934173723429294,0.006887197268595315
B-S0,0,42,77472ffabdf2ba610830e2dba876659a629d3dc9bf1c6a3fe5b3fd11e1a7b01b,73,1,1,0.006399952991144227,0.8743385151200073,0.11926153188884847
B-S0,0,42,12e99bde80179014843362cb5bcb78e39e741147045460921df42487eadf8cef,77,1,1,0.006399952991144227,0.8743385151200073,0.11926153188884847
B-S0,0,42,04775e820b5829ba9b9a17482a4af9625350a3a9c39213f678c4a17f3f1c7b72,84,1,1,0.0031512274792165835,0.9700633133472277,0.02678545917355564
B-S0,0,42,976ddafb2f8abe1ac4c19be98626949c2548ab5eaf452fae24dce90c4de7b8c9,92,1,1,0.005359563645763086,0.934968043899681,0.05967239245455579
B-S0,0,42,5be7ba94e5d3acd4388614300b6ad48a44492e847b6d0e39fccd27e6cf9ae5f5,93,1,1,0.01037293175466971,0.592877589394707,0.396749478850623
B-S0,0,42,a1e98e417eed1e1a141a0b30b714a23f0dc568239616354e4a175bf8ea08a28c,98,1,1,0.005359563645763086,0.934968043899681,0.05967239245455579
B-S0,0,42,9ba998c5d87d08fc3d40b1b83a650245d89a368abad6136f452df88cc96ddce1,102,1,1,0.005359563645763086,0.934968043899681,0.05967239245455579
B-S0,0,42,a5d49a55806e6aac09daa9f48f214a4bb4d26dc6b501261c0ba01041d3d2f9d9,103,1,1,0.03487763463648513,0.9612476893223596,0.0038746760411552434
B-S0,0,42,3039b67e191cb12f942b21e621f38cb832b6a2d5e570cd00e2a2205f9831c0a6,105,1,1,0.0753420366903221,0.919466041945392,0.005191921364286
B-S0,0,42,4b7e7cbc654f5e60c12ab432b3144305090c199d58af8071af7e5a16619e6aca,107,1,1,0.01037293175466971,0.592877589394707,0.396749478850623
B-S0,0,42,30f9b13a03f303748526a158e8940797fe5e5c600fce68be3e50b0840a4368e9,118,1,1,0.005285450157787966,0.9914216674061994,0.0032928824360125824
B-S0,0,42,c9610bea3409798e091290f260c60e5b4d3f0a84a43555989287b37d07ebf51b,119,1,1,0.007946583076190837,0.7686824087128313,0.22337100821097755
B-S0,0,42,ab8ce69a1319b228880d829dc5631ea34e5cb080bfbc178aa048514436b7ecee,124,1,1,0.005285450157787966,0.9914216674061994,0.0032928824360125824
B-S0,0,42,93c4bf4a5b21f36e6b0aae5bb990899ccf48d342143ca0e115fbbcce24f1e0a6,130,1,1,0.0253987455434588,0.9710915153706825,0.0035097390858588383
B-S0,0,42,4843201d2b160da0c05fc6013c664892482d15cae8e6986d6ad88ce3feaf72b8,132,1,1,0.03487763463648513,0.9612476893223596,0.0038746760411552434
B-S0,0,42,cf57f1500208fbbe850bfcb423c0a07e8d0a3e41dbe03e9530034f5adb63eb16,134,1,1,0.0031512274792165835,0.9700633133472277,0.02678545917355564
B-S0,0,42,d00d28ef2c4596a4d66713623e2b8bc3764ba2818602f1c62d3f21d371614dd7,137,1,1,0.0028683520536199286,0.9913974713553708,0.005734176591009601
B-S0,0,42,f4a1fcac757fd73ac757509249c0ec925230f6e917bdf8e793757ea12e98b50d,145,1,1,0.35571028620915957,0.6370771312710054,0.007212582519834938
B-S0,0,42,ae60908f4c85b03a0a49269075a0f3e13559c408c540b42632a059b5cfb0cd4d,146,1,1,0.0753420366903221,0.919466041945392,0.005191921364286
B-S0,0,42,810b57dafea30a2f75e872d5e62c29a08fc07a9ccaebf778bc32b9ed8700674c,154,1,1,0.0253987455434588,0.9710915153706825,0.0035097390858588383
B-S0,0,42,0bf3a2d884e1555952ad611ad5ac00b76d97402156df050266c3cfc95f605dea,155,0,0,0.8344454890249208,0.16171461710787877,0.0038398938672005297
B-S0,0,42,ae88168be6110ac8992db8b155e6bd8dad4a050a4a4fabb91d628b18e0ff3fdc,163,0,1,0.10063922655871564,0.8935729399335055,0.005787833507778846
B-S0,0,42,9881e8df21340beb673d11fb2f0087e28ca86d90cac54001885ad77fa39fe58f,181,2,2,1.0003541650238864e-06,1.2007107216727958e-06,0.9999977989351133
B-S0,0,42,d8eea83646be1e9c916e665fa77c259449f8745ed6a29cd6f9b1a9dced475fd5,187,1,1,0.007946583076190837,0.7686824087128313,0.22337100821097755
B-S0,0,42,60763b4cebd2c23d4b6bb41fe41d2708e53e1479ca7374112530066b5e4893e5,191,1,1,0.10063922655871564,0.8935729399335055,0.005787833507778846
B-S0,0,42,6c6dd067b740da372386ce71f81ed5b8dc2e1e9f93625be9b4884d1d73f96114,196,2,2,1.3694983567774134e-07,1.6430925887487034e-07,0.9999996987409054
B-S0,0,42,86eb8973fc65f23f76646a24050506efc45364d1ed311733b312688b82d03540,198,2,2,0.006265924136143937,0.12485523382072575,0.86887884204313
B-S0,0,42,e3f90cf05c633dae16fb7f47884d7cd562ac2769d89e9243c8680a8ba22af681,204,1,1,0.0031267473723616593,0.9842410521824022,0.012632200445235957
B-S0,0,42,9a0d7d130a794be7bc69983881925e866dbd081148ab7ab7a8b811b52c7a21f0,211,1,1,0.0253987455434588,0.9710915153706825,0.0035097390858588383
B-S0,0,42,8332987b673c95bbee93c9f25e2f6e37e4235c9e6ae83604205ff69eb49247f9,214,2,2,0.00894069042147609,0.40917528540987386,0.5818840241686498
B-S0,0,42,7f598fa9cd8021402624f92fab82098fb58747ccd8a722c3d994f05b6ed0f217,218,1,1,0.006399952991144227,0.8743385151200073,0.11926153188884847
B-S0,0,42,f094aac8706b95f9bece4eeac1389e28ad75114d0e4206b7769ded1102994ff1,221,2,2,0.006265924136143937,0.12485523382072575,0.86887884204313
B-S0,0,42,6bcf085df851ffdd063de277d7f6de02756302343ed42266339f33b7f195ec0d,225,1,1,0.0031512274792165835,0.9700633133472277,0.02678545917355564
B-S0,0,42,2a5b3658c6bb089977c0132627aeddf27747b5ba1997b7f2041f3039d3025854,228,1,1,0.005285450157787966,0.9914216674061994,0.0032928824360125824
B-S0,0,42,97c9512caadb3ffd0ad3c7ddd23407aa54871fc60933e4b9f12a69d1cef4214f,251,1,1,0.1525873166777814,0.8410620826161176,0.00635060070610101
B-S0,0,42,5752cee9adf12bd089539e746e30b0d83f71e4f57e8da95e82619ac05b3d6b64,258,2,2,0.00894069042147609,0.40917528540987386,0.5818840241686498
B-S0,0,42,ad959d26f847d9c030d3b6d75856d30298eaee390b8e65835b5173c70de9d93a,262,0,1,0.35571028620915957,0.6370771312710054,0.007212582519834938
B-S0,0,42,f1cc48536731731e0b343782efdde0db8be7fc46955c060a6588a598c61b83b5,266,1,2,0.006630251465570394,0.24697939380684547,0.7463903547275842
B-S0,0,42,645409494cfbc0053881ee14531a52cfc643d5a8dd013317825912b73a52362e,267,2,2,0.0038791380638769665,0.06313566950113153,0.9329851924349917
B-S0,0,42,00dbf7ed1f04da4f573cdb1c40ee8aabbb629d7e284d1568bca51a8a5f396e7c,268,1,1,0.0031267473723616593,0.9842410521824022,0.012632200445235957
B-S0,0,42,4837f2cb17208b9a4625ebde74b97e4dd96ffdb5234013a87be717acfa0a8b14,271,1,1,0.01122405417792213,0.9859364367528911,0.0028395090691864956
B-S0,0,42,8475bd5769c68d5427ad348aa5b6061ee6bcd37f6f1837cda26be61984a04cac,280,1,1,0.1996954303884753,0.7934173723429294,0.006887197268595315
B-S0,0,42,d744f4e8e0e5a37040ced43f7d9f57213e888b56527ca3961db9750dd4b525fc,284,0,0,0.8901535672289513,0.10697134957871345,0.0028750831923349592
B-S0,0,42,63e7b0fd79c9670e63f19d0b85cc2c7efe0f1e527b44bbf33e9c798004594ffd,300,2,2,0.0038791380638769665,0.06313566950113153,0.9329851924349917
B-S0,0,42,6db86dac2c557996df538886e2ae001080ddecdab91e2e3a4edede389d70b7e7,310,1,0,0.548544452736888,0.4449354109811165,0.006520136281995548
B-S0,0,42,e46fe007896b1086b24e7db53b21842ae5f26db41897be76661db0c09520f97c,311,1,1,0.004549269654333315,0.9892228202750963,0.0062279100705701605
B-S0,0,42,da52e0801985e6d911242d1cc38a5a2ba9ea6d852304175e9cf5f6682c636afe,332,2,2,4.551874680383934e-08,5.461505723289375e-08,0.9999998998661961
B-S0,0,42,980a5bcc08361f8d083c12141878dbd24b7a236c18e8184387239050f164a315,351,2,2,0.006265924136143937,0.12485523382072575,0.86887884204313
B-S0,0,42,0b6002ac98745ed77d24c58dee4c8892e1dca4c93626ce4675b9306294bb2d7d,354,2,1,0.0031267473723616593,0.9842410521824022,0.012632200445235957
B-S0,0,42,17e8cff30d43b9932efa5ee5fc8ea3d9998f87aa816268d719e22c0b513067e3,357,2,2,0.006265924136143937,0.12485523382072575,0.86887884204313
B-S0,0,42,328eaadc5fcca2d1c22ba92802c7d13404e083fcc75e8e27c502cd13af3d0548,362,1,1,0.005285450157787966,0.9914216674061994,0.0032928824360125824
B-S0,0,42,fe92f0e44d936f618c5a52cbcbbb889fd256a412566488b144015b8482d7b1a1,365,2,2,0.006630251465570394,0.24697939380684547,0.7463903547275842
B-S0,0,42,074bdafc94897952ec047e29c94c168d74b04273139ccf2ce1e6f1873ca0ed4a,382,1,1,0.004549269654333315,0.9892228202750963,0.0062279100705701605
B-S0,0,42,0fdfadc8e93127b69c5cc192dde2e8ac8ed04c3d1fdbe79dfe2b87b82585bd01,384,1,1,0.03487763463648513,0.9612476893223596,0.0038746760411552434
B-S0,0,42,9c1589756f65e471021f9e5736a89d5cabb0481ef20ec88a5286fac861609674,386,2,2,0.0038791380638769665,0.06313566950113153,0.9329851924349917
B-S0,0,42,88d41603b7bc18447226de0bd092d97caaafff7d44a58de731f2bfd695e6c89e,391,1,1,0.004531520743023866,0.9668289733342874,0.028639505922688536
B-S0,0,42,573e5d0c416baabe556bbe6df0da1d23f9d757c682f06acc75cbdeeefa53f1dd,395,1,1,0.0031267473723616593,0.9842410521824022,0.012632200445235957
B-S0,0,42,ca1af162eff48d01248d7b34c3dc4be9123bb4917682c15fcb42f45ba92ce681,397,1,1,0.008576278805544386,0.987586582067853,0.0038371391266028235
B-S0,0,42,11f18902f6529ccd006f3eb1926c47f115d9549b2c2f079495389befb1eae919,408,1,1,0.05592173282752678,0.939411267904101,0.004666999268372364
B-S0,0,42,d6a67091791dd72522a6bef06dfea8b0c675a1445234f9512644939352bab471,421,1,1,0.2870372859552888,0.7058964921193236,0.0070662219253875965
B-S0,0,42,fb53eea3d4cdbfd82c3a411ba354fb72529c745789e35c027a285e3f70071b48,428,0,0,0.9466121871097619,0.05161564731894465,0.0017721655712935793
B-S0,0,42,05b9b2450da4983d21d00900b28b53e5a1f95f950395ddc3ddc45cb106b759b9,429,1,1,0.0253987455434588,0.9710915153706825,0.0035097390858588383
B-S0,0,42,f0a97bfafce659abcc15ad3b27366b99f919dc16a513c0931d27b70b5eb2bd13,439,2,2,0.0035538162885341107,0.028414867357592608,0.9680313163538733
B-S0,0,42,12f87a813a0f8b8b6295bf7bd67e6b14cf37aea45636ed5ee00d03e5b5987ffb,441,0,0,0.548544452736888,0.4449354109811165,0.006520136281995548
B-S0,0,42,1a95813d193cd4442bc0b1f87b4bce15afbe7cd42d6c4c82b8f5c88c23abdbf2,445,0,0,0.7287094916838264,0.26631140736234715,0.004979100953826595
B-S0,0,42,95a4c4f399ab39050cd2c68303c1b4a717e2b85e43356b382b44a3423cac3ed0,449,1,1,0.004531520743023866,0.9668289733342874,0.028639505922688536
B-S0,0,42,5c0c7a72328563a4b2a7d65fab7f740984af9984186caff86b9cca5da6bfe86c,451,1,1,0.0253987455434588,0.9710915153706825,0.0035097390858588383
B-S0,0,42,5f11fef5bae9d1258380639662fb95008d4620c9b9b24aad7083e32efacfbdfc,452,1,1,0.1525873166777814,0.8410620826161176,0.00635060070610101
B-S0,0,42,225629385e18a6854edb9ae5dee2b6c35e44af3143cc0f0fab0867deec5c52bd,460,1,1,0.03487763463648513,0.9612476893223596,0.0038746760411552434
B-S0,0,42,65fc55908795c03596628c3be27eff5761f85e2f1b4291d6717c471653ee17a8,465,0,0,0.625285046094602,0.36863318878110984,0.006081765124288272
B-S0,0,42,e0d210eed199a9e6092e65b724d0b6abf80444548010500e25c9fbfa593246e6,469,1,1,0.0031512274792165835,0.9700633133472277,0.02678545917355564
B-S0,0,42,3228a5c1892f93600a970b9e099b3053b891a018a2b4fcdbe092d118a96a8fb3,472,2,2,0.00894069042147609,0.40917528540987386,0.5818840241686498
B-S0,0,42,55149a64f268a012247a00f9c7f3a36b557a25430fed6016ab547ff1c38e61b2,473,1,1,0.4283048612234886,0.5644372344169377,0.007257904359573746
B-S0,0,42,8e4ea3523595a6acd552728b47f2a13b458234f347559c26cb13139a095da1b4,474,1,1,0.0253987455434588,0.9710915153706825,0.0035097390858588383
B-S0,0,42,1971d2b4a4cb293ac396176c6d1190289df940842c256fea5bf08fd520cbb4f9,477,1,1,0.01542236748168175,0.9818246610631566,0.002752971455161787
B-S0,0,42,50c59de7b7fadd459118ad53531a05379edf5c0bbf8786fc3b4b96a2d52bd55a,478,0,0,0.9591552464584195,0.039374292369693246,0.0014704611718871208
B-S0,0,42,8fd0fe4e154f5d8d0e6fd22a060280c5fc7e2f73594c63d13a67e97a3b835a6b,480,1,1,0.35571028620915957,0.6370771312710054,0.007212582519834938
B-S0,0,42,ee64c4c983197496a5a20dfb847c9b4515dbdade50852024c565d1a74b63cc24,500,0,0,0.9811638729011717,0.017962465720456483,0.0008736613783717376
B-S0,0,42,555340884fdb40170947c98290702c40554069d24cf22f20a9785c5218582ca2,506,1,1,0.10063922655871564,0.8935729399335055,0.005787833507778846
B-S0,0,42,6249033ebb4873778de8d435f8863876ed0ccf3c336662af8118b4596dbc2285,520,0,0,0.9466121871097619,0.05161564731894465,0.0017721655712935793
B-S0,0,42,866639f3b9f95c14339f44ed24824b71cda6a70d63a86fe0edf0685a8baf5c75,524,0,0,0.7287094916838264,0.26631140736234715,0.004979100953826595
B-S0,0,42,7788b10861e73289e28b8fbecdb74643ae51fd2135b9ae4865d7ae2a22141973,525,2,2,0.006630251465570394,0.24697939380684547,0.7463903547275842
B-S0,0,42,a9da9db2467c1a5fe7257adb1987e930ea751470576c10c82f4397f3dd37b63f,527,1,1,0.1996954303884753,0.7934173723429294,0.006887197268595315
B-S0,0,42,85a02e1802e7b312ed957ee39e2bbfe0b4632dd2d25d3a8ce177b48d26ba1fc2,529,1,1,0.01122405417792213,0.9859364367528911,0.0028395090691864956
B-S0,0,42,d26328550683e27aa4c4fe5be7e2d668c08dadae337ff364dbeb060fd5a931bd,531,1,1,0.0753420366903221,0.919466041945392,0.005191921364286
B-S0,0,42,4f4759b87edf8e38b6b6c5dd3a52b7fd18a9f97b78b0b8933276755f4ad88080,534,1,1,0.004549269654333315,0.9892228202750963,0.0062279100705701605
B-S0,0,42,aeabe5f00bb9cc0af7000e3fafc88866155e65ab4d5da58274d0dee130a02388,536,1,1,0.01037293175466971,0.592877589394707,0.396749478850623
B-S0,0,42,2de6307edc2b60e3648d6c261996c60ddb15ccc9f4069aee2e9ee4e9ca9dcaee,540,1,1,0.05592173282752678,0.939411267904101,0.004666999268372364
B-S0,0,42,112e7b51e7d078dd62fe5bcec15f48660dbfc572df659aea50141c8a731a6877,543,0,1,0.35571028620915957,0.6370771312710054,0.007212582519834938
B-S0,0,42,d98717d4a561c7ad6b0aa9c5e73ecccbfb6510d07c8f23d7934fec3f8fbcf474,547,1,1,0.0253987455434588,0.9710915153706825,0.0035097390858588383
B-S0,0,42,db842124e7a33dd5887c8d22a815b1649cda7401b683f5f9cc6c7a9dbd533a3e,560,1,1,0.1996954303884753,0.7934173723429294,0.006887197268595315
B-S0,0,42,49adb4d4ef7cf9b7221faad79fd9c2cb259872644777044983365486723c67f4,562,1,1,0.004531520743023866,0.9668289733342874,0.028639505922688536
B-S0,0,42,be89c78f29804f04841228bffef4532f286878a08b52cf8f4f17b15a9fa83364,563,0,0,0.9999687607491904,2.0508392886166815e-05,1.0730857923476464e-05
B-S0,0,42,297cf77b86d2fe61e413421d7216874ab77f45748dff5f7a2531cdaab79a4050,565,0,1,0.0753420366903221,0.919466041945392,0.005191921364286
B-S0,0,42,531f8aca33aab4bfc992087de862b25def4dea5b91bea6cc49aacbad07b45b7a,577,1,1,0.1996954303884753,0.7934173723429294,0.006887197268595315
B-S0,0,42,4b55155083aea75c9650635eb846d1e7abeaa867e3c5c629e2c90461482485f1,578,1,0,0.548544452736888,0.4449354109811165,0.006520136281995548
B-S0,0,42,815683c5eb3b782f1a2feeefe55a834447a90f6a62356c843d751e6ed6f7089f,587,0,0,0.986194729789831,0.013083720107860729,0.000721550102308213
B-S0,0,42,8d5547c0b5e44d69c28a4cead541c515bc82e8f18adfd972abf57b2824ce7a43,591,1,1,0.005359563645763086,0.934968043899681,0.05967239245455579
B-S0,0,42,71388cc5368946416cbcddee50e2af8f0a6a2794c83dcda516b9f0463aa6ad3a,610,0,0,0.9999373875055219,4.4522741629624945e-05,1.8089752848251055e-05
B-S0,0,42,56d3d8cfe1ee66937b1b304de962e50840fc5df249cec9cc9f427db1842d8971,620,2,2,0.006630251465570394,0.24697939380684547,0.7463903547275842
B-S0,0,42,ef3b33bfd33c9a8d675e8c1562f5c2d503094b1f1887af3be3c1e16e100d9af4,629,0,0,0.8901535672289513,0.10697134957871345,0.0028750831923349592
B-S0,0,42,ba39525bb89a78df7e0bc9a040dd9c4c00f64baba2719bf9fb4a4bf7aa3dcffa,630,2,2,0.0009315523665802141,0.002846711906694377,0.9962217357267253
B-S0,0,42,ca60a0d1bd9510735b9a2c5edb1ab0a7eb2dd31d96b642bce093e7ba08286f2c,631,1,1,0.0253987455434588,0.9710915153706825,0.0035097390858588383
B-S0,0,42,2fe1c3d95e43dc7878c7ba2874a7cb62e7829661ff3655b02f110fd5bf516184,634,2,2,0.0011454392523919102,0.006501539979034859,0.9923530207685733
B-S0,0,42,61b0a6498279a260ce8cabb4d4114bb5cda03e71c6f6954d7b766ee8a31b2746,635,0,0,0.548544452736888,0.4449354109811165,0.006520136281995548
B-S0,0,42,6f3f6818c91a4e4ac44cd061158f5c34bee1b5baac40fd4e469a3ed20476104a,638,2,2,0.006265924136143937,0.12485523382072575,0.86887884204313
B-S0,0,42,1f54ce13a7724f8e43df533f143951e361144f772d6d5ce76fe8e5fc8c77364c,639,0,0,0.9741523852626233,0.02478448301786551,0.0010631317195112287
B-S0,0,42,a35adafe1567244423f4e723b5361fdfc62fb0c766c9685554fa976277ee04ba,642,1,0,0.8550169646670026,0.14159959559271487,0.0033834397402823075
B-S0,1,42,f816923b16d6506fc091cfe92e86e1139e2f0b3e58c593461da93f6ca5c45a5b,4,1,1,0.004434766722626016,0.9711631950656107,0.02440203821176305
B-S0,1,42,1fa27a62ee1b2d2ba6c92d8546a424dd3509710635f8a2c2568cc88597bb86fe,13,1,1,0.0037279888791041014,0.983298683550445,0.012973327570450664
B-S0,1,42,563f081ac98d1f31498a91b83ae8a2be907cfab0de2d472d199474e4e5eb8c6a,18,0,0,0.7575119352352171,0.23754921999743472,0.0049388447673483086
B-S0,1,42,4f83a42c27ea668697977110e8f196526ef09e0479182cf78470ad75e79419c6,29,1,1,0.006907321528973349,0.9892252851196188,0.003867393351407639
B-S0,1,42,088e125061899aeb843e08b444d414177713a8aeb3850db4477647a05e97b064,33,1,1,0.0035166408045278065,0.9658433326505778,0.030640026544894516
B-S0,1,42,da11b9a824ea17d36ef8425abb47a68b80631b00f26d5fcb34bc902ab7e564d7,38,1,1,0.005934588651311388,0.9880535562059467,0.006011855142741862
B-S0,1,42,a3aa9205c2dd6e6da3e018643f3c57b94d1f7d8f031190e1e8fe1aeb4473edbd,39,1,1,0.007312635115360573,0.7328374799778535,0.2598498849067859
B-S0,1,42,342f55c319e97bc4ebb3ea65c99cec118d9ebb0b9c1dc8c76eda38916bbb6efe,50,1,1,0.007312635115360573,0.7328374799778535,0.2598498849067859
B-S0,1,42,c81837f79017967e7355fc593b81070347505e7400d9bdfc85ffc152e7f91067,56,2,2,0.006227350895462502,0.2013785634524857,0.7923940856520517
B-S0,1,42,fc23ab826a2440d11ef69d2086a1f61b6275743360356da43151abc46afe903f,60,2,2,0.0005994501256637404,0.0021007862980479343,0.9972997635762885
B-S0,1,42,c27b44d54803697af82881ea82d46e3561cbf37bdea8eb62c2df4af1f57d6fac,69,2,2,0.0035984594658048912,0.052062263095003815,0.9443392774391913
B-S0,1,42,6eb8f51f02885e1c53aae062c9d8bab63dd1f60f90936f3349e37283882a4e93,74,1,1,0.014489681509538516,0.982006216466457,0.0035041020240043157
B-S0,1,42,dd582bddc1aca5d5bb7c320bb57fbf5870022badac32ea6378863b35a16c8ee0,85,1,1,0.006907321528973349,0.9892252851196188,0.003867393351407639
B-S0,1,42,93f04a3c609794b4d53b3b5d2ffcfda0a1358e9ed321e072e10f1c4d0a40b4aa,87,2,2,0.0035984594658048912,0.052062263095003815,0.9443392774391913
B-S0,1,42,5029e2776e7b9b5d2af015958cd517fb756f6d8b9853790513dc82715be726fd,96,1,1,0.06664039025839644,0.9275316866328019,0.0058279231088015976
B-S0,1,42,2cedf816172020544d1c56529191607083a424ddd9627983acb2537e9c73f8cf,97,1,1,0.0035166408045278065,0.9658433326505778,0.030640026544894516
B-S0,1,42,fed2454f61d42dd8f9f5651403e7c8aba82a77d8e645d8bf125f75e7c4c73861,99,1,1,0.005080794362933521,0.9377765126367065,0.05714269300036002
B-S0,1,42,8265981c42a1d2d7ece956a8e83fc2766c03bd9b677b5188edf9e65cae717f0f,100,0,1,0.35183549535766484,0.6399663557281299,0.00819814891420535
B-S0,1,42,4b4303e1d9cff307886f30665c8e6fb57047e2e8f3cc39e2126b16700e3bf126,101,2,2,0.0010552238098758644,0.004983561080380679,0.9939612151097436
B-S0,1,42,ffd718c11411f17305eebe2c3fd8eae0b394e9127366a0ffb1165fbe02224135,108,1,1,0.01889124920041307,0.9774616719514908,0.0036470788480962944
B-S0,1,42,ff7ddca54e1e9620918ba02dbfe35985a655c87ef1a72ab4ba4d13faa4ead2b0,112,1,1,0.2951442378806635,0.696976176056979,0.007879586062357311
B-S0,1,42,e27b2368d103c92aa6d3db8b15bcb6a45f02a1799208f1d626eea765d93b4f20,120,1,2,0.008618441795679199,0.3759471565123229,0.6154344016919981
B-S0,1,42,399489b6079af091f33320276c7ad2db3c791129a3edbff5b530c66d32cd7e72,121,1,1,0.007312635115360573,0.7328374799778535,0.2598498849067859
B-S0,1,42,e8cd3aa07ded082c0e9d0cd5ce68316e2c88e74da438e4b08e8a1e9f962c9394,127,1,1,0.16392245664368074,0.8285426444621854,0.007534898894133707
B-S0,1,42,70be8a47e5d22077d37988cb4d32c132724a3d1b083ef9ab0b06313f0bf6c905,133,1,1,0.005934588651311388,0.9880535562059467,0.006011855142741862
B-S0,1,42,be8334d7f47b288facef26257cb6b44fcf616cd19090b942b3e21a6312189a8d,144,1,1,0.006907321528973349,0.9892252851196188,0.003867393351407639
B-S0,1,42,c047c292b4e87b40d0e8d2cdb5f5aa7e0bbd22946a70c373ef6dd5c6576bc932,151,1,1,0.0073638183864022395,0.535643402902269,0.45699277871132843
B-S0,1,42,20a9a7e6d4cf66384115e0a7ecc18f09cf1f9b2d051f34bc82d7b170955376d4,152,1,1,0.006907321528973349,0.9892252851196188,0.003867393351407639
B-S0,1,42,a7f1f0bec4d0eecfb4bebc52d748706df58b74a54e32f07189d46c9495ae3d09,158,1,1,0.014489681509538516,0.982006216466457,0.0035041020240043157
B-S0,1,42,a46bacc86e6d6f2966c8bc9b007be70048a778a3e7dc54762fa3c06ca3dd0a6b,160,1,1,0.014489681509538516,0.982006216466457,0.0035041020240043157
B-S0,1,42,aee4b0ad4df2a5b974c0fae78b5f15de2ba0da9ff62a1f1845fe8490f931efbb,164,1,1,0.16392245664368074,0.8285426444621854,0.007534898894133707
B-S0,1,42,f4f2eaa4ae88e92cfa57b3aff8b8ebc91d59f1c9a27803fe90c6ef8b768a6d4e,165,1,1,0.0063544137401519854,0.8661417992440091,0.12750378701583864
B-S0,1,42,638a470d918dbfbf5afd33eb58e7ac2868a43d0e4dbaab3029db5101a1edce71,166,1,1,0.10762722846673824,0.8850473738892708,0.007325397643991034
B-S0,1,42,03c73563087c1329943a56cf316a054838d232eb12bf400763e97af8a779fc3d,172,0,1,0.08492981005555156,0.9085340567182404,0.006536133226208045
B-S0,1,42,36fc8ba21c05df93f037cf32ffb47c54f5fded8ce374e0e9cf11353791e881ac,176,1,0,0.5327163043446651,0.4601630891110446,0.00712060654429008
B-S0,1,42,3be1ee30e134a9ae90bc1593ea32cf65047070817401a9aeb18c76efaca04541,178,0,0,0.7575119352352171,0.23754921999743472,0.0049388447673483086
B-S0,1,42,4d7423cf2ff542521716737a2b82d95c940025a9d28aea9f135e73d793d959f0,183,2,2,0.0010552238098758644,0.004983561080380679,0.9939612151097436
B-S0,1,42,03b5b9fbb1e8685d2aea12d701a8548fbf66e988d3965beff90d610215a6fc96,185,2,2,2.7920196465521567e-06,3.352003106276139e-06,0.9999938559772471
B-S0,1,42,842bac774d6c086dd6b92fdb78413098e14bcc3af75125e7d25ca273a3e1f862,193,1,1,0.014489681509538516,0.982006216466457,0.0035041020240043157
B-S0,1,42,9a4af49b00bdc8c8c90dd9584610e62f31c1dea1496d8c77c154a1340984f0fe,201,2,1,0.009833733589228708,0.5891245816366372,0.40104168477413404
B-S0,1,42,ed7122159427b6c8635b7bcd0d7140de4dd489af9eab6fd9bd99b3ebad260d98,205,1,1,0.006907321528973349,0.9892252851196188,0.003867393351407639
B-S0,1,42,038c9ee0d7794eeb1143a461c0506513b430ff5293a311f12d84535a6afbcc5c,213,1,1,0.041140731516396765,0.953775866155099,0.005083402328504256
B-S0,1,42,aac572f07272c9f29ce150e00d2b33f7765e921ffe4e1a3c8a7aa455349ca19b,219,0,0,0.5327163043446651,0.4601630891110446,0.00712060654429008
B-S0,1,42,c6b8941e410ad8b2574b68572d59fe76bfb75291198754c7266ab3740f819f8d,223,1,1,0.005934588651311388,0.9880535562059467,0.006011855142741862
B-S0,1,42,fa91a868a0b2673a241638a1e248c077d7ebbe8369c5e9c7a105ea8e0f678595,224,1,1,0.0037279888791041014,0.983298683550445,0.012973327570450664
B-S0,1,42,05dde9d4b54f7775db2292c4725eb2440e0b2dbe65d52bb4c05c347040ae90da,227,1,1,0.006907321528973349,0.9892252851196188,0.003867393351407639
B-S0,1,42,0e1e5a60db31ca1ff4e88932ce8fb8133c0cae740186c0eecba980565edeeec1,232,1,1,0.005080794362933521,0.9377765126367065,0.05714269300036002
B-S0,1,42,78bf7a927103b0adf2a93a132f44f2411946196d038bf6822cb2eeb2f851ab2c,241,1,1,0.03170319444521333,0.9638011943450978,0.004495611209688714
B-S0,1,42,4e05a768be51893f790163c79ad042b9bf59de08bccbba7bd25c8877c53ebcdf,243,2,2,0.0035984594658048912,0.052062263095003815,0.9443392774391913
B-S0,1,42,40f57c13c26aa660145ccd9e9ad6cf7435aba21e0ecb869b65ca110bad79d9bc,244,1,1,0.00416457806686522,0.924832464198552,0.07100295773458278
B-S0,1,42,820af5dd1d43687408ee96791d977e5768628d5dd9718275f49012ab8be7c7da,246,1,1,0.0063544137401519854,0.8661417992440091,0.12750378701583864
B-S0,1,42,2fea83fd72f31c3ed98d355952e0dca5903ca77045d520014559b3131ab53449,249,1,1,0.0037279888791041014,0.983298683550445,0.012973327570450664
B-S0,1,42,3567553d36285ad28e9947ecc399152b059b63fa0d14e93da3fa60f88729589b,253,1,1,0.08492981005555156,0.9085340567182404,0.006536133226208045
B-S0,1,42,a71a645737db58ca85f16857a87566dbd0644a509be1426ceec155ba4b32a46a,254,1,0,0.5967905800517356,0.3962836394765138,0.006925780471750575
B-S0,1,42,a32d5c6de3dc8a8d1a538283ab55eeaf55b9cf8e25aa347f9451fa80920ab0dd,255,0,0,0.8947467526473936,0.10239054963020577,0.0028626977224005335
B-S0,1,42,c6d9905e1108342a5a39e558796801aaef2123ede509df6c737dc2968cb80334,259,1,1,0.041140731516396765,0.953775866155099,0.005083402328504256
B-S0,1,42,cf04de454501b8a0be83713c4b298369ec62ac21cd8f30857e05891dcef22cc6,261,1,1,0.0063544137401519854,0.8661417992440091,0.12750378701583864
B-S0,1,42,3d8d9b0265e3f1fa1f9dced7be94a31b2d44253a703333fe32683be701e1e391,273,1,1,0.014489681509538516,0.982006216466457,0.0035041020240043157
B-S0,1,42,f048327f0da983b65f4ac626e1b417339b356d60f7641609e9f999aa25dd1b64,274,1,1,0.20447333356616876,0.7872753234228156,0.008251343011015662
B-S0,1,42,2fc3c8e1b6058fdb8ba34e10c4f11c5c96a490da8c44557f51f272e135b276d2,276,2,2,0.001883605873738218,0.011818616401106591,0.9862977777251553
B-S0,1,42,c215aa987795131b42e2cd8a6c43e525423612ee007a6ced32e8263bda4ad92a,289,2,2,0.005954300169937018,0.11622348441484376,0.8778222154152192
B-S0,1,42,4560a7ae21f3fb4ac2db6ffe58ddb475ac41d6dc383b998d4c568b31ae65a35c,290,1,1,0.08492981005555156,0.9085340567182404,0.006536133226208045
B-S0,1,42,609e2c6bb80163f064286be493c35084947f767a9fca5159a6007ea7d78d1b8e,291,1,1,0.041140731516396765,0.953775866155099,0.005083402328504256
B-S0,1,42,912f7b7365227a32858a2d927685373d6780e508ef7ac83760fb9ec5aaa1aefc,293,1,1,0.005934588651311388,0.9880535562059467,0.006011855142741862
B-S0,1,42,97b9091925addb08c1cd2c6078d0de2bf8172b17115de938b77ad77357d5ea5b,309,1,1,0.011374218057573795,0.9846825962754412,0.003943185666985316
B-S0,1,42,19d6ef82b2a921d77a5573e974ea081845479ae43b183f176897858ed8e06b84,312,2,2,0.0010552238098758644,0.004983561080380679,0.9939612151097436
B-S0,1,42,4791bf9d1d5d0230ab90f16f29614b48ab82e5801b82082235ff9b4358d29def,316,2,2,0.001883605873738218,0.011818616401106591,0.9862977777251553
B-S0,1,42,9e12aa0dbe5c0aaa2470ead8d7629926f8b65403a6699dffbfef210eb25d80d8,319,1,1,0.005934588651311388,0.9880535562059467,0.006011855142741862
B-S0,1,42,4dcb168e09d4d7893d639ca45b73e7538eb8bbdf4d053e76233e29ffd3010c99,326,1,1,0.0063544137401519854,0.8661417992440091,0.12750378701583864
B-S0,1,42,cc8929500a996b83f8e58e90d5c2ffadb7b9bc20866921118795138fea402ecf,335,2,2,6.918123759961072e-07,8.301649537408796e-07,0.9999984780226703
B-S0,1,42,f9d294cba21968ac5c7aca6b858728c55a8a06c37c1bd8489ed5b184ed97e39e,336,2,2,0.001883605873738218,0.011818616401106591,0.9862977777251553
B-S0,1,42,f2a7a0438ec81419aed4432eca97e3bf6a7996b3abcab7bd2b0cb5ea5936ca0c,343,2,2,2.7920196465521567e-06,3.352003106276139e-06,0.9999938559772471
B-S0,1,42,57374dc57848f9f7545dfff9c90d14265d0a66c20014fed384c8a1aaab2a8657,344,2,2,3.802429636268991e-08,4.5622000633644665e-08,0.999999916353703
B-S0,1,42,e59d303b3c9921823705d178211a81f3167a2b5c2bedd55a2e440ae6fb609a66,346,1,1,0.005080794362933521,0.9377765126367065,0.05714269300036002
B-S0,1,42,e43bb85cc9f4c204c3b80fc593900bce375e9f42be96d02f335f2f42c13c4ba8,349,2,2,3.802429636268991e-08,4.5622000633644665e-08,0.999999916353703
B-S0,1,42,eb7b92a2b390dbb093e40e2495530b65be730eb752eccbf260be04ff31496b11,352,1,1,0.08492981005555156,0.9085340567182404,0.006536133226208045
B-S0,1,42,99a93936da7984b3ce75763a91a3493bbe7f16283b2ccde42c3d93bff3fc70e1,353,1,1,0.08492981005555156,0.9085340567182404,0.006536133226208045
B-S0,1,42,fdc3d5fa14c1a4086c5b7caf79828cce0d013ff497cbe8eb15c09905a3f4457c,366,1,1,0.0037279888791041014,0.983298683550445,0.012973327570450664
B-S0,1,42,ed55a6f2ea598cc2a90f6b9b6e489d7f1bf59f58579eeba23f34ffb5a4476757,367,1,1,0.005934588651311388,0.9880535562059467,0.006011855142741862
B-S0,1,42,a538958f863560cab82c81c2af21b948645d77515ec607b6158507d95fe5123d,370,0,0,0.7575119352352171,0.23754921999743472,0.0049388447673483086
B-S0,1,42,e76f79b797b47271b05802f3737b53b3378b0b1529fd9314fa2a492b6167ac66,372,1,1,0.007312635115360573,0.7328374799778535,0.2598498849067859
B-S0,1,42,2965eb77c7507629cf30cf7647115971bc3fbc079b0679ddae18c5a7f6088ba0,375,2,2,0.008618441795679199,0.3759471565123229,0.6154344016919981
B-S0,1,42,447fa75d82f2da45bc471afc5b9273f8007746f7c1e6608e7f7e080582a7ea08,376,1,2,0.008618441795679199,0.3759471565123229,0.6154344016919981
B-S0,1,42,4f4abcb7188e73e10ca68b718d456e0239c4dcb6875e1c3c69a419fec225e1ce,379,1,1,0.041140731516396765,0.953775866155099,0.005083402328504256
B-S0,1,42,dce71741a22feecd18d4a68d6dac14f53d1b585efa9029d2d7f6caf10ef1d09a,385,1,1,0.20447333356616876,0.7872753234228156,0.008251343011015662
B-S0,1,42,0a3effbdec3cb466bafb0f3db000792529f8a18b89f03e2f2a477a57ccb23447,390,1,1,0.007312635115360573,0.7328374799778535,0.2598498849067859
B-S0,1,42,64edd6fd449505aaf4ce23b5e8fd239af0c6c1b9b8ec3b6283f29aa63786d55d,392,2,1,0.005080794362933521,0.9377765126367065,0.05714269300036002
B-S0,1,42,3aa2f113241cf12a1f41976ff0bf7942caae7298859aebfd67c1ddd2a115c9f5,393,2,2,0.008618441795679199,0.3759471565123229,0.6154344016919981
B-S0,1,42,7e00b595bb6999487c74eb830249fdf599a16fe836019185747560a7869a2ea9,401,1,1,0.007312635115360573,0.7328374799778535,0.2598498849067859
B-S0,1,42,af3e8a8edbc429d6e82a0234c201d8cc278db4fd145a68015fd1ab8785e57275,407,1,1,0.024473949814831447,0.9713501652126556,0.0041758849725132136
B-S0,1,42,f5c1f313b06ba018dffafebe7e936f738c7877b1fd7def93331d973a91083ec4,409,2,1,0.009833733589228708,0.5891245816366372,0.40104168477413404
B-S0,1,42,a27435e31856096b869dad34f04f50c26e43660a66718f5643ee8ed2eb51af26,414,2,1,0.013025723968162902,0.6389641484720303,0.3480101275598069
B-S0,1,42,447b6eaaa01f44759a3e84e1ae3292b980e1e40bbca619439c1154c93b6ba928,420,2,2,0.0016217495217700185,0.0062302551693418804,0.9921479953088882
B-S0,1,42,a497a87c94bd318bdbd3ec6561590a06ed35ab4e87ca913472fb109a78f8bbc9,433,1,1,0.009833733589228708,0.5891245816366372,0.40104168477413404
B-S0,1,42,652e6865f9acddc8831b8ce218dbe9e6235e8c801d2bbf80d878c249871281f8,440,0,0,0.9999275625791101,5.654752094031654e-05,1.5889899949577713e-05
B-S0,1,42,d63a26a5f8c21cfced4f4ebdcc520a460308329d0c2f1685f083d2ed9ab0b639,442,1,1,0.005080794362933521,0.9377765126367065,0.05714269300036002
B-S0,1,42,7b04f1d594f7376a2f050ee49b8349c5ef562e371b59041d74381aaf3f28418b,443,0,0,0.706656354579405,0.2880334586216025,0.005310186798992701
B-S0,1,42,a6b0e9b589ed3f6caa4497791751bb855f8ff7bd71783f5676489298a186db22,455,0,1,0.16392245664368074,0.8285426444621854,0.007534898894133707
B-S0,1,42,afa6daaad76b24e7324cb78b11b89285577dc8bbfcf69fd9a2858f75d0d2d255,466,1,1,0.20447333356616876,0.7872753234228156,0.008251343011015662
B-S0,1,42,ecddaa9fb5fe0229e957962b58fa482e6fb92d8f808ec76bf3448ae1f9070c00,468,1,1,0.0035166408045278065,0.9658433326505778,0.030640026544894516
B-S0,1,42,3a7f050103c325de4173d8ce18ea31c2b8a5424d5ca15132d1d2e938a40e25f1,470,1,1,0.0035166408045278065,0.9658433326505778,0.030640026544894516
B-S0,1,42,d6c2e29b139b700ff7f46855f1fbce6d187c897106391edbf79fbf80ed1f1c14,471,1,1,0.006907321528973349,0.9892252851196188,0.003867393351407639
B-S0,1,42,9d1ad6603c4fc4417efe8b4d68b4771693ebeb51d9cc5fc47e7d55d6a396ae28,479,1,1,0.35183549535766484,0.6399663557281299,0.00819814891420535
B-S0,1,42,d3dcab46cc222b84f1ffdcca86f298db97158c380bc905a790185b05af010c3d,488,0,0,0.706656354579405,0.2880334586216025,0.005310186798992701
B-S0,1,42,8e66ea34596e3d99a63ea5e1e0165c156c716d735eff28f761ac0ed48e7252b4,491,0,0,0.8678761593577843,0.1289320934948806,0.003191747147335174
B-S0,1,42,f84b59feebc9f4c0c496f360f1ca19bbe2d5beeb52f49c9fc163d951a96cd776,502,0,1,0.41049110984282033,0.5810624618765136,0.008446428280666147
B-S0,1,42,6c25dd980ae55d61fd3c42c5c5e6030ac2dddb2fcce89e3ba55d1ed3f42fab9e,505,1,1,0.014489681509538516,0.982006216466457,0.0035041020240043157
B-S0,1,42,2df6a5e9d91cfa9be614ad5f9caee8cc67f367e07626e56fc4f67efbfaceff1f,514,0,0,0.9792820847638232,0.01984416288960384,0.0008737523465731103
B-S0,1,42,efb4d196f4193d1291a1cfb89719e049b970e0bf437f8a7e200e7362d60ca360,522,0,0,0.7575119352352171,0.23754921999743472,0.0049388447673483086
B-S0,1,42,c79ed7e1c220976e51dd4332360fd4507729186d68877b8df22893d4867d9530,526,1,1,0.009833733589228708,0.5891245816366372,0.40104168477413404
B-S0,1,42,d1ad465a150c1a7e96ab02a505ebb64e6d4a4d6ed85a8269d159aae2333f6aab,538,1,1,0.014489681509538516,0.982006216466457,0.0035041020240043157
B-S0,1,42,bb9a219543e713c160a8c0a5217ff0448abee776e104949e51d702515e4d91d8,545,0,0,0.5327163043446651,0.4601630891110446,0.00712060654429008
B-S0,1,42,e04e7d38a93aac3cae8930e1afcc919894b9a520fcb4dca988b331ff9b2900f1,550,1,1,0.005080794362933521,0.9377765126367065,0.05714269300036002
B-S0,1,42,7c393fcb8c6e7a0bd9c175f589c70e5aa04536220517e7b236f9e14bf21c6822,552,1,1,0.35183549535766484,0.6399663557281299,0.00819814891420535
B-S0,1,42,acb36f95ba3fa4630d97646560eebd228e5df633a2b53197160afadbac82d3d7,555,1,1,0.009833733589228708,0.5891245816366372,0.40104168477413404
B-S0,1,42,2f662e03b27bfb4526a71add2807e7200b7744865e734e627c558dbfcd716b5d,570,0,0,0.8678761593577843,0.1289320934948806,0.003191747147335174
B-S0,1,42,cbff20bc53e43cdc376274e957b0ffc5d0e44adc151c80bdf4bbcae92be525c1,579,0,1,0.16392245664368074,0.8285426444621854,0.007534898894133707
B-S0,1,42,27810cd10888196a27cced776fd1436adf51d1cae60009f0c7ef8058309b1000,583,0,0,0.9568643334251963,0.04162596266002136,0.0015097039147824556
B-S0,1,42,11f088393304daadcce4ef6f7aeb11030a552f71b38036237f26bfcd5781383c,593,1,1,0.005080794362933521,0.9377765126367065,0.05714269300036002
B-S0,1,42,f1c806ba37d90be9bd2c5d433faae60be09e78bd25bdd026832fc63f5b765d18,595,2,2,6.918123759961072e-07,8.301649537408796e-07,0.9999984780226703
B-S0,1,42,e452e684933e73c5030cb56fab663ab3633a1033ce3f9525ca49c259cb1ed4b7,603,0,0,0.9999811051377547,1.3417172793853472e-05,5.477689451279364e-06
B-S0,1,42,fecb7614f4f605bdc5a580d71a1b278aede770767de1712824a679c6ef5d62c5,606,2,2,3.802429636268991e-08,4.5622000633644665e-08,0.999999916353703
B-S0,1,42,b08cc7b11c2239e58759422b6bf5a2d08f13ee0ebbe8cc8c7d36f98a1fed1f20,608,1,1,0.2951442378806635,0.696976176056979,0.007879586062357311
B-S0,1,42,2ca5957ec014c711ba4a9356fa48dce7c2814b7c34ce6430ed68fa5e83b052e6,609,1,1,0.014489681509538516,0.982006216466457,0.0035041020240043157
B-S0,1,42,cbabb7d95eace71c3efce48e034e79054df0c1930a226772f3ea9a3f42eb2cad,612,1,1,0.03170319444521333,0.9638011943450978,0.004495611209688714
B-S0,1,42,0bc52b5e19aa1667f7fbc7756b07899f366c304e861f02d85e0aef1f64de3cbe,614,1,1,0.0037279888791041014,0.983298683550445,0.012973327570450664
B-S0,1,42,352f35ab026498342b42592c28f2e2be9498c17dfa667c80faea045076e8af7f,619,1,1,0.0035166408045278065,0.9658433326505778,0.030640026544894516
B-S0,1,42,f73037bf5bb7948b4d6c45d2a9d27260dd1e3d46d4cda2bb4658f1b9abe5c35c,627,1,1,0.16392245664368074,0.8285426444621854,0.007534898894133707
B-S0,1,42,7ccf5e3af45d32c2b891424dd669788c94857f3adff5795a33e4b30a42f41db3,643,1,0,0.706656354579405,0.2880334586216025,0.005310186798992701
B-S0,1,42,1f87f903f6991bf3f713838f4ac2d9b2d167b93ad3fc82cd0bb8919543bca220,648,1,1,0.03170319444521333,0.9638011943450978,0.004495611209688714
B-S0,2,42,3d0d1c44ebc74d642e0c609d5dd4b5cfb467ae332a035c679b0c27cdd1ec168f,25,1,1,0.031010544192707597,0.9639799389035416,0.0050095169037506
B-S0,2,42,c346e57479e178e7b054371aa9a5f68b51e42c0e4a895346230cc32926dff8fe,27,1,1,0.013607190631710432,0.9823851479956076,0.004007661372682079
B-S0,2,42,3abda39dd64284c601a97a2fbab4b8034dd42e259e9b097ab0138698fe51f5fb,28,1,1,0.003712833337017536,0.9800333665022594,0.016253800160723163
B-S0,2,42,ff103515b8dd75894b97d53c0362207acd3e41b19365124568cce40e99ab29d0,36,1,2,0.006446581874017269,0.4289703515552717,0.564583066570711
B-S0,2,42,6c1ff6b4722162e99085258b374ec75e9c250758b590e5d0c7e5e90d433283f1,40,1,1,0.013607190631710432,0.9823851479956076,0.004007661372682079
B-S0,2,42,f9808139012c8b222496cdbc2c5823f5a200c1ca0c9a76838b16271cb6491b49,41,1,1,0.031010544192707597,0.9639799389035416,0.0050095169037506
B-S0,2,42,b65ef40f602471b10735bf76d635b6e867318fbd3b2d79eb292d182ebc52fee1,45,1,1,0.031010544192707597,0.9639799389035416,0.0050095169037506
B-S0,2,42,30dc43bca87dffff763ecab81971977dd0e0eb2ebbba3e56ea466f30648308d6,51,2,2,0.003056948287407929,0.1502385741650198,0.8467044775475722
B-S0,2,42,fffdee90b6ab369ed3b441fc0d5835dec1e0da61263172332ba409239a1b6065,79,1,1,0.006393979604513526,0.9889114219254429,0.004694598470043687
B-S0,2,42,c3aa2339fdff357a10a7d1d16826e1158de5efda7de8df9d86f076ca2646b95d,81,0,1,0.1956580112648607,0.7960518863966041,0.008290102338535228
B-S0,2,42,10de938d451cc9cfe6d0ead0b6a8f760560120b56b7ed89b2dc4f651e5451669,82,1,1,0.006393979604513526,0.9889114219254429,0.004694598470043687
B-S0,2,42,eb359b8ed9a4e0197c1d1ab325e0047ecbec907011dd47ad227dce8c761f9a7b,104,2,2,0.0008293890656212843,0.009616858061878071,0.9895537528725006
B-S0,2,42,686e797782deb880befa085462a001874deb90f59e8bd4f579869b6b3cc30dda,111,1,1,0.013607190631710432,0.9823851479956076,0.004007661372682079
B-S0,2,42,f56c2b2dd4b088427127b4d3efd30492502e057dc35df92f37e390e9ff866182,113,2,2,4.4605671348330027e-07,5.355873525333305e-07,0.999999018355934
B-S0,2,42,8df88942cba699e578f85da548ac43c04023d6e3124e0d909bedcf225ee6ce88,117,2,2,0.006446581874017269,0.4289703515552717,0.564583066570711
B-S0,2,42,10698694323dfb803f5936e348a7facb60fabbb04e356449705169347027f85d,125,0,1,0.35272106283948845,0.638641105783314,0.008637831377197142
B-S0,2,42,f58ebfd4557154ffbcb785a4e55bb6649accdb99c66e82c58ed1bee08f674e8e,128,2,2,0.006446581874017269,0.4289703515552717,0.564583066570711
B-S0,2,42,64d4f18b3b12675504880cd0dc7ecf25b60fc04bfdbec355bc38419bb2d7c415,135,1,1,0.005228706576132382,0.6080036504553931,0.3867676429684748
B-S0,2,42,237d8870453dad85e4a690f5ef5b3a88e992a5aa74dfe4b4b5a16a1db596e4fe,140,1,1,0.1956580112648607,0.7960518863966041,0.008290102338535228
B-S0,2,42,6cb1a3bd78701f948722853f3ff484b4a62afa283c31e3d9ba8e2ab088574ba2,141,1,1,0.005545370399483442,0.7608507376669577,0.23360389193355888
B-S0,2,42,ddbe9a19eeb2b15127963e53920ddb3080cf3605be4e5412f985652dc3282606,143,1,1,0.006393979604513526,0.9889114219254429,0.004694598470043687
B-S0,2,42,0baae3864d2aa3d4aa2751efdb33ff2ab5c818f532230e2e93483176c0226769,147,1,1,0.00769120081750312,0.6066325619857882,0.3856762371967086
B-S0,2,42,ffecc433675dacb5aa9570aab766c7b1c9116acb4109af9e6863d3341000315a,149,1,1,0.06837098835907189,0.9249271099173113,0.006701901723617019
B-S0,2,42,fa5daee0d7df009faf4c0e08a703bbc8db8c1ae32e4f684b7085649c9d548453,156,1,1,0.003712833337017536,0.9800333665022594,0.016253800160723163
B-S0,2,42,81c654f9d5f5591c63de46ec2f8de90d5778222531f6dc2ca93dfe9653b873c6,175,0,0,0.9804029483994804,0.018763312421828965,0.0008337391786907997
B-S0,2,42,0f1626989b6efba0ed821b04af2ce1ef2dd90be67fee5303e0aeb890e84e656a,179,0,0,0.8969148177403293,0.10025894230646487,0.002826239953205954
B-S0,2,42,dc041fdcc3cbcfb79f4de07118d4868642025a233a983d551502cd5c96d20552,180,1,1,0.16629294795146712,0.8254238470421953,0.008283205006337653
B-S0,2,42,4bc56ddaf0f7e559d24c60f59a6cf7edbd7b915799dadce516c430ac85a7696b,188,2,2,0.006446581874017269,0.4289703515552717,0.564583066570711
B-S0,2,42,f388cc4e3fa7c3eb79bcc7b0c0c92fff99e4fb329900ed50bfeb4f870f49792e,189,1,1,0.031010544192707597,0.9639799389035416,0.0050095169037506
B-S0,2,42,e4513c3d95a31cb9b2e70ba9aac54b1937bbbfb1fce1e4e3eaf07f94259ecb86,192,1,1,0.1956580112648607,0.7960518863966041,0.008290102338535228
B-S0,2,42,ed46b4dc3fcd5fab1ada22a6d188180240af8e738c547e3f26fc65506b077a12,195,1,1,0.0059181019775203444,0.9857357247218943,0.008346173300585406
B-S0,2,42,ac305df5cdc5f1b0801b93d200a6dfb28ed119ce4795422a08ad3057488758ce,197,1,1,0.005545370399483442,0.7608507376669577,0.23360389193355888
B-S0,2,42,ac49935da3ee5b02cec9247a78be9b546c635c54aa6988081e4fe8709663d2f9,202,1,1,0.004992772489588487,0.9287183345776606,0.06628889293275074
B-S0,2,42,ea5f3b7855c7c13d408bff3ff046c47d194d636ff9d1cd41a54051e642651080,207,1,1,0.03806869712564804,0.9568293450539609,0.0051019578203911654
B-S0,2,42,24fd68e79a2159278d68b9fa03c7a306d89444b373e4ed956a552290b7163fd5,208,1,1,0.0032866784788008053,0.9635272514687052,0.03318607005249421
B-S0,2,42,1c5812f23059c8affe3af759b6ead8c2c38b856307cb70a58a6806f14bcd7133,209,2,2,0.004502177521542578,0.14988832422397913,0.8456094982544786
B-S0,2,42,6ab8e0705e7b40a64b138c0755ac0e4974492c819c3a3104cb9fdf9bb5c5833e,210,1,1,0.005449576539567483,0.8662138596238824,0.12833656383655007
B-S0,2,42,a5e5532a8001b1d35b8d647ec7c6de5bd09b0cc81ab543a66c4b92d00869a830,212,2,2,0.004502177521542578,0.14988832422397913,0.8456094982544786
B-S0,2,42,4cd62e95948bd1b704bbcb35b4c07c1ce891fe8d8603fa8d7d55722149152d09,215,1,1,0.0059181019775203444,0.9857357247218943,0.008346173300585406
B-S0,2,42,41c314fd5e526b07168ea8735e420c8fd4da4cb146f0cb7b53a0b2e383de5f71,216,2,2,0.004502177521542578,0.14988832422397913,0.8456094982544786
B-S0,2,42,c52893a6a9c59524615c570b972166e20fb5dc1939f7f8a0a444a854ad8b5954,217,1,1,0.005449576539567483,0.8662138596238824,0.12833656383655007
B-S0,2,42,ef6d74ead7c9dae1edd8b999fa30b355c27c4fa0917c2b6342686959821c01fa,226,1,1,0.005449576539567483,0.8662138596238824,0.12833656383655007
B-S0,2,42,a2010d08bf5544fb2f61ba56db0cc9b5b6d58a43b3e7a8155eae755a2ab63922,230,1,1,0.0993559324460595,0.8935663609151747,0.007077706638765966
B-S0,2,42,ea6ce91f0cda3fa98f7b745b9580fd6b0403056870eb76c5fcf66334679dd7ee,234,1,1,0.03806869712564804,0.9568293450539609,0.0051019578203911654
B-S0,2,42,c6d8fdfaebcc9424104991f6e1b2ae52cfc74b01f006f573c65d6403e27860c4,235,1,1,0.003712833337017536,0.9800333665022594,0.016253800160723163
B-S0,2,42,81b41de2fc119a6be204b22f6f400b640dae3281ad7449e09c510a3179f3e514,237,1,1,0.1956580112648607,0.7960518863966041,0.008290102338535228
B-S0,2,42,8ef03a12bf26544326b83a924d78b17a626323183f000e61b0e1269d5151d713,239,0,0,0.7641222503998968,0.2308057103306522,0.005072039269450945
B-S0,2,42,e65cba4765702c555356fe2b6fc3183b7079396880ffa82b6303a59358a1b860,240,2,2,1.4108817133993418e-07,1.693344497070878e-07,0.999999689577379
B-S0,2,42,aef48ae8e8f8321f0e29c116e8187c697962ab80108f224eef0febe59017821b,256,0,0,0.8769471615417826,0.1197681005916434,0.0032847378665738715
B-S0,2,42,4e704048021bafbeb44effb9e508d4cef59a712f89bd368f81f564485127cc02,270,2,2,0.004502177521542578,0.14988832422397913,0.8456094982544786
B-S0,2,42,6e7973c8c4ee77c326ae4010b1418b788a5630854185affb484685e8d73a7084,272,2,1,0.00769120081750312,0.6066325619857882,0.3856762371967086
B-S0,2,42,111d930258015ff415cf618a5446916b948c63467161ea1a20e0915119b50244,275,1,1,0.016654444342718944,0.9797487222332631,0.003596833424018094
B-S0,2,42,b66a61f7e4e30927c1735a3306a7e4fd6cf9b017aa1b11eacd63c9f666c7ac77,277,1,1,0.03806869712564804,0.9568293450539609,0.0051019578203911654
B-S0,2,42,3366e3e79bb817fbb8c139710399b5e5e682684683af108e41f6f8f47bb2ead8,278,1,1,0.025389926385226972,0.9692859380002825,0.005324135614490485
B-S0,2,42,ef27b562eab370d5506b6031d90875e2bf94890dc4f57239be5af639fc2bb2d3,281,1,1,0.0059181019775203444,0.9857357247218943,0.008346173300585406
B-S0,2,42,54a5824b809802628fc226bf21773286f73e6051e62d9cec2df3e81d93197bde,285,1,1,0.005545370399483442,0.7608507376669577,0.23360389193355888
B-S0,2,42,0bb5ed634b92cd4e23359fa5c9f0f46eb531bfa0976bdd29a00e52fbed97e135,286,1,1,0.003712833337017536,0.9800333665022594,0.016253800160723163
B-S0,2,42,7ccb05337d74117430e9fdf9897cd7110c354bd737a7229f86fe605f50969092,288,1,1,0.003712833337017536,0.9800333665022594,0.016253800160723163
B-S0,2,42,d989513ebc9b816b08d15039e20aff3eeac96a4c9cd17e51afaa8a05ead60f2f,295,1,1,0.004874232115054903,0.962155062238549,0.0329707056463961
B-S0,2,42,29fe4b61c9b555bb9cc208302b5dc991e41580d993fe5cf0832053f62f80be27,296,2,2,0.0008293890656212843,0.009616858061878071,0.9895537528725006
B-S0,2,42,a347405d861f7182f5157435b676ea5452b581ebf8b34c65c740ee6696256750,298,1,1,0.031010544192707597,0.9639799389035416,0.0050095169037506
B-S0,2,42,ba77ac0a50dbbe13d7bd6839ae32c5eb1febed467656cd2322a11c5b3f747b65,302,1,1,0.031010544192707597,0.9639799389035416,0.0050095169037506
B-S0,2,42,8bbb88b5de9002160126d07b53f3cd2825868930b27f08e4ff4760a9c179699f,305,0,0,0.7641222503998968,0.2308057103306522,0.005072039269450945
B-S0,2,42,b1ee4d7e89869caeb050bf6a44961b049d9934b92e5ee40bc7e869b645348de0,307,1,1,0.013607190631710432,0.9823851479956076,0.004007661372682079
B-S0,2,42,e03a5d8fb20a6ea99425f7eb791e67ae67db33777225bd74107066b76cbd37ab,317,1,1,0.003712833337017536,0.9800333665022594,0.016253800160723163
B-S0,2,42,727f74ba1c3c4c66b1f6b4556991e45b07a8df2d9d01846546f6627456d8494f,318,1,1,0.04670743855392517,0.9479262991961451,0.005366262249929757
B-S0,2,42,d3a134515041870d4095cf6ae0a7325769f957b530f530c1edbabeaa7c0c7273,320,1,1,0.003431551114652579,0.9299291698211115,0.06663927906423583
B-S0,2,42,980f2c93c9c03ec6203a0bdaeef81159a3cfe8ed1f28387385d9f45010302142,333,1,1,0.005449576539567483,0.8662138596238824,0.12833656383655007
B-S0,2,42,a66c4452b850b95377077697aac825a263e323984b1e8a1b5c25b1f3bbf86b4a,334,2,2,0.004502177521542578,0.14988832422397913,0.8456094982544786
B-S0,2,42,9f3c666f41f67c4d1304118a8d2927642bae1db9e3d7be9fec6431a472638621,339,2,2,0.004502177521542578,0.14988832422397913,0.8456094982544786
B-S0,2,42,276a41fcaefc7b0f5b533b227d35bd303c63f762bbf766628024ce36f9313bf9,348,2,2,0.0008293890656212843,0.009616858061878071,0.9895537528725006
B-S0,2,42,b5271dc00037ef4441d0e9b55a7b122c6981acc750495290fdf2d1171ec45e4a,355,1,1,0.0059181019775203444,0.9857357247218943,0.008346173300585406
B-S0,2,42,e77bd94004a0442aa632c906e2f4e997e00b478cf23900001f6d06ec63cb3ef3,360,1,1,0.0059181019775203444,0.9857357247218943,0.008346173300585406
B-S0,2,42,584086a779fa152c0679d9786c1e33c602944084d5cf48f6c0e7dbbac810bd87,363,1,1,0.0059181019775203444,0.9857357247218943,0.008346173300585406
B-S0,2,42,1467b04a49c306baf2f2d7d4fd94a9e1d2b0b5a630fc1defcbc2ec8916da6c13,368,1,0,0.5452446444361823,0.44709854618259165,0.007656809381226214
B-S0,2,42,aa253d0c7343d07a4854487d2aea858f473eee151b96c2ce40bedb2ee8437306,388,1,1,0.031010544192707597,0.9639799389035416,0.0050095169037506
B-S0,2,42,a7a9ca7a19cbb70fe7a0ce5094b6f1add89f5b24cedf3415b2882b501c43ca03,389,1,1,0.1956580112648607,0.7960518863966041,0.008290102338535228
B-S0,2,42,4e2eb26c0fe972eab4b5b004faa49b46156fd4ee3808d325d7e5594a79414a9c,398,1,1,0.0059181019775203444,0.9857357247218943,0.008346173300585406
B-S0,2,42,eab697c8c1d27212af84b30e24e32008b1ecbc67472a7ff95ba552ee19c0db40,406,1,1,0.006001184686171038,0.977741330148599,0.01625748516523012
B-S0,2,42,b76ae4c5df31d41a628c2eac6d63a7191c5c814c94f0f8c36f40d812e2089f6b,412,2,2,0.0012072240536673896,0.009612963003482298,0.9891798129428505
B-S0,2,42,8a75076ea3879d0bf0dd017d05b4a245801a302e7b000b0a7b9c1cdb94ca975d,413,1,1,0.16629294795146712,0.8254238470421953,0.008283205006337653
B-S0,2,42,5fff96165ae228d0b6c109dedffa29fbbe1bb5419a4e17d1eb6b6f7371638adb,416,2,2,5.252644103150825e-07,6.305896617450381e-07,0.9999988441459279
B-S0,2,42,cabc765a96e5371085f2124e0c49137c3ea6aa1d74da1cc02c830ee82ebc9b48,419,1,1,0.2675481518871007,0.7232329623230711,0.009218885789828265
B-S0,2,42,3b6be63e42bced9624f2695926dd4352285f8007d59bd5bb1dd51c40b37024a1,423,1,1,0.031010544192707597,0.9639799389035416,0.0050095169037506
B-S0,2,42,f4485fff06cc355178561099fde1bff774f6df6adb1ce135820fe0e07515311a,434,1,1,0.1956580112648607,0.7960518863966041,0.008290102338535228
B-S0,2,42,e92916be0b17ba8bf1e2d3ce1809285cc94721729d1978c457f4db8c4f4101b8,436,0,0,0.9761028098241172,0.022911615498368954,0.000985574677513739
B-S0,2,42,44b0ff3b5337d07bc238578620590bdec6e1c913e99c9aedd40c7306c5136dba,437,1,1,0.006393979604513526,0.9889114219254429,0.004694598470043687
B-S0,2,42,170bd7b79b3f5e28736c07ca59bd1f2f2b5d4f0778d08d0d065dd684c879d5d7,438,1,1,0.031010544192707597,0.9639799389035416,0.0050095169037506
B-S0,2,42,e0bd5edf2a653605820916a1a17d66d2397b9ad0dd84f37cbd3fd3810e309037,446,1,1,0.013607190631710432,0.9823851479956076,0.004007661372682079
B-S0,2,42,4dab921dc624739a417660847b4c0024fe177b771218333bf14e0d0d4e20aa91,448,2,2,0.0008293890656212843,0.009616858061878071,0.9895537528725006
B-S0,2,42,85718d8d0d6c99912cd3eac82bdbbb72cee0878bc1891742d1d9ad494dbb5c0a,450,2,2,0.0027469930258792017,0.07870533634801039,0.9185476706261104
B-S0,2,42,13495fa8b8dd9679b0eab26be9488564259999759eb940cad44c16c962ae81f7,453,0,1,0.39688370837476433,0.5948123205678304,0.008303971057405438
B-S0,2,42,0dbe677afded6fdb64050e827a3a7e21d49e0ab3138a60a2e288dd171af53944,458,1,1,0.007325316841185716,0.9895733254119324,0.0031013577468817517
B-S0,2,42,30208d526f61c08aa4e9adad5f98e9a48303a9b9357da44a27292465dbc46bf3,462,1,1,0.00769120081750312,0.6066325619857882,0.3856762371967086
B-S0,2,42,ecaccecb377bfe6bfdaa2574f6cdc96491a0894b2480612d0376098a403592e1,476,0,1,0.39688370837476433,0.5948123205678304,0.008303971057405438
B-S0,2,42,c32bf43dea1035a78327d54bf13e6655b755788b7cb2b89bbd177edfc1270a1e,485,1,1,0.03806869712564804,0.9568293450539609,0.0051019578203911654
B-S0,2,42,aeac0b830c55c2d51b6a33e30e0be051cd140df152dd398a2eddab2a28bf9b35,489,1,0,0.5452446444361823,0.44709854618259165,0.007656809381226214
B-S0,2,42,f1f7629e3f53f2d8e749f46a993a6e72aa316c1d9c1f8b1c67c6dd1a677d2932,490,1,1,0.06837098835907189,0.9249271099173113,0.006701901723617019
B-S0,2,42,5db554cde5ce7bc9cf816db20cff72939c5d380706d527f487672a618aca59be,492,1,1,0.308506631098203,0.6825430526832126,0.008950316218584407
B-S0,2,42,64093b9f13e7c9c5796331cf22a51a3878853dd9a68ddd7e2bd97746e9a148f9,496,1,2,0.006446581874017269,0.4289703515552717,0.564583066570711
B-S0,2,42,e01c7f73d3b9c5e56e27a66af611a14995b4b65854a282507dbf90ced9dc54ac,499,2,2,0.0004638194456853611,0.004707854031999995,0.9948283265223147
B-S0,2,42,f865f3eb3350200dfbeb524ebdd2d755fefe3d4d2a2093ca5e4c3d388c760e50,504,1,1,0.004992772489588487,0.9287183345776606,0.06628889293275074
B-S0,2,42,b4ddfccd8e4d07b77338aafe76e7c9ca43343a328bbb848444a3ecb6133dc14d,507,1,1,0.013607190631710432,0.9823851479956076,0.004007661372682079
B-S0,2,42,857b369ecd76d80997f03f4eb841148b4a57ca5b325132205a6ff964ff20122c,508,0,1,0.1956580112648607,0.7960518863966041,0.008290102338535228
B-S0,2,42,74137ae4e7726b7bd996489326eb22a2b8918ea0504267c8fb1fbab7f5ae7b42,509,2,2,0.0003827854629924972,0.002284451641757062,0.9973327628952507
B-S0,2,42,862548383e807e3e1f19b50f24a8569b6ffb9dec43bdb049f653d08bc3af9d3a,510,2,2,0.0006755000992585775,0.004685789153078487,0.994638710747663
B-S0,2,42,50a1482d80d92dbb826319e4766efc53b1bdf8ad4e84880dca534a5dda4f5043,511,1,1,0.0993559324460595,0.8935663609151747,0.007077706638765966
B-S0,2,42,96fe6b8a15df2ad16bdc1b1426c5388a37e247e2707b5f5e0efc650981a54522,517,2,2,0.006446581874017269,0.4289703515552717,0.564583066570711
B-S0,2,42,ec4ebe569d3745dd4c8b9698518c7aa342acae412e99da6fde3e888b7d603a83,519,0,0,0.8969148177403293,0.10025894230646487,0.002826239953205954
B-S0,2,42,59e566c9593c67991a9806b91f08f73822a0101cbf3d442380b33413985e2c61,528,0,1,0.35272106283948845,0.638641105783314,0.008637831377197142
B-S0,2,42,ff5ec594276eaf7458f2130bcf3e75b5d349c038b2b084453d15878aca86b077,535,1,1,0.06837098835907189,0.9249271099173113,0.006701901723617019
B-S0,2,42,26b4822fa63df3b3e9c29f678473792ea52b5b587e2cab81296a5a914d19b8b3,544,1,1,0.006393979604513526,0.9889114219254429,0.004694598470043687
B-S0,2,42,f4d53f6572ae8b078ab81ba0147ca9577c4911fee5434fc10bcd3664f586de6f,559,1,1,0.003712833337017536,0.9800333665022594,0.016253800160723163
B-S0,2,42,1e575562ac1159a8405c09757fa2ecb84640a371604a760ff9c484986079044d,564,1,1,0.0993559324460595,0.8935663609151747,0.007077706638765966
B-S0,2,42,6fd9a47fad5e93b780be9618fa002099728d3eff67212f1dfd621d4fe09e5eca,567,0,0,0.9999914966236542,5.9258936076004164e-06,2.5774827380615155e-06
B-S0,2,42,c196a7c8ed3ca9e717d3bd3e95cdfe28d93e5d9cf747d077bb16d08a20a5e14a,568,0,1,0.443979589753087,0.5471308581922998,0.008889552054613269
B-S0,2,42,882cedeb9fc2ec46872ae63c3be3b86e9760a8947f6a1cb1a2e0b94eaefa5a4b,571,0,0,0.5452446444361823,0.44709854618259165,0.007656809381226214
B-S0,2,42,83113f35b1ed6dcd55e689ac8670be1b8e9643d34559e493146083d8e5945dce,573,1,0,0.7260173833305933,0.26823978894787026,0.0057428277215366705
B-S0,2,42,7be80fb1e0b72f3463c8bb1765680e76d75477d56995fa3950c138b538110adc,575,1,1,0.031010544192707597,0.9639799389035416,0.0050095169037506
B-S0,2,42,55dda6439343432382a3c5fcfd38503ba528580be87b0d35cdba66b9c9b827d2,576,1,1,0.16629294795146712,0.8254238470421953,0.008283205006337653
B-S0,2,42,d083e107e8f39557b9da7bae2f268fd65ec49b913d65d226417086af94f9511c,581,0,0,0.9397993546543911,0.05820764654917172,0.0019929987964373984
B-S0,2,42,6dcbeeb20de7ab3fb6be30cae5c029490f226a6c6e9839f8bb4882119aa94265,584,1,1,0.031010544192707597,0.9639799389035416,0.0050095169037506
B-S0,2,42,4d13f0a81cacab75a84d737ab08cf1b5159479efc79f18190e8eff251f50d3a5,590,0,0,0.8769471615417826,0.1197681005916434,0.0032847378665738715
B-S0,2,42,62984b6078e75a305726c858e36e398e1c744cb748f515a9cfe0fc9d54a69c63,599,1,1,0.004992772489588487,0.9287183345776606,0.06628889293275074
B-S0,2,42,864a47eb9df8de430cc753dc49cfb0c61bbddcd7e39861184b1c6ac25ac9961b,618,2,2,0.0022016860226531077,0.03963323708853048,0.9581650768888167
B-S0,2,42,f21c6f9076039176e5eb15df163162d58f098a9ae11653ad81acafabb9c36e7c,625,1,1,0.08257601402060367,0.9105529394899912,0.00687104648940528
B-S0,2,42,0b62dbcc4ebac3c7caeb54877d5a7729939755248ef62d510998e9e0fbed957f,632,0,0,0.8769471615417826,0.1197681005916434,0.0032847378665738715
B-S0,2,42,52a96206cbacbf10f2bc11340bd5210d489f276f3d08ac28be80c19d2cf1da08,633,1,1,0.00769120081750312,0.6066325619857882,0.3856762371967086
B-S0,2,42,29fce523320e3983ff6849f6c475a158aa2fe75ebd2e9c644855bcd863b27cc7,637,0,0,0.9502416520015923,0.048067834778489915,0.001690513219918028
B-S0,2,42,4ec623fdc95e46d2eebb4a617716702a53c1664c18b6850a31a71541fbaf8d81,641,2,2,0.0012072240536673896,0.009612963003482298,0.9891798129428505
B-S0,3,42,9da00394a8e5d8f9ea66036a6a89912efa355fd9ba96bfa4c528435b8bef9db1,0,1,0,0.9979100826982793,0.0019932168636073028,9.67004381133065e-05
B-S0,3,42,2032c66fadcb9fb24653402444d869a8a23e06dd7c522221ee5e19db135147dd,1,1,1,0.08761196176649744,0.9088251111662144,0.0035629270672882774
B-S0,3,42,8726e7c2817fb8c8315b2db10843e3074a260645fbf1fccfd23450a6dfadb425,9,1,1,0.002934732778744882,0.9897726565475967,0.007292610673658525
B-S0,3,42,14caadb35d5c89647b912b53c06bdcea5896a8299a9358c8bd67f727a3feec4c,14,2,2,0.010166811754220413,0.36725388568526046,0.6225793025605191
B-S0,3,42,0817d574402933c00d82a89b1851b0d40647a8234618ab6b293d902531e9fea3,15,2,2,3.1620604907113066e-07,3.793237446694462e-07,0.9999993044702062
B-S0,3,42,3679ea32f8b94b8ce3d1242fef2d6073a0bdb60fe26b258e51162049223ac77d,44,1,1,0.03498482684836455,0.962244999661896,0.002770173489739285
B-S0,3,42,1a9c93c0298921e6e0f103921ca7dba43c8472b77c47cdfe345bc83365ea4636,52,0,1,0.18641682196172177,0.8097963805883548,0.0037867974499235174
B-S0,3,42,08f641e003d30bb34ea70c8a98e54462e23555149b596c1f323b1ca3443795eb,53,1,1,0.0029071120527734326,0.9756828876196161,0.021410000327610618
B-S0,3,42,825309a30632ca1e2936b124a778f11cb92b02606b370f89d13bef151f047eef,55,1,1,0.004556662602567499,0.9592345014763931,0.036208835921039295
B-S0,3,42,7b13c3dcfc57858b28512dd82b80f9bbc5a38d53ab17609e29661191744e409e,59,2,2,0.0019632721854120475,0.013241046283158397,0.9847956815314293
B-S0,3,42,cb2b4d4111dfd94cb699ad65f248b0bfb4f2ebfda4969f24c0672a4eea784aea,61,2,1,0.08355825238881338,0.9130642885858059,0.0033774590253807186
B-S0,3,42,2d4a4db57d75d8a7e2d6e56965c925963d33c569c1e24c31a63fb124021beebc,64,1,1,0.0029071120527734326,0.9756828876196161,0.021410000327610618
B-S0,3,42,410500105c3281445a1b6e50757dc923dff389861aa9993c0b740a1545b5b228,68,1,1,0.03337097061093631,0.964027842267424,0.0026011871216398284
B-S0,3,42,43ef9061e180219186ef1d51bc3c069a634f7f7a0078c5e6a8e339fe1bf5c10d,72,1,1,0.002407857107374574,0.993189619581032,0.0044025233115932505
B-S0,3,42,81b09fc0aa959d8efcc70c33f155000a7f01a30bf542cb50cd16d5ceb5203c4f,80,1,1,0.013189013364455762,0.9847376249273487,0.002073361708195241
B-S0,3,42,b64a99906f7914e194b7e5bda1235e3fffa359bf7c1667dd42b4268f16478434,86,1,1,0.002407857107374574,0.993189619581032,0.0044025233115932505
B-S0,3,42,d1873f2c273d9fff1d54fa797703976f13a01d3298453e10d99cb401551d4999,89,1,1,0.37612706137665686,0.6200947891205746,0.003778149502768761
B-S0,3,42,7e9752299515d5ecf7f759b6eae0d65703a71dea906d252e95aab67537ddb71f,90,1,1,0.08761196176649744,0.9088251111662144,0.0035629270672882774
B-S0,3,42,68ce95a11652b3b237dabe6ae00998c9c7adce1ee390c47fadd3e8540130de0f,109,1,2,0.00419852446581257,0.037719609618194386,0.9580818659159931
B-S0,3,42,3797dbb2b0b7a08e83dbec5409c694efa671c4e46af761858844278f1dc385d8,110,1,1,0.011708921589642091,0.6276797778995842,0.3606113005107737
B-S0,3,42,704d8396ce08b551fa6dd721337adce6afb2503715135f734bd2c0722ce528d3,115,1,2,0.003689312062113885,0.06339421804111123,0.932916469896775
B-S0,3,42,4d25798cefc2cf5ce3c29ebf0b9e4c0d84956f1a8898de972610ee57b6a7fb5f,129,1,1,0.0029071120527734326,0.9756828876196161,0.021410000327610618
B-S0,3,42,bbb97d718a1a11e509b00ac170dc512ff9b9930eacf75f5a3077880ff90bf810,136,1,1,0.37612706137665686,0.6200947891205746,0.003778149502768761
B-S0,3,42,787dcb7a1c4cc9f4983f462ddd01863d71220d14a298073a5886f7917ceec867,138,1,1,0.005041548360630496,0.9928396427870152,0.002118808852354182
B-S0,3,42,b064cb059d374948ef0370a2437f8d0bafe1e9678a1b38f837c6a6db9db4d582,142,1,1,0.013189013364455762,0.9847376249273487,0.002073361708195241
B-S0,3,42,9a26ca17f1a2a542cec0453d178767a86c59652d63ff72ddaa48810be13d1ab6,153,1,1,0.006410919107035739,0.8928726882846286,0.10071639260833576
B-S0,3,42,d1b268ba32d56d8ff3504e94ee5370f3a76ce18e0a3b0db5c875395b0e922da0,159,1,1,0.0029071120527734326,0.9756828876196161,0.021410000327610618
B-S0,3,42,440e70046c7ab779d69b3cf5f483b0504098b58f20b98da0f4b90dcca58b7a1c,161,0,1,0.37612706137665686,0.6200947891205746,0.003778149502768761
B-S0,3,42,1336c5029330743b5ea83d83fdfc07fcd73276158b755bc1202b4a90ade5cb08,162,1,1,0.005041548360630496,0.9928396427870152,0.002118808852354182
B-S0,3,42,d51923504c8a939ba8dfbe8c09d12c0f24fc1b5f9fceff2ea5d3f498b3105dad,170,1,1,0.03337097061093631,0.964027842267424,0.0026011871216398284
B-S0,3,42,c346449759a08de6df8ad7f0936940e980e88f11837c514a02a4fd03f71ed459,174,0,0,0.7987999977291513,0.19926817795616125,0.001931824314687253
B-S0,3,42,4b9f8e0c8ab34af43ef7096eb4e85d311551b210d679e5d673daa44a258e8a42,186,1,1,0.07998893839984085,0.9167822723337311,0.003228789266427993
B-S0,3,42,801eb4d09dd43b2b678c81a91d82521163c504324fee02de3778a3ecd1a926bc,194,1,1,0.03337097061093631,0.964027842267424,0.0026011871216398284
B-S0,3,42,0c37fd58a9827290e55b34630825b0d6244c49d5ad38b4cb692ee5fba935d2c9,203,1,1,0.37612706137665686,0.6200947891205746,0.003778149502768761
B-S0,3,42,50fcac22a7e0a3f9e29c98914641686f7b4d5b483729f33dfc0943ebc770409d,206,1,1,0.03498482684836455,0.962244999661896,0.002770173489739285
B-S0,3,42,1223db6fa4c73ddcfb1d3c6d1d32d7a9a694a0c67b0b8896d2e2c5252ea458b7,222,1,1,0.004556662602567499,0.9592345014763931,0.036208835921039295
B-S0,3,42,1cd7edbfe2f40c5d7c9a6230c2530a19e1c33c1d7a4b9c2fc76e71f4a4ef2955,229,2,2,0.003934026234970759,0.022378756210661394,0.9736872175543679
B-S0,3,42,51cce7d0485df80b75d03dee842b5fbb970f5348df67160d0e30730f577a193f,231,1,1,0.08355825238881338,0.9130642885858059,0.0033774590253807186
B-S0,3,42,982f60fd457eb6d3d3ea718cf44d5cb26c9847a13bc9211cf942c0276094cbea,236,1,1,0.006410919107035739,0.8928726882846286,0.10071639260833576
B-S0,3,42,73d4dfe9d634e737477bbc0e789414071caddfba0329a03b55a67d4565f16b31,238,2,2,0.0019123063920779945,0.007751745050146343,0.9903359485577754
B-S0,3,42,17fce900c57b5d8978b6a7f3fc2fb54520a09094e94167b76cbe441400f5ad10,247,1,1,0.006410919107035739,0.8928726882846286,0.10071639260833576
B-S0,3,42,38085f4b22cba5fc2e5c7334dc43fd4faa9f1be9584e87c3a89ac73aa37f3ff6,248,0,1,0.37612706137665686,0.6200947891205746,0.003778149502768761
B-S0,3,42,f37129146fe1cc102260df1bb5035364d6977e2290c3f3c022105e91ae0cad55,250,2,2,0.0009486145064159523,0.0026662528054086023,0.9963851326881755
B-S0,3,42,c85e618c2cb4110b794d0c0953af57fe74dd832c9089b476240a78f6178bf1cf,252,1,1,0.008070748413904887,0.7435467916727336,0.24838245991336116
B-S0,3,42,6a3c09e4947d005706a207b8c760dd1e4a01a013d7fdf234bb6e2abbe62ed0f8,263,0,0,0.9083370490822581,0.09058452596762581,0.001078424950116041
B-S0,3,42,55f09cfab4e7759b9196088c60e80fdf399fa12b760c9cf22aaeb33589b1808c,265,2,2,0.006641016976082338,0.16555038828739524,0.8278085947365222
B-S0,3,42,b7661cb5dd52c9c0fe4365fcc6bff1f997b8753cdce2392381357136c4a5bf43,269,2,2,0.010166811754220413,0.36725388568526046,0.6225793025605191
B-S0,3,42,be89c47ea7807e1e8f1728f4281bf7f92ce922539e0b3cd0848dc5a258702b8d,282,0,0,0.9125641048091913,0.08634615878180667,0.0010897364090021015
B-S0,3,42,8b6cbbd882704231c2da058f30493957fe5f146ad538f186251118a7c93fe195,283,1,1,0.08761196176649744,0.9088251111662144,0.0035629270672882774
B-S0,3,42,1c7add97688eeaddc1858c389db4aac1d7c75a52d05d5f15c0d081a7b938abaf,287,1,1,0.19429007262560372,0.801755751982477,0.003954175391919552
B-S0,3,42,50a40749308fda874b7765a8a2b85ca93645b0200e63e9851129ab8fd6f41ff9,292,1,1,0.0055646013818238145,0.9913688780695604,0.0030665205486161153
B-S0,3,42,0910a774d27e3fe150f1c12d186032f527421ab5d7c35f74ac4f758094dd228d,301,1,1,0.08355825238881338,0.9130642885858059,0.0033774590253807186
B-S0,3,42,4bea7852e6349795c7bb47b3b196b923e2ba8e7aeea9001ce30608cc02c0e4f6,303,1,1,0.005568835824491025,0.8321148989707806,0.162316265204728
B-S0,3,42,fe7000c6192011cc4cb3fab698a7821cc7044fec6fed4d6c825162ba8e131368,304,1,1,0.0055646013818238145,0.9913688780695604,0.0030665205486161153
B-S0,3,42,de68a6ddb137408d6f047da8b80a1ebeb03cceea79fe2bc107056a11068abdc3,306,2,2,0.0019123063920779945,0.007751745050146343,0.9903359485577754
B-S0,3,42,ee99b4a3c8e4b8ac8172a040ad3be7a04dea423a9ae0409a95df0fafc91a313a,308,1,1,0.03498482684836455,0.962244999661896,0.002770173489739285
B-S0,3,42,5e503b8ae7945a0c7a8bcd67542d51082ffc17c2404a5253304711f79919407f,313,1,1,0.006410919107035739,0.8928726882846286,0.10071639260833576
B-S0,3,42,a538822eabdf193b2b19f78ccf63644aa5c71ce346c2909e83ad04440964ae88,315,2,2,0.010166811754220413,0.36725388568526046,0.6225793025605191
B-S0,3,42,0796be2517f6d256579d64e3fd271287a0a015eb77e018c048e59d0f28eee45f,322,1,0,0.6006152712316135,0.3963781503598809,0.0030065784085057373
B-S0,3,42,1bfda6b9b2ec251369d6f57db5fce38fb12dcd38ecc1650133ffde8588ea9de5,323,1,1,0.08355825238881338,0.9130642885858059,0.0033774590253807186
B-S0,3,42,dd16b30b04ffe107ef12c7c07478ee8a6f1cb06de15b60261e80e1c3592fa365,324,1,1,0.08355825238881338,0.9130642885858059,0.0033774590253807186
B-S0,3,42,4998ff2bd307bda1d85ee16567c661c9862e55779e725e724189456e0c51af70,325,1,1,0.013189013364455762,0.9847376249273487,0.002073361708195241
B-S0,3,42,39eaa33a8d48061b0348f9e4a83e301a0a7459e5eb653e83810f30644bbc17f7,327,2,2,3.1620604907113066e-07,3.793237446694462e-07,0.9999993044702062
B-S0,3,42,5caa9ac380bb06f4d084ea82b0b0e36346f917605e5ce0b8bbbdf5ced25c6cd0,329,1,1,0.002934732778744882,0.9897726565475967,0.007292610673658525
B-S0,3,42,fb6e8a79c7509d2ea0d634b54f8c3c61a61c856f58b1e43907d91134de9c8f10,331,1,1,0.002934732778744882,0.9897726565475967,0.007292610673658525
B-S0,3,42,a46a03d1ee4daec20e9a849ba628defbbc5ebb1042f9cc44f825a9072c526ebd,337,2,2,7.054837711313751e-08,8.463625475852227e-08,0.9999998448153682
B-S0,3,42,4612e860034a77d8b2a28c5a307edd4c230ea2cc203c599c4d524164ca1c201c,340,2,2,0.007072006123504788,0.10350426569993765,0.8894237281765578
B-S0,3,42,562297c9b2262e5b9178439eac76300b6d0baa5c81dc6ab9a3e04f13b44d1edd,347,0,0,0.9617253622486011,0.03770757328959171,0.000567064461807189
B-S0,3,42,2aa6a5792ef7467f71fc55b9fcc6f5c9d6ba25f470083dd8e9a787e579bfd401,358,2,1,0.002934732778744882,0.9897726565475967,0.007292610673658525
B-S0,3,42,2b1079c154b15202bdeb4e37d3bb3fda5cde0b6dc62e5246d0face06819abf5a,371,1,1,0.08355825238881338,0.9130642885858059,0.0033774590253807186
B-S0,3,42,4b1c806a421b02743346fc062782ec9b603b1cfc919177966cf33f0baffd2193,374,2,2,7.054837711313751e-08,8.463625475852227e-08,0.9999998448153682
B-S0,3,42,ed9c1db619a6e03138850df9100b0c87a96915bff8f177717879e0b0d0763e16,377,1,1,0.011708921589642091,0.6276797778995842,0.3606113005107737
B-S0,3,42,421629aaa541cfa65f08170d2ded95bfcfb72deb6371ca7bd8cff9686b07ca24,381,2,2,0.006641016976082338,0.16555038828739524,0.8278085947365222
B-S0,3,42,28b053e3389d9080286d65e0a159dfd0e84b54ab6f9d29efe76029c4e441d313,394,2,2,0.010166811754220413,0.36725388568526046,0.6225793025605191
B-S0,3,42,93b21413c755833e1950d07af850214cfb9b5519b7b21162d63f4c9ee904ca1e,399,2,2,0.003934026234970759,0.022378756210661394,0.9736872175543679
B-S0,3,42,76d06487c4ffc806c0124b367816f652dd15cd43c60141189fb67369207e51fd,402,1,1,0.0055646013818238145,0.9913688780695604,0.0030665205486161153
B-S0,3,42,284ec319e69a06d51dc7138b1cd703bdec233bd9862e76e788a66d58b5c93074,403,2,1,0.01598547927714178,0.4945574274088868,0.4894570933139713
B-S0,3,42,f31671785b3e105c3461c6f468a73e51b08fb09a2755ffa8ebfec2ee89fdccbc,405,1,1,0.03498482684836455,0.962244999661896,0.002770173489739285
B-S0,3,42,5fad3e448c5e1d74ad40706ea43e831ca8eb7c7de5f8b18a8d11e3658f13675e,411,2,1,0.01598547927714178,0.4945574274088868,0.4894570933139713
B-S0,3,42,abcb65e9f203ebce43dfcc290e3881ec3fadd75e0780873abb34e688cf2bde55,415,1,1,0.19429007262560372,0.801755751982477,0.003954175391919552
B-S0,3,42,ecc8758acbe3ff3c1237190f0844b57b0865bb46d0c940c7ca341391b4a24f77,417,2,2,0.001902092553528514,0.004551063745556653,0.9935468437009148
B-S0,3,42,83a9b71397707247df9fd3717796837f3765429b50236d6099664af84b527b36,418,1,1,0.011708921589642091,0.6276797778995842,0.3606113005107737
B-S0,3,42,f69228ae618f2a54598815acf45338b6ad192e9eb36eb4949775495b54e4ef8b,422,1,1,0.006306129353802891,0.988994019843108,0.004699850803089318
B-S0,3,42,b792c09ee937fae339c13197e2ca35611ec60e9b4d2f0dd62906e390c58a29f0,424,1,1,0.002934732778744882,0.9897726565475967,0.007292610673658525
B-S0,3,42,db9e4ad5925b27ec0584e301c098615d0e7d750f33a62c852097ee5091d20bdb,425,1,1,0.08355825238881338,0.9130642885858059,0.0033774590253807186
B-S0,3,42,a3ac2db16dcc74dd63903b195b7d1a3a53338887f18e8639c30c65d8eae7bc86,430,1,1,0.03498482684836455,0.962244999661896,0.002770173489739285
B-S0,3,42,4197c747bb633c56f7d24ec066c22ea16f41b22682b607527cfd6f1a7a2562c8,432,0,0,0.9940370113379359,0.0058169135148081535,0.00014607514725606798
B-S0,3,42,3ff83fc265305905760c500d9fe41689de9a1de06044ba371e5d92bef6310802,444,1,1,0.19429007262560372,0.801755751982477,0.003954175391919552
B-S0,3,42,1a61ef72c42eed5e7901aa43b40e133c4e51f87ced017db6e1d465d17ca3ec78,454,0,0,0.6006152712316135,0.3963781503598809,0.0030065784085057373
B-S0,3,42,3d49951b870f3bcf189be0c2ef0d5405a6c21987112ed1b195ea3ed4ddfb46d6,456,2,1,0.011708921589642091,0.6276797778995842,0.3606113005107737
B-S0,3,42,3d19f74837a5c6f5e6ce0189453e4c6b522f560699d85fed9af18054565b4fad,457,1,1,0.03498482684836455,0.962244999661896,0.002770173489739285
B-S0,3,42,8d0f029901600d9418a07f1fd8a7b00c1d0b43e684bd28f66e21c5cf7dcd6021,463,1,1,0.001937360010261635,0.9853821373528608,0.012680502636877639
B-S0,3,42,55d65dd88579a7b1789b4e356b381badd401b3808258dce2c7f346a5dd179c07,464,1,1,0.013189013364455762,0.9847376249273487,0.002073361708195241
B-S0,3,42,9b5390ef3260489b3c3887f9fe6f349f50d003bb156f7742f95c91a2857f2dae,475,1,1,0.004556662602567499,0.9592345014763931,0.036208835921039295
B-S0,3,42,4e8d3b7274c27d5592e32b4eb3028607e6458d3fa96ea1c253fae1519ce42ebb,484,0,0,0.9617253622486011,0.03770757328959171,0.000567064461807189
B-S0,3,42,39f5260d468bf91cca4bc94b0f64140f65b1569a4eacdacee827afe47a7a43af,486,1,1,0.19429007262560372,0.801755751982477,0.003954175391919552
B-S0,3,42,ad3bbd4bc195aca26dbe34255846b204647007f9008cd1604caf31a6030ec266,493,1,1,0.37612706137665686,0.6200947891205746,0.003778149502768761
B-S0,3,42,9662010e2490990d85dd702691d3e752f5a17e905f96d98be43c275a1e08a893,501,1,1,0.003979353385591735,0.9346038652593218,0.061416781355086464
B-S0,3,42,f9871cd35fbbef3dcc9a11edf31cde93a1421f2f6768ec1eda59f1fd8a7eda5b,503,1,2,0.010166811754220413,0.36725388568526046,0.6225793025605191
B-S0,3,42,09483a45ca26429c517c73946e7c0e42d0b268c8e54f9f87e8d06f6ddbddf0e6,512,0,0,0.9617253622486011,0.03770757328959171,0.000567064461807189
B-S0,3,42,e3b43d0c2f88cf262221ae16e2204cd0eab17feeda587be40cda3a8f76eae2f7,513,0,0,0.9596543285781095,0.03978094777299991,0.0005647236488905199
B-S0,3,42,293fd70db77ae8dac4ff7015aa8471bbee8dc11c94d69214be1164a3a65ded47,515,1,0,0.6006152712316135,0.3963781503598809,0.0030065784085057373
B-S0,3,42,1d8c825fa4140f5726cf96d2fbc410daf8dc1449a57aa3018d8d69710baf1acf,516,2,2,0.003934026234970759,0.022378756210661394,0.9736872175543679
B-S0,3,42,6be95b1a0e561d03e9ff9bb3bf48e85fc3bb4ae85b750949097b5270445e0b2f,521,1,1,0.3885424997575504,0.6075352104194036,0.003922289823046094
B-S0,3,42,302494caeb3ee0101f8f544443114bef1a41d67b3f2ce1366f69f9a3f31ce11c,530,0,0,0.625552588600465,0.37129221099232346,0.003155200407211544
B-S0,3,42,721efe630e75ad47ccaef650071f9859ae1b8779a8c95ecea3c05cada999c1f2,537,1,1,0.004556662602567499,0.9592345014763931,0.036208835921039295
B-S0,3,42,d1958961f2d45dc817103b882041c89ee03cfc904630b276a8df79cc1bb77be4,542,1,1,0.03498482684836455,0.962244999661896,0.002770173489739285
B-S0,3,42,298396fbfdd8164ae18c277866976ca23849141cf1815c2bcec80e4ae07c61b7,548,1,1,0.03337097061093631,0.964027842267424,0.0026011871216398284
B-S0,3,42,fb94ee8ea1e782bef0347d3f68c7a3b2779dd41a95c0aa9dfffc9da76f70ba9f,549,2,2,7.054837711313751e-08,8.463625475852227e-08,0.9999998448153682
B-S0,3,42,5b5485c49c314af261c3458801b8a573f2c1563a3c311c29143aab59d9d911ea,551,1,1,0.011708921589642091,0.6276797778995842,0.3606113005107737
B-S0,3,42,05567423ae09c5925d6146877dafb322bf8ffcd07a7f3933256d62e795f81820,553,1,1,0.013189013364455762,0.9847376249273487,0.002073361708195241
B-S0,3,42,def918c1724a318819400b627c2284b9d77b244b87ba2494717c910e5c9c38bc,556,1,1,0.19429007262560372,0.801755751982477,0.003954175391919552
B-S0,3,42,81797337a73820dc32b1a903022de6137363f685e79ff3d28361b746ffaed4d1,558,1,1,0.03906869750542732,0.9576052413023279,0.003326061192244808
B-S0,3,42,42782168745dc8505000dbae693962b78560d30e77d5c939cf351a8b1435ee0b,566,0,0,0.7901774374208904,0.207912234106428,0.0019103284726813235
B-S0,3,42,6fb20bf325c96c92f7685718fe8ac085abc4d9ae3655bac14eeb57923a7ace8b,569,0,0,0.9945115600616026,0.005335317525175809,0.00015312241322172493
B-S0,3,42,4d38119ab66a25344f4d5e9cac08e7a79647052d37639e78099d0d83f405388c,586,0,0,0.7987999977291513,0.19926817795616125,0.001931824314687253
B-S0,3,42,e8163c001a265fe053d03db65ff85765ce01cdbe0255fccc0cdc667d3e54d98b,589,1,0,0.625552588600465,0.37129221099232346,0.003155200407211544
B-S0,3,42,43460a59a097e1443e8fbc9958de350337bb25f8ffffc2fc154630bccfe4cab4,592,1,1,0.0055646013818238145,0.9913688780695604,0.0030665205486161153
B-S0,3,42,5cbc809b12bbee7f9264f64fb42ed13d33f0a6e6a36184a8abaaf767c2a5e4d8,594,2,2,1.844463425735918e-08,2.213039695778535e-08,0.9999999594249688
B-S0,3,42,638b177ebfd03aac5f3afd7b87a4197f8724aebf6fb9331b5739e0ecf63e509b,596,2,2,7.054837711313751e-08,8.463625475852227e-08,0.9999998448153682
B-S0,3,42,88141e1c7c290dd5013d1430599c08e066cf9b67d49c79ba4eed15b5368f8865,597,0,0,0.9994854516856558,0.0004937947481412102,2.0753566202831358e-05
B-S0,3,42,95e8238ccef68ad4f8150229d207753b7ab128e23d88ab78b7641a93e0bf0b7f,598,1,1,0.03498482684836455,0.962244999661896,0.002770173489739285
B-S0,3,42,822a295f2c49ded241a54272d201a97fb3dc1b2409068f0e353f918e741a9ae8,601,1,0,0.7987999977291513,0.19926817795616125,0.001931824314687253
B-S0,3,42,ac5e5e4d7d88c4fc6bed3d9c971328c75ec9aeedf9f5e57eeb490d0e05eb0235,604,1,1,0.19429007262560372,0.801755751982477,0.003954175391919552
B-S0,3,42,e76d30071132859aee98d30842d0336ad4f55ec000ceee702f40c262f5d29fe4,605,0,0,0.9999869215742403,1.1572025780885619e-05,1.506399978846726e-06
B-S0,3,42,0c62dd9eba4e97411d8065ea4a297154674fd8225c2e5435c85f3e545314f202,607,1,1,0.013189013364455762,0.9847376249273487,0.002073361708195241
B-S0,3,42,3f51ef1cc86ab991c28a55516800a2b6b5ef37565f358b017c65fa7577187dfa,621,1,1,0.006410919107035739,0.8928726882846286,0.10071639260833576
B-S0,3,42,dd38559e4db1b62eb9ee7721afb2fa8ba6d0e620b0ca68c3466a2b552c86f887,622,0,1,0.3885424997575504,0.6075352104194036,0.003922289823046094
B-S0,3,42,791278aa8844499b0a60f95a26795155a5f9545a142a562dca7b40238639b234,626,0,0,0.9937198872100901,0.006134937919914205,0.00014517486999587512
B-S0,3,42,f348edbafe367b5ca9552438520be0642620dd2e2fa1312d7bf2b74940eb9780,644,1,1,0.03498482684836455,0.962244999661896,0.002770173489739285
B-S0,4,42,366f43b68b77ee5d9d4d649052f097811eedbdf9b66e66e3d3a40f469b388044,2,1,1,0.004423978073866747,0.9229221575769186,0.0726538643492147
B-S0,4,42,8b3e47f5ebce0eb3eab15109aa814094f34c092ee88c49f965a0c31f02e89665,10,1,2,0.005508842522736507,0.41526289226025864,0.5792282652170048
B-S0,4,42,51bfbad6d53b93a899767c78e04aedd5268a69726ca0fa60eebb8995190d4982,12,1,1,0.004423978073866747,0.9229221575769186,0.0726538643492147
B-S0,4,42,3ebf8a2cebdec533bb2f688970be04e9d39292494e756baaecc985483868e197,16,1,1,0.004964450898779427,0.8565616182082042,0.13847393089301616
B-S0,4,42,df5f1e6242f05e2e7995e736400586f8d34bd840e6cc2238daba43556f312bf7,17,1,1,0.006450703501816661,0.5915683117083971,0.4019809847897857
B-S0,4,42,716a01bc74c08fe1ad70772ed77afa2bc34025fce7092dab0813200de8da2e99,20,1,1,0.004423978073866747,0.9229221575769186,0.0726538643492147
B-S0,4,42,7df5d7c65a174992687578a093dd207e1ca89156b6eb9caf2dc28c6a498c4c69,21,1,1,0.004928016186304996,0.9857647671452903,0.009307216668404584
B-S0,4,42,e61c91569c6de30c3d7a1a050539ef58a6e6b2819fedd91cf751aa0b3b5dc43c,23,1,1,0.07699199717732987,0.915637828320342,0.007370174502328114
B-S0,4,42,1d7362cb11b923770fcf1b9a9f01b7fa4ac11819920853a5a2909ecc1bcf6867,24,1,1,0.027629274858950496,0.9671969784272302,0.005173746713819161
B-S0,4,42,f791c4eed66654e399b28a4c327d7b32842e48bc7cb42c5ddf0334cb435a54fe,26,1,1,0.004928016186304996,0.9857647671452903,0.009307216668404584
B-S0,4,42,6623d48d7b4f14736e86dddd3ea44cbf28743d1a0fa21fd0bc2badc498627870,30,1,1,0.027629274858950496,0.9671969784272302,0.005173746713819161
B-S0,4,42,adeb2a11168a375acac8a5ba7b0b12f61ea068f42dc92905098e6e9cc109f6bd,31,2,2,0.0022799626741366354,0.07659607033746231,0.9211239669884012
B-S0,4,42,754d80adc397c4fc9bec4ce162ed868fbaba4b8aa3ab35766de0fb6def2f0ceb,34,1,1,0.0032251526219367072,0.9785175032782802,0.018257344099783177
B-S0,4,42,84eb0f805fcb924ea581aaeed6c1024f9b78a793c930404ba039a4ceae8ccc01,37,1,1,0.004964450898779427,0.8565616182082042,0.13847393089301616
B-S0,4,42,5a01e160eddd0bfbc539ba4edb21a863e238a235071b2454983b79461d8e4206,58,1,1,0.00507479836130745,0.7469614506175184,0.24796375102117424
B-S0,4,42,717139bec7d6697c010ef70919581b03d427ed7b732fe74877da3c2869a2549a,65,2,2,0.0019606010342589583,0.0388393502449825,0.9592000487207584
B-S0,4,42,ae7b53521c5f68c35a765aa5d26aa9bfb6604a6b2115fb3b85bc571e44290618,70,1,1,0.002767931602760118,0.9881156740235219,0.00911639437371821
B-S0,4,42,c95ca8f4fa098b2e8efa4e74297b6a837b1cad117a7c74f757cfb6e899300c9b,71,1,1,0.08928888952526669,0.9038076757379869,0.006903434736746094
B-S0,4,42,8e1cfba12ecae9c7fe55971bfee9792fcbabb9508905435e85fb5be079f00c2e,75,1,1,0.011335162938289754,0.9846720454989616,0.003992791562748787
B-S0,4,42,661a678ac0beaf6c8e05288f361e0ec2e0cbe5cd6eeac862ecacedbc032c4cd3,76,1,1,0.005168819554419047,0.9898110123637065,0.005020168081874504
B-S0,4,42,f6f85707110f73a6681ed41afcb48bbfe37fc724bb0552b9d4cf0fe7426ae0d2,78,1,1,0.3591286582891647,0.6305530182100734,0.01031832350076189
B-S0,4,42,a39c3e2842a98f8ce8ef89b6eecb15c7e97b2bba8dd4fce046e6f457f63b132f,83,1,1,0.0030328132461973955,0.9601056971843202,0.036861489569482486
B-S0,4,42,f71c1967da2534ea41551a7d2611bd192dc4205226657d845b33cb958d52e12f,88,1,1,0.013336639026240117,0.9834151128091301,0.0032482481646298037
B-S0,4,42,55134d6b9833e0dd6d9893c0d987db36b88926cc2663da7803c8d21064433f00,91,1,1,0.00507479836130745,0.7469614506175184,0.24796375102117424
B-S0,4,42,7dbcdf95b6256c0f7b1dd6a3cc8fc9f0657b3eda2c88287ea432e7e932ba8d14,94,1,1,0.004928016186304996,0.9857647671452903,0.009307216668404584
B-S0,4,42,4c96ee395ae6b58dd1fc56a4feecd55f450b02849ef0476aa8095841292de3e1,95,1,1,0.004964450898779427,0.8565616182082042,0.13847393089301616
B-S0,4,42,4f65f4ecb5dec7a9bcbad3145918aab9b07f8a407f8e8a2091429b181b95ce71,106,1,1,0.07699199717732987,0.915637828320342,0.007370174502328114
B-S0,4,42,1cef8f807fdca35bb7855250f58e049e267f113b93c430f11985366f1fcfd9d7,114,1,1,0.18888706623229312,0.8020947341753983,0.009018199592308361
B-S0,4,42,0ea019d83f26df83e9b4d8ca38756d7365d28364686c182cd874a5234050812b,116,2,2,0.0019606010342589583,0.0388393502449825,0.9592000487207584
B-S0,4,42,3dbffa78da4c6ccc5516a203817127a6190976a61b2c1e8e3ea1b77c6cff7d9d,122,1,1,0.003311808163237488,0.923642290082439,0.07304590175432356
B-S0,4,42,7df3a248b5f8b93b45248cf254e97e9ba96a25254e52674e69515928d061a4e0,123,1,1,0.004423978073866747,0.9229221575769186,0.0726538643492147
B-S0,4,42,d2b095aa11fac2c0afb11ad09d16074d95b8ba0c47d799f8ede52e5b993a41dd,126,1,1,0.027629274858950496,0.9671969784272302,0.005173746713819161
B-S0,4,42,dcbc9639337cde5535cbfd1b0895c1483a0c8d68b64e3c51551b748cef00b663,131,0,1,0.18888706623229312,0.8020947341753983,0.009018199592308361
B-S0,4,42,15b4ffd20b8c1fc30ae15bc841142d7ad85f1a4f9571265b80d081a59b742e1d,139,2,1,0.006450703501816661,0.5915683117083971,0.4019809847897857
B-S0,4,42,6c01e488a30c00d7ce599e5c6d7195f878613637774ce7b5cd4d9e7dab67078a,148,0,0,0.5698486017548119,0.4204196930909621,0.009731705154225907
B-S0,4,42,cec560dc37f41cd4c0033a5023e3ad17cb7fab8ef72dc1a8150a7ed88228fdd9,150,0,0,0.6076329879350387,0.38425060307879044,0.008116408986170779
B-S0,4,42,b434bdb6cf6a016c8fcf4ddfda1903c394ac80dd9a22c7ed02b2593841c71f91,157,1,1,0.03278138391882985,0.962342632945744,0.004875983135426023
B-S0,4,42,ba5855f8ae5d306be9297d600b9787f650a7bcdd0cb8c9be2e1066ffbedbd65e,167,1,1,0.004964450898779427,0.8565616182082042,0.13847393089301616
B-S0,4,42,8cfcf18683c3b7ba3ced162978e9086a8ed03ba8ea0326e9517b0fb14a46f944,168,0,0,0.8961036895699058,0.09979939991106228,0.004096910519031974
B-S0,4,42,3a299c3c001be06083770361c18b9c8ad0448316f4c759f5eb6be75b20384d39,169,1,0,0.6076329879350387,0.38425060307879044,0.008116408986170779
B-S0,4,42,85f403ccf55735ef4bcbb2f529613e60c1023c2ec151eba3a05f40c076ed746f,171,1,1,0.013336639026240117,0.9834151128091301,0.0032482481646298037
B-S0,4,42,6df07523c6bcce6099d7d663ad6a57b32e7357259ad66091764a914e4062a886,173,1,0,0.6076329879350387,0.38425060307879044,0.008116408986170779
B-S0,4,42,4d9c66f835e53c59a5b442cc32a3068c038a14b4b5816a08082ca8e454ac6666,177,0,0,0.6076329879350387,0.38425060307879044,0.008116408986170779
B-S0,4,42,ea343acee5823e9928048bcd114ab1bf1f6a80fe0d6f43707827d9efaf48f9c4,182,1,1,0.0032251526219367072,0.9785175032782802,0.018257344099783177
B-S0,4,42,1f45e1f29d5af173d4f68cb977fa645b945e3015dcbee511344c2d6f2417112b,184,1,1,0.3591286582891647,0.6305530182100734,0.01031832350076189
B-S0,4,42,2085cb7bb188011662c46b252b9f3e65cd2c79085775a23fcecb742fefa155a4,190,1,1,0.0030328132461973955,0.9601056971843202,0.036861489569482486
B-S0,4,42,dda56c3d07f633d971d329a63b1fdd7558cfca3fb0e027085f9e37f767b3fb45,199,1,1,0.004258417593305671,0.9589982876757258,0.03674329473096874
B-S0,4,42,edb22055eb500691bda99be2c9e755b933fda43abbb5ac8d461c3b99c85b847e,200,1,1,0.18888706623229312,0.8020947341753983,0.009018199592308361
B-S0,4,42,c590d4966929434b32180f09a7062520e5996d2f0fe22fac768d1ca0613d025e,220,1,1,0.011335162938289754,0.9846720454989616,0.003992791562748787
B-S0,4,42,a5daa6d5539669eb579a2eb52884c6f73f940319383b144b4c4638f49c0549d8,233,1,1,0.0032251526219367072,0.9785175032782802,0.018257344099783177
B-S0,4,42,98c1ed0f87d3d9f68a060c36de601cd9dd4c5c389aa3ef9b828e9c93c98f1a50,242,1,1,0.1663496722500695,0.8236809282036576,0.009969399546273051
B-S0,4,42,c302ee011150e5de42eafaa347a1b841d5d8807659f31696d8f82c5a4abc8105,245,1,1,0.004423978073866747,0.9229221575769186,0.0726538643492147
B-S0,4,42,7dd03f8de291c327ff1d0ed6f33b027547ee5dee91900d57ad3847ddbc771ca2,257,0,1,0.39281368167681235,0.5982262293679158,0.008960088955271754
B-S0,4,42,6bf3a7c4314c48c91d33eb94eb7bbcf708f6d2a7c6af47237735c2d12f683e35,260,1,1,0.005168819554419047,0.9898110123637065,0.005020168081874504
B-S0,4,42,bf0447db8e3d43257114531a92a520c82a6453bd3b7ae34aea8711ce45d014b0,264,1,1,0.08928888952526669,0.9038076757379869,0.006903434736746094
B-S0,4,42,747d3e66fb22e30550810dc98794ef466dae76dcbd60596dc19187a28a0495e2,279,0,0,0.8961036895699058,0.09979939991106228,0.004096910519031974
B-S0,4,42,570a9095c62e1fa55a30bd460a6ecc380dc180927ebbc369eb3452bf401f5b43,294,1,1,0.011335162938289754,0.9846720454989616,0.003992791562748787
B-S0,4,42,06bff8560b0213942ba71145fac2e05499ca6db5f23f3a048b71ea1db4373276,297,1,1,0.1663496722500695,0.8236809282036576,0.009969399546273051
B-S0,4,42,8facf48402aa60c4e52666105b216119e1b68d607cd90e64c373961ddfa8a9bf,299,1,1,0.010038068397328903,0.9841181028488531,0.0058438287538179114
B-S0,4,42,5756c809e3d8db3cdd21b5e8d36139858b8f09dbfdb84c88dd454914fd2447db,314,2,2,0.00030668645468443086,0.002329168094898079,0.9973641454504177
B-S0,4,42,b44a3f41d310382fd60bf7f3a58d33ef67db0a23e704c0acd98fc529dad15ebc,321,2,2,0.005414741807596865,0.2579757192831335,0.7366095389092698
B-S0,4,42,5371b6cfff41d777216e0c9e04d0277262e4f4b282938a4ca51084387331c4ff,328,1,1,0.004423978073866747,0.9229221575769186,0.0726538643492147
B-S0,4,42,48049b601c2a81fda78b5d5252ae9ddaa08e0b7a64fbb1d35031fe640387123e,330,1,1,0.004423978073866747,0.9229221575769186,0.0726538643492147
B-S0,4,42,c48e0d5c7811d548c58be8c2e32213fe468160e54c1ed6ee3557e08eff54818c,338,2,2,4.345566520308621e-09,5.214643307609208e-09,0.9999999904397902
B-S0,4,42,9880128f9a4f009cbace58c35f08be763d85a148d19dbb6ed1cedb3e6b9cae7f,341,1,1,0.00507479836130745,0.7469614506175184,0.24796375102117424
B-S0,4,42,815d426caf6647658ab5ad600a6d9a4844a450a2fe631540bcc73263b16a4409,342,1,1,0.006450703501816661,0.5915683117083971,0.4019809847897857
B-S0,4,42,e9f98ce85a29627dad55d76982d434e4bdb6f159fafb9c3c1b5771e0e95bff25,345,2,2,0.003621076125169001,0.14521610382883957,0.8511628200459918
B-S0,4,42,13db9493e5d931ec94f3d05fb0df869516c061cdb89058e2bdb16c5859508cbf,350,1,1,0.1663496722500695,0.8236809282036576,0.009969399546273051
B-S0,4,42,bac5a079bec62bc26a6dc783910825de9e2871a6d90c260b7f137ba75a6b17fb,356,2,2,0.0012533521999986772,0.019415985096176723,0.9793306627038245
B-S0,4,42,94c0b44f9a2d481c5d2237dd73738cc92b9ee67076b318f634fc32aa4032a0b4,359,2,2,0.0022799626741366354,0.07659607033746231,0.9211239669884012
B-S0,4,42,416afeb98b33f5e4f2a8e68a875e28fd4105a31165d6851ea3c83a3ccaa2515c,361,1,1,0.03278138391882985,0.962342632945744,0.004875983135426023
B-S0,4,42,7cd43d94523c810f9ed5537e7015539cc8c9859bcedd689aec68db38a22003a3,364,2,2,0.003621076125169001,0.14521610382883957,0.8511628200459918
B-S0,4,42,5a4c58dd7c63f01c85c75de330f08bf3279e1a3ffd1a3b3351ddc32a2bc68f49,369,1,1,0.07699199717732987,0.915637828320342,0.007370174502328114
B-S0,4,42,a26bf4e51a6f635e952f279fa007eebd60b1a0aa43278a348f6ce7430b2f6168,373,1,1,0.011335162938289754,0.9846720454989616,0.003992791562748787
B-S0,4,42,397cbeb6f38ebcdc8d0dd0bc306d8baa31702dc5ab41fd7ce317e3961c9e3b32,378,2,2,1.309841228789864e-07,1.5722006532490744e-07,0.9999997117958118
B-S0,4,42,be0ebb7565c48c88742be3d147378e0339658b36ddc168b506068b1c90f4c79a,380,1,1,0.0030328132461973955,0.9601056971843202,0.036861489569482486
B-S0,4,42,122e7e9e553c3480710d48da1b809bc3a0f00c8f31d7959bfbb0bb4217186e2f,383,1,1,0.011335162938289754,0.9846720454989616,0.003992791562748787
B-S0,4,42,a31c0ced032973a0e5414d71c603cafbff10cff8e3e8d4e4a720af17012d472c,387,2,2,0.004088141171988382,0.257761872902757,0.7381499859252547
B-S0,4,42,31be86aecc38b94fea6900d3b08f0dbc20cdc907d7b94ba8ffefbc3e636be934,396,2,2,0.0006942486895633382,0.009605717863151132,0.9897000334472856
B-S0,4,42,7cf9fc722144d5c5e38c3fea10921acf4cb1fa34cc1bd7692b29595386d51a2e,400,2,2,0.004088141171988382,0.257761872902757,0.7381499859252547
B-S0,4,42,05ccbda5c8030aa70186394e3bd73c3d761e81154d70b009f09ac260843bbcb7,404,2,2,0.0048493471606394795,0.1456107883112929,0.8495398645280677
B-S0,4,42,b0eb4c514496bbccfadc92bbc9d502a308cf264f615a7270f4508adfa95341f5,410,2,2,0.0016215635168679158,0.019545345773629187,0.978833090709503
B-S0,4,42,b50eec873e5ad85197e459d43c6a8a7c64c7be7730e766647b9b32f8958cd6e7,426,1,1,0.07699199717732987,0.915637828320342,0.007370174502328114
B-S0,4,42,cc1b2843c4a07d3b4fa4abf9fd5537a7a6d4df902398c1cbe928fe3bce259418,427,2,2,0.00030668645468443086,0.002329168094898079,0.9973641454504177
B-S0,4,42,66e20104ca9e36937afb002e64108ee63a347a8b7749a55b588d30eb3e1409e4,431,1,1,0.07699199717732987,0.915637828320342,0.007370174502328114
B-S0,4,42,2d77937efb442c0e808c407a59ec6405337a2a3460fb13f2f68d8434be09fe8e,435,1,1,0.07699199717732987,0.915637828320342,0.007370174502328114
B-S0,4,42,d3dea6e23727f3861155568fe03f7508dad97315d987d7f509832e7bf6b4eecf,447,0,1,0.3240681550866728,0.6641000135996802,0.01183183131364692
B-S0,4,42,36151d13bff095b0f9b3c390fa02f663a49fd45fe72702bad759cd82db3174c3,459,1,1,0.18888706623229312,0.8020947341753983,0.009018199592308361
B-S0,4,42,3b0abeb2580501c078d50f1862f005665c127524372015d5674ef8679685fabd,461,1,1,0.0030328132461973955,0.9601056971843202,0.036861489569482486
B-S0,4,42,3f3aa71345eef153c551d8268b4cf413be9de4e5ebe03d0b0aef13d7178f6451,467,1,1,0.00507479836130745,0.7469614506175184,0.24796375102117424
B-S0,4,42,e63fd967ad59bf73b27ba4efcf551436428f26a03ab3e1ca498f3e01f0550a1a,481,1,1,0.1663496722500695,0.8236809282036576,0.009969399546273051
B-S0,4,42,e8921714e78de17aa9004ed167d45bd0471420f26d1c05f61df1adaf22cf37fe,482,0,1,0.1663496722500695,0.8236809282036576,0.009969399546273051
B-S0,4,42,2a0de0babe99f6482353deccfb8c5a64a0d4e142134c21435a7d5cb4bb7a44f0,483,1,1,0.1663496722500695,0.8236809282036576,0.009969399546273051
B-S0,4,42,8da546665c37fd3768dd5df0c43d9e48a594114602af5888eca3732f0b8f2bdd,487,1,0,0.7579472121390196,0.23445413856196878,0.007598649299011629
B-S0,4,42,6807374cf8dc72644182a43a9da4afcfba4ad80f80c056f982d40cb0cdd9609b,494,0,0,0.5698486017548119,0.4204196930909621,0.009731705154225907
B-S0,4,42,e92297353a3a22b944725a165b52f80a1965ee09f6178dfc184860131871920c,495,1,1,0.00507479836130745,0.7469614506175184,0.24796375102117424
B-S0,4,42,c997661e8f088ce61daed2d734e2baf038d0a5f5a2326a8545dcefa81f72bec0,497,1,1,0.027629274858950496,0.9671969784272302,0.005173746713819161
B-S0,4,42,d064c27e57ecbf5d0cace935aea0fc9d1053dd486ab0eaeec1c8b8e510cc7bd3,498,1,1,0.00507479836130745,0.7469614506175184,0.24796375102117424
B-S0,4,42,058ccc5f0c17c416ef06df1ed5deaa48d112f42a14f667bcf9846fdb664ef366,518,0,0,0.9866791410559193,0.012573767415004492,0.0007470915290763325
B-S0,4,42,ccd0b5095c5ca020ed29dcb4ed07bc78fb4f8bd1d01103c832c16f74415da411,523,0,0,0.9970298507212548,0.0026326473134274967,0.0003375019653177524
B-S0,4,42,c67ea185339d2fb8c8312dc38cff21dc6b000f785be421eef88bbdcdf6c6b17a,532,0,0,0.810565369989528,0.18448472781434921,0.004949902196122805
B-S0,4,42,1c68670c6ff38a49598f90f6157ce8bac895df1254da553b54bf687cfa750f91,533,2,2,0.003621076125169001,0.14521610382883957,0.8511628200459918
B-S0,4,42,33aa276ee8893c316e5b08f90d403be82db716c7a10ce7d0c6a91aa861061f55,539,1,1,0.1663496722500695,0.8236809282036576,0.009969399546273051
B-S0,4,42,e40a0fc10b44506213ca47e78c7d510fb7715425780e3f270f0a25a0b0fc9acd,541,1,1,0.08928888952526669,0.9038076757379869,0.006903434736746094
B-S0,4,42,60dac4fdcf327b961a62f11465381e422541c18c956cf5cf22c128d4b842b021,546,2,2,0.005414741807596865,0.2579757192831335,0.7366095389092698
B-S0,4,42,f0a4ff0b2550559804aa110b3356616d37f08aea297e713738efde6a82a9c905,554,1,1,0.027629274858950496,0.9671969784272302,0.005173746713819161
B-S0,4,42,dba044228ddb18bf24955ec6f54e2d9d259a453b9e3cc7ac001d1eb1b5c9b9ff,557,1,0,0.7579472121390196,0.23445413856196878,0.007598649299011629
B-S0,4,42,dfb22216dca7b15a73c5d13592b3a4d456865e6b14a914fc23a7440d2c793feb,561,1,1,0.18888706623229312,0.8020947341753983,0.009018199592308361
B-S0,4,42,8083fab72781bef33f4c3f68371defad870524369b374017badac30ed6b5920b,572,0,0,0.998875811293851,0.0009659730884522079,0.00015821561769690203
B-S0,4,42,1aaef0af18b1a224fa7924b8a1453fb8b5547a6dea9cbd572550da4fdf495da9,574,1,1,0.14580461515694307,0.8432462230974519,0.010949161745605104
B-S0,4,42,05ccbabae43833184ec6c444793c4e8cacbda9996a75f0cd529a00fb88642dda,580,1,0,0.5698486017548119,0.4204196930909621,0.009731705154225907
B-S0,4,42,77746b53c327b916c5ec4cc31ec639b45db4160f2d1135410449c6eaa0246f2e,582,0,0,0.9526544707159046,0.044785187890769795,0.0025603413933257386
B-S0,4,42,344202bfae426b40571c614ea63322e5df0a08a9e6479a8ee7d45ead1a7607bf,585,0,0,0.909847623282134,0.08690810071591686,0.003244276001949206
B-S0,4,42,f2467f3e3e1aa7ea454678b2f6366dcc05717a73be181ad40e267ca3f4a20eaf,588,0,1,0.3240681550866728,0.6641000135996802,0.01183183131364692
B-S0,4,42,28acd3c3d384d8b12fc6beb8a099937473fcf151408bd2085df22511ad2be313,600,1,1,0.004423978073866747,0.9229221575769186,0.0726538643492147
B-S0,4,42,4a8567b621350cc729465a20bc85964673deb69044ecf71e3b59a4220f804585,602,1,1,0.004928016186304996,0.9857647671452903,0.009307216668404584
B-S0,4,42,01da3e159b6ce80ac8e0f280d001e0b1feae934b7f87e69e52a68f6f40f1631b,611,2,2,0.005508842522736507,0.41526289226025864,0.5792282652170048
B-S0,4,42,2d1b2dad312d67abe149344cc5753c2181558ff169882e194058c0eea17a64f6,613,1,1,0.07699199717732987,0.915637828320342,0.007370174502328114
B-S0,4,42,457bc623d54c8df675fda66a9a5a159bb6259cf81fdd5a312ea24da7116effd3,615,2,2,0.004088141171988382,0.257761872902757,0.7381499859252547
B-S0,4,42,fb2e62e9e165d1b9fc47a6787af9d64df4a4b63f931a035289966a672894fdfe,616,1,1,0.00507479836130745,0.7469614506175184,0.24796375102117424
B-S0,4,42,72d66c7979e51d234b4f5c7cb46e06e165d847b6d88d705eae864ec291dd7fd2,617,2,2,1.2056775197122865e-07,1.447258727819413e-07,0.9999997347063752
B-S0,4,42,5bfc17c84629c446ef515aaeaab83b0c8b4ad7591746f50c3f337e0eef4bd5ce,623,2,2,0.0012533521999986772,0.019415985096176723,0.9793306627038245
B-S0,4,42,a288de67ba6e534c619fb61e1a8643504542cbb8d7cfc5f5b4a96fa78e5ef948,624,0,0,0.7857408541912165,0.208126545245529,0.006132600563254355
B-S0,4,42,9dfe951a72432d669852444c668c15b73a677afe22aab4dd3febadf96aea1bbc,628,1,1,0.027629274858950496,0.9671969784272302,0.005173746713819161
B-S0,4,42,9601c9dd198c4a6dc5124d4d420e2ff339734b9a9e1079da056b3412d663b347,636,2,2,1.309841228789864e-07,1.5722006532490744e-07,0.9999997117958118
B-S0,4,42,c69567d2d69504dcc3e49e555057fd7d89a52635db8622cab985007a194e53ea,640,0,0,0.958050503267222,0.039946456536131075,0.002003040196647193
B-S0,4,42,f2d3074dfbaef344aa4981cbffee6d788ff0def980a874cc42e1dd4df85a9726,645,2,2,0.0022799626741366354,0.07659607033746231,0.9211239669884012
B-S0,4,42,360878e8a6171b73196b1189a0e33d9b6733e9ad741d46f90bee01573fbef0dc,646,0,1,0.004928016186304996,0.9857647671452903,0.009307216668404584
B-S0,4,42,674130e6bbe693f70e17ce995304b93967bd09052c13f383b45753334d551bc7,647,1,1,0.07699199717732987,0.915637828320342,0.007370174502328114
B-H0,0,42,f827075494ff9d262d45598bb3a1701eb955b99abca1ab6af3b2e2331aff4808,3,1,2,0.0005433971637650603,0.34404594927297866,0.6554106535632562
B-H0,0,42,5fafc4bdf7193aef5fb9fb71d655df200121838704e28ac2fa6588954ee3e27a,5,1,1,0.0010163495122555712,0.9499682668193543,0.04901538366839013
B-H0,0,42,9a87b2493917ab4a2e2a0087e5caf12c4b02676cfdfef54992ed8ca5ca77f88f,6,1,1,0.0001572167748100936,0.9992841083440195,0.0005586748811705084
B-H0,0,42,d9baf8f9d90857c2e8aa4260b7eaf6c386460681228c2bee02a6b55597a43b69,7,1,1,0.0008206550543373239,0.998482309598669,0.0006970353469936019
B-H0,0,42,6b0a215f6bd63db235793c4ada62b4853f51f8a279def3710a3687fc319d4da4,8,2,2,0.00015797946987066637,0.0035818779036164267,0.9962601426265129
B-H0,0,42,a6252e1f0313cc82adc4651b4f4ced232435f7dff2e029302acc772e52fa2efc,11,1,1,0.008607357090550877,0.9907184786383513,0.000674164271097785
B-H0,0,42,5cba6871fec089b5dc9bcf045ba6e02ea473d055005f13d552c94fdac6686fe5,19,1,1,0.0010163495122555712,0.9499682668193543,0.04901538366839013
B-H0,0,42,0fdca47962352eadea2e4637769c1d9eb007bd0634379ff90463a8a2c57c1789,22,1,1,0.0002481370576095737,0.9546089488142109,0.04514291412817954
B-H0,0,42,7daa9011bd495f51a4514b37670bcdea719bbc30097f1653406dba4a8e98c046,32,2,1,0.0005335844326196831,0.7040507772925011,0.2954156382748793
B-H0,0,42,eeed46e477e7a7086b3dd17a4ffa4e4e996e9f005a71a8b1bbaf81c10d4d046e,35,1,1,0.00020928387100155178,0.9997134961300638,7.721999893459968e-05
B-H0,0,42,0f3b55ce37cdca89a1c78fcec7a77751d9794f7cb1235804469a7daf9e63de4f,42,2,2,0.00011240415702667456,0.009946908914734797,0.9899406869282386
B-H0,0,42,0400acddec5641be9ed3da2cb98d514d062d4b150affe3dc22c7d5c88070c742,43,1,1,0.15206771054694704,0.8472989340854074,0.0006333553676456025
B-H0,0,42,a20449c0fa9b781f95175c7906471527630e66fdd4d57f1ce262975af3ce8991,46,1,1,0.0001572167748100936,0.9992841083440195,0.0005586748811705084
B-H0,0,42,c79001dea4273719bcd01dbbfb7dc9181dda44a45e219cf7245f67640b98740a,47,2,2,2.6678713600815406e-05,0.0002416337977251683,0.999731687488674
B-H0,0,42,3b51ad679e8b0ce6b2fafb421a74825a2de42f8e1aed05cbd3a81335a2923228,48,1,1,0.04246130287444805,0.9562043938242183,0.0013343033013334465
B-H0,0,42,f5162c4d57e22476a2fd86a4b724fe8da727100a27f30d4fe72a9c346f5c001c,49,1,1,0.0001572167748100936,0.9992841083440195,0.0005586748811705084
B-H0,0,42,bdb3e3243f4945237482dc791db610d13e33bde5b6d72369ed200729dddc360a,54,1,1,0.0001572167748100936,0.9992841083440195,0.0005586748811705084
B-H0,0,42,fd5b4c1d3d861f5a2629640b96c79ba38eb9d1ff76552d929679d3dad440b73f,57,2,2,0.0005372729216603893,0.0847759629006849,0.9146867641776548
B-H0,0,42,adf16fc552a8d1b40b4ec42e52c444ad8d840e40483acd8054933050b6375e7f,62,1,1,4.423954093011841e-05,0.9994066513272732,0.0005491091317966382
B-H0,0,42,461e4acae5091b1364fab0f058f3a5296ed75a394000f65a696e528c54bf6001,63,1,1,3.7851963705261595e-05,0.9994928381503131,0.00046930988598166916
B-H0,0,42,eb0ffac90c1fe5ccf1060219e349ca7d29540eb3e630465aa9b969a38900d539,66,1,1,0.04246130287444805,0.9562043938242183,0.0013343033013334465
B-H0,0,42,e87f2023e1a92b852755b7851d3150e9d19886692316d048409e5eaceb11dd5c,67,1,1,0.255955259410767,0.7424084913425016,0.0016362492467314562
B-H0,0,42,77472ffabdf2ba610830e2dba876659a629d3dc9bf1c6a3fe5b3fd11e1a7b01b,73,1,1,4.423954093011841e-05,0.9994066513272732,0.0005491091317966382
B-H0,0,42,12e99bde80179014843362cb5bcb78e39e741147045460921df42487eadf8cef,77,1,1,4.423954093011841e-05,0.9994066513272732,0.0005491091317966382
B-H0,0,42,04775e820b5829ba9b9a17482a4af9625350a3a9c39213f678c4a17f3f1c7b72,84,1,1,0.0001572167748100936,0.9992841083440195,0.0005586748811705084
B-H0,0,42,976ddafb2f8abe1ac4c19be98626949c2548ab5eaf452fae24dce90c4de7b8c9,92,1,1,0.0002481370576095737,0.9546089488142109,0.04514291412817954
B-H0,0,42,5be7ba94e5d3acd4388614300b6ad48a44492e847b6d0e39fccd27e6cf9ae5f5,93,1,1,0.0005335844326196831,0.7040507772925011,0.2954156382748793
B-H0,0,42,a1e98e417eed1e1a141a0b30b714a23f0dc568239616354e4a175bf8ea08a28c,98,1,1,0.0002481370576095737,0.9546089488142109,0.04514291412817954
B-H0,0,42,9ba998c5d87d08fc3d40b1b83a650245d89a368abad6136f452df88cc96ddce1,102,1,1,0.0002481370576095737,0.9546089488142109,0.04514291412817954
B-H0,0,42,a5d49a55806e6aac09daa9f48f214a4bb4d26dc6b501261c0ba01041d3d2f9d9,103,1,1,0.0008252468153881093,0.998645643061672,0.0005291101229397664
B-H0,0,42,3039b67e191cb12f942b21e621f38cb832b6a2d5e570cd00e2a2205f9831c0a6,105,1,1,0.047648635599037883,0.9068371089055732,0.045514255495388914
B-H0,0,42,4b7e7cbc654f5e60c12ab432b3144305090c199d58af8071af7e5a16619e6aca,107,1,1,0.0005335844326196831,0.7040507772925011,0.2954156382748793
B-H0,0,42,30f9b13a03f303748526a158e8940797fe5e5c600fce68be3e50b0840a4368e9,118,1,1,5.934583711490228e-05,0.9993594940685152,0.0005811600943697591
B-H0,0,42,c9610bea3409798e091290f260c60e5b4d3f0a84a43555989287b37d07ebf51b,119,1,1,3.7851963705261595e-05,0.9994928381503131,0.00046930988598166916
B-H0,0,42,ab8ce69a1319b228880d829dc5631ea34e5cb080bfbc178aa048514436b7ecee,124,1,1,5.934583711490228e-05,0.9993594940685152,0.0005811600943697591
B-H0,0,42,93c4bf4a5b21f36e6b0aae5bb990899ccf48d342143ca0e115fbbcce24f1e0a6,130,1,1,0.0006238607894077979,0.9991297858312763,0.00024635337931585844
B-H0,0,42,4843201d2b160da0c05fc6013c664892482d15cae8e6986d6ad88ce3feaf72b8,132,1,1,0.0008252468153881093,0.998645643061672,0.0005291101229397664
B-H0,0,42,cf57f1500208fbbe850bfcb423c0a07e8d0a3e41dbe03e9530034f5adb63eb16,134,1,1,0.0001572167748100936,0.9992841083440195,0.0005586748811705084
B-H0,0,42,d00d28ef2c4596a4d66713623e2b8bc3764ba2818602f1c62d3f21d371614dd7,137,1,1,5.2900485432142154e-05,0.9997346409942957,0.00021245852027232173
B-H0,0,42,f4a1fcac757fd73ac757509249c0ec925230f6e917bdf8e793757ea12e98b50d,145,1,1,0.3507562527023396,0.648425698467669,0.0008180488299915338
B-H0,0,42,ae60908f4c85b03a0a49269075a0f3e13559c408c540b42632a059b5cfb0cd4d,146,1,1,0.047648635599037883,0.9068371089055732,0.045514255495388914
B-H0,0,42,810b57dafea30a2f75e872d5e62c29a08fc07a9ccaebf778bc32b9ed8700674c,154,1,1,0.0006238607894077979,0.9991297858312763,0.00024635337931585844
B-H0,0,42,0bf3a2d884e1555952ad611ad5ac00b76d97402156df050266c3cfc95f605dea,155,0,0,0.988042994087913,0.011719667637165818,0.00023733827492129764
B-H0,0,42,ae88168be6110ac8992db8b155e6bd8dad4a050a4a4fabb91d628b18e0ff3fdc,163,0,1,0.002830622765054743,0.9970184898335984,0.00015088740134686969
B-H0,0,42,9881e8df21340beb673d11fb2f0087e28ca86d90cac54001885ad77fa39fe58f,181,2,2,2.6678713600815406e-05,0.0002416337977251683,0.999731687488674
B-H0,0,42,d8eea83646be1e9c916e665fa77c259449f8745ed6a29cd6f9b1a9dced475fd5,187,1,1,3.7851963705261595e-05,0.9994928381503131,0.00046930988598166916
B-H0,0,42,60763b4cebd2c23d4b6bb41fe41d2708e53e1479ca7374112530066b5e4893e5,191,1,1,0.002830622765054743,0.9970184898335984,0.00015088740134686969
B-H0,0,42,6c6dd067b740da372386ce71f81ed5b8dc2e1e9f93625be9b4884d1d73f96114,196,2,2,2.6678713600815406e-05,0.0002416337977251683,0.999731687488674
B-H0,0,42,86eb8973fc65f23f76646a24050506efc45364d1ed311733b312688b82d03540,198,2,2,0.00011240415702667456,0.009946908914734797,0.9899406869282386
B-H0,0,42,e3f90cf05c633dae16fb7f47884d7cd562ac2769d89e9243c8680a8ba22af681,204,1,1,0.0010163495122555712,0.9499682668193543,0.04901538366839013
B-H0,0,42,9a0d7d130a794be7bc69983881925e866dbd081148ab7ab7a8b811b52c7a21f0,211,1,1,0.0006238607894077979,0.9991297858312763,0.00024635337931585844
B-H0,0,42,8332987b673c95bbee93c9f25e2f6e37e4235c9e6ae83604205ff69eb49247f9,214,2,2,0.0005433971637650603,0.34404594927297866,0.6554106535632562
B-H0,0,42,7f598fa9cd8021402624f92fab82098fb58747ccd8a722c3d994f05b6ed0f217,218,1,1,4.423954093011841e-05,0.9994066513272732,0.0005491091317966382
B-H0,0,42,f094aac8706b95f9bece4eeac1389e28ad75114d0e4206b7769ded1102994ff1,221,2,2,0.00011240415702667456,0.009946908914734797,0.9899406869282386
B-H0,0,42,6bcf085df851ffdd063de277d7f6de02756302343ed42266339f33b7f195ec0d,225,1,1,0.0001572167748100936,0.9992841083440195,0.0005586748811705084
B-H0,0,42,2a5b3658c6bb089977c0132627aeddf27747b5ba1997b7f2041f3039d3025854,228,1,1,5.934583711490228e-05,0.9993594940685152,0.0005811600943697591
B-H0,0,42,97c9512caadb3ffd0ad3c7ddd23407aa54871fc60933e4b9f12a69d1cef4214f,251,1,1,0.15206771054694704,0.8472989340854074,0.0006333553676456025
B-H0,0,42,5752cee9adf12bd089539e746e30b0d83f71e4f57e8da95e82619ac05b3d6b64,258,2,2,0.0005433971637650603,0.34404594927297866,0.6554106535632562
B-H0,0,42,ad959d26f847d9c030d3b6d75856d30298eaee390b8e65835b5173c70de9d93a,262,0,1,0.3507562527023396,0.648425698467669,0.0008180488299915338
B-H0,0,42,f1cc48536731731e0b343782efdde0db8be7fc46955c060a6588a598c61b83b5,266,1,2,0.0003522686515479847,0.07695530437137095,0.922692426977081
B-H0,0,42,645409494cfbc0053881ee14531a52cfc643d5a8dd013317825912b73a52362e,267,2,2,0.0005372729216603893,0.0847759629006849,0.9146867641776548
B-H0,0,42,00dbf7ed1f04da4f573cdb1c40ee8aabbb629d7e284d1568bca51a8a5f396e7c,268,1,1,0.0010163495122555712,0.9499682668193543,0.04901538366839013
B-H0,0,42,4837f2cb17208b9a4625ebde74b97e4dd96ffdb5234013a87be717acfa0a8b14,271,1,1,0.00020928387100155178,0.9997134961300638,7.721999893459968e-05
B-H0,0,42,8475bd5769c68d5427ad348aa5b6061ee6bcd37f6f1837cda26be61984a04cac,280,1,1,0.255955259410767,0.7424084913425016,0.0016362492467314562
B-H0,0,42,d744f4e8e0e5a37040ced43f7d9f57213e888b56527ca3961db9750dd4b525fc,284,0,0,0.9944709152725059,0.005391391609512782,0.0001376931179812652
B-H0,0,42,63e7b0fd79c9670e63f19d0b85cc2c7efe0f1e527b44bbf33e9c798004594ffd,300,2,2,0.0005372729216603893,0.0847759629006849,0.9146867641776548
B-H0,0,42,6db86dac2c557996df538886e2ae001080ddecdab91e2e3a4edede389d70b7e7,310,1,0,0.5333533760974338,0.46584482371527497,0.0008018001872911834
B-H0,0,42,e46fe007896b1086b24e7db53b21842ae5f26db41897be76661db0c09520f97c,311,1,1,0.04246130287444805,0.9562043938242183,0.0013343033013334465
B-H0,0,42,da52e0801985e6d911242d1cc38a5a2ba9ea6d852304175e9cf5f6682c636afe,332,2,2,2.6678713600815406e-05,0.0002416337977251683,0.999731687488674
B-H0,0,42,980a5bcc08361f8d083c12141878dbd24b7a236c18e8184387239050f164a315,351,2,2,0.00011240415702667456,0.009946908914734797,0.9899406869282386
B-H0,0,42,0b6002ac98745ed77d24c58dee4c8892e1dca4c93626ce4675b9306294bb2d7d,354,2,1,0.0010163495122555712,0.9499682668193543,0.04901538366839013
B-H0,0,42,17e8cff30d43b9932efa5ee5fc8ea3d9998f87aa816268d719e22c0b513067e3,357,2,2,0.00011240415702667456,0.009946908914734797,0.9899406869282386
B-H0,0,42,328eaadc5fcca2d1c22ba92802c7d13404e083fcc75e8e27c502cd13af3d0548,362,1,1,5.934583711490228e-05,0.9993594940685152,0.0005811600943697591
B-H0,0,42,fe92f0e44d936f618c5a52cbcbbb889fd256a412566488b144015b8482d7b1a1,365,2,2,0.0003522686515479847,0.07695530437137095,0.922692426977081
B-H0,0,42,074bdafc94897952ec047e29c94c168d74b04273139ccf2ce1e6f1873ca0ed4a,382,1,1,0.04246130287444805,0.9562043938242183,0.0013343033013334465
B-H0,0,42,0fdfadc8e93127b69c5cc192dde2e8ac8ed04c3d1fdbe79dfe2b87b82585bd01,384,1,1,0.0008252468153881093,0.998645643061672,0.0005291101229397664
B-H0,0,42,9c1589756f65e471021f9e5736a89d5cabb0481ef20ec88a5286fac861609674,386,2,2,0.0005372729216603893,0.0847759629006849,0.9146867641776548
B-H0,0,42,88d41603b7bc18447226de0bd092d97caaafff7d44a58de731f2bfd695e6c89e,391,1,1,0.0035448592885316795,0.9952253470792572,0.0012297936322112491
B-H0,0,42,573e5d0c416baabe556bbe6df0da1d23f9d757c682f06acc75cbdeeefa53f1dd,395,1,1,0.0010163495122555712,0.9499682668193543,0.04901538366839013
B-H0,0,42,ca1af162eff48d01248d7b34c3dc4be9123bb4917682c15fcb42f45ba92ce681,397,1,1,0.008607357090550877,0.9907184786383513,0.000674164271097785
B-H0,0,42,11f18902f6529ccd006f3eb1926c47f115d9549b2c2f079495389befb1eae919,408,1,1,0.017725098258770552,0.9820857609987058,0.000189140742523782
B-H0,0,42,d6a67091791dd72522a6bef06dfea8b0c675a1445234f9512644939352bab471,421,1,1,0.42097686893126945,0.5779352848258439,0.0010878462428866302
B-H0,0,42,fb53eea3d4cdbfd82c3a411ba354fb72529c745789e35c027a285e3f70071b48,428,0,0,0.9944709152725059,0.005391391609512782,0.0001376931179812652
B-H0,0,42,05b9b2450da4983d21d00900b28b53e5a1f95f950395ddc3ddc45cb106b759b9,429,1,1,0.0006238607894077979,0.9991297858312763,0.00024635337931585844
B-H0,0,42,f0a97bfafce659abcc15ad3b27366b99f919dc16a513c0931d27b70b5eb2bd13,439,2,2,2.516691006336789e-05,0.00024213295280735463,0.9997327001371292
B-H0,0,42,12f87a813a0f8b8b6295bf7bd67e6b14cf37aea45636ed5ee00d03e5b5987ffb,441,0,0,0.5333533760974338,0.46584482371527497,0.0008018001872911834
B-H0,0,42,1a95813d193cd4442bc0b1f87b4bce15afbe7cd42d6c4c82b8f5c88c23abdbf2,445,0,1,0.44316623975091196,0.5560542149977896,0.0007795452512984658
B-H0,0,42,95a4c4f399ab39050cd2c68303c1b4a717e2b85e43356b382b44a3423cac3ed0,449,1,1,0.0035448592885316795,0.9952253470792572,0.0012297936322112491
B-H0,0,42,5c0c7a72328563a4b2a7d65fab7f740984af9984186caff86b9cca5da6bfe86c,451,1,1,0.0006238607894077979,0.9991297858312763,0.00024635337931585844
B-H0,0,42,5f11fef5bae9d1258380639662fb95008d4620c9b9b24aad7083e32efacfbdfc,452,1,1,0.15206771054694704,0.8472989340854074,0.0006333553676456025
B-H0,0,42,225629385e18a6854edb9ae5dee2b6c35e44af3143cc0f0fab0867deec5c52bd,460,1,1,0.0008252468153881093,0.998645643061672,0.0005291101229397664
B-H0,0,42,65fc55908795c03596628c3be27eff5761f85e2f1b4291d6717c471653ee17a8,465,0,1,0.41736093758744325,0.581521707336705,0.0011173550758515804
B-H0,0,42,e0d210eed199a9e6092e65b724d0b6abf80444548010500e25c9fbfa593246e6,469,1,1,0.0001572167748100936,0.9992841083440195,0.0005586748811705084
B-H0,0,42,3228a5c1892f93600a970b9e099b3053b891a018a2b4fcdbe092d118a96a8fb3,472,2,2,0.0005433971637650603,0.34404594927297866,0.6554106535632562
B-H0,0,42,55149a64f268a012247a00f9c7f3a36b557a25430fed6016ab547ff1c38e61b2,473,1,0,0.9237604454535613,0.07514544927462458,0.0010941052718142683
B-H0,0,42,8e4ea3523595a6acd552728b47f2a13b458234f347559c26cb13139a095da1b4,474,1,1,0.0006238607894077979,0.9991297858312763,0.00024635337931585844
B-H0,0,42,1971d2b4a4cb293ac396176c6d1190289df940842c256fea5bf08fd520cbb4f9,477,1,1,0.00019872293370688665,0.9975764356651539,0.0022248414011394563
B-H0,0,42,50c59de7b7fadd459118ad53531a05379edf5c0bbf8786fc3b4b96a2d52bd55a,478,0,0,0.9998018280275263,0.00017420423315081177,2.3967739322930296e-05
B-H0,0,42,8fd0fe4e154f5d8d0e6fd22a060280c5fc7e2f73594c63d13a67e97a3b835a6b,480,1,1,0.3507562527023396,0.648425698467669,0.0008180488299915338
B-H0,0,42,ee64c4c983197496a5a20dfb847c9b4515dbdade50852024c565d1a74b63cc24,500,0,0,0.9998018280275263,0.00017420423315081177,2.3967739322930296e-05
B-H0,0,42,555340884fdb40170947c98290702c40554069d24cf22f20a9785c5218582ca2,506,1,1,0.002830622765054743,0.9970184898335984,0.00015088740134686969
B-H0,0,42,6249033ebb4873778de8d435f8863876ed0ccf3c336662af8118b4596dbc2285,520,0,0,0.9944709152725059,0.005391391609512782,0.0001376931179812652
B-H0,0,42,866639f3b9f95c14339f44ed24824b71cda6a70d63a86fe0edf0685a8baf5c75,524,0,1,0.44316623975091196,0.5560542149977896,0.0007795452512984658
B-H0,0,42,7788b10861e73289e28b8fbecdb74643ae51fd2135b9ae4865d7ae2a22141973,525,2,2,0.0003522686515479847,0.07695530437137095,0.922692426977081
B-H0,0,42,a9da9db2467c1a5fe7257adb1987e930ea751470576c10c82f4397f3dd37b63f,527,1,1,0.255955259410767,0.7424084913425016,0.0016362492467314562
B-H0,0,42,85a02e1802e7b312ed957ee39e2bbfe0b4632dd2d25d3a8ce177b48d26ba1fc2,529,1,1,0.00020928387100155178,0.9997134961300638,7.721999893459968e-05
B-H0,0,42,d26328550683e27aa4c4fe5be7e2d668c08dadae337ff364dbeb060fd5a931bd,531,1,1,0.047648635599037883,0.9068371089055732,0.045514255495388914
B-H0,0,42,4f4759b87edf8e38b6b6c5dd3a52b7fd18a9f97b78b0b8933276755f4ad88080,534,1,1,0.04246130287444805,0.9562043938242183,0.0013343033013334465
B-H0,0,42,aeabe5f00bb9cc0af7000e3fafc88866155e65ab4d5da58274d0dee130a02388,536,1,1,0.0005335844326196831,0.7040507772925011,0.2954156382748793
B-H0,0,42,2de6307edc2b60e3648d6c261996c60ddb15ccc9f4069aee2e9ee4e9ca9dcaee,540,1,1,0.017725098258770552,0.9820857609987058,0.000189140742523782
B-H0,0,42,112e7b51e7d078dd62fe5bcec15f48660dbfc572df659aea50141c8a731a6877,543,0,1,0.3507562527023396,0.648425698467669,0.0008180488299915338
B-H0,0,42,d98717d4a561c7ad6b0aa9c5e73ecccbfb6510d07c8f23d7934fec3f8fbcf474,547,1,1,0.0006238607894077979,0.9991297858312763,0.00024635337931585844
B-H0,0,42,db842124e7a33dd5887c8d22a815b1649cda7401b683f5f9cc6c7a9dbd533a3e,560,1,1,0.255955259410767,0.7424084913425016,0.0016362492467314562
B-H0,0,42,49adb4d4ef7cf9b7221faad79fd9c2cb259872644777044983365486723c67f4,562,1,1,0.0035448592885316795,0.9952253470792572,0.0012297936322112491
B-H0,0,42,be89c78f29804f04841228bffef4532f286878a08b52cf8f4f17b15a9fa83364,563,0,0,0.9998018280275263,0.00017420423315081177,2.3967739322930296e-05
B-H0,0,42,297cf77b86d2fe61e413421d7216874ab77f45748dff5f7a2531cdaab79a4050,565,0,1,0.047648635599037883,0.9068371089055732,0.045514255495388914
B-H0,0,42,531f8aca33aab4bfc992087de862b25def4dea5b91bea6cc49aacbad07b45b7a,577,1,1,0.255955259410767,0.7424084913425016,0.0016362492467314562
B-H0,0,42,4b55155083aea75c9650635eb846d1e7abeaa867e3c5c629e2c90461482485f1,578,1,0,0.5333533760974338,0.46584482371527497,0.0008018001872911834
B-H0,0,42,815683c5eb3b782f1a2feeefe55a834447a90f6a62356c843d751e6ed6f7089f,587,0,0,0.9998018280275263,0.00017420423315081177,2.3967739322930296e-05
B-H0,0,42,8d5547c0b5e44d69c28a4cead541c515bc82e8f18adfd972abf57b2824ce7a43,591,1,1,0.0002481370576095737,0.9546089488142109,0.04514291412817954
B-H0,0,42,71388cc5368946416cbcddee50e2af8f0a6a2794c83dcda516b9f0463aa6ad3a,610,0,0,0.9967572750466592,0.0031204591020750527,0.00012226585126580455
B-H0,0,42,56d3d8cfe1ee66937b1b304de962e50840fc5df249cec9cc9f427db1842d8971,620,2,2,0.0003522686515479847,0.07695530437137095,0.922692426977081
B-H0,0,42,ef3b33bfd33c9a8d675e8c1562f5c2d503094b1f1887af3be3c1e16e100d9af4,629,0,0,0.9944709152725059,0.005391391609512782,0.0001376931179812652
B-H0,0,42,ba39525bb89a78df7e0bc9a040dd9c4c00f64baba2719bf9fb4a4bf7aa3dcffa,630,2,2,8.314631853407228e-05,0.0015610509228123045,0.9983558027586535
B-H0,0,42,ca60a0d1bd9510735b9a2c5edb1ab0a7eb2dd31d96b642bce093e7ba08286f2c,631,1,1,0.0006238607894077979,0.9991297858312763,0.00024635337931585844
B-H0,0,42,2fe1c3d95e43dc7878c7ba2874a7cb62e7829661ff3655b02f110fd5bf516184,634,2,2,0.00010270322551983838,0.0017495476167442236,0.998147749157736
B-H0,0,42,61b0a6498279a260ce8cabb4d4114bb5cda03e71c6f6954d7b766ee8a31b2746,635,0,0,0.5333533760974338,0.46584482371527497,0.0008018001872911834
B-H0,0,42,6f3f6818c91a4e4ac44cd061158f5c34bee1b5baac40fd4e469a3ed20476104a,638,2,2,0.00011240415702667456,0.009946908914734797,0.9899406869282386
B-H0,0,42,1f54ce13a7724f8e43df533f143951e361144f772d6d5ce76fe8e5fc8c77364c,639,0,0,0.9944709152725059,0.005391391609512782,0.0001376931179812652
B-H0,0,42,a35adafe1567244423f4e723b5361fdfc62fb0c766c9685554fa976277ee04ba,642,1,1,0.44316623975091196,0.5560542149977896,0.0007795452512984658
B-H0,1,42,f816923b16d6506fc091cfe92e86e1139e2f0b3e58c593461da93f6ca5c45a5b,4,1,1,0.004062466047811346,0.9954676878275254,0.0004698461246632935
B-H0,1,42,1fa27a62ee1b2d2ba6c92d8546a424dd3509710635f8a2c2568cc88597bb86fe,13,1,1,0.00187549013268141,0.9064670540353837,0.09165745583193485
B-H0,1,42,563f081ac98d1f31498a91b83ae8a2be907cfab0de2d472d199474e4e5eb8c6a,18,0,0,0.9182957813708537,0.0804533902937223,0.0012508283354241148
B-H0,1,42,4f83a42c27ea668697977110e8f196526ef09e0479182cf78470ad75e79419c6,29,1,1,0.00012093306286716772,0.9978380604109354,0.0020410065261974985
B-H0,1,42,088e125061899aeb843e08b444d414177713a8aeb3850db4477647a05e97b064,33,1,1,0.0004402231128338099,0.9973962218386303,0.0021635550485358274
B-H0,1,42,da11b9a824ea17d36ef8425abb47a68b80631b00f26d5fcb34bc902ab7e564d7,38,1,1,0.04476502839924336,0.9517792883043588,0.0034556832963980235
B-H0,1,42,a3aa9205c2dd6e6da3e018643f3c57b94d1f7d8f031190e1e8fe1aeb4473edbd,39,1,1,0.00013203226421277872,0.9990790702298891,0.0007888975058981351
B-H0,1,42,342f55c319e97bc4ebb3ea65c99cec118d9ebb0b9c1dc8c76eda38916bbb6efe,50,1,1,0.00013203226421277872,0.9990790702298891,0.0007888975058981351
B-H0,1,42,c81837f79017967e7355fc593b81070347505e7400d9bdfc85ffc152e7f91067,56,2,2,0.0013929478432015035,0.1925450576308327,0.8060619945259657
B-H0,1,42,fc23ab826a2440d11ef69d2086a1f61b6275743360356da43151abc46afe903f,60,2,2,0.00032938773834264304,0.0032011669489129513,0.9964694453127443
B-H0,1,42,c27b44d54803697af82881ea82d46e3561cbf37bdea8eb62c2df4af1f57d6fac,69,2,2,0.000890429055080939,0.05411426545609246,0.9449953054888266
B-H0,1,42,6eb8f51f02885e1c53aae062c9d8bab63dd1f60f90936f3349e37283882a4e93,74,1,1,0.0009151265940888563,0.998799680092692,0.00028519331321904005
B-H0,1,42,dd582bddc1aca5d5bb7c320bb57fbf5870022badac32ea6378863b35a16c8ee0,85,1,1,0.00012093306286716772,0.9978380604109354,0.0020410065261974985
B-H0,1,42,93f04a3c609794b4d53b3b5d2ffcfda0a1358e9ed321e072e10f1c4d0a40b4aa,87,2,2,0.000890429055080939,0.05411426545609246,0.9449953054888266
B-H0,1,42,5029e2776e7b9b5d2af015958cd517fb756f6d8b9853790513dc82715be726fd,96,1,1,0.0036218028490163923,0.9962172194954056,0.00016097765557795873
B-H0,1,42,2cedf816172020544d1c56529191607083a424ddd9627983acb2537e9c73f8cf,97,1,1,0.0004402231128338099,0.9973962218386303,0.0021635550485358274
B-H0,1,42,fed2454f61d42dd8f9f5651403e7c8aba82a77d8e645d8bf125f75e7c4c73861,99,1,1,0.0001385866186383825,0.9979378410292352,0.0019235723521264772
B-H0,1,42,8265981c42a1d2d7ece956a8e83fc2766c03bd9b677b5188edf9e65cae717f0f,100,0,1,0.3774537237488621,0.6209500158077105,0.0015962604434273614
B-H0,1,42,4b4303e1d9cff307886f30665c8e6fb57047e2e8f3cc39e2126b16700e3bf126,101,2,2,0.00032938773834264304,0.0032011669489129513,0.9964694453127443
B-H0,1,42,ffd718c11411f17305eebe2c3fd8eae0b394e9127366a0ffb1165fbe02224135,108,1,1,0.0006318266252471054,0.9922492368134622,0.007118936561290524
B-H0,1,42,ff7ddca54e1e9620918ba02dbfe35985a655c87ef1a72ab4ba4d13faa4ead2b0,112,1,1,0.4751528008275489,0.5202018475128021,0.004645351659648965
B-H0,1,42,e27b2368d103c92aa6d3db8b15bcb6a45f02a1799208f1d626eea765d93b4f20,120,1,2,0.0015596966270852144,0.27668521120097933,0.7217550921719353
B-H0,1,42,399489b6079af091f33320276c7ad2db3c791129a3edbff5b530c66d32cd7e72,121,1,1,0.00013203226421277872,0.9990790702298891,0.0007888975058981351
B-H0,1,42,e8cd3aa07ded082c0e9d0cd5ce68316e2c88e74da438e4b08e8a1e9f962c9394,127,1,1,0.059980549385268096,0.9384837127872087,0.001535737827523192
B-H0,1,42,70be8a47e5d22077d37988cb4d32c132724a3d1b083ef9ab0b06313f0bf6c905,133,1,1,0.04476502839924336,0.9517792883043588,0.0034556832963980235
B-H0,1,42,be8334d7f47b288facef26257cb6b44fcf616cd19090b942b3e21a6312189a8d,144,1,1,0.00012093306286716772,0.9978380604109354,0.0020410065261974985
B-H0,1,42,c047c292b4e87b40d0e8d2cdb5f5aa7e0bbd22946a70c373ef6dd5c6576bc932,151,1,1,0.00014664828268796446,0.9989308600191023,0.0009224916982097384
B-H0,1,42,20a9a7e6d4cf66384115e0a7ecc18f09cf1f9b2d051f34bc82d7b170955376d4,152,1,1,0.00012093306286716772,0.9978380604109354,0.0020410065261974985
B-H0,1,42,a7f1f0bec4d0eecfb4bebc52d748706df58b74a54e32f07189d46c9495ae3d09,158,1,1,0.0009151265940888563,0.998799680092692,0.00028519331321904005
B-H0,1,42,a46bacc86e6d6f2966c8bc9b007be70048a778a3e7dc54762fa3c06ca3dd0a6b,160,1,1,0.0009151265940888563,0.998799680092692,0.00028519331321904005
B-H0,1,42,aee4b0ad4df2a5b974c0fae78b5f15de2ba0da9ff62a1f1845fe8490f931efbb,164,1,1,0.059980549385268096,0.9384837127872087,0.001535737827523192
B-H0,1,42,f4f2eaa4ae88e92cfa57b3aff8b8ebc91d59f1c9a27803fe90c6ef8b768a6d4e,165,1,1,0.00012442636364571322,0.9991340392453661,0.0007415343909882378
B-H0,1,42,638a470d918dbfbf5afd33eb58e7ac2868a43d0e4dbaab3029db5101a1edce71,166,1,1,0.08621679915544603,0.9123144484437483,0.0014687524008057638
B-H0,1,42,03c73563087c1329943a56cf316a054838d232eb12bf400763e97af8a779fc3d,172,0,1,0.04915603906973852,0.9061117610317696,0.04473219989849166
B-H0,1,42,36fc8ba21c05df93f037cf32ffb47c54f5fded8ce374e0e9cf11353791e881ac,176,1,1,0.4571748901740686,0.5408421732480723,0.001982936577859059
B-H0,1,42,3be1ee30e134a9ae90bc1593ea32cf65047070817401a9aeb18c76efaca04541,178,0,0,0.9182957813708537,0.0804533902937223,0.0012508283354241148
B-H0,1,42,4d7423cf2ff542521716737a2b82d95c940025a9d28aea9f135e73d793d959f0,183,2,2,0.00032938773834264304,0.0032011669489129513,0.9964694453127443
B-H0,1,42,03b5b9fbb1e8685d2aea12d701a8548fbf66e988d3965beff90d610215a6fc96,185,2,2,0.0002615335057670025,0.0022862263932036456,0.9974522401010293
B-H0,1,42,842bac774d6c086dd6b92fdb78413098e14bcc3af75125e7d25ca273a3e1f862,193,1,1,0.0009151265940888563,0.998799680092692,0.00028519331321904005
B-H0,1,42,9a4af49b00bdc8c8c90dd9584610e62f31c1dea1496d8c77c154a1340984f0fe,201,2,1,0.0011079265344011051,0.7473851580695655,0.2515069153960335
B-H0,1,42,ed7122159427b6c8635b7bcd0d7140de4dd489af9eab6fd9bd99b3ebad260d98,205,1,1,0.00012093306286716772,0.9978380604109354,0.0020410065261974985
B-H0,1,42,038c9ee0d7794eeb1143a461c0506513b430ff5293a311f12d84535a6afbcc5c,213,1,1,0.004735646291956957,0.993716585235707,0.00154776847233599
B-H0,1,42,aac572f07272c9f29ce150e00d2b33f7765e921ffe4e1a3c8a7aa455349ca19b,219,0,1,0.4571748901740686,0.5408421732480723,0.001982936577859059
B-H0,1,42,c6b8941e410ad8b2574b68572d59fe76bfb75291198754c7266ab3740f819f8d,223,1,1,0.04476502839924336,0.9517792883043588,0.0034556832963980235
B-H0,1,42,fa91a868a0b2673a241638a1e248c077d7ebbe8369c5e9c7a105ea8e0f678595,224,1,1,0.00187549013268141,0.9064670540353837,0.09165745583193485
B-H0,1,42,05dde9d4b54f7775db2292c4725eb2440e0b2dbe65d52bb4c05c347040ae90da,227,1,1,0.00012093306286716772,0.9978380604109354,0.0020410065261974985
B-H0,1,42,0e1e5a60db31ca1ff4e88932ce8fb8133c0cae740186c0eecba980565edeeec1,232,1,1,0.0001385866186383825,0.9979378410292352,0.0019235723521264772
B-H0,1,42,78bf7a927103b0adf2a93a132f44f2411946196d038bf6822cb2eeb2f851ab2c,241,1,1,0.0006944392372367128,0.9989515794820576,0.0003539812807058436
B-H0,1,42,4e05a768be51893f790163c79ad042b9bf59de08bccbba7bd25c8877c53ebcdf,243,2,2,0.000890429055080939,0.05411426545609246,0.9449953054888266
B-H0,1,42,40f57c13c26aa660145ccd9e9ad6cf7435aba21e0ecb869b65ca110bad79d9bc,244,1,1,0.0003259077505916309,0.9980912785958354,0.0015828136535730737
B-H0,1,42,820af5dd1d43687408ee96791d977e5768628d5dd9718275f49012ab8be7c7da,246,1,1,0.00012442636364571322,0.9991340392453661,0.0007415343909882378
B-H0,1,42,2fea83fd72f31c3ed98d355952e0dca5903ca77045d520014559b3131ab53449,249,1,1,0.00187549013268141,0.9064670540353837,0.09165745583193485
B-H0,1,42,3567553d36285ad28e9947ecc399152b059b63fa0d14e93da3fa60f88729589b,253,1,1,0.04915603906973852,0.9061117610317696,0.04473219989849166
B-H0,1,42,a71a645737db58ca85f16857a87566dbd0644a509be1426ceec155ba4b32a46a,254,1,0,0.5790956560239233,0.4190023513003153,0.001901992675761191
B-H0,1,42,a32d5c6de3dc8a8d1a538283ab55eeaf55b9cf8e25aa347f9451fa80920ab0dd,255,0,0,0.9973275710739494,0.002449375044168389,0.0002230538818820207
B-H0,1,42,c6d9905e1108342a5a39e558796801aaef2123ede509df6c737dc2968cb80334,259,1,1,0.004735646291956957,0.993716585235707,0.00154776847233599
B-H0,1,42,cf04de454501b8a0be83713c4b298369ec62ac21cd8f30857e05891dcef22cc6,261,1,1,0.00012442636364571322,0.9991340392453661,0.0007415343909882378
B-H0,1,42,3d8d9b0265e3f1fa1f9dced7be94a31b2d44253a703333fe32683be701e1e391,273,1,1,0.0009151265940888563,0.998799680092692,0.00028519331321904005
B-H0,1,42,f048327f0da983b65f4ac626e1b417339b356d60f7641609e9f999aa25dd1b64,274,1,1,0.2447600347586745,0.7522246281755399,0.0030153370657855583
B-H0,1,42,2fc3c8e1b6058fdb8ba34e10c4f11c5c96a490da8c44557f51f272e135b276d2,276,2,2,0.0002798749564198355,0.002675218534530606,0.9970449065090495
B-H0,1,42,c215aa987795131b42e2cd8a6c43e525423612ee007a6ced32e8263bda4ad92a,289,2,2,0.00043027659930677396,0.01218958566092578,0.9873801377397674
B-H0,1,42,4560a7ae21f3fb4ac2db6ffe58ddb475ac41d6dc383b998d4c568b31ae65a35c,290,1,1,0.04915603906973852,0.9061117610317696,0.04473219989849166
B-H0,1,42,609e2c6bb80163f064286be493c35084947f767a9fca5159a6007ea7d78d1b8e,291,1,1,0.004735646291956957,0.993716585235707,0.00154776847233599
B-H0,1,42,912f7b7365227a32858a2d927685373d6780e508ef7ac83760fb9ec5aaa1aefc,293,1,1,0.04476502839924336,0.9517792883043588,0.0034556832963980235
B-H0,1,42,97b9091925addb08c1cd2c6078d0de2bf8172b17115de938b77ad77357d5ea5b,309,1,1,0.006835833462430085,0.9916743370737746,0.0014898294637953303
B-H0,1,42,19d6ef82b2a921d77a5573e974ea081845479ae43b183f176897858ed8e06b84,312,2,2,0.00032938773834264304,0.0032011669489129513,0.9964694453127443
B-H0,1,42,4791bf9d1d5d0230ab90f16f29614b48ab82e5801b82082235ff9b4358d29def,316,2,2,0.0002798749564198355,0.002675218534530606,0.9970449065090495
B-H0,1,42,9e12aa0dbe5c0aaa2470ead8d7629926f8b65403a6699dffbfef210eb25d80d8,319,1,1,0.04476502839924336,0.9517792883043588,0.0034556832963980235
B-H0,1,42,4dcb168e09d4d7893d639ca45b73e7538eb8bbdf4d053e76233e29ffd3010c99,326,1,1,0.00012442636364571322,0.9991340392453661,0.0007415343909882378
B-H0,1,42,cc8929500a996b83f8e58e90d5c2ffadb7b9bc20866921118795138fea402ecf,335,2,2,0.0002615335057670025,0.0022862263932036456,0.9974522401010293
B-H0,1,42,f9d294cba21968ac5c7aca6b858728c55a8a06c37c1bd8489ed5b184ed97e39e,336,2,2,0.0002798749564198355,0.002675218534530606,0.9970449065090495
B-H0,1,42,f2a7a0438ec81419aed4432eca97e3bf6a7996b3abcab7bd2b0cb5ea5936ca0c,343,2,2,0.0002615335057670025,0.0022862263932036456,0.9974522401010293
B-H0,1,42,57374dc57848f9f7545dfff9c90d14265d0a66c20014fed384c8a1aaab2a8657,344,2,2,0.0002615335057670025,0.0022862263932036456,0.9974522401010293
B-H0,1,42,e59d303b3c9921823705d178211a81f3167a2b5c2bedd55a2e440ae6fb609a66,346,1,1,0.0001385866186383825,0.9979378410292352,0.0019235723521264772
B-H0,1,42,e43bb85cc9f4c204c3b80fc593900bce375e9f42be96d02f335f2f42c13c4ba8,349,2,2,0.0002615335057670025,0.0022862263932036456,0.9974522401010293
B-H0,1,42,eb7b92a2b390dbb093e40e2495530b65be730eb752eccbf260be04ff31496b11,352,1,1,0.04915603906973852,0.9061117610317696,0.04473219989849166
B-H0,1,42,99a93936da7984b3ce75763a91a3493bbe7f16283b2ccde42c3d93bff3fc70e1,353,1,1,0.04915603906973852,0.9061117610317696,0.04473219989849166
B-H0,1,42,fdc3d5fa14c1a4086c5b7caf79828cce0d013ff497cbe8eb15c09905a3f4457c,366,1,1,0.00187549013268141,0.9064670540353837,0.09165745583193485
B-H0,1,42,ed55a6f2ea598cc2a90f6b9b6e489d7f1bf59f58579eeba23f34ffb5a4476757,367,1,1,0.04476502839924336,0.9517792883043588,0.0034556832963980235
B-H0,1,42,a538958f863560cab82c81c2af21b948645d77515ec607b6158507d95fe5123d,370,0,0,0.9182957813708537,0.0804533902937223,0.0012508283354241148
B-H0,1,42,e76f79b797b47271b05802f3737b53b3378b0b1529fd9314fa2a492b6167ac66,372,1,1,0.00013203226421277872,0.9990790702298891,0.0007888975058981351
B-H0,1,42,2965eb77c7507629cf30cf7647115971bc3fbc079b0679ddae18c5a7f6088ba0,375,2,2,0.0015596966270852144,0.27668521120097933,0.7217550921719353
B-H0,1,42,447fa75d82f2da45bc471afc5b9273f8007746f7c1e6608e7f7e080582a7ea08,376,1,2,0.0015596966270852144,0.27668521120097933,0.7217550921719353
B-H0,1,42,4f4abcb7188e73e10ca68b718d456e0239c4dcb6875e1c3c69a419fec225e1ce,379,1,1,0.004735646291956957,0.993716585235707,0.00154776847233599
B-H0,1,42,dce71741a22feecd18d4a68d6dac14f53d1b585efa9029d2d7f6caf10ef1d09a,385,1,1,0.2447600347586745,0.7522246281755399,0.0030153370657855583
B-H0,1,42,0a3effbdec3cb466bafb0f3db000792529f8a18b89f03e2f2a477a57ccb23447,390,1,1,0.00013203226421277872,0.9990790702298891,0.0007888975058981351
B-H0,1,42,64edd6fd449505aaf4ce23b5e8fd239af0c6c1b9b8ec3b6283f29aa63786d55d,392,2,1,0.0001385866186383825,0.9979378410292352,0.0019235723521264772
B-H0,1,42,3aa2f113241cf12a1f41976ff0bf7942caae7298859aebfd67c1ddd2a115c9f5,393,2,2,0.0015596966270852144,0.27668521120097933,0.7217550921719353
B-H0,1,42,7e00b595bb6999487c74eb830249fdf599a16fe836019185747560a7869a2ea9,401,1,1,0.00013203226421277872,0.9990790702298891,0.0007888975058981351
B-H0,1,42,af3e8a8edbc429d6e82a0234c201d8cc278db4fd145a68015fd1ab8785e57275,407,1,1,0.023921962078259935,0.9754749929013955,0.0006030450203444878
B-H0,1,42,f5c1f313b06ba018dffafebe7e936f738c7877b1fd7def93331d973a91083ec4,409,2,1,0.0011079265344011051,0.7473851580695655,0.2515069153960335
B-H0,1,42,a27435e31856096b869dad34f04f50c26e43660a66718f5643ee8ed2eb51af26,414,2,2,0.04042983064445894,0.038950291847633114,0.9206198775079079
B-H0,1,42,447b6eaaa01f44759a3e84e1ae3292b980e1e40bbca619439c1154c93b6ba928,420,2,2,0.00014510628271269225,0.0011103367293967626,0.9987445569878906
B-H0,1,42,a497a87c94bd318bdbd3ec6561590a06ed35ab4e87ca913472fb109a78f8bbc9,433,1,1,0.0011079265344011051,0.7473851580695655,0.2515069153960335
B-H0,1,42,652e6865f9acddc8831b8ce218dbe9e6235e8c801d2bbf80d878c249871281f8,440,0,0,0.9980696736631867,0.0017170889725909761,0.00021323736422223415
B-H0,1,42,d63a26a5f8c21cfced4f4ebdcc520a460308329d0c2f1685f083d2ed9ab0b639,442,1,1,0.0001385866186383825,0.9979378410292352,0.0019235723521264772
B-H0,1,42,7b04f1d594f7376a2f050ee49b8349c5ef562e371b59041d74381aaf3f28418b,443,0,1,0.4832899062872789,0.51435859868306,0.0023514950296611727
B-H0,1,42,a6b0e9b589ed3f6caa4497791751bb855f8ff7bd71783f5676489298a186db22,455,0,1,0.059980549385268096,0.9384837127872087,0.001535737827523192
B-H0,1,42,afa6daaad76b24e7324cb78b11b89285577dc8bbfcf69fd9a2858f75d0d2d255,466,1,1,0.2447600347586745,0.7522246281755399,0.0030153370657855583
B-H0,1,42,ecddaa9fb5fe0229e957962b58fa482e6fb92d8f808ec76bf3448ae1f9070c00,468,1,1,0.0004402231128338099,0.9973962218386303,0.0021635550485358274
B-H0,1,42,3a7f050103c325de4173d8ce18ea31c2b8a5424d5ca15132d1d2e938a40e25f1,470,1,1,0.0004402231128338099,0.9973962218386303,0.0021635550485358274
B-H0,1,42,d6c2e29b139b700ff7f46855f1fbce6d187c897106391edbf79fbf80ed1f1c14,471,1,1,0.00012093306286716772,0.9978380604109354,0.0020410065261974985
B-H0,1,42,9d1ad6603c4fc4417efe8b4d68b4771693ebeb51d9cc5fc47e7d55d6a396ae28,479,1,1,0.3774537237488621,0.6209500158077105,0.0015962604434273614
B-H0,1,42,d3dcab46cc222b84f1ffdcca86f298db97158c380bc905a790185b05af010c3d,488,0,1,0.4832899062872789,0.51435859868306,0.0023514950296611727
B-H0,1,42,8e66ea34596e3d99a63ea5e1e0165c156c716d735eff28f761ac0ed48e7252b4,491,0,0,0.9504323153327398,0.048291023735055276,0.0012766609322049122
B-H0,1,42,f84b59feebc9f4c0c496f360f1ca19bbe2d5beeb52f49c9fc163d951a96cd776,502,0,0,0.6484789539872737,0.34865564785013337,0.0028653981625929334
B-H0,1,42,6c25dd980ae55d61fd3c42c5c5e6030ac2dddb2fcce89e3ba55d1ed3f42fab9e,505,1,1,0.0009151265940888563,0.998799680092692,0.00028519331321904005
B-H0,1,42,2df6a5e9d91cfa9be614ad5f9caee8cc67f367e07626e56fc4f67efbfaceff1f,514,0,0,0.9980696736631867,0.0017170889725909761,0.00021323736422223415
B-H0,1,42,efb4d196f4193d1291a1cfb89719e049b970e0bf437f8a7e200e7362d60ca360,522,0,0,0.9182957813708537,0.0804533902937223,0.0012508283354241148
B-H0,1,42,c79ed7e1c220976e51dd4332360fd4507729186d68877b8df22893d4867d9530,526,1,1,0.0011079265344011051,0.7473851580695655,0.2515069153960335
B-H0,1,42,d1ad465a150c1a7e96ab02a505ebb64e6d4a4d6ed85a8269d159aae2333f6aab,538,1,1,0.0009151265940888563,0.998799680092692,0.00028519331321904005
B-H0,1,42,bb9a219543e713c160a8c0a5217ff0448abee776e104949e51d702515e4d91d8,545,0,1,0.4571748901740686,0.5408421732480723,0.001982936577859059
B-H0,1,42,e04e7d38a93aac3cae8930e1afcc919894b9a520fcb4dca988b331ff9b2900f1,550,1,1,0.0001385866186383825,0.9979378410292352,0.0019235723521264772
B-H0,1,42,7c393fcb8c6e7a0bd9c175f589c70e5aa04536220517e7b236f9e14bf21c6822,552,1,1,0.3774537237488621,0.6209500158077105,0.0015962604434273614
B-H0,1,42,acb36f95ba3fa4630d97646560eebd228e5df633a2b53197160afadbac82d3d7,555,1,1,0.0011079265344011051,0.7473851580695655,0.2515069153960335
B-H0,1,42,2f662e03b27bfb4526a71add2807e7200b7744865e734e627c558dbfcd716b5d,570,0,0,0.9504323153327398,0.048291023735055276,0.0012766609322049122
B-H0,1,42,cbff20bc53e43cdc376274e957b0ffc5d0e44adc151c80bdf4bbcae92be525c1,579,0,1,0.059980549385268096,0.9384837127872087,0.001535737827523192
B-H0,1,42,27810cd10888196a27cced776fd1436adf51d1cae60009f0c7ef8058309b1000,583,0,0,0.9973275710739494,0.002449375044168389,0.0002230538818820207
B-H0,1,42,11f088393304daadcce4ef6f7aeb11030a552f71b38036237f26bfcd5781383c,593,1,1,0.0001385866186383825,0.9979378410292352,0.0019235723521264772
B-H0,1,42,f1c806ba37d90be9bd2c5d433faae60be09e78bd25bdd026832fc63f5b765d18,595,2,2,0.0002615335057670025,0.0022862263932036456,0.9974522401010293
B-H0,1,42,e452e684933e73c5030cb56fab663ab3633a1033ce3f9525ca49c259cb1ed4b7,603,0,0,0.9980696736631867,0.0017170889725909761,0.00021323736422223415
B-H0,1,42,fecb7614f4f605bdc5a580d71a1b278aede770767de1712824a679c6ef5d62c5,606,2,2,0.0002615335057670025,0.0022862263932036456,0.9974522401010293
B-H0,1,42,b08cc7b11c2239e58759422b6bf5a2d08f13ee0ebbe8cc8c7d36f98a1fed1f20,608,1,1,0.4751528008275489,0.5202018475128021,0.004645351659648965
B-H0,1,42,2ca5957ec014c711ba4a9356fa48dce7c2814b7c34ce6430ed68fa5e83b052e6,609,1,1,0.0009151265940888563,0.998799680092692,0.00028519331321904005
B-H0,1,42,cbabb7d95eace71c3efce48e034e79054df0c1930a226772f3ea9a3f42eb2cad,612,1,1,0.0006944392372367128,0.9989515794820576,0.0003539812807058436
B-H0,1,42,0bc52b5e19aa1667f7fbc7756b07899f366c304e861f02d85e0aef1f64de3cbe,614,1,1,0.00187549013268141,0.9064670540353837,0.09165745583193485
B-H0,1,42,352f35ab026498342b42592c28f2e2be9498c17dfa667c80faea045076e8af7f,619,1,1,0.0004402231128338099,0.9973962218386303,0.0021635550485358274
B-H0,1,42,f73037bf5bb7948b4d6c45d2a9d27260dd1e3d46d4cda2bb4658f1b9abe5c35c,627,1,1,0.059980549385268096,0.9384837127872087,0.001535737827523192
B-H0,1,42,7ccf5e3af45d32c2b891424dd669788c94857f3adff5795a33e4b30a42f41db3,643,1,1,0.4832899062872789,0.51435859868306,0.0023514950296611727
B-H0,1,42,1f87f903f6991bf3f713838f4ac2d9b2d167b93ad3fc82cd0bb8919543bca220,648,1,1,0.0006944392372367128,0.9989515794820576,0.0003539812807058436
B-H0,2,42,3d0d1c44ebc74d642e0c609d5dd4b5cfb467ae332a035c679b0c27cdd1ec168f,25,1,1,0.00027521355722866556,0.9982558850225121,0.0014689014202591542
B-H0,2,42,c346e57479e178e7b054371aa9a5f68b51e42c0e4a895346230cc32926dff8fe,27,1,1,0.0005855456225668926,0.9985469078023719,0.0008675465750614127
B-H0,2,42,3abda39dd64284c601a97a2fbab4b8034dd42e259e9b097ab0138698fe51f5fb,28,1,1,0.0001507866531732154,0.9094390768485378,0.09041013649828894
B-H0,2,42,ff103515b8dd75894b97d53c0362207acd3e41b19365124568cce40e99ab29d0,36,1,2,0.0002896944008370257,0.3187433689375235,0.6809669366616395
B-H0,2,42,6c1ff6b4722162e99085258b374ec75e9c250758b590e5d0c7e5e90d433283f1,40,1,1,0.0005855456225668926,0.9985469078023719,0.0008675465750614127
B-H0,2,42,f9808139012c8b222496cdbc2c5823f5a200c1ca0c9a76838b16271cb6491b49,41,1,1,0.00027521355722866556,0.9982558850225121,0.0014689014202591542
B-H0,2,42,b65ef40f602471b10735bf76d635b6e867318fbd3b2d79eb292d182ebc52fee1,45,1,1,0.00027521355722866556,0.9982558850225121,0.0014689014202591542
B-H0,2,42,30dc43bca87dffff763ecab81971977dd0e0eb2ebbba3e56ea466f30648308d6,51,2,1,0.0002512965306219731,0.5725407533305048,0.42720795013887314
B-H0,2,42,fffdee90b6ab369ed3b441fc0d5835dec1e0da61263172332ba409239a1b6065,79,1,1,7.314573138139061e-05,0.9965053546565072,0.0034214996121114966
B-H0,2,42,c3aa2339fdff357a10a7d1d16826e1158de5efda7de8df9d86f076ca2646b95d,81,0,1,0.17667602151063946,0.8227087202029265,0.0006152582864341263
B-H0,2,42,10de938d451cc9cfe6d0ead0b6a8f760560120b56b7ed89b2dc4f651e5451669,82,1,1,7.314573138139061e-05,0.9965053546565072,0.0034214996121114966
B-H0,2,42,eb359b8ed9a4e0197c1d1ab325e0047ecbec907011dd47ad227dce8c761f9a7b,104,2,2,8.45793243697505e-06,0.0005859207334655487,0.9994056213340976
B-H0,2,42,686e797782deb880befa085462a001874deb90f59e8bd4f579869b6b3cc30dda,111,1,1,0.0005855456225668926,0.9985469078023719,0.0008675465750614127
B-H0,2,42,f56c2b2dd4b088427127b4d3efd30492502e057dc35df92f37e390e9ff866182,113,2,2,8.45793243697505e-06,0.0005859207334655487,0.9994056213340976
B-H0,2,42,8df88942cba699e578f85da548ac43c04023d6e3124e0d909bedcf225ee6ce88,117,2,2,0.0002896944008370257,0.3187433689375235,0.6809669366616395
B-H0,2,42,10698694323dfb803f5936e348a7facb60fabbb04e356449705169347027f85d,125,0,1,0.28444840108728947,0.7151973168663242,0.00035428204638635616
B-H0,2,42,f58ebfd4557154ffbcb785a4e55bb6649accdb99c66e82c58ed1bee08f674e8e,128,2,2,0.0002896944008370257,0.3187433689375235,0.6809669366616395
B-H0,2,42,64d4f18b3b12675504880cd0dc7ecf25b60fc04bfdbec355bc38419bb2d7c415,135,1,1,4.1670578678773634e-05,0.9972047813098359,0.0027535481114853446
B-H0,2,42,237d8870453dad85e4a690f5ef5b3a88e992a5aa74dfe4b4b5a16a1db596e4fe,140,1,1,0.17667602151063946,0.8227087202029265,0.0006152582864341263
B-H0,2,42,6cb1a3bd78701f948722853f3ff484b4a62afa283c31e3d9ba8e2ab088574ba2,141,1,1,9.690196826532351e-06,0.999500388759067,0.0004899210441066705
B-H0,2,42,ddbe9a19eeb2b15127963e53920ddb3080cf3605be4e5412f985652dc3282606,143,1,1,7.314573138139061e-05,0.9965053546565072,0.0034214996121114966
B-H0,2,42,0baae3864d2aa3d4aa2751efdb33ff2ab5c818f532230e2e93483176c0226769,147,1,1,0.00022018854348828442,0.7098696236482234,0.28991018780828826
B-H0,2,42,ffecc433675dacb5aa9570aab766c7b1c9116acb4109af9e6863d3341000315a,149,1,1,0.00040990428654540947,0.9994898151449633,0.00010028056849119929
B-H0,2,42,fa5daee0d7df009faf4c0e08a703bbc8db8c1ae32e4f684b7085649c9d548453,156,1,1,0.0001507866531732154,0.9094390768485378,0.09041013649828894
B-H0,2,42,81c654f9d5f5591c63de46ec2f8de90d5778222531f6dc2ca93dfe9653b873c6,175,0,0,0.9999281845020975,6.626066251786973e-05,5.554835384617299e-06
B-H0,2,42,0f1626989b6efba0ed821b04af2ce1ef2dd90be67fee5303e0aeb890e84e656a,179,0,0,0.9998714175138165,0.00012089140793312232,7.691078250351307e-06
B-H0,2,42,dc041fdcc3cbcfb79f4de07118d4868642025a233a983d551502cd5c96d20552,180,1,1,0.14770101371633224,0.8519533512799307,0.0003456350037369986
B-H0,2,42,4bc56ddaf0f7e559d24c60f59a6cf7edbd7b915799dadce516c430ac85a7696b,188,2,2,0.0002896944008370257,0.3187433689375235,0.6809669366616395
B-H0,2,42,f388cc4e3fa7c3eb79bcc7b0c0c92fff99e4fb329900ed50bfeb4f870f49792e,189,1,1,0.00027521355722866556,0.9982558850225121,0.0014689014202591542
B-H0,2,42,e4513c3d95a31cb9b2e70ba9aac54b1937bbbfb1fce1e4e3eaf07f94259ecb86,192,1,1,0.17667602151063946,0.8227087202029265,0.0006152582864341263
B-H0,2,42,ed46b4dc3fcd5fab1ada22a6d188180240af8e738c547e3f26fc65506b077a12,195,1,1,0.045296312855229955,0.950361259531377,0.004342427613393044
B-H0,2,42,ac305df5cdc5f1b0801b93d200a6dfb28ed119ce4795422a08ad3057488758ce,197,1,1,9.690196826532351e-06,0.999500388759067,0.0004899210441066705
B-H0,2,42,ac49935da3ee5b02cec9247a78be9b546c635c54aa6988081e4fe8709663d2f9,202,1,1,9.338976269688179e-05,0.9561003388844862,0.04380627135281692
B-H0,2,42,ea5f3b7855c7c13d408bff3ff046c47d194d636ff9d1cd41a54051e642651080,207,1,1,0.02493384673039834,0.9721572495596843,0.002908903709917408
B-H0,2,42,24fd68e79a2159278d68b9fa03c7a306d89444b373e4ed956a552290b7163fd5,208,1,1,3.372048822138504e-05,0.9984890790936378,0.001477200418140786
B-H0,2,42,1c5812f23059c8affe3af759b6ead8c2c38b856307cb70a58a6806f14bcd7133,209,2,2,3.679117424153454e-05,0.0014294684076980135,0.9985337404180605
B-H0,2,42,6ab8e0705e7b40a64b138c0755ac0e4974492c819c3a3104cb9fdf9bb5c5833e,210,1,1,7.63674603253113e-05,0.9947504511291322,0.0051731814105426144
B-H0,2,42,a5e5532a8001b1d35b8d647ec7c6de5bd09b0cc81ab543a66c4b92d00869a830,212,2,2,3.679117424153454e-05,0.0014294684076980135,0.9985337404180605
B-H0,2,42,4cd62e95948bd1b704bbcb35b4c07c1ce891fe8d8603fa8d7d55722149152d09,215,1,1,0.045296312855229955,0.950361259531377,0.004342427613393044
B-H0,2,42,41c314fd5e526b07168ea8735e420c8fd4da4cb146f0cb7b53a0b2e383de5f71,216,2,2,3.679117424153454e-05,0.0014294684076980135,0.9985337404180605
B-H0,2,42,c52893a6a9c59524615c570b972166e20fb5dc1939f7f8a0a444a854ad8b5954,217,1,1,7.63674603253113e-05,0.9947504511291322,0.0051731814105426144
B-H0,2,42,ef6d74ead7c9dae1edd8b999fa30b355c27c4fa0917c2b6342686959821c01fa,226,1,1,7.63674603253113e-05,0.9947504511291322,0.0051731814105426144
B-H0,2,42,a2010d08bf5544fb2f61ba56db0cc9b5b6d58a43b3e7a8155eae755a2ab63922,230,1,1,0.0812711994181377,0.9183796687947842,0.000349131787078209
B-H0,2,42,ea6ce91f0cda3fa98f7b745b9580fd6b0403056870eb76c5fcf66334679dd7ee,234,1,1,0.02493384673039834,0.9721572495596843,0.002908903709917408
B-H0,2,42,c6d8fdfaebcc9424104991f6e1b2ae52cfc74b01f006f573c65d6403e27860c4,235,1,1,0.0001507866531732154,0.9094390768485378,0.09041013649828894
B-H0,2,42,81b41de2fc119a6be204b22f6f400b640dae3281ad7449e09c510a3179f3e514,237,1,1,0.17667602151063946,0.8227087202029265,0.0006152582864341263
B-H0,2,42,8ef03a12bf26544326b83a924d78b17a626323183f000e61b0e1269d5151d713,239,0,0,0.8932463826030298,0.10652865576090711,0.00022496163606319618
B-H0,2,42,e65cba4765702c555356fe2b6fc3183b7079396880ffa82b6303a59358a1b860,240,2,2,8.45793243697505e-06,0.0005859207334655487,0.9994056213340976
B-H0,2,42,aef48ae8e8f8321f0e29c116e8187c697962ab80108f224eef0febe59017821b,256,0,0,0.9466718810862063,0.05317169405775192,0.0001564248560417366
B-H0,2,42,4e704048021bafbeb44effb9e508d4cef59a712f89bd368f81f564485127cc02,270,2,2,3.679117424153454e-05,0.0014294684076980135,0.9985337404180605
B-H0,2,42,6e7973c8c4ee77c326ae4010b1418b788a5630854185affb484685e8d73a7084,272,2,1,0.00022018854348828442,0.7098696236482234,0.28991018780828826
B-H0,2,42,111d930258015ff415cf618a5446916b948c63467161ea1a20e0915119b50244,275,1,1,0.00046613907530541383,0.9903188075285043,0.009215053396190213
B-H0,2,42,b66a61f7e4e30927c1735a3306a7e4fd6cf9b017aa1b11eacd63c9f666c7ac77,277,1,1,0.02493384673039834,0.9721572495596843,0.002908903709917408
B-H0,2,42,3366e3e79bb817fbb8c139710399b5e5e682684683af108e41f6f8f47bb2ead8,278,1,1,0.00998620413828018,0.9897537693574681,0.00026002650425182916
B-H0,2,42,ef27b562eab370d5506b6031d90875e2bf94890dc4f57239be5af639fc2bb2d3,281,1,1,0.045296312855229955,0.950361259531377,0.004342427613393044
B-H0,2,42,54a5824b809802628fc226bf21773286f73e6051e62d9cec2df3e81d93197bde,285,1,1,9.690196826532351e-06,0.999500388759067,0.0004899210441066705
B-H0,2,42,0bb5ed634b92cd4e23359fa5c9f0f46eb531bfa0976bdd29a00e52fbed97e135,286,1,1,0.0001507866531732154,0.9094390768485378,0.09041013649828894
B-H0,2,42,7ccb05337d74117430e9fdf9897cd7110c354bd737a7229f86fe605f50969092,288,1,1,0.0001507866531732154,0.9094390768485378,0.09041013649828894
B-H0,2,42,d989513ebc9b816b08d15039e20aff3eeac96a4c9cd17e51afaa8a05ead60f2f,295,1,1,0.0007284732170678424,0.9965761627682819,0.0026953640146502138
B-H0,2,42,29fe4b61c9b555bb9cc208302b5dc991e41580d993fe5cf0832053f62f80be27,296,2,2,8.45793243697505e-06,0.0005859207334655487,0.9994056213340976
B-H0,2,42,a347405d861f7182f5157435b676ea5452b581ebf8b34c65c740ee6696256750,298,1,1,0.00027521355722866556,0.9982558850225121,0.0014689014202591542
B-H0,2,42,ba77ac0a50dbbe13d7bd6839ae32c5eb1febed467656cd2322a11c5b3f747b65,302,1,1,0.00027521355722866556,0.9982558850225121,0.0014689014202591542
B-H0,2,42,8bbb88b5de9002160126d07b53f3cd2825868930b27f08e4ff4760a9c179699f,305,0,0,0.8932463826030298,0.10652865576090711,0.00022496163606319618
B-H0,2,42,b1ee4d7e89869caeb050bf6a44961b049d9934b92e5ee40bc7e869b645348de0,307,1,1,0.0005855456225668926,0.9985469078023719,0.0008675465750614127
B-H0,2,42,e03a5d8fb20a6ea99425f7eb791e67ae67db33777225bd74107066b76cbd37ab,317,1,1,0.0001507866531732154,0.9094390768485378,0.09041013649828894
B-H0,2,42,727f74ba1c3c4c66b1f6b4556991e45b07a8df2d9d01846546f6627456d8494f,318,1,1,0.000941133488718305,0.9984745283042646,0.0005843382070171547
B-H0,2,42,d3a134515041870d4095cf6ae0a7325769f957b530f530c1edbabeaa7c0c7273,320,1,1,4.424878352311007e-06,0.9998596193003556,0.00013595582129207154
B-H0,2,42,980f2c93c9c03ec6203a0bdaeef81159a3cfe8ed1f28387385d9f45010302142,333,1,1,7.63674603253113e-05,0.9947504511291322,0.0051731814105426144
B-H0,2,42,a66c4452b850b95377077697aac825a263e323984b1e8a1b5c25b1f3bbf86b4a,334,2,2,3.679117424153454e-05,0.0014294684076980135,0.9985337404180605
B-H0,2,42,9f3c666f41f67c4d1304118a8d2927642bae1db9e3d7be9fec6431a472638621,339,2,2,3.679117424153454e-05,0.0014294684076980135,0.9985337404180605
B-H0,2,42,276a41fcaefc7b0f5b533b227d35bd303c63f762bbf766628024ce36f9313bf9,348,2,2,8.45793243697505e-06,0.0005859207334655487,0.9994056213340976
B-H0,2,42,b5271dc00037ef4441d0e9b55a7b122c6981acc750495290fdf2d1171ec45e4a,355,1,1,0.045296312855229955,0.950361259531377,0.004342427613393044
B-H0,2,42,e77bd94004a0442aa632c906e2f4e997e00b478cf23900001f6d06ec63cb3ef3,360,1,1,0.045296312855229955,0.950361259531377,0.004342427613393044
B-H0,2,42,584086a779fa152c0679d9786c1e33c602944084d5cf48f6c0e7dbbac810bd87,363,1,1,0.045296312855229955,0.950361259531377,0.004342427613393044
B-H0,2,42,1467b04a49c306baf2f2d7d4fd94a9e1d2b0b5a630fc1defcbc2ec8916da6c13,368,1,0,0.5846722234900344,0.4149205182159717,0.0004072582939938511
B-H0,2,42,aa253d0c7343d07a4854487d2aea858f473eee151b96c2ce40bedb2ee8437306,388,1,1,0.00027521355722866556,0.9982558850225121,0.0014689014202591542
B-H0,2,42,a7a9ca7a19cbb70fe7a0ce5094b6f1add89f5b24cedf3415b2882b501c43ca03,389,1,1,0.17667602151063946,0.8227087202029265,0.0006152582864341263
B-H0,2,42,4e2eb26c0fe972eab4b5b004faa49b46156fd4ee3808d325d7e5594a79414a9c,398,1,1,0.045296312855229955,0.950361259531377,0.004342427613393044
B-H0,2,42,eab697c8c1d27212af84b30e24e32008b1ecbc67472a7ff95ba552ee19c0db40,406,1,1,0.00033669920843659083,0.9979175276740474,0.0017457731175160608
B-H0,2,42,b76ae4c5df31d41a628c2eac6d63a7191c5c814c94f0f8c36f40d812e2089f6b,412,2,2,1.5909467789777546e-06,4.748309911837269e-06,0.9999936607433092
B-H0,2,42,8a75076ea3879d0bf0dd017d05b4a245801a302e7b000b0a7b9c1cdb94ca975d,413,1,1,0.14770101371633224,0.8519533512799307,0.0003456350037369986
B-H0,2,42,5fff96165ae228d0b6c109dedffa29fbbe1bb5419a4e17d1eb6b6f7371638adb,416,2,2,8.45793243697505e-06,0.0005859207334655487,0.9994056213340976
B-H0,2,42,cabc765a96e5371085f2124e0c49137c3ea6aa1d74da1cc02c830ee82ebc9b48,419,1,1,0.0013797272748664253,0.9983170866264017,0.0003031860987317423
B-H0,2,42,3b6be63e42bced9624f2695926dd4352285f8007d59bd5bb1dd51c40b37024a1,423,1,1,0.00027521355722866556,0.9982558850225121,0.0014689014202591542
B-H0,2,42,f4485fff06cc355178561099fde1bff774f6df6adb1ce135820fe0e07515311a,434,1,1,0.17667602151063946,0.8227087202029265,0.0006152582864341263
B-H0,2,42,e92916be0b17ba8bf1e2d3ce1809285cc94721729d1978c457f4db8c4f4101b8,436,0,0,0.9999281845020975,6.626066251786973e-05,5.554835384617299e-06
B-H0,2,42,44b0ff3b5337d07bc238578620590bdec6e1c913e99c9aedd40c7306c5136dba,437,1,1,7.314573138139061e-05,0.9965053546565072,0.0034214996121114966
B-H0,2,42,170bd7b79b3f5e28736c07ca59bd1f2f2b5d4f0778d08d0d065dd684c879d5d7,438,1,1,0.00027521355722866556,0.9982558850225121,0.0014689014202591542
B-H0,2,42,e0bd5edf2a653605820916a1a17d66d2397b9ad0dd84f37cbd3fd3810e309037,446,1,1,0.0005855456225668926,0.9985469078023719,0.0008675465750614127
B-H0,2,42,4dab921dc624739a417660847b4c0024fe177b771218333bf14e0d0d4e20aa91,448,2,2,8.45793243697505e-06,0.0005859207334655487,0.9994056213340976
B-H0,2,42,85718d8d0d6c99912cd3eac82bdbbb72cee0878bc1891742d1d9ad494dbb5c0a,450,2,2,0.00015650570474440723,0.07186768084118787,0.9279758134540678
B-H0,2,42,13495fa8b8dd9679b0eab26be9488564259999759eb940cad44c16c962ae81f7,453,0,0,0.517385232770274,0.48160923248826903,0.001005534741456826
B-H0,2,42,0dbe677afded6fdb64050e827a3a7e21d49e0ab3138a60a2e288dd171af53944,458,1,1,0.00010373189083829175,0.9994265721737947,0.00046969593536695594
B-H0,2,42,30208d526f61c08aa4e9adad5f98e9a48303a9b9357da44a27292465dbc46bf3,462,1,1,0.00022018854348828442,0.7098696236482234,0.28991018780828826
B-H0,2,42,ecaccecb377bfe6bfdaa2574f6cdc96491a0894b2480612d0376098a403592e1,476,0,0,0.517385232770274,0.48160923248826903,0.001005534741456826
B-H0,2,42,c32bf43dea1035a78327d54bf13e6655b755788b7cb2b89bbd177edfc1270a1e,485,1,1,0.02493384673039834,0.9721572495596843,0.002908903709917408
B-H0,2,42,aeac0b830c55c2d51b6a33e30e0be051cd140df152dd398a2eddab2a28bf9b35,489,1,0,0.5846722234900344,0.4149205182159717,0.0004072582939938511
B-H0,2,42,f1f7629e3f53f2d8e749f46a993a6e72aa316c1d9c1f8b1c67c6dd1a677d2932,490,1,1,0.00040990428654540947,0.9994898151449633,0.00010028056849119929
B-H0,2,42,5db554cde5ce7bc9cf816db20cff72939c5d380706d527f487672a618aca59be,492,1,1,0.4124726279777896,0.586963900789643,0.0005634712325673451
B-H0,2,42,64093b9f13e7c9c5796331cf22a51a3878853dd9a68ddd7e2bd97746e9a148f9,496,1,2,0.0002896944008370257,0.3187433689375235,0.6809669366616395
B-H0,2,42,e01c7f73d3b9c5e56e27a66af611a14995b4b65854a282507dbf90ced9dc54ac,499,2,2,8.45793243697505e-06,0.0005859207334655487,0.9994056213340976
B-H0,2,42,f865f3eb3350200dfbeb524ebdd2d755fefe3d4d2a2093ca5e4c3d388c760e50,504,1,1,9.338976269688179e-05,0.9561003388844862,0.04380627135281692
B-H0,2,42,b4ddfccd8e4d07b77338aafe76e7c9ca43343a328bbb848444a3ecb6133dc14d,507,1,1,0.0005855456225668926,0.9985469078023719,0.0008675465750614127
B-H0,2,42,857b369ecd76d80997f03f4eb841148b4a57ca5b325132205a6ff964ff20122c,508,0,1,0.17667602151063946,0.8227087202029265,0.0006152582864341263
B-H0,2,42,74137ae4e7726b7bd996489326eb22a2b8918ea0504267c8fb1fbab7f5ae7b42,509,2,2,8.45793243697505e-06,0.0005859207334655487,0.9994056213340976
B-H0,2,42,862548383e807e3e1f19b50f24a8569b6ffb9dec43bdb049f653d08bc3af9d3a,510,2,2,7.990004832022174e-06,0.0003979859493309658,0.999594024045837
B-H0,2,42,50a1482d80d92dbb826319e4766efc53b1bdf8ad4e84880dca534a5dda4f5043,511,1,1,0.0812711994181377,0.9183796687947842,0.000349131787078209
B-H0,2,42,96fe6b8a15df2ad16bdc1b1426c5388a37e247e2707b5f5e0efc650981a54522,517,2,2,0.0002896944008370257,0.3187433689375235,0.6809669366616395
B-H0,2,42,ec4ebe569d3745dd4c8b9698518c7aa342acae412e99da6fde3e888b7d603a83,519,0,0,0.9998714175138165,0.00012089140793312232,7.691078250351307e-06
B-H0,2,42,59e566c9593c67991a9806b91f08f73822a0101cbf3d442380b33413985e2c61,528,0,1,0.28444840108728947,0.7151973168663242,0.00035428204638635616
B-H0,2,42,ff5ec594276eaf7458f2130bcf3e75b5d349c038b2b084453d15878aca86b077,535,1,1,0.00040990428654540947,0.9994898151449633,0.00010028056849119929
B-H0,2,42,26b4822fa63df3b3e9c29f678473792ea52b5b587e2cab81296a5a914d19b8b3,544,1,1,7.314573138139061e-05,0.9965053546565072,0.0034214996121114966
B-H0,2,42,f4d53f6572ae8b078ab81ba0147ca9577c4911fee5434fc10bcd3664f586de6f,559,1,1,0.0001507866531732154,0.9094390768485378,0.09041013649828894
B-H0,2,42,1e575562ac1159a8405c09757fa2ecb84640a371604a760ff9c484986079044d,564,1,1,0.0812711994181377,0.9183796687947842,0.000349131787078209
B-H0,2,42,6fd9a47fad5e93b780be9618fa002099728d3eff67212f1dfd621d4fe09e5eca,567,0,0,0.9999281845020975,6.626066251786973e-05,5.554835384617299e-06
B-H0,2,42,c196a7c8ed3ca9e717d3bd3e95cdfe28d93e5d9cf747d077bb16d08a20a5e14a,568,0,1,0.0013797272748664253,0.9983170866264017,0.0003031860987317423
B-H0,2,42,882cedeb9fc2ec46872ae63c3be3b86e9760a8947f6a1cb1a2e0b94eaefa5a4b,571,0,0,0.5846722234900344,0.4149205182159717,0.0004072582939938511
B-H0,2,42,83113f35b1ed6dcd55e689ac8670be1b8e9643d34559e493146083d8e5945dce,573,1,0,0.5957952810794014,0.4038090665066186,0.0003956524139800619
B-H0,2,42,7be80fb1e0b72f3463c8bb1765680e76d75477d56995fa3950c138b538110adc,575,1,1,0.00027521355722866556,0.9982558850225121,0.0014689014202591542
B-H0,2,42,55dda6439343432382a3c5fcfd38503ba528580be87b0d35cdba66b9c9b827d2,576,1,1,0.14770101371633224,0.8519533512799307,0.0003456350037369986
B-H0,2,42,d083e107e8f39557b9da7bae2f268fd65ec49b913d65d226417086af94f9511c,581,0,0,0.9466718810862063,0.05317169405775192,0.0001564248560417366
B-H0,2,42,6dcbeeb20de7ab3fb6be30cae5c029490f226a6c6e9839f8bb4882119aa94265,584,1,1,0.00027521355722866556,0.9982558850225121,0.0014689014202591542
B-H0,2,42,4d13f0a81cacab75a84d737ab08cf1b5159479efc79f18190e8eff251f50d3a5,590,0,0,0.9466718810862063,0.05317169405775192,0.0001564248560417366
B-H0,2,42,62984b6078e75a305726c858e36e398e1c744cb748f515a9cfe0fc9d54a69c63,599,1,1,9.338976269688179e-05,0.9561003388844862,0.04380627135281692
B-H0,2,42,864a47eb9df8de430cc753dc49cfb0c61bbddcd7e39861184b1c6ac25ac9961b,618,2,2,0.00016025917407523033,0.10234822493745027,0.8974915158884744
B-H0,2,42,f21c6f9076039176e5eb15df163162d58f098a9ae11653ad81acafabb9c36e7c,625,1,1,0.07846812680280305,0.8854631332747301,0.036068739922466946
B-H0,2,42,0b62dbcc4ebac3c7caeb54877d5a7729939755248ef62d510998e9e0fbed957f,632,0,0,0.9466718810862063,0.05317169405775192,0.0001564248560417366
B-H0,2,42,52a96206cbacbf10f2bc11340bd5210d489f276f3d08ac28be80c19d2cf1da08,633,1,1,0.00022018854348828442,0.7098696236482234,0.28991018780828826
B-H0,2,42,29fce523320e3983ff6849f6c475a158aa2fe75ebd2e9c644855bcd863b27cc7,637,0,0,0.9999281845020975,6.626066251786973e-05,5.554835384617299e-06
B-H0,2,42,4ec623fdc95e46d2eebb4a617716702a53c1664c18b6850a31a71541fbaf8d81,641,2,2,1.5909467789777546e-06,4.748309911837269e-06,0.9999936607433092
B-H0,3,42,9da00394a8e5d8f9ea66036a6a89912efa355fd9ba96bfa4c528435b8bef9db1,0,1,1,0.298692135827089,0.7007792272491333,0.0005286369237777761
B-H0,3,42,2032c66fadcb9fb24653402444d869a8a23e06dd7c522221ee5e19db135147dd,1,1,1,0.008647996393105676,0.9912799025444916,7.210106240268909e-05
B-H0,3,42,8726e7c2817fb8c8315b2db10843e3074a260645fbf1fccfd23450a6dfadb425,9,1,1,0.00014556823407417248,0.9529424789466223,0.046911952819303555
B-H0,3,42,14caadb35d5c89647b912b53c06bdcea5896a8299a9358c8bd67f727a3feec4c,14,2,2,0.0002678821993528671,0.3711021207454833,0.6286299970551639
B-H0,3,42,0817d574402933c00d82a89b1851b0d40647a8234618ab6b293d902531e9fea3,15,2,2,1.5159465247316003e-06,1.3392073872583892e-05,0.9999850919796027
B-H0,3,42,3679ea32f8b94b8ce3d1242fef2d6073a0bdb60fe26b258e51162049223ac77d,44,1,1,0.0027522365448974205,0.997195123156755,5.264029834759628e-05
B-H0,3,42,1a9c93c0298921e6e0f103921ca7dba43c8472b77c47cdfe345bc83365ea4636,52,0,1,0.17446419158210014,0.8252083221854963,0.0003274862324033557
B-H0,3,42,08f641e003d30bb34ea70c8a98e54462e23555149b596c1f323b1ca3443795eb,53,1,1,0.00011426992709144806,0.9991951461352607,0.0006905839376478504
B-H0,3,42,825309a30632ca1e2936b124a778f11cb92b02606b370f89d13bef151f047eef,55,1,1,0.00010168820806636727,0.9568261701802423,0.04307214161169136
B-H0,3,42,7b13c3dcfc57858b28512dd82b80f9bbc5a38d53ab17609e29661191744e409e,59,2,2,1.5159465247316003e-06,1.3392073872583892e-05,0.9999850919796027
B-H0,3,42,cb2b4d4111dfd94cb699ad65f248b0bfb4f2ebfda4969f24c0672a4eea784aea,61,2,1,0.09801433648363171,0.901757571020414,0.00022809249595442856
B-H0,3,42,2d4a4db57d75d8a7e2d6e56965c925963d33c569c1e24c31a63fb124021beebc,64,1,1,0.00011426992709144806,0.9991951461352607,0.0006905839376478504
B-H0,3,42,410500105c3281445a1b6e50757dc923dff389861aa9993c0b740a1545b5b228,68,1,1,0.017045498665059083,0.9828748254688331,7.967586610779796e-05
B-H0,3,42,43ef9061e180219186ef1d51bc3c069a634f7f7a0078c5e6a8e339fe1bf5c10d,72,1,1,2.6037679358363576e-05,0.9999478669275073,2.609539313442937e-05
B-H0,3,42,81b09fc0aa959d8efcc70c33f155000a7f01a30bf542cb50cd16d5ceb5203c4f,80,1,1,0.0012442600309329175,0.998720478537351,3.526143171603551e-05
B-H0,3,42,b64a99906f7914e194b7e5bda1235e3fffa359bf7c1667dd42b4268f16478434,86,1,1,2.6037679358363576e-05,0.9999478669275073,2.609539313442937e-05
B-H0,3,42,d1873f2c273d9fff1d54fa797703976f13a01d3298453e10d99cb401551d4999,89,1,1,0.41425074667509604,0.5853867731599811,0.0003624801649228166
B-H0,3,42,7e9752299515d5ecf7f759b6eae0d65703a71dea906d252e95aab67537ddb71f,90,1,1,0.008647996393105676,0.9912799025444916,7.210106240268909e-05
B-H0,3,42,68ce95a11652b3b237dabe6ae00998c9c7adce1ee390c47fadd3e8540130de0f,109,1,2,4.1936291039252795e-06,8.741660649488103e-05,0.9999083897644012
B-H0,3,42,3797dbb2b0b7a08e83dbec5409c694efa671c4e46af761858844278f1dc385d8,110,1,1,0.00026192786291971584,0.6896527920841791,0.31008528005290126
B-H0,3,42,704d8396ce08b551fa6dd721337adce6afb2503715135f734bd2c0722ce528d3,115,1,2,6.931435034121297e-05,0.0037443052690726555,0.9961863803805862
B-H0,3,42,4d25798cefc2cf5ce3c29ebf0b9e4c0d84956f1a8898de972610ee57b6a7fb5f,129,1,1,0.00011426992709144806,0.9991951461352607,0.0006905839376478504
B-H0,3,42,bbb97d718a1a11e509b00ac170dc512ff9b9930eacf75f5a3077880ff90bf810,136,1,1,0.41425074667509604,0.5853867731599811,0.0003624801649228166
B-H0,3,42,787dcb7a1c4cc9f4983f462ddd01863d71220d14a298073a5886f7917ceec867,138,1,1,3.477867403700421e-05,0.9999304915010166,3.47298249463686e-05
B-H0,3,42,b064cb059d374948ef0370a2437f8d0bafe1e9678a1b38f837c6a6db9db4d582,142,1,1,0.0012442600309329175,0.998720478537351,3.526143171603551e-05
B-H0,3,42,9a26ca17f1a2a542cec0453d178767a86c59652d63ff72ddaa48810be13d1ab6,153,1,1,7.950321167629361e-05,0.9992298888385969,0.0006906079497269395
B-H0,3,42,d1b268ba32d56d8ff3504e94ee5370f3a76ce18e0a3b0db5c875395b0e922da0,159,1,1,0.00011426992709144806,0.9991951461352607,0.0006905839376478504
B-H0,3,42,440e70046c7ab779d69b3cf5f483b0504098b58f20b98da0f4b90dcca58b7a1c,161,0,1,0.41425074667509604,0.5853867731599811,0.0003624801649228166
B-H0,3,42,1336c5029330743b5ea83d83fdfc07fcd73276158b755bc1202b4a90ade5cb08,162,1,1,3.477867403700421e-05,0.9999304915010166,3.47298249463686e-05
B-H0,3,42,d51923504c8a939ba8dfbe8c09d12c0f24fc1b5f9fceff2ea5d3f498b3105dad,170,1,1,0.017045498665059083,0.9828748254688331,7.967586610779796e-05
B-H0,3,42,c346449759a08de6df8ad7f0936940e980e88f11837c514a02a4fd03f71ed459,174,0,0,0.9807300176085725,0.019095302776476766,0.00017467961495067012
B-H0,3,42,4b9f8e0c8ab34af43ef7096eb4e85d311551b210d679e5d673daa44a258e8a42,186,1,1,0.06973557833446889,0.9300240610008595,0.00024036066467166366
B-H0,3,42,801eb4d09dd43b2b678c81a91d82521163c504324fee02de3778a3ecd1a926bc,194,1,1,0.017045498665059083,0.9828748254688331,7.967586610779796e-05
B-H0,3,42,0c37fd58a9827290e55b34630825b0d6244c49d5ad38b4cb692ee5fba935d2c9,203,1,1,0.41425074667509604,0.5853867731599811,0.0003624801649228166
B-H0,3,42,50fcac22a7e0a3f9e29c98914641686f7b4d5b483729f33dfc0943ebc770409d,206,1,1,0.0027522365448974205,0.997195123156755,5.264029834759628e-05
B-H0,3,42,1223db6fa4c73ddcfb1d3c6d1d32d7a9a694a0c67b0b8896d2e2c5252ea458b7,222,1,1,0.00010168820806636727,0.9568261701802423,0.04307214161169136
B-H0,3,42,1cd7edbfe2f40c5d7c9a6230c2530a19e1c33c1d7a4b9c2fc76e71f4a4ef2955,229,2,2,2.258100983074749e-06,3.2258792812892175e-05,0.999965483106204
B-H0,3,42,51cce7d0485df80b75d03dee842b5fbb970f5348df67160d0e30730f577a193f,231,1,1,0.09801433648363171,0.901757571020414,0.00022809249595442856
B-H0,3,42,982f60fd457eb6d3d3ea718cf44d5cb26c9847a13bc9211cf942c0276094cbea,236,1,1,7.950321167629361e-05,0.9992298888385969,0.0006906079497269395
B-H0,3,42,73d4dfe9d634e737477bbc0e789414071caddfba0329a03b55a67d4565f16b31,238,2,2,4.1936291039252795e-06,8.741660649488103e-05,0.9999083897644012
B-H0,3,42,17fce900c57b5d8978b6a7f3fc2fb54520a09094e94167b76cbe441400f5ad10,247,1,1,7.950321167629361e-05,0.9992298888385969,0.0006906079497269395
B-H0,3,42,38085f4b22cba5fc2e5c7334dc43fd4faa9f1be9584e87c3a89ac73aa37f3ff6,248,0,1,0.41425074667509604,0.5853867731599811,0.0003624801649228166
B-H0,3,42,f37129146fe1cc102260df1bb5035364d6977e2290c3f3c022105e91ae0cad55,250,2,2,1.5159465247316003e-06,1.3392073872583892e-05,0.9999850919796027
B-H0,3,42,c85e618c2cb4110b794d0c0953af57fe74dd832c9089b476240a78f6178bf1cf,252,1,1,5.526100590760745e-05,0.9997545868993363,0.00019015209475615807
B-H0,3,42,6a3c09e4947d005706a207b8c760dd1e4a01a013d7fdf234bb6e2abbe62ed0f8,263,0,0,0.9995582539506914,0.00039600729072652427,4.573875858205503e-05
B-H0,3,42,55f09cfab4e7759b9196088c60e80fdf399fa12b760c9cf22aaeb33589b1808c,265,2,2,0.00026165372743894213,0.13159758243781092,0.86814076383475
B-H0,3,42,b7661cb5dd52c9c0fe4365fcc6bff1f997b8753cdce2392381357136c4a5bf43,269,2,2,0.0002678821993528671,0.3711021207454833,0.6286299970551639
B-H0,3,42,be89c47ea7807e1e8f1728f4281bf7f92ce922539e0b3cd0848dc5a258702b8d,282,0,0,0.9957848374169005,0.004128289786986404,8.687279611313871e-05
B-H0,3,42,8b6cbbd882704231c2da058f30493957fe5f146ad538f186251118a7c93fe195,283,1,1,0.008647996393105676,0.9912799025444916,7.210106240268909e-05
B-H0,3,42,1c7add97688eeaddc1858c389db4aac1d7c75a52d05d5f15c0d081a7b938abaf,287,1,1,0.17309774433486658,0.8266410752034282,0.00026118046170519287
B-H0,3,42,50a40749308fda874b7765a8a2b85ca93645b0200e63e9851129ab8fd6f41ff9,292,1,1,0.03890381473638139,0.9609585530893298,0.0001376321742888999
B-H0,3,42,0910a774d27e3fe150f1c12d186032f527421ab5d7c35f74ac4f758094dd228d,301,1,1,0.09801433648363171,0.901757571020414,0.00022809249595442856
B-H0,3,42,4bea7852e6349795c7bb47b3b196b923e2ba8e7aeea9001ce30608cc02c0e4f6,303,1,1,0.0002629896091851663,0.998715951811708,0.0010210585791069642
B-H0,3,42,fe7000c6192011cc4cb3fab698a7821cc7044fec6fed4d6c825162ba8e131368,304,1,1,0.03890381473638139,0.9609585530893298,0.0001376321742888999
B-H0,3,42,de68a6ddb137408d6f047da8b80a1ebeb03cceea79fe2bc107056a11068abdc3,306,2,2,4.1936291039252795e-06,8.741660649488103e-05,0.9999083897644012
B-H0,3,42,ee99b4a3c8e4b8ac8172a040ad3be7a04dea423a9ae0409a95df0fafc91a313a,308,1,1,0.0027522365448974205,0.997195123156755,5.264029834759628e-05
B-H0,3,42,5e503b8ae7945a0c7a8bcd67542d51082ffc17c2404a5253304711f79919407f,313,1,1,7.950321167629361e-05,0.9992298888385969,0.0006906079497269395
B-H0,3,42,a538822eabdf193b2b19f78ccf63644aa5c71ce346c2909e83ad04440964ae88,315,2,2,0.0002678821993528671,0.3711021207454833,0.6286299970551639
B-H0,3,42,0796be2517f6d256579d64e3fd271287a0a015eb77e018c048e59d0f28eee45f,322,1,0,0.5754577939015594,0.42410456672790253,0.0004376393705379816
B-H0,3,42,1bfda6b9b2ec251369d6f57db5fce38fb12dcd38ecc1650133ffde8588ea9de5,323,1,1,0.09801433648363171,0.901757571020414,0.00022809249595442856
B-H0,3,42,dd16b30b04ffe107ef12c7c07478ee8a6f1cb06de15b60261e80e1c3592fa365,324,1,1,0.09801433648363171,0.901757571020414,0.00022809249595442856
B-H0,3,42,4998ff2bd307bda1d85ee16567c661c9862e55779e725e724189456e0c51af70,325,1,1,0.0012442600309329175,0.998720478537351,3.526143171603551e-05
B-H0,3,42,39eaa33a8d48061b0348f9e4a83e301a0a7459e5eb653e83810f30644bbc17f7,327,2,2,1.5159465247316003e-06,1.3392073872583892e-05,0.9999850919796027
B-H0,3,42,5caa9ac380bb06f4d084ea82b0b0e36346f917605e5ce0b8bbbdf5ced25c6cd0,329,1,1,0.00014556823407417248,0.9529424789466223,0.046911952819303555
B-H0,3,42,fb6e8a79c7509d2ea0d634b54f8c3c61a61c856f58b1e43907d91134de9c8f10,331,1,1,0.00014556823407417248,0.9529424789466223,0.046911952819303555
B-H0,3,42,a46a03d1ee4daec20e9a849ba628defbbc5ebb1042f9cc44f825a9072c526ebd,337,2,2,1.5159465247316003e-06,1.3392073872583892e-05,0.9999850919796027
B-H0,3,42,4612e860034a77d8b2a28c5a307edd4c230ea2cc203c599c4d524164ca1c201c,340,2,2,2.258100983074749e-06,3.2258792812892175e-05,0.999965483106204
B-H0,3,42,562297c9b2262e5b9178439eac76300b6d0baa5c81dc6ab9a3e04f13b44d1edd,347,0,0,0.9998958030367414,8.382483798355382e-05,2.0372125275143728e-05
B-H0,3,42,2aa6a5792ef7467f71fc55b9fcc6f5c9d6ba25f470083dd8e9a787e579bfd401,358,2,1,0.00014556823407417248,0.9529424789466223,0.046911952819303555
B-H0,3,42,2b1079c154b15202bdeb4e37d3bb3fda5cde0b6dc62e5246d0face06819abf5a,371,1,1,0.09801433648363171,0.901757571020414,0.00022809249595442856
B-H0,3,42,4b1c806a421b02743346fc062782ec9b603b1cfc919177966cf33f0baffd2193,374,2,2,1.5159465247316003e-06,1.3392073872583892e-05,0.9999850919796027
B-H0,3,42,ed9c1db619a6e03138850df9100b0c87a96915bff8f177717879e0b0d0763e16,377,1,1,0.00026192786291971584,0.6896527920841791,0.31008528005290126
B-H0,3,42,421629aaa541cfa65f08170d2ded95bfcfb72deb6371ca7bd8cff9686b07ca24,381,2,2,0.00026165372743894213,0.13159758243781092,0.86814076383475
B-H0,3,42,28b053e3389d9080286d65e0a159dfd0e84b54ab6f9d29efe76029c4e441d313,394,2,2,0.0002678821993528671,0.3711021207454833,0.6286299970551639
B-H0,3,42,93b21413c755833e1950d07af850214cfb9b5519b7b21162d63f4c9ee904ca1e,399,2,2,2.258100983074749e-06,3.2258792812892175e-05,0.999965483106204
B-H0,3,42,76d06487c4ffc806c0124b367816f652dd15cd43c60141189fb67369207e51fd,402,1,1,0.03890381473638139,0.9609585530893298,0.0001376321742888999
B-H0,3,42,284ec319e69a06d51dc7138b1cd703bdec233bd9862e76e788a66d58b5c93074,403,2,2,3.653081132696238e-06,5.218720875267104e-05,0.9999441597101146
B-H0,3,42,f31671785b3e105c3461c6f468a73e51b08fb09a2755ffa8ebfec2ee89fdccbc,405,1,1,0.0027522365448974205,0.997195123156755,5.264029834759628e-05
B-H0,3,42,5fad3e448c5e1d74ad40706ea43e831ca8eb7c7de5f8b18a8d11e3658f13675e,411,2,2,3.653081132696238e-06,5.218720875267104e-05,0.9999441597101146
B-H0,3,42,abcb65e9f203ebce43dfcc290e3881ec3fadd75e0780873abb34e688cf2bde55,415,1,1,0.17309774433486658,0.8266410752034282,0.00026118046170519287
B-H0,3,42,ecc8758acbe3ff3c1237190f0844b57b0865bb46d0c940c7ca341391b4a24f77,417,2,2,2.258100983074749e-06,3.2258792812892175e-05,0.999965483106204
B-H0,3,42,83a9b71397707247df9fd3717796837f3765429b50236d6099664af84b527b36,418,1,1,0.00026192786291971584,0.6896527920841791,0.31008528005290126
B-H0,3,42,f69228ae618f2a54598815acf45338b6ad192e9eb36eb4949775495b54e4ef8b,422,1,1,0.0005376285036465758,0.9993621109944799,0.00010026050187347738
B-H0,3,42,b792c09ee937fae339c13197e2ca35611ec60e9b4d2f0dd62906e390c58a29f0,424,1,1,0.00014556823407417248,0.9529424789466223,0.046911952819303555
B-H0,3,42,db9e4ad5925b27ec0584e301c098615d0e7d750f33a62c852097ee5091d20bdb,425,1,1,0.09801433648363171,0.901757571020414,0.00022809249595442856
B-H0,3,42,a3ac2db16dcc74dd63903b195b7d1a3a53338887f18e8639c30c65d8eae7bc86,430,1,1,0.0027522365448974205,0.997195123156755,5.264029834759628e-05
B-H0,3,42,4197c747bb633c56f7d24ec066c22ea16f41b22682b607527cfd6f1a7a2562c8,432,0,0,0.9998958030367414,8.382483798355382e-05,2.0372125275143728e-05
B-H0,3,42,3ff83fc265305905760c500d9fe41689de9a1de06044ba371e5d92bef6310802,444,1,1,0.17309774433486658,0.8266410752034282,0.00026118046170519287
B-H0,3,42,1a61ef72c42eed5e7901aa43b40e133c4e51f87ced017db6e1d465d17ca3ec78,454,0,0,0.5754577939015594,0.42410456672790253,0.0004376393705379816
B-H0,3,42,3d49951b870f3bcf189be0c2ef0d5405a6c21987112ed1b195ea3ed4ddfb46d6,456,2,1,0.00026192786291971584,0.6896527920841791,0.31008528005290126
B-H0,3,42,3d19f74837a5c6f5e6ce0189453e4c6b522f560699d85fed9af18054565b4fad,457,1,1,0.0027522365448974205,0.997195123156755,5.264029834759628e-05
B-H0,3,42,8d0f029901600d9418a07f1fd8a7b00c1d0b43e684bd28f66e21c5cf7dcd6021,463,1,1,1.9409180208019185e-05,0.9999611386181968,1.9452201595014854e-05
B-H0,3,42,55d65dd88579a7b1789b4e356b381badd401b3808258dce2c7f346a5dd179c07,464,1,1,0.0012442600309329175,0.998720478537351,3.526143171603551e-05
B-H0,3,42,9b5390ef3260489b3c3887f9fe6f349f50d003bb156f7742f95c91a2857f2dae,475,1,1,0.00010168820806636727,0.9568261701802423,0.04307214161169136
B-H0,3,42,4e8d3b7274c27d5592e32b4eb3028607e6458d3fa96ea1c253fae1519ce42ebb,484,0,0,0.9998958030367414,8.382483798355382e-05,2.0372125275143728e-05
B-H0,3,42,39f5260d468bf91cca4bc94b0f64140f65b1569a4eacdacee827afe47a7a43af,486,1,1,0.17309774433486658,0.8266410752034282,0.00026118046170519287
B-H0,3,42,ad3bbd4bc195aca26dbe34255846b204647007f9008cd1604caf31a6030ec266,493,1,1,0.41425074667509604,0.5853867731599811,0.0003624801649228166
B-H0,3,42,9662010e2490990d85dd702691d3e752f5a17e905f96d98be43c275a1e08a893,501,1,1,7.942745873330754e-05,0.999730425042066,0.0001901474992005754
B-H0,3,42,f9871cd35fbbef3dcc9a11edf31cde93a1421f2f6768ec1eda59f1fd8a7eda5b,503,1,2,0.0002678821993528671,0.3711021207454833,0.6286299970551639
B-H0,3,42,09483a45ca26429c517c73946e7c0e42d0b268c8e54f9f87e8d06f6ddbddf0e6,512,0,0,0.9998958030367414,8.382483798355382e-05,2.0372125275143728e-05
B-H0,3,42,e3b43d0c2f88cf262221ae16e2204cd0eab17feeda587be40cda3a8f76eae2f7,513,0,0,0.9995582539506914,0.00039600729072652427,4.573875858205503e-05
B-H0,3,42,293fd70db77ae8dac4ff7015aa8471bbee8dc11c94d69214be1164a3a65ded47,515,1,0,0.5754577939015594,0.42410456672790253,0.0004376393705379816
B-H0,3,42,1d8c825fa4140f5726cf96d2fbc410daf8dc1449a57aa3018d8d69710baf1acf,516,2,2,2.258100983074749e-06,3.2258792812892175e-05,0.999965483106204
B-H0,3,42,6be95b1a0e561d03e9ff9bb3bf48e85fc3bb4ae85b750949097b5270445e0b2f,521,1,1,0.3185191707708874,0.6810684278469232,0.0004124013821894012
B-H0,3,42,302494caeb3ee0101f8f544443114bef1a41d67b3f2ce1366f69f9a3f31ce11c,530,0,1,0.27966503555389877,0.7197954520208829,0.0005395124252183373
B-H0,3,42,721efe630e75ad47ccaef650071f9859ae1b8779a8c95ecea3c05cada999c1f2,537,1,1,0.00010168820806636727,0.9568261701802423,0.04307214161169136
B-H0,3,42,d1958961f2d45dc817103b882041c89ee03cfc904630b276a8df79cc1bb77be4,542,1,1,0.0027522365448974205,0.997195123156755,5.264029834759628e-05
B-H0,3,42,298396fbfdd8164ae18c277866976ca23849141cf1815c2bcec80e4ae07c61b7,548,1,1,0.017045498665059083,0.9828748254688331,7.967586610779796e-05
B-H0,3,42,fb94ee8ea1e782bef0347d3f68c7a3b2779dd41a95c0aa9dfffc9da76f70ba9f,549,2,2,1.5159465247316003e-06,1.3392073872583892e-05,0.9999850919796027
B-H0,3,42,5b5485c49c314af261c3458801b8a573f2c1563a3c311c29143aab59d9d911ea,551,1,1,0.00026192786291971584,0.6896527920841791,0.31008528005290126
B-H0,3,42,05567423ae09c5925d6146877dafb322bf8ffcd07a7f3933256d62e795f81820,553,1,1,0.0012442600309329175,0.998720478537351,3.526143171603551e-05
B-H0,3,42,def918c1724a318819400b627c2284b9d77b244b87ba2494717c910e5c9c38bc,556,1,1,0.17309774433486658,0.8266410752034282,0.00026118046170519287
B-H0,3,42,81797337a73820dc32b1a903022de6137363f685e79ff3d28361b746ffaed4d1,558,1,1,0.0066005612501686805,0.9929756596412781,0.00042377910855321047
B-H0,3,42,42782168745dc8505000dbae693962b78560d30e77d5c939cf351a8b1435ee0b,566,0,0,0.9978582552240955,0.0020747524981734634,6.699227773098598e-05
B-H0,3,42,6fb20bf325c96c92f7685718fe8ac085abc4d9ae3655bac14eeb57923a7ace8b,569,0,0,0.9957848374169005,0.004128289786986404,8.687279611313871e-05
B-H0,3,42,4d38119ab66a25344f4d5e9cac08e7a79647052d37639e78099d0d83f405388c,586,0,0,0.9807300176085725,0.019095302776476766,0.00017467961495067012
B-H0,3,42,e8163c001a265fe053d03db65ff85765ce01cdbe0255fccc0cdc667d3e54d98b,589,1,1,0.27966503555389877,0.7197954520208829,0.0005395124252183373
B-H0,3,42,43460a59a097e1443e8fbc9958de350337bb25f8ffffc2fc154630bccfe4cab4,592,1,1,0.03890381473638139,0.9609585530893298,0.0001376321742888999
B-H0,3,42,5cbc809b12bbee7f9264f64fb42ed13d33f0a6e6a36184a8abaaf767c2a5e4d8,594,2,2,1.5159465247316003e-06,1.3392073872583892e-05,0.9999850919796027
B-H0,3,42,638b177ebfd03aac5f3afd7b87a4197f8724aebf6fb9331b5739e0ecf63e509b,596,2,2,1.5159465247316003e-06,1.3392073872583892e-05,0.9999850919796027
B-H0,3,42,88141e1c7c290dd5013d1430599c08e066cf9b67d49c79ba4eed15b5368f8865,597,0,0,0.9978582552240955,0.0020747524981734634,6.699227773098598e-05
B-H0,3,42,95e8238ccef68ad4f8150229d207753b7ab128e23d88ab78b7641a93e0bf0b7f,598,1,1,0.0027522365448974205,0.997195123156755,5.264029834759628e-05
B-H0,3,42,822a295f2c49ded241a54272d201a97fb3dc1b2409068f0e353f918e741a9ae8,601,1,0,0.9807300176085725,0.019095302776476766,0.00017467961495067012
B-H0,3,42,ac5e5e4d7d88c4fc6bed3d9c971328c75ec9aeedf9f5e57eeb490d0e05eb0235,604,1,1,0.17309774433486658,0.8266410752034282,0.00026118046170519287
B-H0,3,42,e76d30071132859aee98d30842d0336ad4f55ec000ceee702f40c262f5d29fe4,605,0,0,0.9998958030367414,8.382483798355382e-05,2.0372125275143728e-05
B-H0,3,42,0c62dd9eba4e97411d8065ea4a297154674fd8225c2e5435c85f3e545314f202,607,1,1,0.0012442600309329175,0.998720478537351,3.526143171603551e-05
B-H0,3,42,3f51ef1cc86ab991c28a55516800a2b6b5ef37565f358b017c65fa7577187dfa,621,1,1,7.950321167629361e-05,0.9992298888385969,0.0006906079497269395
B-H0,3,42,dd38559e4db1b62eb9ee7721afb2fa8ba6d0e620b0ca68c3466a2b552c86f887,622,0,1,0.3185191707708874,0.6810684278469232,0.0004124013821894012
B-H0,3,42,791278aa8844499b0a60f95a26795155a5f9545a142a562dca7b40238639b234,626,0,0,0.9998958030367414,8.382483798355382e-05,2.0372125275143728e-05
B-H0,3,42,f348edbafe367b5ca9552438520be0642620dd2e2fa1312d7bf2b74940eb9780,644,1,1,0.0027522365448974205,0.997195123156755,5.264029834759628e-05
B-H0,4,42,366f43b68b77ee5d9d4d649052f097811eedbdf9b66e66e3d3a40f469b388044,2,1,1,8.72750452058276e-05,0.9413933101114045,0.05851941484338968
B-H0,4,42,8b3e47f5ebce0eb3eab15109aa814094f34c092ee88c49f965a0c31f02e89665,10,1,2,0.00029251322641898317,0.2983733642163561,0.7013341225572249
B-H0,4,42,51bfbad6d53b93a899767c78e04aedd5268a69726ca0fa60eebb8995190d4982,12,1,1,8.72750452058276e-05,0.9413933101114045,0.05851941484338968
B-H0,4,42,3ebf8a2cebdec533bb2f688970be04e9d39292494e756baaecc985483868e197,16,1,1,5.773058342934393e-05,0.9964515528444196,0.0034907165721512323
B-H0,4,42,df5f1e6242f05e2e7995e736400586f8d34bd840e6cc2238daba43556f312bf7,17,1,1,0.00025342665289324073,0.7250077798822767,0.27473879346483016
B-H0,4,42,716a01bc74c08fe1ad70772ed77afa2bc34025fce7092dab0813200de8da2e99,20,1,1,8.72750452058276e-05,0.9413933101114045,0.05851941484338968
B-H0,4,42,7df5d7c65a174992687578a093dd207e1ca89156b6eb9caf2dc28c6a498c4c69,21,1,1,7.456564883902209e-05,0.9965856235255847,0.0033398108255764
B-H0,4,42,e61c91569c6de30c3d7a1a050539ef58a6e6b2819fedd91cf751aa0b3b5dc43c,23,1,1,0.1028124193085357,0.8466002362144677,0.05058734447699665
B-H0,4,42,1d7362cb11b923770fcf1b9a9f01b7fa4ac11819920853a5a2909ecc1bcf6867,24,1,1,0.002578068934745733,0.9956578133725604,0.0017641176926939312
B-H0,4,42,f791c4eed66654e399b28a4c327d7b32842e48bc7cb42c5ddf0334cb435a54fe,26,1,1,7.456564883902209e-05,0.9965856235255847,0.0033398108255764
B-H0,4,42,6623d48d7b4f14736e86dddd3ea44cbf28743d1a0fa21fd0bc2badc498627870,30,1,1,0.002578068934745733,0.9956578133725604,0.0017641176926939312
B-H0,4,42,adeb2a11168a375acac8a5ba7b0b12f61ea068f42dc92905098e6e9cc109f6bd,31,2,2,0.00018003470041237012,0.053497168867158,0.9463227964324296
B-H0,4,42,754d80adc397c4fc9bec4ce162ed868fbaba4b8aa3ab35766de0fb6def2f0ceb,34,1,1,0.0001039480568873809,0.923547048451576,0.07634900349153671
B-H0,4,42,84eb0f805fcb924ea581aaeed6c1024f9b78a793c930404ba039a4ceae8ccc01,37,1,1,5.773058342934393e-05,0.9964515528444196,0.0034907165721512323
B-H0,4,42,5a01e160eddd0bfbc539ba4edb21a863e238a235071b2454983b79461d8e4206,58,1,1,1.3980219981397073e-05,0.9990711850405142,0.0009148347395042802
B-H0,4,42,717139bec7d6697c010ef70919581b03d427ed7b732fe74877da3c2869a2549a,65,2,2,0.00018210130219615205,0.07941737528982955,0.9204005234079743
B-H0,4,42,ae7b53521c5f68c35a765aa5d26aa9bfb6604a6b2115fb3b85bc571e44290618,70,1,1,2.7336692655336103e-05,0.9999160911530977,5.657215424712322e-05
B-H0,4,42,c95ca8f4fa098b2e8efa4e74297b6a837b1cad117a7c74f757cfb6e899300c9b,71,1,1,0.07832540552609876,0.9213520394279463,0.00032255504595499657
B-H0,4,42,8e1cfba12ecae9c7fe55971bfee9792fcbabb9508905435e85fb5be079f00c2e,75,1,1,0.00016487061888034596,0.9996724581169555,0.00016267126416419944
B-H0,4,42,661a678ac0beaf6c8e05288f361e0ec2e0cbe5cd6eeac862ecacedbc032c4cd3,76,1,1,0.00010465264064627435,0.9994168540738116,0.0004784932855422028
B-H0,4,42,f6f85707110f73a6681ed41afcb48bbfe37fc724bb0552b9d4cf0fe7426ae0d2,78,1,1,0.4291925276722945,0.570388848277917,0.00041862404978850896
B-H0,4,42,a39c3e2842a98f8ce8ef89b6eecb15c7e97b2bba8dd4fce046e6f457f63b132f,83,1,1,2.782610986899067e-05,0.9984130031784365,0.0015591707116944787
B-H0,4,42,f71c1967da2534ea41551a7d2611bd192dc4205226657d845b33cb958d52e12f,88,1,1,0.0004181854929736625,0.9946994990960597,0.004882315410966546
B-H0,4,42,55134d6b9833e0dd6d9893c0d987db36b88926cc2663da7803c8d21064433f00,91,1,1,1.3980219981397073e-05,0.9990711850405142,0.0009148347395042802
B-H0,4,42,7dbcdf95b6256c0f7b1dd6a3cc8fc9f0657b3eda2c88287ea432e7e932ba8d14,94,1,1,7.456564883902209e-05,0.9965856235255847,0.0033398108255764
B-H0,4,42,4c96ee395ae6b58dd1fc56a4feecd55f450b02849ef0476aa8095841292de3e1,95,1,1,5.773058342934393e-05,0.9964515528444196,0.0034907165721512323
B-H0,4,42,4f65f4ecb5dec7a9bcbad3145918aab9b07f8a407f8e8a2091429b181b95ce71,106,1,1,0.1028124193085357,0.8466002362144677,0.05058734447699665
B-H0,4,42,1cef8f807fdca35bb7855250f58e049e267f113b93c430f11985366f1fcfd9d7,114,1,1,0.22533714312305853,0.7741935338783363,0.0004693229986050244
B-H0,4,42,0ea019d83f26df83e9b4d8ca38756d7365d28364686c182cd874a5234050812b,116,2,2,0.00018210130219615205,0.07941737528982955,0.9204005234079743
B-H0,4,42,3dbffa78da4c6ccc5516a203817127a6190976a61b2c1e8e3ea1b77c6cff7d9d,122,1,1,1.0933786893892086e-05,0.999326038350819,0.0006630278622871931
B-H0,4,42,7df3a248b5f8b93b45248cf254e97e9ba96a25254e52674e69515928d061a4e0,123,1,1,8.72750452058276e-05,0.9413933101114045,0.05851941484338968
B-H0,4,42,d2b095aa11fac2c0afb11ad09d16074d95b8ba0c47d799f8ede52e5b993a41dd,126,1,1,0.002578068934745733,0.9956578133725604,0.0017641176926939312
B-H0,4,42,dcbc9639337cde5535cbfd1b0895c1483a0c8d68b64e3c51551b748cef00b663,131,0,1,0.22533714312305853,0.7741935338783363,0.0004693229986050244
B-H0,4,42,15b4ffd20b8c1fc30ae15bc841142d7ad85f1a4f9571265b80d081a59b742e1d,139,2,1,0.00025342665289324073,0.7250077798822767,0.27473879346483016
B-H0,4,42,6c01e488a30c00d7ce599e5c6d7195f878613637774ce7b5cd4d9e7dab67078a,148,0,1,0.4888629618440264,0.5107146661322061,0.00042237202376753293
B-H0,4,42,cec560dc37f41cd4c0033a5023e3ad17cb7fab8ef72dc1a8150a7ed88228fdd9,150,0,0,0.526783149836506,0.4726878628549481,0.0005289873085460035
B-H0,4,42,b434bdb6cf6a016c8fcf4ddfda1903c394ac80dd9a22c7ed02b2593841c71f91,157,1,1,0.018383621451756694,0.9775992797125248,0.004017098835718409
B-H0,4,42,ba5855f8ae5d306be9297d600b9787f650a7bcdd0cb8c9be2e1066ffbedbd65e,167,1,1,5.773058342934393e-05,0.9964515528444196,0.0034907165721512323
B-H0,4,42,8cfcf18683c3b7ba3ced162978e9086a8ed03ba8ea0326e9517b0fb14a46f944,168,0,0,0.9858357772529339,0.014083014147416762,8.120859964934685e-05
B-H0,4,42,3a299c3c001be06083770361c18b9c8ad0448316f4c759f5eb6be75b20384d39,169,1,0,0.526783149836506,0.4726878628549481,0.0005289873085460035
B-H0,4,42,85f403ccf55735ef4bcbb2f529613e60c1023c2ec151eba3a05f40c076ed746f,171,1,1,0.0004181854929736625,0.9946994990960597,0.004882315410966546
B-H0,4,42,6df07523c6bcce6099d7d663ad6a57b32e7357259ad66091764a914e4062a886,173,1,0,0.526783149836506,0.4726878628549481,0.0005289873085460035
B-H0,4,42,4d9c66f835e53c59a5b442cc32a3068c038a14b4b5816a08082ca8e454ac6666,177,0,0,0.526783149836506,0.4726878628549481,0.0005289873085460035
B-H0,4,42,ea343acee5823e9928048bcd114ab1bf1f6a80fe0d6f43707827d9efaf48f9c4,182,1,1,0.0001039480568873809,0.923547048451576,0.07634900349153671
B-H0,4,42,1f45e1f29d5af173d4f68cb977fa645b945e3015dcbee511344c2d6f2417112b,184,1,1,0.4291925276722945,0.570388848277917,0.00041862404978850896
B-H0,4,42,2085cb7bb188011662c46b252b9f3e65cd2c79085775a23fcecb742fefa155a4,190,1,1,2.782610986899067e-05,0.9984130031784365,0.0015591707116944787
B-H0,4,42,dda56c3d07f633d971d329a63b1fdd7558cfca3fb0e027085f9e37f767b3fb45,199,1,1,6.781790047661858e-05,0.9969904727541476,0.002941709345375691
B-H0,4,42,edb22055eb500691bda99be2c9e755b933fda43abbb5ac8d461c3b99c85b847e,200,1,1,0.22533714312305853,0.7741935338783363,0.0004693229986050244
B-H0,4,42,c590d4966929434b32180f09a7062520e5996d2f0fe22fac768d1ca0613d025e,220,1,1,0.00016487061888034596,0.9996724581169555,0.00016267126416419944
B-H0,4,42,a5daa6d5539669eb579a2eb52884c6f73f940319383b144b4c4638f49c0549d8,233,1,1,0.0001039480568873809,0.923547048451576,0.07634900349153671
B-H0,4,42,98c1ed0f87d3d9f68a060c36de601cd9dd4c5c389aa3ef9b828e9c93c98f1a50,242,1,1,0.1285425527160871,0.8711258772066266,0.00033157007728615013
B-H0,4,42,c302ee011150e5de42eafaa347a1b841d5d8807659f31696d8f82c5a4abc8105,245,1,1,8.72750452058276e-05,0.9413933101114045,0.05851941484338968
B-H0,4,42,7dd03f8de291c327ff1d0ed6f33b027547ee5dee91900d57ad3847ddbc771ca2,257,0,0,0.6412705780861522,0.35818436188694464,0.0005450600269031733
B-H0,4,42,6bf3a7c4314c48c91d33eb94eb7bbcf708f6d2a7c6af47237735c2d12f683e35,260,1,1,0.00010465264064627435,0.9994168540738116,0.0004784932855422028
B-H0,4,42,bf0447db8e3d43257114531a92a520c82a6453bd3b7ae34aea8711ce45d014b0,264,1,1,0.07832540552609876,0.9213520394279463,0.00032255504595499657
B-H0,4,42,747d3e66fb22e30550810dc98794ef466dae76dcbd60596dc19187a28a0495e2,279,0,0,0.9858357772529339,0.014083014147416762,8.120859964934685e-05
B-H0,4,42,570a9095c62e1fa55a30bd460a6ecc380dc180927ebbc369eb3452bf401f5b43,294,1,1,0.00016487061888034596,0.9996724581169555,0.00016267126416419944
B-H0,4,42,06bff8560b0213942ba71145fac2e05499ca6db5f23f3a048b71ea1db4373276,297,1,1,0.1285425527160871,0.8711258772066266,0.00033157007728615013
B-H0,4,42,8facf48402aa60c4e52666105b216119e1b68d607cd90e64c373961ddfa8a9bf,299,1,1,0.00017676092317420514,0.9964480140719395,0.0033752250048862476
B-H0,4,42,5756c809e3d8db3cdd21b5e8d36139858b8f09dbfdb84c88dd454914fd2447db,314,2,2,5.9548166646125815e-06,0.0001525575717682913,0.999841487611567
B-H0,4,42,b44a3f41d310382fd60bf7f3a58d33ef67db0a23e704c0acd98fc529dad15ebc,321,2,2,0.0002737008935281334,0.03266950980337936,0.9670567893030925
B-H0,4,42,5371b6cfff41d777216e0c9e04d0277262e4f4b282938a4ca51084387331c4ff,328,1,1,8.72750452058276e-05,0.9413933101114045,0.05851941484338968
B-H0,4,42,48049b601c2a81fda78b5d5252ae9ddaa08e0b7a64fbb1d35031fe640387123e,330,1,1,8.72750452058276e-05,0.9413933101114045,0.05851941484338968
B-H0,4,42,c48e0d5c7811d548c58be8c2e32213fe468160e54c1ed6ee3557e08eff54818c,338,2,2,5.9548166646125815e-06,0.0001525575717682913,0.999841487611567
B-H0,4,42,9880128f9a4f009cbace58c35f08be763d85a148d19dbb6ed1cedb3e6b9cae7f,341,1,1,1.3980219981397073e-05,0.9990711850405142,0.0009148347395042802
B-H0,4,42,815d426caf6647658ab5ad600a6d9a4844a450a2fe631540bcc73263b16a4409,342,1,1,0.00025342665289324073,0.7250077798822767,0.27473879346483016
B-H0,4,42,e9f98ce85a29627dad55d76982d434e4bdb6f159fafb9c3c1b5771e0e95bff25,345,2,2,0.0001037000395661094,0.010870580314623257,0.9890257196458105
B-H0,4,42,13db9493e5d931ec94f3d05fb0df869516c061cdb89058e2bdb16c5859508cbf,350,1,1,0.1285425527160871,0.8711258772066266,0.00033157007728615013
B-H0,4,42,bac5a079bec62bc26a6dc783910825de9e2871a6d90c260b7f137ba75a6b17fb,356,2,2,5.72613306702051e-06,0.00012442860780583,0.9998698452591271
B-H0,4,42,94c0b44f9a2d481c5d2237dd73738cc92b9ee67076b318f634fc32aa4032a0b4,359,2,2,0.00018003470041237012,0.053497168867158,0.9463227964324296
B-H0,4,42,416afeb98b33f5e4f2a8e68a875e28fd4105a31165d6851ea3c83a3ccaa2515c,361,1,1,0.018383621451756694,0.9775992797125248,0.004017098835718409
B-H0,4,42,7cd43d94523c810f9ed5537e7015539cc8c9859bcedd689aec68db38a22003a3,364,2,2,0.0001037000395661094,0.010870580314623257,0.9890257196458105
B-H0,4,42,5a4c58dd7c63f01c85c75de330f08bf3279e1a3ffd1a3b3351ddc32a2bc68f49,369,1,1,0.1028124193085357,0.8466002362144677,0.05058734447699665
B-H0,4,42,a26bf4e51a6f635e952f279fa007eebd60b1a0aa43278a348f6ce7430b2f6168,373,1,1,0.00016487061888034596,0.9996724581169555,0.00016267126416419944
B-H0,4,42,397cbeb6f38ebcdc8d0dd0bc306d8baa31702dc5ab41fd7ce317e3961c9e3b32,378,2,2,5.9548166646125815e-06,0.0001525575717682913,0.999841487611567
B-H0,4,42,be0ebb7565c48c88742be3d147378e0339658b36ddc168b506068b1c90f4c79a,380,1,1,2.782610986899067e-05,0.9984130031784365,0.0015591707116944787
B-H0,4,42,122e7e9e553c3480710d48da1b809bc3a0f00c8f31d7959bfbb0bb4217186e2f,383,1,1,0.00016487061888034596,0.9996724581169555,0.00016267126416419944
B-H0,4,42,a31c0ced032973a0e5414d71c603cafbff10cff8e3e8d4e4a720af17012d472c,387,2,2,0.0003009396273288637,0.24842204559729614,0.751277014775375
B-H0,4,42,31be86aecc38b94fea6900d3b08f0dbc20cdc907d7b94ba8ffefbc3e636be934,396,2,2,5.954594227138092e-06,0.00018990608348497,0.9998041393222878
B-H0,4,42,7cf9fc722144d5c5e38c3fea10921acf4cb1fa34cc1bd7692b29595386d51a2e,400,2,2,0.0003009396273288637,0.24842204559729614,0.751277014775375
B-H0,4,42,05ccbda5c8030aa70186394e3bd73c3d761e81154d70b009f09ac260843bbcb7,404,2,2,8.421130883985813e-06,6.455478680844272e-05,0.9999270240823076
B-H0,4,42,b0eb4c514496bbccfadc92bbc9d502a308cf264f615a7270f4508adfa95341f5,410,2,2,8.276553720407067e-06,6.344648578560222e-05,0.9999282769604939
B-H0,4,42,b50eec873e5ad85197e459d43c6a8a7c64c7be7730e766647b9b32f8958cd6e7,426,1,1,0.1028124193085357,0.8466002362144677,0.05058734447699665
B-H0,4,42,cc1b2843c4a07d3b4fa4abf9fd5537a7a6d4df902398c1cbe928fe3bce259418,427,2,2,5.9548166646125815e-06,0.0001525575717682913,0.999841487611567
B-H0,4,42,66e20104ca9e36937afb002e64108ee63a347a8b7749a55b588d30eb3e1409e4,431,1,1,0.1028124193085357,0.8466002362144677,0.05058734447699665
B-H0,4,42,2d77937efb442c0e808c407a59ec6405337a2a3460fb13f2f68d8434be09fe8e,435,1,1,0.1028124193085357,0.8466002362144677,0.05058734447699665
B-H0,4,42,d3dea6e23727f3861155568fe03f7508dad97315d987d7f509832e7bf6b4eecf,447,0,1,0.16370671228233025,0.8358831394061856,0.00041014831148403246
B-H0,4,42,36151d13bff095b0f9b3c390fa02f663a49fd45fe72702bad759cd82db3174c3,459,1,1,0.22533714312305853,0.7741935338783363,0.0004693229986050244
B-H0,4,42,3b0abeb2580501c078d50f1862f005665c127524372015d5674ef8679685fabd,461,1,1,2.782610986899067e-05,0.9984130031784365,0.0015591707116944787
B-H0,4,42,3f3aa71345eef153c551d8268b4cf413be9de4e5ebe03d0b0aef13d7178f6451,467,1,1,1.3980219981397073e-05,0.9990711850405142,0.0009148347395042802
B-H0,4,42,e63fd967ad59bf73b27ba4efcf551436428f26a03ab3e1ca498f3e01f0550a1a,481,1,1,0.1285425527160871,0.8711258772066266,0.00033157007728615013
B-H0,4,42,e8921714e78de17aa9004ed167d45bd0471420f26d1c05f61df1adaf22cf37fe,482,0,1,0.1285425527160871,0.8711258772066266,0.00033157007728615013
B-H0,4,42,2a0de0babe99f6482353deccfb8c5a64a0d4e142134c21435a7d5cb4bb7a44f0,483,1,1,0.1285425527160871,0.8711258772066266,0.00033157007728615013
B-H0,4,42,8da546665c37fd3768dd5df0c43d9e48a594114602af5888eca3732f0b8f2bdd,487,1,0,0.6598493090746493,0.3397675290432266,0.00038316188212406474
B-H0,4,42,6807374cf8dc72644182a43a9da4afcfba4ad80f80c056f982d40cb0cdd9609b,494,0,1,0.4888629618440264,0.5107146661322061,0.00042237202376753293
B-H0,4,42,e92297353a3a22b944725a165b52f80a1965ee09f6178dfc184860131871920c,495,1,1,1.3980219981397073e-05,0.9990711850405142,0.0009148347395042802
B-H0,4,42,c997661e8f088ce61daed2d734e2baf038d0a5f5a2326a8545dcefa81f72bec0,497,1,1,0.002578068934745733,0.9956578133725604,0.0017641176926939312
B-H0,4,42,d064c27e57ecbf5d0cace935aea0fc9d1053dd486ab0eaeec1c8b8e510cc7bd3,498,1,1,1.3980219981397073e-05,0.9990711850405142,0.0009148347395042802
B-H0,4,42,058ccc5f0c17c416ef06df1ed5deaa48d112f42a14f667bcf9846fdb664ef366,518,0,0,0.999703023281032,0.00027797641760103853,1.9000301367051717e-05
B-H0,4,42,ccd0b5095c5ca020ed29dcb4ed07bc78fb4f8bd1d01103c832c16f74415da411,523,0,0,0.999930756552438,6.349054025555503e-05,5.752907306405093e-06
B-H0,4,42,c67ea185339d2fb8c8312dc38cff21dc6b000f785be421eef88bbdcdf6c6b17a,532,0,0,0.9988481209722394,0.0011189449903852402,3.293403737526477e-05
B-H0,4,42,1c68670c6ff38a49598f90f6157ce8bac895df1254da553b54bf687cfa750f91,533,2,2,0.0001037000395661094,0.010870580314623257,0.9890257196458105
B-H0,4,42,33aa276ee8893c316e5b08f90d403be82db716c7a10ce7d0c6a91aa861061f55,539,1,1,0.1285425527160871,0.8711258772066266,0.00033157007728615013
B-H0,4,42,e40a0fc10b44506213ca47e78c7d510fb7715425780e3f270f0a25a0b0fc9acd,541,1,1,0.07832540552609876,0.9213520394279463,0.00032255504595499657
B-H0,4,42,60dac4fdcf327b961a62f11465381e422541c18c956cf5cf22c128d4b842b021,546,2,2,0.0002737008935281334,0.03266950980337936,0.9670567893030925
B-H0,4,42,f0a4ff0b2550559804aa110b3356616d37f08aea297e713738efde6a82a9c905,554,1,1,0.002578068934745733,0.9956578133725604,0.0017641176926939312
B-H0,4,42,dba044228ddb18bf24955ec6f54e2d9d259a453b9e3cc7ac001d1eb1b5c9b9ff,557,1,0,0.6598493090746493,0.3397675290432266,0.00038316188212406474
B-H0,4,42,dfb22216dca7b15a73c5d13592b3a4d456865e6b14a914fc23a7440d2c793feb,561,1,1,0.22533714312305853,0.7741935338783363,0.0004693229986050244
B-H0,4,42,8083fab72781bef33f4c3f68371defad870524369b374017badac30ed6b5920b,572,0,0,0.999930756552438,6.349054025555503e-05,5.752907306405093e-06
B-H0,4,42,1aaef0af18b1a224fa7924b8a1453fb8b5547a6dea9cbd572550da4fdf495da9,574,1,1,0.02415531732489973,0.9756304022259165,0.0002142804491837273
B-H0,4,42,05ccbabae43833184ec6c444793c4e8cacbda9996a75f0cd529a00fb88642dda,580,1,1,0.4888629618440264,0.5107146661322061,0.00042237202376753293
B-H0,4,42,77746b53c327b916c5ec4cc31ec639b45db4160f2d1135410449c6eaa0246f2e,582,0,0,0.9858357772529339,0.014083014147416762,8.120859964934685e-05
B-H0,4,42,344202bfae426b40571c614ea63322e5df0a08a9e6479a8ee7d45ead1a7607bf,585,0,0,0.999703023281032,0.00027797641760103853,1.9000301367051717e-05
B-H0,4,42,f2467f3e3e1aa7ea454678b2f6366dcc05717a73be181ad40e267ca3f4a20eaf,588,0,1,0.16370671228233025,0.8358831394061856,0.00041014831148403246
B-H0,4,42,28acd3c3d384d8b12fc6beb8a099937473fcf151408bd2085df22511ad2be313,600,1,1,8.72750452058276e-05,0.9413933101114045,0.05851941484338968
B-H0,4,42,4a8567b621350cc729465a20bc85964673deb69044ecf71e3b59a4220f804585,602,1,1,7.456564883902209e-05,0.9965856235255847,0.0033398108255764
B-H0,4,42,01da3e159b6ce80ac8e0f280d001e0b1feae934b7f87e69e52a68f6f40f1631b,611,2,2,0.00029251322641898317,0.2983733642163561,0.7013341225572249
B-H0,4,42,2d1b2dad312d67abe149344cc5753c2181558ff169882e194058c0eea17a64f6,613,1,1,0.1028124193085357,0.8466002362144677,0.05058734447699665
B-H0,4,42,457bc623d54c8df675fda66a9a5a159bb6259cf81fdd5a312ea24da7116effd3,615,2,2,0.0003009396273288637,0.24842204559729614,0.751277014775375
B-H0,4,42,fb2e62e9e165d1b9fc47a6787af9d64df4a4b63f931a035289966a672894fdfe,616,1,1,1.3980219981397073e-05,0.9990711850405142,0.0009148347395042802
B-H0,4,42,72d66c7979e51d234b4f5c7cb46e06e165d847b6d88d705eae864ec291dd7fd2,617,2,2,5.9548166646125815e-06,0.0001525575717682913,0.999841487611567
B-H0,4,42,5bfc17c84629c446ef515aaeaab83b0c8b4ad7591746f50c3f337e0eef4bd5ce,623,2,2,5.72613306702051e-06,0.00012442860780583,0.9998698452591271
B-H0,4,42,a288de67ba6e534c619fb61e1a8643504542cbb8d7cfc5f5b4a96fa78e5ef948,624,0,0,0.8888672459731237,0.11076131229444058,0.0003714417324358186
B-H0,4,42,9dfe951a72432d669852444c668c15b73a677afe22aab4dd3febadf96aea1bbc,628,1,1,0.002578068934745733,0.9956578133725604,0.0017641176926939312
B-H0,4,42,9601c9dd198c4a6dc5124d4d420e2ff339734b9a9e1079da056b3412d663b347,636,2,2,5.9548166646125815e-06,0.0001525575717682913,0.999841487611567
B-H0,4,42,c69567d2d69504dcc3e49e555057fd7d89a52635db8622cab985007a194e53ea,640,0,0,0.999930756552438,6.349054025555503e-05,5.752907306405093e-06
B-H0,4,42,f2d3074dfbaef344aa4981cbffee6d788ff0def980a874cc42e1dd4df85a9726,645,2,2,0.00018003470041237012,0.053497168867158,0.9463227964324296
B-H0,4,42,360878e8a6171b73196b1189a0e33d9b6733e9ad741d46f90bee01573fbef0dc,646,0,1,7.456564883902209e-05,0.9965856235255847,0.0033398108255764
B-H0,4,42,674130e6bbe693f70e17ce995304b93967bd09052c13f383b45753334d551bc7,647,1,1,0.1028124193085357,0.8466002362144677,0.05058734447699665
B-M0,0,42,f827075494ff9d262d45598bb3a1701eb955b99abca1ab6af3b2e2331aff4808,3,1,1,0.207417830824852,0.6152732372283936,0.17730894684791565
B-M0,0,42,5fafc4bdf7193aef5fb9fb71d655df200121838704e28ac2fa6588954ee3e27a,5,1,1,0.20955850183963776,0.613601803779602,0.17683972418308258
B-M0,0,42,9a87b2493917ab4a2e2a0087e5caf12c4b02676cfdfef54992ed8ca5ca77f88f,6,1,1,0.20817431807518005,0.6150220632553101,0.17680366337299347
B-M0,0,42,d9baf8f9d90857c2e8aa4260b7eaf6c386460681228c2bee02a6b55597a43b69,7,1,1,0.2126624882221222,0.6101628541946411,0.1771746724843979
B-M0,0,42,6b0a215f6bd63db235793c4ada62b4853f51f8a279def3710a3687fc319d4da4,8,2,1,0.2066831886768341,0.6154775619506836,0.17783930897712708
B-M0,0,42,a6252e1f0313cc82adc4651b4f4ced232435f7dff2e029302acc772e52fa2efc,11,1,1,0.21253091096878052,0.6103923320770264,0.17707672715187073
B-M0,0,42,5cba6871fec089b5dc9bcf045ba6e02ea473d055005f13d552c94fdac6686fe5,19,1,1,0.20955850183963776,0.613601803779602,0.17683972418308258
B-M0,0,42,0fdca47962352eadea2e4637769c1d9eb007bd0634379ff90463a8a2c57c1789,22,1,1,0.20987167954444885,0.6130179762840271,0.17711029946804047
B-M0,0,42,7daa9011bd495f51a4514b37670bcdea719bbc30097f1653406dba4a8e98c046,32,2,1,0.2087981402873993,0.61385577917099,0.1773460954427719
B-M0,0,42,eeed46e477e7a7086b3dd17a4ffa4e4e996e9f005a71a8b1bbaf81c10d4d046e,35,1,1,0.21249179542064667,0.6091646552085876,0.1783435195684433
B-M0,0,42,0f3b55ce37cdca89a1c78fcec7a77751d9794f7cb1235804469a7daf9e63de4f,42,2,1,0.20772865414619446,0.6146904230117798,0.17758098244667053
B-M0,0,42,0400acddec5641be9ed3da2cb98d514d062d4b150affe3dc22c7d5c88070c742,43,1,1,0.2170417159795761,0.6029256582260132,0.18003274500370026
B-M0,0,42,a20449c0fa9b781f95175c7906471527630e66fdd4d57f1ce262975af3ce8991,46,1,1,0.20817431807518005,0.6150220632553101,0.17680366337299347
B-M0,0,42,c79001dea4273719bcd01dbbfb7dc9181dda44a45e219cf7245f67640b98740a,47,2,1,0.2044152468442917,0.617676317691803,0.17790833115577698
B-M0,0,42,3b51ad679e8b0ce6b2fafb421a74825a2de42f8e1aed05cbd3a81335a2923228,48,1,1,0.21101327240467072,0.6120532751083374,0.17693348228931427
B-M0,0,42,f5162c4d57e22476a2fd86a4b724fe8da727100a27f30d4fe72a9c346f5c001c,49,1,1,0.20817431807518005,0.6150220632553101,0.17680366337299347
B-M0,0,42,bdb3e3243f4945237482dc791db610d13e33bde5b6d72369ed200729dddc360a,54,1,1,0.20817431807518005,0.6150220632553101,0.17680366337299347
B-M0,0,42,fd5b4c1d3d861f5a2629640b96c79ba38eb9d1ff76552d929679d3dad440b73f,57,2,1,0.2063535451889038,0.6161043047904968,0.17754219472408295
B-M0,0,42,adf16fc552a8d1b40b4ec42e52c444ad8d840e40483acd8054933050b6375e7f,62,1,1,0.20848609507083893,0.6144390106201172,0.17707477509975433
B-M0,0,42,461e4acae5091b1364fab0f058f3a5296ed75a394000f65a696e528c54bf6001,63,1,1,0.20710715651512146,0.6158557534217834,0.1770371049642563
B-M0,0,42,eb0ffac90c1fe5ccf1060219e349ca7d29540eb3e630465aa9b969a38900d539,66,1,1,0.21101327240467072,0.6120532751083374,0.17693348228931427
B-M0,0,42,e87f2023e1a92b852755b7851d3150e9d19886692316d048409e5eaceb11dd5c,67,1,1,0.21699407696723938,0.6016916632652283,0.18131427466869354
B-M0,0,42,77472ffabdf2ba610830e2dba876659a629d3dc9bf1c6a3fe5b3fd11e1a7b01b,73,1,1,0.20848609507083893,0.6144390106201172,0.17707477509975433
B-M0,0,42,12e99bde80179014843362cb5bcb78e39e741147045460921df42487eadf8cef,77,1,1,0.20848609507083893,0.6144390106201172,0.17707477509975433
B-M0,0,42,04775e820b5829ba9b9a17482a4af9625350a3a9c39213f678c4a17f3f1c7b72,84,1,1,0.20817431807518005,0.6150220632553101,0.17680366337299347
B-M0,0,42,976ddafb2f8abe1ac4c19be98626949c2548ab5eaf452fae24dce90c4de7b8c9,92,1,1,0.20987167954444885,0.6130179762840271,0.17711029946804047
B-M0,0,42,5be7ba94e5d3acd4388614300b6ad48a44492e847b6d0e39fccd27e6cf9ae5f5,93,1,1,0.2087981402873993,0.61385577917099,0.1773460954427719
B-M0,0,42,a1e98e417eed1e1a141a0b30b714a23f0dc568239616354e4a175bf8ea08a28c,98,1,1,0.20987167954444885,0.6130179762840271,0.17711029946804047
B-M0,0,42,9ba998c5d87d08fc3d40b1b83a650245d89a368abad6136f452df88cc96ddce1,102,1,1,0.20987167954444885,0.6130179762840271,0.17711029946804047
B-M0,0,42,a5d49a55806e6aac09daa9f48f214a4bb4d26dc6b501261c0ba01041d3d2f9d9,103,1,1,0.21397314965724945,0.6062683463096619,0.1797584891319275
B-M0,0,42,3039b67e191cb12f942b21e621f38cb832b6a2d5e570cd00e2a2205f9831c0a6,105,1,1,0.21550369262695312,0.6045994162559509,0.17989696562290192
B-M0,0,42,4b7e7cbc654f5e60c12ab432b3144305090c199d58af8071af7e5a16619e6aca,107,1,1,0.2087981402873993,0.61385577917099,0.1773460954427719
B-M0,0,42,30f9b13a03f303748526a158e8940797fe5e5c600fce68be3e50b0840a4368e9,118,1,1,0.2109752893447876,0.6108247637748718,0.17819996178150177
B-M0,0,42,c9610bea3409798e091290f260c60e5b4d3f0a84a43555989287b37d07ebf51b,119,1,1,0.20710715651512146,0.6158557534217834,0.1770371049642563
B-M0,0,42,ab8ce69a1319b228880d829dc5631ea34e5cb080bfbc178aa048514436b7ecee,124,1,1,0.2109752893447876,0.6108247637748718,0.17819996178150177
B-M0,0,42,93c4bf4a5b21f36e6b0aae5bb990899ccf48d342143ca0e115fbbcce24f1e0a6,130,1,1,0.2140159010887146,0.6074996590614319,0.1784844547510147
B-M0,0,42,4843201d2b160da0c05fc6013c664892482d15cae8e6986d6ad88ce3feaf72b8,132,1,1,0.21397314965724945,0.6062683463096619,0.1797584891319275
B-M0,0,42,cf57f1500208fbbe850bfcb423c0a07e8d0a3e41dbe03e9530034f5adb63eb16,134,1,1,0.20817431807518005,0.6150220632553101,0.17680366337299347
B-M0,0,42,d00d28ef2c4596a4d66713623e2b8bc3764ba2818602f1c62d3f21d371614dd7,137,1,1,0.209466353058815,0.6124798655509949,0.17805376648902893
B-M0,0,42,f4a1fcac757fd73ac757509249c0ec925230f6e917bdf8e793757ea12e98b50d,145,1,1,0.21853843331336975,0.6000140309333801,0.18144750595092773
B-M0,0,42,ae60908f4c85b03a0a49269075a0f3e13559c408c540b42632a059b5cfb0cd4d,146,1,1,0.21550369262695312,0.6045994162559509,0.17989696562290192
B-M0,0,42,810b57dafea30a2f75e872d5e62c29a08fc07a9ccaebf778bc32b9ed8700674c,154,1,1,0.2140159010887146,0.6074996590614319,0.1784844547510147
B-M0,0,42,0bf3a2d884e1555952ad611ad5ac00b76d97402156df050266c3cfc95f605dea,155,0,1,0.22153934836387634,0.5941697955131531,0.18429088592529297
B-M0,0,42,ae88168be6110ac8992db8b155e6bd8dad4a050a4a4fabb91d628b18e0ff3fdc,163,0,1,0.2154572457075119,0.6033644676208496,0.1811782419681549
B-M0,0,42,9881e8df21340beb673d11fb2f0087e28ca86d90cac54001885ad77fa39fe58f,181,2,1,0.2044152468442917,0.617676317691803,0.17790833115577698
B-M0,0,42,d8eea83646be1e9c916e665fa77c259449f8745ed6a29cd6f9b1a9dced475fd5,187,1,1,0.20710715651512146,0.6158557534217834,0.1770371049642563
B-M0,0,42,60763b4cebd2c23d4b6bb41fe41d2708e53e1479ca7374112530066b5e4893e5,191,1,1,0.2154572457075119,0.6033644676208496,0.1811782419681549
B-M0,0,42,6c6dd067b740da372386ce71f81ed5b8dc2e1e9f93625be9b4884d1d73f96114,196,2,1,0.20479513704776764,0.6168860793113708,0.1783188134431839
B-M0,0,42,86eb8973fc65f23f76646a24050506efc45364d1ed311733b312688b82d03540,198,2,1,0.20772865414619446,0.6146904230117798,0.17758098244667053
B-M0,0,42,e3f90cf05c633dae16fb7f47884d7cd562ac2769d89e9243c8680a8ba22af681,204,1,1,0.20955850183963776,0.613601803779602,0.17683972418308258
B-M0,0,42,9a0d7d130a794be7bc69983881925e866dbd081148ab7ab7a8b811b52c7a21f0,211,1,1,0.2140159010887146,0.6074996590614319,0.1784844547510147
B-M0,0,42,8332987b673c95bbee93c9f25e2f6e37e4235c9e6ae83604205ff69eb49247f9,214,2,1,0.207417830824852,0.6152732372283936,0.17730894684791565
B-M0,0,42,7f598fa9cd8021402624f92fab82098fb58747ccd8a722c3d994f05b6ed0f217,218,1,1,0.20848609507083893,0.6144390106201172,0.17707477509975433
B-M0,0,42,f094aac8706b95f9bece4eeac1389e28ad75114d0e4206b7769ded1102994ff1,221,2,1,0.20772865414619446,0.6146904230117798,0.17758098244667053
B-M0,0,42,6bcf085df851ffdd063de277d7f6de02756302343ed42266339f33b7f195ec0d,225,1,1,0.20817431807518005,0.6150220632553101,0.17680366337299347
B-M0,0,42,2a5b3658c6bb089977c0132627aeddf27747b5ba1997b7f2041f3039d3025854,228,1,1,0.2109752893447876,0.6108247637748718,0.17819996178150177
B-M0,0,42,97c9512caadb3ffd0ad3c7ddd23407aa54871fc60933e4b9f12a69d1cef4214f,251,1,1,0.2170417159795761,0.6029256582260132,0.18003274500370026
B-M0,0,42,5752cee9adf12bd089539e746e30b0d83f71e4f57e8da95e82619ac05b3d6b64,258,2,1,0.207417830824852,0.6152732372283936,0.17730894684791565
B-M0,0,42,ad959d26f847d9c030d3b6d75856d30298eaee390b8e65835b5173c70de9d93a,262,0,1,0.21853843331336975,0.6000140309333801,0.18144750595092773
B-M0,0,42,f1cc48536731731e0b343782efdde0db8be7fc46955c060a6588a598c61b83b5,266,1,1,0.2060440480709076,0.6166863441467285,0.17726962268352509
B-M0,0,42,645409494cfbc0053881ee14531a52cfc643d5a8dd013317825912b73a52362e,267,2,1,0.2063535451889038,0.6161043047904968,0.17754219472408295
B-M0,0,42,00dbf7ed1f04da4f573cdb1c40ee8aabbb629d7e284d1568bca51a8a5f396e7c,268,1,1,0.20955850183963776,0.613601803779602,0.17683972418308258
B-M0,0,42,4837f2cb17208b9a4625ebde74b97e4dd96ffdb5234013a87be717acfa0a8b14,271,1,1,0.21249179542064667,0.6091646552085876,0.1783435195684433
B-M0,0,42,8475bd5769c68d5427ad348aa5b6061ee6bcd37f6f1837cda26be61984a04cac,280,1,1,0.21699407696723938,0.6016916632652283,0.18131427466869354
B-M0,0,42,d744f4e8e0e5a37040ced43f7d9f57213e888b56527ca3961db9750dd4b525fc,284,0,1,0.22316142916679382,0.5937187075614929,0.18311986327171326
B-M0,0,42,63e7b0fd79c9670e63f19d0b85cc2c7efe0f1e527b44bbf33e9c798004594ffd,300,2,1,0.2063535451889038,0.6161043047904968,0.17754219472408295
B-M0,0,42,6db86dac2c557996df538886e2ae001080ddecdab91e2e3a4edede389d70b7e7,310,1,1,0.22009029984474182,0.59833163022995,0.18157799541950226
B-M0,0,42,e46fe007896b1086b24e7db53b21842ae5f26db41897be76661db0c09520f97c,311,1,1,0.21101327240467072,0.6120532751083374,0.17693348228931427
B-M0,0,42,da52e0801985e6d911242d1cc38a5a2ba9ea6d852304175e9cf5f6682c636afe,332,2,1,0.2030353546142578,0.6202793717384338,0.17668527364730835
B-M0,0,42,980a5bcc08361f8d083c12141878dbd24b7a236c18e8184387239050f164a315,351,2,1,0.20772865414619446,0.6146904230117798,0.17758098244667053
B-M0,0,42,0b6002ac98745ed77d24c58dee4c8892e1dca4c93626ce4675b9306294bb2d7d,354,2,1,0.20955850183963776,0.613601803779602,0.17683972418308258
B-M0,0,42,17e8cff30d43b9932efa5ee5fc8ea3d9998f87aa816268d719e22c0b513067e3,357,2,1,0.20772865414619446,0.6146904230117798,0.17758098244667053
B-M0,0,42,328eaadc5fcca2d1c22ba92802c7d13404e083fcc75e8e27c502cd13af3d0548,362,1,1,0.2109752893447876,0.6108247637748718,0.17819996178150177
B-M0,0,42,fe92f0e44d936f618c5a52cbcbbb889fd256a412566488b144015b8482d7b1a1,365,2,1,0.2060440480709076,0.6166863441467285,0.17726962268352509
B-M0,0,42,074bdafc94897952ec047e29c94c168d74b04273139ccf2ce1e6f1873ca0ed4a,382,1,1,0.21101327240467072,0.6120532751083374,0.17693348228931427
B-M0,0,42,0fdfadc8e93127b69c5cc192dde2e8ac8ed04c3d1fdbe79dfe2b87b82585bd01,384,1,1,0.21397314965724945,0.6062683463096619,0.1797584891319275
B-M0,0,42,9c1589756f65e471021f9e5736a89d5cabb0481ef20ec88a5286fac861609674,386,2,1,0.2063535451889038,0.6161043047904968,0.17754219472408295
B-M0,0,42,88d41603b7bc18447226de0bd092d97caaafff7d44a58de731f2bfd695e6c89e,391,1,1,0.21126380562782288,0.6115925908088684,0.17714360356330872
B-M0,0,42,573e5d0c416baabe556bbe6df0da1d23f9d757c682f06acc75cbdeeefa53f1dd,395,1,1,0.20955850183963776,0.613601803779602,0.17683972418308258
B-M0,0,42,ca1af162eff48d01248d7b34c3dc4be9123bb4917682c15fcb42f45ba92ce681,397,1,1,0.21253091096878052,0.6103923320770264,0.17707672715187073
B-M0,0,42,11f18902f6529ccd006f3eb1926c47f115d9549b2c2f079495389befb1eae919,408,1,1,0.2155475914478302,0.6058298349380493,0.17862267792224884
B-M0,0,42,d6a67091791dd72522a6bef06dfea8b0c675a1445234f9512644939352bab471,421,1,1,0.21858729422092438,0.6012469530105591,0.18016575276851654
B-M0,0,42,fb53eea3d4cdbfd82c3a411ba354fb72529c745789e35c027a285e3f70071b48,428,0,1,0.22473450005054474,0.5920233726501465,0.183242067694664
B-M0,0,42,05b9b2450da4983d21d00900b28b53e5a1f95f950395ddc3ddc45cb106b759b9,429,1,1,0.2140159010887146,0.6074996590614319,0.1784844547510147
B-M0,0,42,f0a97bfafce659abcc15ad3b27366b99f919dc16a513c0931d27b70b5eb2bd13,439,2,1,0.20803964138031006,0.6141071915626526,0.17785313725471497
B-M0,0,42,12f87a813a0f8b8b6295bf7bd67e6b14cf37aea45636ed5ee00d03e5b5987ffb,441,0,1,0.22009029984474182,0.59833163022995,0.18157799541950226
B-M0,0,42,1a95813d193cd4442bc0b1f87b4bce15afbe7cd42d6c4c82b8f5c88c23abdbf2,445,0,1,0.22164970636367798,0.5966445803642273,0.18170571327209473
B-M0,0,42,95a4c4f399ab39050cd2c68303c1b4a717e2b85e43356b382b44a3423cac3ed0,449,1,1,0.21126380562782288,0.6115925908088684,0.17714360356330872
B-M0,0,42,5c0c7a72328563a4b2a7d65fab7f740984af9984186caff86b9cca5da6bfe86c,451,1,1,0.2140159010887146,0.6074996590614319,0.1784844547510147
B-M0,0,42,5f11fef5bae9d1258380639662fb95008d4620c9b9b24aad7083e32efacfbdfc,452,1,1,0.2170417159795761,0.6029256582260132,0.18003274500370026
B-M0,0,42,225629385e18a6854edb9ae5dee2b6c35e44af3143cc0f0fab0867deec5c52bd,460,1,1,0.21397314965724945,0.6062683463096619,0.1797584891319275
B-M0,0,42,65fc55908795c03596628c3be27eff5761f85e2f1b4291d6717c471653ee17a8,465,0,1,0.22003768384456635,0.5970953702926636,0.1828669160604477
B-M0,0,42,e0d210eed199a9e6092e65b724d0b6abf80444548010500e25c9fbfa593246e6,469,1,1,0.20817431807518005,0.6150220632553101,0.17680366337299347
B-M0,0,42,3228a5c1892f93600a970b9e099b3053b891a018a2b4fcdbe092d118a96a8fb3,472,2,1,0.207417830824852,0.6152732372283936,0.17730894684791565
B-M0,0,42,55149a64f268a012247a00f9c7f3a36b557a25430fed6016ab547ff1c38e61b2,473,1,1,0.21848703920841217,0.5987766981124878,0.18273623287677765
B-M0,0,42,8e4ea3523595a6acd552728b47f2a13b458234f347559c26cb13139a095da1b4,474,1,1,0.2140159010887146,0.6074996590614319,0.1784844547510147
B-M0,0,42,1971d2b4a4cb293ac396176c6d1190289df940842c256fea5bf08fd520cbb4f9,477,1,1,0.21245025098323822,0.607932448387146,0.17961731553077698
B-M0,0,42,50c59de7b7fadd459118ad53531a05379edf5c0bbf8786fc3b4b96a2d52bd55a,478,0,1,0.2246754765510559,0.5907861590385437,0.18453845381736755
B-M0,0,42,8fd0fe4e154f5d8d0e6fd22a060280c5fc7e2f73594c63d13a67e97a3b835a6b,480,1,1,0.21853843331336975,0.6000140309333801,0.18144750595092773
B-M0,0,42,ee64c4c983197496a5a20dfb847c9b4515dbdade50852024c565d1a74b63cc24,500,0,1,0.2262546718120575,0.5890873670578003,0.18465788662433624
B-M0,0,42,555340884fdb40170947c98290702c40554069d24cf22f20a9785c5218582ca2,506,1,1,0.2154572457075119,0.6033644676208496,0.1811782419681549
B-M0,0,42,6249033ebb4873778de8d435f8863876ed0ccf3c336662af8118b4596dbc2285,520,0,1,0.22473450005054474,0.5920233726501465,0.183242067694664
B-M0,0,42,866639f3b9f95c14339f44ed24824b71cda6a70d63a86fe0edf0685a8baf5c75,524,0,1,0.22164970636367798,0.5966445803642273,0.18170571327209473
B-M0,0,42,7788b10861e73289e28b8fbecdb74643ae51fd2135b9ae4865d7ae2a22141973,525,2,1,0.2060440480709076,0.6166863441467285,0.17726962268352509
B-M0,0,42,a9da9db2467c1a5fe7257adb1987e930ea751470576c10c82f4397f3dd37b63f,527,1,1,0.21699407696723938,0.6016916632652283,0.18131427466869354
B-M0,0,42,85a02e1802e7b312ed957ee39e2bbfe0b4632dd2d25d3a8ce177b48d26ba1fc2,529,1,1,0.21249179542064667,0.6091646552085876,0.1783435195684433
B-M0,0,42,d26328550683e27aa4c4fe5be7e2d668c08dadae337ff364dbeb060fd5a931bd,531,1,1,0.21550369262695312,0.6045994162559509,0.17989696562290192
B-M0,0,42,4f4759b87edf8e38b6b6c5dd3a52b7fd18a9f97b78b0b8933276755f4ad88080,534,1,1,0.21101327240467072,0.6120532751083374,0.17693348228931427
B-M0,0,42,aeabe5f00bb9cc0af7000e3fafc88866155e65ab4d5da58274d0dee130a02388,536,1,1,0.2087981402873993,0.61385577917099,0.1773460954427719
B-M0,0,42,2de6307edc2b60e3648d6c261996c60ddb15ccc9f4069aee2e9ee4e9ca9dcaee,540,1,1,0.2155475914478302,0.6058298349380493,0.17862267792224884
B-M0,0,42,112e7b51e7d078dd62fe5bcec15f48660dbfc572df659aea50141c8a731a6877,543,0,1,0.21853843331336975,0.6000140309333801,0.18144750595092773
B-M0,0,42,d98717d4a561c7ad6b0aa9c5e73ecccbfb6510d07c8f23d7934fec3f8fbcf474,547,1,1,0.2140159010887146,0.6074996590614319,0.1784844547510147
B-M0,0,42,db842124e7a33dd5887c8d22a815b1649cda7401b683f5f9cc6c7a9dbd533a3e,560,1,1,0.21699407696723938,0.6016916632652283,0.18131427466869354
B-M0,0,42,49adb4d4ef7cf9b7221faad79fd9c2cb259872644777044983365486723c67f4,562,1,1,0.21126380562782288,0.6115925908088684,0.17714360356330872
B-M0,0,42,be89c78f29804f04841228bffef4532f286878a08b52cf8f4f17b15a9fa83364,563,0,1,0.23532849550247192,0.5700862407684326,0.19458529353141785
B-M0,0,42,297cf77b86d2fe61e413421d7216874ab77f45748dff5f7a2531cdaab79a4050,565,0,1,0.21550369262695312,0.6045994162559509,0.17989696562290192
B-M0,0,42,531f8aca33aab4bfc992087de862b25def4dea5b91bea6cc49aacbad07b45b7a,577,1,1,0.21699407696723938,0.6016916632652283,0.18131427466869354
B-M0,0,42,4b55155083aea75c9650635eb846d1e7abeaa867e3c5c629e2c90461482485f1,578,1,1,0.22009029984474182,0.59833163022995,0.18157799541950226
B-M0,0,42,815683c5eb3b782f1a2feeefe55a834447a90f6a62356c843d751e6ed6f7089f,587,0,1,0.2261916548013687,0.5878469944000244,0.18596133589744568
B-M0,0,42,8d5547c0b5e44d69c28a4cead541c515bc82e8f18adfd972abf57b2824ce7a43,591,1,1,0.20987167954444885,0.6130179762840271,0.17711029946804047
B-M0,0,42,71388cc5368946416cbcddee50e2af8f0a6a2794c83dcda516b9f0463aa6ad3a,610,0,1,0.23371504247188568,0.5718014240264893,0.19448360800743103
B-M0,0,42,56d3d8cfe1ee66937b1b304de962e50840fc5df249cec9cc9f427db1842d8971,620,2,1,0.2060440480709076,0.6166863441467285,0.17726962268352509
B-M0,0,42,ef3b33bfd33c9a8d675e8c1562f5c2d503094b1f1887af3be3c1e16e100d9af4,629,0,1,0.22316142916679382,0.5937187075614929,0.18311986327171326
B-M0,0,42,ba39525bb89a78df7e0bc9a040dd9c4c00f64baba2719bf9fb4a4bf7aa3dcffa,630,2,1,0.20704296231269836,0.614783763885498,0.17817319929599762
B-M0,0,42,ca60a0d1bd9510735b9a2c5edb1ab0a7eb2dd31d96b642bce093e7ba08286f2c,631,1,1,0.2140159010887146,0.6074996590614319,0.1784844547510147
B-M0,0,42,2fe1c3d95e43dc7878c7ba2874a7cb62e7829661ff3655b02f110fd5bf516184,634,2,1,0.20544439554214478,0.6165956854820251,0.17795993387699127
B-M0,0,42,61b0a6498279a260ce8cabb4d4114bb5cda03e71c6f6954d7b766ee8a31b2746,635,0,1,0.22009029984474182,0.59833163022995,0.18157799541950226
B-M0,0,42,6f3f6818c91a4e4ac44cd061158f5c34bee1b5baac40fd4e469a3ed20476104a,638,2,1,0.20772865414619446,0.6146904230117798,0.17758098244667053
B-M0,0,42,1f54ce13a7724f8e43df533f143951e361144f772d6d5ce76fe8e5fc8c77364c,639,0,1,0.22631509602069855,0.5903235077857971,0.18336144089698792
B-M0,0,42,a35adafe1567244423f4e723b5361fdfc62fb0c766c9685554fa976277ee04ba,642,1,1,0.22321657836437225,0.5949527621269226,0.18183059990406036
B-M0,1,42,f816923b16d6506fc091cfe92e86e1139e2f0b3e58c593461da93f6ca5c45a5b,4,1,1,0.10759890824556351,0.6548033356666565,0.2375977784395218
B-M0,1,42,1fa27a62ee1b2d2ba6c92d8546a424dd3509710635f8a2c2568cc88597bb86fe,13,1,1,0.10574062168598175,0.6582272052764893,0.23603224754333496
B-M0,1,42,563f081ac98d1f31498a91b83ae8a2be907cfab0de2d472d199474e4e5eb8c6a,18,0,1,0.22585634887218475,0.6872712969779968,0.08687235414981842
B-M0,1,42,4f83a42c27ea668697977110e8f196526ef09e0479182cf78470ad75e79419c6,29,1,1,0.1173362135887146,0.675359308719635,0.2073044776916504
B-M0,1,42,088e125061899aeb843e08b444d414177713a8aeb3850db4477647a05e97b064,33,1,1,0.09313297271728516,0.641356885433197,0.26551011204719543
B-M0,1,42,da11b9a824ea17d36ef8425abb47a68b80631b00f26d5fcb34bc902ab7e564d7,38,1,1,0.11940737068653107,0.671897292137146,0.20869529247283936
B-M0,1,42,a3aa9205c2dd6e6da3e018643f3c57b94d1f7d8f031190e1e8fe1aeb4473edbd,39,1,1,0.07225694507360458,0.5953454971313477,0.33239758014678955
B-M0,1,42,342f55c319e97bc4ebb3ea65c99cec118d9ebb0b9c1dc8c76eda38916bbb6efe,50,1,1,0.07225694507360458,0.5953454971313477,0.33239758014678955
B-M0,1,42,c81837f79017967e7355fc593b81070347505e7400d9bdfc85ffc152e7f91067,56,2,1,0.0547020323574543,0.5392451882362366,0.406052827835083
B-M0,1,42,fc23ab826a2440d11ef69d2086a1f61b6275743360356da43151abc46afe903f,60,2,2,0.029036760330200195,0.40974876284599304,0.5612144470214844
B-M0,1,42,c27b44d54803697af82881ea82d46e3561cbf37bdea8eb62c2df4af1f57d6fac,69,2,1,0.04752882197499275,0.5067234635353088,0.4457477033138275
B-M0,1,42,6eb8f51f02885e1c53aae062c9d8bab63dd1f60f90936f3349e37283882a4e93,74,1,1,0.13181862235069275,0.6858315467834473,0.18234989047050476
B-M0,1,42,dd582bddc1aca5d5bb7c320bb57fbf5870022badac32ea6378863b35a16c8ee0,85,1,1,0.1173362135887146,0.675359308719635,0.2073044776916504
B-M0,1,42,93f04a3c609794b4d53b3b5d2ffcfda0a1358e9ed321e072e10f1c4d0a40b4aa,87,2,1,0.04752882197499275,0.5067234635353088,0.4457477033138275
B-M0,1,42,5029e2776e7b9b5d2af015958cd517fb756f6d8b9853790513dc82715be726fd,96,1,1,0.16395270824432373,0.6970035433769226,0.13904374837875366
B-M0,1,42,2cedf816172020544d1c56529191607083a424ddd9627983acb2537e9c73f8cf,97,1,1,0.09313297271728516,0.641356885433197,0.26551011204719543
B-M0,1,42,fed2454f61d42dd8f9f5651403e7c8aba82a77d8e645d8bf125f75e7c4c73861,99,1,1,0.09476389735937119,0.6379814147949219,0.26725468039512634
B-M0,1,42,8265981c42a1d2d7ece956a8e83fc2766c03bd9b677b5188edf9e65cae717f0f,100,0,1,0.19316980242729187,0.702235996723175,0.10459420084953308
B-M0,1,42,4b4303e1d9cff307886f30665c8e6fb57047e2e8f3cc39e2126b16700e3bf126,101,2,2,0.0346151739358902,0.44154390692710876,0.5238409042358398
B-M0,1,42,ffd718c11411f17305eebe2c3fd8eae0b394e9127366a0ffb1165fbe02224135,108,1,1,0.1295280009508133,0.6893431544303894,0.18112881481647491
B-M0,1,42,ff7ddca54e1e9620918ba02dbfe35985a655c87ef1a72ab4ba4d13faa4ead2b0,112,1,1,0.19689691066741943,0.6996195912361145,0.10348347574472427
B-M0,1,42,e27b2368d103c92aa6d3db8b15bcb6a45f02a1799208f1d626eea765d93b4f20,120,1,1,0.0636012852191925,0.5667434334754944,0.3696552515029907
B-M0,1,42,399489b6079af091f33320276c7ad2db3c791129a3edbff5b530c66d32cd7e72,121,1,1,0.07225694507360458,0.5953454971313477,0.33239758014678955
B-M0,1,42,e8cd3aa07ded082c0e9d0cd5ce68316e2c88e74da438e4b08e8a1e9f962c9394,127,1,1,0.17850501835346222,0.7016746401786804,0.11982034891843796
B-M0,1,42,70be8a47e5d22077d37988cb4d32c132724a3d1b083ef9ab0b06313f0bf6c905,133,1,1,0.11940737068653107,0.671897292137146,0.20869529247283936
B-M0,1,42,be8334d7f47b288facef26257cb6b44fcf616cd19090b942b3e21a6312189a8d,144,1,1,0.1173362135887146,0.675359308719635,0.2073044776916504
B-M0,1,42,c047c292b4e87b40d0e8d2cdb5f5aa7e0bbd22946a70c373ef6dd5c6576bc932,151,1,1,0.0625385195016861,0.5700320601463318,0.3674294352531433
B-M0,1,42,20a9a7e6d4cf66384115e0a7ecc18f09cf1f9b2d051f34bc82d7b170955376d4,152,1,1,0.1173362135887146,0.675359308719635,0.2073044776916504
B-M0,1,42,a7f1f0bec4d0eecfb4bebc52d748706df58b74a54e32f07189d46c9495ae3d09,158,1,1,0.13181862235069275,0.6858315467834473,0.18234989047050476
B-M0,1,42,a46bacc86e6d6f2966c8bc9b007be70048a778a3e7dc54762fa3c06ca3dd0a6b,160,1,1,0.13181862235069275,0.6858315467834473,0.18234989047050476
B-M0,1,42,aee4b0ad4df2a5b974c0fae78b5f15de2ba0da9ff62a1f1845fe8490f931efbb,164,1,1,0.17850501835346222,0.7016746401786804,0.11982034891843796
B-M0,1,42,f4f2eaa4ae88e92cfa57b3aff8b8ebc91d59f1c9a27803fe90c6ef8b768a6d4e,165,1,1,0.08298976719379425,0.6180902123451233,0.2989199757575989
B-M0,1,42,638a470d918dbfbf5afd33eb58e7ac2868a43d0e4dbaab3029db5101a1edce71,166,1,1,0.15835939347743988,0.7044049501419067,0.13723567128181458
B-M0,1,42,03c73563087c1329943a56cf316a054838d232eb12bf400763e97af8a779fc3d,172,0,1,0.16113772988319397,0.7007203698158264,0.13814188539981842
B-M0,1,42,36fc8ba21c05df93f037cf32ffb47c54f5fded8ce374e0e9cf11353791e881ac,176,1,1,0.2115633636713028,0.6954895257949829,0.09294705837965012
B-M0,1,42,3be1ee30e134a9ae90bc1593ea32cf65047070817401a9aeb18c76efaca04541,178,0,1,0.22585634887218475,0.6872712969779968,0.08687235414981842
B-M0,1,42,4d7423cf2ff542521716737a2b82d95c940025a9d28aea9f135e73d793d959f0,183,2,2,0.0346151739358902,0.44154390692710876,0.5238409042358398
B-M0,1,42,03b5b9fbb1e8685d2aea12d701a8548fbf66e988d3965beff90d610215a6fc96,185,2,2,0.02948511205613613,0.40676265954971313,0.5637522339820862
B-M0,1,42,842bac774d6c086dd6b92fdb78413098e14bcc3af75125e7d25ca273a3e1f862,193,1,1,0.13181862235069275,0.6858315467834473,0.18234989047050476
B-M0,1,42,9a4af49b00bdc8c8c90dd9584610e62f31c1dea1496d8c77c154a1340984f0fe,201,2,1,0.07349902391433716,0.5920250415802002,0.33447587490081787
B-M0,1,42,ed7122159427b6c8635b7bcd0d7140de4dd489af9eab6fd9bd99b3ebad260d98,205,1,1,0.1173362135887146,0.675359308719635,0.2073044776916504
B-M0,1,42,038c9ee0d7794eeb1143a461c0506513b430ff5293a311f12d84535a6afbcc5c,213,1,1,0.14480961859226227,0.6966378092765808,0.1585526168346405
B-M0,1,42,aac572f07272c9f29ce150e00d2b33f7765e921ffe4e1a3c8a7aa455349ca19b,219,0,1,0.2115633636713028,0.6954895257949829,0.09294705837965012
B-M0,1,42,c6b8941e410ad8b2574b68572d59fe76bfb75291198754c7266ab3740f819f8d,223,1,1,0.11940737068653107,0.671897292137146,0.20869529247283936
B-M0,1,42,fa91a868a0b2673a241638a1e248c077d7ebbe8369c5e9c7a105ea8e0f678595,224,1,1,0.10574062168598175,0.6582272052764893,0.23603224754333496
B-M0,1,42,05dde9d4b54f7775db2292c4725eb2440e0b2dbe65d52bb4c05c347040ae90da,227,1,1,0.1173362135887146,0.675359308719635,0.2073044776916504
B-M0,1,42,0e1e5a60db31ca1ff4e88932ce8fb8133c0cae740186c0eecba980565edeeec1,232,1,1,0.09476389735937119,0.6379814147949219,0.26725468039512634
B-M0,1,42,78bf7a927103b0adf2a93a132f44f2411946196d038bf6822cb2eeb2f851ab2c,241,1,1,0.14735852181911469,0.6930329203605652,0.15960854291915894
B-M0,1,42,4e05a768be51893f790163c79ad042b9bf59de08bccbba7bd25c8877c53ebcdf,243,2,1,0.04752882197499275,0.5067234635353088,0.4457477033138275
B-M0,1,42,40f57c13c26aa660145ccd9e9ad6cf7435aba21e0ecb869b65ca110bad79d9bc,244,1,1,0.08157043904066086,0.6214284300804138,0.2970011532306671
B-M0,1,42,820af5dd1d43687408ee96791d977e5768628d5dd9718275f49012ab8be7c7da,246,1,1,0.08298976719379425,0.6180902123451233,0.2989199757575989
B-M0,1,42,2fea83fd72f31c3ed98d355952e0dca5903ca77045d520014559b3131ab53449,249,1,1,0.10574062168598175,0.6582272052764893,0.23603224754333496
B-M0,1,42,3567553d36285ad28e9947ecc399152b059b63fa0d14e93da3fa60f88729589b,253,1,1,0.16113772988319397,0.7007203698158264,0.13814188539981842
B-M0,1,42,a71a645737db58ca85f16857a87566dbd0644a509be1426ceec155ba4b32a46a,254,1,1,0.20665067434310913,0.6953868865966797,0.0979623794555664
B-M0,1,42,a32d5c6de3dc8a8d1a538283ab55eeaf55b9cf8e25aa347f9451fa80920ab0dd,255,0,1,0.24076350033283234,0.6781601905822754,0.08107629418373108
B-M0,1,42,c6d9905e1108342a5a39e558796801aaef2123ede509df6c737dc2968cb80334,259,1,1,0.14480961859226227,0.6966378092765808,0.1585526168346405
B-M0,1,42,cf04de454501b8a0be83713c4b298369ec62ac21cd8f30857e05891dcef22cc6,261,1,1,0.08298976719379425,0.6180902123451233,0.2989199757575989
B-M0,1,42,3d8d9b0265e3f1fa1f9dced7be94a31b2d44253a703333fe32683be701e1e391,273,1,1,0.13181862235069275,0.6858315467834473,0.18234989047050476
B-M0,1,42,f048327f0da983b65f4ac626e1b417339b356d60f7641609e9f999aa25dd1b64,274,1,1,0.17545782029628754,0.705487072467804,0.11905508488416672
B-M0,1,42,2fc3c8e1b6058fdb8ba34e10c4f11c5c96a490da8c44557f51f272e135b276d2,276,2,2,0.04101806879043579,0.4729554355144501,0.48602646589279175
B-M0,1,42,c215aa987795131b42e2cd8a6c43e525423612ee007a6ced32e8263bda4ad92a,289,2,1,0.05561612546443939,0.5359848141670227,0.4083990156650543
B-M0,1,42,4560a7ae21f3fb4ac2db6ffe58ddb475ac41d6dc383b998d4c568b31ae65a35c,290,1,1,0.16113772988319397,0.7007203698158264,0.13814188539981842
B-M0,1,42,609e2c6bb80163f064286be493c35084947f767a9fca5159a6007ea7d78d1b8e,291,1,1,0.14480961859226227,0.6966378092765808,0.1585526168346405
B-M0,1,42,912f7b7365227a32858a2d927685373d6780e508ef7ac83760fb9ec5aaa1aefc,293,1,1,0.11940737068653107,0.671897292137146,0.20869529247283936
B-M0,1,42,97b9091925addb08c1cd2c6078d0de2bf8172b17115de938b77ad77357d5ea5b,309,1,1,0.13414078950881958,0.6822923421859741,0.18356692790985107
B-M0,1,42,19d6ef82b2a921d77a5573e974ea081845479ae43b183f176897858ed8e06b84,312,2,2,0.0346151739358902,0.44154390692710876,0.5238409042358398
B-M0,1,42,4791bf9d1d5d0230ab90f16f29614b48ab82e5801b82082235ff9b4358d29def,316,2,2,0.04101806879043579,0.4729554355144501,0.48602646589279175
B-M0,1,42,9e12aa0dbe5c0aaa2470ead8d7629926f8b65403a6699dffbfef210eb25d80d8,319,1,1,0.11940737068653107,0.671897292137146,0.20869529247283936
B-M0,1,42,4dcb168e09d4d7893d639ca45b73e7538eb8bbdf4d053e76233e29ffd3010c99,326,1,1,0.08298976719379425,0.6180902123451233,0.2989199757575989
B-M0,1,42,cc8929500a996b83f8e58e90d5c2ffadb7b9bc20866921118795138fea402ecf,335,2,2,0.024581536650657654,0.3751540780067444,0.6002643704414368
B-M0,1,42,f9d294cba21968ac5c7aca6b858728c55a8a06c37c1bd8489ed5b184ed97e39e,336,2,2,0.04101806879043579,0.4729554355144501,0.48602646589279175
B-M0,1,42,f2a7a0438ec81419aed4432eca97e3bf6a7996b3abcab7bd2b0cb5ea5936ca0c,343,2,2,0.02948511205613613,0.40676265954971313,0.5637522339820862
B-M0,1,42,57374dc57848f9f7545dfff9c90d14265d0a66c20014fed384c8a1aaab2a8657,344,2,2,0.017725490033626556,0.32053425908088684,0.6617401838302612
B-M0,1,42,e59d303b3c9921823705d178211a81f3167a2b5c2bedd55a2e440ae6fb609a66,346,1,1,0.09476389735937119,0.6379814147949219,0.26725468039512634
B-M0,1,42,e43bb85cc9f4c204c3b80fc593900bce375e9f42be96d02f335f2f42c13c4ba8,349,2,2,0.017725490033626556,0.32053425908088684,0.6617401838302612
B-M0,1,42,eb7b92a2b390dbb093e40e2495530b65be730eb752eccbf260be04ff31496b11,352,1,1,0.16113772988319397,0.7007203698158264,0.13814188539981842
B-M0,1,42,99a93936da7984b3ce75763a91a3493bbe7f16283b2ccde42c3d93bff3fc70e1,353,1,1,0.16113772988319397,0.7007203698158264,0.13814188539981842
B-M0,1,42,fdc3d5fa14c1a4086c5b7caf79828cce0d013ff497cbe8eb15c09905a3f4457c,366,1,1,0.10574062168598175,0.6582272052764893,0.23603224754333496
B-M0,1,42,ed55a6f2ea598cc2a90f6b9b6e489d7f1bf59f58579eeba23f34ffb5a4476757,367,1,1,0.11940737068653107,0.671897292137146,0.20869529247283936
B-M0,1,42,a538958f863560cab82c81c2af21b948645d77515ec607b6158507d95fe5123d,370,0,1,0.22585634887218475,0.6872712969779968,0.08687235414981842
B-M0,1,42,e76f79b797b47271b05802f3737b53b3378b0b1529fd9314fa2a492b6167ac66,372,1,1,0.07225694507360458,0.5953454971313477,0.33239758014678955
B-M0,1,42,2965eb77c7507629cf30cf7647115971bc3fbc079b0679ddae18c5a7f6088ba0,375,2,1,0.0636012852191925,0.5667434334754944,0.3696552515029907
B-M0,1,42,447fa75d82f2da45bc471afc5b9273f8007746f7c1e6608e7f7e080582a7ea08,376,1,1,0.0636012852191925,0.5667434334754944,0.3696552515029907
B-M0,1,42,4f4abcb7188e73e10ca68b718d456e0239c4dcb6875e1c3c69a419fec225e1ce,379,1,1,0.14480961859226227,0.6966378092765808,0.1585526168346405
B-M0,1,42,dce71741a22feecd18d4a68d6dac14f53d1b585efa9029d2d7f6caf10ef1d09a,385,1,1,0.17545782029628754,0.705487072467804,0.11905508488416672
B-M0,1,42,0a3effbdec3cb466bafb0f3db000792529f8a18b89f03e2f2a477a57ccb23447,390,1,1,0.07225694507360458,0.5953454971313477,0.33239758014678955
B-M0,1,42,64edd6fd449505aaf4ce23b5e8fd239af0c6c1b9b8ec3b6283f29aa63786d55d,392,2,1,0.09476389735937119,0.6379814147949219,0.26725468039512634
B-M0,1,42,3aa2f113241cf12a1f41976ff0bf7942caae7298859aebfd67c1ddd2a115c9f5,393,2,1,0.0636012852191925,0.5667434334754944,0.3696552515029907
B-M0,1,42,7e00b595bb6999487c74eb830249fdf599a16fe836019185747560a7869a2ea9,401,1,1,0.07225694507360458,0.5953454971313477,0.33239758014678955
B-M0,1,42,af3e8a8edbc429d6e82a0234c201d8cc278db4fd145a68015fd1ab8785e57275,407,1,1,0.14994172751903534,0.6893980503082275,0.16066016256809235
B-M0,1,42,f5c1f313b06ba018dffafebe7e936f738c7877b1fd7def93331d973a91083ec4,409,2,1,0.07349902391433716,0.5920250415802002,0.33447587490081787
B-M0,1,42,a27435e31856096b869dad34f04f50c26e43660a66718f5643ee8ed2eb51af26,414,2,1,0.08588879555463791,0.6113665103912354,0.30274471640586853
B-M0,1,42,447b6eaaa01f44759a3e84e1ae3292b980e1e40bbca619439c1154c93b6ba928,420,2,2,0.041677072644233704,0.4697980582714081,0.4885249137878418
B-M0,1,42,a497a87c94bd318bdbd3ec6561590a06ed35ab4e87ca913472fb109a78f8bbc9,433,1,1,0.07349902391433716,0.5920250415802002,0.33447587490081787
B-M0,1,42,652e6865f9acddc8831b8ce218dbe9e6235e8c801d2bbf80d878c249871281f8,440,0,1,0.3172345459461212,0.6225021481513977,0.06026327982544899
B-M0,1,42,d63a26a5f8c21cfced4f4ebdcc520a460308329d0c2f1685f083d2ed9ab0b639,442,1,1,0.09476389735937119,0.6379814147949219,0.26725468039512634
B-M0,1,42,7b04f1d594f7376a2f050ee49b8349c5ef562e371b59041d74381aaf3f28418b,443,0,1,0.2309892773628235,0.6866702437400818,0.0823405310511589
B-M0,1,42,a6b0e9b589ed3f6caa4497791751bb855f8ff7bd71783f5676489298a186db22,455,0,1,0.17850501835346222,0.7016746401786804,0.11982034891843796
B-M0,1,42,afa6daaad76b24e7324cb78b11b89285577dc8bbfcf69fd9a2858f75d0d2d255,466,1,1,0.17545782029628754,0.705487072467804,0.11905508488416672
B-M0,1,42,ecddaa9fb5fe0229e957962b58fa482e6fb92d8f808ec76bf3448ae1f9070c00,468,1,1,0.09313297271728516,0.641356885433197,0.26551011204719543
B-M0,1,42,3a7f050103c325de4173d8ce18ea31c2b8a5424d5ca15132d1d2e938a40e25f1,470,1,1,0.09313297271728516,0.641356885433197,0.26551011204719543
B-M0,1,42,d6c2e29b139b700ff7f46855f1fbce6d187c897106391edbf79fbf80ed1f1c14,471,1,1,0.1173362135887146,0.675359308719635,0.2073044776916504
B-M0,1,42,9d1ad6603c4fc4417efe8b4d68b4771693ebeb51d9cc5fc47e7d55d6a396ae28,479,1,1,0.19316980242729187,0.702235996723175,0.10459420084953308
B-M0,1,42,d3dcab46cc222b84f1ffdcca86f298db97158c380bc905a790185b05af010c3d,488,0,1,0.2309892773628235,0.6866702437400818,0.0823405310511589
B-M0,1,42,8e66ea34596e3d99a63ea5e1e0165c156c716d735eff28f761ac0ed48e7252b4,491,0,1,0.24607546627521515,0.6771275997161865,0.0767970010638237
B-M0,1,42,f84b59feebc9f4c0c496f360f1ca19bbe2d5beeb52f49c9fc163d951a96cd776,502,0,1,0.18848544359207153,0.701392650604248,0.11012183874845505
B-M0,1,42,6c25dd980ae55d61fd3c42c5c5e6030ac2dddb2fcce89e3ba55d1ed3f42fab9e,505,1,1,0.13181862235069275,0.6858315467834473,0.18234989047050476
B-M0,1,42,2df6a5e9d91cfa9be614ad5f9caee8cc67f367e07626e56fc4f67efbfaceff1f,514,0,1,0.26993411779403687,0.6602373123168945,0.0698285922408104
B-M0,1,42,efb4d196f4193d1291a1cfb89719e049b970e0bf437f8a7e200e7362d60ca360,522,0,1,0.22585634887218475,0.6872712969779968,0.08687235414981842
B-M0,1,42,c79ed7e1c220976e51dd4332360fd4507729186d68877b8df22893d4867d9530,526,1,1,0.07349902391433716,0.5920250415802002,0.33447587490081787
B-M0,1,42,d1ad465a150c1a7e96ab02a505ebb64e6d4a4d6ed85a8269d159aae2333f6aab,538,1,1,0.13181862235069275,0.6858315467834473,0.18234989047050476
B-M0,1,42,bb9a219543e713c160a8c0a5217ff0448abee776e104949e51d702515e4d91d8,545,0,1,0.2115633636713028,0.6954895257949829,0.09294705837965012
B-M0,1,42,e04e7d38a93aac3cae8930e1afcc919894b9a520fcb4dca988b331ff9b2900f1,550,1,1,0.09476389735937119,0.6379814147949219,0.26725468039512634
B-M0,1,42,7c393fcb8c6e7a0bd9c175f589c70e5aa04536220517e7b236f9e14bf21c6822,552,1,1,0.19316980242729187,0.702235996723175,0.10459420084953308
B-M0,1,42,acb36f95ba3fa4630d97646560eebd228e5df633a2b53197160afadbac82d3d7,555,1,1,0.07349902391433716,0.5920250415802002,0.33447587490081787
B-M0,1,42,2f662e03b27bfb4526a71add2807e7200b7744865e734e627c558dbfcd716b5d,570,0,1,0.24607546627521515,0.6771275997161865,0.0767970010638237
B-M0,1,42,cbff20bc53e43cdc376274e957b0ffc5d0e44adc151c80bdf4bbcae92be525c1,579,0,1,0.17850501835346222,0.7016746401786804,0.11982034891843796
B-M0,1,42,27810cd10888196a27cced776fd1436adf51d1cae60009f0c7ef8058309b1000,583,0,1,0.2562723457813263,0.6681734323501587,0.07555430382490158
B-M0,1,42,11f088393304daadcce4ef6f7aeb11030a552f71b38036237f26bfcd5781383c,593,1,1,0.09476389735937119,0.6379814147949219,0.26725468039512634
B-M0,1,42,f1c806ba37d90be9bd2c5d433faae60be09e78bd25bdd026832fc63f5b765d18,595,2,2,0.024581536650657654,0.3751540780067444,0.6002643704414368
B-M0,1,42,e452e684933e73c5030cb56fab663ab3633a1033ce3f9525ca49c259cb1ed4b7,603,0,1,0.3321678936481476,0.6147999167442322,0.05303220450878143
B-M0,1,42,fecb7614f4f605bdc5a580d71a1b278aede770767de1712824a679c6ef5d62c5,606,2,2,0.017725490033626556,0.32053425908088684,0.6617401838302612
B-M0,1,42,b08cc7b11c2239e58759422b6bf5a2d08f13ee0ebbe8cc8c7d36f98a1fed1f20,608,1,1,0.19689691066741943,0.6996195912361145,0.10348347574472427
B-M0,1,42,2ca5957ec014c711ba4a9356fa48dce7c2814b7c34ce6430ed68fa5e83b052e6,609,1,1,0.13181862235069275,0.6858315467834473,0.18234989047050476
B-M0,1,42,cbabb7d95eace71c3efce48e034e79054df0c1930a226772f3ea9a3f42eb2cad,612,1,1,0.14735852181911469,0.6930329203605652,0.15960854291915894
B-M0,1,42,0bc52b5e19aa1667f7fbc7756b07899f366c304e861f02d85e0aef1f64de3cbe,614,1,1,0.10574062168598175,0.6582272052764893,0.23603224754333496
B-M0,1,42,352f35ab026498342b42592c28f2e2be9498c17dfa667c80faea045076e8af7f,619,1,1,0.09313297271728516,0.641356885433197,0.26551011204719543
B-M0,1,42,f73037bf5bb7948b4d6c45d2a9d27260dd1e3d46d4cda2bb4658f1b9abe5c35c,627,1,1,0.17850501835346222,0.7016746401786804,0.11982034891843796
B-M0,1,42,7ccf5e3af45d32c2b891424dd669788c94857f3adff5795a33e4b30a42f41db3,643,1,1,0.2309892773628235,0.6866702437400818,0.0823405310511589
B-M0,1,42,1f87f903f6991bf3f713838f4ac2d9b2d167b93ad3fc82cd0bb8919543bca220,648,1,1,0.14735852181911469,0.6930329203605652,0.15960854291915894
B-M0,2,42,3d0d1c44ebc74d642e0c609d5dd4b5cfb467ae332a035c679b0c27cdd1ec168f,25,1,1,0.21140334010124207,0.6099227666854858,0.1786738783121109
B-M0,2,42,c346e57479e178e7b054371aa9a5f68b51e42c0e4a895346230cc32926dff8fe,27,1,1,0.20997609198093414,0.611404299736023,0.17861966788768768
B-M0,2,42,3abda39dd64284c601a97a2fbab4b8034dd42e259e9b097ab0138698fe51f5fb,28,1,1,0.2071225494146347,0.61569744348526,0.1771799772977829
B-M0,2,42,ff103515b8dd75894b97d53c0362207acd3e41b19365124568cce40e99ab29d0,36,1,1,0.20482085645198822,0.6174439787864685,0.17773514986038208
B-M0,2,42,6c1ff6b4722162e99085258b374ec75e9c250758b590e5d0c7e5e90d433283f1,40,1,1,0.20997609198093414,0.611404299736023,0.17861966788768768
B-M0,2,42,f9808139012c8b222496cdbc2c5823f5a200c1ca0c9a76838b16271cb6491b49,41,1,1,0.21140334010124207,0.6099227666854858,0.1786738783121109
B-M0,2,42,b65ef40f602471b10735bf76d635b6e867318fbd3b2d79eb292d182ebc52fee1,45,1,1,0.21140334010124207,0.6099227666854858,0.1786738783121109
B-M0,2,42,30dc43bca87dffff763ecab81971977dd0e0eb2ebbba3e56ea466f30648308d6,51,2,1,0.20245356857776642,0.6190949082374573,0.17845149338245392
B-M0,2,42,fffdee90b6ab369ed3b441fc0d5835dec1e0da61263172332ba409239a1b6065,79,1,1,0.20855574309825897,0.6128811836242676,0.17856308817863464
B-M0,2,42,c3aa2339fdff357a10a7d1d16826e1158de5efda7de8df9d86f076ca2646b95d,81,0,1,0.21430277824401855,0.6042536497116089,0.18144364655017853
B-M0,2,42,10de938d451cc9cfe6d0ead0b6a8f760560120b56b7ed89b2dc4f651e5451669,82,1,1,0.20855574309825897,0.6128811836242676,0.17856308817863464
B-M0,2,42,eb359b8ed9a4e0197c1d1ab325e0047ecbec907011dd47ad227dce8c761f9a7b,104,2,1,0.20318837463855743,0.6175085306167603,0.1793031245470047
B-M0,2,42,686e797782deb880befa085462a001874deb90f59e8bd4f579869b6b3cc30dda,111,1,1,0.20997609198093414,0.611404299736023,0.17861966788768768
B-M0,2,42,f56c2b2dd4b088427127b4d3efd30492502e057dc35df92f37e390e9ff866182,113,2,1,0.20042037963867188,0.6216021180152893,0.17797742784023285
B-M0,2,42,8df88942cba699e578f85da548ac43c04023d6e3124e0d909bedcf225ee6ce88,117,2,1,0.20482085645198822,0.6174439787864685,0.17773514986038208
B-M0,2,42,10698694323dfb803f5936e348a7facb60fabbb04e356449705169347027f85d,125,0,1,0.21574915945529938,0.6027607917785645,0.18149006366729736
B-M0,2,42,f58ebfd4557154ffbcb785a4e55bb6649accdb99c66e82c58ed1bee08f674e8e,128,2,1,0.20482085645198822,0.6174439787864685,0.17773514986038208
B-M0,2,42,64d4f18b3b12675504880cd0dc7ecf25b60fc04bfdbec355bc38419bb2d7c415,135,1,1,0.20326575636863708,0.6190641522407532,0.17767001688480377
B-M0,2,42,237d8870453dad85e4a690f5ef5b3a88e992a5aa74dfe4b4b5a16a1db596e4fe,140,1,1,0.21430277824401855,0.6042536497116089,0.18144364655017853
B-M0,2,42,6cb1a3bd78701f948722853f3ff484b4a62afa283c31e3d9ba8e2ab088574ba2,141,1,1,0.204450324177742,0.6182370185852051,0.1773126721382141
B-M0,2,42,ddbe9a19eeb2b15127963e53920ddb3080cf3605be4e5412f985652dc3282606,143,1,1,0.20855574309825897,0.6128811836242676,0.17856308817863464
B-M0,2,42,0baae3864d2aa3d4aa2751efdb33ff2ab5c818f532230e2e93483176c0226769,147,1,1,0.20601214468479156,0.6166120767593384,0.1773757040500641
B-M0,2,42,ffecc433675dacb5aa9570aab766c7b1c9116acb4109af9e6863d3341000315a,149,1,1,0.21283745765686035,0.6084368228912354,0.1787257343530655
B-M0,2,42,fa5daee0d7df009faf4c0e08a703bbc8db8c1ae32e4f684b7085649c9d548453,156,1,1,0.2071225494146347,0.61569744348526,0.1771799772977829
B-M0,2,42,81c654f9d5f5591c63de46ec2f8de90d5778222531f6dc2ca93dfe9653b873c6,175,0,1,0.22308489680290222,0.5911771059036255,0.1857379823923111
B-M0,2,42,0f1626989b6efba0ed821b04af2ce1ef2dd90be67fee5303e0aeb890e84e656a,179,0,1,0.220136359333992,0.5955531597137451,0.18431052565574646
B-M0,2,42,dc041fdcc3cbcfb79f4de07118d4868642025a233a983d551502cd5c96d20552,180,1,1,0.21429196000099182,0.6056023836135864,0.18010564148426056
B-M0,2,42,4bc56ddaf0f7e559d24c60f59a6cf7edbd7b915799dadce516c430ac85a7696b,188,2,1,0.20482085645198822,0.6174439787864685,0.17773514986038208
B-M0,2,42,f388cc4e3fa7c3eb79bcc7b0c0c92fff99e4fb329900ed50bfeb4f870f49792e,189,1,1,0.21140334010124207,0.6099227666854858,0.1786738783121109
B-M0,2,42,e4513c3d95a31cb9b2e70ba9aac54b1937bbbfb1fce1e4e3eaf07f94259ecb86,192,1,1,0.21430277824401855,0.6042536497116089,0.18144364655017853
B-M0,2,42,ed46b4dc3fcd5fab1ada22a6d188180240af8e738c547e3f26fc65506b077a12,195,1,1,0.20853672921657562,0.6142241954803467,0.17723910510540009
B-M0,2,42,ac305df5cdc5f1b0801b93d200a6dfb28ed119ce4795422a08ad3057488758ce,197,1,1,0.204450324177742,0.6182370185852051,0.1773126721382141
B-M0,2,42,ac49935da3ee5b02cec9247a78be9b546c635c54aa6988081e4fe8709663d2f9,202,1,1,0.20697233080863953,0.6160171031951904,0.17701056599617004
B-M0,2,42,ea5f3b7855c7c13d408bff3ff046c47d194d636ff9d1cd41a54051e642651080,207,1,1,0.2114182859659195,0.608576774597168,0.18000490963459015
B-M0,2,42,24fd68e79a2159278d68b9fa03c7a306d89444b373e4ed956a552290b7163fd5,208,1,1,0.20571531355381012,0.6171661615371704,0.17711852490901947
B-M0,2,42,1c5812f23059c8affe3af759b6ead8c2c38b856307cb70a58a6806f14bcd7133,209,2,1,0.20519152283668518,0.6166503429412842,0.17815811932086945
B-M0,2,42,6ab8e0705e7b40a64b138c0755ac0e4974492c819c3a3104cb9fdf9bb5c5833e,210,1,1,0.20567111670970917,0.6172798275947571,0.17704908549785614
B-M0,2,42,a5e5532a8001b1d35b8d647ec7c6de5bd09b0cc81ab543a66c4b92d00869a830,212,2,1,0.20519152283668518,0.6166503429412842,0.17815811932086945
B-M0,2,42,4cd62e95948bd1b704bbcb35b4c07c1ce891fe8d8603fa8d7d55722149152d09,215,1,1,0.20853672921657562,0.6142241954803467,0.17723910510540009
B-M0,2,42,41c314fd5e526b07168ea8735e420c8fd4da4cb146f0cb7b53a0b2e383de5f71,216,2,1,0.20519152283668518,0.6166503429412842,0.17815811932086945
B-M0,2,42,c52893a6a9c59524615c570b972166e20fb5dc1939f7f8a0a444a854ad8b5954,217,1,1,0.20567111670970917,0.6172798275947571,0.17704908549785614
B-M0,2,42,ef6d74ead7c9dae1edd8b999fa30b355c27c4fa0917c2b6342686959821c01fa,226,1,1,0.20567111670970917,0.6172798275947571,0.17704908549785614
B-M0,2,42,a2010d08bf5544fb2f61ba56db0cc9b5b6d58a43b3e7a8155eae755a2ab63922,230,1,1,0.2128632366657257,0.6057419776916504,0.1813947856426239
B-M0,2,42,ea6ce91f0cda3fa98f7b745b9580fd6b0403056870eb76c5fcf66334679dd7ee,234,1,1,0.2114182859659195,0.608576774597168,0.18000490963459015
B-M0,2,42,c6d8fdfaebcc9424104991f6e1b2ae52cfc74b01f006f573c65d6403e27860c4,235,1,1,0.2071225494146347,0.61569744348526,0.1771799772977829
B-M0,2,42,81b41de2fc119a6be204b22f6f400b640dae3281ad7449e09c510a3179f3e514,237,1,1,0.21430277824401855,0.6042536497116089,0.18144364655017853
B-M0,2,42,8ef03a12bf26544326b83a924d78b17a626323183f000e61b0e1269d5151d713,239,0,1,0.2186681628227234,0.5984116792678833,0.18292012810707092
B-M0,2,42,e65cba4765702c555356fe2b6fc3183b7079396880ffa82b6303a59358a1b860,240,2,1,0.2025880217552185,0.6174774169921875,0.179934561252594
B-M0,2,42,aef48ae8e8f8321f0e29c116e8187c697962ab80108f224eef0febe59017821b,256,0,1,0.22013425827026367,0.5969069004058838,0.18295884132385254
B-M0,2,42,4e704048021bafbeb44effb9e508d4cef59a712f89bd368f81f564485127cc02,270,2,1,0.20519152283668518,0.6166503429412842,0.17815811932086945
B-M0,2,42,6e7973c8c4ee77c326ae4010b1418b788a5630854185affb484685e8d73a7084,272,2,1,0.20601214468479156,0.6166120767593384,0.1773757040500641
B-M0,2,42,111d930258015ff415cf618a5446916b948c63467161ea1a20e0915119b50244,275,1,1,0.20999176800251007,0.6100572943687439,0.17995095252990723
B-M0,2,42,b66a61f7e4e30927c1735a3306a7e4fd6cf9b017aa1b11eacd63c9f666c7ac77,277,1,1,0.2114182859659195,0.608576774597168,0.18000490963459015
B-M0,2,42,3366e3e79bb817fbb8c139710399b5e5e682684683af108e41f6f8f47bb2ead8,278,1,1,0.21138563752174377,0.6112638711929321,0.17735040187835693
B-M0,2,42,ef27b562eab370d5506b6031d90875e2bf94890dc4f57239be5af639fc2bb2d3,281,1,1,0.20853672921657562,0.6142241954803467,0.17723910510540009
B-M0,2,42,54a5824b809802628fc226bf21773286f73e6051e62d9cec2df3e81d93197bde,285,1,1,0.204450324177742,0.6182370185852051,0.1773126721382141
B-M0,2,42,0bb5ed634b92cd4e23359fa5c9f0f46eb531bfa0976bdd29a00e52fbed97e135,286,1,1,0.2071225494146347,0.61569744348526,0.1771799772977829
B-M0,2,42,7ccb05337d74117430e9fdf9897cd7110c354bd737a7229f86fe605f50969092,288,1,1,0.2071225494146347,0.61569744348526,0.1771799772977829
B-M0,2,42,d989513ebc9b816b08d15039e20aff3eeac96a4c9cd17e51afaa8a05ead60f2f,295,1,1,0.20827952027320862,0.6147502660751343,0.17697012424468994
B-M0,2,42,29fe4b61c9b555bb9cc208302b5dc991e41580d993fe5cf0832053f62f80be27,296,2,1,0.20318837463855743,0.6175085306167603,0.1793031245470047
B-M0,2,42,a347405d861f7182f5157435b676ea5452b581ebf8b34c65c740ee6696256750,298,1,1,0.21140334010124207,0.6099227666854858,0.1786738783121109
B-M0,2,42,ba77ac0a50dbbe13d7bd6839ae32c5eb1febed467656cd2322a11c5b3f747b65,302,1,1,0.21140334010124207,0.6099227666854858,0.1786738783121109
B-M0,2,42,8bbb88b5de9002160126d07b53f3cd2825868930b27f08e4ff4760a9c179699f,305,0,1,0.2186681628227234,0.5984116792678833,0.18292012810707092
B-M0,2,42,b1ee4d7e89869caeb050bf6a44961b049d9934b92e5ee40bc7e869b645348de0,307,1,1,0.20997609198093414,0.611404299736023,0.17861966788768768
B-M0,2,42,e03a5d8fb20a6ea99425f7eb791e67ae67db33777225bd74107066b76cbd37ab,317,1,1,0.2071225494146347,0.61569744348526,0.1771799772977829
B-M0,2,42,727f74ba1c3c4c66b1f6b4556991e45b07a8df2d9d01846546f6627456d8494f,318,1,1,0.21143054962158203,0.6072259545326233,0.18134351074695587
B-M0,2,42,d3a134515041870d4095cf6ae0a7325769f957b530f530c1edbabeaa7c0c7273,320,1,1,0.20434413850307465,0.6185120940208435,0.17714373767375946
B-M0,2,42,980f2c93c9c03ec6203a0bdaeef81159a3cfe8ed1f28387385d9f45010302142,333,1,1,0.20567111670970917,0.6172798275947571,0.17704908549785614
B-M0,2,42,a66c4452b850b95377077697aac825a263e323984b1e8a1b5c25b1f3bbf86b4a,334,2,1,0.20519152283668518,0.6166503429412842,0.17815811932086945
B-M0,2,42,9f3c666f41f67c4d1304118a8d2927642bae1db9e3d7be9fec6431a472638621,339,2,1,0.20519152283668518,0.6166503429412842,0.17815811932086945
B-M0,2,42,276a41fcaefc7b0f5b533b227d35bd303c63f762bbf766628024ce36f9313bf9,348,2,1,0.20318837463855743,0.6175085306167603,0.1793031245470047
B-M0,2,42,b5271dc00037ef4441d0e9b55a7b122c6981acc750495290fdf2d1171ec45e4a,355,1,1,0.20853672921657562,0.6142241954803467,0.17723910510540009
B-M0,2,42,e77bd94004a0442aa632c906e2f4e997e00b478cf23900001f6d06ec63cb3ef3,360,1,1,0.20853672921657562,0.6142241954803467,0.17723910510540009
B-M0,2,42,584086a779fa152c0679d9786c1e33c602944084d5cf48f6c0e7dbbac810bd87,363,1,1,0.20853672921657562,0.6142241954803467,0.17723910510540009
B-M0,2,42,1467b04a49c306baf2f2d7d4fd94a9e1d2b0b5a630fc1defcbc2ec8916da6c13,368,1,1,0.2172023504972458,0.6012635827064514,0.18153409659862518
B-M0,2,42,aa253d0c7343d07a4854487d2aea858f473eee151b96c2ce40bedb2ee8437306,388,1,1,0.21140334010124207,0.6099227666854858,0.1786738783121109
B-M0,2,42,a7a9ca7a19cbb70fe7a0ce5094b6f1add89f5b24cedf3415b2882b501c43ca03,389,1,1,0.21430277824401855,0.6042536497116089,0.18144364655017853
B-M0,2,42,4e2eb26c0fe972eab4b5b004faa49b46156fd4ee3808d325d7e5594a79414a9c,398,1,1,0.20853672921657562,0.6142241954803467,0.17723910510540009
B-M0,2,42,eab697c8c1d27212af84b30e24e32008b1ecbc67472a7ff95ba552ee19c0db40,406,1,1,0.20959272980690002,0.613479495048523,0.176927849650383
B-M0,2,42,b76ae4c5df31d41a628c2eac6d63a7191c5c814c94f0f8c36f40d812e2089f6b,412,2,1,0.20617039501667023,0.61491459608078,0.17891505360603333
B-M0,2,42,8a75076ea3879d0bf0dd017d05b4a245801a302e7b000b0a7b9c1cdb94ca975d,413,1,1,0.21429196000099182,0.6056023836135864,0.18010564148426056
B-M0,2,42,5fff96165ae228d0b6c109dedffa29fbbe1bb5419a4e17d1eb6b6f7371638adb,416,2,1,0.20436251163482666,0.6156495213508606,0.17998792231082916
B-M0,2,42,cabc765a96e5371085f2124e0c49137c3ea6aa1d74da1cc02c830ee82ebc9b48,419,1,1,0.21572625637054443,0.6054514646530151,0.178822323679924
B-M0,2,42,3b6be63e42bced9624f2695926dd4352285f8007d59bd5bb1dd51c40b37024a1,423,1,1,0.21140334010124207,0.6099227666854858,0.1786738783121109
B-M0,2,42,f4485fff06cc355178561099fde1bff774f6df6adb1ce135820fe0e07515311a,434,1,1,0.21430277824401855,0.6042536497116089,0.18144364655017853
B-M0,2,42,e92916be0b17ba8bf1e2d3ce1809285cc94721729d1978c457f4db8c4f4101b8,436,0,1,0.2230873554944992,0.5925330519676208,0.18437962234020233
B-M0,2,42,44b0ff3b5337d07bc238578620590bdec6e1c913e99c9aedd40c7306c5136dba,437,1,1,0.20855574309825897,0.6128811836242676,0.17856308817863464
B-M0,2,42,170bd7b79b3f5e28736c07ca59bd1f2f2b5d4f0778d08d0d065dd684c879d5d7,438,1,1,0.21140334010124207,0.6099227666854858,0.1786738783121109
B-M0,2,42,e0bd5edf2a653605820916a1a17d66d2397b9ad0dd84f37cbd3fd3810e309037,446,1,1,0.20997609198093414,0.611404299736023,0.17861966788768768
B-M0,2,42,4dab921dc624739a417660847b4c0024fe177b771218333bf14e0d0d4e20aa91,448,2,1,0.20318837463855743,0.6175085306167603,0.1793031245470047
B-M0,2,42,85718d8d0d6c99912cd3eac82bdbbb72cee0878bc1891742d1d9ad494dbb5c0a,450,2,1,0.20400366187095642,0.6174783110618591,0.17851799726486206
B-M0,2,42,13495fa8b8dd9679b0eab26be9488564259999759eb940cad44c16c962ae81f7,453,0,1,0.2157564014196396,0.6014083027839661,0.18283528089523315
B-M0,2,42,0dbe677afded6fdb64050e827a3a7e21d49e0ab3138a60a2e288dd171af53944,458,1,1,0.20857208967208862,0.6115333437919617,0.17989467084407806
B-M0,2,42,30208d526f61c08aa4e9adad5f98e9a48303a9b9357da44a27292465dbc46bf3,462,1,1,0.20601214468479156,0.6166120767593384,0.1773757040500641
B-M0,2,42,ecaccecb377bfe6bfdaa2574f6cdc96491a0894b2480612d0376098a403592e1,476,0,1,0.2157564014196396,0.6014083027839661,0.18283528089523315
B-M0,2,42,c32bf43dea1035a78327d54bf13e6655b755788b7cb2b89bbd177edfc1270a1e,485,1,1,0.2114182859659195,0.608576774597168,0.18000490963459015
B-M0,2,42,aeac0b830c55c2d51b6a33e30e0be051cd140df152dd398a2eddab2a28bf9b35,489,1,1,0.2172023504972458,0.6012635827064514,0.18153409659862518
B-M0,2,42,f1f7629e3f53f2d8e749f46a993a6e72aa316c1d9c1f8b1c67c6dd1a677d2932,490,1,1,0.21283745765686035,0.6084368228912354,0.1787257343530655
B-M0,2,42,5db554cde5ce7bc9cf816db20cff72939c5d380706d527f487672a618aca59be,492,1,1,0.21573907136917114,0.604108452796936,0.18015238642692566
B-M0,2,42,64093b9f13e7c9c5796331cf22a51a3878853dd9a68ddd7e2bd97746e9a148f9,496,1,1,0.20482085645198822,0.6174439787864685,0.17773514986038208
B-M0,2,42,e01c7f73d3b9c5e56e27a66af611a14995b4b65854a282507dbf90ced9dc54ac,499,2,1,0.20179159939289093,0.6192346215248108,0.17897377908229828
B-M0,2,42,f865f3eb3350200dfbeb524ebdd2d755fefe3d4d2a2093ca5e4c3d388c760e50,504,1,1,0.20697233080863953,0.6160171031951904,0.17701056599617004
B-M0,2,42,b4ddfccd8e4d07b77338aafe76e7c9ca43343a328bbb848444a3ecb6133dc14d,507,1,1,0.20997609198093414,0.611404299736023,0.17861966788768768
B-M0,2,42,857b369ecd76d80997f03f4eb841148b4a57ca5b325132205a6ff964ff20122c,508,0,1,0.21430277824401855,0.6042536497116089,0.18144364655017853
B-M0,2,42,74137ae4e7726b7bd996489326eb22a2b8918ea0504267c8fb1fbab7f5ae7b42,509,2,1,0.20355595648288727,0.6167142987251282,0.17972968518733978
B-M0,2,42,862548383e807e3e1f19b50f24a8569b6ffb9dec43bdb049f653d08bc3af9d3a,510,2,1,0.20474202930927277,0.6158899068832397,0.17936810851097107
B-M0,2,42,50a1482d80d92dbb826319e4766efc53b1bdf8ad4e84880dca534a5dda4f5043,511,1,1,0.2128632366657257,0.6057419776916504,0.1813947856426239
B-M0,2,42,96fe6b8a15df2ad16bdc1b1426c5388a37e247e2707b5f5e0efc650981a54522,517,2,1,0.20482085645198822,0.6174439787864685,0.17773514986038208
B-M0,2,42,ec4ebe569d3745dd4c8b9698518c7aa342acae412e99da6fde3e888b7d603a83,519,0,1,0.220136359333992,0.5955531597137451,0.18431052565574646
B-M0,2,42,59e566c9593c67991a9806b91f08f73822a0101cbf3d442380b33413985e2c61,528,0,1,0.21574915945529938,0.6027607917785645,0.18149006366729736
B-M0,2,42,ff5ec594276eaf7458f2130bcf3e75b5d349c038b2b084453d15878aca86b077,535,1,1,0.21283745765686035,0.6084368228912354,0.1787257343530655
B-M0,2,42,26b4822fa63df3b3e9c29f678473792ea52b5b587e2cab81296a5a914d19b8b3,544,1,1,0.20855574309825897,0.6128811836242676,0.17856308817863464
B-M0,2,42,f4d53f6572ae8b078ab81ba0147ca9577c4911fee5434fc10bcd3664f586de6f,559,1,1,0.2071225494146347,0.61569744348526,0.1771799772977829
B-M0,2,42,1e575562ac1159a8405c09757fa2ecb84640a371604a760ff9c484986079044d,564,1,1,0.2128632366657257,0.6057419776916504,0.1813947856426239
B-M0,2,42,6fd9a47fad5e93b780be9618fa002099728d3eff67212f1dfd621d4fe09e5eca,567,0,1,0.23515397310256958,0.5719327330589294,0.19291338324546814
B-M0,2,42,c196a7c8ed3ca9e717d3bd3e95cdfe28d93e5d9cf747d077bb16d08a20a5e14a,568,0,1,0.21718095242977142,0.6039520502090454,0.17886702716350555
B-M0,2,42,882cedeb9fc2ec46872ae63c3be3b86e9760a8947f6a1cb1a2e0b94eaefa5a4b,571,0,1,0.2172023504972458,0.6012635827064514,0.18153409659862518
B-M0,2,42,83113f35b1ed6dcd55e689ac8670be1b8e9643d34559e493146083d8e5945dce,573,1,1,0.21866239607334137,0.5997619032859802,0.18157564103603363
B-M0,2,42,7be80fb1e0b72f3463c8bb1765680e76d75477d56995fa3950c138b538110adc,575,1,1,0.21140334010124207,0.6099227666854858,0.1786738783121109
B-M0,2,42,55dda6439343432382a3c5fcfd38503ba528580be87b0d35cdba66b9c9b827d2,576,1,1,0.21429196000099182,0.6056023836135864,0.18010564148426056
B-M0,2,42,d083e107e8f39557b9da7bae2f268fd65ec49b913d65d226417086af94f9511c,581,0,1,0.22160716354846954,0.5953977704048157,0.18299506604671478
B-M0,2,42,6dcbeeb20de7ab3fb6be30cae5c029490f226a6c6e9839f8bb4882119aa94265,584,1,1,0.21140334010124207,0.6099227666854858,0.1786738783121109
B-M0,2,42,4d13f0a81cacab75a84d737ab08cf1b5159479efc79f18190e8eff251f50d3a5,590,0,1,0.22013425827026367,0.5969069004058838,0.18295884132385254
B-M0,2,42,62984b6078e75a305726c858e36e398e1c744cb748f515a9cfe0fc9d54a69c63,599,1,1,0.20697233080863953,0.6160171031951904,0.17701056599617004
B-M0,2,42,864a47eb9df8de430cc753dc49cfb0c61bbddcd7e39861184b1c6ac25ac9961b,618,2,1,0.20282088220119476,0.618302047252655,0.17887702584266663
B-M0,2,42,f21c6f9076039176e5eb15df163162d58f098a9ae11653ad81acafabb9c36e7c,625,1,1,0.21285170316696167,0.6070918440818787,0.18005648255348206
B-M0,2,42,0b62dbcc4ebac3c7caeb54877d5a7729939755248ef62d510998e9e0fbed957f,632,0,1,0.22013425827026367,0.5969069004058838,0.18295884132385254
B-M0,2,42,52a96206cbacbf10f2bc11340bd5210d489f276f3d08ac28be80c19d2cf1da08,633,1,1,0.20601214468479156,0.6166120767593384,0.1773757040500641
B-M0,2,42,29fce523320e3983ff6849f6c475a158aa2fe75ebd2e9c644855bcd863b27cc7,637,0,1,0.22160844504833221,0.5940452218055725,0.18434633314609528
B-M0,2,42,4ec623fdc95e46d2eebb4a617716702a53c1664c18b6850a31a71541fbaf8d81,641,2,1,0.20617039501667023,0.61491459608078,0.17891505360603333
B-M0,3,42,9da00394a8e5d8f9ea66036a6a89912efa355fd9ba96bfa4c528435b8bef9db1,0,1,1,0.42950546741485596,0.5515277981758118,0.018966779112815857
B-M0,3,42,2032c66fadcb9fb24653402444d869a8a23e06dd7c522221ee5e19db135147dd,1,1,1,0.1892802119255066,0.728860080242157,0.08185971528291702
B-M0,3,42,8726e7c2817fb8c8315b2db10843e3074a260645fbf1fccfd23450a6dfadb425,9,1,1,0.0901193767786026,0.7067301869392395,0.20315051078796387
B-M0,3,42,14caadb35d5c89647b912b53c06bdcea5896a8299a9358c8bd67f727a3feec4c,14,2,1,0.040437038987874985,0.5755851864814758,0.3839777112007141
B-M0,3,42,0817d574402933c00d82a89b1851b0d40647a8234618ab6b293d902531e9fea3,15,2,2,0.00848157424479723,0.2952222526073456,0.6962960958480835
B-M0,3,42,3679ea32f8b94b8ce3d1242fef2d6073a0bdb60fe26b258e51162049223ac77d,44,1,1,0.1556771993637085,0.7370355725288391,0.10728723555803299
B-M0,3,42,1a9c93c0298921e6e0f103921ca7dba43c8472b77c47cdfe345bc83365ea4636,52,0,1,0.184442937374115,0.7273786664009094,0.08817841112613678
B-M0,3,42,08f641e003d30bb34ea70c8a98e54462e23555149b596c1f323b1ca3443795eb,53,1,1,0.07025197893381119,0.6773584485054016,0.2523896396160126
B-M0,3,42,825309a30632ca1e2936b124a778f11cb92b02606b370f89d13bef151f047eef,55,1,1,0.08002378046512604,0.687665581703186,0.2323106825351715
B-M0,3,42,7b13c3dcfc57858b28512dd82b80f9bbc5a38d53ab17609e29661191744e409e,59,2,2,0.01797335594892502,0.42377132177352905,0.5582553148269653
B-M0,3,42,cb2b4d4111dfd94cb699ad65f248b0bfb4f2ebfda4969f24c0672a4eea784aea,61,2,1,0.17022950947284698,0.7355210781097412,0.09424950927495956
B-M0,3,42,2d4a4db57d75d8a7e2d6e56965c925963d33c569c1e24c31a63fb124021beebc,64,1,1,0.07025197893381119,0.6773584485054016,0.2523896396160126
B-M0,3,42,410500105c3281445a1b6e50757dc923dff389861aa9993c0b740a1545b5b228,68,1,1,0.1395680457353592,0.7413977384567261,0.11903424561023712
B-M0,3,42,43ef9061e180219186ef1d51bc3c069a634f7f7a0078c5e6a8e339fe1bf5c10d,72,1,1,0.07943562418222427,0.6989601850509644,0.221604123711586
B-M0,3,42,81b09fc0aa959d8efcc70c33f155000a7f01a30bf542cb50cd16d5ceb5203c4f,80,1,1,0.1262752264738083,0.7350318431854248,0.1386929154396057
B-M0,3,42,b64a99906f7914e194b7e5bda1235e3fffa359bf7c1667dd42b4268f16478434,86,1,1,0.07943562418222427,0.6989601850509644,0.221604123711586
B-M0,3,42,d1873f2c273d9fff1d54fa797703976f13a01d3298453e10d99cb401551d4999,89,1,1,0.22073489427566528,0.7080867290496826,0.07117840647697449
B-M0,3,42,7e9752299515d5ecf7f759b6eae0d65703a71dea906d252e95aab67537ddb71f,90,1,1,0.1892802119255066,0.728860080242157,0.08185971528291702
B-M0,3,42,68ce95a11652b3b237dabe6ae00998c9c7adce1ee390c47fadd3e8540130de0f,109,1,2,0.025210566818714142,0.4834597706794739,0.49132972955703735
B-M0,3,42,3797dbb2b0b7a08e83dbec5409c694efa671c4e46af761858844278f1dc385d8,110,1,1,0.053950704634189606,0.6246013045310974,0.32144802808761597
B-M0,3,42,704d8396ce08b551fa6dd721337adce6afb2503715135f734bd2c0722ce528d3,115,1,2,0.02144286036491394,0.4613838195800781,0.5171732902526855
B-M0,3,42,4d25798cefc2cf5ce3c29ebf0b9e4c0d84956f1a8898de972610ee57b6a7fb5f,129,1,1,0.07025197893381119,0.6773584485054016,0.2523896396160126
B-M0,3,42,bbb97d718a1a11e509b00ac170dc512ff9b9930eacf75f5a3077880ff90bf810,136,1,1,0.22073489427566528,0.7080867290496826,0.07117840647697449
B-M0,3,42,787dcb7a1c4cc9f4983f462ddd01863d71220d14a298073a5886f7917ceec867,138,1,1,0.10093723982572556,0.7223772406578064,0.17668546736240387
B-M0,3,42,b064cb059d374948ef0370a2437f8d0bafe1e9678a1b38f837c6a6db9db4d582,142,1,1,0.1262752264738083,0.7350318431854248,0.1386929154396057
B-M0,3,42,9a26ca17f1a2a542cec0453d178767a86c59652d63ff72ddaa48810be13d1ab6,153,1,1,0.06175911799073219,0.6525052785873413,0.2857356369495392
B-M0,3,42,d1b268ba32d56d8ff3504e94ee5370f3a76ce18e0a3b0db5c875395b0e922da0,159,1,1,0.07025197893381119,0.6773584485054016,0.2523896396160126
B-M0,3,42,440e70046c7ab779d69b3cf5f483b0504098b58f20b98da0f4b90dcca58b7a1c,161,0,1,0.22073489427566528,0.7080867290496826,0.07117840647697449
B-M0,3,42,1336c5029330743b5ea83d83fdfc07fcd73276158b755bc1202b4a90ade5cb08,162,1,1,0.10093723982572556,0.7223772406578064,0.17668546736240387
B-M0,3,42,d51923504c8a939ba8dfbe8c09d12c0f24fc1b5f9fceff2ea5d3f498b3105dad,170,1,1,0.1395680457353592,0.7413977384567261,0.11903424561023712
B-M0,3,42,c346449759a08de6df8ad7f0936940e980e88f11837c514a02a4fd03f71ed459,174,0,1,0.28015780448913574,0.6672267317771912,0.05261542275547981
B-M0,3,42,4b9f8e0c8ab34af43ef7096eb4e85d311551b210d679e5d673daa44a258e8a42,186,1,1,0.15250852704048157,0.7393935918807983,0.10809793323278427
B-M0,3,42,801eb4d09dd43b2b678c81a91d82521163c504324fee02de3778a3ecd1a926bc,194,1,1,0.1395680457353592,0.7413977384567261,0.11903424561023712
B-M0,3,42,0c37fd58a9827290e55b34630825b0d6244c49d5ad38b4cb692ee5fba935d2c9,203,1,1,0.22073489427566528,0.7080867290496826,0.07117840647697449
B-M0,3,42,50fcac22a7e0a3f9e29c98914641686f7b4d5b483729f33dfc0943ebc770409d,206,1,1,0.1556771993637085,0.7370355725288391,0.10728723555803299
B-M0,3,42,1223db6fa4c73ddcfb1d3c6d1d32d7a9a694a0c67b0b8896d2e2c5252ea458b7,222,1,1,0.08002378046512604,0.687665581703186,0.2323106825351715
B-M0,3,42,1cd7edbfe2f40c5d7c9a6230c2530a19e1c33c1d7a4b9c2fc76e71f4a4ef2955,229,2,1,0.02955133281648159,0.5050718188285828,0.4653768837451935
B-M0,3,42,51cce7d0485df80b75d03dee842b5fbb970f5348df67160d0e30730f577a193f,231,1,1,0.17022950947284698,0.7355210781097412,0.09424950927495956
B-M0,3,42,982f60fd457eb6d3d3ea718cf44d5cb26c9847a13bc9211cf942c0276094cbea,236,1,1,0.06175911799073219,0.6525052785873413,0.2857356369495392
B-M0,3,42,73d4dfe9d634e737477bbc0e789414071caddfba0329a03b55a67d4565f16b31,238,2,2,0.021226150915026665,0.4460379183292389,0.5327359437942505
B-M0,3,42,17fce900c57b5d8978b6a7f3fc2fb54520a09094e94167b76cbe441400f5ad10,247,1,1,0.06175911799073219,0.6525052785873413,0.2857356369495392
B-M0,3,42,38085f4b22cba5fc2e5c7334dc43fd4faa9f1be9584e87c3a89ac73aa37f3ff6,248,0,1,0.22073489427566528,0.7080867290496826,0.07117840647697449
B-M0,3,42,f37129146fe1cc102260df1bb5035364d6977e2290c3f3c022105e91ae0cad55,250,2,2,0.014962120912969112,0.3865612745285034,0.5984765887260437
B-M0,3,42,c85e618c2cb4110b794d0c0953af57fe74dd832c9089b476240a78f6178bf1cf,252,1,1,0.046808794140815735,0.6080440878868103,0.345147043466568
B-M0,3,42,6a3c09e4947d005706a207b8c760dd1e4a01a013d7fdf234bb6e2abbe62ed0f8,263,0,1,0.2997678220272064,0.6516193747520447,0.04861289635300636
B-M0,3,42,55f09cfab4e7759b9196088c60e80fdf399fa12b760c9cf22aaeb33589b1808c,265,2,1,0.029731644317507744,0.5203239321708679,0.4499444365501404
B-M0,3,42,b7661cb5dd52c9c0fe4365fcc6bff1f997b8753cdce2392381357136c4a5bf43,269,2,1,0.040437038987874985,0.5755851864814758,0.3839777112007141
B-M0,3,42,be89c47ea7807e1e8f1728f4281bf7f92ce922539e0b3cd0848dc5a258702b8d,282,0,1,0.3188256323337555,0.6380979418754578,0.043076395988464355
B-M0,3,42,8b6cbbd882704231c2da058f30493957fe5f146ad538f186251118a7c93fe195,283,1,1,0.1892802119255066,0.728860080242157,0.08185971528291702
B-M0,3,42,1c7add97688eeaddc1858c389db4aac1d7c75a52d05d5f15c0d081a7b938abaf,287,1,1,0.20458050072193146,0.7190208435058594,0.07639860361814499
B-M0,3,42,50a40749308fda874b7765a8a2b85ca93645b0200e63e9851129ab8fd6f41ff9,292,1,1,0.11372897028923035,0.7254074215888977,0.16086357831954956
B-M0,3,42,0910a774d27e3fe150f1c12d186032f527421ab5d7c35f74ac4f758094dd228d,301,1,1,0.17022950947284698,0.7355210781097412,0.09424950927495956
B-M0,3,42,4bea7852e6349795c7bb47b3b196b923e2ba8e7aeea9001ce30608cc02c0e4f6,303,1,1,0.04048556461930275,0.5900781154632568,0.3694362938404083
B-M0,3,42,fe7000c6192011cc4cb3fab698a7821cc7044fec6fed4d6c825162ba8e131368,304,1,1,0.11372897028923035,0.7254074215888977,0.16086357831954956
B-M0,3,42,de68a6ddb137408d6f047da8b80a1ebeb03cceea79fe2bc107056a11068abdc3,306,2,2,0.021226150915026665,0.4460379183292389,0.5327359437942505
B-M0,3,42,ee99b4a3c8e4b8ac8172a040ad3be7a04dea423a9ae0409a95df0fafc91a313a,308,1,1,0.1556771993637085,0.7370355725288391,0.10728723555803299
B-M0,3,42,5e503b8ae7945a0c7a8bcd67542d51082ffc17c2404a5253304711f79919407f,313,1,1,0.06175911799073219,0.6525052785873413,0.2857356369495392
B-M0,3,42,a538822eabdf193b2b19f78ccf63644aa5c71ce346c2909e83ad04440964ae88,315,2,1,0.040437038987874985,0.5755851864814758,0.3839777112007141
B-M0,3,42,0796be2517f6d256579d64e3fd271287a0a015eb77e018c048e59d0f28eee45f,322,1,1,0.237737238407135,0.6960669159889221,0.06619583070278168
B-M0,3,42,1bfda6b9b2ec251369d6f57db5fce38fb12dcd38ecc1650133ffde8588ea9de5,323,1,1,0.17022950947284698,0.7355210781097412,0.09424950927495956
B-M0,3,42,dd16b30b04ffe107ef12c7c07478ee8a6f1cb06de15b60261e80e1c3592fa365,324,1,1,0.17022950947284698,0.7355210781097412,0.09424950927495956
B-M0,3,42,4998ff2bd307bda1d85ee16567c661c9862e55779e725e724189456e0c51af70,325,1,1,0.1262752264738083,0.7350318431854248,0.1386929154396057
B-M0,3,42,39eaa33a8d48061b0348f9e4a83e301a0a7459e5eb653e83810f30644bbc17f7,327,2,2,0.00848157424479723,0.2952222526073456,0.6962960958480835
B-M0,3,42,5caa9ac380bb06f4d084ea82b0b0e36346f917605e5ce0b8bbbdf5ced25c6cd0,329,1,1,0.0901193767786026,0.7067301869392395,0.20315051078796387
B-M0,3,42,fb6e8a79c7509d2ea0d634b54f8c3c61a61c856f58b1e43907d91134de9c8f10,331,1,1,0.0901193767786026,0.7067301869392395,0.20315051078796387
B-M0,3,42,a46a03d1ee4daec20e9a849ba628defbbc5ebb1042f9cc44f825a9072c526ebd,337,2,2,0.0069030351005494595,0.26329052448272705,0.7298064231872559
B-M0,3,42,4612e860034a77d8b2a28c5a307edd4c230ea2cc203c599c4d524164ca1c201c,340,2,1,0.03469084948301315,0.5410881638526917,0.4242209494113922
B-M0,3,42,562297c9b2262e5b9178439eac76300b6d0baa5c81dc6ab9a3e04f13b44d1edd,347,0,1,0.3294118344783783,0.6286779642105103,0.041910186409950256
B-M0,3,42,2aa6a5792ef7467f71fc55b9fcc6f5c9d6ba25f470083dd8e9a787e579bfd401,358,2,1,0.0901193767786026,0.7067301869392395,0.20315051078796387
B-M0,3,42,2b1079c154b15202bdeb4e37d3bb3fda5cde0b6dc62e5246d0face06819abf5a,371,1,1,0.17022950947284698,0.7355210781097412,0.09424950927495956
B-M0,3,42,4b1c806a421b02743346fc062782ec9b603b1cfc919177966cf33f0baffd2193,374,2,2,0.0069030351005494595,0.26329052448272705,0.7298064231872559
B-M0,3,42,ed9c1db619a6e03138850df9100b0c87a96915bff8f177717879e0b0d0763e16,377,1,1,0.053950704634189606,0.6246013045310974,0.32144802808761597
B-M0,3,42,421629aaa541cfa65f08170d2ded95bfcfb72deb6371ca7bd8cff9686b07ca24,381,2,1,0.029731644317507744,0.5203239321708679,0.4499444365501404
B-M0,3,42,28b053e3389d9080286d65e0a159dfd0e84b54ab6f9d29efe76029c4e441d313,394,2,1,0.040437038987874985,0.5755851864814758,0.3839777112007141
B-M0,3,42,93b21413c755833e1950d07af850214cfb9b5519b7b21162d63f4c9ee904ca1e,399,2,1,0.02955133281648159,0.5050718188285828,0.4653768837451935
B-M0,3,42,76d06487c4ffc806c0124b367816f652dd15cd43c60141189fb67369207e51fd,402,1,1,0.11372897028923035,0.7254074215888977,0.16086357831954956
B-M0,3,42,284ec319e69a06d51dc7138b1cd703bdec233bd9862e76e788a66d58b5c93074,403,2,1,0.06198592111468315,0.6395830512046814,0.29843100905418396
B-M0,3,42,f31671785b3e105c3461c6f468a73e51b08fb09a2755ffa8ebfec2ee89fdccbc,405,1,1,0.1556771993637085,0.7370355725288391,0.10728723555803299
B-M0,3,42,5fad3e448c5e1d74ad40706ea43e831ca8eb7c7de5f8b18a8d11e3658f13675e,411,2,1,0.06198592111468315,0.6395830512046814,0.29843100905418396
B-M0,3,42,abcb65e9f203ebce43dfcc290e3881ec3fadd75e0780873abb34e688cf2bde55,415,1,1,0.20458050072193146,0.7190208435058594,0.07639860361814499
B-M0,3,42,ecc8758acbe3ff3c1237190f0844b57b0865bb46d0c940c7ca341391b4a24f77,417,2,2,0.0249945055693388,0.46810516715049744,0.5069003105163574
B-M0,3,42,83a9b71397707247df9fd3717796837f3765429b50236d6099664af84b527b36,418,1,1,0.053950704634189606,0.6246013045310974,0.32144802808761597
B-M0,3,42,f69228ae618f2a54598815acf45338b6ad192e9eb36eb4949775495b54e4ef8b,422,1,1,0.12775209546089172,0.7262347936630249,0.1460130512714386
B-M0,3,42,b792c09ee937fae339c13197e2ca35611ec60e9b4d2f0dd62906e390c58a29f0,424,1,1,0.0901193767786026,0.7067301869392395,0.20315051078796387
B-M0,3,42,db9e4ad5925b27ec0584e301c098615d0e7d750f33a62c852097ee5091d20bdb,425,1,1,0.17022950947284698,0.7355210781097412,0.09424950927495956
B-M0,3,42,a3ac2db16dcc74dd63903b195b7d1a3a53338887f18e8639c30c65d8eae7bc86,430,1,1,0.1556771993637085,0.7370355725288391,0.10728723555803299
B-M0,3,42,4197c747bb633c56f7d24ec066c22ea16f41b22682b607527cfd6f1a7a2562c8,432,0,1,0.3688935339450836,0.5957836508750916,0.03532281890511513
B-M0,3,42,3ff83fc265305905760c500d9fe41689de9a1de06044ba371e5d92bef6310802,444,1,1,0.20458050072193146,0.7190208435058594,0.07639860361814499
B-M0,3,42,1a61ef72c42eed5e7901aa43b40e133c4e51f87ced017db6e1d465d17ca3ec78,454,0,1,0.237737238407135,0.6960669159889221,0.06619583070278168
B-M0,3,42,3d49951b870f3bcf189be0c2ef0d5405a6c21987112ed1b195ea3ed4ddfb46d6,456,2,1,0.053950704634189606,0.6246013045310974,0.32144802808761597
B-M0,3,42,3d19f74837a5c6f5e6ce0189453e4c6b522f560699d85fed9af18054565b4fad,457,1,1,0.1556771993637085,0.7370355725288391,0.10728723555803299
B-M0,3,42,8d0f029901600d9418a07f1fd8a7b00c1d0b43e684bd28f66e21c5cf7dcd6021,463,1,1,0.06148384511470795,0.6651549935340881,0.2733611762523651
B-M0,3,42,55d65dd88579a7b1789b4e356b381badd401b3808258dce2c7f346a5dd179c07,464,1,1,0.1262752264738083,0.7350318431854248,0.1386929154396057
B-M0,3,42,9b5390ef3260489b3c3887f9fe6f349f50d003bb156f7742f95c91a2857f2dae,475,1,1,0.08002378046512604,0.687665581703186,0.2323106825351715
B-M0,3,42,4e8d3b7274c27d5592e32b4eb3028607e6458d3fa96ea1c253fae1519ce42ebb,484,0,1,0.3294118344783783,0.6286779642105103,0.041910186409950256
B-M0,3,42,39f5260d468bf91cca4bc94b0f64140f65b1569a4eacdacee827afe47a7a43af,486,1,1,0.20458050072193146,0.7190208435058594,0.07639860361814499
B-M0,3,42,ad3bbd4bc195aca26dbe34255846b204647007f9008cd1604caf31a6030ec266,493,1,1,0.22073489427566528,0.7080867290496826,0.07117840647697449
B-M0,3,42,9662010e2490990d85dd702691d3e752f5a17e905f96d98be43c275a1e08a893,501,1,1,0.053820714354515076,0.6380197405815125,0.3081595301628113
B-M0,3,42,f9871cd35fbbef3dcc9a11edf31cde93a1421f2f6768ec1eda59f1fd8a7eda5b,503,1,1,0.040437038987874985,0.5755851864814758,0.3839777112007141
B-M0,3,42,09483a45ca26429c517c73946e7c0e42d0b268c8e54f9f87e8d06f6ddbddf0e6,512,0,1,0.3294118344783783,0.6286779642105103,0.041910186409950256
B-M0,3,42,e3b43d0c2f88cf262221ae16e2204cd0eab17feeda587be40cda3a8f76eae2f7,513,0,1,0.31179600954055786,0.6413145661354065,0.04688937962055206
B-M0,3,42,293fd70db77ae8dac4ff7015aa8471bbee8dc11c94d69214be1164a3a65ded47,515,1,1,0.237737238407135,0.6960669159889221,0.06619583070278168
B-M0,3,42,1d8c825fa4140f5726cf96d2fbc410daf8dc1449a57aa3018d8d69710baf1acf,516,2,1,0.02955133281648159,0.5050718188285828,0.4653768837451935
B-M0,3,42,6be95b1a0e561d03e9ff9bb3bf48e85fc3bb4ae85b750949097b5270445e0b2f,521,1,1,0.2432645559310913,0.6954613924026489,0.06127409636974335
B-M0,3,42,302494caeb3ee0101f8f544443114bef1a41d67b3f2ce1366f69f9a3f31ce11c,530,0,1,0.286093145608902,0.6653016805648804,0.04860518500208855
B-M0,3,42,721efe630e75ad47ccaef650071f9859ae1b8779a8c95ecea3c05cada999c1f2,537,1,1,0.08002378046512604,0.687665581703186,0.2323106825351715
B-M0,3,42,d1958961f2d45dc817103b882041c89ee03cfc904630b276a8df79cc1bb77be4,542,1,1,0.1556771993637085,0.7370355725288391,0.10728723555803299
B-M0,3,42,298396fbfdd8164ae18c277866976ca23849141cf1815c2bcec80e4ae07c61b7,548,1,1,0.1395680457353592,0.7413977384567261,0.11903424561023712
B-M0,3,42,fb94ee8ea1e782bef0347d3f68c7a3b2779dd41a95c0aa9dfffc9da76f70ba9f,549,2,2,0.0069030351005494595,0.26329052448272705,0.7298064231872559
B-M0,3,42,5b5485c49c314af261c3458801b8a573f2c1563a3c311c29143aab59d9d911ea,551,1,1,0.053950704634189606,0.6246013045310974,0.32144802808761597
B-M0,3,42,05567423ae09c5925d6146877dafb322bf8ffcd07a7f3933256d62e795f81820,553,1,1,0.1262752264738083,0.7350318431854248,0.1386929154396057
B-M0,3,42,def918c1724a318819400b627c2284b9d77b244b87ba2494717c910e5c9c38bc,556,1,1,0.20458050072193146,0.7190208435058594,0.07639860361814499
B-M0,3,42,81797337a73820dc32b1a903022de6137363f685e79ff3d28361b746ffaed4d1,558,1,1,0.19191621243953705,0.7217245697975159,0.08635926991701126
B-M0,3,42,42782168745dc8505000dbae693962b78560d30e77d5c939cf351a8b1435ee0b,566,0,1,0.2555732727050781,0.6829791069030762,0.061447590589523315
B-M0,3,42,6fb20bf325c96c92f7685718fe8ac085abc4d9ae3655bac14eeb57923a7ace8b,569,0,1,0.3875606656074524,0.5834887027740479,0.0289506483823061
B-M0,3,42,4d38119ab66a25344f4d5e9cac08e7a79647052d37639e78099d0d83f405388c,586,0,1,0.28015780448913574,0.6672267317771912,0.05261542275547981
B-M0,3,42,e8163c001a265fe053d03db65ff85765ce01cdbe0255fccc0cdc667d3e54d98b,589,1,1,0.286093145608902,0.6653016805648804,0.04860518500208855
B-M0,3,42,43460a59a097e1443e8fbc9958de350337bb25f8ffffc2fc154630bccfe4cab4,592,1,1,0.11372897028923035,0.7254074215888977,0.16086357831954956
B-M0,3,42,5cbc809b12bbee7f9264f64fb42ed13d33f0a6e6a36184a8abaaf767c2a5e4d8,594,2,2,0.0050439550541341305,0.23136335611343384,0.7635927200317383
B-M0,3,42,638b177ebfd03aac5f3afd7b87a4197f8724aebf6fb9331b5739e0ecf63e509b,596,2,2,0.0069030351005494595,0.26329052448272705,0.7298064231872559
B-M0,3,42,88141e1c7c290dd5013d1430599c08e066cf9b67d49c79ba4eed15b5368f8865,597,0,1,0.3472953736782074,0.6069959998130798,0.045708585530519485
B-M0,3,42,95e8238ccef68ad4f8150229d207753b7ab128e23d88ab78b7641a93e0bf0b7f,598,1,1,0.1556771993637085,0.7370355725288391,0.10728723555803299
B-M0,3,42,822a295f2c49ded241a54272d201a97fb3dc1b2409068f0e353f918e741a9ae8,601,1,1,0.28015780448913574,0.6672267317771912,0.05261542275547981
B-M0,3,42,ac5e5e4d7d88c4fc6bed3d9c971328c75ec9aeedf9f5e57eeb490d0e05eb0235,604,1,1,0.20458050072193146,0.7190208435058594,0.07639860361814499
B-M0,3,42,e76d30071132859aee98d30842d0336ad4f55ec000ceee702f40c262f5d29fe4,605,0,1,0.40592408180236816,0.5654698610305786,0.028606083244085312
B-M0,3,42,0c62dd9eba4e97411d8065ea4a297154674fd8225c2e5435c85f3e545314f202,607,1,1,0.1262752264738083,0.7350318431854248,0.1386929154396057
B-M0,3,42,3f51ef1cc86ab991c28a55516800a2b6b5ef37565f358b017c65fa7577187dfa,621,1,1,0.06175911799073219,0.6525052785873413,0.2857356369495392
B-M0,3,42,dd38559e4db1b62eb9ee7721afb2fa8ba6d0e620b0ca68c3466a2b552c86f887,622,0,1,0.2432645559310913,0.6954613924026489,0.06127409636974335
B-M0,3,42,791278aa8844499b0a60f95a26795155a5f9545a142a562dca7b40238639b234,626,0,1,0.35109731554985046,0.6092934012413025,0.03960924968123436
B-M0,3,42,f348edbafe367b5ca9552438520be0642620dd2e2fa1312d7bf2b74940eb9780,644,1,1,0.1556771993637085,0.7370355725288391,0.10728723555803299
B-M0,4,42,366f43b68b77ee5d9d4d649052f097811eedbdf9b66e66e3d3a40f469b388044,2,1,1,0.09526416659355164,0.6603795886039734,0.24435622990131378
B-M0,4,42,8b3e47f5ebce0eb3eab15109aa814094f34c092ee88c49f965a0c31f02e89665,10,1,1,0.062017910182476044,0.595037043094635,0.34294503927230835
B-M0,4,42,51bfbad6d53b93a899767c78e04aedd5268a69726ca0fa60eebb8995190d4982,12,1,1,0.09526416659355164,0.6603795886039734,0.24435622990131378
B-M0,4,42,3ebf8a2cebdec533bb2f688970be04e9d39292494e756baaecc985483868e197,16,1,1,0.08248195797204971,0.6427385807037354,0.2747794985771179
B-M0,4,42,df5f1e6242f05e2e7995e736400586f8d34bd840e6cc2238daba43556f312bf7,17,1,1,0.07250085473060608,0.6188117265701294,0.30868738889694214
B-M0,4,42,716a01bc74c08fe1ad70772ed77afa2bc34025fce7092dab0813200de8da2e99,20,1,1,0.09526416659355164,0.6603795886039734,0.24435622990131378
B-M0,4,42,7df5d7c65a174992687578a093dd207e1ca89156b6eb9caf2dc28c6a498c4c69,21,1,1,0.12231888622045517,0.6886621117591858,0.18901897966861725
B-M0,4,42,e61c91569c6de30c3d7a1a050539ef58a6e6b2819fedd91cf751aa0b3b5dc43c,23,1,1,0.16940316557884216,0.7072008848190308,0.12339601665735245
B-M0,4,42,1d7362cb11b923770fcf1b9a9f01b7fa4ac11819920853a5a2909ecc1bcf6867,24,1,1,0.15376247465610504,0.7030911445617676,0.143146350979805
B-M0,4,42,f791c4eed66654e399b28a4c327d7b32842e48bc7cb42c5ddf0334cb435a54fe,26,1,1,0.12231888622045517,0.6886621117591858,0.18901897966861725
B-M0,4,42,6623d48d7b4f14736e86dddd3ea44cbf28743d1a0fa21fd0bc2badc498627870,30,1,1,0.15376247465610504,0.7030911445617676,0.143146350979805
B-M0,4,42,adeb2a11168a375acac8a5ba7b0b12f61ea068f42dc92905098e6e9cc109f6bd,31,2,1,0.04547034204006195,0.5371633172035217,0.4173663258552551
B-M0,4,42,754d80adc397c4fc9bec4ce162ed868fbaba4b8aa3ab35766de0fb6def2f0ceb,34,1,1,0.10711430758237839,0.6779091358184814,0.2149764895439148
B-M0,4,42,84eb0f805fcb924ea581aaeed6c1024f9b78a793c930404ba039a4ceae8ccc01,37,1,1,0.08248195797204971,0.6427385807037354,0.2747794985771179
B-M0,4,42,5a01e160eddd0bfbc539ba4edb21a863e238a235071b2454983b79461d8e4206,58,1,1,0.07099068909883499,0.621853768825531,0.307155579328537
B-M0,4,42,717139bec7d6697c010ef70919581b03d427ed7b732fe74877da3c2869a2549a,65,2,1,0.03816652670502663,0.5068416595458984,0.45499175786972046
B-M0,4,42,ae7b53521c5f68c35a765aa5d26aa9bfb6604a6b2115fb3b85bc571e44290618,70,1,1,0.10487953573465347,0.681218147277832,0.2139023244380951
B-M0,4,42,c95ca8f4fa098b2e8efa4e74297b6a837b1cad117a7c74f757cfb6e899300c9b,71,1,1,0.16492894291877747,0.7074820399284363,0.12758901715278625
B-M0,4,42,8e1cfba12ecae9c7fe55971bfee9792fcbabb9508905435e85fb5be079f00c2e,75,1,1,0.13606904447078705,0.6994101405143738,0.1645207703113556
B-M0,4,42,661a678ac0beaf6c8e05288f361e0ec2e0cbe5cd6eeac862ecacedbc032c4cd3,76,1,1,0.11978309601545334,0.6921170353889465,0.1880999058485031
B-M0,4,42,f6f85707110f73a6681ed41afcb48bbfe37fc724bb0552b9d4cf0fe7426ae0d2,78,1,1,0.20446044206619263,0.6953383684158325,0.10020117461681366
B-M0,4,42,a39c3e2842a98f8ce8ef89b6eecb15c7e97b2bba8dd4fce046e6f457f63b132f,83,1,1,0.09327526390552521,0.6635931134223938,0.24313165247440338
B-M0,4,42,f71c1967da2534ea41551a7d2611bd192dc4205226657d845b33cb958d52e12f,88,1,1,0.13326308131217957,0.7029976844787598,0.16373923420906067
B-M0,4,42,55134d6b9833e0dd6d9893c0d987db36b88926cc2663da7803c8d21064433f00,91,1,1,0.07099068909883499,0.621853768825531,0.307155579328537
B-M0,4,42,7dbcdf95b6256c0f7b1dd6a3cc8fc9f0657b3eda2c88287ea432e7e932ba8d14,94,1,1,0.12231888622045517,0.6886621117591858,0.18901897966861725
B-M0,4,42,4c96ee395ae6b58dd1fc56a4feecd55f450b02849ef0476aa8095841292de3e1,95,1,1,0.08248195797204971,0.6427385807037354,0.2747794985771179
B-M0,4,42,4f65f4ecb5dec7a9bcbad3145918aab9b07f8a407f8e8a2091429b181b95ce71,106,1,1,0.16940316557884216,0.7072008848190308,0.12339601665735245
B-M0,4,42,1cef8f807fdca35bb7855250f58e049e267f113b93c430f11985366f1fcfd9d7,114,1,1,0.18398597836494446,0.7027283906936646,0.1132856160402298
B-M0,4,42,0ea019d83f26df83e9b4d8ca38756d7365d28364686c182cd874a5234050812b,116,2,1,0.03816652670502663,0.5068416595458984,0.45499175786972046
B-M0,4,42,3dbffa78da4c6ccc5516a203817127a6190976a61b2c1e8e3ea1b77c6cff7d9d,122,1,1,0.08075757324695587,0.6458477973937988,0.2733946442604065
B-M0,4,42,7df3a248b5f8b93b45248cf254e97e9ba96a25254e52674e69515928d061a4e0,123,1,1,0.09526416659355164,0.6603795886039734,0.24435622990131378
B-M0,4,42,d2b095aa11fac2c0afb11ad09d16074d95b8ba0c47d799f8ede52e5b993a41dd,126,1,1,0.15376247465610504,0.7030911445617676,0.143146350979805
B-M0,4,42,dcbc9639337cde5535cbfd1b0895c1483a0c8d68b64e3c51551b748cef00b663,131,0,1,0.18398597836494446,0.7027283906936646,0.1132856160402298
B-M0,4,42,15b4ffd20b8c1fc30ae15bc841142d7ad85f1a4f9571265b80d081a59b742e1d,139,2,1,0.07250085473060608,0.6188117265701294,0.30868738889694214
B-M0,4,42,6c01e488a30c00d7ce599e5c6d7195f878613637774ce7b5cd4d9e7dab67078a,148,0,1,0.2263379842042923,0.685375452041626,0.08828658610582352
B-M0,4,42,cec560dc37f41cd4c0033a5023e3ad17cb7fab8ef72dc1a8150a7ed88228fdd9,150,0,1,0.22039291262626648,0.6861833930015564,0.09342368692159653
B-M0,4,42,b434bdb6cf6a016c8fcf4ddfda1903c394ac80dd9a22c7ed02b2593841c71f91,157,1,1,0.15062850713729858,0.7068703770637512,0.14250116050243378
B-M0,4,42,ba5855f8ae5d306be9297d600b9787f650a7bcdd0cb8c9be2e1066ffbedbd65e,167,1,1,0.08248195797204971,0.6427385807037354,0.2747794985771179
B-M0,4,42,8cfcf18683c3b7ba3ced162978e9086a8ed03ba8ea0326e9517b0fb14a46f944,168,0,1,0.2676005959510803,0.6605383157730103,0.07186108082532883
B-M0,4,42,3a299c3c001be06083770361c18b9c8ad0448316f4c759f5eb6be75b20384d39,169,1,1,0.22039291262626648,0.6861833930015564,0.09342368692159653
B-M0,4,42,85f403ccf55735ef4bcbb2f529613e60c1023c2ec151eba3a05f40c076ed746f,171,1,1,0.13326308131217957,0.7029976844787598,0.16373923420906067
B-M0,4,42,6df07523c6bcce6099d7d663ad6a57b32e7357259ad66091764a914e4062a886,173,1,1,0.22039291262626648,0.6861833930015564,0.09342368692159653
B-M0,4,42,4d9c66f835e53c59a5b442cc32a3068c038a14b4b5816a08082ca8e454ac6666,177,0,1,0.22039291262626648,0.6861833930015564,0.09342368692159653
B-M0,4,42,ea343acee5823e9928048bcd114ab1bf1f6a80fe0d6f43707827d9efaf48f9c4,182,1,1,0.10711430758237839,0.6779091358184814,0.2149764895439148
B-M0,4,42,1f45e1f29d5af173d4f68cb977fa645b945e3015dcbee511344c2d6f2417112b,184,1,1,0.20446044206619263,0.6953383684158325,0.10020117461681366
B-M0,4,42,2085cb7bb188011662c46b252b9f3e65cd2c79085775a23fcecb742fefa155a4,190,1,1,0.09327526390552521,0.6635931134223938,0.24313165247440338
B-M0,4,42,dda56c3d07f633d971d329a63b1fdd7558cfca3fb0e027085f9e37f767b3fb45,199,1,1,0.10938912630081177,0.6745697259902954,0.21604110300540924
B-M0,4,42,edb22055eb500691bda99be2c9e755b933fda43abbb5ac8d461c3b99c85b847e,200,1,1,0.18398597836494446,0.7027283906936646,0.1132856160402298
B-M0,4,42,c590d4966929434b32180f09a7062520e5996d2f0fe22fac768d1ca0613d025e,220,1,1,0.13606904447078705,0.6994101405143738,0.1645207703113556
B-M0,4,42,a5daa6d5539669eb579a2eb52884c6f73f940319383b144b4c4638f49c0549d8,233,1,1,0.10711430758237839,0.6779091358184814,0.2149764895439148
B-M0,4,42,98c1ed0f87d3d9f68a060c36de601cd9dd4c5c389aa3ef9b828e9c93c98f1a50,242,1,1,0.18934544920921326,0.7033736109733582,0.10728094726800919
B-M0,4,42,c302ee011150e5de42eafaa347a1b841d5d8807659f31696d8f82c5a4abc8105,245,1,1,0.09526416659355164,0.6603795886039734,0.24435622990131378
B-M0,4,42,7dd03f8de291c327ff1d0ed6f33b027547ee5dee91900d57ad3847ddbc771ca2,257,0,1,0.19883553683757782,0.6952683925628662,0.10589609295129776
B-M0,4,42,6bf3a7c4314c48c91d33eb94eb7bbcf708f6d2a7c6af47237735c2d12f683e35,260,1,1,0.11978309601545334,0.6921170353889465,0.1880999058485031
B-M0,4,42,bf0447db8e3d43257114531a92a520c82a6453bd3b7ae34aea8711ce45d014b0,264,1,1,0.16492894291877747,0.7074820399284363,0.12758901715278625
B-M0,4,42,747d3e66fb22e30550810dc98794ef466dae76dcbd60596dc19187a28a0495e2,279,0,1,0.2676005959510803,0.6605383157730103,0.07186108082532883
B-M0,4,42,570a9095c62e1fa55a30bd460a6ecc380dc180927ebbc369eb3452bf401f5b43,294,1,1,0.13606904447078705,0.6994101405143738,0.1645207703113556
B-M0,4,42,06bff8560b0213942ba71145fac2e05499ca6db5f23f3a048b71ea1db4373276,297,1,1,0.18934544920921326,0.7033736109733582,0.10728094726800919
B-M0,4,42,8facf48402aa60c4e52666105b216119e1b68d607cd90e64c373961ddfa8a9bf,299,1,1,0.138922780752182,0.6957845091819763,0.16529273986816406
B-M0,4,42,5756c809e3d8db3cdd21b5e8d36139858b8f09dbfdb84c88dd454914fd2447db,314,2,2,0.027469148859381676,0.43763792514801025,0.5348929762840271
B-M0,4,42,b44a3f41d310382fd60bf7f3a58d33ef67db0a23e704c0acd98fc529dad15ebc,321,2,1,0.06332967430353165,0.5920559763908386,0.3446143567562103
B-M0,4,42,5371b6cfff41d777216e0c9e04d0277262e4f4b282938a4ca51084387331c4ff,328,1,1,0.09526416659355164,0.6603795886039734,0.24435622990131378
B-M0,4,42,48049b601c2a81fda78b5d5252ae9ddaa08e0b7a64fbb1d35031fe640387123e,330,1,1,0.09526416659355164,0.6603795886039734,0.24435622990131378
B-M0,4,42,c48e0d5c7811d548c58be8c2e32213fe468160e54c1ed6ee3557e08eff54818c,338,2,2,0.01290188543498516,0.310140460729599,0.6769577264785767
B-M0,4,42,9880128f9a4f009cbace58c35f08be763d85a148d19dbb6ed1cedb3e6b9cae7f,341,1,1,0.07099068909883499,0.621853768825531,0.307155579328537
B-M0,4,42,815d426caf6647658ab5ad600a6d9a4844a450a2fe631540bcc73263b16a4409,342,1,1,0.07250085473060608,0.6188117265701294,0.30868738889694214
B-M0,4,42,e9f98ce85a29627dad55d76982d434e4bdb6f159fafb9c3c1b5771e0e95bff25,345,2,1,0.05383145436644554,0.565721869468689,0.3804466724395752
B-M0,4,42,13db9493e5d931ec94f3d05fb0df869516c061cdb89058e2bdb16c5859508cbf,350,1,1,0.18934544920921326,0.7033736109733582,0.10728094726800919
B-M0,4,42,bac5a079bec62bc26a6dc783910825de9e2871a6d90c260b7f137ba75a6b17fb,356,2,1,0.03895499184727669,0.5040590763092041,0.4569858908653259
B-M0,4,42,94c0b44f9a2d481c5d2237dd73738cc92b9ee67076b318f634fc32aa4032a0b4,359,2,1,0.04547034204006195,0.5371633172035217,0.4173663258552551
B-M0,4,42,416afeb98b33f5e4f2a8e68a875e28fd4105a31165d6851ea3c83a3ccaa2515c,361,1,1,0.15062850713729858,0.7068703770637512,0.14250116050243378
B-M0,4,42,7cd43d94523c810f9ed5537e7015539cc8c9859bcedd689aec68db38a22003a3,364,2,1,0.05383145436644554,0.565721869468689,0.3804466724395752
B-M0,4,42,5a4c58dd7c63f01c85c75de330f08bf3279e1a3ffd1a3b3351ddc32a2bc68f49,369,1,1,0.16940316557884216,0.7072008848190308,0.12339601665735245
B-M0,4,42,a26bf4e51a6f635e952f279fa007eebd60b1a0aa43278a348f6ce7430b2f6168,373,1,1,0.13606904447078705,0.6994101405143738,0.1645207703113556
B-M0,4,42,397cbeb6f38ebcdc8d0dd0bc306d8baa31702dc5ab41fd7ce317e3961c9e3b32,378,2,2,0.018889712169766426,0.37054958939552307,0.6105606555938721
B-M0,4,42,be0ebb7565c48c88742be3d147378e0339658b36ddc168b506068b1c90f4c79a,380,1,1,0.09327526390552521,0.6635931134223938,0.24313165247440338
B-M0,4,42,122e7e9e553c3480710d48da1b809bc3a0f00c8f31d7959bfbb0bb4217186e2f,383,1,1,0.13606904447078705,0.6994101405143738,0.1645207703113556
B-M0,4,42,a31c0ced032973a0e5414d71c603cafbff10cff8e3e8d4e4a720af17012d472c,387,2,1,0.05272220820188522,0.5686325430870056,0.3786452114582062
B-M0,4,42,31be86aecc38b94fea6900d3b08f0dbc20cdc907d7b94ba8ffefbc3e636be934,396,2,2,0.032486993819475174,0.4725407063961029,0.494972288608551
B-M0,4,42,7cf9fc722144d5c5e38c3fea10921acf4cb1fa34cc1bd7692b29595386d51a2e,400,2,1,0.05272220820188522,0.5686325430870056,0.3786452114582062
B-M0,4,42,05ccbda5c8030aa70186394e3bd73c3d761e81154d70b009f09ac260843bbcb7,404,2,1,0.06466589123010635,0.5890598297119141,0.34627431631088257
B-M0,4,42,b0eb4c514496bbccfadc92bbc9d502a308cf264f615a7270f4508adfa95341f5,410,2,1,0.04738347977399826,0.5314500331878662,0.4211665093898773
B-M0,4,42,b50eec873e5ad85197e459d43c6a8a7c64c7be7730e766647b9b32f8958cd6e7,426,1,1,0.16940316557884216,0.7072008848190308,0.12339601665735245
B-M0,4,42,cc1b2843c4a07d3b4fa4abf9fd5537a7a6d4df902398c1cbe928fe3bce259418,427,2,2,0.027469148859381676,0.43763792514801025,0.5348929762840271
B-M0,4,42,66e20104ca9e36937afb002e64108ee63a347a8b7749a55b588d30eb3e1409e4,431,1,1,0.16940316557884216,0.7072008848190308,0.12339601665735245
B-M0,4,42,2d77937efb442c0e808c407a59ec6405337a2a3460fb13f2f68d8434be09fe8e,435,1,1,0.16940316557884216,0.7072008848190308,0.12339601665735245
B-M0,4,42,d3dea6e23727f3861155568fe03f7508dad97315d987d7f509832e7bf6b4eecf,447,0,1,0.21014665067195892,0.6950848698616028,0.0947684571146965
B-M0,4,42,36151d13bff095b0f9b3c390fa02f663a49fd45fe72702bad759cd82db3174c3,459,1,1,0.18398597836494446,0.7027283906936646,0.1132856160402298
B-M0,4,42,3b0abeb2580501c078d50f1862f005665c127524372015d5674ef8679685fabd,461,1,1,0.09327526390552521,0.6635931134223938,0.24313165247440338
B-M0,4,42,3f3aa71345eef153c551d8268b4cf413be9de4e5ebe03d0b0aef13d7178f6451,467,1,1,0.07099068909883499,0.621853768825531,0.307155579328537
B-M0,4,42,e63fd967ad59bf73b27ba4efcf551436428f26a03ab3e1ca498f3e01f0550a1a,481,1,1,0.18934544920921326,0.7033736109733582,0.10728094726800919
B-M0,4,42,e8921714e78de17aa9004ed167d45bd0471420f26d1c05f61df1adaf22cf37fe,482,0,1,0.18934544920921326,0.7033736109733582,0.10728094726800919
B-M0,4,42,2a0de0babe99f6482353deccfb8c5a64a0d4e142134c21435a7d5cb4bb7a44f0,483,1,1,0.18934544920921326,0.7033736109733582,0.10728094726800919
B-M0,4,42,8da546665c37fd3768dd5df0c43d9e48a594114602af5888eca3732f0b8f2bdd,487,1,1,0.24958305060863495,0.6729305982589722,0.07748645544052124
B-M0,4,42,6807374cf8dc72644182a43a9da4afcfba4ad80f80c056f982d40cb0cdd9609b,494,0,1,0.2263379842042923,0.685375452041626,0.08828658610582352
B-M0,4,42,e92297353a3a22b944725a165b52f80a1965ee09f6178dfc184860131871920c,495,1,1,0.07099068909883499,0.621853768825531,0.307155579328537
B-M0,4,42,c997661e8f088ce61daed2d734e2baf038d0a5f5a2326a8545dcefa81f72bec0,497,1,1,0.15376247465610504,0.7030911445617676,0.143146350979805
B-M0,4,42,d064c27e57ecbf5d0cace935aea0fc9d1053dd486ab0eaeec1c8b8e510cc7bd3,498,1,1,0.07099068909883499,0.621853768825531,0.307155579328537
B-M0,4,42,058ccc5f0c17c416ef06df1ed5deaa48d112f42a14f667bcf9846fdb664ef366,518,0,1,0.29194051027297974,0.6402388215065002,0.06782068312168121
B-M0,4,42,ccd0b5095c5ca020ed29dcb4ed07bc78fb4f8bd1d01103c832c16f74415da411,523,0,1,0.3270571529865265,0.6175219416618347,0.05542083457112312
B-M0,4,42,c67ea185339d2fb8c8312dc38cff21dc6b000f785be421eef88bbdcdf6c6b17a,532,0,1,0.23713520169258118,0.675918459892273,0.08694633841514587
B-M0,4,42,1c68670c6ff38a49598f90f6157ce8bac895df1254da553b54bf687cfa750f91,533,2,1,0.05383145436644554,0.565721869468689,0.3804466724395752
B-M0,4,42,33aa276ee8893c316e5b08f90d403be82db716c7a10ce7d0c6a91aa861061f55,539,1,1,0.18934544920921326,0.7033736109733582,0.10728094726800919
B-M0,4,42,e40a0fc10b44506213ca47e78c7d510fb7715425780e3f270f0a25a0b0fc9acd,541,1,1,0.16492894291877747,0.7074820399284363,0.12758901715278625
B-M0,4,42,60dac4fdcf327b961a62f11465381e422541c18c956cf5cf22c128d4b842b021,546,2,1,0.06332967430353165,0.5920559763908386,0.3446143567562103
B-M0,4,42,f0a4ff0b2550559804aa110b3356616d37f08aea297e713738efde6a82a9c905,554,1,1,0.15376247465610504,0.7030911445617676,0.143146350979805
B-M0,4,42,dba044228ddb18bf24955ec6f54e2d9d259a453b9e3cc7ac001d1eb1b5c9b9ff,557,1,1,0.24958305060863495,0.6729305982589722,0.07748645544052124
B-M0,4,42,dfb22216dca7b15a73c5d13592b3a4d456865e6b14a914fc23a7440d2c793feb,561,1,1,0.18398597836494446,0.7027283906936646,0.1132856160402298
B-M0,4,42,8083fab72781bef33f4c3f68371defad870524369b374017badac30ed6b5920b,572,0,1,0.33783650398254395,0.6083526611328125,0.05381082370877266
B-M0,4,42,1aaef0af18b1a224fa7924b8a1453fb8b5547a6dea9cbd572550da4fdf495da9,574,1,1,0.19340525567531586,0.6998528242111206,0.10674190521240234
B-M0,4,42,05ccbabae43833184ec6c444793c4e8cacbda9996a75f0cd529a00fb88642dda,580,1,1,0.2263379842042923,0.685375452041626,0.08828658610582352
B-M0,4,42,77746b53c327b916c5ec4cc31ec639b45db4160f2d1135410449c6eaa0246f2e,582,0,1,0.29118239879608154,0.6454857587814331,0.06333179771900177
B-M0,4,42,344202bfae426b40571c614ea63322e5df0a08a9e6479a8ee7d45ead1a7607bf,585,0,1,0.261111855506897,0.6626879572868347,0.07620009779930115
B-M0,4,42,f2467f3e3e1aa7ea454678b2f6366dcc05717a73be181ad40e267ca3f4a20eaf,588,0,1,0.21014665067195892,0.6950848698616028,0.0947684571146965
B-M0,4,42,28acd3c3d384d8b12fc6beb8a099937473fcf151408bd2085df22511ad2be313,600,1,1,0.09526416659355164,0.6603795886039734,0.24435622990131378
B-M0,4,42,4a8567b621350cc729465a20bc85964673deb69044ecf71e3b59a4220f804585,602,1,1,0.12231888622045517,0.6886621117591858,0.18901897966861725
B-M0,4,42,01da3e159b6ce80ac8e0f280d001e0b1feae934b7f87e69e52a68f6f40f1631b,611,2,1,0.062017910182476044,0.595037043094635,0.34294503927230835
B-M0,4,42,2d1b2dad312d67abe149344cc5753c2181558ff169882e194058c0eea17a64f6,613,1,1,0.16940316557884216,0.7072008848190308,0.12339601665735245
B-M0,4,42,457bc623d54c8df675fda66a9a5a159bb6259cf81fdd5a312ea24da7116effd3,615,2,1,0.05272220820188522,0.5686325430870056,0.3786452114582062
B-M0,4,42,fb2e62e9e165d1b9fc47a6787af9d64df4a4b63f931a035289966a672894fdfe,616,1,1,0.07099068909883499,0.621853768825531,0.307155579328537
B-M0,4,42,72d66c7979e51d234b4f5c7cb46e06e165d847b6d88d705eae864ec291dd7fd2,617,2,2,0.01569466106593609,0.3509916365146637,0.633313775062561
B-M0,4,42,5bfc17c84629c446ef515aaeaab83b0c8b4ad7591746f50c3f337e0eef4bd5ce,623,2,1,0.03895499184727669,0.5040590763092041,0.4569858908653259
B-M0,4,42,a288de67ba6e534c619fb61e1a8643504542cbb8d7cfc5f5b4a96fa78e5ef948,624,0,1,0.2433324158191681,0.6745695471763611,0.08209807425737381
B-M0,4,42,9dfe951a72432d669852444c668c15b73a677afe22aab4dd3febadf96aea1bbc,628,1,1,0.15376247465610504,0.7030911445617676,0.143146350979805
B-M0,4,42,9601c9dd198c4a6dc5124d4d420e2ff339734b9a9e1079da056b3412d663b347,636,2,2,0.018889712169766426,0.37054958939552307,0.6105606555938721
B-M0,4,42,c69567d2d69504dcc3e49e555057fd7d89a52635db8622cab985007a194e53ea,640,0,1,0.2863641679286957,0.6471206545829773,0.0665152370929718
B-M0,4,42,f2d3074dfbaef344aa4981cbffee6d788ff0def980a874cc42e1dd4df85a9726,645,2,1,0.04547034204006195,0.5371633172035217,0.4173663258552551
B-M0,4,42,360878e8a6171b73196b1189a0e33d9b6733e9ad741d46f90bee01573fbef0dc,646,0,1,0.12231888622045517,0.6886621117591858,0.18901897966861725
B-M0,4,42,674130e6bbe693f70e17ce995304b93967bd09052c13f383b45753334d551bc7,647,1,1,0.16940316557884216,0.7072008848190308,0.12339601665735245
B-C0,0,42,f827075494ff9d262d45598bb3a1701eb955b99abca1ab6af3b2e2331aff4808,3,1,1,0.20260415971279144,0.5860000848770142,0.21139569580554962
B-C0,0,42,5fafc4bdf7193aef5fb9fb71d655df200121838704e28ac2fa6588954ee3e27a,5,1,1,0.20757856965065002,0.5860604047775269,0.20636112987995148
B-C0,0,42,9a87b2493917ab4a2e2a0087e5caf12c4b02676cfdfef54992ed8ca5ca77f88f,6,1,1,0.20632830262184143,0.5860586166381836,0.20761312544345856
B-C0,0,42,d9baf8f9d90857c2e8aa4260b7eaf6c386460681228c2bee02a6b55597a43b69,7,1,1,0.2088332325220108,0.5860532522201538,0.20511354506015778
B-C0,0,42,6b0a215f6bd63db235793c4ada62b4853f51f8a279def3710a3687fc319d4da4,8,2,1,0.19892016053199768,0.5858619213104248,0.21521787345409393
B-C0,0,42,a6252e1f0313cc82adc4651b4f4ced232435f7dff2e029302acc772e52fa2efc,11,1,1,0.21009230613708496,0.586037278175354,0.2038704752922058
B-C0,0,42,5cba6871fec089b5dc9bcf045ba6e02ea473d055005f13d552c94fdac6686fe5,19,1,1,0.20757856965065002,0.5860604047775269,0.20636112987995148
B-C0,0,42,0fdca47962352eadea2e4637769c1d9eb007bd0634379ff90463a8a2c57c1789,22,1,1,0.20632830262184143,0.5860586166381836,0.20761312544345856
B-C0,0,42,7daa9011bd495f51a4514b37670bcdea719bbc30097f1653406dba4a8e98c046,32,2,1,0.20384109020233154,0.5860284566879272,0.21013040840625763
B-C0,0,42,eeed46e477e7a7086b3dd17a4ffa4e4e996e9f005a71a8b1bbaf81c10d4d046e,35,1,1,0.21009230613708496,0.586037278175354,0.2038704752922058
B-C0,0,42,0f3b55ce37cdca89a1c78fcec7a77751d9794f7cb1235804469a7daf9e63de4f,42,2,1,0.2013717144727707,0.5859629511833191,0.2126653790473938
B-C0,0,42,0400acddec5641be9ed3da2cb98d514d062d4b150affe3dc22c7d5c88070c742,43,1,1,0.21389581263065338,0.5859361290931702,0.20016802847385406
B-C0,0,42,a20449c0fa9b781f95175c7906471527630e66fdd4d57f1ce262975af3ce8991,46,1,1,0.20632830262184143,0.5860586166381836,0.20761312544345856
B-C0,0,42,c79001dea4273719bcd01dbbfb7dc9181dda44a45e219cf7245f67640b98740a,47,2,1,0.1946505755186081,0.5888679027557373,0.2164815366268158
B-C0,0,42,3b51ad679e8b0ce6b2fafb421a74825a2de42f8e1aed05cbd3a81335a2923228,48,1,1,0.2088332325220108,0.5860532522201538,0.20511354506015778
B-C0,0,42,f5162c4d57e22476a2fd86a4b724fe8da727100a27f30d4fe72a9c346f5c001c,49,1,1,0.20632830262184143,0.5860586166381836,0.20761312544345856
B-C0,0,42,bdb3e3243f4945237482dc791db610d13e33bde5b6d72369ed200729dddc360a,54,1,1,0.20632830262184143,0.5860586166381836,0.20761312544345856
B-C0,0,42,fd5b4c1d3d861f5a2629640b96c79ba38eb9d1ff76552d929679d3dad440b73f,57,2,1,0.20014366507530212,0.5859168767929077,0.21393945813179016
B-C0,0,42,adf16fc552a8d1b40b4ec42e52c444ad8d840e40483acd8054933050b6375e7f,62,1,1,0.2050824612379074,0.5860479474067688,0.2088695615530014
B-C0,0,42,461e4acae5091b1364fab0f058f3a5296ed75a394000f65a696e528c54bf6001,63,1,1,0.20384109020233154,0.5860284566879272,0.21013040840625763
B-C0,0,42,eb0ffac90c1fe5ccf1060219e349ca7d29540eb3e630465aa9b969a38900d539,66,1,1,0.2088332325220108,0.5860532522201538,0.20511354506015778
B-C0,0,42,e87f2023e1a92b852755b7851d3150e9d19886692316d048409e5eaceb11dd5c,67,1,1,0.21389581263065338,0.5859361290931702,0.20016802847385406
B-C0,0,42,77472ffabdf2ba610830e2dba876659a629d3dc9bf1c6a3fe5b3fd11e1a7b01b,73,1,1,0.2050824612379074,0.5860479474067688,0.2088695615530014
B-C0,0,42,12e99bde80179014843362cb5bcb78e39e741147045460921df42487eadf8cef,77,1,1,0.2050824612379074,0.5860479474067688,0.2088695615530014
B-C0,0,42,04775e820b5829ba9b9a17482a4af9625350a3a9c39213f678c4a17f3f1c7b72,84,1,1,0.20632830262184143,0.5860586166381836,0.20761312544345856
B-C0,0,42,976ddafb2f8abe1ac4c19be98626949c2548ab5eaf452fae24dce90c4de7b8c9,92,1,1,0.20632830262184143,0.5860586166381836,0.20761312544345856
B-C0,0,42,5be7ba94e5d3acd4388614300b6ad48a44492e847b6d0e39fccd27e6cf9ae5f5,93,1,1,0.20384109020233154,0.5860284566879272,0.21013040840625763
B-C0,0,42,a1e98e417eed1e1a141a0b30b714a23f0dc568239616354e4a175bf8ea08a28c,98,1,1,0.20632830262184143,0.5860586166381836,0.20761312544345856
B-C0,0,42,9ba998c5d87d08fc3d40b1b83a650245d89a368abad6136f452df88cc96ddce1,102,1,1,0.20632830262184143,0.5860586166381836,0.20761312544345856
B-C0,0,42,a5d49a55806e6aac09daa9f48f214a4bb4d26dc6b501261c0ba01041d3d2f9d9,103,1,1,0.21135573089122772,0.5860123634338379,0.20263183116912842
B-C0,0,42,3039b67e191cb12f942b21e621f38cb832b6a2d5e570cd00e2a2205f9831c0a6,105,1,1,0.21262356638908386,0.5859786868095398,0.20139768719673157
B-C0,0,42,4b7e7cbc654f5e60c12ab432b3144305090c199d58af8071af7e5a16619e6aca,107,1,1,0.20384109020233154,0.5860284566879272,0.21013040840625763
B-C0,0,42,30f9b13a03f303748526a158e8940797fe5e5c600fce68be3e50b0840a4368e9,118,1,1,0.2088332325220108,0.5860532522201538,0.20511354506015778
B-C0,0,42,c9610bea3409798e091290f260c60e5b4d3f0a84a43555989287b37d07ebf51b,119,1,1,0.20384109020233154,0.5860284566879272,0.21013040840625763
B-C0,0,42,ab8ce69a1319b228880d829dc5631ea34e5cb080bfbc178aa048514436b7ecee,124,1,1,0.2088332325220108,0.5860532522201538,0.20511354506015778
B-C0,0,42,93c4bf4a5b21f36e6b0aae5bb990899ccf48d342143ca0e115fbbcce24f1e0a6,130,1,1,0.21135573089122772,0.5860123634338379,0.20263183116912842
B-C0,0,42,4843201d2b160da0c05fc6013c664892482d15cae8e6986d6ad88ce3feaf72b8,132,1,1,0.21135573089122772,0.5860123634338379,0.20263183116912842
B-C0,0,42,cf57f1500208fbbe850bfcb423c0a07e8d0a3e41dbe03e9530034f5adb63eb16,134,1,1,0.20632830262184143,0.5860586166381836,0.20761312544345856
B-C0,0,42,d00d28ef2c4596a4d66713623e2b8bc3764ba2818602f1c62d3f21d371614dd7,137,1,1,0.20757853984832764,0.5860604047775269,0.20636112987995148
B-C0,0,42,f4a1fcac757fd73ac757509249c0ec925230f6e917bdf8e793757ea12e98b50d,145,1,1,0.2151723951101303,0.5858847498893738,0.1989428699016571
B-C0,0,42,ae60908f4c85b03a0a49269075a0f3e13559c408c540b42632a059b5cfb0cd4d,146,1,1,0.21262356638908386,0.5859786868095398,0.20139768719673157
B-C0,0,42,810b57dafea30a2f75e872d5e62c29a08fc07a9ccaebf778bc32b9ed8700674c,154,1,1,0.21135573089122772,0.5860123634338379,0.20263183116912842
B-C0,0,42,0bf3a2d884e1555952ad611ad5ac00b76d97402156df050266c3cfc95f605dea,155,0,1,0.21773859858512878,0.5857553482055664,0.1965060979127884
B-C0,0,42,ae88168be6110ac8992db8b155e6bd8dad4a050a4a4fabb91d628b18e0ff3fdc,163,0,1,0.21262356638908386,0.5859786868095398,0.20139768719673157
B-C0,0,42,9881e8df21340beb673d11fb2f0087e28ca86d90cac54001885ad77fa39fe58f,181,2,1,0.1946505755186081,0.5888679027557373,0.2164815366268158
B-C0,0,42,d8eea83646be1e9c916e665fa77c259449f8745ed6a29cd6f9b1a9dced475fd5,187,1,1,0.20384109020233154,0.5860284566879272,0.21013040840625763
B-C0,0,42,60763b4cebd2c23d4b6bb41fe41d2708e53e1479ca7374112530066b5e4893e5,191,1,1,0.21262356638908386,0.5859786868095398,0.20139768719673157
B-C0,0,42,6c6dd067b740da372386ce71f81ed5b8dc2e1e9f93625be9b4884d1d73f96114,196,2,1,0.19287851452827454,0.5917229056358337,0.2153986543416977
B-C0,0,42,86eb8973fc65f23f76646a24050506efc45364d1ed311733b312688b82d03540,198,2,1,0.2013717144727707,0.5859629511833191,0.2126653790473938
B-C0,0,42,e3f90cf05c633dae16fb7f47884d7cd562ac2769d89e9243c8680a8ba22af681,204,1,1,0.20757856965065002,0.5860604047775269,0.20636112987995148
B-C0,0,42,9a0d7d130a794be7bc69983881925e866dbd081148ab7ab7a8b811b52c7a21f0,211,1,1,0.21135573089122772,0.5860123634338379,0.20263183116912842
B-C0,0,42,8332987b673c95bbee93c9f25e2f6e37e4235c9e6ae83604205ff69eb49247f9,214,2,1,0.20260415971279144,0.5860000848770142,0.21139569580554962
B-C0,0,42,7f598fa9cd8021402624f92fab82098fb58747ccd8a722c3d994f05b6ed0f217,218,1,1,0.2050824612379074,0.5860479474067688,0.2088695615530014
B-C0,0,42,f094aac8706b95f9bece4eeac1389e28ad75114d0e4206b7769ded1102994ff1,221,2,1,0.2013717144727707,0.5859629511833191,0.2126653790473938
B-C0,0,42,6bcf085df851ffdd063de277d7f6de02756302343ed42266339f33b7f195ec0d,225,1,1,0.20632830262184143,0.5860586166381836,0.20761312544345856
B-C0,0,42,2a5b3658c6bb089977c0132627aeddf27747b5ba1997b7f2041f3039d3025854,228,1,1,0.2088332325220108,0.5860532522201538,0.20511354506015778
B-C0,0,42,97c9512caadb3ffd0ad3c7ddd23407aa54871fc60933e4b9f12a69d1cef4214f,251,1,1,0.21389581263065338,0.5859361290931702,0.20016802847385406
B-C0,0,42,5752cee9adf12bd089539e746e30b0d83f71e4f57e8da95e82619ac05b3d6b64,258,2,1,0.20260415971279144,0.5860000848770142,0.21139569580554962
B-C0,0,42,ad959d26f847d9c030d3b6d75856d30298eaee390b8e65835b5173c70de9d93a,262,0,1,0.2151723951101303,0.5858847498893738,0.1989428699016571
B-C0,0,42,f1cc48536731731e0b343782efdde0db8be7fc46955c060a6588a598c61b83b5,266,1,1,0.2013717144727707,0.5859629511833191,0.2126653790473938
B-C0,0,42,645409494cfbc0053881ee14531a52cfc643d5a8dd013317825912b73a52362e,267,2,1,0.20014366507530212,0.5859168767929077,0.21393945813179016
B-C0,0,42,00dbf7ed1f04da4f573cdb1c40ee8aabbb629d7e284d1568bca51a8a5f396e7c,268,1,1,0.20757856965065002,0.5860604047775269,0.20636112987995148
B-C0,0,42,4837f2cb17208b9a4625ebde74b97e4dd96ffdb5234013a87be717acfa0a8b14,271,1,1,0.21009230613708496,0.586037278175354,0.2038704752922058
B-C0,0,42,8475bd5769c68d5427ad348aa5b6061ee6bcd37f6f1837cda26be61984a04cac,280,1,1,0.21389581263065338,0.5859361290931702,0.20016802847385406
B-C0,0,42,d744f4e8e0e5a37040ced43f7d9f57213e888b56527ca3961db9750dd4b525fc,284,0,1,0.21902813017368317,0.5856773853302002,0.19529448449611664
B-C0,0,42,63e7b0fd79c9670e63f19d0b85cc2c7efe0f1e527b44bbf33e9c798004594ffd,300,2,1,0.20014366507530212,0.5859168767929077,0.21393945813179016
B-C0,0,42,6db86dac2c557996df538886e2ae001080ddecdab91e2e3a4edede389d70b7e7,310,1,1,0.21645334362983704,0.5858244895935059,0.19772224128246307
B-C0,0,42,e46fe007896b1086b24e7db53b21842ae5f26db41897be76661db0c09520f97c,311,1,1,0.2088332325220108,0.5860532522201538,0.20511354506015778
B-C0,0,42,da52e0801985e6d911242d1cc38a5a2ba9ea6d852304175e9cf5f6682c636afe,332,2,1,0.1911158710718155,0.5945706367492676,0.2143135368824005
B-C0,0,42,980a5bcc08361f8d083c12141878dbd24b7a236c18e8184387239050f164a315,351,2,1,0.2013717144727707,0.5859629511833191,0.2126653790473938
B-C0,0,42,0b6002ac98745ed77d24c58dee4c8892e1dca4c93626ce4675b9306294bb2d7d,354,2,1,0.20757856965065002,0.5860604047775269,0.20636112987995148
B-C0,0,42,17e8cff30d43b9932efa5ee5fc8ea3d9998f87aa816268d719e22c0b513067e3,357,2,1,0.2013717144727707,0.5859629511833191,0.2126653790473938
B-C0,0,42,328eaadc5fcca2d1c22ba92802c7d13404e083fcc75e8e27c502cd13af3d0548,362,1,1,0.2088332325220108,0.5860532522201538,0.20511354506015778
B-C0,0,42,fe92f0e44d936f618c5a52cbcbbb889fd256a412566488b144015b8482d7b1a1,365,2,1,0.2013717144727707,0.5859629511833191,0.2126653790473938
B-C0,0,42,074bdafc94897952ec047e29c94c168d74b04273139ccf2ce1e6f1873ca0ed4a,382,1,1,0.2088332325220108,0.5860532522201538,0.20511354506015778
B-C0,0,42,0fdfadc8e93127b69c5cc192dde2e8ac8ed04c3d1fdbe79dfe2b87b82585bd01,384,1,1,0.21135573089122772,0.5860123634338379,0.20263183116912842
B-C0,0,42,9c1589756f65e471021f9e5736a89d5cabb0481ef20ec88a5286fac861609674,386,2,1,0.20014366507530212,0.5859168767929077,0.21393945813179016
B-C0,0,42,88d41603b7bc18447226de0bd092d97caaafff7d44a58de731f2bfd695e6c89e,391,1,1,0.20757853984832764,0.5860604047775269,0.20636112987995148
B-C0,0,42,573e5d0c416baabe556bbe6df0da1d23f9d757c682f06acc75cbdeeefa53f1dd,395,1,1,0.20757856965065002,0.5860604047775269,0.20636112987995148
B-C0,0,42,ca1af162eff48d01248d7b34c3dc4be9123bb4917682c15fcb42f45ba92ce681,397,1,1,0.21009230613708496,0.586037278175354,0.2038704752922058
B-C0,0,42,11f18902f6529ccd006f3eb1926c47f115d9549b2c2f079495389befb1eae919,408,1,1,0.21262356638908386,0.5859786868095398,0.20139768719673157
B-C0,0,42,d6a67091791dd72522a6bef06dfea8b0c675a1445234f9512644939352bab471,421,1,1,0.2151723951101303,0.5858847498893738,0.1989428699016571
B-C0,0,42,fb53eea3d4cdbfd82c3a411ba354fb72529c745789e35c027a285e3f70071b48,428,0,1,0.22032199800014496,0.5855905413627625,0.194087415933609
B-C0,0,42,05b9b2450da4983d21d00900b28b53e5a1f95f950395ddc3ddc45cb106b759b9,429,1,1,0.21135573089122772,0.5860123634338379,0.20263183116912842
B-C0,0,42,f0a97bfafce659abcc15ad3b27366b99f919dc16a513c0931d27b70b5eb2bd13,439,2,1,0.20014366507530212,0.5859168767929077,0.21393944323062897
B-C0,0,42,12f87a813a0f8b8b6295bf7bd67e6b14cf37aea45636ed5ee00d03e5b5987ffb,441,0,1,0.21645334362983704,0.5858244895935059,0.19772224128246307
B-C0,0,42,1a95813d193cd4442bc0b1f87b4bce15afbe7cd42d6c4c82b8f5c88c23abdbf2,445,0,1,0.21773859858512878,0.5857553482055664,0.1965060979127884
B-C0,0,42,95a4c4f399ab39050cd2c68303c1b4a717e2b85e43356b382b44a3423cac3ed0,449,1,1,0.20757853984832764,0.5860604047775269,0.20636112987995148
B-C0,0,42,5c0c7a72328563a4b2a7d65fab7f740984af9984186caff86b9cca5da6bfe86c,451,1,1,0.21135573089122772,0.5860123634338379,0.20263183116912842
B-C0,0,42,5f11fef5bae9d1258380639662fb95008d4620c9b9b24aad7083e32efacfbdfc,452,1,1,0.21389581263065338,0.5859361290931702,0.20016802847385406
B-C0,0,42,225629385e18a6854edb9ae5dee2b6c35e44af3143cc0f0fab0867deec5c52bd,460,1,1,0.21135573089122772,0.5860123634338379,0.20263183116912842
B-C0,0,42,65fc55908795c03596628c3be27eff5761f85e2f1b4291d6717c471653ee17a8,465,0,1,0.21645334362983704,0.5858244895935059,0.19772224128246307
B-C0,0,42,e0d210eed199a9e6092e65b724d0b6abf80444548010500e25c9fbfa593246e6,469,1,1,0.20632830262184143,0.5860586166381836,0.20761312544345856
B-C0,0,42,3228a5c1892f93600a970b9e099b3053b891a018a2b4fcdbe092d118a96a8fb3,472,2,1,0.20260415971279144,0.5860000848770142,0.21139569580554962
B-C0,0,42,55149a64f268a012247a00f9c7f3a36b557a25430fed6016ab547ff1c38e61b2,473,1,1,0.2151723951101303,0.5858847498893738,0.1989428699016571
B-C0,0,42,8e4ea3523595a6acd552728b47f2a13b458234f347559c26cb13139a095da1b4,474,1,1,0.21135573089122772,0.5860123634338379,0.20263183116912842
B-C0,0,42,1971d2b4a4cb293ac396176c6d1190289df940842c256fea5bf08fd520cbb4f9,477,1,1,0.21009230613708496,0.586037278175354,0.2038704752922058
B-C0,0,42,50c59de7b7fadd459118ad53531a05379edf5c0bbf8786fc3b4b96a2d52bd55a,478,0,1,0.22032201290130615,0.5855905413627625,0.194087415933609
B-C0,0,42,8fd0fe4e154f5d8d0e6fd22a060280c5fc7e2f73594c63d13a67e97a3b835a6b,480,1,1,0.2151723951101303,0.5858847498893738,0.1989428699016571
B-C0,0,42,ee64c4c983197496a5a20dfb847c9b4515dbdade50852024c565d1a74b63cc24,500,0,1,0.22162018716335297,0.585494875907898,0.1928848773241043
B-C0,0,42,555340884fdb40170947c98290702c40554069d24cf22f20a9785c5218582ca2,506,1,1,0.21262356638908386,0.5859786868095398,0.20139768719673157
B-C0,0,42,6249033ebb4873778de8d435f8863876ed0ccf3c336662af8118b4596dbc2285,520,0,1,0.22032199800014496,0.5855905413627625,0.194087415933609
B-C0,0,42,866639f3b9f95c14339f44ed24824b71cda6a70d63a86fe0edf0685a8baf5c75,524,0,1,0.21773859858512878,0.5857553482055664,0.1965060979127884
B-C0,0,42,7788b10861e73289e28b8fbecdb74643ae51fd2135b9ae4865d7ae2a22141973,525,2,1,0.2013717144727707,0.5859629511833191,0.2126653790473938
B-C0,0,42,a9da9db2467c1a5fe7257adb1987e930ea751470576c10c82f4397f3dd37b63f,527,1,1,0.21389581263065338,0.5859361290931702,0.20016802847385406
B-C0,0,42,85a02e1802e7b312ed957ee39e2bbfe0b4632dd2d25d3a8ce177b48d26ba1fc2,529,1,1,0.21009230613708496,0.586037278175354,0.2038704752922058
B-C0,0,42,d26328550683e27aa4c4fe5be7e2d668c08dadae337ff364dbeb060fd5a931bd,531,1,1,0.21262356638908386,0.5859786868095398,0.20139768719673157
B-C0,0,42,4f4759b87edf8e38b6b6c5dd3a52b7fd18a9f97b78b0b8933276755f4ad88080,534,1,1,0.2088332325220108,0.5860532522201538,0.20511354506015778
B-C0,0,42,aeabe5f00bb9cc0af7000e3fafc88866155e65ab4d5da58274d0dee130a02388,536,1,1,0.20384109020233154,0.5860284566879272,0.21013040840625763
B-C0,0,42,2de6307edc2b60e3648d6c261996c60ddb15ccc9f4069aee2e9ee4e9ca9dcaee,540,1,1,0.21262356638908386,0.5859786868095398,0.20139768719673157
B-C0,0,42,112e7b51e7d078dd62fe5bcec15f48660dbfc572df659aea50141c8a731a6877,543,0,1,0.2151723951101303,0.5858847498893738,0.1989428699016571
B-C0,0,42,d98717d4a561c7ad6b0aa9c5e73ecccbfb6510d07c8f23d7934fec3f8fbcf474,547,1,1,0.21135573089122772,0.5860123634338379,0.20263183116912842
B-C0,0,42,db842124e7a33dd5887c8d22a815b1649cda7401b683f5f9cc6c7a9dbd533a3e,560,1,1,0.21389581263065338,0.5859361290931702,0.20016802847385406
B-C0,0,42,49adb4d4ef7cf9b7221faad79fd9c2cb259872644777044983365486723c67f4,562,1,1,0.20757853984832764,0.5860604047775269,0.20636112987995148
B-C0,0,42,be89c78f29804f04841228bffef4532f286878a08b52cf8f4f17b15a9fa83364,563,0,1,0.22949859499931335,0.5847356915473938,0.18576563894748688
B-C0,0,42,297cf77b86d2fe61e413421d7216874ab77f45748dff5f7a2531cdaab79a4050,565,0,1,0.21262356638908386,0.5859786868095398,0.20139768719673157
B-C0,0,42,531f8aca33aab4bfc992087de862b25def4dea5b91bea6cc49aacbad07b45b7a,577,1,1,0.21389581263065338,0.5859361290931702,0.20016802847385406
B-C0,0,42,4b55155083aea75c9650635eb846d1e7abeaa867e3c5c629e2c90461482485f1,578,1,1,0.21645334362983704,0.5858244895935059,0.19772224128246307
B-C0,0,42,815683c5eb3b782f1a2feeefe55a834447a90f6a62356c843d751e6ed6f7089f,587,0,1,0.22162018716335297,0.585494875907898,0.1928848773241043
B-C0,0,42,8d5547c0b5e44d69c28a4cead541c515bc82e8f18adfd972abf57b2824ce7a43,591,1,1,0.20632830262184143,0.5860586166381836,0.20761312544345856
B-C0,0,42,71388cc5368946416cbcddee50e2af8f0a6a2794c83dcda516b9f0463aa6ad3a,610,0,1,0.22817498445510864,0.5848842859268188,0.1869407445192337
B-C0,0,42,56d3d8cfe1ee66937b1b304de962e50840fc5df249cec9cc9f427db1842d8971,620,2,1,0.2013717144727707,0.5859629511833191,0.2126653790473938
B-C0,0,42,ef3b33bfd33c9a8d675e8c1562f5c2d503094b1f1887af3be3c1e16e100d9af4,629,0,1,0.21902813017368317,0.5856773853302002,0.19529448449611664
B-C0,0,42,ba39525bb89a78df7e0bc9a040dd9c4c00f64baba2719bf9fb4a4bf7aa3dcffa,630,2,1,0.1973828822374344,0.5874050259590149,0.21521203219890594
B-C0,0,42,ca60a0d1bd9510735b9a2c5edb1ab0a7eb2dd31d96b642bce093e7ba08286f2c,631,1,1,0.21135573089122772,0.5860123634338379,0.20263183116912842
B-C0,0,42,2fe1c3d95e43dc7878c7ba2874a7cb62e7829661ff3655b02f110fd5bf516184,634,2,1,0.1977011114358902,0.5857982039451599,0.21650071442127228
B-C0,0,42,61b0a6498279a260ce8cabb4d4114bb5cda03e71c6f6954d7b766ee8a31b2746,635,0,1,0.21645334362983704,0.5858244895935059,0.19772224128246307
B-C0,0,42,6f3f6818c91a4e4ac44cd061158f5c34bee1b5baac40fd4e469a3ed20476104a,638,2,1,0.2013717144727707,0.5859629511833191,0.2126653790473938
B-C0,0,42,1f54ce13a7724f8e43df533f143951e361144f772d6d5ce76fe8e5fc8c77364c,639,0,1,0.22162018716335297,0.585494875907898,0.1928848773241043
B-C0,0,42,a35adafe1567244423f4e723b5361fdfc62fb0c766c9685554fa976277ee04ba,642,1,1,0.21902813017368317,0.5856773853302002,0.19529448449611664
B-C0,1,42,f816923b16d6506fc091cfe92e86e1139e2f0b3e58c593461da93f6ca5c45a5b,4,1,1,0.21148750185966492,0.585358202457428,0.20315425097942352
B-C0,1,42,1fa27a62ee1b2d2ba6c92d8546a424dd3509710635f8a2c2568cc88597bb86fe,13,1,1,0.21148748695850372,0.5853582620620728,0.2031542807817459
B-C0,1,42,563f081ac98d1f31498a91b83ae8a2be907cfab0de2d472d199474e4e5eb8c6a,18,0,1,0.22119154036045074,0.5858073830604553,0.19300112128257751
B-C0,1,42,4f83a42c27ea668697977110e8f196526ef09e0479182cf78470ad75e79419c6,29,1,1,0.21268795430660248,0.585444986820221,0.201867014169693
B-C0,1,42,088e125061899aeb843e08b444d414177713a8aeb3850db4477647a05e97b064,33,1,1,0.21029067039489746,0.585262656211853,0.20444662868976593
B-C0,1,42,da11b9a824ea17d36ef8425abb47a68b80631b00f26d5fcb34bc902ab7e564d7,38,1,1,0.21268795430660248,0.585444986820221,0.201867014169693
B-C0,1,42,a3aa9205c2dd6e6da3e018643f3c57b94d1f7d8f031190e1e8fe1aeb4473edbd,39,1,1,0.20790791511535645,0.585045337677002,0.2070467472076416
B-C0,1,42,342f55c319e97bc4ebb3ea65c99cec118d9ebb0b9c1dc8c76eda38916bbb6efe,50,1,1,0.20790791511535645,0.585045337677002,0.2070467472076416
B-C0,1,42,c81837f79017967e7355fc593b81070347505e7400d9bdfc85ffc152e7f91067,56,2,1,0.2055397927761078,0.5847928524017334,0.20966733992099762
B-C0,1,42,fc23ab826a2440d11ef69d2086a1f61b6275743360356da43151abc46afe903f,60,2,1,0.2004680633544922,0.5860317945480347,0.21350012719631195
B-C0,1,42,c27b44d54803697af82881ea82d46e3561cbf37bdea8eb62c2df4af1f57d6fac,69,2,1,0.20436125993728638,0.5846534967422485,0.21098527312278748
B-C0,1,42,6eb8f51f02885e1c53aae062c9d8bab63dd1f60f90936f3349e37283882a4e93,74,1,1,0.21389204263687134,0.5855230093002319,0.20058497786521912
B-C0,1,42,dd582bddc1aca5d5bb7c320bb57fbf5870022badac32ea6378863b35a16c8ee0,85,1,1,0.21268795430660248,0.585444986820221,0.201867014169693
B-C0,1,42,93f04a3c609794b4d53b3b5d2ffcfda0a1358e9ed321e072e10f1c4d0a40b4aa,87,2,1,0.20436125993728638,0.5846534967422485,0.21098527312278748
B-C0,1,42,5029e2776e7b9b5d2af015958cd517fb756f6d8b9853790513dc82715be726fd,96,1,1,0.21631096303462982,0.585652768611908,0.1980362981557846
B-C0,1,42,2cedf816172020544d1c56529191607083a424ddd9627983acb2537e9c73f8cf,97,1,1,0.21029067039489746,0.585262656211853,0.20444662868976593
B-C0,1,42,fed2454f61d42dd8f9f5651403e7c8aba82a77d8e645d8bf125f75e7c4c73861,99,1,1,0.21029067039489746,0.585262656211853,0.20444662868976593
B-C0,1,42,8265981c42a1d2d7ece956a8e83fc2766c03bd9b677b5188edf9e65cae717f0f,100,0,1,0.21874414384365082,0.585747480392456,0.19550834596157074
B-C0,1,42,4b4303e1d9cff307886f30665c8e6fb57047e2e8f3cc39e2126b16700e3bf126,101,2,1,0.2020152509212494,0.5843483209609985,0.2136363834142685
B-C0,1,42,ffd718c11411f17305eebe2c3fd8eae0b394e9127366a0ffb1165fbe02224135,108,1,1,0.21389204263687134,0.5855230093002319,0.20058497786521912
B-C0,1,42,ff7ddca54e1e9620918ba02dbfe35985a655c87ef1a72ab4ba4d13faa4ead2b0,112,1,1,0.218744158744812,0.5857475399971008,0.19550831615924835
B-C0,1,42,e27b2368d103c92aa6d3db8b15bcb6a45f02a1799208f1d626eea765d93b4f20,120,1,1,0.20672200620174408,0.584923505783081,0.20835445821285248
B-C0,1,42,399489b6079af091f33320276c7ad2db3c791129a3edbff5b530c66d32cd7e72,121,1,1,0.20790791511535645,0.585045337677002,0.2070467472076416
B-C0,1,42,e8cd3aa07ded082c0e9d0cd5ce68316e2c88e74da438e4b08e8a1e9f962c9394,127,1,1,0.21752578020095825,0.585704505443573,0.19676974415779114
B-C0,1,42,70be8a47e5d22077d37988cb4d32c132724a3d1b083ef9ab0b06313f0bf6c905,133,1,1,0.21268795430660248,0.585444986820221,0.201867014169693
B-C0,1,42,be8334d7f47b288facef26257cb6b44fcf616cd19090b942b3e21a6312189a8d,144,1,1,0.21268795430660248,0.585444986820221,0.201867014169693
B-C0,1,42,c047c292b4e87b40d0e8d2cdb5f5aa7e0bbd22946a70c373ef6dd5c6576bc932,151,1,1,0.20672202110290527,0.584923505783081,0.20835451781749725
B-C0,1,42,20a9a7e6d4cf66384115e0a7ecc18f09cf1f9b2d051f34bc82d7b170955376d4,152,1,1,0.21268795430660248,0.585444986820221,0.201867014169693
B-C0,1,42,a7f1f0bec4d0eecfb4bebc52d748706df58b74a54e32f07189d46c9495ae3d09,158,1,1,0.21389204263687134,0.5855230093002319,0.20058497786521912
B-C0,1,42,a46bacc86e6d6f2966c8bc9b007be70048a778a3e7dc54762fa3c06ca3dd0a6b,160,1,1,0.21389204263687134,0.5855230093002319,0.20058497786521912
B-C0,1,42,aee4b0ad4df2a5b974c0fae78b5f15de2ba0da9ff62a1f1845fe8490f931efbb,164,1,1,0.21752578020095825,0.585704505443573,0.19676974415779114
B-C0,1,42,f4f2eaa4ae88e92cfa57b3aff8b8ebc91d59f1c9a27803fe90c6ef8b768a6d4e,165,1,1,0.2090974599123001,0.5851583480834961,0.20574411749839783
B-C0,1,42,638a470d918dbfbf5afd33eb58e7ac2868a43d0e4dbaab3029db5101a1edce71,166,1,1,0.21631096303462982,0.585652768611908,0.1980362981557846
B-C0,1,42,03c73563087c1329943a56cf316a054838d232eb12bf400763e97af8a779fc3d,172,0,1,0.21631096303462982,0.585652768611908,0.1980362981557846
B-C0,1,42,36fc8ba21c05df93f037cf32ffb47c54f5fded8ce374e0e9cf11353791e881ac,176,1,1,0.2199660837650299,0.5857818126678467,0.1942521333694458
B-C0,1,42,3be1ee30e134a9ae90bc1593ea32cf65047070817401a9aeb18c76efaca04541,178,0,1,0.22119154036045074,0.5858073830604553,0.19300112128257751
B-C0,1,42,4d7423cf2ff542521716737a2b82d95c940025a9d28aea9f135e73d793d959f0,183,2,1,0.2020152509212494,0.5843483209609985,0.2136363834142685
B-C0,1,42,03b5b9fbb1e8685d2aea12d701a8548fbf66e988d3965beff90d610215a6fc96,185,2,1,0.2004680633544922,0.5860317945480347,0.21350012719631195
B-C0,1,42,842bac774d6c086dd6b92fdb78413098e14bcc3af75125e7d25ca273a3e1f862,193,1,1,0.21389204263687134,0.5855230093002319,0.20058497786521912
B-C0,1,42,9a4af49b00bdc8c8c90dd9584610e62f31c1dea1496d8c77c154a1340984f0fe,201,2,1,0.20790791511535645,0.585045337677002,0.2070467472076416
B-C0,1,42,ed7122159427b6c8635b7bcd0d7140de4dd489af9eab6fd9bd99b3ebad260d98,205,1,1,0.21268795430660248,0.585444986820221,0.201867014169693
B-C0,1,42,038c9ee0d7794eeb1143a461c0506513b430ff5293a311f12d84535a6afbcc5c,213,1,1,0.21509972214698792,0.5855922698974609,0.19930805265903473
B-C0,1,42,aac572f07272c9f29ce150e00d2b33f7765e921ffe4e1a3c8a7aa455349ca19b,219,0,1,0.2199660837650299,0.5857818126678467,0.1942521333694458
B-C0,1,42,c6b8941e410ad8b2574b68572d59fe76bfb75291198754c7266ab3740f819f8d,223,1,1,0.21268795430660248,0.585444986820221,0.201867014169693
B-C0,1,42,fa91a868a0b2673a241638a1e248c077d7ebbe8369c5e9c7a105ea8e0f678595,224,1,1,0.21148748695850372,0.5853582620620728,0.2031542807817459
B-C0,1,42,05dde9d4b54f7775db2292c4725eb2440e0b2dbe65d52bb4c05c347040ae90da,227,1,1,0.21268795430660248,0.585444986820221,0.201867014169693
B-C0,1,42,0e1e5a60db31ca1ff4e88932ce8fb8133c0cae740186c0eecba980565edeeec1,232,1,1,0.21029067039489746,0.585262656211853,0.20444662868976593
B-C0,1,42,78bf7a927103b0adf2a93a132f44f2411946196d038bf6822cb2eeb2f851ab2c,241,1,1,0.21509972214698792,0.5855922698974609,0.19930805265903473
B-C0,1,42,4e05a768be51893f790163c79ad042b9bf59de08bccbba7bd25c8877c53ebcdf,243,2,1,0.20436125993728638,0.5846534967422485,0.21098527312278748
B-C0,1,42,40f57c13c26aa660145ccd9e9ad6cf7435aba21e0ecb869b65ca110bad79d9bc,244,1,1,0.2090974599123001,0.5851583480834961,0.20574411749839783
B-C0,1,42,820af5dd1d43687408ee96791d977e5768628d5dd9718275f49012ab8be7c7da,246,1,1,0.2090974599123001,0.5851583480834961,0.20574411749839783
B-C0,1,42,2fea83fd72f31c3ed98d355952e0dca5903ca77045d520014559b3131ab53449,249,1,1,0.21148748695850372,0.5853582620620728,0.2031542807817459
B-C0,1,42,3567553d36285ad28e9947ecc399152b059b63fa0d14e93da3fa60f88729589b,253,1,1,0.21631096303462982,0.585652768611908,0.1980362981557846
B-C0,1,42,a71a645737db58ca85f16857a87566dbd0644a509be1426ceec155ba4b32a46a,254,1,1,0.2199660837650299,0.5857818126678467,0.1942521333694458
B-C0,1,42,a32d5c6de3dc8a8d1a538283ab55eeaf55b9cf8e25aa347f9451fa80920ab0dd,255,0,1,0.22242049872875214,0.585824191570282,0.19175532460212708
B-C0,1,42,c6d9905e1108342a5a39e558796801aaef2123ede509df6c737dc2968cb80334,259,1,1,0.21509972214698792,0.5855922698974609,0.19930805265903473
B-C0,1,42,cf04de454501b8a0be83713c4b298369ec62ac21cd8f30857e05891dcef22cc6,261,1,1,0.2090974599123001,0.5851583480834961,0.20574411749839783
B-C0,1,42,3d8d9b0265e3f1fa1f9dced7be94a31b2d44253a703333fe32683be701e1e391,273,1,1,0.21389204263687134,0.5855230093002319,0.20058497786521912
B-C0,1,42,f048327f0da983b65f4ac626e1b417339b356d60f7641609e9f999aa25dd1b64,274,1,1,0.21752578020095825,0.585704505443573,0.19676974415779114
B-C0,1,42,2fc3c8e1b6058fdb8ba34e10c4f11c5c96a490da8c44557f51f272e135b276d2,276,2,1,0.20318639278411865,0.5845053195953369,0.21230828762054443
B-C0,1,42,c215aa987795131b42e2cd8a6c43e525423612ee007a6ced32e8263bda4ad92a,289,2,1,0.2055397927761078,0.5847928524017334,0.20966733992099762
B-C0,1,42,4560a7ae21f3fb4ac2db6ffe58ddb475ac41d6dc383b998d4c568b31ae65a35c,290,1,1,0.21631096303462982,0.585652768611908,0.1980362981557846
B-C0,1,42,609e2c6bb80163f064286be493c35084947f767a9fca5159a6007ea7d78d1b8e,291,1,1,0.21509972214698792,0.5855922698974609,0.19930805265903473
B-C0,1,42,912f7b7365227a32858a2d927685373d6780e508ef7ac83760fb9ec5aaa1aefc,293,1,1,0.21268795430660248,0.585444986820221,0.201867014169693
B-C0,1,42,97b9091925addb08c1cd2c6078d0de2bf8172b17115de938b77ad77357d5ea5b,309,1,1,0.21389204263687134,0.5855230093002319,0.20058497786521912
B-C0,1,42,19d6ef82b2a921d77a5573e974ea081845479ae43b183f176897858ed8e06b84,312,2,1,0.2020152509212494,0.5843483209609985,0.2136363834142685
B-C0,1,42,4791bf9d1d5d0230ab90f16f29614b48ab82e5801b82082235ff9b4358d29def,316,2,1,0.20318639278411865,0.5845053195953369,0.21230828762054443
B-C0,1,42,9e12aa0dbe5c0aaa2470ead8d7629926f8b65403a6699dffbfef210eb25d80d8,319,1,1,0.21268795430660248,0.585444986820221,0.201867014169693
B-C0,1,42,4dcb168e09d4d7893d639ca45b73e7538eb8bbdf4d053e76233e29ffd3010c99,326,1,1,0.2090974599123001,0.5851583480834961,0.20574411749839783
B-C0,1,42,cc8929500a996b83f8e58e90d5c2ffadb7b9bc20866921118795138fea402ecf,335,2,1,0.19892941415309906,0.5877102613449097,0.21336035430431366
B-C0,1,42,f9d294cba21968ac5c7aca6b858728c55a8a06c37c1bd8489ed5b184ed97e39e,336,2,1,0.20318639278411865,0.5845053195953369,0.21230828762054443
B-C0,1,42,f2a7a0438ec81419aed4432eca97e3bf6a7996b3abcab7bd2b0cb5ea5936ca0c,343,2,1,0.2004680633544922,0.5860317945480347,0.21350012719631195
B-C0,1,42,57374dc57848f9f7545dfff9c90d14265d0a66c20014fed384c8a1aaab2a8657,344,2,1,0.1953960657119751,0.5933933258056641,0.21121065318584442
B-C0,1,42,e59d303b3c9921823705d178211a81f3167a2b5c2bedd55a2e440ae6fb609a66,346,1,1,0.21029067039489746,0.585262656211853,0.20444662868976593
B-C0,1,42,e43bb85cc9f4c204c3b80fc593900bce375e9f42be96d02f335f2f42c13c4ba8,349,2,1,0.1953960657119751,0.5933933258056641,0.21121065318584442
B-C0,1,42,eb7b92a2b390dbb093e40e2495530b65be730eb752eccbf260be04ff31496b11,352,1,1,0.21631096303462982,0.585652768611908,0.1980362981557846
B-C0,1,42,99a93936da7984b3ce75763a91a3493bbe7f16283b2ccde42c3d93bff3fc70e1,353,1,1,0.21631096303462982,0.585652768611908,0.1980362981557846
B-C0,1,42,fdc3d5fa14c1a4086c5b7caf79828cce0d013ff497cbe8eb15c09905a3f4457c,366,1,1,0.21148748695850372,0.5853582620620728,0.2031542807817459
B-C0,1,42,ed55a6f2ea598cc2a90f6b9b6e489d7f1bf59f58579eeba23f34ffb5a4476757,367,1,1,0.21268795430660248,0.585444986820221,0.201867014169693
B-C0,1,42,a538958f863560cab82c81c2af21b948645d77515ec607b6158507d95fe5123d,370,0,1,0.22119154036045074,0.5858073830604553,0.19300112128257751
B-C0,1,42,e76f79b797b47271b05802f3737b53b3378b0b1529fd9314fa2a492b6167ac66,372,1,1,0.20790791511535645,0.585045337677002,0.2070467472076416
B-C0,1,42,2965eb77c7507629cf30cf7647115971bc3fbc079b0679ddae18c5a7f6088ba0,375,2,1,0.20672200620174408,0.584923505783081,0.20835445821285248
B-C0,1,42,447fa75d82f2da45bc471afc5b9273f8007746f7c1e6608e7f7e080582a7ea08,376,1,1,0.20672200620174408,0.584923505783081,0.20835445821285248
B-C0,1,42,4f4abcb7188e73e10ca68b718d456e0239c4dcb6875e1c3c69a419fec225e1ce,379,1,1,0.21509972214698792,0.5855922698974609,0.19930805265903473
B-C0,1,42,dce71741a22feecd18d4a68d6dac14f53d1b585efa9029d2d7f6caf10ef1d09a,385,1,1,0.21752578020095825,0.585704505443573,0.19676974415779114
B-C0,1,42,0a3effbdec3cb466bafb0f3db000792529f8a18b89f03e2f2a477a57ccb23447,390,1,1,0.20790791511535645,0.585045337677002,0.2070467472076416
B-C0,1,42,64edd6fd449505aaf4ce23b5e8fd239af0c6c1b9b8ec3b6283f29aa63786d55d,392,2,1,0.21029067039489746,0.585262656211853,0.20444662868976593
B-C0,1,42,3aa2f113241cf12a1f41976ff0bf7942caae7298859aebfd67c1ddd2a115c9f5,393,2,1,0.20672200620174408,0.584923505783081,0.20835445821285248
B-C0,1,42,7e00b595bb6999487c74eb830249fdf599a16fe836019185747560a7869a2ea9,401,1,1,0.20790791511535645,0.585045337677002,0.2070467472076416
B-C0,1,42,af3e8a8edbc429d6e82a0234c201d8cc278db4fd145a68015fd1ab8785e57275,407,1,1,0.21509972214698792,0.5855922698974609,0.19930805265903473
B-C0,1,42,f5c1f313b06ba018dffafebe7e936f738c7877b1fd7def93331d973a91083ec4,409,2,1,0.20790791511535645,0.585045337677002,0.2070467472076416
B-C0,1,42,a27435e31856096b869dad34f04f50c26e43660a66718f5643ee8ed2eb51af26,414,2,1,0.2090974599123001,0.5851583480834961,0.20574411749839783
B-C0,1,42,447b6eaaa01f44759a3e84e1ae3292b980e1e40bbca619439c1154c93b6ba928,420,2,1,0.2027992308139801,0.5863468647003174,0.2108539342880249
B-C0,1,42,a497a87c94bd318bdbd3ec6561590a06ed35ab4e87ca913472fb109a78f8bbc9,433,1,1,0.20790791511535645,0.585045337677002,0.2070467472076416
B-C0,1,42,652e6865f9acddc8831b8ce218dbe9e6235e8c801d2bbf80d878c249871281f8,440,0,1,0.23237714171409607,0.5856460332870483,0.18197686970233917
B-C0,1,42,d63a26a5f8c21cfced4f4ebdcc520a460308329d0c2f1685f083d2ed9ab0b639,442,1,1,0.21029067039489746,0.585262656211853,0.20444662868976593
B-C0,1,42,7b04f1d594f7376a2f050ee49b8349c5ef562e371b59041d74381aaf3f28418b,443,0,1,0.22119154036045074,0.5858073830604553,0.19300112128257751
B-C0,1,42,a6b0e9b589ed3f6caa4497791751bb855f8ff7bd71783f5676489298a186db22,455,0,1,0.21752578020095825,0.585704505443573,0.19676974415779114
B-C0,1,42,afa6daaad76b24e7324cb78b11b89285577dc8bbfcf69fd9a2858f75d0d2d255,466,1,1,0.21752578020095825,0.585704505443573,0.19676974415779114
B-C0,1,42,ecddaa9fb5fe0229e957962b58fa482e6fb92d8f808ec76bf3448ae1f9070c00,468,1,1,0.21029067039489746,0.585262656211853,0.20444662868976593
B-C0,1,42,3a7f050103c325de4173d8ce18ea31c2b8a5424d5ca15132d1d2e938a40e25f1,470,1,1,0.21029067039489746,0.585262656211853,0.20444662868976593
B-C0,1,42,d6c2e29b139b700ff7f46855f1fbce6d187c897106391edbf79fbf80ed1f1c14,471,1,1,0.21268795430660248,0.585444986820221,0.201867014169693
B-C0,1,42,9d1ad6603c4fc4417efe8b4d68b4771693ebeb51d9cc5fc47e7d55d6a396ae28,479,1,1,0.21874414384365082,0.585747480392456,0.19550834596157074
B-C0,1,42,d3dcab46cc222b84f1ffdcca86f298db97158c380bc905a790185b05af010c3d,488,0,1,0.22119154036045074,0.5858073830604553,0.19300112128257751
B-C0,1,42,8e66ea34596e3d99a63ea5e1e0165c156c716d735eff28f761ac0ed48e7252b4,491,0,1,0.22242049872875214,0.585824191570282,0.19175532460212708
B-C0,1,42,f84b59feebc9f4c0c496f360f1ca19bbe2d5beeb52f49c9fc163d951a96cd776,502,0,1,0.218744158744812,0.5857475399971008,0.19550831615924835
B-C0,1,42,6c25dd980ae55d61fd3c42c5c5e6030ac2dddb2fcce89e3ba55d1ed3f42fab9e,505,1,1,0.21389204263687134,0.5855230093002319,0.20058497786521912
B-C0,1,42,2df6a5e9d91cfa9be614ad5f9caee8cc67f367e07626e56fc4f67efbfaceff1f,514,0,1,0.22488892078399658,0.5858317017555237,0.18927934765815735
B-C0,1,42,efb4d196f4193d1291a1cfb89719e049b970e0bf437f8a7e200e7362d60ca360,522,0,1,0.22119154036045074,0.5858073830604553,0.19300112128257751
B-C0,1,42,c79ed7e1c220976e51dd4332360fd4507729186d68877b8df22893d4867d9530,526,1,1,0.20790791511535645,0.585045337677002,0.2070467472076416
B-C0,1,42,d1ad465a150c1a7e96ab02a505ebb64e6d4a4d6ed85a8269d159aae2333f6aab,538,1,1,0.21389204263687134,0.5855230093002319,0.20058497786521912
B-C0,1,42,bb9a219543e713c160a8c0a5217ff0448abee776e104949e51d702515e4d91d8,545,0,1,0.2199660837650299,0.5857818126678467,0.1942521333694458
B-C0,1,42,e04e7d38a93aac3cae8930e1afcc919894b9a520fcb4dca988b331ff9b2900f1,550,1,1,0.21029067039489746,0.585262656211853,0.20444662868976593
B-C0,1,42,7c393fcb8c6e7a0bd9c175f589c70e5aa04536220517e7b236f9e14bf21c6822,552,1,1,0.21874414384365082,0.585747480392456,0.19550834596157074
B-C0,1,42,acb36f95ba3fa4630d97646560eebd228e5df633a2b53197160afadbac82d3d7,555,1,1,0.20790791511535645,0.585045337677002,0.2070467472076416
B-C0,1,42,2f662e03b27bfb4526a71add2807e7200b7744865e734e627c558dbfcd716b5d,570,0,1,0.22242049872875214,0.585824191570282,0.19175532460212708
B-C0,1,42,cbff20bc53e43cdc376274e957b0ffc5d0e44adc151c80bdf4bbcae92be525c1,579,0,1,0.21752578020095825,0.585704505443573,0.19676974415779114
B-C0,1,42,27810cd10888196a27cced776fd1436adf51d1cae60009f0c7ef8058309b1000,583,0,1,0.22365297377109528,0.5858322978019714,0.19051474332809448
B-C0,1,42,11f088393304daadcce4ef6f7aeb11030a552f71b38036237f26bfcd5781383c,593,1,1,0.21029067039489746,0.585262656211853,0.20444662868976593
B-C0,1,42,f1c806ba37d90be9bd2c5d433faae60be09e78bd25bdd026832fc63f5b765d18,595,2,1,0.19892941415309906,0.5877102613449097,0.21336035430431366
B-C0,1,42,e452e684933e73c5030cb56fab663ab3633a1033ce3f9525ca49c259cb1ed4b7,603,0,1,0.23490042984485626,0.5855149030685425,0.17958460748195648
B-C0,1,42,fecb7614f4f605bdc5a580d71a1b278aede770767de1712824a679c6ef5d62c5,606,2,1,0.1953960657119751,0.5933933258056641,0.21121065318584442
B-C0,1,42,b08cc7b11c2239e58759422b6bf5a2d08f13ee0ebbe8cc8c7d36f98a1fed1f20,608,1,1,0.218744158744812,0.5857475399971008,0.19550831615924835
B-C0,1,42,2ca5957ec014c711ba4a9356fa48dce7c2814b7c34ce6430ed68fa5e83b052e6,609,1,1,0.21389204263687134,0.5855230093002319,0.20058497786521912
B-C0,1,42,cbabb7d95eace71c3efce48e034e79054df0c1930a226772f3ea9a3f42eb2cad,612,1,1,0.21509972214698792,0.5855922698974609,0.19930805265903473
B-C0,1,42,0bc52b5e19aa1667f7fbc7756b07899f366c304e861f02d85e0aef1f64de3cbe,614,1,1,0.21148748695850372,0.5853582620620728,0.2031542807817459
B-C0,1,42,352f35ab026498342b42592c28f2e2be9498c17dfa667c80faea045076e8af7f,619,1,1,0.21029067039489746,0.585262656211853,0.20444662868976593
B-C0,1,42,f73037bf5bb7948b4d6c45d2a9d27260dd1e3d46d4cda2bb4658f1b9abe5c35c,627,1,1,0.21752578020095825,0.585704505443573,0.19676974415779114
B-C0,1,42,7ccf5e3af45d32c2b891424dd669788c94857f3adff5795a33e4b30a42f41db3,643,1,1,0.22119154036045074,0.5858073830604553,0.19300112128257751
B-C0,1,42,1f87f903f6991bf3f713838f4ac2d9b2d167b93ad3fc82cd0bb8919543bca220,648,1,1,0.21509972214698792,0.5855922698974609,0.19930805265903473
B-C0,2,42,3d0d1c44ebc74d642e0c609d5dd4b5cfb467ae332a035c679b0c27cdd1ec168f,25,1,1,0.21720747649669647,0.5851085782051086,0.19768396019935608
B-C0,2,42,c346e57479e178e7b054371aa9a5f68b51e42c0e4a895346230cc32926dff8fe,27,1,1,0.21588769555091858,0.5852989554405212,0.19881342351436615
B-C0,2,42,3abda39dd64284c601a97a2fbab4b8034dd42e259e9b097ab0138698fe51f5fb,28,1,1,0.21326281130313873,0.5856542587280273,0.20108288526535034
B-C0,2,42,ff103515b8dd75894b97d53c0362207acd3e41b19365124568cce40e99ab29d0,36,1,1,0.2080722451210022,0.5862636566162109,0.20566408336162567
B-C0,2,42,6c1ff6b4722162e99085258b374ec75e9c250758b590e5d0c7e5e90d433283f1,40,1,1,0.21588769555091858,0.5852989554405212,0.19881342351436615
B-C0,2,42,f9808139012c8b222496cdbc2c5823f5a200c1ca0c9a76838b16271cb6491b49,41,1,1,0.21720747649669647,0.5851085782051086,0.19768396019935608
B-C0,2,42,b65ef40f602471b10735bf76d635b6e867318fbd3b2d79eb292d182ebc52fee1,45,1,1,0.21720747649669647,0.5851085782051086,0.19768396019935608
B-C0,2,42,30dc43bca87dffff763ecab81971977dd0e0eb2ebbba3e56ea466f30648308d6,51,2,1,0.20550668239593506,0.5865176916122437,0.20797565579414368
B-C0,2,42,fffdee90b6ab369ed3b441fc0d5835dec1e0da61263172332ba409239a1b6065,79,1,1,0.21457280218601227,0.5854808688163757,0.19994638860225677
B-C0,2,42,c3aa2339fdff357a10a7d1d16826e1158de5efda7de8df9d86f076ca2646b95d,81,0,1,0.2198617160320282,0.5847025513648987,0.1954358071088791
B-C0,2,42,10de938d451cc9cfe6d0ead0b6a8f760560120b56b7ed89b2dc4f651e5451669,82,1,1,0.21457280218601227,0.5854808688163757,0.19994638860225677
B-C0,2,42,eb359b8ed9a4e0197c1d1ab325e0047ecbec907011dd47ad227dce8c761f9a7b,104,2,1,0.2029610276222229,0.5867379307746887,0.21030107140541077
B-C0,2,42,686e797782deb880befa085462a001874deb90f59e8bd4f579869b6b3cc30dda,111,1,1,0.21588769555091858,0.5852989554405212,0.19881342351436615
B-C0,2,42,f56c2b2dd4b088427127b4d3efd30492502e057dc35df92f37e390e9ff866182,113,2,1,0.19792507588863373,0.5936874747276306,0.20838741958141327
B-C0,2,42,8df88942cba699e578f85da548ac43c04023d6e3124e0d909bedcf225ee6ce88,117,2,1,0.2080722451210022,0.5862636566162109,0.20566408336162567
B-C0,2,42,10698694323dfb803f5936e348a7facb60fabbb04e356449705169347027f85d,125,0,1,0.22119614481925964,0.5844868421554565,0.1943170577287674
B-C0,2,42,f58ebfd4557154ffbcb785a4e55bb6649accdb99c66e82c58ed1bee08f674e8e,128,2,1,0.2080722451210022,0.5862636566162109,0.20566408336162567
B-C0,2,42,64d4f18b3b12675504880cd0dc7ecf25b60fc04bfdbec355bc38419bb2d7c415,135,1,1,0.2080722451210022,0.5862636566162109,0.20566411316394806
B-C0,2,42,237d8870453dad85e4a690f5ef5b3a88e992a5aa74dfe4b4b5a16a1db596e4fe,140,1,1,0.2198617160320282,0.5847025513648987,0.1954358071088791
B-C0,2,42,6cb1a3bd78701f948722853f3ff484b4a62afa283c31e3d9ba8e2ab088574ba2,141,1,1,0.2093624621629715,0.5861240029335022,0.2045135647058487
B-C0,2,42,ddbe9a19eeb2b15127963e53920ddb3080cf3605be4e5412f985652dc3282606,143,1,1,0.21457280218601227,0.5854808688163757,0.19994638860225677
B-C0,2,42,0baae3864d2aa3d4aa2751efdb33ff2ab5c818f532230e2e93483176c0226769,147,1,1,0.2093624621629715,0.5861240029335022,0.2045135647058487
B-C0,2,42,ffecc433675dacb5aa9570aab766c7b1c9116acb4109af9e6863d3341000315a,149,1,1,0.21853215992450714,0.5849097967147827,0.19655808806419373
B-C0,2,42,fa5daee0d7df009faf4c0e08a703bbc8db8c1ae32e4f684b7085649c9d548453,156,1,1,0.21326281130313873,0.5856542587280273,0.20108288526535034
B-C0,2,42,81c654f9d5f5591c63de46ec2f8de90d5778222531f6dc2ca93dfe9653b873c6,175,0,1,0.22794079780578613,0.5832818746566772,0.1887774020433426
B-C0,2,42,0f1626989b6efba0ed821b04af2ce1ef2dd90be67fee5303e0aeb890e84e656a,179,0,1,0.2252284735441208,0.5837891101837158,0.19098243117332458
B-C0,2,42,dc041fdcc3cbcfb79f4de07118d4868642025a233a983d551502cd5c96d20552,180,1,1,0.2198617160320282,0.5847025513648987,0.1954358071088791
B-C0,2,42,4bc56ddaf0f7e559d24c60f59a6cf7edbd7b915799dadce516c430ac85a7696b,188,2,1,0.2080722451210022,0.5862636566162109,0.20566408336162567
B-C0,2,42,f388cc4e3fa7c3eb79bcc7b0c0c92fff99e4fb329900ed50bfeb4f870f49792e,189,1,1,0.21720747649669647,0.5851085782051086,0.19768396019935608
B-C0,2,42,e4513c3d95a31cb9b2e70ba9aac54b1937bbbfb1fce1e4e3eaf07f94259ecb86,192,1,1,0.2198617160320282,0.5847025513648987,0.1954358071088791
B-C0,2,42,ed46b4dc3fcd5fab1ada22a6d188180240af8e738c547e3f26fc65506b077a12,195,1,1,0.21457280218601227,0.5854808688163757,0.19994638860225677
B-C0,2,42,ac305df5cdc5f1b0801b93d200a6dfb28ed119ce4795422a08ad3057488758ce,197,1,1,0.2093624621629715,0.5861240029335022,0.2045135647058487
B-C0,2,42,ac49935da3ee5b02cec9247a78be9b546c635c54aa6988081e4fe8709663d2f9,202,1,1,0.21195778250694275,0.5858193039894104,0.20222294330596924
B-C0,2,42,ea5f3b7855c7c13d408bff3ff046c47d194d636ff9d1cd41a54051e642651080,207,1,1,0.21720747649669647,0.5851085782051086,0.19768396019935608
B-C0,2,42,24fd68e79a2159278d68b9fa03c7a306d89444b373e4ed956a552290b7163fd5,208,1,1,0.21195778250694275,0.5858193039894104,0.20222294330596924
B-C0,2,42,1c5812f23059c8affe3af759b6ead8c2c38b856307cb70a58a6806f14bcd7133,209,2,1,0.20678699016571045,0.5863949060440063,0.20681816339492798
B-C0,2,42,6ab8e0705e7b40a64b138c0755ac0e4974492c819c3a3104cb9fdf9bb5c5833e,210,1,1,0.21065762639045715,0.5859758257865906,0.2033665031194687
B-C0,2,42,a5e5532a8001b1d35b8d647ec7c6de5bd09b0cc81ab543a66c4b92d00869a830,212,2,1,0.20678699016571045,0.5863949060440063,0.20681816339492798
B-C0,2,42,4cd62e95948bd1b704bbcb35b4c07c1ce891fe8d8603fa8d7d55722149152d09,215,1,1,0.21457280218601227,0.5854808688163757,0.19994638860225677
B-C0,2,42,41c314fd5e526b07168ea8735e420c8fd4da4cb146f0cb7b53a0b2e383de5f71,216,2,1,0.20678699016571045,0.5863949060440063,0.20681816339492798
B-C0,2,42,c52893a6a9c59524615c570b972166e20fb5dc1939f7f8a0a444a854ad8b5954,217,1,1,0.21065762639045715,0.5859758257865906,0.2033665031194687
B-C0,2,42,ef6d74ead7c9dae1edd8b999fa30b355c27c4fa0917c2b6342686959821c01fa,226,1,1,0.21065762639045715,0.5859758257865906,0.2033665031194687
B-C0,2,42,a2010d08bf5544fb2f61ba56db0cc9b5b6d58a43b3e7a8155eae755a2ab63922,230,1,1,0.21853215992450714,0.5849097967147827,0.19655808806419373
B-C0,2,42,ea6ce91f0cda3fa98f7b745b9580fd6b0403056870eb76c5fcf66334679dd7ee,234,1,1,0.21720747649669647,0.5851085782051086,0.19768396019935608
B-C0,2,42,c6d8fdfaebcc9424104991f6e1b2ae52cfc74b01f006f573c65d6403e27860c4,235,1,1,0.21326281130313873,0.5856542587280273,0.20108288526535034
B-C0,2,42,81b41de2fc119a6be204b22f6f400b640dae3281ad7449e09c510a3179f3e514,237,1,1,0.2198617160320282,0.5847025513648987,0.1954358071088791
B-C0,2,42,8ef03a12bf26544326b83a924d78b17a626323183f000e61b0e1269d5151d713,239,0,1,0.22387950122356415,0.5840300917625427,0.19209036231040955
B-C0,2,42,e65cba4765702c555356fe2b6fc3183b7079396880ffa82b6303a59358a1b860,240,2,1,0.19792507588863373,0.5936874747276306,0.20838741958141327
B-C0,2,42,aef48ae8e8f8321f0e29c116e8187c697962ab80108f224eef0febe59017821b,256,0,1,0.2252284735441208,0.5837891101837158,0.19098243117332458
B-C0,2,42,4e704048021bafbeb44effb9e508d4cef59a712f89bd368f81f564485127cc02,270,2,1,0.20678699016571045,0.5863949060440063,0.20681816339492798
B-C0,2,42,6e7973c8c4ee77c326ae4010b1418b788a5630854185affb484685e8d73a7084,272,2,1,0.2093624621629715,0.5861240029335022,0.2045135647058487
B-C0,2,42,111d930258015ff415cf618a5446916b948c63467161ea1a20e0915119b50244,275,1,1,0.21588769555091858,0.5852989554405212,0.19881342351436615
B-C0,2,42,b66a61f7e4e30927c1735a3306a7e4fd6cf9b017aa1b11eacd63c9f666c7ac77,277,1,1,0.21720747649669647,0.5851085782051086,0.19768396019935608
B-C0,2,42,3366e3e79bb817fbb8c139710399b5e5e682684683af108e41f6f8f47bb2ead8,278,1,1,0.21720746159553528,0.5851085186004639,0.19768397510051727
B-C0,2,42,ef27b562eab370d5506b6031d90875e2bf94890dc4f57239be5af639fc2bb2d3,281,1,1,0.21457280218601227,0.5854808688163757,0.19994638860225677
B-C0,2,42,54a5824b809802628fc226bf21773286f73e6051e62d9cec2df3e81d93197bde,285,1,1,0.2093624621629715,0.5861240029335022,0.2045135647058487
B-C0,2,42,0bb5ed634b92cd4e23359fa5c9f0f46eb531bfa0976bdd29a00e52fbed97e135,286,1,1,0.21326281130313873,0.5856542587280273,0.20108288526535034
B-C0,2,42,7ccb05337d74117430e9fdf9897cd7110c354bd737a7229f86fe605f50969092,288,1,1,0.21326281130313873,0.5856542587280273,0.20108288526535034
B-C0,2,42,d989513ebc9b816b08d15039e20aff3eeac96a4c9cd17e51afaa8a05ead60f2f,295,1,1,0.21326281130313873,0.5856542587280273,0.20108288526535034
B-C0,2,42,29fe4b61c9b555bb9cc208302b5dc991e41580d993fe5cf0832053f62f80be27,296,2,1,0.2029610276222229,0.5867379307746887,0.21030107140541077
B-C0,2,42,a347405d861f7182f5157435b676ea5452b581ebf8b34c65c740ee6696256750,298,1,1,0.21720747649669647,0.5851085782051086,0.19768396019935608
B-C0,2,42,ba77ac0a50dbbe13d7bd6839ae32c5eb1febed467656cd2322a11c5b3f747b65,302,1,1,0.21720747649669647,0.5851085782051086,0.19768396019935608
B-C0,2,42,8bbb88b5de9002160126d07b53f3cd2825868930b27f08e4ff4760a9c179699f,305,0,1,0.22387950122356415,0.5840300917625427,0.19209036231040955
B-C0,2,42,b1ee4d7e89869caeb050bf6a44961b049d9934b92e5ee40bc7e869b645348de0,307,1,1,0.21588769555091858,0.5852989554405212,0.19881342351436615
B-C0,2,42,e03a5d8fb20a6ea99425f7eb791e67ae67db33777225bd74107066b76cbd37ab,317,1,1,0.21326281130313873,0.5856542587280273,0.20108288526535034
B-C0,2,42,727f74ba1c3c4c66b1f6b4556991e45b07a8df2d9d01846546f6627456d8494f,318,1,1,0.21720746159553528,0.5851085186004639,0.19768397510051727
B-C0,2,42,d3a134515041870d4095cf6ae0a7325769f957b530f530c1edbabeaa7c0c7273,320,1,1,0.21065762639045715,0.5859758257865906,0.2033665031194687
B-C0,2,42,980f2c93c9c03ec6203a0bdaeef81159a3cfe8ed1f28387385d9f45010302142,333,1,1,0.21065762639045715,0.5859758257865906,0.2033665031194687
B-C0,2,42,a66c4452b850b95377077697aac825a263e323984b1e8a1b5c25b1f3bbf86b4a,334,2,1,0.20678699016571045,0.5863949060440063,0.20681816339492798
B-C0,2,42,9f3c666f41f67c4d1304118a8d2927642bae1db9e3d7be9fec6431a472638621,339,2,1,0.20678699016571045,0.5863949060440063,0.20681816339492798
B-C0,2,42,276a41fcaefc7b0f5b533b227d35bd303c63f762bbf766628024ce36f9313bf9,348,2,1,0.2029610276222229,0.5867379307746887,0.21030107140541077
B-C0,2,42,b5271dc00037ef4441d0e9b55a7b122c6981acc750495290fdf2d1171ec45e4a,355,1,1,0.21457280218601227,0.5854808688163757,0.19994638860225677
B-C0,2,42,e77bd94004a0442aa632c906e2f4e997e00b478cf23900001f6d06ec63cb3ef3,360,1,1,0.21457280218601227,0.5854808688163757,0.19994638860225677
B-C0,2,42,584086a779fa152c0679d9786c1e33c602944084d5cf48f6c0e7dbbac810bd87,363,1,1,0.21457280218601227,0.5854808688163757,0.19994638860225677
B-C0,2,42,1467b04a49c306baf2f2d7d4fd94a9e1d2b0b5a630fc1defcbc2ec8916da6c13,368,1,1,0.2225353866815567,0.5842626690864563,0.1932019144296646
B-C0,2,42,aa253d0c7343d07a4854487d2aea858f473eee151b96c2ce40bedb2ee8437306,388,1,1,0.21720747649669647,0.5851085782051086,0.19768396019935608
B-C0,2,42,a7a9ca7a19cbb70fe7a0ce5094b6f1add89f5b24cedf3415b2882b501c43ca03,389,1,1,0.2198617160320282,0.5847025513648987,0.1954358071088791
B-C0,2,42,4e2eb26c0fe972eab4b5b004faa49b46156fd4ee3808d325d7e5594a79414a9c,398,1,1,0.21457280218601227,0.5854808688163757,0.19994638860225677
B-C0,2,42,eab697c8c1d27212af84b30e24e32008b1ecbc67472a7ff95ba552ee19c0db40,406,1,1,0.21457280218601227,0.5854808688163757,0.19994638860225677
B-C0,2,42,b76ae4c5df31d41a628c2eac6d63a7191c5c814c94f0f8c36f40d812e2089f6b,412,2,1,0.2038567066192627,0.5885620713233948,0.20758120715618134
B-C0,2,42,8a75076ea3879d0bf0dd017d05b4a245801a302e7b000b0a7b9c1cdb94ca975d,413,1,1,0.2198617160320282,0.5847025513648987,0.1954358071088791
B-C0,2,42,5fff96165ae228d0b6c109dedffa29fbbe1bb5419a4e17d1eb6b6f7371638adb,416,2,1,0.19953984022140503,0.5916633009910583,0.20879682898521423
B-C0,2,42,cabc765a96e5371085f2124e0c49137c3ea6aa1d74da1cc02c830ee82ebc9b48,419,1,1,0.22119614481925964,0.5844868421554565,0.194317027926445
B-C0,2,42,3b6be63e42bced9624f2695926dd4352285f8007d59bd5bb1dd51c40b37024a1,423,1,1,0.21720747649669647,0.5851085782051086,0.19768396019935608
B-C0,2,42,f4485fff06cc355178561099fde1bff774f6df6adb1ce135820fe0e07515311a,434,1,1,0.2198617160320282,0.5847025513648987,0.1954358071088791
B-C0,2,42,e92916be0b17ba8bf1e2d3ce1809285cc94721729d1978c457f4db8c4f4101b8,436,0,1,0.22794079780578613,0.5832818746566772,0.1887774020433426
B-C0,2,42,44b0ff3b5337d07bc238578620590bdec6e1c913e99c9aedd40c7306c5136dba,437,1,1,0.21457280218601227,0.5854808688163757,0.19994638860225677
B-C0,2,42,170bd7b79b3f5e28736c07ca59bd1f2f2b5d4f0778d08d0d065dd684c879d5d7,438,1,1,0.21720747649669647,0.5851085782051086,0.19768396019935608
B-C0,2,42,e0bd5edf2a653605820916a1a17d66d2397b9ad0dd84f37cbd3fd3810e309037,446,1,1,0.21588769555091858,0.5852989554405212,0.19881342351436615
B-C0,2,42,4dab921dc624739a417660847b4c0024fe177b771218333bf14e0d0d4e20aa91,448,2,1,0.2029610276222229,0.5867379307746887,0.21030107140541077
B-C0,2,42,85718d8d0d6c99912cd3eac82bdbbb72cee0878bc1891742d1d9ad494dbb5c0a,450,2,1,0.20550668239593506,0.5865176916122437,0.20797565579414368
B-C0,2,42,13495fa8b8dd9679b0eab26be9488564259999759eb940cad44c16c962ae81f7,453,0,1,0.22119614481925964,0.5844868421554565,0.194317027926445
B-C0,2,42,0dbe677afded6fdb64050e827a3a7e21d49e0ab3138a60a2e288dd171af53944,458,1,1,0.21457280218601227,0.5854808688163757,0.19994638860225677
B-C0,2,42,30208d526f61c08aa4e9adad5f98e9a48303a9b9357da44a27292465dbc46bf3,462,1,1,0.2093624621629715,0.5861240029335022,0.2045135647058487
B-C0,2,42,ecaccecb377bfe6bfdaa2574f6cdc96491a0894b2480612d0376098a403592e1,476,0,1,0.22119614481925964,0.5844868421554565,0.194317027926445
B-C0,2,42,c32bf43dea1035a78327d54bf13e6655b755788b7cb2b89bbd177edfc1270a1e,485,1,1,0.21720747649669647,0.5851085782051086,0.19768396019935608
B-C0,2,42,aeac0b830c55c2d51b6a33e30e0be051cd140df152dd398a2eddab2a28bf9b35,489,1,1,0.2225353866815567,0.5842626690864563,0.1932019144296646
B-C0,2,42,f1f7629e3f53f2d8e749f46a993a6e72aa316c1d9c1f8b1c67c6dd1a677d2932,490,1,1,0.21853215992450714,0.5849097967147827,0.19655808806419373
B-C0,2,42,5db554cde5ce7bc9cf816db20cff72939c5d380706d527f487672a618aca59be,492,1,1,0.22119614481925964,0.5844868421554565,0.194317027926445
B-C0,2,42,64093b9f13e7c9c5796331cf22a51a3878853dd9a68ddd7e2bd97746e9a148f9,496,1,1,0.2080722451210022,0.5862636566162109,0.20566408336162567
B-C0,2,42,e01c7f73d3b9c5e56e27a66af611a14995b4b65854a282507dbf90ced9dc54ac,499,2,1,0.2013281136751175,0.5887731909751892,0.2098986655473709
B-C0,2,42,f865f3eb3350200dfbeb524ebdd2d755fefe3d4d2a2093ca5e4c3d388c760e50,504,1,1,0.21195778250694275,0.5858193039894104,0.20222294330596924
B-C0,2,42,b4ddfccd8e4d07b77338aafe76e7c9ca43343a328bbb848444a3ecb6133dc14d,507,1,1,0.21588769555091858,0.5852989554405212,0.19881342351436615
B-C0,2,42,857b369ecd76d80997f03f4eb841148b4a57ca5b325132205a6ff964ff20122c,508,0,1,0.2198617160320282,0.5847025513648987,0.1954358071088791
B-C0,2,42,74137ae4e7726b7bd996489326eb22a2b8918ea0504267c8fb1fbab7f5ae7b42,509,2,1,0.2013281136751175,0.5887731909751892,0.2098986655473709
B-C0,2,42,862548383e807e3e1f19b50f24a8569b6ffb9dec43bdb049f653d08bc3af9d3a,510,2,1,0.20258989930152893,0.588671863079071,0.20873822271823883
B-C0,2,42,50a1482d80d92dbb826319e4766efc53b1bdf8ad4e84880dca534a5dda4f5043,511,1,1,0.21853215992450714,0.5849097967147827,0.19655808806419373
B-C0,2,42,96fe6b8a15df2ad16bdc1b1426c5388a37e247e2707b5f5e0efc650981a54522,517,2,1,0.2080722451210022,0.5862636566162109,0.20566408336162567
B-C0,2,42,ec4ebe569d3745dd4c8b9698518c7aa342acae412e99da6fde3e888b7d603a83,519,0,1,0.2252284735441208,0.5837891101837158,0.19098243117332458
B-C0,2,42,59e566c9593c67991a9806b91f08f73822a0101cbf3d442380b33413985e2c61,528,0,1,0.22119614481925964,0.5844868421554565,0.1943170577287674
B-C0,2,42,ff5ec594276eaf7458f2130bcf3e75b5d349c038b2b084453d15878aca86b077,535,1,1,0.21853215992450714,0.5849097967147827,0.19655808806419373
B-C0,2,42,26b4822fa63df3b3e9c29f678473792ea52b5b587e2cab81296a5a914d19b8b3,544,1,1,0.21457280218601227,0.5854808688163757,0.19994638860225677
B-C0,2,42,f4d53f6572ae8b078ab81ba0147ca9577c4911fee5434fc10bcd3664f586de6f,559,1,1,0.21326281130313873,0.5856542587280273,0.20108288526535034
B-C0,2,42,1e575562ac1159a8405c09757fa2ecb84640a371604a760ff9c484986079044d,564,1,1,0.21853215992450714,0.5849097967147827,0.19655808806419373
B-C0,2,42,6fd9a47fad5e93b780be9618fa002099728d3eff67212f1dfd621d4fe09e5eca,567,0,1,0.24038159847259521,0.580582857131958,0.17903557419776917
B-C0,2,42,c196a7c8ed3ca9e717d3bd3e95cdfe28d93e5d9cf747d077bb16d08a20a5e14a,568,0,1,0.2225353866815567,0.5842626690864563,0.1932019144296646
B-C0,2,42,882cedeb9fc2ec46872ae63c3be3b86e9760a8947f6a1cb1a2e0b94eaefa5a4b,571,0,1,0.2225353866815567,0.5842626690864563,0.1932019144296646
B-C0,2,42,83113f35b1ed6dcd55e689ac8670be1b8e9643d34559e493146083d8e5945dce,573,1,1,0.22387950122356415,0.5840300917625427,0.19209036231040955
B-C0,2,42,7be80fb1e0b72f3463c8bb1765680e76d75477d56995fa3950c138b538110adc,575,1,1,0.21720747649669647,0.5851085782051086,0.19768396019935608
B-C0,2,42,55dda6439343432382a3c5fcfd38503ba528580be87b0d35cdba66b9c9b827d2,576,1,1,0.2198617160320282,0.5847025513648987,0.1954358071088791
B-C0,2,42,d083e107e8f39557b9da7bae2f268fd65ec49b913d65d226417086af94f9511c,581,0,1,0.22658222913742065,0.5835396647453308,0.18987807631492615
B-C0,2,42,6dcbeeb20de7ab3fb6be30cae5c029490f226a6c6e9839f8bb4882119aa94265,584,1,1,0.21720747649669647,0.5851085782051086,0.19768396019935608
B-C0,2,42,4d13f0a81cacab75a84d737ab08cf1b5159479efc79f18190e8eff251f50d3a5,590,0,1,0.2252284735441208,0.5837891101837158,0.19098243117332458
B-C0,2,42,62984b6078e75a305726c858e36e398e1c744cb748f515a9cfe0fc9d54a69c63,599,1,1,0.21195778250694275,0.5858193039894104,0.20222294330596924
B-C0,2,42,864a47eb9df8de430cc753dc49cfb0c61bbddcd7e39861184b1c6ac25ac9961b,618,2,1,0.2042313516139984,0.5866320133209229,0.20913663506507874
B-C0,2,42,f21c6f9076039176e5eb15df163162d58f098a9ae11653ad81acafabb9c36e7c,625,1,1,0.21853215992450714,0.5849097967147827,0.19655808806419373
B-C0,2,42,0b62dbcc4ebac3c7caeb54877d5a7729939755248ef62d510998e9e0fbed957f,632,0,1,0.2252284735441208,0.5837891101837158,0.19098243117332458
B-C0,2,42,52a96206cbacbf10f2bc11340bd5210d489f276f3d08ac28be80c19d2cf1da08,633,1,1,0.2093624621629715,0.5861240029335022,0.2045135647058487
B-C0,2,42,29fce523320e3983ff6849f6c475a158aa2fe75ebd2e9c644855bcd863b27cc7,637,0,1,0.22658222913742065,0.5835396647453308,0.18987807631492615
B-C0,2,42,4ec623fdc95e46d2eebb4a617716702a53c1664c18b6850a31a71541fbaf8d81,641,2,1,0.2038567066192627,0.5885620713233948,0.20758120715618134
B-C0,3,42,9da00394a8e5d8f9ea66036a6a89912efa355fd9ba96bfa4c528435b8bef9db1,0,1,1,0.22946470975875854,0.5778502225875854,0.19268502295017242
B-C0,3,42,2032c66fadcb9fb24653402444d869a8a23e06dd7c522221ee5e19db135147dd,1,1,1,0.2168746143579483,0.5758536458015442,0.2072717845439911
B-C0,3,42,8726e7c2817fb8c8315b2db10843e3074a260645fbf1fccfd23450a6dfadb425,9,1,1,0.21156205236911774,0.574323832988739,0.21411408483982086
B-C0,3,42,14caadb35d5c89647b912b53c06bdcea5896a8299a9358c8bd67f727a3feec4c,14,2,1,0.20659597218036652,0.5726934671401978,0.22071057558059692
B-C0,3,42,0817d574402933c00d82a89b1851b0d40647a8234618ab6b293d902531e9fea3,15,2,1,0.19844025373458862,0.5736353397369385,0.22792436182498932
B-C0,3,42,3679ea32f8b94b8ce3d1242fef2d6073a0bdb60fe26b258e51162049223ac77d,44,1,1,0.21546733379364014,0.5754695534706116,0.20906312763690948
B-C0,3,42,1a9c93c0298921e6e0f103921ca7dba43c8472b77c47cdfe345bc83365ea4636,52,0,1,0.2176910638809204,0.5760695934295654,0.20623935759067535
B-C0,3,42,08f641e003d30bb34ea70c8a98e54462e23555149b596c1f323b1ca3443795eb,53,1,1,0.21016943454742432,0.573886513710022,0.21594414114952087
B-C0,3,42,825309a30632ca1e2936b124a778f11cb92b02606b370f89d13bef151f047eef,55,1,1,0.2104623019695282,0.5739797353744507,0.2155580073595047
B-C0,3,42,7b13c3dcfc57858b28512dd82b80f9bbc5a38d53ab17609e29661191744e409e,59,2,1,0.202760711312294,0.5712975263595581,0.22594180703163147
B-C0,3,42,cb2b4d4111dfd94cb699ad65f248b0bfb4f2ebfda4969f24c0672a4eea784aea,61,2,1,0.21657803654670715,0.5757739543914795,0.20764805376529694
B-C0,3,42,2d4a4db57d75d8a7e2d6e56965c925963d33c569c1e24c31a63fb124021beebc,64,1,1,0.21016943454742432,0.573886513710022,0.21594414114952087
B-C0,3,42,410500105c3281445a1b6e50757dc923dff389861aa9993c0b740a1545b5b228,68,1,1,0.21517157554626465,0.5753868818283081,0.20944155752658844
B-C0,3,42,43ef9061e180219186ef1d51bc3c069a634f7f7a0078c5e6a8e339fe1bf5c10d,72,1,1,0.2112685889005661,0.5742329359054565,0.21449851989746094
B-C0,3,42,81b09fc0aa959d8efcc70c33f155000a7f01a30bf542cb50cd16d5ceb5203c4f,80,1,1,0.21406391263008118,0.575071394443512,0.21086469292640686
B-C0,3,42,b64a99906f7914e194b7e5bda1235e3fffa359bf7c1667dd42b4268f16478434,86,1,1,0.2112685889005661,0.5742329359054565,0.21449851989746094
B-C0,3,42,d1873f2c273d9fff1d54fa797703976f13a01d3298453e10d99cb401551d4999,89,1,1,0.21910426020622253,0.5764315724372864,0.20446421205997467
B-C0,3,42,7e9752299515d5ecf7f759b6eae0d65703a71dea906d252e95aab67537ddb71f,90,1,1,0.2168746143579483,0.5758536458015442,0.2072717845439911
B-C0,3,42,68ce95a11652b3b237dabe6ae00998c9c7adce1ee390c47fadd3e8540130de0f,109,1,1,0.20413199067115784,0.5718105435371399,0.22405745089054108
B-C0,3,42,3797dbb2b0b7a08e83dbec5409c694efa671c4e46af761858844278f1dc385d8,110,1,1,0.20797847211360931,0.5731672048568726,0.2188543677330017
B-C0,3,42,704d8396ce08b551fa6dd721337adce6afb2503715135f734bd2c0722ce528d3,115,1,1,0.20384296774864197,0.5717037320137024,0.22445331513881683
B-C0,3,42,4d25798cefc2cf5ce3c29ebf0b9e4c0d84956f1a8898de972610ee57b6a7fb5f,129,1,1,0.21016943454742432,0.573886513710022,0.21594414114952087
B-C0,3,42,bbb97d718a1a11e509b00ac170dc512ff9b9930eacf75f5a3077880ff90bf810,136,1,1,0.21910426020622253,0.5764315724372864,0.20446421205997467
B-C0,3,42,787dcb7a1c4cc9f4983f462ddd01863d71220d14a298073a5886f7917ceec867,138,1,1,0.21266430616378784,0.5746591687202454,0.2126765102148056
B-C0,3,42,b064cb059d374948ef0370a2437f8d0bafe1e9678a1b38f837c6a6db9db4d582,142,1,1,0.21406391263008118,0.575071394443512,0.21086469292640686
B-C0,3,42,9a26ca17f1a2a542cec0453d178767a86c59652d63ff72ddaa48810be13d1ab6,153,1,1,0.20907269418239594,0.5735311508178711,0.2173960655927658
B-C0,3,42,d1b268ba32d56d8ff3504e94ee5370f3a76ce18e0a3b0db5c875395b0e922da0,159,1,1,0.21016943454742432,0.573886513710022,0.21594414114952087
B-C0,3,42,440e70046c7ab779d69b3cf5f483b0504098b58f20b98da0f4b90dcca58b7a1c,161,0,1,0.21910426020622253,0.5764315724372864,0.20446421205997467
B-C0,3,42,1336c5029330743b5ea83d83fdfc07fcd73276158b755bc1202b4a90ade5cb08,162,1,1,0.21266430616378784,0.5746591687202454,0.2126765102148056
B-C0,3,42,d51923504c8a939ba8dfbe8c09d12c0f24fc1b5f9fceff2ea5d3f498b3105dad,170,1,1,0.21517157554626465,0.5753868818283081,0.20944155752658844
B-C0,3,42,c346449759a08de6df8ad7f0936940e980e88f11837c514a02a4fd03f71ed459,174,0,1,0.22164243459701538,0.5770442485809326,0.20131327211856842
B-C0,3,42,4b9f8e0c8ab34af43ef7096eb4e85d311551b210d679e5d673daa44a258e8a42,186,1,1,0.21628160774707794,0.5756936073303223,0.2080247551202774
B-C0,3,42,801eb4d09dd43b2b678c81a91d82521163c504324fee02de3778a3ecd1a926bc,194,1,1,0.21517157554626465,0.5753868818283081,0.20944155752658844
B-C0,3,42,0c37fd58a9827290e55b34630825b0d6244c49d5ad38b4cb692ee5fba935d2c9,203,1,1,0.21910426020622253,0.5764315724372864,0.20446421205997467
B-C0,3,42,50fcac22a7e0a3f9e29c98914641686f7b4d5b483729f33dfc0943ebc770409d,206,1,1,0.21546733379364014,0.5754695534706116,0.20906312763690948
B-C0,3,42,1223db6fa4c73ddcfb1d3c6d1d32d7a9a694a0c67b0b8896d2e2c5252ea458b7,222,1,1,0.2104623019695282,0.5739797353744507,0.2155580073595047
B-C0,3,42,1cd7edbfe2f40c5d7c9a6230c2530a19e1c33c1d7a4b9c2fc76e71f4a4ef2955,229,2,1,0.20442120730876923,0.5719168186187744,0.22366203367710114
B-C0,3,42,51cce7d0485df80b75d03dee842b5fbb970f5348df67160d0e30730f577a193f,231,1,1,0.21657803654670715,0.5757739543914795,0.20764805376529694
B-C0,3,42,982f60fd457eb6d3d3ea718cf44d5cb26c9847a13bc9211cf942c0276094cbea,236,1,1,0.20907269418239594,0.5735311508178711,0.2173960655927658
B-C0,3,42,73d4dfe9d634e737477bbc0e789414071caddfba0329a03b55a67d4565f16b31,238,2,1,0.20304906368255615,0.5714066624641418,0.2255442589521408
B-C0,3,42,17fce900c57b5d8978b6a7f3fc2fb54520a09094e94167b76cbe441400f5ad10,247,1,1,0.20907269418239594,0.5735311508178711,0.2173960655927658
B-C0,3,42,38085f4b22cba5fc2e5c7334dc43fd4faa9f1be9584e87c3a89ac73aa37f3ff6,248,0,1,0.21910426020622253,0.5764315724372864,0.20446421205997467
B-C0,3,42,f37129146fe1cc102260df1bb5035364d6977e2290c3f3c022105e91ae0cad55,250,2,1,0.201680988073349,0.5708824992179871,0.22743652760982513
B-C0,3,42,c85e618c2cb4110b794d0c0953af57fe74dd832c9089b476240a78f6178bf1cf,252,1,1,0.20768706500530243,0.5730686187744141,0.21924430131912231
B-C0,3,42,6a3c09e4947d005706a207b8c760dd1e4a01a013d7fdf234bb6e2abbe62ed0f8,263,0,1,0.2227659821510315,0.5773003697395325,0.19993366301059723
B-C0,3,42,55f09cfab4e7759b9196088c60e80fdf399fa12b760c9cf22aaeb33589b1808c,265,2,1,0.20521745085716248,0.572205662727356,0.22257693111896515
B-C0,3,42,b7661cb5dd52c9c0fe4365fcc6bff1f997b8753cdce2392381357136c4a5bf43,269,2,1,0.20659597218036652,0.5726934671401978,0.22071057558059692
B-C0,3,42,be89c47ea7807e1e8f1728f4281bf7f92ce922539e0b3cd0848dc5a258702b8d,282,0,1,0.22306598722934723,0.5773671865463257,0.1995668113231659
B-C0,3,42,8b6cbbd882704231c2da058f30493957fe5f146ad538f186251118a7c93fe195,283,1,1,0.2168746143579483,0.5758536458015442,0.2072717845439911
B-C0,3,42,1c7add97688eeaddc1858c389db4aac1d7c75a52d05d5f15c0d081a7b938abaf,287,1,1,0.2179882973432541,0.5761470198631287,0.2058648020029068
B-C0,3,42,50a40749308fda874b7765a8a2b85ca93645b0200e63e9851129ab8fd6f41ff9,292,1,1,0.21295864880084991,0.5747471451759338,0.21229420602321625
B-C0,3,42,0910a774d27e3fe150f1c12d186032f527421ab5d7c35f74ac4f758094dd228d,301,1,1,0.21657803654670715,0.5757739543914795,0.20764805376529694
B-C0,3,42,4bea7852e6349795c7bb47b3b196b923e2ba8e7aeea9001ce30608cc02c0e4f6,303,1,1,0.20739585161209106,0.5729694366455078,0.21963469684123993
B-C0,3,42,fe7000c6192011cc4cb3fab698a7821cc7044fec6fed4d6c825162ba8e131368,304,1,1,0.21295864880084991,0.5747471451759338,0.21229420602321625
B-C0,3,42,de68a6ddb137408d6f047da8b80a1ebeb03cceea79fe2bc107056a11068abdc3,306,2,1,0.20304906368255615,0.5714066624641418,0.2255442589521408
B-C0,3,42,ee99b4a3c8e4b8ac8172a040ad3be7a04dea423a9ae0409a95df0fafc91a313a,308,1,1,0.21546733379364014,0.5754695534706116,0.20906312763690948
B-C0,3,42,5e503b8ae7945a0c7a8bcd67542d51082ffc17c2404a5253304711f79919407f,313,1,1,0.20907269418239594,0.5735311508178711,0.2173960655927658
B-C0,3,42,a538822eabdf193b2b19f78ccf63644aa5c71ce346c2909e83ad04440964ae88,315,2,1,0.20659597218036652,0.5726934671401978,0.22071057558059692
B-C0,3,42,0796be2517f6d256579d64e3fd271287a0a015eb77e018c048e59d0f28eee45f,322,1,1,0.22022254765033722,0.5767073631286621,0.2030700147151947
B-C0,3,42,1bfda6b9b2ec251369d6f57db5fce38fb12dcd38ecc1650133ffde8588ea9de5,323,1,1,0.21657803654670715,0.5757739543914795,0.20764805376529694
B-C0,3,42,dd16b30b04ffe107ef12c7c07478ee8a6f1cb06de15b60261e80e1c3592fa365,324,1,1,0.21657803654670715,0.5757739543914795,0.20764805376529694
B-C0,3,42,4998ff2bd307bda1d85ee16567c661c9862e55779e725e724189456e0c51af70,325,1,1,0.21406391263008118,0.575071394443512,0.21086469292640686
B-C0,3,42,39eaa33a8d48061b0348f9e4a83e301a0a7459e5eb653e83810f30644bbc17f7,327,2,1,0.19844025373458862,0.5736353397369385,0.22792436182498932
B-C0,3,42,5caa9ac380bb06f4d084ea82b0b0e36346f917605e5ce0b8bbbdf5ced25c6cd0,329,1,1,0.21156205236911774,0.574323832988739,0.21411408483982086
B-C0,3,42,fb6e8a79c7509d2ea0d634b54f8c3c61a61c856f58b1e43907d91134de9c8f10,331,1,1,0.21156205236911774,0.574323832988739,0.21411408483982086
B-C0,3,42,a46a03d1ee4daec20e9a849ba628defbbc5ebb1042f9cc44f825a9072c526ebd,337,2,1,0.19669148325920105,0.5763714909553528,0.22693704068660736
B-C0,3,42,4612e860034a77d8b2a28c5a307edd4c230ea2cc203c599c4d524164ca1c201c,340,2,1,0.20550736784934998,0.5723095536231995,0.22218316793441772
B-C0,3,42,562297c9b2262e5b9178439eac76300b6d0baa5c81dc6ab9a3e04f13b44d1edd,347,0,1,0.22419241070747375,0.5776122808456421,0.19819532334804535
B-C0,3,42,2aa6a5792ef7467f71fc55b9fcc6f5c9d6ba25f470083dd8e9a787e579bfd401,358,2,1,0.21156205236911774,0.574323832988739,0.21411408483982086
B-C0,3,42,2b1079c154b15202bdeb4e37d3bb3fda5cde0b6dc62e5246d0face06819abf5a,371,1,1,0.21657803654670715,0.5757739543914795,0.20764805376529694
B-C0,3,42,4b1c806a421b02743346fc062782ec9b603b1cfc919177966cf33f0baffd2193,374,2,1,0.19669148325920105,0.5763714909553528,0.22693704068660736
B-C0,3,42,ed9c1db619a6e03138850df9100b0c87a96915bff8f177717879e0b0d0763e16,377,1,1,0.20797847211360931,0.5731672048568726,0.2188543677330017
B-C0,3,42,421629aaa541cfa65f08170d2ded95bfcfb72deb6371ca7bd8cff9686b07ca24,381,2,1,0.20521745085716248,0.572205662727356,0.22257693111896515
B-C0,3,42,28b053e3389d9080286d65e0a159dfd0e84b54ab6f9d29efe76029c4e441d313,394,2,1,0.20659597218036652,0.5726934671401978,0.22071057558059692
B-C0,3,42,93b21413c755833e1950d07af850214cfb9b5519b7b21162d63f4c9ee904ca1e,399,2,1,0.20442120730876923,0.5719168186187744,0.22366203367710114
B-C0,3,42,76d06487c4ffc806c0124b367816f652dd15cd43c60141189fb67369207e51fd,402,1,1,0.21295864880084991,0.5747471451759338,0.21229420602321625
B-C0,3,42,284ec319e69a06d51dc7138b1cd703bdec233bd9862e76e788a66d58b5c93074,403,2,1,0.20827004313468933,0.5732651352882385,0.21846488118171692
B-C0,3,42,f31671785b3e105c3461c6f468a73e51b08fb09a2755ffa8ebfec2ee89fdccbc,405,1,1,0.21546733379364014,0.5754695534706116,0.20906312763690948
B-C0,3,42,5fad3e448c5e1d74ad40706ea43e831ca8eb7c7de5f8b18a8d11e3658f13675e,411,2,1,0.20827004313468933,0.5732651352882385,0.21846488118171692
B-C0,3,42,abcb65e9f203ebce43dfcc290e3881ec3fadd75e0780873abb34e688cf2bde55,415,1,1,0.2179882973432541,0.5761470198631287,0.2058648020029068
B-C0,3,42,ecc8758acbe3ff3c1237190f0844b57b0865bb46d0c940c7ca341391b4a24f77,417,2,1,0.2027328759431839,0.5742065906524658,0.2230605036020279
B-C0,3,42,83a9b71397707247df9fd3717796837f3765429b50236d6099664af84b527b36,418,1,1,0.20797847211360931,0.5731672048568726,0.2188543677330017
B-C0,3,42,f69228ae618f2a54598815acf45338b6ad192e9eb36eb4949775495b54e4ef8b,422,1,1,0.21325312554836273,0.5748344659805298,0.2119123935699463
B-C0,3,42,b792c09ee937fae339c13197e2ca35611ec60e9b4d2f0dd62906e390c58a29f0,424,1,1,0.21156205236911774,0.574323832988739,0.21411408483982086
B-C0,3,42,db9e4ad5925b27ec0584e301c098615d0e7d750f33a62c852097ee5091d20bdb,425,1,1,0.21657803654670715,0.5757739543914795,0.20764805376529694
B-C0,3,42,a3ac2db16dcc74dd63903b195b7d1a3a53338887f18e8639c30c65d8eae7bc86,430,1,1,0.21546733379364014,0.5754695534706116,0.20906312763690948
B-C0,3,42,4197c747bb633c56f7d24ec066c22ea16f41b22682b607527cfd6f1a7a2562c8,432,0,1,0.22675396502017975,0.57813560962677,0.19511041045188904
B-C0,3,42,3ff83fc265305905760c500d9fe41689de9a1de06044ba371e5d92bef6310802,444,1,1,0.2179882973432541,0.5761470198631287,0.2058648020029068
B-C0,3,42,1a61ef72c42eed5e7901aa43b40e133c4e51f87ced017db6e1d465d17ca3ec78,454,0,1,0.22022254765033722,0.5767073631286621,0.2030700147151947
B-C0,3,42,3d49951b870f3bcf189be0c2ef0d5405a6c21987112ed1b195ea3ed4ddfb46d6,456,2,1,0.20797847211360931,0.5731672048568726,0.2188543677330017
B-C0,3,42,3d19f74837a5c6f5e6ce0189453e4c6b522f560699d85fed9af18054565b4fad,457,1,1,0.21546733379364014,0.5754695534706116,0.20906312763690948
B-C0,3,42,8d0f029901600d9418a07f1fd8a7b00c1d0b43e684bd28f66e21c5cf7dcd6021,463,1,1,0.20987671613693237,0.573792576789856,0.21633069217205048
B-C0,3,42,55d65dd88579a7b1789b4e356b381badd401b3808258dce2c7f346a5dd179c07,464,1,1,0.21406391263008118,0.575071394443512,0.21086469292640686
B-C0,3,42,9b5390ef3260489b3c3887f9fe6f349f50d003bb156f7742f95c91a2857f2dae,475,1,1,0.2104623019695282,0.5739797353744507,0.2155580073595047
B-C0,3,42,4e8d3b7274c27d5592e32b4eb3028607e6458d3fa96ea1c253fae1519ce42ebb,484,0,1,0.22419241070747375,0.5776122808456421,0.19819532334804535
B-C0,3,42,39f5260d468bf91cca4bc94b0f64140f65b1569a4eacdacee827afe47a7a43af,486,1,1,0.2179882973432541,0.5761470198631287,0.2058648020029068
B-C0,3,42,ad3bbd4bc195aca26dbe34255846b204647007f9008cd1604caf31a6030ec266,493,1,1,0.21910426020622253,0.5764315724372864,0.20446421205997467
B-C0,3,42,9662010e2490990d85dd702691d3e752f5a17e905f96d98be43c275a1e08a893,501,1,1,0.20878064632415771,0.5734349489212036,0.2177843153476715
B-C0,3,42,f9871cd35fbbef3dcc9a11edf31cde93a1421f2f6768ec1eda59f1fd8a7eda5b,503,1,1,0.20659597218036652,0.5726934671401978,0.22071057558059692
B-C0,3,42,09483a45ca26429c517c73946e7c0e42d0b268c8e54f9f87e8d06f6ddbddf0e6,512,0,1,0.22419241070747375,0.5776122808456421,0.19819532334804535
B-C0,3,42,e3b43d0c2f88cf262221ae16e2204cd0eab17feeda587be40cda3a8f76eae2f7,513,0,1,0.22389180958271027,0.5775477886199951,0.1985604166984558
B-C0,3,42,293fd70db77ae8dac4ff7015aa8471bbee8dc11c94d69214be1164a3a65ded47,515,1,1,0.22022254765033722,0.5767073631286621,0.2030700147151947
B-C0,3,42,1d8c825fa4140f5726cf96d2fbc410daf8dc1449a57aa3018d8d69710baf1acf,516,2,1,0.20442120730876923,0.5719168186187744,0.22366203367710114
B-C0,3,42,6be95b1a0e561d03e9ff9bb3bf48e85fc3bb4ae85b750949097b5270445e0b2f,521,1,1,0.2194022387266159,0.5765059590339661,0.20409178733825684
B-C0,3,42,302494caeb3ee0101f8f544443114bef1a41d67b3f2ce1366f69f9a3f31ce11c,530,0,1,0.22081999480724335,0.576850950717926,0.2023290991783142
B-C0,3,42,721efe630e75ad47ccaef650071f9859ae1b8779a8c95ecea3c05cada999c1f2,537,1,1,0.2104623019695282,0.5739797353744507,0.2155580073595047
B-C0,3,42,d1958961f2d45dc817103b882041c89ee03cfc904630b276a8df79cc1bb77be4,542,1,1,0.21546733379364014,0.5754695534706116,0.20906312763690948
B-C0,3,42,298396fbfdd8164ae18c277866976ca23849141cf1815c2bcec80e4ae07c61b7,548,1,1,0.21517157554626465,0.5753868818283081,0.20944155752658844
B-C0,3,42,fb94ee8ea1e782bef0347d3f68c7a3b2779dd41a95c0aa9dfffc9da76f70ba9f,549,2,1,0.19669148325920105,0.5763714909553528,0.22693704068660736
B-C0,3,42,5b5485c49c314af261c3458801b8a573f2c1563a3c311c29143aab59d9d911ea,551,1,1,0.20797847211360931,0.5731672048568726,0.2188543677330017
B-C0,3,42,05567423ae09c5925d6146877dafb322bf8ffcd07a7f3933256d62e795f81820,553,1,1,0.21406391263008118,0.575071394443512,0.21086469292640686
B-C0,3,42,def918c1724a318819400b627c2284b9d77b244b87ba2494717c910e5c9c38bc,556,1,1,0.2179882973432541,0.5761470198631287,0.2058648020029068
B-C0,3,42,81797337a73820dc32b1a903022de6137363f685e79ff3d28361b746ffaed4d1,558,1,1,0.2160593867301941,0.5756329298019409,0.20830760896205902
B-C0,3,42,42782168745dc8505000dbae693962b78560d30e77d5c939cf351a8b1435ee0b,566,0,1,0.22134321928024292,0.5769745111465454,0.20168226957321167
B-C0,3,42,6fb20bf325c96c92f7685718fe8ac085abc4d9ae3655bac14eeb57923a7ace8b,569,0,1,0.2273583561182022,0.5782523155212402,0.19438932836055756
B-C0,3,42,4d38119ab66a25344f4d5e9cac08e7a79647052d37639e78099d0d83f405388c,586,0,1,0.22164243459701538,0.5770442485809326,0.20131327211856842
B-C0,3,42,e8163c001a265fe053d03db65ff85765ce01cdbe0255fccc0cdc667d3e54d98b,589,1,1,0.22081999480724335,0.576850950717926,0.2023290991783142
B-C0,3,42,43460a59a097e1443e8fbc9958de350337bb25f8ffffc2fc154630bccfe4cab4,592,1,1,0.21295864880084991,0.5747471451759338,0.21229420602321625
B-C0,3,42,5cbc809b12bbee7f9264f64fb42ed13d33f0a6e6a36184a8abaaf767c2a5e4d8,594,2,1,0.19448930025100708,0.5798287987709045,0.22568196058273315
B-C0,3,42,638b177ebfd03aac5f3afd7b87a4197f8724aebf6fb9331b5739e0ecf63e509b,596,2,1,0.19669148325920105,0.5763714909553528,0.22693704068660736
B-C0,3,42,88141e1c7c290dd5013d1430599c08e066cf9b67d49c79ba4eed15b5368f8865,597,0,1,0.22925113141536713,0.5786010026931763,0.1921478807926178
B-C0,3,42,95e8238ccef68ad4f8150229d207753b7ab128e23d88ab78b7641a93e0bf0b7f,598,1,1,0.21546733379364014,0.5754695534706116,0.20906312763690948
B-C0,3,42,822a295f2c49ded241a54272d201a97fb3dc1b2409068f0e353f918e741a9ae8,601,1,1,0.22164243459701538,0.5770442485809326,0.20131327211856842
B-C0,3,42,ac5e5e4d7d88c4fc6bed3d9c971328c75ec9aeedf9f5e57eeb490d0e05eb0235,604,1,1,0.2179882973432541,0.5761470198631287,0.2058648020029068
B-C0,3,42,e76d30071132859aee98d30842d0336ad4f55ec000ceee702f40c262f5d29fe4,605,0,1,0.2350422888994217,0.5795139670372009,0.18544374406337738
B-C0,3,42,0c62dd9eba4e97411d8065ea4a297154674fd8225c2e5435c85f3e545314f202,607,1,1,0.21406391263008118,0.575071394443512,0.21086469292640686
B-C0,3,42,3f51ef1cc86ab991c28a55516800a2b6b5ef37565f358b017c65fa7577187dfa,621,1,1,0.20907269418239594,0.5735311508178711,0.2173960655927658
B-C0,3,42,dd38559e4db1b62eb9ee7721afb2fa8ba6d0e620b0ca68c3466a2b552c86f887,622,0,1,0.2194022387266159,0.5765059590339661,0.20409178733825684
B-C0,3,42,791278aa8844499b0a60f95a26795155a5f9545a142a562dca7b40238639b234,626,0,1,0.22645200788974762,0.5780763626098633,0.1954716145992279
B-C0,3,42,f348edbafe367b5ca9552438520be0642620dd2e2fa1312d7bf2b74940eb9780,644,1,1,0.21546733379364014,0.5754695534706116,0.20906312763690948
B-C0,4,42,366f43b68b77ee5d9d4d649052f097811eedbdf9b66e66e3d3a40f469b388044,2,1,1,0.20745126903057098,0.5830608010292053,0.20948800444602966
B-C0,4,42,8b3e47f5ebce0eb3eab15109aa814094f34c092ee88c49f965a0c31f02e89665,10,1,1,0.20308661460876465,0.5836008787155151,0.2133125215768814
B-C0,4,42,51bfbad6d53b93a899767c78e04aedd5268a69726ca0fa60eebb8995190d4982,12,1,1,0.20745126903057098,0.5830608010292053,0.20948800444602966
B-C0,4,42,3ebf8a2cebdec533bb2f688970be04e9d39292494e756baaecc985483868e197,16,1,1,0.2059897631406784,0.5832512974739075,0.21075893938541412
B-C0,4,42,df5f1e6242f05e2e7995e736400586f8d34bd840e6cc2238daba43556f312bf7,17,1,1,0.2045348882675171,0.5834313035011292,0.21203379333019257
B-C0,4,42,716a01bc74c08fe1ad70772ed77afa2bc34025fce7092dab0813200de8da2e99,20,1,1,0.20745126903057098,0.5830608010292053,0.20948800444602966
B-C0,4,42,7df5d7c65a174992687578a093dd207e1ca89156b6eb9caf2dc28c6a498c4c69,21,1,1,0.2103939801454544,0.5826483368873596,0.20695772767066956
B-C0,4,42,e61c91569c6de30c3d7a1a050539ef58a6e6b2819fedd91cf751aa0b3b5dc43c,23,1,1,0.214857280254364,0.5819509029388428,0.203191876411438
B-C0,4,42,1d7362cb11b923770fcf1b9a9f01b7fa4ac11819920853a5a2909ecc1bcf6867,24,1,1,0.2133629471063614,0.5821938514709473,0.20444318652153015
B-C0,4,42,f791c4eed66654e399b28a4c327d7b32842e48bc7cb42c5ddf0334cb435a54fe,26,1,1,0.2103939801454544,0.5826483368873596,0.20695772767066956
B-C0,4,42,6623d48d7b4f14736e86dddd3ea44cbf28743d1a0fa21fd0bc2badc498627870,30,1,1,0.2133629471063614,0.5821938514709473,0.20444318652153015
B-C0,4,42,adeb2a11168a375acac8a5ba7b0b12f61ea068f42dc92905098e6e9cc109f6bd,31,2,1,0.20020994544029236,0.5839085578918457,0.21588143706321716
B-C0,4,42,754d80adc397c4fc9bec4ce162ed868fbaba4b8aa3ab35766de0fb6def2f0ceb,34,1,1,0.20891934633255005,0.5828598141670227,0.20822088420391083
B-C0,4,42,84eb0f805fcb924ea581aaeed6c1024f9b78a793c930404ba039a4ceae8ccc01,37,1,1,0.2059897631406784,0.5832512974739075,0.21075893938541412
B-C0,4,42,5a01e160eddd0bfbc539ba4edb21a863e238a235071b2454983b79461d8e4206,58,1,1,0.2045348882675171,0.5834313035011292,0.21203379333019257
B-C0,4,42,717139bec7d6697c010ef70919581b03d427ed7b732fe74877da3c2869a2549a,65,2,1,0.19868788123130798,0.5846430659294128,0.21666915714740753
B-C0,4,42,ae7b53521c5f68c35a765aa5d26aa9bfb6604a6b2115fb3b85bc571e44290618,70,1,1,0.20891933143138885,0.5828597545623779,0.20822086930274963
B-C0,4,42,c95ca8f4fa098b2e8efa4e74297b6a837b1cad117a7c74f757cfb6e899300c9b,71,1,1,0.21485725045204163,0.5819509029388428,0.203191876411438
B-C0,4,42,8e1cfba12ecae9c7fe55971bfee9792fcbabb9508905435e85fb5be079f00c2e,75,1,1,0.21187520027160645,0.5824263095855713,0.20569850504398346
B-C0,4,42,661a678ac0beaf6c8e05288f361e0ec2e0cbe5cd6eeac862ecacedbc032c4cd3,76,1,1,0.2103939801454544,0.5826483368873596,0.20695772767066956
B-C0,4,42,f6f85707110f73a6681ed41afcb48bbfe37fc724bb0552b9d4cf0fe7426ae0d2,78,1,1,0.21786542236804962,0.5814334750175476,0.20070116221904755
B-C0,4,42,a39c3e2842a98f8ce8ef89b6eecb15c7e97b2bba8dd4fce046e6f457f63b132f,83,1,1,0.20745126903057098,0.5830608010292053,0.20948800444602966
B-C0,4,42,f71c1967da2534ea41551a7d2611bd192dc4205226657d845b33cb958d52e12f,88,1,1,0.21187515556812286,0.5824263095855713,0.20569847524166107
B-C0,4,42,55134d6b9833e0dd6d9893c0d987db36b88926cc2663da7803c8d21064433f00,91,1,1,0.2045348882675171,0.5834313035011292,0.21203379333019257
B-C0,4,42,7dbcdf95b6256c0f7b1dd6a3cc8fc9f0657b3eda2c88287ea432e7e932ba8d14,94,1,1,0.2103939801454544,0.5826483368873596,0.20695772767066956
B-C0,4,42,4c96ee395ae6b58dd1fc56a4feecd55f450b02849ef0476aa8095841292de3e1,95,1,1,0.2059897631406784,0.5832512974739075,0.21075893938541412
B-C0,4,42,4f65f4ecb5dec7a9bcbad3145918aab9b07f8a407f8e8a2091429b181b95ce71,106,1,1,0.214857280254364,0.5819509029388428,0.203191876411438
B-C0,4,42,1cef8f807fdca35bb7855250f58e049e267f113b93c430f11985366f1fcfd9d7,114,1,1,0.21635805070400238,0.581697404384613,0.20194454491138458
B-C0,4,42,0ea019d83f26df83e9b4d8ca38756d7365d28364686c182cd874a5234050812b,116,2,1,0.19868788123130798,0.5846430659294128,0.21666915714740753
B-C0,4,42,3dbffa78da4c6ccc5516a203817127a6190976a61b2c1e8e3ea1b77c6cff7d9d,122,1,1,0.2059897482395172,0.5832512974739075,0.21075893938541412
B-C0,4,42,7df3a248b5f8b93b45248cf254e97e9ba96a25254e52674e69515928d061a4e0,123,1,1,0.20745126903057098,0.5830608010292053,0.20948800444602966
B-C0,4,42,d2b095aa11fac2c0afb11ad09d16074d95b8ba0c47d799f8ede52e5b993a41dd,126,1,1,0.2133629471063614,0.5821938514709473,0.20444318652153015
B-C0,4,42,dcbc9639337cde5535cbfd1b0895c1483a0c8d68b64e3c51551b748cef00b663,131,0,1,0.21635805070400238,0.581697404384613,0.20194454491138458
B-C0,4,42,15b4ffd20b8c1fc30ae15bc841142d7ad85f1a4f9571265b80d081a59b742e1d,139,2,1,0.2045348882675171,0.5834313035011292,0.21203379333019257
B-C0,4,42,6c01e488a30c00d7ce599e5c6d7195f878613637774ce7b5cd4d9e7dab67078a,148,0,1,0.2193792164325714,0.5811589360237122,0.19946183264255524
B-C0,4,42,cec560dc37f41cd4c0033a5023e3ad17cb7fab8ef72dc1a8150a7ed88228fdd9,150,0,1,0.2193792164325714,0.5811589360237122,0.19946183264255524
B-C0,4,42,b434bdb6cf6a016c8fcf4ddfda1903c394ac80dd9a22c7ed02b2593841c71f91,157,1,1,0.2133629471063614,0.5821938514709473,0.20444318652153015
B-C0,4,42,ba5855f8ae5d306be9297d600b9787f650a7bcdd0cb8c9be2e1066ffbedbd65e,167,1,1,0.2059897631406784,0.5832512974739075,0.21075893938541412
B-C0,4,42,8cfcf18683c3b7ba3ced162978e9086a8ed03ba8ea0326e9517b0fb14a46f944,168,0,1,0.22242629528045654,0.5805785059928894,0.19699524343013763
B-C0,4,42,3a299c3c001be06083770361c18b9c8ad0448316f4c759f5eb6be75b20384d39,169,1,1,0.2193792164325714,0.5811589360237122,0.19946183264255524
B-C0,4,42,85f403ccf55735ef4bcbb2f529613e60c1023c2ec151eba3a05f40c076ed746f,171,1,1,0.21187515556812286,0.5824263095855713,0.20569847524166107
B-C0,4,42,6df07523c6bcce6099d7d663ad6a57b32e7357259ad66091764a914e4062a886,173,1,1,0.2193792164325714,0.5811589360237122,0.19946183264255524
B-C0,4,42,4d9c66f835e53c59a5b442cc32a3068c038a14b4b5816a08082ca8e454ac6666,177,0,1,0.2193792164325714,0.5811589360237122,0.19946183264255524
B-C0,4,42,ea343acee5823e9928048bcd114ab1bf1f6a80fe0d6f43707827d9efaf48f9c4,182,1,1,0.20891934633255005,0.5828598141670227,0.20822088420391083
B-C0,4,42,1f45e1f29d5af173d4f68cb977fa645b945e3015dcbee511344c2d6f2417112b,184,1,1,0.21786542236804962,0.5814334750175476,0.20070116221904755
B-C0,4,42,2085cb7bb188011662c46b252b9f3e65cd2c79085775a23fcecb742fefa155a4,190,1,1,0.20745126903057098,0.5830608010292053,0.20948800444602966
B-C0,4,42,dda56c3d07f633d971d329a63b1fdd7558cfca3fb0e027085f9e37f767b3fb45,199,1,1,0.20891933143138885,0.5828597545623779,0.20822086930274963
B-C0,4,42,edb22055eb500691bda99be2c9e755b933fda43abbb5ac8d461c3b99c85b847e,200,1,1,0.21635805070400238,0.581697404384613,0.20194454491138458
B-C0,4,42,c590d4966929434b32180f09a7062520e5996d2f0fe22fac768d1ca0613d025e,220,1,1,0.21187520027160645,0.5824263095855713,0.20569850504398346
B-C0,4,42,a5daa6d5539669eb579a2eb52884c6f73f940319383b144b4c4638f49c0549d8,233,1,1,0.20891934633255005,0.5828598141670227,0.20822088420391083
B-C0,4,42,98c1ed0f87d3d9f68a060c36de601cd9dd4c5c389aa3ef9b828e9c93c98f1a50,242,1,1,0.21635805070400238,0.581697404384613,0.20194454491138458
B-C0,4,42,c302ee011150e5de42eafaa347a1b841d5d8807659f31696d8f82c5a4abc8105,245,1,1,0.20745126903057098,0.5830608010292053,0.20948800444602966
B-C0,4,42,7dd03f8de291c327ff1d0ed6f33b027547ee5dee91900d57ad3847ddbc771ca2,257,0,1,0.21786542236804962,0.5814334750175476,0.20070116221904755
B-C0,4,42,6bf3a7c4314c48c91d33eb94eb7bbcf708f6d2a7c6af47237735c2d12f683e35,260,1,1,0.2103939801454544,0.5826483368873596,0.20695772767066956
B-C0,4,42,bf0447db8e3d43257114531a92a520c82a6453bd3b7ae34aea8711ce45d014b0,264,1,1,0.21485725045204163,0.5819509029388428,0.203191876411438
B-C0,4,42,747d3e66fb22e30550810dc98794ef466dae76dcbd60596dc19187a28a0495e2,279,0,1,0.22242629528045654,0.5805785059928894,0.19699524343013763
B-C0,4,42,570a9095c62e1fa55a30bd460a6ecc380dc180927ebbc369eb3452bf401f5b43,294,1,1,0.21187520027160645,0.5824263095855713,0.20569850504398346
B-C0,4,42,06bff8560b0213942ba71145fac2e05499ca6db5f23f3a048b71ea1db4373276,297,1,1,0.21635805070400238,0.581697404384613,0.20194454491138458
B-C0,4,42,8facf48402aa60c4e52666105b216119e1b68d607cd90e64c373961ddfa8a9bf,299,1,1,0.21187515556812286,0.5824263095855713,0.20569847524166107
B-C0,4,42,5756c809e3d8db3cdd21b5e8d36139858b8f09dbfdb84c88dd454914fd2447db,314,2,1,0.1953173726797104,0.5883495807647705,0.2163330465555191
B-C0,4,42,b44a3f41d310382fd60bf7f3a58d33ef67db0a23e704c0acd98fc529dad15ebc,321,2,1,0.20308661460876465,0.5836008787155151,0.2133125215768814
B-C0,4,42,5371b6cfff41d777216e0c9e04d0277262e4f4b282938a4ca51084387331c4ff,328,1,1,0.20745126903057098,0.5830608010292053,0.20948800444602966
B-C0,4,42,48049b601c2a81fda78b5d5252ae9ddaa08e0b7a64fbb1d35031fe640387123e,330,1,1,0.20745126903057098,0.5830608010292053,0.20948800444602966
B-C0,4,42,c48e0d5c7811d548c58be8c2e32213fe468160e54c1ed6ee3557e08eff54818c,338,2,1,0.1879909187555313,0.6001927256584167,0.21181632578372955
B-C0,4,42,9880128f9a4f009cbace58c35f08be763d85a148d19dbb6ed1cedb3e6b9cae7f,341,1,1,0.2045348882675171,0.5834313035011292,0.21203379333019257
B-C0,4,42,815d426caf6647658ab5ad600a6d9a4844a450a2fe631540bcc73263b16a4409,342,1,1,0.2045348882675171,0.5834313035011292,0.21203379333019257
B-C0,4,42,e9f98ce85a29627dad55d76982d434e4bdb6f159fafb9c3c1b5771e0e95bff25,345,2,1,0.20164497196674347,0.5837599635124207,0.21459507942199707
B-C0,4,42,13db9493e5d931ec94f3d05fb0df869516c061cdb89058e2bdb16c5859508cbf,350,1,1,0.21635805070400238,0.581697404384613,0.20194454491138458
B-C0,4,42,bac5a079bec62bc26a6dc783910825de9e2871a6d90c260b7f137ba75a6b17fb,356,2,1,0.19868788123130798,0.5846430659294128,0.21666915714740753
B-C0,4,42,94c0b44f9a2d481c5d2237dd73738cc92b9ee67076b318f634fc32aa4032a0b4,359,2,1,0.20020994544029236,0.5839085578918457,0.21588143706321716
B-C0,4,42,416afeb98b33f5e4f2a8e68a875e28fd4105a31165d6851ea3c83a3ccaa2515c,361,1,1,0.2133629471063614,0.5821938514709473,0.20444318652153015
B-C0,4,42,7cd43d94523c810f9ed5537e7015539cc8c9859bcedd689aec68db38a22003a3,364,2,1,0.20164497196674347,0.5837599635124207,0.21459507942199707
B-C0,4,42,5a4c58dd7c63f01c85c75de330f08bf3279e1a3ffd1a3b3351ddc32a2bc68f49,369,1,1,0.214857280254364,0.5819509029388428,0.203191876411438
B-C0,4,42,a26bf4e51a6f635e952f279fa007eebd60b1a0aa43278a348f6ce7430b2f6168,373,1,1,0.21187520027160645,0.5824263095855713,0.20569850504398346
B-C0,4,42,397cbeb6f38ebcdc8d0dd0bc306d8baa31702dc5ab41fd7ce317e3961c9e3b32,378,2,1,0.19163377583026886,0.594287097454071,0.21407915651798248
B-C0,4,42,be0ebb7565c48c88742be3d147378e0339658b36ddc168b506068b1c90f4c79a,380,1,1,0.20745126903057098,0.5830608010292053,0.20948800444602966
B-C0,4,42,122e7e9e553c3480710d48da1b809bc3a0f00c8f31d7959bfbb0bb4217186e2f,383,1,1,0.21187520027160645,0.5824263095855713,0.20569850504398346
B-C0,4,42,a31c0ced032973a0e5414d71c603cafbff10cff8e3e8d4e4a720af17012d472c,387,2,1,0.20164497196674347,0.5837599635124207,0.21459507942199707
B-C0,4,42,31be86aecc38b94fea6900d3b08f0dbc20cdc907d7b94ba8ffefbc3e636be934,396,2,1,0.1971742957830429,0.585369348526001,0.21745634078979492
B-C0,4,42,7cf9fc722144d5c5e38c3fea10921acf4cb1fa34cc1bd7692b29595386d51a2e,400,2,1,0.20164497196674347,0.5837599635124207,0.21459507942199707
B-C0,4,42,05ccbda5c8030aa70186394e3bd73c3d761e81154d70b009f09ac260843bbcb7,404,2,1,0.20298956334590912,0.5841928720474243,0.21281753480434418
B-C0,4,42,b0eb4c514496bbccfadc92bbc9d502a308cf264f615a7270f4508adfa95341f5,410,2,1,0.19965669512748718,0.5873454213142395,0.21299780905246735
B-C0,4,42,b50eec873e5ad85197e459d43c6a8a7c64c7be7730e766647b9b32f8958cd6e7,426,1,1,0.214857280254364,0.5819509029388428,0.203191876411438
B-C0,4,42,cc1b2843c4a07d3b4fa4abf9fd5537a7a6d4df902398c1cbe928fe3bce259418,427,2,1,0.1953173726797104,0.5883495807647705,0.2163330465555191
B-C0,4,42,66e20104ca9e36937afb002e64108ee63a347a8b7749a55b588d30eb3e1409e4,431,1,1,0.214857280254364,0.5819509029388428,0.203191876411438
B-C0,4,42,2d77937efb442c0e808c407a59ec6405337a2a3460fb13f2f68d8434be09fe8e,435,1,1,0.214857280254364,0.5819509029388428,0.203191876411438
B-C0,4,42,d3dea6e23727f3861155568fe03f7508dad97315d987d7f509832e7bf6b4eecf,447,0,1,0.21786542236804962,0.5814334750175476,0.20070116221904755
B-C0,4,42,36151d13bff095b0f9b3c390fa02f663a49fd45fe72702bad759cd82db3174c3,459,1,1,0.21635805070400238,0.581697404384613,0.20194454491138458
B-C0,4,42,3b0abeb2580501c078d50f1862f005665c127524372015d5674ef8679685fabd,461,1,1,0.20745126903057098,0.5830608010292053,0.20948800444602966
B-C0,4,42,3f3aa71345eef153c551d8268b4cf413be9de4e5ebe03d0b0aef13d7178f6451,467,1,1,0.2045348882675171,0.5834313035011292,0.21203379333019257
B-C0,4,42,e63fd967ad59bf73b27ba4efcf551436428f26a03ab3e1ca498f3e01f0550a1a,481,1,1,0.21635805070400238,0.581697404384613,0.20194454491138458
B-C0,4,42,e8921714e78de17aa9004ed167d45bd0471420f26d1c05f61df1adaf22cf37fe,482,0,1,0.21635805070400238,0.581697404384613,0.20194454491138458
B-C0,4,42,2a0de0babe99f6482353deccfb8c5a64a0d4e142134c21435a7d5cb4bb7a44f0,483,1,1,0.21635805070400238,0.581697404384613,0.20194454491138458
B-C0,4,42,8da546665c37fd3768dd5df0c43d9e48a594114602af5888eca3732f0b8f2bdd,487,1,1,0.2208995223045349,0.580873966217041,0.19822651147842407
B-C0,4,42,6807374cf8dc72644182a43a9da4afcfba4ad80f80c056f982d40cb0cdd9609b,494,0,1,0.2193792164325714,0.5811589360237122,0.19946183264255524
B-C0,4,42,e92297353a3a22b944725a165b52f80a1965ee09f6178dfc184860131871920c,495,1,1,0.2045348882675171,0.5834313035011292,0.21203379333019257
B-C0,4,42,c997661e8f088ce61daed2d734e2baf038d0a5f5a2326a8545dcefa81f72bec0,497,1,1,0.2133629471063614,0.5821938514709473,0.20444318652153015
B-C0,4,42,d064c27e57ecbf5d0cace935aea0fc9d1053dd486ab0eaeec1c8b8e510cc7bd3,498,1,1,0.2045348882675171,0.5834313035011292,0.21203379333019257
B-C0,4,42,058ccc5f0c17c416ef06df1ed5deaa48d112f42a14f667bcf9846fdb664ef366,518,0,1,0.22549907863140106,0.5799559950828552,0.19454485177993774
B-C0,4,42,ccd0b5095c5ca020ed29dcb4ed07bc78fb4f8bd1d01103c832c16f74415da411,523,0,1,0.22859755158424377,0.5792916417121887,0.1921108514070511
B-C0,4,42,c67ea185339d2fb8c8312dc38cff21dc6b000f785be421eef88bbdcdf6c6b17a,532,0,1,0.2208995223045349,0.580873966217041,0.19822651147842407
B-C0,4,42,1c68670c6ff38a49598f90f6157ce8bac895df1254da553b54bf687cfa750f91,533,2,1,0.20164497196674347,0.5837599635124207,0.21459507942199707
B-C0,4,42,33aa276ee8893c316e5b08f90d403be82db716c7a10ce7d0c6a91aa861061f55,539,1,1,0.21635805070400238,0.581697404384613,0.20194454491138458
B-C0,4,42,e40a0fc10b44506213ca47e78c7d510fb7715425780e3f270f0a25a0b0fc9acd,541,1,1,0.21485725045204163,0.5819509029388428,0.203191876411438
B-C0,4,42,60dac4fdcf327b961a62f11465381e422541c18c956cf5cf22c128d4b842b021,546,2,1,0.20308661460876465,0.5836008787155151,0.2133125215768814
B-C0,4,42,f0a4ff0b2550559804aa110b3356616d37f08aea297e713738efde6a82a9c905,554,1,1,0.2133629471063614,0.5821938514709473,0.20444318652153015
B-C0,4,42,dba044228ddb18bf24955ec6f54e2d9d259a453b9e3cc7ac001d1eb1b5c9b9ff,557,1,1,0.2208995223045349,0.580873966217041,0.19822651147842407
B-C0,4,42,dfb22216dca7b15a73c5d13592b3a4d456865e6b14a914fc23a7440d2c793feb,561,1,1,0.21635805070400238,0.581697404384613,0.20194454491138458
B-C0,4,42,8083fab72781bef33f4c3f68371defad870524369b374017badac30ed6b5920b,572,0,1,0.2301563173532486,0.57894366979599,0.19089998304843903
B-C0,4,42,1aaef0af18b1a224fa7924b8a1453fb8b5547a6dea9cbd572550da4fdf495da9,574,1,1,0.21635805070400238,0.581697404384613,0.20194454491138458
B-C0,4,42,05ccbabae43833184ec6c444793c4e8cacbda9996a75f0cd529a00fb88642dda,580,1,1,0.2193792164325714,0.5811589360237122,0.19946183264255524
B-C0,4,42,77746b53c327b916c5ec4cc31ec639b45db4160f2d1135410449c6eaa0246f2e,582,0,1,0.22395947575569153,0.5802724957466125,0.19576802849769592
B-C0,4,42,344202bfae426b40571c614ea63322e5df0a08a9e6479a8ee7d45ead1a7607bf,585,0,1,0.22242629528045654,0.5805785059928894,0.19699524343013763
B-C0,4,42,f2467f3e3e1aa7ea454678b2f6366dcc05717a73be181ad40e267ca3f4a20eaf,588,0,1,0.21786542236804962,0.5814334750175476,0.20070116221904755
B-C0,4,42,28acd3c3d384d8b12fc6beb8a099937473fcf151408bd2085df22511ad2be313,600,1,1,0.20745126903057098,0.5830608010292053,0.20948800444602966
B-C0,4,42,4a8567b621350cc729465a20bc85964673deb69044ecf71e3b59a4220f804585,602,1,1,0.2103939801454544,0.5826483368873596,0.20695772767066956
B-C0,4,42,01da3e159b6ce80ac8e0f280d001e0b1feae934b7f87e69e52a68f6f40f1631b,611,2,1,0.20308661460876465,0.5836008787155151,0.2133125215768814
B-C0,4,42,2d1b2dad312d67abe149344cc5753c2181558ff169882e194058c0eea17a64f6,613,1,1,0.214857280254364,0.5819509029388428,0.203191876411438
B-C0,4,42,457bc623d54c8df675fda66a9a5a159bb6259cf81fdd5a312ea24da7116effd3,615,2,1,0.20164497196674347,0.5837599635124207,0.21459507942199707
B-C0,4,42,fb2e62e9e165d1b9fc47a6787af9d64df4a4b63f931a035289966a672894fdfe,616,1,1,0.2045348882675171,0.5834313035011292,0.21203379333019257
B-C0,4,42,72d66c7979e51d234b4f5c7cb46e06e165d847b6d88d705eae864ec291dd7fd2,617,2,1,0.1898072212934494,0.5972439646720886,0.2129487842321396
B-C0,4,42,5bfc17c84629c446ef515aaeaab83b0c8b4ad7591746f50c3f337e0eef4bd5ce,623,2,1,0.19868788123130798,0.5846430659294128,0.21666915714740753
B-C0,4,42,a288de67ba6e534c619fb61e1a8643504542cbb8d7cfc5f5b4a96fa78e5ef948,624,0,1,0.22089950740337372,0.580873966217041,0.19822652637958527
B-C0,4,42,9dfe951a72432d669852444c668c15b73a677afe22aab4dd3febadf96aea1bbc,628,1,1,0.2133629471063614,0.5821938514709473,0.20444318652153015
B-C0,4,42,9601c9dd198c4a6dc5124d4d420e2ff339734b9a9e1079da056b3412d663b347,636,2,1,0.19163377583026886,0.594287097454071,0.21407915651798248
B-C0,4,42,c69567d2d69504dcc3e49e555057fd7d89a52635db8622cab985007a194e53ea,640,0,1,0.22395947575569153,0.5802724957466125,0.19576802849769592
B-C0,4,42,f2d3074dfbaef344aa4981cbffee6d788ff0def980a874cc42e1dd4df85a9726,645,2,1,0.20020994544029236,0.5839085578918457,0.21588143706321716
B-C0,4,42,360878e8a6171b73196b1189a0e33d9b6733e9ad741d46f90bee01573fbef0dc,646,0,1,0.2103939801454544,0.5826483368873596,0.20695772767066956
B-C0,4,42,674130e6bbe693f70e17ce995304b93967bd09052c13f383b45753334d551bc7,647,1,1,0.214857280254364,0.5819509029388428,0.203191876411438
B-L1,0,42,f827075494ff9d262d45598bb3a1701eb955b99abca1ab6af3b2e2331aff4808,3,1,1,0.004138648044317961,0.5050960183143616,0.49076539278030396
B-L1,0,42,5fafc4bdf7193aef5fb9fb71d655df200121838704e28ac2fa6588954ee3e27a,5,1,1,0.027536118403077126,0.8818039298057556,0.09066000580787659
B-L1,0,42,9a87b2493917ab4a2e2a0087e5caf12c4b02676cfdfef54992ed8ca5ca77f88f,6,1,1,0.013407329097390175,0.7855542898178101,0.2010384351015091
B-L1,0,42,d9baf8f9d90857c2e8aa4260b7eaf6c386460681228c2bee02a6b55597a43b69,7,1,1,0.09379057586193085,0.8825955390930176,0.023613905534148216
B-L1,0,42,6b0a215f6bd63db235793c4ada62b4853f51f8a279def3710a3687fc319d4da4,8,2,2,0.001259582000784576,0.25953221321105957,0.7392082214355469
B-L1,0,42,a6252e1f0313cc82adc4651b4f4ced232435f7dff2e029302acc772e52fa2efc,11,1,1,0.1108148917555809,0.8693512082099915,0.01983397826552391
B-L1,0,42,5cba6871fec089b5dc9bcf045ba6e02ea473d055005f13d552c94fdac6686fe5,19,1,1,0.027536118403077126,0.8818039298057556,0.09066000580787659
B-L1,0,42,0fdca47962352eadea2e4637769c1d9eb007bd0634379ff90463a8a2c57c1789,22,1,1,0.023175833746790886,0.8660051226615906,0.11081904172897339
B-L1,0,42,7daa9011bd495f51a4514b37670bcdea719bbc30097f1653406dba4a8e98c046,32,2,1,0.009276178665459156,0.706701397895813,0.28402239084243774
B-L1,0,42,eeed46e477e7a7086b3dd17a4ffa4e4e996e9f005a71a8b1bbaf81c10d4d046e,35,1,1,0.06581936031579971,0.9002795815467834,0.03390112146735191
B-L1,0,42,0f3b55ce37cdca89a1c78fcec7a77751d9794f7cb1235804469a7daf9e63de4f,42,2,2,0.0033905787859112024,0.4567113518714905,0.5398980975151062
B-L1,0,42,0400acddec5641be9ed3da2cb98d514d062d4b150affe3dc22c7d5c88070c742,43,1,1,0.2761212885379791,0.716278612613678,0.007600167766213417
B-L1,0,42,a20449c0fa9b781f95175c7906471527630e66fdd4d57f1ce262975af3ce8991,46,1,1,0.013407329097390175,0.7855542898178101,0.2010384351015091
B-L1,0,42,c79001dea4273719bcd01dbbfb7dc9181dda44a45e219cf7245f67640b98740a,47,2,2,0.00033264467492699623,0.11123983561992645,0.8884274959564209
B-L1,0,42,3b51ad679e8b0ce6b2fafb421a74825a2de42f8e1aed05cbd3a81335a2923228,48,1,1,0.05551599711179733,0.9036001563072205,0.04088388755917549
B-L1,0,42,f5162c4d57e22476a2fd86a4b724fe8da727100a27f30d4fe72a9c346f5c001c,49,1,1,0.013407329097390175,0.7855542898178101,0.2010384351015091
B-L1,0,42,bdb3e3243f4945237482dc791db610d13e33bde5b6d72369ed200729dddc360a,54,1,1,0.013407329097390175,0.7855542898178101,0.2010384351015091
B-L1,0,42,fd5b4c1d3d861f5a2629640b96c79ba38eb9d1ff76552d929679d3dad440b73f,57,2,2,0.0015070480294525623,0.28918322920799255,0.7093097567558289
B-L1,0,42,adf16fc552a8d1b40b4ec42e52c444ad8d840e40483acd8054933050b6375e7f,62,1,1,0.011170553043484688,0.748552143573761,0.2402772754430771
B-L1,0,42,461e4acae5091b1364fab0f058f3a5296ed75a394000f65a696e528c54bf6001,63,1,1,0.005053284112364054,0.5551884770393372,0.4397582411766052
B-L1,0,42,eb0ffac90c1fe5ccf1060219e349ca7d29540eb3e630465aa9b969a38900d539,66,1,1,0.05551599711179733,0.9036001563072205,0.04088388755917549
B-L1,0,42,e87f2023e1a92b852755b7851d3150e9d19886692316d048409e5eaceb11dd5c,67,1,1,0.178489089012146,0.8093235492706299,0.012187343090772629
B-L1,0,42,77472ffabdf2ba610830e2dba876659a629d3dc9bf1c6a3fe5b3fd11e1a7b01b,73,1,1,0.011170553043484688,0.748552143573761,0.2402772754430771
B-L1,0,42,12e99bde80179014843362cb5bcb78e39e741147045460921df42487eadf8cef,77,1,1,0.011170553043484688,0.748552143573761,0.2402772754430771
B-L1,0,42,04775e820b5829ba9b9a17482a4af9625350a3a9c39213f678c4a17f3f1c7b72,84,1,1,0.013407329097390175,0.7855542898178101,0.2010384351015091
B-L1,0,42,976ddafb2f8abe1ac4c19be98626949c2548ab5eaf452fae24dce90c4de7b8c9,92,1,1,0.023175833746790886,0.8660051226615906,0.11081904172897339
B-L1,0,42,5be7ba94e5d3acd4388614300b6ad48a44492e847b6d0e39fccd27e6cf9ae5f5,93,1,1,0.009276178665459156,0.706701397895813,0.28402239084243774
B-L1,0,42,a1e98e417eed1e1a141a0b30b714a23f0dc568239616354e4a175bf8ea08a28c,98,1,1,0.023175833746790886,0.8660051226615906,0.11081904172897339
B-L1,0,42,9ba998c5d87d08fc3d40b1b83a650245d89a368abad6136f452df88cc96ddce1,102,1,1,0.023175833746790886,0.8660051226615906,0.11081904172897339
B-L1,0,42,a5d49a55806e6aac09daa9f48f214a4bb4d26dc6b501261c0ba01041d3d2f9d9,103,1,1,0.07795801758766174,0.893748939037323,0.02829299308359623
B-L1,0,42,3039b67e191cb12f942b21e621f38cb832b6a2d5e570cd00e2a2205f9831c0a6,105,1,1,0.1530412882566452,0.8327051401138306,0.014253581874072552
B-L1,0,42,4b7e7cbc654f5e60c12ab432b3144305090c199d58af8071af7e5a16619e6aca,107,1,1,0.009276178665459156,0.706701397895813,0.28402239084243774
B-L1,0,42,30f9b13a03f303748526a158e8940797fe5e5c600fce68be3e50b0840a4368e9,118,1,1,0.0326894111931324,0.8931030631065369,0.074207603931427
B-L1,0,42,c9610bea3409798e091290f260c60e5b4d3f0a84a43555989287b37d07ebf51b,119,1,1,0.005053284112364054,0.5551884770393372,0.4397582411766052
B-L1,0,42,ab8ce69a1319b228880d829dc5631ea34e5cb080bfbc178aa048514436b7ecee,124,1,1,0.0326894111931324,0.8931030631065369,0.074207603931427
B-L1,0,42,93c4bf4a5b21f36e6b0aae5bb990899ccf48d342143ca0e115fbbcce24f1e0a6,130,1,1,0.13050848245620728,0.8527279496192932,0.016763588413596153
B-L1,0,42,4843201d2b160da0c05fc6013c664892482d15cae8e6986d6ad88ce3feaf72b8,132,1,1,0.07795801758766174,0.893748939037323,0.02829299308359623
B-L1,0,42,cf57f1500208fbbe850bfcb423c0a07e8d0a3e41dbe03e9530034f5adb63eb16,134,1,1,0.013407329097390175,0.7855542898178101,0.2010384351015091
B-L1,0,42,d00d28ef2c4596a4d66713623e2b8bc3764ba2818602f1c62d3f21d371614dd7,137,1,1,0.016042379662394524,0.8172112107276917,0.1667463183403015
B-L1,0,42,f4a1fcac757fd73ac757509249c0ec925230f6e917bdf8e793757ea12e98b50d,145,1,1,0.3122794032096863,0.6811625957489014,0.006557989865541458
B-L1,0,42,ae60908f4c85b03a0a49269075a0f3e13559c408c540b42632a059b5cfb0cd4d,146,1,1,0.1530412882566452,0.8327051401138306,0.014253581874072552
B-L1,0,42,810b57dafea30a2f75e872d5e62c29a08fc07a9ccaebf778bc32b9ed8700674c,154,1,1,0.13050848245620728,0.8527279496192932,0.016763588413596153
B-L1,0,42,0bf3a2d884e1555952ad611ad5ac00b76d97402156df050266c3cfc95f605dea,155,0,1,0.38757508993148804,0.607483446598053,0.004941485822200775
B-L1,0,42,ae88168be6110ac8992db8b155e6bd8dad4a050a4a4fabb91d628b18e0ff3fdc,163,0,1,0.09218637645244598,0.8840398192405701,0.023773716762661934
B-L1,0,42,9881e8df21340beb673d11fb2f0087e28ca86d90cac54001885ad77fa39fe58f,181,2,2,0.00033264467492699623,0.11123983561992645,0.8884274959564209
B-L1,0,42,d8eea83646be1e9c916e665fa77c259449f8745ed6a29cd6f9b1a9dced475fd5,187,1,1,0.005053284112364054,0.5551884770393372,0.4397582411766052
B-L1,0,42,60763b4cebd2c23d4b6bb41fe41d2708e53e1479ca7374112530066b5e4893e5,191,1,1,0.09218637645244598,0.8840398192405701,0.023773716762661934
B-L1,0,42,6c6dd067b740da372386ce71f81ed5b8dc2e1e9f93625be9b4884d1d73f96114,196,2,2,0.00030116416746750474,0.10437783598899841,0.8953210115432739
B-L1,0,42,86eb8973fc65f23f76646a24050506efc45364d1ed311733b312688b82d03540,198,2,2,0.0033905787859112024,0.4567113518714905,0.5398980975151062
B-L1,0,42,e3f90cf05c633dae16fb7f47884d7cd562ac2769d89e9243c8680a8ba22af681,204,1,1,0.027536118403077126,0.8818039298057556,0.09066000580787659
B-L1,0,42,9a0d7d130a794be7bc69983881925e866dbd081148ab7ab7a8b811b52c7a21f0,211,1,1,0.13050848245620728,0.8527279496192932,0.016763588413596153
B-L1,0,42,8332987b673c95bbee93c9f25e2f6e37e4235c9e6ae83604205ff69eb49247f9,214,2,1,0.004138648044317961,0.5050960183143616,0.49076539278030396
B-L1,0,42,7f598fa9cd8021402624f92fab82098fb58747ccd8a722c3d994f05b6ed0f217,218,1,1,0.011170553043484688,0.748552143573761,0.2402772754430771
B-L1,0,42,f094aac8706b95f9bece4eeac1389e28ad75114d0e4206b7769ded1102994ff1,221,2,2,0.0033905787859112024,0.4567113518714905,0.5398980975151062
B-L1,0,42,6bcf085df851ffdd063de277d7f6de02756302343ed42266339f33b7f195ec0d,225,1,1,0.013407329097390175,0.7855542898178101,0.2010384351015091
B-L1,0,42,2a5b3658c6bb089977c0132627aeddf27747b5ba1997b7f2041f3039d3025854,228,1,1,0.0326894111931324,0.8931030631065369,0.074207603931427
B-L1,0,42,97c9512caadb3ffd0ad3c7ddd23407aa54871fc60933e4b9f12a69d1cef4214f,251,1,1,0.2761212885379791,0.716278612613678,0.007600167766213417
B-L1,0,42,5752cee9adf12bd089539e746e30b0d83f71e4f57e8da95e82619ac05b3d6b64,258,2,1,0.004138648044317961,0.5050960183143616,0.49076539278030396
B-L1,0,42,ad959d26f847d9c030d3b6d75856d30298eaee390b8e65835b5173c70de9d93a,262,0,1,0.3122794032096863,0.6811625957489014,0.006557989865541458
B-L1,0,42,f1cc48536731731e0b343782efdde0db8be7fc46955c060a6588a598c61b83b5,266,1,2,0.0018170714611187577,0.32291537523269653,0.6752675771713257
B-L1,0,42,645409494cfbc0053881ee14531a52cfc643d5a8dd013317825912b73a52362e,267,2,2,0.0015070480294525623,0.28918322920799255,0.7093097567558289
B-L1,0,42,00dbf7ed1f04da4f573cdb1c40ee8aabbb629d7e284d1568bca51a8a5f396e7c,268,1,1,0.027536118403077126,0.8818039298057556,0.09066000580787659
B-L1,0,42,4837f2cb17208b9a4625ebde74b97e4dd96ffdb5234013a87be717acfa0a8b14,271,1,1,0.06581936031579971,0.9002795815467834,0.03390112146735191
B-L1,0,42,8475bd5769c68d5427ad348aa5b6061ee6bcd37f6f1837cda26be61984a04cac,280,1,1,0.178489089012146,0.8093235492706299,0.012187343090772629
B-L1,0,42,d744f4e8e0e5a37040ced43f7d9f57213e888b56527ca3961db9750dd4b525fc,284,0,0,0.6336455345153809,0.36448708176612854,0.0018673727754503489
B-L1,0,42,63e7b0fd79c9670e63f19d0b85cc2c7efe0f1e527b44bbf33e9c798004594ffd,300,2,2,0.0015070480294525623,0.28918322920799255,0.7093097567558289
B-L1,0,42,6db86dac2c557996df538886e2ae001080ddecdab91e2e3a4edede389d70b7e7,310,1,1,0.46846526861190796,0.5279046893119812,0.0036300041247159243
B-L1,0,42,e46fe007896b1086b24e7db53b21842ae5f26db41897be76661db0c09520f97c,311,1,1,0.05551599711179733,0.9036001563072205,0.04088388755917549
B-L1,0,42,da52e0801985e6d911242d1cc38a5a2ba9ea6d852304175e9cf5f6682c636afe,332,2,2,0.00020692351972684264,0.0817679911851883,0.918025016784668
B-L1,0,42,980a5bcc08361f8d083c12141878dbd24b7a236c18e8184387239050f164a315,351,2,2,0.0033905787859112024,0.4567113518714905,0.5398980975151062
B-L1,0,42,0b6002ac98745ed77d24c58dee4c8892e1dca4c93626ce4675b9306294bb2d7d,354,2,1,0.027536118403077126,0.8818039298057556,0.09066000580787659
B-L1,0,42,17e8cff30d43b9932efa5ee5fc8ea3d9998f87aa816268d719e22c0b513067e3,357,2,2,0.0033905787859112024,0.4567113518714905,0.5398980975151062
B-L1,0,42,328eaadc5fcca2d1c22ba92802c7d13404e083fcc75e8e27c502cd13af3d0548,362,1,1,0.0326894111931324,0.8931030631065369,0.074207603931427
B-L1,0,42,fe92f0e44d936f618c5a52cbcbbb889fd256a412566488b144015b8482d7b1a1,365,2,2,0.0018170714611187577,0.32291537523269653,0.6752675771713257
B-L1,0,42,074bdafc94897952ec047e29c94c168d74b04273139ccf2ce1e6f1873ca0ed4a,382,1,1,0.05551599711179733,0.9036001563072205,0.04088388755917549
B-L1,0,42,0fdfadc8e93127b69c5cc192dde2e8ac8ed04c3d1fdbe79dfe2b87b82585bd01,384,1,1,0.07795801758766174,0.893748939037323,0.02829299308359623
B-L1,0,42,9c1589756f65e471021f9e5736a89d5cabb0481ef20ec88a5286fac861609674,386,2,2,0.0015070480294525623,0.28918322920799255,0.7093097567558289
B-L1,0,42,88d41603b7bc18447226de0bd092d97caaafff7d44a58de731f2bfd695e6c89e,391,1,1,0.04680105298757553,0.903608500957489,0.049590494483709335
B-L1,0,42,573e5d0c416baabe556bbe6df0da1d23f9d757c682f06acc75cbdeeefa53f1dd,395,1,1,0.027536118403077126,0.8818039298057556,0.09066000580787659
B-L1,0,42,ca1af162eff48d01248d7b34c3dc4be9123bb4917682c15fcb42f45ba92ce681,397,1,1,0.1108148917555809,0.8693512082099915,0.01983397826552391
B-L1,0,42,11f18902f6529ccd006f3eb1926c47f115d9549b2c2f079495389befb1eae919,408,1,1,0.24184904992580414,0.7493075728416443,0.00884326733648777
B-L1,0,42,d6a67091791dd72522a6bef06dfea8b0c675a1445234f9512644939352bab471,421,1,1,0.43064984679222107,0.5651748180389404,0.00417531980201602
B-L1,0,42,fb53eea3d4cdbfd82c3a411ba354fb72529c745789e35c027a285e3f70071b48,428,0,0,0.72437584400177,0.2744346261024475,0.0011895429342985153
B-L1,0,42,05b9b2450da4983d21d00900b28b53e5a1f95f950395ddc3ddc45cb106b759b9,429,1,1,0.13050848245620728,0.8527279496192932,0.016763588413596153
B-L1,0,42,f0a97bfafce659abcc15ad3b27366b99f919dc16a513c0931d27b70b5eb2bd13,439,2,2,0.0027832237537950277,0.41115832328796387,0.5860584378242493
B-L1,0,42,12f87a813a0f8b8b6295bf7bd67e6b14cf37aea45636ed5ee00d03e5b5987ffb,441,0,1,0.46846526861190796,0.5279046893119812,0.0036300041247159243
B-L1,0,42,1a95813d193cd4442bc0b1f87b4bce15afbe7cd42d6c4c82b8f5c88c23abdbf2,445,0,0,0.6058734059333801,0.39202412962913513,0.002102460479363799
B-L1,0,42,95a4c4f399ab39050cd2c68303c1b4a717e2b85e43356b382b44a3423cac3ed0,449,1,1,0.04680105298757553,0.903608500957489,0.049590494483709335
B-L1,0,42,5c0c7a72328563a4b2a7d65fab7f740984af9984186caff86b9cca5da6bfe86c,451,1,1,0.13050848245620728,0.8527279496192932,0.016763588413596153
B-L1,0,42,5f11fef5bae9d1258380639662fb95008d4620c9b9b24aad7083e32efacfbdfc,452,1,1,0.2761212885379791,0.716278612613678,0.007600167766213417
B-L1,0,42,225629385e18a6854edb9ae5dee2b6c35e44af3143cc0f0fab0867deec5c52bd,460,1,1,0.07795801758766174,0.893748939037323,0.02829299308359623
B-L1,0,42,65fc55908795c03596628c3be27eff5761f85e2f1b4291d6717c471653ee17a8,465,0,1,0.34967052936553955,0.6446483135223389,0.005681117530912161
B-L1,0,42,e0d210eed199a9e6092e65b724d0b6abf80444548010500e25c9fbfa593246e6,469,1,1,0.013407329097390175,0.7855542898178101,0.2010384351015091
B-L1,0,42,3228a5c1892f93600a970b9e099b3053b891a018a2b4fcdbe092d118a96a8fb3,472,2,1,0.004138648044317961,0.5050960183143616,0.49076539278030396
B-L1,0,42,55149a64f268a012247a00f9c7f3a36b557a25430fed6016ab547ff1c38e61b2,473,1,1,0.20680144429206848,0.7827242612838745,0.010474246926605701
B-L1,0,42,8e4ea3523595a6acd552728b47f2a13b458234f347559c26cb13139a095da1b4,474,1,1,0.13050848245620728,0.8527279496192932,0.016763588413596153
B-L1,0,42,1971d2b4a4cb293ac396176c6d1190289df940842c256fea5bf08fd520cbb4f9,477,1,1,0.038783736526966095,0.900319516658783,0.06089679151773453
B-L1,0,42,50c59de7b7fadd459118ad53531a05379edf5c0bbf8786fc3b4b96a2d52bd55a,478,0,0,0.658807098865509,0.33952203392982483,0.001670869649387896
B-L1,0,42,8fd0fe4e154f5d8d0e6fd22a060280c5fc7e2f73594c63d13a67e97a3b835a6b,480,1,1,0.3122794032096863,0.6811625957489014,0.006557989865541458
B-L1,0,42,ee64c4c983197496a5a20dfb847c9b4515dbdade50852024c565d1a74b63cc24,500,0,0,0.7410888671875,0.257823646068573,0.0010874242288991809
B-L1,0,42,555340884fdb40170947c98290702c40554069d24cf22f20a9785c5218582ca2,506,1,1,0.09218637645244598,0.8840398192405701,0.023773716762661934
B-L1,0,42,6249033ebb4873778de8d435f8863876ed0ccf3c336662af8118b4596dbc2285,520,0,0,0.72437584400177,0.2744346261024475,0.0011895429342985153
B-L1,0,42,866639f3b9f95c14339f44ed24824b71cda6a70d63a86fe0edf0685a8baf5c75,524,0,0,0.6058734059333801,0.39202412962913513,0.002102460479363799
B-L1,0,42,7788b10861e73289e28b8fbecdb74643ae51fd2135b9ae4865d7ae2a22141973,525,2,2,0.0018170714611187577,0.32291537523269653,0.6752675771713257
B-L1,0,42,a9da9db2467c1a5fe7257adb1987e930ea751470576c10c82f4397f3dd37b63f,527,1,1,0.178489089012146,0.8093235492706299,0.012187343090772629
B-L1,0,42,85a02e1802e7b312ed957ee39e2bbfe0b4632dd2d25d3a8ce177b48d26ba1fc2,529,1,1,0.06581936031579971,0.9002795815467834,0.03390112146735191
B-L1,0,42,d26328550683e27aa4c4fe5be7e2d668c08dadae337ff364dbeb060fd5a931bd,531,1,1,0.1530412882566452,0.8327051401138306,0.014253581874072552
B-L1,0,42,4f4759b87edf8e38b6b6c5dd3a52b7fd18a9f97b78b0b8933276755f4ad88080,534,1,1,0.05551599711179733,0.9036001563072205,0.04088388755917549
B-L1,0,42,aeabe5f00bb9cc0af7000e3fafc88866155e65ab4d5da58274d0dee130a02388,536,1,1,0.009276178665459156,0.706701397895813,0.28402239084243774
B-L1,0,42,2de6307edc2b60e3648d6c261996c60ddb15ccc9f4069aee2e9ee4e9ca9dcaee,540,1,1,0.24184904992580414,0.7493075728416443,0.00884326733648777
B-L1,0,42,112e7b51e7d078dd62fe5bcec15f48660dbfc572df659aea50141c8a731a6877,543,0,1,0.3122794032096863,0.6811625957489014,0.006557989865541458
B-L1,0,42,d98717d4a561c7ad6b0aa9c5e73ecccbfb6510d07c8f23d7934fec3f8fbcf474,547,1,1,0.13050848245620728,0.8527279496192932,0.016763588413596153
B-L1,0,42,db842124e7a33dd5887c8d22a815b1649cda7401b683f5f9cc6c7a9dbd533a3e,560,1,1,0.178489089012146,0.8093235492706299,0.012187343090772629
B-L1,0,42,49adb4d4ef7cf9b7221faad79fd9c2cb259872644777044983365486723c67f4,562,1,1,0.04680105298757553,0.903608500957489,0.049590494483709335
B-L1,0,42,be89c78f29804f04841228bffef4532f286878a08b52cf8f4f17b15a9fa83364,563,0,0,0.7747570872306824,0.22429969906806946,0.0009431336657144129
B-L1,0,42,297cf77b86d2fe61e413421d7216874ab77f45748dff5f7a2531cdaab79a4050,565,0,1,0.1530412882566452,0.8327051401138306,0.014253581874072552
B-L1,0,42,531f8aca33aab4bfc992087de862b25def4dea5b91bea6cc49aacbad07b45b7a,577,1,1,0.178489089012146,0.8093235492706299,0.012187343090772629
B-L1,0,42,4b55155083aea75c9650635eb846d1e7abeaa867e3c5c629e2c90461482485f1,578,1,1,0.46846526861190796,0.5279046893119812,0.0036300041247159243
B-L1,0,42,815683c5eb3b782f1a2feeefe55a834447a90f6a62356c843d751e6ed6f7089f,587,0,0,0.6814677119255066,0.31702595949172974,0.0015063165919855237
B-L1,0,42,8d5547c0b5e44d69c28a4cead541c515bc82e8f18adfd972abf57b2824ce7a43,591,1,1,0.023175833746790886,0.8660051226615906,0.11081904172897339
B-L1,0,42,71388cc5368946416cbcddee50e2af8f0a6a2794c83dcda516b9f0463aa6ad3a,610,0,0,0.7120711207389832,0.28656497597694397,0.0013639791868627071
B-L1,0,42,56d3d8cfe1ee66937b1b304de962e50840fc5df249cec9cc9f427db1842d8971,620,2,2,0.0018170714611187577,0.32291537523269653,0.6752675771713257
B-L1,0,42,ef3b33bfd33c9a8d675e8c1562f5c2d503094b1f1887af3be3c1e16e100d9af4,629,0,0,0.6336455345153809,0.36448708176612854,0.0018673727754503489
B-L1,0,42,ba39525bb89a78df7e0bc9a040dd9c4c00f64baba2719bf9fb4a4bf7aa3dcffa,630,2,2,0.0010617581428959966,0.23368419706821442,0.7652540802955627
B-L1,0,42,ca60a0d1bd9510735b9a2c5edb1ab0a7eb2dd31d96b642bce093e7ba08286f2c,631,1,1,0.13050848245620728,0.8527279496192932,0.016763588413596153
B-L1,0,42,2fe1c3d95e43dc7878c7ba2874a7cb62e7829661ff3655b02f110fd5bf516184,634,2,2,0.0006377431564033031,0.1693517565727234,0.8300104737281799
B-L1,0,42,61b0a6498279a260ce8cabb4d4114bb5cda03e71c6f6954d7b766ee8a31b2746,635,0,1,0.46846526861190796,0.5279046893119812,0.0036300041247159243
B-L1,0,42,6f3f6818c91a4e4ac44cd061158f5c34bee1b5baac40fd4e469a3ed20476104a,638,2,2,0.0033905787859112024,0.4567113518714905,0.5398980975151062
B-L1,0,42,1f54ce13a7724f8e43df533f143951e361144f772d6d5ce76fe8e5fc8c77364c,639,0,0,0.7841496467590332,0.2150244563817978,0.0008258686866611242
B-L1,0,42,a35adafe1567244423f4e723b5361fdfc62fb0c766c9685554fa976277ee04ba,642,1,0,0.7055920958518982,0.2930965721607208,0.0013113451423123479
B-L1,1,42,f816923b16d6506fc091cfe92e86e1139e2f0b3e58c593461da93f6ca5c45a5b,4,1,1,0.032598499208688736,0.881281852722168,0.08611958473920822
B-L1,1,42,1fa27a62ee1b2d2ba6c92d8546a424dd3509710635f8a2c2568cc88597bb86fe,13,1,1,0.018467728048563004,0.8137997388839722,0.16773255169391632
B-L1,1,42,563f081ac98d1f31498a91b83ae8a2be907cfab0de2d472d199474e4e5eb8c6a,18,0,1,0.4242711067199707,0.5716753005981445,0.004053626209497452
B-L1,1,42,4f83a42c27ea668697977110e8f196526ef09e0479182cf78470ad75e79419c6,29,1,1,0.02214660309255123,0.8397277593612671,0.1381256878376007
B-L1,1,42,088e125061899aeb843e08b444d414177713a8aeb3850db4477647a05e97b064,33,1,1,0.008159543387591839,0.6356865763664246,0.3561538755893707
B-L1,1,42,da11b9a824ea17d36ef8425abb47a68b80631b00f26d5fcb34bc902ab7e564d7,38,1,1,0.038786038756370544,0.8907908797264099,0.07042311877012253
B-L1,1,42,a3aa9205c2dd6e6da3e018643f3c57b94d1f7d8f031190e1e8fe1aeb4473edbd,39,1,2,0.0026543857529759407,0.36696991324424744,0.6303757429122925
B-L1,1,42,342f55c319e97bc4ebb3ea65c99cec118d9ebb0b9c1dc8c76eda38916bbb6efe,50,1,2,0.0026543857529759407,0.36696991324424744,0.6303757429122925
B-L1,1,42,c81837f79017967e7355fc593b81070347505e7400d9bdfc85ffc152e7f91067,56,2,2,0.0009205341339111328,0.19437071681022644,0.80470871925354
B-L1,1,42,fc23ab826a2440d11ef69d2086a1f61b6275743360356da43151abc46afe903f,60,2,2,0.00021923544409219176,0.07743240892887115,0.9223483800888062
B-L1,1,42,c27b44d54803697af82881ea82d46e3561cbf37bdea8eb62c2df4af1f57d6fac,69,2,2,0.0007744189933873713,0.17515826225280762,0.8240672945976257
B-L1,1,42,6eb8f51f02885e1c53aae062c9d8bab63dd1f60f90936f3349e37283882a4e93,74,1,1,0.046090006828308105,0.896163284778595,0.057746756821870804
B-L1,1,42,dd582bddc1aca5d5bb7c320bb57fbf5870022badac32ea6378863b35a16c8ee0,85,1,1,0.02214660309255123,0.8397277593612671,0.1381256878376007
B-L1,1,42,93f04a3c609794b4d53b3b5d2ffcfda0a1358e9ed321e072e10f1c4d0a40b4aa,87,2,2,0.0007744189933873713,0.17515826225280762,0.8240672945976257
B-L1,1,42,5029e2776e7b9b5d2af015958cd517fb756f6d8b9853790513dc82715be726fd,96,1,1,0.18129533529281616,0.8064830303192139,0.012221635319292545
B-L1,1,42,2cedf816172020544d1c56529191607083a424ddd9627983acb2537e9c73f8cf,97,1,1,0.008159543387591839,0.6356865763664246,0.3561538755893707
B-L1,1,42,fed2454f61d42dd8f9f5651403e7c8aba82a77d8e645d8bf125f75e7c4c73861,99,1,1,0.015346715226769447,0.7822108864784241,0.20244233310222626
B-L1,1,42,8265981c42a1d2d7ece956a8e83fc2766c03bd9b677b5188edf9e65cae717f0f,100,0,1,0.24026231467723846,0.7507990002632141,0.008938638493418694
B-L1,1,42,4b4303e1d9cff307886f30665c8e6fb57047e2e8f3cc39e2126b16700e3bf126,101,2,2,0.0003532420960254967,0.10587682574987411,0.8937699198722839
B-L1,1,42,ffd718c11411f17305eebe2c3fd8eae0b394e9127366a0ffb1165fbe02224135,108,1,1,0.026479655876755714,0.8601721525192261,0.11334816366434097
B-L1,1,42,ff7ddca54e1e9620918ba02dbfe35985a655c87ef1a72ab4ba4d13faa4ead2b0,112,1,1,0.35072407126426697,0.6438983082771301,0.005377665627747774
B-L1,1,42,e27b2368d103c92aa6d3db8b15bcb6a45f02a1799208f1d626eea765d93b4f20,120,1,2,0.00215031742118299,0.32681578397750854,0.6710338592529297
B-L1,1,42,399489b6079af091f33320276c7ad2db3c791129a3edbff5b530c66d32cd7e72,121,1,2,0.0026543857529759407,0.36696991324424744,0.6303757429122925
B-L1,1,42,e8cd3aa07ded082c0e9d0cd5ce68316e2c88e74da438e4b08e8a1e9f962c9394,127,1,1,0.20951612293720245,0.7800568342208862,0.010427094995975494
B-L1,1,42,70be8a47e5d22077d37988cb4d32c132724a3d1b083ef9ab0b06313f0bf6c905,133,1,1,0.038786038756370544,0.8907908797264099,0.07042311877012253
B-L1,1,42,be8334d7f47b288facef26257cb6b44fcf616cd19090b942b3e21a6312189a8d,144,1,1,0.02214660309255123,0.8397277593612671,0.1381256878376007
B-L1,1,42,c047c292b4e87b40d0e8d2cdb5f5aa7e0bbd22946a70c373ef6dd5c6576bc932,151,1,2,0.0011051862966269255,0.21676716208457947,0.7821276783943176
B-L1,1,42,20a9a7e6d4cf66384115e0a7ecc18f09cf1f9b2d051f34bc82d7b170955376d4,152,1,1,0.02214660309255123,0.8397277593612671,0.1381256878376007
B-L1,1,42,a7f1f0bec4d0eecfb4bebc52d748706df58b74a54e32f07189d46c9495ae3d09,158,1,1,0.046090006828308105,0.896163284778595,0.057746756821870804
B-L1,1,42,a46bacc86e6d6f2966c8bc9b007be70048a778a3e7dc54762fa3c06ca3dd0a6b,160,1,1,0.046090006828308105,0.896163284778595,0.057746756821870804
B-L1,1,42,aee4b0ad4df2a5b974c0fae78b5f15de2ba0da9ff62a1f1845fe8490f931efbb,164,1,1,0.20951612293720245,0.7800568342208862,0.010427094995975494
B-L1,1,42,f4f2eaa4ae88e92cfa57b3aff8b8ebc91d59f1c9a27803fe90c6ef8b768a6d4e,165,1,1,0.00663502374663949,0.5852451920509338,0.4081197679042816
B-L1,1,42,638a470d918dbfbf5afd33eb58e7ac2868a43d0e4dbaab3029db5101a1edce71,166,1,1,0.06483234465122223,0.8957945704460144,0.039373088628053665
B-L1,1,42,03c73563087c1329943a56cf316a054838d232eb12bf400763e97af8a779fc3d,172,0,1,0.11030054837465286,0.8683193325996399,0.021380167454481125
B-L1,1,42,36fc8ba21c05df93f037cf32ffb47c54f5fded8ce374e0e9cf11353791e881ac,176,1,1,0.3876350224018097,0.6077072620391846,0.004657757934182882
B-L1,1,42,3be1ee30e134a9ae90bc1593ea32cf65047070817401a9aeb18c76efaca04541,178,0,1,0.4242711067199707,0.5716753005981445,0.004053626209497452
B-L1,1,42,4d7423cf2ff542521716737a2b82d95c940025a9d28aea9f135e73d793d959f0,183,2,2,0.0003532420960254967,0.10587682574987411,0.8937699198722839
B-L1,1,42,03b5b9fbb1e8685d2aea12d701a8548fbf66e988d3965beff90d610215a6fc96,185,2,2,0.0003141174674965441,0.09863612055778503,0.9010497331619263
B-L1,1,42,842bac774d6c086dd6b92fdb78413098e14bcc3af75125e7d25ca273a3e1f862,193,1,1,0.046090006828308105,0.896163284778595,0.057746756821870804
B-L1,1,42,9a4af49b00bdc8c8c90dd9584610e62f31c1dea1496d8c77c154a1340984f0fe,201,2,1,0.005379017908126116,0.5339263081550598,0.46069467067718506
B-L1,1,42,ed7122159427b6c8635b7bcd0d7140de4dd489af9eab6fd9bd99b3ebad260d98,205,1,1,0.02214660309255123,0.8397277593612671,0.1381256878376007
B-L1,1,42,038c9ee0d7794eeb1143a461c0506513b430ff5293a311f12d84535a6afbcc5c,213,1,1,0.05470164120197296,0.8977436423301697,0.04755464941263199
B-L1,1,42,aac572f07272c9f29ce150e00d2b33f7765e921ffe4e1a3c8a7aa455349ca19b,219,0,1,0.3876350224018097,0.6077072620391846,0.004657757934182882
B-L1,1,42,c6b8941e410ad8b2574b68572d59fe76bfb75291198754c7266ab3740f819f8d,223,1,1,0.038786038756370544,0.8907908797264099,0.07042311877012253
B-L1,1,42,fa91a868a0b2673a241638a1e248c077d7ebbe8369c5e9c7a105ea8e0f678595,224,1,1,0.018467728048563004,0.8137997388839722,0.16773255169391632
B-L1,1,42,05dde9d4b54f7775db2292c4725eb2440e0b2dbe65d52bb4c05c347040ae90da,227,1,1,0.02214660309255123,0.8397277593612671,0.1381256878376007
B-L1,1,42,0e1e5a60db31ca1ff4e88932ce8fb8133c0cae740186c0eecba980565edeeec1,232,1,1,0.015346715226769447,0.7822108864784241,0.20244233310222626
B-L1,1,42,78bf7a927103b0adf2a93a132f44f2411946196d038bf6822cb2eeb2f851ab2c,241,1,1,0.09357956796884537,0.8809481859207153,0.02547227032482624
B-L1,1,42,4e05a768be51893f790163c79ad042b9bf59de08bccbba7bd25c8877c53ebcdf,243,2,2,0.0007744189933873713,0.17515826225280762,0.8240672945976257
B-L1,1,42,40f57c13c26aa660145ccd9e9ad6cf7435aba21e0ecb869b65ca110bad79d9bc,244,1,2,0.0032904178369790316,0.4112807512283325,0.5854288935661316
B-L1,1,42,820af5dd1d43687408ee96791d977e5768628d5dd9718275f49012ab8be7c7da,246,1,1,0.00663502374663949,0.5852451920509338,0.4081197679042816
B-L1,1,42,2fea83fd72f31c3ed98d355952e0dca5903ca77045d520014559b3131ab53449,249,1,1,0.018467728048563004,0.8137997388839722,0.16773255169391632
B-L1,1,42,3567553d36285ad28e9947ecc399152b059b63fa0d14e93da3fa60f88729589b,253,1,1,0.11030054837465286,0.8683193325996399,0.021380167454481125
B-L1,1,42,a71a645737db58ca85f16857a87566dbd0644a509be1426ceec155ba4b32a46a,254,1,1,0.2731694281101227,0.719133198261261,0.007697376422584057
B-L1,1,42,a32d5c6de3dc8a8d1a538283ab55eeaf55b9cf8e25aa347f9451fa80920ab0dd,255,0,1,0.46002212166786194,0.5364318490028381,0.0035460356157273054
B-L1,1,42,c6d9905e1108342a5a39e558796801aaef2123ede509df6c737dc2968cb80334,259,1,1,0.05470164120197296,0.8977436423301697,0.04755464941263199
B-L1,1,42,cf04de454501b8a0be83713c4b298369ec62ac21cd8f30857e05891dcef22cc6,261,1,1,0.00663502374663949,0.5852451920509338,0.4081197679042816
B-L1,1,42,3d8d9b0265e3f1fa1f9dced7be94a31b2d44253a703333fe32683be701e1e391,273,1,1,0.046090006828308105,0.896163284778595,0.057746756821870804
B-L1,1,42,f048327f0da983b65f4ac626e1b417339b356d60f7641609e9f999aa25dd1b64,274,1,1,0.1295379102230072,0.8524039387702942,0.01805807836353779
B-L1,1,42,2fc3c8e1b6058fdb8ba34e10c4f11c5c96a490da8c44557f51f272e135b276d2,276,2,2,0.0006581366178579628,0.15870541334152222,0.8406364917755127
B-L1,1,42,c215aa987795131b42e2cd8a6c43e525423612ee007a6ced32e8263bda4ad92a,289,2,2,0.0017523074056953192,0.29104334115982056,0.7072044014930725
B-L1,1,42,4560a7ae21f3fb4ac2db6ffe58ddb475ac41d6dc383b998d4c568b31ae65a35c,290,1,1,0.11030054837465286,0.8683193325996399,0.021380167454481125
B-L1,1,42,609e2c6bb80163f064286be493c35084947f767a9fca5159a6007ea7d78d1b8e,291,1,1,0.05470164120197296,0.8977436423301697,0.04755464941263199
B-L1,1,42,912f7b7365227a32858a2d927685373d6780e508ef7ac83760fb9ec5aaa1aefc,293,1,1,0.038786038756370544,0.8907908797264099,0.07042311877012253
B-L1,1,42,97b9091925addb08c1cd2c6078d0de2bf8172b17115de938b77ad77357d5ea5b,309,1,1,0.0791739821434021,0.8902862071990967,0.030539797618985176
B-L1,1,42,19d6ef82b2a921d77a5573e974ea081845479ae43b183f176897858ed8e06b84,312,2,2,0.0003532420960254967,0.10587682574987411,0.8937699198722839
B-L1,1,42,4791bf9d1d5d0230ab90f16f29614b48ab82e5801b82082235ff9b4358d29def,316,2,2,0.0006581366178579628,0.15870541334152222,0.8406364917755127
B-L1,1,42,9e12aa0dbe5c0aaa2470ead8d7629926f8b65403a6699dffbfef210eb25d80d8,319,1,1,0.038786038756370544,0.8907908797264099,0.07042311877012253
B-L1,1,42,4dcb168e09d4d7893d639ca45b73e7538eb8bbdf4d053e76233e29ffd3010c99,326,1,1,0.00663502374663949,0.5852451920509338,0.4081197679042816
B-L1,1,42,cc8929500a996b83f8e58e90d5c2ffadb7b9bc20866921118795138fea402ecf,335,2,2,0.0002004081179620698,0.07348085194826126,0.9263187050819397
B-L1,1,42,f9d294cba21968ac5c7aca6b858728c55a8a06c37c1bd8489ed5b184ed97e39e,336,2,2,0.0006581366178579628,0.15870541334152222,0.8406364917755127
B-L1,1,42,f2a7a0438ec81419aed4432eca97e3bf6a7996b3abcab7bd2b0cb5ea5936ca0c,343,2,2,0.0003141174674965441,0.09863612055778503,0.9010497331619263
B-L1,1,42,57374dc57848f9f7545dfff9c90d14265d0a66c20014fed384c8a1aaab2a8657,344,2,2,0.00013297628902364522,0.056625254452228546,0.9432418346405029
B-L1,1,42,e59d303b3c9921823705d178211a81f3167a2b5c2bedd55a2e440ae6fb609a66,346,1,1,0.015346715226769447,0.7822108864784241,0.20244233310222626
B-L1,1,42,e43bb85cc9f4c204c3b80fc593900bce375e9f42be96d02f335f2f42c13c4ba8,349,2,2,0.00013297628902364522,0.056625254452228546,0.9432418346405029
B-L1,1,42,eb7b92a2b390dbb093e40e2495530b65be730eb752eccbf260be04ff31496b11,352,1,1,0.11030054837465286,0.8683193325996399,0.021380167454481125
B-L1,1,42,99a93936da7984b3ce75763a91a3493bbe7f16283b2ccde42c3d93bff3fc70e1,353,1,1,0.11030054837465286,0.8683193325996399,0.021380167454481125
B-L1,1,42,fdc3d5fa14c1a4086c5b7caf79828cce0d013ff497cbe8eb15c09905a3f4457c,366,1,1,0.018467728048563004,0.8137997388839722,0.16773255169391632
B-L1,1,42,ed55a6f2ea598cc2a90f6b9b6e489d7f1bf59f58579eeba23f34ffb5a4476757,367,1,1,0.038786038756370544,0.8907908797264099,0.07042311877012253
B-L1,1,42,a538958f863560cab82c81c2af21b948645d77515ec607b6158507d95fe5123d,370,0,1,0.4242711067199707,0.5716753005981445,0.004053626209497452
B-L1,1,42,e76f79b797b47271b05802f3737b53b3378b0b1529fd9314fa2a492b6167ac66,372,1,2,0.0026543857529759407,0.36696991324424744,0.6303757429122925
B-L1,1,42,2965eb77c7507629cf30cf7647115971bc3fbc079b0679ddae18c5a7f6088ba0,375,2,2,0.00215031742118299,0.32681578397750854,0.6710338592529297
B-L1,1,42,447fa75d82f2da45bc471afc5b9273f8007746f7c1e6608e7f7e080582a7ea08,376,1,2,0.00215031742118299,0.32681578397750854,0.6710338592529297
B-L1,1,42,4f4abcb7188e73e10ca68b718d456e0239c4dcb6875e1c3c69a419fec225e1ce,379,1,1,0.05470164120197296,0.8977436423301697,0.04755464941263199
B-L1,1,42,dce71741a22feecd18d4a68d6dac14f53d1b585efa9029d2d7f6caf10ef1d09a,385,1,1,0.1295379102230072,0.8524039387702942,0.01805807836353779
B-L1,1,42,0a3effbdec3cb466bafb0f3db000792529f8a18b89f03e2f2a477a57ccb23447,390,1,2,0.0026543857529759407,0.36696991324424744,0.6303757429122925
B-L1,1,42,64edd6fd449505aaf4ce23b5e8fd239af0c6c1b9b8ec3b6283f29aa63786d55d,392,2,1,0.015346715226769447,0.7822108864784241,0.20244233310222626
B-L1,1,42,3aa2f113241cf12a1f41976ff0bf7942caae7298859aebfd67c1ddd2a115c9f5,393,2,2,0.00215031742118299,0.32681578397750854,0.6710338592529297
B-L1,1,42,7e00b595bb6999487c74eb830249fdf599a16fe836019185747560a7869a2ea9,401,1,2,0.0026543857529759407,0.36696991324424744,0.6303757429122925
B-L1,1,42,af3e8a8edbc429d6e82a0234c201d8cc278db4fd145a68015fd1ab8785e57275,407,1,1,0.1558176726102829,0.8297840356826782,0.014398273080587387
B-L1,1,42,f5c1f313b06ba018dffafebe7e936f738c7877b1fd7def93331d973a91083ec4,409,2,1,0.005379017908126116,0.5339263081550598,0.46069467067718506
B-L1,1,42,a27435e31856096b869dad34f04f50c26e43660a66718f5643ee8ed2eb51af26,414,2,1,0.022920912131667137,0.8482303619384766,0.12884874641895294
B-L1,1,42,447b6eaaa01f44759a3e84e1ae3292b980e1e40bbca619439c1154c93b6ba928,420,2,2,0.001190862851217389,0.23221491277217865,0.7665941715240479
B-L1,1,42,a497a87c94bd318bdbd3ec6561590a06ed35ab4e87ca913472fb109a78f8bbc9,433,1,1,0.005379017908126116,0.5339263081550598,0.46069467067718506
B-L1,1,42,652e6865f9acddc8831b8ce218dbe9e6235e8c801d2bbf80d878c249871281f8,440,0,0,0.7332479953765869,0.26566603779792786,0.0010859809117391706
B-L1,1,42,d63a26a5f8c21cfced4f4ebdcc520a460308329d0c2f1685f083d2ed9ab0b639,442,1,1,0.015346715226769447,0.7822108864784241,0.20244233310222626
B-L1,1,42,7b04f1d594f7376a2f050ee49b8349c5ef562e371b59041d74381aaf3f28418b,443,0,0,0.5334884524345398,0.46394866704940796,0.002562902867794037
B-L1,1,42,a6b0e9b589ed3f6caa4497791751bb855f8ff7bd71783f5676489298a186db22,455,0,1,0.20951612293720245,0.7800568342208862,0.010427094995975494
B-L1,1,42,afa6daaad76b24e7324cb78b11b89285577dc8bbfcf69fd9a2858f75d0d2d255,466,1,1,0.1295379102230072,0.8524039387702942,0.01805807836353779
B-L1,1,42,ecddaa9fb5fe0229e957962b58fa482e6fb92d8f808ec76bf3448ae1f9070c00,468,1,1,0.008159543387591839,0.6356865763664246,0.3561538755893707
B-L1,1,42,3a7f050103c325de4173d8ce18ea31c2b8a5424d5ca15132d1d2e938a40e25f1,470,1,1,0.008159543387591839,0.6356865763664246,0.3561538755893707
B-L1,1,42,d6c2e29b139b700ff7f46855f1fbce6d187c897106391edbf79fbf80ed1f1c14,471,1,1,0.02214660309255123,0.8397277593612671,0.1381256878376007
B-L1,1,42,9d1ad6603c4fc4417efe8b4d68b4771693ebeb51d9cc5fc47e7d55d6a396ae28,479,1,1,0.24026231467723846,0.7507990002632141,0.008938638493418694
B-L1,1,42,d3dcab46cc222b84f1ffdcca86f298db97158c380bc905a790185b05af010c3d,488,0,0,0.5334884524345398,0.46394866704940796,0.002562902867794037
B-L1,1,42,8e66ea34596e3d99a63ea5e1e0165c156c716d735eff28f761ac0ed48e7252b4,491,0,0,0.5644921660423279,0.4332420825958252,0.0022657555527985096
B-L1,1,42,f84b59feebc9f4c0c496f360f1ca19bbe2d5beeb52f49c9fc163d951a96cd776,502,0,1,0.15143296122550964,0.8332228064537048,0.015344264917075634
B-L1,1,42,6c25dd980ae55d61fd3c42c5c5e6030ac2dddb2fcce89e3ba55d1ed3f42fab9e,505,1,1,0.046090006828308105,0.896163284778595,0.057746756821870804
B-L1,1,42,2df6a5e9d91cfa9be614ad5f9caee8cc67f367e07626e56fc4f67efbfaceff1f,514,0,0,0.6195659637451172,0.37862658500671387,0.00180740375071764
B-L1,1,42,efb4d196f4193d1291a1cfb89719e049b970e0bf437f8a7e200e7362d60ca360,522,0,1,0.4242711067199707,0.5716753005981445,0.004053626209497452
B-L1,1,42,c79ed7e1c220976e51dd4332360fd4507729186d68877b8df22893d4867d9530,526,1,1,0.005379017908126116,0.5339263081550598,0.46069467067718506
B-L1,1,42,d1ad465a150c1a7e96ab02a505ebb64e6d4a4d6ed85a8269d159aae2333f6aab,538,1,1,0.046090006828308105,0.896163284778595,0.057746756821870804
B-L1,1,42,bb9a219543e713c160a8c0a5217ff0448abee776e104949e51d702515e4d91d8,545,0,1,0.3876350224018097,0.6077072620391846,0.004657757934182882
B-L1,1,42,e04e7d38a93aac3cae8930e1afcc919894b9a520fcb4dca988b331ff9b2900f1,550,1,1,0.015346715226769447,0.7822108864784241,0.20244233310222626
B-L1,1,42,7c393fcb8c6e7a0bd9c175f589c70e5aa04536220517e7b236f9e14bf21c6822,552,1,1,0.24026231467723846,0.7507990002632141,0.008938638493418694
B-L1,1,42,acb36f95ba3fa4630d97646560eebd228e5df633a2b53197160afadbac82d3d7,555,1,1,0.005379017908126116,0.5339263081550598,0.46069467067718506
B-L1,1,42,2f662e03b27bfb4526a71add2807e7200b7744865e734e627c558dbfcd716b5d,570,0,0,0.5644921660423279,0.4332420825958252,0.0022657555527985096
B-L1,1,42,cbff20bc53e43cdc376274e957b0ffc5d0e44adc151c80bdf4bbcae92be525c1,579,0,1,0.20951612293720245,0.7800568342208862,0.010427094995975494
B-L1,1,42,27810cd10888196a27cced776fd1436adf51d1cae60009f0c7ef8058309b1000,583,0,1,0.49437469244003296,0.5025061368942261,0.003119194181635976
B-L1,1,42,11f088393304daadcce4ef6f7aeb11030a552f71b38036237f26bfcd5781383c,593,1,1,0.015346715226769447,0.7822108864784241,0.20244233310222626
B-L1,1,42,f1c806ba37d90be9bd2c5d433faae60be09e78bd25bdd026832fc63f5b765d18,595,2,2,0.0002004081179620698,0.07348085194826126,0.9263187050819397
B-L1,1,42,e452e684933e73c5030cb56fab663ab3633a1033ce3f9525ca49c259cb1ed4b7,603,0,0,0.818035900592804,0.1813618689775467,0.0006023158202879131
B-L1,1,42,fecb7614f4f605bdc5a580d71a1b278aede770767de1712824a679c6ef5d62c5,606,2,2,0.00013297628902364522,0.056625254452228546,0.9432418346405029
B-L1,1,42,b08cc7b11c2239e58759422b6bf5a2d08f13ee0ebbe8cc8c7d36f98a1fed1f20,608,1,1,0.35072407126426697,0.6438983082771301,0.005377665627747774
B-L1,1,42,2ca5957ec014c711ba4a9356fa48dce7c2814b7c34ce6430ed68fa5e83b052e6,609,1,1,0.046090006828308105,0.896163284778595,0.057746756821870804
B-L1,1,42,cbabb7d95eace71c3efce48e034e79054df0c1930a226772f3ea9a3f42eb2cad,612,1,1,0.09357956796884537,0.8809481859207153,0.02547227032482624
B-L1,1,42,0bc52b5e19aa1667f7fbc7756b07899f366c304e861f02d85e0aef1f64de3cbe,614,1,1,0.018467728048563004,0.8137997388839722,0.16773255169391632
B-L1,1,42,352f35ab026498342b42592c28f2e2be9498c17dfa667c80faea045076e8af7f,619,1,1,0.008159543387591839,0.6356865763664246,0.3561538755893707
B-L1,1,42,f73037bf5bb7948b4d6c45d2a9d27260dd1e3d46d4cda2bb4658f1b9abe5c35c,627,1,1,0.20951612293720245,0.7800568342208862,0.010427094995975494
B-L1,1,42,7ccf5e3af45d32c2b891424dd669788c94857f3adff5795a33e4b30a42f41db3,643,1,0,0.5334884524345398,0.46394866704940796,0.002562902867794037
B-L1,1,42,1f87f903f6991bf3f713838f4ac2d9b2d167b93ad3fc82cd0bb8919543bca220,648,1,1,0.09357956796884537,0.8809481859207153,0.02547227032482624
B-L1,2,42,3d0d1c44ebc74d642e0c609d5dd4b5cfb467ae332a035c679b0c27cdd1ec168f,25,1,1,0.1286744624376297,0.8568564057350159,0.014469176530838013
B-L1,2,42,c346e57479e178e7b054371aa9a5f68b51e42c0e4a895346230cc32926dff8fe,27,1,1,0.06226884946227074,0.9068598747253418,0.030871378257870674
B-L1,2,42,3abda39dd64284c601a97a2fbab4b8034dd42e259e9b097ab0138698fe51f5fb,28,1,1,0.025466561317443848,0.8878214955329895,0.08671186119318008
B-L1,2,42,ff103515b8dd75894b97d53c0362207acd3e41b19365124568cce40e99ab29d0,36,1,2,0.003601214149966836,0.489643394947052,0.5067553520202637
B-L1,2,42,6c1ff6b4722162e99085258b374ec75e9c250758b590e5d0c7e5e90d433283f1,40,1,1,0.06226884946227074,0.9068598747253418,0.030871378257870674
B-L1,2,42,f9808139012c8b222496cdbc2c5823f5a200c1ca0c9a76838b16271cb6491b49,41,1,1,0.1286744624376297,0.8568564057350159,0.014469176530838013
B-L1,2,42,b65ef40f602471b10735bf76d635b6e867318fbd3b2d79eb292d182ebc52fee1,45,1,1,0.1286744624376297,0.8568564057350159,0.014469176530838013
B-L1,2,42,30dc43bca87dffff763ecab81971977dd0e0eb2ebbba3e56ea466f30648308d6,51,2,2,0.0006825690506957471,0.18377670645713806,0.8155407309532166
B-L1,2,42,fffdee90b6ab369ed3b441fc0d5835dec1e0da61263172332ba409239a1b6065,79,1,1,0.030101073905825615,0.8986499309539795,0.07124893367290497
B-L1,2,42,c3aa2339fdff357a10a7d1d16826e1158de5efda7de8df9d86f076ca2646b95d,81,0,1,0.17612692713737488,0.813260555267334,0.010612557642161846
B-L1,2,42,10de938d451cc9cfe6d0ead0b6a8f760560120b56b7ed89b2dc4f651e5451669,82,1,1,0.030101073905825615,0.8986499309539795,0.07124893367290497
B-L1,2,42,eb359b8ed9a4e0197c1d1ab325e0047ecbec907011dd47ad227dce8c761f9a7b,104,2,2,0.0005028186715207994,0.15239247679710388,0.8471046686172485
B-L1,2,42,686e797782deb880befa085462a001874deb90f59e8bd4f579869b6b3cc30dda,111,1,1,0.06226884946227074,0.9068598747253418,0.030871378257870674
B-L1,2,42,f56c2b2dd4b088427127b4d3efd30492502e057dc35df92f37e390e9ff866182,113,2,2,0.00017032102914527059,0.07563465088605881,0.9241950511932373
B-L1,2,42,8df88942cba699e578f85da548ac43c04023d6e3124e0d909bedcf225ee6ce88,117,2,2,0.003601214149966836,0.489643394947052,0.5067553520202637
B-L1,2,42,10698694323dfb803f5936e348a7facb60fabbb04e356449705169347027f85d,125,0,1,0.3198721408843994,0.674763560295105,0.005364278797060251
B-L1,2,42,f58ebfd4557154ffbcb785a4e55bb6649accdb99c66e82c58ed1bee08f674e8e,128,2,2,0.003601214149966836,0.489643394947052,0.5067553520202637
B-L1,2,42,64d4f18b3b12675504880cd0dc7ecf25b60fc04bfdbec355bc38419bb2d7c415,135,1,2,0.0018258130876347423,0.3356911540031433,0.6624830365180969
B-L1,2,42,237d8870453dad85e4a690f5ef5b3a88e992a5aa74dfe4b4b5a16a1db596e4fe,140,1,1,0.17612692713737488,0.813260555267334,0.010612557642161846
B-L1,2,42,6cb1a3bd78701f948722853f3ff484b4a62afa283c31e3d9ba8e2ab088574ba2,141,1,1,0.004411695059388876,0.5395132899284363,0.4560750722885132
B-L1,2,42,ddbe9a19eeb2b15127963e53920ddb3080cf3605be4e5412f985652dc3282606,143,1,1,0.030101073905825615,0.8986499309539795,0.07124893367290497
B-L1,2,42,0baae3864d2aa3d4aa2751efdb33ff2ab5c818f532230e2e93483176c0226769,147,1,1,0.008428262546658516,0.7063910961151123,0.2851807177066803
B-L1,2,42,ffecc433675dacb5aa9570aab766c7b1c9116acb4109af9e6863d3341000315a,149,1,1,0.24837467074394226,0.7444302439689636,0.007195104379206896
B-L1,2,42,fa5daee0d7df009faf4c0e08a703bbc8db8c1ae32e4f684b7085649c9d548453,156,1,1,0.025466561317443848,0.8878214955329895,0.08671186119318008
B-L1,2,42,81c654f9d5f5591c63de46ec2f8de90d5778222531f6dc2ca93dfe9653b873c6,175,0,0,0.6961928009986877,0.30267849564552307,0.0011287317611277103
B-L1,2,42,0f1626989b6efba0ed821b04af2ce1ef2dd90be67fee5303e0aeb890e84e656a,179,0,0,0.5551015138626099,0.4427410662174225,0.0021574185229837894
B-L1,2,42,dc041fdcc3cbcfb79f4de07118d4868642025a233a983d551502cd5c96d20552,180,1,1,0.28321367502212524,0.7105841636657715,0.006202162243425846
B-L1,2,42,4bc56ddaf0f7e559d24c60f59a6cf7edbd7b915799dadce516c430ac85a7696b,188,2,2,0.003601214149966836,0.489643394947052,0.5067553520202637
B-L1,2,42,f388cc4e3fa7c3eb79bcc7b0c0c92fff99e4fb329900ed50bfeb4f870f49792e,189,1,1,0.1286744624376297,0.8568564057350159,0.014469176530838013
B-L1,2,42,e4513c3d95a31cb9b2e70ba9aac54b1937bbbfb1fce1e4e3eaf07f94259ecb86,192,1,1,0.17612692713737488,0.813260555267334,0.010612557642161846
B-L1,2,42,ed46b4dc3fcd5fab1ada22a6d188180240af8e738c547e3f26fc65506b077a12,195,1,1,0.052654001861810684,0.9103168249130249,0.03702912852168083
B-L1,2,42,ac305df5cdc5f1b0801b93d200a6dfb28ed119ce4795422a08ad3057488758ce,197,1,1,0.004411695059388876,0.5395132899284363,0.4560750722885132
B-L1,2,42,ac49935da3ee5b02cec9247a78be9b546c635c54aa6988081e4fe8709663d2f9,202,1,1,0.02152157947421074,0.8727977275848389,0.1056806668639183
B-L1,2,42,ea5f3b7855c7c13d408bff3ff046c47d194d636ff9d1cd41a54051e642651080,207,1,1,0.07360507547855377,0.9004882574081421,0.02590670809149742
B-L1,2,42,24fd68e79a2159278d68b9fa03c7a306d89444b373e4ed956a552290b7163fd5,208,1,1,0.012149211019277573,0.7851945757865906,0.20265623927116394
B-L1,2,42,1c5812f23059c8affe3af759b6ead8c2c38b856307cb70a58a6806f14bcd7133,209,2,2,0.00293910875916481,0.4417828321456909,0.5552780628204346
B-L1,2,42,6ab8e0705e7b40a64b138c0755ac0e4974492c819c3a3104cb9fdf9bb5c5833e,210,1,1,0.010141006670892239,0.7481974959373474,0.24166147410869598
B-L1,2,42,a5e5532a8001b1d35b8d647ec7c6de5bd09b0cc81ab543a66c4b92d00869a830,212,2,2,0.00293910875916481,0.4417828321456909,0.5552780628204346
B-L1,2,42,4cd62e95948bd1b704bbcb35b4c07c1ce891fe8d8603fa8d7d55722149152d09,215,1,1,0.052654001861810684,0.9103168249130249,0.03702912852168083
B-L1,2,42,41c314fd5e526b07168ea8735e420c8fd4da4cb146f0cb7b53a0b2e383de5f71,216,2,2,0.00293910875916481,0.4417828321456909,0.5552780628204346
B-L1,2,42,c52893a6a9c59524615c570b972166e20fb5dc1939f7f8a0a444a854ad8b5954,217,1,1,0.010141006670892239,0.7481974959373474,0.24166147410869598
B-L1,2,42,ef6d74ead7c9dae1edd8b999fa30b355c27c4fa0917c2b6342686959821c01fa,226,1,1,0.010141006670892239,0.7481974959373474,0.24166147410869598
B-L1,2,42,a2010d08bf5544fb2f61ba56db0cc9b5b6d58a43b3e7a8155eae755a2ab63922,230,1,1,0.08692296594381332,0.8911914825439453,0.021885471418499947
B-L1,2,42,ea6ce91f0cda3fa98f7b745b9580fd6b0403056870eb76c5fcf66334679dd7ee,234,1,1,0.07360507547855377,0.9004882574081421,0.02590670809149742
B-L1,2,42,c6d8fdfaebcc9424104991f6e1b2ae52cfc74b01f006f573c65d6403e27860c4,235,1,1,0.025466561317443848,0.8878214955329895,0.08671186119318008
B-L1,2,42,81b41de2fc119a6be204b22f6f400b640dae3281ad7449e09c510a3179f3e514,237,1,1,0.17612692713737488,0.813260555267334,0.010612557642161846
B-L1,2,42,8ef03a12bf26544326b83a924d78b17a626323183f000e61b0e1269d5151d713,239,0,0,0.521733283996582,0.47581997513771057,0.002446796977892518
B-L1,2,42,e65cba4765702c555356fe2b6fc3183b7079396880ffa82b6303a59358a1b860,240,2,2,0.00023263567709363997,0.09311161935329437,0.9066557288169861
B-L1,2,42,aef48ae8e8f8321f0e29c116e8187c697962ab80108f224eef0febe59017821b,256,0,0,0.6519005298614502,0.34671851992607117,0.0013809403171762824
B-L1,2,42,4e704048021bafbeb44effb9e508d4cef59a712f89bd368f81f564485127cc02,270,2,2,0.00293910875916481,0.4417828321456909,0.5552780628204346
B-L1,2,42,6e7973c8c4ee77c326ae4010b1418b788a5630854185affb484685e8d73a7084,272,2,1,0.008428262546658516,0.7063910961151123,0.2851807177066803
B-L1,2,42,111d930258015ff415cf618a5446916b948c63467161ea1a20e0915119b50244,275,1,1,0.035553861409425735,0.9057122468948364,0.05873391032218933
B-L1,2,42,b66a61f7e4e30927c1735a3306a7e4fd6cf9b017aa1b11eacd63c9f666c7ac77,277,1,1,0.07360507547855377,0.9004882574081421,0.02590670809149742
B-L1,2,42,3366e3e79bb817fbb8c139710399b5e5e682684683af108e41f6f8f47bb2ead8,278,1,1,0.21591871976852417,0.7757046222686768,0.00837656669318676
B-L1,2,42,ef27b562eab370d5506b6031d90875e2bf94890dc4f57239be5af639fc2bb2d3,281,1,1,0.052654001861810684,0.9103168249130249,0.03702912852168083
B-L1,2,42,54a5824b809802628fc226bf21773286f73e6051e62d9cec2df3e81d93197bde,285,1,1,0.004411695059388876,0.5395132899284363,0.4560750722885132
B-L1,2,42,0bb5ed634b92cd4e23359fa5c9f0f46eb531bfa0976bdd29a00e52fbed97e135,286,1,1,0.025466561317443848,0.8878214955329895,0.08671186119318008
B-L1,2,42,7ccb05337d74117430e9fdf9897cd7110c354bd737a7229f86fe605f50969092,288,1,1,0.025466561317443848,0.8878214955329895,0.08671186119318008
B-L1,2,42,d989513ebc9b816b08d15039e20aff3eeac96a4c9cd17e51afaa8a05ead60f2f,295,1,1,0.044516321271657944,0.9107950329780579,0.044688690453767776
B-L1,2,42,29fe4b61c9b555bb9cc208302b5dc991e41580d993fe5cf0832053f62f80be27,296,2,2,0.0005028186715207994,0.15239247679710388,0.8471046686172485
B-L1,2,42,a347405d861f7182f5157435b676ea5452b581ebf8b34c65c740ee6696256750,298,1,1,0.1286744624376297,0.8568564057350159,0.014469176530838013
B-L1,2,42,ba77ac0a50dbbe13d7bd6839ae32c5eb1febed467656cd2322a11c5b3f747b65,302,1,1,0.1286744624376297,0.8568564057350159,0.014469176530838013
B-L1,2,42,8bbb88b5de9002160126d07b53f3cd2825868930b27f08e4ff4760a9c179699f,305,0,0,0.521733283996582,0.47581997513771057,0.002446796977892518
B-L1,2,42,b1ee4d7e89869caeb050bf6a44961b049d9934b92e5ee40bc7e869b645348de0,307,1,1,0.06226884946227074,0.9068598747253418,0.030871378257870674
B-L1,2,42,e03a5d8fb20a6ea99425f7eb791e67ae67db33777225bd74107066b76cbd37ab,317,1,1,0.025466561317443848,0.8878214955329895,0.08671186119318008
B-L1,2,42,727f74ba1c3c4c66b1f6b4556991e45b07a8df2d9d01846546f6627456d8494f,318,1,1,0.041976843029260635,0.9093778729438782,0.0486452579498291
B-L1,2,42,d3a134515041870d4095cf6ae0a7325769f957b530f530c1edbabeaa7c0c7273,320,1,1,0.005394274368882179,0.5900304913520813,0.4045752286911011
B-L1,2,42,980f2c93c9c03ec6203a0bdaeef81159a3cfe8ed1f28387385d9f45010302142,333,1,1,0.010141006670892239,0.7481974959373474,0.24166147410869598
B-L1,2,42,a66c4452b850b95377077697aac825a263e323984b1e8a1b5c25b1f3bbf86b4a,334,2,2,0.00293910875916481,0.4417828321456909,0.5552780628204346
B-L1,2,42,9f3c666f41f67c4d1304118a8d2927642bae1db9e3d7be9fec6431a472638621,339,2,2,0.00293910875916481,0.4417828321456909,0.5552780628204346
B-L1,2,42,276a41fcaefc7b0f5b533b227d35bd303c63f762bbf766628024ce36f9313bf9,348,2,2,0.0005028186715207994,0.15239247679710388,0.8471046686172485
B-L1,2,42,b5271dc00037ef4441d0e9b55a7b122c6981acc750495290fdf2d1171ec45e4a,355,1,1,0.052654001861810684,0.9103168249130249,0.03702912852168083
B-L1,2,42,e77bd94004a0442aa632c906e2f4e997e00b478cf23900001f6d06ec63cb3ef3,360,1,1,0.052654001861810684,0.9103168249130249,0.03702912852168083
B-L1,2,42,584086a779fa152c0679d9786c1e33c602944084d5cf48f6c0e7dbbac810bd87,363,1,1,0.052654001861810684,0.9103168249130249,0.03702912852168083
B-L1,2,42,1467b04a49c306baf2f2d7d4fd94a9e1d2b0b5a630fc1defcbc2ec8916da6c13,368,1,1,0.48620110750198364,0.5110077857971191,0.002791125327348709
B-L1,2,42,aa253d0c7343d07a4854487d2aea858f473eee151b96c2ce40bedb2ee8437306,388,1,1,0.1286744624376297,0.8568564057350159,0.014469176530838013
B-L1,2,42,a7a9ca7a19cbb70fe7a0ce5094b6f1add89f5b24cedf3415b2882b501c43ca03,389,1,1,0.17612692713737488,0.813260555267334,0.010612557642161846
B-L1,2,42,4e2eb26c0fe972eab4b5b004faa49b46156fd4ee3808d325d7e5594a79414a9c,398,1,1,0.052654001861810684,0.9103168249130249,0.03702912852168083
B-L1,2,42,eab697c8c1d27212af84b30e24e32008b1ecbc67472a7ff95ba552ee19c0db40,406,1,1,0.09255984425544739,0.8872783184051514,0.02016175165772438
B-L1,2,42,b76ae4c5df31d41a628c2eac6d63a7191c5c814c94f0f8c36f40d812e2089f6b,412,2,2,0.001971248537302017,0.35596051812171936,0.6420682072639465
B-L1,2,42,8a75076ea3879d0bf0dd017d05b4a245801a302e7b000b0a7b9c1cdb94ca975d,413,1,1,0.28321367502212524,0.7105841636657715,0.006202162243425846
B-L1,2,42,5fff96165ae228d0b6c109dedffa29fbbe1bb5419a4e17d1eb6b6f7371638adb,416,2,2,0.0003850522043649107,0.1292976438999176,0.870317280292511
B-L1,2,42,cabc765a96e5371085f2124e0c49137c3ea6aa1d74da1cc02c830ee82ebc9b48,419,1,0,0.566446840763092,0.43157830834388733,0.0019747766200453043
B-L1,2,42,3b6be63e42bced9624f2695926dd4352285f8007d59bd5bb1dd51c40b37024a1,423,1,1,0.1286744624376297,0.8568564057350159,0.014469176530838013
B-L1,2,42,f4485fff06cc355178561099fde1bff774f6df6adb1ce135820fe0e07515311a,434,1,1,0.17612692713737488,0.813260555267334,0.010612557642161846
B-L1,2,42,e92916be0b17ba8bf1e2d3ce1809285cc94721729d1978c457f4db8c4f4101b8,436,0,0,0.7543197870254517,0.24488496780395508,0.0007952776504680514
B-L1,2,42,44b0ff3b5337d07bc238578620590bdec6e1c913e99c9aedd40c7306c5136dba,437,1,1,0.030101073905825615,0.8986499309539795,0.07124893367290497
B-L1,2,42,170bd7b79b3f5e28736c07ca59bd1f2f2b5d4f0778d08d0d065dd684c879d5d7,438,1,1,0.1286744624376297,0.8568564057350159,0.014469176530838013
B-L1,2,42,e0bd5edf2a653605820916a1a17d66d2397b9ad0dd84f37cbd3fd3810e309037,446,1,1,0.06226884946227074,0.9068598747253418,0.030871378257870674
B-L1,2,42,4dab921dc624739a417660847b4c0024fe177b771218333bf14e0d0d4e20aa91,448,2,2,0.0005028186715207994,0.15239247679710388,0.8471046686172485
B-L1,2,42,85718d8d0d6c99912cd3eac82bdbbb72cee0878bc1891742d1d9ad494dbb5c0a,450,2,2,0.0012388809118419886,0.2682858109474182,0.7304753661155701
B-L1,2,42,13495fa8b8dd9679b0eab26be9488564259999759eb940cad44c16c962ae81f7,453,0,1,0.2042718529701233,0.7865768671035767,0.009151265025138855
B-L1,2,42,0dbe677afded6fdb64050e827a3a7e21d49e0ab3138a60a2e288dd171af53944,458,1,1,0.01723453961312771,0.8433070778846741,0.13945834338665009
B-L1,2,42,30208d526f61c08aa4e9adad5f98e9a48303a9b9357da44a27292465dbc46bf3,462,1,1,0.008428262546658516,0.7063910961151123,0.2851807177066803
B-L1,2,42,ecaccecb377bfe6bfdaa2574f6cdc96491a0894b2480612d0376098a403592e1,476,0,1,0.2042718529701233,0.7865768671035767,0.009151265025138855
B-L1,2,42,c32bf43dea1035a78327d54bf13e6655b755788b7cb2b89bbd177edfc1270a1e,485,1,1,0.07360507547855377,0.9004882574081421,0.02590670809149742
B-L1,2,42,aeac0b830c55c2d51b6a33e30e0be051cd140df152dd398a2eddab2a28bf9b35,489,1,1,0.48620110750198364,0.5110077857971191,0.002791125327348709
B-L1,2,42,f1f7629e3f53f2d8e749f46a993a6e72aa316c1d9c1f8b1c67c6dd1a677d2932,490,1,1,0.24837467074394226,0.7444302439689636,0.007195104379206896
B-L1,2,42,5db554cde5ce7bc9cf816db20cff72939c5d380706d527f487672a618aca59be,492,1,1,0.4489062428474426,0.5478930473327637,0.0032007070258259773
B-L1,2,42,64093b9f13e7c9c5796331cf22a51a3878853dd9a68ddd7e2bd97746e9a148f9,496,1,2,0.003601214149966836,0.489643394947052,0.5067553520202637
B-L1,2,42,e01c7f73d3b9c5e56e27a66af611a14995b4b65854a282507dbf90ced9dc54ac,499,2,2,0.0002850885794032365,0.10531076043844223,0.8944041728973389
B-L1,2,42,f865f3eb3350200dfbeb524ebdd2d755fefe3d4d2a2093ca5e4c3d388c760e50,504,1,1,0.02152157947421074,0.8727977275848389,0.1056806668639183
B-L1,2,42,b4ddfccd8e4d07b77338aafe76e7c9ca43343a328bbb848444a3ecb6133dc14d,507,1,1,0.06226884946227074,0.9068598747253418,0.030871378257870674
B-L1,2,42,857b369ecd76d80997f03f4eb841148b4a57ca5b325132205a6ff964ff20122c,508,0,1,0.17612692713737488,0.813260555267334,0.010612557642161846
B-L1,2,42,74137ae4e7726b7bd996489326eb22a2b8918ea0504267c8fb1fbab7f5ae7b42,509,2,2,0.0004379436431918293,0.13996928930282593,0.8595927953720093
B-L1,2,42,862548383e807e3e1f19b50f24a8569b6ffb9dec43bdb049f653d08bc3af9d3a,510,2,2,0.0008678023004904389,0.21679353713989258,0.7823386192321777
B-L1,2,42,50a1482d80d92dbb826319e4766efc53b1bdf8ad4e84880dca534a5dda4f5043,511,1,1,0.08692296594381332,0.8911914825439453,0.021885471418499947
B-L1,2,42,96fe6b8a15df2ad16bdc1b1426c5388a37e247e2707b5f5e0efc650981a54522,517,2,2,0.003601214149966836,0.489643394947052,0.5067553520202637
B-L1,2,42,ec4ebe569d3745dd4c8b9698518c7aa342acae412e99da6fde3e888b7d603a83,519,0,0,0.5551015138626099,0.4427410662174225,0.0021574185229837894
B-L1,2,42,59e566c9593c67991a9806b91f08f73822a0101cbf3d442380b33413985e2c61,528,0,1,0.3198721408843994,0.674763560295105,0.005364278797060251
B-L1,2,42,ff5ec594276eaf7458f2130bcf3e75b5d349c038b2b084453d15878aca86b077,535,1,1,0.24837467074394226,0.7444302439689636,0.007195104379206896
B-L1,2,42,26b4822fa63df3b3e9c29f678473792ea52b5b587e2cab81296a5a914d19b8b3,544,1,1,0.030101073905825615,0.8986499309539795,0.07124893367290497
B-L1,2,42,f4d53f6572ae8b078ab81ba0147ca9577c4911fee5434fc10bcd3664f586de6f,559,1,1,0.025466561317443848,0.8878214955329895,0.08671186119318008
B-L1,2,42,1e575562ac1159a8405c09757fa2ecb84640a371604a760ff9c484986079044d,564,1,1,0.08692296594381332,0.8911914825439453,0.021885471418499947
B-L1,2,42,6fd9a47fad5e93b780be9618fa002099728d3eff67212f1dfd621d4fe09e5eca,567,0,0,0.8658460974693298,0.13378985226154327,0.00036401889519765973
B-L1,2,42,c196a7c8ed3ca9e717d3bd3e95cdfe28d93e5d9cf747d077bb16d08a20a5e14a,568,0,0,0.682550847530365,0.3162999749183655,0.0011491142213344574
B-L1,2,42,882cedeb9fc2ec46872ae63c3be3b86e9760a8947f6a1cb1a2e0b94eaefa5a4b,571,0,1,0.48620110750198364,0.5110077857971191,0.002791125327348709
B-L1,2,42,83113f35b1ed6dcd55e689ac8670be1b8e9643d34559e493146083d8e5945dce,573,1,0,0.6260397434234619,0.37241560220718384,0.001544651109725237
B-L1,2,42,7be80fb1e0b72f3463c8bb1765680e76d75477d56995fa3950c138b538110adc,575,1,1,0.1286744624376297,0.8568564057350159,0.014469176530838013
B-L1,2,42,55dda6439343432382a3c5fcfd38503ba528580be87b0d35cdba66b9c9b827d2,576,1,1,0.28321367502212524,0.7105841636657715,0.006202162243425846
B-L1,2,42,d083e107e8f39557b9da7bae2f268fd65ec49b913d65d226417086af94f9511c,581,0,0,0.7393487691879272,0.2597891390323639,0.0008621169254183769
B-L1,2,42,6dcbeeb20de7ab3fb6be30cae5c029490f226a6c6e9839f8bb4882119aa94265,584,1,1,0.1286744624376297,0.8568564057350159,0.014469176530838013
B-L1,2,42,4d13f0a81cacab75a84d737ab08cf1b5159479efc79f18190e8eff251f50d3a5,590,0,0,0.6519005298614502,0.34671851992607117,0.0013809403171762824
B-L1,2,42,62984b6078e75a305726c858e36e398e1c744cb748f515a9cfe0fc9d54a69c63,599,1,1,0.02152157947421074,0.8727977275848389,0.1056806668639183
B-L1,2,42,864a47eb9df8de430cc753dc49cfb0c61bbddcd7e39861184b1c6ac25ac9961b,618,2,2,0.0005829489673487842,0.16687758266925812,0.8325394988059998
B-L1,2,42,f21c6f9076039176e5eb15df163162d58f098a9ae11653ad81acafabb9c36e7c,625,1,1,0.15092042088508606,0.8367183208465576,0.012361213564872742
B-L1,2,42,0b62dbcc4ebac3c7caeb54877d5a7729939755248ef62d510998e9e0fbed957f,632,0,0,0.6519005298614502,0.34671851992607117,0.0013809403171762824
B-L1,2,42,52a96206cbacbf10f2bc11340bd5210d489f276f3d08ac28be80c19d2cf1da08,633,1,1,0.008428262546658516,0.7063910961151123,0.2851807177066803
B-L1,2,42,29fce523320e3983ff6849f6c475a158aa2fe75ebd2e9c644855bcd863b27cc7,637,0,0,0.675235390663147,0.32352080941200256,0.0012438116827979684
B-L1,2,42,4ec623fdc95e46d2eebb4a617716702a53c1664c18b6850a31a71541fbaf8d81,641,2,2,0.001971248537302017,0.35596051812171936,0.6420682072639465
B-L1,3,42,9da00394a8e5d8f9ea66036a6a89912efa355fd9ba96bfa4c528435b8bef9db1,0,1,0,0.9256754517555237,0.07410316914319992,0.0002213239058619365
B-L1,3,42,2032c66fadcb9fb24653402444d869a8a23e06dd7c522221ee5e19db135147dd,1,1,1,0.2906361222267151,0.7043066620826721,0.005057219415903091
B-L1,3,42,8726e7c2817fb8c8315b2db10843e3074a260645fbf1fccfd23450a6dfadb425,9,1,1,0.022821541875600815,0.9177424907684326,0.05943594500422478
B-L1,3,42,14caadb35d5c89647b912b53c06bdcea5896a8299a9358c8bd67f727a3feec4c,14,2,2,0.0031777084805071354,0.46494030952453613,0.5318819284439087
B-L1,3,42,0817d574402933c00d82a89b1851b0d40647a8234618ab6b293d902531e9fea3,15,2,2,0.00019289707415737212,0.06829249113798141,0.9315146207809448
B-L1,3,42,3679ea32f8b94b8ce3d1242fef2d6073a0bdb60fe26b258e51162049223ac77d,44,1,1,0.13125509023666382,0.8590197563171387,0.009725125506520271
B-L1,3,42,1a9c93c0298921e6e0f103921ca7dba43c8472b77c47cdfe345bc83365ea4636,52,0,1,0.17886562645435333,0.8135078549385071,0.00762649392709136
B-L1,3,42,08f641e003d30bb34ea70c8a98e54462e23555149b596c1f323b1ca3443795eb,53,1,1,0.010948996059596539,0.8164551258087158,0.17259585857391357
B-L1,3,42,825309a30632ca1e2936b124a778f11cb92b02606b370f89d13bef151f047eef,55,1,1,0.019908562302589417,0.9079152941703796,0.07217609137296677
B-L1,3,42,7b13c3dcfc57858b28512dd82b80f9bbc5a38d53ab17609e29661191744e409e,59,2,2,0.00042211738764308393,0.11826828867197037,0.8813096284866333
B-L1,3,42,cb2b4d4111dfd94cb699ad65f248b0bfb4f2ebfda4969f24c0672a4eea784aea,61,2,1,0.15346659719944,0.837935745716095,0.0085977241396904
B-L1,3,42,2d4a4db57d75d8a7e2d6e56965c925963d33c569c1e24c31a63fb124021beebc,64,1,1,0.010948996059596539,0.8164551258087158,0.17259585857391357
B-L1,3,42,410500105c3281445a1b6e50757dc923dff389861aa9993c0b740a1545b5b228,68,1,1,0.06574931740760803,0.9169420599937439,0.017308562994003296
B-L1,3,42,43ef9061e180219186ef1d51bc3c069a634f7f7a0078c5e6a8e339fe1bf5c10d,72,1,1,0.012658655643463135,0.8451998829841614,0.14214150607585907
B-L1,3,42,81b09fc0aa959d8efcc70c33f155000a7f01a30bf542cb50cd16d5ceb5203c4f,80,1,1,0.05645928904414177,0.9235268831253052,0.02001378685235977
B-L1,3,42,b64a99906f7914e194b7e5bda1235e3fffa359bf7c1667dd42b4268f16478434,86,1,1,0.012658655643463135,0.8451998829841614,0.14214150607585907
B-L1,3,42,d1873f2c273d9fff1d54fa797703976f13a01d3298453e10d99cb401551d4999,89,1,1,0.36867013573646545,0.6273755431175232,0.003954397514462471
B-L1,3,42,7e9752299515d5ecf7f759b6eae0d65703a71dea906d252e95aab67537ddb71f,90,1,1,0.2906361222267151,0.7043066620826721,0.005057219415903091
B-L1,3,42,68ce95a11652b3b237dabe6ae00998c9c7adce1ee390c47fadd3e8540130de0f,109,1,2,0.0009643006487749517,0.21274405717849731,0.7862917184829712
B-L1,3,42,3797dbb2b0b7a08e83dbec5409c694efa671c4e46af761858844278f1dc385d8,110,1,1,0.008081049658358097,0.7424390912055969,0.24947986006736755
B-L1,3,42,704d8396ce08b551fa6dd721337adce6afb2503715135f734bd2c0722ce528d3,115,1,2,0.0004830353136640042,0.12946157157421112,0.8700554370880127
B-L1,3,42,4d25798cefc2cf5ce3c29ebf0b9e4c0d84956f1a8898de972610ee57b6a7fb5f,129,1,1,0.010948996059596539,0.8164551258087158,0.17259585857391357
B-L1,3,42,bbb97d718a1a11e509b00ac170dc512ff9b9930eacf75f5a3077880ff90bf810,136,1,1,0.36867013573646545,0.6273755431175232,0.003954397514462471
B-L1,3,42,787dcb7a1c4cc9f4983f462ddd01863d71220d14a298073a5886f7917ceec867,138,1,1,0.026183083653450012,0.9245858192443848,0.04923103004693985
B-L1,3,42,b064cb059d374948ef0370a2437f8d0bafe1e9678a1b38f837c6a6db9db4d582,142,1,1,0.05645928904414177,0.9235268831253052,0.02001378685235977
B-L1,3,42,9a26ca17f1a2a542cec0453d178767a86c59652d63ff72ddaa48810be13d1ab6,153,1,1,0.009430150501430035,0.7821792960166931,0.20839056372642517
B-L1,3,42,d1b268ba32d56d8ff3504e94ee5370f3a76ce18e0a3b0db5c875395b0e922da0,159,1,1,0.010948996059596539,0.8164551258087158,0.17259585857391357
B-L1,3,42,440e70046c7ab779d69b3cf5f483b0504098b58f20b98da0f4b90dcca58b7a1c,161,0,1,0.36867013573646545,0.6273755431175232,0.003954397514462471
B-L1,3,42,1336c5029330743b5ea83d83fdfc07fcd73276158b755bc1202b4a90ade5cb08,162,1,1,0.026183083653450012,0.9245858192443848,0.04923103004693985
B-L1,3,42,d51923504c8a939ba8dfbe8c09d12c0f24fc1b5f9fceff2ea5d3f498b3105dad,170,1,1,0.06574931740760803,0.9169420599937439,0.017308562994003296
B-L1,3,42,c346449759a08de6df8ad7f0936940e980e88f11837c514a02a4fd03f71ed459,174,0,0,0.6124943494796753,0.38570791482925415,0.001797721954062581
B-L1,3,42,4b9f8e0c8ab34af43ef7096eb4e85d311551b210d679e5d673daa44a258e8a42,186,1,1,0.0767526626586914,0.9081645607948303,0.015082753263413906
B-L1,3,42,801eb4d09dd43b2b678c81a91d82521163c504324fee02de3778a3ecd1a926bc,194,1,1,0.06574931740760803,0.9169420599937439,0.017308562994003296
B-L1,3,42,0c37fd58a9827290e55b34630825b0d6244c49d5ad38b4cb692ee5fba935d2c9,203,1,1,0.36867013573646545,0.6273755431175232,0.003954397514462471
B-L1,3,42,50fcac22a7e0a3f9e29c98914641686f7b4d5b483729f33dfc0943ebc770409d,206,1,1,0.13125509023666382,0.8590197563171387,0.009725125506520271
B-L1,3,42,1223db6fa4c73ddcfb1d3c6d1d32d7a9a694a0c67b0b8896d2e2c5252ea458b7,222,1,1,0.019908562302589417,0.9079152941703796,0.07217609137296677
B-L1,3,42,1cd7edbfe2f40c5d7c9a6230c2530a19e1c33c1d7a4b9c2fc76e71f4a4ef2955,229,2,2,0.002175570698454976,0.37005752325057983,0.6277669072151184
B-L1,3,42,51cce7d0485df80b75d03dee842b5fbb970f5348df67160d0e30730f577a193f,231,1,1,0.15346659719944,0.837935745716095,0.0085977241396904
B-L1,3,42,982f60fd457eb6d3d3ea718cf44d5cb26c9847a13bc9211cf942c0276094cbea,236,1,1,0.009430150501430035,0.7821792960166931,0.20839056372642517
B-L1,3,42,73d4dfe9d634e737477bbc0e789414071caddfba0329a03b55a67d4565f16b31,238,2,2,0.0008159458520822227,0.19017086923122406,0.8090131282806396
B-L1,3,42,17fce900c57b5d8978b6a7f3fc2fb54520a09094e94167b76cbe441400f5ad10,247,1,1,0.009430150501430035,0.7821792960166931,0.20839056372642517
B-L1,3,42,38085f4b22cba5fc2e5c7334dc43fd4faa9f1be9584e87c3a89ac73aa37f3ff6,248,0,1,0.36867013573646545,0.6273755431175232,0.003954397514462471
B-L1,3,42,f37129146fe1cc102260df1bb5035364d6977e2290c3f3c022105e91ae0cad55,250,2,2,0.00037213892210274935,0.10867735743522644,0.8909505009651184
B-L1,3,42,c85e618c2cb4110b794d0c0953af57fe74dd832c9089b476240a78f6178bf1cf,252,1,1,0.0038351884577423334,0.516849160194397,0.4793156087398529
B-L1,3,42,6a3c09e4947d005706a207b8c760dd1e4a01a013d7fdf234bb6e2abbe62ed0f8,263,0,0,0.6416448950767517,0.35674285888671875,0.0016122220549732447
B-L1,3,42,55f09cfab4e7759b9196088c60e80fdf399fa12b760c9cf22aaeb33589b1808c,265,2,2,0.0011490234173834324,0.23902440071105957,0.7598265409469604
B-L1,3,42,b7661cb5dd52c9c0fe4365fcc6bff1f997b8753cdce2392381357136c4a5bf43,269,2,2,0.0031777084805071354,0.46494030952453613,0.5318819284439087
B-L1,3,42,be89c47ea7807e1e8f1728f4281bf7f92ce922539e0b3cd0848dc5a258702b8d,282,0,0,0.7479386329650879,0.2510625720024109,0.0009987771045416594
B-L1,3,42,8b6cbbd882704231c2da058f30493957fe5f146ad538f186251118a7c93fe195,283,1,1,0.2906361222267151,0.7043066620826721,0.005057219415903091
B-L1,3,42,1c7add97688eeaddc1858c389db4aac1d7c75a52d05d5f15c0d081a7b938abaf,287,1,1,0.329000860452652,0.666529655456543,0.004469406791031361
B-L1,3,42,50a40749308fda874b7765a8a2b85ca93645b0200e63e9851129ab8fd6f41ff9,292,1,1,0.0486159548163414,0.9280553460121155,0.023328747600317
B-L1,3,42,0910a774d27e3fe150f1c12d186032f527421ab5d7c35f74ac4f758094dd228d,301,1,1,0.15346659719944,0.837935745716095,0.0085977241396904
B-L1,3,42,4bea7852e6349795c7bb47b3b196b923e2ba8e7aeea9001ce30608cc02c0e4f6,303,1,2,0.0016659910324960947,0.304316908121109,0.6940170526504517
B-L1,3,42,fe7000c6192011cc4cb3fab698a7821cc7044fec6fed4d6c825162ba8e131368,304,1,1,0.0486159548163414,0.9280553460121155,0.023328747600317
B-L1,3,42,de68a6ddb137408d6f047da8b80a1ebeb03cceea79fe2bc107056a11068abdc3,306,2,2,0.0008159458520822227,0.19017086923122406,0.8090131282806396
B-L1,3,42,ee99b4a3c8e4b8ac8172a040ad3be7a04dea423a9ae0409a95df0fafc91a313a,308,1,1,0.13125509023666382,0.8590197563171387,0.009725125506520271
B-L1,3,42,5e503b8ae7945a0c7a8bcd67542d51082ffc17c2404a5253304711f79919407f,313,1,1,0.009430150501430035,0.7821792960166931,0.20839056372642517
B-L1,3,42,a538822eabdf193b2b19f78ccf63644aa5c71ce346c2909e83ad04440964ae88,315,2,2,0.0031777084805071354,0.46494030952453613,0.5318819284439087
B-L1,3,42,0796be2517f6d256579d64e3fd271287a0a015eb77e018c048e59d0f28eee45f,322,1,1,0.4087650775909424,0.587730884552002,0.0035039831418544054
B-L1,3,42,1bfda6b9b2ec251369d6f57db5fce38fb12dcd38ecc1650133ffde8588ea9de5,323,1,1,0.15346659719944,0.837935745716095,0.0085977241396904
B-L1,3,42,dd16b30b04ffe107ef12c7c07478ee8a6f1cb06de15b60261e80e1c3592fa365,324,1,1,0.15346659719944,0.837935745716095,0.0085977241396904
B-L1,3,42,4998ff2bd307bda1d85ee16567c661c9862e55779e725e724189456e0c51af70,325,1,1,0.05645928904414177,0.9235268831253052,0.02001378685235977
B-L1,3,42,39eaa33a8d48061b0348f9e4a83e301a0a7459e5eb653e83810f30644bbc17f7,327,2,2,0.00019289707415737212,0.06829249113798141,0.9315146207809448
B-L1,3,42,5caa9ac380bb06f4d084ea82b0b0e36346f917605e5ce0b8bbbdf5ced25c6cd0,329,1,1,0.022821541875600815,0.9177424907684326,0.05943594500422478
B-L1,3,42,fb6e8a79c7509d2ea0d634b54f8c3c61a61c856f58b1e43907d91134de9c8f10,331,1,1,0.022821541875600815,0.9177424907684326,0.05943594500422478
B-L1,3,42,a46a03d1ee4daec20e9a849ba628defbbc5ebb1042f9cc44f825a9072c526ebd,337,2,2,0.00017809137352742255,0.06488893926143646,0.9349328875541687
B-L1,3,42,4612e860034a77d8b2a28c5a307edd4c230ea2cc203c599c4d524164ca1c201c,340,2,2,0.0026287902146577835,0.4156617224216461,0.5817095041275024
B-L1,3,42,562297c9b2262e5b9178439eac76300b6d0baa5c81dc6ab9a3e04f13b44d1edd,347,0,0,0.7642822861671448,0.23480014503002167,0.0009175257291644812
B-L1,3,42,2aa6a5792ef7467f71fc55b9fcc6f5c9d6ba25f470083dd8e9a787e579bfd401,358,2,1,0.022821541875600815,0.9177424907684326,0.05943594500422478
B-L1,3,42,2b1079c154b15202bdeb4e37d3bb3fda5cde0b6dc62e5246d0face06819abf5a,371,1,1,0.15346659719944,0.837935745716095,0.0085977241396904
B-L1,3,42,4b1c806a421b02743346fc062782ec9b603b1cfc919177966cf33f0baffd2193,374,2,2,0.00017809137352742255,0.06488893926143646,0.9349328875541687
B-L1,3,42,ed9c1db619a6e03138850df9100b0c87a96915bff8f177717879e0b0d0763e16,377,1,1,0.008081049658358097,0.7424390912055969,0.24947986006736755
B-L1,3,42,421629aaa541cfa65f08170d2ded95bfcfb72deb6371ca7bd8cff9686b07ca24,381,2,2,0.0011490234173834324,0.23902440071105957,0.7598265409469604
B-L1,3,42,28b053e3389d9080286d65e0a159dfd0e84b54ab6f9d29efe76029c4e441d313,394,2,2,0.0031777084805071354,0.46494030952453613,0.5318819284439087
B-L1,3,42,93b21413c755833e1950d07af850214cfb9b5519b7b21162d63f4c9ee904ca1e,399,2,2,0.002175570698454976,0.37005752325057983,0.6277669072151184
B-L1,3,42,76d06487c4ffc806c0124b367816f652dd15cd43c60141189fb67369207e51fd,402,1,1,0.0486159548163414,0.9280553460121155,0.023328747600317
B-L1,3,42,284ec319e69a06d51dc7138b1cd703bdec233bd9862e76e788a66d58b5c93074,403,2,1,0.015145267359912395,0.8773098587989807,0.10754486918449402
B-L1,3,42,f31671785b3e105c3461c6f468a73e51b08fb09a2755ffa8ebfec2ee89fdccbc,405,1,1,0.13125509023666382,0.8590197563171387,0.009725125506520271
B-L1,3,42,5fad3e448c5e1d74ad40706ea43e831ca8eb7c7de5f8b18a8d11e3658f13675e,411,2,1,0.015145267359912395,0.8773098587989807,0.10754486918449402
B-L1,3,42,abcb65e9f203ebce43dfcc290e3881ec3fadd75e0780873abb34e688cf2bde55,415,1,1,0.329000860452652,0.666529655456543,0.004469406791031361
B-L1,3,42,ecc8758acbe3ff3c1237190f0844b57b0865bb46d0c940c7ca341391b4a24f77,417,2,2,0.0018047415651381016,0.3287532329559326,0.6694419980049133
B-L1,3,42,83a9b71397707247df9fd3717796837f3765429b50236d6099664af84b527b36,418,1,1,0.008081049658358097,0.7424390912055969,0.24947986006736755
B-L1,3,42,f69228ae618f2a54598815acf45338b6ad192e9eb36eb4949775495b54e4ef8b,422,1,1,0.0956779345870018,0.8917105197906494,0.012611529789865017
B-L1,3,42,b792c09ee937fae339c13197e2ca35611ec60e9b4d2f0dd62906e390c58a29f0,424,1,1,0.022821541875600815,0.9177424907684326,0.05943594500422478
B-L1,3,42,db9e4ad5925b27ec0584e301c098615d0e7d750f33a62c852097ee5091d20bdb,425,1,1,0.15346659719944,0.837935745716095,0.0085977241396904
B-L1,3,42,a3ac2db16dcc74dd63903b195b7d1a3a53338887f18e8639c30c65d8eae7bc86,430,1,1,0.13125509023666382,0.8590197563171387,0.009725125506520271
B-L1,3,42,4197c747bb633c56f7d24ec066c22ea16f41b22682b607527cfd6f1a7a2562c8,432,0,0,0.8400829434394836,0.15935330092906952,0.0005637290887534618
B-L1,3,42,3ff83fc265305905760c500d9fe41689de9a1de06044ba371e5d92bef6310802,444,1,1,0.329000860452652,0.666529655456543,0.004469406791031361
B-L1,3,42,1a61ef72c42eed5e7901aa43b40e133c4e51f87ced017db6e1d465d17ca3ec78,454,0,1,0.4087650775909424,0.587730884552002,0.0035039831418544054
B-L1,3,42,3d49951b870f3bcf189be0c2ef0d5405a6c21987112ed1b195ea3ed4ddfb46d6,456,2,1,0.008081049658358097,0.7424390912055969,0.24947986006736755
B-L1,3,42,3d19f74837a5c6f5e6ce0189453e4c6b522f560699d85fed9af18054565b4fad,457,1,1,0.13125509023666382,0.8590197563171387,0.009725125506520271
B-L1,3,42,8d0f029901600d9418a07f1fd8a7b00c1d0b43e684bd28f66e21c5cf7dcd6021,463,1,1,0.005521106533706188,0.6226315498352051,0.37184736132621765
B-L1,3,42,55d65dd88579a7b1789b4e356b381badd401b3808258dce2c7f346a5dd179c07,464,1,1,0.05645928904414177,0.9235268831253052,0.02001378685235977
B-L1,3,42,9b5390ef3260489b3c3887f9fe6f349f50d003bb156f7742f95c91a2857f2dae,475,1,1,0.019908562302589417,0.9079152941703796,0.07217609137296677
B-L1,3,42,4e8d3b7274c27d5592e32b4eb3028607e6458d3fa96ea1c253fae1519ce42ebb,484,0,0,0.7642822861671448,0.23480014503002167,0.0009175257291644812
B-L1,3,42,39f5260d468bf91cca4bc94b0f64140f65b1569a4eacdacee827afe47a7a43af,486,1,1,0.329000860452652,0.666529655456543,0.004469406791031361
B-L1,3,42,ad3bbd4bc195aca26dbe34255846b204647007f9008cd1604caf31a6030ec266,493,1,1,0.36867013573646545,0.6273755431175232,0.003954397514462471
B-L1,3,42,9662010e2490990d85dd702691d3e752f5a17e905f96d98be43c275a1e08a893,501,1,1,0.004612921271473169,0.5699675679206848,0.42541953921318054
B-L1,3,42,f9871cd35fbbef3dcc9a11edf31cde93a1421f2f6768ec1eda59f1fd8a7eda5b,503,1,2,0.0031777084805071354,0.46494030952453613,0.5318819284439087
B-L1,3,42,09483a45ca26429c517c73946e7c0e42d0b268c8e54f9f87e8d06f6ddbddf0e6,512,0,0,0.7642822861671448,0.23480014503002167,0.0009175257291644812
B-L1,3,42,e3b43d0c2f88cf262221ae16e2204cd0eab17feeda587be40cda3a8f76eae2f7,513,0,0,0.6679118275642395,0.3306329846382141,0.0014551441418007016
B-L1,3,42,293fd70db77ae8dac4ff7015aa8471bbee8dc11c94d69214be1164a3a65ded47,515,1,1,0.4087650775909424,0.587730884552002,0.0035039831418544054
B-L1,3,42,1d8c825fa4140f5726cf96d2fbc410daf8dc1449a57aa3018d8d69710baf1acf,516,2,2,0.002175570698454976,0.37005752325057983,0.6277669072151184
B-L1,3,42,6be95b1a0e561d03e9ff9bb3bf48e85fc3bb4ae85b750949097b5270445e0b2f,521,1,0,0.5455314517021179,0.45219478011131287,0.002273769583553076
B-L1,3,42,302494caeb3ee0101f8f544443114bef1a41d67b3f2ce1366f69f9a3f31ce11c,530,0,0,0.7084401845932007,0.2903498411178589,0.0012100181775167584
B-L1,3,42,721efe630e75ad47ccaef650071f9859ae1b8779a8c95ecea3c05cada999c1f2,537,1,1,0.019908562302589417,0.9079152941703796,0.07217609137296677
B-L1,3,42,d1958961f2d45dc817103b882041c89ee03cfc904630b276a8df79cc1bb77be4,542,1,1,0.13125509023666382,0.8590197563171387,0.009725125506520271
B-L1,3,42,298396fbfdd8164ae18c277866976ca23849141cf1815c2bcec80e4ae07c61b7,548,1,1,0.06574931740760803,0.9169420599937439,0.017308562994003296
B-L1,3,42,fb94ee8ea1e782bef0347d3f68c7a3b2779dd41a95c0aa9dfffc9da76f70ba9f,549,2,2,0.00017809137352742255,0.06488893926143646,0.9349328875541687
B-L1,3,42,5b5485c49c314af261c3458801b8a573f2c1563a3c311c29143aab59d9d911ea,551,1,1,0.008081049658358097,0.7424390912055969,0.24947986006736755
B-L1,3,42,05567423ae09c5925d6146877dafb322bf8ffcd07a7f3933256d62e795f81820,553,1,1,0.05645928904414177,0.9235268831253052,0.02001378685235977
B-L1,3,42,def918c1724a318819400b627c2284b9d77b244b87ba2494717c910e5c9c38bc,556,1,1,0.329000860452652,0.666529655456543,0.004469406791031361
B-L1,3,42,81797337a73820dc32b1a903022de6137363f685e79ff3d28361b746ffaed4d1,558,1,1,0.4275590181350708,0.5691031813621521,0.003337858011946082
B-L1,3,42,42782168745dc8505000dbae693962b78560d30e77d5c939cf351a8b1435ee0b,566,0,1,0.44841524958610535,0.5484734773635864,0.0031113270670175552
B-L1,3,42,6fb20bf325c96c92f7685718fe8ac085abc4d9ae3655bac14eeb57923a7ace8b,569,0,0,0.8902298212051392,0.10941704362630844,0.0003531891852617264
B-L1,3,42,4d38119ab66a25344f4d5e9cac08e7a79647052d37639e78099d0d83f405388c,586,0,0,0.6124943494796753,0.38570791482925415,0.001797721954062581
B-L1,3,42,e8163c001a265fe053d03db65ff85765ce01cdbe0255fccc0cdc667d3e54d98b,589,1,0,0.7084401845932007,0.2903498411178589,0.0012100181775167584
B-L1,3,42,43460a59a097e1443e8fbc9958de350337bb25f8ffffc2fc154630bccfe4cab4,592,1,1,0.0486159548163414,0.9280553460121155,0.023328747600317
B-L1,3,42,5cbc809b12bbee7f9264f64fb42ed13d33f0a6e6a36184a8abaaf767c2a5e4d8,594,2,2,0.0001229529152624309,0.05000590160489082,0.9498711228370667
B-L1,3,42,638b177ebfd03aac5f3afd7b87a4197f8724aebf6fb9331b5739e0ecf63e509b,596,2,2,0.00017809137352742255,0.06488893926143646,0.9349328875541687
B-L1,3,42,88141e1c7c290dd5013d1430599c08e066cf9b67d49c79ba4eed15b5368f8865,597,0,0,0.6680879592895508,0.330388605594635,0.0015235162572935224
B-L1,3,42,95e8238ccef68ad4f8150229d207753b7ab128e23d88ab78b7641a93e0bf0b7f,598,1,1,0.13125509023666382,0.8590197563171387,0.009725125506520271
B-L1,3,42,822a295f2c49ded241a54272d201a97fb3dc1b2409068f0e353f918e741a9ae8,601,1,0,0.6124943494796753,0.38570791482925415,0.001797721954062581
B-L1,3,42,ac5e5e4d7d88c4fc6bed3d9c971328c75ec9aeedf9f5e57eeb490d0e05eb0235,604,1,1,0.329000860452652,0.666529655456543,0.004469406791031361
B-L1,3,42,e76d30071132859aee98d30842d0336ad4f55ec000ceee702f40c262f5d29fe4,605,0,0,0.8914941549301147,0.10813486576080322,0.00037099880864843726
B-L1,3,42,0c62dd9eba4e97411d8065ea4a297154674fd8225c2e5435c85f3e545314f202,607,1,1,0.05645928904414177,0.9235268831253052,0.02001378685235977
B-L1,3,42,3f51ef1cc86ab991c28a55516800a2b6b5ef37565f358b017c65fa7577187dfa,621,1,1,0.009430150501430035,0.7821792960166931,0.20839056372642517
B-L1,3,42,dd38559e4db1b62eb9ee7721afb2fa8ba6d0e620b0ca68c3466a2b552c86f887,622,0,0,0.5455314517021179,0.45219478011131287,0.002273769583553076
B-L1,3,42,791278aa8844499b0a60f95a26795155a5f9545a142a562dca7b40238639b234,626,0,0,0.7913746237754822,0.20783424377441406,0.0007911169086582959
B-L1,3,42,f348edbafe367b5ca9552438520be0642620dd2e2fa1312d7bf2b74940eb9780,644,1,1,0.13125509023666382,0.8590197563171387,0.009725125506520271
B-L1,4,42,366f43b68b77ee5d9d4d649052f097811eedbdf9b66e66e3d3a40f469b388044,2,1,1,0.017003748565912247,0.8465992212295532,0.13639704883098602
B-L1,4,42,8b3e47f5ebce0eb3eab15109aa814094f34c092ee88c49f965a0c31f02e89665,10,1,2,0.00265350635163486,0.4318941831588745,0.5654522776603699
B-L1,4,42,51bfbad6d53b93a899767c78e04aedd5268a69726ca0fa60eebb8995190d4982,12,1,1,0.017003748565912247,0.8465992212295532,0.13639704883098602
B-L1,4,42,3ebf8a2cebdec533bb2f688970be04e9d39292494e756baaecc985483868e197,16,1,1,0.007726496085524559,0.6966770887374878,0.2955963611602783
B-L1,4,42,df5f1e6242f05e2e7995e736400586f8d34bd840e6cc2238daba43556f312bf7,17,1,1,0.006364697590470314,0.6504392027854919,0.34319618344306946
B-L1,4,42,716a01bc74c08fe1ad70772ed77afa2bc34025fce7092dab0813200de8da2e99,20,1,1,0.017003748565912247,0.8465992212295532,0.13639704883098602
B-L1,4,42,7df5d7c65a174992687578a093dd207e1ca89156b6eb9caf2dc28c6a498c4c69,21,1,1,0.04374571517109871,0.907794177532196,0.04846009984612465
B-L1,4,42,e61c91569c6de30c3d7a1a050539ef58a6e6b2819fedd91cf751aa0b3b5dc43c,23,1,1,0.13662700355052948,0.8476773500442505,0.01569562405347824
B-L1,4,42,1d7362cb11b923770fcf1b9a9f01b7fa4ac11819920853a5a2909ecc1bcf6867,24,1,1,0.11466322839260101,0.8667744994163513,0.018562285229563713
B-L1,4,42,f791c4eed66654e399b28a4c327d7b32842e48bc7cb42c5ddf0334cb435a54fe,26,1,1,0.04374571517109871,0.907794177532196,0.04846009984612465
B-L1,4,42,6623d48d7b4f14736e86dddd3ea44cbf28743d1a0fa21fd0bc2badc498627870,30,1,1,0.11466322839260101,0.8667744994163513,0.018562285229563713
B-L1,4,42,adeb2a11168a375acac8a5ba7b0b12f61ea068f42dc92905098e6e9cc109f6bd,31,2,2,0.0009237964986823499,0.23334753513336182,0.7657286524772644
B-L1,4,42,754d80adc397c4fc9bec4ce162ed868fbaba4b8aa3ab35766de0fb6def2f0ceb,34,1,1,0.020328715443611145,0.8672890663146973,0.1123821958899498
B-L1,4,42,84eb0f805fcb924ea581aaeed6c1024f9b78a793c930404ba039a4ceae8ccc01,37,1,1,0.007726496085524559,0.6966770887374878,0.2955963611602783
B-L1,4,42,5a01e160eddd0bfbc539ba4edb21a863e238a235071b2454983b79461d8e4206,58,1,2,0.003260647878050804,0.4794290363788605,0.517310380935669
B-L1,4,42,717139bec7d6697c010ef70919581b03d427ed7b732fe74877da3c2869a2549a,65,2,2,0.00044843670912086964,0.1469682902097702,0.8525832891464233
B-L1,4,42,ae7b53521c5f68c35a765aa5d26aa9bfb6604a6b2115fb3b85bc571e44290618,70,1,1,0.011273205280303955,0.7770789861679077,0.21164774894714355
B-L1,4,42,c95ca8f4fa098b2e8efa4e74297b6a837b1cad117a7c74f757cfb6e899300c9b,71,1,1,0.07524080574512482,0.8967457413673401,0.02801346406340599
B-L1,4,42,8e1cfba12ecae9c7fe55971bfee9792fcbabb9508905435e85fb5be079f00c2e,75,1,1,0.05241123214364052,0.9074363112449646,0.040152497589588165
B-L1,4,42,661a678ac0beaf6c8e05288f361e0ec2e0cbe5cd6eeac862ecacedbc032c4cd3,76,1,1,0.024289660155773163,0.8832513093948364,0.09245900064706802
B-L1,4,42,f6f85707110f73a6681ed41afcb48bbfe37fc724bb0552b9d4cf0fe7426ae0d2,78,1,1,0.3118695318698883,0.6815799474716187,0.006550515070557594
B-L1,4,42,a39c3e2842a98f8ce8ef89b6eecb15c7e97b2bba8dd4fce046e6f457f63b132f,83,1,1,0.009348535910248756,0.7391941547393799,0.2514573335647583
B-L1,4,42,f71c1967da2534ea41551a7d2611bd192dc4205226657d845b33cb958d52e12f,88,1,1,0.029017627239227295,0.8948664665222168,0.07611590623855591
B-L1,4,42,55134d6b9833e0dd6d9893c0d987db36b88926cc2663da7803c8d21064433f00,91,1,2,0.003260647878050804,0.4794290363788605,0.517310380935669
B-L1,4,42,7dbcdf95b6256c0f7b1dd6a3cc8fc9f0657b3eda2c88287ea432e7e932ba8d14,94,1,1,0.04374571517109871,0.907794177532196,0.04846009984612465
B-L1,4,42,4c96ee395ae6b58dd1fc56a4feecd55f450b02849ef0476aa8095841292de3e1,95,1,1,0.007726496085524559,0.6966770887374878,0.2955963611602783
B-L1,4,42,4f65f4ecb5dec7a9bcbad3145918aab9b07f8a407f8e8a2091429b181b95ce71,106,1,1,0.13662700355052948,0.8476773500442505,0.01569562405347824
B-L1,4,42,1cef8f807fdca35bb7855250f58e049e267f113b93c430f11985366f1fcfd9d7,114,1,1,0.1619468480348587,0.8247203230857849,0.013332790695130825
B-L1,4,42,0ea019d83f26df83e9b4d8ca38756d7365d28364686c182cd874a5234050812b,116,2,2,0.00044843670912086964,0.1469682902097702,0.8525832891464233
B-L1,4,42,3dbffa78da4c6ccc5516a203817127a6190976a61b2c1e8e3ea1b77c6cff7d9d,122,1,1,0.0040085348300635815,0.5291367173194885,0.46685469150543213
B-L1,4,42,7df3a248b5f8b93b45248cf254e97e9ba96a25254e52674e69515928d061a4e0,123,1,1,0.017003748565912247,0.8465992212295532,0.13639704883098602
B-L1,4,42,d2b095aa11fac2c0afb11ad09d16074d95b8ba0c47d799f8ede52e5b993a41dd,126,1,1,0.11466322839260101,0.8667744994163513,0.018562285229563713
B-L1,4,42,dcbc9639337cde5535cbfd1b0895c1483a0c8d68b64e3c51551b748cef00b663,131,0,1,0.1619468480348587,0.8247203230857849,0.013332790695130825
B-L1,4,42,15b4ffd20b8c1fc30ae15bc841142d7ad85f1a4f9571265b80d081a59b742e1d,139,2,1,0.006364697590470314,0.6504392027854919,0.34319618344306946
B-L1,4,42,6c01e488a30c00d7ce599e5c6d7195f878613637774ce7b5cd4d9e7dab67078a,148,0,1,0.49141407012939453,0.5053121447563171,0.0032738293521106243
B-L1,4,42,cec560dc37f41cd4c0033a5023e3ad17cb7fab8ef72dc1a8150a7ed88228fdd9,150,0,1,0.3523451089859009,0.6420430541038513,0.005611829459667206
B-L1,4,42,b434bdb6cf6a016c8fcf4ddfda1903c394ac80dd9a22c7ed02b2593841c71f91,157,1,1,0.06280840933322906,0.9037486910820007,0.033442992717027664
B-L1,4,42,ba5855f8ae5d306be9297d600b9787f650a7bcdd0cb8c9be2e1066ffbedbd65e,167,1,1,0.007726496085524559,0.6966770887374878,0.2955963611602783
B-L1,4,42,8cfcf18683c3b7ba3ced162978e9086a8ed03ba8ea0326e9517b0fb14a46f944,168,0,0,0.6677150130271912,0.3307510316371918,0.0015339453238993883
B-L1,4,42,3a299c3c001be06083770361c18b9c8ad0448316f4c759f5eb6be75b20384d39,169,1,1,0.3523451089859009,0.6420430541038513,0.005611829459667206
B-L1,4,42,85f403ccf55735ef4bcbb2f529613e60c1023c2ec151eba3a05f40c076ed746f,171,1,1,0.029017627239227295,0.8948664665222168,0.07611590623855591
B-L1,4,42,6df07523c6bcce6099d7d663ad6a57b32e7357259ad66091764a914e4062a886,173,1,1,0.3523451089859009,0.6420430541038513,0.005611829459667206
B-L1,4,42,4d9c66f835e53c59a5b442cc32a3068c038a14b4b5816a08082ca8e454ac6666,177,0,1,0.3523451089859009,0.6420430541038513,0.005611829459667206
B-L1,4,42,ea343acee5823e9928048bcd114ab1bf1f6a80fe0d6f43707827d9efaf48f9c4,182,1,1,0.020328715443611145,0.8672890663146973,0.1123821958899498
B-L1,4,42,1f45e1f29d5af173d4f68cb977fa645b945e3015dcbee511344c2d6f2417112b,184,1,1,0.3118695318698883,0.6815799474716187,0.006550515070557594
B-L1,4,42,2085cb7bb188011662c46b252b9f3e65cd2c79085775a23fcecb742fefa155a4,190,1,1,0.009348535910248756,0.7391941547393799,0.2514573335647583
B-L1,4,42,dda56c3d07f633d971d329a63b1fdd7558cfca3fb0e027085f9e37f767b3fb45,199,1,1,0.036535874009132385,0.9047191143035889,0.05874500051140785
B-L1,4,42,edb22055eb500691bda99be2c9e755b933fda43abbb5ac8d461c3b99c85b847e,200,1,1,0.1619468480348587,0.8247203230857849,0.013332790695130825
B-L1,4,42,c590d4966929434b32180f09a7062520e5996d2f0fe22fac768d1ca0613d025e,220,1,1,0.05241123214364052,0.9074363112449646,0.040152497589588165
B-L1,4,42,a5daa6d5539669eb579a2eb52884c6f73f940319383b144b4c4638f49c0549d8,233,1,1,0.020328715443611145,0.8672890663146973,0.1123821958899498
B-L1,4,42,98c1ed0f87d3d9f68a060c36de601cd9dd4c5c389aa3ef9b828e9c93c98f1a50,242,1,1,0.27284786105155945,0.7194806933403015,0.007671460043638945
B-L1,4,42,c302ee011150e5de42eafaa347a1b841d5d8807659f31696d8f82c5a4abc8105,245,1,1,0.017003748565912247,0.8465992212295532,0.13639704883098602
B-L1,4,42,7dd03f8de291c327ff1d0ed6f33b027547ee5dee91900d57ad3847ddbc771ca2,257,0,1,0.19066736102104187,0.7979596853256226,0.01137291919440031
B-L1,4,42,6bf3a7c4314c48c91d33eb94eb7bbcf708f6d2a7c6af47237735c2d12f683e35,260,1,1,0.024289660155773163,0.8832513093948364,0.09245900064706802
B-L1,4,42,bf0447db8e3d43257114531a92a520c82a6453bd3b7ae34aea8711ce45d014b0,264,1,1,0.07524080574512482,0.8967457413673401,0.02801346406340599
B-L1,4,42,747d3e66fb22e30550810dc98794ef466dae76dcbd60596dc19187a28a0495e2,279,0,0,0.6677150130271912,0.3307510316371918,0.0015339453238993883
B-L1,4,42,570a9095c62e1fa55a30bd460a6ecc380dc180927ebbc369eb3452bf401f5b43,294,1,1,0.05241123214364052,0.9074363112449646,0.040152497589588165
B-L1,4,42,06bff8560b0213942ba71145fac2e05499ca6db5f23f3a048b71ea1db4373276,297,1,1,0.27284786105155945,0.7194806933403015,0.007671460043638945
B-L1,4,42,8facf48402aa60c4e52666105b216119e1b68d607cd90e64c373961ddfa8a9bf,299,1,1,0.0958680808544159,0.8820702433586121,0.02206171490252018
B-L1,4,42,5756c809e3d8db3cdd21b5e8d36139858b8f09dbfdb84c88dd454914fd2447db,314,2,2,0.00034236215287819505,0.12433601915836334,0.875321626663208
B-L1,4,42,b44a3f41d310382fd60bf7f3a58d33ef67db0a23e704c0acd98fc529dad15ebc,321,2,1,0.005227616522461176,0.6017168164253235,0.39305558800697327
B-L1,4,42,5371b6cfff41d777216e0c9e04d0277262e4f4b282938a4ca51084387331c4ff,328,1,1,0.017003748565912247,0.8465992212295532,0.13639704883098602
B-L1,4,42,48049b601c2a81fda78b5d5252ae9ddaa08e0b7a64fbb1d35031fe640387123e,330,1,1,0.017003748565912247,0.8465992212295532,0.13639704883098602
B-L1,4,42,c48e0d5c7811d548c58be8c2e32213fe468160e54c1ed6ee3557e08eff54818c,338,2,2,0.00012229492131154984,0.06382448971271515,0.9360532760620117
B-L1,4,42,9880128f9a4f009cbace58c35f08be763d85a148d19dbb6ed1cedb3e6b9cae7f,341,1,2,0.003260647878050804,0.4794290363788605,0.517310380935669
B-L1,4,42,815d426caf6647658ab5ad600a6d9a4844a450a2fe631540bcc73263b16a4409,342,1,1,0.006364697590470314,0.6504392027854919,0.34319618344306946
B-L1,4,42,e9f98ce85a29627dad55d76982d434e4bdb6f159fafb9c3c1b5771e0e95bff25,345,2,2,0.002164152218028903,0.38752883672714233,0.6103070378303528
B-L1,4,42,13db9493e5d931ec94f3d05fb0df869516c061cdb89058e2bdb16c5859508cbf,350,1,1,0.27284786105155945,0.7194806933403015,0.007671460043638945
B-L1,4,42,bac5a079bec62bc26a6dc783910825de9e2871a6d90c260b7f137ba75a6b17fb,356,2,2,0.0007753460668027401,0.20987780392169952,0.7893468141555786
B-L1,4,42,94c0b44f9a2d481c5d2237dd73738cc92b9ee67076b318f634fc32aa4032a0b4,359,2,2,0.0009237964986823499,0.23334753513336182,0.7657286524772644
B-L1,4,42,416afeb98b33f5e4f2a8e68a875e28fd4105a31165d6851ea3c83a3ccaa2515c,361,1,1,0.06280840933322906,0.9037486910820007,0.033442992717027664
B-L1,4,42,7cd43d94523c810f9ed5537e7015539cc8c9859bcedd689aec68db38a22003a3,364,2,2,0.002164152218028903,0.38752883672714233,0.6103070378303528
B-L1,4,42,5a4c58dd7c63f01c85c75de330f08bf3279e1a3ffd1a3b3351ddc32a2bc68f49,369,1,1,0.13662700355052948,0.8476773500442505,0.01569562405347824
B-L1,4,42,a26bf4e51a6f635e952f279fa007eebd60b1a0aa43278a348f6ce7430b2f6168,373,1,1,0.05241123214364052,0.9074363112449646,0.040152497589588165
B-L1,4,42,397cbeb6f38ebcdc8d0dd0bc306d8baa31702dc5ab41fd7ce317e3961c9e3b32,378,2,2,0.00018835610535461456,0.08432618528604507,0.9154854416847229
B-L1,4,42,be0ebb7565c48c88742be3d147378e0339658b36ddc168b506068b1c90f4c79a,380,1,1,0.009348535910248756,0.7391941547393799,0.2514573335647583
B-L1,4,42,122e7e9e553c3480710d48da1b809bc3a0f00c8f31d7959bfbb0bb4217186e2f,383,1,1,0.05241123214364052,0.9074363112449646,0.040152497589588165
B-L1,4,42,a31c0ced032973a0e5414d71c603cafbff10cff8e3e8d4e4a720af17012d472c,387,2,2,0.0011105956509709358,0.26042866706848145,0.7384607195854187
B-L1,4,42,31be86aecc38b94fea6900d3b08f0dbc20cdc907d7b94ba8ffefbc3e636be934,396,2,2,0.0003899992734659463,0.13480541110038757,0.8648045659065247
B-L1,4,42,7cf9fc722144d5c5e38c3fea10921acf4cb1fa34cc1bd7692b29595386d51a2e,400,2,2,0.0011105956509709358,0.26042866706848145,0.7384607195854187
B-L1,4,42,05ccbda5c8030aa70186394e3bd73c3d761e81154d70b009f09ac260843bbcb7,404,2,1,0.009864741936326027,0.7539945244789124,0.23614069819450378
B-L1,4,42,b0eb4c514496bbccfadc92bbc9d502a308cf264f615a7270f4508adfa95341f5,410,2,1,0.0035081065725535154,0.5025763511657715,0.49391549825668335
B-L1,4,42,b50eec873e5ad85197e459d43c6a8a7c64c7be7730e766647b9b32f8958cd6e7,426,1,1,0.13662700355052948,0.8476773500442505,0.01569562405347824
B-L1,4,42,cc1b2843c4a07d3b4fa4abf9fd5537a7a6d4df902398c1cbe928fe3bce259418,427,2,2,0.00034236215287819505,0.12433601915836334,0.875321626663208
B-L1,4,42,66e20104ca9e36937afb002e64108ee63a347a8b7749a55b588d30eb3e1409e4,431,1,1,0.13662700355052948,0.8476773500442505,0.01569562405347824
B-L1,4,42,2d77937efb442c0e808c407a59ec6405337a2a3460fb13f2f68d8434be09fe8e,435,1,1,0.13662700355052948,0.8476773500442505,0.01569562405347824
B-L1,4,42,d3dea6e23727f3861155568fe03f7508dad97315d987d7f509832e7bf6b4eecf,447,0,1,0.45128899812698364,0.5449030995368958,0.0038079184014350176
B-L1,4,42,36151d13bff095b0f9b3c390fa02f663a49fd45fe72702bad759cd82db3174c3,459,1,1,0.1619468480348587,0.8247203230857849,0.013332790695130825
B-L1,4,42,3b0abeb2580501c078d50f1862f005665c127524372015d5674ef8679685fabd,461,1,1,0.009348535910248756,0.7391941547393799,0.2514573335647583
B-L1,4,42,3f3aa71345eef153c551d8268b4cf413be9de4e5ebe03d0b0aef13d7178f6451,467,1,2,0.003260647878050804,0.4794290363788605,0.517310380935669
B-L1,4,42,e63fd967ad59bf73b27ba4efcf551436428f26a03ab3e1ca498f3e01f0550a1a,481,1,1,0.27284786105155945,0.7194806933403015,0.007671460043638945
B-L1,4,42,e8921714e78de17aa9004ed167d45bd0471420f26d1c05f61df1adaf22cf37fe,482,0,1,0.27284786105155945,0.7194806933403015,0.007671460043638945
B-L1,4,42,2a0de0babe99f6482353deccfb8c5a64a0d4e142134c21435a7d5cb4bb7a44f0,483,1,1,0.27284786105155945,0.7194806933403015,0.007671460043638945
B-L1,4,42,8da546665c37fd3768dd5df0c43d9e48a594114602af5888eca3732f0b8f2bdd,487,1,0,0.6409363150596619,0.3573278486728668,0.0017358014592900872
B-L1,4,42,6807374cf8dc72644182a43a9da4afcfba4ad80f80c056f982d40cb0cdd9609b,494,0,1,0.49141407012939453,0.5053121447563171,0.0032738293521106243
B-L1,4,42,e92297353a3a22b944725a165b52f80a1965ee09f6178dfc184860131871920c,495,1,2,0.003260647878050804,0.4794290363788605,0.517310380935669
B-L1,4,42,c997661e8f088ce61daed2d734e2baf038d0a5f5a2326a8545dcefa81f72bec0,497,1,1,0.11466322839260101,0.8667744994163513,0.018562285229563713
B-L1,4,42,d064c27e57ecbf5d0cace935aea0fc9d1053dd486ab0eaeec1c8b8e510cc7bd3,498,1,2,0.003260647878050804,0.4794290363788605,0.517310380935669
B-L1,4,42,058ccc5f0c17c416ef06df1ed5deaa48d112f42a14f667bcf9846fdb664ef366,518,0,0,0.6274040937423706,0.37068718671798706,0.001908671809360385
B-L1,4,42,ccd0b5095c5ca020ed29dcb4ed07bc78fb4f8bd1d01103c832c16f74415da411,523,0,0,0.8306816816329956,0.16876544058322906,0.0005528239416889846
B-L1,4,42,c67ea185339d2fb8c8312dc38cff21dc6b000f785be421eef88bbdcdf6c6b17a,532,0,1,0.39337146282196045,0.6018034219741821,0.004825219511985779
B-L1,4,42,1c68670c6ff38a49598f90f6157ce8bac895df1254da553b54bf687cfa750f91,533,2,2,0.002164152218028903,0.38752883672714233,0.6103070378303528
B-L1,4,42,33aa276ee8893c316e5b08f90d403be82db716c7a10ce7d0c6a91aa861061f55,539,1,1,0.27284786105155945,0.7194806933403015,0.007671460043638945
B-L1,4,42,e40a0fc10b44506213ca47e78c7d510fb7715425780e3f270f0a25a0b0fc9acd,541,1,1,0.07524080574512482,0.8967457413673401,0.02801346406340599
B-L1,4,42,60dac4fdcf327b961a62f11465381e422541c18c956cf5cf22c128d4b842b021,546,2,1,0.005227616522461176,0.6017168164253235,0.39305558800697327
B-L1,4,42,f0a4ff0b2550559804aa110b3356616d37f08aea297e713738efde6a82a9c905,554,1,1,0.11466322839260101,0.8667744994163513,0.018562285229563713
B-L1,4,42,dba044228ddb18bf24955ec6f54e2d9d259a453b9e3cc7ac001d1eb1b5c9b9ff,557,1,0,0.6409363150596619,0.3573278486728668,0.0017358014592900872
B-L1,4,42,dfb22216dca7b15a73c5d13592b3a4d456865e6b14a914fc23a7440d2c793feb,561,1,1,0.1619468480348587,0.8247203230857849,0.013332790695130825
B-L1,4,42,8083fab72781bef33f4c3f68371defad870524369b374017badac30ed6b5920b,572,0,0,0.8378770351409912,0.16159814596176147,0.0005247925291769207
B-L1,4,42,1aaef0af18b1a224fa7924b8a1453fb8b5547a6dea9cbd572550da4fdf495da9,574,1,1,0.40973836183547974,0.5858098268508911,0.004451750312000513
B-L1,4,42,05ccbabae43833184ec6c444793c4e8cacbda9996a75f0cd529a00fb88642dda,580,1,1,0.49141407012939453,0.5053121447563171,0.0032738293521106243
B-L1,4,42,77746b53c327b916c5ec4cc31ec639b45db4160f2d1135410449c6eaa0246f2e,582,0,0,0.7576603293418884,0.24141258001327515,0.0009270983864553273
B-L1,4,42,344202bfae426b40571c614ea63322e5df0a08a9e6479a8ee7d45ead1a7607bf,585,0,0,0.5649511814117432,0.4325844347476959,0.00246439129114151
B-L1,4,42,f2467f3e3e1aa7ea454678b2f6366dcc05717a73be181ad40e267ca3f4a20eaf,588,0,1,0.45128899812698364,0.5449030995368958,0.0038079184014350176
B-L1,4,42,28acd3c3d384d8b12fc6beb8a099937473fcf151408bd2085df22511ad2be313,600,1,1,0.017003748565912247,0.8465992212295532,0.13639704883098602
B-L1,4,42,4a8567b621350cc729465a20bc85964673deb69044ecf71e3b59a4220f804585,602,1,1,0.04374571517109871,0.907794177532196,0.04846009984612465
B-L1,4,42,01da3e159b6ce80ac8e0f280d001e0b1feae934b7f87e69e52a68f6f40f1631b,611,2,2,0.00265350635163486,0.4318941831588745,0.5654522776603699
B-L1,4,42,2d1b2dad312d67abe149344cc5753c2181558ff169882e194058c0eea17a64f6,613,1,1,0.13662700355052948,0.8476773500442505,0.01569562405347824
B-L1,4,42,457bc623d54c8df675fda66a9a5a159bb6259cf81fdd5a312ea24da7116effd3,615,2,2,0.0011105956509709358,0.26042866706848145,0.7384607195854187
B-L1,4,42,fb2e62e9e165d1b9fc47a6787af9d64df4a4b63f931a035289966a672894fdfe,616,1,2,0.003260647878050804,0.4794290363788605,0.517310380935669
B-L1,4,42,72d66c7979e51d234b4f5c7cb46e06e165d847b6d88d705eae864ec291dd7fd2,617,2,2,0.0001041794239426963,0.056995291262865067,0.942900538444519
B-L1,4,42,5bfc17c84629c446ef515aaeaab83b0c8b4ad7591746f50c3f337e0eef4bd5ce,623,2,2,0.0007753460668027401,0.20987780392169952,0.7893468141555786
B-L1,4,42,a288de67ba6e534c619fb61e1a8643504542cbb8d7cfc5f5b4a96fa78e5ef948,624,0,0,0.5294550061225891,0.4677138030529022,0.002831139834597707
B-L1,4,42,9dfe951a72432d669852444c668c15b73a677afe22aab4dd3febadf96aea1bbc,628,1,1,0.11466322839260101,0.8667744994163513,0.018562285229563713
B-L1,4,42,9601c9dd198c4a6dc5124d4d420e2ff339734b9a9e1079da056b3412d663b347,636,2,2,0.00018835610535461456,0.08432618528604507,0.9154854416847229
B-L1,4,42,c69567d2d69504dcc3e49e555057fd7d89a52635db8622cab985007a194e53ea,640,0,0,0.691660463809967,0.3069723844528198,0.001367180491797626
B-L1,4,42,f2d3074dfbaef344aa4981cbffee6d788ff0def980a874cc42e1dd4df85a9726,645,2,2,0.0009237964986823499,0.23334753513336182,0.7657286524772644
B-L1,4,42,360878e8a6171b73196b1189a0e33d9b6733e9ad741d46f90bee01573fbef0dc,646,0,1,0.04374571517109871,0.907794177532196,0.04846009984612465
B-L1,4,42,674130e6bbe693f70e17ce995304b93967bd09052c13f383b45753334d551bc7,647,1,1,0.13662700355052948,0.8476773500442505,0.01569562405347824
B-H1,0,42,f827075494ff9d262d45598bb3a1701eb955b99abca1ab6af3b2e2331aff4808,3,1,1,0.00205372110940516,0.5358606576919556,0.4620855748653412
B-H1,0,42,5fafc4bdf7193aef5fb9fb71d655df200121838704e28ac2fa6588954ee3e27a,5,1,1,0.01131129264831543,0.9598639607429504,0.028824767097830772
B-H1,0,42,9a87b2493917ab4a2e2a0087e5caf12c4b02676cfdfef54992ed8ca5ca77f88f,6,1,1,0.0076084863394498825,0.9288904666900635,0.06350100785493851
B-H1,0,42,d9baf8f9d90857c2e8aa4260b7eaf6c386460681228c2bee02a6b55597a43b69,7,1,1,0.017914757132530212,0.9662882089614868,0.015796983614563942
B-H1,0,42,6b0a215f6bd63db235793c4ada62b4853f51f8a279def3710a3687fc319d4da4,8,2,2,0.0003405340830795467,0.12865424156188965,0.8710052371025085
B-H1,0,42,a6252e1f0313cc82adc4651b4f4ced232435f7dff2e029302acc772e52fa2efc,11,1,1,0.028009280562400818,0.9619210958480835,0.010069599375128746
B-H1,0,42,5cba6871fec089b5dc9bcf045ba6e02ea473d055005f13d552c94fdac6686fe5,19,1,1,0.01131129264831543,0.9598639607429504,0.028824767097830772
B-H1,0,42,0fdca47962352eadea2e4637769c1d9eb007bd0634379ff90463a8a2c57c1789,22,1,1,0.007855621166527271,0.9390979409217834,0.05304649844765663
B-H1,0,42,7daa9011bd495f51a4514b37670bcdea719bbc30097f1653406dba4a8e98c046,32,2,1,0.003698698477819562,0.7598550319671631,0.2364462912082672
B-H1,0,42,eeed46e477e7a7086b3dd17a4ffa4e4e996e9f005a71a8b1bbaf81c10d4d046e,35,1,1,0.030066728591918945,0.9599384069442749,0.009994891472160816
B-H1,0,42,0f3b55ce37cdca89a1c78fcec7a77751d9794f7cb1235804469a7daf9e63de4f,42,2,2,0.0011969241313636303,0.35876592993736267,0.6400371789932251
B-H1,0,42,0400acddec5641be9ed3da2cb98d514d062d4b150affe3dc22c7d5c88070c742,43,1,1,0.19807720184326172,0.7984180450439453,0.0035047554410994053
B-H1,0,42,a20449c0fa9b781f95175c7906471527630e66fdd4d57f1ce262975af3ce8991,46,1,1,0.0076084863394498825,0.9288904666900635,0.06350100785493851
B-H1,0,42,c79001dea4273719bcd01dbbfb7dc9181dda44a45e219cf7245f67640b98740a,47,2,2,9.743054397404194e-05,0.04359486699104309,0.9563077092170715
B-H1,0,42,3b51ad679e8b0ce6b2fafb421a74825a2de42f8e1aed05cbd3a81335a2923228,48,1,1,0.017385751008987427,0.9670026898384094,0.01561158150434494
B-H1,0,42,f5162c4d57e22476a2fd86a4b724fe8da727100a27f30d4fe72a9c346f5c001c,49,1,1,0.0076084863394498825,0.9288904666900635,0.06350100785493851
B-H1,0,42,bdb3e3243f4945237482dc791db610d13e33bde5b6d72369ed200729dddc360a,54,1,1,0.0076084863394498825,0.9288904666900635,0.06350100785493851
B-H1,0,42,fd5b4c1d3d861f5a2629640b96c79ba38eb9d1ff76552d929679d3dad440b73f,57,2,2,0.0005636928835883737,0.19685810804367065,0.8025781512260437
B-H1,0,42,adf16fc552a8d1b40b4ec42e52c444ad8d840e40483acd8054933050b6375e7f,62,1,1,0.005290280096232891,0.8718580007553101,0.12285162508487701
B-H1,0,42,461e4acae5091b1364fab0f058f3a5296ed75a394000f65a696e528c54bf6001,63,1,1,0.003321015741676092,0.7172536253929138,0.27942535281181335
B-H1,0,42,eb0ffac90c1fe5ccf1060219e349ca7d29540eb3e630465aa9b969a38900d539,66,1,1,0.017385751008987427,0.9670026898384094,0.01561158150434494
B-H1,0,42,e87f2023e1a92b852755b7851d3150e9d19886692316d048409e5eaceb11dd5c,67,1,1,0.27465492486953735,0.7223168015480042,0.003028264967724681
B-H1,0,42,77472ffabdf2ba610830e2dba876659a629d3dc9bf1c6a3fe5b3fd11e1a7b01b,73,1,1,0.005290280096232891,0.8718580007553101,0.12285162508487701
B-H1,0,42,12e99bde80179014843362cb5bcb78e39e741147045460921df42487eadf8cef,77,1,1,0.005290280096232891,0.8718580007553101,0.12285162508487701
B-H1,0,42,04775e820b5829ba9b9a17482a4af9625350a3a9c39213f678c4a17f3f1c7b72,84,1,1,0.0076084863394498825,0.9288904666900635,0.06350100785493851
B-H1,0,42,976ddafb2f8abe1ac4c19be98626949c2548ab5eaf452fae24dce90c4de7b8c9,92,1,1,0.007855621166527271,0.9390979409217834,0.05304649844765663
B-H1,0,42,5be7ba94e5d3acd4388614300b6ad48a44492e847b6d0e39fccd27e6cf9ae5f5,93,1,1,0.003698698477819562,0.7598550319671631,0.2364462912082672
B-H1,0,42,a1e98e417eed1e1a141a0b30b714a23f0dc568239616354e4a175bf8ea08a28c,98,1,1,0.007855621166527271,0.9390979409217834,0.05304649844765663
B-H1,0,42,9ba998c5d87d08fc3d40b1b83a650245d89a368abad6136f452df88cc96ddce1,102,1,1,0.007855621166527271,0.9390979409217834,0.05304649844765663
B-H1,0,42,a5d49a55806e6aac09daa9f48f214a4bb4d26dc6b501261c0ba01041d3d2f9d9,103,1,1,0.06357169151306152,0.9297150373458862,0.0067132096737623215
B-H1,0,42,3039b67e191cb12f942b21e621f38cb832b6a2d5e570cd00e2a2205f9831c0a6,105,1,1,0.11400308459997177,0.881289541721344,0.0047074235044419765
B-H1,0,42,4b7e7cbc654f5e60c12ab432b3144305090c199d58af8071af7e5a16619e6aca,107,1,1,0.003698698477819562,0.7598550319671631,0.2364462912082672
B-H1,0,42,30f9b13a03f303748526a158e8940797fe5e5c600fce68be3e50b0840a4368e9,118,1,1,0.018458828330039978,0.9644571542739868,0.01708405837416649
B-H1,0,42,c9610bea3409798e091290f260c60e5b4d3f0a84a43555989287b37d07ebf51b,119,1,1,0.003321015741676092,0.7172536253929138,0.27942535281181335
B-H1,0,42,ab8ce69a1319b228880d829dc5631ea34e5cb080bfbc178aa048514436b7ecee,124,1,1,0.018458828330039978,0.9644571542739868,0.01708405837416649
B-H1,0,42,93c4bf4a5b21f36e6b0aae5bb990899ccf48d342143ca0e115fbbcce24f1e0a6,130,1,1,0.05140727385878563,0.9417693614959717,0.006823413074016571
B-H1,0,42,4843201d2b160da0c05fc6013c664892482d15cae8e6986d6ad88ce3feaf72b8,132,1,1,0.06357169151306152,0.9297150373458862,0.0067132096737623215
B-H1,0,42,cf57f1500208fbbe850bfcb423c0a07e8d0a3e41dbe03e9530034f5adb63eb16,134,1,1,0.0076084863394498825,0.9288904666900635,0.06350100785493851
B-H1,0,42,d00d28ef2c4596a4d66713623e2b8bc3764ba2818602f1c62d3f21d371614dd7,137,1,1,0.011934328824281693,0.9530943036079407,0.0349714457988739
B-H1,0,42,f4a1fcac757fd73ac757509249c0ec925230f6e917bdf8e793757ea12e98b50d,145,1,1,0.4266137480735779,0.5713350176811218,0.0020512661430984735
B-H1,0,42,ae60908f4c85b03a0a49269075a0f3e13559c408c540b42632a059b5cfb0cd4d,146,1,1,0.11400308459997177,0.881289541721344,0.0047074235044419765
B-H1,0,42,810b57dafea30a2f75e872d5e62c29a08fc07a9ccaebf778bc32b9ed8700674c,154,1,1,0.05140727385878563,0.9417693614959717,0.006823413074016571
B-H1,0,42,0bf3a2d884e1555952ad611ad5ac00b76d97402156df050266c3cfc95f605dea,155,0,0,0.8278847932815552,0.17163345217704773,0.0004816872824449092
B-H1,0,42,ae88168be6110ac8992db8b155e6bd8dad4a050a4a4fabb91d628b18e0ff3fdc,163,0,1,0.15879374742507935,0.8367234468460083,0.004482700023800135
B-H1,0,42,9881e8df21340beb673d11fb2f0087e28ca86d90cac54001885ad77fa39fe58f,181,2,2,9.743054397404194e-05,0.04359486699104309,0.9563077092170715
B-H1,0,42,d8eea83646be1e9c916e665fa77c259449f8745ed6a29cd6f9b1a9dced475fd5,187,1,1,0.003321015741676092,0.7172536253929138,0.27942535281181335
B-H1,0,42,60763b4cebd2c23d4b6bb41fe41d2708e53e1479ca7374112530066b5e4893e5,191,1,1,0.15879374742507935,0.8367234468460083,0.004482700023800135
B-H1,0,42,6c6dd067b740da372386ce71f81ed5b8dc2e1e9f93625be9b4884d1d73f96114,196,2,2,8.959097613114864e-05,0.04070275276899338,0.9592077136039734
B-H1,0,42,86eb8973fc65f23f76646a24050506efc45364d1ed311733b312688b82d03540,198,2,2,0.0011969241313636303,0.35876592993736267,0.6400371789932251
B-H1,0,42,e3f90cf05c633dae16fb7f47884d7cd562ac2769d89e9243c8680a8ba22af681,204,1,1,0.01131129264831543,0.9598639607429504,0.028824767097830772
B-H1,0,42,9a0d7d130a794be7bc69983881925e866dbd081148ab7ab7a8b811b52c7a21f0,211,1,1,0.05140727385878563,0.9417693614959717,0.006823413074016571
B-H1,0,42,8332987b673c95bbee93c9f25e2f6e37e4235c9e6ae83604205ff69eb49247f9,214,2,1,0.00205372110940516,0.5358606576919556,0.4620855748653412
B-H1,0,42,7f598fa9cd8021402624f92fab82098fb58747ccd8a722c3d994f05b6ed0f217,218,1,1,0.005290280096232891,0.8718580007553101,0.12285162508487701
B-H1,0,42,f094aac8706b95f9bece4eeac1389e28ad75114d0e4206b7769ded1102994ff1,221,2,2,0.0011969241313636303,0.35876592993736267,0.6400371789932251
B-H1,0,42,6bcf085df851ffdd063de277d7f6de02756302343ed42266339f33b7f195ec0d,225,1,1,0.0076084863394498825,0.9288904666900635,0.06350100785493851
B-H1,0,42,2a5b3658c6bb089977c0132627aeddf27747b5ba1997b7f2041f3039d3025854,228,1,1,0.018458828330039978,0.9644571542739868,0.01708405837416649
B-H1,0,42,97c9512caadb3ffd0ad3c7ddd23407aa54871fc60933e4b9f12a69d1cef4214f,251,1,1,0.19807720184326172,0.7984180450439453,0.0035047554410994053
B-H1,0,42,5752cee9adf12bd089539e746e30b0d83f71e4f57e8da95e82619ac05b3d6b64,258,2,1,0.00205372110940516,0.5358606576919556,0.4620855748653412
B-H1,0,42,ad959d26f847d9c030d3b6d75856d30298eaee390b8e65835b5173c70de9d93a,262,0,1,0.4266137480735779,0.5713350176811218,0.0020512661430984735
B-H1,0,42,f1cc48536731731e0b343782efdde0db8be7fc46955c060a6588a598c61b83b5,266,1,2,0.0010119167855009437,0.3161802589893341,0.6828078031539917
B-H1,0,42,645409494cfbc0053881ee14531a52cfc643d5a8dd013317825912b73a52362e,267,2,2,0.0005636928835883737,0.19685810804367065,0.8025781512260437
B-H1,0,42,00dbf7ed1f04da4f573cdb1c40ee8aabbb629d7e284d1568bca51a8a5f396e7c,268,1,1,0.01131129264831543,0.9598639607429504,0.028824767097830772
B-H1,0,42,4837f2cb17208b9a4625ebde74b97e4dd96ffdb5234013a87be717acfa0a8b14,271,1,1,0.030066728591918945,0.9599384069442749,0.009994891472160816
B-H1,0,42,8475bd5769c68d5427ad348aa5b6061ee6bcd37f6f1837cda26be61984a04cac,280,1,1,0.27465492486953735,0.7223168015480042,0.003028264967724681
B-H1,0,42,d744f4e8e0e5a37040ced43f7d9f57213e888b56527ca3961db9750dd4b525fc,284,0,0,0.8475156426429749,0.15206797420978546,0.00041644033626653254
B-H1,0,42,63e7b0fd79c9670e63f19d0b85cc2c7efe0f1e527b44bbf33e9c798004594ffd,300,2,2,0.0005636928835883737,0.19685810804367065,0.8025781512260437
B-H1,0,42,6db86dac2c557996df538886e2ae001080ddecdab91e2e3a4edede389d70b7e7,310,1,0,0.5773643255233765,0.42126670479774475,0.001368948258459568
B-H1,0,42,e46fe007896b1086b24e7db53b21842ae5f26db41897be76661db0c09520f97c,311,1,1,0.017385751008987427,0.9670026898384094,0.01561158150434494
B-H1,0,42,da52e0801985e6d911242d1cc38a5a2ba9ea6d852304175e9cf5f6682c636afe,332,2,2,8.216598507715389e-05,0.03791753575205803,0.96200031042099
B-H1,0,42,980a5bcc08361f8d083c12141878dbd24b7a236c18e8184387239050f164a315,351,2,2,0.0011969241313636303,0.35876592993736267,0.6400371789932251
B-H1,0,42,0b6002ac98745ed77d24c58dee4c8892e1dca4c93626ce4675b9306294bb2d7d,354,2,1,0.01131129264831543,0.9598639607429504,0.028824767097830772
B-H1,0,42,17e8cff30d43b9932efa5ee5fc8ea3d9998f87aa816268d719e22c0b513067e3,357,2,2,0.0011969241313636303,0.35876592993736267,0.6400371789932251
B-H1,0,42,328eaadc5fcca2d1c22ba92802c7d13404e083fcc75e8e27c502cd13af3d0548,362,1,1,0.018458828330039978,0.9644571542739868,0.01708405837416649
B-H1,0,42,fe92f0e44d936f618c5a52cbcbbb889fd256a412566488b144015b8482d7b1a1,365,2,2,0.0010119167855009437,0.3161802589893341,0.6828078031539917
B-H1,0,42,074bdafc94897952ec047e29c94c168d74b04273139ccf2ce1e6f1873ca0ed4a,382,1,1,0.017385751008987427,0.9670026898384094,0.01561158150434494
B-H1,0,42,0fdfadc8e93127b69c5cc192dde2e8ac8ed04c3d1fdbe79dfe2b87b82585bd01,384,1,1,0.06357169151306152,0.9297150373458862,0.0067132096737623215
B-H1,0,42,9c1589756f65e471021f9e5736a89d5cabb0481ef20ec88a5286fac861609674,386,2,2,0.0005636928835883737,0.19685810804367065,0.8025781512260437
B-H1,0,42,88d41603b7bc18447226de0bd092d97caaafff7d44a58de731f2bfd695e6c89e,391,1,1,0.01166397612541914,0.9619097113609314,0.02642631158232689
B-H1,0,42,573e5d0c416baabe556bbe6df0da1d23f9d757c682f06acc75cbdeeefa53f1dd,395,1,1,0.01131129264831543,0.9598639607429504,0.028824767097830772
B-H1,0,42,ca1af162eff48d01248d7b34c3dc4be9123bb4917682c15fcb42f45ba92ce681,397,1,1,0.028009280562400818,0.9619210958480835,0.010069599375128746
B-H1,0,42,11f18902f6529ccd006f3eb1926c47f115d9549b2c2f079495389befb1eae919,408,1,1,0.08891022950410843,0.9059340953826904,0.005155694670975208
B-H1,0,42,d6a67091791dd72522a6bef06dfea8b0c675a1445234f9512644939352bab471,421,1,1,0.314091295003891,0.6832745671272278,0.0026341662742197514
B-H1,0,42,fb53eea3d4cdbfd82c3a411ba354fb72529c745789e35c027a285e3f70071b48,428,0,0,0.8864042162895203,0.11329532414674759,0.0003003776946570724
B-H1,0,42,05b9b2450da4983d21d00900b28b53e5a1f95f950395ddc3ddc45cb106b759b9,429,1,1,0.05140727385878563,0.9417693614959717,0.006823413074016571
B-H1,0,42,f0a97bfafce659abcc15ad3b27366b99f919dc16a513c0931d27b70b5eb2bd13,439,2,2,0.0007048564730212092,0.23396937549114227,0.7653257846832275
B-H1,0,42,12f87a813a0f8b8b6295bf7bd67e6b14cf37aea45636ed5ee00d03e5b5987ffb,441,0,0,0.5773643255233765,0.42126670479774475,0.001368948258459568
B-H1,0,42,1a95813d193cd4442bc0b1f87b4bce15afbe7cd42d6c4c82b8f5c88c23abdbf2,445,0,0,0.6967913508415222,0.30228936672210693,0.0009192914003506303
B-H1,0,42,95a4c4f399ab39050cd2c68303c1b4a717e2b85e43356b382b44a3423cac3ed0,449,1,1,0.01166397612541914,0.9619097113609314,0.02642631158232689
B-H1,0,42,5c0c7a72328563a4b2a7d65fab7f740984af9984186caff86b9cca5da6bfe86c,451,1,1,0.05140727385878563,0.9417693614959717,0.006823413074016571
B-H1,0,42,5f11fef5bae9d1258380639662fb95008d4620c9b9b24aad7083e32efacfbdfc,452,1,1,0.19807720184326172,0.7984180450439453,0.0035047554410994053
B-H1,0,42,225629385e18a6854edb9ae5dee2b6c35e44af3143cc0f0fab0867deec5c52bd,460,1,1,0.06357169151306152,0.9297150373458862,0.0067132096737623215
B-H1,0,42,65fc55908795c03596628c3be27eff5761f85e2f1b4291d6717c471653ee17a8,465,0,0,0.6810804009437561,0.31793299317359924,0.0009865604806691408
B-H1,0,42,e0d210eed199a9e6092e65b724d0b6abf80444548010500e25c9fbfa593246e6,469,1,1,0.0076084863394498825,0.9288904666900635,0.06350100785493851
B-H1,0,42,3228a5c1892f93600a970b9e099b3053b891a018a2b4fcdbe092d118a96a8fb3,472,2,1,0.00205372110940516,0.5358606576919556,0.4620855748653412
B-H1,0,42,55149a64f268a012247a00f9c7f3a36b557a25430fed6016ab547ff1c38e61b2,473,1,0,0.5338683128356934,0.4645058512687683,0.001625804346986115
B-H1,0,42,8e4ea3523595a6acd552728b47f2a13b458234f347559c26cb13139a095da1b4,474,1,1,0.05140727385878563,0.9417693614959717,0.006823413074016571
B-H1,0,42,1971d2b4a4cb293ac396176c6d1190289df940842c256fea5bf08fd520cbb4f9,477,1,1,0.036483488976955414,0.9526974558830261,0.010819103568792343
B-H1,0,42,50c59de7b7fadd459118ad53531a05379edf5c0bbf8786fc3b4b96a2d52bd55a,478,0,0,0.9113867878913879,0.08838776499032974,0.00022543185332324356
B-H1,0,42,8fd0fe4e154f5d8d0e6fd22a060280c5fc7e2f73594c63d13a67e97a3b835a6b,480,1,1,0.4266137480735779,0.5713350176811218,0.0020512661430984735
B-H1,0,42,ee64c4c983197496a5a20dfb847c9b4515dbdade50852024c565d1a74b63cc24,500,0,0,0.9298070669174194,0.07001851499080658,0.00017438421491533518
B-H1,0,42,555340884fdb40170947c98290702c40554069d24cf22f20a9785c5218582ca2,506,1,1,0.15879374742507935,0.8367234468460083,0.004482700023800135
B-H1,0,42,6249033ebb4873778de8d435f8863876ed0ccf3c336662af8118b4596dbc2285,520,0,0,0.8864042162895203,0.11329532414674759,0.0003003776946570724
B-H1,0,42,866639f3b9f95c14339f44ed24824b71cda6a70d63a86fe0edf0685a8baf5c75,524,0,0,0.6967913508415222,0.30228936672210693,0.0009192914003506303
B-H1,0,42,7788b10861e73289e28b8fbecdb74643ae51fd2135b9ae4865d7ae2a22141973,525,2,2,0.0010119167855009437,0.3161802589893341,0.6828078031539917
B-H1,0,42,a9da9db2467c1a5fe7257adb1987e930ea751470576c10c82f4397f3dd37b63f,527,1,1,0.27465492486953735,0.7223168015480042,0.003028264967724681
B-H1,0,42,85a02e1802e7b312ed957ee39e2bbfe0b4632dd2d25d3a8ce177b48d26ba1fc2,529,1,1,0.030066728591918945,0.9599384069442749,0.009994891472160816
B-H1,0,42,d26328550683e27aa4c4fe5be7e2d668c08dadae337ff364dbeb060fd5a931bd,531,1,1,0.11400308459997177,0.881289541721344,0.0047074235044419765
B-H1,0,42,4f4759b87edf8e38b6b6c5dd3a52b7fd18a9f97b78b0b8933276755f4ad88080,534,1,1,0.017385751008987427,0.9670026898384094,0.01561158150434494
B-H1,0,42,aeabe5f00bb9cc0af7000e3fafc88866155e65ab4d5da58274d0dee130a02388,536,1,1,0.003698698477819562,0.7598550319671631,0.2364462912082672
B-H1,0,42,2de6307edc2b60e3648d6c261996c60ddb15ccc9f4069aee2e9ee4e9ca9dcaee,540,1,1,0.08891022950410843,0.9059340953826904,0.005155694670975208
B-H1,0,42,112e7b51e7d078dd62fe5bcec15f48660dbfc572df659aea50141c8a731a6877,543,0,1,0.4266137480735779,0.5713350176811218,0.0020512661430984735
B-H1,0,42,d98717d4a561c7ad6b0aa9c5e73ecccbfb6510d07c8f23d7934fec3f8fbcf474,547,1,1,0.05140727385878563,0.9417693614959717,0.006823413074016571
B-H1,0,42,db842124e7a33dd5887c8d22a815b1649cda7401b683f5f9cc6c7a9dbd533a3e,560,1,1,0.27465492486953735,0.7223168015480042,0.003028264967724681
B-H1,0,42,49adb4d4ef7cf9b7221faad79fd9c2cb259872644777044983365486723c67f4,562,1,1,0.01166397612541914,0.9619097113609314,0.02642631158232689
B-H1,0,42,be89c78f29804f04841228bffef4532f286878a08b52cf8f4f17b15a9fa83364,563,0,0,0.9699315428733826,0.029998181387782097,7.02833422110416e-05
B-H1,0,42,297cf77b86d2fe61e413421d7216874ab77f45748dff5f7a2531cdaab79a4050,565,0,1,0.11400308459997177,0.881289541721344,0.0047074235044419765
B-H1,0,42,531f8aca33aab4bfc992087de862b25def4dea5b91bea6cc49aacbad07b45b7a,577,1,1,0.27465492486953735,0.7223168015480042,0.003028264967724681
B-H1,0,42,4b55155083aea75c9650635eb846d1e7abeaa867e3c5c629e2c90461482485f1,578,1,0,0.5773643255233765,0.42126670479774475,0.001368948258459568
B-H1,0,42,815683c5eb3b782f1a2feeefe55a834447a90f6a62356c843d751e6ed6f7089f,587,0,0,0.9386855959892273,0.06116547808051109,0.00014898912922944874
B-H1,0,42,8d5547c0b5e44d69c28a4cead541c515bc82e8f18adfd972abf57b2824ce7a43,591,1,1,0.007855621166527271,0.9390979409217834,0.05304649844765663
B-H1,0,42,71388cc5368946416cbcddee50e2af8f0a6a2794c83dcda516b9f0463aa6ad3a,610,0,0,0.9672812223434448,0.03264067322015762,7.805525820003822e-05
B-H1,0,42,56d3d8cfe1ee66937b1b304de962e50840fc5df249cec9cc9f427db1842d8971,620,2,2,0.0010119167855009437,0.3161802589893341,0.6828078031539917
B-H1,0,42,ef3b33bfd33c9a8d675e8c1562f5c2d503094b1f1887af3be3c1e16e100d9af4,629,0,0,0.8475156426429749,0.15206797420978546,0.00041644033626653254
B-H1,0,42,ba39525bb89a78df7e0bc9a040dd9c4c00f64baba2719bf9fb4a4bf7aa3dcffa,630,2,2,0.00022708499454893172,0.09073049575090408,0.9090424180030823
B-H1,0,42,ca60a0d1bd9510735b9a2c5edb1ab0a7eb2dd31d96b642bce093e7ba08286f2c,631,1,1,0.05140727385878563,0.9417693614959717,0.006823413074016571
B-H1,0,42,2fe1c3d95e43dc7878c7ba2874a7cb62e7829661ff3655b02f110fd5bf516184,634,2,2,0.0001930120779434219,0.07925106585025787,0.9205558896064758
B-H1,0,42,61b0a6498279a260ce8cabb4d4114bb5cda03e71c6f6954d7b766ee8a31b2746,635,0,0,0.5773643255233765,0.42126670479774475,0.001368948258459568
B-H1,0,42,6f3f6818c91a4e4ac44cd061158f5c34bee1b5baac40fd4e469a3ed20476104a,638,2,2,0.0011969241313636303,0.35876592993736267,0.6400371789932251
B-H1,0,42,1f54ce13a7724f8e43df533f143951e361144f772d6d5ce76fe8e5fc8c77364c,639,0,0,0.9106472134590149,0.08912129700183868,0.00023144383158069104
B-H1,0,42,a35adafe1567244423f4e723b5361fdfc62fb0c766c9685554fa976277ee04ba,642,1,0,0.7801331281661987,0.21922951936721802,0.0006372864590957761
B-H1,1,42,f816923b16d6506fc091cfe92e86e1139e2f0b3e58c593461da93f6ca5c45a5b,4,1,1,0.013330736197531223,0.9614052772521973,0.02526409924030304
B-H1,1,42,1fa27a62ee1b2d2ba6c92d8546a424dd3509710635f8a2c2568cc88597bb86fe,13,1,1,0.013417711481451988,0.9574713706970215,0.0291109848767519
B-H1,1,42,563f081ac98d1f31498a91b83ae8a2be907cfab0de2d472d199474e4e5eb8c6a,18,0,0,0.823514461517334,0.17605003714561462,0.00043552694842219353
B-H1,1,42,4f83a42c27ea668697977110e8f196526ef09e0479182cf78470ad75e79419c6,29,1,1,0.022989729419350624,0.9601386189460754,0.016871748492121696
B-H1,1,42,088e125061899aeb843e08b444d414177713a8aeb3850db4477647a05e97b064,33,1,1,0.009078931994736195,0.919096052646637,0.07182494550943375
B-H1,1,42,da11b9a824ea17d36ef8425abb47a68b80631b00f26d5fcb34bc902ab7e564d7,38,1,1,0.020468376576900482,0.9647696018218994,0.014762015081942081
B-H1,1,42,a3aa9205c2dd6e6da3e018643f3c57b94d1f7d8f031190e1e8fe1aeb4473edbd,39,1,1,0.0035998711828142405,0.6466767191886902,0.3497234582901001
B-H1,1,42,342f55c319e97bc4ebb3ea65c99cec118d9ebb0b9c1dc8c76eda38916bbb6efe,50,1,1,0.0035998711828142405,0.6466767191886902,0.3497234582901001
B-H1,1,42,c81837f79017967e7355fc593b81070347505e7400d9bdfc85ffc152e7f91067,56,2,2,0.0009011934162117541,0.23163145780563354,0.7674673795700073
B-H1,1,42,fc23ab826a2440d11ef69d2086a1f61b6275743360356da43151abc46afe903f,60,2,2,0.00011460899986559525,0.04013361781835556,0.9597517848014832
B-H1,1,42,c27b44d54803697af82881ea82d46e3561cbf37bdea8eb62c2df4af1f57d6fac,69,2,2,0.0004954522592015564,0.1422225385904312,0.8572821021080017
B-H1,1,42,6eb8f51f02885e1c53aae062c9d8bab63dd1f60f90936f3349e37283882a4e93,74,1,1,0.037445515394210815,0.9532449245452881,0.009309529326856136
B-H1,1,42,dd582bddc1aca5d5bb7c320bb57fbf5870022badac32ea6378863b35a16c8ee0,85,1,1,0.022989729419350624,0.9601386189460754,0.016871748492121696
B-H1,1,42,93f04a3c609794b4d53b3b5d2ffcfda0a1358e9ed321e072e10f1c4d0a40b4aa,87,2,2,0.0004954522592015564,0.1422225385904312,0.8572821021080017
B-H1,1,42,5029e2776e7b9b5d2af015958cd517fb756f6d8b9853790513dc82715be726fd,96,1,1,0.11345888674259186,0.8820765614509583,0.004464571364223957
B-H1,1,42,2cedf816172020544d1c56529191607083a424ddd9627983acb2537e9c73f8cf,97,1,1,0.009078931994736195,0.919096052646637,0.07182494550943375
B-H1,1,42,fed2454f61d42dd8f9f5651403e7c8aba82a77d8e645d8bf125f75e7c4c73861,99,1,1,0.009099121205508709,0.9362539649009705,0.05464693531394005
B-H1,1,42,8265981c42a1d2d7ece956a8e83fc2766c03bd9b677b5188edf9e65cae717f0f,100,0,0,0.519680917263031,0.47880738973617554,0.0015116848517209291
B-H1,1,42,4b4303e1d9cff307886f30665c8e6fb57047e2e8f3cc39e2126b16700e3bf126,101,2,2,0.00017027364810928702,0.05691007152199745,0.9429196119308472
B-H1,1,42,ffd718c11411f17305eebe2c3fd8eae0b394e9127366a0ffb1165fbe02224135,108,1,1,0.04880829527974129,0.9407761096954346,0.010415662080049515
B-H1,1,42,ff7ddca54e1e9620918ba02dbfe35985a655c87ef1a72ab4ba4d13faa4ead2b0,112,1,1,0.396461546421051,0.6015291810035706,0.0020092595368623734
B-H1,1,42,e27b2368d103c92aa6d3db8b15bcb6a45f02a1799208f1d626eea765d93b4f20,120,1,2,0.0020769035909324884,0.4522643983364105,0.5456586480140686
B-H1,1,42,399489b6079af091f33320276c7ad2db3c791129a3edbff5b530c66d32cd7e72,121,1,1,0.0035998711828142405,0.6466767191886902,0.3497234582901001
B-H1,1,42,e8cd3aa07ded082c0e9d0cd5ce68316e2c88e74da438e4b08e8a1e9f962c9394,127,1,1,0.2601667642593384,0.7369734644889832,0.002859720727428794
B-H1,1,42,70be8a47e5d22077d37988cb4d32c132724a3d1b083ef9ab0b06313f0bf6c905,133,1,1,0.020468376576900482,0.9647696018218994,0.014762015081942081
B-H1,1,42,be8334d7f47b288facef26257cb6b44fcf616cd19090b942b3e21a6312189a8d,144,1,1,0.022989729419350624,0.9601386189460754,0.016871748492121696
B-H1,1,42,c047c292b4e87b40d0e8d2cdb5f5aa7e0bbd22946a70c373ef6dd5c6576bc932,151,1,2,0.0017422750825062394,0.3815334439277649,0.6167243123054504
B-H1,1,42,20a9a7e6d4cf66384115e0a7ecc18f09cf1f9b2d051f34bc82d7b170955376d4,152,1,1,0.022989729419350624,0.9601386189460754,0.016871748492121696
B-H1,1,42,a7f1f0bec4d0eecfb4bebc52d748706df58b74a54e32f07189d46c9495ae3d09,158,1,1,0.037445515394210815,0.9532449245452881,0.009309529326856136
B-H1,1,42,a46bacc86e6d6f2966c8bc9b007be70048a778a3e7dc54762fa3c06ca3dd0a6b,160,1,1,0.037445515394210815,0.9532449245452881,0.009309529326856136
B-H1,1,42,aee4b0ad4df2a5b974c0fae78b5f15de2ba0da9ff62a1f1845fe8490f931efbb,164,1,1,0.2601667642593384,0.7369734644889832,0.002859720727428794
B-H1,1,42,f4f2eaa4ae88e92cfa57b3aff8b8ebc91d59f1c9a27803fe90c6ef8b768a6d4e,165,1,1,0.006118559278547764,0.8519539833068848,0.14192751049995422
B-H1,1,42,638a470d918dbfbf5afd33eb58e7ac2868a43d0e4dbaab3029db5101a1edce71,166,1,1,0.21620497107505798,0.7799355983734131,0.0038594549987465143
B-H1,1,42,03c73563087c1329943a56cf316a054838d232eb12bf400763e97af8a779fc3d,172,0,1,0.15217648446559906,0.8437504172325134,0.004073125775903463
B-H1,1,42,36fc8ba21c05df93f037cf32ffb47c54f5fded8ce374e0e9cf11353791e881ac,176,1,0,0.659855306148529,0.3391946256160736,0.0009500487940385938
B-H1,1,42,3be1ee30e134a9ae90bc1593ea32cf65047070817401a9aeb18c76efaca04541,178,0,0,0.823514461517334,0.17605003714561462,0.00043552694842219353
B-H1,1,42,4d7423cf2ff542521716737a2b82d95c940025a9d28aea9f135e73d793d959f0,183,2,2,0.00017027364810928702,0.05691007152199745,0.9429196119308472
B-H1,1,42,03b5b9fbb1e8685d2aea12d701a8548fbf66e988d3965beff90d610215a6fc96,185,2,2,0.00012562074698507786,0.04385748133063316,0.9560169577598572
B-H1,1,42,842bac774d6c086dd6b92fdb78413098e14bcc3af75125e7d25ca273a3e1f862,193,1,1,0.037445515394210815,0.9532449245452881,0.009309529326856136
B-H1,1,42,9a4af49b00bdc8c8c90dd9584610e62f31c1dea1496d8c77c154a1340984f0fe,201,2,1,0.0041547068394720554,0.7240039110183716,0.271841436624527
B-H1,1,42,ed7122159427b6c8635b7bcd0d7140de4dd489af9eab6fd9bd99b3ebad260d98,205,1,1,0.022989729419350624,0.9601386189460754,0.016871748492121696
B-H1,1,42,038c9ee0d7794eeb1143a461c0506513b430ff5293a311f12d84535a6afbcc5c,213,1,1,0.08494721353054047,0.9089512825012207,0.0061014555394649506
B-H1,1,42,aac572f07272c9f29ce150e00d2b33f7765e921ffe4e1a3c8a7aa455349ca19b,219,0,0,0.659855306148529,0.3391946256160736,0.0009500487940385938
B-H1,1,42,c6b8941e410ad8b2574b68572d59fe76bfb75291198754c7266ab3740f819f8d,223,1,1,0.020468376576900482,0.9647696018218994,0.014762015081942081
B-H1,1,42,fa91a868a0b2673a241638a1e248c077d7ebbe8369c5e9c7a105ea8e0f678595,224,1,1,0.013417711481451988,0.9574713706970215,0.0291109848767519
B-H1,1,42,05dde9d4b54f7775db2292c4725eb2440e0b2dbe65d52bb4c05c347040ae90da,227,1,1,0.022989729419350624,0.9601386189460754,0.016871748492121696
B-H1,1,42,0e1e5a60db31ca1ff4e88932ce8fb8133c0cae740186c0eecba980565edeeec1,232,1,1,0.009099121205508709,0.9362539649009705,0.05464693531394005
B-H1,1,42,78bf7a927103b0adf2a93a132f44f2411946196d038bf6822cb2eeb2f851ab2c,241,1,1,0.06473752111196518,0.9291391968727112,0.0061232722364366055
B-H1,1,42,4e05a768be51893f790163c79ad042b9bf59de08bccbba7bd25c8877c53ebcdf,243,2,2,0.0004954522592015564,0.1422225385904312,0.8572821021080017
B-H1,1,42,40f57c13c26aa660145ccd9e9ad6cf7435aba21e0ecb869b65ca110bad79d9bc,244,1,1,0.005875757429748774,0.8003007173538208,0.19382348656654358
B-H1,1,42,820af5dd1d43687408ee96791d977e5768628d5dd9718275f49012ab8be7c7da,246,1,1,0.006118559278547764,0.8519539833068848,0.14192751049995422
B-H1,1,42,2fea83fd72f31c3ed98d355952e0dca5903ca77045d520014559b3131ab53449,249,1,1,0.013417711481451988,0.9574713706970215,0.0291109848767519
B-H1,1,42,3567553d36285ad28e9947ecc399152b059b63fa0d14e93da3fa60f88729589b,253,1,1,0.15217648446559906,0.8437504172325134,0.004073125775903463
B-H1,1,42,a71a645737db58ca85f16857a87566dbd0644a509be1426ceec155ba4b32a46a,254,1,0,0.7419692873954773,0.2573305070400238,0.0007002783822827041
B-H1,1,42,a32d5c6de3dc8a8d1a538283ab55eeaf55b9cf8e25aa347f9451fa80920ab0dd,255,0,0,0.8943553566932678,0.10540448129177094,0.00024009264598134905
B-H1,1,42,c6d9905e1108342a5a39e558796801aaef2123ede509df6c737dc2968cb80334,259,1,1,0.08494721353054047,0.9089512825012207,0.0061014555394649506
B-H1,1,42,cf04de454501b8a0be83713c4b298369ec62ac21cd8f30857e05891dcef22cc6,261,1,1,0.006118559278547764,0.8519539833068848,0.14192751049995422
B-H1,1,42,3d8d9b0265e3f1fa1f9dced7be94a31b2d44253a703333fe32683be701e1e391,273,1,1,0.037445515394210815,0.9532449245452881,0.009309529326856136
B-H1,1,42,f048327f0da983b65f4ac626e1b417339b356d60f7641609e9f999aa25dd1b64,274,1,1,0.35660606622695923,0.640977680683136,0.0024162770714610815
B-H1,1,42,2fc3c8e1b6058fdb8ba34e10c4f11c5c96a490da8c44557f51f272e135b276d2,276,2,2,0.0003038114809896797,0.09422175586223602,0.9054743647575378
B-H1,1,42,c215aa987795131b42e2cd8a6c43e525423612ee007a6ced32e8263bda4ad92a,289,2,2,0.0011560349958017468,0.2886257767677307,0.7102181315422058
B-H1,1,42,4560a7ae21f3fb4ac2db6ffe58ddb475ac41d6dc383b998d4c568b31ae65a35c,290,1,1,0.15217648446559906,0.8437504172325134,0.004073125775903463
B-H1,1,42,609e2c6bb80163f064286be493c35084947f767a9fca5159a6007ea7d78d1b8e,291,1,1,0.08494721353054047,0.9089512825012207,0.0061014555394649506
B-H1,1,42,912f7b7365227a32858a2d927685373d6780e508ef7ac83760fb9ec5aaa1aefc,293,1,1,0.020468376576900482,0.9647696018218994,0.014762015081942081
B-H1,1,42,97b9091925addb08c1cd2c6078d0de2bf8172b17115de938b77ad77357d5ea5b,309,1,1,0.033150188624858856,0.9576622247695923,0.00918749999254942
B-H1,1,42,19d6ef82b2a921d77a5573e974ea081845479ae43b183f176897858ed8e06b84,312,2,2,0.00017027364810928702,0.05691007152199745,0.9429196119308472
B-H1,1,42,4791bf9d1d5d0230ab90f16f29614b48ab82e5801b82082235ff9b4358d29def,316,2,2,0.0003038114809896797,0.09422175586223602,0.9054743647575378
B-H1,1,42,9e12aa0dbe5c0aaa2470ead8d7629926f8b65403a6699dffbfef210eb25d80d8,319,1,1,0.020468376576900482,0.9647696018218994,0.014762015081942081
B-H1,1,42,4dcb168e09d4d7893d639ca45b73e7538eb8bbdf4d053e76233e29ffd3010c99,326,1,1,0.006118559278547764,0.8519539833068848,0.14192751049995422
B-H1,1,42,cc8929500a996b83f8e58e90d5c2ffadb7b9bc20866921118795138fea402ecf,335,2,2,8.961145067587495e-05,0.0325508750975132,0.9673595428466797
B-H1,1,42,f9d294cba21968ac5c7aca6b858728c55a8a06c37c1bd8489ed5b184ed97e39e,336,2,2,0.0003038114809896797,0.09422175586223602,0.9054743647575378
B-H1,1,42,f2a7a0438ec81419aed4432eca97e3bf6a7996b3abcab7bd2b0cb5ea5936ca0c,343,2,2,0.00012562074698507786,0.04385748133063316,0.9560169577598572
B-H1,1,42,57374dc57848f9f7545dfff9c90d14265d0a66c20014fed384c8a1aaab2a8657,344,2,2,7.659049151698127e-05,0.028654735535383224,0.9712687134742737
B-H1,1,42,e59d303b3c9921823705d178211a81f3167a2b5c2bedd55a2e440ae6fb609a66,346,1,1,0.009099121205508709,0.9362539649009705,0.05464693531394005
B-H1,1,42,e43bb85cc9f4c204c3b80fc593900bce375e9f42be96d02f335f2f42c13c4ba8,349,2,2,7.659049151698127e-05,0.028654735535383224,0.9712687134742737
B-H1,1,42,eb7b92a2b390dbb093e40e2495530b65be730eb752eccbf260be04ff31496b11,352,1,1,0.15217648446559906,0.8437504172325134,0.004073125775903463
B-H1,1,42,99a93936da7984b3ce75763a91a3493bbe7f16283b2ccde42c3d93bff3fc70e1,353,1,1,0.15217648446559906,0.8437504172325134,0.004073125775903463
B-H1,1,42,fdc3d5fa14c1a4086c5b7caf79828cce0d013ff497cbe8eb15c09905a3f4457c,366,1,1,0.013417711481451988,0.9574713706970215,0.0291109848767519
B-H1,1,42,ed55a6f2ea598cc2a90f6b9b6e489d7f1bf59f58579eeba23f34ffb5a4476757,367,1,1,0.020468376576900482,0.9647696018218994,0.014762015081942081
B-H1,1,42,a538958f863560cab82c81c2af21b948645d77515ec607b6158507d95fe5123d,370,0,0,0.823514461517334,0.17605003714561462,0.00043552694842219353
B-H1,1,42,e76f79b797b47271b05802f3737b53b3378b0b1529fd9314fa2a492b6167ac66,372,1,1,0.0035998711828142405,0.6466767191886902,0.3497234582901001
B-H1,1,42,2965eb77c7507629cf30cf7647115971bc3fbc079b0679ddae18c5a7f6088ba0,375,2,2,0.0020769035909324884,0.4522643983364105,0.5456586480140686
B-H1,1,42,447fa75d82f2da45bc471afc5b9273f8007746f7c1e6608e7f7e080582a7ea08,376,1,2,0.0020769035909324884,0.4522643983364105,0.5456586480140686
B-H1,1,42,4f4abcb7188e73e10ca68b718d456e0239c4dcb6875e1c3c69a419fec225e1ce,379,1,1,0.08494721353054047,0.9089512825012207,0.0061014555394649506
B-H1,1,42,dce71741a22feecd18d4a68d6dac14f53d1b585efa9029d2d7f6caf10ef1d09a,385,1,1,0.35660606622695923,0.640977680683136,0.0024162770714610815
B-H1,1,42,0a3effbdec3cb466bafb0f3db000792529f8a18b89f03e2f2a477a57ccb23447,390,1,1,0.0035998711828142405,0.6466767191886902,0.3497234582901001
B-H1,1,42,64edd6fd449505aaf4ce23b5e8fd239af0c6c1b9b8ec3b6283f29aa63786d55d,392,2,1,0.009099121205508709,0.9362539649009705,0.05464693531394005
B-H1,1,42,3aa2f113241cf12a1f41976ff0bf7942caae7298859aebfd67c1ddd2a115c9f5,393,2,2,0.0020769035909324884,0.4522643983364105,0.5456586480140686
B-H1,1,42,7e00b595bb6999487c74eb830249fdf599a16fe836019185747560a7869a2ea9,401,1,1,0.0035998711828142405,0.6466767191886902,0.3497234582901001
B-H1,1,42,af3e8a8edbc429d6e82a0234c201d8cc278db4fd145a68015fd1ab8785e57275,407,1,1,0.055819734930992126,0.9376180171966553,0.006562141235917807
B-H1,1,42,f5c1f313b06ba018dffafebe7e936f738c7877b1fd7def93331d973a91083ec4,409,2,1,0.0041547068394720554,0.7240039110183716,0.271841436624527
B-H1,1,42,a27435e31856096b869dad34f04f50c26e43660a66718f5643ee8ed2eb51af26,414,2,1,0.0074657266959548,0.9028793573379517,0.08965488523244858
B-H1,1,42,447b6eaaa01f44759a3e84e1ae3292b980e1e40bbca619439c1154c93b6ba928,420,2,2,0.00042243607458658516,0.1252107173204422,0.874366819858551
B-H1,1,42,a497a87c94bd318bdbd3ec6561590a06ed35ab4e87ca913472fb109a78f8bbc9,433,1,1,0.0041547068394720554,0.7240039110183716,0.271841436624527
B-H1,1,42,652e6865f9acddc8831b8ce218dbe9e6235e8c801d2bbf80d878c249871281f8,440,0,0,0.965493381023407,0.03443831950426102,6.831547943875194e-05
B-H1,1,42,d63a26a5f8c21cfced4f4ebdcc520a460308329d0c2f1685f083d2ed9ab0b639,442,1,1,0.009099121205508709,0.9362539649009705,0.05464693531394005
B-H1,1,42,7b04f1d594f7376a2f050ee49b8349c5ef562e371b59041d74381aaf3f28418b,443,0,0,0.7582261562347412,0.24115276336669922,0.0006210264982655644
B-H1,1,42,a6b0e9b589ed3f6caa4497791751bb855f8ff7bd71783f5676489298a186db22,455,0,1,0.2601667642593384,0.7369734644889832,0.002859720727428794
B-H1,1,42,afa6daaad76b24e7324cb78b11b89285577dc8bbfcf69fd9a2858f75d0d2d255,466,1,1,0.35660606622695923,0.640977680683136,0.0024162770714610815
B-H1,1,42,ecddaa9fb5fe0229e957962b58fa482e6fb92d8f808ec76bf3448ae1f9070c00,468,1,1,0.009078931994736195,0.919096052646637,0.07182494550943375
B-H1,1,42,3a7f050103c325de4173d8ce18ea31c2b8a5424d5ca15132d1d2e938a40e25f1,470,1,1,0.009078931994736195,0.919096052646637,0.07182494550943375
B-H1,1,42,d6c2e29b139b700ff7f46855f1fbce6d187c897106391edbf79fbf80ed1f1c14,471,1,1,0.022989729419350624,0.9601386189460754,0.016871748492121696
B-H1,1,42,9d1ad6603c4fc4417efe8b4d68b4771693ebeb51d9cc5fc47e7d55d6a396ae28,479,1,0,0.519680917263031,0.47880738973617554,0.0015116848517209291
B-H1,1,42,d3dcab46cc222b84f1ffdcca86f298db97158c380bc905a790185b05af010c3d,488,0,0,0.7582261562347412,0.24115276336669922,0.0006210264982655644
B-H1,1,42,8e66ea34596e3d99a63ea5e1e0165c156c716d735eff28f761ac0ed48e7252b4,491,0,0,0.8717632293701172,0.12794044613838196,0.0002962870930787176
B-H1,1,42,f84b59feebc9f4c0c496f360f1ca19bbe2d5beeb52f49c9fc163d951a96cd776,502,0,0,0.6144824028015137,0.3843114674091339,0.0012061947491019964
B-H1,1,42,6c25dd980ae55d61fd3c42c5c5e6030ac2dddb2fcce89e3ba55d1ed3f42fab9e,505,1,1,0.037445515394210815,0.9532449245452881,0.009309529326856136
B-H1,1,42,2df6a5e9d91cfa9be614ad5f9caee8cc67f367e07626e56fc4f67efbfaceff1f,514,0,0,0.9392508268356323,0.06062398478388786,0.0001251458452316001
B-H1,1,42,efb4d196f4193d1291a1cfb89719e049b970e0bf437f8a7e200e7362d60ca360,522,0,0,0.823514461517334,0.17605003714561462,0.00043552694842219353
B-H1,1,42,c79ed7e1c220976e51dd4332360fd4507729186d68877b8df22893d4867d9530,526,1,1,0.0041547068394720554,0.7240039110183716,0.271841436624527
B-H1,1,42,d1ad465a150c1a7e96ab02a505ebb64e6d4a4d6ed85a8269d159aae2333f6aab,538,1,1,0.037445515394210815,0.9532449245452881,0.009309529326856136
B-H1,1,42,bb9a219543e713c160a8c0a5217ff0448abee776e104949e51d702515e4d91d8,545,0,0,0.659855306148529,0.3391946256160736,0.0009500487940385938
B-H1,1,42,e04e7d38a93aac3cae8930e1afcc919894b9a520fcb4dca988b331ff9b2900f1,550,1,1,0.009099121205508709,0.9362539649009705,0.05464693531394005
B-H1,1,42,7c393fcb8c6e7a0bd9c175f589c70e5aa04536220517e7b236f9e14bf21c6822,552,1,0,0.519680917263031,0.47880738973617554,0.0015116848517209291
B-H1,1,42,acb36f95ba3fa4630d97646560eebd228e5df633a2b53197160afadbac82d3d7,555,1,1,0.0041547068394720554,0.7240039110183716,0.271841436624527
B-H1,1,42,2f662e03b27bfb4526a71add2807e7200b7744865e734e627c558dbfcd716b5d,570,0,0,0.8717632293701172,0.12794044613838196,0.0002962870930787176
B-H1,1,42,cbff20bc53e43cdc376274e957b0ffc5d0e44adc151c80bdf4bbcae92be525c1,579,0,1,0.2601667642593384,0.7369734644889832,0.002859720727428794
B-H1,1,42,27810cd10888196a27cced776fd1436adf51d1cae60009f0c7ef8058309b1000,583,0,0,0.9252719283103943,0.0745670348405838,0.0001610812178114429
B-H1,1,42,11f088393304daadcce4ef6f7aeb11030a552f71b38036237f26bfcd5781383c,593,1,1,0.009099121205508709,0.9362539649009705,0.05464693531394005
B-H1,1,42,f1c806ba37d90be9bd2c5d433faae60be09e78bd25bdd026832fc63f5b765d18,595,2,2,8.961145067587495e-05,0.0325508750975132,0.9673595428466797
B-H1,1,42,e452e684933e73c5030cb56fab663ab3633a1033ce3f9525ca49c259cb1ed4b7,603,0,0,0.9677577018737793,0.032180801033973694,6.148708780528978e-05
B-H1,1,42,fecb7614f4f605bdc5a580d71a1b278aede770767de1712824a679c6ef5d62c5,606,2,2,7.659049151698127e-05,0.028654735535383224,0.9712687134742737
B-H1,1,42,b08cc7b11c2239e58759422b6bf5a2d08f13ee0ebbe8cc8c7d36f98a1fed1f20,608,1,1,0.396461546421051,0.6015291810035706,0.0020092595368623734
B-H1,1,42,2ca5957ec014c711ba4a9356fa48dce7c2814b7c34ce6430ed68fa5e83b052e6,609,1,1,0.037445515394210815,0.9532449245452881,0.009309529326856136
B-H1,1,42,cbabb7d95eace71c3efce48e034e79054df0c1930a226772f3ea9a3f42eb2cad,612,1,1,0.06473752111196518,0.9291391968727112,0.0061232722364366055
B-H1,1,42,0bc52b5e19aa1667f7fbc7756b07899f366c304e861f02d85e0aef1f64de3cbe,614,1,1,0.013417711481451988,0.9574713706970215,0.0291109848767519
B-H1,1,42,352f35ab026498342b42592c28f2e2be9498c17dfa667c80faea045076e8af7f,619,1,1,0.009078931994736195,0.919096052646637,0.07182494550943375
B-H1,1,42,f73037bf5bb7948b4d6c45d2a9d27260dd1e3d46d4cda2bb4658f1b9abe5c35c,627,1,1,0.2601667642593384,0.7369734644889832,0.002859720727428794
B-H1,1,42,7ccf5e3af45d32c2b891424dd669788c94857f3adff5795a33e4b30a42f41db3,643,1,0,0.7582261562347412,0.24115276336669922,0.0006210264982655644
B-H1,1,42,1f87f903f6991bf3f713838f4ac2d9b2d167b93ad3fc82cd0bb8919543bca220,648,1,1,0.06473752111196518,0.9291391968727112,0.0061232722364366055
B-H1,2,42,3d0d1c44ebc74d642e0c609d5dd4b5cfb467ae332a035c679b0c27cdd1ec168f,25,1,1,0.039507586508989334,0.9551374316215515,0.00535503588616848
B-H1,2,42,c346e57479e178e7b054371aa9a5f68b51e42c0e4a895346230cc32926dff8fe,27,1,1,0.022372059524059296,0.9686821103096008,0.00894584134221077
B-H1,2,42,3abda39dd64284c601a97a2fbab4b8034dd42e259e9b097ab0138698fe51f5fb,28,1,1,0.00831477902829647,0.9531342387199402,0.038550928235054016
B-H1,2,42,ff103515b8dd75894b97d53c0362207acd3e41b19365124568cce40e99ab29d0,36,1,2,0.0007924023666419089,0.23055832087993622,0.7686492800712585
B-H1,2,42,6c1ff6b4722162e99085258b374ec75e9c250758b590e5d0c7e5e90d433283f1,40,1,1,0.022372059524059296,0.9686821103096008,0.00894584134221077
B-H1,2,42,f9808139012c8b222496cdbc2c5823f5a200c1ca0c9a76838b16271cb6491b49,41,1,1,0.039507586508989334,0.9551374316215515,0.00535503588616848
B-H1,2,42,b65ef40f602471b10735bf76d635b6e867318fbd3b2d79eb292d182ebc52fee1,45,1,1,0.039507586508989334,0.9551374316215515,0.00535503588616848
B-H1,2,42,30dc43bca87dffff763ecab81971977dd0e0eb2ebbba3e56ea466f30648308d6,51,2,2,0.00016565760597586632,0.057581577450037,0.9422527551651001
B-H1,2,42,fffdee90b6ab369ed3b441fc0d5835dec1e0da61263172332ba409239a1b6065,79,1,1,0.013962648808956146,0.9676359295845032,0.018401384353637695
B-H1,2,42,c3aa2339fdff357a10a7d1d16826e1158de5efda7de8df9d86f076ca2646b95d,81,0,1,0.2567260265350342,0.7411297559738159,0.002144272206351161
B-H1,2,42,10de938d451cc9cfe6d0ead0b6a8f760560120b56b7ed89b2dc4f651e5451669,82,1,1,0.013962648808956146,0.9676359295845032,0.018401384353637695
B-H1,2,42,eb359b8ed9a4e0197c1d1ab325e0047ecbec907011dd47ad227dce8c761f9a7b,104,2,2,6.0525071603478864e-05,0.023255368694663048,0.9766840934753418
B-H1,2,42,686e797782deb880befa085462a001874deb90f59e8bd4f579869b6b3cc30dda,111,1,1,0.022372059524059296,0.9686821103096008,0.00894584134221077
B-H1,2,42,f56c2b2dd4b088427127b4d3efd30492502e057dc35df92f37e390e9ff866182,113,2,2,3.3923035516636446e-05,0.013894855976104736,0.9860711693763733
B-H1,2,42,8df88942cba699e578f85da548ac43c04023d6e3124e0d909bedcf225ee6ce88,117,2,2,0.0007924023666419089,0.23055832087993622,0.7686492800712585
B-H1,2,42,10698694323dfb803f5936e348a7facb60fabbb04e356449705169347027f85d,125,0,1,0.43037277460098267,0.5682938098907471,0.001333418651483953
B-H1,2,42,f58ebfd4557154ffbcb785a4e55bb6649accdb99c66e82c58ed1bee08f674e8e,128,2,2,0.0007924023666419089,0.23055832087993622,0.7686492800712585
B-H1,2,42,64d4f18b3b12675504880cd0dc7ecf25b60fc04bfdbec355bc38419bb2d7c415,135,1,2,0.0008015349158085883,0.23186182975769043,0.7673366665840149
B-H1,2,42,237d8870453dad85e4a690f5ef5b3a88e992a5aa74dfe4b4b5a16a1db596e4fe,140,1,1,0.2567260265350342,0.7411297559738159,0.002144272206351161
B-H1,2,42,6cb1a3bd78701f948722853f3ff484b4a62afa283c31e3d9ba8e2ab088574ba2,141,1,2,0.0018364673014730215,0.46300309896469116,0.5351603627204895
B-H1,2,42,ddbe9a19eeb2b15127963e53920ddb3080cf3605be4e5412f985652dc3282606,143,1,1,0.013962648808956146,0.9676359295845032,0.018401384353637695
B-H1,2,42,0baae3864d2aa3d4aa2751efdb33ff2ab5c818f532230e2e93483176c0226769,147,1,2,0.0019480633782222867,0.48403200507164,0.5140198469161987
B-H1,2,42,ffecc433675dacb5aa9570aab766c7b1c9116acb4109af9e6863d3341000315a,149,1,1,0.07422495633363724,0.92206871509552,0.0037062428891658783
B-H1,2,42,fa5daee0d7df009faf4c0e08a703bbc8db8c1ae32e4f684b7085649c9d548453,156,1,1,0.00831477902829647,0.9531342387199402,0.038550928235054016
B-H1,2,42,81c654f9d5f5591c63de46ec2f8de90d5778222531f6dc2ca93dfe9653b873c6,175,0,0,0.9471207857131958,0.05280212685465813,7.716944674029946e-05
B-H1,2,42,0f1626989b6efba0ed821b04af2ce1ef2dd90be67fee5303e0aeb890e84e656a,179,0,0,0.8945999145507812,0.10522863268852234,0.0001714617683319375
B-H1,2,42,dc041fdcc3cbcfb79f4de07118d4868642025a233a983d551502cd5c96d20552,180,1,1,0.18265943229198456,0.8149396181106567,0.0024009442422538996
B-H1,2,42,4bc56ddaf0f7e559d24c60f59a6cf7edbd7b915799dadce516c430ac85a7696b,188,2,2,0.0007924023666419089,0.23055832087993622,0.7686492800712585
B-H1,2,42,f388cc4e3fa7c3eb79bcc7b0c0c92fff99e4fb329900ed50bfeb4f870f49792e,189,1,1,0.039507586508989334,0.9551374316215515,0.00535503588616848
B-H1,2,42,e4513c3d95a31cb9b2e70ba9aac54b1937bbbfb1fce1e4e3eaf07f94259ecb86,192,1,1,0.2567260265350342,0.7411297559738159,0.002144272206351161
B-H1,2,42,ed46b4dc3fcd5fab1ada22a6d188180240af8e738c547e3f26fc65506b077a12,195,1,1,0.012534759007394314,0.9707830548286438,0.01668216846883297
B-H1,2,42,ac305df5cdc5f1b0801b93d200a6dfb28ed119ce4795422a08ad3057488758ce,197,1,2,0.0018364673014730215,0.46300309896469116,0.5351603627204895
B-H1,2,42,ac49935da3ee5b02cec9247a78be9b546c635c54aa6988081e4fe8709663d2f9,202,1,1,0.005592444911599159,0.9005024433135986,0.09390518069267273
B-H1,2,42,ea5f3b7855c7c13d408bff3ff046c47d194d636ff9d1cd41a54051e642651080,207,1,1,0.05017293617129326,0.9444025158882141,0.005424467846751213
B-H1,2,42,24fd68e79a2159278d68b9fa03c7a306d89444b373e4ed956a552290b7163fd5,208,1,1,0.00568738067522645,0.887894332408905,0.10641829669475555
B-H1,2,42,1c5812f23059c8affe3af759b6ead8c2c38b856307cb70a58a6806f14bcd7133,209,2,2,0.0003554907743819058,0.11339224874973297,0.886252224445343
B-H1,2,42,6ab8e0705e7b40a64b138c0755ac0e4974492c819c3a3104cb9fdf9bb5c5833e,210,1,1,0.0035698602441698313,0.7416407465934753,0.2547893822193146
B-H1,2,42,a5e5532a8001b1d35b8d647ec7c6de5bd09b0cc81ab543a66c4b92d00869a830,212,2,2,0.0003554907743819058,0.11339224874973297,0.886252224445343
B-H1,2,42,4cd62e95948bd1b704bbcb35b4c07c1ce891fe8d8603fa8d7d55722149152d09,215,1,1,0.012534759007394314,0.9707830548286438,0.01668216846883297
B-H1,2,42,41c314fd5e526b07168ea8735e420c8fd4da4cb146f0cb7b53a0b2e383de5f71,216,2,2,0.0003554907743819058,0.11339224874973297,0.886252224445343
B-H1,2,42,c52893a6a9c59524615c570b972166e20fb5dc1939f7f8a0a444a854ad8b5954,217,1,1,0.0035698602441698313,0.7416407465934753,0.2547893822193146
B-H1,2,42,ef6d74ead7c9dae1edd8b999fa30b355c27c4fa0917c2b6342686959821c01fa,226,1,1,0.0035698602441698313,0.7416407465934753,0.2547893822193146
B-H1,2,42,a2010d08bf5544fb2f61ba56db0cc9b5b6d58a43b3e7a8155eae755a2ab63922,230,1,1,0.1382102519273758,0.8583450317382812,0.0034446637146174908
B-H1,2,42,ea6ce91f0cda3fa98f7b745b9580fd6b0403056870eb76c5fcf66334679dd7ee,234,1,1,0.05017293617129326,0.9444025158882141,0.005424467846751213
B-H1,2,42,c6d8fdfaebcc9424104991f6e1b2ae52cfc74b01f006f573c65d6403e27860c4,235,1,1,0.00831477902829647,0.9531342387199402,0.038550928235054016
B-H1,2,42,81b41de2fc119a6be204b22f6f400b640dae3281ad7449e09c510a3179f3e514,237,1,1,0.2567260265350342,0.7411297559738159,0.002144272206351161
B-H1,2,42,8ef03a12bf26544326b83a924d78b17a626323183f000e61b0e1269d5151d713,239,0,0,0.8077684044837952,0.19188819825649261,0.000343356718076393
B-H1,2,42,e65cba4765702c555356fe2b6fc3183b7079396880ffa82b6303a59358a1b860,240,2,2,3.382891372893937e-05,0.013860631734132767,0.9861056208610535
B-H1,2,42,aef48ae8e8f8321f0e29c116e8187c697962ab80108f224eef0febe59017821b,256,0,0,0.8705410957336426,0.12924320995807648,0.00021572188416030258
B-H1,2,42,4e704048021bafbeb44effb9e508d4cef59a712f89bd368f81f564485127cc02,270,2,2,0.0003554907743819058,0.11339224874973297,0.886252224445343
B-H1,2,42,6e7973c8c4ee77c326ae4010b1418b788a5630854185affb484685e8d73a7084,272,2,2,0.0019480633782222867,0.48403200507164,0.5140198469161987
B-H1,2,42,111d930258015ff415cf618a5446916b948c63467161ea1a20e0915119b50244,275,1,1,0.028831722214818,0.9610822200775146,0.01008601114153862
B-H1,2,42,b66a61f7e4e30927c1735a3306a7e4fd6cf9b017aa1b11eacd63c9f666c7ac77,277,1,1,0.05017293617129326,0.9444025158882141,0.005424467846751213
B-H1,2,42,3366e3e79bb817fbb8c139710399b5e5e682684683af108e41f6f8f47bb2ead8,278,1,1,0.03649461641907692,0.957643985748291,0.00586147652938962
B-H1,2,42,ef27b562eab370d5506b6031d90875e2bf94890dc4f57239be5af639fc2bb2d3,281,1,1,0.012534759007394314,0.9707830548286438,0.01668216846883297
B-H1,2,42,54a5824b809802628fc226bf21773286f73e6051e62d9cec2df3e81d93197bde,285,1,2,0.0018364673014730215,0.46300309896469116,0.5351603627204895
B-H1,2,42,0bb5ed634b92cd4e23359fa5c9f0f46eb531bfa0976bdd29a00e52fbed97e135,286,1,1,0.00831477902829647,0.9531342387199402,0.038550928235054016
B-H1,2,42,7ccb05337d74117430e9fdf9897cd7110c354bd737a7229f86fe605f50969092,288,1,1,0.00831477902829647,0.9531342387199402,0.038550928235054016
B-H1,2,42,d989513ebc9b816b08d15039e20aff3eeac96a4c9cd17e51afaa8a05ead60f2f,295,1,1,0.008234060369431973,0.9550493359565735,0.03671663627028465
B-H1,2,42,29fe4b61c9b555bb9cc208302b5dc991e41580d993fe5cf0832053f62f80be27,296,2,2,6.0525071603478864e-05,0.023255368694663048,0.9766840934753418
B-H1,2,42,a347405d861f7182f5157435b676ea5452b581ebf8b34c65c740ee6696256750,298,1,1,0.039507586508989334,0.9551374316215515,0.00535503588616848
B-H1,2,42,ba77ac0a50dbbe13d7bd6839ae32c5eb1febed467656cd2322a11c5b3f747b65,302,1,1,0.039507586508989334,0.9551374316215515,0.00535503588616848
B-H1,2,42,8bbb88b5de9002160126d07b53f3cd2825868930b27f08e4ff4760a9c179699f,305,0,0,0.8077684044837952,0.19188819825649261,0.000343356718076393
B-H1,2,42,b1ee4d7e89869caeb050bf6a44961b049d9934b92e5ee40bc7e869b645348de0,307,1,1,0.022372059524059296,0.9686821103096008,0.00894584134221077
B-H1,2,42,e03a5d8fb20a6ea99425f7eb791e67ae67db33777225bd74107066b76cbd37ab,317,1,1,0.00831477902829647,0.9531342387199402,0.038550928235054016
B-H1,2,42,727f74ba1c3c4c66b1f6b4556991e45b07a8df2d9d01846546f6627456d8494f,318,1,1,0.07567994296550751,0.9182507395744324,0.006069393828511238
B-H1,2,42,d3a134515041870d4095cf6ae0a7325769f957b530f530c1edbabeaa7c0c7273,320,1,1,0.003594363108277321,0.715156614780426,0.28124910593032837
B-H1,2,42,980f2c93c9c03ec6203a0bdaeef81159a3cfe8ed1f28387385d9f45010302142,333,1,1,0.0035698602441698313,0.7416407465934753,0.2547893822193146
B-H1,2,42,a66c4452b850b95377077697aac825a263e323984b1e8a1b5c25b1f3bbf86b4a,334,2,2,0.0003554907743819058,0.11339224874973297,0.886252224445343
B-H1,2,42,9f3c666f41f67c4d1304118a8d2927642bae1db9e3d7be9fec6431a472638621,339,2,2,0.0003554907743819058,0.11339224874973297,0.886252224445343
B-H1,2,42,276a41fcaefc7b0f5b533b227d35bd303c63f762bbf766628024ce36f9313bf9,348,2,2,6.0525071603478864e-05,0.023255368694663048,0.9766840934753418
B-H1,2,42,b5271dc00037ef4441d0e9b55a7b122c6981acc750495290fdf2d1171ec45e4a,355,1,1,0.012534759007394314,0.9707830548286438,0.01668216846883297
B-H1,2,42,e77bd94004a0442aa632c906e2f4e997e00b478cf23900001f6d06ec63cb3ef3,360,1,1,0.012534759007394314,0.9707830548286438,0.01668216846883297
B-H1,2,42,584086a779fa152c0679d9786c1e33c602944084d5cf48f6c0e7dbbac810bd87,363,1,1,0.012534759007394314,0.9707830548286438,0.01668216846883297
B-H1,2,42,1467b04a49c306baf2f2d7d4fd94a9e1d2b0b5a630fc1defcbc2ec8916da6c13,368,1,0,0.6045604944229126,0.3946303427219391,0.00080916250590235
B-H1,2,42,aa253d0c7343d07a4854487d2aea858f473eee151b96c2ce40bedb2ee8437306,388,1,1,0.039507586508989334,0.9551374316215515,0.00535503588616848
B-H1,2,42,a7a9ca7a19cbb70fe7a0ce5094b6f1add89f5b24cedf3415b2882b501c43ca03,389,1,1,0.2567260265350342,0.7411297559738159,0.002144272206351161
B-H1,2,42,4e2eb26c0fe972eab4b5b004faa49b46156fd4ee3808d325d7e5594a79414a9c,398,1,1,0.012534759007394314,0.9707830548286438,0.01668216846883297
B-H1,2,42,eab697c8c1d27212af84b30e24e32008b1ecbc67472a7ff95ba552ee19c0db40,406,1,1,0.01274761650711298,0.9695642590522766,0.017688028514385223
B-H1,2,42,b76ae4c5df31d41a628c2eac6d63a7191c5c814c94f0f8c36f40d812e2089f6b,412,2,2,0.00012442676234059036,0.04421612620353699,0.9556595087051392
B-H1,2,42,8a75076ea3879d0bf0dd017d05b4a245801a302e7b000b0a7b9c1cdb94ca975d,413,1,1,0.18265943229198456,0.8149396181106567,0.0024009442422538996
B-H1,2,42,5fff96165ae228d0b6c109dedffa29fbbe1bb5419a4e17d1eb6b6f7371638adb,416,2,2,4.2731557186925784e-05,0.017093325033783913,0.9828639030456543
B-H1,2,42,cabc765a96e5371085f2124e0c49137c3ea6aa1d74da1cc02c830ee82ebc9b48,419,1,1,0.22480782866477966,0.7730482816696167,0.002143876627087593
B-H1,2,42,3b6be63e42bced9624f2695926dd4352285f8007d59bd5bb1dd51c40b37024a1,423,1,1,0.039507586508989334,0.9551374316215515,0.00535503588616848
B-H1,2,42,f4485fff06cc355178561099fde1bff774f6df6adb1ce135820fe0e07515311a,434,1,1,0.2567260265350342,0.7411297559738159,0.002144272206351161
B-H1,2,42,e92916be0b17ba8bf1e2d3ce1809285cc94721729d1978c457f4db8c4f4101b8,436,0,0,0.9409576058387756,0.05895475298166275,8.760748460190371e-05
B-H1,2,42,44b0ff3b5337d07bc238578620590bdec6e1c913e99c9aedd40c7306c5136dba,437,1,1,0.013962648808956146,0.9676359295845032,0.018401384353637695
B-H1,2,42,170bd7b79b3f5e28736c07ca59bd1f2f2b5d4f0778d08d0d065dd684c879d5d7,438,1,1,0.039507586508989334,0.9551374316215515,0.00535503588616848
B-H1,2,42,e0bd5edf2a653605820916a1a17d66d2397b9ad0dd84f37cbd3fd3810e309037,446,1,1,0.022372059524059296,0.9686821103096008,0.00894584134221077
B-H1,2,42,4dab921dc624739a417660847b4c0024fe177b771218333bf14e0d0d4e20aa91,448,2,2,6.0525071603478864e-05,0.023255368694663048,0.9766840934753418
B-H1,2,42,85718d8d0d6c99912cd3eac82bdbbb72cee0878bc1891742d1d9ad494dbb5c0a,450,2,2,0.00016134034376591444,0.05623947083950043,0.9435991644859314
B-H1,2,42,13495fa8b8dd9679b0eab26be9488564259999759eb940cad44c16c962ae81f7,453,0,0,0.5277275443077087,0.4711618721485138,0.0011105360463261604
B-H1,2,42,0dbe677afded6fdb64050e827a3a7e21d49e0ab3138a60a2e288dd171af53944,458,1,1,0.01814119704067707,0.9586357474327087,0.023223035037517548
B-H1,2,42,30208d526f61c08aa4e9adad5f98e9a48303a9b9357da44a27292465dbc46bf3,462,1,2,0.0019480633782222867,0.48403200507164,0.5140198469161987
B-H1,2,42,ecaccecb377bfe6bfdaa2574f6cdc96491a0894b2480612d0376098a403592e1,476,0,0,0.5277275443077087,0.4711618721485138,0.0011105360463261604
B-H1,2,42,c32bf43dea1035a78327d54bf13e6655b755788b7cb2b89bbd177edfc1270a1e,485,1,1,0.05017293617129326,0.9444025158882141,0.005424467846751213
B-H1,2,42,aeac0b830c55c2d51b6a33e30e0be051cd140df152dd398a2eddab2a28bf9b35,489,1,0,0.6045604944229126,0.3946303427219391,0.00080916250590235
B-H1,2,42,f1f7629e3f53f2d8e749f46a993a6e72aa316c1d9c1f8b1c67c6dd1a677d2932,490,1,1,0.07422495633363724,0.92206871509552,0.0037062428891658783
B-H1,2,42,5db554cde5ce7bc9cf816db20cff72939c5d380706d527f487672a618aca59be,492,1,1,0.315799355506897,0.6825071573257446,0.0016935077728703618
B-H1,2,42,64093b9f13e7c9c5796331cf22a51a3878853dd9a68ddd7e2bd97746e9a148f9,496,1,2,0.0007924023666419089,0.23055832087993622,0.7686492800712585
B-H1,2,42,e01c7f73d3b9c5e56e27a66af611a14995b4b65854a282507dbf90ced9dc54ac,499,2,2,4.541238376987167e-05,0.017947174608707428,0.9820074439048767
B-H1,2,42,f865f3eb3350200dfbeb524ebdd2d755fefe3d4d2a2093ca5e4c3d388c760e50,504,1,1,0.005592444911599159,0.9005024433135986,0.09390518069267273
B-H1,2,42,b4ddfccd8e4d07b77338aafe76e7c9ca43343a328bbb848444a3ecb6133dc14d,507,1,1,0.022372059524059296,0.9686821103096008,0.00894584134221077
B-H1,2,42,857b369ecd76d80997f03f4eb841148b4a57ca5b325132205a6ff964ff20122c,508,0,1,0.2567260265350342,0.7411297559738159,0.002144272206351161
B-H1,2,42,74137ae4e7726b7bd996489326eb22a2b8918ea0504267c8fb1fbab7f5ae7b42,509,2,2,4.6430195652646944e-05,0.01833963580429554,0.9816139936447144
B-H1,2,42,862548383e807e3e1f19b50f24a8569b6ffb9dec43bdb049f653d08bc3af9d3a,510,2,2,6.919126462889835e-05,0.026229923591017723,0.9737008213996887
B-H1,2,42,50a1482d80d92dbb826319e4766efc53b1bdf8ad4e84880dca534a5dda4f5043,511,1,1,0.1382102519273758,0.8583450317382812,0.0034446637146174908
B-H1,2,42,96fe6b8a15df2ad16bdc1b1426c5388a37e247e2707b5f5e0efc650981a54522,517,2,2,0.0007924023666419089,0.23055832087993622,0.7686492800712585
B-H1,2,42,ec4ebe569d3745dd4c8b9698518c7aa342acae412e99da6fde3e888b7d603a83,519,0,0,0.8945999145507812,0.10522863268852234,0.0001714617683319375
B-H1,2,42,59e566c9593c67991a9806b91f08f73822a0101cbf3d442380b33413985e2c61,528,0,1,0.43037277460098267,0.5682938098907471,0.001333418651483953
B-H1,2,42,ff5ec594276eaf7458f2130bcf3e75b5d349c038b2b084453d15878aca86b077,535,1,1,0.07422495633363724,0.92206871509552,0.0037062428891658783
B-H1,2,42,26b4822fa63df3b3e9c29f678473792ea52b5b587e2cab81296a5a914d19b8b3,544,1,1,0.013962648808956146,0.9676359295845032,0.018401384353637695
B-H1,2,42,f4d53f6572ae8b078ab81ba0147ca9577c4911fee5434fc10bcd3664f586de6f,559,1,1,0.00831477902829647,0.9531342387199402,0.038550928235054016
B-H1,2,42,1e575562ac1159a8405c09757fa2ecb84640a371604a760ff9c484986079044d,564,1,1,0.1382102519273758,0.8583450317382812,0.0034446637146174908
B-H1,2,42,6fd9a47fad5e93b780be9618fa002099728d3eff67212f1dfd621d4fe09e5eca,567,0,0,0.9762341380119324,0.02373460680246353,3.1251838663592935e-05
B-H1,2,42,c196a7c8ed3ca9e717d3bd3e95cdfe28d93e5d9cf747d077bb16d08a20a5e14a,568,0,1,0.330375075340271,0.6679543256759644,0.0016705659218132496
B-H1,2,42,882cedeb9fc2ec46872ae63c3be3b86e9760a8947f6a1cb1a2e0b94eaefa5a4b,571,0,0,0.6045604944229126,0.3946303427219391,0.00080916250590235
B-H1,2,42,83113f35b1ed6dcd55e689ac8670be1b8e9643d34559e493146083d8e5945dce,573,1,0,0.7324551343917847,0.2670435905456543,0.0005012548645026982
B-H1,2,42,7be80fb1e0b72f3463c8bb1765680e76d75477d56995fa3950c138b538110adc,575,1,1,0.039507586508989334,0.9551374316215515,0.00535503588616848
B-H1,2,42,55dda6439343432382a3c5fcfd38503ba528580be87b0d35cdba66b9c9b827d2,576,1,1,0.18265943229198456,0.8149396181106567,0.0024009442422538996
B-H1,2,42,d083e107e8f39557b9da7bae2f268fd65ec49b913d65d226417086af94f9511c,581,0,0,0.9055247902870178,0.09432466328144073,0.0001504552346887067
B-H1,2,42,6dcbeeb20de7ab3fb6be30cae5c029490f226a6c6e9839f8bb4882119aa94265,584,1,1,0.039507586508989334,0.9551374316215515,0.00535503588616848
B-H1,2,42,4d13f0a81cacab75a84d737ab08cf1b5159479efc79f18190e8eff251f50d3a5,590,0,0,0.8705410957336426,0.12924320995807648,0.00021572188416030258
B-H1,2,42,62984b6078e75a305726c858e36e398e1c744cb748f515a9cfe0fc9d54a69c63,599,1,1,0.005592444911599159,0.9005024433135986,0.09390518069267273
B-H1,2,42,864a47eb9df8de430cc753dc49cfb0c61bbddcd7e39861184b1c6ac25ac9961b,618,2,2,9.14375195861794e-05,0.03372395783662796,0.9661846160888672
B-H1,2,42,f21c6f9076039176e5eb15df163162d58f098a9ae11653ad81acafabb9c36e7c,625,1,1,0.09528611600399017,0.9012587070465088,0.003455131081864238
B-H1,2,42,0b62dbcc4ebac3c7caeb54877d5a7729939755248ef62d510998e9e0fbed957f,632,0,0,0.8705410957336426,0.12924320995807648,0.00021572188416030258
B-H1,2,42,52a96206cbacbf10f2bc11340bd5210d489f276f3d08ac28be80c19d2cf1da08,633,1,2,0.0019480633782222867,0.48403200507164,0.5140198469161987
B-H1,2,42,29fce523320e3983ff6849f6c475a158aa2fe75ebd2e9c644855bcd863b27cc7,637,0,0,0.9244435429573059,0.07544016093015671,0.00011621710291365162
B-H1,2,42,4ec623fdc95e46d2eebb4a617716702a53c1664c18b6850a31a71541fbaf8d81,641,2,2,0.00012442676234059036,0.04421612620353699,0.9556595087051392
B-H1,3,42,9da00394a8e5d8f9ea66036a6a89912efa355fd9ba96bfa4c528435b8bef9db1,0,1,0,0.8325677514076233,0.1669682264328003,0.0004639683465939015
B-H1,3,42,2032c66fadcb9fb24653402444d869a8a23e06dd7c522221ee5e19db135147dd,1,1,1,0.06487587094306946,0.9313849806785583,0.003739166771993041
B-H1,3,42,8726e7c2817fb8c8315b2db10843e3074a260645fbf1fccfd23450a6dfadb425,9,1,1,0.008423537947237492,0.9692525863647461,0.02232392132282257
B-H1,3,42,14caadb35d5c89647b912b53c06bdcea5896a8299a9358c8bd67f727a3feec4c,14,2,2,0.001576893264427781,0.38767552375793457,0.6107475757598877
B-H1,3,42,0817d574402933c00d82a89b1851b0d40647a8234618ab6b293d902531e9fea3,15,2,2,8.521572453901172e-05,0.02653118222951889,0.9733836054801941
B-H1,3,42,3679ea32f8b94b8ce3d1242fef2d6073a0bdb60fe26b258e51162049223ac77d,44,1,1,0.03220605105161667,0.9629422426223755,0.004851721227169037
B-H1,3,42,1a9c93c0298921e6e0f103921ca7dba43c8472b77c47cdfe345bc83365ea4636,52,0,1,0.14871284365653992,0.848519504070282,0.0027677295729517937
B-H1,3,42,08f641e003d30bb34ea70c8a98e54462e23555149b596c1f323b1ca3443795eb,53,1,1,0.006118370685726404,0.924597442150116,0.06928419321775436
B-H1,3,42,825309a30632ca1e2936b124a778f11cb92b02606b370f89d13bef151f047eef,55,1,1,0.00653199665248394,0.9534366130828857,0.04003138467669487
B-H1,3,42,7b13c3dcfc57858b28512dd82b80f9bbc5a38d53ab17609e29661191744e409e,59,2,2,0.00018789464957080781,0.05521300062537193,0.9445991516113281
B-H1,3,42,cb2b4d4111dfd94cb699ad65f248b0bfb4f2ebfda4969f24c0672a4eea784aea,61,2,1,0.06481710076332092,0.9315022230148315,0.0036807083524763584
B-H1,3,42,2d4a4db57d75d8a7e2d6e56965c925963d33c569c1e24c31a63fb124021beebc,64,1,1,0.006118370685726404,0.924597442150116,0.06928419321775436
B-H1,3,42,410500105c3281445a1b6e50757dc923dff389861aa9993c0b740a1545b5b228,68,1,1,0.03354650363326073,0.9612197279930115,0.005233726464211941
B-H1,3,42,43ef9061e180219186ef1d51bc3c069a634f7f7a0078c5e6a8e339fe1bf5c10d,72,1,1,0.008444120176136494,0.9537693858146667,0.03778639808297157
B-H1,3,42,81b09fc0aa959d8efcc70c33f155000a7f01a30bf542cb50cd16d5ceb5203c4f,80,1,1,0.018396418541669846,0.9743991494178772,0.007204425986856222
B-H1,3,42,b64a99906f7914e194b7e5bda1235e3fffa359bf7c1667dd42b4268f16478434,86,1,1,0.008444120176136494,0.9537693858146667,0.03778639808297157
B-H1,3,42,d1873f2c273d9fff1d54fa797703976f13a01d3298453e10d99cb401551d4999,89,1,1,0.30124709010124207,0.6967852115631104,0.001967798685654998
B-H1,3,42,7e9752299515d5ecf7f759b6eae0d65703a71dea906d252e95aab67537ddb71f,90,1,1,0.06487587094306946,0.9313849806785583,0.003739166771993041
B-H1,3,42,68ce95a11652b3b237dabe6ae00998c9c7adce1ee390c47fadd3e8540130de0f,109,1,2,0.0003607739636208862,0.10252614319324493,0.897113025188446
B-H1,3,42,3797dbb2b0b7a08e83dbec5409c694efa671c4e46af761858844278f1dc385d8,110,1,1,0.0035035794135183096,0.7374638915061951,0.25903254747390747
B-H1,3,42,704d8396ce08b551fa6dd721337adce6afb2503715135f734bd2c0722ce528d3,115,1,2,0.0002816591295413673,0.07928728312253952,0.9204310774803162
B-H1,3,42,4d25798cefc2cf5ce3c29ebf0b9e4c0d84956f1a8898de972610ee57b6a7fb5f,129,1,1,0.006118370685726404,0.924597442150116,0.06928419321775436
B-H1,3,42,bbb97d718a1a11e509b00ac170dc512ff9b9930eacf75f5a3077880ff90bf810,136,1,1,0.30124709010124207,0.6967852115631104,0.001967798685654998
B-H1,3,42,787dcb7a1c4cc9f4983f462ddd01863d71220d14a298073a5886f7917ceec867,138,1,1,0.012028081342577934,0.9742254018783569,0.013746564276516438
B-H1,3,42,b064cb059d374948ef0370a2437f8d0bafe1e9678a1b38f837c6a6db9db4d582,142,1,1,0.018396418541669846,0.9743991494178772,0.007204425986856222
B-H1,3,42,9a26ca17f1a2a542cec0453d178767a86c59652d63ff72ddaa48810be13d1ab6,153,1,1,0.004673635587096214,0.8597845435142517,0.13554182648658752
B-H1,3,42,d1b268ba32d56d8ff3504e94ee5370f3a76ce18e0a3b0db5c875395b0e922da0,159,1,1,0.006118370685726404,0.924597442150116,0.06928419321775436
B-H1,3,42,440e70046c7ab779d69b3cf5f483b0504098b58f20b98da0f4b90dcca58b7a1c,161,0,1,0.30124709010124207,0.6967852115631104,0.001967798685654998
B-H1,3,42,1336c5029330743b5ea83d83fdfc07fcd73276158b755bc1202b4a90ade5cb08,162,1,1,0.012028081342577934,0.9742254018783569,0.013746564276516438
B-H1,3,42,d51923504c8a939ba8dfbe8c09d12c0f24fc1b5f9fceff2ea5d3f498b3105dad,170,1,1,0.03354650363326073,0.9612197279930115,0.005233726464211941
B-H1,3,42,c346449759a08de6df8ad7f0936940e980e88f11837c514a02a4fd03f71ed459,174,0,0,0.7165138125419617,0.28280892968177795,0.0006772386841475964
B-H1,3,42,4b9f8e0c8ab34af43ef7096eb4e85d311551b210d679e5d673daa44a258e8a42,186,1,1,0.07301776111125946,0.9230647087097168,0.003917592111974955
B-H1,3,42,801eb4d09dd43b2b678c81a91d82521163c504324fee02de3778a3ecd1a926bc,194,1,1,0.03354650363326073,0.9612197279930115,0.005233726464211941
B-H1,3,42,0c37fd58a9827290e55b34630825b0d6244c49d5ad38b4cb692ee5fba935d2c9,203,1,1,0.30124709010124207,0.6967852115631104,0.001967798685654998
B-H1,3,42,50fcac22a7e0a3f9e29c98914641686f7b4d5b483729f33dfc0943ebc770409d,206,1,1,0.03220605105161667,0.9629422426223755,0.004851721227169037
B-H1,3,42,1223db6fa4c73ddcfb1d3c6d1d32d7a9a694a0c67b0b8896d2e2c5252ea458b7,222,1,1,0.00653199665248394,0.9534366130828857,0.04003138467669487
B-H1,3,42,1cd7edbfe2f40c5d7c9a6230c2530a19e1c33c1d7a4b9c2fc76e71f4a4ef2955,229,2,2,0.0005732834106311202,0.1591392308473587,0.8402875065803528
B-H1,3,42,51cce7d0485df80b75d03dee842b5fbb970f5348df67160d0e30730f577a193f,231,1,1,0.06481710076332092,0.9315022230148315,0.0036807083524763584
B-H1,3,42,982f60fd457eb6d3d3ea718cf44d5cb26c9847a13bc9211cf942c0276094cbea,236,1,1,0.004673635587096214,0.8597845435142517,0.13554182648658752
B-H1,3,42,73d4dfe9d634e737477bbc0e789414071caddfba0329a03b55a67d4565f16b31,238,2,2,0.00024234528245870024,0.0714036300778389,0.928354024887085
B-H1,3,42,17fce900c57b5d8978b6a7f3fc2fb54520a09094e94167b76cbe441400f5ad10,247,1,1,0.004673635587096214,0.8597845435142517,0.13554182648658752
B-H1,3,42,38085f4b22cba5fc2e5c7334dc43fd4faa9f1be9584e87c3a89ac73aa37f3ff6,248,0,1,0.30124709010124207,0.6967852115631104,0.001967798685654998
B-H1,3,42,f37129146fe1cc102260df1bb5035364d6977e2290c3f3c022105e91ae0cad55,250,2,2,0.00013857477460987866,0.04193707928061485,0.9579243659973145
B-H1,3,42,c85e618c2cb4110b794d0c0953af57fe74dd832c9089b476240a78f6178bf1cf,252,1,1,0.002609550254419446,0.5769697427749634,0.42042070627212524
B-H1,3,42,6a3c09e4947d005706a207b8c760dd1e4a01a013d7fdf234bb6e2abbe62ed0f8,263,0,0,0.8353686928749084,0.16425979137420654,0.00037152552977204323
B-H1,3,42,55f09cfab4e7759b9196088c60e80fdf399fa12b760c9cf22aaeb33589b1808c,265,2,2,0.000596846453845501,0.1608157902956009,0.8385874032974243
B-H1,3,42,b7661cb5dd52c9c0fe4365fcc6bff1f997b8753cdce2392381357136c4a5bf43,269,2,2,0.001576893264427781,0.38767552375793457,0.6107475757598877
B-H1,3,42,be89c47ea7807e1e8f1728f4281bf7f92ce922539e0b3cd0848dc5a258702b8d,282,0,0,0.8215233087539673,0.17806357145309448,0.0004131640598643571
B-H1,3,42,8b6cbbd882704231c2da058f30493957fe5f146ad538f186251118a7c93fe195,283,1,1,0.06487587094306946,0.9313849806785583,0.003739166771993041
B-H1,3,42,1c7add97688eeaddc1858c389db4aac1d7c75a52d05d5f15c0d081a7b938abaf,287,1,1,0.1382577121257782,0.8589190244674683,0.0028232126496732235
B-H1,3,42,50a40749308fda874b7765a8a2b85ca93645b0200e63e9851129ab8fd6f41ff9,292,1,1,0.011976026929914951,0.9775406718254089,0.010483291000127792
B-H1,3,42,0910a774d27e3fe150f1c12d186032f527421ab5d7c35f74ac4f758094dd228d,301,1,1,0.06481710076332092,0.9315022230148315,0.0036807083524763584
B-H1,3,42,4bea7852e6349795c7bb47b3b196b923e2ba8e7aeea9001ce30608cc02c0e4f6,303,1,2,0.0019362985622137785,0.42535531520843506,0.5727084279060364
B-H1,3,42,fe7000c6192011cc4cb3fab698a7821cc7044fec6fed4d6c825162ba8e131368,304,1,1,0.011976026929914951,0.9775406718254089,0.010483291000127792
B-H1,3,42,de68a6ddb137408d6f047da8b80a1ebeb03cceea79fe2bc107056a11068abdc3,306,2,2,0.00024234528245870024,0.0714036300778389,0.928354024887085
B-H1,3,42,ee99b4a3c8e4b8ac8172a040ad3be7a04dea423a9ae0409a95df0fafc91a313a,308,1,1,0.03220605105161667,0.9629422426223755,0.004851721227169037
B-H1,3,42,5e503b8ae7945a0c7a8bcd67542d51082ffc17c2404a5253304711f79919407f,313,1,1,0.004673635587096214,0.8597845435142517,0.13554182648658752
B-H1,3,42,a538822eabdf193b2b19f78ccf63644aa5c71ce346c2909e83ad04440964ae88,315,2,2,0.001576893264427781,0.38767552375793457,0.6107475757598877
B-H1,3,42,0796be2517f6d256579d64e3fd271287a0a015eb77e018c048e59d0f28eee45f,322,1,0,0.5362770557403564,0.46254968643188477,0.0011732758721336722
B-H1,3,42,1bfda6b9b2ec251369d6f57db5fce38fb12dcd38ecc1650133ffde8588ea9de5,323,1,1,0.06481710076332092,0.9315022230148315,0.0036807083524763584
B-H1,3,42,dd16b30b04ffe107ef12c7c07478ee8a6f1cb06de15b60261e80e1c3592fa365,324,1,1,0.06481710076332092,0.9315022230148315,0.0036807083524763584
B-H1,3,42,4998ff2bd307bda1d85ee16567c661c9862e55779e725e724189456e0c51af70,325,1,1,0.018396418541669846,0.9743991494178772,0.007204425986856222
B-H1,3,42,39eaa33a8d48061b0348f9e4a83e301a0a7459e5eb653e83810f30644bbc17f7,327,2,2,8.521572453901172e-05,0.02653118222951889,0.9733836054801941
B-H1,3,42,5caa9ac380bb06f4d084ea82b0b0e36346f917605e5ce0b8bbbdf5ced25c6cd0,329,1,1,0.008423537947237492,0.9692525863647461,0.02232392132282257
B-H1,3,42,fb6e8a79c7509d2ea0d634b54f8c3c61a61c856f58b1e43907d91134de9c8f10,331,1,1,0.008423537947237492,0.9692525863647461,0.02232392132282257
B-H1,3,42,a46a03d1ee4daec20e9a849ba628defbbc5ebb1042f9cc44f825a9072c526ebd,337,2,2,8.004117989912629e-05,0.025190966203808784,0.9747289419174194
B-H1,3,42,4612e860034a77d8b2a28c5a307edd4c230ea2cc203c599c4d524164ca1c201c,340,2,2,0.0009273785981349647,0.24496518075466156,0.7541074156761169
B-H1,3,42,562297c9b2262e5b9178439eac76300b6d0baa5c81dc6ab9a3e04f13b44d1edd,347,0,0,0.8907133340835571,0.10904542356729507,0.00024124671472236514
B-H1,3,42,2aa6a5792ef7467f71fc55b9fcc6f5c9d6ba25f470083dd8e9a787e579bfd401,358,2,1,0.008423537947237492,0.9692525863647461,0.02232392132282257
B-H1,3,42,2b1079c154b15202bdeb4e37d3bb3fda5cde0b6dc62e5246d0face06819abf5a,371,1,1,0.06481710076332092,0.9315022230148315,0.0036807083524763584
B-H1,3,42,4b1c806a421b02743346fc062782ec9b603b1cfc919177966cf33f0baffd2193,374,2,2,8.004117989912629e-05,0.025190966203808784,0.9747289419174194
B-H1,3,42,ed9c1db619a6e03138850df9100b0c87a96915bff8f177717879e0b0d0763e16,377,1,1,0.0035035794135183096,0.7374638915061951,0.25903254747390747
B-H1,3,42,421629aaa541cfa65f08170d2ded95bfcfb72deb6371ca7bd8cff9686b07ca24,381,2,2,0.000596846453845501,0.1608157902956009,0.8385874032974243
B-H1,3,42,28b053e3389d9080286d65e0a159dfd0e84b54ab6f9d29efe76029c4e441d313,394,2,2,0.001576893264427781,0.38767552375793457,0.6107475757598877
B-H1,3,42,93b21413c755833e1950d07af850214cfb9b5519b7b21162d63f4c9ee904ca1e,399,2,2,0.0005732834106311202,0.1591392308473587,0.8402875065803528
B-H1,3,42,76d06487c4ffc806c0124b367816f652dd15cd43c60141189fb67369207e51fd,402,1,1,0.011976026929914951,0.9775406718254089,0.010483291000127792
B-H1,3,42,284ec319e69a06d51dc7138b1cd703bdec233bd9862e76e788a66d58b5c93074,403,2,1,0.0043931398540735245,0.8465891480445862,0.14901773631572723
B-H1,3,42,f31671785b3e105c3461c6f468a73e51b08fb09a2755ffa8ebfec2ee89fdccbc,405,1,1,0.03220605105161667,0.9629422426223755,0.004851721227169037
B-H1,3,42,5fad3e448c5e1d74ad40706ea43e831ca8eb7c7de5f8b18a8d11e3658f13675e,411,2,1,0.0043931398540735245,0.8465891480445862,0.14901773631572723
B-H1,3,42,abcb65e9f203ebce43dfcc290e3881ec3fadd75e0780873abb34e688cf2bde55,415,1,1,0.1382577121257782,0.8589190244674683,0.0028232126496732235
B-H1,3,42,ecc8758acbe3ff3c1237190f0844b57b0865bb46d0c940c7ca341391b4a24f77,417,2,2,0.00041839113691821694,0.11964710056781769,0.8799344897270203
B-H1,3,42,83a9b71397707247df9fd3717796837f3765429b50236d6099664af84b527b36,418,1,1,0.0035035794135183096,0.7374638915061951,0.25903254747390747
B-H1,3,42,f69228ae618f2a54598815acf45338b6ad192e9eb36eb4949775495b54e4ef8b,422,1,1,0.013076581060886383,0.9774088859558105,0.00951448641717434
B-H1,3,42,b792c09ee937fae339c13197e2ca35611ec60e9b4d2f0dd62906e390c58a29f0,424,1,1,0.008423537947237492,0.9692525863647461,0.02232392132282257
B-H1,3,42,db9e4ad5925b27ec0584e301c098615d0e7d750f33a62c852097ee5091d20bdb,425,1,1,0.06481710076332092,0.9315022230148315,0.0036807083524763584
B-H1,3,42,a3ac2db16dcc74dd63903b195b7d1a3a53338887f18e8639c30c65d8eae7bc86,430,1,1,0.03220605105161667,0.9629422426223755,0.004851721227169037
B-H1,3,42,4197c747bb633c56f7d24ec066c22ea16f41b22682b607527cfd6f1a7a2562c8,432,0,0,0.9387171268463135,0.061152294278144836,0.00013058063632342964
B-H1,3,42,3ff83fc265305905760c500d9fe41689de9a1de06044ba371e5d92bef6310802,444,1,1,0.1382577121257782,0.8589190244674683,0.0028232126496732235
B-H1,3,42,1a61ef72c42eed5e7901aa43b40e133c4e51f87ced017db6e1d465d17ca3ec78,454,0,0,0.5362770557403564,0.46254968643188477,0.0011732758721336722
B-H1,3,42,3d49951b870f3bcf189be0c2ef0d5405a6c21987112ed1b195ea3ed4ddfb46d6,456,2,1,0.0035035794135183096,0.7374638915061951,0.25903254747390747
B-H1,3,42,3d19f74837a5c6f5e6ce0189453e4c6b522f560699d85fed9af18054565b4fad,457,1,1,0.03220605105161667,0.9629422426223755,0.004851721227169037
B-H1,3,42,8d0f029901600d9418a07f1fd8a7b00c1d0b43e684bd28f66e21c5cf7dcd6021,463,1,1,0.005777907092124224,0.8575039505958557,0.13671813905239105
B-H1,3,42,55d65dd88579a7b1789b4e356b381badd401b3808258dce2c7f346a5dd179c07,464,1,1,0.018396418541669846,0.9743991494178772,0.007204425986856222
B-H1,3,42,9b5390ef3260489b3c3887f9fe6f349f50d003bb156f7742f95c91a2857f2dae,475,1,1,0.00653199665248394,0.9534366130828857,0.04003138467669487
B-H1,3,42,4e8d3b7274c27d5592e32b4eb3028607e6458d3fa96ea1c253fae1519ce42ebb,484,0,0,0.8907133340835571,0.10904542356729507,0.00024124671472236514
B-H1,3,42,39f5260d468bf91cca4bc94b0f64140f65b1569a4eacdacee827afe47a7a43af,486,1,1,0.1382577121257782,0.8589190244674683,0.0028232126496732235
B-H1,3,42,ad3bbd4bc195aca26dbe34255846b204647007f9008cd1604caf31a6030ec266,493,1,1,0.30124709010124207,0.6967852115631104,0.001967798685654998
B-H1,3,42,9662010e2490990d85dd702691d3e752f5a17e905f96d98be43c275a1e08a893,501,1,1,0.0039681862108409405,0.7483681440353394,0.2476636916399002
B-H1,3,42,f9871cd35fbbef3dcc9a11edf31cde93a1421f2f6768ec1eda59f1fd8a7eda5b,503,1,2,0.001576893264427781,0.38767552375793457,0.6107475757598877
B-H1,3,42,09483a45ca26429c517c73946e7c0e42d0b268c8e54f9f87e8d06f6ddbddf0e6,512,0,0,0.8907133340835571,0.10904542356729507,0.00024124671472236514
B-H1,3,42,e3b43d0c2f88cf262221ae16e2204cd0eab17feeda587be40cda3a8f76eae2f7,513,0,0,0.8921884298324585,0.10757680237293243,0.0002347787085454911
B-H1,3,42,293fd70db77ae8dac4ff7015aa8471bbee8dc11c94d69214be1164a3a65ded47,515,1,0,0.5362770557403564,0.46254968643188477,0.0011732758721336722
B-H1,3,42,1d8c825fa4140f5726cf96d2fbc410daf8dc1449a57aa3018d8d69710baf1acf,516,2,2,0.0005732834106311202,0.1591392308473587,0.8402875065803528
B-H1,3,42,6be95b1a0e561d03e9ff9bb3bf48e85fc3bb4ae85b750949097b5270445e0b2f,521,1,1,0.2773776054382324,0.7204943895339966,0.0021279682405292988
B-H1,3,42,302494caeb3ee0101f8f544443114bef1a41d67b3f2ce1366f69f9a3f31ce11c,530,0,1,0.4547887146472931,0.5437073111534119,0.0015039973659440875
B-H1,3,42,721efe630e75ad47ccaef650071f9859ae1b8779a8c95ecea3c05cada999c1f2,537,1,1,0.00653199665248394,0.9534366130828857,0.04003138467669487
B-H1,3,42,d1958961f2d45dc817103b882041c89ee03cfc904630b276a8df79cc1bb77be4,542,1,1,0.03220605105161667,0.9629422426223755,0.004851721227169037
B-H1,3,42,298396fbfdd8164ae18c277866976ca23849141cf1815c2bcec80e4ae07c61b7,548,1,1,0.03354650363326073,0.9612197279930115,0.005233726464211941
B-H1,3,42,fb94ee8ea1e782bef0347d3f68c7a3b2779dd41a95c0aa9dfffc9da76f70ba9f,549,2,2,8.004117989912629e-05,0.025190966203808784,0.9747289419174194
B-H1,3,42,5b5485c49c314af261c3458801b8a573f2c1563a3c311c29143aab59d9d911ea,551,1,1,0.0035035794135183096,0.7374638915061951,0.25903254747390747
B-H1,3,42,05567423ae09c5925d6146877dafb322bf8ffcd07a7f3933256d62e795f81820,553,1,1,0.018396418541669846,0.9743991494178772,0.007204425986856222
B-H1,3,42,def918c1724a318819400b627c2284b9d77b244b87ba2494717c910e5c9c38bc,556,1,1,0.1382577121257782,0.8589190244674683,0.0028232126496732235
B-H1,3,42,81797337a73820dc32b1a903022de6137363f685e79ff3d28361b746ffaed4d1,558,1,1,0.04154828190803528,0.9531010389328003,0.005350727122277021
B-H1,3,42,42782168745dc8505000dbae693962b78560d30e77d5c939cf351a8b1435ee0b,566,0,0,0.7243835926055908,0.2749674916267395,0.0006489144288934767
B-H1,3,42,6fb20bf325c96c92f7685718fe8ac085abc4d9ae3655bac14eeb57923a7ace8b,569,0,0,0.922447144985199,0.07737772911787033,0.00017517209926154464
B-H1,3,42,4d38119ab66a25344f4d5e9cac08e7a79647052d37639e78099d0d83f405388c,586,0,0,0.7165138125419617,0.28280892968177795,0.0006772386841475964
B-H1,3,42,e8163c001a265fe053d03db65ff85765ce01cdbe0255fccc0cdc667d3e54d98b,589,1,1,0.4547887146472931,0.5437073111534119,0.0015039973659440875
B-H1,3,42,43460a59a097e1443e8fbc9958de350337bb25f8ffffc2fc154630bccfe4cab4,592,1,1,0.011976026929914951,0.9775406718254089,0.010483291000127792
B-H1,3,42,5cbc809b12bbee7f9264f64fb42ed13d33f0a6e6a36184a8abaaf767c2a5e4d8,594,2,2,7.313219248317182e-05,0.023159725591540337,0.9767671227455139
B-H1,3,42,638b177ebfd03aac5f3afd7b87a4197f8724aebf6fb9331b5739e0ecf63e509b,596,2,2,8.004117989912629e-05,0.025190966203808784,0.9747289419174194
B-H1,3,42,88141e1c7c290dd5013d1430599c08e066cf9b67d49c79ba4eed15b5368f8865,597,0,0,0.9494014382362366,0.05048629641532898,0.00011228922085138038
B-H1,3,42,95e8238ccef68ad4f8150229d207753b7ab128e23d88ab78b7641a93e0bf0b7f,598,1,1,0.03220605105161667,0.9629422426223755,0.004851721227169037
B-H1,3,42,822a295f2c49ded241a54272d201a97fb3dc1b2409068f0e353f918e741a9ae8,601,1,0,0.7165138125419617,0.28280892968177795,0.0006772386841475964
B-H1,3,42,ac5e5e4d7d88c4fc6bed3d9c971328c75ec9aeedf9f5e57eeb490d0e05eb0235,604,1,1,0.1382577121257782,0.8589190244674683,0.0028232126496732235
B-H1,3,42,e76d30071132859aee98d30842d0336ad4f55ec000ceee702f40c262f5d29fe4,605,0,0,0.9658567905426025,0.03406863659620285,7.462437497451901e-05
B-H1,3,42,0c62dd9eba4e97411d8065ea4a297154674fd8225c2e5435c85f3e545314f202,607,1,1,0.018396418541669846,0.9743991494178772,0.007204425986856222
B-H1,3,42,3f51ef1cc86ab991c28a55516800a2b6b5ef37565f358b017c65fa7577187dfa,621,1,1,0.004673635587096214,0.8597845435142517,0.13554182648658752
B-H1,3,42,dd38559e4db1b62eb9ee7721afb2fa8ba6d0e620b0ca68c3466a2b552c86f887,622,0,1,0.2773776054382324,0.7204943895339966,0.0021279682405292988
B-H1,3,42,791278aa8844499b0a60f95a26795155a5f9545a142a562dca7b40238639b234,626,0,0,0.9395321607589722,0.06034030020236969,0.00012759478704538196
B-H1,3,42,f348edbafe367b5ca9552438520be0642620dd2e2fa1312d7bf2b74940eb9780,644,1,1,0.03220605105161667,0.9629422426223755,0.004851721227169037
B-H1,4,42,366f43b68b77ee5d9d4d649052f097811eedbdf9b66e66e3d3a40f469b388044,2,1,1,0.00760254543274641,0.9467406868934631,0.045656852424144745
B-H1,4,42,8b3e47f5ebce0eb3eab15109aa814094f34c092ee88c49f965a0c31f02e89665,10,1,1,0.0021443450823426247,0.5538752675056458,0.44398033618927
B-H1,4,42,51bfbad6d53b93a899767c78e04aedd5268a69726ca0fa60eebb8995190d4982,12,1,1,0.00760254543274641,0.9467406868934631,0.045656852424144745
B-H1,4,42,3ebf8a2cebdec533bb2f688970be04e9d39292494e756baaecc985483868e197,16,1,1,0.005357703194022179,0.8844478130340576,0.11019439995288849
B-H1,4,42,df5f1e6242f05e2e7995e736400586f8d34bd840e6cc2238daba43556f312bf7,17,1,1,0.003784456057474017,0.7867388129234314,0.20947669446468353
B-H1,4,42,716a01bc74c08fe1ad70772ed77afa2bc34025fce7092dab0813200de8da2e99,20,1,1,0.00760254543274641,0.9467406868934631,0.045656852424144745
B-H1,4,42,7df5d7c65a174992687578a093dd207e1ca89156b6eb9caf2dc28c6a498c4c69,21,1,1,0.017049569636583328,0.969122052192688,0.013828445225954056
B-H1,4,42,e61c91569c6de30c3d7a1a050539ef58a6e6b2819fedd91cf751aa0b3b5dc43c,23,1,1,0.15114064514636993,0.8449094295501709,0.003950022626668215
B-H1,4,42,1d7362cb11b923770fcf1b9a9f01b7fa4ac11819920853a5a2909ecc1bcf6867,24,1,1,0.05769817903637886,0.9363396763801575,0.005962175317108631
B-H1,4,42,f791c4eed66654e399b28a4c327d7b32842e48bc7cb42c5ddf0334cb435a54fe,26,1,1,0.017049569636583328,0.969122052192688,0.013828445225954056
B-H1,4,42,6623d48d7b4f14736e86dddd3ea44cbf28743d1a0fa21fd0bc2badc498627870,30,1,1,0.05769817903637886,0.9363396763801575,0.005962175317108631
B-H1,4,42,adeb2a11168a375acac8a5ba7b0b12f61ea068f42dc92905098e6e9cc109f6bd,31,2,2,0.0005613394896499813,0.19223253428936005,0.8072061538696289
B-H1,4,42,754d80adc397c4fc9bec4ce162ed868fbaba4b8aa3ab35766de0fb6def2f0ceb,34,1,1,0.01154491025954485,0.9625824689865112,0.02587260492146015
B-H1,4,42,84eb0f805fcb924ea581aaeed6c1024f9b78a793c930404ba039a4ceae8ccc01,37,1,1,0.005357703194022179,0.8844478130340576,0.11019439995288849
B-H1,4,42,5a01e160eddd0bfbc539ba4edb21a863e238a235071b2454983b79461d8e4206,58,1,1,0.003441773122176528,0.7285199165344238,0.26803824305534363
B-H1,4,42,717139bec7d6697c010ef70919581b03d427ed7b732fe74877da3c2869a2549a,65,2,2,0.0002828737488016486,0.10691173374652863,0.8928053379058838
B-H1,4,42,ae7b53521c5f68c35a765aa5d26aa9bfb6604a6b2115fb3b85bc571e44290618,70,1,1,0.014060498215258121,0.9528188109397888,0.0331207774579525
B-H1,4,42,c95ca8f4fa098b2e8efa4e74297b6a837b1cad117a7c74f757cfb6e899300c9b,71,1,1,0.22875109314918518,0.7675600051879883,0.003688942641019821
B-H1,4,42,8e1cfba12ecae9c7fe55971bfee9792fcbabb9508905435e85fb5be079f00c2e,75,1,1,0.03406991809606552,0.9569809436798096,0.008949141018092632
B-H1,4,42,661a678ac0beaf6c8e05288f361e0ec2e0cbe5cd6eeac862ecacedbc032c4cd3,76,1,1,0.02139412611722946,0.962971031665802,0.015634916722774506
B-H1,4,42,f6f85707110f73a6681ed41afcb48bbfe37fc724bb0552b9d4cf0fe7426ae0d2,78,1,0,0.5214551687240601,0.4770941436290741,0.0014506493462249637
B-H1,4,42,a39c3e2842a98f8ce8ef89b6eecb15c7e97b2bba8dd4fce046e6f457f63b132f,83,1,1,0.008018315769731998,0.933098554611206,0.05888321250677109
B-H1,4,42,f71c1967da2534ea41551a7d2611bd192dc4205226657d845b33cb958d52e12f,88,1,1,0.050952550023794174,0.9392261505126953,0.00982134509831667
B-H1,4,42,55134d6b9833e0dd6d9893c0d987db36b88926cc2663da7803c8d21064433f00,91,1,1,0.003441773122176528,0.7285199165344238,0.26803824305534363
B-H1,4,42,7dbcdf95b6256c0f7b1dd6a3cc8fc9f0657b3eda2c88287ea432e7e932ba8d14,94,1,1,0.017049569636583328,0.969122052192688,0.013828445225954056
B-H1,4,42,4c96ee395ae6b58dd1fc56a4feecd55f450b02849ef0476aa8095841292de3e1,95,1,1,0.005357703194022179,0.8844478130340576,0.11019439995288849
B-H1,4,42,4f65f4ecb5dec7a9bcbad3145918aab9b07f8a407f8e8a2091429b181b95ce71,106,1,1,0.15114064514636993,0.8449094295501709,0.003950022626668215
B-H1,4,42,1cef8f807fdca35bb7855250f58e049e267f113b93c430f11985366f1fcfd9d7,114,1,1,0.36179661750793457,0.6358784437179565,0.0023249108344316483
B-H1,4,42,0ea019d83f26df83e9b4d8ca38756d7365d28364686c182cd874a5234050812b,116,2,2,0.0002828737488016486,0.10691173374652863,0.8928053379058838
B-H1,4,42,3dbffa78da4c6ccc5516a203817127a6190976a61b2c1e8e3ea1b77c6cff7d9d,122,1,1,0.00541294552385807,0.8456442356109619,0.14894288778305054
B-H1,4,42,7df3a248b5f8b93b45248cf254e97e9ba96a25254e52674e69515928d061a4e0,123,1,1,0.00760254543274641,0.9467406868934631,0.045656852424144745
B-H1,4,42,d2b095aa11fac2c0afb11ad09d16074d95b8ba0c47d799f8ede52e5b993a41dd,126,1,1,0.05769817903637886,0.9363396763801575,0.005962175317108631
B-H1,4,42,dcbc9639337cde5535cbfd1b0895c1483a0c8d68b64e3c51551b748cef00b663,131,0,1,0.36179661750793457,0.6358784437179565,0.0023249108344316483
B-H1,4,42,15b4ffd20b8c1fc30ae15bc841142d7ad85f1a4f9571265b80d081a59b742e1d,139,2,1,0.003784456057474017,0.7867388129234314,0.20947669446468353
B-H1,4,42,6c01e488a30c00d7ce599e5c6d7195f878613637774ce7b5cd4d9e7dab67078a,148,0,0,0.6658231019973755,0.33328408002853394,0.00089275959180668
B-H1,4,42,cec560dc37f41cd4c0033a5023e3ad17cb7fab8ef72dc1a8150a7ed88228fdd9,150,0,0,0.7316775918006897,0.2676202356815338,0.0007022637291811407
B-H1,4,42,b434bdb6cf6a016c8fcf4ddfda1903c394ac80dd9a22c7ed02b2593841c71f91,157,1,1,0.08638547360897064,0.9077257513999939,0.005888786632567644
B-H1,4,42,ba5855f8ae5d306be9297d600b9787f650a7bcdd0cb8c9be2e1066ffbedbd65e,167,1,1,0.005357703194022179,0.8844478130340576,0.11019439995288849
B-H1,4,42,8cfcf18683c3b7ba3ced162978e9086a8ed03ba8ea0326e9517b0fb14a46f944,168,0,0,0.8728352785110474,0.1268848031759262,0.00027990134549327195
B-H1,4,42,3a299c3c001be06083770361c18b9c8ad0448316f4c759f5eb6be75b20384d39,169,1,0,0.7316775918006897,0.2676202356815338,0.0007022637291811407
B-H1,4,42,85f403ccf55735ef4bcbb2f529613e60c1023c2ec151eba3a05f40c076ed746f,171,1,1,0.050952550023794174,0.9392261505126953,0.00982134509831667
B-H1,4,42,6df07523c6bcce6099d7d663ad6a57b32e7357259ad66091764a914e4062a886,173,1,0,0.7316775918006897,0.2676202356815338,0.0007022637291811407
B-H1,4,42,4d9c66f835e53c59a5b442cc32a3068c038a14b4b5816a08082ca8e454ac6666,177,0,0,0.7316775918006897,0.2676202356815338,0.0007022637291811407
B-H1,4,42,ea343acee5823e9928048bcd114ab1bf1f6a80fe0d6f43707827d9efaf48f9c4,182,1,1,0.01154491025954485,0.9625824689865112,0.02587260492146015
B-H1,4,42,1f45e1f29d5af173d4f68cb977fa645b945e3015dcbee511344c2d6f2417112b,184,1,0,0.5214551687240601,0.4770941436290741,0.0014506493462249637
B-H1,4,42,2085cb7bb188011662c46b252b9f3e65cd2c79085775a23fcecb742fefa155a4,190,1,1,0.008018315769731998,0.933098554611206,0.05888321250677109
B-H1,4,42,dda56c3d07f633d971d329a63b1fdd7558cfca3fb0e027085f9e37f767b3fb45,199,1,1,0.010675230994820595,0.9668188095092773,0.02250591665506363
B-H1,4,42,edb22055eb500691bda99be2c9e755b933fda43abbb5ac8d461c3b99c85b847e,200,1,1,0.36179661750793457,0.6358784437179565,0.0023249108344316483
B-H1,4,42,c590d4966929434b32180f09a7062520e5996d2f0fe22fac768d1ca0613d025e,220,1,1,0.03406991809606552,0.9569809436798096,0.008949141018092632
B-H1,4,42,a5daa6d5539669eb579a2eb52884c6f73f940319383b144b4c4638f49c0549d8,233,1,1,0.01154491025954485,0.9625824689865112,0.02587260492146015
B-H1,4,42,98c1ed0f87d3d9f68a060c36de601cd9dd4c5c389aa3ef9b828e9c93c98f1a50,242,1,1,0.25896984338760376,0.738273561000824,0.0027566449716687202
B-H1,4,42,c302ee011150e5de42eafaa347a1b841d5d8807659f31696d8f82c5a4abc8105,245,1,1,0.00760254543274641,0.9467406868934631,0.045656852424144745
B-H1,4,42,7dd03f8de291c327ff1d0ed6f33b027547ee5dee91900d57ad3847ddbc771ca2,257,0,0,0.6042274832725525,0.39456889033317566,0.00120363209862262
B-H1,4,42,6bf3a7c4314c48c91d33eb94eb7bbcf708f6d2a7c6af47237735c2d12f683e35,260,1,1,0.02139412611722946,0.962971031665802,0.015634916722774506
B-H1,4,42,bf0447db8e3d43257114531a92a520c82a6453bd3b7ae34aea8711ce45d014b0,264,1,1,0.22875109314918518,0.7675600051879883,0.003688942641019821
B-H1,4,42,747d3e66fb22e30550810dc98794ef466dae76dcbd60596dc19187a28a0495e2,279,0,0,0.8728352785110474,0.1268848031759262,0.00027990134549327195
B-H1,4,42,570a9095c62e1fa55a30bd460a6ecc380dc180927ebbc369eb3452bf401f5b43,294,1,1,0.03406991809606552,0.9569809436798096,0.008949141018092632
B-H1,4,42,06bff8560b0213942ba71145fac2e05499ca6db5f23f3a048b71ea1db4373276,297,1,1,0.25896984338760376,0.738273561000824,0.0027566449716687202
B-H1,4,42,8facf48402aa60c4e52666105b216119e1b68d607cd90e64c373961ddfa8a9bf,299,1,1,0.026664990931749344,0.9645183682441711,0.008816646412014961
B-H1,4,42,5756c809e3d8db3cdd21b5e8d36139858b8f09dbfdb84c88dd454914fd2447db,314,2,2,0.0001256697141798213,0.052803389728069305,0.9470709562301636
B-H1,4,42,b44a3f41d310382fd60bf7f3a58d33ef67db0a23e704c0acd98fc529dad15ebc,321,2,1,0.00258720014244318,0.6311530470848083,0.36625975370407104
B-H1,4,42,5371b6cfff41d777216e0c9e04d0277262e4f4b282938a4ca51084387331c4ff,328,1,1,0.00760254543274641,0.9467406868934631,0.045656852424144745
B-H1,4,42,48049b601c2a81fda78b5d5252ae9ddaa08e0b7a64fbb1d35031fe640387123e,330,1,1,0.00760254543274641,0.9467406868934631,0.045656852424144745
B-H1,4,42,c48e0d5c7811d548c58be8c2e32213fe468160e54c1ed6ee3557e08eff54818c,338,2,2,6.5758875280153e-05,0.030143680050969124,0.9697905778884888
B-H1,4,42,9880128f9a4f009cbace58c35f08be763d85a148d19dbb6ed1cedb3e6b9cae7f,341,1,1,0.003441773122176528,0.7285199165344238,0.26803824305534363
B-H1,4,42,815d426caf6647658ab5ad600a6d9a4844a450a2fe631540bcc73263b16a4409,342,1,1,0.003784456057474017,0.7867388129234314,0.20947669446468353
B-H1,4,42,e9f98ce85a29627dad55d76982d434e4bdb6f159fafb9c3c1b5771e0e95bff25,345,2,2,0.0012541558826342225,0.3712548315525055,0.6274910569190979
B-H1,4,42,13db9493e5d931ec94f3d05fb0df869516c061cdb89058e2bdb16c5859508cbf,350,1,1,0.25896984338760376,0.738273561000824,0.0027566449716687202
B-H1,4,42,bac5a079bec62bc26a6dc783910825de9e2871a6d90c260b7f137ba75a6b17fb,356,2,2,0.00032989613828249276,0.12213107198476791,0.8775390386581421
B-H1,4,42,94c0b44f9a2d481c5d2237dd73738cc92b9ee67076b318f634fc32aa4032a0b4,359,2,2,0.0005613394896499813,0.19223253428936005,0.8072061538696289
B-H1,4,42,416afeb98b33f5e4f2a8e68a875e28fd4105a31165d6851ea3c83a3ccaa2515c,361,1,1,0.08638547360897064,0.9077257513999939,0.005888786632567644
B-H1,4,42,7cd43d94523c810f9ed5537e7015539cc8c9859bcedd689aec68db38a22003a3,364,2,2,0.0012541558826342225,0.3712548315525055,0.6274910569190979
B-H1,4,42,5a4c58dd7c63f01c85c75de330f08bf3279e1a3ffd1a3b3351ddc32a2bc68f49,369,1,1,0.15114064514636993,0.8449094295501709,0.003950022626668215
B-H1,4,42,a26bf4e51a6f635e952f279fa007eebd60b1a0aa43278a348f6ce7430b2f6168,373,1,1,0.03406991809606552,0.9569809436798096,0.008949141018092632
B-H1,4,42,397cbeb6f38ebcdc8d0dd0bc306d8baa31702dc5ab41fd7ce317e3961c9e3b32,378,2,2,7.872311107348651e-05,0.035087406635284424,0.9648338556289673
B-H1,4,42,be0ebb7565c48c88742be3d147378e0339658b36ddc168b506068b1c90f4c79a,380,1,1,0.008018315769731998,0.933098554611206,0.05888321250677109
B-H1,4,42,122e7e9e553c3480710d48da1b809bc3a0f00c8f31d7959bfbb0bb4217186e2f,383,1,1,0.03406991809606552,0.9569809436798096,0.008949141018092632
B-H1,4,42,a31c0ced032973a0e5414d71c603cafbff10cff8e3e8d4e4a720af17012d472c,387,2,2,0.0010267251636832952,0.31451651453971863,0.6844567656517029
B-H1,4,42,31be86aecc38b94fea6900d3b08f0dbc20cdc907d7b94ba8ffefbc3e636be934,396,2,2,0.00017887055582832545,0.07192002236843109,0.9279010891914368
B-H1,4,42,7cf9fc722144d5c5e38c3fea10921acf4cb1fa34cc1bd7692b29595386d51a2e,400,2,2,0.0010267251636832952,0.31451651453971863,0.6844567656517029
B-H1,4,42,05ccbda5c8030aa70186394e3bd73c3d761e81154d70b009f09ac260843bbcb7,404,2,1,0.003177633974701166,0.7060399651527405,0.2907824218273163
B-H1,4,42,b0eb4c514496bbccfadc92bbc9d502a308cf264f615a7270f4508adfa95341f5,410,2,2,0.0010422364575788379,0.3138098418712616,0.6851479411125183
B-H1,4,42,b50eec873e5ad85197e459d43c6a8a7c64c7be7730e766647b9b32f8958cd6e7,426,1,1,0.15114064514636993,0.8449094295501709,0.003950022626668215
B-H1,4,42,cc1b2843c4a07d3b4fa4abf9fd5537a7a6d4df902398c1cbe928fe3bce259418,427,2,2,0.0001256697141798213,0.052803389728069305,0.9470709562301636
B-H1,4,42,66e20104ca9e36937afb002e64108ee63a347a8b7749a55b588d30eb3e1409e4,431,1,1,0.15114064514636993,0.8449094295501709,0.003950022626668215
B-H1,4,42,2d77937efb442c0e808c407a59ec6405337a2a3460fb13f2f68d8434be09fe8e,435,1,1,0.15114064514636993,0.8449094295501709,0.003950022626668215
B-H1,4,42,d3dea6e23727f3861155568fe03f7508dad97315d987d7f509832e7bf6b4eecf,447,0,1,0.40393322706222534,0.5941709876060486,0.001895787427201867
B-H1,4,42,36151d13bff095b0f9b3c390fa02f663a49fd45fe72702bad759cd82db3174c3,459,1,1,0.36179661750793457,0.6358784437179565,0.0023249108344316483
B-H1,4,42,3b0abeb2580501c078d50f1862f005665c127524372015d5674ef8679685fabd,461,1,1,0.008018315769731998,0.933098554611206,0.05888321250677109
B-H1,4,42,3f3aa71345eef153c551d8268b4cf413be9de4e5ebe03d0b0aef13d7178f6451,467,1,1,0.003441773122176528,0.7285199165344238,0.26803824305534363
B-H1,4,42,e63fd967ad59bf73b27ba4efcf551436428f26a03ab3e1ca498f3e01f0550a1a,481,1,1,0.25896984338760376,0.738273561000824,0.0027566449716687202
B-H1,4,42,e8921714e78de17aa9004ed167d45bd0471420f26d1c05f61df1adaf22cf37fe,482,0,1,0.25896984338760376,0.738273561000824,0.0027566449716687202
B-H1,4,42,2a0de0babe99f6482353deccfb8c5a64a0d4e142134c21435a7d5cb4bb7a44f0,483,1,1,0.25896984338760376,0.738273561000824,0.0027566449716687202
B-H1,4,42,8da546665c37fd3768dd5df0c43d9e48a594114602af5888eca3732f0b8f2bdd,487,1,0,0.769097626209259,0.2303379476070404,0.0005643782787956297
B-H1,4,42,6807374cf8dc72644182a43a9da4afcfba4ad80f80c056f982d40cb0cdd9609b,494,0,0,0.6658231019973755,0.33328408002853394,0.00089275959180668
B-H1,4,42,e92297353a3a22b944725a165b52f80a1965ee09f6178dfc184860131871920c,495,1,1,0.003441773122176528,0.7285199165344238,0.26803824305534363
B-H1,4,42,c997661e8f088ce61daed2d734e2baf038d0a5f5a2326a8545dcefa81f72bec0,497,1,1,0.05769817903637886,0.9363396763801575,0.005962175317108631
B-H1,4,42,d064c27e57ecbf5d0cace935aea0fc9d1053dd486ab0eaeec1c8b8e510cc7bd3,498,1,1,0.003441773122176528,0.7285199165344238,0.26803824305534363
B-H1,4,42,058ccc5f0c17c416ef06df1ed5deaa48d112f42a14f667bcf9846fdb664ef366,518,0,0,0.9378352165222168,0.062040407210588455,0.0001243712322320789
B-H1,4,42,ccd0b5095c5ca020ed29dcb4ed07bc78fb4f8bd1d01103c832c16f74415da411,523,0,0,0.9549112319946289,0.04500478506088257,8.386333502130583e-05
B-H1,4,42,c67ea185339d2fb8c8312dc38cff21dc6b000f785be421eef88bbdcdf6c6b17a,532,0,0,0.8391397595405579,0.16047923266887665,0.00038099632365629077
B-H1,4,42,1c68670c6ff38a49598f90f6157ce8bac895df1254da553b54bf687cfa750f91,533,2,2,0.0012541558826342225,0.3712548315525055,0.6274910569190979
B-H1,4,42,33aa276ee8893c316e5b08f90d403be82db716c7a10ce7d0c6a91aa861061f55,539,1,1,0.25896984338760376,0.738273561000824,0.0027566449716687202
B-H1,4,42,e40a0fc10b44506213ca47e78c7d510fb7715425780e3f270f0a25a0b0fc9acd,541,1,1,0.22875109314918518,0.7675600051879883,0.003688942641019821
B-H1,4,42,60dac4fdcf327b961a62f11465381e422541c18c956cf5cf22c128d4b842b021,546,2,1,0.00258720014244318,0.6311530470848083,0.36625975370407104
B-H1,4,42,f0a4ff0b2550559804aa110b3356616d37f08aea297e713738efde6a82a9c905,554,1,1,0.05769817903637886,0.9363396763801575,0.005962175317108631
B-H1,4,42,dba044228ddb18bf24955ec6f54e2d9d259a453b9e3cc7ac001d1eb1b5c9b9ff,557,1,0,0.769097626209259,0.2303379476070404,0.0005643782787956297
B-H1,4,42,dfb22216dca7b15a73c5d13592b3a4d456865e6b14a914fc23a7440d2c793feb,561,1,1,0.36179661750793457,0.6358784437179565,0.0023249108344316483
B-H1,4,42,8083fab72781bef33f4c3f68371defad870524369b374017badac30ed6b5920b,572,0,0,0.9607512950897217,0.039176926016807556,7.169882883317769e-05
B-H1,4,42,1aaef0af18b1a224fa7924b8a1453fb8b5547a6dea9cbd572550da4fdf495da9,574,1,1,0.1775801032781601,0.8191225528717041,0.0032973052002489567
B-H1,4,42,05ccbabae43833184ec6c444793c4e8cacbda9996a75f0cd529a00fb88642dda,580,1,0,0.6658231019973755,0.33328408002853394,0.00089275959180668
B-H1,4,42,77746b53c327b916c5ec4cc31ec639b45db4160f2d1135410449c6eaa0246f2e,582,0,0,0.9042358994483948,0.09556356072425842,0.0002005721617024392
B-H1,4,42,344202bfae426b40571c614ea63322e5df0a08a9e6479a8ee7d45ead1a7607bf,585,0,0,0.8886120319366455,0.1111454889178276,0.00024248637782875448
B-H1,4,42,f2467f3e3e1aa7ea454678b2f6366dcc05717a73be181ad40e267ca3f4a20eaf,588,0,1,0.40393322706222534,0.5941709876060486,0.001895787427201867
B-H1,4,42,28acd3c3d384d8b12fc6beb8a099937473fcf151408bd2085df22511ad2be313,600,1,1,0.00760254543274641,0.9467406868934631,0.045656852424144745
B-H1,4,42,4a8567b621350cc729465a20bc85964673deb69044ecf71e3b59a4220f804585,602,1,1,0.017049569636583328,0.969122052192688,0.013828445225954056
B-H1,4,42,01da3e159b6ce80ac8e0f280d001e0b1feae934b7f87e69e52a68f6f40f1631b,611,2,1,0.0021443450823426247,0.5538752675056458,0.44398033618927
B-H1,4,42,2d1b2dad312d67abe149344cc5753c2181558ff169882e194058c0eea17a64f6,613,1,1,0.15114064514636993,0.8449094295501709,0.003950022626668215
B-H1,4,42,457bc623d54c8df675fda66a9a5a159bb6259cf81fdd5a312ea24da7116effd3,615,2,2,0.0010267251636832952,0.31451651453971863,0.6844567656517029
B-H1,4,42,fb2e62e9e165d1b9fc47a6787af9d64df4a4b63f931a035289966a672894fdfe,616,1,1,0.003441773122176528,0.7285199165344238,0.26803824305534363
B-H1,4,42,72d66c7979e51d234b4f5c7cb46e06e165d847b6d88d705eae864ec291dd7fd2,617,2,2,7.136928616091609e-05,0.03226575255393982,0.9676629304885864
B-H1,4,42,5bfc17c84629c446ef515aaeaab83b0c8b4ad7591746f50c3f337e0eef4bd5ce,623,2,2,0.00032989613828249276,0.12213107198476791,0.8775390386581421
B-H1,4,42,a288de67ba6e534c619fb61e1a8643504542cbb8d7cfc5f5b4a96fa78e5ef948,624,0,0,0.8194965124130249,0.1800769716501236,0.00042653459240682423
B-H1,4,42,9dfe951a72432d669852444c668c15b73a677afe22aab4dd3febadf96aea1bbc,628,1,1,0.05769817903637886,0.9363396763801575,0.005962175317108631
B-H1,4,42,9601c9dd198c4a6dc5124d4d420e2ff339734b9a9e1079da056b3412d663b347,636,2,2,7.872311107348651e-05,0.035087406635284424,0.9648338556289673
B-H1,4,42,c69567d2d69504dcc3e49e555057fd7d89a52635db8622cab985007a194e53ea,640,0,0,0.9173808097839355,0.08244943618774414,0.00016968582349363714
B-H1,4,42,f2d3074dfbaef344aa4981cbffee6d788ff0def980a874cc42e1dd4df85a9726,645,2,2,0.0005613394896499813,0.19223253428936005,0.8072061538696289
B-H1,4,42,360878e8a6171b73196b1189a0e33d9b6733e9ad741d46f90bee01573fbef0dc,646,0,1,0.017049569636583328,0.969122052192688,0.013828445225954056
B-H1,4,42,674130e6bbe693f70e17ce995304b93967bd09052c13f383b45753334d551bc7,647,1,1,0.15114064514636993,0.8449094295501709,0.003950022626668215
B-O0,0,42,f827075494ff9d262d45598bb3a1701eb955b99abca1ab6af3b2e2331aff4808,3,1,2,0.31905585527420044,0.2584385871887207,0.42250555753707886
B-O0,0,42,5fafc4bdf7193aef5fb9fb71d655df200121838704e28ac2fa6588954ee3e27a,5,1,2,0.33475983142852783,0.26004758477211,0.4051925837993622
B-O0,0,42,9a87b2493917ab4a2e2a0087e5caf12c4b02676cfdfef54992ed8ca5ca77f88f,6,1,2,0.3305169939994812,0.2596757709980011,0.4098072350025177
B-O0,0,42,d9baf8f9d90857c2e8aa4260b7eaf6c386460681228c2bee02a6b55597a43b69,7,1,2,0.3396771550178528,0.26042163372039795,0.39990121126174927
B-O0,0,42,6b0a215f6bd63db235793c4ada62b4853f51f8a279def3710a3687fc319d4da4,8,2,2,0.30810582637786865,0.25692877173423767,0.4349654018878937
B-O0,0,42,a6252e1f0313cc82adc4651b4f4ced232435f7dff2e029302acc772e52fa2efc,11,1,2,0.34343421459198,0.2606669068336487,0.39589887857437134
B-O0,0,42,5cba6871fec089b5dc9bcf045ba6e02ea473d055005f13d552c94fdac6686fe5,19,1,2,0.33475983142852783,0.26004758477211,0.4051925837993622
B-O0,0,42,0fdca47962352eadea2e4637769c1d9eb007bd0634379ff90463a8a2c57c1789,22,1,2,0.33103489875793457,0.25972363352775574,0.4092414677143097
B-O0,0,42,7daa9011bd495f51a4514b37670bcdea719bbc30097f1653406dba4a8e98c046,32,2,2,0.32317984104156494,0.2589234411716461,0.41789671778678894
B-O0,0,42,eeed46e477e7a7086b3dd17a4ffa4e4e996e9f005a71a8b1bbaf81c10d4d046e,35,1,2,0.3428720235824585,0.2606324255466461,0.3964955508708954
B-O0,0,42,0f3b55ce37cdca89a1c78fcec7a77751d9794f7cb1235804469a7daf9e63de4f,42,2,2,0.31552934646606445,0.2579878866672516,0.42648276686668396
B-O0,0,42,0400acddec5641be9ed3da2cb98d514d062d4b150affe3dc22c7d5c88070c742,43,1,2,0.3555477261543274,0.2612241208553314,0.3832281529903412
B-O0,0,42,a20449c0fa9b781f95175c7906471527630e66fdd4d57f1ce262975af3ce8991,46,1,2,0.3305169939994812,0.2596757709980011,0.4098072350025177
B-O0,0,42,c79001dea4273719bcd01dbbfb7dc9181dda44a45e219cf7245f67640b98740a,47,2,2,0.2989288568496704,0.25540727376937866,0.4456638693809509
B-O0,0,42,3b51ad679e8b0ce6b2fafb421a74825a2de42f8e1aed05cbd3a81335a2923228,48,1,2,0.3390681743621826,0.2603786289691925,0.4005531966686249
B-O0,0,42,f5162c4d57e22476a2fd86a4b724fe8da727100a27f30d4fe72a9c346f5c001c,49,1,2,0.3305169939994812,0.2596757709980011,0.4098072350025177
B-O0,0,42,bdb3e3243f4945237482dc791db610d13e33bde5b6d72369ed200729dddc360a,54,1,2,0.3305169939994812,0.2596757709980011,0.4098072350025177
B-O0,0,42,fd5b4c1d3d861f5a2629640b96c79ba38eb9d1ff76552d929679d3dad440b73f,57,2,2,0.3115166425704956,0.2574341595172882,0.4310491979122162
B-O0,0,42,adf16fc552a8d1b40b4ec42e52c444ad8d840e40483acd8054933050b6375e7f,62,1,2,0.3268117904663086,0.2593132555484772,0.41387495398521423
B-O0,0,42,461e4acae5091b1364fab0f058f3a5296ed75a394000f65a696e528c54bf6001,63,1,2,0.3226633667945862,0.25886520743370056,0.41847142577171326
B-O0,0,42,eb0ffac90c1fe5ccf1060219e349ca7d29540eb3e630465aa9b969a38900d539,66,1,2,0.3390681743621826,0.2603786289691925,0.4005531966686249
B-O0,0,42,e87f2023e1a92b852755b7851d3150e9d19886692316d048409e5eaceb11dd5c,67,1,2,0.35502785444259644,0.26120737195014954,0.38376477360725403
B-O0,0,42,77472ffabdf2ba610830e2dba876659a629d3dc9bf1c6a3fe5b3fd11e1a7b01b,73,1,2,0.3268117904663086,0.2593132555484772,0.41387495398521423
B-O0,0,42,12e99bde80179014843362cb5bcb78e39e741147045460921df42487eadf8cef,77,1,2,0.3268117904663086,0.2593132555484772,0.41387495398521423
B-O0,0,42,04775e820b5829ba9b9a17482a4af9625350a3a9c39213f678c4a17f3f1c7b72,84,1,2,0.3305169939994812,0.2596757709980011,0.4098072350025177
B-O0,0,42,976ddafb2f8abe1ac4c19be98626949c2548ab5eaf452fae24dce90c4de7b8c9,92,1,2,0.33103489875793457,0.25972363352775574,0.4092414677143097
B-O0,0,42,5be7ba94e5d3acd4388614300b6ad48a44492e847b6d0e39fccd27e6cf9ae5f5,93,1,2,0.32317984104156494,0.2589234411716461,0.41789671778678894
B-O0,0,42,a1e98e417eed1e1a141a0b30b714a23f0dc568239616354e4a175bf8ea08a28c,98,1,2,0.33103489875793457,0.25972363352775574,0.4092414677143097
B-O0,0,42,9ba998c5d87d08fc3d40b1b83a650245d89a368abad6136f452df88cc96ddce1,102,1,2,0.33103489875793457,0.25972363352775574,0.4092414677143097
B-O0,0,42,a5d49a55806e6aac09daa9f48f214a4bb4d26dc6b501261c0ba01041d3d2f9d9,103,1,2,0.3467303514480591,0.26085349917411804,0.3924161493778229
B-O0,0,42,3039b67e191cb12f942b21e621f38cb832b6a2d5e570cd00e2a2205f9831c0a6,105,1,2,0.3511171340942383,0.2610611021518707,0.387821763753891
B-O0,0,42,4b7e7cbc654f5e60c12ab432b3144305090c199d58af8071af7e5a16619e6aca,107,1,2,0.32317984104156494,0.2589234411716461,0.41789671778678894
B-O0,0,42,30f9b13a03f303748526a158e8940797fe5e5c600fce68be3e50b0840a4368e9,118,1,2,0.3385491967201233,0.26034119725227356,0.40110960602760315
B-O0,0,42,c9610bea3409798e091290f260c60e5b4d3f0a84a43555989287b37d07ebf51b,119,1,2,0.3226633667945862,0.25886520743370056,0.41847142577171326
B-O0,0,42,ab8ce69a1319b228880d829dc5631ea34e5cb080bfbc178aa048514436b7ecee,124,1,2,0.3385491967201233,0.26034119725227356,0.40110960602760315
B-O0,0,42,93c4bf4a5b21f36e6b0aae5bb990899ccf48d342143ca0e115fbbcce24f1e0a6,130,1,2,0.34724998474121094,0.2608805298805237,0.3918694853782654
B-O0,0,42,4843201d2b160da0c05fc6013c664892482d15cae8e6986d6ad88ce3feaf72b8,132,1,2,0.3467303514480591,0.26085349917411804,0.3924161493778229
B-O0,0,42,cf57f1500208fbbe850bfcb423c0a07e8d0a3e41dbe03e9530034f5adb63eb16,134,1,2,0.3305169939994812,0.2596757709980011,0.4098072350025177
B-O0,0,42,d00d28ef2c4596a4d66713623e2b8bc3764ba2818602f1c62d3f21d371614dd7,137,1,2,0.33428943157196045,0.26000863313674927,0.4057019352912903
B-O0,0,42,f4a1fcac757fd73ac757509249c0ec925230f6e917bdf8e793757ea12e98b50d,145,1,2,0.3594614863395691,0.26132965087890625,0.37920886278152466
B-O0,0,42,ae60908f4c85b03a0a49269075a0f3e13559c408c540b42632a059b5cfb0cd4d,146,1,2,0.3511171340942383,0.2610611021518707,0.387821763753891
B-O0,0,42,810b57dafea30a2f75e872d5e62c29a08fc07a9ccaebf778bc32b9ed8700674c,154,1,2,0.34724998474121094,0.2608805298805237,0.3918694853782654
B-O0,0,42,0bf3a2d884e1555952ad611ad5ac00b76d97402156df050266c3cfc95f605dea,155,0,2,0.36737626791000366,0.26143506169319153,0.3711886703968048
B-O0,0,42,ae88168be6110ac8992db8b155e6bd8dad4a050a4a4fabb91d628b18e0ff3fdc,163,0,2,0.3506353497505188,0.2610405683517456,0.3883240818977356
B-O0,0,42,9881e8df21340beb673d11fb2f0087e28ca86d90cac54001885ad77fa39fe58f,181,2,2,0.2989288568496704,0.25540727376937866,0.4456638693809509
B-O0,0,42,d8eea83646be1e9c916e665fa77c259449f8745ed6a29cd6f9b1a9dced475fd5,187,1,2,0.3226633667945862,0.25886520743370056,0.41847142577171326
B-O0,0,42,60763b4cebd2c23d4b6bb41fe41d2708e53e1479ca7374112530066b5e4893e5,191,1,2,0.3506353497505188,0.2610405683517456,0.3883240818977356
B-O0,0,42,6c6dd067b740da372386ce71f81ed5b8dc2e1e9f93625be9b4884d1d73f96114,196,2,2,0.2971835136413574,0.25509077310562134,0.44772571325302124
B-O0,0,42,86eb8973fc65f23f76646a24050506efc45364d1ed311733b312688b82d03540,198,2,2,0.31552934646606445,0.2579878866672516,0.42648276686668396
B-O0,0,42,e3f90cf05c633dae16fb7f47884d7cd562ac2769d89e9243c8680a8ba22af681,204,1,2,0.33475983142852783,0.26004758477211,0.4051925837993622
B-O0,0,42,9a0d7d130a794be7bc69983881925e866dbd081148ab7ab7a8b811b52c7a21f0,211,1,2,0.34724998474121094,0.2608805298805237,0.3918694853782654
B-O0,0,42,8332987b673c95bbee93c9f25e2f6e37e4235c9e6ae83604205ff69eb49247f9,214,2,2,0.31905585527420044,0.2584385871887207,0.42250555753707886
B-O0,0,42,7f598fa9cd8021402624f92fab82098fb58747ccd8a722c3d994f05b6ed0f217,218,1,2,0.3268117904663086,0.2593132555484772,0.41387495398521423
B-O0,0,42,f094aac8706b95f9bece4eeac1389e28ad75114d0e4206b7769ded1102994ff1,221,2,2,0.31552934646606445,0.2579878866672516,0.42648276686668396
B-O0,0,42,6bcf085df851ffdd063de277d7f6de02756302343ed42266339f33b7f195ec0d,225,1,2,0.3305169939994812,0.2596757709980011,0.4098072350025177
B-O0,0,42,2a5b3658c6bb089977c0132627aeddf27747b5ba1997b7f2041f3039d3025854,228,1,2,0.3385491967201233,0.26034119725227356,0.40110960602760315
B-O0,0,42,97c9512caadb3ffd0ad3c7ddd23407aa54871fc60933e4b9f12a69d1cef4214f,251,1,2,0.3555477261543274,0.2612241208553314,0.3832281529903412
B-O0,0,42,5752cee9adf12bd089539e746e30b0d83f71e4f57e8da95e82619ac05b3d6b64,258,2,2,0.31905585527420044,0.2584385871887207,0.42250555753707886
B-O0,0,42,ad959d26f847d9c030d3b6d75856d30298eaee390b8e65835b5173c70de9d93a,262,0,2,0.3594614863395691,0.26132965087890625,0.37920886278152466
B-O0,0,42,f1cc48536731731e0b343782efdde0db8be7fc46955c060a6588a598c61b83b5,266,1,2,0.3150148391723633,0.2579192519187927,0.427065908908844
B-O0,0,42,645409494cfbc0053881ee14531a52cfc643d5a8dd013317825912b73a52362e,267,2,2,0.3115166425704956,0.2574341595172882,0.4310491979122162
B-O0,0,42,00dbf7ed1f04da4f573cdb1c40ee8aabbb629d7e284d1568bca51a8a5f396e7c,268,1,2,0.33475983142852783,0.26004758477211,0.4051925837993622
B-O0,0,42,4837f2cb17208b9a4625ebde74b97e4dd96ffdb5234013a87be717acfa0a8b14,271,1,2,0.3428720235824585,0.2606324255466461,0.3964955508708954
B-O0,0,42,8475bd5769c68d5427ad348aa5b6061ee6bcd37f6f1837cda26be61984a04cac,280,1,2,0.35502785444259644,0.26120737195014954,0.38376477360725403
B-O0,0,42,d744f4e8e0e5a37040ced43f7d9f57213e888b56527ca3961db9750dd4b525fc,284,0,0,0.37235134840011597,0.2614285945892334,0.36622005701065063
B-O0,0,42,63e7b0fd79c9670e63f19d0b85cc2c7efe0f1e527b44bbf33e9c798004594ffd,300,2,2,0.3115166425704956,0.2574341595172882,0.4310491979122162
B-O0,0,42,6db86dac2c557996df538886e2ae001080ddecdab91e2e3a4edede389d70b7e7,310,1,2,0.3639267683029175,0.2614067792892456,0.3746664524078369
B-O0,0,42,e46fe007896b1086b24e7db53b21842ae5f26db41897be76661db0c09520f97c,311,1,2,0.3390681743621826,0.2603786289691925,0.4005531966686249
B-O0,0,42,da52e0801985e6d911242d1cc38a5a2ba9ea6d852304175e9cf5f6682c636afe,332,2,2,0.29536914825439453,0.25475239753723145,0.449878454208374
B-O0,0,42,980a5bcc08361f8d083c12141878dbd24b7a236c18e8184387239050f164a315,351,2,2,0.31552934646606445,0.2579878866672516,0.42648276686668396
B-O0,0,42,0b6002ac98745ed77d24c58dee4c8892e1dca4c93626ce4675b9306294bb2d7d,354,2,2,0.33475983142852783,0.26004758477211,0.4051925837993622
B-O0,0,42,17e8cff30d43b9932efa5ee5fc8ea3d9998f87aa816268d719e22c0b513067e3,357,2,2,0.31552934646606445,0.2579878866672516,0.42648276686668396
B-O0,0,42,328eaadc5fcca2d1c22ba92802c7d13404e083fcc75e8e27c502cd13af3d0548,362,1,2,0.3385491967201233,0.26034119725227356,0.40110960602760315
B-O0,0,42,fe92f0e44d936f618c5a52cbcbbb889fd256a412566488b144015b8482d7b1a1,365,2,2,0.3150148391723633,0.2579192519187927,0.427065908908844
B-O0,0,42,074bdafc94897952ec047e29c94c168d74b04273139ccf2ce1e6f1873ca0ed4a,382,1,2,0.3390681743621826,0.2603786289691925,0.4005531966686249
B-O0,0,42,0fdfadc8e93127b69c5cc192dde2e8ac8ed04c3d1fdbe79dfe2b87b82585bd01,384,1,2,0.3467303514480591,0.26085349917411804,0.3924161493778229
B-O0,0,42,9c1589756f65e471021f9e5736a89d5cabb0481ef20ec88a5286fac861609674,386,2,2,0.3115166425704956,0.2574341595172882,0.4310491979122162
B-O0,0,42,88d41603b7bc18447226de0bd092d97caaafff7d44a58de731f2bfd695e6c89e,391,1,2,0.3353259563446045,0.26009371876716614,0.40458032488822937
B-O0,0,42,573e5d0c416baabe556bbe6df0da1d23f9d757c682f06acc75cbdeeefa53f1dd,395,1,2,0.33475983142852783,0.26004758477211,0.4051925837993622
B-O0,0,42,ca1af162eff48d01248d7b34c3dc4be9123bb4917682c15fcb42f45ba92ce681,397,1,2,0.34343421459198,0.2606669068336487,0.39589887857437134
B-O0,0,42,11f18902f6529ccd006f3eb1926c47f115d9549b2c2f079495389befb1eae919,408,1,2,0.3516744375228882,0.2610841691493988,0.387241393327713
B-O0,0,42,d6a67091791dd72522a6bef06dfea8b0c675a1445234f9512644939352bab471,421,1,2,0.3600127696990967,0.26134172081947327,0.37864550948143005
B-O0,0,42,fb53eea3d4cdbfd82c3a411ba354fb72529c745789e35c027a285e3f70071b48,428,0,0,0.37684208154678345,0.26137545704841614,0.3617824614048004
B-O0,0,42,05b9b2450da4983d21d00900b28b53e5a1f95f950395ddc3ddc45cb106b759b9,429,1,2,0.34724998474121094,0.2608805298805237,0.3918694853782654
B-O0,0,42,f0a97bfafce659abcc15ad3b27366b99f919dc16a513c0931d27b70b5eb2bd13,439,2,2,0.31208837032318115,0.25751569867134094,0.4303959310054779
B-O0,0,42,12f87a813a0f8b8b6295bf7bd67e6b14cf37aea45636ed5ee00d03e5b5987ffb,441,0,2,0.3639267683029175,0.2614067792892456,0.3746664524078369
B-O0,0,42,1a95813d193cd4442bc0b1f87b4bce15afbe7cd42d6c4c82b8f5c88c23abdbf2,445,0,2,0.36841410398483276,0.261438250541687,0.3701476454734802
B-O0,0,42,95a4c4f399ab39050cd2c68303c1b4a717e2b85e43356b382b44a3423cac3ed0,449,1,2,0.3353259563446045,0.26009371876716614,0.40458032488822937
B-O0,0,42,5c0c7a72328563a4b2a7d65fab7f740984af9984186caff86b9cca5da6bfe86c,451,1,2,0.34724998474121094,0.2608805298805237,0.3918694853782654
B-O0,0,42,5f11fef5bae9d1258380639662fb95008d4620c9b9b24aad7083e32efacfbdfc,452,1,2,0.3555477261543274,0.2612241208553314,0.3832281529903412
B-O0,0,42,225629385e18a6854edb9ae5dee2b6c35e44af3143cc0f0fab0867deec5c52bd,460,1,2,0.3467303514480591,0.26085349917411804,0.3924161493778229
B-O0,0,42,65fc55908795c03596628c3be27eff5761f85e2f1b4291d6717c471653ee17a8,465,0,2,0.3634071350097656,0.2614001929759979,0.37519267201423645
B-O0,0,42,e0d210eed199a9e6092e65b724d0b6abf80444548010500e25c9fbfa593246e6,469,1,2,0.3305169939994812,0.2596757709980011,0.4098072350025177
B-O0,0,42,3228a5c1892f93600a970b9e099b3053b891a018a2b4fcdbe092d118a96a8fb3,472,2,2,0.31905585527420044,0.2584385871887207,0.42250555753707886
B-O0,0,42,55149a64f268a012247a00f9c7f3a36b557a25430fed6016ab547ff1c38e61b2,473,1,2,0.35897380113601685,0.26131850481033325,0.3797076940536499
B-O0,0,42,8e4ea3523595a6acd552728b47f2a13b458234f347559c26cb13139a095da1b4,474,1,2,0.34724998474121094,0.2608805298805237,0.3918694853782654
B-O0,0,42,1971d2b4a4cb293ac396176c6d1190289df940842c256fea5bf08fd520cbb4f9,477,1,2,0.3423960208892822,0.26060256361961365,0.3970014154911041
B-O0,0,42,50c59de7b7fadd459118ad53531a05379edf5c0bbf8786fc3b4b96a2d52bd55a,478,0,0,0.37630563974380493,0.26138418912887573,0.36231017112731934
B-O0,0,42,8fd0fe4e154f5d8d0e6fd22a060280c5fc7e2f73594c63d13a67e97a3b835a6b,480,1,2,0.3594614863395691,0.26132965087890625,0.37920886278152466
B-O0,0,42,ee64c4c983197496a5a20dfb847c9b4515dbdade50852024c565d1a74b63cc24,500,0,0,0.38078516721725464,0.2612924575805664,0.35792237520217896
B-O0,0,42,555340884fdb40170947c98290702c40554069d24cf22f20a9785c5218582ca2,506,1,2,0.3506353497505188,0.2610405683517456,0.3883240818977356
B-O0,0,42,6249033ebb4873778de8d435f8863876ed0ccf3c336662af8118b4596dbc2285,520,0,0,0.37684208154678345,0.26137545704841614,0.3617824614048004
B-O0,0,42,866639f3b9f95c14339f44ed24824b71cda6a70d63a86fe0edf0685a8baf5c75,524,0,2,0.36841410398483276,0.261438250541687,0.3701476454734802
B-O0,0,42,7788b10861e73289e28b8fbecdb74643ae51fd2135b9ae4865d7ae2a22141973,525,2,2,0.3150148391723633,0.2579192519187927,0.427065908908844
B-O0,0,42,a9da9db2467c1a5fe7257adb1987e930ea751470576c10c82f4397f3dd37b63f,527,1,2,0.35502785444259644,0.26120737195014954,0.38376477360725403
B-O0,0,42,85a02e1802e7b312ed957ee39e2bbfe0b4632dd2d25d3a8ce177b48d26ba1fc2,529,1,2,0.3428720235824585,0.2606324255466461,0.3964955508708954
B-O0,0,42,d26328550683e27aa4c4fe5be7e2d668c08dadae337ff364dbeb060fd5a931bd,531,1,2,0.3511171340942383,0.2610611021518707,0.387821763753891
B-O0,0,42,4f4759b87edf8e38b6b6c5dd3a52b7fd18a9f97b78b0b8933276755f4ad88080,534,1,2,0.3390681743621826,0.2603786289691925,0.4005531966686249
B-O0,0,42,aeabe5f00bb9cc0af7000e3fafc88866155e65ab4d5da58274d0dee130a02388,536,1,2,0.32317984104156494,0.2589234411716461,0.41789671778678894
B-O0,0,42,2de6307edc2b60e3648d6c261996c60ddb15ccc9f4069aee2e9ee4e9ca9dcaee,540,1,2,0.3516744375228882,0.2610841691493988,0.387241393327713
B-O0,0,42,112e7b51e7d078dd62fe5bcec15f48660dbfc572df659aea50141c8a731a6877,543,0,2,0.3594614863395691,0.26132965087890625,0.37920886278152466
B-O0,0,42,d98717d4a561c7ad6b0aa9c5e73ecccbfb6510d07c8f23d7934fec3f8fbcf474,547,1,2,0.34724998474121094,0.2608805298805237,0.3918694853782654
B-O0,0,42,db842124e7a33dd5887c8d22a815b1649cda7401b683f5f9cc6c7a9dbd533a3e,560,1,2,0.35502785444259644,0.26120737195014954,0.38376477360725403
B-O0,0,42,49adb4d4ef7cf9b7221faad79fd9c2cb259872644777044983365486723c67f4,562,1,2,0.3353259563446045,0.26009371876716614,0.40458032488822937
B-O0,0,42,be89c78f29804f04841228bffef4532f286878a08b52cf8f4f17b15a9fa83364,563,0,0,0.40269798040390015,0.2602309584617615,0.3370710611343384
B-O0,0,42,297cf77b86d2fe61e413421d7216874ab77f45748dff5f7a2531cdaab79a4050,565,0,2,0.3511171340942383,0.2610611021518707,0.387821763753891
B-O0,0,42,531f8aca33aab4bfc992087de862b25def4dea5b91bea6cc49aacbad07b45b7a,577,1,2,0.35502785444259644,0.26120737195014954,0.38376477360725403
B-O0,0,42,4b55155083aea75c9650635eb846d1e7abeaa867e3c5c629e2c90461482485f1,578,1,2,0.3639267683029175,0.2614067792892456,0.3746664524078369
B-O0,0,42,815683c5eb3b782f1a2feeefe55a834447a90f6a62356c843d751e6ed6f7089f,587,0,0,0.3802681565284729,0.2613052427768707,0.35842660069465637
B-O0,0,42,8d5547c0b5e44d69c28a4cead541c515bc82e8f18adfd972abf57b2824ce7a43,591,1,2,0.33103489875793457,0.25972363352775574,0.4092414677143097
B-O0,0,42,71388cc5368946416cbcddee50e2af8f0a6a2794c83dcda516b9f0463aa6ad3a,610,0,0,0.39835071563720703,0.2605205178260803,0.34112876653671265
B-O0,0,42,56d3d8cfe1ee66937b1b304de962e50840fc5df249cec9cc9f427db1842d8971,620,2,2,0.3150148391723633,0.2579192519187927,0.427065908908844
B-O0,0,42,ef3b33bfd33c9a8d675e8c1562f5c2d503094b1f1887af3be3c1e16e100d9af4,629,0,0,0.37235134840011597,0.2614285945892334,0.36622005701065063
B-O0,0,42,ba39525bb89a78df7e0bc9a040dd9c4c00f64baba2719bf9fb4a4bf7aa3dcffa,630,2,2,0.3055763840675354,0.25653305649757385,0.43789055943489075
B-O0,0,42,ca60a0d1bd9510735b9a2c5edb1ab0a7eb2dd31d96b642bce093e7ba08286f2c,631,1,2,0.34724998474121094,0.2608805298805237,0.3918694853782654
B-O0,0,42,2fe1c3d95e43dc7878c7ba2874a7cb62e7829661ff3655b02f110fd5bf516184,634,2,2,0.30421435832977295,0.25631263852119446,0.4394730031490326
B-O0,0,42,61b0a6498279a260ce8cabb4d4114bb5cda03e71c6f6954d7b766ee8a31b2746,635,0,2,0.3639267683029175,0.2614067792892456,0.3746664524078369
B-O0,0,42,6f3f6818c91a4e4ac44cd061158f5c34bee1b5baac40fd4e469a3ed20476104a,638,2,2,0.31552934646606445,0.2579878866672516,0.42648276686668396
B-O0,0,42,1f54ce13a7724f8e43df533f143951e361144f772d6d5ce76fe8e5fc8c77364c,639,0,0,0.3813309669494629,0.26127833127975464,0.35739070177078247
B-O0,0,42,a35adafe1567244423f4e723b5361fdfc62fb0c766c9685554fa976277ee04ba,642,1,0,0.37291282415390015,0.26142439246177673,0.3656627833843231
B-O0,1,42,f816923b16d6506fc091cfe92e86e1139e2f0b3e58c593461da93f6ca5c45a5b,4,1,2,0.33855026960372925,0.26011863350868225,0.4013310968875885
B-O0,1,42,1fa27a62ee1b2d2ba6c92d8546a424dd3509710635f8a2c2568cc88597bb86fe,13,1,2,0.3379843831062317,0.26007694005966187,0.40193867683410645
B-O0,1,42,563f081ac98d1f31498a91b83ae8a2be907cfab0de2d472d199474e4e5eb8c6a,18,0,0,0.37084317207336426,0.26122093200683594,0.3679358959197998
B-O0,1,42,4f83a42c27ea668697977110e8f196526ef09e0479182cf78470ad75e79419c6,29,1,2,0.3417407274246216,0.2603386640548706,0.3979206085205078
B-O0,1,42,088e125061899aeb843e08b444d414177713a8aeb3850db4477647a05e97b064,33,1,2,0.333776593208313,0.2597419321537018,0.40648147463798523
B-O0,1,42,da11b9a824ea17d36ef8425abb47a68b80631b00f26d5fcb34bc902ab7e564d7,38,1,2,0.3422589898109436,0.26037198305130005,0.39736902713775635
B-O0,1,42,a3aa9205c2dd6e6da3e018643f3c57b94d1f7d8f031190e1e8fe1aeb4473edbd,39,1,2,0.32599228620529175,0.25900334119796753,0.4150043725967407
B-O0,1,42,342f55c319e97bc4ebb3ea65c99cec118d9ebb0b9c1dc8c76eda38916bbb6efe,50,1,2,0.32599228620529175,0.25900334119796753,0.4150043725967407
B-O0,1,42,c81837f79017967e7355fc593b81070347505e7400d9bdfc85ffc152e7f91067,56,2,2,0.31841349601745605,0.2581326961517334,0.42345380783081055
B-O0,1,42,fc23ab826a2440d11ef69d2086a1f61b6275743360356da43151abc46afe903f,60,2,2,0.30567872524261475,0.2563213109970093,0.437999963760376
B-O0,1,42,c27b44d54803697af82881ea82d46e3561cbf37bdea8eb62c2df4af1f57d6fac,69,2,2,0.31494855880737305,0.25768372416496277,0.4273677170276642
B-O0,1,42,6eb8f51f02885e1c53aae062c9d8bab63dd1f60f90936f3349e37283882a4e93,74,1,2,0.3460298180580139,0.26059490442276,0.3933752775192261
B-O0,1,42,dd582bddc1aca5d5bb7c320bb57fbf5870022badac32ea6378863b35a16c8ee0,85,1,2,0.3417407274246216,0.2603386640548706,0.3979206085205078
B-O0,1,42,93f04a3c609794b4d53b3b5d2ffcfda0a1358e9ed321e072e10f1c4d0a40b4aa,87,2,2,0.31494855880737305,0.25768372416496277,0.4273677170276642
B-O0,1,42,5029e2776e7b9b5d2af015958cd517fb756f6d8b9853790513dc82715be726fd,96,1,2,0.35476911067962646,0.26097962260246277,0.38425126671791077
B-O0,1,42,2cedf816172020544d1c56529191607083a424ddd9627983acb2537e9c73f8cf,97,1,2,0.333776593208313,0.2597419321537018,0.40648147463798523
B-O0,1,42,fed2454f61d42dd8f9f5651403e7c8aba82a77d8e645d8bf125f75e7c4c73861,99,1,2,0.3342929482460022,0.2597854435443878,0.40592160820961
B-O0,1,42,8265981c42a1d2d7ece956a8e83fc2766c03bd9b677b5188edf9e65cae717f0f,100,0,2,0.36249297857284546,0.26116952300071716,0.3763374984264374
B-O0,1,42,4b4303e1d9cff307886f30665c8e6fb57047e2e8f3cc39e2126b16700e3bf126,101,2,2,0.3077161908149719,0.256641149520874,0.43564265966415405
B-O0,1,42,ffd718c11411f17305eebe2c3fd8eae0b394e9127366a0ffb1165fbe02224135,108,1,2,0.34555500745773315,0.2605687379837036,0.39387625455856323
B-O0,1,42,ff7ddca54e1e9620918ba02dbfe35985a655c87ef1a72ab4ba4d13faa4ead2b0,112,1,2,0.3630467653274536,0.26117783784866333,0.37577539682388306
B-O0,1,42,e27b2368d103c92aa6d3db8b15bcb6a45f02a1799208f1d626eea765d93b4f20,120,1,2,0.32241809368133545,0.25861161947250366,0.4189702868461609
B-O0,1,42,399489b6079af091f33320276c7ad2db3c791129a3edbff5b530c66d32cd7e72,121,1,2,0.32599228620529175,0.25900334119796753,0.4150043725967407
B-O0,1,42,e8cd3aa07ded082c0e9d0cd5ce68316e2c88e74da438e4b08e8a1e9f962c9394,127,1,2,0.3586103916168213,0.2610914409160614,0.3802981674671173
B-O0,1,42,70be8a47e5d22077d37988cb4d32c132724a3d1b083ef9ab0b06313f0bf6c905,133,1,2,0.3422589898109436,0.26037198305130005,0.39736902713775635
B-O0,1,42,be8334d7f47b288facef26257cb6b44fcf616cd19090b942b3e21a6312189a8d,144,1,2,0.3417407274246216,0.2603386640548706,0.3979206085205078
B-O0,1,42,c047c292b4e87b40d0e8d2cdb5f5aa7e0bbd22946a70c373ef6dd5c6576bc932,151,1,2,0.32196182012557983,0.2585591673851013,0.41947901248931885
B-O0,1,42,20a9a7e6d4cf66384115e0a7ecc18f09cf1f9b2d051f34bc82d7b170955376d4,152,1,2,0.3417407274246216,0.2603386640548706,0.3979206085205078
B-O0,1,42,a7f1f0bec4d0eecfb4bebc52d748706df58b74a54e32f07189d46c9495ae3d09,158,1,2,0.3460298180580139,0.26059490442276,0.3933752775192261
B-O0,1,42,a46bacc86e6d6f2966c8bc9b007be70048a778a3e7dc54762fa3c06ca3dd0a6b,160,1,2,0.3460298180580139,0.26059490442276,0.3933752775192261
B-O0,1,42,aee4b0ad4df2a5b974c0fae78b5f15de2ba0da9ff62a1f1845fe8490f931efbb,164,1,2,0.3586103916168213,0.2610914409160614,0.3802981674671173
B-O0,1,42,f4f2eaa4ae88e92cfa57b3aff8b8ebc91d59f1c9a27803fe90c6ef8b768a6d4e,165,1,2,0.33010464906692505,0.259412944316864,0.41048240661621094
B-O0,1,42,638a470d918dbfbf5afd33eb58e7ac2868a43d0e4dbaab3029db5101a1edce71,166,1,2,0.3537287712097168,0.26094335317611694,0.38532787561416626
B-O0,1,42,03c73563087c1329943a56cf316a054838d232eb12bf400763e97af8a779fc3d,172,0,2,0.3542103171348572,0.2609604299068451,0.38482925295829773
B-O0,1,42,36fc8ba21c05df93f037cf32ffb47c54f5fded8ce374e0e9cf11353791e881ac,176,1,2,0.3669300079345703,0.26121649146080017,0.3718535006046295
B-O0,1,42,3be1ee30e134a9ae90bc1593ea32cf65047070817401a9aeb18c76efaca04541,178,0,0,0.37084317207336426,0.26122093200683594,0.3679358959197998
B-O0,1,42,4d7423cf2ff542521716737a2b82d95c940025a9d28aea9f135e73d793d959f0,183,2,2,0.3077161908149719,0.256641149520874,0.43564265966415405
B-O0,1,42,03b5b9fbb1e8685d2aea12d701a8548fbf66e988d3965beff90d610215a6fc96,185,2,2,0.3058244585990906,0.25634458661079407,0.43783095479011536
B-O0,1,42,842bac774d6c086dd6b92fdb78413098e14bcc3af75125e7d25ca273a3e1f862,193,1,2,0.3460298180580139,0.26059490442276,0.3933752775192261
B-O0,1,42,9a4af49b00bdc8c8c90dd9584610e62f31c1dea1496d8c77c154a1340984f0fe,201,2,2,0.3265063762664795,0.25905701518058777,0.41443660855293274
B-O0,1,42,ed7122159427b6c8635b7bcd0d7140de4dd489af9eab6fd9bd99b3ebad260d98,205,1,2,0.3417407274246216,0.2603386640548706,0.3979206085205078
B-O0,1,42,038c9ee0d7794eeb1143a461c0506513b430ff5293a311f12d84535a6afbcc5c,213,1,2,0.34985560178756714,0.26078587770462036,0.3893585205078125
B-O0,1,42,aac572f07272c9f29ce150e00d2b33f7765e921ffe4e1a3c8a7aa455349ca19b,219,0,2,0.3669300079345703,0.26121649146080017,0.3718535006046295
B-O0,1,42,c6b8941e410ad8b2574b68572d59fe76bfb75291198754c7266ab3740f819f8d,223,1,2,0.3422589898109436,0.26037198305130005,0.39736902713775635
B-O0,1,42,fa91a868a0b2673a241638a1e248c077d7ebbe8369c5e9c7a105ea8e0f678595,224,1,2,0.3379843831062317,0.26007694005966187,0.40193867683410645
B-O0,1,42,05dde9d4b54f7775db2292c4725eb2440e0b2dbe65d52bb4c05c347040ae90da,227,1,2,0.3417407274246216,0.2603386640548706,0.3979206085205078
B-O0,1,42,0e1e5a60db31ca1ff4e88932ce8fb8133c0cae740186c0eecba980565edeeec1,232,1,2,0.3342929482460022,0.2597854435443878,0.40592160820961
B-O0,1,42,78bf7a927103b0adf2a93a132f44f2411946196d038bf6822cb2eeb2f851ab2c,241,1,2,0.3503754138946533,0.260809063911438,0.3888155221939087
B-O0,1,42,4e05a768be51893f790163c79ad042b9bf59de08bccbba7bd25c8877c53ebcdf,243,2,2,0.31494855880737305,0.25768372416496277,0.4273677170276642
B-O0,1,42,40f57c13c26aa660145ccd9e9ad6cf7435aba21e0ecb869b65ca110bad79d9bc,244,1,2,0.32964247465133667,0.2593691051006317,0.4109884202480316
B-O0,1,42,820af5dd1d43687408ee96791d977e5768628d5dd9718275f49012ab8be7c7da,246,1,2,0.33010464906692505,0.259412944316864,0.41048240661621094
B-O0,1,42,2fea83fd72f31c3ed98d355952e0dca5903ca77045d520014559b3131ab53449,249,1,2,0.3379843831062317,0.26007694005966187,0.40193867683410645
B-O0,1,42,3567553d36285ad28e9947ecc399152b059b63fa0d14e93da3fa60f88729589b,253,1,2,0.3542103171348572,0.2609604299068451,0.38482925295829773
B-O0,1,42,a71a645737db58ca85f16857a87566dbd0644a509be1426ceec155ba4b32a46a,254,1,2,0.36640840768814087,0.2612133026123047,0.37237828969955444
B-O0,1,42,a32d5c6de3dc8a8d1a538283ab55eeaf55b9cf8e25aa347f9451fa80920ab0dd,255,0,0,0.374777615070343,0.26119092106819153,0.36403146386146545
B-O0,1,42,c6d9905e1108342a5a39e558796801aaef2123ede509df6c737dc2968cb80334,259,1,2,0.34985560178756714,0.26078587770462036,0.3893585205078125
B-O0,1,42,cf04de454501b8a0be83713c4b298369ec62ac21cd8f30857e05891dcef22cc6,261,1,2,0.33010464906692505,0.259412944316864,0.41048240661621094
B-O0,1,42,3d8d9b0265e3f1fa1f9dced7be94a31b2d44253a703333fe32683be701e1e391,273,1,2,0.3460298180580139,0.26059490442276,0.3933752775192261
B-O0,1,42,f048327f0da983b65f4ac626e1b417339b356d60f7641609e9f999aa25dd1b64,274,1,2,0.3580894470214844,0.26107826828956604,0.3808322846889496
B-O0,1,42,2fc3c8e1b6058fdb8ba34e10c4f11c5c96a490da8c44557f51f272e135b276d2,276,2,2,0.31157130002975464,0.2572147250175476,0.43121397495269775
B-O0,1,42,c215aa987795131b42e2cd8a6c43e525423612ee007a6ced32e8263bda4ad92a,289,2,2,0.3189252018928528,0.25819629430770874,0.4228785037994385
B-O0,1,42,4560a7ae21f3fb4ac2db6ffe58ddb475ac41d6dc383b998d4c568b31ae65a35c,290,1,2,0.3542103171348572,0.2609604299068451,0.38482925295829773
B-O0,1,42,609e2c6bb80163f064286be493c35084947f767a9fca5159a6007ea7d78d1b8e,291,1,2,0.34985560178756714,0.26078587770462036,0.3893585205078125
B-O0,1,42,912f7b7365227a32858a2d927685373d6780e508ef7ac83760fb9ec5aaa1aefc,293,1,2,0.3422589898109436,0.26037198305130005,0.39736902713775635
B-O0,1,42,97b9091925addb08c1cd2c6078d0de2bf8172b17115de938b77ad77357d5ea5b,309,1,2,0.34659260511398315,0.26062527298927307,0.3927821218967438
B-O0,1,42,19d6ef82b2a921d77a5573e974ea081845479ae43b183f176897858ed8e06b84,312,2,2,0.3077161908149719,0.256641149520874,0.43564265966415405
B-O0,1,42,4791bf9d1d5d0230ab90f16f29614b48ab82e5801b82082235ff9b4358d29def,316,2,2,0.31157130002975464,0.2572147250175476,0.43121397495269775
B-O0,1,42,9e12aa0dbe5c0aaa2470ead8d7629926f8b65403a6699dffbfef210eb25d80d8,319,1,2,0.3422589898109436,0.26037198305130005,0.39736902713775635
B-O0,1,42,4dcb168e09d4d7893d639ca45b73e7538eb8bbdf4d053e76233e29ffd3010c99,326,1,2,0.33010464906692505,0.259412944316864,0.41048240661621094
B-O0,1,42,cc8929500a996b83f8e58e90d5c2ffadb7b9bc20866921118795138fea402ecf,335,2,2,0.30379587411880493,0.25601544976234436,0.4401886761188507
B-O0,1,42,f9d294cba21968ac5c7aca6b858728c55a8a06c37c1bd8489ed5b184ed97e39e,336,2,2,0.31157130002975464,0.2572147250175476,0.43121397495269775
B-O0,1,42,f2a7a0438ec81419aed4432eca97e3bf6a7996b3abcab7bd2b0cb5ea5936ca0c,343,2,2,0.3058244585990906,0.25634458661079407,0.43783095479011536
B-O0,1,42,57374dc57848f9f7545dfff9c90d14265d0a66c20014fed384c8a1aaab2a8657,344,2,2,0.3003009557723999,0.25542116165161133,0.44427788257598877
B-O0,1,42,e59d303b3c9921823705d178211a81f3167a2b5c2bedd55a2e440ae6fb609a66,346,1,2,0.3342929482460022,0.2597854435443878,0.40592160820961
B-O0,1,42,e43bb85cc9f4c204c3b80fc593900bce375e9f42be96d02f335f2f42c13c4ba8,349,2,2,0.3003009557723999,0.25542116165161133,0.44427788257598877
B-O0,1,42,eb7b92a2b390dbb093e40e2495530b65be730eb752eccbf260be04ff31496b11,352,1,2,0.3542103171348572,0.2609604299068451,0.38482925295829773
B-O0,1,42,99a93936da7984b3ce75763a91a3493bbe7f16283b2ccde42c3d93bff3fc70e1,353,1,2,0.3542103171348572,0.2609604299068451,0.38482925295829773
B-O0,1,42,fdc3d5fa14c1a4086c5b7caf79828cce0d013ff497cbe8eb15c09905a3f4457c,366,1,2,0.3379843831062317,0.26007694005966187,0.40193867683410645
B-O0,1,42,ed55a6f2ea598cc2a90f6b9b6e489d7f1bf59f58579eeba23f34ffb5a4476757,367,1,2,0.3422589898109436,0.26037198305130005,0.39736902713775635
B-O0,1,42,a538958f863560cab82c81c2af21b948645d77515ec607b6158507d95fe5123d,370,0,0,0.37084317207336426,0.26122093200683594,0.3679358959197998
B-O0,1,42,e76f79b797b47271b05802f3737b53b3378b0b1529fd9314fa2a492b6167ac66,372,1,2,0.32599228620529175,0.25900334119796753,0.4150043725967407
B-O0,1,42,2965eb77c7507629cf30cf7647115971bc3fbc079b0679ddae18c5a7f6088ba0,375,2,2,0.32241809368133545,0.25861161947250366,0.4189702868461609
B-O0,1,42,447fa75d82f2da45bc471afc5b9273f8007746f7c1e6608e7f7e080582a7ea08,376,1,2,0.32241809368133545,0.25861161947250366,0.4189702868461609
B-O0,1,42,4f4abcb7188e73e10ca68b718d456e0239c4dcb6875e1c3c69a419fec225e1ce,379,1,2,0.34985560178756714,0.26078587770462036,0.3893585205078125
B-O0,1,42,dce71741a22feecd18d4a68d6dac14f53d1b585efa9029d2d7f6caf10ef1d09a,385,1,2,0.3580894470214844,0.26107826828956604,0.3808322846889496
B-O0,1,42,0a3effbdec3cb466bafb0f3db000792529f8a18b89f03e2f2a477a57ccb23447,390,1,2,0.32599228620529175,0.25900334119796753,0.4150043725967407
B-O0,1,42,64edd6fd449505aaf4ce23b5e8fd239af0c6c1b9b8ec3b6283f29aa63786d55d,392,2,2,0.3342929482460022,0.2597854435443878,0.40592160820961
B-O0,1,42,3aa2f113241cf12a1f41976ff0bf7942caae7298859aebfd67c1ddd2a115c9f5,393,2,2,0.32241809368133545,0.25861161947250366,0.4189702868461609
B-O0,1,42,7e00b595bb6999487c74eb830249fdf599a16fe836019185747560a7869a2ea9,401,1,2,0.32599228620529175,0.25900334119796753,0.4150043725967407
B-O0,1,42,af3e8a8edbc429d6e82a0234c201d8cc278db4fd145a68015fd1ab8785e57275,407,1,2,0.350976824760437,0.2608351707458496,0.3881880044937134
B-O0,1,42,f5c1f313b06ba018dffafebe7e936f738c7877b1fd7def93331d973a91083ec4,409,2,2,0.3265063762664795,0.25905701518058777,0.41443660855293274
B-O0,1,42,a27435e31856096b869dad34f04f50c26e43660a66718f5643ee8ed2eb51af26,414,2,2,0.3313448429107666,0.25952792167663574,0.40912723541259766
B-O0,1,42,447b6eaaa01f44759a3e84e1ae3292b980e1e40bbca619439c1154c93b6ba928,420,2,2,0.31360262632369995,0.25750043988227844,0.4288969337940216
B-O0,1,42,a497a87c94bd318bdbd3ec6561590a06ed35ab4e87ca913472fb109a78f8bbc9,433,1,2,0.3265063762664795,0.25905701518058777,0.41443660855293274
B-O0,1,42,652e6865f9acddc8831b8ce218dbe9e6235e8c801d2bbf80d878c249871281f8,440,0,0,0.40566831827163696,0.25980496406555176,0.3345267176628113
B-O0,1,42,d63a26a5f8c21cfced4f4ebdcc520a460308329d0c2f1685f083d2ed9ab0b639,442,1,2,0.3342929482460022,0.2597854435443878,0.40592160820961
B-O0,1,42,7b04f1d594f7376a2f050ee49b8349c5ef562e371b59041d74381aaf3f28418b,443,0,0,0.3713908791542053,0.261218786239624,0.36739033460617065
B-O0,1,42,a6b0e9b589ed3f6caa4497791751bb855f8ff7bd71783f5676489298a186db22,455,0,2,0.3586103916168213,0.2610914409160614,0.3802981674671173
B-O0,1,42,afa6daaad76b24e7324cb78b11b89285577dc8bbfcf69fd9a2858f75d0d2d255,466,1,2,0.3580894470214844,0.26107826828956604,0.3808322846889496
B-O0,1,42,ecddaa9fb5fe0229e957962b58fa482e6fb92d8f808ec76bf3448ae1f9070c00,468,1,2,0.333776593208313,0.2597419321537018,0.40648147463798523
B-O0,1,42,3a7f050103c325de4173d8ce18ea31c2b8a5424d5ca15132d1d2e938a40e25f1,470,1,2,0.333776593208313,0.2597419321537018,0.40648147463798523
B-O0,1,42,d6c2e29b139b700ff7f46855f1fbce6d187c897106391edbf79fbf80ed1f1c14,471,1,2,0.3417407274246216,0.2603386640548706,0.3979206085205078
B-O0,1,42,9d1ad6603c4fc4417efe8b4d68b4771693ebeb51d9cc5fc47e7d55d6a396ae28,479,1,2,0.36249297857284546,0.26116952300071716,0.3763374984264374
B-O0,1,42,d3dcab46cc222b84f1ffdcca86f298db97158c380bc905a790185b05af010c3d,488,0,0,0.3713908791542053,0.261218786239624,0.36739033460617065
B-O0,1,42,8e66ea34596e3d99a63ea5e1e0165c156c716d735eff28f761ac0ed48e7252b4,491,0,0,0.3752991557121277,0.26118436455726624,0.3635164797306061
B-O0,1,42,f84b59feebc9f4c0c496f360f1ca19bbe2d5beeb52f49c9fc163d951a96cd776,502,0,2,0.3620046377182007,0.2611616551876068,0.3768337070941925
B-O0,1,42,6c25dd980ae55d61fd3c42c5c5e6030ac2dddb2fcce89e3ba55d1ed3f42fab9e,505,1,2,0.3460298180580139,0.26059490442276,0.3933752775192261
B-O0,1,42,2df6a5e9d91cfa9be614ad5f9caee8cc67f367e07626e56fc4f67efbfaceff1f,514,0,0,0.383161723613739,0.26101380586624146,0.35582447052001953
B-O0,1,42,efb4d196f4193d1291a1cfb89719e049b970e0bf437f8a7e200e7362d60ca360,522,0,0,0.37084317207336426,0.26122093200683594,0.3679358959197998
B-O0,1,42,c79ed7e1c220976e51dd4332360fd4507729186d68877b8df22893d4867d9530,526,1,2,0.3265063762664795,0.25905701518058777,0.41443660855293274
B-O0,1,42,d1ad465a150c1a7e96ab02a505ebb64e6d4a4d6ed85a8269d159aae2333f6aab,538,1,2,0.3460298180580139,0.26059490442276,0.3933752775192261
B-O0,1,42,bb9a219543e713c160a8c0a5217ff0448abee776e104949e51d702515e4d91d8,545,0,2,0.3669300079345703,0.26121649146080017,0.3718535006046295
B-O0,1,42,e04e7d38a93aac3cae8930e1afcc919894b9a520fcb4dca988b331ff9b2900f1,550,1,2,0.3342929482460022,0.2597854435443878,0.40592160820961
B-O0,1,42,7c393fcb8c6e7a0bd9c175f589c70e5aa04536220517e7b236f9e14bf21c6822,552,1,2,0.36249297857284546,0.26116952300071716,0.3763374984264374
B-O0,1,42,acb36f95ba3fa4630d97646560eebd228e5df633a2b53197160afadbac82d3d7,555,1,2,0.3265063762664795,0.25905701518058777,0.41443660855293274
B-O0,1,42,2f662e03b27bfb4526a71add2807e7200b7744865e734e627c558dbfcd716b5d,570,0,0,0.3752991557121277,0.26118436455726624,0.3635164797306061
B-O0,1,42,cbff20bc53e43cdc376274e957b0ffc5d0e44adc151c80bdf4bbcae92be525c1,579,0,2,0.3586103916168213,0.2610914409160614,0.3802981674671173
B-O0,1,42,27810cd10888196a27cced776fd1436adf51d1cae60009f0c7ef8058309b1000,583,0,0,0.37872451543807983,0.2611266076564789,0.3601488769054413
B-O0,1,42,11f088393304daadcce4ef6f7aeb11030a552f71b38036237f26bfcd5781383c,593,1,2,0.3342929482460022,0.2597854435443878,0.40592160820961
B-O0,1,42,f1c806ba37d90be9bd2c5d433faae60be09e78bd25bdd026832fc63f5b765d18,595,2,2,0.30379587411880493,0.25601544976234436,0.4401886761188507
B-O0,1,42,e452e684933e73c5030cb56fab663ab3633a1033ce3f9525ca49c259cb1ed4b7,603,0,0,0.4142991304397583,0.25906985998153687,0.32663100957870483
B-O0,1,42,fecb7614f4f605bdc5a580d71a1b278aede770767de1712824a679c6ef5d62c5,606,2,2,0.3003009557723999,0.25542116165161133,0.44427788257598877
B-O0,1,42,b08cc7b11c2239e58759422b6bf5a2d08f13ee0ebbe8cc8c7d36f98a1fed1f20,608,1,2,0.3630467653274536,0.26117783784866333,0.37577539682388306
B-O0,1,42,2ca5957ec014c711ba4a9356fa48dce7c2814b7c34ce6430ed68fa5e83b052e6,609,1,2,0.3460298180580139,0.26059490442276,0.3933752775192261
B-O0,1,42,cbabb7d95eace71c3efce48e034e79054df0c1930a226772f3ea9a3f42eb2cad,612,1,2,0.3503754138946533,0.260809063911438,0.3888155221939087
B-O0,1,42,0bc52b5e19aa1667f7fbc7756b07899f366c304e861f02d85e0aef1f64de3cbe,614,1,2,0.3379843831062317,0.26007694005966187,0.40193867683410645
B-O0,1,42,352f35ab026498342b42592c28f2e2be9498c17dfa667c80faea045076e8af7f,619,1,2,0.333776593208313,0.2597419321537018,0.40648147463798523
B-O0,1,42,f73037bf5bb7948b4d6c45d2a9d27260dd1e3d46d4cda2bb4658f1b9abe5c35c,627,1,2,0.3586103916168213,0.2610914409160614,0.3802981674671173
B-O0,1,42,7ccf5e3af45d32c2b891424dd669788c94857f3adff5795a33e4b30a42f41db3,643,1,0,0.3713908791542053,0.2612188160419464,0.36739030480384827
B-O0,1,42,1f87f903f6991bf3f713838f4ac2d9b2d167b93ad3fc82cd0bb8919543bca220,648,1,2,0.3503754138946533,0.260809063911438,0.3888155221939087
B-O0,2,42,3d0d1c44ebc74d642e0c609d5dd4b5cfb467ae332a035c679b0c27cdd1ec168f,25,1,2,0.35671210289001465,0.261954128742218,0.38133376836776733
B-O0,2,42,c346e57479e178e7b054371aa9a5f68b51e42c0e4a895346230cc32926dff8fe,27,1,2,0.3528297543525696,0.2618272006511688,0.3853430449962616
B-O0,2,42,3abda39dd64284c601a97a2fbab4b8034dd42e259e9b097ab0138698fe51f5fb,28,1,2,0.34556907415390015,0.2614933252334595,0.3929376006126404
B-O0,2,42,ff103515b8dd75894b97d53c0362207acd3e41b19365124568cce40e99ab29d0,36,1,2,0.33145755529403687,0.26047348976135254,0.4080689549446106
B-O0,2,42,6c1ff6b4722162e99085258b374ec75e9c250758b590e5d0c7e5e90d433283f1,40,1,2,0.3528297543525696,0.2618272006511688,0.3853430449962616
B-O0,2,42,f9808139012c8b222496cdbc2c5823f5a200c1ca0c9a76838b16271cb6491b49,41,1,2,0.35671210289001465,0.261954128742218,0.38133376836776733
B-O0,2,42,b65ef40f602471b10735bf76d635b6e867318fbd3b2d79eb292d182ebc52fee1,45,1,2,0.35671210289001465,0.261954128742218,0.38133376836776733
B-O0,2,42,30dc43bca87dffff763ecab81971977dd0e0eb2ebbba3e56ea466f30648308d6,51,2,2,0.3243074417114258,0.2597636282444,0.4159289300441742
B-O0,2,42,fffdee90b6ab369ed3b441fc0d5835dec1e0da61263172332ba409239a1b6065,79,1,2,0.348993182182312,0.2616666257381439,0.38934019207954407
B-O0,2,42,c3aa2339fdff357a10a7d1d16826e1158de5efda7de8df9d86f076ca2646b95d,81,0,2,0.36370593309402466,0.262093722820282,0.37420034408569336
B-O0,2,42,10de938d451cc9cfe6d0ead0b6a8f760560120b56b7ed89b2dc4f651e5451669,82,1,2,0.348993182182312,0.2616666257381439,0.38934019207954407
B-O0,2,42,eb359b8ed9a4e0197c1d1ab325e0047ecbec907011dd47ad227dce8c761f9a7b,104,2,2,0.3180428743362427,0.2590312063694,0.4229259192943573
B-O0,2,42,686e797782deb880befa085462a001874deb90f59e8bd4f579869b6b3cc30dda,111,1,2,0.3528297543525696,0.2618272006511688,0.3853430449962616
B-O0,2,42,f56c2b2dd4b088427127b4d3efd30492502e057dc35df92f37e390e9ff866182,113,2,2,0.3125861883163452,0.2583073675632477,0.4291064441204071
B-O0,2,42,8df88942cba699e578f85da548ac43c04023d6e3124e0d909bedcf225ee6ce88,117,2,2,0.33145755529403687,0.26047348976135254,0.4080689549446106
B-O0,2,42,10698694323dfb803f5936e348a7facb60fabbb04e356449705169347027f85d,125,0,2,0.36762678623199463,0.26212278008461,0.3702504336833954
B-O0,2,42,f58ebfd4557154ffbcb785a4e55bb6649accdb99c66e82c58ed1bee08f674e8e,128,2,2,0.33145755529403687,0.26047348976135254,0.4080689549446106
B-O0,2,42,64d4f18b3b12675504880cd0dc7ecf25b60fc04bfdbec355bc38419bb2d7c415,135,1,2,0.331107497215271,0.2604418396949768,0.4084506630897522
B-O0,2,42,237d8870453dad85e4a690f5ef5b3a88e992a5aa74dfe4b4b5a16a1db596e4fe,140,1,2,0.36370593309402466,0.262093722820282,0.37420034408569336
B-O0,2,42,6cb1a3bd78701f948722853f3ff484b4a62afa283c31e3d9ba8e2ab088574ba2,141,1,2,0.3347383141517639,0.26075518131256104,0.40450650453567505
B-O0,2,42,ddbe9a19eeb2b15127963e53920ddb3080cf3605be4e5412f985652dc3282606,143,1,2,0.348993182182312,0.2616666257381439,0.38934019207954407
B-O0,2,42,0baae3864d2aa3d4aa2751efdb33ff2ab5c818f532230e2e93483176c0226769,147,1,2,0.33513909578323364,0.260787695646286,0.40407320857048035
B-O0,2,42,ffecc433675dacb5aa9570aab766c7b1c9116acb4109af9e6863d3341000315a,149,1,2,0.36063307523727417,0.26204633712768555,0.3773205876350403
B-O0,2,42,fa5daee0d7df009faf4c0e08a703bbc8db8c1ae32e4f684b7085649c9d548453,156,1,2,0.34556907415390015,0.2614933252334595,0.3929376006126404
B-O0,2,42,81c654f9d5f5591c63de46ec2f8de90d5778222531f6dc2ca93dfe9653b873c6,175,0,0,0.38613665103912354,0.26179802417755127,0.3520653247833252
B-O0,2,42,0f1626989b6efba0ed821b04af2ce1ef2dd90be67fee5303e0aeb890e84e656a,179,0,0,0.37865060567855835,0.26201972365379333,0.3593296706676483
B-O0,2,42,dc041fdcc3cbcfb79f4de07118d4868642025a233a983d551502cd5c96d20552,180,1,2,0.36411404609680176,0.26209840178489685,0.3737875521183014
B-O0,2,42,4bc56ddaf0f7e559d24c60f59a6cf7edbd7b915799dadce516c430ac85a7696b,188,2,2,0.33145755529403687,0.26047348976135254,0.4080689549446106
B-O0,2,42,f388cc4e3fa7c3eb79bcc7b0c0c92fff99e4fb329900ed50bfeb4f870f49792e,189,1,2,0.35671210289001465,0.261954128742218,0.38133376836776733
B-O0,2,42,e4513c3d95a31cb9b2e70ba9aac54b1937bbbfb1fce1e4e3eaf07f94259ecb86,192,1,2,0.36370593309402466,0.262093722820282,0.37420034408569336
B-O0,2,42,ed46b4dc3fcd5fab1ada22a6d188180240af8e738c547e3f26fc65506b077a12,195,1,2,0.3493974208831787,0.26168516278266907,0.3889174163341522
B-O0,2,42,ac305df5cdc5f1b0801b93d200a6dfb28ed119ce4795422a08ad3057488758ce,197,1,2,0.3347383141517639,0.26075518131256104,0.40450650453567505
B-O0,2,42,ac49935da3ee5b02cec9247a78be9b546c635c54aa6988081e4fe8709663d2f9,202,1,2,0.34219783544540405,0.2612946629524231,0.39650750160217285
B-O0,2,42,ea5f3b7855c7c13d408bff3ff046c47d194d636ff9d1cd41a54051e642651080,207,1,2,0.3563060164451599,0.26194244623184204,0.38175153732299805
B-O0,2,42,24fd68e79a2159278d68b9fa03c7a306d89444b373e4ed956a552290b7163fd5,208,1,2,0.34179532527923584,0.26126915216445923,0.39693552255630493
B-O0,2,42,1c5812f23059c8affe3af759b6ead8c2c38b856307cb70a58a6806f14bcd7133,209,2,2,0.3282446265220642,0.26017096638679504,0.41158440709114075
B-O0,2,42,6ab8e0705e7b40a64b138c0755ac0e4974492c819c3a3104cb9fdf9bb5c5833e,210,1,2,0.3384367823600769,0.2610401213169098,0.4005230963230133
B-O0,2,42,a5e5532a8001b1d35b8d647ec7c6de5bd09b0cc81ab543a66c4b92d00869a830,212,2,2,0.3282446265220642,0.26017096638679504,0.41158440709114075
B-O0,2,42,4cd62e95948bd1b704bbcb35b4c07c1ce891fe8d8603fa8d7d55722149152d09,215,1,2,0.3493974208831787,0.26168516278266907,0.3889174163341522
B-O0,2,42,41c314fd5e526b07168ea8735e420c8fd4da4cb146f0cb7b53a0b2e383de5f71,216,2,2,0.3282446265220642,0.26017096638679504,0.41158440709114075
B-O0,2,42,c52893a6a9c59524615c570b972166e20fb5dc1939f7f8a0a444a854ad8b5954,217,1,2,0.3384367823600769,0.2610401213169098,0.4005230963230133
B-O0,2,42,ef6d74ead7c9dae1edd8b999fa30b355c27c4fa0917c2b6342686959821c01fa,226,1,2,0.3384367823600769,0.2610401213169098,0.4005230963230133
B-O0,2,42,a2010d08bf5544fb2f61ba56db0cc9b5b6d58a43b3e7a8155eae755a2ab63922,230,1,2,0.35981929302215576,0.26203012466430664,0.3781505823135376
B-O0,2,42,ea6ce91f0cda3fa98f7b745b9580fd6b0403056870eb76c5fcf66334679dd7ee,234,1,2,0.3563060164451599,0.26194244623184204,0.38175153732299805
B-O0,2,42,c6d8fdfaebcc9424104991f6e1b2ae52cfc74b01f006f573c65d6403e27860c4,235,1,2,0.34556907415390015,0.2614933252334595,0.3929376006126404
B-O0,2,42,81b41de2fc119a6be204b22f6f400b640dae3281ad7449e09c510a3179f3e514,237,1,2,0.36370593309402466,0.262093722820282,0.37420034408569336
B-O0,2,42,8ef03a12bf26544326b83a924d78b17a626323183f000e61b0e1269d5151d713,239,0,0,0.37510526180267334,0.26208218932151794,0.3628125488758087
B-O0,2,42,e65cba4765702c555356fe2b6fc3183b7079396880ffa82b6303a59358a1b860,240,2,2,0.3126344084739685,0.25831419229507446,0.42905139923095703
B-O0,2,42,aef48ae8e8f8321f0e29c116e8187c697962ab80108f224eef0febe59017821b,256,0,0,0.37906312942504883,0.2620106339454651,0.3589262366294861
B-O0,2,42,4e704048021bafbeb44effb9e508d4cef59a712f89bd368f81f564485127cc02,270,2,2,0.3282446265220642,0.26017096638679504,0.41158440709114075
B-O0,2,42,6e7973c8c4ee77c326ae4010b1418b788a5630854185affb484685e8d73a7084,272,2,2,0.33513909578323364,0.260787695646286,0.40407320857048035
B-O0,2,42,111d930258015ff415cf618a5446916b948c63467161ea1a20e0915119b50244,275,1,2,0.3524637818336487,0.26181337237358093,0.3857228457927704
B-O0,2,42,b66a61f7e4e30927c1735a3306a7e4fd6cf9b017aa1b11eacd63c9f666c7ac77,277,1,2,0.3563060164451599,0.26194244623184204,0.38175153732299805
B-O0,2,42,3366e3e79bb817fbb8c139710399b5e5e682684683af108e41f6f8f47bb2ead8,278,1,2,0.35719072818756104,0.2619673013687134,0.3808419704437256
B-O0,2,42,ef27b562eab370d5506b6031d90875e2bf94890dc4f57239be5af639fc2bb2d3,281,1,2,0.3493974208831787,0.26168516278266907,0.3889174163341522
B-O0,2,42,54a5824b809802628fc226bf21773286f73e6051e62d9cec2df3e81d93197bde,285,1,2,0.3347383141517639,0.26075518131256104,0.40450650453567505
B-O0,2,42,0bb5ed634b92cd4e23359fa5c9f0f46eb531bfa0976bdd29a00e52fbed97e135,286,1,2,0.34556907415390015,0.2614933252334595,0.3929376006126404
B-O0,2,42,7ccb05337d74117430e9fdf9897cd7110c354bd737a7229f86fe605f50969092,288,1,2,0.34556907415390015,0.2614933252334595,0.3929376006126404
B-O0,2,42,d989513ebc9b816b08d15039e20aff3eeac96a4c9cd17e51afaa8a05ead60f2f,295,1,2,0.3460153341293335,0.2615174949169159,0.3924671709537506
B-O0,2,42,29fe4b61c9b555bb9cc208302b5dc991e41580d993fe5cf0832053f62f80be27,296,2,2,0.3180428743362427,0.2590312063694,0.4229259192943573
B-O0,2,42,a347405d861f7182f5157435b676ea5452b581ebf8b34c65c740ee6696256750,298,1,2,0.35671210289001465,0.261954128742218,0.38133376836776733
B-O0,2,42,ba77ac0a50dbbe13d7bd6839ae32c5eb1febed467656cd2322a11c5b3f747b65,302,1,2,0.35671210289001465,0.261954128742218,0.38133376836776733
B-O0,2,42,8bbb88b5de9002160126d07b53f3cd2825868930b27f08e4ff4760a9c179699f,305,0,0,0.37510526180267334,0.26208218932151794,0.3628125488758087
B-O0,2,42,b1ee4d7e89869caeb050bf6a44961b049d9934b92e5ee40bc7e869b645348de0,307,1,2,0.3528297543525696,0.2618272006511688,0.3853430449962616
B-O0,2,42,e03a5d8fb20a6ea99425f7eb791e67ae67db33777225bd74107066b76cbd37ab,317,1,2,0.34556907415390015,0.2614933252334595,0.3929376006126404
B-O0,2,42,727f74ba1c3c4c66b1f6b4556991e45b07a8df2d9d01846546f6627456d8494f,318,1,2,0.355974018573761,0.2619326710700989,0.38209331035614014
B-O0,2,42,d3a134515041870d4095cf6ae0a7325769f957b530f530c1edbabeaa7c0c7273,320,1,2,0.33808207511901855,0.26101425290107727,0.4009036719799042
B-O0,2,42,980f2c93c9c03ec6203a0bdaeef81159a3cfe8ed1f28387385d9f45010302142,333,1,2,0.3384367823600769,0.2610401213169098,0.4005230963230133
B-O0,2,42,a66c4452b850b95377077697aac825a263e323984b1e8a1b5c25b1f3bbf86b4a,334,2,2,0.3282446265220642,0.26017096638679504,0.41158440709114075
B-O0,2,42,9f3c666f41f67c4d1304118a8d2927642bae1db9e3d7be9fec6431a472638621,339,2,2,0.3282446265220642,0.26017096638679504,0.41158440709114075
B-O0,2,42,276a41fcaefc7b0f5b533b227d35bd303c63f762bbf766628024ce36f9313bf9,348,2,2,0.3180428743362427,0.2590312063694,0.4229259192943573
B-O0,2,42,b5271dc00037ef4441d0e9b55a7b122c6981acc750495290fdf2d1171ec45e4a,355,1,2,0.3493974208831787,0.26168516278266907,0.3889174163341522
B-O0,2,42,e77bd94004a0442aa632c906e2f4e997e00b478cf23900001f6d06ec63cb3ef3,360,1,2,0.3493974208831787,0.26168516278266907,0.3889174163341522
B-O0,2,42,584086a779fa152c0679d9786c1e33c602944084d5cf48f6c0e7dbbac810bd87,363,1,2,0.3493974208831787,0.26168516278266907,0.3889174163341522
B-O0,2,42,1467b04a49c306baf2f2d7d4fd94a9e1d2b0b5a630fc1defcbc2ec8916da6c13,368,1,0,0.3715742826461792,0.2621169090270996,0.3663088083267212
B-O0,2,42,aa253d0c7343d07a4854487d2aea858f473eee151b96c2ce40bedb2ee8437306,388,1,2,0.35671210289001465,0.261954128742218,0.38133376836776733
B-O0,2,42,a7a9ca7a19cbb70fe7a0ce5094b6f1add89f5b24cedf3415b2882b501c43ca03,389,1,2,0.36370593309402466,0.262093722820282,0.37420034408569336
B-O0,2,42,4e2eb26c0fe972eab4b5b004faa49b46156fd4ee3808d325d7e5594a79414a9c,398,1,2,0.3493974208831787,0.26168516278266907,0.3889174163341522
B-O0,2,42,eab697c8c1d27212af84b30e24e32008b1ecbc67472a7ff95ba552ee19c0db40,406,1,2,0.3498830199241638,0.2617069482803345,0.3884100317955017
B-O0,2,42,b76ae4c5df31d41a628c2eac6d63a7191c5c814c94f0f8c36f40d812e2089f6b,412,2,2,0.3232124447822571,0.259643018245697,0.4171445369720459
B-O0,2,42,8a75076ea3879d0bf0dd017d05b4a245801a302e7b000b0a7b9c1cdb94ca975d,413,1,2,0.36411404609680176,0.26209840178489685,0.3737875521183014
B-O0,2,42,5fff96165ae228d0b6c109dedffa29fbbe1bb5419a4e17d1eb6b6f7371638adb,416,2,2,0.3146122097969055,0.2585855722427368,0.42680221796035767
B-O0,2,42,cabc765a96e5371085f2124e0c49137c3ea6aa1d74da1cc02c830ee82ebc9b48,419,1,2,0.36855995655059814,0.26212456822395325,0.3693154752254486
B-O0,2,42,3b6be63e42bced9624f2695926dd4352285f8007d59bd5bb1dd51c40b37024a1,423,1,2,0.35671210289001465,0.261954128742218,0.38133376836776733
B-O0,2,42,f4485fff06cc355178561099fde1bff774f6df6adb1ce135820fe0e07515311a,434,1,2,0.36370593309402466,0.262093722820282,0.37420034408569336
B-O0,2,42,e92916be0b17ba8bf1e2d3ce1809285cc94721729d1978c457f4db8c4f4101b8,436,0,0,0.3865511417388916,0.2617822587490082,0.3516665995121002
B-O0,2,42,44b0ff3b5337d07bc238578620590bdec6e1c913e99c9aedd40c7306c5136dba,437,1,2,0.348993182182312,0.2616666257381439,0.38934019207954407
B-O0,2,42,170bd7b79b3f5e28736c07ca59bd1f2f2b5d4f0778d08d0d065dd684c879d5d7,438,1,2,0.35671210289001465,0.261954128742218,0.38133376836776733
B-O0,2,42,e0bd5edf2a653605820916a1a17d66d2397b9ad0dd84f37cbd3fd3810e309037,446,1,2,0.3528297543525696,0.2618272006511688,0.3853430449962616
B-O0,2,42,4dab921dc624739a417660847b4c0024fe177b771218333bf14e0d0d4e20aa91,448,2,2,0.3180428743362427,0.2590312063694,0.4229259192943573
B-O0,2,42,85718d8d0d6c99912cd3eac82bdbbb72cee0878bc1891742d1d9ad494dbb5c0a,450,2,2,0.3246532678604126,0.2598009705543518,0.4155457615852356
B-O0,2,42,13495fa8b8dd9679b0eab26be9488564259999759eb940cad44c16c962ae81f7,453,0,2,0.36724716424942017,0.2621215283870697,0.37063130736351013
B-O0,2,42,0dbe677afded6fdb64050e827a3a7e21d49e0ab3138a60a2e288dd171af53944,458,1,2,0.34867173433303833,0.26165151596069336,0.3896767497062683
B-O0,2,42,30208d526f61c08aa4e9adad5f98e9a48303a9b9357da44a27292465dbc46bf3,462,1,2,0.33513909578323364,0.260787695646286,0.40407320857048035
B-O0,2,42,ecaccecb377bfe6bfdaa2574f6cdc96491a0894b2480612d0376098a403592e1,476,0,2,0.36724716424942017,0.2621215283870697,0.37063130736351013
B-O0,2,42,c32bf43dea1035a78327d54bf13e6655b755788b7cb2b89bbd177edfc1270a1e,485,1,2,0.3563060164451599,0.26194244623184204,0.38175153732299805
B-O0,2,42,aeac0b830c55c2d51b6a33e30e0be051cd140df152dd398a2eddab2a28bf9b35,489,1,0,0.3715742826461792,0.2621169090270996,0.3663088083267212
B-O0,2,42,f1f7629e3f53f2d8e749f46a993a6e72aa316c1d9c1f8b1c67c6dd1a677d2932,490,1,2,0.36063307523727417,0.26204633712768555,0.3773205876350403
B-O0,2,42,5db554cde5ce7bc9cf816db20cff72939c5d380706d527f487672a618aca59be,492,1,2,0.36806511878967285,0.26212388277053833,0.3698109984397888
B-O0,2,42,64093b9f13e7c9c5796331cf22a51a3878853dd9a68ddd7e2bd97746e9a148f9,496,1,2,0.33145755529403687,0.26047348976135254,0.4080689549446106
B-O0,2,42,e01c7f73d3b9c5e56e27a66af611a14995b4b65854a282507dbf90ced9dc54ac,499,2,2,0.3160512447357178,0.25877639651298523,0.425172358751297
B-O0,2,42,f865f3eb3350200dfbeb524ebdd2d755fefe3d4d2a2093ca5e4c3d388c760e50,504,1,2,0.34219783544540405,0.2612946629524231,0.39650750160217285
B-O0,2,42,b4ddfccd8e4d07b77338aafe76e7c9ca43343a328bbb848444a3ecb6133dc14d,507,1,2,0.3528297543525696,0.2618272006511688,0.3853430449962616
B-O0,2,42,857b369ecd76d80997f03f4eb841148b4a57ca5b325132205a6ff964ff20122c,508,0,2,0.36370593309402466,0.262093722820282,0.37420034408569336
B-O0,2,42,74137ae4e7726b7bd996489326eb22a2b8918ea0504267c8fb1fbab7f5ae7b42,509,2,2,0.3161712884902954,0.25879204273223877,0.4250366687774658
B-O0,2,42,862548383e807e3e1f19b50f24a8569b6ffb9dec43bdb049f653d08bc3af9d3a,510,2,2,0.3196529150009155,0.2592294216156006,0.4211176633834839
B-O0,2,42,50a1482d80d92dbb826319e4766efc53b1bdf8ad4e84880dca534a5dda4f5043,511,1,2,0.35981929302215576,0.26203012466430664,0.3781505823135376
B-O0,2,42,96fe6b8a15df2ad16bdc1b1426c5388a37e247e2707b5f5e0efc650981a54522,517,2,2,0.33145755529403687,0.26047348976135254,0.4080689549446106
B-O0,2,42,ec4ebe569d3745dd4c8b9698518c7aa342acae412e99da6fde3e888b7d603a83,519,0,0,0.37865060567855835,0.26201972365379333,0.3593296706676483
B-O0,2,42,59e566c9593c67991a9806b91f08f73822a0101cbf3d442380b33413985e2c61,528,0,2,0.36762678623199463,0.26212278008461,0.3702504336833954
B-O0,2,42,ff5ec594276eaf7458f2130bcf3e75b5d349c038b2b084453d15878aca86b077,535,1,2,0.36063307523727417,0.26204633712768555,0.3773205876350403
B-O0,2,42,26b4822fa63df3b3e9c29f678473792ea52b5b587e2cab81296a5a914d19b8b3,544,1,2,0.348993182182312,0.2616666257381439,0.38934019207954407
B-O0,2,42,f4d53f6572ae8b078ab81ba0147ca9577c4911fee5434fc10bcd3664f586de6f,559,1,2,0.34556907415390015,0.2614933252334595,0.3929376006126404
B-O0,2,42,1e575562ac1159a8405c09757fa2ecb84640a371604a760ff9c484986079044d,564,1,2,0.35981929302215576,0.26203012466430664,0.3781505823135376
B-O0,2,42,6fd9a47fad5e93b780be9618fa002099728d3eff67212f1dfd621d4fe09e5eca,567,0,0,0.4177466630935669,0.2595822811126709,0.3226710557937622
B-O0,2,42,c196a7c8ed3ca9e717d3bd3e95cdfe28d93e5d9cf747d077bb16d08a20a5e14a,568,0,0,0.37254923582077026,0.2621100842952728,0.3653406798839569
B-O0,2,42,882cedeb9fc2ec46872ae63c3be3b86e9760a8947f6a1cb1a2e0b94eaefa5a4b,571,0,0,0.3715742826461792,0.2621169090270996,0.3663088083267212
B-O0,2,42,83113f35b1ed6dcd55e689ac8670be1b8e9643d34559e493146083d8e5945dce,573,1,0,0.37554043531417847,0.2620760202407837,0.36238354444503784
B-O0,2,42,7be80fb1e0b72f3463c8bb1765680e76d75477d56995fa3950c138b538110adc,575,1,2,0.35671210289001465,0.261954128742218,0.38133376836776733
B-O0,2,42,55dda6439343432382a3c5fcfd38503ba528580be87b0d35cdba66b9c9b827d2,576,1,2,0.36411404609680176,0.26209840178489685,0.3737875521183014
B-O0,2,42,d083e107e8f39557b9da7bae2f268fd65ec49b913d65d226417086af94f9511c,581,0,0,0.38302934169769287,0.26190465688705444,0.3550660014152527
B-O0,2,42,6dcbeeb20de7ab3fb6be30cae5c029490f226a6c6e9839f8bb4882119aa94265,584,1,2,0.35671210289001465,0.261954128742218,0.38133376836776733
B-O0,2,42,4d13f0a81cacab75a84d737ab08cf1b5159479efc79f18190e8eff251f50d3a5,590,0,0,0.37906312942504883,0.2620106339454651,0.3589262366294861
B-O0,2,42,62984b6078e75a305726c858e36e398e1c744cb748f515a9cfe0fc9d54a69c63,599,1,2,0.34219783544540405,0.2612946629524231,0.39650750160217285
B-O0,2,42,864a47eb9df8de430cc753dc49cfb0c61bbddcd7e39861184b1c6ac25ac9961b,618,2,2,0.3211374282836914,0.2594060003757477,0.4194565713405609
B-O0,2,42,f21c6f9076039176e5eb15df163162d58f098a9ae11653ad81acafabb9c36e7c,625,1,2,0.36019182205200195,0.2620377838611603,0.37777039408683777
B-O0,2,42,0b62dbcc4ebac3c7caeb54877d5a7729939755248ef62d510998e9e0fbed957f,632,0,0,0.37906312942504883,0.2620106339454651,0.3589262366294861
B-O0,2,42,52a96206cbacbf10f2bc11340bd5210d489f276f3d08ac28be80c19d2cf1da08,633,1,2,0.33513909578323364,0.260787695646286,0.40407320857048035
B-O0,2,42,29fce523320e3983ff6849f6c475a158aa2fe75ebd2e9c644855bcd863b27cc7,637,0,0,0.3825976848602295,0.2619178593158722,0.3554844558238983
B-O0,2,42,4ec623fdc95e46d2eebb4a617716702a53c1664c18b6850a31a71541fbaf8d81,641,2,2,0.3232124447822571,0.259643018245697,0.4171445369720459
B-O0,3,42,9da00394a8e5d8f9ea66036a6a89912efa355fd9ba96bfa4c528435b8bef9db1,0,1,0,0.4081578850746155,0.2584007680416107,0.3334413468837738
B-O0,3,42,2032c66fadcb9fb24653402444d869a8a23e06dd7c522221ee5e19db135147dd,1,1,2,0.3551984429359436,0.25970736145973206,0.38509419560432434
B-O0,3,42,8726e7c2817fb8c8315b2db10843e3074a260645fbf1fccfd23450a6dfadb425,9,1,2,0.3324381709098816,0.25831231474876404,0.40924951434135437
B-O0,3,42,14caadb35d5c89647b912b53c06bdcea5896a8299a9358c8bd67f727a3feec4c,14,2,2,0.3131680488586426,0.2561078667640686,0.4307240843772888
B-O0,3,42,0817d574402933c00d82a89b1851b0d40647a8234618ab6b293d902531e9fea3,15,2,2,0.2890622615814209,0.25192171335220337,0.45901602506637573
B-O0,3,42,3679ea32f8b94b8ce3d1242fef2d6073a0bdb60fe26b258e51162049223ac77d,44,1,2,0.34882205724716187,0.25944316387176514,0.391734778881073
B-O0,3,42,1a9c93c0298921e6e0f103921ca7dba43c8472b77c47cdfe345bc83365ea4636,52,0,2,0.35684698820114136,0.2597600519657135,0.38339295983314514
B-O0,3,42,08f641e003d30bb34ea70c8a98e54462e23555149b596c1f323b1ca3443795eb,53,1,2,0.3263819217681885,0.25772401690483093,0.4158940613269806
B-O0,3,42,825309a30632ca1e2936b124a778f11cb92b02606b370f89d13bef151f047eef,55,1,2,0.3286588191986084,0.25795623660087585,0.41338494420051575
B-O0,3,42,7b13c3dcfc57858b28512dd82b80f9bbc5a38d53ab17609e29661191744e409e,59,2,2,0.2986602783203125,0.2537864148616791,0.4475533068180084
B-O0,3,42,cb2b4d4111dfd94cb699ad65f248b0bfb4f2ebfda4969f24c0672a4eea784aea,61,2,2,0.3528044819831848,0.25961944460868835,0.38757607340812683
B-O0,3,42,2d4a4db57d75d8a7e2d6e56965c925963d33c569c1e24c31a63fb124021beebc,64,1,2,0.3263819217681885,0.25772401690483093,0.4158940613269806
B-O0,3,42,410500105c3281445a1b6e50757dc923dff389861aa9993c0b740a1545b5b228,68,1,2,0.3464782238006592,0.2593216896057129,0.39420008659362793
B-O0,3,42,43ef9061e180219186ef1d51bc3c069a634f7f7a0078c5e6a8e339fe1bf5c10d,72,1,2,0.3302130699157715,0.25810709595680237,0.41167983412742615
B-O0,3,42,81b09fc0aa959d8efcc70c33f155000a7f01a30bf542cb50cd16d5ceb5203c4f,80,1,2,0.3425136208534241,0.25908589363098145,0.3984004855155945
B-O0,3,42,b64a99906f7914e194b7e5bda1235e3fffa359bf7c1667dd42b4268f16478434,86,1,2,0.3302130699157715,0.25810709595680237,0.41167983412742615
B-O0,3,42,d1873f2c273d9fff1d54fa797703976f13a01d3298453e10d99cb401551d4999,89,1,2,0.36324286460876465,0.2599048614501953,0.37685227394104004
B-O0,3,42,7e9752299515d5ecf7f759b6eae0d65703a71dea906d252e95aab67537ddb71f,90,1,2,0.3551984429359436,0.25970736145973206,0.38509419560432434
B-O0,3,42,68ce95a11652b3b237dabe6ae00998c9c7adce1ee390c47fadd3e8540130de0f,109,1,2,0.3040667772293091,0.25472021102905273,0.4412130117416382
B-O0,3,42,3797dbb2b0b7a08e83dbec5409c694efa671c4e46af761858844278f1dc385d8,110,1,2,0.31899017095565796,0.256877064704895,0.424132764339447
B-O0,3,42,704d8396ce08b551fa6dd721337adce6afb2503715135f734bd2c0722ce528d3,115,1,2,0.3020627498626709,0.2543838322162628,0.4435534179210663
B-O0,3,42,4d25798cefc2cf5ce3c29ebf0b9e4c0d84956f1a8898de972610ee57b6a7fb5f,129,1,2,0.3263819217681885,0.25772401690483093,0.4158940613269806
B-O0,3,42,bbb97d718a1a11e509b00ac170dc512ff9b9930eacf75f5a3077880ff90bf810,136,1,2,0.36324286460876465,0.2599048614501953,0.37685227394104004
B-O0,3,42,787dcb7a1c4cc9f4983f462ddd01863d71220d14a298073a5886f7917ceec867,138,1,2,0.3363019824028015,0.2586389482021332,0.4050590693950653
B-O0,3,42,b064cb059d374948ef0370a2437f8d0bafe1e9678a1b38f837c6a6db9db4d582,142,1,2,0.3425136208534241,0.25908589363098145,0.3984004855155945
B-O0,3,42,9a26ca17f1a2a542cec0453d178767a86c59652d63ff72ddaa48810be13d1ab6,153,1,2,0.3226390480995178,0.257313072681427,0.4200478792190552
B-O0,3,42,d1b268ba32d56d8ff3504e94ee5370f3a76ce18e0a3b0db5c875395b0e922da0,159,1,2,0.3263819217681885,0.25772401690483093,0.4158940613269806
B-O0,3,42,440e70046c7ab779d69b3cf5f483b0504098b58f20b98da0f4b90dcca58b7a1c,161,0,2,0.36324286460876465,0.2599048614501953,0.37685227394104004
B-O0,3,42,1336c5029330743b5ea83d83fdfc07fcd73276158b755bc1202b4a90ade5cb08,162,1,2,0.3363019824028015,0.2586389482021332,0.4050590693950653
B-O0,3,42,d51923504c8a939ba8dfbe8c09d12c0f24fc1b5f9fceff2ea5d3f498b3105dad,170,1,2,0.3464782238006592,0.2593216896057129,0.39420008659362793
B-O0,3,42,c346449759a08de6df8ad7f0936940e980e88f11837c514a02a4fd03f71ed459,174,0,0,0.3737560510635376,0.2599410116672516,0.3663029372692108
B-O0,3,42,4b9f8e0c8ab34af43ef7096eb4e85d311551b210d679e5d673daa44a258e8a42,186,1,2,0.35050785541534424,0.259522408246994,0.38996973633766174
B-O0,3,42,801eb4d09dd43b2b678c81a91d82521163c504324fee02de3778a3ecd1a926bc,194,1,2,0.3464782238006592,0.2593216896057129,0.39420008659362793
B-O0,3,42,0c37fd58a9827290e55b34630825b0d6244c49d5ad38b4cb692ee5fba935d2c9,203,1,2,0.36324286460876465,0.2599048614501953,0.37685227394104004
B-O0,3,42,50fcac22a7e0a3f9e29c98914641686f7b4d5b483729f33dfc0943ebc770409d,206,1,2,0.34882205724716187,0.25944316387176514,0.391734778881073
B-O0,3,42,1223db6fa4c73ddcfb1d3c6d1d32d7a9a694a0c67b0b8896d2e2c5252ea458b7,222,1,2,0.3286588191986084,0.25795623660087585,0.41338494420051575
B-O0,3,42,1cd7edbfe2f40c5d7c9a6230c2530a19e1c33c1d7a4b9c2fc76e71f4a4ef2955,229,2,2,0.30626505613327026,0.2550763785839081,0.43865856528282166
B-O0,3,42,51cce7d0485df80b75d03dee842b5fbb970f5348df67160d0e30730f577a193f,231,1,2,0.3528044819831848,0.25961944460868835,0.38757607340812683
B-O0,3,42,982f60fd457eb6d3d3ea718cf44d5cb26c9847a13bc9211cf942c0276094cbea,236,1,2,0.3226390480995178,0.257313072681427,0.4200478792190552
B-O0,3,42,73d4dfe9d634e737477bbc0e789414071caddfba0329a03b55a67d4565f16b31,238,2,2,0.30071890354156494,0.2541517913341522,0.44512930512428284
B-O0,3,42,17fce900c57b5d8978b6a7f3fc2fb54520a09094e94167b76cbe441400f5ad10,247,1,2,0.3226390480995178,0.257313072681427,0.4200478792190552
B-O0,3,42,38085f4b22cba5fc2e5c7334dc43fd4faa9f1be9584e87c3a89ac73aa37f3ff6,248,0,2,0.36324286460876465,0.2599048614501953,0.37685227394104004
B-O0,3,42,f37129146fe1cc102260df1bb5035364d6977e2290c3f3c022105e91ae0cad55,250,2,2,0.2953658103942871,0.2531764805316925,0.4514577090740204
B-O0,3,42,c85e618c2cb4110b794d0c0953af57fe74dd832c9089b476240a78f6178bf1cf,252,1,2,0.3167732357978821,0.25659480690956116,0.42663195729255676
B-O0,3,42,6a3c09e4947d005706a207b8c760dd1e4a01a013d7fdf234bb6e2abbe62ed0f8,263,0,0,0.3778786063194275,0.25988829135894775,0.36223310232162476
B-O0,3,42,55f09cfab4e7759b9196088c60e80fdf399fa12b760c9cf22aaeb33589b1808c,265,2,2,0.30752110481262207,0.25527384877204895,0.437205046415329
B-O0,3,42,b7661cb5dd52c9c0fe4365fcc6bff1f997b8753cdce2392381357136c4a5bf43,269,2,2,0.3131680488586426,0.2561078667640686,0.4307240843772888
B-O0,3,42,be89c47ea7807e1e8f1728f4281bf7f92ce922539e0b3cd0848dc5a258702b8d,282,0,0,0.3801611065864563,0.2598431706428528,0.3599957227706909
B-O0,3,42,8b6cbbd882704231c2da058f30493957fe5f146ad538f186251118a7c93fe195,283,1,2,0.3551984429359436,0.25970736145973206,0.38509419560432434
B-O0,3,42,1c7add97688eeaddc1858c389db4aac1d7c75a52d05d5f15c0d081a7b938abaf,287,1,2,0.3591931462287903,0.25982415676116943,0.3809826970100403
B-O0,3,42,50a40749308fda874b7765a8a2b85ca93645b0200e63e9851129ab8fd6f41ff9,292,1,2,0.3386220335960388,0.25881707668304443,0.40256088972091675
B-O0,3,42,0910a774d27e3fe150f1c12d186032f527421ab5d7c35f74ac4f758094dd228d,301,1,2,0.3528044819831848,0.25961944460868835,0.38757607340812683
B-O0,3,42,4bea7852e6349795c7bb47b3b196b923e2ba8e7aeea9001ce30608cc02c0e4f6,303,1,2,0.3147369623184204,0.25632399320602417,0.4289390444755554
B-O0,3,42,fe7000c6192011cc4cb3fab698a7821cc7044fec6fed4d6c825162ba8e131368,304,1,2,0.3386220335960388,0.25881707668304443,0.40256088972091675
B-O0,3,42,de68a6ddb137408d6f047da8b80a1ebeb03cceea79fe2bc107056a11068abdc3,306,2,2,0.30071890354156494,0.2541517913341522,0.44512930512428284
B-O0,3,42,ee99b4a3c8e4b8ac8172a040ad3be7a04dea423a9ae0409a95df0fafc91a313a,308,1,2,0.34882205724716187,0.25944316387176514,0.391734778881073
B-O0,3,42,5e503b8ae7945a0c7a8bcd67542d51082ffc17c2404a5253304711f79919407f,313,1,2,0.3226390480995178,0.257313072681427,0.4200478792190552
B-O0,3,42,a538822eabdf193b2b19f78ccf63644aa5c71ce346c2909e83ad04440964ae88,315,2,2,0.3131680488586426,0.2561078667640686,0.4307240843772888
B-O0,3,42,0796be2517f6d256579d64e3fd271287a0a015eb77e018c048e59d0f28eee45f,322,1,2,0.36733829975128174,0.2599484920501709,0.37271320819854736
B-O0,3,42,1bfda6b9b2ec251369d6f57db5fce38fb12dcd38ecc1650133ffde8588ea9de5,323,1,2,0.3528044819831848,0.25961944460868835,0.38757607340812683
B-O0,3,42,dd16b30b04ffe107ef12c7c07478ee8a6f1cb06de15b60261e80e1c3592fa365,324,1,2,0.3528044819831848,0.25961944460868835,0.38757607340812683
B-O0,3,42,4998ff2bd307bda1d85ee16567c661c9862e55779e725e724189456e0c51af70,325,1,2,0.3425136208534241,0.25908589363098145,0.3984004855155945
B-O0,3,42,39eaa33a8d48061b0348f9e4a83e301a0a7459e5eb653e83810f30644bbc17f7,327,2,2,0.2890622615814209,0.25192171335220337,0.45901602506637573
B-O0,3,42,5caa9ac380bb06f4d084ea82b0b0e36346f917605e5ce0b8bbbdf5ced25c6cd0,329,1,2,0.3324381709098816,0.25831231474876404,0.40924951434135437
B-O0,3,42,fb6e8a79c7509d2ea0d634b54f8c3c61a61c856f58b1e43907d91134de9c8f10,331,1,2,0.3324381709098816,0.25831231474876404,0.40924951434135437
B-O0,3,42,a46a03d1ee4daec20e9a849ba628defbbc5ebb1042f9cc44f825a9072c526ebd,337,2,2,0.28735262155532837,0.25156116485595703,0.4610862135887146
B-O0,3,42,4612e860034a77d8b2a28c5a307edd4c230ea2cc203c599c4d524164ca1c201c,340,2,2,0.3096643090248108,0.2556006610393524,0.4347350299358368
B-O0,3,42,562297c9b2262e5b9178439eac76300b6d0baa5c81dc6ab9a3e04f13b44d1edd,347,0,0,0.384269654750824,0.259733647108078,0.355996698141098
B-O0,3,42,2aa6a5792ef7467f71fc55b9fcc6f5c9d6ba25f470083dd8e9a787e579bfd401,358,2,2,0.3324381709098816,0.25831231474876404,0.40924951434135437
B-O0,3,42,2b1079c154b15202bdeb4e37d3bb3fda5cde0b6dc62e5246d0face06819abf5a,371,1,2,0.3528044819831848,0.25961944460868835,0.38757607340812683
B-O0,3,42,4b1c806a421b02743346fc062782ec9b603b1cfc919177966cf33f0baffd2193,374,2,2,0.28735262155532837,0.25156116485595703,0.4610862135887146
B-O0,3,42,ed9c1db619a6e03138850df9100b0c87a96915bff8f177717879e0b0d0763e16,377,1,2,0.31899017095565796,0.256877064704895,0.424132764339447
B-O0,3,42,421629aaa541cfa65f08170d2ded95bfcfb72deb6371ca7bd8cff9686b07ca24,381,2,2,0.30752110481262207,0.25527384877204895,0.437205046415329
B-O0,3,42,28b053e3389d9080286d65e0a159dfd0e84b54ab6f9d29efe76029c4e441d313,394,2,2,0.3131680488586426,0.2561078667640686,0.4307240843772888
B-O0,3,42,93b21413c755833e1950d07af850214cfb9b5519b7b21162d63f4c9ee904ca1e,399,2,2,0.30626505613327026,0.2550763785839081,0.43865856528282166
B-O0,3,42,76d06487c4ffc806c0124b367816f652dd15cd43c60141189fb67369207e51fd,402,1,2,0.3386220335960388,0.25881707668304443,0.40256088972091675
B-O0,3,42,284ec319e69a06d51dc7138b1cd703bdec233bd9862e76e788a66d58b5c93074,403,2,2,0.32137662172317505,0.2571662366390228,0.4214571416378021
B-O0,3,42,f31671785b3e105c3461c6f468a73e51b08fb09a2755ffa8ebfec2ee89fdccbc,405,1,2,0.34882205724716187,0.25944316387176514,0.391734778881073
B-O0,3,42,5fad3e448c5e1d74ad40706ea43e831ca8eb7c7de5f8b18a8d11e3658f13675e,411,2,2,0.32137662172317505,0.2571662366390228,0.4214571416378021
B-O0,3,42,abcb65e9f203ebce43dfcc290e3881ec3fadd75e0780873abb34e688cf2bde55,415,1,2,0.3591931462287903,0.25982415676116943,0.3809826970100403
B-O0,3,42,ecc8758acbe3ff3c1237190f0844b57b0865bb46d0c940c7ca341391b4a24f77,417,2,2,0.3043155074119568,0.2547611892223358,0.4409233033657074
B-O0,3,42,83a9b71397707247df9fd3717796837f3765429b50236d6099664af84b527b36,418,1,2,0.31899017095565796,0.256877064704895,0.424132764339447
B-O0,3,42,f69228ae618f2a54598815acf45338b6ad192e9eb36eb4949775495b54e4ef8b,422,1,2,0.34106993675231934,0.2589905261993408,0.39993953704833984
B-O0,3,42,b792c09ee937fae339c13197e2ca35611ec60e9b4d2f0dd62906e390c58a29f0,424,1,2,0.3324381709098816,0.25831231474876404,0.40924951434135437
B-O0,3,42,db9e4ad5925b27ec0584e301c098615d0e7d750f33a62c852097ee5091d20bdb,425,1,2,0.3528044819831848,0.25961944460868835,0.38757607340812683
B-O0,3,42,a3ac2db16dcc74dd63903b195b7d1a3a53338887f18e8639c30c65d8eae7bc86,430,1,2,0.34882205724716187,0.25944316387176514,0.391734778881073
B-O0,3,42,4197c747bb633c56f7d24ec066c22ea16f41b22682b607527cfd6f1a7a2562c8,432,0,0,0.39471012353897095,0.25929495692253113,0.3459949195384979
B-O0,3,42,3ff83fc265305905760c500d9fe41689de9a1de06044ba371e5d92bef6310802,444,1,2,0.3591931462287903,0.25982415676116943,0.3809826970100403
B-O0,3,42,1a61ef72c42eed5e7901aa43b40e133c4e51f87ced017db6e1d465d17ca3ec78,454,0,2,0.36733829975128174,0.2599484920501709,0.37271320819854736
B-O0,3,42,3d49951b870f3bcf189be0c2ef0d5405a6c21987112ed1b195ea3ed4ddfb46d6,456,2,2,0.31899017095565796,0.256877064704895,0.424132764339447
B-O0,3,42,3d19f74837a5c6f5e6ce0189453e4c6b522f560699d85fed9af18054565b4fad,457,1,2,0.34882205724716187,0.25944316387176514,0.391734778881073
B-O0,3,42,8d0f029901600d9418a07f1fd8a7b00c1d0b43e684bd28f66e21c5cf7dcd6021,463,1,2,0.3242693543434143,0.25749656558036804,0.41823408007621765
B-O0,3,42,55d65dd88579a7b1789b4e356b381badd401b3808258dce2c7f346a5dd179c07,464,1,2,0.3425136208534241,0.25908589363098145,0.3984004855155945
B-O0,3,42,9b5390ef3260489b3c3887f9fe6f349f50d003bb156f7742f95c91a2857f2dae,475,1,2,0.3286588191986084,0.25795623660087585,0.41338494420051575
B-O0,3,42,4e8d3b7274c27d5592e32b4eb3028607e6458d3fa96ea1c253fae1519ce42ebb,484,0,0,0.384269654750824,0.259733647108078,0.355996698141098
B-O0,3,42,39f5260d468bf91cca4bc94b0f64140f65b1569a4eacdacee827afe47a7a43af,486,1,2,0.3591931462287903,0.25982415676116943,0.3809826970100403
B-O0,3,42,ad3bbd4bc195aca26dbe34255846b204647007f9008cd1604caf31a6030ec266,493,1,2,0.36324286460876465,0.2599048614501953,0.37685227394104004
B-O0,3,42,9662010e2490990d85dd702691d3e752f5a17e905f96d98be43c275a1e08a893,501,1,2,0.32047533988952637,0.2570587694644928,0.42246589064598083
B-O0,3,42,f9871cd35fbbef3dcc9a11edf31cde93a1421f2f6768ec1eda59f1fd8a7eda5b,503,1,2,0.3131680488586426,0.2561078667640686,0.4307240843772888
B-O0,3,42,09483a45ca26429c517c73946e7c0e42d0b268c8e54f9f87e8d06f6ddbddf0e6,512,0,0,0.384269654750824,0.259733647108078,0.355996698141098
B-O0,3,42,e3b43d0c2f88cf262221ae16e2204cd0eab17feeda587be40cda3a8f76eae2f7,513,0,0,0.38202160596847534,0.2597980499267578,0.35818034410476685
B-O0,3,42,293fd70db77ae8dac4ff7015aa8471bbee8dc11c94d69214be1164a3a65ded47,515,1,2,0.36733829975128174,0.2599484920501709,0.37271320819854736
B-O0,3,42,1d8c825fa4140f5726cf96d2fbc410daf8dc1449a57aa3018d8d69710baf1acf,516,2,2,0.30626505613327026,0.2550763785839081,0.43865856528282166
B-O0,3,42,6be95b1a0e561d03e9ff9bb3bf48e85fc3bb4ae85b750949097b5270445e0b2f,521,1,2,0.3656129240989685,0.2599346935749054,0.3744523823261261
B-O0,3,42,302494caeb3ee0101f8f544443114bef1a41d67b3f2ce1366f69f9a3f31ce11c,530,0,0,0.3720307946205139,0.25995197892189026,0.3680172264575958
B-O0,3,42,721efe630e75ad47ccaef650071f9859ae1b8779a8c95ecea3c05cada999c1f2,537,1,2,0.3286588191986084,0.25795623660087585,0.41338494420051575
B-O0,3,42,d1958961f2d45dc817103b882041c89ee03cfc904630b276a8df79cc1bb77be4,542,1,2,0.34882205724716187,0.25944316387176514,0.391734778881073
B-O0,3,42,298396fbfdd8164ae18c277866976ca23849141cf1815c2bcec80e4ae07c61b7,548,1,2,0.3464782238006592,0.2593216896057129,0.39420008659362793
B-O0,3,42,fb94ee8ea1e782bef0347d3f68c7a3b2779dd41a95c0aa9dfffc9da76f70ba9f,549,2,2,0.28735262155532837,0.25156116485595703,0.4610862135887146
B-O0,3,42,5b5485c49c314af261c3458801b8a573f2c1563a3c311c29143aab59d9d911ea,551,1,2,0.31899017095565796,0.256877064704895,0.424132764339447
B-O0,3,42,05567423ae09c5925d6146877dafb322bf8ffcd07a7f3933256d62e795f81820,553,1,2,0.3425136208534241,0.25908589363098145,0.3984004855155945
B-O0,3,42,def918c1724a318819400b627c2284b9d77b244b87ba2494717c910e5c9c38bc,556,1,2,0.3591931462287903,0.25982415676116943,0.3809826970100403
B-O0,3,42,81797337a73820dc32b1a903022de6137363f685e79ff3d28361b746ffaed4d1,558,1,2,0.35379284620285034,0.2596573829650879,0.38654977083206177
B-O0,3,42,42782168745dc8505000dbae693962b78560d30e77d5c939cf351a8b1435ee0b,566,0,0,0.3714696764945984,0.25995418429374695,0.36857613921165466
B-O0,3,42,6fb20bf325c96c92f7685718fe8ac085abc4d9ae3655bac14eeb57923a7ace8b,569,0,0,0.3982831835746765,0.2590930163860321,0.3426238000392914
B-O0,3,42,4d38119ab66a25344f4d5e9cac08e7a79647052d37639e78099d0d83f405388c,586,0,0,0.3737560510635376,0.2599410116672516,0.3663029372692108
B-O0,3,42,e8163c001a265fe053d03db65ff85765ce01cdbe0255fccc0cdc667d3e54d98b,589,1,0,0.3720307946205139,0.25995197892189026,0.3680172264575958
B-O0,3,42,43460a59a097e1443e8fbc9958de350337bb25f8ffffc2fc154630bccfe4cab4,592,1,2,0.3386220335960388,0.25881707668304443,0.40256088972091675
B-O0,3,42,5cbc809b12bbee7f9264f64fb42ed13d33f0a6e6a36184a8abaaf767c2a5e4d8,594,2,2,0.28488147258758545,0.2510245740413666,0.464093953371048
B-O0,3,42,638b177ebfd03aac5f3afd7b87a4197f8724aebf6fb9331b5739e0ecf63e509b,596,2,2,0.28735262155532837,0.25156116485595703,0.4610862135887146
B-O0,3,42,88141e1c7c290dd5013d1430599c08e066cf9b67d49c79ba4eed15b5368f8865,597,0,0,0.39980393648147583,0.25899916887283325,0.3411968946456909
B-O0,3,42,95e8238ccef68ad4f8150229d207753b7ab128e23d88ab78b7641a93e0bf0b7f,598,1,2,0.34882205724716187,0.25944316387176514,0.391734778881073
B-O0,3,42,822a295f2c49ded241a54272d201a97fb3dc1b2409068f0e353f918e741a9ae8,601,1,0,0.3737560510635376,0.2599410116672516,0.3663029372692108
B-O0,3,42,ac5e5e4d7d88c4fc6bed3d9c971328c75ec9aeedf9f5e57eeb490d0e05eb0235,604,1,2,0.3591931462287903,0.25982415676116943,0.3809826970100403
B-O0,3,42,e76d30071132859aee98d30842d0336ad4f55ec000ceee702f40c262f5d29fe4,605,0,0,0.4240427613258362,0.2568869888782501,0.3190702497959137
B-O0,3,42,0c62dd9eba4e97411d8065ea4a297154674fd8225c2e5435c85f3e545314f202,607,1,2,0.3425136208534241,0.25908589363098145,0.3984004855155945
B-O0,3,42,3f51ef1cc86ab991c28a55516800a2b6b5ef37565f358b017c65fa7577187dfa,621,1,2,0.3226390480995178,0.257313072681427,0.4200478792190552
B-O0,3,42,dd38559e4db1b62eb9ee7721afb2fa8ba6d0e620b0ca68c3466a2b552c86f887,622,0,2,0.3656129240989685,0.2599346935749054,0.3744523823261261
B-O0,3,42,791278aa8844499b0a60f95a26795155a5f9545a142a562dca7b40238639b234,626,0,0,0.392522394657135,0.2594057023525238,0.3480719029903412
B-O0,3,42,f348edbafe367b5ca9552438520be0642620dd2e2fa1312d7bf2b74940eb9780,644,1,2,0.34882205724716187,0.25944316387176514,0.391734778881073
B-O0,4,42,366f43b68b77ee5d9d4d649052f097811eedbdf9b66e66e3d3a40f469b388044,2,1,2,0.3325616717338562,0.25967857241630554,0.40775975584983826
B-O0,4,42,8b3e47f5ebce0eb3eab15109aa814094f34c092ee88c49f965a0c31f02e89665,10,1,2,0.3213961124420166,0.2585354745388031,0.4200684130191803
B-O0,4,42,51bfbad6d53b93a899767c78e04aedd5268a69726ca0fa60eebb8995190d4982,12,1,2,0.3325616717338562,0.25967857241630554,0.40775975584983826
B-O0,4,42,3ebf8a2cebdec533bb2f688970be04e9d39292494e756baaecc985483868e197,16,1,2,0.3286491632461548,0.25931480526924133,0.4120360314846039
B-O0,4,42,df5f1e6242f05e2e7995e736400586f8d34bd840e6cc2238daba43556f312bf7,17,1,2,0.32521575689315796,0.25896307826042175,0.4158211648464203
B-O0,4,42,716a01bc74c08fe1ad70772ed77afa2bc34025fce7092dab0813200de8da2e99,20,1,2,0.3325616717338562,0.25967857241630554,0.40775975584983826
B-O0,4,42,7df5d7c65a174992687578a093dd207e1ca89156b6eb9caf2dc28c6a498c4c69,21,1,2,0.34007805585861206,0.2602686285972595,0.3996533155441284
B-O0,4,42,e61c91569c6de30c3d7a1a050539ef58a6e6b2819fedd91cf751aa0b3b5dc43c,23,1,2,0.351404070854187,0.2608940303325653,0.3877018988132477
B-O0,4,42,1d7362cb11b923770fcf1b9a9f01b7fa4ac11819920853a5a2909ecc1bcf6867,24,1,2,0.347739040851593,0.26072579622268677,0.3915351629257202
B-O0,4,42,f791c4eed66654e399b28a4c327d7b32842e48bc7cb42c5ddf0334cb435a54fe,26,1,2,0.34007805585861206,0.2602686285972595,0.3996533155441284
B-O0,4,42,6623d48d7b4f14736e86dddd3ea44cbf28743d1a0fa21fd0bc2badc498627870,30,1,2,0.347739040851593,0.26072579622268677,0.3915351629257202
B-O0,4,42,adeb2a11168a375acac8a5ba7b0b12f61ea068f42dc92905098e6e9cc109f6bd,31,2,2,0.31434643268585205,0.2576445937156677,0.4280089735984802
B-O0,4,42,754d80adc397c4fc9bec4ce162ed868fbaba4b8aa3ab35766de0fb6def2f0ceb,34,1,2,0.3360849618911743,0.2599727511405945,0.4039422869682312
B-O0,4,42,84eb0f805fcb924ea581aaeed6c1024f9b78a793c930404ba039a4ceae8ccc01,37,1,2,0.3286491632461548,0.25931480526924133,0.4120360314846039
B-O0,4,42,5a01e160eddd0bfbc539ba4edb21a863e238a235071b2454983b79461d8e4206,58,1,2,0.32480889558792114,0.25891929864883423,0.41627180576324463
B-O0,4,42,717139bec7d6697c010ef70919581b03d427ed7b732fe74877da3c2869a2549a,65,2,2,0.31077438592910767,0.2571418583393097,0.43208375573158264
B-O0,4,42,ae7b53521c5f68c35a765aa5d26aa9bfb6604a6b2115fb3b85bc571e44290618,70,1,2,0.3357290029525757,0.25994452834129333,0.404326468706131
B-O0,4,42,c95ca8f4fa098b2e8efa4e74297b6a837b1cad117a7c74f757cfb6e899300c9b,71,1,2,0.3510414958000183,0.2608788013458252,0.3880797028541565
B-O0,4,42,8e1cfba12ecae9c7fe55971bfee9792fcbabb9508905435e85fb5be079f00c2e,75,1,2,0.3436790108680725,0.26050135493278503,0.39581963419914246
B-O0,4,42,661a678ac0beaf6c8e05288f361e0ec2e0cbe5cd6eeac862ecacedbc032c4cd3,76,1,2,0.33967316150665283,0.260240375995636,0.4000864624977112
B-O0,4,42,f6f85707110f73a6681ed41afcb48bbfe37fc724bb0552b9d4cf0fe7426ae0d2,78,1,2,0.3592298626899719,0.26114681363105774,0.37962332367897034
B-O0,4,42,a39c3e2842a98f8ce8ef89b6eecb15c7e97b2bba8dd4fce046e6f457f63b132f,83,1,2,0.3321554660797119,0.25964266061782837,0.4082018733024597
B-O0,4,42,f71c1967da2534ea41551a7d2611bd192dc4205226657d845b33cb958d52e12f,88,1,2,0.34331977367401123,0.26047953963279724,0.39620068669319153
B-O0,4,42,55134d6b9833e0dd6d9893c0d987db36b88926cc2663da7803c8d21064433f00,91,1,2,0.32480889558792114,0.25891929864883423,0.41627180576324463
B-O0,4,42,7dbcdf95b6256c0f7b1dd6a3cc8fc9f0657b3eda2c88287ea432e7e932ba8d14,94,1,2,0.34007805585861206,0.2602686285972595,0.3996533155441284
B-O0,4,42,4c96ee395ae6b58dd1fc56a4feecd55f450b02849ef0476aa8095841292de3e1,95,1,2,0.3286491632461548,0.25931480526924133,0.4120360314846039
B-O0,4,42,4f65f4ecb5dec7a9bcbad3145918aab9b07f8a407f8e8a2091429b181b95ce71,106,1,2,0.351404070854187,0.2608940303325653,0.3877018988132477
B-O0,4,42,1cef8f807fdca35bb7855250f58e049e267f113b93c430f11985366f1fcfd9d7,114,1,2,0.35511505603790283,0.2610318958759308,0.3838530480861664
B-O0,4,42,0ea019d83f26df83e9b4d8ca38756d7365d28364686c182cd874a5234050812b,116,2,2,0.31077438592910767,0.2571418583393097,0.43208375573158264
B-O0,4,42,3dbffa78da4c6ccc5516a203817127a6190976a61b2c1e8e3ea1b77c6cff7d9d,122,1,2,0.3282964825630188,0.2592800557613373,0.4124234616756439
B-O0,4,42,7df3a248b5f8b93b45248cf254e97e9ba96a25254e52674e69515928d061a4e0,123,1,2,0.3325616717338562,0.25967857241630554,0.40775975584983826
B-O0,4,42,d2b095aa11fac2c0afb11ad09d16074d95b8ba0c47d799f8ede52e5b993a41dd,126,1,2,0.347739040851593,0.26072579622268677,0.3915351629257202
B-O0,4,42,dcbc9639337cde5535cbfd1b0895c1483a0c8d68b64e3c51551b748cef00b663,131,0,2,0.35511505603790283,0.2610318958759308,0.3838530480861664
B-O0,4,42,15b4ffd20b8c1fc30ae15bc841142d7ad85f1a4f9571265b80d081a59b742e1d,139,2,2,0.32521575689315796,0.25896307826042175,0.4158211648464203
B-O0,4,42,6c01e488a30c00d7ce599e5c6d7195f878613637774ce7b5cd4d9e7dab67078a,148,0,2,0.3633764982223511,0.2612229585647583,0.3754005432128906
B-O0,4,42,cec560dc37f41cd4c0033a5023e3ad17cb7fab8ef72dc1a8150a7ed88228fdd9,150,0,2,0.3629792332649231,0.2612173557281494,0.3758034110069275
B-O0,4,42,b434bdb6cf6a016c8fcf4ddfda1903c394ac80dd9a22c7ed02b2593841c71f91,157,1,2,0.34733593463897705,0.26070526242256165,0.3919588029384613
B-O0,4,42,ba5855f8ae5d306be9297d600b9787f650a7bcdd0cb8c9be2e1066ffbedbd65e,167,1,2,0.3286491632461548,0.25931480526924133,0.4120360314846039
B-O0,4,42,8cfcf18683c3b7ba3ced162978e9086a8ed03ba8ea0326e9517b0fb14a46f944,168,0,0,0.37128859758377075,0.26125937700271606,0.3674520254135132
B-O0,4,42,3a299c3c001be06083770361c18b9c8ad0448316f4c759f5eb6be75b20384d39,169,1,2,0.3629792332649231,0.2612173557281494,0.3758034110069275
B-O0,4,42,85f403ccf55735ef4bcbb2f529613e60c1023c2ec151eba3a05f40c076ed746f,171,1,2,0.34331977367401123,0.26047953963279724,0.39620068669319153
B-O0,4,42,6df07523c6bcce6099d7d663ad6a57b32e7357259ad66091764a914e4062a886,173,1,2,0.3629792332649231,0.2612173557281494,0.3758034110069275
B-O0,4,42,4d9c66f835e53c59a5b442cc32a3068c038a14b4b5816a08082ca8e454ac6666,177,0,2,0.3629792332649231,0.2612173557281494,0.3758034110069275
B-O0,4,42,ea343acee5823e9928048bcd114ab1bf1f6a80fe0d6f43707827d9efaf48f9c4,182,1,2,0.3360849618911743,0.2599727511405945,0.4039422869682312
B-O0,4,42,1f45e1f29d5af173d4f68cb977fa645b945e3015dcbee511344c2d6f2417112b,184,1,2,0.3592298626899719,0.26114681363105774,0.37962332367897034
B-O0,4,42,2085cb7bb188011662c46b252b9f3e65cd2c79085775a23fcecb742fefa155a4,190,1,2,0.3321554660797119,0.25964266061782837,0.4082018733024597
B-O0,4,42,dda56c3d07f633d971d329a63b1fdd7558cfca3fb0e027085f9e37f767b3fb45,199,1,2,0.3365399241447449,0.2600085437297821,0.403451532125473
B-O0,4,42,edb22055eb500691bda99be2c9e755b933fda43abbb5ac8d461c3b99c85b847e,200,1,2,0.35511505603790283,0.2610318958759308,0.3838530480861664
B-O0,4,42,c590d4966929434b32180f09a7062520e5996d2f0fe22fac768d1ca0613d025e,220,1,2,0.3436790108680725,0.26050135493278503,0.39581963419914246
B-O0,4,42,a5daa6d5539669eb579a2eb52884c6f73f940319383b144b4c4638f49c0549d8,233,1,2,0.3360849618911743,0.2599727511405945,0.4039422869682312
B-O0,4,42,98c1ed0f87d3d9f68a060c36de601cd9dd4c5c389aa3ef9b828e9c93c98f1a50,242,1,2,0.35551565885543823,0.26104485988616943,0.38343948125839233
B-O0,4,42,c302ee011150e5de42eafaa347a1b841d5d8807659f31696d8f82c5a4abc8105,245,1,2,0.3325616717338562,0.25967857241630554,0.40775975584983826
B-O0,4,42,7dd03f8de291c327ff1d0ed6f33b027547ee5dee91900d57ad3847ddbc771ca2,257,0,2,0.3588639497756958,0.26113826036453247,0.37999778985977173
B-O0,4,42,6bf3a7c4314c48c91d33eb94eb7bbcf708f6d2a7c6af47237735c2d12f683e35,260,1,2,0.33967316150665283,0.260240375995636,0.4000864624977112
B-O0,4,42,bf0447db8e3d43257114531a92a520c82a6453bd3b7ae34aea8711ce45d014b0,264,1,2,0.3510414958000183,0.2608788013458252,0.3880797028541565
B-O0,4,42,747d3e66fb22e30550810dc98794ef466dae76dcbd60596dc19187a28a0495e2,279,0,0,0.37128859758377075,0.26125937700271606,0.3674520254135132
B-O0,4,42,570a9095c62e1fa55a30bd460a6ecc380dc180927ebbc369eb3452bf401f5b43,294,1,2,0.3436790108680725,0.26050135493278503,0.39581963419914246
B-O0,4,42,06bff8560b0213942ba71145fac2e05499ca6db5f23f3a048b71ea1db4373276,297,1,2,0.35551565885543823,0.26104485988616943,0.38343948125839233
B-O0,4,42,8facf48402aa60c4e52666105b216119e1b68d607cd90e64c373961ddfa8a9bf,299,1,2,0.3441275954246521,0.2605281174182892,0.3953442871570587
B-O0,4,42,5756c809e3d8db3cdd21b5e8d36139858b8f09dbfdb84c88dd454914fd2447db,314,2,2,0.30592793226242065,0.25640350580215454,0.4376685619354248
B-O0,4,42,b44a3f41d310382fd60bf7f3a58d33ef67db0a23e704c0acd98fc529dad15ebc,321,2,2,0.32186025381088257,0.25858956575393677,0.41955018043518066
B-O0,4,42,5371b6cfff41d777216e0c9e04d0277262e4f4b282938a4ca51084387331c4ff,328,1,2,0.3325616717338562,0.25967857241630554,0.40775975584983826
B-O0,4,42,48049b601c2a81fda78b5d5252ae9ddaa08e0b7a64fbb1d35031fe640387123e,330,1,2,0.3325616717338562,0.25967857241630554,0.40775975584983826
B-O0,4,42,c48e0d5c7811d548c58be8c2e32213fe468160e54c1ed6ee3557e08eff54818c,338,2,2,0.2991862893104553,0.2552669048309326,0.44554680585861206
B-O0,4,42,9880128f9a4f009cbace58c35f08be763d85a148d19dbb6ed1cedb3e6b9cae7f,341,1,2,0.32480889558792114,0.25891929864883423,0.41627180576324463
B-O0,4,42,815d426caf6647658ab5ad600a6d9a4844a450a2fe631540bcc73263b16a4409,342,1,2,0.32521575689315796,0.25896307826042175,0.4158211648464203
B-O0,4,42,e9f98ce85a29627dad55d76982d434e4bdb6f159fafb9c3c1b5771e0e95bff25,345,2,2,0.31806302070617676,0.258130818605423,0.42380616068840027
B-O0,4,42,13db9493e5d931ec94f3d05fb0df869516c061cdb89058e2bdb16c5859508cbf,350,1,2,0.35551565885543823,0.26104485988616943,0.38343948125839233
B-O0,4,42,bac5a079bec62bc26a6dc783910825de9e2871a6d90c260b7f137ba75a6b17fb,356,2,2,0.3111700415611267,0.2571992576122284,0.4316307008266449
B-O0,4,42,94c0b44f9a2d481c5d2237dd73738cc92b9ee67076b318f634fc32aa4032a0b4,359,2,2,0.31434643268585205,0.2576445937156677,0.4280089735984802
B-O0,4,42,416afeb98b33f5e4f2a8e68a875e28fd4105a31165d6851ea3c83a3ccaa2515c,361,1,2,0.34733593463897705,0.26070526242256165,0.3919588029384613
B-O0,4,42,7cd43d94523c810f9ed5537e7015539cc8c9859bcedd689aec68db38a22003a3,364,2,2,0.31806302070617676,0.258130818605423,0.42380616068840027
B-O0,4,42,5a4c58dd7c63f01c85c75de330f08bf3279e1a3ffd1a3b3351ddc32a2bc68f49,369,1,2,0.351404070854187,0.2608940303325653,0.3877018988132477
B-O0,4,42,a26bf4e51a6f635e952f279fa007eebd60b1a0aa43278a348f6ce7430b2f6168,373,1,2,0.3436790108680725,0.26050135493278503,0.39581963419914246
B-O0,4,42,397cbeb6f38ebcdc8d0dd0bc306d8baa31702dc5ab41fd7ce317e3961c9e3b32,378,2,2,0.3025245666503906,0.25584590435028076,0.4416295289993286
B-O0,4,42,be0ebb7565c48c88742be3d147378e0339658b36ddc168b506068b1c90f4c79a,380,1,2,0.3321554660797119,0.25964266061782837,0.4082018733024597
B-O0,4,42,122e7e9e553c3480710d48da1b809bc3a0f00c8f31d7959bfbb0bb4217186e2f,383,1,2,0.3436790108680725,0.26050135493278503,0.39581963419914246
B-O0,4,42,a31c0ced032973a0e5414d71c603cafbff10cff8e3e8d4e4a720af17012d472c,387,2,2,0.3176558017730713,0.2580794394016266,0.4242647588253021
B-O0,4,42,31be86aecc38b94fea6900d3b08f0dbc20cdc907d7b94ba8ffefbc3e636be934,396,2,2,0.30762338638305664,0.25666922330856323,0.4357073903083801
B-O0,4,42,7cf9fc722144d5c5e38c3fea10921acf4cb1fa34cc1bd7692b29595386d51a2e,400,2,2,0.3176558017730713,0.2580794394016266,0.4242647588253021
B-O0,4,42,05ccbda5c8030aa70186394e3bd73c3d761e81154d70b009f09ac260843bbcb7,404,2,2,0.322486937046051,0.25866150856018066,0.4188515543937683
B-O0,4,42,b0eb4c514496bbccfadc92bbc9d502a308cf264f615a7270f4508adfa95341f5,410,2,2,0.3169158697128296,0.25798478722572327,0.42509934306144714
B-O0,4,42,b50eec873e5ad85197e459d43c6a8a7c64c7be7730e766647b9b32f8958cd6e7,426,1,2,0.351404070854187,0.2608940303325653,0.3877018988132477
B-O0,4,42,cc1b2843c4a07d3b4fa4abf9fd5537a7a6d4df902398c1cbe928fe3bce259418,427,2,2,0.30592793226242065,0.25640350580215454,0.4376685619354248
B-O0,4,42,66e20104ca9e36937afb002e64108ee63a347a8b7749a55b588d30eb3e1409e4,431,1,2,0.351404070854187,0.2608940303325653,0.3877018988132477
B-O0,4,42,2d77937efb442c0e808c407a59ec6405337a2a3460fb13f2f68d8434be09fe8e,435,1,2,0.351404070854187,0.2608940303325653,0.3877018988132477
B-O0,4,42,d3dea6e23727f3861155568fe03f7508dad97315d987d7f509832e7bf6b4eecf,447,0,2,0.3596615195274353,0.2611566483974457,0.379181832075119
B-O0,4,42,36151d13bff095b0f9b3c390fa02f663a49fd45fe72702bad759cd82db3174c3,459,1,2,0.35511505603790283,0.2610318958759308,0.3838530480861664
B-O0,4,42,3b0abeb2580501c078d50f1862f005665c127524372015d5674ef8679685fabd,461,1,2,0.3321554660797119,0.25964266061782837,0.4082018733024597
B-O0,4,42,3f3aa71345eef153c551d8268b4cf413be9de4e5ebe03d0b0aef13d7178f6451,467,1,2,0.32480889558792114,0.25891929864883423,0.41627180576324463
B-O0,4,42,e63fd967ad59bf73b27ba4efcf551436428f26a03ab3e1ca498f3e01f0550a1a,481,1,2,0.35551565885543823,0.26104485988616943,0.38343948125839233
B-O0,4,42,e8921714e78de17aa9004ed167d45bd0471420f26d1c05f61df1adaf22cf37fe,482,0,2,0.35551565885543823,0.26104485988616943,0.38343948125839233
B-O0,4,42,2a0de0babe99f6482353deccfb8c5a64a0d4e142134c21435a7d5cb4bb7a44f0,483,1,2,0.35551565885543823,0.26104485988616943,0.38343948125839233
B-O0,4,42,8da546665c37fd3768dd5df0c43d9e48a594114602af5888eca3732f0b8f2bdd,487,1,2,0.3675452470779419,0.2612597346305847,0.3711950182914734
B-O0,4,42,6807374cf8dc72644182a43a9da4afcfba4ad80f80c056f982d40cb0cdd9609b,494,0,2,0.3633764982223511,0.2612229585647583,0.3754005432128906
B-O0,4,42,e92297353a3a22b944725a165b52f80a1965ee09f6178dfc184860131871920c,495,1,2,0.32480889558792114,0.25891929864883423,0.41627180576324463
B-O0,4,42,c997661e8f088ce61daed2d734e2baf038d0a5f5a2326a8545dcefa81f72bec0,497,1,2,0.347739040851593,0.26072579622268677,0.3915351629257202
B-O0,4,42,d064c27e57ecbf5d0cace935aea0fc9d1053dd486ab0eaeec1c8b8e510cc7bd3,498,1,2,0.32480889558792114,0.25891929864883423,0.41627180576324463
B-O0,4,42,058ccc5f0c17c416ef06df1ed5deaa48d112f42a14f667bcf9846fdb664ef366,518,0,0,0.3784748315811157,0.2611714005470276,0.3603537678718567
B-O0,4,42,ccd0b5095c5ca020ed29dcb4ed07bc78fb4f8bd1d01103c832c16f74415da411,523,0,0,0.3871304392814636,0.26091650128364563,0.35195305943489075
B-O0,4,42,c67ea185339d2fb8c8312dc38cff21dc6b000f785be421eef88bbdcdf6c6b17a,532,0,2,0.36675530672073364,0.26125583052635193,0.37198886275291443
B-O0,4,42,1c68670c6ff38a49598f90f6157ce8bac895df1254da553b54bf687cfa750f91,533,2,2,0.31806302070617676,0.258130818605423,0.42380616068840027
B-O0,4,42,33aa276ee8893c316e5b08f90d403be82db716c7a10ce7d0c6a91aa861061f55,539,1,2,0.35551565885543823,0.26104485988616943,0.38343948125839233
B-O0,4,42,e40a0fc10b44506213ca47e78c7d510fb7715425780e3f270f0a25a0b0fc9acd,541,1,2,0.3510414958000183,0.2608788013458252,0.3880797028541565
B-O0,4,42,60dac4fdcf327b961a62f11465381e422541c18c956cf5cf22c128d4b842b021,546,2,2,0.32186025381088257,0.25858956575393677,0.41955018043518066
B-O0,4,42,f0a4ff0b2550559804aa110b3356616d37f08aea297e713738efde6a82a9c905,554,1,2,0.347739040851593,0.26072579622268677,0.3915351629257202
B-O0,4,42,dba044228ddb18bf24955ec6f54e2d9d259a453b9e3cc7ac001d1eb1b5c9b9ff,557,1,2,0.3675452470779419,0.2612597346305847,0.3711950182914734
B-O0,4,42,dfb22216dca7b15a73c5d13592b3a4d456865e6b14a914fc23a7440d2c793feb,561,1,2,0.35511505603790283,0.2610318958759308,0.3838530480861664
B-O0,4,42,8083fab72781bef33f4c3f68371defad870524369b374017badac30ed6b5920b,572,0,0,0.3908803462982178,0.2607567012310028,0.3483629524707794
B-O0,4,42,1aaef0af18b1a224fa7924b8a1453fb8b5547a6dea9cbd572550da4fdf495da9,574,1,2,0.35598719120025635,0.26105961203575134,0.3829531967639923
B-O0,4,42,05ccbabae43833184ec6c444793c4e8cacbda9996a75f0cd529a00fb88642dda,580,1,2,0.3633764982223511,0.2612229585647583,0.3754005432128906
B-O0,4,42,77746b53c327b916c5ec4cc31ec639b45db4160f2d1135410449c6eaa0246f2e,582,0,0,0.3754623532295227,0.26122212409973145,0.36331552267074585
B-O0,4,42,344202bfae426b40571c614ea63322e5df0a08a9e6479a8ee7d45ead1a7607bf,585,0,0,0.3708955645561218,0.26126086711883545,0.3678435683250427
B-O0,4,42,f2467f3e3e1aa7ea454678b2f6366dcc05717a73be181ad40e267ca3f4a20eaf,588,0,2,0.3596615195274353,0.2611566483974457,0.379181832075119
B-O0,4,42,28acd3c3d384d8b12fc6beb8a099937473fcf151408bd2085df22511ad2be313,600,1,2,0.3325616717338562,0.25967857241630554,0.40775975584983826
B-O0,4,42,4a8567b621350cc729465a20bc85964673deb69044ecf71e3b59a4220f804585,602,1,2,0.34007805585861206,0.2602686285972595,0.3996533155441284
B-O0,4,42,01da3e159b6ce80ac8e0f280d001e0b1feae934b7f87e69e52a68f6f40f1631b,611,2,2,0.3213961124420166,0.2585354745388031,0.4200684130191803
B-O0,4,42,2d1b2dad312d67abe149344cc5753c2181558ff169882e194058c0eea17a64f6,613,1,2,0.351404070854187,0.2608940303325653,0.3877018988132477
B-O0,4,42,457bc623d54c8df675fda66a9a5a159bb6259cf81fdd5a312ea24da7116effd3,615,2,2,0.3176558017730713,0.2580794394016266,0.4242647588253021
B-O0,4,42,fb2e62e9e165d1b9fc47a6787af9d64df4a4b63f931a035289966a672894fdfe,616,1,2,0.32480889558792114,0.25891929864883423,0.41627180576324463
B-O0,4,42,72d66c7979e51d234b4f5c7cb46e06e165d847b6d88d705eae864ec291dd7fd2,617,2,2,0.30078744888305664,0.2555485963821411,0.44366395473480225
B-O0,4,42,5bfc17c84629c446ef515aaeaab83b0c8b4ad7591746f50c3f337e0eef4bd5ce,623,2,2,0.3111700415611267,0.2571992576122284,0.4316307008266449
B-O0,4,42,a288de67ba6e534c619fb61e1a8643504542cbb8d7cfc5f5b4a96fa78e5ef948,624,0,2,0.367124080657959,0.2612577974796295,0.3716181218624115
B-O0,4,42,9dfe951a72432d669852444c668c15b73a677afe22aab4dd3febadf96aea1bbc,628,1,2,0.347739040851593,0.26072579622268677,0.3915351629257202
B-O0,4,42,9601c9dd198c4a6dc5124d4d420e2ff339734b9a9e1079da056b3412d663b347,636,2,2,0.3025245666503906,0.25584590435028076,0.4416295289993286
B-O0,4,42,c69567d2d69504dcc3e49e555057fd7d89a52635db8622cab985007a194e53ea,640,0,0,0.3750532269477844,0.26122748851776123,0.36371928453445435
B-O0,4,42,f2d3074dfbaef344aa4981cbffee6d788ff0def980a874cc42e1dd4df85a9726,645,2,2,0.31434643268585205,0.2576445937156677,0.4280089735984802
B-O0,4,42,360878e8a6171b73196b1189a0e33d9b6733e9ad741d46f90bee01573fbef0dc,646,0,2,0.34007805585861206,0.2602686285972595,0.3996533155441284
B-O0,4,42,674130e6bbe693f70e17ce995304b93967bd09052c13f383b45753334d551bc7,647,1,2,0.351404070854187,0.2608940303325653,0.3877018988132477
