outer_fold,seed,epoch,train_loss,classification_loss,regression_loss,validation_macro_f1,validation_nll,gradient_norm,learning_rate
0,42,1,1.0950537621974945,1.0950537621974945,0.8914622589945793,0.6493903841729929,1.067416801318768,0.29861387982964516,0.0007990675076762157
0,42,2,1.0603014528751373,1.0603014528751373,0.8779503703117371,0.6724364386903087,1.0251916259332796,0.3291655480861664,0.0007962743784145323
0,42,3,1.0163131579756737,1.0163131579756737,0.7752582244575024,0.8073593073593073,0.9736333037070036,0.43065232038497925,0.0007916336350729293
0,42,4,0.9509256109595299,0.9509256109595299,0.7214624844491482,0.7737128022691216,0.9173722744283066,0.5294605083763599,0.0007851669149391198
0,42,5,0.872407890856266,0.872407890856266,0.7037912011146545,0.760498582357032,0.8548446114865323,0.5806598849594593,0.0007769043688475283
0,42,6,0.7855785340070724,0.7855785340070724,0.6785381510853767,0.7163586327673016,0.7964347644003527,0.6466995254158974,0.0007668845206021813
0,42,7,0.706962525844574,0.706962525844574,0.623906834051013,0.7712925643960126,0.7123352806329409,0.7689922824501991,0.00075515408736095
0,42,8,0.618839830160141,0.618839830160141,0.6373653262853622,0.8053191887142178,0.6361507209499717,0.9421356171369553,0.0007417677618185955
0,42,9,0.5415052957832813,0.5415052957832813,0.5928124263882637,0.8361870066788099,0.5588558339280774,0.8283443674445152,0.0007267879572041768
0,42,10,0.4894915707409382,0.4894915707409382,0.5660322122275829,0.8039880734656779,0.5338857690465676,1.1076357141137123,0.0007102845162817679
0,42,11,0.44421184808015823,0.44421184808015823,0.47803737316280603,0.8181861238891948,0.4919906210420858,inf,0.0006923343857112497
0,42,12,0.4196985624730587,0.4196985624730587,0.5091602504253387,0.8385097604972227,0.4257830150839135,2.1110951751470566,0.0006730212572874617
0,42,13,0.395117674022913,0.395117674022913,0.4616592489182949,0.8419061655612872,0.4043335644846243,1.873513050377369,0.0006524351777304212
0,42,14,0.36504947766661644,0.36504947766661644,0.4675016365945339,0.8385097604972227,0.41035145840229764,1.5480103194713593,0.0006306721288459469
0,42,15,0.35118306428194046,0.35118306428194046,0.45903370529413223,0.8122935141714485,0.4131761076651059,1.318939097225666,0.0006078335800141735
0,42,16,0.31677638925611973,0.31677638925611973,0.43957923725247383,0.8385097604972227,0.38569386298581293,1.2887757197022438,0.000584026015092461
0,42,17,0.284642843529582,0.284642843529582,0.46198151260614395,0.8385097604972227,0.38576903168130927,1.3550735414028168,0.0005593604359384967
0,42,18,0.2997577525675297,0.2997577525675297,0.40855326130986214,0.8385097604972227,0.396997993491766,1.580766685307026,0.0005339518448683947
0,42,19,0.30389986373484135,0.30389986373484135,0.4026169776916504,0.8385097604972227,0.37307303305508355,2.4711909890174866,0.0005079187084628099
0,42,20,0.2734338790178299,0.2734338790178299,0.4016213156282902,0.8385097604972227,0.40209202497670116,1.5157470032572746,0.00048138240522105363
0,42,21,0.28180309385061264,0.28180309385061264,0.40344593673944473,0.8385097604972227,0.39141079277045016,inf,0.00045446665963849877
0,42,22,0.290525883436203,0.290525883436203,0.36866798251867294,0.8385097604972227,0.3677172132775872,2.1402027904987335,0.00042729696534586864
0,42,23,0.2841350883245468,0.2841350883245468,0.38474462181329727,0.8385097604972227,0.3783435654594715,2.2771635726094246,0.00040000000000000013
0,42,24,0.28591993264853954,0.28591993264853954,0.34287282824516296,0.8385097604972227,0.36919814380067684,2.6473809108138084,0.0003727030346541318
0,42,25,0.25659919157624245,0.25659919157624245,0.3859189320355654,0.8385097604972227,0.3655164770749561,1.8187453374266624,0.00034553334036150143
0,42,26,0.2772640995681286,0.2772640995681286,0.3871440142393112,0.8486868831696418,0.3674640752680086,2.1557731851935387,0.00031861759477894657
0,42,27,0.27591534703969955,0.27591534703969955,0.4033127911388874,0.8486868831696418,0.37681986328442185,inf,0.0002920812915371904
0,42,28,0.28167616575956345,0.28167616575956345,0.3824807945638895,0.8385097604972227,0.37610564611974584,2.532910630106926,0.0002660481551316056
0,42,29,0.24800651986151934,0.24800651986151934,0.36152276303619146,0.8385097604972227,0.37656384112640034,2.0749740675091743,0.0002406395640615035
0,42,30,0.253991449251771,0.253991449251771,0.4476070124655962,0.8550984883188272,0.38942324164292896,3.545022502541542,0.00021597398490753918
0,42,31,0.2400150503963232,0.2400150503963232,0.3978092484176159,0.8385097604972227,0.3845078686223478,2.4904265701770782,0.0001921664199858267
0,42,32,0.2384944912046194,0.2384944912046194,0.3840443789958954,0.8385097604972227,0.3758766410701662,2.5508273541927338,0.0001693278711540532
0,42,33,0.2322967555373907,0.2322967555373907,0.3599354326725006,0.8486868831696418,0.36930292554418476,2.9862607046961784,0.00014756482226957888
0,42,34,0.21569599770009518,0.21569599770009518,0.36720873415470123,0.8486868831696418,0.37181116403707754,1.533301204442978,0.00012697874271253834
0,42,35,0.2645497340708971,0.2645497340708971,0.33856317587196827,0.8565599497802888,0.3751158868928638,2.7453213185071945,0.00010766561428875038
0,42,36,0.2174025448039174,0.2174025448039174,0.3386399820446968,0.8667576409664269,0.3718449552228622,2.774884432554245,8.971548371823217e-05
0,42,37,0.22211582027375698,0.22211582027375698,0.3412265870720148,0.8667576409664269,0.3678857244781999,2.1585565134882927,7.321204279582324e-05
0,42,38,0.2382586356252432,0.2382586356252432,0.34134693909436464,0.8667576409664269,0.36828604725406994,3.596587657928467,5.8232238181404694e-05
0,42,39,0.22005086205899715,0.22005086205899715,0.371254526078701,0.8667576409664269,0.3638801856529536,2.0392319038510323,4.484591263904994e-05
0,42,40,0.2299310863018036,0.2299310863018036,0.37914568930864334,0.8486868831696418,0.3628187217227152,2.4506102055311203,3.31154793978188e-05
0,42,41,0.2259023729711771,0.2259023729711771,0.34865287877619267,0.8486868831696418,0.36283000735565485,2.3357556611299515,2.3095631152471854e-05
0,42,42,0.24373057950288057,0.24373057950288057,0.39849475026130676,0.8486868831696418,0.363268713654907,3.173314280807972,1.4833085060880311e-05
0,42,43,0.23236777260899544,0.23236777260899544,0.3287886567413807,0.8486868831696418,0.3635528980767193,1.8972406387329102,8.366364927070884e-06
0,42,44,0.23567066341638565,0.23567066341638565,0.3605539482086897,0.8486868831696418,0.36433322310078453,2.4044755697250366,3.7256215854677445e-06
0,42,45,0.23125009890645742,0.23125009890645742,0.3383369855582714,0.8486868831696418,0.36456930693776274,2.646690212190151,9.324923237842958e-07
0,42,46,0.24640905670821667,0.24640905670821667,0.3749953657388687,0.8486868831696418,0.3645850070438678,2.352643348276615,0.0
0,1201,1,1.0674026012420654,1.0674026012420654,0.9211653545498848,0.5634646962233169,1.0253461467308773,0.39036739990115166,0.0007990675076762157
0,1201,2,0.9797467961907387,0.9797467961907387,0.8839844539761543,0.5854314016551697,0.961401407533706,0.5553559847176075,0.0007962743784145323
0,1201,3,0.891519121825695,0.891519121825695,0.8145700618624687,0.4587301587301587,0.9084050308892541,0.5769900754094124,0.0007916336350729293
0,1201,4,0.80621337890625,0.80621337890625,0.8432222008705139,0.4587301587301587,0.8631724718539092,0.6438135281205177,0.0007851669149391198
0,1201,5,0.7582351937890053,0.7582351937890053,0.7401914112269878,0.4587301587301587,0.834635795535484,0.5838261544704437,0.0007769043688475283
0,1201,6,0.7055815756320953,0.7055815756320953,0.6861255206167698,0.4969654528478058,0.7825177347834752,0.5429778136312962,0.0007668845206021813
0,1201,7,0.6475837454199791,0.6475837454199791,0.6760025210678577,0.5354978354978356,0.7708848320193592,0.6035212837159634,0.00075515408736095
0,1201,8,0.6259596422314644,0.6259596422314644,0.6920221149921417,0.637190635451505,0.7083636714246159,0.5206388793885708,0.0007417677618185955
0,1201,9,0.5935177132487297,0.5935177132487297,0.6919017843902111,0.6671826625386997,0.6465845337332832,0.6465834900736809,0.0007267879572041768
0,1201,10,0.5343528799712658,0.5343528799712658,0.7743327617645264,0.696143905099129,0.6088786029859652,0.6494468748569489,0.0007102845162817679
0,1201,11,0.5101295225322247,0.5101295225322247,0.6837631016969681,0.7880742913000978,0.5583662659023922,0.8337352722883224,0.0006923343857112497
0,1201,12,0.4629531428217888,0.4629531428217888,0.7313636355102062,0.7995929995929996,0.5234024274831668,0.8219416961073875,0.0006730212572874617
0,1201,13,0.42803802341222763,0.42803802341222763,0.882158026099205,0.8313725490196079,0.4802248034947731,1.0524610579013824,0.0006524351777304212
0,1201,14,0.40679099038243294,0.40679099038243294,0.8092289566993713,0.8524356869184455,0.4362959638826516,1.2642074897885323,0.0006306721288459469
0,1201,15,0.39045488089323044,0.39045488089323044,0.7950393483042717,0.8524356869184455,0.4138394506728037,1.1133656986057758,0.0006078335800141735
0,1201,16,0.37144131027162075,0.37144131027162075,0.7969906181097031,0.8463745435576421,0.4226571214578342,inf,0.000584026015092461
0,1201,17,0.36572469398379326,0.36572469398379326,0.8898346051573753,0.8301587301587302,0.4138948887592625,1.5370187610387802,0.0005593604359384967
0,1201,18,0.3249525725841522,0.3249525725841522,0.8941392675042152,0.8565599497802888,0.39659753139751186,1.3629480004310608,0.0005339518448683947
0,1201,19,0.33365993574261665,0.33365993574261665,0.9714758023619652,0.8565599497802888,0.38418171259077694,1.5675251930952072,0.0005079187084628099
0,1201,20,0.3539520278573036,0.3539520278573036,0.9118131101131439,0.8385097604972227,0.4027426874945276,inf,0.00048138240522105363
0,1201,21,0.32141323760151863,0.32141323760151863,0.9488069228827953,0.8250146113383986,0.3892646546212776,1.7173993811011314,0.00045446665963849877
0,1201,22,0.31939530186355114,0.31939530186355114,0.9354889467358589,0.8385097604972227,0.36389698189242836,1.4847524166107178,0.00042729696534586864
0,1201,23,0.3251029923558235,0.3251029923558235,0.9396604672074318,0.8385097604972227,0.356670838566651,2.350216418504715,0.00040000000000000013
0,1201,24,0.2861335277557373,0.2861335277557373,0.9074611067771912,0.8250146113383986,0.3781614034428004,1.7749641612172127,0.0003727030346541318
0,1201,25,0.2944026906043291,0.2944026906043291,0.8765733763575554,0.8385097604972227,0.3557919834362267,2.715094082057476,0.00034553334036150143
0,1201,26,0.2765429615974426,0.2765429615974426,0.9271982833743095,0.8486868831696418,0.3479552423918401,1.9234758168458939,0.00031861759477894657
0,1201,27,0.283776530995965,0.283776530995965,0.9560416415333748,0.8575269266093346,0.3718069404896101,1.864566683769226,0.0002920812915371904
0,1201,28,0.2610906381160021,0.2610906381160021,0.8979060091078281,0.8385097604972227,0.3609837797996053,1.4822709783911705,0.0002660481551316056
0,1201,29,0.2800042051821947,0.2800042051821947,0.9790725409984589,0.8385097604972227,0.36731851168230534,1.5952690243721008,0.0002406395640615035
0,1201,30,0.2625603601336479,0.2625603601336479,0.9519969075918198,0.8385097604972227,0.36309690548297424,1.8404367715120316,0.00021597398490753918
0,1201,31,0.24827944301068783,0.24827944301068783,0.9398993030190468,0.8486868831696418,0.3568588722318638,1.7177101597189903,0.0001921664199858267
0,1201,32,0.2619639802724123,0.2619639802724123,1.0000867769122124,0.8565599497802888,0.36458543668704324,2.1568784192204475,0.0001693278711540532
0,1201,33,0.23922530002892017,0.23922530002892017,1.057639941573143,0.8565599497802888,0.3605310514010836,1.7067172080278397,0.00014756482226957888
0,1201,34,0.25506271980702877,0.25506271980702877,1.02520040422678,0.8486868831696418,0.3451286373426483,1.7665292993187904,0.00012697874271253834
0,1201,35,0.2398591972887516,0.2398591972887516,1.012222059071064,0.8667576409664269,0.34511705581022967,1.5900060087442398,0.00010766561428875038
0,1201,36,0.2471532505005598,0.2471532505005598,1.0584894567728043,0.8839171683999271,0.35673111259848084,2.4898955076932907,8.971548371823217e-05
0,1201,37,0.2500892784446478,0.2500892784446478,1.0028655603528023,0.8667576409664269,0.35135512791282325,1.5649161636829376,7.321204279582324e-05
0,1201,38,0.2570629557594657,0.2570629557594657,1.0690295994281769,0.8667576409664269,0.3542408105202118,1.4816496521234512,5.8232238181404694e-05
0,1201,39,0.2502276059240103,0.2502276059240103,1.0100409388542175,0.8667576409664269,0.35821345794013454,2.868301711976528,4.484591263904994e-05
0,1201,40,0.23087310418486595,0.23087310418486595,1.0167713090777397,0.8667576409664269,0.3570621317756191,2.386033594608307,3.31154793978188e-05
0,1201,41,0.2301527913659811,0.2301527913659811,0.9979320615530014,0.8667576409664269,0.35489163767323206,2.0502348840236664,2.3095631152471854e-05
0,1201,42,0.2699607200920582,0.2699607200920582,1.051241897046566,0.8667576409664269,0.35331838226460727,1.979106292128563,1.4833085060880311e-05
0,1201,43,0.27757936902344227,0.27757936902344227,1.052379883825779,0.8667576409664269,0.3515224062468411,1.9806272089481354,8.366364927070884e-06
0,1201,44,0.24851148203015327,0.24851148203015327,1.0463519170880318,0.8667576409664269,0.3511779563492997,1.9621216133236885,3.7256215854677445e-06
0,1201,45,0.2286630254238844,0.2286630254238844,1.0040581859648228,0.8667576409664269,0.35096142112436,3.0222860276699066,9.324923237842958e-07
0,1201,46,0.24686904810369015,0.24686904810369015,1.0635690242052078,0.8667576409664269,0.35098446390695326,1.5364648327231407,0.0
0,2026,1,1.0724845975637436,1.0724845975637436,1.0074448138475418,0.5065537406735229,1.033788354388134,0.3352581597864628,0.0007990675076762157
0,2026,2,1.0140224918723106,1.0140224918723106,1.0988867729902267,0.7212642266437402,0.9953326069532321,0.3910765163600445,0.0007962743784145323
0,2026,3,0.9512781277298927,0.9512781277298927,1.1894330829381943,0.6084476947153004,0.9544083819468798,0.4435318224132061,0.0007916336350729293
0,2026,4,0.8953053951263428,0.8953053951263428,1.2394301891326904,0.5909399660373589,0.9089988248002653,0.5016218982636929,0.0007851669149391198
0,2026,5,0.8272940739989281,0.8272940739989281,1.37844118475914,0.6510809451985923,0.8509010874737543,0.5450160764157772,0.0007769043688475283
0,2026,6,0.7566445469856262,0.7566445469856262,1.4750866740942001,0.6536845096543575,0.7891405191083092,0.5857273824512959,0.0007668845206021813
0,2026,7,0.6877622231841087,0.6877622231841087,1.5401369333267212,0.7155080213903743,0.7133416939554516,0.649464812129736,0.00075515408736095
0,2026,8,0.5989455431699753,0.5989455431699753,1.639946073293686,0.7670081967213115,0.6267063558776325,0.7135687172412872,0.0007417677618185955
0,2026,9,0.530739888548851,0.530739888548851,1.7800945490598679,0.8160541379125877,0.5409404372995561,0.8312389403581619,0.0007267879572041768
0,2026,10,0.4844414107501507,0.4844414107501507,2.035869151353836,0.8313725490196079,0.4789309687294476,0.9803559556603432,0.0007102845162817679
0,2026,11,0.41804853454232216,0.41804853454232216,2.355070099234581,0.8508483853311439,0.41620140762948316,1.304166503250599,0.0006923343857112497
0,2026,12,0.36006006971001625,0.36006006971001625,2.4110287725925446,0.8580709484449875,0.41259305560247156,1.1417992562055588,0.0006730212572874617
0,2026,13,0.3802119642496109,0.3802119642496109,2.5860060453414917,0.8419061655612872,0.38808410532178533,inf,0.0006524351777304212
0,2026,14,0.3368324264883995,0.3368324264883995,2.691794991493225,0.8565599497802888,0.3778368701014596,1.2521309480071068,0.0006306721288459469
0,2026,15,0.3198886774480343,0.3198886774480343,2.919121354818344,0.8524356869184455,0.35475039166329636,1.133706957101822,0.0006078335800141735
0,2026,16,0.2919759452342987,0.2919759452342987,3.0490197241306305,0.8667576409664269,0.34097446706119244,2.0458269268274307,0.000584026015092461
0,2026,17,0.29630291648209095,0.29630291648209095,2.9368048012256622,0.8160541379125877,0.3847908170044169,2.3388334810733795,0.0005593604359384967
0,2026,18,0.2969197127968073,0.2969197127968073,3.3245624899864197,0.8833369178196765,0.33551779200475895,2.1062221452593803,0.0005339518448683947
0,2026,19,0.28095866926014423,0.28095866926014423,3.188704192638397,0.8463745435576421,0.36644895749168327,1.7401150614023209,0.0005079187084628099
0,2026,20,0.26849503442645073,0.26849503442645073,3.320846766233444,0.8565599497802888,0.3543158632875258,2.028455063700676,0.00048138240522105363
0,2026,21,0.25458167120814323,0.25458167120814323,3.2841624319553375,0.8565599497802888,0.33788771196803946,1.834699422121048,0.00045446665963849877
0,2026,22,0.2526628002524376,0.2526628002524376,3.529237926006317,0.8471597534566051,0.3870291395895588,inf,0.00042729696534586864
0,2026,23,0.2512222733348608,0.2512222733348608,3.6102926433086395,0.8732832062295725,0.36075556295342825,2.537081725895405,0.00040000000000000013
0,2026,24,0.24335429444909096,0.24335429444909096,3.5894880890846252,0.8405006309040685,0.3644750095119692,4.39097036421299,0.0003727030346541318
0,2026,25,0.25880234129726887,0.25880234129726887,3.6483539044857025,0.8267616505322741,0.36473975112375634,inf,0.00034553334036150143
0,2026,26,0.24801724590361118,0.24801724590361118,3.6887491643428802,0.8732832062295725,0.3385856073421111,2.79789899289608,0.00031861759477894657
0,2026,27,0.2434173859655857,0.2434173859655857,3.5882998406887054,0.8508483853311439,0.34066129371543047,2.528442457318306,0.0002920812915371904
0,2026,28,0.22007091343402863,0.22007091343402863,3.7598775029182434,0.8667576409664269,0.3387400755624296,3.234774589538574,0.0002660481551316056
0,2026,29,0.2175913704559207,0.2175913704559207,3.7235044836997986,0.8463745435576421,0.3739570446036571,2.6301043182611465,0.0002406395640615035
0,2026,30,0.2353579867631197,0.2353579867631197,3.8731384575366974,0.8160541379125877,0.38755310868694115,3.4380811899900436,0.00021597398490753918
0,2026,31,0.23446442745625973,0.23446442745625973,3.847267270088196,0.8565599497802888,0.3483714373959606,2.8518370240926743,0.0001921664199858267
0,2026,32,0.23479188978672028,0.23479188978672028,3.89814892411232,0.8667576409664269,0.34360470321113623,2.511702746152878,0.0001693278711540532
0,2026,33,0.21895138267427683,0.21895138267427683,3.7775021493434906,0.8565599497802888,0.35362494276737666,2.372946210205555,0.00014756482226957888
0,2026,34,0.2328651025891304,0.2328651025891304,3.9468587040901184,0.8565599497802888,0.3519321133737311,2.782083459198475,0.00012697874271253834
0,2026,35,0.24549653008580208,0.24549653008580208,3.8283650875091553,0.8565599497802888,0.3585605872211479,2.928116738796234,0.00010766561428875038
0,2026,36,0.2411115076392889,0.2411115076392889,3.869962841272354,0.8405006309040685,0.3582101709630706,3.4131599068641663,8.971548371823217e-05
0,2026,37,0.21834395453333855,0.21834395453333855,3.764937609434128,0.8667576409664269,0.35238366855376013,2.3881172090768814,7.321204279582324e-05
0,2026,38,0.21213277988135815,0.21213277988135815,3.782483160495758,0.8667576409664269,0.35226725624417193,3.7005588188767433,5.8232238181404694e-05
0,2026,39,0.24413219280540943,0.24413219280540943,3.7113890051841736,0.8667576409664269,0.35917506476786065,2.7265860438346863,4.484591263904994e-05
0,2026,40,0.23070571012794971,0.23070571012794971,3.9013882875442505,0.8463745435576421,0.3623004315848911,2.815461091697216,3.31154793978188e-05
0,2026,41,0.22833324037492275,0.22833324037492275,3.84622323513031,0.8463745435576421,0.36401370487114104,2.85080748796463,2.3095631152471854e-05
0,2026,42,0.22212368622422218,0.22212368622422218,3.8506565392017365,0.8667576409664269,0.36085818398307773,2.9518145844340324,1.4833085060880311e-05
0,2026,43,0.2509582005441189,0.2509582005441189,3.893771231174469,0.8667576409664269,0.35865251899930434,3.388352759182453,8.366364927070884e-06
0,2026,44,0.2213751133531332,0.2213751133531332,3.9009006917476654,0.8667576409664269,0.35712068058887253,2.4596005380153656,3.7256215854677445e-06
0,2026,45,0.22434526309370995,0.22434526309370995,3.8111590147018433,0.8667576409664269,0.357078640779097,2.0555910542607307,9.324923237842958e-07
0,2026,46,0.23372723534703255,0.23372723534703255,3.869625359773636,0.8667576409664269,0.3572002528899649,2.660267122089863,0.0
0,3407,1,1.0910658687353134,1.0910658687353134,0.9378237426280975,0.35833333333333334,1.0833783457913782,0.23125331476330757,0.0007990675076762157
0,3407,2,1.0535517185926437,1.0535517185926437,0.9040876030921936,0.7352941176470589,1.042681194980821,0.34667861834168434,0.0007962743784145323
0,3407,3,0.9876939803361893,0.9876939803361893,0.9240867495536804,0.6510809451985923,0.9958384088336399,0.5043338723480701,0.0007916336350729293
0,3407,4,0.9147853851318359,0.9147853851318359,0.9097323417663574,0.6398997493734336,0.9391117404272507,0.5822676159441471,0.0007851669149391198
0,3407,5,0.8501316532492638,0.8501316532492638,0.8610695898532867,0.6903863432165318,0.8785689503699922,0.5849591940641403,0.0007769043688475283
0,3407,6,0.7736600488424301,0.7736600488424301,0.8743375986814499,0.7155080213903743,0.8046395963585371,0.7426280379295349,0.0007668845206021813
0,3407,7,0.6673523597419262,0.6673523597419262,0.9832070469856262,0.7317927170868348,0.7245637324492672,0.7933327257633209,0.00075515408736095
0,3407,8,0.6048937886953354,0.6048937886953354,1.036936178803444,0.7317927170868348,0.6462716686485127,0.8140622526407242,0.0007417677618185955
0,3407,9,0.5241418108344078,0.5241418108344078,1.1849647760391235,0.8102313457152167,0.5729911335741698,0.8261442109942436,0.0007267879572041768
0,3407,10,0.4755743369460106,0.4755743369460106,1.2042258530855179,0.8471597534566051,0.514226201031594,0.9795106649398804,0.0007102845162817679
0,3407,11,0.4345879592001438,0.4345879592001438,1.3373203575611115,0.8471597534566051,0.4608743215955813,0.8656111508607864,0.0006923343857112497
0,3407,12,0.4074753001332283,0.4074753001332283,1.5091825723648071,0.8385097604972227,0.42375522782067687,0.969103254377842,0.0006730212572874617
0,3407,13,0.3812490999698639,0.3812490999698639,1.4930124878883362,0.8385097604972227,0.40333107081090214,1.1019293442368507,0.0006524351777304212
0,3407,14,0.3690851777791977,0.3690851777791977,1.5520338267087936,0.8419061655612872,0.39387284121145716,1.0919876918196678,0.0006306721288459469
0,3407,15,0.3593332953751087,0.3593332953751087,1.8120088577270508,0.8736998260750947,0.3822049835689396,1.2309361919760704,0.0006078335800141735
0,3407,16,0.33450421690940857,0.33450421690940857,1.8600155413150787,0.8667576409664269,0.3496426864857555,inf,0.000584026015092461
0,3407,17,0.32025251165032387,0.32025251165032387,1.7842537313699722,0.8267616505322741,0.38151998654354213,1.1470529437065125,0.0005593604359384967
0,3407,18,0.31647404469549656,0.31647404469549656,1.8376295864582062,0.8374576152783823,0.35476922666916916,1.2943896800279617,0.0005339518448683947
0,3407,19,0.30362906865775585,0.30362906865775585,1.928734004497528,0.8667576409664269,0.324256858088028,1.2815586030483246,0.0005079187084628099
0,3407,20,0.3056952506303787,0.3056952506303787,1.9900130927562714,0.8575269266093346,0.3611053862773152,1.8265770077705383,0.00048138240522105363
0,3407,21,0.2782934997230768,0.2782934997230768,1.9552907943725586,0.8632478632478633,0.3567726472061119,1.5220500826835632,0.00045446665963849877
0,3407,22,0.26748063042759895,0.26748063042759895,2.1255273669958115,0.8508483853311439,0.3447728826456411,1.7675293385982513,0.00042729696534586864
0,3407,23,0.25294206012040377,0.25294206012040377,2.196716755628586,0.8667576409664269,0.3294276279865023,1.7282337546348572,0.00040000000000000013
0,3407,24,0.2599924821406603,0.2599924821406603,2.306712284684181,0.8667576409664269,0.3394894384200876,inf,0.0003727030346541318
0,3407,25,0.2690023649483919,0.2690023649483919,2.2463597506284714,0.8565599497802888,0.3558842099514807,2.2119054943323135,0.00034553334036150143
0,3407,26,0.23721947520971298,0.23721947520971298,2.238775670528412,0.8667576409664269,0.3251025300849692,1.725056104362011,0.00031861759477894657
0,3407,27,0.2563852407038212,0.2563852407038212,2.1890337020158768,0.8629766905526727,0.3375862188307768,1.940571315586567,0.0002920812915371904
0,3407,28,0.24101542867720127,0.24101542867720127,2.378456175327301,0.8419061655612872,0.3530893702153407,1.9018714055418968,0.0002660481551316056
0,3407,29,0.23513801023364067,0.23513801023364067,2.366875723004341,0.8565599497802888,0.349322839715521,1.7659297659993172,0.0002406395640615035
0,3407,30,0.2333756946027279,0.2333756946027279,2.2357101887464523,0.8736998260750947,0.35325304352528475,1.6929909363389015,0.00021597398490753918
0,3407,31,0.23248603008687496,0.23248603008687496,2.370189353823662,0.876982245403298,0.3342772414341052,2.7558698281645775,0.0001921664199858267
0,3407,32,0.26387624256312847,0.26387624256312847,2.2876117825508118,0.8667576409664269,0.34334856306480754,2.213122248649597,0.0001693278711540532
0,3407,33,0.24115305952727795,0.24115305952727795,2.436990410089493,0.8667576409664269,0.34415646470633565,1.8705007284879684,0.00014756482226957888
0,3407,34,0.2189691662788391,0.2189691662788391,2.4498089849948883,0.8839171683999271,0.34910172108703486,1.694637306034565,0.00012697874271253834
0,3407,35,0.23943630792200565,0.23943630792200565,2.490919351577759,0.8839171683999271,0.3479697148134001,1.6582618653774261,0.00010766561428875038
0,3407,36,0.21753798052668571,0.21753798052668571,2.450420528650284,0.8667576409664269,0.35048413100412706,2.164197191596031,8.971548371823217e-05
0,3407,37,0.23010635003447533,0.23010635003447533,2.4201904833316803,0.8667576409664269,0.34832123255599123,1.7042847722768784,7.321204279582324e-05
0,3407,38,0.21039019618183374,0.21039019618183374,2.5548914074897766,0.8667576409664269,0.347988598423319,1.728213258087635,5.8232238181404694e-05
0,3407,39,0.23106111958622932,0.23106111958622932,2.5545540750026703,0.8667576409664269,0.34674095925055387,1.6403179690241814,4.484591263904994e-05
0,3407,40,0.21966181881725788,0.21966181881725788,2.5177464932203293,0.8667576409664269,0.34868582890482536,1.5118033364415169,3.31154793978188e-05
0,3407,41,0.22833089251071215,0.22833089251071215,2.532582253217697,0.8667576409664269,0.3501860581337133,1.3682567179203033,2.3095631152471854e-05
0,3407,42,0.22702991776168346,0.22702991776168346,2.509397655725479,0.8667576409664269,0.3497083825552647,2.5299251079559326,1.4833085060880311e-05
0,3407,43,0.2364068254828453,0.2364068254828453,2.3602875769138336,0.8667576409664269,0.35042483628653986,1.5729577988386154,8.366364927070884e-06
0,3407,44,0.22470772545784712,0.22470772545784712,2.580935060977936,0.8667576409664269,0.35130575356942834,1.902334749698639,3.7256215854677445e-06
0,3407,45,0.22775931656360626,0.22775931656360626,2.6004884243011475,0.8667576409664269,0.35200744178804644,2.369585007429123,9.324923237842958e-07
0,3407,46,0.2050172658637166,0.2050172658637166,2.5784252136945724,0.8667576409664269,0.3521782328326065,1.8958233818411827,0.0
0,7319,1,1.0904134958982468,1.0904134958982468,0.8477944694459438,0.2946236559139785,1.0680502887845753,0.35863373428583145,0.0007990675076762157
0,7319,2,1.0372948944568634,1.0372948944568634,0.9272841811180115,0.6605479071061049,1.0271027568621904,0.39926135167479515,0.0007962743784145323
0,7319,3,0.9651774540543556,0.9651774540543556,0.9223612770438194,0.6398997493734336,0.9753526031881902,0.4625687040388584,0.0007916336350729293
0,7319,4,0.8937609419226646,0.8937609419226646,0.9846817702054977,0.6398997493734336,0.9129717529073204,0.5918003544211388,0.0007851669149391198
0,7319,5,0.811958484351635,0.811958484351635,0.9698887914419174,0.6865676176586759,0.8373901607634302,0.6214033290743828,0.0007769043688475283
0,7319,6,0.7329441606998444,0.7329441606998444,1.0015738904476166,0.7771035532718918,0.7334373757596966,0.6792880147695541,0.0007668845206021813
0,7319,7,0.6316454187035561,0.6316454187035561,0.9751199260354042,0.8041386899134123,0.6495148585444008,0.678773008286953,0.00075515408736095
0,7319,8,0.5533093474805355,0.5533093474805355,0.9297161921858788,0.8416986107712802,0.5580515795092393,0.9252669885754585,0.0007417677618185955
0,7319,9,0.45745566859841347,0.45745566859841347,0.984802208840847,0.8429834054834054,0.5055883717027531,0.7298641577363014,0.0007267879572041768
0,7319,10,0.42300941050052643,0.42300941050052643,0.9638526514172554,0.8565599497802888,0.4403250952618014,0.9519226253032684,0.0007102845162817679
0,7319,11,0.3960576504468918,0.3960576504468918,0.9978706017136574,0.847013113161729,0.3970314514563918,inf,0.0006923343857112497
0,7319,12,0.3534648083150387,0.3534648083150387,1.0081080496311188,0.8565599497802888,0.3848912063854848,1.3106209561228752,0.0006730212572874617
0,7319,13,0.35572706162929535,0.35572706162929535,0.9703483358025551,0.8839171683999271,0.3628281260152485,1.2339720986783504,0.0006524351777304212
0,7319,14,0.33968789502978325,0.33968789502978325,0.9667305499315262,0.8562773299615404,0.3416898187949247,1.535979799926281,0.0006306721288459469
0,7319,15,0.3082737438380718,0.3082737438380718,1.0164799392223358,0.8565599497802888,0.36082922678119494,1.3707376644015312,0.0006078335800141735
0,7319,16,0.28504609875380993,0.28504609875380993,0.9829641208052635,0.8575269266093346,0.3580473564039481,1.1677618511021137,0.000584026015092461
0,7319,17,0.27210380136966705,0.27210380136966705,0.9952018409967422,0.8361870066788099,0.3655591434215983,1.3561525642871857,0.0005593604359384967
0,7319,18,0.2862977907061577,0.2862977907061577,0.9803513288497925,0.8667576409664269,0.33511804786673915,1.1329455077648163,0.0005339518448683947
0,7319,19,0.28939217142760754,0.28939217142760754,1.0212800651788712,0.8524356869184455,0.34469763137450127,1.095798410475254,0.0005079187084628099
0,7319,20,0.29938863031566143,0.29938863031566143,1.0147383883595467,0.8667576409664269,0.3284267702347602,1.2572888433933258,0.00048138240522105363
0,7319,21,0.2564456928521395,0.2564456928521395,1.0424677208065987,0.8667576409664269,0.34601615454342294,1.6047698184847832,0.00045446665963849877
0,7319,22,0.2585256639868021,0.2585256639868021,1.0373999923467636,0.876982245403298,0.31931041821180517,1.2743937075138092,0.00042729696534586864
0,7319,23,0.2716898862272501,0.2716898862272501,1.0122602730989456,0.8667576409664269,0.3303302481149671,1.3001251071691513,0.00040000000000000013
0,7319,24,0.24580243043601513,0.24580243043601513,1.062344253063202,0.8471597534566051,0.35940319991656794,1.6834187060594559,0.0003727030346541318
0,7319,25,0.252318287268281,0.252318287268281,1.044259935617447,0.8732832062295725,0.3390368499088634,1.8862978219985962,0.00034553334036150143
0,7319,26,0.24472533725202084,0.24472533725202084,1.0323437377810478,0.8934233018443546,0.31710447633867567,1.8178694248199463,0.00031861759477894657
0,7319,27,0.24218664690852165,0.24218664690852165,1.051126278936863,0.8782852725683942,0.3287330606629966,1.2577917352318764,0.0002920812915371904
0,7319,28,0.25168009474873543,0.25168009474873543,1.057102806866169,0.8934233018443546,0.33126017051143736,1.6067032404243946,0.0002660481551316056
0,7319,29,0.23312809225171804,0.23312809225171804,1.1015188992023468,0.8934233018443546,0.321184707001469,2.1018801778554916,0.0002406395640615035
0,7319,30,0.2474925685673952,0.2474925685673952,1.0905717760324478,0.8732832062295725,0.33621743674579524,2.261500120162964,0.00021597398490753918
0,7319,31,0.22236154600977898,0.22236154600977898,1.057639978826046,0.8732832062295725,0.33570474263370315,1.1745139062404633,0.0001921664199858267
0,7319,32,0.2202773615717888,0.2202773615717888,1.0997180044651031,0.8732832062295725,0.3403949152960519,1.7226906269788742,0.0001693278711540532
0,7319,33,0.22962124645709991,0.22962124645709991,1.0896887332201004,0.8732832062295725,0.3468471600392037,2.145188979804516,0.00014756482226957888
0,7319,34,0.20114462450146675,0.20114462450146675,1.0603665709495544,0.8732832062295725,0.34215365290754995,1.192346915602684,0.00012697874271253834
0,7319,35,0.25529313646256924,0.25529313646256924,1.0809323862195015,0.8732832062295725,0.34041209006728596,2.167025573551655,0.00010766561428875038
0,7319,36,0.22816671431064606,0.22816671431064606,1.0553307756781578,0.8732832062295725,0.34259014958600875,1.9052956849336624,8.971548371823217e-05
0,7319,37,0.2221551053225994,0.2221551053225994,1.0408930629491806,0.8833369178196765,0.33579009281527245,1.2052892744541168,7.321204279582324e-05
0,7319,38,0.22072700038552284,0.22072700038552284,1.1052190959453583,0.8833369178196765,0.33411581381080346,1.4478550925850868,5.8232238181404694e-05
0,7319,39,0.21930619701743126,0.21930619701743126,1.0764032304286957,0.8833369178196765,0.33155655302602516,1.7711354196071625,4.484591263904994e-05
0,7319,40,0.20217655878514051,0.20217655878514051,1.0738948434591293,0.8833369178196765,0.3323473543756955,2.122766301035881,3.31154793978188e-05
0,7319,41,0.21639069728553295,0.21639069728553295,1.0960027575492859,0.8833369178196765,0.33182819141788733,1.979910522699356,2.3095631152471854e-05
0,7319,42,0.2206081785261631,0.2206081785261631,1.0869088247418404,0.8833369178196765,0.3314572375534705,1.688280362635851,1.4833085060880311e-05
0,7319,43,0.21118846721947193,0.21118846721947193,1.0693391263484955,0.8833369178196765,0.33242174474817215,1.3767132982611656,8.366364927070884e-06
0,7319,44,0.24045773595571518,0.24045773595571518,1.0777679309248924,0.8833369178196765,0.3332733570429942,1.6176456809043884,3.7256215854677445e-06
0,7319,45,0.22913883253932,0.22913883253932,1.049909345805645,0.8833369178196765,0.33340710662732237,1.7421186417341232,9.324923237842958e-07
0,7319,46,0.20539201982319355,0.20539201982319355,1.1154328063130379,0.8833369178196765,0.33346781465187875,1.9878872856497765,0.0
1,42,1,1.1615122556686401,1.0654212951660156,0.9609097838401794,0.22033898305084745,1.012356713301136,0.46572274565696714,0.0022747750476239865
1,42,2,1.0800971984863281,0.9933239459991455,0.8677326321601868,0.4012345679012346,0.9464817403679621,0.48051735758781433,0.0022367353541365453
1,42,3,1.00896075963974,0.9317351579666138,0.7722560167312622,0.5125702454895001,0.87613401086385,0.5518482387065887,0.0021742807331793378
1,42,4,0.918577003479004,0.8561145901679993,0.6246241867542267,0.5634437683119224,0.8077629229157467,0.5850465297698975,0.0020888063177813936
1,42,5,0.8338777184486389,0.7801492929458618,0.5372843980789185,0.7440892512336408,0.7246057944237742,0.6036998510360718,0.0019822214651404827
1,42,6,0.762074601650238,0.716892409324646,0.45182194113731383,0.8358192090395481,0.6347359043711637,0.6128902196884155,0.0018569071047384365
1,42,7,0.6826204895973206,0.6454814314842224,0.3713905096054077,0.8804555729438358,0.5537125866928813,0.6135413765907287,0.0017156625523108895
1,42,8,0.6246445655822754,0.5832000494003295,0.41444514989852904,0.8905105670642394,0.487510170023933,0.6687928557395935,0.0015616429777594756
1,42,9,0.5516554117202759,0.5161202669143676,0.3553514242172241,0.8905105670642394,0.42905403056483565,0.7002065777778625,0.0013982889238699882
1,42,10,0.5313319444656373,0.4932964205741882,0.38035511374473574,0.9169859514687101,0.38716424736288213,0.7426022410392761,0.0012292494502718705
1,42,11,0.5167796194553376,0.47833362221717834,0.3844598174095154,0.9005814190824425,0.36205096520613855,0.6950404644012451,0.0010583006194759823
1,42,12,0.5016690611839294,0.46097829937934875,0.40690770745277405,0.9106826124369983,0.34761352443284144,0.8978257536888122,0.0008892611458778642
1,42,13,0.4665204703807831,0.4229762852191925,0.4354418158531189,0.8905105670642394,0.3405788035602367,0.8387611031532287,0.0007259070919883769
1,42,14,0.42953660488128664,0.38860703110694883,0.4092957377433777,0.8905105670642394,0.3396224538252827,0.778167462348938,0.0005718875174369635
1,42,15,0.4551613569259644,0.419210946559906,0.35950417518615724,0.9005814190824425,0.32846760416042803,0.6448495388031006,0.0004306429650094161
1,42,16,0.4352294385433197,0.39682419300079347,0.38405240178108213,0.9106826124369983,0.3127147951248799,0.7499771475791931,0.00030532860460736976
1,42,17,0.44610273838043213,0.4066672682762146,0.39435471296310426,0.9106826124369983,0.3060515595124212,0.9145938873291015,0.000198743751966459
1,42,18,0.43215452432632445,0.3964646816253662,0.35689849257469175,0.9106826124369983,0.3015101977595119,0.9515839219093323,0.00011326933656851507
1,42,19,0.4498741090297699,0.4129903495311737,0.3688376724720001,0.9106826124369983,0.30216919492682204,0.717436558008194,5.081471561130777e-05
1,42,20,0.42050312757492064,0.3842728793621063,0.36230251789093015,0.9106826124369983,0.30284919580706593,0.9151713371276855,1.2775022123866567e-05
1,42,21,0.4379643380641937,0.3992292582988739,0.3873508393764496,0.9106826124369983,0.3030217290161777,0.974297571182251,0.0
1,1201,1,1.1850531816482544,1.092380666732788,0.9267250061035156,0.7242664742664742,1.0389281429096644,0.5991884946823121,0.0022747750476239865
1,1201,2,1.0924635648727417,1.0155617833137511,0.7690177917480469,0.6120203078176369,0.9714355323551155,0.6118096470832824,0.0022367353541365453
1,1201,3,0.9908815741539001,0.9232171177864075,0.6766447424888611,0.5333333333333333,0.8908167396216515,0.6369567275047302,0.0021742807331793378
1,1201,4,0.914521324634552,0.8543360710144043,0.6018524587154388,0.5061557706234775,0.8076497832707796,0.6384743690490723,0.0020888063177813936
1,1201,5,0.8087974429130554,0.7565150141716004,0.5228243172168732,0.5952405046211968,0.7224566210007834,0.7331722617149353,0.0019822214651404827
1,1201,6,0.7601576924324036,0.7138903260231018,0.46267370581626893,0.8853246753246754,0.6341767395894671,0.7652571797370911,0.0018569071047384365
1,1201,7,0.695777702331543,0.6515608549118042,0.44216848015785215,0.9031339031339032,0.560947438206915,0.6743059158325195,0.0017156625523108895
1,1201,8,0.6264045476913452,0.5864768147468566,0.39927735924720764,0.9474747474747475,0.49821230344168005,0.7253581762313843,0.0015616429777594756
1,1201,9,0.592193353176117,0.5554032027721405,0.3679015636444092,0.9068990212461209,0.45940660327874033,1.046853530406952,0.0013982889238699882
1,1201,10,0.5473093032836914,0.5086240231990814,0.38685291409492495,0.9208289241622575,0.4335673834990766,1.0931249737739563,0.0012292494502718705
1,1201,11,0.5271949410438538,0.4877366065979004,0.3945832371711731,0.9075149481653546,0.41047741651069036,1.0504119873046875,0.0010583006194759823
1,1201,12,0.5188536465167999,0.4787558317184448,0.40097818374633787,0.9075149481653546,0.3655270018358537,0.742408287525177,0.0008892611458778642
1,1201,13,0.5131496667861939,0.47095691561698916,0.4219275891780853,0.9310355012109398,0.348198975194199,0.8814339160919189,0.0007259070919883769
1,1201,14,0.4826713025569916,0.44141865372657774,0.4125265121459961,0.9106826124369983,0.3553467969205299,0.8694107294082641,0.0005718875174369635
1,1201,15,0.46900638937950134,0.4322958827018738,0.3671050190925598,0.9106826124369983,0.34463797574638794,0.9957974314689636,0.0004306429650094161
1,1201,16,0.44382543563842775,0.40767504572868346,0.36150388717651366,0.9208289241622575,0.33376429904461447,0.7882717907428741,0.00030532860460736976
1,1201,17,0.459969300031662,0.4185785710811615,0.4139073133468628,0.9208289241622575,0.3271664851712734,0.7900294601917267,0.000198743751966459
1,1201,18,0.43090530633926394,0.39294617176055907,0.3795914173126221,0.9208289241622575,0.32295316891080444,0.9185076236724854,0.00011326933656851507
1,1201,19,0.4261352181434631,0.38752824664115904,0.38606966137886045,0.9208289241622575,0.32130833973896045,0.8139788269996643,5.081471561130777e-05
1,1201,20,0.4490708112716675,0.40962525010108947,0.39445563554763796,0.9208289241622575,0.3205697348750861,0.9755159735679626,1.2775022123866567e-05
1,1201,21,0.4099122941493988,0.3735883474349976,0.3632394790649414,0.9208289241622575,0.3205238371642152,0.9145504236221313,0.0
1,2026,1,1.1406038999557495,1.0500663280487061,0.9053758382797241,0.22033898305084745,0.9742704257211497,0.5319713234901429,0.0022747750476239865
1,2026,2,1.028794515132904,0.9520225048065185,0.7677203118801117,0.22033898305084745,0.8984934094861133,0.5692587494850159,0.0022367353541365453
1,2026,3,0.9584498643875122,0.8892138838768006,0.6923597574234008,0.48646125116713357,0.8303196951732512,0.6188998818397522,0.0021742807331793378
1,2026,4,0.8606519341468811,0.8067671775817871,0.5388476014137268,0.5354183373429564,0.7489163484054703,0.6486078858375549,0.0020888063177813936
1,2026,5,0.7883885741233826,0.7396949768066406,0.48693605661392214,0.705606049930717,0.6586392993048316,0.6629867196083069,0.0019822214651404827
1,2026,6,0.7070002317428589,0.6652425289154053,0.4175770729780197,0.9035569693464431,0.5736240423454347,0.8266169786453247,0.0018569071047384365
1,2026,7,0.6435756325721741,0.6039402961730957,0.3963531911373138,0.9068990212461209,0.4932984502613362,0.7893936038017273,0.0017156625523108895
1,2026,8,0.5890062808990478,0.5478578984737397,0.41148396134376525,0.8804555729438358,0.46593479528274856,0.8253175020217896,0.0015616429777594756
1,2026,9,0.5488600134849548,0.5063542008399964,0.42505815625190735,0.8905105670642394,0.4057270895575048,0.7927836656570435,0.0013982889238699882
1,2026,10,0.5042014837265014,0.46720247268676757,0.3699901163578033,0.9271008571657454,0.36657547373263416,0.6775923848152161,0.0012292494502718705
1,2026,11,0.4790476620197296,0.43883420825004577,0.40213454365730283,0.9106826124369983,0.3558097594618349,0.7521521568298339,0.0010583006194759823
1,2026,12,0.45654856562614443,0.4204653799533844,0.3608318746089935,0.9106826124369983,0.3433666236001534,0.7665765285491943,0.0008892611458778642
1,2026,13,0.4303251802921295,0.3921325385570526,0.3819264233112335,0.9106826124369983,0.31139964544664966,0.9144800662994385,0.0007259070919883769
1,2026,14,0.4211637079715729,0.3860780656337738,0.3508565127849579,0.9106826124369983,0.312104331668378,1.3063267588615417,0.0005718875174369635
1,2026,15,0.427168196439743,0.39370871186256406,0.3345948070287704,0.9106826124369983,0.3085422519789379,0.8173917293548584,0.0004306429650094161
1,2026,16,0.3917273461818695,0.35810849666595457,0.3361884653568268,0.9106826124369983,0.2967976744178379,0.8652020692825317,0.00030532860460736976
1,2026,17,0.41429161429405215,0.3773888945579529,0.36902718544006347,0.9106826124369983,0.29053349383542787,0.9566906929016114,0.000198743751966459
1,2026,18,0.3983855485916138,0.3625105440616608,0.35875009298324584,0.9106826124369983,0.2885619061690819,1.0417181253433228,0.00011326933656851507
1,2026,19,0.3654673397541046,0.3327663242816925,0.32701011300086974,0.9106826124369983,0.2879079513875075,0.8956324815750122,5.081471561130777e-05
1,2026,20,0.42641550302505493,0.38982378244400023,0.3659172713756561,0.9106826124369983,0.2875873084059881,1.007802140712738,1.2775022123866567e-05
1,2026,21,0.40366984605789186,0.36758255362510683,0.3608729660511017,0.9106826124369983,0.28771199945882137,1.0125015497207641,0.0
1,3407,1,1.2145546674728394,1.1184560298919677,0.9609862565994263,0.22033898305084745,1.039181669516974,0.696671599149704,0.0022747750476239865
1,3407,2,1.110520029067993,1.023368239402771,0.871517789363861,0.5354183373429564,0.9796796937796953,0.45601792335510255,0.0022367353541365453
1,3407,3,1.048036527633667,0.9679406762123108,0.8009583473205566,0.47630147630147635,0.9197536645864671,0.4991194844245911,0.0021742807331793378
1,3407,4,0.9704220652580261,0.9040142059326172,0.6640785217285157,0.47630147630147635,0.861405269904631,0.5308720290660858,0.0020888063177813936
1,3407,5,0.9127761840820312,0.8535786509513855,0.5919753432273864,0.5235209235209235,0.8084983639765475,0.551597249507904,0.0019822214651404827
1,3407,6,0.8591266751289368,0.8084556102752686,0.5067104995250702,0.47630147630147635,0.7621921171101237,0.48986302614212035,0.0018569071047384365
1,3407,7,0.8048944473266602,0.7548877477645874,0.5000669896602631,0.49583333333333335,0.7157249510258851,0.5613719582557678,0.0017156625523108895
1,3407,8,0.7627314329147339,0.7158980965614319,0.46833348274230957,0.49583333333333335,0.6762972433580315,0.5128096163272857,0.0015616429777594756
1,3407,9,0.7352652430534363,0.6906406164169312,0.4462462306022644,0.5061557706234775,0.6352022522625186,0.47960779070854187,0.0013982889238699882
1,3407,10,0.6837839245796203,0.6391761302947998,0.4460779130458832,0.5631860776439089,0.5945590348809534,0.5267411708831787,0.0012292494502718705
1,3407,11,0.6508661031723022,0.6099695801734925,0.408965140581131,0.6956670716132448,0.5583268364680992,0.5422544419765473,0.0010583006194759823
1,3407,12,0.6403636574745178,0.5949153304100037,0.4544833183288574,0.8252821641127488,0.5267331349413078,0.5841902017593383,0.0008892611458778642
1,3407,13,0.5984072208404541,0.5555890917778015,0.4281814157962799,0.8550984883188272,0.5079746314040361,0.5452557981014252,0.0007259070919883769
1,3407,14,0.5677293181419373,0.5275104939937592,0.40218825340270997,0.8833369178196765,0.48462323797810203,0.6005072236061096,0.0005718875174369635
1,3407,15,0.5872403144836426,0.5421442091464996,0.45096113681793215,0.8833369178196765,0.4665296881721647,0.5325007021427155,0.0004306429650094161
1,3407,16,0.554972767829895,0.513505756855011,0.4146701157093048,0.9005814190824425,0.45188547229403075,0.589666998386383,0.00030532860460736976
1,3407,17,0.5540908217430115,0.5136092185974122,0.4048159956932068,0.9005814190824425,0.44042885756078015,0.5958279848098755,0.000198743751966459
1,3407,18,0.5483083248138427,0.5015159249305725,0.4679239451885223,0.9005814190824425,0.4333852502043875,0.6934603214263916,0.00011326933656851507
1,3407,19,0.5283556282520294,0.48676466941833496,0.41590949296951296,0.9005814190824425,0.4301808786492864,0.6749152302742004,5.081471561130777e-05
1,3407,20,0.5333824336528779,0.4906511247158051,0.42731310725212096,0.9005814190824425,0.4289567538285968,0.6483578145503998,1.2775022123866567e-05
1,3407,21,0.5257105231285095,0.48053150773048403,0.4517901659011841,0.9005814190824425,0.4286665393452605,0.5903138637542724,0.0
1,7319,1,1.1605108737945558,1.0609947681427,0.995160949230194,0.4055270920664493,0.9964524277146154,0.6119177222251893,0.0022747750476239865
1,7319,2,1.0504520893096925,0.9550260901451111,0.9542599201202393,0.7248015873015873,0.9033301738973669,0.6284030437469482,0.0022367353541365453
1,7319,3,0.9685411334037781,0.879525089263916,0.8901603937149047,0.8350758955676989,0.8029822029941805,0.6467495918273926,0.0021742807331793378
1,7319,4,0.8409714818000793,0.7625602722167969,0.7841121435165406,0.8550984883188272,0.693704528996766,0.7037160277366639,0.0020888063177813936
1,7319,5,0.763104772567749,0.6925716042518616,0.7053317368030548,0.8651340996168582,0.5888432262249114,0.732475733757019,0.0019822214651404827
1,7319,6,0.6811330437660217,0.6220687031745911,0.590643334388733,0.8651340996168582,0.5068226347376872,0.6837347507476806,0.0018569071047384365
1,7319,7,0.6050507068634033,0.5530642747879029,0.519864410161972,0.9106826124369983,0.4284315074574552,0.7510490179061889,0.0017156625523108895
1,7319,8,0.5488411664962769,0.504471892118454,0.4436927497386932,0.9271008571657454,0.3805635480523929,0.6847729325294495,0.0015616429777594756
1,7319,9,0.5262593448162078,0.48375863432884214,0.4250070035457611,0.9106826124369983,0.35507278897749195,0.9231640815734863,0.0013982889238699882
1,7319,10,0.49099146127700805,0.44901755452156067,0.41973907351493833,0.9208289241622575,0.3094024393338108,0.9880112111568451,0.0012292494502718705
1,7319,11,0.46480987668037416,0.42496763467788695,0.398422384262085,0.9106826124369983,0.3021306562787526,0.821885347366333,0.0010583006194759823
1,7319,12,0.43697661757469175,0.3989399433135986,0.38036670088768004,0.9005814190824425,0.31053713119337867,0.8265780210494995,0.0008892611458778642
1,7319,13,0.41355457305908205,0.3789666533470154,0.3458792567253113,0.9106826124369983,0.29865830555914447,0.8468528270721436,0.0007259070919883769
1,7319,14,0.42777722477912905,0.39400542378425596,0.33771799206733705,0.9106826124369983,0.28231662294909976,0.9228096723556518,0.0005718875174369635
1,7319,15,0.3947003185749054,0.3614205181598663,0.3327981114387512,0.9106826124369983,0.27514346341376267,1.0455573320388794,0.0004306429650094161
1,7319,16,0.38262242674827573,0.3460359275341034,0.3658649206161499,0.9106826124369983,0.2672431021282825,0.9167130827903748,0.00030532860460736976
1,7319,17,0.37910532355308535,0.34695070385932925,0.3215462565422058,0.9106826124369983,0.263334705597311,0.6943331837654114,0.000198743751966459
1,7319,18,0.36853575706481934,0.33104242086410524,0.37493330240249634,0.9106826124369983,0.26265446995976716,0.6886497437953949,0.00011326933656851507
1,7319,19,0.3840277552604675,0.3516669780015945,0.3236077606678009,0.9106826124369983,0.26241433447882573,0.8094903111457825,5.081471561130777e-05
1,7319,20,0.39577369689941405,0.3614295482635498,0.34344145059585574,0.9106826124369983,0.26257091987265596,0.8013429760932922,1.2775022123866567e-05
1,7319,21,0.3667937576770782,0.3319097936153412,0.34883966445922854,0.9106826124369983,0.2625111867337753,0.6932149529457092,0.0
2,42,1,1.0709160715341568,1.0709160715341568,1.4679378271102905,0.5304935767410411,1.0166682692554907,0.42730943113565445,0.002236742197840155
2,42,2,1.009622611105442,1.009622611105442,1.5373214036226273,0.6830932753570673,0.9526871730458043,0.4422859810292721,0.002214081774573856
2,42,3,0.921336442232132,0.921336442232132,1.8251559734344482,0.7929724596391262,0.8767901478529329,0.45189935714006424,0.0021766550492566352
2,42,4,0.8341735526919365,0.8341735526919365,1.9319894313812256,0.8689378254595646,0.7703310389887646,0.5549296513199806,0.0021249681541434637
2,42,5,0.7296817526221275,0.7296817526221275,2.1337914764881134,0.8575376405565085,0.6599244996260806,0.5938602052628994,0.0020597200658227116
2,42,6,0.5920198485255241,0.5920198485255241,2.376504063606262,0.8575376405565085,0.5365536567548204,0.7898737192153931,0.0019817931527568726
2,42,7,0.5097479782998562,0.5097479782998562,2.4777289777994156,0.8703231292517007,0.4724391096353224,0.7679808363318443,0.0018922412427627992
2,42,8,0.48615365102887154,0.48615365102887154,2.9395353198051453,0.8979652605459058,0.3987318577330819,0.9024550840258598,0.0017922753717983019
2,42,9,0.36377066746354103,0.36377066746354103,3.341007649898529,0.8828395703395704,0.37585788653976304,1.0985517911612988,0.0016832474067783353
2,42,10,0.34956638142466545,0.34956638142466545,3.4727399051189423,0.8982626568833466,0.357719341899295,1.174275230616331,0.001566631763894077
2,42,11,0.32412511482834816,0.32412511482834816,3.748331308364868,0.8681866079126354,0.4081925555065223,0.9068677946925163,0.0014440054696632809
2,42,12,0.3469565976411104,0.3469565976411104,3.976780593395233,0.856819386231151,0.404812657445714,1.2756734415888786,0.0013170268343519864
2,42,13,0.35203975439071655,0.35203975439071655,4.244644224643707,0.8856145906638518,0.3827521400863077,1.0704639703035355,0.0011874130261729757
2,42,14,0.29384462535381317,0.29384462535381317,4.262524217367172,0.8681866079126354,0.37278993979631303,1.6248032972216606,0.0010569168495314712
2,42,15,0.2919507045298815,0.2919507045298815,4.082434356212616,0.9136302294197032,0.34871853682200465,1.2763238102197647,0.0009273030413524609
2,42,16,0.2825195901095867,0.2825195901095867,4.050769060850143,0.9136302294197032,0.338994075881519,1.2395555637776852,0.000800324406041166
2,42,17,0.306324265897274,0.306324265897274,4.2544846534729,0.8681866079126354,0.37039281821535047,1.4898391366004944,0.0006776981118103697
2,42,18,0.2579270042479038,0.2579270042479038,4.195107072591782,0.8979652605459058,0.34895776096217673,1.2540922090411186,0.0005610824689261119
2,42,19,0.3122375812381506,0.3122375812381506,3.966900646686554,0.9136302294197032,0.3473997054053289,1.070755247026682,0.0004520545039061453
2,42,20,0.291901720687747,0.291901720687747,4.186530351638794,0.8982626568833466,0.34919317183305676,1.1213723421096802,0.00035208863294164806
2,42,21,0.2926011849194765,0.2926011849194765,4.467593669891357,0.9136302294197032,0.3460724342333574,1.1619170382618904,0.0002625367229475741
2,42,22,0.26208548806607723,0.26208548806607723,4.555205345153809,0.9136302294197032,0.3421125730469394,0.8880328238010406,0.00018460980988173562
2,42,23,0.288081094622612,0.288081094622612,4.225203961133957,0.9136302294197032,0.3423396338280071,1.3949828669428825,0.00011936172156098328
2,42,24,0.26355470158159733,0.26355470158159733,4.5181275606155396,0.9136302294197032,0.3430779118604231,1.3484391272068024,6.767482644781166e-05
2,42,25,0.29649501107633114,0.29649501107633114,4.501795172691345,0.9136302294197032,0.34365888134788786,1.7759179472923279,3.0248101130590656e-05
2,42,26,0.26702480390667915,0.26702480390667915,4.476070433855057,0.9136302294197032,0.34354194946509164,1.122023656964302,7.587677864291475e-06
2,42,27,0.31967317312955856,0.31967317312955856,4.230326294898987,0.9136302294197032,0.3434704647448407,0.9544604197144508,0.0
2,1201,1,1.0392974317073822,1.0392974317073822,1.275352992117405,0.6039759234089586,0.9913056405837498,0.41644294559955597,0.002236742197840155
2,1201,2,0.9328002259135246,0.9328002259135246,1.397710919380188,0.5722544523079104,0.9220559926570354,0.44522858038544655,0.002214081774573856
2,1201,3,0.8657608479261398,0.8657608479261398,1.5596348196268082,0.5619998116938142,0.844834981670818,0.4673565961420536,0.0021766550492566352
2,1201,4,0.7641941010951996,0.7641941010951996,1.5811520367860794,0.6282603915793564,0.7713667941398799,0.5094408988952637,0.0021249681541434637
2,1201,5,0.6798237934708595,0.6798237934708595,1.7058913707733154,0.8093954248366013,0.6769652882299115,0.5821466185152531,0.0020597200658227116
2,1201,6,0.6163237541913986,0.6163237541913986,1.7057808190584183,0.8434761178626989,0.616494692386912,0.6021718755364418,0.0019817931527568726
2,1201,7,0.5181464552879333,0.5181464552879333,1.9366417229175568,0.858008658008658,0.536564922334995,0.6543338447809219,0.0018922412427627992
2,1201,8,0.46393564343452454,0.46393564343452454,1.9610872566699982,0.8214285714285715,0.4845227949939302,0.6953680366277695,0.0017922753717983019
2,1201,9,0.4096214175224304,0.4096214175224304,2.186697378754616,0.8452525252525253,0.43165890319191386,0.6976192221045494,0.0016832474067783353
2,1201,10,0.41516271606087685,0.41516271606087685,2.3681838363409042,0.8487928477019953,0.38743449933192053,0.9426640495657921,0.001566631763894077
2,1201,11,0.34327815286815166,0.34327815286815166,2.2805838584899902,0.819449308717333,0.3968890915621335,0.7389029003679752,0.0014440054696632809
2,1201,12,0.3755522258579731,0.3755522258579731,2.377915844321251,0.8558409009536829,0.37944680271998105,1.2193286716938019,0.0013170268343519864
2,1201,13,0.3302975706756115,0.3302975706756115,2.322156608104706,0.8737938129700581,0.35538881683211215,1.102606661617756,0.0011874130261729757
2,1201,14,0.30784630216658115,0.30784630216658115,2.5007384121418,0.819449308717333,0.39242552976890877,1.0718572214245796,0.0010569168495314712
2,1201,15,0.3202663864940405,0.3202663864940405,2.291927307844162,0.819449308717333,0.3495437625466508,1.1557360477745533,0.0009273030413524609
2,1201,16,0.2923205569386482,0.2923205569386482,2.488860249519348,0.8767183258909027,0.3341534046724098,0.993015993386507,0.000800324406041166
2,1201,17,0.31329231336712837,0.31329231336712837,2.4540466517210007,0.8558409009536829,0.357963926703971,0.8673488646745682,0.0006776981118103697
2,1201,18,0.2677675001323223,0.2677675001323223,2.456957444548607,0.8558409009536829,0.3636392775236968,0.9691022336483002,0.0005610824689261119
2,1201,19,0.3265975806862116,0.3265975806862116,2.5507976710796356,0.819449308717333,0.37211061116580696,1.2462499216198921,0.0004520545039061453
2,1201,20,0.27145959343761206,0.27145959343761206,2.5249926149845123,0.8642629904559915,0.35809217287420814,0.8850537240505219,0.00035208863294164806
2,1201,21,0.32525503635406494,0.32525503635406494,2.3605190217494965,0.846300161594398,0.35164956220632143,1.2366547957062721,0.0002625367229475741
2,1201,22,0.33715098537504673,0.33715098537504673,2.462514042854309,0.8558409009536829,0.35096819497662574,1.3176563382148743,0.00018460980988173562
2,1201,23,0.34437015280127525,0.34437015280127525,2.3559378683567047,0.8558409009536829,0.3508131371457236,inf,0.00011936172156098328
2,1201,24,0.27981180511415005,0.27981180511415005,2.5084730088710785,0.8558409009536829,0.35050311667600786,1.0015667602419853,6.767482644781166e-05
2,1201,25,0.2931528761982918,0.2931528761982918,2.470875084400177,0.843975468975469,0.3512897494816622,0.8059361651539803,3.0248101130590656e-05
2,1201,26,0.2993574719876051,0.2993574719876051,2.4948947429656982,0.843975468975469,0.35272967113807835,0.7808053344488144,7.587677864291475e-06
2,1201,27,0.2817761227488518,0.2817761227488518,2.658814877271652,0.843975468975469,0.35292123752767723,0.9613437354564667,0.0
2,2026,1,1.0064118131995201,1.0064118131995201,1.1778390407562256,0.8084946032549118,0.9354000765612416,0.5027245879173279,0.002236742197840155
2,2026,2,0.8856416717171669,0.8856416717171669,1.1924962103366852,0.7357537765008053,0.8297205296449808,0.5242762751877308,0.002214081774573856
2,2026,3,0.7575278058648109,0.7575278058648109,1.279686599969864,0.8689378254595646,0.6797723156506725,0.6121103093028069,0.0021766550492566352
2,2026,4,0.6340791508555412,0.6340791508555412,1.23456209897995,0.8749615975422427,0.5526760432297017,0.7480562925338745,0.0021249681541434637
2,2026,5,0.48232170939445496,0.48232170939445496,1.2301051765680313,0.8558409009536829,0.4935698626634082,0.7787121385335922,0.0020597200658227116
2,2026,6,0.47845494002103806,0.47845494002103806,1.223255842924118,0.8737938129700581,0.395305863287375,1.3235814645886421,0.0019817931527568726
2,2026,7,0.45328444242477417,0.45328444242477417,1.254802167415619,0.8318537254707468,0.412537528653195,1.3297148272395134,0.0018922412427627992
2,2026,8,0.3829830624163151,0.3829830624163151,1.208092249929905,0.8869471749796293,0.3370863538257645,0.9603854939341545,0.0017922753717983019
2,2026,9,0.33790350891649723,0.33790350891649723,1.2210584059357643,0.8318537254707468,0.406740263322279,1.3789392858743668,0.0016832474067783353
2,2026,10,0.3539385721087456,0.3539385721087456,1.3746807128190994,0.843975468975469,0.3518580322191053,1.2917678877711296,0.001566631763894077
2,2026,11,0.33655713126063347,0.33655713126063347,1.2603974789381027,0.8856145906638518,0.3440568206705469,,0.0014440054696632809
2,2026,12,0.29838340915739536,0.29838340915739536,1.243319720029831,0.8558409009536829,0.40634530979739164,1.1402867920696735,0.0013170268343519864
2,2026,13,0.30359350331127644,0.30359350331127644,1.2650093883275986,0.8737938129700581,0.3633721405317771,1.159838356077671,0.0011874130261729757
2,2026,14,0.2860742714256048,0.2860742714256048,1.3984642028808594,0.8819736842105264,0.3568311555784376,0.920045517385006,0.0010569168495314712
2,2026,15,0.27271893713623285,0.27271893713623285,1.381883442401886,0.843975468975469,0.3840948006765779,0.9799163416028023,0.0009273030413524609
2,2026,16,0.26114958338439465,0.26114958338439465,1.2670112997293472,0.8674747474747475,0.357281605922684,1.4086522534489632,0.000800324406041166
2,2026,17,0.3128410819917917,0.3128410819917917,1.2018091306090355,0.8681866079126354,0.34072040378083773,1.6513273790478706,0.0006776981118103697
2,2026,18,0.24142927769571543,0.24142927769571543,1.2750190943479538,0.9124786324786326,0.34069555640106136,0.8658432289958,0.0005610824689261119
2,2026,19,0.2671845629811287,0.2671845629811287,1.2984736412763596,0.8558409009536829,0.3509043103678797,1.4229638427495956,0.0004520545039061453
2,2026,20,0.2865977268666029,0.2865977268666029,1.2990395948290825,0.8971977302487996,0.34345662089055545,1.38822740316391,0.00035208863294164806
2,2026,21,0.2972332686185837,0.2972332686185837,1.172340266406536,0.856819386231151,0.34703815883885464,1.3721993565559387,0.0002625367229475741
2,2026,22,0.27712599374353886,0.27712599374353886,1.2453684657812119,0.856819386231151,0.3427600768689897,1.7960790917277336,0.00018460980988173562
2,2026,23,0.27336713299155235,0.27336713299155235,1.269582137465477,0.856819386231151,0.34541751034659707,0.9225606098771095,0.00011936172156098328
2,2026,24,0.22696384973824024,0.22696384973824024,1.1400509104132652,0.856819386231151,0.34235217452077765,1.2350400388240814,6.767482644781166e-05
2,2026,25,0.25836244970560074,0.25836244970560074,1.2042761147022247,0.8865641332933852,0.3392139287102665,0.9919347837567329,3.0248101130590656e-05
2,2026,26,0.24101131409406662,0.24101131409406662,1.2679403424263,0.8865641332933852,0.33903827436356565,1.0677976720035076,7.587677864291475e-06
2,2026,27,0.2521465979516506,0.2521465979516506,1.2523186057806015,0.8865641332933852,0.33891913912898947,0.9611070603132248,0.0
2,3407,1,1.0673168450593948,1.0673168450593948,1.131919801235199,0.6991119153095817,0.9944506158095379,0.37809575349092484,0.002236742197840155
2,3407,2,0.9614139422774315,0.9614139422774315,1.0930180847644806,0.8045634920634921,0.8880663392512836,0.6149383783340454,0.002214081774573856
2,3407,3,0.8599339202046394,0.8599339202046394,1.0683346763253212,0.819449308717333,0.780466118924162,0.8527189940214157,0.0021766550492566352
2,3407,4,0.7206438556313515,0.7206438556313515,0.9633907899260521,0.819449308717333,0.6496623387175829,0.678858645260334,0.0021249681541434637
2,3407,5,0.6255593597888947,0.6255593597888947,0.8970322906970978,0.8642629904559915,0.5224275174063483,0.7764213308691978,0.0020597200658227116
2,3407,6,0.5614794604480267,0.5614794604480267,0.7763181142508984,0.8674747474747475,0.4670751452634229,0.9840086624026299,0.0019817931527568726
2,3407,7,0.44629405066370964,0.44629405066370964,0.7336500734090805,0.8642629904559915,0.40768306011092126,1.257591299712658,0.0018922412427627992
2,3407,8,0.3857040498405695,0.3857040498405695,0.6614940762519836,0.8681866079126354,0.3767777970741652,0.8728600740432739,0.0017922753717983019
2,3407,9,0.37701401859521866,0.37701401859521866,0.6713685020804405,0.8979652605459058,0.34321512490401174,1.2078008875250816,0.0016832474067783353
2,3407,10,0.3244600407779217,0.3244600407779217,0.5719330795109272,0.9136302294197032,0.32995998480386723,1.0785609409213066,0.001566631763894077
2,3407,11,0.32223774306476116,0.32223774306476116,0.6444387137889862,0.8681866079126354,0.34766201331216934,,0.0014440054696632809
2,3407,12,0.30766127817332745,0.30766127817332745,0.5985375419259071,0.8558409009536829,0.36064604592677196,inf,0.0013170268343519864
2,3407,13,0.33416828885674477,0.33416828885674477,0.6231182366609573,0.8828395703395704,0.34704076252222765,1.4978855922818184,0.0011874130261729757
2,3407,14,0.3192232809960842,0.3192232809960842,0.6665373519062996,0.8979652605459058,0.34845474809413557,1.3709327019751072,0.0010569168495314712
2,3407,15,0.28522357530891895,0.28522357530891895,0.7393884137272835,0.9008008266597778,0.36247925197126835,1.1783006489276886,0.0009273030413524609
2,3407,16,0.26750155445188284,0.26750155445188284,0.7603072598576546,0.8681866079126354,0.3657143902852357,1.3382158651947975,0.000800324406041166
2,3407,17,0.2672248426824808,0.2672248426824808,0.6642928421497345,0.8828395703395704,0.35529491585567724,0.9263662286102772,0.0006776981118103697
2,3407,18,0.2581010237336159,0.2581010237336159,0.6728714667260647,0.8828395703395704,0.3419295536838376,1.2770780734717846,0.0005610824689261119
2,3407,19,0.24786139465868473,0.24786139465868473,0.6935881935060024,0.8681866079126354,0.3763857469871494,1.5358790084719658,0.0004520545039061453
2,3407,20,0.31914293207228184,0.31914293207228184,0.6983483210206032,0.8681866079126354,0.35500452062064947,1.8971443697810173,0.00035208863294164806
2,3407,21,0.28167995624244213,0.28167995624244213,0.6481816321611404,0.8828395703395704,0.3482857631397225,1.4185551404953003,0.0002625367229475741
2,3407,22,0.27548395190387964,0.27548395190387964,0.7613216787576675,0.8828395703395704,0.3480865183277479,1.1500597298145294,0.00018460980988173562
2,3407,23,0.25793673377484083,0.25793673377484083,0.7468399927020073,0.8828395703395704,0.34692276594598503,1.030755028128624,0.00011936172156098328
2,3407,24,0.23817839287221432,0.23817839287221432,0.6455706842243671,0.8828395703395704,0.3418099548152236,0.9073378928005695,6.767482644781166e-05
2,3407,25,0.27929030545055866,0.27929030545055866,0.7075061872601509,0.8828395703395704,0.3412719754197145,1.0033146813511848,3.0248101130590656e-05
2,3407,26,0.2491831248626113,0.2491831248626113,0.7197583243250847,0.8828395703395704,0.3420010450041423,0.9732984527945518,7.587677864291475e-06
2,3407,27,0.26249629631638527,0.26249629631638527,0.7164660654962063,0.8828395703395704,0.34211245538753204,1.1438084095716476,0.0
2,7319,1,1.0480725541710854,1.0480725541710854,1.1575204506516457,0.599602294724246,0.9859527371955131,0.40977510437369347,0.002236742197840155
2,7319,2,0.9524373188614845,0.9524373188614845,1.1276931092143059,0.7081120881299294,0.9121306249878295,0.4114944823086262,0.002214081774573856
2,7319,3,0.8406289964914322,0.8406289964914322,1.1290705502033234,0.7914389799635702,0.7995748589908915,0.5012842603027821,0.0021766550492566352
2,7319,4,0.7517810165882111,0.7517810165882111,1.059537373483181,0.8689378254595646,0.6997049062518336,0.5371650159358978,0.0021249681541434637
2,7319,5,0.6387381702661514,0.6387381702661514,1.1257169246673584,0.7927368130350732,0.6389618939092532,0.6585933044552803,0.0020597200658227116
2,7319,6,0.5489771105349064,0.5489771105349064,1.0715315639972687,0.858008658008658,0.5240508864418388,0.6019412726163864,0.0019817931527568726
2,7319,7,0.5147461853921413,0.5147461853921413,1.0444370731711388,0.8318537254707468,0.4852982502968316,0.692192580550909,0.0018922412427627992
2,7319,8,0.4232799634337425,0.4232799634337425,1.263099528849125,0.8318537254707468,0.4297776817016558,0.752178218215704,0.0017922753717983019
2,7319,9,0.38094547390937805,0.38094547390937805,1.3074941411614418,0.856819386231151,0.4086204857461346,0.9539189040660858,0.0016832474067783353
2,7319,10,0.3486591689288616,0.3486591689288616,1.368173323571682,0.8767183258909027,0.40210119589400095,0.931179579347372,0.001566631763894077
2,7319,11,0.35432543605566025,0.35432543605566025,1.4438004046678543,0.8681866079126354,0.35980945025414507,1.0996252596378326,0.0014440054696632809
2,7319,12,0.31248938106000423,0.31248938106000423,1.4506515637040138,0.8681866079126354,0.36525772766586206,1.055143654346466,0.0013170268343519864
2,7319,13,0.29590994492173195,0.29590994492173195,1.5283759906888008,0.8318537254707468,0.4027354868730904,0.8110433518886566,0.0011874130261729757
2,7319,14,0.3048193333670497,0.3048193333670497,1.7775555849075317,0.8982626568833466,0.3556114418186313,1.1581674218177795,0.0010569168495314712
2,7319,15,0.30058226827532053,0.30058226827532053,1.555746152997017,0.856819386231151,0.427158594282841,1.1066416949033737,0.0009273030413524609
2,7319,16,0.3719335123896599,0.3719335123896599,1.565067134797573,0.8318537254707468,0.46051722824530245,1.2938099578022957,0.000800324406041166
2,7319,17,0.2969104442745447,0.2969104442745447,1.6603123247623444,0.8452525252525253,0.3735246378187786,1.0573758892714977,0.0006776981118103697
2,7319,18,0.3189175147563219,0.3189175147563219,1.458945021033287,0.871454248366013,0.3638310411669091,1.112546592950821,0.0005610824689261119
2,7319,19,0.3321153223514557,0.3321153223514557,1.6361466124653816,0.8681866079126354,0.37132252719889414,0.8734525144100189,0.0004520545039061453
2,7319,20,0.29499055445194244,0.29499055445194244,1.7808120101690292,0.856819386231151,0.37690009911050654,1.3740409165620804,0.00035208863294164806
2,7319,21,0.3334357161074877,0.3334357161074877,1.6742924898862839,0.8598684210526315,0.36609902380834203,1.1896404549479485,0.0002625367229475741
2,7319,22,0.3286589439958334,0.3286589439958334,1.6487113535404205,0.8598684210526315,0.3685503509986744,0.9707975164055824,0.00018460980988173562
2,7319,23,0.3142361603677273,0.3142361603677273,1.5772903859615326,0.8452525252525253,0.3708117729632958,1.1197734326124191,0.00011936172156098328
2,7319,24,0.29947161860764027,0.29947161860764027,1.7327338308095932,0.856819386231151,0.3746392243200995,1.3244508244097233,6.767482644781166e-05
2,7319,25,0.29162191040813923,0.29162191040813923,1.7585538923740387,0.856819386231151,0.37616854573362646,1.0688211172819138,3.0248101130590656e-05
2,7319,26,0.26638548471964896,0.26638548471964896,1.714210569858551,0.856819386231151,0.37662253399300516,0.8702127449214458,7.587677864291475e-06
2,7319,27,0.24281255435198545,0.24281255435198545,1.6134611815214157,0.856819386231151,0.37658606687925905,0.9034989029169083,0.0
3,42,1,1.0913426727056503,1.0913426727056503,1.1783151775598526,0.48113470613470616,1.0559253015159882,0.29131524451076984,0.0007990675076762157
3,42,2,1.0588627308607101,1.0588627308607101,1.1788597106933594,0.7122211122211123,1.0152158096814372,0.32238940708339214,0.0007962743784145323
3,42,3,0.9983009025454521,0.9983009025454521,1.0860669165849686,0.7686535202875072,0.9536192170844939,0.4751587025821209,0.0007916336350729293
3,42,4,0.9230067133903503,0.9230067133903503,1.0466806218028069,0.7851343145631485,0.8878484087533324,0.5891256779432297,0.0007851669149391198
3,42,5,0.8386845141649246,0.8386845141649246,1.0225585252046585,0.7976373908577298,0.8102204507847871,0.6923783048987389,0.0007769043688475283
3,42,6,0.7499053254723549,0.7499053254723549,1.1048672273755074,0.7835416826443745,0.7412245260697878,0.810567244887352,0.0007668845206021813
3,42,7,0.6636983975768089,0.6636983975768089,0.9685545936226845,0.8267616505322741,0.6549352947547897,0.8677389025688171,0.00075515408736095
3,42,8,0.5773192755877972,0.5773192755877972,0.8709034956991673,0.7976373908577298,0.5860521968971272,1.0649270191788673,0.0007417677618185955
3,42,9,0.520523015409708,0.520523015409708,0.9013250395655632,0.8267616505322741,0.5157812255679509,1.0871868059039116,0.0007267879572041768
3,42,10,0.47422900423407555,0.47422900423407555,0.8208240121603012,0.8374576152783823,0.4761166670687636,inf,0.0007102845162817679
3,42,11,0.4072808772325516,0.4072808772325516,0.8009493798017502,0.8228955375253549,0.4432596321029,1.2369103953242302,0.0006923343857112497
3,42,12,0.39619169011712074,0.39619169011712074,0.7959196642041206,0.8269383135257499,0.3969150621445401,1.1260014697909355,0.0006730212572874617
3,42,13,0.3746950179338455,0.3746950179338455,0.7448347955942154,0.8244923883869116,0.4105689739502669,1.5318036898970604,0.0006524351777304212
3,42,14,0.3163394071161747,0.3163394071161747,0.7124405279755592,0.8481580294823079,0.37661269441000345,1.3795822858810425,0.0006306721288459469
3,42,15,0.2918571401387453,0.2918571401387453,0.7042812705039978,0.8481580294823079,0.3555357622721331,1.2675975412130356,0.0006078335800141735
3,42,16,0.3134631384164095,0.3134631384164095,0.6700715124607086,0.8629766905526727,0.3318153943600832,1.9764847159385681,0.000584026015092461
3,42,17,0.31403220631182194,0.31403220631182194,0.6134527660906315,0.8497357475685648,0.34649446942570217,1.7028602212667465,0.0005593604359384967
3,42,18,0.29890936240553856,0.29890936240553856,0.7001861035823822,0.875,0.31991204483915786,1.788037270307541,0.0005339518448683947
3,42,19,0.2943270932883024,0.2943270932883024,0.6562896966934204,0.8497357475685648,0.3471041500753581,2.5025434345006943,0.0005079187084628099
3,42,20,0.2662321459501982,0.2662321459501982,0.6381052657961845,0.8735449735449735,0.295856177300938,1.2853444516658783,0.00048138240522105363
3,42,21,0.2649530917406082,0.2649530917406082,0.6267724744975567,0.8588790809372364,0.2979446006050431,2.471284992992878,0.00045446665963849877
3,42,22,0.3126365914940834,0.3126365914940834,0.5989833623170853,0.8715728715728716,0.3073401451334273,2.6235906332731247,0.00042729696534586864
3,42,23,0.29153591208159924,0.29153591208159924,0.5505833122879267,0.8841566348415664,0.2791411322359555,inf,0.00040000000000000013
3,42,24,0.25960035622119904,0.25960035622119904,0.5594174228608608,0.8857767819035424,0.2885894046971687,2.16607765853405,0.0003727030346541318
3,42,25,0.2692055255174637,0.2692055255174637,0.5741391703486443,0.8857767819035424,0.2999329617873694,2.8686719238758087,0.00034553334036150143
3,42,26,0.2402282152324915,0.2402282152324915,0.5432869754731655,0.8857767819035424,0.28357547395291144,1.80906593054533,0.00031861759477894657
3,42,27,0.26766472309827805,0.26766472309827805,0.5935531184077263,0.8857767819035424,0.28881426103313995,1.9203704297542572,0.0002920812915371904
3,42,28,0.2693136390298605,0.2693136390298605,0.5792041271924973,0.8857767819035424,0.28356610453948056,2.52193284034729,0.0002660481551316056
3,42,29,0.2541854791343212,0.2541854791343212,0.589740015566349,0.8857767819035424,0.27776060402804587,2.9245497435331345,0.0002406395640615035
3,42,30,0.2977368142455816,0.2977368142455816,0.5555213056504726,0.8857767819035424,0.289563288569729,2.582608811557293,0.00021597398490753918
3,42,31,0.25171175599098206,0.25171175599098206,0.5379658825695515,0.8857767819035424,0.2835616936424663,1.2289618887007236,0.0001921664199858267
3,42,32,0.2587565593421459,0.2587565593421459,0.5414324142038822,0.8857767819035424,0.28223034094741417,2.1954540759325027,0.0001693278711540532
3,42,33,0.24638796225190163,0.24638796225190163,0.5215632133185863,0.8715728715728716,0.2913468253124909,1.8492936939001083,0.00014756482226957888
3,42,34,0.22556744795292616,0.22556744795292616,0.5978058464825153,0.8715728715728716,0.29200276927612157,1.7871995642781258,0.00012697874271253834
3,42,35,0.25692748837172985,0.25692748837172985,0.5250000171363354,0.8857767819035424,0.2811707085336579,1.9186860173940659,0.00010766561428875038
3,42,36,0.23612790368497372,0.23612790368497372,0.5200667455792427,0.8857767819035424,0.2706765018900692,1.3948223143815994,8.971548371823217e-05
3,42,37,0.2419035490602255,0.2419035490602255,0.6296971775591373,0.8857767819035424,0.2689397646832872,1.3044679015874863,7.321204279582324e-05
3,42,38,0.2649111058562994,0.2649111058562994,0.5627258196473122,0.8857767819035424,0.27164136167456276,2.067923054099083,5.8232238181404694e-05
3,42,39,0.22722679004073143,0.22722679004073143,0.5265534818172455,0.8857767819035424,0.2746462150954911,1.6626119166612625,4.484591263904994e-05
3,42,40,0.26699855737388134,0.26699855737388134,0.5515079274773598,0.8857767819035424,0.2762035335940598,2.201207362115383,3.31154793978188e-05
3,42,41,0.23837617971003056,0.23837617971003056,0.5414219573140144,0.8857767819035424,0.277535864935389,1.4654764458537102,2.3095631152471854e-05
3,42,42,0.23094373010098934,0.23094373010098934,0.5188768729567528,0.8857767819035424,0.27694561311844,2.25165955722332,1.4833085060880311e-05
3,42,43,0.2403187695890665,0.2403187695890665,0.5608805269002914,0.8857767819035424,0.27682737569727456,1.223899133503437,8.366364927070884e-06
3,42,44,0.2500540763139725,0.2500540763139725,0.5019804481416941,0.8857767819035424,0.27680727927358634,1.8210649490356445,3.7256215854677445e-06
3,42,45,0.24920961260795593,0.24920961260795593,0.5358888246119022,0.8857767819035424,0.2766568486857928,1.4667961969971657,9.324923237842958e-07
3,42,46,0.2490984108299017,0.2490984108299017,0.5652088448405266,0.8857767819035424,0.2766182211681036,1.999069683253765,0.0
3,1201,1,1.06516994535923,1.06516994535923,1.1841100081801414,0.5384404924760603,1.0128139719105842,0.36803532391786575,0.0007990675076762157
3,1201,2,0.9734794571995735,0.9734794571995735,1.0748526081442833,0.7269124464398006,0.9354567390316539,0.5428259819746017,0.0007962743784145323
3,1201,3,0.8866081237792969,0.8866081237792969,1.0806504040956497,0.5457685176010983,0.8759967148445632,0.5517588444054127,0.0007916336350729293
3,1201,4,0.8201238438487053,0.8201238438487053,0.9991100057959557,0.5449593472849287,0.8263896482149555,0.592614196240902,0.0007851669149391198
3,1201,5,0.755631148815155,0.755631148815155,1.0265303999185562,0.528247141150367,0.7848519345336246,0.5485566146671772,0.0007769043688475283
3,1201,6,0.6938595697283745,0.6938595697283745,0.9667075946927071,0.6113110995942647,0.7384486361209833,0.5736608505249023,0.0007668845206021813
3,1201,7,0.6348782777786255,0.6348782777786255,0.9233409687876701,0.6573544973544974,0.7040192323130453,0.6045703738927841,0.00075515408736095
3,1201,8,0.5999864861369133,0.5999864861369133,0.8341873995959759,0.7142420091968954,0.6607760760655171,0.5541224293410778,0.0007417677618185955
3,1201,9,0.5418684408068657,0.5418684408068657,0.8751176223158836,0.7675728072301178,0.6057771256580728,0.6618118658661842,0.0007267879572041768
3,1201,10,0.5104704834520817,0.5104704834520817,0.884619414806366,0.8208686440677967,0.554227159396276,0.7423326596617699,0.0007102845162817679
3,1201,11,0.4607267417013645,0.4607267417013645,1.047930285334587,0.8086890521270346,0.5040487976976031,0.9030992090702057,0.0006923343857112497
3,1201,12,0.43043094128370285,0.43043094128370285,0.9773758873343468,0.8228955375253549,0.46391414906258877,1.0040556341409683,0.0006730212572874617
3,1201,13,0.38158264569938183,0.38158264569938183,0.982198029756546,0.8228955375253549,0.42501941472002197,1.5004983097314835,0.0006524351777304212
3,1201,14,0.39686422422528267,0.39686422422528267,1.017395481467247,0.8374931124967949,0.37696611026068266,1.1231645829975605,0.0006306721288459469
3,1201,15,0.33451905846595764,0.33451905846595764,1.1001796573400497,0.8374576152783823,0.3883991801585166,1.3627160117030144,0.0006078335800141735
3,1201,16,0.32137123867869377,0.32137123867869377,1.1210138723254204,0.8481580294823079,0.3582839495461648,1.4074491374194622,0.000584026015092461
3,1201,17,0.3384344130754471,0.3384344130754471,1.144683375954628,0.8268762897795155,0.3369094282401178,inf,0.0005593604359384967
3,1201,18,0.309103112667799,0.309103112667799,1.1105786338448524,0.8374576152783823,0.3548961273310415,1.2582087740302086,0.0005339518448683947
3,1201,19,0.3239832893013954,0.3239832893013954,1.2012544870376587,0.8481580294823079,0.3347393845631357,1.4446948170661926,0.0005079187084628099
3,1201,20,0.28747487999498844,0.28747487999498844,1.1690361946821213,0.8589712116004647,0.32149839446607287,1.376551903784275,0.00048138240522105363
3,1201,21,0.28710953518748283,0.28710953518748283,1.1661230847239494,0.8696372325404584,0.3174879302386697,1.9325412437319756,0.00045446665963849877
3,1201,22,0.31994519382715225,0.31994519382715225,1.2154820784926414,0.8481580294823079,0.31170766526896726,1.6944082975387573,0.00042729696534586864
3,1201,23,0.2703047376126051,0.2703047376126051,1.233295239508152,0.8555537772087067,0.32866319899190194,1.6846928000450134,0.00040000000000000013
3,1201,24,0.2909129299223423,0.2909129299223423,1.14812683314085,0.8696372325404584,0.3037553488165859,1.9294454902410507,0.0003727030346541318
3,1201,25,0.26293626613914967,0.26293626613914967,1.3065122067928314,0.8696372325404584,0.29977593776447303,1.4054599776864052,0.00034553334036150143
3,1201,26,0.2566912602633238,0.2566912602633238,1.3310314193367958,0.8642575642003559,0.32281207205819984,1.4810126647353172,0.00031861759477894657
3,1201,27,0.270601112395525,0.270601112395525,1.2659555822610855,0.8715728715728716,0.31691197470010063,1.6311190202832222,0.0002920812915371904
3,1201,28,0.29374187253415585,0.29374187253415585,1.2819463834166527,0.8696372325404584,0.28791319815130706,1.5920330435037613,0.0002660481551316056
3,1201,29,0.24261791771277785,0.24261791771277785,1.198013138025999,0.8696372325404584,0.2905825482177488,1.3387206569314003,0.0002406395640615035
3,1201,30,0.2596089970320463,0.2596089970320463,1.214918166399002,0.8696372325404584,0.2963027634450383,1.078973338007927,0.00021597398490753918
3,1201,31,0.2814460378140211,0.2814460378140211,1.3371465802192688,0.8696372325404584,0.28769691266519704,1.6448479294776917,0.0001921664199858267
3,1201,32,0.23224649392068386,0.23224649392068386,1.2570501044392586,0.8696372325404584,0.289373676030431,1.2195768058300018,0.0001693278711540532
3,1201,33,0.27625294402241707,0.27625294402241707,1.301018014550209,0.8696372325404584,0.29123722407282254,inf,0.00014756482226957888
3,1201,34,0.2338770185597241,0.2338770185597241,1.254215270280838,0.8696372325404584,0.29194537091698874,1.375974528491497,0.00012697874271253834
3,1201,35,0.24975844845175743,0.24975844845175743,1.1906196847558022,0.8857767819035424,0.2933674591395598,1.7677222415804863,0.00010766561428875038
3,1201,36,0.2509169224649668,0.2509169224649668,1.2698651924729347,0.8696372325404584,0.2853091644039351,1.5327450260519981,8.971548371823217e-05
3,1201,37,0.25929947197437286,0.25929947197437286,1.2989566698670387,0.8696372325404584,0.2814649498062964,1.165270283818245,7.321204279582324e-05
3,1201,38,0.23586469748988748,0.23586469748988748,1.3228970915079117,0.8696372325404584,0.2816226350283204,1.0830284766852856,5.8232238181404694e-05
3,1201,39,0.23884078115224838,0.23884078115224838,1.4493914172053337,0.8696372325404584,0.2834297663537177,1.7144460678100586,4.484591263904994e-05
3,1201,40,0.26235345005989075,0.26235345005989075,1.3542349562048912,0.8857767819035424,0.2852358962388852,1.7405271902680397,3.31154793978188e-05
3,1201,41,0.24526414833962917,0.24526414833962917,1.1902545988559723,0.8696372325404584,0.28398400750814934,1.252783089876175,2.3095631152471854e-05
3,1201,42,0.26333125308156013,0.26333125308156013,1.4138403162360191,0.8696372325404584,0.28288225447765936,1.29556754976511,1.4833085060880311e-05
3,1201,43,0.2476001214236021,0.2476001214236021,1.4323535412549973,0.8696372325404584,0.2816714171417148,1.7262156829237938,8.366364927070884e-06
3,1201,44,0.2635379619896412,0.2635379619896412,1.1540072858333588,0.8696372325404584,0.2814029893599563,1.469604142010212,3.7256215854677445e-06
3,1201,45,0.25303435139358044,0.25303435139358044,1.3901565745472908,0.8696372325404584,0.2812518524693343,1.6893535107374191,9.324923237842958e-07
3,1201,46,0.24442949704825878,0.24442949704825878,1.3450825363397598,0.8696372325404584,0.28122108568932386,1.4437380209565163,0.0
3,2026,1,1.070529043674469,1.070529043674469,1.2982937842607498,0.510989010989011,1.0311086692976599,0.3660271093249321,0.0007990675076762157
3,2026,2,1.0150024220347404,1.0150024220347404,1.2883028388023376,0.7825872808923656,0.9879298616099169,0.39069990813732147,0.0007962743784145323
3,2026,3,0.9620179161429405,0.9620179161429405,1.4426319301128387,0.686329799233025,0.9468638665155802,0.44229110702872276,0.0007916336350729293
3,2026,4,0.9027632772922516,0.9027632772922516,1.6026460081338882,0.728308849620325,0.8996593985818845,0.45999669656157494,0.0007851669149391198
3,2026,5,0.8475973233580589,0.8475973233580589,1.5474188476800919,0.728308849620325,0.843437062907846,0.5619454570114613,0.0007769043688475283
3,2026,6,0.7709804624319077,0.7709804624319077,1.7334384769201279,0.7423411587745855,0.7701573343268566,0.5777069889008999,0.0007668845206021813
3,2026,7,0.6810641661286354,0.6810641661286354,1.8116779923439026,0.7678362573099414,0.6897360949073765,0.6586678102612495,0.00075515408736095
3,2026,8,0.5982866659760475,0.5982866659760475,2.0424495339393616,0.8095238095238096,0.6055191150607613,0.6876323446631432,0.0007417677618185955
3,2026,9,0.5134583041071892,0.5134583041071892,2.181390956044197,0.8190378359869884,0.5303053114533315,0.8068205341696739,0.0007267879572041768
3,2026,10,0.42796532064676285,0.42796532064676285,2.5779833495616913,0.8374576152783823,0.4746207125365764,1.021045871078968,0.0007102845162817679
3,2026,11,0.4003179520368576,0.4003179520368576,2.7249920666217804,0.8267616505322741,0.43782145292210567,inf,0.0006923343857112497
3,2026,12,0.3808879368007183,0.3808879368007183,2.812656730413437,0.8374576152783823,0.3980096413984507,1.3201777711510658,0.0006730212572874617
3,2026,13,0.34613941982388496,0.34613941982388496,3.094424247741699,0.8427550149381134,0.38184305258451123,1.3423065319657326,0.0006524351777304212
3,2026,14,0.336887963116169,0.336887963116169,3.1972853541374207,0.8374576152783823,0.37970382654557594,1.0808813646435738,0.0006306721288459469
3,2026,15,0.32099357806146145,0.32099357806146145,3.360411047935486,0.8535327924273157,0.3454805600860449,1.389520451426506,0.0006078335800141735
3,2026,16,0.2950333561748266,0.2950333561748266,3.480279505252838,0.8535327924273157,0.3375884453634906,1.07338797301054,0.000584026015092461
3,2026,17,0.296142453327775,0.296142453327775,3.6192838847637177,0.8642575642003559,0.329019194548145,1.4317771270871162,0.0005593604359384967
3,2026,18,0.2850844208151102,0.2850844208151102,3.742478370666504,0.8390739695087522,0.32703105966768853,1.667366199195385,0.0005339518448683947
3,2026,19,0.2909943740814924,0.2909943740814924,3.838281601667404,0.8535714285714286,0.30364099640632003,1.135990858078003,0.0005079187084628099
3,2026,20,0.2919281870126724,0.2919281870126724,3.7372565269470215,0.8642575642003559,0.3001860060312203,1.8016188144683838,0.00048138240522105363
3,2026,21,0.24701236188411713,0.24701236188411713,3.7146670520305634,0.875,0.2967282230428106,0.9422933980822563,0.00045446665963849877
3,2026,22,0.2620759457349777,0.2620759457349777,3.9163408875465393,0.864265898420828,0.2842604597530301,1.5503104850649834,0.00042729696534586864
3,2026,23,0.2592903673648834,0.2592903673648834,3.851471871137619,0.8897741286428248,0.27136821075928275,1.6411218792200089,0.00040000000000000013
3,2026,24,0.2440314944833517,0.2440314944833517,3.843443661928177,0.875,0.2797700744122318,1.2565733715891838,0.0003727030346541318
3,2026,25,0.24681798089295626,0.24681798089295626,3.9314142763614655,0.8857767819035424,0.28305217605628125,1.4836206212639809,0.00034553334036150143
3,2026,26,0.26338499039411545,0.26338499039411545,4.007728636264801,0.8715728715728716,0.29448930113522254,2.3261406049132347,0.00031861759477894657
3,2026,27,0.2596730161458254,0.2596730161458254,3.950240671634674,0.8897741286428248,0.26939225843203596,1.8172556012868881,0.0002920812915371904
3,2026,28,0.25904122926294804,0.25904122926294804,4.043436288833618,0.9004018681438036,0.2634555938701267,2.071752294898033,0.0002660481551316056
3,2026,29,0.224772859364748,0.224772859364748,4.069835275411606,0.9004018681438036,0.26516563160249296,1.5453518331050873,0.0002406395640615035
3,2026,30,0.2542706932872534,0.2542706932872534,3.977990537881851,0.875,0.2759723524466143,2.2174005061388016,0.00021597398490753918
3,2026,31,0.24722087942063808,0.24722087942063808,4.052041798830032,0.8897741286428248,0.2672978432269343,1.709316499531269,0.0001921664199858267
3,2026,32,0.2350089456886053,0.2350089456886053,4.191595286130905,0.9004018681438036,0.2575229728770642,1.568593055009842,0.0001693278711540532
3,2026,33,0.25163891166448593,0.25163891166448593,4.095839947462082,0.9004018681438036,0.2616161596179985,1.8879273757338524,0.00014756482226957888
3,2026,34,0.25575103610754013,0.25575103610754013,4.164596140384674,0.8857767819035424,0.2685091368011784,2.412755459547043,0.00012697874271253834
3,2026,35,0.24504139833152294,0.24504139833152294,3.9267450273036957,0.9004018681438036,0.26150084134847357,1.8551372289657593,0.00010766561428875038
3,2026,36,0.2372276522219181,0.2372276522219181,4.148322373628616,0.9004018681438036,0.2595806644201463,1.8283537030220032,8.971548371823217e-05
3,2026,37,0.24238290265202522,0.24238290265202522,4.040843099355698,0.9004018681438036,0.26153059899906156,1.9625891298055649,7.321204279582324e-05
3,2026,38,0.22578410618007183,0.22578410618007183,4.068475365638733,0.9004018681438036,0.2625435668246502,1.8048661798238754,5.8232238181404694e-05
3,2026,39,0.2500301878899336,0.2500301878899336,4.116433382034302,0.8857767819035424,0.2652877742379617,1.6535417437553406,4.484591263904994e-05
3,2026,40,0.24635847844183445,0.24635847844183445,4.088577777147293,0.8857767819035424,0.2650233512826805,1.819120466709137,3.31154793978188e-05
3,2026,41,0.24331212788820267,0.24331212788820267,4.164231568574905,0.8857767819035424,0.2635084552217863,2.1211741268634796,2.3095631152471854e-05
3,2026,42,0.2439612429589033,0.2439612429589033,4.08106455206871,0.9004018681438036,0.26189638225008155,1.7302147820591927,1.4833085060880311e-05
3,2026,43,0.21646420005708933,0.21646420005708933,4.233811467885971,0.9004018681438036,0.2616949839849216,1.5552390366792679,8.366364927070884e-06
3,2026,44,0.24474265053868294,0.24474265053868294,4.172152459621429,0.9004018681438036,0.2613791953404003,1.6629479601979256,3.7256215854677445e-06
3,2026,45,0.24076160416007042,0.24076160416007042,4.116662502288818,0.9004018681438036,0.2614814828369351,1.864246942102909,9.324923237842958e-07
3,2026,46,0.22537065483629704,0.22537065483629704,4.171322345733643,0.9004018681438036,0.2614614834562132,1.7113732546567917,0.0
3,3407,1,1.0916892737150192,1.0916892737150192,1.2814973294734955,0.2610636496575079,1.0820381253434814,0.23290147259831429,0.0007990675076762157
3,3407,2,1.0490826517343521,1.0490826517343521,1.1866752579808235,0.6320987654320988,1.0411948607231118,0.36977770179510117,0.0007962743784145323
3,3407,3,0.9776148274540901,0.9776148274540901,1.2979511618614197,0.6111251829336936,0.9868796150978346,0.4901832342147827,0.0007916336350729293
3,3407,4,0.9241781085729599,0.9241781085729599,1.1499260738492012,0.6717267552182163,0.9278207133735362,0.5627719312906265,0.0007851669149391198
3,3407,5,0.8519236743450165,0.8519236743450165,1.1201093047857285,0.7423411587745855,0.8479138469401184,0.6072090342640877,0.0007769043688475283
3,3407,6,0.7734521329402924,0.7734521329402924,1.1020906642079353,0.7964912280701754,0.7652937203269903,0.6584862917661667,0.0007668845206021813
3,3407,7,0.6754541620612144,0.6754541620612144,1.1680094674229622,0.7991525423728815,0.6856364947227296,0.7419834434986115,0.00075515408736095
3,3407,8,0.5830278173089027,0.5830278173089027,1.2757949829101562,0.8374576152783823,0.596609127833711,0.7434773445129395,0.0007417677618185955
3,3407,9,0.4910909868776798,0.4910909868776798,1.4155770242214203,0.8374576152783823,0.5266992240539881,0.99581578373909,0.0007267879572041768
3,3407,10,0.4387425109744072,0.4387425109744072,1.539559319615364,0.8374576152783823,0.46906432186988667,0.8478914424777031,0.0007102845162817679
3,3407,11,0.4043096527457237,0.4043096527457237,1.5873485803604126,0.816015013393125,0.4255506939984688,1.1447263360023499,0.0006923343857112497
3,3407,12,0.34962670132517815,0.34962670132517815,1.6509820073843002,0.8374576152783823,0.4119903594519859,0.9973495453596115,0.0006730212572874617
3,3407,13,0.3230350110679865,0.3230350110679865,1.66856087744236,0.8374576152783823,0.4017788686028235,1.075253240764141,0.0006524351777304212
3,3407,14,0.32759614288806915,0.32759614288806915,1.7426569163799286,0.8374576152783823,0.3687063730364648,1.223388072103262,0.0006306721288459469
3,3407,15,0.35979233123362064,0.35979233123362064,1.809001237154007,0.8521187854521188,0.34133545621781913,inf,0.0006078335800141735
3,3407,16,0.31222498416900635,0.31222498416900635,1.7215669304132462,0.8535327924273157,0.3571403253713092,1.7280912175774574,0.000584026015092461
3,3407,17,0.30601815320551395,0.30601815320551395,1.750075802206993,0.8642575642003559,0.3334191505843578,1.3158164098858833,0.0005593604359384967
3,3407,18,0.2901019789278507,0.2901019789278507,1.8410248756408691,0.864265898420828,0.3174268468528286,1.207622617483139,0.0005339518448683947
3,3407,19,0.27479000948369503,0.27479000948369503,1.9627150297164917,0.8535327924273157,0.33148252861029914,1.423713281750679,0.0005079187084628099
3,3407,20,0.26865476928651333,0.26865476928651333,1.9816130101680756,0.875,0.3093601905266012,1.1493470519781113,0.00048138240522105363
3,3407,21,0.2913673650473356,0.2913673650473356,1.9181390702724457,0.864265898420828,0.3014925841950502,1.4228455387055874,0.00045446665963849877
3,3407,22,0.28873616829514503,0.28873616829514503,2.0634879767894745,0.875,0.3183655614500838,1.4726777151226997,0.00042729696534586864
3,3407,23,0.2516591874882579,0.2516591874882579,2.032780423760414,0.875,0.30188331772130433,1.2149995937943459,0.00040000000000000013
3,3407,24,0.25678208842873573,0.25678208842873573,2.191153272986412,0.875,0.2923672239119442,1.1779809221625328,0.0003727030346541318
3,3407,25,0.2449012827128172,0.2449012827128172,2.062092676758766,0.8897741286428248,0.28517185824054286,1.4345789924263954,0.00034553334036150143
3,3407,26,0.27307028882205486,0.27307028882205486,1.979013830423355,0.8897741286428248,0.2726500127814265,1.6662349104881287,0.00031861759477894657
3,3407,27,0.2548473682254553,0.2548473682254553,2.0227881968021393,0.875,0.2856845541753527,1.4218980595469475,0.0002920812915371904
3,3407,28,0.2877018637955189,0.2877018637955189,2.0388652682304382,0.875,0.2866542170889195,1.7918239757418633,0.0002660481551316056
3,3407,29,0.27432309463620186,0.27432309463620186,1.9812863916158676,0.8897741286428248,0.27452983599442327,1.6949452236294746,0.0002406395640615035
3,3407,30,0.22791215404868126,0.22791215404868126,2.019331783056259,0.8897741286428248,0.26867659981134545,1.0754710361361504,0.00021597398490753918
3,3407,31,0.2634096574038267,0.2634096574038267,2.0272875875234604,0.9004018681438036,0.26782509023042317,1.8745994046330452,0.0001921664199858267
3,3407,32,0.24486946128308773,0.24486946128308773,2.0008967965841293,0.9004018681438036,0.26510599166047627,1.68940007686615,0.0001693278711540532
3,3407,33,0.23578072246164083,0.23578072246164083,2.0776309221982956,0.8857767819035424,0.2689422219837991,1.7758131474256516,0.00014756482226957888
3,3407,34,0.22598253935575485,0.22598253935575485,2.0989377945661545,0.9004018681438036,0.2643527536656503,1.2668279111385345,0.00012697874271253834
3,3407,35,0.28436722233891487,0.28436722233891487,2.111160859465599,0.9004018681438036,0.26294944986227253,1.9544652178883553,0.00010766561428875038
3,3407,36,0.2656151093542576,0.2656151093542576,2.0654942095279694,0.9004018681438036,0.25924185967135127,1.6344515457749367,8.971548371823217e-05
3,3407,37,0.2531964164227247,0.2531964164227247,1.9493621438741684,0.9004018681438036,0.2612510413096177,1.6725090816617012,7.321204279582324e-05
3,3407,38,0.26926574669778347,0.26926574669778347,2.0260044783353806,0.9004018681438036,0.2632278166896383,1.576868362724781,5.8232238181404694e-05
3,3407,39,0.25194945745170116,0.25194945745170116,2.0792614221572876,0.9004018681438036,0.2625215638664788,1.7524622604250908,4.484591263904994e-05
3,3407,40,0.24185514263808727,0.24185514263808727,2.0389737635850906,0.9004018681438036,0.2606303548326851,1.2849202901124954,3.31154793978188e-05
3,3407,41,0.24138737097382545,0.24138737097382545,2.073143392801285,0.9004018681438036,0.2596862514801834,1.2338608279824257,2.3095631152471854e-05
3,3407,42,0.24809295497834682,0.24809295497834682,1.9748434275388718,0.9004018681438036,0.25919604664373913,1.7233017608523369,1.4833085060880311e-05
3,3407,43,0.22549245227128267,0.22549245227128267,2.0813314020633698,0.9004018681438036,0.25861691804183135,1.3703782334923744,8.366364927070884e-06
3,3407,44,0.2381187193095684,0.2381187193095684,2.0895868092775345,0.9004018681438036,0.25855033442888187,1.7883865982294083,3.7256215854677445e-06
3,3407,45,0.21998271998018026,0.21998271998018026,1.999621331691742,0.9004018681438036,0.2583772323842698,1.4463088512420654,9.324923237842958e-07
3,3407,46,0.20213737897574902,0.20213737897574902,2.1510536074638367,0.9004018681438036,0.25843730950174393,1.1153725683689117,0.0
3,7319,1,1.0903346091508865,1.0903346091508865,1.25339974462986,0.14285714285714285,1.0733536361629867,0.3493007458746433,0.0007990675076762157
3,7319,2,1.0304029434919357,1.0304029434919357,1.2964763641357422,0.6786528970179586,1.0199892806919506,0.39845746383070946,0.0007962743784145323
3,7319,3,0.9575870409607887,0.9575870409607887,1.39335598051548,0.7550135501355012,0.9532734655226188,0.47045570239424706,0.0007916336350729293
3,7319,4,0.8729947060346603,0.8729947060346603,1.3430872559547424,0.7687739463601533,0.8742321748470142,0.5303374268114567,0.0007851669149391198
3,7319,5,0.782596655189991,0.782596655189991,1.3643419295549393,0.7678362573099414,0.7848676875330595,0.6744273230433464,0.0007769043688475283
3,7319,6,0.6898798644542694,0.6898798644542694,1.3491172790527344,0.8095238095238096,0.6886922732979796,0.6900217458605766,0.0007668845206021813
3,7319,7,0.598116721957922,0.598116721957922,1.284788355231285,0.8228955375253549,0.590562219056932,0.7542446181178093,0.00075515408736095
3,7319,8,0.4970669038593769,0.4970669038593769,1.3200267851352692,0.8374576152783823,0.5038977388859667,0.7678183615207672,0.0007417677618185955
3,7319,9,0.4375051371753216,0.4375051371753216,1.3153916895389557,0.8374576152783823,0.44464510783853545,0.8638294637203217,0.0007267879572041768
3,7319,10,0.43144360929727554,0.43144360929727554,1.1991049125790596,0.8374576152783823,0.40927395233210356,0.8631611801683903,0.0007102845162817679
3,7319,11,0.36779697239398956,0.36779697239398956,1.220082864165306,0.8535327924273157,0.4005380010914605,1.3250291422009468,0.0006923343857112497
3,7319,12,0.33022664673626423,0.33022664673626423,1.165295995771885,0.8321428571428572,0.35900620290817403,1.1746076866984367,0.0006730212572874617
3,7319,13,0.326592979952693,0.326592979952693,1.1873875558376312,0.8321428571428572,0.34758071650141387,1.1798912212252617,0.0006524351777304212
3,7319,14,0.30271213687956333,0.30271213687956333,1.1652447953820229,0.8535327924273157,0.33309358800504313,0.7742009051144123,0.0006306721288459469
3,7319,15,0.28777991607785225,0.28777991607785225,1.127822533249855,0.8642575642003559,0.3169792000053049,0.9822789207100868,0.0006078335800141735
3,7319,16,0.3317883778363466,0.3317883778363466,1.1422932893037796,0.8535327924273157,0.32762863198558373,0.9140768647193909,0.000584026015092461
3,7319,17,0.28626461513340473,0.28626461513340473,1.186752937734127,0.8535327924273157,0.3089941222057457,1.399133414030075,0.0005593604359384967
3,7319,18,0.2802735809236765,0.2802735809236765,1.1434821486473083,0.8640798655983458,0.29877961924360763,1.541377142071724,0.0005339518448683947
3,7319,19,0.2729201726615429,0.2729201726615429,1.1635869592428207,0.8535327924273157,0.30209888721906103,1.2201894745230675,0.0005079187084628099
3,7319,20,0.24803624767810106,0.24803624767810106,1.1821435242891312,0.8535327924273157,0.2947312056545305,1.3590524643659592,0.00048138240522105363
3,7319,21,0.2893452178686857,0.2893452178686857,1.227047048509121,0.8791872153502034,0.27577795168400243,inf,0.00045446665963849877
3,7319,22,0.28510093223303556,0.28510093223303556,1.1721916794776917,0.875,0.27626499898813883,1.7705375403165817,0.00042729696534586864
3,7319,23,0.30289848893880844,0.30289848893880844,1.2159211188554764,0.8897741286428248,0.2656130421430228,1.9530389234423637,0.00040000000000000013
3,7319,24,0.25231935642659664,0.25231935642659664,1.2081914842128754,0.8791872153502034,0.26610296746976475,1.580668717622757,0.0003727030346541318
3,7319,25,0.2428205432370305,0.2428205432370305,1.2297747880220413,0.8642575642003559,0.27406811729028263,1.5079325288534164,0.00034553334036150143
3,7319,26,0.2306644730269909,0.2306644730269909,1.2779938727617264,0.8857767819035424,0.25994944100833967,1.513035923242569,0.00031861759477894657
3,7319,27,0.23150163423269987,0.23150163423269987,1.2420921847224236,0.9155112771551127,0.2533799353022512,1.2857677787542343,0.0002920812915371904
3,7319,28,0.2249095723964274,0.2249095723964274,1.2456290423870087,0.8897741286428248,0.25850276262697264,1.202561430633068,0.0002660481551316056
3,7319,29,0.22385053895413876,0.22385053895413876,1.3068048059940338,0.8642575642003559,0.26143448731110813,1.4345418885350227,0.0002406395640615035
3,7319,30,0.2264628168195486,0.2264628168195486,1.3008889332413673,0.9050264550264551,0.2557041337955724,1.04347562789917,0.00021597398490753918
3,7319,31,0.2495803963392973,0.2495803963392973,1.27187380194664,0.8857767819035424,0.25698022860121433,1.4625519067049026,0.0001921664199858267
3,7319,32,0.23364011384546757,0.23364011384546757,1.295904517173767,0.9155112771551127,0.25238218356919867,1.4579920433461666,0.0001693278711540532
3,7319,33,0.2605112427845597,0.2605112427845597,1.2429750934243202,0.9047047047047047,0.2475123780350153,1.5370101109147072,0.00014756482226957888
3,7319,34,0.24187001213431358,0.24187001213431358,1.2549561858177185,0.9155112771551127,0.24763965054829012,1.349798522889614,0.00012697874271253834
3,7319,35,0.2440598253160715,0.2440598253160715,1.2477197349071503,0.9155112771551127,0.24811029251092293,1.1034553796052933,0.00010766561428875038
3,7319,36,0.20852089673280716,0.20852089673280716,1.3290185928344727,0.9155112771551127,0.2506859140703421,1.3318642675876617,8.971548371823217e-05
3,7319,37,0.22521087154746056,0.22521087154746056,1.2723164558410645,0.9155112771551127,0.2516690623400518,1.7495116144418716,7.321204279582324e-05
3,7319,38,0.23483803309500217,0.23483803309500217,1.282688856124878,0.9155112771551127,0.2484136706140467,1.7168106958270073,5.8232238181404694e-05
3,7319,39,0.21173790749162436,0.21173790749162436,1.2816673666238785,0.9155112771551127,0.2461109938676081,1.3394464254379272,4.484591263904994e-05
3,7319,40,0.21509011182934046,0.21509011182934046,1.3011393398046494,0.9155112771551127,0.24456267728927544,1.1161806508898735,3.31154793978188e-05
3,7319,41,0.22973307967185974,0.22973307967185974,1.2795458137989044,0.9155112771551127,0.24432360187475238,1.7695817053318024,2.3095631152471854e-05
3,7319,42,0.21601110324263573,0.21601110324263573,1.27614426612854,0.9155112771551127,0.2449129339274539,0.928490623831749,1.4833085060880311e-05
3,7319,43,0.2036940883845091,0.2036940883845091,1.3169796019792557,0.9155112771551127,0.24525257797770827,1.4741816520690918,8.366364927070884e-06
3,7319,44,0.23231786862015724,0.23231786862015724,1.1922435089945793,0.9155112771551127,0.24523874822094963,1.2904443591833115,3.7256215854677445e-06
3,7319,45,0.2149576684460044,0.2149576684460044,1.3059422969818115,0.9155112771551127,0.24533162888334734,1.2788805700838566,9.324923237842958e-07
3,7319,46,0.2297132220119238,0.2297132220119238,1.302125409245491,0.9155112771551127,0.24533417609557662,1.3367385789752007,0.0
4,42,1,1.0226359526316324,0.9723289529482524,1.0061400016148885,0.7810734463276837,0.8291059815009706,0.573254774014155,0.0022471833458155978
4,42,2,0.7519245862960815,0.7170100450515747,0.6982908268769582,0.8481240981240982,0.5399088133974703,0.8610918482144674,0.002163028612089897
4,42,3,0.5454871396223704,0.5200725654760997,0.5082914113998414,0.8345559845559847,0.453743668432452,1.2349426746368408,0.0020274674370410303
4,42,4,0.4013624906539917,0.37936368584632874,0.4399761249621709,0.8707334785766158,0.39124508461027535,1.2735785325368245,0.0018472974240401183
4,42,5,0.37945461869239805,0.3563562015692393,0.46196831862131754,0.8555018786902844,0.32989847178248627,1.2589775482813517,0.0016315530498634827
4,42,6,0.3330790122350057,0.3137923280398051,0.38573372960090635,0.8555018786902844,0.2824004007283499,inf,0.001391052638302392
4,42,7,0.34349414308865867,0.32311317572991055,0.4076193432013194,0.8555018786902844,0.2813229343299208,1.3691815157731375,0.0011378558842347808
4,42,8,0.3007622977097829,0.28348475098609927,0.34555092950661975,0.8966049382716049,0.2652614468344747,1.4344848314921061,0.0008846591301671695
4,42,9,0.2905728747447332,0.2736697465181351,0.3380624969800313,0.8966049382716049,0.25992151956152937,1.2083077589670816,0.0006441587186060789
4,42,10,0.29533104101816815,0.2772638102372487,0.36134455502033236,0.8555018786902844,0.3077535851099197,1.3723641256491343,0.00042841434442944336
4,42,11,0.29849379807710646,0.2830309296647708,0.3092573622862498,0.8966049382716049,0.2566584701629424,1.2393786191940308,0.0002482443314285316
4,42,12,0.28718326091766355,0.26942611336708067,0.3551429847876231,0.8825500703434975,0.27845840102904734,1.2439568877220153,0.00011268315637966436
4,42,13,0.2891417567928632,0.27142714311679206,0.354292290409406,0.8555018786902844,0.28519975121602287,1.380521257718404,2.8528422653963032e-05
4,42,14,0.29147408505280814,0.27284906307856244,0.37250047624111177,0.8555018786902844,0.28440390299465984,1.2401799281438193,0.0
4,1201,1,1.010014255841573,0.95539763768514,1.0923323353131613,0.6426303854875284,0.8489457934675009,0.5709827323754628,0.0022471833458155978
4,1201,2,0.7608538786570231,0.7244298100471497,0.7284814953804016,0.7800411493302543,0.610232604732841,0.6677362501621247,0.002163028612089897
4,1201,3,0.5538682003815969,0.5200554668903351,0.6762546877066294,0.8329424307036248,0.43559593990675205,0.7437273065249125,0.0020274674370410303
4,1201,4,0.45253391067186993,0.4213953157265981,0.6227718551953634,0.8447439353099732,0.3414445160243501,1.120457516113917,0.0018472974240401183
4,1201,5,0.39976873695850373,0.37311510543028514,0.5330726126829783,0.8555018786902844,0.32759235675663845,1.1877746522426604,0.0016315530498634827
4,1201,6,0.3330327898263931,0.3106738865375519,0.44717804590861004,0.8555018786902844,0.3760985091410763,1.21614727973938,0.001391052638302392
4,1201,7,0.38891218304634095,0.36764501333236693,0.42534337043762205,0.8966049382716049,0.27372749169516036,1.4348749717076619,0.0011378558842347808
4,1201,8,0.3126697381337484,0.2924812585115433,0.403769580523173,0.8707334785766158,0.41277116911214257,1.2233090579509736,0.0008846591301671695
4,1201,9,0.32614211142063143,0.30546820958455406,0.41347807347774507,0.8804493107041348,0.26838965378128476,1.3655641674995422,0.0006441587186060789
4,1201,10,0.3154641171296438,0.29495223065217335,0.41023769080638883,0.8555018786902844,0.3171695591396465,1.2942289034525554,0.00042841434442944336
4,1201,11,0.28217144807179767,0.2635787457227707,0.37185405790805814,0.8688660649444963,0.29170993280118546,1.3104097187519073,0.0002482443314285316
4,1201,12,0.2881273920337359,0.26811426828304924,0.40026248594125113,0.8966049382716049,0.27953318677058275,1.0396897157033285,0.00011268315637966436
4,1201,13,0.29414082020521165,0.27425336465239525,0.39774905145168304,0.8966049382716049,0.2806753273232271,1.074248977502187,2.8528422653963032e-05
4,1201,14,0.2955384244521459,0.2772523601849874,0.36572131315867107,0.8966049382716049,0.2817428376528625,inf,0.0
4,2026,1,1.0146591424942017,0.9600398421287537,1.0923861225446065,0.8329424307036248,0.8042533289153603,0.6733116825421651,0.0022471833458155978
4,2026,2,0.7141359806060791,0.6803662101427714,0.6753953397274017,0.8442067736185382,0.5622624606488641,0.9301828821500142,0.002163028612089897
4,2026,3,0.5088396032651266,0.4842906316121419,0.4909794767697652,0.8227668845315904,0.4516391344034028,1.09917707045873,0.0020274674370410303
4,2026,4,0.38620398243268333,0.3638790835936864,0.4464979807535807,0.8227668845315904,0.4075727229273162,1.1362466971079508,0.0018472974240401183
4,2026,5,0.3962746610244115,0.3737407555182775,0.450678030649821,0.8452656738371024,0.40112016687209917,1.7613370935122172,0.0016315530498634827
4,2026,6,0.3762222468852997,0.35645778973897296,0.39528915087382,0.8555018786902844,0.43530043080568825,1.9932843446731567,0.001391052638302392
4,2026,7,0.3523043870925903,0.3334594617287318,0.3768984884023666,0.8227668845315904,0.3184193573790511,1.2921735803286234,0.0011378558842347808
4,2026,8,0.35119859874248505,0.3324277649323146,0.3754167621334394,0.8555018786902844,0.45606709251851746,1.8032477736473083,0.0008846591301671695
4,2026,9,0.31561037302017214,0.29654770841201145,0.3812532981236776,0.8555018786902844,0.33400361761377834,1.3170624673366547,0.0006441587186060789
4,2026,10,0.3295738846063614,0.31144647200902303,0.3625482380390167,0.8555018786902844,0.3620214810687224,1.6087132096290588,0.00042841434442944336
4,2026,11,0.31290399730205537,0.2959741771221161,0.33859640757242837,0.8555018786902844,0.3144672432467518,1.189905325571696,0.0002482443314285316
4,2026,12,0.31280791958173115,0.2940579156080882,0.3750000735123952,0.8555018786902844,0.3253473927407914,1.169079879919688,0.00011268315637966436
4,2026,13,0.2952602987488111,0.27648803939421973,0.3754451721906662,0.8555018786902844,0.3399155976746166,1.0921253899733225,2.8528422653963032e-05
4,2026,14,0.2789074212312698,0.2616805215676626,0.3445380220810572,0.8555018786902844,0.33945304766977247,1.2338814417521158,0.0
4,3407,1,1.0156409660975139,0.9580977876981099,1.150863528251648,0.756165887718903,0.8297737950341119,0.5619337817033132,0.0022471833458155978
4,3407,2,0.7624808470408122,0.7209099610646565,0.8314177811145782,0.8339726027397262,0.5954753566913107,0.7390583992004395,0.002163028612089897
4,3407,3,0.5248237788677216,0.49466071327527367,0.6032614350318909,0.8195045695045695,0.4621267534008734,0.896729564666748,0.0020274674370410303
4,3407,4,0.4497380077838898,0.4288197616736094,0.4183650215466817,0.8227668845315904,0.3358059676617641,1.372921347618103,0.0018472974240401183
4,3407,5,0.40222230156262717,0.3789220611254374,0.46600481569767,0.8555018786902844,0.3250204975712247,1.1330577810605367,0.0016315530498634827
4,3407,6,0.3133581986029943,0.2913757259647051,0.4396494746208191,0.8555018786902844,0.41384966057938627,0.9298710664113362,0.001391052638302392
4,3407,7,0.34032050470511116,0.32090868751207985,0.3882363518079122,0.8555018786902844,0.3315697716758378,1.4623744010925293,0.0011378558842347808
4,3407,8,0.3114053467909495,0.28884823123613995,0.4511423150698344,0.8966049382716049,0.27242778120835565,1.039395566781362,0.0008846591301671695
4,3407,9,0.30937164574861525,0.2893232444922129,0.4009680598974228,0.8555018786902844,0.3042495224236934,1.1733922024567922,0.0006441587186060789
4,3407,10,0.3093235731124878,0.288679497440656,0.41288147668043773,0.8555018786902844,0.33267162874884687,1.1104988396167754,0.00042841434442944336
4,3407,11,0.3250627636909485,0.30627977252006533,0.3756598432858785,0.8555018786902844,0.3859704823719953,1.3291983445485434,0.0002482443314285316
4,3407,12,0.29595633248488107,0.2743484357992808,0.43215789993604026,0.8555018786902844,0.31865565975762755,1.2690300861994426,0.00011268315637966436
4,3407,13,0.29471041560173034,0.27758737504482267,0.3424608091513316,0.8966049382716049,0.30008474738406454,0.9756085793177287,2.8528422653963032e-05
4,3407,14,0.26191818912823994,0.24391667942206066,0.36003017127513887,0.8688660649444963,0.3018887906483628,1.2027606228987375,0.0
4,7319,1,1.0092414935429892,0.9557727177937826,1.0693754076957702,0.6720532845906724,0.8443342617961714,0.6519292930761973,0.0022471833458155978
4,7319,2,0.7569602648417155,0.7236793994903564,0.6656173348426819,0.8185683397907506,0.6277000266512772,0.6820649107297262,0.002163028612089897
4,7319,3,0.5622764865557353,0.5334781209627787,0.5759672244389852,0.8442067736185382,0.5061199987811958,0.8180755178133646,0.0020274674370410303
4,7319,4,0.4702329754829407,0.4443075696627299,0.5185081124305725,0.8602025284999845,0.49144046088095295,0.9441508889198303,0.0018472974240401183
4,7319,5,0.37422208388646444,0.35199306209882103,0.44458033740520475,0.875,0.3319153655354386,1.0446239829063415,0.0016315530498634827
4,7319,6,0.37812378505865735,0.3524754732847214,0.5129661599795023,0.8606060606060607,0.32317203496443014,1.3856457869211833,0.001391052638302392
4,7319,7,0.3157832473516464,0.2950638473033905,0.4143879731496175,0.8329424307036248,0.44945699902038555,1.2550594449043273,0.0011378558842347808
4,7319,8,0.3642298469940821,0.3401223450899124,0.4821499566237132,0.8748267498267498,0.31388451018033037,inf,0.0008846591301671695
4,7319,9,0.31438831984996796,0.2936427940924962,0.4149104952812195,0.8555018786902844,0.3310435711680795,1.5303799788157144,0.0006441587186060789
4,7319,10,0.31858939826488497,0.29793257961670555,0.41313630938529966,0.8555018786902844,0.3469465596344296,1.4093214352925618,0.00042841434442944336
4,7319,11,0.31948167582352954,0.29654049227635065,0.45882368683815,0.8688660649444963,0.32193356133157386,1.4702643215656281,0.0002482443314285316
4,7319,12,0.3047257935007413,0.28501604398091634,0.3941949894030889,0.8966049382716049,0.3110787045743282,1.2970077196757,0.00011268315637966436
4,7319,13,0.2848606844743093,0.26641071438789365,0.36899940967559813,0.8688660649444963,0.32220718614587185,1.1722663303216299,2.8528422653963032e-05
4,7319,14,0.3026279946168264,0.28057787120342254,0.441002427538236,0.8688660649444963,0.3201753905456724,1.287626224756241,0.0
