dataset,scenario,model_id,outer_fold,trial,state,params,inner_fold_macro_f1,inner_objective,threshold,outer_rows_used_for_selection,selected_epochs
student_mat,S0_EARLY_NO_GRADE,logistic_regression,0,0,COMPLETE,"{""C"": 0.1, ""class_weight"": null}","[0.35858585858585856, 0.41111111111111115, 0.35105175875010913]",0.3735829094823596,,False,
student_mat,S0_EARLY_NO_GRADE,logistic_regression,0,1,COMPLETE,"{""C"": 0.1, ""class_weight"": ""balanced""}","[0.4734359827992787, 0.3582909627685747, 0.445351789266021]",0.4256929116112914,,False,
student_mat,S0_EARLY_NO_GRADE,logistic_regression,0,2,COMPLETE,"{""C"": 1.0, ""class_weight"": null}","[0.37356781241673326, 0.39199938717337757, 0.34753550543024225]",0.3710342350067843,,False,
student_mat,S0_EARLY_NO_GRADE,logistic_regression,0,3,COMPLETE,"{""C"": 1.0, ""class_weight"": ""balanced""}","[0.44047619047619047, 0.36592592592592593, 0.44315744315744315]",0.4165198531865199,,False,
student_mat,S0_EARLY_NO_GRADE,logistic_regression,0,4,COMPLETE,"{""C"": 10.0, ""class_weight"": null}","[0.37356781241673326, 0.39199938717337757, 0.3647788791164471]",0.3767820262355192,,False,
student_mat,S0_EARLY_NO_GRADE,logistic_regression,0,5,COMPLETE,"{""C"": 10.0, ""class_weight"": ""balanced""}","[0.40971114655325175, 0.3414844865149125, 0.44370576651696364]",0.398300466528376,,False,
student_mat,S0_EARLY_NO_GRADE,random_forest,0,0,COMPLETE,"{""class_weight"": null, ""max_depth"": null, ""min_samples_leaf"": 1, ""n_estimators"": 300}","[0.4559261352930093, 0.419051158181593, 0.45743261872294133]",0.4441366373991812,,False,
student_mat,S0_EARLY_NO_GRADE,random_forest,0,1,COMPLETE,"{""class_weight"": ""balanced"", ""max_depth"": null, ""min_samples_leaf"": 1, ""n_estimators"": 300}","[0.49498207885304657, 0.44284524404464437, 0.4485915609246325]",0.4621396279407745,,False,
student_mat,S0_EARLY_NO_GRADE,random_forest,0,2,COMPLETE,"{""class_weight"": null, ""max_depth"": null, ""min_samples_leaf"": 3, ""n_estimators"": 300}","[0.4004990806409246, 0.4654905913978495, 0.3403880070546737]",0.4021258930311492,,False,
student_mat,S0_EARLY_NO_GRADE,random_forest,0,3,COMPLETE,"{""class_weight"": ""balanced"", ""max_depth"": null, ""min_samples_leaf"": 3, ""n_estimators"": 300}","[0.443496127706654, 0.41037037037037033, 0.4868428530832623]",0.4469031170534288,,False,
student_mat,S0_EARLY_NO_GRADE,random_forest,0,4,COMPLETE,"{""class_weight"": null, ""max_depth"": 8, ""min_samples_leaf"": 1, ""n_estimators"": 300}","[0.44978632478632474, 0.4546507936507937, 0.3752936718453959]",0.4265769300941714,,False,
student_mat,S0_EARLY_NO_GRADE,random_forest,0,5,COMPLETE,"{""class_weight"": ""balanced"", ""max_depth"": 8, ""min_samples_leaf"": 1, ""n_estimators"": 300}","[0.4137242538881883, 0.4285274080050199, 0.4749993804757496]",0.4390836807896526,,False,
student_mat,S0_EARLY_NO_GRADE,random_forest,0,6,COMPLETE,"{""class_weight"": null, ""max_depth"": 8, ""min_samples_leaf"": 3, ""n_estimators"": 300}","[0.4004990806409246, 0.48232650591997234, 0.3464349376114082]",0.409753508057435,,False,
student_mat,S0_EARLY_NO_GRADE,random_forest,0,7,COMPLETE,"{""class_weight"": ""balanced"", ""max_depth"": 8, ""min_samples_leaf"": 3, ""n_estimators"": 300}","[0.4635477582846004, 0.4100259163272862, 0.47910447761194036]",0.4508927174079423,,False,
student_mat,S0_EARLY_NO_GRADE,xgboost,0,0,COMPLETE,"{""colsample_bytree"": 0.9, ""learning_rate"": 0.03, ""max_depth"": 2, ""min_child_weight"": 1, ""n_estimators"": 300, ""subsample"": 0.9}","[0.4039855072463768, 0.4179762889440309, 0.3272849462365592]",0.3830822474756556,,False,
student_mat,S0_EARLY_NO_GRADE,xgboost,0,1,COMPLETE,"{""colsample_bytree"": 0.9, ""learning_rate"": 0.03, ""max_depth"": 2, ""min_child_weight"": 5, ""n_estimators"": 300, ""subsample"": 0.9}","[0.3914177141717001, 0.4345829839900986, 0.3289774442575581]",0.3849927141397856,,False,
student_mat,S0_EARLY_NO_GRADE,xgboost,0,2,COMPLETE,"{""colsample_bytree"": 0.9, ""learning_rate"": 0.08, ""max_depth"": 2, ""min_child_weight"": 1, ""n_estimators"": 300, ""subsample"": 0.9}","[0.45608465608465604, 0.39144022458816674, 0.32093751192884684]",0.3894874642005566,,False,
student_mat,S0_EARLY_NO_GRADE,xgboost,0,3,COMPLETE,"{""colsample_bytree"": 0.9, ""learning_rate"": 0.08, ""max_depth"": 2, ""min_child_weight"": 5, ""n_estimators"": 300, ""subsample"": 0.9}","[0.46165642090406983, 0.4428651059085842, 0.3806418219461698]",0.4283877829196079,,False,
student_mat,S0_EARLY_NO_GRADE,xgboost,0,4,COMPLETE,"{""colsample_bytree"": 0.9, ""learning_rate"": 0.03, ""max_depth"": 4, ""min_child_weight"": 1, ""n_estimators"": 300, ""subsample"": 0.9}","[0.4514842849577921, 0.350781215251965, 0.39760348583877997]",0.3999563286828456,,False,
student_mat,S0_EARLY_NO_GRADE,xgboost,0,5,COMPLETE,"{""colsample_bytree"": 0.9, ""learning_rate"": 0.03, ""max_depth"": 4, ""min_child_weight"": 5, ""n_estimators"": 300, ""subsample"": 0.9}","[0.44909937259664034, 0.4572063056365681, 0.37566137566137564]",0.4273223512981947,,False,
student_mat,S0_EARLY_NO_GRADE,xgboost,0,6,COMPLETE,"{""colsample_bytree"": 0.9, ""learning_rate"": 0.08, ""max_depth"": 4, ""min_child_weight"": 1, ""n_estimators"": 300, ""subsample"": 0.9}","[0.43216456287985044, 0.41056694577279423, 0.40453599139045143]",0.4157558333476987,,False,
student_mat,S0_EARLY_NO_GRADE,xgboost,0,7,COMPLETE,"{""colsample_bytree"": 0.9, ""learning_rate"": 0.08, ""max_depth"": 4, ""min_child_weight"": 5, ""n_estimators"": 300, ""subsample"": 0.9}","[0.4817319303087804, 0.4613853787392019, 0.4062186608745848]",0.4497786566408557,,False,
student_mat,S0_EARLY_NO_GRADE,mlp,0,0,COMPLETE,"{""alpha"": 0.0001, ""hidden_layer_sizes"": [64], ""learning_rate_init"": 0.001}","[0.5119029649595688, 0.3679172679172679, 0.27759622367465503]",0.3858054855171639,,False,
student_mat,S0_EARLY_NO_GRADE,mlp,0,1,COMPLETE,"{""alpha"": 0.001, ""hidden_layer_sizes"": [64], ""learning_rate_init"": 0.001}","[0.5119029649595688, 0.3679172679172679, 0.27759622367465503]",0.3858054855171639,,False,
student_mat,S0_EARLY_NO_GRADE,mlp,0,2,COMPLETE,"{""alpha"": 0.01, ""hidden_layer_sizes"": [64], ""learning_rate_init"": 0.001}","[0.5210945853990473, 0.3679172679172679, 0.27759622367465503]",0.38886935899699,,False,
student_mat,S0_EARLY_NO_GRADE,mlp,0,3,COMPLETE,"{""alpha"": 0.0001, ""hidden_layer_sizes"": [64, 32], ""learning_rate_init"": 0.001}","[0.3320205275092493, 0.35435262501199727, 0.36638655462184877]",0.3509199023810318,,False,
student_mat,S0_EARLY_NO_GRADE,mlp,0,4,COMPLETE,"{""alpha"": 0.001, ""hidden_layer_sizes"": [64, 32], ""learning_rate_init"": 0.001}","[0.3320205275092493, 0.35435262501199727, 0.36638655462184877]",0.3509199023810318,,False,
student_mat,S0_EARLY_NO_GRADE,mlp,0,5,COMPLETE,"{""alpha"": 0.01, ""hidden_layer_sizes"": [64, 32], ""learning_rate_init"": 0.001}","[0.3320205275092493, 0.35435262501199727, 0.36638655462184877]",0.3509199023810318,,False,
student_mat,S0_EARLY_NO_GRADE,mlp,0,6,COMPLETE,"{""alpha"": 0.0001, ""hidden_layer_sizes"": [128, 64], ""learning_rate_init"": 0.001}","[0.41111111111111115, 0.3459575611066344, 0.38439382037182507]",0.3804874975298569,,False,
student_mat,S0_EARLY_NO_GRADE,mlp,0,7,COMPLETE,"{""alpha"": 0.001, ""hidden_layer_sizes"": [128, 64], ""learning_rate_init"": 0.001}","[0.41111111111111115, 0.3459575611066344, 0.38439382037182507]",0.3804874975298569,,False,
student_mat,S0_EARLY_NO_GRADE,mlp,0,8,COMPLETE,"{""alpha"": 0.01, ""hidden_layer_sizes"": [128, 64], ""learning_rate_init"": 0.001}","[0.41111111111111115, 0.3459575611066344, 0.38439382037182507]",0.3804874975298569,,False,
student_mat,S0_EARLY_NO_GRADE,logistic_regression,1,0,COMPLETE,"{""C"": 0.1, ""class_weight"": null}","[0.39021566073237807, 0.380592955256358, 0.3970412789310427]",0.3892832983065928,,False,
student_mat,S0_EARLY_NO_GRADE,logistic_regression,1,1,COMPLETE,"{""C"": 0.1, ""class_weight"": ""balanced""}","[0.4882564096695315, 0.40046685340802984, 0.4371343288846563]",0.4419525306540725,,False,
student_mat,S0_EARLY_NO_GRADE,logistic_regression,1,2,COMPLETE,"{""C"": 1.0, ""class_weight"": null}","[0.38868497039103406, 0.3865165711007496, 0.40442294655453565]",0.3932081626821064,,False,
student_mat,S0_EARLY_NO_GRADE,logistic_regression,1,3,COMPLETE,"{""C"": 1.0, ""class_weight"": ""balanced""}","[0.4539025486737905, 0.4094784294489991, 0.43193179729287445]",0.4317709251385547,,False,
student_mat,S0_EARLY_NO_GRADE,logistic_regression,1,4,COMPLETE,"{""C"": 10.0, ""class_weight"": null}","[0.41698511288573403, 0.40953346855983774, 0.4207598903251077]",0.4157594905902265,,False,
student_mat,S0_EARLY_NO_GRADE,logistic_regression,1,5,COMPLETE,"{""C"": 10.0, ""class_weight"": ""balanced""}","[0.4643432252127904, 0.3889748907127766, 0.40604604038547626]",0.419788052103681,,False,
student_mat,S0_EARLY_NO_GRADE,random_forest,1,0,COMPLETE,"{""class_weight"": null, ""max_depth"": null, ""min_samples_leaf"": 1, ""n_estimators"": 300}","[0.44904644904644897, 0.41554666875767793, 0.4383453583453583]",0.4343128253831617,,False,
student_mat,S0_EARLY_NO_GRADE,random_forest,1,1,COMPLETE,"{""class_weight"": ""balanced"", ""max_depth"": null, ""min_samples_leaf"": 1, ""n_estimators"": 300}","[0.4734896943852167, 0.42957242957242964, 0.4448123423824358]",0.4492914887800274,,False,
student_mat,S0_EARLY_NO_GRADE,random_forest,1,2,COMPLETE,"{""class_weight"": null, ""max_depth"": null, ""min_samples_leaf"": 3, ""n_estimators"": 300}","[0.3790849673202614, 0.34986946076184927, 0.42498240294547623]",0.384645610342529,,False,
student_mat,S0_EARLY_NO_GRADE,random_forest,1,3,COMPLETE,"{""class_weight"": ""balanced"", ""max_depth"": null, ""min_samples_leaf"": 3, ""n_estimators"": 300}","[0.5045310245310245, 0.45344251757848975, 0.4672683559281497]",0.4750806326792213,,False,
student_mat,S0_EARLY_NO_GRADE,random_forest,1,4,COMPLETE,"{""class_weight"": null, ""max_depth"": 8, ""min_samples_leaf"": 1, ""n_estimators"": 300}","[0.451713718380385, 0.41948884448884455, 0.46738738738738744]",0.446196650085539,,False,
student_mat,S0_EARLY_NO_GRADE,random_forest,1,5,COMPLETE,"{""class_weight"": ""balanced"", ""max_depth"": 8, ""min_samples_leaf"": 1, ""n_estimators"": 300}","[0.5196999006885904, 0.3947980647501909, 0.44894400154301145]",0.4544806556605976,,False,
student_mat,S0_EARLY_NO_GRADE,random_forest,1,6,COMPLETE,"{""class_weight"": null, ""max_depth"": 8, ""min_samples_leaf"": 3, ""n_estimators"": 300}","[0.3870748299319728, 0.3555184256938643, 0.42498240294547623]",0.3891918861904377,,False,
student_mat,S0_EARLY_NO_GRADE,random_forest,1,7,COMPLETE,"{""class_weight"": ""balanced"", ""max_depth"": 8, ""min_samples_leaf"": 3, ""n_estimators"": 300}","[0.47388167388167385, 0.46943251312445206, 0.46780850335927093]",0.4703742301217989,,False,
student_mat,S0_EARLY_NO_GRADE,xgboost,1,0,COMPLETE,"{""colsample_bytree"": 0.9, ""learning_rate"": 0.03, ""max_depth"": 2, ""min_child_weight"": 1, ""n_estimators"": 300, ""subsample"": 0.9}","[0.4328056709460884, 0.32765151515151514, 0.4132804132804133]",0.3912458664593389,,False,
student_mat,S0_EARLY_NO_GRADE,xgboost,1,1,COMPLETE,"{""colsample_bytree"": 0.9, ""learning_rate"": 0.03, ""max_depth"": 2, ""min_child_weight"": 5, ""n_estimators"": 300, ""subsample"": 0.9}","[0.45745533769063185, 0.35121832160436073, 0.4203367003367003]",0.4096701198772309,,False,
student_mat,S0_EARLY_NO_GRADE,xgboost,1,2,COMPLETE,"{""colsample_bytree"": 0.9, ""learning_rate"": 0.08, ""max_depth"": 2, ""min_child_weight"": 1, ""n_estimators"": 300, ""subsample"": 0.9}","[0.46489869660601363, 0.34113877470426685, 0.4370370370370371]",0.4143581694491058,,False,
student_mat,S0_EARLY_NO_GRADE,xgboost,1,3,COMPLETE,"{""colsample_bytree"": 0.9, ""learning_rate"": 0.08, ""max_depth"": 2, ""min_child_weight"": 5, ""n_estimators"": 300, ""subsample"": 0.9}","[0.4944343617664852, 0.3499814195466369, 0.4456654456654456]",0.4300270756595226,,False,
student_mat,S0_EARLY_NO_GRADE,xgboost,1,4,COMPLETE,"{""colsample_bytree"": 0.9, ""learning_rate"": 0.03, ""max_depth"": 4, ""min_child_weight"": 1, ""n_estimators"": 300, ""subsample"": 0.9}","[0.44890411590992985, 0.38928133214123667, 0.4661622904613559]",0.4347825795041741,,False,
student_mat,S0_EARLY_NO_GRADE,xgboost,1,5,COMPLETE,"{""colsample_bytree"": 0.9, ""learning_rate"": 0.03, ""max_depth"": 4, ""min_child_weight"": 5, ""n_estimators"": 300, ""subsample"": 0.9}","[0.5048545311742785, 0.39633915675080816, 0.44746682166037005]",0.4495535031951522,,False,
student_mat,S0_EARLY_NO_GRADE,xgboost,1,6,COMPLETE,"{""colsample_bytree"": 0.9, ""learning_rate"": 0.08, ""max_depth"": 4, ""min_child_weight"": 1, ""n_estimators"": 300, ""subsample"": 0.9}","[0.40691142443251466, 0.39312169312169304, 0.4369435408082123]",0.4123255527874733,,False,
student_mat,S0_EARLY_NO_GRADE,xgboost,1,7,COMPLETE,"{""colsample_bytree"": 0.9, ""learning_rate"": 0.08, ""max_depth"": 4, ""min_child_weight"": 5, ""n_estimators"": 300, ""subsample"": 0.9}","[0.5320093936236524, 0.3955676164631388, 0.4409363153370256]",0.4561711084746056,,False,
student_mat,S0_EARLY_NO_GRADE,mlp,1,0,COMPLETE,"{""alpha"": 0.0001, ""hidden_layer_sizes"": [64], ""learning_rate_init"": 0.001}","[0.36069818311682517, 0.36000000000000004, 0.38063660477453576]",0.367111595963787,,False,
student_mat,S0_EARLY_NO_GRADE,mlp,1,1,COMPLETE,"{""alpha"": 0.001, ""hidden_layer_sizes"": [64], ""learning_rate_init"": 0.001}","[0.36069818311682517, 0.3480299707602339, 0.38063660477453576]",0.3631215862171983,,False,
student_mat,S0_EARLY_NO_GRADE,mlp,1,2,COMPLETE,"{""alpha"": 0.01, ""hidden_layer_sizes"": [64], ""learning_rate_init"": 0.001}","[0.35807668684741606, 0.3480299707602339, 0.38063660477453576]",0.3622477541273952,,False,
student_mat,S0_EARLY_NO_GRADE,mlp,1,3,COMPLETE,"{""alpha"": 0.0001, ""hidden_layer_sizes"": [64, 32], ""learning_rate_init"": 0.001}","[0.3114035087719298, 0.3212669683257919, 0.35282651072124754]",0.3284989959396564,,False,
student_mat,S0_EARLY_NO_GRADE,mlp,1,4,COMPLETE,"{""alpha"": 0.001, ""hidden_layer_sizes"": [64, 32], ""learning_rate_init"": 0.001}","[0.3114035087719298, 0.3212669683257919, 0.35282651072124754]",0.3284989959396564,,False,
student_mat,S0_EARLY_NO_GRADE,mlp,1,5,COMPLETE,"{""alpha"": 0.01, ""hidden_layer_sizes"": [64, 32], ""learning_rate_init"": 0.001}","[0.3114035087719298, 0.3212669683257919, 0.35282651072124754]",0.3284989959396564,,False,
student_mat,S0_EARLY_NO_GRADE,mlp,1,6,COMPLETE,"{""alpha"": 0.0001, ""hidden_layer_sizes"": [128, 64], ""learning_rate_init"": 0.001}","[0.3375347847438206, 0.30457963089542034, 0.43900621118012423]",0.3603735422731217,,False,
student_mat,S0_EARLY_NO_GRADE,mlp,1,7,COMPLETE,"{""alpha"": 0.001, ""hidden_layer_sizes"": [128, 64], ""learning_rate_init"": 0.001}","[0.3433333333333333, 0.30457963089542034, 0.4639167595689335]",0.3706099079325624,,False,
student_mat,S0_EARLY_NO_GRADE,mlp,1,8,COMPLETE,"{""alpha"": 0.01, ""hidden_layer_sizes"": [128, 64], ""learning_rate_init"": 0.001}","[0.3433333333333333, 0.30457963089542034, 0.42533805054059326]",0.357750338256449,,False,
student_mat,S0_EARLY_NO_GRADE,logistic_regression,2,0,COMPLETE,"{""C"": 0.1, ""class_weight"": null}","[0.417381602739199, 0.3698201275045537, 0.3568529791551374]",0.38135156979963,,False,
student_mat,S0_EARLY_NO_GRADE,logistic_regression,2,1,COMPLETE,"{""C"": 0.1, ""class_weight"": ""balanced""}","[0.4153846153846154, 0.38850330955594115, 0.3775814349584841]",0.3938231199663469,,False,
student_mat,S0_EARLY_NO_GRADE,logistic_regression,2,2,COMPLETE,"{""C"": 1.0, ""class_weight"": null}","[0.40717707757508753, 0.41262333435052384, 0.3267175572519084]",0.3821726563925066,,False,
student_mat,S0_EARLY_NO_GRADE,logistic_regression,2,3,COMPLETE,"{""C"": 1.0, ""class_weight"": ""balanced""}","[0.3481837606837607, 0.40732323232323236, 0.3597065086328535]",0.3717378338799488,,False,
student_mat,S0_EARLY_NO_GRADE,logistic_regression,2,4,COMPLETE,"{""C"": 10.0, ""class_weight"": null}","[0.3938365846762794, 0.42144998929106875, 0.3561604010025063]",0.3904823249899514,,False,
student_mat,S0_EARLY_NO_GRADE,logistic_regression,2,5,COMPLETE,"{""C"": 10.0, ""class_weight"": ""balanced""}","[0.3474520537530174, 0.409530783281616, 0.36961669438504785]",0.3755331771398937,,False,
student_mat,S0_EARLY_NO_GRADE,random_forest,2,0,COMPLETE,"{""class_weight"": null, ""max_depth"": null, ""min_samples_leaf"": 1, ""n_estimators"": 300}","[0.3969931895878758, 0.4034238243584038, 0.35878746497105224]",0.3864014929724439,,False,
student_mat,S0_EARLY_NO_GRADE,random_forest,2,1,COMPLETE,"{""class_weight"": ""balanced"", ""max_depth"": null, ""min_samples_leaf"": 1, ""n_estimators"": 300}","[0.4298977549880578, 0.4112221344925748, 0.33462033462033464]",0.3919134080336557,,False,
student_mat,S0_EARLY_NO_GRADE,random_forest,2,2,COMPLETE,"{""class_weight"": null, ""max_depth"": null, ""min_samples_leaf"": 3, ""n_estimators"": 300}","[0.4109174451279714, 0.3483454398708636, 0.2856041270703231]",0.3482890040230527,,False,
student_mat,S0_EARLY_NO_GRADE,random_forest,2,3,COMPLETE,"{""class_weight"": ""balanced"", ""max_depth"": null, ""min_samples_leaf"": 3, ""n_estimators"": 300}","[0.41047530123160375, 0.4151069595802341, 0.3272005772005772]",0.3842609460041383,,False,
student_mat,S0_EARLY_NO_GRADE,random_forest,2,4,COMPLETE,"{""class_weight"": null, ""max_depth"": 8, ""min_samples_leaf"": 1, ""n_estimators"": 300}","[0.3764880952380952, 0.40364115462929684, 0.3404336329984136]",0.3735209609552685,,False,
student_mat,S0_EARLY_NO_GRADE,random_forest,2,5,COMPLETE,"{""class_weight"": ""balanced"", ""max_depth"": 8, ""min_samples_leaf"": 1, ""n_estimators"": 300}","[0.39333633929059414, 0.44161808867691227, 0.29484523565612647]",0.3765998878745443,,False,
student_mat,S0_EARLY_NO_GRADE,random_forest,2,6,COMPLETE,"{""class_weight"": null, ""max_depth"": 8, ""min_samples_leaf"": 3, ""n_estimators"": 300}","[0.3993558776167472, 0.36951735006480496, 0.3005050505050505]",0.3564594260622009,,False,
student_mat,S0_EARLY_NO_GRADE,random_forest,2,7,COMPLETE,"{""class_weight"": ""balanced"", ""max_depth"": 8, ""min_samples_leaf"": 3, ""n_estimators"": 300}","[0.4257936507936508, 0.43165204678362573, 0.3421732329295355]",0.399872976835604,,False,
student_mat,S0_EARLY_NO_GRADE,xgboost,2,0,COMPLETE,"{""colsample_bytree"": 0.9, ""learning_rate"": 0.03, ""max_depth"": 2, ""min_child_weight"": 1, ""n_estimators"": 300, ""subsample"": 0.9}","[0.45361037430002954, 0.3694017094017094, 0.3208105931203044]",0.3812742256073478,,False,
student_mat,S0_EARLY_NO_GRADE,xgboost,2,1,COMPLETE,"{""colsample_bytree"": 0.9, ""learning_rate"": 0.03, ""max_depth"": 2, ""min_child_weight"": 5, ""n_estimators"": 300, ""subsample"": 0.9}","[0.3887711703501177, 0.33741965105601474, 0.32177520575638824]",0.3493220090541735,,False,
student_mat,S0_EARLY_NO_GRADE,xgboost,2,2,COMPLETE,"{""colsample_bytree"": 0.9, ""learning_rate"": 0.08, ""max_depth"": 2, ""min_child_weight"": 1, ""n_estimators"": 300, ""subsample"": 0.9}","[0.4145932533029307, 0.4715088849337514, 0.2996842363716304]",0.3952621248694374,,False,
student_mat,S0_EARLY_NO_GRADE,xgboost,2,3,COMPLETE,"{""colsample_bytree"": 0.9, ""learning_rate"": 0.08, ""max_depth"": 2, ""min_child_weight"": 5, ""n_estimators"": 300, ""subsample"": 0.9}","[0.40768703989042976, 0.4000922494028498, 0.306027531179661]",0.3712689401576468,,False,
student_mat,S0_EARLY_NO_GRADE,xgboost,2,4,COMPLETE,"{""colsample_bytree"": 0.9, ""learning_rate"": 0.03, ""max_depth"": 4, ""min_child_weight"": 1, ""n_estimators"": 300, ""subsample"": 0.9}","[0.45714285714285713, 0.45905009101915323, 0.28803666344862794]",0.4014098705368794,,False,
student_mat,S0_EARLY_NO_GRADE,xgboost,2,5,COMPLETE,"{""colsample_bytree"": 0.9, ""learning_rate"": 0.03, ""max_depth"": 4, ""min_child_weight"": 5, ""n_estimators"": 300, ""subsample"": 0.9}","[0.4096687348452432, 0.4084249084249085, 0.31752178405322423]",0.3785384757744586,,False,
student_mat,S0_EARLY_NO_GRADE,xgboost,2,6,COMPLETE,"{""colsample_bytree"": 0.9, ""learning_rate"": 0.08, ""max_depth"": 4, ""min_child_weight"": 1, ""n_estimators"": 300, ""subsample"": 0.9}","[0.4011304909560724, 0.47269726972697274, 0.3237562860280358]",0.399194682237027,,False,
student_mat,S0_EARLY_NO_GRADE,xgboost,2,7,COMPLETE,"{""colsample_bytree"": 0.9, ""learning_rate"": 0.08, ""max_depth"": 4, ""min_child_weight"": 5, ""n_estimators"": 300, ""subsample"": 0.9}","[0.39986536786251686, 0.4521217378732018, 0.2937458169108351]",0.3819109742155179,,False,
student_mat,S0_EARLY_NO_GRADE,mlp,2,0,COMPLETE,"{""alpha"": 0.0001, ""hidden_layer_sizes"": [64], ""learning_rate_init"": 0.001}","[0.41879898119122255, 0.4186302681992337, 0.34161350165150894]",0.3930142503473217,,False,
student_mat,S0_EARLY_NO_GRADE,mlp,2,1,COMPLETE,"{""alpha"": 0.001, ""hidden_layer_sizes"": [64], ""learning_rate_init"": 0.001}","[0.41879898119122255, 0.4186302681992337, 0.33834654999544256]",0.3919252664619663,,False,
student_mat,S0_EARLY_NO_GRADE,mlp,2,2,COMPLETE,"{""alpha"": 0.01, ""hidden_layer_sizes"": [64], ""learning_rate_init"": 0.001}","[0.41879898119122255, 0.4186302681992337, 0.33834654999544256]",0.3919252664619663,,False,
student_mat,S0_EARLY_NO_GRADE,mlp,2,3,COMPLETE,"{""alpha"": 0.0001, ""hidden_layer_sizes"": [64, 32], ""learning_rate_init"": 0.001}","[0.33663168415792105, 0.254320987654321, 0.38858793788371254]",0.3265135365653182,,False,
student_mat,S0_EARLY_NO_GRADE,mlp,2,4,COMPLETE,"{""alpha"": 0.001, ""hidden_layer_sizes"": [64, 32], ""learning_rate_init"": 0.001}","[0.33663168415792105, 0.254320987654321, 0.38858793788371254]",0.3265135365653182,,False,
student_mat,S0_EARLY_NO_GRADE,mlp,2,5,COMPLETE,"{""alpha"": 0.01, ""hidden_layer_sizes"": [64, 32], ""learning_rate_init"": 0.001}","[0.33663168415792105, 0.254320987654321, 0.38858793788371254]",0.3265135365653182,,False,
student_mat,S0_EARLY_NO_GRADE,mlp,2,6,COMPLETE,"{""alpha"": 0.0001, ""hidden_layer_sizes"": [128, 64], ""learning_rate_init"": 0.001}","[0.3511244377811094, 0.3509724106739032, 0.2944778798437335]",0.332191576099582,,False,
student_mat,S0_EARLY_NO_GRADE,mlp,2,7,COMPLETE,"{""alpha"": 0.001, ""hidden_layer_sizes"": [128, 64], ""learning_rate_init"": 0.001}","[0.3511244377811094, 0.3509724106739032, 0.2944778798437335]",0.332191576099582,,False,
student_mat,S0_EARLY_NO_GRADE,mlp,2,8,COMPLETE,"{""alpha"": 0.01, ""hidden_layer_sizes"": [128, 64], ""learning_rate_init"": 0.001}","[0.3511244377811094, 0.3509724106739032, 0.2944778798437335]",0.332191576099582,,False,
student_mat,S0_EARLY_NO_GRADE,logistic_regression,3,0,COMPLETE,"{""C"": 0.1, ""class_weight"": null}","[0.365546218487395, 0.40024839452320365, 0.4209199451947543]",0.3955715194017843,,False,
student_mat,S0_EARLY_NO_GRADE,logistic_regression,3,1,COMPLETE,"{""C"": 0.1, ""class_weight"": ""balanced""}","[0.4276694422061062, 0.46800976800976796, 0.36937401223115507]",0.4216844074823431,,False,
student_mat,S0_EARLY_NO_GRADE,logistic_regression,3,2,COMPLETE,"{""C"": 1.0, ""class_weight"": null}","[0.44765401876784977, 0.4175410842778379, 0.4380341880341881]",0.4344097636932919,,False,
student_mat,S0_EARLY_NO_GRADE,logistic_regression,3,3,COMPLETE,"{""C"": 1.0, ""class_weight"": ""balanced""}","[0.4089766317485899, 0.4631060453845264, 0.39113270848745213]",0.4210717952068561,,False,
student_mat,S0_EARLY_NO_GRADE,logistic_regression,3,4,COMPLETE,"{""C"": 10.0, ""class_weight"": null}","[0.42756670149773596, 0.4341540668520141, 0.4649428449171709]",0.442221204422307,,False,
student_mat,S0_EARLY_NO_GRADE,logistic_regression,3,5,COMPLETE,"{""C"": 10.0, ""class_weight"": ""balanced""}","[0.42755233494363926, 0.4545465590241709, 0.39727569514803557]",0.4264581963719485,,False,
student_mat,S0_EARLY_NO_GRADE,random_forest,3,0,COMPLETE,"{""class_weight"": null, ""max_depth"": null, ""min_samples_leaf"": 1, ""n_estimators"": 300}","[0.3675585746481269, 0.35307200444815123, 0.4329014871095526]",0.3845106887352769,,False,
student_mat,S0_EARLY_NO_GRADE,random_forest,3,1,COMPLETE,"{""class_weight"": ""balanced"", ""max_depth"": null, ""min_samples_leaf"": 1, ""n_estimators"": 300}","[0.3678829543451436, 0.3479705778092875, 0.42261772339636633]",0.3794904185169325,,False,
student_mat,S0_EARLY_NO_GRADE,random_forest,3,2,COMPLETE,"{""class_weight"": null, ""max_depth"": null, ""min_samples_leaf"": 3, ""n_estimators"": 300}","[0.3851197982345524, 0.39595141700404857, 0.3712274538256895]",0.3840995563547635,,False,
student_mat,S0_EARLY_NO_GRADE,random_forest,3,3,COMPLETE,"{""class_weight"": ""balanced"", ""max_depth"": null, ""min_samples_leaf"": 3, ""n_estimators"": 300}","[0.42875376398716214, 0.4404369784804567, 0.42944337661318793]",0.4328780396936023,,False,
student_mat,S0_EARLY_NO_GRADE,random_forest,3,4,COMPLETE,"{""class_weight"": null, ""max_depth"": 8, ""min_samples_leaf"": 1, ""n_estimators"": 300}","[0.3808670421573648, 0.3937494062885913, 0.41467002942412784]",0.3964288259566946,,False,
student_mat,S0_EARLY_NO_GRADE,random_forest,3,5,COMPLETE,"{""class_weight"": ""balanced"", ""max_depth"": 8, ""min_samples_leaf"": 1, ""n_estimators"": 300}","[0.43291766680327065, 0.4050613663516889, 0.42984224200324683]",0.4226070917194021,,False,
student_mat,S0_EARLY_NO_GRADE,random_forest,3,6,COMPLETE,"{""class_weight"": null, ""max_depth"": 8, ""min_samples_leaf"": 3, ""n_estimators"": 300}","[0.3566468253968254, 0.3942681130306682, 0.39404922562817307]",0.3816547213518889,,False,
student_mat,S0_EARLY_NO_GRADE,random_forest,3,7,COMPLETE,"{""class_weight"": ""balanced"", ""max_depth"": 8, ""min_samples_leaf"": 3, ""n_estimators"": 300}","[0.4060428125308451, 0.4324646788938602, 0.4048458485958486]",0.4144511133401846,,False,
student_mat,S0_EARLY_NO_GRADE,xgboost,3,0,COMPLETE,"{""colsample_bytree"": 0.9, ""learning_rate"": 0.03, ""max_depth"": 2, ""min_child_weight"": 1, ""n_estimators"": 300, ""subsample"": 0.9}","[0.44794125360608444, 0.40562789086537476, 0.4346644248283593]",0.4294111897666062,,False,
student_mat,S0_EARLY_NO_GRADE,xgboost,3,1,COMPLETE,"{""colsample_bytree"": 0.9, ""learning_rate"": 0.03, ""max_depth"": 2, ""min_child_weight"": 5, ""n_estimators"": 300, ""subsample"": 0.9}","[0.4227383512544803, 0.4121210300772959, 0.4409556739245553]",0.4252716850854438,,False,
student_mat,S0_EARLY_NO_GRADE,xgboost,3,2,COMPLETE,"{""colsample_bytree"": 0.9, ""learning_rate"": 0.08, ""max_depth"": 2, ""min_child_weight"": 1, ""n_estimators"": 300, ""subsample"": 0.9}","[0.393603344113949, 0.46635763449922746, 0.4249543475207192]",0.4283051087112985,,False,
student_mat,S0_EARLY_NO_GRADE,xgboost,3,3,COMPLETE,"{""colsample_bytree"": 0.9, ""learning_rate"": 0.08, ""max_depth"": 2, ""min_child_weight"": 5, ""n_estimators"": 300, ""subsample"": 0.9}","[0.39936826458565594, 0.4289011582049898, 0.4050229741019214]",0.4110974656308557,,False,
student_mat,S0_EARLY_NO_GRADE,xgboost,3,4,COMPLETE,"{""colsample_bytree"": 0.9, ""learning_rate"": 0.03, ""max_depth"": 4, ""min_child_weight"": 1, ""n_estimators"": 300, ""subsample"": 0.9}","[0.4076303728477642, 0.42331407037289387, 0.47009222661396577]",0.4336788899448746,,False,
student_mat,S0_EARLY_NO_GRADE,xgboost,3,5,COMPLETE,"{""colsample_bytree"": 0.9, ""learning_rate"": 0.03, ""max_depth"": 4, ""min_child_weight"": 5, ""n_estimators"": 300, ""subsample"": 0.9}","[0.3532695374800638, 0.4547444182043097, 0.4360261005422296]",0.414680018742201,,False,
student_mat,S0_EARLY_NO_GRADE,xgboost,3,6,COMPLETE,"{""colsample_bytree"": 0.9, ""learning_rate"": 0.08, ""max_depth"": 4, ""min_child_weight"": 1, ""n_estimators"": 300, ""subsample"": 0.9}","[0.4173454975760584, 0.3918801918801919, 0.4250785559196774]",0.4114347484586425,,False,
student_mat,S0_EARLY_NO_GRADE,xgboost,3,7,COMPLETE,"{""colsample_bytree"": 0.9, ""learning_rate"": 0.08, ""max_depth"": 4, ""min_child_weight"": 5, ""n_estimators"": 300, ""subsample"": 0.9}","[0.3771950830140485, 0.37498514557338086, 0.417446531962661]",0.3898755868500301,,False,
student_mat,S0_EARLY_NO_GRADE,mlp,3,0,COMPLETE,"{""alpha"": 0.0001, ""hidden_layer_sizes"": [64], ""learning_rate_init"": 0.001}","[0.32352066607195956, 0.4052669552669553, 0.38936562420544113]",0.3727177485147853,,False,
student_mat,S0_EARLY_NO_GRADE,mlp,3,1,COMPLETE,"{""alpha"": 0.001, ""hidden_layer_sizes"": [64], ""learning_rate_init"": 0.001}","[0.32352066607195956, 0.4052669552669553, 0.38936562420544113]",0.3727177485147853,,False,
student_mat,S0_EARLY_NO_GRADE,mlp,3,2,COMPLETE,"{""alpha"": 0.01, ""hidden_layer_sizes"": [64], ""learning_rate_init"": 0.001}","[0.32352066607195956, 0.39912057497433145, 0.38936562420544113]",0.3706689550839107,,False,
student_mat,S0_EARLY_NO_GRADE,mlp,3,3,COMPLETE,"{""alpha"": 0.0001, ""hidden_layer_sizes"": [64, 32], ""learning_rate_init"": 0.001}","[0.3730542136339237, 0.40476423719958204, 0.46041090146750524]",0.4127431174336703,,False,
student_mat,S0_EARLY_NO_GRADE,mlp,3,4,COMPLETE,"{""alpha"": 0.001, ""hidden_layer_sizes"": [64, 32], ""learning_rate_init"": 0.001}","[0.3793493507081127, 0.40476423719958204, 0.44786765922249794]",0.4106604157100642,,False,
student_mat,S0_EARLY_NO_GRADE,mlp,3,5,COMPLETE,"{""alpha"": 0.01, ""hidden_layer_sizes"": [64, 32], ""learning_rate_init"": 0.001}","[0.3793493507081127, 0.40476423719958204, 0.44786765922249794]",0.4106604157100642,,False,
student_mat,S0_EARLY_NO_GRADE,mlp,3,6,COMPLETE,"{""alpha"": 0.0001, ""hidden_layer_sizes"": [128, 64], ""learning_rate_init"": 0.001}","[0.40995689055764145, 0.39987880075710175, 0.4002433090024331]",0.4033596667723921,,False,
student_mat,S0_EARLY_NO_GRADE,mlp,3,7,COMPLETE,"{""alpha"": 0.001, ""hidden_layer_sizes"": [128, 64], ""learning_rate_init"": 0.001}","[0.40995689055764145, 0.4052693032015066, 0.4002433090024331]",0.4051565009205271,,False,
student_mat,S0_EARLY_NO_GRADE,mlp,3,8,COMPLETE,"{""alpha"": 0.01, ""hidden_layer_sizes"": [128, 64], ""learning_rate_init"": 0.001}","[0.40995689055764145, 0.4052436591621545, 0.4002433090024331]",0.4051479529074096,,False,
student_mat,S0_EARLY_NO_GRADE,logistic_regression,4,0,COMPLETE,"{""C"": 0.1, ""class_weight"": null}","[0.3465544871794872, 0.3561087570621469, 0.3859554597701149]",0.3628729013372496,,False,
student_mat,S0_EARLY_NO_GRADE,logistic_regression,4,1,COMPLETE,"{""C"": 0.1, ""class_weight"": ""balanced""}","[0.3497633325245429, 0.41560682243912056, 0.4488664735843404]",0.4047455428493346,,False,
student_mat,S0_EARLY_NO_GRADE,logistic_regression,4,2,COMPLETE,"{""C"": 1.0, ""class_weight"": null}","[0.3263785394932936, 0.3548387096774193, 0.45670498084291183]",0.3793074100045415,,False,
student_mat,S0_EARLY_NO_GRADE,logistic_regression,4,3,COMPLETE,"{""C"": 1.0, ""class_weight"": ""balanced""}","[0.39312169312169304, 0.42294970161977835, 0.4299568987771809]",0.4153427645062175,,False,
student_mat,S0_EARLY_NO_GRADE,logistic_regression,4,4,COMPLETE,"{""C"": 10.0, ""class_weight"": null}","[0.35081219720718154, 0.3548387096774193, 0.46627740383315763]",0.3906427702392528,,False,
student_mat,S0_EARLY_NO_GRADE,logistic_regression,4,5,COMPLETE,"{""C"": 10.0, ""class_weight"": ""balanced""}","[0.38595928022302944, 0.42294970161977835, 0.43086146684592813]",0.4132568162295786,,False,
student_mat,S0_EARLY_NO_GRADE,random_forest,4,0,COMPLETE,"{""class_weight"": null, ""max_depth"": null, ""min_samples_leaf"": 1, ""n_estimators"": 300}","[0.38150817064585985, 0.31310978890887564, 0.3774174518901165]",0.357345137148284,,False,
student_mat,S0_EARLY_NO_GRADE,random_forest,4,1,COMPLETE,"{""class_weight"": ""balanced"", ""max_depth"": null, ""min_samples_leaf"": 1, ""n_estimators"": 300}","[0.40501526860276704, 0.30962962962962964, 0.35954148649751166]",0.3580621282433028,,False,
student_mat,S0_EARLY_NO_GRADE,random_forest,4,2,COMPLETE,"{""class_weight"": null, ""max_depth"": null, ""min_samples_leaf"": 3, ""n_estimators"": 300}","[0.34542483660130713, 0.3548387096774193, 0.3426554439315775]",0.3476396634034346,,False,
student_mat,S0_EARLY_NO_GRADE,random_forest,4,3,COMPLETE,"{""class_weight"": ""balanced"", ""max_depth"": null, ""min_samples_leaf"": 3, ""n_estimators"": 300}","[0.40621017053062936, 0.404639632111258, 0.37632631647976916]",0.3957253730405521,,False,
student_mat,S0_EARLY_NO_GRADE,random_forest,4,4,COMPLETE,"{""class_weight"": null, ""max_depth"": 8, ""min_samples_leaf"": 1, ""n_estimators"": 300}","[0.37318720705817476, 0.3081950729009552, 0.37816091954022985]",0.3531810664997866,,False,
student_mat,S0_EARLY_NO_GRADE,random_forest,4,5,COMPLETE,"{""class_weight"": ""balanced"", ""max_depth"": 8, ""min_samples_leaf"": 1, ""n_estimators"": 300}","[0.37956201079942414, 0.3463923829489867, 0.32090455840455845]",0.3489529840509897,,False,
student_mat,S0_EARLY_NO_GRADE,random_forest,4,6,COMPLETE,"{""class_weight"": null, ""max_depth"": 8, ""min_samples_leaf"": 3, ""n_estimators"": 300}","[0.3419753086419753, 0.3548387096774193, 0.3521728917077754]",0.34966230334239,,False,
student_mat,S0_EARLY_NO_GRADE,random_forest,4,7,COMPLETE,"{""class_weight"": ""balanced"", ""max_depth"": 8, ""min_samples_leaf"": 3, ""n_estimators"": 300}","[0.39011361592006755, 0.41467209784041464, 0.40517741129435286]",0.403321041684945,,False,
student_mat,S0_EARLY_NO_GRADE,xgboost,4,0,COMPLETE,"{""colsample_bytree"": 0.9, ""learning_rate"": 0.03, ""max_depth"": 2, ""min_child_weight"": 1, ""n_estimators"": 300, ""subsample"": 0.9}","[0.3960034545400399, 0.35002515395958017, 0.4044989422493275]",0.3835091835829825,,False,
student_mat,S0_EARLY_NO_GRADE,xgboost,4,1,COMPLETE,"{""colsample_bytree"": 0.9, ""learning_rate"": 0.03, ""max_depth"": 2, ""min_child_weight"": 5, ""n_estimators"": 300, ""subsample"": 0.9}","[0.3895630780876682, 0.3324299909665763, 0.3932712215320911]",0.3717547635287785,,False,
student_mat,S0_EARLY_NO_GRADE,xgboost,4,2,COMPLETE,"{""colsample_bytree"": 0.9, ""learning_rate"": 0.08, ""max_depth"": 2, ""min_child_weight"": 1, ""n_estimators"": 300, ""subsample"": 0.9}","[0.372960372960373, 0.34790937864401134, 0.40675990675990675]",0.375876552788097,,False,
student_mat,S0_EARLY_NO_GRADE,xgboost,4,3,COMPLETE,"{""colsample_bytree"": 0.9, ""learning_rate"": 0.08, ""max_depth"": 2, ""min_child_weight"": 5, ""n_estimators"": 300, ""subsample"": 0.9}","[0.36923286923286924, 0.3566078951474489, 0.40301002822876214]",0.3762835975363601,,False,
student_mat,S0_EARLY_NO_GRADE,xgboost,4,4,COMPLETE,"{""colsample_bytree"": 0.9, ""learning_rate"": 0.03, ""max_depth"": 4, ""min_child_weight"": 1, ""n_estimators"": 300, ""subsample"": 0.9}","[0.37264750116862794, 0.34110217618463495, 0.4062148188574879]",0.3733214987369169,,False,
student_mat,S0_EARLY_NO_GRADE,xgboost,4,5,COMPLETE,"{""colsample_bytree"": 0.9, ""learning_rate"": 0.03, ""max_depth"": 4, ""min_child_weight"": 5, ""n_estimators"": 300, ""subsample"": 0.9}","[0.3653827275310651, 0.33824606765783233, 0.42583574723261025]",0.3764881808071692,,False,
student_mat,S0_EARLY_NO_GRADE,xgboost,4,6,COMPLETE,"{""colsample_bytree"": 0.9, ""learning_rate"": 0.08, ""max_depth"": 4, ""min_child_weight"": 1, ""n_estimators"": 300, ""subsample"": 0.9}","[0.44680841236961033, 0.37988679924163793, 0.4122341426689253]",0.4129764514267245,,False,
student_mat,S0_EARLY_NO_GRADE,xgboost,4,7,COMPLETE,"{""colsample_bytree"": 0.9, ""learning_rate"": 0.08, ""max_depth"": 4, ""min_child_weight"": 5, ""n_estimators"": 300, ""subsample"": 0.9}","[0.39505239505239503, 0.3594035594035594, 0.3848232848232849]",0.3797597464264131,,False,
student_mat,S0_EARLY_NO_GRADE,mlp,4,0,COMPLETE,"{""alpha"": 0.0001, ""hidden_layer_sizes"": [64], ""learning_rate_init"": 0.001}","[0.3260019550342131, 0.24256598730370862, 0.21003197442046365]",0.2595333055861284,,False,
student_mat,S0_EARLY_NO_GRADE,mlp,4,1,COMPLETE,"{""alpha"": 0.001, ""hidden_layer_sizes"": [64], ""learning_rate_init"": 0.001}","[0.3260019550342131, 0.24256598730370862, 0.21003197442046365]",0.2595333055861284,,False,
student_mat,S0_EARLY_NO_GRADE,mlp,4,2,COMPLETE,"{""alpha"": 0.01, ""hidden_layer_sizes"": [64], ""learning_rate_init"": 0.001}","[0.3260019550342131, 0.24256598730370862, 0.21003197442046365]",0.2595333055861284,,False,
student_mat,S0_EARLY_NO_GRADE,mlp,4,3,COMPLETE,"{""alpha"": 0.0001, ""hidden_layer_sizes"": [64, 32], ""learning_rate_init"": 0.001}","[0.359375, 0.26304945054945056, 0.35833747309157143]",0.326920641213674,,False,
student_mat,S0_EARLY_NO_GRADE,mlp,4,4,COMPLETE,"{""alpha"": 0.001, ""hidden_layer_sizes"": [64, 32], ""learning_rate_init"": 0.001}","[0.3525114155251141, 0.26304945054945056, 0.35833747309157143]",0.3246327797220453,,False,
student_mat,S0_EARLY_NO_GRADE,mlp,4,5,COMPLETE,"{""alpha"": 0.01, ""hidden_layer_sizes"": [64, 32], ""learning_rate_init"": 0.001}","[0.3525114155251141, 0.26304945054945056, 0.35833747309157143]",0.3246327797220453,,False,
student_mat,S0_EARLY_NO_GRADE,mlp,4,6,COMPLETE,"{""alpha"": 0.0001, ""hidden_layer_sizes"": [128, 64], ""learning_rate_init"": 0.001}","[0.38725601883496613, 0.3474747474747475, 0.39068250640577684]",0.3751377575718301,,False,
student_mat,S0_EARLY_NO_GRADE,mlp,4,7,COMPLETE,"{""alpha"": 0.001, ""hidden_layer_sizes"": [128, 64], ""learning_rate_init"": 0.001}","[0.38725601883496613, 0.36887089518668464, 0.39068250640577684]",0.3822698068091426,,False,
student_mat,S0_EARLY_NO_GRADE,mlp,4,8,COMPLETE,"{""alpha"": 0.01, ""hidden_layer_sizes"": [128, 64], ""learning_rate_init"": 0.001}","[0.38725601883496613, 0.3474747474747475, 0.39068250640577684]",0.3751377575718301,,False,
student_mat,S1_MID_G1_ONLY,logistic_regression,0,0,COMPLETE,"{""C"": 0.1, ""class_weight"": null}","[0.7337858220211162, 0.7646721280749258, 0.7682072829131652]",0.7555550776697357,,False,
student_mat,S1_MID_G1_ONLY,logistic_regression,0,1,COMPLETE,"{""C"": 0.1, ""class_weight"": ""balanced""}","[0.745749744573086, 0.6604761904761905, 0.7163326169174122]",0.7075195173222296,,False,
student_mat,S1_MID_G1_ONLY,logistic_regression,0,2,COMPLETE,"{""C"": 1.0, ""class_weight"": null}","[0.7701487540058354, 0.7278887090004197, 0.7866213151927438]",0.761552926066333,,False,
student_mat,S1_MID_G1_ONLY,logistic_regression,0,3,COMPLETE,"{""C"": 1.0, ""class_weight"": ""balanced""}","[0.7414499605988967, 0.6707274024374289, 0.7261565594898928]",0.7127779741754061,,False,
student_mat,S1_MID_G1_ONLY,logistic_regression,0,4,COMPLETE,"{""C"": 10.0, ""class_weight"": null}","[0.7409560570227822, 0.7092115181667421, 0.7742223674233256]",0.7414633142042834,,False,
student_mat,S1_MID_G1_ONLY,logistic_regression,0,5,COMPLETE,"{""C"": 10.0, ""class_weight"": ""balanced""}","[0.7704332582381362, 0.6723544626457248, 0.7261565594898928]",0.7229814267912512,,False,
student_mat,S1_MID_G1_ONLY,random_forest,0,0,COMPLETE,"{""class_weight"": null, ""max_depth"": null, ""min_samples_leaf"": 1, ""n_estimators"": 300}","[0.7338383838383837, 0.7333284474492632, 0.7584265010351966]",0.7418644441076144,,False,
student_mat,S1_MID_G1_ONLY,random_forest,0,1,COMPLETE,"{""class_weight"": ""balanced"", ""max_depth"": null, ""min_samples_leaf"": 1, ""n_estimators"": 300}","[0.752588191727447, 0.7319736720126078, 0.7376417233560092]",0.7407345290320214,,False,
student_mat,S1_MID_G1_ONLY,random_forest,0,2,COMPLETE,"{""class_weight"": null, ""max_depth"": null, ""min_samples_leaf"": 3, ""n_estimators"": 300}","[0.7353735869864902, 0.7333284474492632, 0.7565671808629556]",0.7417564050995696,,False,
student_mat,S1_MID_G1_ONLY,random_forest,0,3,COMPLETE,"{""class_weight"": ""balanced"", ""max_depth"": null, ""min_samples_leaf"": 3, ""n_estimators"": 300}","[0.7282883892578486, 0.6820919820919821, 0.8020400481782595]",0.7374734731760301,,False,
student_mat,S1_MID_G1_ONLY,random_forest,0,4,COMPLETE,"{""class_weight"": null, ""max_depth"": 8, ""min_samples_leaf"": 1, ""n_estimators"": 300}","[0.7439015456743096, 0.7405032188313921, 0.7461965377603536]",0.7435337674220185,,False,
student_mat,S1_MID_G1_ONLY,random_forest,0,5,COMPLETE,"{""class_weight"": ""balanced"", ""max_depth"": 8, ""min_samples_leaf"": 1, ""n_estimators"": 300}","[0.7710674823350879, 0.747721022218102, 0.7893957058194889]",0.769394736790893,,False,
student_mat,S1_MID_G1_ONLY,random_forest,0,6,COMPLETE,"{""class_weight"": null, ""max_depth"": 8, ""min_samples_leaf"": 3, ""n_estimators"": 300}","[0.7134111028377595, 0.7333284474492632, 0.7479626902307315]",0.731567413505918,,False,
student_mat,S1_MID_G1_ONLY,random_forest,0,7,COMPLETE,"{""class_weight"": ""balanced"", ""max_depth"": 8, ""min_samples_leaf"": 3, ""n_estimators"": 300}","[0.7282883892578486, 0.6666666666666666, 0.8020400481782595]",0.7323317013675915,,False,
student_mat,S1_MID_G1_ONLY,xgboost,0,0,COMPLETE,"{""colsample_bytree"": 0.9, ""learning_rate"": 0.03, ""max_depth"": 2, ""min_child_weight"": 1, ""n_estimators"": 300, ""subsample"": 0.9}","[0.7273832550428295, 0.7259095378564404, 0.7546296296296297]",0.7359741408429666,,False,
student_mat,S1_MID_G1_ONLY,xgboost,0,1,COMPLETE,"{""colsample_bytree"": 0.9, ""learning_rate"": 0.03, ""max_depth"": 2, ""min_child_weight"": 5, ""n_estimators"": 300, ""subsample"": 0.9}","[0.7273832550428295, 0.6958556149732621, 0.779440634272095]",0.7342265014293955,,False,
student_mat,S1_MID_G1_ONLY,xgboost,0,2,COMPLETE,"{""colsample_bytree"": 0.9, ""learning_rate"": 0.08, ""max_depth"": 2, ""min_child_weight"": 1, ""n_estimators"": 300, ""subsample"": 0.9}","[0.7414084507042253, 0.7561272909320449, 0.762459061355533]",0.7533316009972677,,False,
student_mat,S1_MID_G1_ONLY,xgboost,0,3,COMPLETE,"{""colsample_bytree"": 0.9, ""learning_rate"": 0.08, ""max_depth"": 2, ""min_child_weight"": 5, ""n_estimators"": 300, ""subsample"": 0.9}","[0.7338383838383837, 0.7194632896125434, 0.7770977033649844]",0.7434664589386372,,False,
student_mat,S1_MID_G1_ONLY,xgboost,0,4,COMPLETE,"{""colsample_bytree"": 0.9, ""learning_rate"": 0.03, ""max_depth"": 4, ""min_child_weight"": 1, ""n_estimators"": 300, ""subsample"": 0.9}","[0.7554726368159205, 0.7561272909320449, 0.753968253968254]",0.7551893939054065,,False,
student_mat,S1_MID_G1_ONLY,xgboost,0,5,COMPLETE,"{""colsample_bytree"": 0.9, ""learning_rate"": 0.03, ""max_depth"": 4, ""min_child_weight"": 5, ""n_estimators"": 300, ""subsample"": 0.9}","[0.734577876845918, 0.6932006633499171, 0.7713826870348609]",0.733053742410232,,False,
student_mat,S1_MID_G1_ONLY,xgboost,0,6,COMPLETE,"{""colsample_bytree"": 0.9, ""learning_rate"": 0.08, ""max_depth"": 4, ""min_child_weight"": 1, ""n_estimators"": 300, ""subsample"": 0.9}","[0.711760124610592, 0.7039124590930341, 0.7337962962962963]",0.7164896266666408,,False,
student_mat,S1_MID_G1_ONLY,xgboost,0,7,COMPLETE,"{""colsample_bytree"": 0.9, ""learning_rate"": 0.08, ""max_depth"": 4, ""min_child_weight"": 5, ""n_estimators"": 300, ""subsample"": 0.9}","[0.7018518518518517, 0.7259095378564404, 0.7813283208020051]",0.7363632368367657,,False,
student_mat,S1_MID_G1_ONLY,mlp,0,0,COMPLETE,"{""alpha"": 0.0001, ""hidden_layer_sizes"": [64], ""learning_rate_init"": 0.001}","[0.7125045837917124, 0.7046232481002678, 0.6398024510700567]",0.6856434276540123,,False,
student_mat,S1_MID_G1_ONLY,mlp,0,1,COMPLETE,"{""alpha"": 0.001, ""hidden_layer_sizes"": [64], ""learning_rate_init"": 0.001}","[0.7125045837917124, 0.7046232481002678, 0.6398024510700567]",0.6856434276540123,,False,
student_mat,S1_MID_G1_ONLY,mlp,0,2,COMPLETE,"{""alpha"": 0.01, ""hidden_layer_sizes"": [64], ""learning_rate_init"": 0.001}","[0.7125045837917124, 0.7046232481002678, 0.6398024510700567]",0.6856434276540123,,False,
student_mat,S1_MID_G1_ONLY,mlp,0,3,COMPLETE,"{""alpha"": 0.0001, ""hidden_layer_sizes"": [64, 32], ""learning_rate_init"": 0.001}","[0.775222746331237, 0.5922294843863471, 0.7666257780766589]",0.7113593362647478,,False,
student_mat,S1_MID_G1_ONLY,mlp,0,4,COMPLETE,"{""alpha"": 0.001, ""hidden_layer_sizes"": [64, 32], ""learning_rate_init"": 0.001}","[0.7919287211740041, 0.5922294843863471, 0.7752305893918553]",0.7197962649840689,,False,
student_mat,S1_MID_G1_ONLY,mlp,0,5,COMPLETE,"{""alpha"": 0.01, ""hidden_layer_sizes"": [64, 32], ""learning_rate_init"": 0.001}","[0.7842490842490842, 0.5922294843863471, 0.7752305893918553]",0.7172363860090956,,False,
student_mat,S1_MID_G1_ONLY,mlp,0,6,COMPLETE,"{""alpha"": 0.0001, ""hidden_layer_sizes"": [128, 64], ""learning_rate_init"": 0.001}","[0.7712975526408362, 0.7469169658290121, 0.7582423861493629]",0.7588189682064037,,False,
student_mat,S1_MID_G1_ONLY,mlp,0,7,COMPLETE,"{""alpha"": 0.001, ""hidden_layer_sizes"": [128, 64], ""learning_rate_init"": 0.001}","[0.7712975526408362, 0.7469169658290121, 0.7582423861493629]",0.7588189682064037,,False,
student_mat,S1_MID_G1_ONLY,mlp,0,8,COMPLETE,"{""alpha"": 0.01, ""hidden_layer_sizes"": [128, 64], ""learning_rate_init"": 0.001}","[0.7712975526408362, 0.7393959435626103, 0.7582423861493629]",0.7563119607842698,,False,
student_mat,S1_MID_G1_ONLY,logistic_regression,1,0,COMPLETE,"{""C"": 0.1, ""class_weight"": null}","[0.7879160136117819, 0.7469166935186352, 0.7002262900553603]",0.7450196657285925,,False,
student_mat,S1_MID_G1_ONLY,logistic_regression,1,1,COMPLETE,"{""C"": 0.1, ""class_weight"": ""balanced""}","[0.7207729468599032, 0.748701419450815, 0.6901669758812616]",0.7198804473973266,,False,
student_mat,S1_MID_G1_ONLY,logistic_regression,1,2,COMPLETE,"{""C"": 1.0, ""class_weight"": null}","[0.7792207792207791, 0.7484802310458788, 0.692889317889318]",0.740196776051992,,False,
student_mat,S1_MID_G1_ONLY,logistic_regression,1,3,COMPLETE,"{""C"": 1.0, ""class_weight"": ""balanced""}","[0.701203990368077, 0.7523066305675, 0.6757353967980154]",0.7097486725778642,,False,
student_mat,S1_MID_G1_ONLY,logistic_regression,1,4,COMPLETE,"{""C"": 10.0, ""class_weight"": null}","[0.7685185185185185, 0.7484802310458788, 0.7228282828282828]",0.74660901079756,,False,
student_mat,S1_MID_G1_ONLY,logistic_regression,1,5,COMPLETE,"{""C"": 10.0, ""class_weight"": ""balanced""}","[0.7093011563599799, 0.7624470077886226, 0.6780291603821015]",0.7165924415102346,,False,
student_mat,S1_MID_G1_ONLY,random_forest,1,0,COMPLETE,"{""class_weight"": null, ""max_depth"": null, ""min_samples_leaf"": 1, ""n_estimators"": 300}","[0.7434868476851683, 0.764542404257781, 0.7188716477418139]",0.7423002998949211,,False,
student_mat,S1_MID_G1_ONLY,random_forest,1,1,COMPLETE,"{""class_weight"": ""balanced"", ""max_depth"": null, ""min_samples_leaf"": 1, ""n_estimators"": 300}","[0.7381634184332496, 0.753957485300769, 0.6923744292237443]",0.728165110985921,,False,
student_mat,S1_MID_G1_ONLY,random_forest,1,2,COMPLETE,"{""class_weight"": null, ""max_depth"": null, ""min_samples_leaf"": 3, ""n_estimators"": 300}","[0.7192559495882026, 0.7909892286142105, 0.675311848645182]",0.7285190089491983,,False,
student_mat,S1_MID_G1_ONLY,random_forest,1,3,COMPLETE,"{""class_weight"": ""balanced"", ""max_depth"": null, ""min_samples_leaf"": 3, ""n_estimators"": 300}","[0.7535109770403888, 0.7604860674628116, 0.6749999999999999]",0.7296656815010668,,False,
student_mat,S1_MID_G1_ONLY,random_forest,1,4,COMPLETE,"{""class_weight"": null, ""max_depth"": 8, ""min_samples_leaf"": 1, ""n_estimators"": 300}","[0.7337801215849996, 0.7256410256410257, 0.6855855855855856]",0.7150022442705369,,False,
student_mat,S1_MID_G1_ONLY,random_forest,1,5,COMPLETE,"{""class_weight"": ""balanced"", ""max_depth"": 8, ""min_samples_leaf"": 1, ""n_estimators"": 300}","[0.7497473045822103, 0.7319961355202776, 0.6710552444497399]",0.7175995615174093,,False,
student_mat,S1_MID_G1_ONLY,random_forest,1,6,COMPLETE,"{""class_weight"": null, ""max_depth"": 8, ""min_samples_leaf"": 3, ""n_estimators"": 300}","[0.7087102463446548, 0.7918962471940159, 0.675311848645182]",0.7253061140612842,,False,
student_mat,S1_MID_G1_ONLY,random_forest,1,7,COMPLETE,"{""class_weight"": ""balanced"", ""max_depth"": 8, ""min_samples_leaf"": 3, ""n_estimators"": 300}","[0.7504351378232452, 0.7604860674628116, 0.6749999999999999]",0.7286404017620188,,False,
student_mat,S1_MID_G1_ONLY,xgboost,1,0,COMPLETE,"{""colsample_bytree"": 0.9, ""learning_rate"": 0.03, ""max_depth"": 2, ""min_child_weight"": 1, ""n_estimators"": 300, ""subsample"": 0.9}","[0.7739702319141571, 0.74259768009768, 0.6855855855855856]",0.7340511658658077,,False,
student_mat,S1_MID_G1_ONLY,xgboost,1,1,COMPLETE,"{""colsample_bytree"": 0.9, ""learning_rate"": 0.03, ""max_depth"": 2, ""min_child_weight"": 5, ""n_estimators"": 300, ""subsample"": 0.9}","[0.7886072261072261, 0.7390662931839401, 0.6751515151515152]",0.7342750114808938,,False,
student_mat,S1_MID_G1_ONLY,xgboost,1,2,COMPLETE,"{""colsample_bytree"": 0.9, ""learning_rate"": 0.08, ""max_depth"": 2, ""min_child_weight"": 1, ""n_estimators"": 300, ""subsample"": 0.9}","[0.7726213547434478, 0.701053468495329, 0.6578013420118684]",0.7104920550835484,,False,
student_mat,S1_MID_G1_ONLY,xgboost,1,3,COMPLETE,"{""colsample_bytree"": 0.9, ""learning_rate"": 0.08, ""max_depth"": 2, ""min_child_weight"": 5, ""n_estimators"": 300, ""subsample"": 0.9}","[0.792815026186453, 0.7044358693932579, 0.6503465381970055]",0.7158658112589055,,False,
student_mat,S1_MID_G1_ONLY,xgboost,1,4,COMPLETE,"{""colsample_bytree"": 0.9, ""learning_rate"": 0.03, ""max_depth"": 4, ""min_child_weight"": 1, ""n_estimators"": 300, ""subsample"": 0.9}","[0.7726213547434478, 0.7407986371347471, 0.6375207505642289]",0.7169802474808079,,False,
student_mat,S1_MID_G1_ONLY,xgboost,1,5,COMPLETE,"{""colsample_bytree"": 0.9, ""learning_rate"": 0.03, ""max_depth"": 4, ""min_child_weight"": 5, ""n_estimators"": 300, ""subsample"": 0.9}","[0.7652287343768959, 0.720201318986463, 0.6678062127796555]",0.7177454220476714,,False,
student_mat,S1_MID_G1_ONLY,xgboost,1,6,COMPLETE,"{""colsample_bytree"": 0.9, ""learning_rate"": 0.08, ""max_depth"": 4, ""min_child_weight"": 1, ""n_estimators"": 300, ""subsample"": 0.9}","[0.7726213547434478, 0.7502145563393549, 0.6515166821567597]",0.7247841977465207,,False,
student_mat,S1_MID_G1_ONLY,xgboost,1,7,COMPLETE,"{""colsample_bytree"": 0.9, ""learning_rate"": 0.08, ""max_depth"": 4, ""min_child_weight"": 5, ""n_estimators"": 300, ""subsample"": 0.9}","[0.7606881234502363, 0.7129613773104543, 0.6577447893237367]",0.7104647633614758,,False,
student_mat,S1_MID_G1_ONLY,mlp,1,0,COMPLETE,"{""alpha"": 0.0001, ""hidden_layer_sizes"": [64], ""learning_rate_init"": 0.001}","[0.7424987076714169, 0.42411653927107573, 0.6894618440015466]",0.6186923636480132,,False,
student_mat,S1_MID_G1_ONLY,mlp,1,1,COMPLETE,"{""alpha"": 0.001, ""hidden_layer_sizes"": [64], ""learning_rate_init"": 0.001}","[0.7424987076714169, 0.42411653927107573, 0.6894618440015466]",0.6186923636480132,,False,
student_mat,S1_MID_G1_ONLY,mlp,1,2,COMPLETE,"{""alpha"": 0.01, ""hidden_layer_sizes"": [64], ""learning_rate_init"": 0.001}","[0.7424987076714169, 0.42411653927107573, 0.6894618440015466]",0.6186923636480132,,False,
student_mat,S1_MID_G1_ONLY,mlp,1,3,COMPLETE,"{""alpha"": 0.0001, ""hidden_layer_sizes"": [64, 32], ""learning_rate_init"": 0.001}","[0.7275849805330937, 0.7591471741332981, 0.6705214830214831]",0.7190845458959583,,False,
student_mat,S1_MID_G1_ONLY,mlp,1,4,COMPLETE,"{""alpha"": 0.001, ""hidden_layer_sizes"": [64, 32], ""learning_rate_init"": 0.001}","[0.7275849805330937, 0.7591471741332981, 0.6705214830214831]",0.7190845458959583,,False,
student_mat,S1_MID_G1_ONLY,mlp,1,5,COMPLETE,"{""alpha"": 0.01, ""hidden_layer_sizes"": [64, 32], ""learning_rate_init"": 0.001}","[0.7275849805330937, 0.7591471741332981, 0.6705214830214831]",0.7190845458959583,,False,
student_mat,S1_MID_G1_ONLY,mlp,1,6,COMPLETE,"{""alpha"": 0.0001, ""hidden_layer_sizes"": [128, 64], ""learning_rate_init"": 0.001}","[0.49370862332371407, 0.7317637106388947, 0.6757353967980154]",0.6337359102535415,,False,
student_mat,S1_MID_G1_ONLY,mlp,1,7,COMPLETE,"{""alpha"": 0.001, ""hidden_layer_sizes"": [128, 64], ""learning_rate_init"": 0.001}","[0.49370862332371407, 0.7317637106388947, 0.6834550359613409]",0.6363091233079833,,False,
student_mat,S1_MID_G1_ONLY,mlp,1,8,COMPLETE,"{""alpha"": 0.01, ""hidden_layer_sizes"": [128, 64], ""learning_rate_init"": 0.001}","[0.511137365446531, 0.7317637106388947, 0.6834550359613409]",0.6421187040155889,,False,
student_mat,S1_MID_G1_ONLY,logistic_regression,2,0,COMPLETE,"{""C"": 0.1, ""class_weight"": null}","[0.7264764265633309, 0.7215816039222371, 0.7306495834651482]",0.7262358713169054,,False,
student_mat,S1_MID_G1_ONLY,logistic_regression,2,1,COMPLETE,"{""C"": 0.1, ""class_weight"": ""balanced""}","[0.7543295019157089, 0.7536841189015102, 0.6830994152046784]",0.7303710120072991,,False,
student_mat,S1_MID_G1_ONLY,logistic_regression,2,2,COMPLETE,"{""C"": 1.0, ""class_weight"": null}","[0.7187935856136501, 0.7166063836537852, 0.6736047123864682]",0.7030015605513013,,False,
student_mat,S1_MID_G1_ONLY,logistic_regression,2,3,COMPLETE,"{""C"": 1.0, ""class_weight"": ""balanced""}","[0.7418673218673218, 0.7456492286748392, 0.70006734006734]",0.729194630203167,,False,
student_mat,S1_MID_G1_ONLY,logistic_regression,2,4,COMPLETE,"{""C"": 10.0, ""class_weight"": null}","[0.7176989676989677, 0.7221648251781699, 0.6896684087755042]",0.7098440672175473,,False,
student_mat,S1_MID_G1_ONLY,logistic_regression,2,5,COMPLETE,"{""C"": 10.0, ""class_weight"": ""balanced""}","[0.7228279439629732, 0.7661435387904675, 0.7066523930332936]",0.7318746252622447,,False,
student_mat,S1_MID_G1_ONLY,random_forest,2,0,COMPLETE,"{""class_weight"": null, ""max_depth"": null, ""min_samples_leaf"": 1, ""n_estimators"": 300}","[0.7520060716873082, 0.6898601398601398, 0.6565977742448331]",0.6994879952640938,,False,
student_mat,S1_MID_G1_ONLY,random_forest,2,1,COMPLETE,"{""class_weight"": ""balanced"", ""max_depth"": null, ""min_samples_leaf"": 1, ""n_estimators"": 300}","[0.7941930618401206, 0.6984325943100034, 0.6721427309662604]",0.7215894623721281,,False,
student_mat,S1_MID_G1_ONLY,random_forest,2,2,COMPLETE,"{""class_weight"": null, ""max_depth"": null, ""min_samples_leaf"": 3, ""n_estimators"": 300}","[0.8019140989729224, 0.7223663522012579, 0.6548906960121913]",0.7263903823954573,,False,
student_mat,S1_MID_G1_ONLY,random_forest,2,3,COMPLETE,"{""class_weight"": ""balanced"", ""max_depth"": null, ""min_samples_leaf"": 3, ""n_estimators"": 300}","[0.788689571298267, 0.7151599942602956, 0.6661167407233604]",0.7233221020939743,,False,
student_mat,S1_MID_G1_ONLY,random_forest,2,4,COMPLETE,"{""class_weight"": null, ""max_depth"": 8, ""min_samples_leaf"": 1, ""n_estimators"": 300}","[0.7895468070225352, 0.6898601398601398, 0.6557239057239057]",0.7117102842021935,,False,
student_mat,S1_MID_G1_ONLY,random_forest,2,5,COMPLETE,"{""class_weight"": ""balanced"", ""max_depth"": 8, ""min_samples_leaf"": 1, ""n_estimators"": 300}","[0.7433943833943834, 0.6988974984454966, 0.648817587641117]",0.6970364898269991,,False,
student_mat,S1_MID_G1_ONLY,random_forest,2,6,COMPLETE,"{""class_weight"": null, ""max_depth"": 8, ""min_samples_leaf"": 3, ""n_estimators"": 300}","[0.8095750668355143, 0.7223663522012579, 0.665299823633157]",0.732413747556643,,False,
student_mat,S1_MID_G1_ONLY,random_forest,2,7,COMPLETE,"{""class_weight"": ""balanced"", ""max_depth"": 8, ""min_samples_leaf"": 3, ""n_estimators"": 300}","[0.777625688152004, 0.7233333333333333, 0.6661167407233604]",0.7223585874028992,,False,
student_mat,S1_MID_G1_ONLY,xgboost,2,0,COMPLETE,"{""colsample_bytree"": 0.9, ""learning_rate"": 0.03, ""max_depth"": 2, ""min_child_weight"": 1, ""n_estimators"": 300, ""subsample"": 0.9}","[0.7699633699633699, 0.7258784468317735, 0.6768476621417797]",0.7242298263123077,,False,
student_mat,S1_MID_G1_ONLY,xgboost,2,1,COMPLETE,"{""colsample_bytree"": 0.9, ""learning_rate"": 0.03, ""max_depth"": 2, ""min_child_weight"": 5, ""n_estimators"": 300, ""subsample"": 0.9}","[0.7699633699633699, 0.6988974984454966, 0.6605887638074098]",0.7098165440720922,,False,
student_mat,S1_MID_G1_ONLY,xgboost,2,2,COMPLETE,"{""colsample_bytree"": 0.9, ""learning_rate"": 0.08, ""max_depth"": 2, ""min_child_weight"": 1, ""n_estimators"": 300, ""subsample"": 0.9}","[0.6972174773412488, 0.7180962356139103, 0.6589666202342259]",0.6914267777297951,,False,
student_mat,S1_MID_G1_ONLY,xgboost,2,3,COMPLETE,"{""colsample_bytree"": 0.9, ""learning_rate"": 0.08, ""max_depth"": 2, ""min_child_weight"": 5, ""n_estimators"": 300, ""subsample"": 0.9}","[0.7546019325471578, 0.6988974984454966, 0.6687813153430388]",0.7074269154452311,,False,
student_mat,S1_MID_G1_ONLY,xgboost,2,4,COMPLETE,"{""colsample_bytree"": 0.9, ""learning_rate"": 0.03, ""max_depth"": 4, ""min_child_weight"": 1, ""n_estimators"": 300, ""subsample"": 0.9}","[0.7171159201573168, 0.7161047368676533, 0.626534890685834]",0.6865851825702681,,False,
student_mat,S1_MID_G1_ONLY,xgboost,2,5,COMPLETE,"{""colsample_bytree"": 0.9, ""learning_rate"": 0.03, ""max_depth"": 4, ""min_child_weight"": 5, ""n_estimators"": 300, ""subsample"": 0.9}","[0.7546019325471578, 0.7003299701757726, 0.6455086308027486]",0.7001468445085597,,False,
student_mat,S1_MID_G1_ONLY,xgboost,2,6,COMPLETE,"{""colsample_bytree"": 0.9, ""learning_rate"": 0.08, ""max_depth"": 4, ""min_child_weight"": 1, ""n_estimators"": 300, ""subsample"": 0.9}","[0.6719280623714545, 0.6843296022862586, 0.6417989417989418]",0.666018868818885,,False,
student_mat,S1_MID_G1_ONLY,xgboost,2,7,COMPLETE,"{""colsample_bytree"": 0.9, ""learning_rate"": 0.08, ""max_depth"": 4, ""min_child_weight"": 5, ""n_estimators"": 300, ""subsample"": 0.9}","[0.7331379100642983, 0.6984325943100034, 0.6455086308027486]",0.6923597117256834,,False,
student_mat,S1_MID_G1_ONLY,mlp,2,0,COMPLETE,"{""alpha"": 0.0001, ""hidden_layer_sizes"": [64], ""learning_rate_init"": 0.001}","[0.6805343319171803, 0.45670498084291195, 0.7048007458770197]",0.6140133528790374,,False,
student_mat,S1_MID_G1_ONLY,mlp,2,1,COMPLETE,"{""alpha"": 0.001, ""hidden_layer_sizes"": [64], ""learning_rate_init"": 0.001}","[0.6805343319171803, 0.45670498084291195, 0.7048007458770197]",0.6140133528790374,,False,
student_mat,S1_MID_G1_ONLY,mlp,2,2,COMPLETE,"{""alpha"": 0.01, ""hidden_layer_sizes"": [64], ""learning_rate_init"": 0.001}","[0.6805343319171803, 0.45670498084291195, 0.6964791536955705]",0.6112394888185543,,False,
student_mat,S1_MID_G1_ONLY,mlp,2,3,COMPLETE,"{""alpha"": 0.0001, ""hidden_layer_sizes"": [64, 32], ""learning_rate_init"": 0.001}","[0.5522145197601587, 0.7488937041049718, 0.7265078749766695]",0.6758720329472667,,False,
student_mat,S1_MID_G1_ONLY,mlp,2,4,COMPLETE,"{""alpha"": 0.001, ""hidden_layer_sizes"": [64, 32], ""learning_rate_init"": 0.001}","[0.5522145197601587, 0.7488937041049718, 0.6907407407407408]",0.6639496548686238,,False,
student_mat,S1_MID_G1_ONLY,mlp,2,5,COMPLETE,"{""alpha"": 0.01, ""hidden_layer_sizes"": [64, 32], ""learning_rate_init"": 0.001}","[0.5587838775550665, 0.7488937041049718, 0.7265078749766695]",0.6780618188789026,,False,
student_mat,S1_MID_G1_ONLY,mlp,2,6,COMPLETE,"{""alpha"": 0.0001, ""hidden_layer_sizes"": [128, 64], ""learning_rate_init"": 0.001}","[0.7656629016938962, 0.6878910683258509, 0.7229611465776012]",0.7255050388657828,,False,
student_mat,S1_MID_G1_ONLY,mlp,2,7,COMPLETE,"{""alpha"": 0.001, ""hidden_layer_sizes"": [128, 64], ""learning_rate_init"": 0.001}","[0.7656629016938962, 0.6878910683258509, 0.7229611465776012]",0.7255050388657828,,False,
student_mat,S1_MID_G1_ONLY,mlp,2,8,COMPLETE,"{""alpha"": 0.01, ""hidden_layer_sizes"": [128, 64], ""learning_rate_init"": 0.001}","[0.7656629016938962, 0.6878910683258509, 0.7147463413943077]",0.7227667704713516,,False,
student_mat,S1_MID_G1_ONLY,logistic_regression,3,0,COMPLETE,"{""C"": 0.1, ""class_weight"": null}","[0.7124236874236874, 0.7998650200142737, 0.7842646649986099]",0.7655177908121904,,False,
student_mat,S1_MID_G1_ONLY,logistic_regression,3,1,COMPLETE,"{""C"": 0.1, ""class_weight"": ""balanced""}","[0.7332794751273012, 0.6902920712444521, 0.6769590643274853]",0.7001768702330796,,False,
student_mat,S1_MID_G1_ONLY,logistic_regression,3,2,COMPLETE,"{""C"": 1.0, ""class_weight"": null}","[0.7255348914126855, 0.7605158730158731, 0.7290464799962478]",0.738365748141602,,False,
student_mat,S1_MID_G1_ONLY,logistic_regression,3,3,COMPLETE,"{""C"": 1.0, ""class_weight"": ""balanced""}","[0.7257575757575757, 0.67930495775546, 0.6578941625750137]",0.6876522320293498,,False,
student_mat,S1_MID_G1_ONLY,logistic_regression,3,4,COMPLETE,"{""C"": 10.0, ""class_weight"": null}","[0.7305728088336784, 0.7684716797222401, 0.7211951447245565]",0.7400798777601584,,False,
student_mat,S1_MID_G1_ONLY,logistic_regression,3,5,COMPLETE,"{""C"": 10.0, ""class_weight"": ""balanced""}","[0.7175788001335345, 0.6689585311807534, 0.6478853046594982]",0.6781408786579287,,False,
student_mat,S1_MID_G1_ONLY,random_forest,3,0,COMPLETE,"{""class_weight"": null, ""max_depth"": null, ""min_samples_leaf"": 1, ""n_estimators"": 300}","[0.7391969227882541, 0.7289557162796599, 0.7235040394358482]",0.7305522261679207,,False,
student_mat,S1_MID_G1_ONLY,random_forest,3,1,COMPLETE,"{""class_weight"": ""balanced"", ""max_depth"": null, ""min_samples_leaf"": 1, ""n_estimators"": 300}","[0.7391969227882541, 0.7502784739626844, 0.7248747121766219]",0.7381167029758534,,False,
student_mat,S1_MID_G1_ONLY,random_forest,3,2,COMPLETE,"{""class_weight"": null, ""max_depth"": null, ""min_samples_leaf"": 3, ""n_estimators"": 300}","[0.7419958419958421, 0.7987638946543055, 0.7381496881496882]",0.7596364749332786,,False,
student_mat,S1_MID_G1_ONLY,random_forest,3,3,COMPLETE,"{""class_weight"": ""balanced"", ""max_depth"": null, ""min_samples_leaf"": 3, ""n_estimators"": 300}","[0.7333846396716396, 0.7180681589030046, 0.6977537936442045]",0.7164021974062829,,False,
student_mat,S1_MID_G1_ONLY,random_forest,3,4,COMPLETE,"{""class_weight"": null, ""max_depth"": 8, ""min_samples_leaf"": 1, ""n_estimators"": 300}","[0.7404468023937051, 0.7892934951758481, 0.7235040394358482]",0.7510814456684671,,False,
student_mat,S1_MID_G1_ONLY,random_forest,3,5,COMPLETE,"{""class_weight"": ""balanced"", ""max_depth"": 8, ""min_samples_leaf"": 1, ""n_estimators"": 300}","[0.7483563456489057, 0.7748874691447655, 0.7322076978939723]",0.7518171708958811,,False,
student_mat,S1_MID_G1_ONLY,random_forest,3,6,COMPLETE,"{""class_weight"": null, ""max_depth"": 8, ""min_samples_leaf"": 3, ""n_estimators"": 300}","[0.7419958419958421, 0.7941805441805442, 0.7308080808080808]",0.7556614889948223,,False,
student_mat,S1_MID_G1_ONLY,random_forest,3,7,COMPLETE,"{""class_weight"": ""balanced"", ""max_depth"": 8, ""min_samples_leaf"": 3, ""n_estimators"": 300}","[0.7333846396716396, 0.7180681589030046, 0.687281354600337]",0.7129113843916604,,False,
student_mat,S1_MID_G1_ONLY,xgboost,3,0,COMPLETE,"{""colsample_bytree"": 0.9, ""learning_rate"": 0.03, ""max_depth"": 2, ""min_child_weight"": 1, ""n_estimators"": 300, ""subsample"": 0.9}","[0.7123854236530294, 0.7854775176514307, 0.7322076978939723]",0.7433568797328108,,False,
student_mat,S1_MID_G1_ONLY,xgboost,3,1,COMPLETE,"{""colsample_bytree"": 0.9, ""learning_rate"": 0.03, ""max_depth"": 2, ""min_child_weight"": 5, ""n_estimators"": 300, ""subsample"": 0.9}","[0.7614346193785447, 0.773991458943275, 0.6901315524801866]",0.7418525436006688,,False,
student_mat,S1_MID_G1_ONLY,xgboost,3,2,COMPLETE,"{""colsample_bytree"": 0.9, ""learning_rate"": 0.08, ""max_depth"": 2, ""min_child_weight"": 1, ""n_estimators"": 300, ""subsample"": 0.9}","[0.727088948787062, 0.7343872269245404, 0.7544121044121045]",0.7386294267079023,,False,
student_mat,S1_MID_G1_ONLY,xgboost,3,3,COMPLETE,"{""colsample_bytree"": 0.9, ""learning_rate"": 0.08, ""max_depth"": 2, ""min_child_weight"": 5, ""n_estimators"": 300, ""subsample"": 0.9}","[0.7321266128283672, 0.7706790526015777, 0.7122482823975361]",0.7383513159424937,,False,
student_mat,S1_MID_G1_ONLY,xgboost,3,4,COMPLETE,"{""colsample_bytree"": 0.9, ""learning_rate"": 0.03, ""max_depth"": 4, ""min_child_weight"": 1, ""n_estimators"": 300, ""subsample"": 0.9}","[0.7217725010493493, 0.7510714824147661, 0.7193957927902882]",0.7307465920848012,,False,
student_mat,S1_MID_G1_ONLY,xgboost,3,5,COMPLETE,"{""colsample_bytree"": 0.9, ""learning_rate"": 0.03, ""max_depth"": 4, ""min_child_weight"": 5, ""n_estimators"": 300, ""subsample"": 0.9}","[0.7321266128283672, 0.7833333333333333, 0.7200304936153992]",0.7451634799256999,,False,
student_mat,S1_MID_G1_ONLY,xgboost,3,6,COMPLETE,"{""colsample_bytree"": 0.9, ""learning_rate"": 0.08, ""max_depth"": 4, ""min_child_weight"": 1, ""n_estimators"": 300, ""subsample"": 0.9}","[0.7199460916442048, 0.7080103359173125, 0.7268065268065268]",0.7182543181226814,,False,
student_mat,S1_MID_G1_ONLY,xgboost,3,7,COMPLETE,"{""colsample_bytree"": 0.9, ""learning_rate"": 0.08, ""max_depth"": 4, ""min_child_weight"": 5, ""n_estimators"": 300, ""subsample"": 0.9}","[0.7483563456489057, 0.771464492259061, 0.7113667225816758]",0.7437291868298809,,False,
student_mat,S1_MID_G1_ONLY,mlp,3,0,COMPLETE,"{""alpha"": 0.0001, ""hidden_layer_sizes"": [64], ""learning_rate_init"": 0.001}","[0.6905242711694325, 0.769549037283591, 0.6878224974200206]",0.715965268624348,,False,
student_mat,S1_MID_G1_ONLY,mlp,3,1,COMPLETE,"{""alpha"": 0.001, ""hidden_layer_sizes"": [64], ""learning_rate_init"": 0.001}","[0.6905242711694325, 0.769549037283591, 0.6878224974200206]",0.715965268624348,,False,
student_mat,S1_MID_G1_ONLY,mlp,3,2,COMPLETE,"{""alpha"": 0.01, ""hidden_layer_sizes"": [64], ""learning_rate_init"": 0.001}","[0.6905242711694325, 0.769549037283591, 0.6878224974200206]",0.715965268624348,,False,
student_mat,S1_MID_G1_ONLY,mlp,3,3,COMPLETE,"{""alpha"": 0.0001, ""hidden_layer_sizes"": [64, 32], ""learning_rate_init"": 0.001}","[0.7029160979761957, 0.6631436314363144, 0.6306277694599459]",0.6655624996241519,,False,
student_mat,S1_MID_G1_ONLY,mlp,3,4,COMPLETE,"{""alpha"": 0.001, ""hidden_layer_sizes"": [64, 32], ""learning_rate_init"": 0.001}","[0.7029160979761957, 0.6631436314363144, 0.6205580924898482]",0.6622059406341194,,False,
student_mat,S1_MID_G1_ONLY,mlp,3,5,COMPLETE,"{""alpha"": 0.01, ""hidden_layer_sizes"": [64, 32], ""learning_rate_init"": 0.001}","[0.7029160979761957, 0.6631436314363144, 0.6205580924898482]",0.6622059406341194,,False,
student_mat,S1_MID_G1_ONLY,mlp,3,6,COMPLETE,"{""alpha"": 0.0001, ""hidden_layer_sizes"": [128, 64], ""learning_rate_init"": 0.001}","[0.7715428573937594, 0.81584229390681, 0.7550897802094649]",0.7808249771700114,,False,
student_mat,S1_MID_G1_ONLY,mlp,3,7,COMPLETE,"{""alpha"": 0.001, ""hidden_layer_sizes"": [128, 64], ""learning_rate_init"": 0.001}","[0.7715428573937594, 0.81584229390681, 0.7550897802094649]",0.7808249771700114,,False,
student_mat,S1_MID_G1_ONLY,mlp,3,8,COMPLETE,"{""alpha"": 0.01, ""hidden_layer_sizes"": [128, 64], ""learning_rate_init"": 0.001}","[0.7638944374223661, 0.81584229390681, 0.7550897802094649]",0.7782755038462136,,False,
student_mat,S1_MID_G1_ONLY,logistic_regression,4,0,COMPLETE,"{""C"": 0.1, ""class_weight"": null}","[0.7524290524290524, 0.6534576534576534, 0.7671338808177571]",0.7243401955681543,,False,
student_mat,S1_MID_G1_ONLY,logistic_regression,4,1,COMPLETE,"{""C"": 0.1, ""class_weight"": ""balanced""}","[0.7065729320319284, 0.6363655990586915, 0.7053024763051864]",0.6827470024652688,,False,
student_mat,S1_MID_G1_ONLY,logistic_regression,4,2,COMPLETE,"{""C"": 1.0, ""class_weight"": null}","[0.7089617554482494, 0.6510575734761425, 0.7400432900432902]",0.7000208729892273,,False,
student_mat,S1_MID_G1_ONLY,logistic_regression,4,3,COMPLETE,"{""C"": 1.0, ""class_weight"": ""balanced""}","[0.7087666056738221, 0.6414175761304878, 0.7269841269841271]",0.6923894362628124,,False,
student_mat,S1_MID_G1_ONLY,logistic_regression,4,4,COMPLETE,"{""C"": 10.0, ""class_weight"": null}","[0.7141716020220693, 0.6296227205939928, 0.728835978835979]",0.6908767671506805,,False,
student_mat,S1_MID_G1_ONLY,logistic_regression,4,5,COMPLETE,"{""C"": 10.0, ""class_weight"": ""balanced""}","[0.7156695156695156, 0.6327231267038651, 0.7248062015503877]",0.6910662813079228,,False,
student_mat,S1_MID_G1_ONLY,random_forest,4,0,COMPLETE,"{""class_weight"": null, ""max_depth"": null, ""min_samples_leaf"": 1, ""n_estimators"": 300}","[0.6898781043517886, 0.609599395313681, 0.6749098273539036]",0.6581291090064577,,False,
student_mat,S1_MID_G1_ONLY,random_forest,4,1,COMPLETE,"{""class_weight"": ""balanced"", ""max_depth"": null, ""min_samples_leaf"": 1, ""n_estimators"": 300}","[0.7074678675297871, 0.5919047619047619, 0.7249645476101767]",0.6747790590149085,,False,
student_mat,S1_MID_G1_ONLY,random_forest,4,2,COMPLETE,"{""class_weight"": null, ""max_depth"": null, ""min_samples_leaf"": 3, ""n_estimators"": 300}","[0.7074678675297871, 0.6330796225162422, 0.7609356725146199]",0.7004943875202164,,False,
student_mat,S1_MID_G1_ONLY,random_forest,4,3,COMPLETE,"{""class_weight"": ""balanced"", ""max_depth"": null, ""min_samples_leaf"": 3, ""n_estimators"": 300}","[0.7031978319783199, 0.646836075092804, 0.7546296296296297]",0.7015545122335846,,False,
student_mat,S1_MID_G1_ONLY,random_forest,4,4,COMPLETE,"{""class_weight"": null, ""max_depth"": 8, ""min_samples_leaf"": 1, ""n_estimators"": 300}","[0.7087533648937158, 0.6169559444207331, 0.7238846773359341]",0.6831979955501276,,False,
student_mat,S1_MID_G1_ONLY,random_forest,4,5,COMPLETE,"{""class_weight"": ""balanced"", ""max_depth"": 8, ""min_samples_leaf"": 1, ""n_estimators"": 300}","[0.71711594373587, 0.609599395313681, 0.7334566329594313]",0.6867239906696607,,False,
student_mat,S1_MID_G1_ONLY,random_forest,4,6,COMPLETE,"{""class_weight"": null, ""max_depth"": 8, ""min_samples_leaf"": 3, ""n_estimators"": 300}","[0.6899335232668565, 0.6404761904761904, 0.7685368536853686]",0.6996488558094719,,False,
student_mat,S1_MID_G1_ONLY,random_forest,4,7,COMPLETE,"{""class_weight"": ""balanced"", ""max_depth"": 8, ""min_samples_leaf"": 3, ""n_estimators"": 300}","[0.7031978319783199, 0.6505198207325867, 0.7546296296296297]",0.7027824274468455,,False,
student_mat,S1_MID_G1_ONLY,xgboost,4,0,COMPLETE,"{""colsample_bytree"": 0.9, ""learning_rate"": 0.03, ""max_depth"": 2, ""min_child_weight"": 1, ""n_estimators"": 300, ""subsample"": 0.9}","[0.7203947368421053, 0.6278122317726278, 0.7293686868686868]",0.6925252184944733,,False,
student_mat,S1_MID_G1_ONLY,xgboost,4,1,COMPLETE,"{""colsample_bytree"": 0.9, ""learning_rate"": 0.03, ""max_depth"": 2, ""min_child_weight"": 5, ""n_estimators"": 300, ""subsample"": 0.9}","[0.7525681615233855, 0.646387867988269, 0.7372225205871823]",0.7120595166996123,,False,
student_mat,S1_MID_G1_ONLY,xgboost,4,2,COMPLETE,"{""colsample_bytree"": 0.9, ""learning_rate"": 0.08, ""max_depth"": 2, ""min_child_weight"": 1, ""n_estimators"": 300, ""subsample"": 0.9}","[0.7194190578463987, 0.6377876493541568, 0.704462046730088]",0.6872229179768813,,False,
student_mat,S1_MID_G1_ONLY,xgboost,4,3,COMPLETE,"{""colsample_bytree"": 0.9, ""learning_rate"": 0.08, ""max_depth"": 2, ""min_child_weight"": 5, ""n_estimators"": 300, ""subsample"": 0.9}","[0.7631218174696436, 0.646387867988269, 0.7024036281179139]",0.7039711045252756,,False,
student_mat,S1_MID_G1_ONLY,xgboost,4,4,COMPLETE,"{""colsample_bytree"": 0.9, ""learning_rate"": 0.03, ""max_depth"": 4, ""min_child_weight"": 1, ""n_estimators"": 300, ""subsample"": 0.9}","[0.6969868510623053, 0.6564802959169157, 0.6742308648673087]",0.6758993372821765,,False,
student_mat,S1_MID_G1_ONLY,xgboost,4,5,COMPLETE,"{""colsample_bytree"": 0.9, ""learning_rate"": 0.03, ""max_depth"": 4, ""min_child_weight"": 5, ""n_estimators"": 300, ""subsample"": 0.9}","[0.737437549031752, 0.653919760847093, 0.6861784511784511]",0.692511920352432,,False,
student_mat,S1_MID_G1_ONLY,xgboost,4,6,COMPLETE,"{""colsample_bytree"": 0.9, ""learning_rate"": 0.08, ""max_depth"": 4, ""min_child_weight"": 1, ""n_estimators"": 300, ""subsample"": 0.9}","[0.6738247132983975, 0.6526589941224088, 0.6832286832286832]",0.6699041302164965,,False,
student_mat,S1_MID_G1_ONLY,xgboost,4,7,COMPLETE,"{""colsample_bytree"": 0.9, ""learning_rate"": 0.08, ""max_depth"": 4, ""min_child_weight"": 5, ""n_estimators"": 300, ""subsample"": 0.9}","[0.7410582224015059, 0.6388254750257317, 0.6830936819172114]",0.6876591264481497,,False,
student_mat,S1_MID_G1_ONLY,mlp,4,0,COMPLETE,"{""alpha"": 0.0001, ""hidden_layer_sizes"": [64], ""learning_rate_init"": 0.001}","[0.7187660517471639, 0.5280551702881799, 0.7907967032967033]",0.6792059751106824,,False,
student_mat,S1_MID_G1_ONLY,mlp,4,1,COMPLETE,"{""alpha"": 0.001, ""hidden_layer_sizes"": [64], ""learning_rate_init"": 0.001}","[0.7187660517471639, 0.5280551702881799, 0.7907967032967033]",0.6792059751106824,,False,
student_mat,S1_MID_G1_ONLY,mlp,4,2,COMPLETE,"{""alpha"": 0.01, ""hidden_layer_sizes"": [64], ""learning_rate_init"": 0.001}","[0.7287896357809949, 0.5280551702881799, 0.7907967032967033]",0.682547169788626,,False,
student_mat,S1_MID_G1_ONLY,mlp,4,3,COMPLETE,"{""alpha"": 0.0001, ""hidden_layer_sizes"": [64, 32], ""learning_rate_init"": 0.001}","[0.7217725010493493, 0.579104980304295, 0.7919552029323403]",0.6976108947619949,,False,
student_mat,S1_MID_G1_ONLY,mlp,4,4,COMPLETE,"{""alpha"": 0.001, ""hidden_layer_sizes"": [64, 32], ""learning_rate_init"": 0.001}","[0.7217725010493493, 0.579104980304295, 0.7919552029323403]",0.6976108947619949,,False,
student_mat,S1_MID_G1_ONLY,mlp,4,5,COMPLETE,"{""alpha"": 0.01, ""hidden_layer_sizes"": [64, 32], ""learning_rate_init"": 0.001}","[0.7314569847077587, 0.579104980304295, 0.8000109750779085]",0.7035243133633208,,False,
student_mat,S1_MID_G1_ONLY,mlp,4,6,COMPLETE,"{""alpha"": 0.0001, ""hidden_layer_sizes"": [128, 64], ""learning_rate_init"": 0.001}","[0.7454551968757838, 0.6512669163923467, 0.7685368536853686]",0.7217529889844997,,False,
student_mat,S1_MID_G1_ONLY,mlp,4,7,COMPLETE,"{""alpha"": 0.001, ""hidden_layer_sizes"": [128, 64], ""learning_rate_init"": 0.001}","[0.7454551968757838, 0.6512669163923467, 0.7685368536853686]",0.7217529889844997,,False,
student_mat,S1_MID_G1_ONLY,mlp,4,8,COMPLETE,"{""alpha"": 0.01, ""hidden_layer_sizes"": [128, 64], ""learning_rate_init"": 0.001}","[0.7454551968757838, 0.6512669163923467, 0.7645945945945947]",0.7204389026209084,,False,
student_mat,S2_LATE_G1_G2,logistic_regression,0,0,COMPLETE,"{""C"": 0.1, ""class_weight"": null}","[0.9123827392120075, 0.8568169437145788, 0.8463891766973236]",0.87186295320797,,False,
student_mat,S2_LATE_G1_G2,logistic_regression,0,1,COMPLETE,"{""C"": 0.1, ""class_weight"": ""balanced""}","[0.8965547739077847, 0.8410232303675906, 0.8823543123543124]",0.873310772209896,,False,
student_mat,S2_LATE_G1_G2,logistic_regression,0,2,COMPLETE,"{""C"": 1.0, ""class_weight"": null}","[0.9154813440527727, 0.8323360157736662, 0.8583128837531969]",0.8687100811932119,,False,
student_mat,S2_LATE_G1_G2,logistic_regression,0,3,COMPLETE,"{""C"": 1.0, ""class_weight"": ""balanced""}","[0.9082634121535723, 0.8602230583538995, 0.8720152028422706]",0.8801672244499142,,False,
student_mat,S2_LATE_G1_G2,logistic_regression,0,4,COMPLETE,"{""C"": 10.0, ""class_weight"": null}","[0.9043278311570995, 0.8393759018759018, 0.8902687655211087]",0.87799083285137,,False,
student_mat,S2_LATE_G1_G2,logistic_regression,0,5,COMPLETE,"{""C"": 10.0, ""class_weight"": ""balanced""}","[0.8970631554141629, 0.8481501794974072, 0.8846948634526274]",0.8766360661213991,,False,
student_mat,S2_LATE_G1_G2,random_forest,0,0,COMPLETE,"{""class_weight"": null, ""max_depth"": null, ""min_samples_leaf"": 1, ""n_estimators"": 300}","[0.8836879432624114, 0.9394901394901396, 0.8770991488382793]",0.9000924105302768,,False,
student_mat,S2_LATE_G1_G2,random_forest,0,1,COMPLETE,"{""class_weight"": ""balanced"", ""max_depth"": null, ""min_samples_leaf"": 1, ""n_estimators"": 300}","[0.8844605475040258, 0.9178006387331302, 0.8692397904987628]",0.8905003255786396,,False,
student_mat,S2_LATE_G1_G2,random_forest,0,2,COMPLETE,"{""class_weight"": null, ""max_depth"": null, ""min_samples_leaf"": 3, ""n_estimators"": 300}","[0.9082634121535723, 0.9234234234234234, 0.8933735819660159]",0.9083534725143372,,False,
student_mat,S2_LATE_G1_G2,random_forest,0,3,COMPLETE,"{""class_weight"": ""balanced"", ""max_depth"": null, ""min_samples_leaf"": 3, ""n_estimators"": 300}","[0.9003039513677812, 0.8566663798116666, 0.8933735819660159]",0.8834479710484878,,False,
student_mat,S2_LATE_G1_G2,random_forest,0,4,COMPLETE,"{""class_weight"": null, ""max_depth"": 8, ""min_samples_leaf"": 1, ""n_estimators"": 300}","[0.9003039513677812, 0.9316952767656993, 0.8692397904987628]",0.9004130062107478,,False,
student_mat,S2_LATE_G1_G2,random_forest,0,5,COMPLETE,"{""class_weight"": ""balanced"", ""max_depth"": 8, ""min_samples_leaf"": 1, ""n_estimators"": 300}","[0.8844605475040258, 0.9045584413719832, 0.8692397904987628]",0.8860862597915906,,False,
student_mat,S2_LATE_G1_G2,random_forest,0,6,COMPLETE,"{""class_weight"": null, ""max_depth"": 8, ""min_samples_leaf"": 3, ""n_estimators"": 300}","[0.9082634121535723, 0.9234234234234234, 0.8933735819660159]",0.9083534725143372,,False,
student_mat,S2_LATE_G1_G2,random_forest,0,7,COMPLETE,"{""class_weight"": ""balanced"", ""max_depth"": 8, ""min_samples_leaf"": 3, ""n_estimators"": 300}","[0.9003039513677812, 0.8566663798116666, 0.8933735819660159]",0.8834479710484878,,False,
student_mat,S2_LATE_G1_G2,xgboost,0,0,COMPLETE,"{""colsample_bytree"": 0.9, ""learning_rate"": 0.03, ""max_depth"": 2, ""min_child_weight"": 1, ""n_estimators"": 300, ""subsample"": 0.9}","[0.9162581699346406, 0.8887515269253977, 0.8933117900509204]",0.8994404956369862,,False,
student_mat,S2_LATE_G1_G2,xgboost,0,1,COMPLETE,"{""colsample_bytree"": 0.9, ""learning_rate"": 0.03, ""max_depth"": 2, ""min_child_weight"": 5, ""n_estimators"": 300, ""subsample"": 0.9}","[0.9082634121535723, 0.8642199673549061, 0.8854004576659039]",0.8859612790581274,,False,
student_mat,S2_LATE_G1_G2,xgboost,0,2,COMPLETE,"{""colsample_bytree"": 0.9, ""learning_rate"": 0.08, ""max_depth"": 2, ""min_child_weight"": 1, ""n_estimators"": 300, ""subsample"": 0.9}","[0.8985776128633272, 0.8887515269253977, 0.8688662497603098]",0.8853984631830115,,False,
student_mat,S2_LATE_G1_G2,xgboost,0,3,COMPLETE,"{""colsample_bytree"": 0.9, ""learning_rate"": 0.08, ""max_depth"": 2, ""min_child_weight"": 5, ""n_estimators"": 300, ""subsample"": 0.9}","[0.8995098039215685, 0.8797579088236583, 0.877358336597467]",0.8855420164475646,,False,
student_mat,S2_LATE_G1_G2,xgboost,0,4,COMPLETE,"{""colsample_bytree"": 0.9, ""learning_rate"": 0.03, ""max_depth"": 4, ""min_child_weight"": 1, ""n_estimators"": 300, ""subsample"": 0.9}","[0.9154813440527727, 0.8762200111986905, 0.8770991488382793]",0.8896001680299142,,False,
student_mat,S2_LATE_G1_G2,xgboost,0,5,COMPLETE,"{""colsample_bytree"": 0.9, ""learning_rate"": 0.03, ""max_depth"": 4, ""min_child_weight"": 5, ""n_estimators"": 300, ""subsample"": 0.9}","[0.9074729445555727, 0.8642199673549061, 0.8854004576659039]",0.8856977898587943,,False,
student_mat,S2_LATE_G1_G2,xgboost,0,6,COMPLETE,"{""colsample_bytree"": 0.9, ""learning_rate"": 0.08, ""max_depth"": 4, ""min_child_weight"": 1, ""n_estimators"": 300, ""subsample"": 0.9}","[0.9242960455454684, 0.8762200111986905, 0.8794611641480086]",0.8933257402973892,,False,
student_mat,S2_LATE_G1_G2,xgboost,0,7,COMPLETE,"{""colsample_bytree"": 0.9, ""learning_rate"": 0.08, ""max_depth"": 4, ""min_child_weight"": 5, ""n_estimators"": 300, ""subsample"": 0.9}","[0.891584032545131, 0.8642199673549061, 0.8692397904987628]",0.8750145967996,,False,
student_mat,S2_LATE_G1_G2,mlp,0,0,COMPLETE,"{""alpha"": 0.0001, ""hidden_layer_sizes"": [64], ""learning_rate_init"": 0.001}","[0.8650303944421592, 0.8246605239015107, 0.8392382341514025]",0.8429763841650241,,False,
student_mat,S2_LATE_G1_G2,mlp,0,1,COMPLETE,"{""alpha"": 0.001, ""hidden_layer_sizes"": [64], ""learning_rate_init"": 0.001}","[0.8650303944421592, 0.8246605239015107, 0.8392382341514025]",0.8429763841650241,,False,
student_mat,S2_LATE_G1_G2,mlp,0,2,COMPLETE,"{""alpha"": 0.01, ""hidden_layer_sizes"": [64], ""learning_rate_init"": 0.001}","[0.8650303944421592, 0.8246605239015107, 0.8268834394736148]",0.8388581192724281,,False,
student_mat,S2_LATE_G1_G2,mlp,0,3,COMPLETE,"{""alpha"": 0.0001, ""hidden_layer_sizes"": [64, 32], ""learning_rate_init"": 0.001}","[0.8492730637060534, 0.8178874552323014, 0.8531206671255149]",0.8400937286879566,,False,
student_mat,S2_LATE_G1_G2,mlp,0,4,COMPLETE,"{""alpha"": 0.001, ""hidden_layer_sizes"": [64, 32], ""learning_rate_init"": 0.001}","[0.8492730637060534, 0.8071895424836603, 0.8531206671255149]",0.8365277577717428,,False,
student_mat,S2_LATE_G1_G2,mlp,0,5,COMPLETE,"{""alpha"": 0.01, ""hidden_layer_sizes"": [64, 32], ""learning_rate_init"": 0.001}","[0.8532616753150482, 0.8071895424836603, 0.8531206671255149]",0.8378572949747412,,False,
student_mat,S2_LATE_G1_G2,mlp,0,6,COMPLETE,"{""alpha"": 0.0001, ""hidden_layer_sizes"": [128, 64], ""learning_rate_init"": 0.001}","[0.8074683379031206, 0.8729980247971252, 0.8331244045529761]",0.8378635890844074,,False,
student_mat,S2_LATE_G1_G2,mlp,0,7,COMPLETE,"{""alpha"": 0.001, ""hidden_layer_sizes"": [128, 64], ""learning_rate_init"": 0.001}","[0.8074683379031206, 0.8806685933451806, 0.8331244045529761]",0.8404204452670925,,False,
student_mat,S2_LATE_G1_G2,mlp,0,8,COMPLETE,"{""alpha"": 0.01, ""hidden_layer_sizes"": [128, 64], ""learning_rate_init"": 0.001}","[0.8074683379031206, 0.8806685933451806, 0.8331244045529761]",0.8404204452670925,,False,
student_mat,S2_LATE_G1_G2,decision_tree,0,0,COMPLETE,"{""class_weight"": null, ""max_depth"": 3, ""min_samples_leaf"": 2}","[0.8906498435656768, 0.9305069031096428, 0.8933735819660159]",0.9048434428804452,,False,
student_mat,S2_LATE_G1_G2,decision_tree,0,1,COMPLETE,"{""class_weight"": ""balanced"", ""max_depth"": 3, ""min_samples_leaf"": 2}","[0.8906498435656768, 0.8888334878730092, 0.8933735819660159]",0.890952304468234,,False,
student_mat,S2_LATE_G1_G2,decision_tree,0,2,COMPLETE,"{""class_weight"": null, ""max_depth"": 3, ""min_samples_leaf"": 5}","[0.9082634121535723, 0.9305069031096428, 0.8933735819660159]",0.9107146324097436,,False,
student_mat,S2_LATE_G1_G2,decision_tree,0,3,COMPLETE,"{""class_weight"": ""balanced"", ""max_depth"": 3, ""min_samples_leaf"": 5}","[0.9082634121535723, 0.8457030300704756, 0.8933735819660159]",0.8824466747300214,,False,
student_mat,S2_LATE_G1_G2,decision_tree,0,4,COMPLETE,"{""class_weight"": null, ""max_depth"": 5, ""min_samples_leaf"": 2}","[0.8795742541647164, 0.9018797469501695, 0.882154882154882]",0.8878696277565893,,False,
student_mat,S2_LATE_G1_G2,decision_tree,0,5,COMPLETE,"{""class_weight"": ""balanced"", ""max_depth"": 5, ""min_samples_leaf"": 2}","[0.8358358358358359, 0.8811118141235194, 0.9038856799330587]",0.873611109964138,,False,
student_mat,S2_LATE_G1_G2,decision_tree,0,6,COMPLETE,"{""class_weight"": null, ""max_depth"": 5, ""min_samples_leaf"": 5}","[0.9082634121535723, 0.9302358284035961, 0.877358336597467]",0.9052858590515452,,False,
student_mat,S2_LATE_G1_G2,decision_tree,0,7,COMPLETE,"{""class_weight"": ""balanced"", ""max_depth"": 5, ""min_samples_leaf"": 5}","[0.8449519828830173, 0.8219589377484114, 0.8933735819660159]",0.8534281675324816,,False,
student_mat,S2_LATE_G1_G2,decision_tree,0,8,COMPLETE,"{""class_weight"": null, ""max_depth"": null, ""min_samples_leaf"": 2}","[0.857003641585885, 0.8789802789802789, 0.8569545435217076]",0.8643128213626238,,False,
student_mat,S2_LATE_G1_G2,decision_tree,0,9,COMPLETE,"{""class_weight"": ""balanced"", ""max_depth"": null, ""min_samples_leaf"": 2}","[0.871129970139871, 0.850754718624522, 0.895245143385754]",0.8723766107167158,,False,
student_mat,S2_LATE_G1_G2,decision_tree,0,10,COMPLETE,"{""class_weight"": null, ""max_depth"": null, ""min_samples_leaf"": 5}","[0.8455054787049433, 0.8989966555183946, 0.877358336597467]",0.8739534902736016,,False,
student_mat,S2_LATE_G1_G2,decision_tree,0,11,COMPLETE,"{""class_weight"": ""balanced"", ""max_depth"": null, ""min_samples_leaf"": 5}","[0.8449519828830173, 0.8301548237561364, 0.877358336597467]",0.8508217144122069,,False,
student_mat,S2_LATE_G1_G2,hist_gradient_boosting,0,0,COMPLETE,"{""l2_regularization"": 0.0, ""learning_rate"": 0.05, ""max_iter"": 250, ""max_leaf_nodes"": 15}","[0.8970631554141629, 0.894047619047619, 0.8462596361393772]",0.8791234702003864,,False,
student_mat,S2_LATE_G1_G2,hist_gradient_boosting,0,1,COMPLETE,"{""l2_regularization"": 1.0, ""learning_rate"": 0.05, ""max_iter"": 250, ""max_leaf_nodes"": 15}","[0.9154813440527727, 0.8762200111986905, 0.8443478260869566]",0.8786830604461399,,False,
student_mat,S2_LATE_G1_G2,hist_gradient_boosting,0,2,COMPLETE,"{""l2_regularization"": 0.0, ""learning_rate"": 0.05, ""max_iter"": 250, ""max_leaf_nodes"": 31}","[0.8970631554141629, 0.894047619047619, 0.8462596361393772]",0.8791234702003864,,False,
student_mat,S2_LATE_G1_G2,hist_gradient_boosting,0,3,COMPLETE,"{""l2_regularization"": 1.0, ""learning_rate"": 0.05, ""max_iter"": 250, ""max_leaf_nodes"": 31}","[0.9154813440527727, 0.8762200111986905, 0.8443478260869566]",0.8786830604461399,,False,
student_mat,S2_LATE_G1_G2,hist_gradient_boosting,0,4,COMPLETE,"{""l2_regularization"": 0.0, ""learning_rate"": 0.1, ""max_iter"": 250, ""max_leaf_nodes"": 15}","[0.8874928143220826, 0.878077546808197, 0.8462596361393772]",0.8706099990898856,,False,
student_mat,S2_LATE_G1_G2,hist_gradient_boosting,0,5,COMPLETE,"{""l2_regularization"": 1.0, ""learning_rate"": 0.1, ""max_iter"": 250, ""max_leaf_nodes"": 15}","[0.9154813440527727, 0.8607141318861181, 0.8625881385548361]",0.8795945381645757,,False,
student_mat,S2_LATE_G1_G2,hist_gradient_boosting,0,6,COMPLETE,"{""l2_regularization"": 0.0, ""learning_rate"": 0.1, ""max_iter"": 250, ""max_leaf_nodes"": 31}","[0.8874928143220826, 0.878077546808197, 0.8462596361393772]",0.8706099990898856,,False,
student_mat,S2_LATE_G1_G2,hist_gradient_boosting,0,7,COMPLETE,"{""l2_regularization"": 1.0, ""learning_rate"": 0.1, ""max_iter"": 250, ""max_leaf_nodes"": 31}","[0.9154813440527727, 0.8607141318861181, 0.8625881385548361]",0.8795945381645757,,False,
student_mat,S2_LATE_G1_G2,svm,0,0,COMPLETE,"{""C"": 0.5, ""class_weight"": null, ""gamma"": ""scale""}","[0.9074729445555727, 0.8682072829131653, 0.8663715261653406]",0.8806839178780262,,False,
student_mat,S2_LATE_G1_G2,svm,0,1,COMPLETE,"{""C"": 0.5, ""class_weight"": ""balanced"", ""gamma"": ""scale""}","[0.8958550271896332, 0.8448100274187231, 0.8367592592592593]",0.8591414379558718,,False,
student_mat,S2_LATE_G1_G2,svm,0,2,COMPLETE,"{""C"": 0.5, ""class_weight"": null, ""gamma"": 0.1}","[0.891584032545131, 0.8682072829131653, 0.8663715261653406]",0.8753876138745457,,False,
student_mat,S2_LATE_G1_G2,svm,0,3,COMPLETE,"{""C"": 0.5, ""class_weight"": ""balanced"", ""gamma"": 0.1}","[0.8995098039215685, 0.8597937730701332, 0.8367592592592593]",0.8653542787503202,,False,
student_mat,S2_LATE_G1_G2,svm,0,4,COMPLETE,"{""C"": 1.0, ""class_weight"": null, ""gamma"": ""scale""}","[0.8836879432624114, 0.8726151456871721, 0.8550786407929265]",0.8704605765808368,,False,
student_mat,S2_LATE_G1_G2,svm,0,5,COMPLETE,"{""C"": 1.0, ""class_weight"": ""balanced"", ""gamma"": ""scale""}","[0.891584032545131, 0.8604778691735214, 0.8742480249329564]",0.875436642217203,,False,
student_mat,S2_LATE_G1_G2,svm,0,6,COMPLETE,"{""C"": 1.0, ""class_weight"": null, ""gamma"": 0.1}","[0.8660130718954249, 0.8482386454822661, 0.8434523318244249]",0.8525680164007053,,False,
student_mat,S2_LATE_G1_G2,svm,0,7,COMPLETE,"{""C"": 1.0, ""class_weight"": ""balanced"", ""gamma"": 0.1}","[0.857003641585885, 0.8756964027787331, 0.8526304890297062]",0.8617768444647748,,False,
student_mat,S2_LATE_G1_G2,svm,0,8,COMPLETE,"{""C"": 2.0, ""class_weight"": null, ""gamma"": ""scale""}","[0.8895622895622896, 0.864141275190866, 0.8663715261653406]",0.8733583636394987,,False,
student_mat,S2_LATE_G1_G2,svm,0,9,COMPLETE,"{""C"": 2.0, ""class_weight"": ""balanced"", ""gamma"": ""scale""}","[0.8725718725718726, 0.8524509803921569, 0.8638794569668985]",0.8629674366436427,,False,
student_mat,S2_LATE_G1_G2,svm,0,10,COMPLETE,"{""C"": 2.0, ""class_weight"": null, ""gamma"": 0.1}","[0.8633333333333333, 0.8597937730701332, 0.8252129542851193]",0.8494466868961953,,False,
student_mat,S2_LATE_G1_G2,svm,0,11,COMPLETE,"{""C"": 2.0, ""class_weight"": ""balanced"", ""gamma"": 0.1}","[0.8539472994918539, 0.8679818338262361, 0.8478741846418973]",0.8566011059866625,,False,
student_mat,S2_LATE_G1_G2,logistic_regression,1,0,COMPLETE,"{""C"": 0.1, ""class_weight"": null}","[0.785080365725527, 0.8727513227513227, 0.8636604136604137]",0.8404973673790878,,False,
student_mat,S2_LATE_G1_G2,logistic_regression,1,1,COMPLETE,"{""C"": 0.1, ""class_weight"": ""balanced""}","[0.8130238555770471, 0.8689013967062748, 0.8670992263225273]",0.8496748262019498,,False,
student_mat,S2_LATE_G1_G2,logistic_regression,1,2,COMPLETE,"{""C"": 1.0, ""class_weight"": null}","[0.83001443001443, 0.9094011908774294, 0.8809471968199735]",0.873454272570611,,False,
student_mat,S2_LATE_G1_G2,logistic_regression,1,3,COMPLETE,"{""C"": 1.0, ""class_weight"": ""balanced""}","[0.8403074220465525, 0.8571815718157181, 0.8670992263225273]",0.8548627400615993,,False,
student_mat,S2_LATE_G1_G2,logistic_regression,1,4,COMPLETE,"{""C"": 10.0, ""class_weight"": null}","[0.8182561190691272, 0.8933621933621932, 0.8863792336075577]",0.8659991820129593,,False,
student_mat,S2_LATE_G1_G2,logistic_regression,1,5,COMPLETE,"{""C"": 10.0, ""class_weight"": ""balanced""}","[0.8563658563658564, 0.879951690821256, 0.8580667394814586]",0.864794762222857,,False,
student_mat,S2_LATE_G1_G2,random_forest,1,0,COMPLETE,"{""class_weight"": null, ""max_depth"": null, ""min_samples_leaf"": 1, ""n_estimators"": 300}","[0.8702741702741702, 0.9080953725996567, 0.9018968844775297]",0.8934221424504522,,False,
student_mat,S2_LATE_G1_G2,random_forest,1,1,COMPLETE,"{""class_weight"": ""balanced"", ""max_depth"": null, ""min_samples_leaf"": 1, ""n_estimators"": 300}","[0.8793182887031586, 0.9080953725996567, 0.9018968844775297]",0.8964368485934484,,False,
student_mat,S2_LATE_G1_G2,random_forest,1,2,COMPLETE,"{""class_weight"": null, ""max_depth"": null, ""min_samples_leaf"": 3, ""n_estimators"": 300}","[0.8882061785287592, 0.896789074134612, 0.9165456591846137]",0.9005136372826615,,False,
student_mat,S2_LATE_G1_G2,random_forest,1,3,COMPLETE,"{""class_weight"": ""balanced"", ""max_depth"": null, ""min_samples_leaf"": 3, ""n_estimators"": 300}","[0.8721454776879306, 0.9243521626589303, 0.9170592062459337]",0.9045189488642648,,False,
student_mat,S2_LATE_G1_G2,random_forest,1,4,COMPLETE,"{""class_weight"": null, ""max_depth"": 8, ""min_samples_leaf"": 1, ""n_estimators"": 300}","[0.8793182887031586, 0.9080953725996567, 0.9018810091809443]",0.8964315568279199,,False,
student_mat,S2_LATE_G1_G2,random_forest,1,5,COMPLETE,"{""class_weight"": ""balanced"", ""max_depth"": 8, ""min_samples_leaf"": 1, ""n_estimators"": 300}","[0.8793182887031586, 0.9241933097502253, 0.9018968844775297]",0.901802827643638,,False,
student_mat,S2_LATE_G1_G2,random_forest,1,6,COMPLETE,"{""class_weight"": null, ""max_depth"": 8, ""min_samples_leaf"": 3, ""n_estimators"": 300}","[0.8801364782673193, 0.896789074134612, 0.9244323279128307]",0.9004526267715872,,False,
student_mat,S2_LATE_G1_G2,random_forest,1,7,COMPLETE,"{""class_weight"": ""balanced"", ""max_depth"": 8, ""min_samples_leaf"": 3, ""n_estimators"": 300}","[0.8721454776879306, 0.9243521626589303, 0.9170592062459337]",0.9045189488642648,,False,
student_mat,S2_LATE_G1_G2,xgboost,1,0,COMPLETE,"{""colsample_bytree"": 0.9, ""learning_rate"": 0.03, ""max_depth"": 2, ""min_child_weight"": 1, ""n_estimators"": 300, ""subsample"": 0.9}","[0.8712806508505433, 0.9241933097502253, 0.9012831522690701]",0.8989190376232795,,False,
student_mat,S2_LATE_G1_G2,xgboost,1,1,COMPLETE,"{""colsample_bytree"": 0.9, ""learning_rate"": 0.03, ""max_depth"": 2, ""min_child_weight"": 5, ""n_estimators"": 300, ""subsample"": 0.9}","[0.8712806508505433, 0.9162499860174278, 0.894996883676129]",0.8941758401813668,,False,
student_mat,S2_LATE_G1_G2,xgboost,1,2,COMPLETE,"{""colsample_bytree"": 0.9, ""learning_rate"": 0.08, ""max_depth"": 2, ""min_child_weight"": 1, ""n_estimators"": 300, ""subsample"": 0.9}","[0.8793182887031586, 0.9208569208569207, 0.8648215523215524]",0.8883322539605439,,False,
student_mat,S2_LATE_G1_G2,xgboost,1,3,COMPLETE,"{""colsample_bytree"": 0.9, ""learning_rate"": 0.08, ""max_depth"": 2, ""min_child_weight"": 5, ""n_estimators"": 300, ""subsample"": 0.9}","[0.8986605978711802, 0.8883405483405484, 0.8640373864430467]",0.883679510884925,,False,
student_mat,S2_LATE_G1_G2,xgboost,1,4,COMPLETE,"{""colsample_bytree"": 0.9, ""learning_rate"": 0.03, ""max_depth"": 4, ""min_child_weight"": 1, ""n_estimators"": 300, ""subsample"": 0.9}","[0.8874458874458875, 0.9080953725996567, 0.8939234165040616]",0.8964882255165353,,False,
student_mat,S2_LATE_G1_G2,xgboost,1,5,COMPLETE,"{""colsample_bytree"": 0.9, ""learning_rate"": 0.03, ""max_depth"": 4, ""min_child_weight"": 5, ""n_estimators"": 300, ""subsample"": 0.9}","[0.8712806508505433, 0.9080953725996567, 0.8708733542949849]",0.883416459248395,,False,
student_mat,S2_LATE_G1_G2,xgboost,1,6,COMPLETE,"{""colsample_bytree"": 0.9, ""learning_rate"": 0.08, ""max_depth"": 4, ""min_child_weight"": 1, ""n_estimators"": 300, ""subsample"": 0.9}","[0.8874458874458875, 0.8922768721566735, 0.8785652011458464]",0.8860959869161357,,False,
student_mat,S2_LATE_G1_G2,xgboost,1,7,COMPLETE,"{""colsample_bytree"": 0.9, ""learning_rate"": 0.08, ""max_depth"": 4, ""min_child_weight"": 5, ""n_estimators"": 300, ""subsample"": 0.9}","[0.8793182887031586, 0.9080953725996567, 0.8721868884540117]",0.886533516585609,,False,
student_mat,S2_LATE_G1_G2,mlp,1,0,COMPLETE,"{""alpha"": 0.0001, ""hidden_layer_sizes"": [64], ""learning_rate_init"": 0.001}","[0.7885460778382738, 0.8689266911322425, 0.8681163449953179]",0.8418630379886114,,False,
student_mat,S2_LATE_G1_G2,mlp,1,1,COMPLETE,"{""alpha"": 0.001, ""hidden_layer_sizes"": [64], ""learning_rate_init"": 0.001}","[0.8006827581244992, 0.857671901150162, 0.8681163449953179]",0.8421570014233263,,False,
student_mat,S2_LATE_G1_G2,mlp,1,2,COMPLETE,"{""alpha"": 0.01, ""hidden_layer_sizes"": [64], ""learning_rate_init"": 0.001}","[0.8006827581244992, 0.8768704854733066, 0.8681163449953179]",0.8485565295310412,,False,
student_mat,S2_LATE_G1_G2,mlp,1,3,COMPLETE,"{""alpha"": 0.0001, ""hidden_layer_sizes"": [64, 32], ""learning_rate_init"": 0.001}","[0.7847775299989381, 0.8573476702508961, 0.9018810091809443]",0.8480020698102595,,False,
student_mat,S2_LATE_G1_G2,mlp,1,4,COMPLETE,"{""alpha"": 0.001, ""hidden_layer_sizes"": [64, 32], ""learning_rate_init"": 0.001}","[0.7847775299989381, 0.8573476702508961, 0.909725463082995]",0.8506168877776097,,False,
student_mat,S2_LATE_G1_G2,mlp,1,5,COMPLETE,"{""alpha"": 0.01, ""hidden_layer_sizes"": [64, 32], ""learning_rate_init"": 0.001}","[0.7847775299989381, 0.8573476702508961, 0.909725463082995]",0.8506168877776097,,False,
student_mat,S2_LATE_G1_G2,mlp,1,6,COMPLETE,"{""alpha"": 0.0001, ""hidden_layer_sizes"": [128, 64], ""learning_rate_init"": 0.001}","[0.7933378847357342, 0.8463376688590887, 0.8647342153626395]",0.8348032563191542,,False,
student_mat,S2_LATE_G1_G2,mlp,1,7,COMPLETE,"{""alpha"": 0.001, ""hidden_layer_sizes"": [128, 64], ""learning_rate_init"": 0.001}","[0.7933378847357342, 0.857671901150162, 0.8647342153626395]",0.8385813337495119,,False,
student_mat,S2_LATE_G1_G2,mlp,1,8,COMPLETE,"{""alpha"": 0.01, ""hidden_layer_sizes"": [128, 64], ""learning_rate_init"": 0.001}","[0.7933378847357342, 0.857671901150162, 0.8870510249078934]",0.8460202702645966,,False,
student_mat,S2_LATE_G1_G2,decision_tree,1,0,COMPLETE,"{""class_weight"": null, ""max_depth"": 3, ""min_samples_leaf"": 2}","[0.8893883893883894, 0.8793650793650793, 0.9165456591846137]",0.8950997093126941,,False,
student_mat,S2_LATE_G1_G2,decision_tree,1,1,COMPLETE,"{""class_weight"": ""balanced"", ""max_depth"": 3, ""min_samples_leaf"": 2}","[0.8893883893883894, 0.896789074134612, 0.9170592062459337]",0.9010788899229784,,False,
student_mat,S2_LATE_G1_G2,decision_tree,1,2,COMPLETE,"{""class_weight"": null, ""max_depth"": 3, ""min_samples_leaf"": 5}","[0.8893883893883894, 0.8793650793650793, 0.9165456591846137]",0.8950997093126941,,False,
student_mat,S2_LATE_G1_G2,decision_tree,1,3,COMPLETE,"{""class_weight"": ""balanced"", ""max_depth"": 3, ""min_samples_leaf"": 5}","[0.8893883893883894, 0.9129019129019129, 0.9170592062459337]",0.9064498361787452,,False,
student_mat,S2_LATE_G1_G2,decision_tree,1,4,COMPLETE,"{""class_weight"": null, ""max_depth"": 5, ""min_samples_leaf"": 2}","[0.8841679381304579, 0.856920856920857, 0.9005670823026571]",0.8805519591179908,,False,
student_mat,S2_LATE_G1_G2,decision_tree,1,5,COMPLETE,"{""class_weight"": ""balanced"", ""max_depth"": 5, ""min_samples_leaf"": 2}","[0.8684491978609626, 0.8965443912812333, 0.8691401088737382]",0.8780445660053114,,False,
student_mat,S2_LATE_G1_G2,decision_tree,1,6,COMPLETE,"{""class_weight"": null, ""max_depth"": 5, ""min_samples_leaf"": 5}","[0.8622731190034544, 0.8965443912812333, 0.9167048805364949]",0.8918407969403942,,False,
student_mat,S2_LATE_G1_G2,decision_tree,1,7,COMPLETE,"{""class_weight"": ""balanced"", ""max_depth"": 5, ""min_samples_leaf"": 5}","[0.8628587081168666, 0.8790945165945167, 0.9167048805364949]",0.8862193684159595,,False,
student_mat,S2_LATE_G1_G2,decision_tree,1,8,COMPLETE,"{""class_weight"": null, ""max_depth"": null, ""min_samples_leaf"": 2}","[0.8642059597468174, 0.8536060107792088, 0.871298593879239]",0.8630368548017552,,False,
student_mat,S2_LATE_G1_G2,decision_tree,1,9,COMPLETE,"{""class_weight"": ""balanced"", ""max_depth"": null, ""min_samples_leaf"": 2}","[0.8628587081168666, 0.8562430079284011, 0.8388977212506624]",0.8526664790986435,,False,
student_mat,S2_LATE_G1_G2,decision_tree,1,10,COMPLETE,"{""class_weight"": null, ""max_depth"": null, ""min_samples_leaf"": 5}","[0.8622731190034544, 0.8965443912812333, 0.8945445354695853]",0.8844540152514243,,False,
student_mat,S2_LATE_G1_G2,decision_tree,1,11,COMPLETE,"{""class_weight"": ""balanced"", ""max_depth"": null, ""min_samples_leaf"": 5}","[0.8525392079366716, 0.8644996476391825, 0.8945445354695853]",0.8705277970151465,,False,
student_mat,S2_LATE_G1_G2,hist_gradient_boosting,1,0,COMPLETE,"{""l2_regularization"": 0.0, ""learning_rate"": 0.05, ""max_iter"": 250, ""max_leaf_nodes"": 15}","[0.838733528002396, 0.8888888888888888, 0.8785652011458464]",0.868729206012377,,False,
student_mat,S2_LATE_G1_G2,hist_gradient_boosting,1,1,COMPLETE,"{""l2_regularization"": 1.0, ""learning_rate"": 0.05, ""max_iter"": 250, ""max_leaf_nodes"": 15}","[0.8874458874458875, 0.8998809122570498, 0.8939234165040616]",0.8937500720689996,,False,
student_mat,S2_LATE_G1_G2,hist_gradient_boosting,1,2,COMPLETE,"{""l2_regularization"": 0.0, ""learning_rate"": 0.05, ""max_iter"": 250, ""max_leaf_nodes"": 31}","[0.838733528002396, 0.8888888888888888, 0.8785652011458464]",0.868729206012377,,False,
student_mat,S2_LATE_G1_G2,hist_gradient_boosting,1,3,COMPLETE,"{""l2_regularization"": 1.0, ""learning_rate"": 0.05, ""max_iter"": 250, ""max_leaf_nodes"": 31}","[0.8874458874458875, 0.8998809122570498, 0.8939234165040616]",0.8937500720689996,,False,
student_mat,S2_LATE_G1_G2,hist_gradient_boosting,1,4,COMPLETE,"{""l2_regularization"": 0.0, ""learning_rate"": 0.1, ""max_iter"": 250, ""max_leaf_nodes"": 15}","[0.8465113979132671, 0.9001845699520118, 0.8865977391783844]",0.8777645690145545,,False,
student_mat,S2_LATE_G1_G2,hist_gradient_boosting,1,5,COMPLETE,"{""l2_regularization"": 1.0, ""learning_rate"": 0.1, ""max_iter"": 250, ""max_leaf_nodes"": 15}","[0.8783674715878105, 0.8837456465565667, 0.8865977391783844]",0.8829036191075872,,False,
student_mat,S2_LATE_G1_G2,hist_gradient_boosting,1,6,COMPLETE,"{""l2_regularization"": 0.0, ""learning_rate"": 0.1, ""max_iter"": 250, ""max_leaf_nodes"": 31}","[0.8465113979132671, 0.9001845699520118, 0.8865977391783844]",0.8777645690145545,,False,
student_mat,S2_LATE_G1_G2,hist_gradient_boosting,1,7,COMPLETE,"{""l2_regularization"": 1.0, ""learning_rate"": 0.1, ""max_iter"": 250, ""max_leaf_nodes"": 31}","[0.8783674715878105, 0.8837456465565667, 0.8865977391783844]",0.8829036191075872,,False,
student_mat,S2_LATE_G1_G2,svm,1,0,COMPLETE,"{""C"": 0.5, ""class_weight"": null, ""gamma"": ""scale""}","[0.7855107855107856, 0.8851041589226135, 0.8720790543338174]",0.8475646662557388,,False,
student_mat,S2_LATE_G1_G2,svm,1,1,COMPLETE,"{""C"": 0.5, ""class_weight"": ""balanced"", ""gamma"": ""scale""}","[0.7934346611918718, 0.9045554445554446, 0.8369359876209191]",0.8449753644560785,,False,
student_mat,S2_LATE_G1_G2,svm,1,2,COMPLETE,"{""C"": 0.5, ""class_weight"": null, ""gamma"": 0.1}","[0.7947793060050342, 0.8543804066958769, 0.8703104100364373]",0.8398233742457828,,False,
student_mat,S2_LATE_G1_G2,svm,1,3,COMPLETE,"{""C"": 0.5, ""class_weight"": ""balanced"", ""gamma"": 0.1}","[0.7519448264537449, 0.8548148148148148, 0.879973753966664]",0.8289111317450746,,False,
student_mat,S2_LATE_G1_G2,svm,1,4,COMPLETE,"{""C"": 1.0, ""class_weight"": null, ""gamma"": ""scale""}","[0.8096612125738339, 0.8656016385048644, 0.8944444444444445]",0.8565690985077142,,False,
student_mat,S2_LATE_G1_G2,svm,1,5,COMPLETE,"{""C"": 1.0, ""class_weight"": ""balanced"", ""gamma"": ""scale""}","[0.8075953122682095, 0.8885402986526582, 0.8793078793078792]",0.8584811634095822,,False,
student_mat,S2_LATE_G1_G2,svm,1,6,COMPLETE,"{""C"": 1.0, ""class_weight"": null, ""gamma"": 0.1}","[0.8031746031746033, 0.861361685327751, 0.879973753966664]",0.8481700141563394,,False,
student_mat,S2_LATE_G1_G2,svm,1,7,COMPLETE,"{""C"": 1.0, ""class_weight"": ""balanced"", ""gamma"": 0.1}","[0.7865689865689866, 0.8382965871337964, 0.84]",0.8216218579009276,,False,
student_mat,S2_LATE_G1_G2,svm,1,8,COMPLETE,"{""C"": 2.0, ""class_weight"": null, ""gamma"": ""scale""}","[0.8061531007751938, 0.8693826498704548, 0.879973753966664]",0.8518365015374375,,False,
student_mat,S2_LATE_G1_G2,svm,1,9,COMPLETE,"{""C"": 2.0, ""class_weight"": ""balanced"", ""gamma"": ""scale""}","[0.7953466286799621, 0.8378306061541628, 0.8703104100364373]",0.8344958816235207,,False,
student_mat,S2_LATE_G1_G2,svm,1,10,COMPLETE,"{""C"": 2.0, ""class_weight"": null, ""gamma"": 0.1}","[0.8244078524452356, 0.8495432837204989, 0.8868031449339862]",0.8535847603665735,,False,
student_mat,S2_LATE_G1_G2,svm,1,11,COMPLETE,"{""C"": 2.0, ""class_weight"": ""balanced"", ""gamma"": 0.1}","[0.8047522034799787, 0.8182900432900433, 0.8416436730455422]",0.8215619732718548,,False,
student_mat,S2_LATE_G1_G2,logistic_regression,2,0,COMPLETE,"{""C"": 0.1, ""class_weight"": null}","[0.8776018268942797, 0.8602483470408, 0.9161904761904762]",0.8846802167085186,,False,
student_mat,S2_LATE_G1_G2,logistic_regression,2,1,COMPLETE,"{""C"": 0.1, ""class_weight"": ""balanced""}","[0.8530803625798145, 0.8418036626684534, 0.8681505779443923]",0.8543448677308868,,False,
student_mat,S2_LATE_G1_G2,logistic_regression,2,2,COMPLETE,"{""C"": 1.0, ""class_weight"": null}","[0.9064442332735015, 0.8249980648384668, 0.900952380952381]",0.8774648930214498,,False,
student_mat,S2_LATE_G1_G2,logistic_regression,2,3,COMPLETE,"{""C"": 1.0, ""class_weight"": ""balanced""}","[0.8575401069518717, 0.8240325225164522, 0.8600865800865801]",0.8472197365183013,,False,
student_mat,S2_LATE_G1_G2,logistic_regression,2,4,COMPLETE,"{""C"": 10.0, ""class_weight"": null}","[0.8977238132323269, 0.8249980648384668, 0.8937246963562754]",0.8721488581423564,,False,
student_mat,S2_LATE_G1_G2,logistic_regression,2,5,COMPLETE,"{""C"": 10.0, ""class_weight"": ""balanced""}","[0.8795518207282913, 0.8229398407236985, 0.8733846598945609]",0.8586254404488503,,False,
student_mat,S2_LATE_G1_G2,random_forest,2,0,COMPLETE,"{""class_weight"": null, ""max_depth"": null, ""min_samples_leaf"": 1, ""n_estimators"": 300}","[0.9043450928943826, 0.8772296167923822, 0.9091927893088062]",0.8969224996651904,,False,
student_mat,S2_LATE_G1_G2,random_forest,2,1,COMPLETE,"{""class_weight"": ""balanced"", ""max_depth"": null, ""min_samples_leaf"": 1, ""n_estimators"": 300}","[0.9043450928943826, 0.888235294117647, 0.9085703070992537]",0.9003835647037611,,False,
student_mat,S2_LATE_G1_G2,random_forest,2,2,COMPLETE,"{""class_weight"": null, ""max_depth"": null, ""min_samples_leaf"": 3, ""n_estimators"": 300}","[0.8965079365079364, 0.8965466111828574, 0.9018810091809443]",0.8983118522905794,,False,
student_mat,S2_LATE_G1_G2,random_forest,2,3,COMPLETE,"{""class_weight"": ""balanced"", ""max_depth"": null, ""min_samples_leaf"": 3, ""n_estimators"": 300}","[0.9021116587824053, 0.8855331683751619, 0.9018810091809443]",0.8965086121128372,,False,
student_mat,S2_LATE_G1_G2,random_forest,2,4,COMPLETE,"{""class_weight"": null, ""max_depth"": 8, ""min_samples_leaf"": 1, ""n_estimators"": 300}","[0.9043450928943826, 0.888235294117647, 0.9091927893088062]",0.900591058773612,,False,
student_mat,S2_LATE_G1_G2,random_forest,2,5,COMPLETE,"{""class_weight"": ""balanced"", ""max_depth"": 8, ""min_samples_leaf"": 1, ""n_estimators"": 300}","[0.9126984126984127, 0.888235294117647, 0.9091927893088062]",0.9033754987082886,,False,
student_mat,S2_LATE_G1_G2,random_forest,2,6,COMPLETE,"{""class_weight"": null, ""max_depth"": 8, ""min_samples_leaf"": 3, ""n_estimators"": 300}","[0.8965079365079364, 0.8965466111828574, 0.9018810091809443]",0.8983118522905794,,False,
student_mat,S2_LATE_G1_G2,random_forest,2,7,COMPLETE,"{""class_weight"": ""balanced"", ""max_depth"": 8, ""min_samples_leaf"": 3, ""n_estimators"": 300}","[0.9021116587824053, 0.8855331683751619, 0.9018810091809443]",0.8965086121128372,,False,
student_mat,S2_LATE_G1_G2,xgboost,2,0,COMPLETE,"{""colsample_bytree"": 0.9, ""learning_rate"": 0.03, ""max_depth"": 2, ""min_child_weight"": 1, ""n_estimators"": 300, ""subsample"": 0.9}","[0.8991079653971464, 0.8712898212898214, 0.9165456591846137]",0.8956478152905273,,False,
student_mat,S2_LATE_G1_G2,xgboost,2,1,COMPLETE,"{""colsample_bytree"": 0.9, ""learning_rate"": 0.03, ""max_depth"": 2, ""min_child_weight"": 5, ""n_estimators"": 300, ""subsample"": 0.9}","[0.8684157061396974, 0.8712898212898214, 0.9018810091809443]",0.880528845536821,,False,
student_mat,S2_LATE_G1_G2,xgboost,2,2,COMPLETE,"{""colsample_bytree"": 0.9, ""learning_rate"": 0.08, ""max_depth"": 2, ""min_child_weight"": 1, ""n_estimators"": 300, ""subsample"": 0.9}","[0.8997885429966287, 0.8626373626373627, 0.9004989182745375]",0.8876416079695096,,False,
student_mat,S2_LATE_G1_G2,xgboost,2,3,COMPLETE,"{""colsample_bytree"": 0.9, ""learning_rate"": 0.08, ""max_depth"": 2, ""min_child_weight"": 5, ""n_estimators"": 300, ""subsample"": 0.9}","[0.8879373444590836, 0.8712898212898214, 0.9018810091809443]",0.8870360583099498,,False,
student_mat,S2_LATE_G1_G2,xgboost,2,4,COMPLETE,"{""colsample_bytree"": 0.9, ""learning_rate"": 0.03, ""max_depth"": 4, ""min_child_weight"": 1, ""n_estimators"": 300, ""subsample"": 0.9}","[0.9069248238093303, 0.8437273516601009, 0.9012403995871167]",0.883964191685516,,False,
student_mat,S2_LATE_G1_G2,xgboost,2,5,COMPLETE,"{""colsample_bytree"": 0.9, ""learning_rate"": 0.03, ""max_depth"": 4, ""min_child_weight"": 5, ""n_estimators"": 300, ""subsample"": 0.9}","[0.8793582887700535, 0.8712898212898214, 0.8859351399896197]",0.8788610833498316,,False,
student_mat,S2_LATE_G1_G2,xgboost,2,6,COMPLETE,"{""colsample_bytree"": 0.9, ""learning_rate"": 0.08, ""max_depth"": 4, ""min_child_weight"": 1, ""n_estimators"": 300, ""subsample"": 0.9}","[0.8997885429966287, 0.8523356436373845, 0.9091927893088062]",0.8871056586476064,,False,
student_mat,S2_LATE_G1_G2,xgboost,2,7,COMPLETE,"{""colsample_bytree"": 0.9, ""learning_rate"": 0.08, ""max_depth"": 4, ""min_child_weight"": 5, ""n_estimators"": 300, ""subsample"": 0.9}","[0.8879373444590836, 0.8712898212898214, 0.8859351399896197]",0.8817207685795082,,False,
student_mat,S2_LATE_G1_G2,mlp,2,0,COMPLETE,"{""alpha"": 0.0001, ""hidden_layer_sizes"": [64], ""learning_rate_init"": 0.001}","[0.86003093479729, 0.747578681458911, 0.7550925925925926]",0.7875674029495979,,False,
student_mat,S2_LATE_G1_G2,mlp,2,1,COMPLETE,"{""alpha"": 0.001, ""hidden_layer_sizes"": [64], ""learning_rate_init"": 0.001}","[0.86003093479729, 0.747578681458911, 0.7550925925925926]",0.7875674029495979,,False,
student_mat,S2_LATE_G1_G2,mlp,2,2,COMPLETE,"{""alpha"": 0.01, ""hidden_layer_sizes"": [64], ""learning_rate_init"": 0.001}","[0.86003093479729, 0.747578681458911, 0.7550925925925926]",0.7875674029495979,,False,
student_mat,S2_LATE_G1_G2,mlp,2,3,COMPLETE,"{""alpha"": 0.0001, ""hidden_layer_sizes"": [64, 32], ""learning_rate_init"": 0.001}","[0.7886443238555915, 0.8560948042607118, 0.8907359307359307]",0.8451583529507447,,False,
student_mat,S2_LATE_G1_G2,mlp,2,4,COMPLETE,"{""alpha"": 0.001, ""hidden_layer_sizes"": [64, 32], ""learning_rate_init"": 0.001}","[0.7886443238555915, 0.8560948042607118, 0.8907359307359307]",0.8451583529507447,,False,
student_mat,S2_LATE_G1_G2,mlp,2,5,COMPLETE,"{""alpha"": 0.01, ""hidden_layer_sizes"": [64, 32], ""learning_rate_init"": 0.001}","[0.7886443238555915, 0.8560948042607118, 0.8907359307359307]",0.8451583529507447,,False,
student_mat,S2_LATE_G1_G2,mlp,2,6,COMPLETE,"{""alpha"": 0.0001, ""hidden_layer_sizes"": [128, 64], ""learning_rate_init"": 0.001}","[0.8570157973389678, 0.8534107402031931, 0.8181499862145024]",0.8428588412522212,,False,
student_mat,S2_LATE_G1_G2,mlp,2,7,COMPLETE,"{""alpha"": 0.001, ""hidden_layer_sizes"": [128, 64], ""learning_rate_init"": 0.001}","[0.8570157973389678, 0.8534107402031931, 0.8181499862145024]",0.8428588412522212,,False,
student_mat,S2_LATE_G1_G2,mlp,2,8,COMPLETE,"{""alpha"": 0.01, ""hidden_layer_sizes"": [128, 64], ""learning_rate_init"": 0.001}","[0.8570157973389678, 0.8534107402031931, 0.8181499862145024]",0.8428588412522212,,False,
student_mat,S2_LATE_G1_G2,decision_tree,2,0,COMPLETE,"{""class_weight"": null, ""max_depth"": 3, ""min_samples_leaf"": 2}","[0.8854274835583246, 0.8858585858585859, 0.8923238509445407]",0.887869973453817,,False,
student_mat,S2_LATE_G1_G2,decision_tree,2,1,COMPLETE,"{""class_weight"": ""balanced"", ""max_depth"": 3, ""min_samples_leaf"": 2}","[0.8913719131110436, 0.855580981439105, 0.8895652102483221]",0.8788393682661568,,False,
student_mat,S2_LATE_G1_G2,decision_tree,2,2,COMPLETE,"{""class_weight"": null, ""max_depth"": 3, ""min_samples_leaf"": 5}","[0.9030525030525031, 0.8858585858585859, 0.8923238509445407]",0.8937449799518765,,False,
student_mat,S2_LATE_G1_G2,decision_tree,2,3,COMPLETE,"{""class_weight"": ""balanced"", ""max_depth"": 3, ""min_samples_leaf"": 5}","[0.8913719131110436, 0.855580981439105, 0.9032180333151206]",0.8833903092884231,,False,
student_mat,S2_LATE_G1_G2,decision_tree,2,4,COMPLETE,"{""class_weight"": null, ""max_depth"": 5, ""min_samples_leaf"": 2}","[0.8554010976371225, 0.8680348249759625, 0.8794655934010569]",0.8676338386713806,,False,
student_mat,S2_LATE_G1_G2,decision_tree,2,5,COMPLETE,"{""class_weight"": ""balanced"", ""max_depth"": 5, ""min_samples_leaf"": 2}","[0.8752448100274187, 0.8769597161195062, 0.8739812517231873]",0.8753952592900375,,False,
student_mat,S2_LATE_G1_G2,decision_tree,2,6,COMPLETE,"{""class_weight"": null, ""max_depth"": 5, ""min_samples_leaf"": 5}","[0.8906104523495828, 0.8947761568155612, 0.8923238509445407]",0.892570153369895,,False,
student_mat,S2_LATE_G1_G2,decision_tree,2,7,COMPLETE,"{""class_weight"": ""balanced"", ""max_depth"": 5, ""min_samples_leaf"": 5}","[0.8909824799485011, 0.8552339300666394, 0.8876190476190476]",0.8779451525447294,,False,
student_mat,S2_LATE_G1_G2,decision_tree,2,8,COMPLETE,"{""class_weight"": null, ""max_depth"": null, ""min_samples_leaf"": 2}","[0.8965079365079364, 0.8472950062553347, 0.8870510249078934]",0.8769513225570549,,False,
student_mat,S2_LATE_G1_G2,decision_tree,2,9,COMPLETE,"{""class_weight"": ""balanced"", ""max_depth"": null, ""min_samples_leaf"": 2}","[0.8583160800552104, 0.8536784447516789, 0.8647275187079863]",0.8589073478382918,,False,
student_mat,S2_LATE_G1_G2,decision_tree,2,10,COMPLETE,"{""class_weight"": null, ""max_depth"": null, ""min_samples_leaf"": 5}","[0.9116716616716616, 0.8958485958485959, 0.8923238509445407]",0.8999480361549327,,False,
student_mat,S2_LATE_G1_G2,decision_tree,2,11,COMPLETE,"{""class_weight"": ""balanced"", ""max_depth"": null, ""min_samples_leaf"": 5}","[0.9076616662429019, 0.8556264991047601, 0.8876190476190476]",0.8836357376555699,,False,
student_mat,S2_LATE_G1_G2,hist_gradient_boosting,2,0,COMPLETE,"{""l2_regularization"": 0.0, ""learning_rate"": 0.05, ""max_iter"": 250, ""max_leaf_nodes"": 15}","[0.8887127478676774, 0.8697975240078676, 0.8870510249078934]",0.8818537655944795,,False,
student_mat,S2_LATE_G1_G2,hist_gradient_boosting,2,1,COMPLETE,"{""l2_regularization"": 1.0, ""learning_rate"": 0.05, ""max_iter"": 250, ""max_leaf_nodes"": 15}","[0.8750763448437867, 0.8633966091870743, 0.8931948398889241]",0.8772225979732617,,False,
student_mat,S2_LATE_G1_G2,hist_gradient_boosting,2,2,COMPLETE,"{""l2_regularization"": 0.0, ""learning_rate"": 0.05, ""max_iter"": 250, ""max_leaf_nodes"": 31}","[0.8887127478676774, 0.8697975240078676, 0.8870510249078934]",0.8818537655944795,,False,
student_mat,S2_LATE_G1_G2,hist_gradient_boosting,2,3,COMPLETE,"{""l2_regularization"": 1.0, ""learning_rate"": 0.05, ""max_iter"": 250, ""max_leaf_nodes"": 31}","[0.8750763448437867, 0.8633966091870743, 0.8931948398889241]",0.8772225979732617,,False,
student_mat,S2_LATE_G1_G2,hist_gradient_boosting,2,4,COMPLETE,"{""l2_regularization"": 0.0, ""learning_rate"": 0.1, ""max_iter"": 250, ""max_leaf_nodes"": 15}","[0.8795518207282913, 0.8531806085849821, 0.8870510249078934]",0.8732611514070556,,False,
student_mat,S2_LATE_G1_G2,hist_gradient_boosting,2,5,COMPLETE,"{""l2_regularization"": 1.0, ""learning_rate"": 0.1, ""max_iter"": 250, ""max_leaf_nodes"": 15}","[0.8827794629816874, 0.8523356436373845, 0.9012403995871167]",0.8787851687353961,,False,
student_mat,S2_LATE_G1_G2,hist_gradient_boosting,2,6,COMPLETE,"{""l2_regularization"": 0.0, ""learning_rate"": 0.1, ""max_iter"": 250, ""max_leaf_nodes"": 31}","[0.8795518207282913, 0.8531806085849821, 0.8870510249078934]",0.8732611514070556,,False,
student_mat,S2_LATE_G1_G2,hist_gradient_boosting,2,7,COMPLETE,"{""l2_regularization"": 1.0, ""learning_rate"": 0.1, ""max_iter"": 250, ""max_leaf_nodes"": 31}","[0.8827794629816874, 0.8523356436373845, 0.9012403995871167]",0.8787851687353961,,False,
student_mat,S2_LATE_G1_G2,svm,2,0,COMPLETE,"{""C"": 0.5, ""class_weight"": null, ""gamma"": ""scale""}","[0.8517528223410576, 0.8438163144045497, 0.8977392977392977]",0.8644361448283018,,False,
student_mat,S2_LATE_G1_G2,svm,2,1,COMPLETE,"{""C"": 0.5, ""class_weight"": ""balanced"", ""gamma"": ""scale""}","[0.8437134758251945, 0.8543687941247495, 0.9056822173260529]",0.8679214957586656,,False,
student_mat,S2_LATE_G1_G2,svm,2,2,COMPLETE,"{""C"": 0.5, ""class_weight"": null, ""gamma"": 0.1}","[0.8406112157043338, 0.837568199159485, 0.8977392977392977]",0.8586395708677056,,False,
student_mat,S2_LATE_G1_G2,svm,2,3,COMPLETE,"{""C"": 0.5, ""class_weight"": ""balanced"", ""gamma"": 0.1}","[0.7955654049997655, 0.8543687941247495, 0.8916235167206041]",0.8471859052817065,,False,
student_mat,S2_LATE_G1_G2,svm,2,4,COMPLETE,"{""C"": 1.0, ""class_weight"": null, ""gamma"": ""scale""}","[0.8280061830933924, 0.8224241028754039, 0.9018851129201305]",0.8507717996296423,,False,
student_mat,S2_LATE_G1_G2,svm,2,5,COMPLETE,"{""C"": 1.0, ""class_weight"": ""balanced"", ""gamma"": ""scale""}","[0.8505938505938505, 0.8391257730424205, 0.9110793485793486]",0.8669329907385399,,False,
student_mat,S2_LATE_G1_G2,svm,2,6,COMPLETE,"{""C"": 1.0, ""class_weight"": null, ""gamma"": 0.1}","[0.8197802197802199, 0.8209946971490898, 0.8814814814814814]",0.8407521328035971,,False,
student_mat,S2_LATE_G1_G2,svm,2,7,COMPLETE,"{""C"": 1.0, ""class_weight"": ""balanced"", ""gamma"": 0.1}","[0.8116997326579428, 0.8415489736606924, 0.9170592062459337]",0.8567693041881896,,False,
student_mat,S2_LATE_G1_G2,svm,2,8,COMPLETE,"{""C"": 2.0, ""class_weight"": null, ""gamma"": ""scale""}","[0.8205040678158957, 0.8224241028754039, 0.9161295931703322]",0.853019254620544,,False,
student_mat,S2_LATE_G1_G2,svm,2,9,COMPLETE,"{""C"": 2.0, ""class_weight"": ""balanced"", ""gamma"": ""scale""}","[0.8565610859728506, 0.8391257730424205, 0.909725463082995]",0.8684707740327554,,False,
student_mat,S2_LATE_G1_G2,svm,2,10,COMPLETE,"{""C"": 2.0, ""class_weight"": null, ""gamma"": 0.1}","[0.8104072398190046, 0.8224241028754039, 0.8876190476190476]",0.8401501301044854,,False,
student_mat,S2_LATE_G1_G2,svm,2,11,COMPLETE,"{""C"": 2.0, ""class_weight"": ""balanced"", ""gamma"": 0.1}","[0.8005590900327743, 0.8415489736606924, 0.9028571428571429]",0.8483217355168698,,False,
student_mat,S2_LATE_G1_G2,logistic_regression,3,0,COMPLETE,"{""C"": 0.1, ""class_weight"": null}","[0.8415021293070074, 0.849527276637251, 0.8300386925386926]",0.8403560328276504,,False,
student_mat,S2_LATE_G1_G2,logistic_regression,3,1,COMPLETE,"{""C"": 0.1, ""class_weight"": ""balanced""}","[0.8484559000240326, 0.8493648928431538, 0.8357498223169865]",0.8445235383947242,,False,
student_mat,S2_LATE_G1_G2,logistic_regression,3,2,COMPLETE,"{""C"": 1.0, ""class_weight"": null}","[0.8463891766973236, 0.8671200297287255, 0.8492424242424242]",0.8542505435561578,,False,
student_mat,S2_LATE_G1_G2,logistic_regression,3,3,COMPLETE,"{""C"": 1.0, ""class_weight"": ""balanced""}","[0.8318689123168962, 0.868608313014054, 0.8057636346569043]",0.8354136199959514,,False,
student_mat,S2_LATE_G1_G2,logistic_regression,3,4,COMPLETE,"{""C"": 10.0, ""class_weight"": null}","[0.8419300991131977, 0.8587403989267705, 0.8696650124069479]",0.8567785034823053,,False,
student_mat,S2_LATE_G1_G2,logistic_regression,3,5,COMPLETE,"{""C"": 10.0, ""class_weight"": ""balanced""}","[0.8315158113076055, 0.8521508454521164, 0.8555572870673385]",0.8464079812756867,,False,
student_mat,S2_LATE_G1_G2,random_forest,3,0,COMPLETE,"{""class_weight"": null, ""max_depth"": null, ""min_samples_leaf"": 1, ""n_estimators"": 300}","[0.9112816140949134, 0.8712561245455982, 0.9057092282898734]",0.8960823223101283,,False,
student_mat,S2_LATE_G1_G2,random_forest,3,1,COMPLETE,"{""class_weight"": ""balanced"", ""max_depth"": null, ""min_samples_leaf"": 1, ""n_estimators"": 300}","[0.9033789093195033, 0.8714072415080255, 0.8981573073051167]",0.8909811527108819,,False,
student_mat,S2_LATE_G1_G2,random_forest,3,2,COMPLETE,"{""class_weight"": null, ""max_depth"": null, ""min_samples_leaf"": 3, ""n_estimators"": 300}","[0.8955242566510172, 0.8914587425225723, 0.9272974812797822]",0.904760160151124,,False,
student_mat,S2_LATE_G1_G2,random_forest,3,3,COMPLETE,"{""class_weight"": ""balanced"", ""max_depth"": null, ""min_samples_leaf"": 3, ""n_estimators"": 300}","[0.8877535684401225, 0.872079772079772, 0.908459595959596]",0.8894309788264968,,False,
student_mat,S2_LATE_G1_G2,random_forest,3,4,COMPLETE,"{""class_weight"": null, ""max_depth"": 8, ""min_samples_leaf"": 1, ""n_estimators"": 300}","[0.9033789093195033, 0.8712561245455982, 0.913331560912206]",0.8959888649257691,,False,
student_mat,S2_LATE_G1_G2,random_forest,3,5,COMPLETE,"{""class_weight"": ""balanced"", ""max_depth"": 8, ""min_samples_leaf"": 1, ""n_estimators"": 300}","[0.8877104377104378, 0.8714072415080255, 0.9057092282898734]",0.8882756358361122,,False,
student_mat,S2_LATE_G1_G2,random_forest,3,6,COMPLETE,"{""class_weight"": null, ""max_depth"": 8, ""min_samples_leaf"": 3, ""n_estimators"": 300}","[0.8955242566510172, 0.8914587425225723, 0.9272974812797822]",0.904760160151124,,False,
student_mat,S2_LATE_G1_G2,random_forest,3,7,COMPLETE,"{""class_weight"": ""balanced"", ""max_depth"": 8, ""min_samples_leaf"": 3, ""n_estimators"": 300}","[0.8877535684401225, 0.872079772079772, 0.908459595959596]",0.8894309788264968,,False,
student_mat,S2_LATE_G1_G2,xgboost,3,0,COMPLETE,"{""colsample_bytree"": 0.9, ""learning_rate"": 0.03, ""max_depth"": 2, ""min_child_weight"": 1, ""n_estimators"": 300, ""subsample"": 0.9}","[0.8877104377104378, 0.8595883332725438, 0.9210319725949186]",0.8894435811926334,,False,
student_mat,S2_LATE_G1_G2,xgboost,3,1,COMPLETE,"{""colsample_bytree"": 0.9, ""learning_rate"": 0.03, ""max_depth"": 2, ""min_child_weight"": 5, ""n_estimators"": 300, ""subsample"": 0.9}","[0.8877104377104378, 0.8633918128654972, 0.9295403521209974]",0.8935475342323108,,False,
student_mat,S2_LATE_G1_G2,xgboost,3,2,COMPLETE,"{""colsample_bytree"": 0.9, ""learning_rate"": 0.08, ""max_depth"": 2, ""min_child_weight"": 1, ""n_estimators"": 300, ""subsample"": 0.9}","[0.8721773319711463, 0.8435617804038857, 0.9057092282898734]",0.8738161135549686,,False,
student_mat,S2_LATE_G1_G2,xgboost,3,3,COMPLETE,"{""colsample_bytree"": 0.9, ""learning_rate"": 0.08, ""max_depth"": 2, ""min_child_weight"": 5, ""n_estimators"": 300, ""subsample"": 0.9}","[0.898394623549903, 0.8516384797235861, 0.9210319725949186]",0.8903550252894692,,False,
student_mat,S2_LATE_G1_G2,xgboost,3,4,COMPLETE,"{""colsample_bytree"": 0.9, ""learning_rate"": 0.03, ""max_depth"": 4, ""min_child_weight"": 1, ""n_estimators"": 300, ""subsample"": 0.9}","[0.9062166882130139, 0.8516384797235861, 0.8922979797979798]",0.8833843825781932,,False,
student_mat,S2_LATE_G1_G2,xgboost,3,5,COMPLETE,"{""colsample_bytree"": 0.9, ""learning_rate"": 0.03, ""max_depth"": 4, ""min_child_weight"": 5, ""n_estimators"": 300, ""subsample"": 0.9}","[0.8877104377104378, 0.8633918128654972, 0.9295403521209974]",0.8935475342323108,,False,
student_mat,S2_LATE_G1_G2,xgboost,3,6,COMPLETE,"{""colsample_bytree"": 0.9, ""learning_rate"": 0.08, ""max_depth"": 4, ""min_child_weight"": 1, ""n_estimators"": 300, ""subsample"": 0.9}","[0.91407867494824, 0.8516384797235861, 0.8981573073051167]",0.8879581539923143,,False,
student_mat,S2_LATE_G1_G2,xgboost,3,7,COMPLETE,"{""colsample_bytree"": 0.9, ""learning_rate"": 0.08, ""max_depth"": 4, ""min_child_weight"": 5, ""n_estimators"": 300, ""subsample"": 0.9}","[0.890093010117505, 0.8516384797235861, 0.9123884981270379]",0.8847066626560429,,False,
student_mat,S2_LATE_G1_G2,mlp,3,0,COMPLETE,"{""alpha"": 0.0001, ""hidden_layer_sizes"": [64], ""learning_rate_init"": 0.001}","[0.8728902543361592, 0.8201538389381362, 0.8597475455820477]",0.8509305462854476,,False,
student_mat,S2_LATE_G1_G2,mlp,3,1,COMPLETE,"{""alpha"": 0.001, ""hidden_layer_sizes"": [64], ""learning_rate_init"": 0.001}","[0.8728902543361592, 0.8201538389381362, 0.8597475455820477]",0.8509305462854476,,False,
student_mat,S2_LATE_G1_G2,mlp,3,2,COMPLETE,"{""alpha"": 0.01, ""hidden_layer_sizes"": [64], ""learning_rate_init"": 0.001}","[0.8728902543361592, 0.8124183006535949, 0.8686052047681928]",0.8513045865859823,,False,
student_mat,S2_LATE_G1_G2,mlp,3,3,COMPLETE,"{""alpha"": 0.0001, ""hidden_layer_sizes"": [64, 32], ""learning_rate_init"": 0.001}","[0.8250444762786139, 0.8553026710921449, 0.749771253530652]",0.810039466967137,,False,
student_mat,S2_LATE_G1_G2,mlp,3,4,COMPLETE,"{""alpha"": 0.001, ""hidden_layer_sizes"": [64, 32], ""learning_rate_init"": 0.001}","[0.8250444762786139, 0.8553026710921449, 0.749771253530652]",0.810039466967137,,False,
student_mat,S2_LATE_G1_G2,mlp,3,5,COMPLETE,"{""alpha"": 0.01, ""hidden_layer_sizes"": [64, 32], ""learning_rate_init"": 0.001}","[0.8250444762786139, 0.8553026710921449, 0.749771253530652]",0.810039466967137,,False,
student_mat,S2_LATE_G1_G2,mlp,3,6,COMPLETE,"{""alpha"": 0.0001, ""hidden_layer_sizes"": [128, 64], ""learning_rate_init"": 0.001}","[0.8583128837531969, 0.8701410388716891, 0.8300386925386926]",0.8528308717211929,,False,
student_mat,S2_LATE_G1_G2,mlp,3,7,COMPLETE,"{""alpha"": 0.001, ""hidden_layer_sizes"": [128, 64], ""learning_rate_init"": 0.001}","[0.8583128837531969, 0.8587403989267705, 0.8300386925386926]",0.84903065840622,,False,
student_mat,S2_LATE_G1_G2,mlp,3,8,COMPLETE,"{""alpha"": 0.01, ""hidden_layer_sizes"": [128, 64], ""learning_rate_init"": 0.001}","[0.8366953478499467, 0.8701410388716891, 0.8300386925386926]",0.8456250264201094,,False,
student_mat,S2_LATE_G1_G2,decision_tree,3,0,COMPLETE,"{""class_weight"": null, ""max_depth"": 3, ""min_samples_leaf"": 2}","[0.8955242566510172, 0.8836429481590772, 0.8747767530376226]",0.884647985949239,,False,
student_mat,S2_LATE_G1_G2,decision_tree,3,1,COMPLETE,"{""class_weight"": ""balanced"", ""max_depth"": 3, ""min_samples_leaf"": 2}","[0.8773148148148148, 0.8595848595848596, 0.8803014163411844]",0.8724003635802863,,False,
student_mat,S2_LATE_G1_G2,decision_tree,3,2,COMPLETE,"{""class_weight"": null, ""max_depth"": 3, ""min_samples_leaf"": 5}","[0.8955242566510172, 0.8836429481590772, 0.9055523190402653]",0.89490650795012,,False,
student_mat,S2_LATE_G1_G2,decision_tree,3,3,COMPLETE,"{""class_weight"": ""balanced"", ""max_depth"": 3, ""min_samples_leaf"": 5}","[0.8773148148148148, 0.8595848595848596, 0.9047818378804294]",0.880560504093368,,False,
student_mat,S2_LATE_G1_G2,decision_tree,3,4,COMPLETE,"{""class_weight"": null, ""max_depth"": 5, ""min_samples_leaf"": 2}","[0.8799304196564469, 0.8604217182522702, 0.8641117052881758]",0.8681546143989642,,False,
student_mat,S2_LATE_G1_G2,decision_tree,3,5,COMPLETE,"{""class_weight"": ""balanced"", ""max_depth"": 5, ""min_samples_leaf"": 2}","[0.898394623549903, 0.8275352275352276, 0.880102988798641]",0.8686776132945906,,False,
student_mat,S2_LATE_G1_G2,decision_tree,3,6,COMPLETE,"{""class_weight"": null, ""max_depth"": 5, ""min_samples_leaf"": 5}","[0.8955242566510172, 0.8596418672819351, 0.8958219303046889]",0.8836626847458805,,False,
student_mat,S2_LATE_G1_G2,decision_tree,3,7,COMPLETE,"{""class_weight"": ""balanced"", ""max_depth"": 5, ""min_samples_leaf"": 5}","[0.8852951615765613, 0.8595848595848596, 0.8884828597708007]",0.8777876269774071,,False,
student_mat,S2_LATE_G1_G2,decision_tree,3,8,COMPLETE,"{""class_weight"": null, ""max_depth"": null, ""min_samples_leaf"": 2}","[0.8794679186228483, 0.8605411075906749, 0.8398278875890816]",0.8599456379342016,,False,
student_mat,S2_LATE_G1_G2,decision_tree,3,9,COMPLETE,"{""class_weight"": ""balanced"", ""max_depth"": null, ""min_samples_leaf"": 2}","[0.8828420812116464, 0.8514810912071186, 0.8318867123214949]",0.8554032949134199,,False,
student_mat,S2_LATE_G1_G2,decision_tree,3,10,COMPLETE,"{""class_weight"": null, ""max_depth"": null, ""min_samples_leaf"": 5}","[0.8955242566510172, 0.8595883332725438, 0.8809034079451502]",0.8786719992895704,,False,
student_mat,S2_LATE_G1_G2,decision_tree,3,11,COMPLETE,"{""class_weight"": ""balanced"", ""max_depth"": null, ""min_samples_leaf"": 5}","[0.8852951615765613, 0.8595883332725438, 0.8884828597708007]",0.8777887848733018,,False,
student_mat,S2_LATE_G1_G2,hist_gradient_boosting,3,0,COMPLETE,"{""l2_regularization"": 0.0, ""learning_rate"": 0.05, ""max_iter"": 250, ""max_leaf_nodes"": 15}","[0.8872544397296872, 0.8595883332725438, 0.8734951960758414]",0.8734459896926908,,False,
student_mat,S2_LATE_G1_G2,hist_gradient_boosting,3,1,COMPLETE,"{""l2_regularization"": 1.0, ""learning_rate"": 0.05, ""max_iter"": 250, ""max_leaf_nodes"": 15}","[0.8626882637112816, 0.8435617804038857, 0.8821464524882917]",0.862798832201153,,False,
student_mat,S2_LATE_G1_G2,hist_gradient_boosting,3,2,COMPLETE,"{""l2_regularization"": 0.0, ""learning_rate"": 0.05, ""max_iter"": 250, ""max_leaf_nodes"": 31}","[0.8872544397296872, 0.8595883332725438, 0.8734951960758414]",0.8734459896926908,,False,
student_mat,S2_LATE_G1_G2,hist_gradient_boosting,3,3,COMPLETE,"{""l2_regularization"": 1.0, ""learning_rate"": 0.05, ""max_iter"": 250, ""max_leaf_nodes"": 31}","[0.8626882637112816, 0.8435617804038857, 0.8821464524882917]",0.862798832201153,,False,
student_mat,S2_LATE_G1_G2,hist_gradient_boosting,3,4,COMPLETE,"{""l2_regularization"": 0.0, ""learning_rate"": 0.1, ""max_iter"": 250, ""max_leaf_nodes"": 15}","[0.878179614746779, 0.8595883332725438, 0.852099861055085]",0.8632892696914692,,False,
student_mat,S2_LATE_G1_G2,hist_gradient_boosting,3,5,COMPLETE,"{""l2_regularization"": 1.0, ""learning_rate"": 0.1, ""max_iter"": 250, ""max_leaf_nodes"": 15}","[0.8704105590456246, 0.8435617804038857, 0.8896022121828574]",0.867858183877456,,False,
student_mat,S2_LATE_G1_G2,hist_gradient_boosting,3,6,COMPLETE,"{""l2_regularization"": 0.0, ""learning_rate"": 0.1, ""max_iter"": 250, ""max_leaf_nodes"": 31}","[0.878179614746779, 0.8595883332725438, 0.852099861055085]",0.8632892696914692,,False,
student_mat,S2_LATE_G1_G2,hist_gradient_boosting,3,7,COMPLETE,"{""l2_regularization"": 1.0, ""learning_rate"": 0.1, ""max_iter"": 250, ""max_leaf_nodes"": 31}","[0.8704105590456246, 0.8435617804038857, 0.8896022121828574]",0.867858183877456,,False,
student_mat,S2_LATE_G1_G2,svm,3,0,COMPLETE,"{""C"": 0.5, ""class_weight"": null, ""gamma"": ""scale""}","[0.8488962018373784, 0.8594222692160837, 0.8809523809523809]",0.8630902840019475,,False,
student_mat,S2_LATE_G1_G2,svm,3,1,COMPLETE,"{""C"": 0.5, ""class_weight"": ""balanced"", ""gamma"": ""scale""}","[0.8444234899680444, 0.8511999960692114, 0.8416689488338126]",0.8457641449570228,,False,
student_mat,S2_LATE_G1_G2,svm,3,2,COMPLETE,"{""C"": 0.5, ""class_weight"": null, ""gamma"": 0.1}","[0.8603887725532501, 0.8384861713253114, 0.8377119185255525]",0.8455289541347047,,False,
student_mat,S2_LATE_G1_G2,svm,3,3,COMPLETE,"{""C"": 0.5, ""class_weight"": ""balanced"", ""gamma"": 0.1}","[0.8365049556598853, 0.8594222692160837, 0.8501270878721859]",0.8486847709160515,,False,
student_mat,S2_LATE_G1_G2,svm,3,4,COMPLETE,"{""C"": 1.0, ""class_weight"": null, ""gamma"": ""scale""}","[0.8250444762786139, 0.8511999960692114, 0.8654040404040404]",0.8472161709172886,,False,
student_mat,S2_LATE_G1_G2,svm,3,5,COMPLETE,"{""C"": 1.0, ""class_weight"": ""balanced"", ""gamma"": ""scale""}","[0.8476394894031146, 0.8514810912071186, 0.8506864635896895]",0.8499356813999742,,False,
student_mat,S2_LATE_G1_G2,svm,3,6,COMPLETE,"{""C"": 1.0, ""class_weight"": null, ""gamma"": 0.1}","[0.8365049556598853, 0.8354553998883896, 0.8350628930817611]",0.8356744162100119,,False,
student_mat,S2_LATE_G1_G2,svm,3,7,COMPLETE,"{""C"": 1.0, ""class_weight"": ""balanced"", ""gamma"": 0.1}","[0.8523823055792366, 0.8594222692160837, 0.8501270878721859]",0.8539772208891687,,False,
student_mat,S2_LATE_G1_G2,svm,3,8,COMPLETE,"{""C"": 2.0, ""class_weight"": null, ""gamma"": ""scale""}","[0.836184522118026, 0.8387208665640942, 0.8654040404040404]",0.8467698096953868,,False,
student_mat,S2_LATE_G1_G2,svm,3,9,COMPLETE,"{""C"": 2.0, ""class_weight"": ""balanced"", ""gamma"": ""scale""}","[0.8555693581780538, 0.8594222692160837, 0.8430253424957325]",0.8526723232966233,,False,
student_mat,S2_LATE_G1_G2,svm,3,10,COMPLETE,"{""C"": 2.0, ""class_weight"": null, ""gamma"": 0.1}","[0.8463891766973236, 0.8413500824768431, 0.8501270878721859]",0.8459554490154509,,False,
student_mat,S2_LATE_G1_G2,svm,3,11,COMPLETE,"{""C"": 2.0, ""class_weight"": ""balanced"", ""gamma"": 0.1}","[0.8467966514961356, 0.8223037753112941, 0.830089243542894]",0.8330632234501079,,False,
student_mat,S2_LATE_G1_G2,logistic_regression,4,0,COMPLETE,"{""C"": 0.1, ""class_weight"": null}","[0.8889039776485174, 0.8195729002180615, 0.854532967032967]",0.8543366149665154,,False,
student_mat,S2_LATE_G1_G2,logistic_regression,4,1,COMPLETE,"{""C"": 0.1, ""class_weight"": ""balanced""}","[0.858653483022625, 0.8300070490792141, 0.8583351913786696]",0.8489985744935029,,False,
student_mat,S2_LATE_G1_G2,logistic_regression,4,2,COMPLETE,"{""C"": 1.0, ""class_weight"": null}","[0.8897099253354431, 0.825090579710145, 0.848889993759209]",0.854563499601599,,False,
student_mat,S2_LATE_G1_G2,logistic_regression,4,3,COMPLETE,"{""C"": 1.0, ""class_weight"": ""balanced""}","[0.8738927606852135, 0.8321170892599464, 0.8536409516943042]",0.8532169338798213,,False,
student_mat,S2_LATE_G1_G2,logistic_regression,4,4,COMPLETE,"{""C"": 10.0, ""class_weight"": null}","[0.8766218081435473, 0.8351847374453757, 0.8474044265593562]",0.8530703240494265,,False,
student_mat,S2_LATE_G1_G2,logistic_regression,4,5,COMPLETE,"{""C"": 10.0, ""class_weight"": ""balanced""}","[0.885885084015925, 0.8336395277116927, 0.8571122669060814]",0.8588789595445664,,False,
student_mat,S2_LATE_G1_G2,random_forest,4,0,COMPLETE,"{""class_weight"": null, ""max_depth"": null, ""min_samples_leaf"": 1, ""n_estimators"": 300}","[0.8889039776485174, 0.857003641585885, 0.8997463020295838]",0.8818846404213287,,False,
student_mat,S2_LATE_G1_G2,random_forest,4,1,COMPLETE,"{""class_weight"": ""balanced"", ""max_depth"": null, ""min_samples_leaf"": 1, ""n_estimators"": 300}","[0.8964598997493735, 0.857003641585885, 0.8918725153291557]",0.8817786855548047,,False,
student_mat,S2_LATE_G1_G2,random_forest,4,2,COMPLETE,"{""class_weight"": null, ""max_depth"": null, ""min_samples_leaf"": 3, ""n_estimators"": 300}","[0.9123677248677248, 0.8749046529366895, 0.9046717171717171]",0.8973146983253771,,False,
student_mat,S2_LATE_G1_G2,random_forest,4,3,COMPLETE,"{""class_weight"": ""balanced"", ""max_depth"": null, ""min_samples_leaf"": 3, ""n_estimators"": 300}","[0.9134919232958448, 0.8614734299516909, 0.912476996687523]",0.8958141166450195,,False,
student_mat,S2_LATE_G1_G2,random_forest,4,4,COMPLETE,"{""class_weight"": null, ""max_depth"": 8, ""min_samples_leaf"": 1, ""n_estimators"": 300}","[0.8970588235294118, 0.8478664192949908, 0.8918847921943897]",0.8789366783395974,,False,
student_mat,S2_LATE_G1_G2,random_forest,4,5,COMPLETE,"{""class_weight"": ""balanced"", ""max_depth"": 8, ""min_samples_leaf"": 1, ""n_estimators"": 300}","[0.8964598997493735, 0.8492647058823529, 0.8997463020295838]",0.8818236358871033,,False,
student_mat,S2_LATE_G1_G2,random_forest,4,6,COMPLETE,"{""class_weight"": null, ""max_depth"": 8, ""min_samples_leaf"": 3, ""n_estimators"": 300}","[0.9123677248677248, 0.8749046529366895, 0.9046717171717171]",0.8973146983253771,,False,
student_mat,S2_LATE_G1_G2,random_forest,4,7,COMPLETE,"{""class_weight"": ""balanced"", ""max_depth"": 8, ""min_samples_leaf"": 3, ""n_estimators"": 300}","[0.9263400180831374, 0.8614734299516909, 0.912476996687523]",0.9000968149074504,,False,
student_mat,S2_LATE_G1_G2,xgboost,4,0,COMPLETE,"{""colsample_bytree"": 0.9, ""learning_rate"": 0.03, ""max_depth"": 2, ""min_child_weight"": 1, ""n_estimators"": 300, ""subsample"": 0.9}","[0.8971560846560847, 0.8627253801912423, 0.8918725153291557]",0.8839179933921608,,False,
student_mat,S2_LATE_G1_G2,xgboost,4,1,COMPLETE,"{""colsample_bytree"": 0.9, ""learning_rate"": 0.03, ""max_depth"": 2, ""min_child_weight"": 5, ""n_estimators"": 300, ""subsample"": 0.9}","[0.8971560846560847, 0.8428030303030303, 0.9046717171717171]",0.8815436107102773,,False,
student_mat,S2_LATE_G1_G2,xgboost,4,2,COMPLETE,"{""colsample_bytree"": 0.9, ""learning_rate"": 0.08, ""max_depth"": 2, ""min_child_weight"": 1, ""n_estimators"": 300, ""subsample"": 0.9}","[0.8964598997493735, 0.8289359937899157, 0.8678213507625272]",0.8644057481006054,,False,
student_mat,S2_LATE_G1_G2,xgboost,4,3,COMPLETE,"{""colsample_bytree"": 0.9, ""learning_rate"": 0.08, ""max_depth"": 2, ""min_child_weight"": 5, ""n_estimators"": 300, ""subsample"": 0.9}","[0.8917291628559235, 0.845830686990579, 0.8918847921943897]",0.8764815473469642,,False,
student_mat,S2_LATE_G1_G2,xgboost,4,4,COMPLETE,"{""colsample_bytree"": 0.9, ""learning_rate"": 0.03, ""max_depth"": 4, ""min_child_weight"": 1, ""n_estimators"": 300, ""subsample"": 0.9}","[0.903804347826087, 0.8555814555814556, 0.8759173795434876]",0.8784343943170101,,False,
student_mat,S2_LATE_G1_G2,xgboost,4,5,COMPLETE,"{""colsample_bytree"": 0.9, ""learning_rate"": 0.03, ""max_depth"": 4, ""min_child_weight"": 5, ""n_estimators"": 300, ""subsample"": 0.9}","[0.8843616343616344, 0.8428030303030303, 0.884029927760578]",0.870398197475081,,False,
student_mat,S2_LATE_G1_G2,xgboost,4,6,COMPLETE,"{""colsample_bytree"": 0.9, ""learning_rate"": 0.08, ""max_depth"": 4, ""min_child_weight"": 1, ""n_estimators"": 300, ""subsample"": 0.9}","[0.8964598997493735, 0.8211843752058493, 0.8759173795434876]",0.8645205514995702,,False,
student_mat,S2_LATE_G1_G2,xgboost,4,7,COMPLETE,"{""colsample_bytree"": 0.9, ""learning_rate"": 0.08, ""max_depth"": 4, ""min_child_weight"": 5, ""n_estimators"": 300, ""subsample"": 0.9}","[0.8917291628559235, 0.8536804766241045, 0.884029927760578]",0.8764798557468687,,False,
student_mat,S2_LATE_G1_G2,mlp,4,0,COMPLETE,"{""alpha"": 0.0001, ""hidden_layer_sizes"": [64], ""learning_rate_init"": 0.001}","[0.8915647327273407, 0.7118654301308989, 0.8457912457912459]",0.8164071362164952,,False,
student_mat,S2_LATE_G1_G2,mlp,4,1,COMPLETE,"{""alpha"": 0.001, ""hidden_layer_sizes"": [64], ""learning_rate_init"": 0.001}","[0.8915647327273407, 0.7118654301308989, 0.8457912457912459]",0.8164071362164952,,False,
student_mat,S2_LATE_G1_G2,mlp,4,2,COMPLETE,"{""alpha"": 0.01, ""hidden_layer_sizes"": [64], ""learning_rate_init"": 0.001}","[0.8915647327273407, 0.7118654301308989, 0.8457912457912459]",0.8164071362164952,,False,
student_mat,S2_LATE_G1_G2,mlp,4,3,COMPLETE,"{""alpha"": 0.0001, ""hidden_layer_sizes"": [64, 32], ""learning_rate_init"": 0.001}","[0.8773611365160661, 0.8072192101318315, 0.8652479534328849]",0.849942766693594,,False,
student_mat,S2_LATE_G1_G2,mlp,4,4,COMPLETE,"{""alpha"": 0.001, ""hidden_layer_sizes"": [64, 32], ""learning_rate_init"": 0.001}","[0.8692406692406692, 0.8072192101318315, 0.8732443783990176]",0.8499014192571727,,False,
student_mat,S2_LATE_G1_G2,mlp,4,5,COMPLETE,"{""alpha"": 0.01, ""hidden_layer_sizes"": [64, 32], ""learning_rate_init"": 0.001}","[0.8692406692406692, 0.8072192101318315, 0.8732443783990176]",0.8499014192571727,,False,
student_mat,S2_LATE_G1_G2,mlp,4,6,COMPLETE,"{""alpha"": 0.0001, ""hidden_layer_sizes"": [128, 64], ""learning_rate_init"": 0.001}","[0.8413960577643441, 0.796384413860142, 0.7369082125603864]",0.7915628947282909,,False,
student_mat,S2_LATE_G1_G2,mlp,4,7,COMPLETE,"{""alpha"": 0.001, ""hidden_layer_sizes"": [128, 64], ""learning_rate_init"": 0.001}","[0.8413960577643441, 0.796384413860142, 0.7369082125603864]",0.7915628947282909,,False,
student_mat,S2_LATE_G1_G2,mlp,4,8,COMPLETE,"{""alpha"": 0.01, ""hidden_layer_sizes"": [128, 64], ""learning_rate_init"": 0.001}","[0.8413960577643441, 0.796384413860142, 0.7369082125603864]",0.7915628947282909,,False,
student_mat,S2_LATE_G1_G2,decision_tree,4,0,COMPLETE,"{""class_weight"": null, ""max_depth"": 3, ""min_samples_leaf"": 2}","[0.9128276003276002, 0.8906498435656768, 0.912476996687523]",0.9053181468602668,,False,
student_mat,S2_LATE_G1_G2,decision_tree,4,1,COMPLETE,"{""class_weight"": ""balanced"", ""max_depth"": 3, ""min_samples_leaf"": 2}","[0.8776490776490776, 0.850654107796965, 0.9046717171717171]",0.8776583008725867,,False,
student_mat,S2_LATE_G1_G2,decision_tree,4,2,COMPLETE,"{""class_weight"": null, ""max_depth"": 3, ""min_samples_leaf"": 5}","[0.9128276003276002, 0.8836879432624114, 0.912476996687523]",0.9029975134258448,,False,
student_mat,S2_LATE_G1_G2,decision_tree,4,3,COMPLETE,"{""class_weight"": ""balanced"", ""max_depth"": 3, ""min_samples_leaf"": 5}","[0.8776490776490776, 0.8724776938915579, 0.912476996687523]",0.8875345894093862,,False,
student_mat,S2_LATE_G1_G2,decision_tree,4,4,COMPLETE,"{""class_weight"": null, ""max_depth"": 5, ""min_samples_leaf"": 2}","[0.8757665307547474, 0.8447032436162871, 0.889069264069264]",0.8698463461467661,,False,
student_mat,S2_LATE_G1_G2,decision_tree,4,5,COMPLETE,"{""class_weight"": ""balanced"", ""max_depth"": 5, ""min_samples_leaf"": 2}","[0.8809540901542453, 0.8367018349412715, 0.889069264069264]",0.8689083963882602,,False,
student_mat,S2_LATE_G1_G2,decision_tree,4,6,COMPLETE,"{""class_weight"": null, ""max_depth"": 5, ""min_samples_leaf"": 5}","[0.8964598997493735, 0.849986548291633, 0.8969124442808654]",0.8811196307739572,,False,
student_mat,S2_LATE_G1_G2,decision_tree,4,7,COMPLETE,"{""class_weight"": ""balanced"", ""max_depth"": 5, ""min_samples_leaf"": 5}","[0.8614643477028799, 0.841188097143287, 0.8731478731478731]",0.8586001059980134,,False,
student_mat,S2_LATE_G1_G2,decision_tree,4,8,COMPLETE,"{""class_weight"": null, ""max_depth"": null, ""min_samples_leaf"": 2}","[0.8537108537108536, 0.803003003003003, 0.8336518336518336]",0.8301218967885634,,False,
student_mat,S2_LATE_G1_G2,decision_tree,4,9,COMPLETE,"{""class_weight"": ""balanced"", ""max_depth"": null, ""min_samples_leaf"": 2}","[0.8506427308117233, 0.7961029211029212, 0.8200435729847495]",0.8222630749664647,,False,
student_mat,S2_LATE_G1_G2,decision_tree,4,10,COMPLETE,"{""class_weight"": null, ""max_depth"": null, ""min_samples_leaf"": 5}","[0.904464767958785, 0.849986548291633, 0.8731890331890332]",0.875880116479817,,False,
student_mat,S2_LATE_G1_G2,decision_tree,4,11,COMPLETE,"{""class_weight"": ""balanced"", ""max_depth"": null, ""min_samples_leaf"": 5}","[0.8625516165117596, 0.841188097143287, 0.8493284774135837]",0.8510227303562101,,False,
student_mat,S2_LATE_G1_G2,hist_gradient_boosting,4,0,COMPLETE,"{""l2_regularization"": 0.0, ""learning_rate"": 0.05, ""max_iter"": 250, ""max_leaf_nodes"": 15}","[0.8801132521974306, 0.8057086206708718, 0.8603490330840241]",0.8487236353174422,,False,
student_mat,S2_LATE_G1_G2,hist_gradient_boosting,4,1,COMPLETE,"{""l2_regularization"": 1.0, ""learning_rate"": 0.05, ""max_iter"": 250, ""max_leaf_nodes"": 15}","[0.8883454106280193, 0.8749046529366895, 0.8681202210613975]",0.877123428208702,,False,
student_mat,S2_LATE_G1_G2,hist_gradient_boosting,4,2,COMPLETE,"{""l2_regularization"": 0.0, ""learning_rate"": 0.05, ""max_iter"": 250, ""max_leaf_nodes"": 31}","[0.8801132521974306, 0.8057086206708718, 0.8603490330840241]",0.8487236353174422,,False,
student_mat,S2_LATE_G1_G2,hist_gradient_boosting,4,3,COMPLETE,"{""l2_regularization"": 1.0, ""learning_rate"": 0.05, ""max_iter"": 250, ""max_leaf_nodes"": 31}","[0.8883454106280193, 0.8749046529366895, 0.8681202210613975]",0.877123428208702,,False,
student_mat,S2_LATE_G1_G2,hist_gradient_boosting,4,4,COMPLETE,"{""l2_regularization"": 0.0, ""learning_rate"": 0.1, ""max_iter"": 250, ""max_leaf_nodes"": 15}","[0.8728864734299516, 0.8033562166285279, 0.8759173795434876]",0.8507200232006557,,False,
student_mat,S2_LATE_G1_G2,hist_gradient_boosting,4,5,COMPLETE,"{""l2_regularization"": 1.0, ""learning_rate"": 0.1, ""max_iter"": 250, ""max_leaf_nodes"": 15}","[0.8956643002028398, 0.8582252733282482, 0.8759173795434876]",0.8766023176915252,,False,
student_mat,S2_LATE_G1_G2,hist_gradient_boosting,4,6,COMPLETE,"{""l2_regularization"": 0.0, ""learning_rate"": 0.1, ""max_iter"": 250, ""max_leaf_nodes"": 31}","[0.8728864734299516, 0.8033562166285279, 0.8759173795434876]",0.8507200232006557,,False,
student_mat,S2_LATE_G1_G2,hist_gradient_boosting,4,7,COMPLETE,"{""l2_regularization"": 1.0, ""learning_rate"": 0.1, ""max_iter"": 250, ""max_leaf_nodes"": 31}","[0.8956643002028398, 0.8582252733282482, 0.8759173795434876]",0.8766023176915252,,False,
student_mat,S2_LATE_G1_G2,svm,4,0,COMPLETE,"{""C"": 0.5, ""class_weight"": null, ""gamma"": ""scale""}","[0.8551771585827312, 0.8039311594202898, 0.8851095993953136]",0.8480726391327783,,False,
student_mat,S2_LATE_G1_G2,svm,4,1,COMPLETE,"{""C"": 0.5, ""class_weight"": ""balanced"", ""gamma"": ""scale""}","[0.8560224089635854, 0.8039311594202898, 0.8536409516943042]",0.8378648400260599,,False,
student_mat,S2_LATE_G1_G2,svm,4,2,COMPLETE,"{""C"": 0.5, ""class_weight"": null, ""gamma"": 0.1}","[0.8633964294965132, 0.8064575748466326, 0.8491710888971163]",0.8396750310800875,,False,
student_mat,S2_LATE_G1_G2,svm,4,3,COMPLETE,"{""C"": 0.5, ""class_weight"": ""balanced"", ""gamma"": 0.1}","[0.8680751854267835, 0.7883717386822977, 0.8493284774135837]",0.8352584671742216,,False,
student_mat,S2_LATE_G1_G2,svm,4,4,COMPLETE,"{""C"": 1.0, ""class_weight"": null, ""gamma"": ""scale""}","[0.8766218081435473, 0.8221096476415625, 0.8652479534328849]",0.8546598030726648,,False,
student_mat,S2_LATE_G1_G2,svm,4,5,COMPLETE,"{""C"": 1.0, ""class_weight"": ""balanced"", ""gamma"": ""scale""}","[0.8640960761921823, 0.7961375178766482, 0.8571122669060814]",0.8391152869916373,,False,
student_mat,S2_LATE_G1_G2,svm,4,6,COMPLETE,"{""C"": 1.0, ""class_weight"": null, ""gamma"": 0.1}","[0.8714985994397759, 0.8235167061914783, 0.8357968899559071]",0.8436040651957204,,False,
student_mat,S2_LATE_G1_G2,svm,4,7,COMPLETE,"{""C"": 1.0, ""class_weight"": ""balanced"", ""gamma"": 0.1}","[0.8640960761921823, 0.7883717386822977, 0.8326976013092713]",0.8283884720612504,,False,
student_mat,S2_LATE_G1_G2,svm,4,8,COMPLETE,"{""C"": 2.0, ""class_weight"": null, ""gamma"": ""scale""}","[0.8922360248447205, 0.8142663335482485, 0.848889993759209]",0.8517974507173927,,False,
student_mat,S2_LATE_G1_G2,svm,4,9,COMPLETE,"{""C"": 2.0, ""class_weight"": ""balanced"", ""gamma"": ""scale""}","[0.8478348887329717, 0.7896419437340154, 0.8321530225878052]",0.8232099516849308,,False,
student_mat,S2_LATE_G1_G2,svm,4,10,COMPLETE,"{""C"": 2.0, ""class_weight"": null, ""gamma"": 0.1}","[0.8516218081435473, 0.7999824341830797, 0.8194385166216153]",0.823680919649414,,False,
student_mat,S2_LATE_G1_G2,svm,4,11,COMPLETE,"{""C"": 2.0, ""class_weight"": ""balanced"", ""gamma"": 0.1}","[0.8441870441870442, 0.8052754698717431, 0.8405730405730406]",0.8300118515439426,,False,
student_mat,S0_EARLY_NO_GRADE,decision_tree,0,0,COMPLETE,"{""class_weight"": null, ""max_depth"": 3, ""min_samples_leaf"": 2}","[0.30769963788831717, 0.367053620784964, 0.3551617873651772]",0.3433050153461527,,False,
student_mat,S0_EARLY_NO_GRADE,decision_tree,0,1,COMPLETE,"{""class_weight"": ""balanced"", ""max_depth"": 3, ""min_samples_leaf"": 2}","[0.33755205907566027, 0.25301848337901467, 0.40169581346051936]",0.3307554519717314,,False,
student_mat,S0_EARLY_NO_GRADE,decision_tree,0,2,COMPLETE,"{""class_weight"": null, ""max_depth"": 3, ""min_samples_leaf"": 5}","[0.41754324857773134, 0.39563574678078495, 0.36345811051693405]",0.3922123686251501,,False,
student_mat,S0_EARLY_NO_GRADE,decision_tree,0,3,COMPLETE,"{""class_weight"": ""balanced"", ""max_depth"": 3, ""min_samples_leaf"": 5}","[0.3590431568184627, 0.29078352367101384, 0.42142857142857143]",0.3570850839726827,,False,
student_mat,S0_EARLY_NO_GRADE,decision_tree,0,4,COMPLETE,"{""class_weight"": null, ""max_depth"": 5, ""min_samples_leaf"": 2}","[0.4221014492753623, 0.3670796231771842, 0.4351390864548759]",0.4081067196358074,,False,
student_mat,S0_EARLY_NO_GRADE,decision_tree,0,5,COMPLETE,"{""class_weight"": ""balanced"", ""max_depth"": 5, ""min_samples_leaf"": 2}","[0.41407095316602555, 0.331852784271414, 0.4181694912749347]",0.3880310762374581,,False,
student_mat,S0_EARLY_NO_GRADE,decision_tree,0,6,COMPLETE,"{""class_weight"": null, ""max_depth"": 5, ""min_samples_leaf"": 5}","[0.422942010846892, 0.3904648374887192, 0.3820333491386123]",0.3984800658247411,,False,
student_mat,S0_EARLY_NO_GRADE,decision_tree,0,7,COMPLETE,"{""class_weight"": ""balanced"", ""max_depth"": 5, ""min_samples_leaf"": 5}","[0.45657575179604554, 0.37772098494990064, 0.38880207289871915]",0.4076996032148884,,False,
student_mat,S0_EARLY_NO_GRADE,decision_tree,0,8,COMPLETE,"{""class_weight"": null, ""max_depth"": null, ""min_samples_leaf"": 2}","[0.48114027335925535, 0.3818342151675485, 0.31806067842142294]",0.3936783889827422,,False,
student_mat,S0_EARLY_NO_GRADE,decision_tree,0,9,COMPLETE,"{""class_weight"": ""balanced"", ""max_depth"": null, ""min_samples_leaf"": 2}","[0.3620454865283236, 0.3709324383481687, 0.41286656446901954]",0.3819481631151706,,False,
student_mat,S0_EARLY_NO_GRADE,decision_tree,0,10,COMPLETE,"{""class_weight"": null, ""max_depth"": null, ""min_samples_leaf"": 5}","[0.41578682755153346, 0.4578688099559243, 0.40911499735029144]",0.4275902116192497,,False,
student_mat,S0_EARLY_NO_GRADE,decision_tree,0,11,COMPLETE,"{""class_weight"": ""balanced"", ""max_depth"": null, ""min_samples_leaf"": 5}","[0.39603653171052516, 0.4133539261982701, 0.41290546069173945]",0.4074319728668449,,False,
student_mat,S0_EARLY_NO_GRADE,decision_tree,1,0,COMPLETE,"{""class_weight"": null, ""max_depth"": 3, ""min_samples_leaf"": 2}","[0.4078282828282829, 0.32787158640817177, 0.42450800338500877]",0.3867359575404878,,False,
student_mat,S0_EARLY_NO_GRADE,decision_tree,1,1,COMPLETE,"{""class_weight"": ""balanced"", ""max_depth"": 3, ""min_samples_leaf"": 2}","[0.4324957643329507, 0.3920147149528593, 0.3082294373326341]",0.3775799722061481,,False,
student_mat,S0_EARLY_NO_GRADE,decision_tree,1,2,COMPLETE,"{""class_weight"": null, ""max_depth"": 3, ""min_samples_leaf"": 5}","[0.4078282828282829, 0.33793103448275863, 0.3984639061784674]",0.3814077411631696,,False,
student_mat,S0_EARLY_NO_GRADE,decision_tree,1,3,COMPLETE,"{""class_weight"": ""balanced"", ""max_depth"": 3, ""min_samples_leaf"": 5}","[0.4324957643329507, 0.40823017978190396, 0.2874824191279887]",0.3760694544142811,,False,
student_mat,S0_EARLY_NO_GRADE,decision_tree,1,4,COMPLETE,"{""class_weight"": null, ""max_depth"": 5, ""min_samples_leaf"": 2}","[0.34389309410335483, 0.41783230145990974, 0.37978142076502736]",0.3805022721094306,,False,
student_mat,S0_EARLY_NO_GRADE,decision_tree,1,5,COMPLETE,"{""class_weight"": ""balanced"", ""max_depth"": 5, ""min_samples_leaf"": 2}","[0.40589106862588736, 0.406231587162228, 0.36782442185888936]",0.3933156925490015,,False,
student_mat,S0_EARLY_NO_GRADE,decision_tree,1,6,COMPLETE,"{""class_weight"": null, ""max_depth"": 5, ""min_samples_leaf"": 5}","[0.4182046453232893, 0.4622414622414622, 0.431946438348487]",0.4374641819710795,,False,
student_mat,S0_EARLY_NO_GRADE,decision_tree,1,7,COMPLETE,"{""class_weight"": ""balanced"", ""max_depth"": 5, ""min_samples_leaf"": 5}","[0.4210534681162184, 0.4116239316239317, 0.3676599438757999]",0.4001124478719833,,False,
student_mat,S0_EARLY_NO_GRADE,decision_tree,1,8,COMPLETE,"{""class_weight"": null, ""max_depth"": null, ""min_samples_leaf"": 2}","[0.37083677700929435, 0.4079376301009387, 0.4011544011544011]",0.3933096027548781,,False,
student_mat,S0_EARLY_NO_GRADE,decision_tree,1,9,COMPLETE,"{""class_weight"": ""balanced"", ""max_depth"": null, ""min_samples_leaf"": 2}","[0.42492803475325913, 0.4295867531384756, 0.4305555555555555]",0.4283567811490967,,False,
student_mat,S0_EARLY_NO_GRADE,decision_tree,1,10,COMPLETE,"{""class_weight"": null, ""max_depth"": null, ""min_samples_leaf"": 5}","[0.39068954775094467, 0.4439393939393939, 0.43238095238095237]",0.4223366313570969,,False,
student_mat,S0_EARLY_NO_GRADE,decision_tree,1,11,COMPLETE,"{""class_weight"": ""balanced"", ""max_depth"": null, ""min_samples_leaf"": 5}","[0.45122357596584406, 0.4429637033335185, 0.4107606679035251]",0.4349826490676292,,False,
student_mat,S0_EARLY_NO_GRADE,decision_tree,2,0,COMPLETE,"{""class_weight"": null, ""max_depth"": 3, ""min_samples_leaf"": 2}","[0.40217909025958565, 0.3697916666666667, 0.3457759997938569]",0.3725822522400364,,False,
student_mat,S0_EARLY_NO_GRADE,decision_tree,2,1,COMPLETE,"{""class_weight"": ""balanced"", ""max_depth"": 3, ""min_samples_leaf"": 2}","[0.4111570757519703, 0.3885991058122206, 0.32843235747182137]",0.3760628463453374,,False,
student_mat,S0_EARLY_NO_GRADE,decision_tree,2,2,COMPLETE,"{""class_weight"": null, ""max_depth"": 3, ""min_samples_leaf"": 5}","[0.40030813294511297, 0.37433845359493995, 0.3457759997938569]",0.3734741954446366,,False,
student_mat,S0_EARLY_NO_GRADE,decision_tree,2,3,COMPLETE,"{""class_weight"": ""balanced"", ""max_depth"": 3, ""min_samples_leaf"": 5}","[0.37286698463169055, 0.3995280675608545, 0.32843235747182137]",0.3669424698881221,,False,
student_mat,S0_EARLY_NO_GRADE,decision_tree,2,4,COMPLETE,"{""class_weight"": null, ""max_depth"": 5, ""min_samples_leaf"": 2}","[0.35099221959961535, 0.3723104056437389, 0.3151187993293256]",0.34614047485756,,False,
student_mat,S0_EARLY_NO_GRADE,decision_tree,2,5,COMPLETE,"{""class_weight"": ""balanced"", ""max_depth"": 5, ""min_samples_leaf"": 2}","[0.3048918511066398, 0.40428222907036465, 0.375869638635596]",0.3616812396042002,,False,
student_mat,S0_EARLY_NO_GRADE,decision_tree,2,6,COMPLETE,"{""class_weight"": null, ""max_depth"": 5, ""min_samples_leaf"": 5}","[0.35503062117235346, 0.4059935014480469, 0.3233131313131313]",0.3614457513111772,,False,
student_mat,S0_EARLY_NO_GRADE,decision_tree,2,7,COMPLETE,"{""class_weight"": ""balanced"", ""max_depth"": 5, ""min_samples_leaf"": 5}","[0.2962745433464485, 0.4344193817878028, 0.3487405233553436]",0.3598114828298649,,False,
student_mat,S0_EARLY_NO_GRADE,decision_tree,2,8,COMPLETE,"{""class_weight"": null, ""max_depth"": null, ""min_samples_leaf"": 2}","[0.4428636916899827, 0.34105486421542963, 0.3199006134016616]",0.3679397231023579,,False,
student_mat,S0_EARLY_NO_GRADE,decision_tree,2,9,COMPLETE,"{""class_weight"": ""balanced"", ""max_depth"": null, ""min_samples_leaf"": 2}","[0.40974517147683037, 0.38865773775624834, 0.36901342452730307]",0.3891387779201272,,False,
student_mat,S0_EARLY_NO_GRADE,decision_tree,2,10,COMPLETE,"{""class_weight"": null, ""max_depth"": null, ""min_samples_leaf"": 5}","[0.4501795028110817, 0.4680604678719546, 0.3382223852812088]",0.418820785321415,,False,
student_mat,S0_EARLY_NO_GRADE,decision_tree,2,11,COMPLETE,"{""class_weight"": ""balanced"", ""max_depth"": null, ""min_samples_leaf"": 5}","[0.32510038874559194, 0.4420587128764173, 0.3855803490796841]",0.384246483567231,,False,
student_mat,S0_EARLY_NO_GRADE,decision_tree,3,0,COMPLETE,"{""class_weight"": null, ""max_depth"": 3, ""min_samples_leaf"": 2}","[0.3619745712863671, 0.3329354659027612, 0.43530211519857764]",0.3767373841292353,,False,
student_mat,S0_EARLY_NO_GRADE,decision_tree,3,1,COMPLETE,"{""class_weight"": ""balanced"", ""max_depth"": 3, ""min_samples_leaf"": 2}","[0.33191414518173495, 0.4105479148181012, 0.32888142598811676]",0.3571144953293176,,False,
student_mat,S0_EARLY_NO_GRADE,decision_tree,3,2,COMPLETE,"{""class_weight"": null, ""max_depth"": 3, ""min_samples_leaf"": 5}","[0.37745098039215685, 0.3329354659027612, 0.45566183497217977]",0.3886827604223659,,False,
student_mat,S0_EARLY_NO_GRADE,decision_tree,3,3,COMPLETE,"{""class_weight"": ""balanced"", ""max_depth"": 3, ""min_samples_leaf"": 5}","[0.33840432724814057, 0.4105587534158963, 0.33732024455351767]",0.3620944417391848,,False,
student_mat,S0_EARLY_NO_GRADE,decision_tree,3,4,COMPLETE,"{""class_weight"": null, ""max_depth"": 5, ""min_samples_leaf"": 2}","[0.3812428950359985, 0.3289586550008578, 0.44184704184704177]",0.3840161972946327,,False,
student_mat,S0_EARLY_NO_GRADE,decision_tree,3,5,COMPLETE,"{""class_weight"": ""balanced"", ""max_depth"": 5, ""min_samples_leaf"": 2}","[0.37598401778718554, 0.3291245791245791, 0.2973015873015873]",0.3341367280711173,,False,
student_mat,S0_EARLY_NO_GRADE,decision_tree,3,6,COMPLETE,"{""class_weight"": null, ""max_depth"": 5, ""min_samples_leaf"": 5}","[0.3760094166598232, 0.30193236714975846, 0.4377249631779399]",0.3718889156625071,,False,
student_mat,S0_EARLY_NO_GRADE,decision_tree,3,7,COMPLETE,"{""class_weight"": ""balanced"", ""max_depth"": 5, ""min_samples_leaf"": 5}","[0.4041950113378685, 0.34528381244971107, 0.38876725214486124]",0.3794153586441469,,False,
student_mat,S0_EARLY_NO_GRADE,decision_tree,3,8,COMPLETE,"{""class_weight"": null, ""max_depth"": null, ""min_samples_leaf"": 2}","[0.3196865701720071, 0.36351972659654413, 0.3636801199352981]",0.3489621389012831,,False,
student_mat,S0_EARLY_NO_GRADE,decision_tree,3,9,COMPLETE,"{""class_weight"": ""balanced"", ""max_depth"": null, ""min_samples_leaf"": 2}","[0.3675010979358806, 0.35058823529411764, 0.3882305842961707]",0.3687733058420563,,False,
student_mat,S0_EARLY_NO_GRADE,decision_tree,3,10,COMPLETE,"{""class_weight"": null, ""max_depth"": null, ""min_samples_leaf"": 5}","[0.3447293447293447, 0.3067230593003789, 0.3734188734188734]",0.3416237591495323,,False,
student_mat,S0_EARLY_NO_GRADE,decision_tree,3,11,COMPLETE,"{""class_weight"": ""balanced"", ""max_depth"": null, ""min_samples_leaf"": 5}","[0.39039272426622573, 0.34923552754435105, 0.43810224400760384]",0.3925768319393936,,False,
student_mat,S0_EARLY_NO_GRADE,decision_tree,4,0,COMPLETE,"{""class_weight"": null, ""max_depth"": 3, ""min_samples_leaf"": 2}","[0.42559523809523814, 0.3110417208777864, 0.3865457889896203]",0.3743942493208816,,False,
student_mat,S0_EARLY_NO_GRADE,decision_tree,4,1,COMPLETE,"{""class_weight"": ""balanced"", ""max_depth"": 3, ""min_samples_leaf"": 2}","[0.3027170076978506, 0.3802928401289057, 0.31988930838035695]",0.3342997187357044,,False,
student_mat,S0_EARLY_NO_GRADE,decision_tree,4,2,COMPLETE,"{""class_weight"": null, ""max_depth"": 3, ""min_samples_leaf"": 5}","[0.4233587570621469, 0.31313131313131315, 0.4062647906716578]",0.3809182869550393,,False,
student_mat,S0_EARLY_NO_GRADE,decision_tree,4,3,COMPLETE,"{""class_weight"": ""balanced"", ""max_depth"": 3, ""min_samples_leaf"": 5}","[0.27415869095399814, 0.3767046867782397, 0.29691943667098947]",0.3159276048010758,,False,
student_mat,S0_EARLY_NO_GRADE,decision_tree,4,4,COMPLETE,"{""class_weight"": null, ""max_depth"": 5, ""min_samples_leaf"": 2}","[0.39513013665556035, 0.3750132908027645, 0.35522598870056493]",0.3751231387196299,,False,
student_mat,S0_EARLY_NO_GRADE,decision_tree,4,5,COMPLETE,"{""class_weight"": ""balanced"", ""max_depth"": 5, ""min_samples_leaf"": 2}","[0.3873161535585192, 0.3239904476325571, 0.42078488372093026]",0.3773638283040021,,False,
student_mat,S0_EARLY_NO_GRADE,decision_tree,4,6,COMPLETE,"{""class_weight"": null, ""max_depth"": 5, ""min_samples_leaf"": 5}","[0.3654438405797101, 0.3650793650793651, 0.40309934394347824]",0.3778741832008511,,False,
student_mat,S0_EARLY_NO_GRADE,decision_tree,4,7,COMPLETE,"{""class_weight"": ""balanced"", ""max_depth"": 5, ""min_samples_leaf"": 5}","[0.3621640956852224, 0.3434343434343434, 0.42824401290056957]",0.3779474840067118,,False,
student_mat,S0_EARLY_NO_GRADE,decision_tree,4,8,COMPLETE,"{""class_weight"": null, ""max_depth"": null, ""min_samples_leaf"": 2}","[0.31535596048485237, 0.30972980424593327, 0.4043141355641356]",0.343133300098307,,False,
student_mat,S0_EARLY_NO_GRADE,decision_tree,4,9,COMPLETE,"{""class_weight"": ""balanced"", ""max_depth"": null, ""min_samples_leaf"": 2}","[0.32996632996632996, 0.3204713804713805, 0.39105820105820105]",0.3471653038319705,,False,
student_mat,S0_EARLY_NO_GRADE,decision_tree,4,10,COMPLETE,"{""class_weight"": null, ""max_depth"": null, ""min_samples_leaf"": 5}","[0.4081007115489874, 0.34273483365949114, 0.3414287479915956]",0.364088097733358,,False,
student_mat,S0_EARLY_NO_GRADE,decision_tree,4,11,COMPLETE,"{""class_weight"": ""balanced"", ""max_depth"": null, ""min_samples_leaf"": 5}","[0.3742873667685698, 0.40965136054421764, 0.361007458831794]",0.3816487287148604,,False,
student_mat,S0_EARLY_NO_GRADE,hist_gradient_boosting,0,0,COMPLETE,"{""l2_regularization"": 0.0, ""learning_rate"": 0.05, ""max_iter"": 250, ""max_leaf_nodes"": 15}","[0.5050505050505051, 0.4160575670009632, 0.4615001018928088]",0.460869391314759,,False,
student_mat,S0_EARLY_NO_GRADE,hist_gradient_boosting,0,1,COMPLETE,"{""l2_regularization"": 1.0, ""learning_rate"": 0.05, ""max_iter"": 250, ""max_leaf_nodes"": 15}","[0.4872457043509675, 0.4512605042016807, 0.3955050158673972]",0.444670408140015,,False,
student_mat,S0_EARLY_NO_GRADE,hist_gradient_boosting,0,2,COMPLETE,"{""l2_regularization"": 0.0, ""learning_rate"": 0.05, ""max_iter"": 250, ""max_leaf_nodes"": 31}","[0.5050505050505051, 0.4160575670009632, 0.4615001018928088]",0.460869391314759,,False,
student_mat,S0_EARLY_NO_GRADE,hist_gradient_boosting,0,3,COMPLETE,"{""l2_regularization"": 1.0, ""learning_rate"": 0.05, ""max_iter"": 250, ""max_leaf_nodes"": 31}","[0.4872457043509675, 0.4512605042016807, 0.3955050158673972]",0.444670408140015,,False,
student_mat,S0_EARLY_NO_GRADE,hist_gradient_boosting,0,4,COMPLETE,"{""l2_regularization"": 0.0, ""learning_rate"": 0.1, ""max_iter"": 250, ""max_leaf_nodes"": 15}","[0.4675013997047895, 0.4595299827150645, 0.42476692570150515]",0.450599436040453,,False,
student_mat,S0_EARLY_NO_GRADE,hist_gradient_boosting,0,5,COMPLETE,"{""l2_regularization"": 1.0, ""learning_rate"": 0.1, ""max_iter"": 250, ""max_leaf_nodes"": 15}","[0.5486984422708688, 0.41622921061669044, 0.42375825928457506]",0.462895304057378,,False,
student_mat,S0_EARLY_NO_GRADE,hist_gradient_boosting,0,6,COMPLETE,"{""l2_regularization"": 0.0, ""learning_rate"": 0.1, ""max_iter"": 250, ""max_leaf_nodes"": 31}","[0.4675013997047895, 0.4595299827150645, 0.42476692570150515]",0.450599436040453,,False,
student_mat,S0_EARLY_NO_GRADE,hist_gradient_boosting,0,7,COMPLETE,"{""l2_regularization"": 1.0, ""learning_rate"": 0.1, ""max_iter"": 250, ""max_leaf_nodes"": 31}","[0.5486984422708688, 0.41622921061669044, 0.42375825928457506]",0.462895304057378,,False,
student_mat,S0_EARLY_NO_GRADE,hist_gradient_boosting,1,0,COMPLETE,"{""l2_regularization"": 0.0, ""learning_rate"": 0.05, ""max_iter"": 250, ""max_leaf_nodes"": 15}","[0.4930635707334736, 0.39895945033559715, 0.4188944030879515]",0.4369724747190074,,False,
student_mat,S0_EARLY_NO_GRADE,hist_gradient_boosting,1,1,COMPLETE,"{""l2_regularization"": 1.0, ""learning_rate"": 0.05, ""max_iter"": 250, ""max_leaf_nodes"": 15}","[0.48405088899019827, 0.35661283161283164, 0.38736040295937313]",0.409341374520801,,False,
student_mat,S0_EARLY_NO_GRADE,hist_gradient_boosting,1,2,COMPLETE,"{""l2_regularization"": 0.0, ""learning_rate"": 0.05, ""max_iter"": 250, ""max_leaf_nodes"": 31}","[0.4930635707334736, 0.39895945033559715, 0.4188944030879515]",0.4369724747190074,,False,
student_mat,S0_EARLY_NO_GRADE,hist_gradient_boosting,1,3,COMPLETE,"{""l2_regularization"": 1.0, ""learning_rate"": 0.05, ""max_iter"": 250, ""max_leaf_nodes"": 31}","[0.48405088899019827, 0.35661283161283164, 0.38736040295937313]",0.409341374520801,,False,
student_mat,S0_EARLY_NO_GRADE,hist_gradient_boosting,1,4,COMPLETE,"{""l2_regularization"": 0.0, ""learning_rate"": 0.1, ""max_iter"": 250, ""max_leaf_nodes"": 15}","[0.4940187949143173, 0.3810158025474341, 0.463159433248504]",0.4460646769034185,,False,
student_mat,S0_EARLY_NO_GRADE,hist_gradient_boosting,1,5,COMPLETE,"{""l2_regularization"": 1.0, ""learning_rate"": 0.1, ""max_iter"": 250, ""max_leaf_nodes"": 15}","[0.5325591184162406, 0.3810158025474341, 0.4456032880441896]",0.4530594030026214,,False,
student_mat,S0_EARLY_NO_GRADE,hist_gradient_boosting,1,6,COMPLETE,"{""l2_regularization"": 0.0, ""learning_rate"": 0.1, ""max_iter"": 250, ""max_leaf_nodes"": 31}","[0.4940187949143173, 0.3810158025474341, 0.463159433248504]",0.4460646769034185,,False,
student_mat,S0_EARLY_NO_GRADE,hist_gradient_boosting,1,7,COMPLETE,"{""l2_regularization"": 1.0, ""learning_rate"": 0.1, ""max_iter"": 250, ""max_leaf_nodes"": 31}","[0.5325591184162406, 0.3810158025474341, 0.4456032880441896]",0.4530594030026214,,False,
student_mat,S0_EARLY_NO_GRADE,hist_gradient_boosting,2,0,COMPLETE,"{""l2_regularization"": 0.0, ""learning_rate"": 0.05, ""max_iter"": 250, ""max_leaf_nodes"": 15}","[0.40502453673185385, 0.44941094941094945, 0.3399044927081069]",0.3981133262836367,,False,
student_mat,S0_EARLY_NO_GRADE,hist_gradient_boosting,2,1,COMPLETE,"{""l2_regularization"": 1.0, ""learning_rate"": 0.05, ""max_iter"": 250, ""max_leaf_nodes"": 15}","[0.4338293870466097, 0.45793429706430183, 0.32738008100326943]",0.4063812550380603,,False,
student_mat,S0_EARLY_NO_GRADE,hist_gradient_boosting,2,2,COMPLETE,"{""l2_regularization"": 0.0, ""learning_rate"": 0.05, ""max_iter"": 250, ""max_leaf_nodes"": 31}","[0.40502453673185385, 0.44941094941094945, 0.3399044927081069]",0.3981133262836367,,False,
student_mat,S0_EARLY_NO_GRADE,hist_gradient_boosting,2,3,COMPLETE,"{""l2_regularization"": 1.0, ""learning_rate"": 0.05, ""max_iter"": 250, ""max_leaf_nodes"": 31}","[0.4338293870466097, 0.45793429706430183, 0.32738008100326943]",0.4063812550380603,,False,
student_mat,S0_EARLY_NO_GRADE,hist_gradient_boosting,2,4,COMPLETE,"{""l2_regularization"": 0.0, ""learning_rate"": 0.1, ""max_iter"": 250, ""max_leaf_nodes"": 15}","[0.36916185903178417, 0.5120601665323664, 0.33554472460616114]",0.4055889167234372,,False,
student_mat,S0_EARLY_NO_GRADE,hist_gradient_boosting,2,5,COMPLETE,"{""l2_regularization"": 1.0, ""learning_rate"": 0.1, ""max_iter"": 250, ""max_leaf_nodes"": 15}","[0.38553639846743293, 0.4827256843331393, 0.32648859717094364]",0.3982502266571719,,False,
student_mat,S0_EARLY_NO_GRADE,hist_gradient_boosting,2,6,COMPLETE,"{""l2_regularization"": 0.0, ""learning_rate"": 0.1, ""max_iter"": 250, ""max_leaf_nodes"": 31}","[0.36916185903178417, 0.5120601665323664, 0.33554472460616114]",0.4055889167234372,,False,
student_mat,S0_EARLY_NO_GRADE,hist_gradient_boosting,2,7,COMPLETE,"{""l2_regularization"": 1.0, ""learning_rate"": 0.1, ""max_iter"": 250, ""max_leaf_nodes"": 31}","[0.38553639846743293, 0.4827256843331393, 0.32648859717094364]",0.3982502266571719,,False,
student_mat,S0_EARLY_NO_GRADE,hist_gradient_boosting,3,0,COMPLETE,"{""l2_regularization"": 0.0, ""learning_rate"": 0.05, ""max_iter"": 250, ""max_leaf_nodes"": 15}","[0.3610669493022434, 0.3649915900555287, 0.3958333333333333]",0.3739639575637017,,False,
student_mat,S0_EARLY_NO_GRADE,hist_gradient_boosting,3,1,COMPLETE,"{""l2_regularization"": 1.0, ""learning_rate"": 0.05, ""max_iter"": 250, ""max_leaf_nodes"": 15}","[0.3583136585424915, 0.3764373292675179, 0.4250785559196774]",0.3866098479098956,,False,
student_mat,S0_EARLY_NO_GRADE,hist_gradient_boosting,3,2,COMPLETE,"{""l2_regularization"": 0.0, ""learning_rate"": 0.05, ""max_iter"": 250, ""max_leaf_nodes"": 31}","[0.3610669493022434, 0.3649915900555287, 0.3958333333333333]",0.3739639575637017,,False,
student_mat,S0_EARLY_NO_GRADE,hist_gradient_boosting,3,3,COMPLETE,"{""l2_regularization"": 1.0, ""learning_rate"": 0.05, ""max_iter"": 250, ""max_leaf_nodes"": 31}","[0.3583136585424915, 0.3764373292675179, 0.4250785559196774]",0.3866098479098956,,False,
student_mat,S0_EARLY_NO_GRADE,hist_gradient_boosting,3,4,COMPLETE,"{""l2_regularization"": 0.0, ""learning_rate"": 0.1, ""max_iter"": 250, ""max_leaf_nodes"": 15}","[0.3918573746159953, 0.36313725490196086, 0.43628117913832193]",0.3970919362187593,,False,
student_mat,S0_EARLY_NO_GRADE,hist_gradient_boosting,3,5,COMPLETE,"{""l2_regularization"": 1.0, ""learning_rate"": 0.1, ""max_iter"": 250, ""max_leaf_nodes"": 15}","[0.36530365769496204, 0.33872785829307567, 0.3890122086570477]",0.3643479082150285,,False,
student_mat,S0_EARLY_NO_GRADE,hist_gradient_boosting,3,6,COMPLETE,"{""l2_regularization"": 0.0, ""learning_rate"": 0.1, ""max_iter"": 250, ""max_leaf_nodes"": 31}","[0.3918573746159953, 0.36313725490196086, 0.43628117913832193]",0.3970919362187593,,False,
student_mat,S0_EARLY_NO_GRADE,hist_gradient_boosting,3,7,COMPLETE,"{""l2_regularization"": 1.0, ""learning_rate"": 0.1, ""max_iter"": 250, ""max_leaf_nodes"": 31}","[0.36530365769496204, 0.33872785829307567, 0.3890122086570477]",0.3643479082150285,,False,
student_mat,S0_EARLY_NO_GRADE,hist_gradient_boosting,4,0,COMPLETE,"{""l2_regularization"": 0.0, ""learning_rate"": 0.05, ""max_iter"": 250, ""max_leaf_nodes"": 15}","[0.38495138495138487, 0.39426711199425024, 0.4075449947122512]",0.3955878305526287,,False,
student_mat,S0_EARLY_NO_GRADE,hist_gradient_boosting,4,1,COMPLETE,"{""l2_regularization"": 1.0, ""learning_rate"": 0.05, ""max_iter"": 250, ""max_leaf_nodes"": 15}","[0.3957264957264957, 0.34148170070040446, 0.4062148188574879]",0.381141005094796,,False,
student_mat,S0_EARLY_NO_GRADE,hist_gradient_boosting,4,2,COMPLETE,"{""l2_regularization"": 0.0, ""learning_rate"": 0.05, ""max_iter"": 250, ""max_leaf_nodes"": 31}","[0.38495138495138487, 0.39426711199425024, 0.4075449947122512]",0.3955878305526287,,False,
student_mat,S0_EARLY_NO_GRADE,hist_gradient_boosting,4,3,COMPLETE,"{""l2_regularization"": 1.0, ""learning_rate"": 0.05, ""max_iter"": 250, ""max_leaf_nodes"": 31}","[0.3957264957264957, 0.34148170070040446, 0.4062148188574879]",0.381141005094796,,False,
student_mat,S0_EARLY_NO_GRADE,hist_gradient_boosting,4,4,COMPLETE,"{""l2_regularization"": 0.0, ""learning_rate"": 0.1, ""max_iter"": 250, ""max_leaf_nodes"": 15}","[0.3971068265641909, 0.38909785361398264, 0.3753949027441314]",0.3871998609741016,,False,
student_mat,S0_EARLY_NO_GRADE,hist_gradient_boosting,4,5,COMPLETE,"{""l2_regularization"": 1.0, ""learning_rate"": 0.1, ""max_iter"": 250, ""max_leaf_nodes"": 15}","[0.4041127317027966, 0.4112187659357471, 0.4016161616161616]",0.4056492197515684,,False,
student_mat,S0_EARLY_NO_GRADE,hist_gradient_boosting,4,6,COMPLETE,"{""l2_regularization"": 0.0, ""learning_rate"": 0.1, ""max_iter"": 250, ""max_leaf_nodes"": 31}","[0.3971068265641909, 0.38909785361398264, 0.3753949027441314]",0.3871998609741016,,False,
student_mat,S0_EARLY_NO_GRADE,hist_gradient_boosting,4,7,COMPLETE,"{""l2_regularization"": 1.0, ""learning_rate"": 0.1, ""max_iter"": 250, ""max_leaf_nodes"": 31}","[0.4041127317027966, 0.4112187659357471, 0.4016161616161616]",0.4056492197515684,,False,
student_mat,S0_EARLY_NO_GRADE,svm,0,0,COMPLETE,"{""C"": 0.5, ""class_weight"": null, ""gamma"": ""scale""}","[0.33604336043360433, 0.5072032662583843, 0.36345811051693405]",0.4022349124029742,,False,
student_mat,S0_EARLY_NO_GRADE,svm,0,1,COMPLETE,"{""C"": 0.5, ""class_weight"": ""balanced"", ""gamma"": ""scale""}","[0.22077922077922077, 0.34631620868180013, 0.3359929078014184]",0.3010294457541464,,False,
student_mat,S0_EARLY_NO_GRADE,svm,0,2,COMPLETE,"{""C"": 0.5, ""class_weight"": null, ""gamma"": 0.1}","[0.33604336043360433, 0.5072032662583843, 0.36345811051693405]",0.4022349124029742,,False,
student_mat,S0_EARLY_NO_GRADE,svm,0,3,COMPLETE,"{""C"": 0.5, ""class_weight"": ""balanced"", ""gamma"": 0.1}","[0.22077922077922077, 0.34631620868180013, 0.3359929078014184]",0.3010294457541464,,False,
student_mat,S0_EARLY_NO_GRADE,svm,0,4,COMPLETE,"{""C"": 1.0, ""class_weight"": null, ""gamma"": ""scale""}","[0.3419540229885058, 0.5030232457842757, 0.3233096926713948]",0.3894289871480587,,False,
student_mat,S0_EARLY_NO_GRADE,svm,0,5,COMPLETE,"{""C"": 1.0, ""class_weight"": ""balanced"", ""gamma"": ""scale""}","[0.22077922077922077, 0.33014763014763016, 0.3347902097902098]",0.2952390202390202,,False,
student_mat,S0_EARLY_NO_GRADE,svm,0,6,COMPLETE,"{""C"": 1.0, ""class_weight"": null, ""gamma"": 0.1}","[0.3419540229885058, 0.5030232457842757, 0.3233096926713948]",0.3894289871480587,,False,
student_mat,S0_EARLY_NO_GRADE,svm,0,7,COMPLETE,"{""C"": 1.0, ""class_weight"": ""balanced"", ""gamma"": 0.1}","[0.22077922077922077, 0.33014763014763016, 0.3347902097902098]",0.2952390202390202,,False,
student_mat,S0_EARLY_NO_GRADE,svm,0,8,COMPLETE,"{""C"": 2.0, ""class_weight"": null, ""gamma"": ""scale""}","[0.3320205275092493, 0.49743589743589745, 0.32283858070964516]",0.384098335218264,,False,
student_mat,S0_EARLY_NO_GRADE,svm,0,9,COMPLETE,"{""C"": 2.0, ""class_weight"": ""balanced"", ""gamma"": ""scale""}","[0.22077922077922077, 0.413122169848487, 0.1929824561403509]",0.2756279489226862,,False,
student_mat,S0_EARLY_NO_GRADE,svm,0,10,COMPLETE,"{""C"": 2.0, ""class_weight"": null, ""gamma"": 0.1}","[0.3320205275092493, 0.49743589743589745, 0.32283858070964516]",0.384098335218264,,False,
student_mat,S0_EARLY_NO_GRADE,svm,0,11,COMPLETE,"{""C"": 2.0, ""class_weight"": ""balanced"", ""gamma"": 0.1}","[0.22077922077922077, 0.413122169848487, 0.1929824561403509]",0.2756279489226862,,False,
student_mat,S0_EARLY_NO_GRADE,svm,1,0,COMPLETE,"{""C"": 0.5, ""class_weight"": null, ""gamma"": ""scale""}","[0.35826922027609537, 0.3590777257609432, 0.3826958955223881]",0.3666809471864755,,False,
student_mat,S0_EARLY_NO_GRADE,svm,1,1,COMPLETE,"{""C"": 0.5, ""class_weight"": ""balanced"", ""gamma"": ""scale""}","[0.21940928270042193, 0.322039194678809, 0.37570177408488653]",0.3057167504880391,,False,
student_mat,S0_EARLY_NO_GRADE,svm,1,2,COMPLETE,"{""C"": 0.5, ""class_weight"": null, ""gamma"": 0.1}","[0.35826922027609537, 0.3590777257609432, 0.3826958955223881]",0.3666809471864755,,False,
student_mat,S0_EARLY_NO_GRADE,svm,1,3,COMPLETE,"{""C"": 0.5, ""class_weight"": ""balanced"", ""gamma"": 0.1}","[0.21940928270042193, 0.322039194678809, 0.37570177408488653]",0.3057167504880391,,False,
student_mat,S0_EARLY_NO_GRADE,svm,1,4,COMPLETE,"{""C"": 1.0, ""class_weight"": null, ""gamma"": ""scale""}","[0.29918229918229916, 0.3646734520780322, 0.3766404199475066]",0.3468320570692793,,False,
student_mat,S0_EARLY_NO_GRADE,svm,1,5,COMPLETE,"{""C"": 1.0, ""class_weight"": ""balanced"", ""gamma"": ""scale""}","[0.21940928270042193, 0.33867016622922136, 0.36000000000000004]",0.3060264829765478,,False,
student_mat,S0_EARLY_NO_GRADE,svm,1,6,COMPLETE,"{""C"": 1.0, ""class_weight"": null, ""gamma"": 0.1}","[0.29918229918229916, 0.3646734520780322, 0.3766404199475066]",0.3468320570692793,,False,
student_mat,S0_EARLY_NO_GRADE,svm,1,7,COMPLETE,"{""C"": 1.0, ""class_weight"": ""balanced"", ""gamma"": 0.1}","[0.21940928270042193, 0.33867016622922136, 0.36000000000000004]",0.3060264829765478,,False,
student_mat,S0_EARLY_NO_GRADE,svm,1,8,COMPLETE,"{""C"": 2.0, ""class_weight"": null, ""gamma"": ""scale""}","[0.21940928270042193, 0.3761245140555485, 0.36800373134328357]",0.3211791760330846,,False,
student_mat,S0_EARLY_NO_GRADE,svm,1,9,COMPLETE,"{""C"": 2.0, ""class_weight"": ""balanced"", ""gamma"": ""scale""}","[0.21940928270042193, 0.3124318429661941, 0.3511111111111111]",0.2943174122592424,,False,
student_mat,S0_EARLY_NO_GRADE,svm,1,10,COMPLETE,"{""C"": 2.0, ""class_weight"": null, ""gamma"": 0.1}","[0.21940928270042193, 0.3761245140555485, 0.36800373134328357]",0.3211791760330846,,False,
student_mat,S0_EARLY_NO_GRADE,svm,1,11,COMPLETE,"{""C"": 2.0, ""class_weight"": ""balanced"", ""gamma"": 0.1}","[0.21940928270042193, 0.3124318429661941, 0.3511111111111111]",0.2943174122592424,,False,
student_mat,S0_EARLY_NO_GRADE,svm,2,0,COMPLETE,"{""C"": 0.5, ""class_weight"": null, ""gamma"": ""scale""}","[0.3806551429790866, 0.34429708222811667, 0.38169934640522873]",0.3688838572041439,,False,
student_mat,S0_EARLY_NO_GRADE,svm,2,1,COMPLETE,"{""C"": 0.5, ""class_weight"": ""balanced"", ""gamma"": ""scale""}","[0.323747680890538, 0.3134939134939135, 0.3076772424598511]",0.3149729456147676,,False,
student_mat,S0_EARLY_NO_GRADE,svm,2,2,COMPLETE,"{""C"": 0.5, ""class_weight"": null, ""gamma"": 0.1}","[0.3806551429790866, 0.34429708222811667, 0.38169934640522873]",0.3688838572041439,,False,
student_mat,S0_EARLY_NO_GRADE,svm,2,3,COMPLETE,"{""C"": 0.5, ""class_weight"": ""balanced"", ""gamma"": 0.1}","[0.323747680890538, 0.3134939134939135, 0.3076772424598511]",0.3149729456147676,,False,
student_mat,S0_EARLY_NO_GRADE,svm,2,4,COMPLETE,"{""C"": 1.0, ""class_weight"": null, ""gamma"": ""scale""}","[0.36755443138421856, 0.3381071256514694, 0.3233500156396622]",0.34300385755845,,False,
student_mat,S0_EARLY_NO_GRADE,svm,2,5,COMPLETE,"{""C"": 1.0, ""class_weight"": ""balanced"", ""gamma"": ""scale""}","[0.33663168415792105, 0.31618037135278515, 0.2995585974309378]",0.3174568843138813,,False,
student_mat,S0_EARLY_NO_GRADE,svm,2,6,COMPLETE,"{""C"": 1.0, ""class_weight"": null, ""gamma"": 0.1}","[0.36755443138421856, 0.3381071256514694, 0.3233500156396622]",0.34300385755845,,False,
student_mat,S0_EARLY_NO_GRADE,svm,2,7,COMPLETE,"{""C"": 1.0, ""class_weight"": ""balanced"", ""gamma"": 0.1}","[0.33663168415792105, 0.31618037135278515, 0.2995585974309378]",0.3174568843138813,,False,
student_mat,S0_EARLY_NO_GRADE,svm,2,8,COMPLETE,"{""C"": 2.0, ""class_weight"": null, ""gamma"": ""scale""}","[0.33569739952718675, 0.3398268398268398, 0.33322199335671476]",0.3362487442369137,,False,
student_mat,S0_EARLY_NO_GRADE,svm,2,9,COMPLETE,"{""C"": 2.0, ""class_weight"": ""balanced"", ""gamma"": ""scale""}","[0.3335346215780999, 0.3328028293545535, 0.3236531986531987]",0.329996883195284,,False,
student_mat,S0_EARLY_NO_GRADE,svm,2,10,COMPLETE,"{""C"": 2.0, ""class_weight"": null, ""gamma"": 0.1}","[0.33569739952718675, 0.3398268398268398, 0.33322199335671476]",0.3362487442369137,,False,
student_mat,S0_EARLY_NO_GRADE,svm,2,11,COMPLETE,"{""C"": 2.0, ""class_weight"": ""balanced"", ""gamma"": 0.1}","[0.3335346215780999, 0.3328028293545535, 0.3236531986531987]",0.329996883195284,,False,
student_mat,S0_EARLY_NO_GRADE,svm,3,0,COMPLETE,"{""C"": 0.5, ""class_weight"": null, ""gamma"": ""scale""}","[0.39023081052066555, 0.37193362193362195, 0.4083542188805347]",0.3901728837782741,,False,
student_mat,S0_EARLY_NO_GRADE,svm,3,1,COMPLETE,"{""C"": 0.5, ""class_weight"": ""balanced"", ""gamma"": ""scale""}","[0.3619745712863671, 0.3539568345323741, 0.3852088976442584]",0.3670467678209999,,False,
student_mat,S0_EARLY_NO_GRADE,svm,3,2,COMPLETE,"{""C"": 0.5, ""class_weight"": null, ""gamma"": 0.1}","[0.39023081052066555, 0.37193362193362195, 0.4083542188805347]",0.3901728837782741,,False,
student_mat,S0_EARLY_NO_GRADE,svm,3,3,COMPLETE,"{""C"": 0.5, ""class_weight"": ""balanced"", ""gamma"": 0.1}","[0.3619745712863671, 0.3539568345323741, 0.3852088976442584]",0.3670467678209999,,False,
student_mat,S0_EARLY_NO_GRADE,svm,3,4,COMPLETE,"{""C"": 1.0, ""class_weight"": null, ""gamma"": ""scale""}","[0.39354125193541245, 0.38257220659791974, 0.3959615858163014]",0.3906916814498779,,False,
student_mat,S0_EARLY_NO_GRADE,svm,3,5,COMPLETE,"{""C"": 1.0, ""class_weight"": ""balanced"", ""gamma"": ""scale""}","[0.3902852049910874, 0.3654320987654321, 0.37330426356589147]",0.3763405224408036,,False,
student_mat,S0_EARLY_NO_GRADE,svm,3,6,COMPLETE,"{""C"": 1.0, ""class_weight"": null, ""gamma"": 0.1}","[0.39354125193541245, 0.38257220659791974, 0.3959615858163014]",0.3906916814498779,,False,
student_mat,S0_EARLY_NO_GRADE,svm,3,7,COMPLETE,"{""C"": 1.0, ""class_weight"": ""balanced"", ""gamma"": 0.1}","[0.3902852049910874, 0.3654320987654321, 0.37330426356589147]",0.3763405224408036,,False,
student_mat,S0_EARLY_NO_GRADE,svm,3,8,COMPLETE,"{""C"": 2.0, ""class_weight"": null, ""gamma"": ""scale""}","[0.38894167684720155, 0.3793363499245852, 0.38285256410256413]",0.383710196958117,,False,
student_mat,S0_EARLY_NO_GRADE,svm,3,9,COMPLETE,"{""C"": 2.0, ""class_weight"": ""balanced"", ""gamma"": ""scale""}","[0.4193608324043106, 0.3839158851946576, 0.3768392587290225]",0.3933719921093302,,False,
student_mat,S0_EARLY_NO_GRADE,svm,3,10,COMPLETE,"{""C"": 2.0, ""class_weight"": null, ""gamma"": 0.1}","[0.38894167684720155, 0.3793363499245852, 0.38285256410256413]",0.383710196958117,,False,
student_mat,S0_EARLY_NO_GRADE,svm,3,11,COMPLETE,"{""C"": 2.0, ""class_weight"": ""balanced"", ""gamma"": 0.1}","[0.4193608324043106, 0.3839158851946576, 0.3768392587290225]",0.3933719921093302,,False,
student_mat,S0_EARLY_NO_GRADE,svm,4,0,COMPLETE,"{""C"": 0.5, ""class_weight"": null, ""gamma"": ""scale""}","[0.38314176245210724, 0.31894551192796805, 0.32210655235762403]",0.3413979422458997,,False,
student_mat,S0_EARLY_NO_GRADE,svm,4,1,COMPLETE,"{""C"": 0.5, ""class_weight"": ""balanced"", ""gamma"": ""scale""}","[0.3659402744148507, 0.3661918328584995, 0.23087719298245615]",0.3210031000852688,,False,
student_mat,S0_EARLY_NO_GRADE,svm,4,2,COMPLETE,"{""C"": 0.5, ""class_weight"": null, ""gamma"": 0.1}","[0.38314176245210724, 0.31894551192796805, 0.32210655235762403]",0.3413979422458997,,False,
student_mat,S0_EARLY_NO_GRADE,svm,4,3,COMPLETE,"{""C"": 0.5, ""class_weight"": ""balanced"", ""gamma"": 0.1}","[0.3659402744148507, 0.3661918328584995, 0.23087719298245615]",0.3210031000852688,,False,
student_mat,S0_EARLY_NO_GRADE,svm,4,4,COMPLETE,"{""C"": 1.0, ""class_weight"": null, ""gamma"": ""scale""}","[0.3980629539951574, 0.33630372226863453, 0.3085016835016835]",0.3476227865884918,,False,
student_mat,S0_EARLY_NO_GRADE,svm,4,5,COMPLETE,"{""C"": 1.0, ""class_weight"": ""balanced"", ""gamma"": ""scale""}","[0.3997043261749144, 0.35366193260930096, 0.2662162162162162]",0.3398608250001438,,False,
student_mat,S0_EARLY_NO_GRADE,svm,4,6,COMPLETE,"{""C"": 1.0, ""class_weight"": null, ""gamma"": 0.1}","[0.3980629539951574, 0.33630372226863453, 0.3085016835016835]",0.3476227865884918,,False,
student_mat,S0_EARLY_NO_GRADE,svm,4,7,COMPLETE,"{""C"": 1.0, ""class_weight"": ""balanced"", ""gamma"": 0.1}","[0.3997043261749144, 0.35366193260930096, 0.2662162162162162]",0.3398608250001438,,False,
student_mat,S0_EARLY_NO_GRADE,svm,4,8,COMPLETE,"{""C"": 2.0, ""class_weight"": null, ""gamma"": ""scale""}","[0.3723063973063973, 0.33630372226863453, 0.26315192743764176]",0.3239206823375578,,False,
student_mat,S0_EARLY_NO_GRADE,svm,4,9,COMPLETE,"{""C"": 2.0, ""class_weight"": ""balanced"", ""gamma"": ""scale""}","[0.37070217917675546, 0.3474747474747475, 0.2119205298013245]",0.3100324854842758,,False,
student_mat,S0_EARLY_NO_GRADE,svm,4,10,COMPLETE,"{""C"": 2.0, ""class_weight"": null, ""gamma"": 0.1}","[0.3723063973063973, 0.33630372226863453, 0.26315192743764176]",0.3239206823375578,,False,
student_mat,S0_EARLY_NO_GRADE,svm,4,11,COMPLETE,"{""C"": 2.0, ""class_weight"": ""balanced"", ""gamma"": 0.1}","[0.37070217917675546, 0.3474747474747475, 0.2119205298013245]",0.3100324854842758,,False,
student_mat,S1_MID_G1_ONLY,decision_tree,0,0,COMPLETE,"{""class_weight"": null, ""max_depth"": 3, ""min_samples_leaf"": 2}","[0.7258258258258259, 0.723528585475488, 0.7622619404797623]",0.737205450593692,,False,
student_mat,S1_MID_G1_ONLY,decision_tree,0,1,COMPLETE,"{""class_weight"": ""balanced"", ""max_depth"": 3, ""min_samples_leaf"": 2}","[0.7201302142478614, 0.6534750178314536, 0.7652713195708006]",0.7129588505500385,,False,
student_mat,S1_MID_G1_ONLY,decision_tree,0,2,COMPLETE,"{""class_weight"": null, ""max_depth"": 3, ""min_samples_leaf"": 5}","[0.7258258258258259, 0.723528585475488, 0.7622619404797623]",0.737205450593692,,False,
student_mat,S1_MID_G1_ONLY,decision_tree,0,3,COMPLETE,"{""class_weight"": ""balanced"", ""max_depth"": 3, ""min_samples_leaf"": 5}","[0.7201302142478614, 0.6534750178314536, 0.7652713195708006]",0.7129588505500385,,False,
student_mat,S1_MID_G1_ONLY,decision_tree,0,4,COMPLETE,"{""class_weight"": null, ""max_depth"": 5, ""min_samples_leaf"": 2}","[0.6784642624172957, 0.7203398453398453, 0.7614293166405842]",0.720077808132575,,False,
student_mat,S1_MID_G1_ONLY,decision_tree,0,5,COMPLETE,"{""class_weight"": ""balanced"", ""max_depth"": 5, ""min_samples_leaf"": 2}","[0.6784642624172957, 0.6743124819564347, 0.7510494398190976]",0.7012753947309426,,False,
student_mat,S1_MID_G1_ONLY,decision_tree,0,6,COMPLETE,"{""class_weight"": null, ""max_depth"": 5, ""min_samples_leaf"": 5}","[0.6939995640862225, 0.7425141182662626, 0.76012185833968]",0.7322118468973885,,False,
student_mat,S1_MID_G1_ONLY,decision_tree,0,7,COMPLETE,"{""class_weight"": ""balanced"", ""max_depth"": 5, ""min_samples_leaf"": 5}","[0.7119060722803155, 0.672860232773715, 0.7047213285801236]",0.6964958778780513,,False,
student_mat,S1_MID_G1_ONLY,decision_tree,0,8,COMPLETE,"{""class_weight"": null, ""max_depth"": null, ""min_samples_leaf"": 2}","[0.7006129184347006, 0.6276917103475053, 0.765453031305327]",0.6979192200291777,,False,
student_mat,S1_MID_G1_ONLY,decision_tree,0,9,COMPLETE,"{""class_weight"": ""balanced"", ""max_depth"": null, ""min_samples_leaf"": 2}","[0.6822541871085561, 0.6998206669982067, 0.7595468361425808]",0.7138738967497812,,False,
student_mat,S1_MID_G1_ONLY,decision_tree,0,10,COMPLETE,"{""class_weight"": null, ""max_depth"": null, ""min_samples_leaf"": 5}","[0.6617309087698678, 0.6962472505950767, 0.75173023959359]",0.7032361329861782,,False,
student_mat,S1_MID_G1_ONLY,decision_tree,0,11,COMPLETE,"{""class_weight"": ""balanced"", ""max_depth"": null, ""min_samples_leaf"": 5}","[0.712933186350908, 0.673567977915804, 0.7130950867909123]",0.6998654170192081,,False,
student_mat,S1_MID_G1_ONLY,decision_tree,1,0,COMPLETE,"{""class_weight"": null, ""max_depth"": 3, ""min_samples_leaf"": 2}","[0.7343550446998722, 0.7443988759778234, 0.63984200687451]",0.7061986425174019,,False,
student_mat,S1_MID_G1_ONLY,decision_tree,1,1,COMPLETE,"{""class_weight"": ""balanced"", ""max_depth"": 3, ""min_samples_leaf"": 2}","[0.7887334887334888, 0.6487329434697856, 0.6196605374823196]",0.6857089898951981,,False,
student_mat,S1_MID_G1_ONLY,decision_tree,1,2,COMPLETE,"{""class_weight"": null, ""max_depth"": 3, ""min_samples_leaf"": 5}","[0.7343550446998722, 0.7443988759778234, 0.6873126873126872]",0.722022202663461,,False,
student_mat,S1_MID_G1_ONLY,decision_tree,1,3,COMPLETE,"{""class_weight"": ""balanced"", ""max_depth"": 3, ""min_samples_leaf"": 5}","[0.7726232577491158, 0.6460313049921275, 0.6530612244897959]",0.690571929077013,,False,
student_mat,S1_MID_G1_ONLY,decision_tree,1,4,COMPLETE,"{""class_weight"": null, ""max_depth"": 5, ""min_samples_leaf"": 2}","[0.6908939014202172, 0.7270234409553294, 0.6325482427177342]",0.683488528364427,,False,
student_mat,S1_MID_G1_ONLY,decision_tree,1,5,COMPLETE,"{""class_weight"": ""balanced"", ""max_depth"": 5, ""min_samples_leaf"": 2}","[0.7053339235323411, 0.7154165183942521, 0.6325482427177342]",0.6844328948814425,,False,
student_mat,S1_MID_G1_ONLY,decision_tree,1,6,COMPLETE,"{""class_weight"": null, ""max_depth"": 5, ""min_samples_leaf"": 5}","[0.7734204793028322, 0.7080600002129177, 0.6846917450365725]",0.7220574081841075,,False,
student_mat,S1_MID_G1_ONLY,decision_tree,1,7,COMPLETE,"{""class_weight"": ""balanced"", ""max_depth"": 5, ""min_samples_leaf"": 5}","[0.756697408871322, 0.7116058544629973, 0.653030303030303]",0.7071111887882074,,False,
student_mat,S1_MID_G1_ONLY,decision_tree,1,8,COMPLETE,"{""class_weight"": null, ""max_depth"": null, ""min_samples_leaf"": 2}","[0.7110795990326747, 0.7413181719583063, 0.5921212121212122]",0.6815063277040644,,False,
student_mat,S1_MID_G1_ONLY,decision_tree,1,9,COMPLETE,"{""class_weight"": ""balanced"", ""max_depth"": null, ""min_samples_leaf"": 2}","[0.6873490338164251, 0.6930814354727398, 0.6166596776887961]",0.6656967156593203,,False,
student_mat,S1_MID_G1_ONLY,decision_tree,1,10,COMPLETE,"{""class_weight"": null, ""max_depth"": null, ""min_samples_leaf"": 5}","[0.8113746157224418, 0.7241167136241459, 0.7003893845999108]",0.7452935713154996,,False,
student_mat,S1_MID_G1_ONLY,decision_tree,1,11,COMPLETE,"{""class_weight"": ""balanced"", ""max_depth"": null, ""min_samples_leaf"": 5}","[0.7471605509302086, 0.7247757135232673, 0.6686686686686687]",0.7135349777073815,,False,
student_mat,S1_MID_G1_ONLY,decision_tree,2,0,COMPLETE,"{""class_weight"": null, ""max_depth"": 3, ""min_samples_leaf"": 2}","[0.6899641577060932, 0.7207070707070707, 0.642645877765727]",0.6844390353929636,,False,
student_mat,S1_MID_G1_ONLY,decision_tree,2,1,COMPLETE,"{""class_weight"": ""balanced"", ""max_depth"": 3, ""min_samples_leaf"": 2}","[0.6756763032625103, 0.7137117585503171, 0.642645877765727]",0.6773446465261848,,False,
student_mat,S1_MID_G1_ONLY,decision_tree,2,2,COMPLETE,"{""class_weight"": null, ""max_depth"": 3, ""min_samples_leaf"": 5}","[0.736077351050613, 0.7207070707070707, 0.642645877765727]",0.699810099841137,,False,
student_mat,S1_MID_G1_ONLY,decision_tree,2,3,COMPLETE,"{""class_weight"": ""balanced"", ""max_depth"": 3, ""min_samples_leaf"": 5}","[0.6954303640366469, 0.7176973353443942, 0.642645877765727]",0.6852578590489227,,False,
student_mat,S1_MID_G1_ONLY,decision_tree,2,4,COMPLETE,"{""class_weight"": null, ""max_depth"": 5, ""min_samples_leaf"": 2}","[0.7012108957374611, 0.7103477018337699, 0.6309292947948411]",0.6808292974553574,,False,
student_mat,S1_MID_G1_ONLY,decision_tree,2,5,COMPLETE,"{""class_weight"": ""balanced"", ""max_depth"": 5, ""min_samples_leaf"": 2}","[0.6564171122994652, 0.7223870139508298, 0.6312134502923977]",0.6700058588475643,,False,
student_mat,S1_MID_G1_ONLY,decision_tree,2,6,COMPLETE,"{""class_weight"": null, ""max_depth"": 5, ""min_samples_leaf"": 5}","[0.7396783803596775, 0.696813034663502, 0.6508714596949892]",0.6957876249060563,,False,
student_mat,S1_MID_G1_ONLY,decision_tree,2,7,COMPLETE,"{""class_weight"": ""balanced"", ""max_depth"": 5, ""min_samples_leaf"": 5}","[0.6605855855855856, 0.7452113104287017, 0.674717226263618]",0.6935047074259684,,False,
student_mat,S1_MID_G1_ONLY,decision_tree,2,8,COMPLETE,"{""class_weight"": null, ""max_depth"": null, ""min_samples_leaf"": 2}","[0.6853453453453454, 0.6790123456790123, 0.5764524687762894]",0.6469367199335491,,False,
student_mat,S1_MID_G1_ONLY,decision_tree,2,9,COMPLETE,"{""class_weight"": ""balanced"", ""max_depth"": null, ""min_samples_leaf"": 2}","[0.6660206718346253, 0.7133464144408057, 0.5639766081871346]",0.6477812314875219,,False,
student_mat,S1_MID_G1_ONLY,decision_tree,2,10,COMPLETE,"{""class_weight"": null, ""max_depth"": null, ""min_samples_leaf"": 5}","[0.714496736516661, 0.662136642300801, 0.6426480493894688]",0.6730938094023102,,False,
student_mat,S1_MID_G1_ONLY,decision_tree,2,11,COMPLETE,"{""class_weight"": ""balanced"", ""max_depth"": null, ""min_samples_leaf"": 5}","[0.6447381983096269, 0.7127323738401761, 0.667004813621355]",0.674825128590386,,False,
student_mat,S1_MID_G1_ONLY,decision_tree,3,0,COMPLETE,"{""class_weight"": null, ""max_depth"": 3, ""min_samples_leaf"": 2}","[0.6881419234360412, 0.7402014652014652, 0.7843366849094225]",0.7375600245156431,,False,
student_mat,S1_MID_G1_ONLY,decision_tree,3,1,COMPLETE,"{""class_weight"": ""balanced"", ""max_depth"": 3, ""min_samples_leaf"": 2}","[0.7102897273079593, 0.7341377576671695, 0.6788393885619999]",0.7077556245123762,,False,
student_mat,S1_MID_G1_ONLY,decision_tree,3,2,COMPLETE,"{""class_weight"": null, ""max_depth"": 3, ""min_samples_leaf"": 5}","[0.6881419234360412, 0.7402014652014652, 0.7843366849094225]",0.7375600245156431,,False,
student_mat,S1_MID_G1_ONLY,decision_tree,3,3,COMPLETE,"{""class_weight"": ""balanced"", ""max_depth"": 3, ""min_samples_leaf"": 5}","[0.7102897273079593, 0.7341377576671695, 0.6788393885619999]",0.7077556245123762,,False,
student_mat,S1_MID_G1_ONLY,decision_tree,3,4,COMPLETE,"{""class_weight"": null, ""max_depth"": 5, ""min_samples_leaf"": 2}","[0.6740706223464844, 0.7602644568663987, 0.7430510665804784]",0.7257953819311206,,False,
student_mat,S1_MID_G1_ONLY,decision_tree,3,5,COMPLETE,"{""class_weight"": ""balanced"", ""max_depth"": 5, ""min_samples_leaf"": 2}","[0.6913817663817664, 0.6632132304976786, 0.6554110722408178]",0.6700020230400875,,False,
student_mat,S1_MID_G1_ONLY,decision_tree,3,6,COMPLETE,"{""class_weight"": null, ""max_depth"": 5, ""min_samples_leaf"": 5}","[0.6873770894788594, 0.7560437587369987, 0.6873273273273274]",0.7102493918477285,,False,
student_mat,S1_MID_G1_ONLY,decision_tree,3,7,COMPLETE,"{""class_weight"": ""balanced"", ""max_depth"": 5, ""min_samples_leaf"": 5}","[0.7056856187290971, 0.623123123123123, 0.6588660578386606]",0.6625582665636269,,False,
student_mat,S1_MID_G1_ONLY,decision_tree,3,8,COMPLETE,"{""class_weight"": null, ""max_depth"": null, ""min_samples_leaf"": 2}","[0.705334746511217, 0.7390431640431641, 0.6503582202111614]",0.6982453769218475,,False,
student_mat,S1_MID_G1_ONLY,decision_tree,3,9,COMPLETE,"{""class_weight"": ""balanced"", ""max_depth"": null, ""min_samples_leaf"": 2}","[0.6805338081933826, 0.6613629739540553, 0.6570341092080222]",0.6663102971184868,,False,
student_mat,S1_MID_G1_ONLY,decision_tree,3,10,COMPLETE,"{""class_weight"": null, ""max_depth"": null, ""min_samples_leaf"": 5}","[0.7066013944518618, 0.7177684013127051, 0.6530704068017501]",0.6924800675221056,,False,
student_mat,S1_MID_G1_ONLY,decision_tree,3,11,COMPLETE,"{""class_weight"": ""balanced"", ""max_depth"": null, ""min_samples_leaf"": 5}","[0.6903118735416872, 0.6353786797737963, 0.6491296188442374]",0.658273390719907,,False,
student_mat,S1_MID_G1_ONLY,decision_tree,4,0,COMPLETE,"{""class_weight"": null, ""max_depth"": 3, ""min_samples_leaf"": 2}","[0.6766729205753595, 0.6966888861625704, 0.6751440329218107]",0.6828352798865801,,False,
student_mat,S1_MID_G1_ONLY,decision_tree,4,1,COMPLETE,"{""class_weight"": ""balanced"", ""max_depth"": 3, ""min_samples_leaf"": 2}","[0.7211854936574037, 0.6573458840900702, 0.7014000856265771]",0.6933104877913503,,False,
student_mat,S1_MID_G1_ONLY,decision_tree,4,2,COMPLETE,"{""class_weight"": null, ""max_depth"": 3, ""min_samples_leaf"": 5}","[0.6588595484117872, 0.6995388669301713, 0.6751440329218107]",0.6778474827545896,,False,
student_mat,S1_MID_G1_ONLY,decision_tree,4,3,COMPLETE,"{""class_weight"": ""balanced"", ""max_depth"": 3, ""min_samples_leaf"": 5}","[0.6991168866483544, 0.6573458840900702, 0.7014000856265771]",0.6859542854550006,,False,
student_mat,S1_MID_G1_ONLY,decision_tree,4,4,COMPLETE,"{""class_weight"": null, ""max_depth"": 5, ""min_samples_leaf"": 2}","[0.6740988480118916, 0.615959595959596, 0.7170280248469006]",0.6690288229394628,,False,
student_mat,S1_MID_G1_ONLY,decision_tree,4,5,COMPLETE,"{""class_weight"": ""balanced"", ""max_depth"": 5, ""min_samples_leaf"": 2}","[0.5799073252489401, 0.6378228404372196, 0.6399521531100478]",0.6192274395987358,,False,
student_mat,S1_MID_G1_ONLY,decision_tree,4,6,COMPLETE,"{""class_weight"": null, ""max_depth"": 5, ""min_samples_leaf"": 5}","[0.6687762941284069, 0.6435185185185185, 0.7255469755469756]",0.6792805960646336,,False,
student_mat,S1_MID_G1_ONLY,decision_tree,4,7,COMPLETE,"{""class_weight"": ""balanced"", ""max_depth"": 5, ""min_samples_leaf"": 5}","[0.6634567316546952, 0.6464903770927867, 0.7259797567695827]",0.6786422885056882,,False,
student_mat,S1_MID_G1_ONLY,decision_tree,4,8,COMPLETE,"{""class_weight"": null, ""max_depth"": null, ""min_samples_leaf"": 2}","[0.6192982456140351, 0.6026714893076971, 0.7074369084477846]",0.643135547789839,,False,
student_mat,S1_MID_G1_ONLY,decision_tree,4,9,COMPLETE,"{""class_weight"": ""balanced"", ""max_depth"": null, ""min_samples_leaf"": 2}","[0.5567611952255067, 0.6383524904214559, 0.6366137566137566]",0.6105758140869064,,False,
student_mat,S1_MID_G1_ONLY,decision_tree,4,10,COMPLETE,"{""class_weight"": null, ""max_depth"": null, ""min_samples_leaf"": 5}","[0.6971932318358084, 0.6870551702253048, 0.700944348603923]",0.6950642502216787,,False,
student_mat,S1_MID_G1_ONLY,decision_tree,4,11,COMPLETE,"{""class_weight"": ""balanced"", ""max_depth"": null, ""min_samples_leaf"": 5}","[0.6934659890853995, 0.6051851851851852, 0.7020388809862493]",0.6668966850856113,,False,
student_mat,S1_MID_G1_ONLY,hist_gradient_boosting,0,0,COMPLETE,"{""l2_regularization"": 0.0, ""learning_rate"": 0.05, ""max_iter"": 250, ""max_leaf_nodes"": 15}","[0.7143363459152932, 0.747721022218102, 0.6697925547030406]",0.7106166409454785,,False,
student_mat,S1_MID_G1_ONLY,hist_gradient_boosting,0,1,COMPLETE,"{""l2_regularization"": 1.0, ""learning_rate"": 0.05, ""max_iter"": 250, ""max_leaf_nodes"": 15}","[0.7241830065359478, 0.7320574162679425, 0.6968816260875923]",0.7177073496304942,,False,
student_mat,S1_MID_G1_ONLY,hist_gradient_boosting,0,2,COMPLETE,"{""l2_regularization"": 0.0, ""learning_rate"": 0.05, ""max_iter"": 250, ""max_leaf_nodes"": 31}","[0.7143363459152932, 0.747721022218102, 0.6697925547030406]",0.7106166409454785,,False,
student_mat,S1_MID_G1_ONLY,hist_gradient_boosting,0,3,COMPLETE,"{""l2_regularization"": 1.0, ""learning_rate"": 0.05, ""max_iter"": 250, ""max_leaf_nodes"": 31}","[0.7241830065359478, 0.7320574162679425, 0.6968816260875923]",0.7177073496304942,,False,
student_mat,S1_MID_G1_ONLY,hist_gradient_boosting,0,4,COMPLETE,"{""l2_regularization"": 0.0, ""learning_rate"": 0.1, ""max_iter"": 250, ""max_leaf_nodes"": 15}","[0.7238060428849903, 0.7463573463573464, 0.6608872971395935]",0.7103502287939767,,False,
student_mat,S1_MID_G1_ONLY,hist_gradient_boosting,0,5,COMPLETE,"{""l2_regularization"": 1.0, ""learning_rate"": 0.1, ""max_iter"": 250, ""max_leaf_nodes"": 15}","[0.7409560570227822, 0.7517494198697982, 0.6191838231442192]",0.7039631000122665,,False,
student_mat,S1_MID_G1_ONLY,hist_gradient_boosting,0,6,COMPLETE,"{""l2_regularization"": 0.0, ""learning_rate"": 0.1, ""max_iter"": 250, ""max_leaf_nodes"": 31}","[0.7238060428849903, 0.7463573463573464, 0.6608872971395935]",0.7103502287939767,,False,
student_mat,S1_MID_G1_ONLY,hist_gradient_boosting,0,7,COMPLETE,"{""l2_regularization"": 1.0, ""learning_rate"": 0.1, ""max_iter"": 250, ""max_leaf_nodes"": 31}","[0.7409560570227822, 0.7517494198697982, 0.6191838231442192]",0.7039631000122665,,False,
student_mat,S1_MID_G1_ONLY,hist_gradient_boosting,1,0,COMPLETE,"{""l2_regularization"": 0.0, ""learning_rate"": 0.05, ""max_iter"": 250, ""max_leaf_nodes"": 15}","[0.7638925271691033, 0.6671148459383754, 0.6208778045946187]",0.6839617259006991,,False,
student_mat,S1_MID_G1_ONLY,hist_gradient_boosting,1,1,COMPLETE,"{""l2_regularization"": 1.0, ""learning_rate"": 0.05, ""max_iter"": 250, ""max_leaf_nodes"": 15}","[0.706959706959707, 0.6856015133326059, 0.6678062127796555]",0.6867891443573227,,False,
student_mat,S1_MID_G1_ONLY,hist_gradient_boosting,1,2,COMPLETE,"{""l2_regularization"": 0.0, ""learning_rate"": 0.05, ""max_iter"": 250, ""max_leaf_nodes"": 31}","[0.7638925271691033, 0.6671148459383754, 0.6208778045946187]",0.6839617259006991,,False,
student_mat,S1_MID_G1_ONLY,hist_gradient_boosting,1,3,COMPLETE,"{""l2_regularization"": 1.0, ""learning_rate"": 0.05, ""max_iter"": 250, ""max_leaf_nodes"": 31}","[0.706959706959707, 0.6856015133326059, 0.6678062127796555]",0.6867891443573227,,False,
student_mat,S1_MID_G1_ONLY,hist_gradient_boosting,1,4,COMPLETE,"{""l2_regularization"": 0.0, ""learning_rate"": 0.1, ""max_iter"": 250, ""max_leaf_nodes"": 15}","[0.7432900432900432, 0.6666666666666666, 0.6211926211926212]",0.6770497770497771,,False,
student_mat,S1_MID_G1_ONLY,hist_gradient_boosting,1,5,COMPLETE,"{""l2_regularization"": 1.0, ""learning_rate"": 0.1, ""max_iter"": 250, ""max_leaf_nodes"": 15}","[0.7606881234502363, 0.6862734487734489, 0.6424620424620425]",0.6964745382285759,,False,
student_mat,S1_MID_G1_ONLY,hist_gradient_boosting,1,6,COMPLETE,"{""l2_regularization"": 0.0, ""learning_rate"": 0.1, ""max_iter"": 250, ""max_leaf_nodes"": 31}","[0.7432900432900432, 0.6666666666666666, 0.6211926211926212]",0.6770497770497771,,False,
student_mat,S1_MID_G1_ONLY,hist_gradient_boosting,1,7,COMPLETE,"{""l2_regularization"": 1.0, ""learning_rate"": 0.1, ""max_iter"": 250, ""max_leaf_nodes"": 31}","[0.7606881234502363, 0.6862734487734489, 0.6424620424620425]",0.6964745382285759,,False,
student_mat,S1_MID_G1_ONLY,hist_gradient_boosting,2,0,COMPLETE,"{""l2_regularization"": 0.0, ""learning_rate"": 0.05, ""max_iter"": 250, ""max_leaf_nodes"": 15}","[0.6695978045293113, 0.6850819182471445, 0.6069646994351029]",0.6538814740705196,,False,
student_mat,S1_MID_G1_ONLY,hist_gradient_boosting,2,1,COMPLETE,"{""l2_regularization"": 1.0, ""learning_rate"": 0.05, ""max_iter"": 250, ""max_leaf_nodes"": 15}","[0.6714818827494883, 0.6850819182471445, 0.6426480493894688]",0.6664039501287006,,False,
student_mat,S1_MID_G1_ONLY,hist_gradient_boosting,2,2,COMPLETE,"{""l2_regularization"": 0.0, ""learning_rate"": 0.05, ""max_iter"": 250, ""max_leaf_nodes"": 31}","[0.6695978045293113, 0.6850819182471445, 0.6069646994351029]",0.6538814740705196,,False,
student_mat,S1_MID_G1_ONLY,hist_gradient_boosting,2,3,COMPLETE,"{""l2_regularization"": 1.0, ""learning_rate"": 0.05, ""max_iter"": 250, ""max_leaf_nodes"": 31}","[0.6714818827494883, 0.6850819182471445, 0.6426480493894688]",0.6664039501287006,,False,
student_mat,S1_MID_G1_ONLY,hist_gradient_boosting,2,4,COMPLETE,"{""l2_regularization"": 0.0, ""learning_rate"": 0.1, ""max_iter"": 250, ""max_leaf_nodes"": 15}","[0.646197131128638, 0.6702778408660762, 0.5916374269005849]",0.636037466298433,,False,
student_mat,S1_MID_G1_ONLY,hist_gradient_boosting,2,5,COMPLETE,"{""l2_regularization"": 1.0, ""learning_rate"": 0.1, ""max_iter"": 250, ""max_leaf_nodes"": 15}","[0.668615449556775, 0.6832359530817556, 0.6243655583461409]",0.6587389869948904,,False,
student_mat,S1_MID_G1_ONLY,hist_gradient_boosting,2,6,COMPLETE,"{""l2_regularization"": 0.0, ""learning_rate"": 0.1, ""max_iter"": 250, ""max_leaf_nodes"": 31}","[0.646197131128638, 0.6702778408660762, 0.5916374269005849]",0.636037466298433,,False,
student_mat,S1_MID_G1_ONLY,hist_gradient_boosting,2,7,COMPLETE,"{""l2_regularization"": 1.0, ""learning_rate"": 0.1, ""max_iter"": 250, ""max_leaf_nodes"": 31}","[0.668615449556775, 0.6832359530817556, 0.6243655583461409]",0.6587389869948904,,False,
student_mat,S1_MID_G1_ONLY,hist_gradient_boosting,3,0,COMPLETE,"{""l2_regularization"": 0.0, ""learning_rate"": 0.05, ""max_iter"": 250, ""max_leaf_nodes"": 15}","[0.7252133816029384, 0.6936779660609383, 0.7218872718872719]",0.7135928731837162,,False,
student_mat,S1_MID_G1_ONLY,hist_gradient_boosting,3,1,COMPLETE,"{""l2_regularization"": 1.0, ""learning_rate"": 0.05, ""max_iter"": 250, ""max_leaf_nodes"": 15}","[0.7205128205128206, 0.7432306255835668, 0.7193957927902882]",0.7277130796288919,,False,
student_mat,S1_MID_G1_ONLY,hist_gradient_boosting,3,2,COMPLETE,"{""l2_regularization"": 0.0, ""learning_rate"": 0.05, ""max_iter"": 250, ""max_leaf_nodes"": 31}","[0.7252133816029384, 0.6936779660609383, 0.7218872718872719]",0.7135928731837162,,False,
student_mat,S1_MID_G1_ONLY,hist_gradient_boosting,3,3,COMPLETE,"{""l2_regularization"": 1.0, ""learning_rate"": 0.05, ""max_iter"": 250, ""max_leaf_nodes"": 31}","[0.7205128205128206, 0.7432306255835668, 0.7193957927902882]",0.7277130796288919,,False,
student_mat,S1_MID_G1_ONLY,hist_gradient_boosting,3,4,COMPLETE,"{""l2_regularization"": 0.0, ""learning_rate"": 0.1, ""max_iter"": 250, ""max_leaf_nodes"": 15}","[0.7084908995111281, 0.715055315055315, 0.6958976162956262]",0.7064812769540231,,False,
student_mat,S1_MID_G1_ONLY,hist_gradient_boosting,3,5,COMPLETE,"{""l2_regularization"": 1.0, ""learning_rate"": 0.1, ""max_iter"": 250, ""max_leaf_nodes"": 15}","[0.7048433048433047, 0.7117802043175177, 0.7381496881496882]",0.7182577324368369,,False,
student_mat,S1_MID_G1_ONLY,hist_gradient_boosting,3,6,COMPLETE,"{""l2_regularization"": 0.0, ""learning_rate"": 0.1, ""max_iter"": 250, ""max_leaf_nodes"": 31}","[0.7084908995111281, 0.715055315055315, 0.6958976162956262]",0.7064812769540231,,False,
student_mat,S1_MID_G1_ONLY,hist_gradient_boosting,3,7,COMPLETE,"{""l2_regularization"": 1.0, ""learning_rate"": 0.1, ""max_iter"": 250, ""max_leaf_nodes"": 31}","[0.7048433048433047, 0.7117802043175177, 0.7381496881496882]",0.7182577324368369,,False,
student_mat,S1_MID_G1_ONLY,hist_gradient_boosting,4,0,COMPLETE,"{""l2_regularization"": 0.0, ""learning_rate"": 0.05, ""max_iter"": 250, ""max_leaf_nodes"": 15}","[0.7212602212602213, 0.6526589941224088, 0.6589842082799828]",0.6776344745542042,,False,
student_mat,S1_MID_G1_ONLY,hist_gradient_boosting,4,1,COMPLETE,"{""l2_regularization"": 1.0, ""learning_rate"": 0.05, ""max_iter"": 250, ""max_leaf_nodes"": 15}","[0.7431842752804316, 0.6600659832685284, 0.65816867222754]",0.6871396435921667,,False,
student_mat,S1_MID_G1_ONLY,hist_gradient_boosting,4,2,COMPLETE,"{""l2_regularization"": 0.0, ""learning_rate"": 0.05, ""max_iter"": 250, ""max_leaf_nodes"": 31}","[0.7212602212602213, 0.6526589941224088, 0.6589842082799828]",0.6776344745542042,,False,
student_mat,S1_MID_G1_ONLY,hist_gradient_boosting,4,3,COMPLETE,"{""l2_regularization"": 1.0, ""learning_rate"": 0.05, ""max_iter"": 250, ""max_leaf_nodes"": 31}","[0.7431842752804316, 0.6600659832685284, 0.65816867222754]",0.6871396435921667,,False,
student_mat,S1_MID_G1_ONLY,hist_gradient_boosting,4,4,COMPLETE,"{""l2_regularization"": 0.0, ""learning_rate"": 0.1, ""max_iter"": 250, ""max_leaf_nodes"": 15}","[0.7093347966587403, 0.640463351579443, 0.6308569198823809]",0.6602183560401881,,False,
student_mat,S1_MID_G1_ONLY,hist_gradient_boosting,4,5,COMPLETE,"{""l2_regularization"": 1.0, ""learning_rate"": 0.1, ""max_iter"": 250, ""max_leaf_nodes"": 15}","[0.7140146348700426, 0.6476434423826177, 0.6480272142626574]",0.6698950971717726,,False,
student_mat,S1_MID_G1_ONLY,hist_gradient_boosting,4,6,COMPLETE,"{""l2_regularization"": 0.0, ""learning_rate"": 0.1, ""max_iter"": 250, ""max_leaf_nodes"": 31}","[0.7093347966587403, 0.640463351579443, 0.6308569198823809]",0.6602183560401881,,False,
student_mat,S1_MID_G1_ONLY,hist_gradient_boosting,4,7,COMPLETE,"{""l2_regularization"": 1.0, ""learning_rate"": 0.1, ""max_iter"": 250, ""max_leaf_nodes"": 31}","[0.7140146348700426, 0.6476434423826177, 0.6480272142626574]",0.6698950971717726,,False,
student_mat,S1_MID_G1_ONLY,svm,0,0,COMPLETE,"{""C"": 0.5, ""class_weight"": null, ""gamma"": ""scale""}","[0.7584828306567437, 0.7451639437258907, 0.7610831505685781]",0.7549099749837375,,False,
student_mat,S1_MID_G1_ONLY,svm,0,1,COMPLETE,"{""C"": 0.5, ""class_weight"": ""balanced"", ""gamma"": ""scale""}","[0.7701487540058354, 0.7151438574324146, 0.730743121342034]",0.738678577593428,,False,
student_mat,S1_MID_G1_ONLY,svm,0,2,COMPLETE,"{""C"": 0.5, ""class_weight"": null, ""gamma"": 0.1}","[0.7777777777777778, 0.7451639437258907, 0.7687123334182159]",0.7638846849739614,,False,
student_mat,S1_MID_G1_ONLY,svm,0,3,COMPLETE,"{""C"": 0.5, ""class_weight"": ""balanced"", ""gamma"": 0.1}","[0.7614379084967321, 0.6990207691700229, 0.6887688848389221]",0.7164091875018923,,False,
student_mat,S1_MID_G1_ONLY,svm,0,4,COMPLETE,"{""C"": 1.0, ""class_weight"": null, ""gamma"": ""scale""}","[0.7466089466089466, 0.7146791187739464, 0.7875911717343942]",0.7496264123724291,,False,
student_mat,S1_MID_G1_ONLY,svm,0,5,COMPLETE,"{""C"": 1.0, ""class_weight"": ""balanced"", ""gamma"": ""scale""}","[0.7450980392156863, 0.7183760683760684, 0.7159932659932661]",0.7264891245283404,,False,
student_mat,S1_MID_G1_ONLY,svm,0,6,COMPLETE,"{""C"": 1.0, ""class_weight"": null, ""gamma"": 0.1}","[0.7466089466089466, 0.7400229274592602, 0.7500426257459506]",0.7455581666047192,,False,
student_mat,S1_MID_G1_ONLY,svm,0,7,COMPLETE,"{""C"": 1.0, ""class_weight"": ""balanced"", ""gamma"": 0.1}","[0.739112131649445, 0.7202119883040936, 0.6900647811259999]",0.7164629670265129,,False,
student_mat,S1_MID_G1_ONLY,svm,0,8,COMPLETE,"{""C"": 2.0, ""class_weight"": null, ""gamma"": ""scale""}","[0.7842490842490842, 0.7312149368863956, 0.7512752947535556]",0.7555797719630117,,False,
student_mat,S1_MID_G1_ONLY,svm,0,9,COMPLETE,"{""C"": 2.0, ""class_weight"": ""balanced"", ""gamma"": ""scale""}","[0.769010932393051, 0.7222369358075698, 0.6887421554020497]",0.7266633412008902,,False,
student_mat,S1_MID_G1_ONLY,svm,0,10,COMPLETE,"{""C"": 2.0, ""class_weight"": null, ""gamma"": 0.1}","[0.778348909657321, 0.7222369358075698, 0.7402597402597403]",0.7469485285748769,,False,
student_mat,S1_MID_G1_ONLY,svm,0,11,COMPLETE,"{""C"": 2.0, ""class_weight"": ""balanced"", ""gamma"": 0.1}","[0.741326978552615, 0.7336589336589338, 0.6947062339611788]",0.7232307153909092,,False,
student_mat,S1_MID_G1_ONLY,svm,1,0,COMPLETE,"{""C"": 0.5, ""class_weight"": null, ""gamma"": ""scale""}","[0.7397136821287308, 0.71506734006734, 0.7151951951951953]",0.7233254057970887,,False,
student_mat,S1_MID_G1_ONLY,svm,1,1,COMPLETE,"{""C"": 0.5, ""class_weight"": ""balanced"", ""gamma"": ""scale""}","[0.7397136821287308, 0.7334633007313419, 0.7014814814814815]",0.724886154780518,,False,
student_mat,S1_MID_G1_ONLY,svm,1,2,COMPLETE,"{""C"": 0.5, ""class_weight"": null, ""gamma"": 0.1}","[0.7321602145131557, 0.7250591016548463, 0.7151951951951953]",0.7241381704543991,,False,
student_mat,S1_MID_G1_ONLY,svm,1,3,COMPLETE,"{""C"": 0.5, ""class_weight"": ""balanced"", ""gamma"": 0.1}","[0.7246257959129246, 0.7355037543675403, 0.6864197530864198]",0.7155164344556283,,False,
student_mat,S1_MID_G1_ONLY,svm,1,4,COMPLETE,"{""C"": 1.0, ""class_weight"": null, ""gamma"": ""scale""}","[0.7275849805330937, 0.715580411850382, 0.7308966281098815]",0.7246873401644525,,False,
student_mat,S1_MID_G1_ONLY,svm,1,5,COMPLETE,"{""C"": 1.0, ""class_weight"": ""balanced"", ""gamma"": ""scale""}","[0.6994975897888519, 0.7275259341589922, 0.707878787878788]",0.7116341039422108,,False,
student_mat,S1_MID_G1_ONLY,svm,1,6,COMPLETE,"{""C"": 1.0, ""class_weight"": null, ""gamma"": 0.1}","[0.7308010903040816, 0.7046814985928921, 0.7308966281098815]",0.7221264056689517,,False,
student_mat,S1_MID_G1_ONLY,svm,1,7,COMPLETE,"{""C"": 1.0, ""class_weight"": ""balanced"", ""gamma"": 0.1}","[0.7199119911991199, 0.7063970925514272, 0.69691837214773]",0.7077424852994257,,False,
student_mat,S1_MID_G1_ONLY,svm,1,8,COMPLETE,"{""C"": 2.0, ""class_weight"": null, ""gamma"": ""scale""}","[0.7014173998044967, 0.7087179487179487, 0.7116580866580867]",0.7072644783935108,,False,
student_mat,S1_MID_G1_ONLY,svm,1,9,COMPLETE,"{""C"": 2.0, ""class_weight"": ""balanced"", ""gamma"": ""scale""}","[0.703589918643682, 0.7059581320450885, 0.6706906906906908]",0.6934129137931538,,False,
student_mat,S1_MID_G1_ONLY,svm,1,10,COMPLETE,"{""C"": 2.0, ""class_weight"": null, ""gamma"": 0.1}","[0.7376993376993376, 0.7256410256410257, 0.7038395226357403]",0.7223932953253679,,False,
student_mat,S1_MID_G1_ONLY,svm,1,11,COMPLETE,"{""C"": 2.0, ""class_weight"": ""balanced"", ""gamma"": 0.1}","[0.7221286313267444, 0.6862861086463571, 0.7068874063092002]",0.7051007154274339,,False,
student_mat,S1_MID_G1_ONLY,svm,2,0,COMPLETE,"{""C"": 0.5, ""class_weight"": null, ""gamma"": ""scale""}","[0.774942406521354, 0.7286163522012578, 0.7073211291027213]",0.7369599626084443,,False,
student_mat,S1_MID_G1_ONLY,svm,2,1,COMPLETE,"{""C"": 0.5, ""class_weight"": ""balanced"", ""gamma"": ""scale""}","[0.7686909581646425, 0.7099272264053376, 0.6925546287921929]",0.7237242711207243,,False,
student_mat,S1_MID_G1_ONLY,svm,2,2,COMPLETE,"{""C"": 0.5, ""class_weight"": null, ""gamma"": 0.1}","[0.7729783592920737, 0.714182368222025, 0.699925959580662]",0.7290288956982535,,False,
student_mat,S1_MID_G1_ONLY,svm,2,3,COMPLETE,"{""C"": 0.5, ""class_weight"": ""balanced"", ""gamma"": 0.1}","[0.7505930505102004, 0.7108645342590297, 0.6925546287921929]",0.718004071187141,,False,
student_mat,S1_MID_G1_ONLY,svm,2,4,COMPLETE,"{""C"": 1.0, ""class_weight"": null, ""gamma"": ""scale""}","[0.7736900780379042, 0.7178565627030539, 0.7037037037037037]",0.7317501148148873,,False,
student_mat,S1_MID_G1_ONLY,svm,2,5,COMPLETE,"{""C"": 1.0, ""class_weight"": ""balanced"", ""gamma"": ""scale""}","[0.7064176563766392, 0.7422687651088843, 0.6966931216931217]",0.7151265143928818,,False,
student_mat,S1_MID_G1_ONLY,svm,2,6,COMPLETE,"{""C"": 1.0, ""class_weight"": null, ""gamma"": 0.1}","[0.7576179858788555, 0.7165920499253833, 0.6925546287921929]",0.7222548881988106,,False,
student_mat,S1_MID_G1_ONLY,svm,2,7,COMPLETE,"{""C"": 1.0, ""class_weight"": ""balanced"", ""gamma"": 0.1}","[0.6840271538384747, 0.7280636626431018, 0.6713323713323712]",0.6944743959379825,,False,
student_mat,S1_MID_G1_ONLY,svm,2,8,COMPLETE,"{""C"": 2.0, ""class_weight"": null, ""gamma"": ""scale""}","[0.743591437793815, 0.6945906945906946, 0.6760410941529615]",0.7047410755124903,,False,
student_mat,S1_MID_G1_ONLY,svm,2,9,COMPLETE,"{""C"": 2.0, ""class_weight"": ""balanced"", ""gamma"": ""scale""}","[0.6844729344729344, 0.7280636626431018, 0.6474981008597803]",0.6866782326586055,,False,
student_mat,S1_MID_G1_ONLY,svm,2,10,COMPLETE,"{""C"": 2.0, ""class_weight"": null, ""gamma"": 0.1}","[0.7007042708535246, 0.6945906945906946, 0.6688009378453116]",0.6880319677631769,,False,
student_mat,S1_MID_G1_ONLY,svm,2,11,COMPLETE,"{""C"": 2.0, ""class_weight"": ""balanced"", ""gamma"": 0.1}","[0.6824885557279924, 0.7273974088767666, 0.6474981008597803]",0.6857946884881798,,False,
student_mat,S1_MID_G1_ONLY,svm,3,0,COMPLETE,"{""C"": 0.5, ""class_weight"": null, ""gamma"": ""scale""}","[0.7333333333333334, 0.7654636591478696, 0.7611554428617596]",0.7533174784476543,,False,
student_mat,S1_MID_G1_ONLY,svm,3,1,COMPLETE,"{""C"": 0.5, ""class_weight"": ""balanced"", ""gamma"": ""scale""}","[0.7191721132897605, 0.7557614967651688, 0.7347699369642565]",0.7365678490063953,,False,
student_mat,S1_MID_G1_ONLY,svm,3,2,COMPLETE,"{""C"": 0.5, ""class_weight"": null, ""gamma"": 0.1}","[0.7309749994914462, 0.7453883314752879, 0.7281437928204099]",0.7348357079290481,,False,
student_mat,S1_MID_G1_ONLY,svm,3,3,COMPLETE,"{""C"": 0.5, ""class_weight"": ""balanced"", ""gamma"": 0.1}","[0.7234491499143848, 0.7557614967651688, 0.7265029088558501]",0.7352378518451346,,False,
student_mat,S1_MID_G1_ONLY,svm,3,4,COMPLETE,"{""C"": 1.0, ""class_weight"": null, ""gamma"": ""scale""}","[0.7257334257334257, 0.7593727469358327, 0.7281437928204099]",0.7377499884965562,,False,
student_mat,S1_MID_G1_ONLY,svm,3,5,COMPLETE,"{""C"": 1.0, ""class_weight"": ""balanced"", ""gamma"": ""scale""}","[0.7181818181818181, 0.771590487069918, 0.7452042989368666]",0.7449922013962009,,False,
student_mat,S1_MID_G1_ONLY,svm,3,6,COMPLETE,"{""C"": 1.0, ""class_weight"": null, ""gamma"": 0.1}","[0.7181818181818181, 0.7377659377659377, 0.7014144826644827]",0.7191207462040795,,False,
student_mat,S1_MID_G1_ONLY,svm,3,7,COMPLETE,"{""C"": 1.0, ""class_weight"": ""balanced"", ""gamma"": 0.1}","[0.7106714135743303, 0.7223516563523843, 0.7341208947347054]",0.7223813215538066,,False,
student_mat,S1_MID_G1_ONLY,svm,3,8,COMPLETE,"{""C"": 2.0, ""class_weight"": null, ""gamma"": ""scale""}","[0.730595427963849, 0.7377659377659377, 0.7086940836940837]",0.7256851498079567,,False,
student_mat,S1_MID_G1_ONLY,svm,3,9,COMPLETE,"{""C"": 2.0, ""class_weight"": ""balanced"", ""gamma"": ""scale""}","[0.7154790296974115, 0.7193877551020408, 0.7063711094125061]",0.7137459647373195,,False,
student_mat,S1_MID_G1_ONLY,svm,3,10,COMPLETE,"{""C"": 2.0, ""class_weight"": null, ""gamma"": 0.1}","[0.7079840974577817, 0.7377659377659377, 0.7035281172449315]",0.7164260508228836,,False,
student_mat,S1_MID_G1_ONLY,svm,3,11,COMPLETE,"{""C"": 2.0, ""class_weight"": ""balanced"", ""gamma"": 0.1}","[0.7216028737767868, 0.6916148573250439, 0.7105688429217841]",0.7079288580078716,,False,
student_mat,S1_MID_G1_ONLY,svm,4,0,COMPLETE,"{""C"": 0.5, ""class_weight"": null, ""gamma"": ""scale""}","[0.7404468023937051, 0.7168112160053215, 0.7683685035170184]",0.7418755073053483,,False,
student_mat,S1_MID_G1_ONLY,svm,4,1,COMPLETE,"{""C"": 0.5, ""class_weight"": ""balanced"", ""gamma"": ""scale""}","[0.7413884472708002, 0.6685439374147911, 0.756390977443609]",0.7221077873764,,False,
student_mat,S1_MID_G1_ONLY,svm,4,2,COMPLETE,"{""C"": 0.5, ""class_weight"": null, ""gamma"": 0.1}","[0.731850068692174, 0.7168112160053215, 0.7223744292237443]",0.7236785713070799,,False,
student_mat,S1_MID_G1_ONLY,svm,4,3,COMPLETE,"{""C"": 0.5, ""class_weight"": ""balanced"", ""gamma"": 0.1}","[0.74964925399708, 0.6958900861813483, 0.7370401402659468]",0.7275264934814584,,False,
student_mat,S1_MID_G1_ONLY,svm,4,4,COMPLETE,"{""C"": 1.0, ""class_weight"": null, ""gamma"": ""scale""}","[0.7436126373626374, 0.7245010347609527, 0.7525085841917525]",0.740207418771781,,False,
student_mat,S1_MID_G1_ONLY,svm,4,5,COMPLETE,"{""C"": 1.0, ""class_weight"": ""balanced"", ""gamma"": ""scale""}","[0.7515950824774354, 0.6972961688492942, 0.7369983314765126]",0.7286298609344142,,False,
student_mat,S1_MID_G1_ONLY,svm,4,6,COMPLETE,"{""C"": 1.0, ""class_weight"": null, ""gamma"": 0.1}","[0.727497964997965, 0.7322147587867841, 0.7064392880439847]",0.722050670609578,,False,
student_mat,S1_MID_G1_ONLY,svm,4,7,COMPLETE,"{""C"": 1.0, ""class_weight"": ""balanced"", ""gamma"": 0.1}","[0.7358387799564271, 0.7153945325861025, 0.7291041041041041]",0.7267791388822112,,False,
student_mat,S1_MID_G1_ONLY,svm,4,8,COMPLETE,"{""C"": 2.0, ""class_weight"": null, ""gamma"": ""scale""}","[0.7346605685588736, 0.6799145299145298, 0.7142616642616643]",0.7096122542450226,,False,
student_mat,S1_MID_G1_ONLY,svm,4,9,COMPLETE,"{""C"": 2.0, ""class_weight"": ""balanced"", ""gamma"": ""scale""}","[0.7203865100416825, 0.7077044025157232, 0.726053107902423]",0.7180480068199429,,False,
student_mat,S1_MID_G1_ONLY,svm,4,10,COMPLETE,"{""C"": 2.0, ""class_weight"": null, ""gamma"": 0.1}","[0.7436126373626374, 0.6709401709401709, 0.7223744292237443]",0.7123090791755176,,False,
student_mat,S1_MID_G1_ONLY,svm,4,11,COMPLETE,"{""C"": 2.0, ""class_weight"": ""balanced"", ""gamma"": 0.1}","[0.727497964997965, 0.658625730994152, 0.7399182888728671]",0.7086806616216613,,False,
student_mat,S0_EARLY_NO_GRADE,cnn_only,0,0,COMPLETE,"{""batch_size"": 64, ""class_weight"": ""balanced"", ""cnn_channels"": 16, ""context_hidden"": 16, ""dropout"": 0.15, ""fusion_hidden"": 16, ""input_projection"": 16, ""learning_rate"": 0.001, ""lstm_hidden"": 16, ""max_epochs"": 40, ""patience"": 6, ""weight_decay"": 0.0001}","[0.45359036848398554, 0.4812121212121212, 0.3761854064391475]",0.43699596537841806,,False,6.0
student_mat,S0_EARLY_NO_GRADE,cnn_only,0,1,COMPLETE,"{""batch_size"": 64, ""class_weight"": ""none"", ""cnn_channels"": 16, ""context_hidden"": 24, ""dropout"": 0.25, ""fusion_hidden"": 24, ""input_projection"": 24, ""learning_rate"": 0.0005, ""lstm_hidden"": 24, ""max_epochs"": 40, ""patience"": 6, ""weight_decay"": 0.001}","[0.23577235772357721, 0.19369369369369369, 0.2222222222222222]",0.2172294245464977,,False,1.0
student_mat,S0_EARLY_NO_GRADE,cnn_only,1,0,COMPLETE,"{""batch_size"": 64, ""class_weight"": ""balanced"", ""cnn_channels"": 16, ""context_hidden"": 16, ""dropout"": 0.15, ""fusion_hidden"": 16, ""input_projection"": 16, ""learning_rate"": 0.001, ""lstm_hidden"": 16, ""max_epochs"": 40, ""patience"": 6, ""weight_decay"": 0.0001}","[0.4220049177340181, 0.49178460254805684, 0.5269209956709956]",0.48023683865102357,,False,21.0
student_mat,S0_EARLY_NO_GRADE,cnn_only,1,1,COMPLETE,"{""batch_size"": 64, ""class_weight"": ""none"", ""cnn_channels"": 16, ""context_hidden"": 24, ""dropout"": 0.25, ""fusion_hidden"": 24, ""input_projection"": 24, ""learning_rate"": 0.0005, ""lstm_hidden"": 24, ""max_epochs"": 40, ""patience"": 6, ""weight_decay"": 0.001}","[0.21794871794871795, 0.2136752136752137, 0.2222222222222222]",0.21794871794871795,,False,1.0
student_mat,S0_EARLY_NO_GRADE,cnn_only,2,0,COMPLETE,"{""batch_size"": 64, ""class_weight"": ""balanced"", ""cnn_channels"": 16, ""context_hidden"": 16, ""dropout"": 0.15, ""fusion_hidden"": 16, ""input_projection"": 16, ""learning_rate"": 0.001, ""lstm_hidden"": 16, ""max_epochs"": 40, ""patience"": 6, ""weight_decay"": 0.0001}","[0.4481915933528837, 0.35983949237515733, 0.4361565049780359]",0.41472919690202564,,False,8.0
student_mat,S0_EARLY_NO_GRADE,cnn_only,2,1,COMPLETE,"{""batch_size"": 64, ""class_weight"": ""none"", ""cnn_channels"": 16, ""context_hidden"": 24, ""dropout"": 0.25, ""fusion_hidden"": 24, ""input_projection"": 24, ""learning_rate"": 0.0005, ""lstm_hidden"": 24, ""max_epochs"": 40, ""patience"": 6, ""weight_decay"": 0.001}","[0.2047930283224401, 0.2318840579710145, 0.21794871794871795]",0.2182086014140575,,False,1.0
student_mat,S0_EARLY_NO_GRADE,cnn_only,3,0,COMPLETE,"{""batch_size"": 64, ""class_weight"": ""balanced"", ""cnn_channels"": 16, ""context_hidden"": 16, ""dropout"": 0.15, ""fusion_hidden"": 16, ""input_projection"": 16, ""learning_rate"": 0.001, ""lstm_hidden"": 16, ""max_epochs"": 40, ""patience"": 6, ""weight_decay"": 0.0001}","[0.4280904280904281, 0.4101340307289964, 0.463718820861678]",0.4339810932270342,,False,5.0
student_mat,S0_EARLY_NO_GRADE,cnn_only,3,1,COMPLETE,"{""batch_size"": 64, ""class_weight"": ""none"", ""cnn_channels"": 16, ""context_hidden"": 24, ""dropout"": 0.25, ""fusion_hidden"": 24, ""input_projection"": 24, ""learning_rate"": 0.0005, ""lstm_hidden"": 24, ""max_epochs"": 40, ""patience"": 6, ""weight_decay"": 0.001}","[0.22764227642276424, 0.2178649237472767, 0.21052631578947367]",0.21867783865317156,,False,2.0
student_mat,S0_EARLY_NO_GRADE,cnn_only,4,0,COMPLETE,"{""batch_size"": 64, ""class_weight"": ""balanced"", ""cnn_channels"": 16, ""context_hidden"": 16, ""dropout"": 0.15, ""fusion_hidden"": 16, ""input_projection"": 16, ""learning_rate"": 0.001, ""lstm_hidden"": 16, ""max_epochs"": 40, ""patience"": 6, ""weight_decay"": 0.0001}","[0.4964774681802546, 0.43654966399018896, 0.4276813044928987]",0.4535694788877807,,False,15.0
student_mat,S0_EARLY_NO_GRADE,cnn_only,4,1,COMPLETE,"{""batch_size"": 64, ""class_weight"": ""none"", ""cnn_channels"": 16, ""context_hidden"": 24, ""dropout"": 0.25, ""fusion_hidden"": 24, ""input_projection"": 24, ""learning_rate"": 0.0005, ""lstm_hidden"": 24, ""max_epochs"": 40, ""patience"": 6, ""weight_decay"": 0.001}","[0.21350762527233114, 0.21645021645021645, 0.22633744855967078]",0.21876509676073944,,False,1.0
student_mat,S0_EARLY_NO_GRADE,bilstm_only,0,0,COMPLETE,"{""batch_size"": 64, ""class_weight"": ""balanced"", ""cnn_channels"": 16, ""context_hidden"": 16, ""dropout"": 0.15, ""fusion_hidden"": 16, ""input_projection"": 16, ""learning_rate"": 0.001, ""lstm_hidden"": 16, ""max_epochs"": 40, ""patience"": 6, ""weight_decay"": 0.0001}","[0.3954518184155644, 0.44890865898184024, 0.35019936204146723]",0.3981866131462906,,False,4.0
student_mat,S0_EARLY_NO_GRADE,bilstm_only,0,1,COMPLETE,"{""batch_size"": 64, ""class_weight"": ""none"", ""cnn_channels"": 16, ""context_hidden"": 24, ""dropout"": 0.25, ""fusion_hidden"": 24, ""input_projection"": 24, ""learning_rate"": 0.0005, ""lstm_hidden"": 24, ""max_epochs"": 40, ""patience"": 6, ""weight_decay"": 0.001}","[0.3729982436854807, 0.2844054580896686, 0.307064736935162]",0.32148947957010376,,False,2.0
student_mat,S0_EARLY_NO_GRADE,bilstm_only,1,0,COMPLETE,"{""batch_size"": 64, ""class_weight"": ""balanced"", ""cnn_channels"": 16, ""context_hidden"": 16, ""dropout"": 0.15, ""fusion_hidden"": 16, ""input_projection"": 16, ""learning_rate"": 0.001, ""lstm_hidden"": 16, ""max_epochs"": 40, ""patience"": 6, ""weight_decay"": 0.0001}","[0.4608316981198337, 0.4609490656002284, 0.49672009197267863]",0.47283361856424694,,False,7.0
student_mat,S0_EARLY_NO_GRADE,bilstm_only,1,1,COMPLETE,"{""batch_size"": 64, ""class_weight"": ""none"", ""cnn_channels"": 16, ""context_hidden"": 24, ""dropout"": 0.25, ""fusion_hidden"": 24, ""input_projection"": 24, ""learning_rate"": 0.0005, ""lstm_hidden"": 24, ""max_epochs"": 40, ""patience"": 6, ""weight_decay"": 0.001}","[0.3096136144226667, 0.30268717656554145, 0.2868768658242342]",0.2997258856041474,,False,3.0
student_mat,S0_EARLY_NO_GRADE,bilstm_only,2,0,COMPLETE,"{""batch_size"": 64, ""class_weight"": ""balanced"", ""cnn_channels"": 16, ""context_hidden"": 16, ""dropout"": 0.15, ""fusion_hidden"": 16, ""input_projection"": 16, ""learning_rate"": 0.001, ""lstm_hidden"": 16, ""max_epochs"": 40, ""patience"": 6, ""weight_decay"": 0.0001}","[0.5014518449994861, 0.41836040466177454, 0.348424391545371]",0.42274554706887724,,False,5.0
student_mat,S0_EARLY_NO_GRADE,bilstm_only,2,1,COMPLETE,"{""batch_size"": 64, ""class_weight"": ""none"", ""cnn_channels"": 16, ""context_hidden"": 24, ""dropout"": 0.25, ""fusion_hidden"": 24, ""input_projection"": 24, ""learning_rate"": 0.0005, ""lstm_hidden"": 24, ""max_epochs"": 40, ""patience"": 6, ""weight_decay"": 0.001}","[0.2878478972073396, 0.30490662658985274, 0.3444444444444444]",0.31239965608054554,,False,3.0
student_mat,S0_EARLY_NO_GRADE,bilstm_only,3,0,COMPLETE,"{""batch_size"": 64, ""class_weight"": ""balanced"", ""cnn_channels"": 16, ""context_hidden"": 16, ""dropout"": 0.15, ""fusion_hidden"": 16, ""input_projection"": 16, ""learning_rate"": 0.001, ""lstm_hidden"": 16, ""max_epochs"": 40, ""patience"": 6, ""weight_decay"": 0.0001}","[0.4751248751248751, 0.4634112469237917, 0.4726727953694246]",0.4704029724726971,,False,15.0
student_mat,S0_EARLY_NO_GRADE,bilstm_only,3,1,COMPLETE,"{""batch_size"": 64, ""class_weight"": ""none"", ""cnn_channels"": 16, ""context_hidden"": 24, ""dropout"": 0.25, ""fusion_hidden"": 24, ""input_projection"": 24, ""learning_rate"": 0.0005, ""lstm_hidden"": 24, ""max_epochs"": 40, ""patience"": 6, ""weight_decay"": 0.001}","[0.3795316175453161, 0.31872070581747997, 0.34197012138188604]",0.34674081491489406,,False,3.0
student_mat,S0_EARLY_NO_GRADE,bilstm_only,4,0,COMPLETE,"{""batch_size"": 64, ""class_weight"": ""balanced"", ""cnn_channels"": 16, ""context_hidden"": 16, ""dropout"": 0.15, ""fusion_hidden"": 16, ""input_projection"": 16, ""learning_rate"": 0.001, ""lstm_hidden"": 16, ""max_epochs"": 40, ""patience"": 6, ""weight_decay"": 0.0001}","[0.38861807415399835, 0.4543602767085962, 0.4648090458059306]",0.43592913222284174,,False,6.0
student_mat,S0_EARLY_NO_GRADE,bilstm_only,4,1,COMPLETE,"{""batch_size"": 64, ""class_weight"": ""none"", ""cnn_channels"": 16, ""context_hidden"": 24, ""dropout"": 0.25, ""fusion_hidden"": 24, ""input_projection"": 24, ""learning_rate"": 0.0005, ""lstm_hidden"": 24, ""max_epochs"": 40, ""patience"": 6, ""weight_decay"": 0.001}","[0.3117895230282433, 0.31409887792866514, 0.3153769153769154]",0.31375510544460794,,False,3.0
student_mat,S0_EARLY_NO_GRADE,cnn_bilstm,0,0,COMPLETE,"{""batch_size"": 64, ""class_weight"": ""balanced"", ""cnn_channels"": 16, ""context_hidden"": 16, ""dropout"": 0.15, ""fusion_hidden"": 16, ""input_projection"": 16, ""learning_rate"": 0.001, ""lstm_hidden"": 16, ""max_epochs"": 40, ""patience"": 6, ""weight_decay"": 0.0001}","[0.37107385398981324, 0.45816919544903884, 0.4809643908004564]",0.4367358134131028,,False,21.0
student_mat,S0_EARLY_NO_GRADE,cnn_bilstm,0,1,COMPLETE,"{""batch_size"": 64, ""class_weight"": ""none"", ""cnn_channels"": 16, ""context_hidden"": 24, ""dropout"": 0.25, ""fusion_hidden"": 24, ""input_projection"": 24, ""learning_rate"": 0.0005, ""lstm_hidden"": 24, ""max_epochs"": 40, ""patience"": 6, ""weight_decay"": 0.001}","[0.38958507379560015, 0.33722975846055075, 0.3583979328165375]",0.3617375883575628,,False,6.0
student_mat,S0_EARLY_NO_GRADE,cnn_bilstm,1,0,COMPLETE,"{""batch_size"": 64, ""class_weight"": ""balanced"", ""cnn_channels"": 16, ""context_hidden"": 16, ""dropout"": 0.15, ""fusion_hidden"": 16, ""input_projection"": 16, ""learning_rate"": 0.001, ""lstm_hidden"": 16, ""max_epochs"": 40, ""patience"": 6, ""weight_decay"": 0.0001}","[0.4780255384028969, 0.4796411318150448, 0.49534641961719555]",0.4843376966117124,,False,19.0
student_mat,S0_EARLY_NO_GRADE,cnn_bilstm,1,1,COMPLETE,"{""batch_size"": 64, ""class_weight"": ""none"", ""cnn_channels"": 16, ""context_hidden"": 24, ""dropout"": 0.25, ""fusion_hidden"": 24, ""input_projection"": 24, ""learning_rate"": 0.0005, ""lstm_hidden"": 24, ""max_epochs"": 40, ""patience"": 6, ""weight_decay"": 0.001}","[0.43116883116883115, 0.35919291492272337, 0.3485554520037279]",0.3796390660317608,,False,7.0
student_mat,S0_EARLY_NO_GRADE,cnn_bilstm,2,0,COMPLETE,"{""batch_size"": 64, ""class_weight"": ""balanced"", ""cnn_channels"": 16, ""context_hidden"": 16, ""dropout"": 0.15, ""fusion_hidden"": 16, ""input_projection"": 16, ""learning_rate"": 0.001, ""lstm_hidden"": 16, ""max_epochs"": 40, ""patience"": 6, ""weight_decay"": 0.0001}","[0.4545283396284137, 0.36753290286157864, 0.40885002649708535]",0.41030375632902594,,False,17.0
student_mat,S0_EARLY_NO_GRADE,cnn_bilstm,2,1,COMPLETE,"{""batch_size"": 64, ""class_weight"": ""none"", ""cnn_channels"": 16, ""context_hidden"": 24, ""dropout"": 0.25, ""fusion_hidden"": 24, ""input_projection"": 24, ""learning_rate"": 0.0005, ""lstm_hidden"": 24, ""max_epochs"": 40, ""patience"": 6, ""weight_decay"": 0.001}","[0.39555064592347106, 0.36836589565087213, 0.370112135629377]",0.37800955906790673,,False,5.0
student_mat,S0_EARLY_NO_GRADE,cnn_bilstm,3,0,COMPLETE,"{""batch_size"": 64, ""class_weight"": ""balanced"", ""cnn_channels"": 16, ""context_hidden"": 16, ""dropout"": 0.15, ""fusion_hidden"": 16, ""input_projection"": 16, ""learning_rate"": 0.001, ""lstm_hidden"": 16, ""max_epochs"": 40, ""patience"": 6, ""weight_decay"": 0.0001}","[0.41709100758396533, 0.2800204394481349, 0.4825347325347325]",0.3932153931889442,,False,26.0
student_mat,S0_EARLY_NO_GRADE,cnn_bilstm,3,1,COMPLETE,"{""batch_size"": 64, ""class_weight"": ""none"", ""cnn_channels"": 16, ""context_hidden"": 24, ""dropout"": 0.25, ""fusion_hidden"": 24, ""input_projection"": 24, ""learning_rate"": 0.0005, ""lstm_hidden"": 24, ""max_epochs"": 40, ""patience"": 6, ""weight_decay"": 0.001}","[0.35555555555555557, 0.31524739422403497, 0.430617825427767]",0.3671402584024525,,False,5.0
student_mat,S0_EARLY_NO_GRADE,cnn_bilstm,4,0,COMPLETE,"{""batch_size"": 64, ""class_weight"": ""balanced"", ""cnn_channels"": 16, ""context_hidden"": 16, ""dropout"": 0.15, ""fusion_hidden"": 16, ""input_projection"": 16, ""learning_rate"": 0.001, ""lstm_hidden"": 16, ""max_epochs"": 40, ""patience"": 6, ""weight_decay"": 0.0001}","[0.4032319582455084, 0.40263731223483545, 0.35038212815990594]",0.3854171328800833,,False,17.0
student_mat,S0_EARLY_NO_GRADE,cnn_bilstm,4,1,COMPLETE,"{""batch_size"": 64, ""class_weight"": ""none"", ""cnn_channels"": 16, ""context_hidden"": 24, ""dropout"": 0.25, ""fusion_hidden"": 24, ""input_projection"": 24, ""learning_rate"": 0.0005, ""lstm_hidden"": 24, ""max_epochs"": 40, ""patience"": 6, ""weight_decay"": 0.001}","[0.3189469563515365, 0.41876719262340173, 0.42340346991509786]",0.3870392062966787,,False,9.0
student_mat,S1_MID_G1_ONLY,cnn_only,0,0,COMPLETE,"{""batch_size"": 64, ""class_weight"": ""balanced"", ""cnn_channels"": 16, ""context_hidden"": 16, ""dropout"": 0.15, ""fusion_hidden"": 16, ""input_projection"": 16, ""learning_rate"": 0.001, ""lstm_hidden"": 16, ""max_epochs"": 40, ""patience"": 6, ""weight_decay"": 0.0001}","[0.7444653299916458, 0.7619731800766284, 0.7120241757055744]",0.7394875619246162,,False,15.0
student_mat,S1_MID_G1_ONLY,cnn_only,0,1,COMPLETE,"{""batch_size"": 64, ""class_weight"": ""none"", ""cnn_channels"": 16, ""context_hidden"": 24, ""dropout"": 0.25, ""fusion_hidden"": 24, ""input_projection"": 24, ""learning_rate"": 0.0005, ""lstm_hidden"": 24, ""max_epochs"": 40, ""patience"": 6, ""weight_decay"": 0.001}","[0.8152109328579917, 0.20728469788680046, 0.2374727668845316]",0.4199894658764412,,False,1.0
student_mat,S1_MID_G1_ONLY,cnn_only,1,0,COMPLETE,"{""batch_size"": 64, ""class_weight"": ""balanced"", ""cnn_channels"": 16, ""context_hidden"": 16, ""dropout"": 0.15, ""fusion_hidden"": 16, ""input_projection"": 16, ""learning_rate"": 0.001, ""lstm_hidden"": 16, ""max_epochs"": 40, ""patience"": 6, ""weight_decay"": 0.0001}","[0.748635132982959, 0.6759476189301831, 0.7865218602060707]",0.7370348707064043,,False,13.0
student_mat,S1_MID_G1_ONLY,cnn_only,1,1,COMPLETE,"{""batch_size"": 64, ""class_weight"": ""none"", ""cnn_channels"": 16, ""context_hidden"": 24, ""dropout"": 0.25, ""fusion_hidden"": 24, ""input_projection"": 24, ""learning_rate"": 0.0005, ""lstm_hidden"": 24, ""max_epochs"": 40, ""patience"": 6, ""weight_decay"": 0.001}","[0.27038959489290615, 0.2136752136752137, 0.8325245591194225]",0.4388631225625141,,False,1.0
student_mat,S1_MID_G1_ONLY,cnn_only,2,0,COMPLETE,"{""batch_size"": 64, ""class_weight"": ""balanced"", ""cnn_channels"": 16, ""context_hidden"": 16, ""dropout"": 0.15, ""fusion_hidden"": 16, ""input_projection"": 16, ""learning_rate"": 0.001, ""lstm_hidden"": 16, ""max_epochs"": 40, ""patience"": 6, ""weight_decay"": 0.0001}","[0.6349536356008848, 0.7641612200435729, 0.6661740686007621]",0.6884296414150732,,False,12.0
student_mat,S1_MID_G1_ONLY,cnn_only,2,1,COMPLETE,"{""batch_size"": 64, ""class_weight"": ""none"", ""cnn_channels"": 16, ""context_hidden"": 24, ""dropout"": 0.25, ""fusion_hidden"": 24, ""input_projection"": 24, ""learning_rate"": 0.0005, ""lstm_hidden"": 24, ""max_epochs"": 40, ""patience"": 6, ""weight_decay"": 0.001}","[0.22110852574428733, 0.2523809523809524, 0.21794871794871795]",0.2304793986913192,,False,1.0
student_mat,S1_MID_G1_ONLY,cnn_only,3,0,COMPLETE,"{""batch_size"": 64, ""class_weight"": ""balanced"", ""cnn_channels"": 16, ""context_hidden"": 16, ""dropout"": 0.15, ""fusion_hidden"": 16, ""input_projection"": 16, ""learning_rate"": 0.001, ""lstm_hidden"": 16, ""max_epochs"": 40, ""patience"": 6, ""weight_decay"": 0.0001}","[0.7170487948265727, 0.7753096066429772, 0.716388655265863]",0.7362490189118044,,False,18.0
student_mat,S1_MID_G1_ONLY,cnn_only,3,1,COMPLETE,"{""batch_size"": 64, ""class_weight"": ""none"", ""cnn_channels"": 16, ""context_hidden"": 24, ""dropout"": 0.25, ""fusion_hidden"": 24, ""input_projection"": 24, ""learning_rate"": 0.0005, ""lstm_hidden"": 24, ""max_epochs"": 40, ""patience"": 6, ""weight_decay"": 0.001}","[0.247056872823744, 0.21645021645021645, 0.21052631578947367]",0.22467780168781137,,False,2.0
student_mat,S1_MID_G1_ONLY,cnn_only,4,0,COMPLETE,"{""batch_size"": 64, ""class_weight"": ""balanced"", ""cnn_channels"": 16, ""context_hidden"": 16, ""dropout"": 0.15, ""fusion_hidden"": 16, ""input_projection"": 16, ""learning_rate"": 0.001, ""lstm_hidden"": 16, ""max_epochs"": 40, ""patience"": 6, ""weight_decay"": 0.0001}","[0.6811843800630206, 0.7166184868297667, 0.7219858156028369]",0.7065962274985415,,False,18.0
student_mat,S1_MID_G1_ONLY,cnn_only,4,1,COMPLETE,"{""batch_size"": 64, ""class_weight"": ""none"", ""cnn_channels"": 16, ""context_hidden"": 24, ""dropout"": 0.25, ""fusion_hidden"": 24, ""input_projection"": 24, ""learning_rate"": 0.0005, ""lstm_hidden"": 24, ""max_epochs"": 40, ""patience"": 6, ""weight_decay"": 0.001}","[0.21350762527233114, 0.21505376344086022, 0.25742284627760714]",0.22866141166359952,,False,3.0
student_mat,S1_MID_G1_ONLY,bilstm_only,0,0,COMPLETE,"{""batch_size"": 64, ""class_weight"": ""balanced"", ""cnn_channels"": 16, ""context_hidden"": 16, ""dropout"": 0.15, ""fusion_hidden"": 16, ""input_projection"": 16, ""learning_rate"": 0.001, ""lstm_hidden"": 16, ""max_epochs"": 40, ""patience"": 6, ""weight_decay"": 0.0001}","[0.38538012025236856, 0.7165677674578603, 0.5639306415168485]",0.5552928430756925,,False,12.0
student_mat,S1_MID_G1_ONLY,bilstm_only,0,1,COMPLETE,"{""batch_size"": 64, ""class_weight"": ""none"", ""cnn_channels"": 16, ""context_hidden"": 24, ""dropout"": 0.25, ""fusion_hidden"": 24, ""input_projection"": 24, ""learning_rate"": 0.0005, ""lstm_hidden"": 24, ""max_epochs"": 40, ""patience"": 6, ""weight_decay"": 0.001}","[0.36143511932985617, 0.2835249042145594, 0.2949964763918252]",0.3133188333120802,,False,2.0
student_mat,S1_MID_G1_ONLY,bilstm_only,1,0,COMPLETE,"{""batch_size"": 64, ""class_weight"": ""balanced"", ""cnn_channels"": 16, ""context_hidden"": 16, ""dropout"": 0.15, ""fusion_hidden"": 16, ""input_projection"": 16, ""learning_rate"": 0.001, ""lstm_hidden"": 16, ""max_epochs"": 40, ""patience"": 6, ""weight_decay"": 0.0001}","[0.7510095622067033, 0.7002288329519452, 0.752052776103409]",0.7344303904206858,,False,39.0
student_mat,S1_MID_G1_ONLY,bilstm_only,1,1,COMPLETE,"{""batch_size"": 64, ""class_weight"": ""none"", ""cnn_channels"": 16, ""context_hidden"": 24, ""dropout"": 0.25, ""fusion_hidden"": 24, ""input_projection"": 24, ""learning_rate"": 0.0005, ""lstm_hidden"": 24, ""max_epochs"": 40, ""patience"": 6, ""weight_decay"": 0.001}","[0.3078683668955436, 0.32353197042192255, 0.24806547619047617]",0.2931552711693141,,False,2.0
student_mat,S1_MID_G1_ONLY,bilstm_only,2,0,COMPLETE,"{""batch_size"": 64, ""class_weight"": ""balanced"", ""cnn_channels"": 16, ""context_hidden"": 16, ""dropout"": 0.15, ""fusion_hidden"": 16, ""input_projection"": 16, ""learning_rate"": 0.001, ""lstm_hidden"": 16, ""max_epochs"": 40, ""patience"": 6, ""weight_decay"": 0.0001}","[0.6396493721866856, 0.6922291483694992, 0.652447883086181]",0.6614421345474554,,False,28.0
student_mat,S1_MID_G1_ONLY,bilstm_only,2,1,COMPLETE,"{""batch_size"": 64, ""class_weight"": ""none"", ""cnn_channels"": 16, ""context_hidden"": 24, ""dropout"": 0.25, ""fusion_hidden"": 24, ""input_projection"": 24, ""learning_rate"": 0.0005, ""lstm_hidden"": 24, ""max_epochs"": 40, ""patience"": 6, ""weight_decay"": 0.001}","[0.2974594178039625, 0.28744917321767416, 0.26200527381629746]",0.28230462161264475,,False,2.0
student_mat,S1_MID_G1_ONLY,bilstm_only,3,0,COMPLETE,"{""batch_size"": 64, ""class_weight"": ""balanced"", ""cnn_channels"": 16, ""context_hidden"": 16, ""dropout"": 0.15, ""fusion_hidden"": 16, ""input_projection"": 16, ""learning_rate"": 0.001, ""lstm_hidden"": 16, ""max_epochs"": 40, ""patience"": 6, ""weight_decay"": 0.0001}","[0.6459293394777266, 0.6972249034749035, 0.7315259149884472]",0.6915600526470258,,False,15.0
student_mat,S1_MID_G1_ONLY,bilstm_only,3,1,COMPLETE,"{""batch_size"": 64, ""class_weight"": ""none"", ""cnn_channels"": 16, ""context_hidden"": 24, ""dropout"": 0.25, ""fusion_hidden"": 24, ""input_projection"": 24, ""learning_rate"": 0.0005, ""lstm_hidden"": 24, ""max_epochs"": 40, ""patience"": 6, ""weight_decay"": 0.001}","[0.2806325949183092, 0.29516781321659363, 0.3112914608327452]",0.2956972896558827,,False,2.0
student_mat,S1_MID_G1_ONLY,bilstm_only,4,0,COMPLETE,"{""batch_size"": 64, ""class_weight"": ""balanced"", ""cnn_channels"": 16, ""context_hidden"": 16, ""dropout"": 0.15, ""fusion_hidden"": 16, ""input_projection"": 16, ""learning_rate"": 0.001, ""lstm_hidden"": 16, ""max_epochs"": 40, ""patience"": 6, ""weight_decay"": 0.0001}","[0.7219338554941613, 0.6779517025822445, 0.6873837679401658]",0.6957564420055239,,False,26.0
student_mat,S1_MID_G1_ONLY,bilstm_only,4,1,COMPLETE,"{""batch_size"": 64, ""class_weight"": ""none"", ""cnn_channels"": 16, ""context_hidden"": 24, ""dropout"": 0.25, ""fusion_hidden"": 24, ""input_projection"": 24, ""learning_rate"": 0.0005, ""lstm_hidden"": 24, ""max_epochs"": 40, ""patience"": 6, ""weight_decay"": 0.001}","[0.29956645608819527, 0.3250225835591689, 0.2914503193408415]",0.30534645299606855,,False,2.0
student_mat,S1_MID_G1_ONLY,cnn_bilstm,0,0,COMPLETE,"{""batch_size"": 64, ""class_weight"": ""balanced"", ""cnn_channels"": 16, ""context_hidden"": 16, ""dropout"": 0.15, ""fusion_hidden"": 16, ""input_projection"": 16, ""learning_rate"": 0.001, ""lstm_hidden"": 16, ""max_epochs"": 40, ""patience"": 6, ""weight_decay"": 0.0001}","[0.6250263405303768, 0.7582396085917212, 0.7090295358649789]",0.6974318283290256,,False,23.0
student_mat,S1_MID_G1_ONLY,cnn_bilstm,0,1,COMPLETE,"{""batch_size"": 64, ""class_weight"": ""none"", ""cnn_channels"": 16, ""context_hidden"": 24, ""dropout"": 0.25, ""fusion_hidden"": 24, ""input_projection"": 24, ""learning_rate"": 0.0005, ""lstm_hidden"": 24, ""max_epochs"": 40, ""patience"": 6, ""weight_decay"": 0.001}","[0.6335858585858586, 0.7543495302531448, 0.5101995834205799]",0.6327116574198611,,False,18.0
student_mat,S1_MID_G1_ONLY,cnn_bilstm,1,0,COMPLETE,"{""batch_size"": 64, ""class_weight"": ""balanced"", ""cnn_channels"": 16, ""context_hidden"": 16, ""dropout"": 0.15, ""fusion_hidden"": 16, ""input_projection"": 16, ""learning_rate"": 0.001, ""lstm_hidden"": 16, ""max_epochs"": 40, ""patience"": 6, ""weight_decay"": 0.0001}","[0.7639960683438943, 0.7317977915804003, 0.6982118758434548]",0.7313352452559165,,False,30.0
student_mat,S1_MID_G1_ONLY,cnn_bilstm,1,1,COMPLETE,"{""batch_size"": 64, ""class_weight"": ""none"", ""cnn_channels"": 16, ""context_hidden"": 24, ""dropout"": 0.25, ""fusion_hidden"": 24, ""input_projection"": 24, ""learning_rate"": 0.0005, ""lstm_hidden"": 24, ""max_epochs"": 40, ""patience"": 6, ""weight_decay"": 0.001}","[0.4880465291424196, 0.48442028985507246, 0.807559026842625]",0.5933419486133724,,False,15.0
student_mat,S1_MID_G1_ONLY,cnn_bilstm,2,0,COMPLETE,"{""batch_size"": 64, ""class_weight"": ""balanced"", ""cnn_channels"": 16, ""context_hidden"": 16, ""dropout"": 0.15, ""fusion_hidden"": 16, ""input_projection"": 16, ""learning_rate"": 0.001, ""lstm_hidden"": 16, ""max_epochs"": 40, ""patience"": 6, ""weight_decay"": 0.0001}","[0.6558479665874032, 0.7286291709666323, 0.6974400871459695]",0.6939724082333351,,False,31.0
student_mat,S1_MID_G1_ONLY,cnn_bilstm,2,1,COMPLETE,"{""batch_size"": 64, ""class_weight"": ""none"", ""cnn_channels"": 16, ""context_hidden"": 24, ""dropout"": 0.25, ""fusion_hidden"": 24, ""input_projection"": 24, ""learning_rate"": 0.0005, ""lstm_hidden"": 24, ""max_epochs"": 40, ""patience"": 6, ""weight_decay"": 0.001}","[0.42507525885738867, 0.5101449275362319, 0.4327225972356156]",0.45598092787641203,,False,7.0
student_mat,S1_MID_G1_ONLY,cnn_bilstm,3,0,COMPLETE,"{""batch_size"": 64, ""class_weight"": ""balanced"", ""cnn_channels"": 16, ""context_hidden"": 16, ""dropout"": 0.15, ""fusion_hidden"": 16, ""input_projection"": 16, ""learning_rate"": 0.001, ""lstm_hidden"": 16, ""max_epochs"": 40, ""patience"": 6, ""weight_decay"": 0.0001}","[0.6740685202540871, 0.7467173256646941, 0.7249694749694751]",0.7152517736294187,,False,18.0
student_mat,S1_MID_G1_ONLY,cnn_bilstm,3,1,COMPLETE,"{""batch_size"": 64, ""class_weight"": ""none"", ""cnn_channels"": 16, ""context_hidden"": 24, ""dropout"": 0.25, ""fusion_hidden"": 24, ""input_projection"": 24, ""learning_rate"": 0.0005, ""lstm_hidden"": 24, ""max_epochs"": 40, ""patience"": 6, ""weight_decay"": 0.001}","[0.500929500929501, 0.49275362318840576, 0.4313091090094574]",0.4749974110424547,,False,13.0
student_mat,S1_MID_G1_ONLY,cnn_bilstm,4,0,COMPLETE,"{""batch_size"": 64, ""class_weight"": ""balanced"", ""cnn_channels"": 16, ""context_hidden"": 16, ""dropout"": 0.15, ""fusion_hidden"": 16, ""input_projection"": 16, ""learning_rate"": 0.001, ""lstm_hidden"": 16, ""max_epochs"": 40, ""patience"": 6, ""weight_decay"": 0.0001}","[0.6880804953560372, 0.7143816029438743, 0.7371980676328502]",0.7132200553109206,,False,23.0
student_mat,S1_MID_G1_ONLY,cnn_bilstm,4,1,COMPLETE,"{""batch_size"": 64, ""class_weight"": ""none"", ""cnn_channels"": 16, ""context_hidden"": 24, ""dropout"": 0.25, ""fusion_hidden"": 24, ""input_projection"": 24, ""learning_rate"": 0.0005, ""lstm_hidden"": 24, ""max_epochs"": 40, ""patience"": 6, ""weight_decay"": 0.001}","[0.7687690460799704, 0.41590451577194837, 0.5038377744260097]",0.5628371120926429,,False,15.0
student_mat,S2_LATE_G1_G2,cnn_only,0,0,COMPLETE,"{""batch_size"": 64, ""class_weight"": ""balanced"", ""cnn_channels"": 16, ""context_hidden"": 16, ""dropout"": 0.15, ""fusion_hidden"": 16, ""input_projection"": 16, ""learning_rate"": 0.001, ""lstm_hidden"": 16, ""max_epochs"": 40, ""patience"": 6, ""weight_decay"": 0.0001}","[0.8758642323859714, 0.8486772486772486, 0.9188044923895374]",0.8811153244842526,,False,27.0
student_mat,S2_LATE_G1_G2,cnn_only,0,1,COMPLETE,"{""batch_size"": 64, ""class_weight"": ""none"", ""cnn_channels"": 16, ""context_hidden"": 24, ""dropout"": 0.25, ""fusion_hidden"": 24, ""input_projection"": 24, ""learning_rate"": 0.0005, ""lstm_hidden"": 24, ""max_epochs"": 40, ""patience"": 6, ""weight_decay"": 0.001}","[0.8989782147676885, 0.19369369369369369, 0.2222222222222222]",0.4382980435612014,,False,2.0
student_mat,S2_LATE_G1_G2,cnn_only,1,0,COMPLETE,"{""batch_size"": 64, ""class_weight"": ""balanced"", ""cnn_channels"": 16, ""context_hidden"": 16, ""dropout"": 0.15, ""fusion_hidden"": 16, ""input_projection"": 16, ""learning_rate"": 0.001, ""lstm_hidden"": 16, ""max_epochs"": 40, ""patience"": 6, ""weight_decay"": 0.0001}","[0.807118254879449, 0.8937267410951621, 0.9030075187969925]",0.8679508382572013,,False,20.0
student_mat,S2_LATE_G1_G2,cnn_only,1,1,COMPLETE,"{""batch_size"": 64, ""class_weight"": ""none"", ""cnn_channels"": 16, ""context_hidden"": 24, ""dropout"": 0.25, ""fusion_hidden"": 24, ""input_projection"": 24, ""learning_rate"": 0.0005, ""lstm_hidden"": 24, ""max_epochs"": 40, ""patience"": 6, ""weight_decay"": 0.001}","[0.8996070101919025, 0.5562504653413743, 0.2222222222222222]",0.559359899251833,,False,16.0
student_mat,S2_LATE_G1_G2,cnn_only,2,0,COMPLETE,"{""batch_size"": 64, ""class_weight"": ""balanced"", ""cnn_channels"": 16, ""context_hidden"": 16, ""dropout"": 0.15, ""fusion_hidden"": 16, ""input_projection"": 16, ""learning_rate"": 0.001, ""lstm_hidden"": 16, ""max_epochs"": 40, ""patience"": 6, ""weight_decay"": 0.0001}","[0.8814757962830985, 0.8765372397635466, 0.8714842662211083]",0.8764991007559177,,False,30.0
student_mat,S2_LATE_G1_G2,cnn_only,2,1,COMPLETE,"{""batch_size"": 64, ""class_weight"": ""none"", ""cnn_channels"": 16, ""context_hidden"": 24, ""dropout"": 0.25, ""fusion_hidden"": 24, ""input_projection"": 24, ""learning_rate"": 0.0005, ""lstm_hidden"": 24, ""max_epochs"": 40, ""patience"": 6, ""weight_decay"": 0.001}","[0.2047930283224401, 0.5820952380952381, 0.5539993775287892]",0.4469625479821558,,False,14.0
student_mat,S2_LATE_G1_G2,cnn_only,3,0,COMPLETE,"{""batch_size"": 64, ""class_weight"": ""balanced"", ""cnn_channels"": 16, ""context_hidden"": 16, ""dropout"": 0.15, ""fusion_hidden"": 16, ""input_projection"": 16, ""learning_rate"": 0.001, ""lstm_hidden"": 16, ""max_epochs"": 40, ""patience"": 6, ""weight_decay"": 0.0001}","[0.8537824768461602, 0.8614359114976073, 0.8395984106712077]",0.8516055996716584,,False,17.0
student_mat,S2_LATE_G1_G2,cnn_only,3,1,COMPLETE,"{""batch_size"": 64, ""class_weight"": ""none"", ""cnn_channels"": 16, ""context_hidden"": 24, ""dropout"": 0.25, ""fusion_hidden"": 24, ""input_projection"": 24, ""learning_rate"": 0.0005, ""lstm_hidden"": 24, ""max_epochs"": 40, ""patience"": 6, ""weight_decay"": 0.001}","[0.8666335372069317, 0.2178649237472767, 0.21052631578947367]",0.43167492558122733,,False,2.0
student_mat,S2_LATE_G1_G2,cnn_only,4,0,COMPLETE,"{""batch_size"": 64, ""class_weight"": ""balanced"", ""cnn_channels"": 16, ""context_hidden"": 16, ""dropout"": 0.15, ""fusion_hidden"": 16, ""input_projection"": 16, ""learning_rate"": 0.001, ""lstm_hidden"": 16, ""max_epochs"": 40, ""patience"": 6, ""weight_decay"": 0.0001}","[0.8321158008658008, 0.8771284271284271, 0.9103921082752192]",0.8732121120898158,,False,21.0
student_mat,S2_LATE_G1_G2,cnn_only,4,1,COMPLETE,"{""batch_size"": 64, ""class_weight"": ""none"", ""cnn_channels"": 16, ""context_hidden"": 24, ""dropout"": 0.25, ""fusion_hidden"": 24, ""input_projection"": 24, ""learning_rate"": 0.0005, ""lstm_hidden"": 24, ""max_epochs"": 40, ""patience"": 6, ""weight_decay"": 0.001}","[0.21350762527233114, 0.8648919644118062, 0.24400343382315812]",0.4408010078357651,,False,1.0
student_mat,S2_LATE_G1_G2,bilstm_only,0,0,COMPLETE,"{""batch_size"": 64, ""class_weight"": ""balanced"", ""cnn_channels"": 16, ""context_hidden"": 16, ""dropout"": 0.15, ""fusion_hidden"": 16, ""input_projection"": 16, ""learning_rate"": 0.001, ""lstm_hidden"": 16, ""max_epochs"": 40, ""patience"": 6, ""weight_decay"": 0.0001}","[0.8610129915294235, 0.8291542774301396, 0.842929292929293]",0.8443655206296187,,False,39.0
student_mat,S2_LATE_G1_G2,bilstm_only,0,1,COMPLETE,"{""batch_size"": 64, ""class_weight"": ""none"", ""cnn_channels"": 16, ""context_hidden"": 24, ""dropout"": 0.25, ""fusion_hidden"": 24, ""input_projection"": 24, ""learning_rate"": 0.0005, ""lstm_hidden"": 24, ""max_epochs"": 40, ""patience"": 6, ""weight_decay"": 0.001}","[0.3741813741813742, 0.2960590674643591, 0.30707118330880706]",0.3257705416515135,,False,2.0
student_mat,S2_LATE_G1_G2,bilstm_only,1,0,COMPLETE,"{""batch_size"": 64, ""class_weight"": ""balanced"", ""cnn_channels"": 16, ""context_hidden"": 16, ""dropout"": 0.15, ""fusion_hidden"": 16, ""input_projection"": 16, ""learning_rate"": 0.001, ""lstm_hidden"": 16, ""max_epochs"": 40, ""patience"": 6, ""weight_decay"": 0.0001}","[0.8138028365477318, 0.8404740914879029, 0.8686249558147755]",0.8409672946168034,,False,36.0
student_mat,S2_LATE_G1_G2,bilstm_only,1,1,COMPLETE,"{""batch_size"": 64, ""class_weight"": ""none"", ""cnn_channels"": 16, ""context_hidden"": 24, ""dropout"": 0.25, ""fusion_hidden"": 24, ""input_projection"": 24, ""learning_rate"": 0.0005, ""lstm_hidden"": 24, ""max_epochs"": 40, ""patience"": 6, ""weight_decay"": 0.001}","[0.2876439464674759, 0.33408748114630465, 0.2458917142362913]",0.2892077139500239,,False,2.0
student_mat,S2_LATE_G1_G2,bilstm_only,2,0,COMPLETE,"{""batch_size"": 64, ""class_weight"": ""balanced"", ""cnn_channels"": 16, ""context_hidden"": 16, ""dropout"": 0.15, ""fusion_hidden"": 16, ""input_projection"": 16, ""learning_rate"": 0.001, ""lstm_hidden"": 16, ""max_epochs"": 40, ""patience"": 6, ""weight_decay"": 0.0001}","[0.9000766283524904, 0.8167591858313509, 0.8298199370502597]",0.848885250411367,,False,36.0
student_mat,S2_LATE_G1_G2,bilstm_only,2,1,COMPLETE,"{""batch_size"": 64, ""class_weight"": ""none"", ""cnn_channels"": 16, ""context_hidden"": 24, ""dropout"": 0.25, ""fusion_hidden"": 24, ""input_projection"": 24, ""learning_rate"": 0.0005, ""lstm_hidden"": 24, ""max_epochs"": 40, ""patience"": 6, ""weight_decay"": 0.001}","[0.3087557603686636, 0.32595704948646126, 0.27369875153126383]",0.30280385379546293,,False,2.0
student_mat,S2_LATE_G1_G2,bilstm_only,3,0,COMPLETE,"{""batch_size"": 64, ""class_weight"": ""balanced"", ""cnn_channels"": 16, ""context_hidden"": 16, ""dropout"": 0.15, ""fusion_hidden"": 16, ""input_projection"": 16, ""learning_rate"": 0.001, ""lstm_hidden"": 16, ""max_epochs"": 40, ""patience"": 6, ""weight_decay"": 0.0001}","[0.6627284427284427, 0.8146981303022814, 0.8078118348233291]",0.7617461359513511,,False,24.0
student_mat,S2_LATE_G1_G2,bilstm_only,3,1,COMPLETE,"{""batch_size"": 64, ""class_weight"": ""none"", ""cnn_channels"": 16, ""context_hidden"": 24, ""dropout"": 0.25, ""fusion_hidden"": 24, ""input_projection"": 24, ""learning_rate"": 0.0005, ""lstm_hidden"": 24, ""max_epochs"": 40, ""patience"": 6, ""weight_decay"": 0.001}","[0.31830611098903777, 0.30231791600212654, 0.3310581832664382]",0.3172274034192008,,False,2.0
student_mat,S2_LATE_G1_G2,bilstm_only,4,0,COMPLETE,"{""batch_size"": 64, ""class_weight"": ""balanced"", ""cnn_channels"": 16, ""context_hidden"": 16, ""dropout"": 0.15, ""fusion_hidden"": 16, ""input_projection"": 16, ""learning_rate"": 0.001, ""lstm_hidden"": 16, ""max_epochs"": 40, ""patience"": 6, ""weight_decay"": 0.0001}","[0.8217967982618765, 0.8337286383263395, 0.8609946754276651]",0.838840037338627,,False,37.0
student_mat,S2_LATE_G1_G2,bilstm_only,4,1,COMPLETE,"{""batch_size"": 64, ""class_weight"": ""none"", ""cnn_channels"": 16, ""context_hidden"": 24, ""dropout"": 0.25, ""fusion_hidden"": 24, ""input_projection"": 24, ""learning_rate"": 0.0005, ""lstm_hidden"": 24, ""max_epochs"": 40, ""patience"": 6, ""weight_decay"": 0.001}","[0.30622619418137625, 0.3378290446613428, 0.2845367343597387]",0.30953065773415256,,False,2.0
student_mat,S2_LATE_G1_G2,cnn_bilstm,0,0,COMPLETE,"{""batch_size"": 64, ""class_weight"": ""balanced"", ""cnn_channels"": 16, ""context_hidden"": 16, ""dropout"": 0.15, ""fusion_hidden"": 16, ""input_projection"": 16, ""learning_rate"": 0.001, ""lstm_hidden"": 16, ""max_epochs"": 40, ""patience"": 6, ""weight_decay"": 0.0001}","[0.7456709956709956, 0.9090149214745159, 0.8482905982905983]",0.8343255051453699,,False,23.0
student_mat,S2_LATE_G1_G2,cnn_bilstm,0,1,COMPLETE,"{""batch_size"": 64, ""class_weight"": ""none"", ""cnn_channels"": 16, ""context_hidden"": 24, ""dropout"": 0.25, ""fusion_hidden"": 24, ""input_projection"": 24, ""learning_rate"": 0.0005, ""lstm_hidden"": 24, ""max_epochs"": 40, ""patience"": 6, ""weight_decay"": 0.001}","[0.7089360334297653, 0.5294430514398601, 0.5552959587388003]",0.5978916812028086,,False,17.0
student_mat,S2_LATE_G1_G2,cnn_bilstm,1,0,COMPLETE,"{""batch_size"": 64, ""class_weight"": ""balanced"", ""cnn_channels"": 16, ""context_hidden"": 16, ""dropout"": 0.15, ""fusion_hidden"": 16, ""input_projection"": 16, ""learning_rate"": 0.001, ""lstm_hidden"": 16, ""max_epochs"": 40, ""patience"": 6, ""weight_decay"": 0.0001}","[0.722154396349735, 0.8991228070175438, 0.9033485540334855]",0.8415419191335881,,False,32.0
student_mat,S2_LATE_G1_G2,cnn_bilstm,1,1,COMPLETE,"{""batch_size"": 64, ""class_weight"": ""none"", ""cnn_channels"": 16, ""context_hidden"": 24, ""dropout"": 0.25, ""fusion_hidden"": 24, ""input_projection"": 24, ""learning_rate"": 0.0005, ""lstm_hidden"": 24, ""max_epochs"": 40, ""patience"": 6, ""weight_decay"": 0.001}","[0.888634241575418, 0.5344444444444445, 0.7047319293696105]",0.7092702051298243,,False,17.0
student_mat,S2_LATE_G1_G2,cnn_bilstm,2,0,COMPLETE,"{""batch_size"": 64, ""class_weight"": ""balanced"", ""cnn_channels"": 16, ""context_hidden"": 16, ""dropout"": 0.15, ""fusion_hidden"": 16, ""input_projection"": 16, ""learning_rate"": 0.001, ""lstm_hidden"": 16, ""max_epochs"": 40, ""patience"": 6, ""weight_decay"": 0.0001}","[0.9002966227210569, 0.8510782974849209, 0.8990889050294991]",0.883487941745159,,False,31.0
student_mat,S2_LATE_G1_G2,cnn_bilstm,2,1,COMPLETE,"{""batch_size"": 64, ""class_weight"": ""none"", ""cnn_channels"": 16, ""context_hidden"": 24, ""dropout"": 0.25, ""fusion_hidden"": 24, ""input_projection"": 24, ""learning_rate"": 0.0005, ""lstm_hidden"": 24, ""max_epochs"": 40, ""patience"": 6, ""weight_decay"": 0.001}","[0.46630461238894977, 0.8893241724633351, 0.5242935242935243]",0.6266407697152697,,False,16.0
student_mat,S2_LATE_G1_G2,cnn_bilstm,3,0,COMPLETE,"{""batch_size"": 64, ""class_weight"": ""balanced"", ""cnn_channels"": 16, ""context_hidden"": 16, ""dropout"": 0.15, ""fusion_hidden"": 16, ""input_projection"": 16, ""learning_rate"": 0.001, ""lstm_hidden"": 16, ""max_epochs"": 40, ""patience"": 6, ""weight_decay"": 0.0001}","[0.7715472119477983, 0.8902199177543357, 0.8671328671328671]",0.8429666656116671,,False,37.0
student_mat,S2_LATE_G1_G2,cnn_bilstm,3,1,COMPLETE,"{""batch_size"": 64, ""class_weight"": ""none"", ""cnn_channels"": 16, ""context_hidden"": 24, ""dropout"": 0.25, ""fusion_hidden"": 24, ""input_projection"": 24, ""learning_rate"": 0.0005, ""lstm_hidden"": 24, ""max_epochs"": 40, ""patience"": 6, ""weight_decay"": 0.001}","[0.8740328697850822, 0.508561495002173, 0.4329205094422486]",0.6051716247431679,,False,15.0
student_mat,S2_LATE_G1_G2,cnn_bilstm,4,0,COMPLETE,"{""batch_size"": 64, ""class_weight"": ""balanced"", ""cnn_channels"": 16, ""context_hidden"": 16, ""dropout"": 0.15, ""fusion_hidden"": 16, ""input_projection"": 16, ""learning_rate"": 0.001, ""lstm_hidden"": 16, ""max_epochs"": 40, ""patience"": 6, ""weight_decay"": 0.0001}","[0.8689611095133096, 0.7488738738738738, 0.9433512224209899]",0.8537287352693911,,False,28.0
student_mat,S2_LATE_G1_G2,cnn_bilstm,4,1,COMPLETE,"{""batch_size"": 64, ""class_weight"": ""none"", ""cnn_channels"": 16, ""context_hidden"": 24, ""dropout"": 0.25, ""fusion_hidden"": 24, ""input_projection"": 24, ""learning_rate"": 0.0005, ""lstm_hidden"": 24, ""max_epochs"": 40, ""patience"": 6, ""weight_decay"": 0.001}","[0.8612714822771214, 0.46788766788766784, 0.9161998132586368]",0.7484529878078087,,False,33.0
student_por,S0_EARLY_NO_GRADE,logistic_regression,0,0,COMPLETE,"{""C"": 0.1, ""class_weight"": null}","[0.3700159489633174, 0.39066397286241644, 0.34894234894234893]",0.3698740902560276,,False,
student_por,S0_EARLY_NO_GRADE,logistic_regression,0,1,COMPLETE,"{""C"": 0.1, ""class_weight"": ""balanced""}","[0.4309185959671397, 0.4986528822055137, 0.47185715318441407]",0.4671428771190224,,False,
student_por,S0_EARLY_NO_GRADE,logistic_regression,0,2,COMPLETE,"{""C"": 1.0, ""class_weight"": null}","[0.36138441141581185, 0.40330237358101134, 0.41744239152369805]",0.3940430588401737,,False,
student_por,S0_EARLY_NO_GRADE,logistic_regression,0,3,COMPLETE,"{""C"": 1.0, ""class_weight"": ""balanced""}","[0.4198601082568996, 0.48923256313480007, 0.4716560186593652]",0.4602495633503549,,False,
student_por,S0_EARLY_NO_GRADE,logistic_regression,0,4,COMPLETE,"{""C"": 10.0, ""class_weight"": null}","[0.36138441141581185, 0.4059923648237061, 0.43294722147969944]",0.4001079992397391,,False,
student_por,S0_EARLY_NO_GRADE,logistic_regression,0,5,COMPLETE,"{""C"": 10.0, ""class_weight"": ""balanced""}","[0.41640033245258207, 0.48990953589884073, 0.4747298277771413]",0.460346565376188,,False,
student_por,S0_EARLY_NO_GRADE,random_forest,0,0,COMPLETE,"{""class_weight"": null, ""max_depth"": null, ""min_samples_leaf"": 1, ""n_estimators"": 300}","[0.447657697182412, 0.45071622928332095, 0.44997365493823543]",0.4494491938013227,,False,
student_por,S0_EARLY_NO_GRADE,random_forest,0,1,COMPLETE,"{""class_weight"": ""balanced"", ""max_depth"": null, ""min_samples_leaf"": 1, ""n_estimators"": 300}","[0.4787531806615776, 0.40594779632006844, 0.46828981905860245]",0.4509969320134162,,False,
student_por,S0_EARLY_NO_GRADE,random_forest,0,2,COMPLETE,"{""class_weight"": null, ""max_depth"": null, ""min_samples_leaf"": 3, ""n_estimators"": 300}","[0.46378899350036873, 0.32954722485802096, 0.4036352686759191]",0.3989904956781029,,False,
student_por,S0_EARLY_NO_GRADE,random_forest,0,3,COMPLETE,"{""class_weight"": ""balanced"", ""max_depth"": null, ""min_samples_leaf"": 3, ""n_estimators"": 300}","[0.5001557352500748, 0.5668035146332947, 0.4894703190872945]",0.5188098563235547,,False,
student_por,S0_EARLY_NO_GRADE,random_forest,0,4,COMPLETE,"{""class_weight"": null, ""max_depth"": 8, ""min_samples_leaf"": 1, ""n_estimators"": 300}","[0.4993252361673414, 0.3841322102022491, 0.412531328320802]",0.4319962582301309,,False,
student_por,S0_EARLY_NO_GRADE,random_forest,0,5,COMPLETE,"{""class_weight"": ""balanced"", ""max_depth"": 8, ""min_samples_leaf"": 1, ""n_estimators"": 300}","[0.5413951545530492, 0.5321124503754723, 0.47846565202886476]",0.5173244189857954,,False,
student_por,S0_EARLY_NO_GRADE,random_forest,0,6,COMPLETE,"{""class_weight"": null, ""max_depth"": 8, ""min_samples_leaf"": 3, ""n_estimators"": 300}","[0.4490738514315027, 0.3482987064557624, 0.3946318652201006]",0.3973348077024552,,False,
student_por,S0_EARLY_NO_GRADE,random_forest,0,7,COMPLETE,"{""class_weight"": ""balanced"", ""max_depth"": 8, ""min_samples_leaf"": 3, ""n_estimators"": 300}","[0.5031154412597711, 0.566040421543491, 0.5144720606381104]",0.5278759744804574,,False,
student_por,S0_EARLY_NO_GRADE,xgboost,0,0,COMPLETE,"{""colsample_bytree"": 0.9, ""learning_rate"": 0.03, ""max_depth"": 2, ""min_child_weight"": 1, ""n_estimators"": 300, ""subsample"": 0.9}","[0.4793393740762162, 0.4849909755865869, 0.4294233051565868]",0.4645845516064633,,False,
student_por,S0_EARLY_NO_GRADE,xgboost,0,1,COMPLETE,"{""colsample_bytree"": 0.9, ""learning_rate"": 0.03, ""max_depth"": 2, ""min_child_weight"": 5, ""n_estimators"": 300, ""subsample"": 0.9}","[0.4694247327088655, 0.5004631183009368, 0.4294233051565868]",0.466437052055463,,False,
student_por,S0_EARLY_NO_GRADE,xgboost,0,2,COMPLETE,"{""colsample_bytree"": 0.9, ""learning_rate"": 0.08, ""max_depth"": 2, ""min_child_weight"": 1, ""n_estimators"": 300, ""subsample"": 0.9}","[0.48407605466428993, 0.4961727027164034, 0.5223502304147466]",0.5008663292651466,,False,
student_por,S0_EARLY_NO_GRADE,xgboost,0,3,COMPLETE,"{""colsample_bytree"": 0.9, ""learning_rate"": 0.08, ""max_depth"": 2, ""min_child_weight"": 5, ""n_estimators"": 300, ""subsample"": 0.9}","[0.5003641254012358, 0.518073316283035, 0.48543181413092035]",0.5012897519383971,,False,
student_por,S0_EARLY_NO_GRADE,xgboost,0,4,COMPLETE,"{""colsample_bytree"": 0.9, ""learning_rate"": 0.03, ""max_depth"": 4, ""min_child_weight"": 1, ""n_estimators"": 300, ""subsample"": 0.9}","[0.4990446465953641, 0.48562657835442846, 0.4757495590828924]",0.486806928010895,,False,
student_por,S0_EARLY_NO_GRADE,xgboost,0,5,COMPLETE,"{""colsample_bytree"": 0.9, ""learning_rate"": 0.03, ""max_depth"": 4, ""min_child_weight"": 5, ""n_estimators"": 300, ""subsample"": 0.9}","[0.5326959612673897, 0.5215989684074791, 0.5221009855852777]",0.5254653050867155,,False,
student_por,S0_EARLY_NO_GRADE,xgboost,0,6,COMPLETE,"{""colsample_bytree"": 0.9, ""learning_rate"": 0.08, ""max_depth"": 4, ""min_child_weight"": 1, ""n_estimators"": 300, ""subsample"": 0.9}","[0.48516947605872346, 0.545536301838823, 0.5258277130594727]",0.518844496985673,,False,
student_por,S0_EARLY_NO_GRADE,xgboost,0,7,COMPLETE,"{""colsample_bytree"": 0.9, ""learning_rate"": 0.08, ""max_depth"": 4, ""min_child_weight"": 5, ""n_estimators"": 300, ""subsample"": 0.9}","[0.5189382559647694, 0.5678473169991984, 0.5280530110765381]",0.538279528013502,,False,
student_por,S0_EARLY_NO_GRADE,mlp,0,0,COMPLETE,"{""alpha"": 0.0001, ""hidden_layer_sizes"": [64], ""learning_rate_init"": 0.001}","[0.2711864406779661, 0.24354243542435425, 0.37453190084769034]",0.2964202589833369,,False,
student_por,S0_EARLY_NO_GRADE,mlp,0,1,COMPLETE,"{""alpha"": 0.001, ""hidden_layer_sizes"": [64], ""learning_rate_init"": 0.001}","[0.2711864406779661, 0.24354243542435425, 0.37453190084769034]",0.2964202589833369,,False,
student_por,S0_EARLY_NO_GRADE,mlp,0,2,COMPLETE,"{""alpha"": 0.01, ""hidden_layer_sizes"": [64], ""learning_rate_init"": 0.001}","[0.2711864406779661, 0.24354243542435425, 0.37453190084769034]",0.2964202589833369,,False,
student_por,S0_EARLY_NO_GRADE,mlp,0,3,COMPLETE,"{""alpha"": 0.0001, ""hidden_layer_sizes"": [64, 32], ""learning_rate_init"": 0.001}","[0.4632264299702434, 0.512806889375927, 0.404059829059829]",0.4600310494686664,,False,
student_por,S0_EARLY_NO_GRADE,mlp,0,4,COMPLETE,"{""alpha"": 0.001, ""hidden_layer_sizes"": [64, 32], ""learning_rate_init"": 0.001}","[0.4417457208982935, 0.512806889375927, 0.4128682170542635]",0.455806942442828,,False,
student_por,S0_EARLY_NO_GRADE,mlp,0,5,COMPLETE,"{""alpha"": 0.01, ""hidden_layer_sizes"": [64, 32], ""learning_rate_init"": 0.001}","[0.4620843471208435, 0.512806889375927, 0.404059829059829]",0.4596503551855331,,False,
student_por,S0_EARLY_NO_GRADE,mlp,0,6,COMPLETE,"{""alpha"": 0.0001, ""hidden_layer_sizes"": [128, 64], ""learning_rate_init"": 0.001}","[0.3211822660098522, 0.4398801692454986, 0.462438308656796]",0.4078335813040489,,False,
student_por,S0_EARLY_NO_GRADE,mlp,0,7,COMPLETE,"{""alpha"": 0.001, ""hidden_layer_sizes"": [128, 64], ""learning_rate_init"": 0.001}","[0.3211822660098522, 0.4398801692454986, 0.4473193473193473]",0.4027939275248993,,False,
student_por,S0_EARLY_NO_GRADE,mlp,0,8,COMPLETE,"{""alpha"": 0.01, ""hidden_layer_sizes"": [128, 64], ""learning_rate_init"": 0.001}","[0.3211822660098522, 0.4146228381521582, 0.47725785147936645]",0.4043543185471256,,False,
student_por,S0_EARLY_NO_GRADE,logistic_regression,1,0,COMPLETE,"{""C"": 0.1, ""class_weight"": null}","[0.31281788701143537, 0.3635067076703659, 0.29483726150392814]",0.3237206187285764,,False,
student_por,S0_EARLY_NO_GRADE,logistic_regression,1,1,COMPLETE,"{""C"": 0.1, ""class_weight"": ""balanced""}","[0.4084134023158414, 0.4739278752436647, 0.4199935866602533]",0.4341116214065865,,False,
student_por,S0_EARLY_NO_GRADE,logistic_regression,1,2,COMPLETE,"{""C"": 1.0, ""class_weight"": null}","[0.30676163528149086, 0.3635067076703659, 0.35691552024830253]",0.3423946210667197,,False,
student_por,S0_EARLY_NO_GRADE,logistic_regression,1,3,COMPLETE,"{""C"": 1.0, ""class_weight"": ""balanced""}","[0.39048697912653035, 0.4519883310302472, 0.4010242064245066]",0.414499838860428,,False,
student_por,S0_EARLY_NO_GRADE,logistic_regression,1,4,COMPLETE,"{""C"": 10.0, ""class_weight"": null}","[0.3394354489245, 0.3635067076703659, 0.367959108662665]",0.3569670884191769,,False,
student_por,S0_EARLY_NO_GRADE,logistic_regression,1,5,COMPLETE,"{""C"": 10.0, ""class_weight"": ""balanced""}","[0.4053219248275563, 0.4452874610769348, 0.38974778168722085]",0.4134523891972373,,False,
student_por,S0_EARLY_NO_GRADE,random_forest,1,0,COMPLETE,"{""class_weight"": null, ""max_depth"": null, ""min_samples_leaf"": 1, ""n_estimators"": 300}","[0.3815050762579795, 0.4449759579252069, 0.3712221872297456]",0.3992344071376439,,False,
student_por,S0_EARLY_NO_GRADE,random_forest,1,1,COMPLETE,"{""class_weight"": ""balanced"", ""max_depth"": null, ""min_samples_leaf"": 1, ""n_estimators"": 300}","[0.3815276510928685, 0.44497953323558165, 0.37557680631451124]",0.4006946635476538,,False,
student_por,S0_EARLY_NO_GRADE,random_forest,1,2,COMPLETE,"{""class_weight"": null, ""max_depth"": null, ""min_samples_leaf"": 3, ""n_estimators"": 300}","[0.30375102375102375, 0.37598845598845604, 0.2426470588235294]",0.3074621795210031,,False,
student_por,S0_EARLY_NO_GRADE,random_forest,1,3,COMPLETE,"{""class_weight"": ""balanced"", ""max_depth"": null, ""min_samples_leaf"": 3, ""n_estimators"": 300}","[0.5230534421000339, 0.4880499525834052, 0.41233326395507214]",0.474478886212837,,False,
student_por,S0_EARLY_NO_GRADE,random_forest,1,4,COMPLETE,"{""class_weight"": null, ""max_depth"": 8, ""min_samples_leaf"": 1, ""n_estimators"": 300}","[0.3208794239758442, 0.40092109836635387, 0.32358452075779615]",0.3484616810333314,,False,
student_por,S0_EARLY_NO_GRADE,random_forest,1,5,COMPLETE,"{""class_weight"": ""balanced"", ""max_depth"": 8, ""min_samples_leaf"": 1, ""n_estimators"": 300}","[0.4117474519663302, 0.5210979187587376, 0.37292850846752823]",0.4352579597308653,,False,
student_por,S0_EARLY_NO_GRADE,random_forest,1,6,COMPLETE,"{""class_weight"": null, ""max_depth"": 8, ""min_samples_leaf"": 3, ""n_estimators"": 300}","[0.2994572337638031, 0.3595451867562154, 0.28263673890608876]",0.3138797198087024,,False,
student_por,S0_EARLY_NO_GRADE,random_forest,1,7,COMPLETE,"{""class_weight"": ""balanced"", ""max_depth"": 8, ""min_samples_leaf"": 3, ""n_estimators"": 300}","[0.49302744039586144, 0.5090614299716144, 0.4198446066210853]",0.4739778256628537,,False,
student_por,S0_EARLY_NO_GRADE,xgboost,1,0,COMPLETE,"{""colsample_bytree"": 0.9, ""learning_rate"": 0.03, ""max_depth"": 2, ""min_child_weight"": 1, ""n_estimators"": 300, ""subsample"": 0.9}","[0.39348370927318294, 0.4366590881632564, 0.3386948448138651]",0.3896125474167681,,False,
student_por,S0_EARLY_NO_GRADE,xgboost,1,1,COMPLETE,"{""colsample_bytree"": 0.9, ""learning_rate"": 0.03, ""max_depth"": 2, ""min_child_weight"": 5, ""n_estimators"": 300, ""subsample"": 0.9}","[0.342300402748164, 0.42605401844532276, 0.3675630602459871]",0.3786391604798246,,False,
student_por,S0_EARLY_NO_GRADE,xgboost,1,2,COMPLETE,"{""colsample_bytree"": 0.9, ""learning_rate"": 0.08, ""max_depth"": 2, ""min_child_weight"": 1, ""n_estimators"": 300, ""subsample"": 0.9}","[0.414640522875817, 0.42430494154632087, 0.3698475554520278]",0.4029310066247218,,False,
student_por,S0_EARLY_NO_GRADE,xgboost,1,3,COMPLETE,"{""colsample_bytree"": 0.9, ""learning_rate"": 0.08, ""max_depth"": 2, ""min_child_weight"": 5, ""n_estimators"": 300, ""subsample"": 0.9}","[0.3854749787955895, 0.44567780094580045, 0.3777601808088557]",0.4029709868500819,,False,
student_por,S0_EARLY_NO_GRADE,xgboost,1,4,COMPLETE,"{""colsample_bytree"": 0.9, ""learning_rate"": 0.03, ""max_depth"": 4, ""min_child_weight"": 1, ""n_estimators"": 300, ""subsample"": 0.9}","[0.3877551020408163, 0.4273017940019596, 0.3479382216224321]",0.387665039221736,,False,
student_por,S0_EARLY_NO_GRADE,xgboost,1,5,COMPLETE,"{""colsample_bytree"": 0.9, ""learning_rate"": 0.03, ""max_depth"": 4, ""min_child_weight"": 5, ""n_estimators"": 300, ""subsample"": 0.9}","[0.3854749787955895, 0.4374242940419411, 0.3670847448291057]",0.3966613392222121,,False,
student_por,S0_EARLY_NO_GRADE,xgboost,1,6,COMPLETE,"{""colsample_bytree"": 0.9, ""learning_rate"": 0.08, ""max_depth"": 4, ""min_child_weight"": 1, ""n_estimators"": 300, ""subsample"": 0.9}","[0.44274940745528985, 0.45114017884909524, 0.43627343637274124]",0.4433876742257088,,False,
student_por,S0_EARLY_NO_GRADE,xgboost,1,7,COMPLETE,"{""colsample_bytree"": 0.9, ""learning_rate"": 0.08, ""max_depth"": 4, ""min_child_weight"": 5, ""n_estimators"": 300, ""subsample"": 0.9}","[0.38472283704687427, 0.4532367785824007, 0.4360828625235405]",0.4246808260509385,,False,
student_por,S0_EARLY_NO_GRADE,mlp,1,0,COMPLETE,"{""alpha"": 0.0001, ""hidden_layer_sizes"": [64], ""learning_rate_init"": 0.001}","[0.3583317267527794, 0.2708333333333333, 0.30813987011715743]",0.3124349767344234,,False,
student_por,S0_EARLY_NO_GRADE,mlp,1,1,COMPLETE,"{""alpha"": 0.001, ""hidden_layer_sizes"": [64], ""learning_rate_init"": 0.001}","[0.3583317267527794, 0.2708333333333333, 0.31309921962095877]",0.3140880932356905,,False,
student_por,S0_EARLY_NO_GRADE,mlp,1,2,COMPLETE,"{""alpha"": 0.01, ""hidden_layer_sizes"": [64], ""learning_rate_init"": 0.001}","[0.3617345588148508, 0.2708333333333333, 0.29197769197769197]",0.308181861375292,,False,
student_por,S0_EARLY_NO_GRADE,mlp,1,3,COMPLETE,"{""alpha"": 0.0001, ""hidden_layer_sizes"": [64, 32], ""learning_rate_init"": 0.001}","[0.27198879551820726, 0.34523297491039423, 0.381383956855655]",0.3328685757614189,,False,
student_por,S0_EARLY_NO_GRADE,mlp,1,4,COMPLETE,"{""alpha"": 0.001, ""hidden_layer_sizes"": [64, 32], ""learning_rate_init"": 0.001}","[0.29138078170336235, 0.34523297491039423, 0.381383956855655]",0.3393325711564705,,False,
student_por,S0_EARLY_NO_GRADE,mlp,1,5,COMPLETE,"{""alpha"": 0.01, ""hidden_layer_sizes"": [64, 32], ""learning_rate_init"": 0.001}","[0.29138078170336235, 0.35000000000000003, 0.3954681954681954]",0.3456163257238525,,False,
student_por,S0_EARLY_NO_GRADE,mlp,1,6,COMPLETE,"{""alpha"": 0.0001, ""hidden_layer_sizes"": [128, 64], ""learning_rate_init"": 0.001}","[0.31281788701143537, 0.27220299884659743, 0.329140109582914]",0.3047203318136489,,False,
student_por,S0_EARLY_NO_GRADE,mlp,1,7,COMPLETE,"{""alpha"": 0.001, ""hidden_layer_sizes"": [128, 64], ""learning_rate_init"": 0.001}","[0.31281788701143537, 0.27220299884659743, 0.329140109582914]",0.3047203318136489,,False,
student_por,S0_EARLY_NO_GRADE,mlp,1,8,COMPLETE,"{""alpha"": 0.01, ""hidden_layer_sizes"": [128, 64], ""learning_rate_init"": 0.001}","[0.31281788701143537, 0.27220299884659743, 0.329140109582914]",0.3047203318136489,,False,
student_por,S0_EARLY_NO_GRADE,logistic_regression,2,0,COMPLETE,"{""C"": 0.1, ""class_weight"": null}","[0.3737100103199174, 0.3917399943230202, 0.33721833721833727]",0.3675561139537582,,False,
student_por,S0_EARLY_NO_GRADE,logistic_regression,2,1,COMPLETE,"{""C"": 0.1, ""class_weight"": ""balanced""}","[0.4307108945420617, 0.5273911669249212, 0.43314408350404837]",0.4637487149903437,,False,
student_por,S0_EARLY_NO_GRADE,logistic_regression,2,2,COMPLETE,"{""C"": 1.0, ""class_weight"": null}","[0.39571150097465885, 0.41603053435114506, 0.3629906025428414]",0.3915775459562151,,False,
student_por,S0_EARLY_NO_GRADE,logistic_regression,2,3,COMPLETE,"{""C"": 1.0, ""class_weight"": ""balanced""}","[0.4174043510877719, 0.5143361795202664, 0.4067750921999776]",0.4461718742693386,,False,
student_por,S0_EARLY_NO_GRADE,logistic_regression,2,4,COMPLETE,"{""C"": 10.0, ""class_weight"": null}","[0.39571150097465885, 0.4291071635899222, 0.37945642271484964]",0.4014250290931435,,False,
student_por,S0_EARLY_NO_GRADE,logistic_regression,2,5,COMPLETE,"{""C"": 10.0, ""class_weight"": ""balanced""}","[0.4240530036990214, 0.4999364056256952, 0.4116882385671136]",0.4452258826306101,,False,
student_por,S0_EARLY_NO_GRADE,random_forest,2,0,COMPLETE,"{""class_weight"": null, ""max_depth"": null, ""min_samples_leaf"": 1, ""n_estimators"": 300}","[0.35560207879448075, 0.4214419288051827, 0.4457198176406683]",0.4075879417467772,,False,
student_por,S0_EARLY_NO_GRADE,random_forest,2,1,COMPLETE,"{""class_weight"": ""balanced"", ""max_depth"": null, ""min_samples_leaf"": 1, ""n_estimators"": 300}","[0.3663603453077137, 0.3790805769171377, 0.4187381056946274]",0.3880596759731596,,False,
student_por,S0_EARLY_NO_GRADE,random_forest,2,2,COMPLETE,"{""class_weight"": null, ""max_depth"": null, ""min_samples_leaf"": 3, ""n_estimators"": 300}","[0.3644955300127714, 0.3389136389136389, 0.3946765308994411]",0.3660285666086171,,False,
student_por,S0_EARLY_NO_GRADE,random_forest,2,3,COMPLETE,"{""class_weight"": ""balanced"", ""max_depth"": null, ""min_samples_leaf"": 3, ""n_estimators"": 300}","[0.5305184546890708, 0.552401290549223, 0.5162818170799911]",0.5330671874394283,,False,
student_por,S0_EARLY_NO_GRADE,random_forest,2,4,COMPLETE,"{""class_weight"": null, ""max_depth"": 8, ""min_samples_leaf"": 1, ""n_estimators"": 300}","[0.3607137869810681, 0.35804372441424964, 0.4015300523457414]",0.3734291879136864,,False,
student_por,S0_EARLY_NO_GRADE,random_forest,2,5,COMPLETE,"{""class_weight"": ""balanced"", ""max_depth"": 8, ""min_samples_leaf"": 1, ""n_estimators"": 300}","[0.45837173579109064, 0.4890646247235395, 0.4783810960281549]",0.4752724855142616,,False,
student_por,S0_EARLY_NO_GRADE,random_forest,2,6,COMPLETE,"{""class_weight"": null, ""max_depth"": 8, ""min_samples_leaf"": 3, ""n_estimators"": 300}","[0.3702474173310062, 0.3057886261547589, 0.382269325640704]",0.3527684563754896,,False,
student_por,S0_EARLY_NO_GRADE,random_forest,2,7,COMPLETE,"{""class_weight"": ""balanced"", ""max_depth"": 8, ""min_samples_leaf"": 3, ""n_estimators"": 300}","[0.5428744322753539, 0.5479506325952337, 0.5439072758428156]",0.5449107802378012,,False,
student_por,S0_EARLY_NO_GRADE,xgboost,2,0,COMPLETE,"{""colsample_bytree"": 0.9, ""learning_rate"": 0.03, ""max_depth"": 2, ""min_child_weight"": 1, ""n_estimators"": 300, ""subsample"": 0.9}","[0.4437051494773621, 0.44033847512108387, 0.36103752423292024]",0.4150270496104554,,False,
student_por,S0_EARLY_NO_GRADE,xgboost,2,1,COMPLETE,"{""colsample_bytree"": 0.9, ""learning_rate"": 0.03, ""max_depth"": 2, ""min_child_weight"": 5, ""n_estimators"": 300, ""subsample"": 0.9}","[0.4556146978021978, 0.4361933286351891, 0.386004152904943]",0.4259373931141099,,False,
student_por,S0_EARLY_NO_GRADE,xgboost,2,2,COMPLETE,"{""colsample_bytree"": 0.9, ""learning_rate"": 0.08, ""max_depth"": 2, ""min_child_weight"": 1, ""n_estimators"": 300, ""subsample"": 0.9}","[0.47827020275940124, 0.45646258503401366, 0.4415082956259427]",0.4587470278064525,,False,
student_por,S0_EARLY_NO_GRADE,xgboost,2,3,COMPLETE,"{""colsample_bytree"": 0.9, ""learning_rate"": 0.08, ""max_depth"": 2, ""min_child_weight"": 5, ""n_estimators"": 300, ""subsample"": 0.9}","[0.4255823379348163, 0.47006802721088436, 0.3942761091697262]",0.4299754914384756,,False,
student_por,S0_EARLY_NO_GRADE,xgboost,2,4,COMPLETE,"{""colsample_bytree"": 0.9, ""learning_rate"": 0.03, ""max_depth"": 4, ""min_child_weight"": 1, ""n_estimators"": 300, ""subsample"": 0.9}","[0.4012411184914428, 0.4591331643124472, 0.3945687974726087]",0.4183143600921662,,False,
student_por,S0_EARLY_NO_GRADE,xgboost,2,5,COMPLETE,"{""colsample_bytree"": 0.9, ""learning_rate"": 0.03, ""max_depth"": 4, ""min_child_weight"": 5, ""n_estimators"": 300, ""subsample"": 0.9}","[0.38440876708593247, 0.46898000433883097, 0.41354221674587804]",0.4223103293902138,,False,
student_por,S0_EARLY_NO_GRADE,xgboost,2,6,COMPLETE,"{""colsample_bytree"": 0.9, ""learning_rate"": 0.08, ""max_depth"": 4, ""min_child_weight"": 1, ""n_estimators"": 300, ""subsample"": 0.9}","[0.40424729219909944, 0.4304096638655462, 0.3990653776228825]",0.4112407778958427,,False,
student_por,S0_EARLY_NO_GRADE,xgboost,2,7,COMPLETE,"{""colsample_bytree"": 0.9, ""learning_rate"": 0.08, ""max_depth"": 4, ""min_child_weight"": 5, ""n_estimators"": 300, ""subsample"": 0.9}","[0.43505891698662785, 0.4392088285408325, 0.4116736487729895]",0.4286471314334832,,False,
student_por,S0_EARLY_NO_GRADE,mlp,2,0,COMPLETE,"{""alpha"": 0.0001, ""hidden_layer_sizes"": [64], ""learning_rate_init"": 0.001}","[0.31892340546943215, 0.28909459844711644, 0.36855482933914313]",0.3255242777518972,,False,
student_por,S0_EARLY_NO_GRADE,mlp,2,1,COMPLETE,"{""alpha"": 0.001, ""hidden_layer_sizes"": [64], ""learning_rate_init"": 0.001}","[0.31892340546943215, 0.28909459844711644, 0.36855482933914313]",0.3255242777518972,,False,
student_por,S0_EARLY_NO_GRADE,mlp,2,2,COMPLETE,"{""alpha"": 0.01, ""hidden_layer_sizes"": [64], ""learning_rate_init"": 0.001}","[0.31892340546943215, 0.28909459844711644, 0.36855482933914313]",0.3255242777518972,,False,
student_por,S0_EARLY_NO_GRADE,mlp,2,3,COMPLETE,"{""alpha"": 0.0001, ""hidden_layer_sizes"": [64, 32], ""learning_rate_init"": 0.001}","[0.42247803182073546, 0.414103835978836, 0.26148409893992935]",0.3660219889131669,,False,
student_por,S0_EARLY_NO_GRADE,mlp,2,4,COMPLETE,"{""alpha"": 0.001, ""hidden_layer_sizes"": [64, 32], ""learning_rate_init"": 0.001}","[0.40741780172628844, 0.4012465773166162, 0.26148409893992935]",0.3567161593276113,,False,
student_por,S0_EARLY_NO_GRADE,mlp,2,5,COMPLETE,"{""alpha"": 0.01, ""hidden_layer_sizes"": [64, 32], ""learning_rate_init"": 0.001}","[0.4191897953462293, 0.4264923747276688, 0.26148409893992935]",0.3690554230046092,,False,
student_por,S0_EARLY_NO_GRADE,mlp,2,6,COMPLETE,"{""alpha"": 0.0001, ""hidden_layer_sizes"": [128, 64], ""learning_rate_init"": 0.001}","[0.47186464329321476, 0.2696024998183271, 0.3851120610254351]",0.3755264013789923,,False,
student_por,S0_EARLY_NO_GRADE,mlp,2,7,COMPLETE,"{""alpha"": 0.001, ""hidden_layer_sizes"": [128, 64], ""learning_rate_init"": 0.001}","[0.4477869289775036, 0.2696024998183271, 0.4256108597285068]",0.3810000961747792,,False,
student_por,S0_EARLY_NO_GRADE,mlp,2,8,COMPLETE,"{""alpha"": 0.01, ""hidden_layer_sizes"": [128, 64], ""learning_rate_init"": 0.001}","[0.44073324336482234, 0.2696024998183271, 0.43783279077396725]",0.3827228446523722,,False,
student_por,S0_EARLY_NO_GRADE,logistic_regression,3,0,COMPLETE,"{""C"": 0.1, ""class_weight"": null}","[0.3694628694628695, 0.4257501163791279, 0.3368854788292128]",0.3773661548904034,,False,
student_por,S0_EARLY_NO_GRADE,logistic_regression,3,1,COMPLETE,"{""C"": 0.1, ""class_weight"": ""balanced""}","[0.5178473578917108, 0.4486815136857165, 0.44061427880986903]",0.4690477167957654,,False,
student_por,S0_EARLY_NO_GRADE,logistic_regression,3,2,COMPLETE,"{""C"": 1.0, ""class_weight"": null}","[0.4152792414726319, 0.4521284973849195, 0.40600070286417145]",0.4244694805739076,,False,
student_por,S0_EARLY_NO_GRADE,logistic_regression,3,3,COMPLETE,"{""C"": 1.0, ""class_weight"": ""balanced""}","[0.4852941176470588, 0.43531906689801425, 0.39467702253258635]",0.4384300690258865,,False,
student_por,S0_EARLY_NO_GRADE,logistic_regression,3,4,COMPLETE,"{""C"": 10.0, ""class_weight"": null}","[0.4108062608062608, 0.44909426015971504, 0.43885312459072545]",0.4329178818522337,,False,
student_por,S0_EARLY_NO_GRADE,logistic_regression,3,5,COMPLETE,"{""C"": 10.0, ""class_weight"": ""balanced""}","[0.4811074706179601, 0.43969484434600714, 0.4080687830687831]",0.4429570326775834,,False,
student_por,S0_EARLY_NO_GRADE,random_forest,3,0,COMPLETE,"{""class_weight"": null, ""max_depth"": null, ""min_samples_leaf"": 1, ""n_estimators"": 300}","[0.4357518829857229, 0.4697546022116295, 0.42968229932480373]",0.4450629281740521,,False,
student_por,S0_EARLY_NO_GRADE,random_forest,3,1,COMPLETE,"{""class_weight"": ""balanced"", ""max_depth"": null, ""min_samples_leaf"": 1, ""n_estimators"": 300}","[0.4061685337842598, 0.4724806201550387, 0.39100957522010155]",0.4232195763864667,,False,
student_por,S0_EARLY_NO_GRADE,random_forest,3,2,COMPLETE,"{""class_weight"": null, ""max_depth"": null, ""min_samples_leaf"": 3, ""n_estimators"": 300}","[0.3786898422586155, 0.4147911237463476, 0.35952472896821996]",0.3843352316577277,,False,
student_por,S0_EARLY_NO_GRADE,random_forest,3,3,COMPLETE,"{""class_weight"": ""balanced"", ""max_depth"": null, ""min_samples_leaf"": 3, ""n_estimators"": 300}","[0.5072448821739803, 0.5352649300017721, 0.4621077425727529]",0.5015391849161684,,False,
student_por,S0_EARLY_NO_GRADE,random_forest,3,4,COMPLETE,"{""class_weight"": null, ""max_depth"": 8, ""min_samples_leaf"": 1, ""n_estimators"": 300}","[0.39938719561361075, 0.4521284973849195, 0.44131411383257163]",0.4309432689437006,,False,
student_por,S0_EARLY_NO_GRADE,random_forest,3,5,COMPLETE,"{""class_weight"": ""balanced"", ""max_depth"": 8, ""min_samples_leaf"": 1, ""n_estimators"": 300}","[0.4708294810705735, 0.4757886276873618, 0.40961199294532635]",0.4520767005677539,,False,
student_por,S0_EARLY_NO_GRADE,random_forest,3,6,COMPLETE,"{""class_weight"": null, ""max_depth"": 8, ""min_samples_leaf"": 3, ""n_estimators"": 300}","[0.3465003465003465, 0.40155540155540165, 0.33246145667198296]",0.3601724015759104,,False,
student_por,S0_EARLY_NO_GRADE,random_forest,3,7,COMPLETE,"{""class_weight"": ""balanced"", ""max_depth"": 8, ""min_samples_leaf"": 3, ""n_estimators"": 300}","[0.5119560994560994, 0.5364757150668401, 0.4772375368057671]",0.5085564504429022,,False,
student_por,S0_EARLY_NO_GRADE,xgboost,3,0,COMPLETE,"{""colsample_bytree"": 0.9, ""learning_rate"": 0.03, ""max_depth"": 2, ""min_child_weight"": 1, ""n_estimators"": 300, ""subsample"": 0.9}","[0.41968250778659705, 0.43953300211122487, 0.3759013394701127]",0.4117056164559782,,False,
student_por,S0_EARLY_NO_GRADE,xgboost,3,1,COMPLETE,"{""colsample_bytree"": 0.9, ""learning_rate"": 0.03, ""max_depth"": 2, ""min_child_weight"": 5, ""n_estimators"": 300, ""subsample"": 0.9}","[0.4125058695885599, 0.43229282000991215, 0.3914781847366117]",0.4120922914450279,,False,
student_por,S0_EARLY_NO_GRADE,xgboost,3,2,COMPLETE,"{""colsample_bytree"": 0.9, ""learning_rate"": 0.08, ""max_depth"": 2, ""min_child_weight"": 1, ""n_estimators"": 300, ""subsample"": 0.9}","[0.473721340388007, 0.4753408725347059, 0.42158616577221225]",0.4568827928983083,,False,
student_por,S0_EARLY_NO_GRADE,xgboost,3,3,COMPLETE,"{""colsample_bytree"": 0.9, ""learning_rate"": 0.08, ""max_depth"": 2, ""min_child_weight"": 5, ""n_estimators"": 300, ""subsample"": 0.9}","[0.4477146042363434, 0.49008695652173917, 0.4315309962368786]",0.456444185664987,,False,
student_por,S0_EARLY_NO_GRADE,xgboost,3,4,COMPLETE,"{""colsample_bytree"": 0.9, ""learning_rate"": 0.03, ""max_depth"": 4, ""min_child_weight"": 1, ""n_estimators"": 300, ""subsample"": 0.9}","[0.42217838718368944, 0.4578809661516429, 0.4351790766885107]",0.4384128100079477,,False,
student_por,S0_EARLY_NO_GRADE,xgboost,3,5,COMPLETE,"{""colsample_bytree"": 0.9, ""learning_rate"": 0.03, ""max_depth"": 4, ""min_child_weight"": 5, ""n_estimators"": 300, ""subsample"": 0.9}","[0.43220872694556906, 0.47292809989660384, 0.4315309962368786]",0.4455559410263505,,False,
student_por,S0_EARLY_NO_GRADE,xgboost,3,6,COMPLETE,"{""colsample_bytree"": 0.9, ""learning_rate"": 0.08, ""max_depth"": 4, ""min_child_weight"": 1, ""n_estimators"": 300, ""subsample"": 0.9}","[0.4383977250086037, 0.4930171498798949, 0.3902786010669828]",0.4405644919851605,,False,
student_por,S0_EARLY_NO_GRADE,xgboost,3,7,COMPLETE,"{""colsample_bytree"": 0.9, ""learning_rate"": 0.08, ""max_depth"": 4, ""min_child_weight"": 5, ""n_estimators"": 300, ""subsample"": 0.9}","[0.4059139784946236, 0.4974448492208055, 0.4205791097419118]",0.4413126458191136,,False,
student_por,S0_EARLY_NO_GRADE,mlp,3,0,COMPLETE,"{""alpha"": 0.0001, ""hidden_layer_sizes"": [64], ""learning_rate_init"": 0.001}","[0.34752817333462493, 0.44104867878452786, 0.26198830409356727]",0.35018838540424,,False,
student_por,S0_EARLY_NO_GRADE,mlp,3,1,COMPLETE,"{""alpha"": 0.001, ""hidden_layer_sizes"": [64], ""learning_rate_init"": 0.001}","[0.34752817333462493, 0.44104867878452786, 0.26198830409356727]",0.35018838540424,,False,
student_por,S0_EARLY_NO_GRADE,mlp,3,2,COMPLETE,"{""alpha"": 0.01, ""hidden_layer_sizes"": [64], ""learning_rate_init"": 0.001}","[0.34752817333462493, 0.44527986633249794, 0.26198830409356727]",0.3515987812535634,,False,
student_por,S0_EARLY_NO_GRADE,mlp,3,3,COMPLETE,"{""alpha"": 0.0001, ""hidden_layer_sizes"": [64, 32], ""learning_rate_init"": 0.001}","[0.2838568051334009, 0.3835855979818828, 0.2830357870710035]",0.316826063395429,,False,
student_por,S0_EARLY_NO_GRADE,mlp,3,4,COMPLETE,"{""alpha"": 0.001, ""hidden_layer_sizes"": [64, 32], ""learning_rate_init"": 0.001}","[0.2838568051334009, 0.4356011363089219, 0.2830357870710035]",0.3341645761711088,,False,
student_por,S0_EARLY_NO_GRADE,mlp,3,5,COMPLETE,"{""alpha"": 0.01, ""hidden_layer_sizes"": [64, 32], ""learning_rate_init"": 0.001}","[0.2838568051334009, 0.3989392458027144, 0.2830357870710035]",0.3219439460023729,,False,
student_por,S0_EARLY_NO_GRADE,mlp,3,6,COMPLETE,"{""alpha"": 0.0001, ""hidden_layer_sizes"": [128, 64], ""learning_rate_init"": 0.001}","[0.2586002372479241, 0.39233620277379244, 0.3229540023894863]",0.324630147470401,,False,
student_por,S0_EARLY_NO_GRADE,mlp,3,7,COMPLETE,"{""alpha"": 0.001, ""hidden_layer_sizes"": [128, 64], ""learning_rate_init"": 0.001}","[0.2586002372479241, 0.39233620277379244, 0.3229540023894863]",0.324630147470401,,False,
student_por,S0_EARLY_NO_GRADE,mlp,3,8,COMPLETE,"{""alpha"": 0.01, ""hidden_layer_sizes"": [128, 64], ""learning_rate_init"": 0.001}","[0.2586002372479241, 0.39233620277379244, 0.31959886636145635]",0.323511768794391,,False,
student_por,S0_EARLY_NO_GRADE,logistic_regression,4,0,COMPLETE,"{""C"": 0.1, ""class_weight"": null}","[0.3584107327141383, 0.381042706659717, 0.3412567459007923]",0.3602367284248826,,False,
student_por,S0_EARLY_NO_GRADE,logistic_regression,4,1,COMPLETE,"{""C"": 0.1, ""class_weight"": ""balanced""}","[0.48909979366863504, 0.48225821943264724, 0.4463045275191441]",0.4725541802068088,,False,
student_por,S0_EARLY_NO_GRADE,logistic_regression,4,2,COMPLETE,"{""C"": 1.0, ""class_weight"": null}","[0.4297303885719857, 0.4037326971346207, 0.41022625400813295]",0.4145631132382464,,False,
student_por,S0_EARLY_NO_GRADE,logistic_regression,4,3,COMPLETE,"{""C"": 1.0, ""class_weight"": ""balanced""}","[0.46239453210607057, 0.4724802734195797, 0.4471954635512742]",0.4606900896923081,,False,
student_por,S0_EARLY_NO_GRADE,logistic_regression,4,4,COMPLETE,"{""C"": 10.0, ""class_weight"": null}","[0.4444444444444444, 0.46892718176764864, 0.3799812346982157]",0.4311176203034362,,False,
student_por,S0_EARLY_NO_GRADE,logistic_regression,4,5,COMPLETE,"{""C"": 10.0, ""class_weight"": ""balanced""}","[0.45357027541555545, 0.46832492321193503, 0.4480182926829268]",0.4566378304368057,,False,
student_por,S0_EARLY_NO_GRADE,random_forest,4,0,COMPLETE,"{""class_weight"": null, ""max_depth"": null, ""min_samples_leaf"": 1, ""n_estimators"": 300}","[0.5290689925580155, 0.4151602791086564, 0.4437678369947568]",0.4626657028871428,,False,
student_por,S0_EARLY_NO_GRADE,random_forest,4,1,COMPLETE,"{""class_weight"": ""balanced"", ""max_depth"": null, ""min_samples_leaf"": 1, ""n_estimators"": 300}","[0.5000810252170319, 0.4234946340209498, 0.42116402116402113]",0.4482465601340009,,False,
student_por,S0_EARLY_NO_GRADE,random_forest,4,2,COMPLETE,"{""class_weight"": null, ""max_depth"": null, ""min_samples_leaf"": 3, ""n_estimators"": 300}","[0.4892344497607655, 0.37923660019482486, 0.3188712127665616]",0.3957807542407173,,False,
student_por,S0_EARLY_NO_GRADE,random_forest,4,3,COMPLETE,"{""class_weight"": ""balanced"", ""max_depth"": null, ""min_samples_leaf"": 3, ""n_estimators"": 300}","[0.5229319912246742, 0.5126610698945725, 0.5573838513504752]",0.530992304156574,,False,
student_por,S0_EARLY_NO_GRADE,random_forest,4,4,COMPLETE,"{""class_weight"": null, ""max_depth"": 8, ""min_samples_leaf"": 1, ""n_estimators"": 300}","[0.5050126699645452, 0.3899711399711399, 0.36721450766394587]",0.4207327725332103,,False,
student_por,S0_EARLY_NO_GRADE,random_forest,4,5,COMPLETE,"{""class_weight"": ""balanced"", ""max_depth"": 8, ""min_samples_leaf"": 1, ""n_estimators"": 300}","[0.5274358751580798, 0.4326615216626876, 0.5085409974877361]",0.4895461314361678,,False,
student_por,S0_EARLY_NO_GRADE,random_forest,4,6,COMPLETE,"{""class_weight"": null, ""max_depth"": 8, ""min_samples_leaf"": 3, ""n_estimators"": 300}","[0.44484174096577195, 0.38603996075803054, 0.33936664870317396]",0.3900827834756588,,False,
student_por,S0_EARLY_NO_GRADE,random_forest,4,7,COMPLETE,"{""class_weight"": ""balanced"", ""max_depth"": 8, ""min_samples_leaf"": 3, ""n_estimators"": 300}","[0.5350801252532694, 0.4963189947579402, 0.5357559839180416]",0.5223850346430837,,False,
student_por,S0_EARLY_NO_GRADE,xgboost,4,0,COMPLETE,"{""colsample_bytree"": 0.9, ""learning_rate"": 0.03, ""max_depth"": 2, ""min_child_weight"": 1, ""n_estimators"": 300, ""subsample"": 0.9}","[0.45407100098507236, 0.44027465220949263, 0.44061302681992337]",0.4449862266714961,,False,
student_por,S0_EARLY_NO_GRADE,xgboost,4,1,COMPLETE,"{""colsample_bytree"": 0.9, ""learning_rate"": 0.03, ""max_depth"": 2, ""min_child_weight"": 5, ""n_estimators"": 300, ""subsample"": 0.9}","[0.484152202740843, 0.39375232824224354, 0.39270029348727725]",0.4235349414901213,,False,
student_por,S0_EARLY_NO_GRADE,xgboost,4,2,COMPLETE,"{""colsample_bytree"": 0.9, ""learning_rate"": 0.08, ""max_depth"": 2, ""min_child_weight"": 1, ""n_estimators"": 300, ""subsample"": 0.9}","[0.47991839857197505, 0.4740683229813665, 0.4605645111481687]",0.47151707756717,,False,
student_por,S0_EARLY_NO_GRADE,xgboost,4,3,COMPLETE,"{""colsample_bytree"": 0.9, ""learning_rate"": 0.08, ""max_depth"": 2, ""min_child_weight"": 5, ""n_estimators"": 300, ""subsample"": 0.9}","[0.48554148938643604, 0.47233842095345774, 0.4382613510520487]",0.4653804204639808,,False,
student_por,S0_EARLY_NO_GRADE,xgboost,4,4,COMPLETE,"{""colsample_bytree"": 0.9, ""learning_rate"": 0.03, ""max_depth"": 4, ""min_child_weight"": 1, ""n_estimators"": 300, ""subsample"": 0.9}","[0.47727289806110296, 0.4675324675324675, 0.4545454545454546]",0.466450273379675,,False,
student_por,S0_EARLY_NO_GRADE,xgboost,4,5,COMPLETE,"{""colsample_bytree"": 0.9, ""learning_rate"": 0.03, ""max_depth"": 4, ""min_child_weight"": 5, ""n_estimators"": 300, ""subsample"": 0.9}","[0.5007307433980865, 0.48849064117881325, 0.45260166323338674]",0.4806076826034288,,False,
student_por,S0_EARLY_NO_GRADE,xgboost,4,6,COMPLETE,"{""colsample_bytree"": 0.9, ""learning_rate"": 0.08, ""max_depth"": 4, ""min_child_weight"": 1, ""n_estimators"": 300, ""subsample"": 0.9}","[0.5317857528773348, 0.48056003134196024, 0.4964979984151976]",0.5029479275448309,,False,
student_por,S0_EARLY_NO_GRADE,xgboost,4,7,COMPLETE,"{""colsample_bytree"": 0.9, ""learning_rate"": 0.08, ""max_depth"": 4, ""min_child_weight"": 5, ""n_estimators"": 300, ""subsample"": 0.9}","[0.5353170160270365, 0.4628254162895487, 0.48669811173897476]",0.49494684801852,,False,
student_por,S0_EARLY_NO_GRADE,mlp,4,0,COMPLETE,"{""alpha"": 0.0001, ""hidden_layer_sizes"": [64], ""learning_rate_init"": 0.001}","[0.2573099415204678, 0.3180927277642606, 0.4176026287226609]",0.3310017660024631,,False,
student_por,S0_EARLY_NO_GRADE,mlp,4,1,COMPLETE,"{""alpha"": 0.001, ""hidden_layer_sizes"": [64], ""learning_rate_init"": 0.001}","[0.2573099415204678, 0.3180927277642606, 0.4176026287226609]",0.3310017660024631,,False,
student_por,S0_EARLY_NO_GRADE,mlp,4,2,COMPLETE,"{""alpha"": 0.01, ""hidden_layer_sizes"": [64], ""learning_rate_init"": 0.001}","[0.2573099415204678, 0.3180927277642606, 0.4176026287226609]",0.3310017660024631,,False,
student_por,S0_EARLY_NO_GRADE,mlp,4,3,COMPLETE,"{""alpha"": 0.0001, ""hidden_layer_sizes"": [64, 32], ""learning_rate_init"": 0.001}","[0.25586854460093894, 0.35959886233953603, 0.34490161918425905]",0.3201230087082446,,False,
student_por,S0_EARLY_NO_GRADE,mlp,4,4,COMPLETE,"{""alpha"": 0.001, ""hidden_layer_sizes"": [64, 32], ""learning_rate_init"": 0.001}","[0.25586854460093894, 0.3713739396467807, 0.34490161918425905]",0.3240480344773262,,False,
student_por,S0_EARLY_NO_GRADE,mlp,4,5,COMPLETE,"{""alpha"": 0.01, ""hidden_layer_sizes"": [64, 32], ""learning_rate_init"": 0.001}","[0.25586854460093894, 0.3753206513906903, 0.34490161918425905]",0.3253636050586294,,False,
student_por,S0_EARLY_NO_GRADE,mlp,4,6,COMPLETE,"{""alpha"": 0.0001, ""hidden_layer_sizes"": [128, 64], ""learning_rate_init"": 0.001}","[0.2573099415204678, 0.2812873357228196, 0.46529714815823553]",0.334631475133841,,False,
student_por,S0_EARLY_NO_GRADE,mlp,4,7,COMPLETE,"{""alpha"": 0.001, ""hidden_layer_sizes"": [128, 64], ""learning_rate_init"": 0.001}","[0.3256952604778692, 0.2624113475177305, 0.44873879508025855]",0.3456151343586194,,False,
student_por,S0_EARLY_NO_GRADE,mlp,4,8,COMPLETE,"{""alpha"": 0.01, ""hidden_layer_sizes"": [128, 64], ""learning_rate_init"": 0.001}","[0.3256952604778692, 0.2624113475177305, 0.48267112597547374]",0.3569259113236911,,False,
student_por,S1_MID_G1_ONLY,logistic_regression,0,0,COMPLETE,"{""C"": 0.1, ""class_weight"": null}","[0.6843423260617013, 0.8032617703979206, 0.6654164736403225]",0.7176735233666481,,False,
student_por,S1_MID_G1_ONLY,logistic_regression,0,1,COMPLETE,"{""C"": 0.1, ""class_weight"": ""balanced""}","[0.7054928989139514, 0.7655037058903312, 0.713956877087436]",0.7283178272972396,,False,
student_por,S1_MID_G1_ONLY,logistic_regression,0,2,COMPLETE,"{""C"": 1.0, ""class_weight"": null}","[0.6910376548930767, 0.7893790849673202, 0.6838757949869061]",0.721430844949101,,False,
student_por,S1_MID_G1_ONLY,logistic_regression,0,3,COMPLETE,"{""C"": 1.0, ""class_weight"": ""balanced""}","[0.7296732783247855, 0.7722689767777632, 0.7131913521200058]",0.7383778690741848,,False,
student_por,S1_MID_G1_ONLY,logistic_regression,0,4,COMPLETE,"{""C"": 10.0, ""class_weight"": null}","[0.7117354553348529, 0.7902841503662561, 0.6926949748266362]",0.7315715268425818,,False,
student_por,S1_MID_G1_ONLY,logistic_regression,0,5,COMPLETE,"{""C"": 10.0, ""class_weight"": ""balanced""}","[0.7263584689867485, 0.7698342749221249, 0.7131913521200058]",0.7364613653429597,,False,
student_por,S1_MID_G1_ONLY,random_forest,0,0,COMPLETE,"{""class_weight"": null, ""max_depth"": null, ""min_samples_leaf"": 1, ""n_estimators"": 300}","[0.7231523663058933, 0.8130063489224716, 0.7102572777213926]",0.7488053309832524,,False,
student_por,S1_MID_G1_ONLY,random_forest,0,1,COMPLETE,"{""class_weight"": ""balanced"", ""max_depth"": null, ""min_samples_leaf"": 1, ""n_estimators"": 300}","[0.71205272806146, 0.8130063489224716, 0.7189202429943172]",0.7479931066594162,,False,
student_por,S1_MID_G1_ONLY,random_forest,0,2,COMPLETE,"{""class_weight"": null, ""max_depth"": null, ""min_samples_leaf"": 3, ""n_estimators"": 300}","[0.7242619767641716, 0.8336223336690582, 0.7355211131449039]",0.7644684745260446,,False,
student_por,S1_MID_G1_ONLY,random_forest,0,3,COMPLETE,"{""class_weight"": ""balanced"", ""max_depth"": null, ""min_samples_leaf"": 3, ""n_estimators"": 300}","[0.7296125618706264, 0.8437728174339236, 0.7444746376811594]",0.7726200056619031,,False,
student_por,S1_MID_G1_ONLY,random_forest,0,4,COMPLETE,"{""class_weight"": null, ""max_depth"": 8, ""min_samples_leaf"": 1, ""n_estimators"": 300}","[0.7330622239713148, 0.8095143792879442, 0.6955880088291155]",0.7460548706961249,,False,
student_por,S1_MID_G1_ONLY,random_forest,0,5,COMPLETE,"{""class_weight"": ""balanced"", ""max_depth"": 8, ""min_samples_leaf"": 1, ""n_estimators"": 300}","[0.7392626530557566, 0.8143202324260924, 0.73245843506569]",0.7620137735158462,,False,
student_por,S1_MID_G1_ONLY,random_forest,0,6,COMPLETE,"{""class_weight"": null, ""max_depth"": 8, ""min_samples_leaf"": 3, ""n_estimators"": 300}","[0.7356060606060607, 0.8420704963299402, 0.7411845021668456]",0.7729536863676155,,False,
student_por,S1_MID_G1_ONLY,random_forest,0,7,COMPLETE,"{""class_weight"": ""balanced"", ""max_depth"": 8, ""min_samples_leaf"": 3, ""n_estimators"": 300}","[0.7350191949314406, 0.8437728174339236, 0.7444746376811594]",0.7744222166821745,,False,
student_por,S1_MID_G1_ONLY,xgboost,0,0,COMPLETE,"{""colsample_bytree"": 0.9, ""learning_rate"": 0.03, ""max_depth"": 2, ""min_child_weight"": 1, ""n_estimators"": 300, ""subsample"": 0.9}","[0.7301056446164241, 0.8150944732473343, 0.7106013109147905]",0.7519338095928497,,False,
student_por,S1_MID_G1_ONLY,xgboost,0,1,COMPLETE,"{""colsample_bytree"": 0.9, ""learning_rate"": 0.03, ""max_depth"": 2, ""min_child_weight"": 5, ""n_estimators"": 300, ""subsample"": 0.9}","[0.7314892623716153, 0.8091043188912902, 0.7188958310148751]",0.7531631374259269,,False,
student_por,S1_MID_G1_ONLY,xgboost,0,2,COMPLETE,"{""colsample_bytree"": 0.9, ""learning_rate"": 0.08, ""max_depth"": 2, ""min_child_weight"": 1, ""n_estimators"": 300, ""subsample"": 0.9}","[0.7335573253691722, 0.802241016423472, 0.7133761861034588]",0.7497248426320343,,False,
student_por,S1_MID_G1_ONLY,xgboost,0,3,COMPLETE,"{""colsample_bytree"": 0.9, ""learning_rate"": 0.08, ""max_depth"": 2, ""min_child_weight"": 5, ""n_estimators"": 300, ""subsample"": 0.9}","[0.7481306572215664, 0.8333410914056075, 0.7092737784113408]",0.7635818423461714,,False,
student_por,S1_MID_G1_ONLY,xgboost,0,4,COMPLETE,"{""colsample_bytree"": 0.9, ""learning_rate"": 0.03, ""max_depth"": 4, ""min_child_weight"": 1, ""n_estimators"": 300, ""subsample"": 0.9}","[0.7450975872137698, 0.8312698412698413, 0.7189202429943172]",0.7650958904926428,,False,
student_por,S1_MID_G1_ONLY,xgboost,0,5,COMPLETE,"{""colsample_bytree"": 0.9, ""learning_rate"": 0.03, ""max_depth"": 4, ""min_child_weight"": 5, ""n_estimators"": 300, ""subsample"": 0.9}","[0.7406565656565656, 0.812080405932865, 0.727495166230344]",0.7600773792732581,,False,
student_por,S1_MID_G1_ONLY,xgboost,0,6,COMPLETE,"{""colsample_bytree"": 0.9, ""learning_rate"": 0.08, ""max_depth"": 4, ""min_child_weight"": 1, ""n_estimators"": 300, ""subsample"": 0.9}","[0.7511996742012377, 0.8021947079849515, 0.7002771478961956]",0.751223843360795,,False,
student_por,S1_MID_G1_ONLY,xgboost,0,7,COMPLETE,"{""colsample_bytree"": 0.9, ""learning_rate"": 0.08, ""max_depth"": 4, ""min_child_weight"": 5, ""n_estimators"": 300, ""subsample"": 0.9}","[0.7382059228650139, 0.8360188519852385, 0.7011904761904763]",0.7584717503469096,,False,
student_por,S1_MID_G1_ONLY,mlp,0,0,COMPLETE,"{""alpha"": 0.0001, ""hidden_layer_sizes"": [64], ""learning_rate_init"": 0.001}","[0.7426054318427804, 0.8129356785610247, 0.646345589893977]",0.733962233432594,,False,
student_por,S1_MID_G1_ONLY,mlp,0,1,COMPLETE,"{""alpha"": 0.001, ""hidden_layer_sizes"": [64], ""learning_rate_init"": 0.001}","[0.7426054318427804, 0.8129356785610247, 0.646345589893977]",0.733962233432594,,False,
student_por,S1_MID_G1_ONLY,mlp,0,2,COMPLETE,"{""alpha"": 0.01, ""hidden_layer_sizes"": [64], ""learning_rate_init"": 0.001}","[0.7426054318427804, 0.8129356785610247, 0.646345589893977]",0.733962233432594,,False,
student_por,S1_MID_G1_ONLY,mlp,0,3,COMPLETE,"{""alpha"": 0.0001, ""hidden_layer_sizes"": [64, 32], ""learning_rate_init"": 0.001}","[0.7455952052726246, 0.754233881687385, 0.5955357741006231]",0.6984549536868775,,False,
student_por,S1_MID_G1_ONLY,mlp,0,4,COMPLETE,"{""alpha"": 0.001, ""hidden_layer_sizes"": [64, 32], ""learning_rate_init"": 0.001}","[0.7455952052726246, 0.754233881687385, 0.6136791645266221]",0.7045027504955438,,False,
student_por,S1_MID_G1_ONLY,mlp,0,5,COMPLETE,"{""alpha"": 0.01, ""hidden_layer_sizes"": [64, 32], ""learning_rate_init"": 0.001}","[0.6836563307493541, 0.7756343927075635, 0.630828629648902]",0.6967064510352733,,False,
student_por,S1_MID_G1_ONLY,mlp,0,6,COMPLETE,"{""alpha"": 0.0001, ""hidden_layer_sizes"": [128, 64], ""learning_rate_init"": 0.001}","[0.7568064608159414, 0.8274690324740542, 0.561609449981543]",0.7152949810905129,,False,
student_por,S1_MID_G1_ONLY,mlp,0,7,COMPLETE,"{""alpha"": 0.001, ""hidden_layer_sizes"": [128, 64], ""learning_rate_init"": 0.001}","[0.7568064608159414, 0.8359032658123192, 0.561609449981543]",0.7181063922032679,,False,
student_por,S1_MID_G1_ONLY,mlp,0,8,COMPLETE,"{""alpha"": 0.01, ""hidden_layer_sizes"": [128, 64], ""learning_rate_init"": 0.001}","[0.7568064608159414, 0.8359032658123192, 0.6431789857156552]",0.745296237447972,,False,
student_por,S1_MID_G1_ONLY,logistic_regression,1,0,COMPLETE,"{""C"": 0.1, ""class_weight"": null}","[0.6373070195975816, 0.7413167679860915, 0.7576601935531299]",0.7120946603789343,,False,
student_por,S1_MID_G1_ONLY,logistic_regression,1,1,COMPLETE,"{""C"": 0.1, ""class_weight"": ""balanced""}","[0.7521885092639811, 0.746057788715705, 0.7003160311938704]",0.7328541097245189,,False,
student_por,S1_MID_G1_ONLY,logistic_regression,1,2,COMPLETE,"{""C"": 1.0, ""class_weight"": null}","[0.6820886460230723, 0.738506495181675, 0.7428083737642779]",0.7211345049896751,,False,
student_por,S1_MID_G1_ONLY,logistic_regression,1,3,COMPLETE,"{""C"": 1.0, ""class_weight"": ""balanced""}","[0.7573408418478841, 0.7123088469837695, 0.6969969969969969]",0.7222155619428835,,False,
student_por,S1_MID_G1_ONLY,logistic_regression,1,4,COMPLETE,"{""C"": 10.0, ""class_weight"": null}","[0.6966907114841446, 0.738506495181675, 0.7502579269550863]",0.728485044540302,,False,
student_por,S1_MID_G1_ONLY,logistic_regression,1,5,COMPLETE,"{""C"": 10.0, ""class_weight"": ""balanced""}","[0.7521885092639811, 0.7177384428948885, 0.7088310532754978]",0.7262526684781224,,False,
student_por,S1_MID_G1_ONLY,random_forest,1,0,COMPLETE,"{""class_weight"": null, ""max_depth"": null, ""min_samples_leaf"": 1, ""n_estimators"": 300}","[0.7083389620623662, 0.7277700077700078, 0.7462436639139263]",0.7274508779154334,,False,
student_por,S1_MID_G1_ONLY,random_forest,1,1,COMPLETE,"{""class_weight"": ""balanced"", ""max_depth"": null, ""min_samples_leaf"": 1, ""n_estimators"": 300}","[0.7138666674261044, 0.7277700077700078, 0.7303350970017637]",0.7239905907326253,,False,
student_por,S1_MID_G1_ONLY,random_forest,1,2,COMPLETE,"{""class_weight"": null, ""max_depth"": null, ""min_samples_leaf"": 3, ""n_estimators"": 300}","[0.719894321789964, 0.7657141121438551, 0.7632528810611002]",0.7496204383316397,,False,
student_por,S1_MID_G1_ONLY,random_forest,1,3,COMPLETE,"{""class_weight"": ""balanced"", ""max_depth"": null, ""min_samples_leaf"": 3, ""n_estimators"": 300}","[0.7794878422172298, 0.7609466221851543, 0.7415159520422678]",0.760650138814884,,False,
student_por,S1_MID_G1_ONLY,random_forest,1,4,COMPLETE,"{""class_weight"": null, ""max_depth"": 8, ""min_samples_leaf"": 1, ""n_estimators"": 300}","[0.6723132969034609, 0.7278973889143381, 0.7429453262786595]",0.7143853373654862,,False,
student_por,S1_MID_G1_ONLY,random_forest,1,5,COMPLETE,"{""class_weight"": ""balanced"", ""max_depth"": 8, ""min_samples_leaf"": 1, ""n_estimators"": 300}","[0.7288314176245212, 0.7495562101812802, 0.731566064267486]",0.7366512306910957,,False,
student_por,S1_MID_G1_ONLY,random_forest,1,6,COMPLETE,"{""class_weight"": null, ""max_depth"": 8, ""min_samples_leaf"": 3, ""n_estimators"": 300}","[0.7312087221883362, 0.755089701655268, 0.7493308977179945]",0.7452097738538663,,False,
student_por,S1_MID_G1_ONLY,random_forest,1,7,COMPLETE,"{""class_weight"": ""balanced"", ""max_depth"": 8, ""min_samples_leaf"": 3, ""n_estimators"": 300}","[0.7742358992115532, 0.7549859789815762, 0.7361365361365362]",0.7551194714432219,,False,
student_por,S1_MID_G1_ONLY,xgboost,1,0,COMPLETE,"{""colsample_bytree"": 0.9, ""learning_rate"": 0.03, ""max_depth"": 2, ""min_child_weight"": 1, ""n_estimators"": 300, ""subsample"": 0.9}","[0.7336944198807337, 0.734420803782506, 0.752178025417462]",0.7400977496935672,,False,
student_por,S1_MID_G1_ONLY,xgboost,1,1,COMPLETE,"{""colsample_bytree"": 0.9, ""learning_rate"": 0.03, ""max_depth"": 2, ""min_child_weight"": 5, ""n_estimators"": 300, ""subsample"": 0.9}","[0.7003841386451413, 0.7330940224557246, 0.7387470119864487]",0.7240750576957716,,False,
student_por,S1_MID_G1_ONLY,xgboost,1,2,COMPLETE,"{""colsample_bytree"": 0.9, ""learning_rate"": 0.08, ""max_depth"": 2, ""min_child_weight"": 1, ""n_estimators"": 300, ""subsample"": 0.9}","[0.687774400540358, 0.7308225108225108, 0.7201117567176474]",0.712902889360172,,False,
student_por,S1_MID_G1_ONLY,xgboost,1,3,COMPLETE,"{""colsample_bytree"": 0.9, ""learning_rate"": 0.08, ""max_depth"": 2, ""min_child_weight"": 5, ""n_estimators"": 300, ""subsample"": 0.9}","[0.7215099715099714, 0.7359994647665881, 0.6799730997634379]",0.7124941786799992,,False,
student_por,S1_MID_G1_ONLY,xgboost,1,4,COMPLETE,"{""colsample_bytree"": 0.9, ""learning_rate"": 0.03, ""max_depth"": 4, ""min_child_weight"": 1, ""n_estimators"": 300, ""subsample"": 0.9}","[0.6859349014017582, 0.7055632023187899, 0.698053735792136]",0.6965172798375613,,False,
student_por,S1_MID_G1_ONLY,xgboost,1,5,COMPLETE,"{""colsample_bytree"": 0.9, ""learning_rate"": 0.03, ""max_depth"": 4, ""min_child_weight"": 5, ""n_estimators"": 300, ""subsample"": 0.9}","[0.7085339227111379, 0.7465140652913579, 0.6939742581326556]",0.7163407487117172,,False,
student_por,S1_MID_G1_ONLY,xgboost,1,6,COMPLETE,"{""colsample_bytree"": 0.9, ""learning_rate"": 0.08, ""max_depth"": 4, ""min_child_weight"": 1, ""n_estimators"": 300, ""subsample"": 0.9}","[0.686727761694501, 0.7079504316346421, 0.6381917757938061]",0.677623323040983,,False,
student_por,S1_MID_G1_ONLY,xgboost,1,7,COMPLETE,"{""colsample_bytree"": 0.9, ""learning_rate"": 0.08, ""max_depth"": 4, ""min_child_weight"": 5, ""n_estimators"": 300, ""subsample"": 0.9}","[0.7163276836158192, 0.7106293819504117, 0.6619028146936551]",0.6962866267532953,,False,
student_por,S1_MID_G1_ONLY,mlp,1,0,COMPLETE,"{""alpha"": 0.0001, ""hidden_layer_sizes"": [64], ""learning_rate_init"": 0.001}","[0.6364366098930677, 0.7179926634193277, 0.7607144493311343]",0.7050479075478432,,False,
student_por,S1_MID_G1_ONLY,mlp,1,1,COMPLETE,"{""alpha"": 0.001, ""hidden_layer_sizes"": [64], ""learning_rate_init"": 0.001}","[0.6364366098930677, 0.7179926634193277, 0.7607144493311343]",0.7050479075478432,,False,
student_por,S1_MID_G1_ONLY,mlp,1,2,COMPLETE,"{""alpha"": 0.01, ""hidden_layer_sizes"": [64], ""learning_rate_init"": 0.001}","[0.6364366098930677, 0.7179926634193277, 0.7607144493311343]",0.7050479075478432,,False,
student_por,S1_MID_G1_ONLY,mlp,1,3,COMPLETE,"{""alpha"": 0.0001, ""hidden_layer_sizes"": [64, 32], ""learning_rate_init"": 0.001}","[0.6915984873830306, 0.6169354838709676, 0.7198328954735347]",0.6761222889091777,,False,
student_por,S1_MID_G1_ONLY,mlp,1,4,COMPLETE,"{""alpha"": 0.001, ""hidden_layer_sizes"": [64, 32], ""learning_rate_init"": 0.001}","[0.6637944066515495, 0.6169354838709676, 0.7198328954735347]",0.6668542619986839,,False,
student_por,S1_MID_G1_ONLY,mlp,1,5,COMPLETE,"{""alpha"": 0.01, ""hidden_layer_sizes"": [64, 32], ""learning_rate_init"": 0.001}","[0.6873738842873983, 0.6169354838709676, 0.7250367627035565]",0.6764487102873075,,False,
student_por,S1_MID_G1_ONLY,mlp,1,6,COMPLETE,"{""alpha"": 0.0001, ""hidden_layer_sizes"": [128, 64], ""learning_rate_init"": 0.001}","[0.7284105131414268, 0.7480336767475352, 0.7425870456524972]",0.7396770785138198,,False,
student_por,S1_MID_G1_ONLY,mlp,1,7,COMPLETE,"{""alpha"": 0.001, ""hidden_layer_sizes"": [128, 64], ""learning_rate_init"": 0.001}","[0.7284105131414268, 0.7480336767475352, 0.7425870456524972]",0.7396770785138198,,False,
student_por,S1_MID_G1_ONLY,mlp,1,8,COMPLETE,"{""alpha"": 0.01, ""hidden_layer_sizes"": [128, 64], ""learning_rate_init"": 0.001}","[0.7284105131414268, 0.7480336767475352, 0.7507090886669133]",0.7423844261852918,,False,
student_por,S1_MID_G1_ONLY,logistic_regression,2,0,COMPLETE,"{""C"": 0.1, ""class_weight"": null}","[0.6753008895866038, 0.7375792953090935, 0.6967630343464295]",0.7032144064140423,,False,
student_por,S1_MID_G1_ONLY,logistic_regression,2,1,COMPLETE,"{""C"": 0.1, ""class_weight"": ""balanced""}","[0.6583833039388595, 0.7467532467532467, 0.70807214247289]",0.7044028977216654,,False,
student_por,S1_MID_G1_ONLY,logistic_regression,2,2,COMPLETE,"{""C"": 1.0, ""class_weight"": null}","[0.6757654247193997, 0.7772551645973932, 0.6825143051648156]",0.7118449648272028,,False,
student_por,S1_MID_G1_ONLY,logistic_regression,2,3,COMPLETE,"{""C"": 1.0, ""class_weight"": ""balanced""}","[0.6716666666666667, 0.757075517075517, 0.681213972296309]",0.7033187186794976,,False,
student_por,S1_MID_G1_ONLY,logistic_regression,2,4,COMPLETE,"{""C"": 10.0, ""class_weight"": null}","[0.6752814913086369, 0.7718762718762718, 0.6771771771771772]",0.708111646787362,,False,
student_por,S1_MID_G1_ONLY,logistic_regression,2,5,COMPLETE,"{""C"": 10.0, ""class_weight"": ""balanced""}","[0.6631643370449339, 0.757075517075517, 0.686433298502264]",0.7022243842075716,,False,
student_por,S1_MID_G1_ONLY,random_forest,2,0,COMPLETE,"{""class_weight"": null, ""max_depth"": null, ""min_samples_leaf"": 1, ""n_estimators"": 300}","[0.7185654658630871, 0.7359823332523551, 0.7432731432731433]",0.7326069807961951,,False,
student_por,S1_MID_G1_ONLY,random_forest,2,1,COMPLETE,"{""class_weight"": ""balanced"", ""max_depth"": null, ""min_samples_leaf"": 1, ""n_estimators"": 300}","[0.7071914096370618, 0.7248588448588449, 0.7095959595959597]",0.7138820713639555,,False,
student_por,S1_MID_G1_ONLY,random_forest,2,2,COMPLETE,"{""class_weight"": null, ""max_depth"": null, ""min_samples_leaf"": 3, ""n_estimators"": 300}","[0.7610190159852648, 0.7811030845086573, 0.7658344843699535]",0.7693188616212918,,False,
student_por,S1_MID_G1_ONLY,random_forest,2,3,COMPLETE,"{""class_weight"": ""balanced"", ""max_depth"": null, ""min_samples_leaf"": 3, ""n_estimators"": 300}","[0.6992035945170455, 0.7698729133410055, 0.7571428571428571]",0.7420731216669694,,False,
student_por,S1_MID_G1_ONLY,random_forest,2,4,COMPLETE,"{""class_weight"": null, ""max_depth"": 8, ""min_samples_leaf"": 1, ""n_estimators"": 300}","[0.7552046942818688, 0.7447016584947619, 0.7408838811481289]",0.7469300779749198,,False,
student_por,S1_MID_G1_ONLY,random_forest,2,5,COMPLETE,"{""class_weight"": ""balanced"", ""max_depth"": 8, ""min_samples_leaf"": 1, ""n_estimators"": 300}","[0.7279924117089096, 0.7425879009116995, 0.7407351912895814]",0.7371051679700634,,False,
student_por,S1_MID_G1_ONLY,random_forest,2,6,COMPLETE,"{""class_weight"": null, ""max_depth"": 8, ""min_samples_leaf"": 3, ""n_estimators"": 300}","[0.7610190159852648, 0.778539013321622, 0.7723657416752046]",0.7706412569940304,,False,
student_por,S1_MID_G1_ONLY,random_forest,2,7,COMPLETE,"{""class_weight"": ""balanced"", ""max_depth"": 8, ""min_samples_leaf"": 3, ""n_estimators"": 300}","[0.6992035945170455, 0.7698729133410055, 0.7513681708728148]",0.740148226243622,,False,
student_por,S1_MID_G1_ONLY,xgboost,2,0,COMPLETE,"{""colsample_bytree"": 0.9, ""learning_rate"": 0.03, ""max_depth"": 2, ""min_child_weight"": 1, ""n_estimators"": 300, ""subsample"": 0.9}","[0.7339350956372233, 0.7551919877896108, 0.7237467254488531]",0.7376246029585625,,False,
student_por,S1_MID_G1_ONLY,xgboost,2,1,COMPLETE,"{""colsample_bytree"": 0.9, ""learning_rate"": 0.03, ""max_depth"": 2, ""min_child_weight"": 5, ""n_estimators"": 300, ""subsample"": 0.9}","[0.7263446018398328, 0.7656551966468389, 0.7123320551981109]",0.7347772845615942,,False,
student_por,S1_MID_G1_ONLY,xgboost,2,2,COMPLETE,"{""colsample_bytree"": 0.9, ""learning_rate"": 0.08, ""max_depth"": 2, ""min_child_weight"": 1, ""n_estimators"": 300, ""subsample"": 0.9}","[0.7073981573981575, 0.7215276117117457, 0.7054585641542164]",0.7114614444213733,,False,
student_por,S1_MID_G1_ONLY,xgboost,2,3,COMPLETE,"{""colsample_bytree"": 0.9, ""learning_rate"": 0.08, ""max_depth"": 2, ""min_child_weight"": 5, ""n_estimators"": 300, ""subsample"": 0.9}","[0.7037656787656789, 0.7710479298347274, 0.707668793195109]",0.7274941339318385,,False,
student_por,S1_MID_G1_ONLY,xgboost,2,4,COMPLETE,"{""colsample_bytree"": 0.9, ""learning_rate"": 0.03, ""max_depth"": 4, ""min_child_weight"": 1, ""n_estimators"": 300, ""subsample"": 0.9}","[0.7185654658630871, 0.725637962197102, 0.7331345389252277]",0.7257793223284722,,False,
student_por,S1_MID_G1_ONLY,xgboost,2,5,COMPLETE,"{""colsample_bytree"": 0.9, ""learning_rate"": 0.03, ""max_depth"": 4, ""min_child_weight"": 5, ""n_estimators"": 300, ""subsample"": 0.9}","[0.7094652072818013, 0.7590590298071304, 0.7288607183655366]",0.732461651818156,,False,
student_por,S1_MID_G1_ONLY,xgboost,2,6,COMPLETE,"{""colsample_bytree"": 0.9, ""learning_rate"": 0.08, ""max_depth"": 4, ""min_child_weight"": 1, ""n_estimators"": 300, ""subsample"": 0.9}","[0.688580984233158, 0.6863975846178293, 0.6889070502342814]",0.6879618730284229,,False,
student_por,S1_MID_G1_ONLY,xgboost,2,7,COMPLETE,"{""colsample_bytree"": 0.9, ""learning_rate"": 0.08, ""max_depth"": 4, ""min_child_weight"": 5, ""n_estimators"": 300, ""subsample"": 0.9}","[0.6912617364306287, 0.7201590877625765, 0.7034828210280307]",0.704967881740412,,False,
student_por,S1_MID_G1_ONLY,mlp,2,0,COMPLETE,"{""alpha"": 0.0001, ""hidden_layer_sizes"": [64], ""learning_rate_init"": 0.001}","[0.6891190584761037, 0.616661966672177, 0.5798212151852192]",0.6285340801111666,,False,
student_por,S1_MID_G1_ONLY,mlp,2,1,COMPLETE,"{""alpha"": 0.001, ""hidden_layer_sizes"": [64], ""learning_rate_init"": 0.001}","[0.6891190584761037, 0.6299339665424831, 0.5798212151852192]",0.6329580800679353,,False,
student_por,S1_MID_G1_ONLY,mlp,2,2,COMPLETE,"{""alpha"": 0.01, ""hidden_layer_sizes"": [64], ""learning_rate_init"": 0.001}","[0.6891190584761037, 0.6299339665424831, 0.5798212151852192]",0.6329580800679353,,False,
student_por,S1_MID_G1_ONLY,mlp,2,3,COMPLETE,"{""alpha"": 0.0001, ""hidden_layer_sizes"": [64, 32], ""learning_rate_init"": 0.001}","[0.6686386226216646, 0.48621165316391757, 0.7312328926678703]",0.6286943894844841,,False,
student_por,S1_MID_G1_ONLY,mlp,2,4,COMPLETE,"{""alpha"": 0.001, ""hidden_layer_sizes"": [64, 32], ""learning_rate_init"": 0.001}","[0.6544566544566545, 0.48621165316391757, 0.7312328926678703]",0.623967066762814,,False,
student_por,S1_MID_G1_ONLY,mlp,2,5,COMPLETE,"{""alpha"": 0.01, ""hidden_layer_sizes"": [64, 32], ""learning_rate_init"": 0.001}","[0.6544566544566545, 0.5046874644458097, 0.7364861016176806]",0.6318767401733817,,False,
student_por,S1_MID_G1_ONLY,mlp,2,6,COMPLETE,"{""alpha"": 0.0001, ""hidden_layer_sizes"": [128, 64], ""learning_rate_init"": 0.001}","[0.6909164282045639, 0.729504874967222, 0.6685976087669047]",0.6963396373128968,,False,
student_por,S1_MID_G1_ONLY,mlp,2,7,COMPLETE,"{""alpha"": 0.001, ""hidden_layer_sizes"": [128, 64], ""learning_rate_init"": 0.001}","[0.6909164282045639, 0.729504874967222, 0.6738945994452602]",0.6981053008723488,,False,
student_por,S1_MID_G1_ONLY,mlp,2,8,COMPLETE,"{""alpha"": 0.01, ""hidden_layer_sizes"": [128, 64], ""learning_rate_init"": 0.001}","[0.6909164282045639, 0.7238315356959424, 0.7392738490745135]",0.7180072709916733,,False,
student_por,S1_MID_G1_ONLY,logistic_regression,3,0,COMPLETE,"{""C"": 0.1, ""class_weight"": null}","[0.7092928564753628, 0.7845418470418469, 0.679197428151403]",0.7243440438895377,,False,
student_por,S1_MID_G1_ONLY,logistic_regression,3,1,COMPLETE,"{""C"": 0.1, ""class_weight"": ""balanced""}","[0.7889865376386558, 0.7394705787467419, 0.7493355590106076]",0.7592642251320018,,False,
student_por,S1_MID_G1_ONLY,logistic_regression,3,2,COMPLETE,"{""C"": 1.0, ""class_weight"": null}","[0.7191354822346728, 0.7860703100877774, 0.7354579248852376]",0.746887905735896,,False,
student_por,S1_MID_G1_ONLY,logistic_regression,3,3,COMPLETE,"{""C"": 1.0, ""class_weight"": ""balanced""}","[0.7876083441300832, 0.7579308037413549, 0.748129466162253]",0.764556204677897,,False,
student_por,S1_MID_G1_ONLY,logistic_regression,3,4,COMPLETE,"{""C"": 10.0, ""class_weight"": null}","[0.7245798319327731, 0.7873045818012615, 0.7354579248852376]",0.7491141128730908,,False,
student_por,S1_MID_G1_ONLY,logistic_regression,3,5,COMPLETE,"{""C"": 10.0, ""class_weight"": ""balanced""}","[0.7807077625570776, 0.7424971318942996, 0.7541950113378685]",0.7591333019297486,,False,
student_por,S1_MID_G1_ONLY,random_forest,3,0,COMPLETE,"{""class_weight"": null, ""max_depth"": null, ""min_samples_leaf"": 1, ""n_estimators"": 300}","[0.7221466700733817, 0.7652525252525253, 0.7861175374853383]",0.7578389109370818,,False,
student_por,S1_MID_G1_ONLY,random_forest,3,1,COMPLETE,"{""class_weight"": ""balanced"", ""max_depth"": null, ""min_samples_leaf"": 1, ""n_estimators"": 300}","[0.7307484533339849, 0.7779098816019476, 0.7841211771124161]",0.7642598373494495,,False,
student_por,S1_MID_G1_ONLY,random_forest,3,2,COMPLETE,"{""class_weight"": null, ""max_depth"": null, ""min_samples_leaf"": 3, ""n_estimators"": 300}","[0.7589272657083815, 0.8204592709732211, 0.7854151682066813]",0.7882672349627614,,False,
student_por,S1_MID_G1_ONLY,random_forest,3,3,COMPLETE,"{""class_weight"": ""balanced"", ""max_depth"": null, ""min_samples_leaf"": 3, ""n_estimators"": 300}","[0.8115155385270327, 0.8273899981274372, 0.7929181929181929]",0.8106079098575543,,False,
student_por,S1_MID_G1_ONLY,random_forest,3,4,COMPLETE,"{""class_weight"": null, ""max_depth"": 8, ""min_samples_leaf"": 1, ""n_estimators"": 300}","[0.7072791985992709, 0.7934006734006734, 0.7791477935835598]",0.7599425551945013,,False,
student_por,S1_MID_G1_ONLY,random_forest,3,5,COMPLETE,"{""class_weight"": ""balanced"", ""max_depth"": 8, ""min_samples_leaf"": 1, ""n_estimators"": 300}","[0.7754735158864952, 0.8051948051948052, 0.7919710110700633]",0.7908797773837879,,False,
student_por,S1_MID_G1_ONLY,random_forest,3,6,COMPLETE,"{""class_weight"": null, ""max_depth"": 8, ""min_samples_leaf"": 3, ""n_estimators"": 300}","[0.7543764794867845, 0.8204592709732211, 0.7560652395514781]",0.7769669966704945,,False,
student_por,S1_MID_G1_ONLY,random_forest,3,7,COMPLETE,"{""class_weight"": ""balanced"", ""max_depth"": 8, ""min_samples_leaf"": 3, ""n_estimators"": 300}","[0.8115155385270327, 0.8185759225129198, 0.786242335398244]",0.8054445988127322,,False,
student_por,S1_MID_G1_ONLY,xgboost,3,0,COMPLETE,"{""colsample_bytree"": 0.9, ""learning_rate"": 0.03, ""max_depth"": 2, ""min_child_weight"": 1, ""n_estimators"": 300, ""subsample"": 0.9}","[0.7786324786324786, 0.8143325700847824, 0.7606837606837606]",0.7845496031336738,,False,
student_por,S1_MID_G1_ONLY,xgboost,3,1,COMPLETE,"{""colsample_bytree"": 0.9, ""learning_rate"": 0.03, ""max_depth"": 2, ""min_child_weight"": 5, ""n_estimators"": 300, ""subsample"": 0.9}","[0.7691002642191629, 0.8215488215488215, 0.7606837606837606]",0.783777615483915,,False,
student_por,S1_MID_G1_ONLY,xgboost,3,2,COMPLETE,"{""colsample_bytree"": 0.9, ""learning_rate"": 0.08, ""max_depth"": 2, ""min_child_weight"": 1, ""n_estimators"": 300, ""subsample"": 0.9}","[0.7465935526753075, 0.7613379241672815, 0.7198050682261208]",0.7425788483562367,,False,
student_por,S1_MID_G1_ONLY,xgboost,3,3,COMPLETE,"{""colsample_bytree"": 0.9, ""learning_rate"": 0.08, ""max_depth"": 2, ""min_child_weight"": 5, ""n_estimators"": 300, ""subsample"": 0.9}","[0.7486035148331278, 0.8084848484848486, 0.739565367368058]",0.7655512435620114,,False,
student_por,S1_MID_G1_ONLY,xgboost,3,4,COMPLETE,"{""colsample_bytree"": 0.9, ""learning_rate"": 0.03, ""max_depth"": 4, ""min_child_weight"": 1, ""n_estimators"": 300, ""subsample"": 0.9}","[0.7465935526753075, 0.776853398081891, 0.7277749172022299]",0.7504072893198095,,False,
student_por,S1_MID_G1_ONLY,xgboost,3,5,COMPLETE,"{""colsample_bytree"": 0.9, ""learning_rate"": 0.03, ""max_depth"": 4, ""min_child_weight"": 5, ""n_estimators"": 300, ""subsample"": 0.9}","[0.7459650227037721, 0.8215488215488215, 0.739565367368058]",0.7690264038735505,,False,
student_por,S1_MID_G1_ONLY,xgboost,3,6,COMPLETE,"{""colsample_bytree"": 0.9, ""learning_rate"": 0.08, ""max_depth"": 4, ""min_child_weight"": 1, ""n_estimators"": 300, ""subsample"": 0.9}","[0.6903573386731506, 0.7347558503777409, 0.7234455011602087]",0.7161862300703667,,False,
student_por,S1_MID_G1_ONLY,xgboost,3,7,COMPLETE,"{""colsample_bytree"": 0.9, ""learning_rate"": 0.08, ""max_depth"": 4, ""min_child_weight"": 5, ""n_estimators"": 300, ""subsample"": 0.9}","[0.7198153060222025, 0.7744174754826343, 0.739565367368058]",0.7445993829576315,,False,
student_por,S1_MID_G1_ONLY,mlp,3,0,COMPLETE,"{""alpha"": 0.0001, ""hidden_layer_sizes"": [64], ""learning_rate_init"": 0.001}","[0.7410724585519364, 0.797962037962038, 0.7669722881265093]",0.7686689282134945,,False,
student_por,S1_MID_G1_ONLY,mlp,3,1,COMPLETE,"{""alpha"": 0.001, ""hidden_layer_sizes"": [64], ""learning_rate_init"": 0.001}","[0.7410724585519364, 0.797962037962038, 0.7669722881265093]",0.7686689282134945,,False,
student_por,S1_MID_G1_ONLY,mlp,3,2,COMPLETE,"{""alpha"": 0.01, ""hidden_layer_sizes"": [64], ""learning_rate_init"": 0.001}","[0.7410724585519364, 0.787713600028871, 0.7669722881265093]",0.7652527822357723,,False,
student_por,S1_MID_G1_ONLY,mlp,3,3,COMPLETE,"{""alpha"": 0.0001, ""hidden_layer_sizes"": [64, 32], ""learning_rate_init"": 0.001}","[0.7256525493821154, 0.7356357093199198, 0.7255639097744361]",0.7289507228254904,,False,
student_por,S1_MID_G1_ONLY,mlp,3,4,COMPLETE,"{""alpha"": 0.001, ""hidden_layer_sizes"": [64, 32], ""learning_rate_init"": 0.001}","[0.7374188311688311, 0.7410918846829455, 0.7255639097744361]",0.7346915418754042,,False,
student_por,S1_MID_G1_ONLY,mlp,3,5,COMPLETE,"{""alpha"": 0.01, ""hidden_layer_sizes"": [64, 32], ""learning_rate_init"": 0.001}","[0.7374188311688311, 0.7410918846829455, 0.7255639097744361]",0.7346915418754042,,False,
student_por,S1_MID_G1_ONLY,mlp,3,6,COMPLETE,"{""alpha"": 0.0001, ""hidden_layer_sizes"": [128, 64], ""learning_rate_init"": 0.001}","[0.7398049645390071, 0.7523809523809524, 0.6744629055346852]",0.7222162741515482,,False,
student_por,S1_MID_G1_ONLY,mlp,3,7,COMPLETE,"{""alpha"": 0.001, ""hidden_layer_sizes"": [128, 64], ""learning_rate_init"": 0.001}","[0.7307146753955265, 0.7523809523809524, 0.6744629055346852]",0.719186177770388,,False,
student_por,S1_MID_G1_ONLY,mlp,3,8,COMPLETE,"{""alpha"": 0.01, ""hidden_layer_sizes"": [128, 64], ""learning_rate_init"": 0.001}","[0.7083535081044937, 0.7523809523809524, 0.6744629055346852]",0.7117324553400438,,False,
student_por,S1_MID_G1_ONLY,logistic_regression,4,0,COMPLETE,"{""C"": 0.1, ""class_weight"": null}","[0.7390096618357488, 0.7557323902151488, 0.7424298603386479]",0.7457239707965151,,False,
student_por,S1_MID_G1_ONLY,logistic_regression,4,1,COMPLETE,"{""C"": 0.1, ""class_weight"": ""balanced""}","[0.7567611897113813, 0.7018371995444465, 0.7659863315900711]",0.7415282402819664,,False,
student_por,S1_MID_G1_ONLY,logistic_regression,4,2,COMPLETE,"{""C"": 1.0, ""class_weight"": null}","[0.7667214012041598, 0.7442665955270997, 0.7889637411946347]",0.7666505793086315,,False,
student_por,S1_MID_G1_ONLY,logistic_regression,4,3,COMPLETE,"{""C"": 1.0, ""class_weight"": ""balanced""}","[0.7564829791927065, 0.7024696130223768, 0.7780724491674613]",0.7456750137941816,,False,
student_por,S1_MID_G1_ONLY,logistic_regression,4,4,COMPLETE,"{""C"": 10.0, ""class_weight"": null}","[0.7667214012041598, 0.7528581109143769, 0.7896158235070369]",0.7697317785418578,,False,
student_por,S1_MID_G1_ONLY,logistic_regression,4,5,COMPLETE,"{""C"": 10.0, ""class_weight"": ""balanced""}","[0.7618983957219251, 0.7153879063426802, 0.7771372224990486]",0.7514745081878846,,False,
student_por,S1_MID_G1_ONLY,random_forest,4,0,COMPLETE,"{""class_weight"": null, ""max_depth"": null, ""min_samples_leaf"": 1, ""n_estimators"": 300}","[0.7600188423717835, 0.797210746059851, 0.7967044572533751]",0.7846446818950032,,False,
student_por,S1_MID_G1_ONLY,random_forest,4,1,COMPLETE,"{""class_weight"": ""balanced"", ""max_depth"": null, ""min_samples_leaf"": 1, ""n_estimators"": 300}","[0.7867357754353271, 0.79515152763262, 0.8030290107902048]",0.794972104619384,,False,
student_por,S1_MID_G1_ONLY,random_forest,4,2,COMPLETE,"{""class_weight"": null, ""max_depth"": null, ""min_samples_leaf"": 3, ""n_estimators"": 300}","[0.7449641716816502, 0.811665586632663, 0.827585526964409]",0.7947384284262408,,False,
student_por,S1_MID_G1_ONLY,random_forest,4,3,COMPLETE,"{""class_weight"": ""balanced"", ""max_depth"": null, ""min_samples_leaf"": 3, ""n_estimators"": 300}","[0.7958426178744417, 0.7928472240379056, 0.7962013737875807]",0.7949637385666427,,False,
student_por,S1_MID_G1_ONLY,random_forest,4,4,COMPLETE,"{""class_weight"": null, ""max_depth"": 8, ""min_samples_leaf"": 1, ""n_estimators"": 300}","[0.7767470624613481, 0.7987391474002536, 0.810161977834612]",0.7952160625654044,,False,
student_por,S1_MID_G1_ONLY,random_forest,4,5,COMPLETE,"{""class_weight"": ""balanced"", ""max_depth"": 8, ""min_samples_leaf"": 1, ""n_estimators"": 300}","[0.7868275515334339, 0.8189599025530118, 0.827239132548867]",0.8110088622117709,,False,
student_por,S1_MID_G1_ONLY,random_forest,4,6,COMPLETE,"{""class_weight"": null, ""max_depth"": 8, ""min_samples_leaf"": 3, ""n_estimators"": 300}","[0.7518776530733736, 0.811665586632663, 0.827585526964409]",0.7970429222234818,,False,
student_por,S1_MID_G1_ONLY,random_forest,4,7,COMPLETE,"{""class_weight"": ""balanced"", ""max_depth"": 8, ""min_samples_leaf"": 3, ""n_estimators"": 300}","[0.801994301994302, 0.8010867567319181, 0.8078943950503583]",0.8036584845921929,,False,
student_por,S1_MID_G1_ONLY,xgboost,4,0,COMPLETE,"{""colsample_bytree"": 0.9, ""learning_rate"": 0.03, ""max_depth"": 2, ""min_child_weight"": 1, ""n_estimators"": 300, ""subsample"": 0.9}","[0.7669211017740429, 0.7907555813419395, 0.8260106924910984]",0.7945624585356935,,False,
student_por,S1_MID_G1_ONLY,xgboost,4,1,COMPLETE,"{""colsample_bytree"": 0.9, ""learning_rate"": 0.03, ""max_depth"": 2, ""min_child_weight"": 5, ""n_estimators"": 300, ""subsample"": 0.9}","[0.7449641716816502, 0.7714621785329864, 0.8131868805164887]",0.7765377435770416,,False,
student_por,S1_MID_G1_ONLY,xgboost,4,2,COMPLETE,"{""colsample_bytree"": 0.9, ""learning_rate"": 0.08, ""max_depth"": 2, ""min_child_weight"": 1, ""n_estimators"": 300, ""subsample"": 0.9}","[0.7597768762677485, 0.7723784390451058, 0.7589435457246617]",0.7636996203458387,,False,
student_por,S1_MID_G1_ONLY,xgboost,4,3,COMPLETE,"{""colsample_bytree"": 0.9, ""learning_rate"": 0.08, ""max_depth"": 2, ""min_child_weight"": 5, ""n_estimators"": 300, ""subsample"": 0.9}","[0.7375615763546799, 0.7902628941484852, 0.7934170263897175]",0.7737471656309608,,False,
student_por,S1_MID_G1_ONLY,xgboost,4,4,COMPLETE,"{""colsample_bytree"": 0.9, ""learning_rate"": 0.03, ""max_depth"": 4, ""min_child_weight"": 1, ""n_estimators"": 300, ""subsample"": 0.9}","[0.7507376560705824, 0.7492035188966538, 0.7739734229286469]",0.757971532631961,,False,
student_por,S1_MID_G1_ONLY,xgboost,4,5,COMPLETE,"{""colsample_bytree"": 0.9, ""learning_rate"": 0.03, ""max_depth"": 4, ""min_child_weight"": 5, ""n_estimators"": 300, ""subsample"": 0.9}","[0.7152032391235311, 0.7656512157864422, 0.7943887889944916]",0.7584144146348217,,False,
student_por,S1_MID_G1_ONLY,xgboost,4,6,COMPLETE,"{""colsample_bytree"": 0.9, ""learning_rate"": 0.08, ""max_depth"": 4, ""min_child_weight"": 1, ""n_estimators"": 300, ""subsample"": 0.9}","[0.7557209970189321, 0.7269231609534422, 0.7751377115620629]",0.7525939565114791,,False,
student_por,S1_MID_G1_ONLY,xgboost,4,7,COMPLETE,"{""colsample_bytree"": 0.9, ""learning_rate"": 0.08, ""max_depth"": 4, ""min_child_weight"": 5, ""n_estimators"": 300, ""subsample"": 0.9}","[0.7283067649848545, 0.7416632074166319, 0.7784056854182722]",0.7494585526065861,,False,
student_por,S1_MID_G1_ONLY,mlp,4,0,COMPLETE,"{""alpha"": 0.0001, ""hidden_layer_sizes"": [64], ""learning_rate_init"": 0.001}","[0.7378088578088579, 0.7151467350225115, 0.7519763930552311]",0.7349773286288669,,False,
student_por,S1_MID_G1_ONLY,mlp,4,1,COMPLETE,"{""alpha"": 0.001, ""hidden_layer_sizes"": [64], ""learning_rate_init"": 0.001}","[0.7378088578088579, 0.7151467350225115, 0.7519763930552311]",0.7349773286288669,,False,
student_por,S1_MID_G1_ONLY,mlp,4,2,COMPLETE,"{""alpha"": 0.01, ""hidden_layer_sizes"": [64], ""learning_rate_init"": 0.001}","[0.7273888308371067, 0.7151467350225115, 0.7519763930552311]",0.7315039863049497,,False,
student_por,S1_MID_G1_ONLY,mlp,4,3,COMPLETE,"{""alpha"": 0.0001, ""hidden_layer_sizes"": [64, 32], ""learning_rate_init"": 0.001}","[0.701862409945441, 0.730887572961937, 0.7568914745385333]",0.7298804858153037,,False,
student_por,S1_MID_G1_ONLY,mlp,4,4,COMPLETE,"{""alpha"": 0.001, ""hidden_layer_sizes"": [64, 32], ""learning_rate_init"": 0.001}","[0.701862409945441, 0.7126330532212884, 0.7568914745385333]",0.7237956459017543,,False,
student_por,S1_MID_G1_ONLY,mlp,4,5,COMPLETE,"{""alpha"": 0.01, ""hidden_layer_sizes"": [64, 32], ""learning_rate_init"": 0.001}","[0.701862409945441, 0.7392356071601355, 0.7568914745385333]",0.73266316388137,,False,
student_por,S1_MID_G1_ONLY,mlp,4,6,COMPLETE,"{""alpha"": 0.0001, ""hidden_layer_sizes"": [128, 64], ""learning_rate_init"": 0.001}","[0.5903297121761849, 0.7224132406585824, 0.7029146971055685]",0.6718858833134452,,False,
student_por,S1_MID_G1_ONLY,mlp,4,7,COMPLETE,"{""alpha"": 0.001, ""hidden_layer_sizes"": [128, 64], ""learning_rate_init"": 0.001}","[0.5903297121761849, 0.7137238118529386, 0.6972520373683165]",0.6671018537991467,,False,
student_por,S1_MID_G1_ONLY,mlp,4,8,COMPLETE,"{""alpha"": 0.01, ""hidden_layer_sizes"": [128, 64], ""learning_rate_init"": 0.001}","[0.5714120307553143, 0.7076118326118327, 0.6972520373683165]",0.658758633578488,,False,
student_por,S2_LATE_G1_G2,logistic_regression,0,0,COMPLETE,"{""C"": 0.1, ""class_weight"": null}","[0.7965896975428679, 0.8553960659223817, 0.771953693758205]",0.8079798190744848,,False,
student_por,S2_LATE_G1_G2,logistic_regression,0,1,COMPLETE,"{""C"": 0.1, ""class_weight"": ""balanced""}","[0.7951217498348647, 0.8305568499534016, 0.8329137018792191]",0.8195307672224952,,False,
student_por,S2_LATE_G1_G2,logistic_regression,0,2,COMPLETE,"{""C"": 1.0, ""class_weight"": null}","[0.83276740237691, 0.8707885834400763, 0.8009779304876438]",0.8348446387682101,,False,
student_por,S2_LATE_G1_G2,logistic_regression,0,3,COMPLETE,"{""C"": 1.0, ""class_weight"": ""balanced""}","[0.8253585319874962, 0.8472659992731358, 0.8254748196677916]",0.8326997836428078,,False,
student_por,S2_LATE_G1_G2,logistic_regression,0,4,COMPLETE,"{""C"": 10.0, ""class_weight"": null}","[0.83276740237691, 0.8538095238095238, 0.8189477030678747]",0.8351748764181028,,False,
student_por,S2_LATE_G1_G2,logistic_regression,0,5,COMPLETE,"{""C"": 10.0, ""class_weight"": ""balanced""}","[0.8127333752884414, 0.8143486248402046, 0.8184491978609625]",0.8151770659965362,,False,
student_por,S2_LATE_G1_G2,random_forest,0,0,COMPLETE,"{""class_weight"": null, ""max_depth"": null, ""min_samples_leaf"": 1, ""n_estimators"": 300}","[0.8214356629068106, 0.8807301536699551, 0.831097442177628]",0.8444210862514646,,False,
student_por,S2_LATE_G1_G2,random_forest,0,1,COMPLETE,"{""class_weight"": ""balanced"", ""max_depth"": null, ""min_samples_leaf"": 1, ""n_estimators"": 300}","[0.8096439548483613, 0.8953965920652068, 0.8513735422639094]",0.8521380297258259,,False,
student_por,S2_LATE_G1_G2,random_forest,0,2,COMPLETE,"{""class_weight"": null, ""max_depth"": null, ""min_samples_leaf"": 3, ""n_estimators"": 300}","[0.8278144974840203, 0.8663228384097877, 0.8235270594508132]",0.8392214651148736,,False,
student_por,S2_LATE_G1_G2,random_forest,0,3,COMPLETE,"{""class_weight"": ""balanced"", ""max_depth"": null, ""min_samples_leaf"": 3, ""n_estimators"": 300}","[0.8647803221064571, 0.8634513954231159, 0.856356220535325]",0.8615293126882992,,False,
student_por,S2_LATE_G1_G2,random_forest,0,4,COMPLETE,"{""class_weight"": null, ""max_depth"": 8, ""min_samples_leaf"": 1, ""n_estimators"": 300}","[0.8158876607188622, 0.872388763742082, 0.831097442177628]",0.8397912888795241,,False,
student_por,S2_LATE_G1_G2,random_forest,0,5,COMPLETE,"{""class_weight"": ""balanced"", ""max_depth"": 8, ""min_samples_leaf"": 1, ""n_estimators"": 300}","[0.8152644155190844, 0.8827456468665478, 0.8428539166344043]",0.8469546596733455,,False,
student_por,S2_LATE_G1_G2,random_forest,0,6,COMPLETE,"{""class_weight"": null, ""max_depth"": 8, ""min_samples_leaf"": 3, ""n_estimators"": 300}","[0.8278144974840203, 0.8716774994199067, 0.8428539166344043]",0.8474486378461105,,False,
student_por,S2_LATE_G1_G2,random_forest,0,7,COMPLETE,"{""class_weight"": ""balanced"", ""max_depth"": 8, ""min_samples_leaf"": 3, ""n_estimators"": 300}","[0.8647803221064571, 0.8634513954231159, 0.8631427396133278]",0.8637914857143002,,False,
student_por,S2_LATE_G1_G2,xgboost,0,0,COMPLETE,"{""colsample_bytree"": 0.9, ""learning_rate"": 0.03, ""max_depth"": 2, ""min_child_weight"": 1, ""n_estimators"": 300, ""subsample"": 0.9}","[0.8214356629068106, 0.8777786688051323, 0.8147926683675139]",0.8380023333598189,,False,
student_por,S2_LATE_G1_G2,xgboost,0,1,COMPLETE,"{""colsample_bytree"": 0.9, ""learning_rate"": 0.03, ""max_depth"": 2, ""min_child_weight"": 5, ""n_estimators"": 300, ""subsample"": 0.9}","[0.8260660492965393, 0.8863610292028085, 0.811339019660397]",0.8412553660532484,,False,
student_por,S2_LATE_G1_G2,xgboost,0,2,COMPLETE,"{""colsample_bytree"": 0.9, ""learning_rate"": 0.08, ""max_depth"": 2, ""min_child_weight"": 1, ""n_estimators"": 300, ""subsample"": 0.9}","[0.8214356629068106, 0.8506082288465708, 0.8153225806451613]",0.8291221574661809,,False,
student_por,S2_LATE_G1_G2,xgboost,0,3,COMPLETE,"{""colsample_bytree"": 0.9, ""learning_rate"": 0.08, ""max_depth"": 2, ""min_child_weight"": 5, ""n_estimators"": 300, ""subsample"": 0.9}","[0.8260660492965393, 0.8868747611007274, 0.8043040106133278]",0.8390816070035315,,False,
student_por,S2_LATE_G1_G2,xgboost,0,4,COMPLETE,"{""colsample_bytree"": 0.9, ""learning_rate"": 0.03, ""max_depth"": 4, ""min_child_weight"": 1, ""n_estimators"": 300, ""subsample"": 0.9}","[0.8158876607188622, 0.8773245311524945, 0.8091917380620309]",0.8341346433111293,,False,
student_por,S2_LATE_G1_G2,xgboost,0,5,COMPLETE,"{""colsample_bytree"": 0.9, ""learning_rate"": 0.03, ""max_depth"": 4, ""min_child_weight"": 5, ""n_estimators"": 300, ""subsample"": 0.9}","[0.8325749148885967, 0.8824585421129069, 0.8252136752136753]",0.8467490440717262,,False,
student_por,S2_LATE_G1_G2,xgboost,0,6,COMPLETE,"{""colsample_bytree"": 0.9, ""learning_rate"": 0.08, ""max_depth"": 4, ""min_child_weight"": 1, ""n_estimators"": 300, ""subsample"": 0.9}","[0.8278144974840203, 0.8824585421129069, 0.8086320743365758]",0.8396350379778342,,False,
student_por,S2_LATE_G1_G2,xgboost,0,7,COMPLETE,"{""colsample_bytree"": 0.9, ""learning_rate"": 0.08, ""max_depth"": 4, ""min_child_weight"": 5, ""n_estimators"": 300, ""subsample"": 0.9}","[0.854170475737741, 0.8992484526967285, 0.8238159762550006]",0.8590783015631566,,False,
student_por,S2_LATE_G1_G2,mlp,0,0,COMPLETE,"{""alpha"": 0.0001, ""hidden_layer_sizes"": [64], ""learning_rate_init"": 0.001}","[0.8094482237339381, 0.8067828994506807, 0.7691079412390888]",0.7951130214745693,,False,
student_por,S2_LATE_G1_G2,mlp,0,1,COMPLETE,"{""alpha"": 0.001, ""hidden_layer_sizes"": [64], ""learning_rate_init"": 0.001}","[0.8094482237339381, 0.8067828994506807, 0.7691079412390888]",0.7951130214745693,,False,
student_por,S2_LATE_G1_G2,mlp,0,2,COMPLETE,"{""alpha"": 0.01, ""hidden_layer_sizes"": [64], ""learning_rate_init"": 0.001}","[0.8038445846279383, 0.8067828994506807, 0.7691079412390888]",0.7932451417725693,,False,
student_por,S2_LATE_G1_G2,mlp,0,3,COMPLETE,"{""alpha"": 0.0001, ""hidden_layer_sizes"": [64, 32], ""learning_rate_init"": 0.001}","[0.7729902713773682, 0.7928252162303361, 0.8452186268324403]",0.8036780381467148,,False,
student_por,S2_LATE_G1_G2,mlp,0,4,COMPLETE,"{""alpha"": 0.001, ""hidden_layer_sizes"": [64, 32], ""learning_rate_init"": 0.001}","[0.7729902713773682, 0.7928252162303361, 0.8452186268324403]",0.8036780381467148,,False,
student_por,S2_LATE_G1_G2,mlp,0,5,COMPLETE,"{""alpha"": 0.01, ""hidden_layer_sizes"": [64, 32], ""learning_rate_init"": 0.001}","[0.7795540515573188, 0.7928252162303361, 0.833973374295955]",0.8021175473612033,,False,
student_por,S2_LATE_G1_G2,mlp,0,6,COMPLETE,"{""alpha"": 0.0001, ""hidden_layer_sizes"": [128, 64], ""learning_rate_init"": 0.001}","[0.79579996895172, 0.8476673427991887, 0.7200995461865028]",0.7878556193124705,,False,
student_por,S2_LATE_G1_G2,mlp,0,7,COMPLETE,"{""alpha"": 0.001, ""hidden_layer_sizes"": [128, 64], ""learning_rate_init"": 0.001}","[0.79579996895172, 0.8476673427991887, 0.7200995461865028]",0.7878556193124705,,False,
student_por,S2_LATE_G1_G2,mlp,0,8,COMPLETE,"{""alpha"": 0.01, ""hidden_layer_sizes"": [128, 64], ""learning_rate_init"": 0.001}","[0.79579996895172, 0.8476673427991887, 0.7200995461865028]",0.7878556193124705,,False,
student_por,S2_LATE_G1_G2,decision_tree,0,0,COMPLETE,"{""class_weight"": null, ""max_depth"": 3, ""min_samples_leaf"": 2}","[0.8278144974840203, 0.8777350260133617, 0.8251078627726462]",0.8435524620900093,,False,
student_por,S2_LATE_G1_G2,decision_tree,0,1,COMPLETE,"{""class_weight"": ""balanced"", ""max_depth"": 3, ""min_samples_leaf"": 2}","[0.8113999415081089, 0.7858813700918964, 0.8202418991657909]",0.8058410702552653,,False,
student_por,S2_LATE_G1_G2,decision_tree,0,2,COMPLETE,"{""class_weight"": null, ""max_depth"": 3, ""min_samples_leaf"": 5}","[0.8278144974840203, 0.8960384118159004, 0.8251078627726462]",0.8496535906908557,,False,
student_por,S2_LATE_G1_G2,decision_tree,0,3,COMPLETE,"{""class_weight"": ""balanced"", ""max_depth"": 3, ""min_samples_leaf"": 5}","[0.8113999415081089, 0.7858813700918964, 0.8191972271914132]",0.8054928462638061,,False,
student_por,S2_LATE_G1_G2,decision_tree,0,4,COMPLETE,"{""class_weight"": null, ""max_depth"": 5, ""min_samples_leaf"": 2}","[0.8126792020968953, 0.8472839506172839, 0.7714044528859344]",0.8104558685333711,,False,
student_por,S2_LATE_G1_G2,decision_tree,0,5,COMPLETE,"{""class_weight"": ""balanced"", ""max_depth"": 5, ""min_samples_leaf"": 2}","[0.8124291088998655, 0.8026570048309178, 0.7933333333333333]",0.8028064823547055,,False,
student_por,S2_LATE_G1_G2,decision_tree,0,6,COMPLETE,"{""class_weight"": null, ""max_depth"": 5, ""min_samples_leaf"": 5}","[0.8008769869234985, 0.863142923487751, 0.8329073177048807]",0.8323090760387101,,False,
student_por,S2_LATE_G1_G2,decision_tree,0,7,COMPLETE,"{""class_weight"": ""balanced"", ""max_depth"": 5, ""min_samples_leaf"": 5}","[0.8246679973693624, 0.8068384491885104, 0.8125424251239853]",0.8146829572272861,,False,
student_por,S2_LATE_G1_G2,decision_tree,0,8,COMPLETE,"{""class_weight"": null, ""max_depth"": null, ""min_samples_leaf"": 2}","[0.7914141414141413, 0.827311156110683, 0.7720921890413416]",0.796939162188722,,False,
student_por,S2_LATE_G1_G2,decision_tree,0,9,COMPLETE,"{""class_weight"": ""balanced"", ""max_depth"": null, ""min_samples_leaf"": 2}","[0.8312685722745682, 0.7931517757604714, 0.757116085372202]",0.7938454778024139,,False,
student_por,S2_LATE_G1_G2,decision_tree,0,10,COMPLETE,"{""class_weight"": null, ""max_depth"": null, ""min_samples_leaf"": 5}","[0.8325820656647723, 0.8676396489000413, 0.8362833440606451]",0.8455016862084862,,False,
student_por,S2_LATE_G1_G2,decision_tree,0,11,COMPLETE,"{""class_weight"": ""balanced"", ""max_depth"": null, ""min_samples_leaf"": 5}","[0.8413936478164845, 0.7997094474815819, 0.8301992753623187]",0.8237674568867951,,False,
student_por,S2_LATE_G1_G2,hist_gradient_boosting,0,0,COMPLETE,"{""l2_regularization"": 0.0, ""learning_rate"": 0.05, ""max_iter"": 250, ""max_leaf_nodes"": 15}","[0.8062841477552954, 0.883529169243455, 0.7836928684003152]",0.8245020617996884,,False,
student_por,S2_LATE_G1_G2,hist_gradient_boosting,0,1,COMPLETE,"{""l2_regularization"": 1.0, ""learning_rate"": 0.05, ""max_iter"": 250, ""max_leaf_nodes"": 15}","[0.8358863107589762, 0.876185315117462, 0.7984605146783684]",0.8368440468516022,,False,
student_por,S2_LATE_G1_G2,hist_gradient_boosting,0,2,COMPLETE,"{""l2_regularization"": 0.0, ""learning_rate"": 0.05, ""max_iter"": 250, ""max_leaf_nodes"": 31}","[0.8062841477552954, 0.883529169243455, 0.7836928684003152]",0.8245020617996884,,False,
student_por,S2_LATE_G1_G2,hist_gradient_boosting,0,3,COMPLETE,"{""l2_regularization"": 1.0, ""learning_rate"": 0.05, ""max_iter"": 250, ""max_leaf_nodes"": 31}","[0.8358863107589762, 0.876185315117462, 0.7984605146783684]",0.8368440468516022,,False,
student_por,S2_LATE_G1_G2,hist_gradient_boosting,0,4,COMPLETE,"{""l2_regularization"": 0.0, ""learning_rate"": 0.1, ""max_iter"": 250, ""max_leaf_nodes"": 15}","[0.8004496007042695, 0.874364509792481, 0.8057683088302438]",0.8268608064423314,,False,
student_por,S2_LATE_G1_G2,hist_gradient_boosting,0,5,COMPLETE,"{""l2_regularization"": 1.0, ""learning_rate"": 0.1, ""max_iter"": 250, ""max_leaf_nodes"": 15}","[0.8425543443615733, 0.876185315117462, 0.7931738475688022]",0.8373045023492791,,False,
student_por,S2_LATE_G1_G2,hist_gradient_boosting,0,6,COMPLETE,"{""l2_regularization"": 0.0, ""learning_rate"": 0.1, ""max_iter"": 250, ""max_leaf_nodes"": 31}","[0.8004496007042695, 0.874364509792481, 0.8057683088302438]",0.8268608064423314,,False,
student_por,S2_LATE_G1_G2,hist_gradient_boosting,0,7,COMPLETE,"{""l2_regularization"": 1.0, ""learning_rate"": 0.1, ""max_iter"": 250, ""max_leaf_nodes"": 31}","[0.8425543443615733, 0.876185315117462, 0.7931738475688022]",0.8373045023492791,,False,
student_por,S2_LATE_G1_G2,svm,0,0,COMPLETE,"{""C"": 0.5, ""class_weight"": null, ""gamma"": ""scale""}","[0.8120831621975787, 0.8739935100926122, 0.8336701249414721]",0.839915599077221,,False,
student_por,S2_LATE_G1_G2,svm,0,1,COMPLETE,"{""C"": 0.5, ""class_weight"": ""balanced"", ""gamma"": ""scale""}","[0.8042127541338315, 0.86888197586727, 0.8112800414298409]",0.8281249238103142,,False,
student_por,S2_LATE_G1_G2,svm,0,2,COMPLETE,"{""C"": 0.5, ""class_weight"": null, ""gamma"": 0.1}","[0.8233643050716221, 0.8556081261694736, 0.8232939552632647]",0.8340887955014534,,False,
student_por,S2_LATE_G1_G2,svm,0,3,COMPLETE,"{""C"": 0.5, ""class_weight"": ""balanced"", ""gamma"": 0.1}","[0.8219568494441304, 0.8667658556508547, 0.8093817237039743]",0.8327014762663199,,False,
student_por,S2_LATE_G1_G2,svm,0,4,COMPLETE,"{""C"": 1.0, ""class_weight"": null, ""gamma"": ""scale""}","[0.8085521791510902, 0.8767340582753245, 0.8336701249414721]",0.8396521207892955,,False,
student_por,S2_LATE_G1_G2,svm,0,5,COMPLETE,"{""C"": 1.0, ""class_weight"": ""balanced"", ""gamma"": ""scale""}","[0.8100241128138802, 0.889213463163043, 0.8093817237039743]",0.8362064332269658,,False,
student_por,S2_LATE_G1_G2,svm,0,6,COMPLETE,"{""C"": 1.0, ""class_weight"": null, ""gamma"": 0.1}","[0.8008803370433252, 0.882371333108543, 0.8082234777150031]",0.8304917159556237,,False,
student_por,S2_LATE_G1_G2,svm,0,7,COMPLETE,"{""C"": 1.0, ""class_weight"": ""balanced"", ""gamma"": 0.1}","[0.8427966182198157, 0.8615749330035044, 0.8198970583834576]",0.8414228698689259,,False,
student_por,S2_LATE_G1_G2,svm,0,8,COMPLETE,"{""C"": 2.0, ""class_weight"": null, ""gamma"": ""scale""}","[0.795281381748946, 0.8838584247258225, 0.8622811557512154]",0.8471403207419946,,False,
student_por,S2_LATE_G1_G2,svm,0,9,COMPLETE,"{""C"": 2.0, ""class_weight"": ""balanced"", ""gamma"": ""scale""}","[0.8278726897949201, 0.8861839719110618, 0.837699104755261]",0.850585255487081,,False,
student_por,S2_LATE_G1_G2,svm,0,10,COMPLETE,"{""C"": 2.0, ""class_weight"": null, ""gamma"": 0.1}","[0.8108439026197014, 0.8602784729901894, 0.8142130963420576]",0.828445157317316,,False,
student_por,S2_LATE_G1_G2,svm,0,11,COMPLETE,"{""C"": 2.0, ""class_weight"": ""balanced"", ""gamma"": 0.1}","[0.8413970132200133, 0.8510182664807339, 0.8094372754659837]",0.8339508517222436,,False,
student_por,S2_LATE_G1_G2,logistic_regression,1,0,COMPLETE,"{""C"": 0.1, ""class_weight"": null}","[0.7346608257002522, 0.77208920758386, 0.843822362840177]",0.7835241320414297,,False,
student_por,S2_LATE_G1_G2,logistic_regression,1,1,COMPLETE,"{""C"": 0.1, ""class_weight"": ""balanced""}","[0.8432396509957768, 0.7978994532823611, 0.820364351459864]",0.8205011519126674,,False,
student_por,S2_LATE_G1_G2,logistic_regression,1,2,COMPLETE,"{""C"": 1.0, ""class_weight"": null}","[0.7883686440677966, 0.7752385279418447, 0.8559560687130386]",0.8065210802408934,,False,
student_por,S2_LATE_G1_G2,logistic_regression,1,3,COMPLETE,"{""C"": 1.0, ""class_weight"": ""balanced""}","[0.8225108225108224, 0.809986645489099, 0.8060478199718707]",0.8128484293239308,,False,
student_por,S2_LATE_G1_G2,logistic_regression,1,4,COMPLETE,"{""C"": 10.0, ""class_weight"": null}","[0.799979730414513, 0.7752385279418447, 0.8489753537052255]",0.808064537353861,,False,
student_por,S2_LATE_G1_G2,logistic_regression,1,5,COMPLETE,"{""C"": 10.0, ""class_weight"": ""balanced""}","[0.8089383501148206, 0.7986980888386669, 0.7814189189189188]",0.7963517859574688,,False,
student_por,S2_LATE_G1_G2,random_forest,1,0,COMPLETE,"{""class_weight"": null, ""max_depth"": null, ""min_samples_leaf"": 1, ""n_estimators"": 300}","[0.8127918348173296, 0.8279234169792109, 0.850354421407053]",0.8303565577345312,,False,
student_por,S2_LATE_G1_G2,random_forest,1,1,COMPLETE,"{""class_weight"": ""balanced"", ""max_depth"": null, ""min_samples_leaf"": 1, ""n_estimators"": 300}","[0.8391566660108859, 0.82974373044336, 0.850354421407053]",0.8397516059537663,,False,
student_por,S2_LATE_G1_G2,random_forest,1,2,COMPLETE,"{""class_weight"": null, ""max_depth"": null, ""min_samples_leaf"": 3, ""n_estimators"": 300}","[0.820455486542443, 0.8392595811970849, 0.8427281638549244]",0.8341477438648175,,False,
student_por,S2_LATE_G1_G2,random_forest,1,3,COMPLETE,"{""class_weight"": ""balanced"", ""max_depth"": null, ""min_samples_leaf"": 3, ""n_estimators"": 300}","[0.8425959093616152, 0.8551566951566952, 0.869550765055687]",0.8557677898579992,,False,
student_por,S2_LATE_G1_G2,random_forest,1,4,COMPLETE,"{""class_weight"": null, ""max_depth"": 8, ""min_samples_leaf"": 1, ""n_estimators"": 300}","[0.7955508186511225, 0.8451869486131649, 0.8561591772859378]",0.8322989815167418,,False,
student_por,S2_LATE_G1_G2,random_forest,1,5,COMPLETE,"{""class_weight"": ""balanced"", ""max_depth"": 8, ""min_samples_leaf"": 1, ""n_estimators"": 300}","[0.8363281240763204, 0.8496150222177619, 0.8592814687903209]",0.8484082050281344,,False,
student_por,S2_LATE_G1_G2,random_forest,1,6,COMPLETE,"{""class_weight"": null, ""max_depth"": 8, ""min_samples_leaf"": 3, ""n_estimators"": 300}","[0.820455486542443, 0.8302327499587588, 0.8427281638549244]",0.8311388001187088,,False,
student_por,S2_LATE_G1_G2,random_forest,1,7,COMPLETE,"{""class_weight"": ""balanced"", ""max_depth"": 8, ""min_samples_leaf"": 3, ""n_estimators"": 300}","[0.8425959093616152, 0.8551566951566952, 0.869550765055687]",0.8557677898579992,,False,
student_por,S2_LATE_G1_G2,xgboost,1,0,COMPLETE,"{""colsample_bytree"": 0.9, ""learning_rate"": 0.03, ""max_depth"": 2, ""min_child_weight"": 1, ""n_estimators"": 300, ""subsample"": 0.9}","[0.8067564476468233, 0.8141861654519883, 0.8637353220228318]",0.8282259783738811,,False,
student_por,S2_LATE_G1_G2,xgboost,1,1,COMPLETE,"{""colsample_bytree"": 0.9, ""learning_rate"": 0.03, ""max_depth"": 2, ""min_child_weight"": 5, ""n_estimators"": 300, ""subsample"": 0.9}","[0.831123102249863, 0.8354084157708552, 0.8524039567517828]",0.8396451582575004,,False,
student_por,S2_LATE_G1_G2,xgboost,1,2,COMPLETE,"{""colsample_bytree"": 0.9, ""learning_rate"": 0.08, ""max_depth"": 2, ""min_child_weight"": 1, ""n_estimators"": 300, ""subsample"": 0.9}","[0.7867172884340267, 0.8417373808637256, 0.8374552391834403]",0.8219699694937309,,False,
student_por,S2_LATE_G1_G2,xgboost,1,3,COMPLETE,"{""colsample_bytree"": 0.9, ""learning_rate"": 0.08, ""max_depth"": 2, ""min_child_weight"": 5, ""n_estimators"": 300, ""subsample"": 0.9}","[0.8269311623284792, 0.8417373808637256, 0.8450118508942038]",0.8378934646954695,,False,
student_por,S2_LATE_G1_G2,xgboost,1,4,COMPLETE,"{""colsample_bytree"": 0.9, ""learning_rate"": 0.03, ""max_depth"": 4, ""min_child_weight"": 1, ""n_estimators"": 300, ""subsample"": 0.9}","[0.8057912457912458, 0.8331691297208539, 0.8613160444146359]",0.8334254733089118,,False,
student_por,S2_LATE_G1_G2,xgboost,1,5,COMPLETE,"{""colsample_bytree"": 0.9, ""learning_rate"": 0.03, ""max_depth"": 4, ""min_child_weight"": 5, ""n_estimators"": 300, ""subsample"": 0.9}","[0.8182758033809484, 0.8291514345851335, 0.8580209006679596]",0.8351493795446805,,False,
student_por,S2_LATE_G1_G2,xgboost,1,6,COMPLETE,"{""colsample_bytree"": 0.9, ""learning_rate"": 0.08, ""max_depth"": 4, ""min_child_weight"": 1, ""n_estimators"": 300, ""subsample"": 0.9}","[0.8165847419578762, 0.8417373808637256, 0.8613160444146359]",0.8398793890787459,,False,
student_por,S2_LATE_G1_G2,xgboost,1,7,COMPLETE,"{""colsample_bytree"": 0.9, ""learning_rate"": 0.08, ""max_depth"": 4, ""min_child_weight"": 5, ""n_estimators"": 300, ""subsample"": 0.9}","[0.8269311623284792, 0.8478823651237444, 0.8374552391834403]",0.837422922211888,,False,
student_por,S2_LATE_G1_G2,mlp,1,0,COMPLETE,"{""alpha"": 0.0001, ""hidden_layer_sizes"": [64], ""learning_rate_init"": 0.001}","[0.7208621952300324, 0.8204365079365079, 0.8258433712072795]",0.7890473581246066,,False,
student_por,S2_LATE_G1_G2,mlp,1,1,COMPLETE,"{""alpha"": 0.001, ""hidden_layer_sizes"": [64], ""learning_rate_init"": 0.001}","[0.7208621952300324, 0.8204365079365079, 0.8258433712072795]",0.7890473581246066,,False,
student_por,S2_LATE_G1_G2,mlp,1,2,COMPLETE,"{""alpha"": 0.01, ""hidden_layer_sizes"": [64], ""learning_rate_init"": 0.001}","[0.7208621952300324, 0.8204365079365079, 0.8327652952494845]",0.791354666138675,,False,
student_por,S2_LATE_G1_G2,mlp,1,3,COMPLETE,"{""alpha"": 0.0001, ""hidden_layer_sizes"": [64, 32], ""learning_rate_init"": 0.001}","[0.7416666666666667, 0.7582336434795452, 0.8455940071974516]",0.7818314391145545,,False,
student_por,S2_LATE_G1_G2,mlp,1,4,COMPLETE,"{""alpha"": 0.001, ""hidden_layer_sizes"": [64, 32], ""learning_rate_init"": 0.001}","[0.7416666666666667, 0.7582336434795452, 0.8455940071974516]",0.7818314391145545,,False,
student_por,S2_LATE_G1_G2,mlp,1,5,COMPLETE,"{""alpha"": 0.01, ""hidden_layer_sizes"": [64, 32], ""learning_rate_init"": 0.001}","[0.7416666666666667, 0.7582336434795452, 0.8455940071974516]",0.7818314391145545,,False,
student_por,S2_LATE_G1_G2,mlp,1,6,COMPLETE,"{""alpha"": 0.0001, ""hidden_layer_sizes"": [128, 64], ""learning_rate_init"": 0.001}","[0.7494842093130475, 0.7665803715832005, 0.8431316494579536]",0.7863987434514006,,False,
student_por,S2_LATE_G1_G2,mlp,1,7,COMPLETE,"{""alpha"": 0.001, ""hidden_layer_sizes"": [128, 64], ""learning_rate_init"": 0.001}","[0.7494842093130475, 0.7665803715832005, 0.8091710758377425]",0.7750785522446635,,False,
student_por,S2_LATE_G1_G2,mlp,1,8,COMPLETE,"{""alpha"": 0.01, ""hidden_layer_sizes"": [128, 64], ""learning_rate_init"": 0.001}","[0.7494842093130475, 0.7665803715832005, 0.8501151893168671]",0.7887265900710384,,False,
student_por,S2_LATE_G1_G2,decision_tree,1,0,COMPLETE,"{""class_weight"": null, ""max_depth"": 3, ""min_samples_leaf"": 2}","[0.8146897103142875, 0.8089301170112254, 0.8423500507541255]",0.8219899593598795,,False,
student_por,S2_LATE_G1_G2,decision_tree,1,1,COMPLETE,"{""class_weight"": ""balanced"", ""max_depth"": 3, ""min_samples_leaf"": 2}","[0.8378147673922323, 0.8307107107107107, 0.777081904015159]",0.815202460706034,,False,
student_por,S2_LATE_G1_G2,decision_tree,1,2,COMPLETE,"{""class_weight"": null, ""max_depth"": 3, ""min_samples_leaf"": 5}","[0.8146897103142875, 0.8089301170112254, 0.8423500507541255]",0.8219899593598795,,False,
student_por,S2_LATE_G1_G2,decision_tree,1,3,COMPLETE,"{""class_weight"": ""balanced"", ""max_depth"": 3, ""min_samples_leaf"": 5}","[0.8320151197509689, 0.8370539475472211, 0.7838737987033152]",0.8176476220005018,,False,
student_por,S2_LATE_G1_G2,decision_tree,1,4,COMPLETE,"{""class_weight"": null, ""max_depth"": 5, ""min_samples_leaf"": 2}","[0.8116218081435473, 0.8146437879344424, 0.8449006190941675]",0.8237220717240524,,False,
student_por,S2_LATE_G1_G2,decision_tree,1,5,COMPLETE,"{""class_weight"": ""balanced"", ""max_depth"": 5, ""min_samples_leaf"": 2}","[0.8374610991707546, 0.8284388284388284, 0.806199944766639]",0.824033290792074,,False,
student_por,S2_LATE_G1_G2,decision_tree,1,6,COMPLETE,"{""class_weight"": null, ""max_depth"": 5, ""min_samples_leaf"": 5}","[0.826388888888889, 0.8303765950824774, 0.8396595353117092]",0.8321416730943585,,False,
student_por,S2_LATE_G1_G2,decision_tree,1,7,COMPLETE,"{""class_weight"": ""balanced"", ""max_depth"": 5, ""min_samples_leaf"": 5}","[0.8368802972251248, 0.7561859125201443, 0.7909213393918709]",0.7946625163790467,,False,
student_por,S2_LATE_G1_G2,decision_tree,1,8,COMPLETE,"{""class_weight"": null, ""max_depth"": null, ""min_samples_leaf"": 2}","[0.7834689362702946, 0.8301569008924164, 0.8472421540914691]",0.82028933041806,,False,
student_por,S2_LATE_G1_G2,decision_tree,1,9,COMPLETE,"{""class_weight"": ""balanced"", ""max_depth"": null, ""min_samples_leaf"": 2}","[0.8374610991707546, 0.7780010239805167, 0.8087112111086691]",0.8080577780866468,,False,
student_por,S2_LATE_G1_G2,decision_tree,1,10,COMPLETE,"{""class_weight"": null, ""max_depth"": null, ""min_samples_leaf"": 5}","[0.8139028818278367, 0.8387668037926468, 0.8405895290836968]",0.8310864049013934,,False,
student_por,S2_LATE_G1_G2,decision_tree,1,11,COMPLETE,"{""class_weight"": ""balanced"", ""max_depth"": null, ""min_samples_leaf"": 5}","[0.7954227812718379, 0.7672978207875802, 0.7983606707010962]",0.7870270909201714,,False,
student_por,S2_LATE_G1_G2,hist_gradient_boosting,1,0,COMPLETE,"{""l2_regularization"": 0.0, ""learning_rate"": 0.05, ""max_iter"": 250, ""max_leaf_nodes"": 15}","[0.8118937991091538, 0.7950585920474215, 0.8722100815058837]",0.8263874908874863,,False,
student_por,S2_LATE_G1_G2,hist_gradient_boosting,1,1,COMPLETE,"{""l2_regularization"": 1.0, ""learning_rate"": 0.05, ""max_iter"": 250, ""max_leaf_nodes"": 15}","[0.8165847419578762, 0.834205384423725, 0.8695901907169512]",0.8401267723661842,,False,
student_por,S2_LATE_G1_G2,hist_gradient_boosting,1,2,COMPLETE,"{""l2_regularization"": 0.0, ""learning_rate"": 0.05, ""max_iter"": 250, ""max_leaf_nodes"": 31}","[0.8118937991091538, 0.7950585920474215, 0.8722100815058837]",0.8263874908874863,,False,
student_por,S2_LATE_G1_G2,hist_gradient_boosting,1,3,COMPLETE,"{""l2_regularization"": 1.0, ""learning_rate"": 0.05, ""max_iter"": 250, ""max_leaf_nodes"": 31}","[0.8165847419578762, 0.834205384423725, 0.8695901907169512]",0.8401267723661842,,False,
student_por,S2_LATE_G1_G2,hist_gradient_boosting,1,4,COMPLETE,"{""l2_regularization"": 0.0, ""learning_rate"": 0.1, ""max_iter"": 250, ""max_leaf_nodes"": 15}","[0.8045337679164305, 0.8157972364539668, 0.8455940071974516]",0.8219750038559496,,False,
student_por,S2_LATE_G1_G2,hist_gradient_boosting,1,5,COMPLETE,"{""l2_regularization"": 1.0, ""learning_rate"": 0.1, ""max_iter"": 250, ""max_leaf_nodes"": 15}","[0.8095745250917665, 0.8341897636890551, 0.8602578433564348]",0.8346740440457521,,False,
student_por,S2_LATE_G1_G2,hist_gradient_boosting,1,6,COMPLETE,"{""l2_regularization"": 0.0, ""learning_rate"": 0.1, ""max_iter"": 250, ""max_leaf_nodes"": 31}","[0.8045337679164305, 0.8157972364539668, 0.8455940071974516]",0.8219750038559496,,False,
student_por,S2_LATE_G1_G2,hist_gradient_boosting,1,7,COMPLETE,"{""l2_regularization"": 1.0, ""learning_rate"": 0.1, ""max_iter"": 250, ""max_leaf_nodes"": 31}","[0.8095745250917665, 0.8341897636890551, 0.8602578433564348]",0.8346740440457521,,False,
student_por,S2_LATE_G1_G2,svm,1,0,COMPLETE,"{""C"": 0.5, ""class_weight"": null, ""gamma"": ""scale""}","[0.7752430539070619, 0.8021139666709286, 0.8455964325529542]",0.8076511510436483,,False,
student_por,S2_LATE_G1_G2,svm,1,1,COMPLETE,"{""C"": 0.5, ""class_weight"": ""balanced"", ""gamma"": ""scale""}","[0.782454991816694, 0.7889897178600108, 0.8529104912700604]",0.8081184003155885,,False,
student_por,S2_LATE_G1_G2,svm,1,2,COMPLETE,"{""C"": 0.5, ""class_weight"": null, ""gamma"": 0.1}","[0.7852795746412768, 0.7522748345301217, 0.8271911663216011]",0.7882485251643332,,False,
student_por,S2_LATE_G1_G2,svm,1,3,COMPLETE,"{""C"": 0.5, ""class_weight"": ""balanced"", ""gamma"": 0.1}","[0.7779871770289862, 0.7467117639889138, 0.8585811247575954]",0.7944266885918317,,False,
student_por,S2_LATE_G1_G2,svm,1,4,COMPLETE,"{""C"": 1.0, ""class_weight"": null, ""gamma"": ""scale""}","[0.76356628121334, 0.8176328502415459, 0.8309631964401595]",0.8040541092983484,,False,
student_por,S2_LATE_G1_G2,svm,1,5,COMPLETE,"{""C"": 1.0, ""class_weight"": ""balanced"", ""gamma"": ""scale""}","[0.7925925925925926, 0.794653052261748, 0.8630786685474218]",0.8167747711339208,,False,
student_por,S2_LATE_G1_G2,svm,1,6,COMPLETE,"{""C"": 1.0, ""class_weight"": null, ""gamma"": 0.1}","[0.7693453622583785, 0.7796453773331979, 0.8035764573359617]",0.7841890656425127,,False,
student_por,S2_LATE_G1_G2,svm,1,7,COMPLETE,"{""C"": 1.0, ""class_weight"": ""balanced"", ""gamma"": 0.1}","[0.7849503437738732, 0.7204020805329904, 0.8557831365822487]",0.7870451869630375,,False,
student_por,S2_LATE_G1_G2,svm,1,8,COMPLETE,"{""C"": 2.0, ""class_weight"": null, ""gamma"": ""scale""}","[0.7595125226267841, 0.8251633986928105, 0.8309631964401595]",0.8052130392532514,,False,
student_por,S2_LATE_G1_G2,svm,1,9,COMPLETE,"{""C"": 2.0, ""class_weight"": ""balanced"", ""gamma"": ""scale""}","[0.7569582166942793, 0.7995778453225261, 0.8557831365822487]",0.8041063995330181,,False,
student_por,S2_LATE_G1_G2,svm,1,10,COMPLETE,"{""C"": 2.0, ""class_weight"": null, ""gamma"": 0.1}","[0.7425387251847235, 0.7864337625908453, 0.793363443568642]",0.774111977114737,,False,
student_por,S2_LATE_G1_G2,svm,1,11,COMPLETE,"{""C"": 2.0, ""class_weight"": ""balanced"", ""gamma"": 0.1}","[0.7907505070993914, 0.7516273853774829, 0.8279165564821801]",0.7900981496530181,,False,
student_por,S2_LATE_G1_G2,logistic_regression,2,0,COMPLETE,"{""C"": 0.1, ""class_weight"": null}","[0.7570469726698619, 0.8312888198757764, 0.7531378320231922]",0.7804912081896102,,False,
student_por,S2_LATE_G1_G2,logistic_regression,2,1,COMPLETE,"{""C"": 0.1, ""class_weight"": ""balanced""}","[0.7669299631384939, 0.8781989939884677, 0.76714927792514]",0.8040927450173672,,False,
student_por,S2_LATE_G1_G2,logistic_regression,2,2,COMPLETE,"{""C"": 1.0, ""class_weight"": null}","[0.7905003136006176, 0.852958304763157, 0.7681202099142975]",0.8038596094260241,,False,
student_por,S2_LATE_G1_G2,logistic_regression,2,3,COMPLETE,"{""C"": 1.0, ""class_weight"": ""balanced""}","[0.7694844677145621, 0.8716118716118716, 0.7579114495688467]",0.7996692629650934,,False,
student_por,S2_LATE_G1_G2,logistic_regression,2,4,COMPLETE,"{""C"": 10.0, ""class_weight"": null}","[0.8044483041443528, 0.8406900364079983, 0.744818119423473]",0.7966521533252746,,False,
student_por,S2_LATE_G1_G2,logistic_regression,2,5,COMPLETE,"{""C"": 10.0, ""class_weight"": ""balanced""}","[0.766485112563544, 0.8600669728281668, 0.753639475936533]",0.7933971871094146,,False,
student_por,S2_LATE_G1_G2,random_forest,2,0,COMPLETE,"{""class_weight"": null, ""max_depth"": null, ""min_samples_leaf"": 1, ""n_estimators"": 300}","[0.820973336433748, 0.8677999242303273, 0.8244233897980667]",0.8377322168207141,,False,
student_por,S2_LATE_G1_G2,random_forest,2,1,COMPLETE,"{""class_weight"": ""balanced"", ""max_depth"": null, ""min_samples_leaf"": 1, ""n_estimators"": 300}","[0.8148263027295286, 0.8593174478484769, 0.8308598196305051]",0.8350011900695035,,False,
student_por,S2_LATE_G1_G2,random_forest,2,2,COMPLETE,"{""class_weight"": null, ""max_depth"": null, ""min_samples_leaf"": 3, ""n_estimators"": 300}","[0.8145981087470449, 0.868849781458477, 0.8319254185692543]",0.8384577695915921,,False,
student_por,S2_LATE_G1_G2,random_forest,2,3,COMPLETE,"{""class_weight"": ""balanced"", ""max_depth"": null, ""min_samples_leaf"": 3, ""n_estimators"": 300}","[0.8333501683501684, 0.862335302135393, 0.8516513719936105]",0.8491122808263906,,False,
student_por,S2_LATE_G1_G2,random_forest,2,4,COMPLETE,"{""class_weight"": null, ""max_depth"": 8, ""min_samples_leaf"": 1, ""n_estimators"": 300}","[0.8170215922681255, 0.874711831635309, 0.8319254185692543]",0.8412196141575629,,False,
student_por,S2_LATE_G1_G2,random_forest,2,5,COMPLETE,"{""class_weight"": ""balanced"", ""max_depth"": 8, ""min_samples_leaf"": 1, ""n_estimators"": 300}","[0.8158573774337321, 0.877590708684182, 0.8366686378392729]",0.8433722413190624,,False,
student_por,S2_LATE_G1_G2,random_forest,2,6,COMPLETE,"{""class_weight"": null, ""max_depth"": 8, ""min_samples_leaf"": 3, ""n_estimators"": 300}","[0.8145981087470449, 0.874711831635309, 0.8331693392576193]",0.8408264265466577,,False,
student_por,S2_LATE_G1_G2,random_forest,2,7,COMPLETE,"{""class_weight"": ""balanced"", ""max_depth"": 8, ""min_samples_leaf"": 3, ""n_estimators"": 300}","[0.8333501683501684, 0.8742812942229067, 0.8422915173028835]",0.8499743266253196,,False,
student_por,S2_LATE_G1_G2,xgboost,2,0,COMPLETE,"{""colsample_bytree"": 0.9, ""learning_rate"": 0.03, ""max_depth"": 2, ""min_child_weight"": 1, ""n_estimators"": 300, ""subsample"": 0.9}","[0.808203270159792, 0.8607313738892687, 0.8193834654823541]",0.8294393698438048,,False,
student_por,S2_LATE_G1_G2,xgboost,2,1,COMPLETE,"{""colsample_bytree"": 0.9, ""learning_rate"": 0.03, ""max_depth"": 2, ""min_child_weight"": 5, ""n_estimators"": 300, ""subsample"": 0.9}","[0.8295019157088123, 0.876969265434325, 0.8299382716049383]",0.8454698175826918,,False,
student_por,S2_LATE_G1_G2,xgboost,2,2,COMPLETE,"{""colsample_bytree"": 0.9, ""learning_rate"": 0.08, ""max_depth"": 2, ""min_child_weight"": 1, ""n_estimators"": 300, ""subsample"": 0.9}","[0.8220442822013202, 0.8551472522445245, 0.8189450900258698]",0.8320455414905714,,False,
student_por,S2_LATE_G1_G2,xgboost,2,3,COMPLETE,"{""colsample_bytree"": 0.9, ""learning_rate"": 0.08, ""max_depth"": 2, ""min_child_weight"": 5, ""n_estimators"": 300, ""subsample"": 0.9}","[0.8220442822013202, 0.8723085666819682, 0.8199211255156401]",0.8380913247996428,,False,
student_por,S2_LATE_G1_G2,xgboost,2,4,COMPLETE,"{""colsample_bytree"": 0.9, ""learning_rate"": 0.03, ""max_depth"": 4, ""min_child_weight"": 1, ""n_estimators"": 300, ""subsample"": 0.9}","[0.8222545813747532, 0.877590708684182, 0.8122607182407847]",0.83736866943324,,False,
student_por,S2_LATE_G1_G2,xgboost,2,5,COMPLETE,"{""colsample_bytree"": 0.9, ""learning_rate"": 0.03, ""max_depth"": 4, ""min_child_weight"": 5, ""n_estimators"": 300, ""subsample"": 0.9}","[0.8395949288806431, 0.8646642694517727, 0.8322405804703208]",0.8454999262675789,,False,
student_por,S2_LATE_G1_G2,xgboost,2,6,COMPLETE,"{""colsample_bytree"": 0.9, ""learning_rate"": 0.08, ""max_depth"": 4, ""min_child_weight"": 1, ""n_estimators"": 300, ""subsample"": 0.9}","[0.820973336433748, 0.871267727134135, 0.8299382716049383]",0.8407264450576072,,False,
student_por,S2_LATE_G1_G2,xgboost,2,7,COMPLETE,"{""colsample_bytree"": 0.9, ""learning_rate"": 0.08, ""max_depth"": 4, ""min_child_weight"": 5, ""n_estimators"": 300, ""subsample"": 0.9}","[0.8583834086017492, 0.8646642694517727, 0.8205479452054795]",0.8478652077530006,,False,
student_por,S2_LATE_G1_G2,mlp,2,0,COMPLETE,"{""alpha"": 0.0001, ""hidden_layer_sizes"": [64], ""learning_rate_init"": 0.001}","[0.7582579037124493, 0.8305629692060371, 0.7953835978835979]",0.7947348236006948,,False,
student_por,S2_LATE_G1_G2,mlp,2,1,COMPLETE,"{""alpha"": 0.001, ""hidden_layer_sizes"": [64], ""learning_rate_init"": 0.001}","[0.7582579037124493, 0.8004336951894423, 0.7898556805566482]",0.7828490931528466,,False,
student_por,S2_LATE_G1_G2,mlp,2,2,COMPLETE,"{""alpha"": 0.01, ""hidden_layer_sizes"": [64], ""learning_rate_init"": 0.001}","[0.7582579037124493, 0.8004336951894423, 0.7953835978835979]",0.7846917322618299,,False,
student_por,S2_LATE_G1_G2,mlp,2,3,COMPLETE,"{""alpha"": 0.0001, ""hidden_layer_sizes"": [64, 32], ""learning_rate_init"": 0.001}","[0.7624304664099273, 0.7590375135154948, 0.7725045087430408]",0.7646574962228209,,False,
student_por,S2_LATE_G1_G2,mlp,2,4,COMPLETE,"{""alpha"": 0.001, ""hidden_layer_sizes"": [64, 32], ""learning_rate_init"": 0.001}","[0.7624304664099273, 0.7590375135154948, 0.7634219068317263]",0.7616299622523828,,False,
student_por,S2_LATE_G1_G2,mlp,2,5,COMPLETE,"{""alpha"": 0.01, ""hidden_layer_sizes"": [64, 32], ""learning_rate_init"": 0.001}","[0.7624304664099273, 0.868849781458477, 0.7674141749723145]",0.799564807613573,,False,
student_por,S2_LATE_G1_G2,mlp,2,6,COMPLETE,"{""alpha"": 0.0001, ""hidden_layer_sizes"": [128, 64], ""learning_rate_init"": 0.001}","[0.7571034278814164, 0.8650845609494985, 0.723546028580924]",0.7819113391372796,,False,
student_por,S2_LATE_G1_G2,mlp,2,7,COMPLETE,"{""alpha"": 0.001, ""hidden_layer_sizes"": [128, 64], ""learning_rate_init"": 0.001}","[0.7980884109916367, 0.8650845609494985, 0.723546028580924]",0.7955730001740197,,False,
student_por,S2_LATE_G1_G2,mlp,2,8,COMPLETE,"{""alpha"": 0.01, ""hidden_layer_sizes"": [128, 64], ""learning_rate_init"": 0.001}","[0.7881847961143116, 0.8650845609494985, 0.723546028580924]",0.7922717952149113,,False,
student_por,S2_LATE_G1_G2,decision_tree,2,0,COMPLETE,"{""class_weight"": null, ""max_depth"": 3, ""min_samples_leaf"": 2}","[0.8043040106133278, 0.8630952380952381, 0.8166029973552748]",0.8280007486879469,,False,
student_por,S2_LATE_G1_G2,decision_tree,2,1,COMPLETE,"{""class_weight"": ""balanced"", ""max_depth"": 3, ""min_samples_leaf"": 2}","[0.7850495183828518, 0.8460176523439564, 0.7824249898143297]",0.804497386847046,,False,
student_por,S2_LATE_G1_G2,decision_tree,2,2,COMPLETE,"{""class_weight"": null, ""max_depth"": 3, ""min_samples_leaf"": 5}","[0.8159088627923317, 0.8630952380952381, 0.8029610611895593]",0.8273217206923764,,False,
student_por,S2_LATE_G1_G2,decision_tree,2,3,COMPLETE,"{""class_weight"": ""balanced"", ""max_depth"": 3, ""min_samples_leaf"": 5}","[0.7839506172839507, 0.8460176523439564, 0.7824249898143297]",0.8041310864807456,,False,
student_por,S2_LATE_G1_G2,decision_tree,2,4,COMPLETE,"{""class_weight"": null, ""max_depth"": 5, ""min_samples_leaf"": 2}","[0.7784028706114121, 0.8474883064535161, 0.7967257037876624]",0.8075389602841968,,False,
student_por,S2_LATE_G1_G2,decision_tree,2,5,COMPLETE,"{""class_weight"": ""balanced"", ""max_depth"": 5, ""min_samples_leaf"": 2}","[0.8036674347158218, 0.8266012671653679, 0.8012165593810902]",0.8104950870874266,,False,
student_por,S2_LATE_G1_G2,decision_tree,2,6,COMPLETE,"{""class_weight"": null, ""max_depth"": 5, ""min_samples_leaf"": 5}","[0.8221741627875588, 0.8630952380952381, 0.8027853226054426]",0.8293515744960799,,False,
student_por,S2_LATE_G1_G2,decision_tree,2,7,COMPLETE,"{""class_weight"": ""balanced"", ""max_depth"": 5, ""min_samples_leaf"": 5}","[0.8004932502596054, 0.8024543647100878, 0.7992001049042748]",0.8007159066246561,,False,
student_por,S2_LATE_G1_G2,decision_tree,2,8,COMPLETE,"{""class_weight"": null, ""max_depth"": null, ""min_samples_leaf"": 2}","[0.8045240200412614, 0.848131472789007, 0.8109713487071977]",0.8212089471791554,,False,
student_por,S2_LATE_G1_G2,decision_tree,2,9,COMPLETE,"{""class_weight"": ""balanced"", ""max_depth"": null, ""min_samples_leaf"": 2}","[0.7744565148338732, 0.8281735331021572, 0.7826382289796924]",0.7950894256385742,,False,
student_por,S2_LATE_G1_G2,decision_tree,2,10,COMPLETE,"{""class_weight"": null, ""max_depth"": null, ""min_samples_leaf"": 5}","[0.8221741627875588, 0.8630952380952381, 0.7943635060902795]",0.8265443023243589,,False,
student_por,S2_LATE_G1_G2,decision_tree,2,11,COMPLETE,"{""class_weight"": ""balanced"", ""max_depth"": null, ""min_samples_leaf"": 5}","[0.7714930009731268, 0.7930635118306352, 0.7936495536368199]",0.7860686888135273,,False,
student_por,S2_LATE_G1_G2,hist_gradient_boosting,2,0,COMPLETE,"{""l2_regularization"": 0.0, ""learning_rate"": 0.05, ""max_iter"": 250, ""max_leaf_nodes"": 15}","[0.7919636911943235, 0.8829675495929367, 0.8344727014106158]",0.8364679807326253,,False,
student_por,S2_LATE_G1_G2,hist_gradient_boosting,2,1,COMPLETE,"{""l2_regularization"": 1.0, ""learning_rate"": 0.05, ""max_iter"": 250, ""max_leaf_nodes"": 15}","[0.820973336433748, 0.8768126719714434, 0.8354938271604938]",0.8444266118552285,,False,
student_por,S2_LATE_G1_G2,hist_gradient_boosting,2,2,COMPLETE,"{""l2_regularization"": 0.0, ""learning_rate"": 0.05, ""max_iter"": 250, ""max_leaf_nodes"": 31}","[0.7919636911943235, 0.8829675495929367, 0.8344727014106158]",0.8364679807326253,,False,
student_por,S2_LATE_G1_G2,hist_gradient_boosting,2,3,COMPLETE,"{""l2_regularization"": 1.0, ""learning_rate"": 0.05, ""max_iter"": 250, ""max_leaf_nodes"": 31}","[0.820973336433748, 0.8768126719714434, 0.8354938271604938]",0.8444266118552285,,False,
student_por,S2_LATE_G1_G2,hist_gradient_boosting,2,4,COMPLETE,"{""l2_regularization"": 0.0, ""learning_rate"": 0.1, ""max_iter"": 250, ""max_leaf_nodes"": 15}","[0.7919636911943235, 0.8838621216718927, 0.8226168224299065]",0.8328142117653742,,False,
student_por,S2_LATE_G1_G2,hist_gradient_boosting,2,5,COMPLETE,"{""l2_regularization"": 1.0, ""learning_rate"": 0.1, ""max_iter"": 250, ""max_leaf_nodes"": 15}","[0.8145908216165827, 0.8555417956656347, 0.8189450900258698]",0.8296925691026957,,False,
student_por,S2_LATE_G1_G2,hist_gradient_boosting,2,6,COMPLETE,"{""l2_regularization"": 0.0, ""learning_rate"": 0.1, ""max_iter"": 250, ""max_leaf_nodes"": 31}","[0.7919636911943235, 0.8838621216718927, 0.8226168224299065]",0.8328142117653742,,False,
student_por,S2_LATE_G1_G2,hist_gradient_boosting,2,7,COMPLETE,"{""l2_regularization"": 1.0, ""learning_rate"": 0.1, ""max_iter"": 250, ""max_leaf_nodes"": 31}","[0.8145908216165827, 0.8555417956656347, 0.8189450900258698]",0.8296925691026957,,False,
student_por,S2_LATE_G1_G2,svm,2,0,COMPLETE,"{""C"": 0.5, ""class_weight"": null, ""gamma"": ""scale""}","[0.8158573774337321, 0.8586639992552033, 0.7948387051647922]",0.8231200272845759,,False,
student_por,S2_LATE_G1_G2,svm,2,1,COMPLETE,"{""C"": 0.5, ""class_weight"": ""balanced"", ""gamma"": ""scale""}","[0.8393265993265993, 0.8691766786173205, 0.8008266097136528]",0.8364432958858575,,False,
student_por,S2_LATE_G1_G2,svm,2,2,COMPLETE,"{""C"": 0.5, ""class_weight"": null, ""gamma"": 0.1}","[0.8147008547008547, 0.7813408953511497, 0.7989041095890411]",0.7983152865470152,,False,
student_por,S2_LATE_G1_G2,svm,2,3,COMPLETE,"{""C"": 0.5, ""class_weight"": ""balanced"", ""gamma"": 0.1}","[0.8321002227912081, 0.8337912772955578, 0.8247441937036193]",0.8302118979301284,,False,
student_por,S2_LATE_G1_G2,svm,2,4,COMPLETE,"{""C"": 1.0, ""class_weight"": null, ""gamma"": ""scale""}","[0.7920878496326068, 0.8349477746738021, 0.778205596619919]",0.8017470736421094,,False,
student_por,S2_LATE_G1_G2,svm,2,5,COMPLETE,"{""C"": 1.0, ""class_weight"": ""balanced"", ""gamma"": ""scale""}","[0.8330396893056738, 0.862432348988413, 0.7901234567901234]",0.8285318316947367,,False,
student_por,S2_LATE_G1_G2,svm,2,6,COMPLETE,"{""C"": 1.0, ""class_weight"": null, ""gamma"": 0.1}","[0.7950030586947423, 0.8029450155000816, 0.7957149414949926]",0.7978876718966054,,False,
student_por,S2_LATE_G1_G2,svm,2,7,COMPLETE,"{""C"": 1.0, ""class_weight"": ""balanced"", ""gamma"": 0.1}","[0.789788691104388, 0.8337912772955578, 0.7986337467061305]",0.8074045717020254,,False,
student_por,S2_LATE_G1_G2,svm,2,8,COMPLETE,"{""C"": 2.0, ""class_weight"": null, ""gamma"": ""scale""}","[0.8242922088286936, 0.832296397494123, 0.7893893340701852]",0.8153259801310005,,False,
student_por,S2_LATE_G1_G2,svm,2,9,COMPLETE,"{""C"": 2.0, ""class_weight"": ""balanced"", ""gamma"": ""scale""}","[0.81028898242013, 0.862432348988413, 0.7848857731150113]",0.8192023681745181,,False,
student_por,S2_LATE_G1_G2,svm,2,10,COMPLETE,"{""C"": 2.0, ""class_weight"": null, ""gamma"": 0.1}","[0.7921706006600261, 0.7750938673341677, 0.7920801345558881]",0.7864482008500273,,False,
student_por,S2_LATE_G1_G2,svm,2,11,COMPLETE,"{""C"": 2.0, ""class_weight"": ""balanced"", ""gamma"": 0.1}","[0.7954598961624723, 0.830386652477585, 0.8151683151683152]",0.8136716212694575,,False,
student_por,S2_LATE_G1_G2,logistic_regression,3,0,COMPLETE,"{""C"": 0.1, ""class_weight"": null}","[0.7596877869605142, 0.8695996102303583, 0.8440931049626702]",0.8244601673845141,,False,
student_por,S2_LATE_G1_G2,logistic_regression,3,1,COMPLETE,"{""C"": 0.1, ""class_weight"": ""balanced""}","[0.8146718974424937, 0.8561577311577312, 0.8271740685117642]",0.8326678990373297,,False,
student_por,S2_LATE_G1_G2,logistic_regression,3,2,COMPLETE,"{""C"": 1.0, ""class_weight"": null}","[0.778702860691291, 0.8737295211770464, 0.8838085873484104]",0.8454136564055826,,False,
student_por,S2_LATE_G1_G2,logistic_regression,3,3,COMPLETE,"{""C"": 1.0, ""class_weight"": ""balanced""}","[0.8021783341618837, 0.8308915900272257, 0.8240410930066102]",0.8190370057319066,,False,
student_por,S2_LATE_G1_G2,logistic_regression,3,4,COMPLETE,"{""C"": 10.0, ""class_weight"": null}","[0.7669517943316512, 0.8600358165647833, 0.8772276340372139]",0.8347384149778828,,False,
student_por,S2_LATE_G1_G2,logistic_regression,3,5,COMPLETE,"{""C"": 10.0, ""class_weight"": ""balanced""}","[0.7717241822504981, 0.8351981771301792, 0.8072559294740578]",0.8047260962849117,,False,
student_por,S2_LATE_G1_G2,random_forest,3,0,COMPLETE,"{""class_weight"": null, ""max_depth"": null, ""min_samples_leaf"": 1, ""n_estimators"": 300}","[0.8191260430390864, 0.8761082759701998, 0.8887939581883003]",0.8613427590658622,,False,
student_por,S2_LATE_G1_G2,random_forest,3,1,COMPLETE,"{""class_weight"": ""balanced"", ""max_depth"": null, ""min_samples_leaf"": 1, ""n_estimators"": 300}","[0.7937888198757763, 0.8900067348845293, 0.8887939581883003]",0.8575298376495354,,False,
student_por,S2_LATE_G1_G2,random_forest,3,2,COMPLETE,"{""class_weight"": null, ""max_depth"": null, ""min_samples_leaf"": 3, ""n_estimators"": 300}","[0.8253969150374044, 0.8866236503074149, 0.8881776499145914]",0.8667327384198035,,False,
student_por,S2_LATE_G1_G2,random_forest,3,3,COMPLETE,"{""class_weight"": ""balanced"", ""max_depth"": null, ""min_samples_leaf"": 3, ""n_estimators"": 300}","[0.8408885075551743, 0.8749401184073756, 0.858562496447008]",0.8581303741365193,,False,
student_por,S2_LATE_G1_G2,random_forest,3,4,COMPLETE,"{""class_weight"": null, ""max_depth"": 8, ""min_samples_leaf"": 1, ""n_estimators"": 300}","[0.8072502432967549, 0.8960737812911725, 0.895405179615706]",0.8662430680678779,,False,
student_por,S2_LATE_G1_G2,random_forest,3,5,COMPLETE,"{""class_weight"": ""balanced"", ""max_depth"": 8, ""min_samples_leaf"": 1, ""n_estimators"": 300}","[0.8049472841259518, 0.8694430668497551, 0.8823128403798264]",0.8522343971185111,,False,
student_por,S2_LATE_G1_G2,random_forest,3,6,COMPLETE,"{""class_weight"": null, ""max_depth"": 8, ""min_samples_leaf"": 3, ""n_estimators"": 300}","[0.8253969150374044, 0.8866236503074149, 0.8881776499145914]",0.8667327384198035,,False,
student_por,S2_LATE_G1_G2,random_forest,3,7,COMPLETE,"{""class_weight"": ""balanced"", ""max_depth"": 8, ""min_samples_leaf"": 3, ""n_estimators"": 300}","[0.8346958314921196, 0.8749401184073756, 0.858562496447008]",0.8560661487821677,,False,
student_por,S2_LATE_G1_G2,xgboost,3,0,COMPLETE,"{""colsample_bytree"": 0.9, ""learning_rate"": 0.03, ""max_depth"": 2, ""min_child_weight"": 1, ""n_estimators"": 300, ""subsample"": 0.9}","[0.8096945092280672, 0.8762206601718255, 0.8507956486559382]",0.845570272685277,,False,
student_por,S2_LATE_G1_G2,xgboost,3,1,COMPLETE,"{""colsample_bytree"": 0.9, ""learning_rate"": 0.03, ""max_depth"": 2, ""min_child_weight"": 5, ""n_estimators"": 300, ""subsample"": 0.9}","[0.8450424770847306, 0.8823431681133488, 0.8643310657596373]",0.8639055703192389,,False,
student_por,S2_LATE_G1_G2,xgboost,3,2,COMPLETE,"{""colsample_bytree"": 0.9, ""learning_rate"": 0.08, ""max_depth"": 2, ""min_child_weight"": 1, ""n_estimators"": 300, ""subsample"": 0.9}","[0.8017173392297771, 0.8668295541451884, 0.8649011051133035]",0.8444826661627562,,False,
student_por,S2_LATE_G1_G2,xgboost,3,3,COMPLETE,"{""colsample_bytree"": 0.9, ""learning_rate"": 0.08, ""max_depth"": 2, ""min_child_weight"": 5, ""n_estimators"": 300, ""subsample"": 0.9}","[0.8511006781429317, 0.8732380119059059, 0.8649011051133035]",0.8630799317207137,,False,
student_por,S2_LATE_G1_G2,xgboost,3,4,COMPLETE,"{""colsample_bytree"": 0.9, ""learning_rate"": 0.03, ""max_depth"": 4, ""min_child_weight"": 1, ""n_estimators"": 300, ""subsample"": 0.9}","[0.8079962433428389, 0.8600358165647833, 0.8525745761893928]",0.8402022120323384,,False,
student_por,S2_LATE_G1_G2,xgboost,3,5,COMPLETE,"{""colsample_bytree"": 0.9, ""learning_rate"": 0.03, ""max_depth"": 4, ""min_child_weight"": 5, ""n_estimators"": 300, ""subsample"": 0.9}","[0.8391407430439831, 0.8668146992537729, 0.8649011051133035]",0.8569521824703532,,False,
student_por,S2_LATE_G1_G2,xgboost,3,6,COMPLETE,"{""colsample_bytree"": 0.9, ""learning_rate"": 0.08, ""max_depth"": 4, ""min_child_weight"": 1, ""n_estimators"": 300, ""subsample"": 0.9}","[0.8064119739311555, 0.8664581033002086, 0.8649011051133035]",0.8459237274482225,,False,
student_por,S2_LATE_G1_G2,xgboost,3,7,COMPLETE,"{""colsample_bytree"": 0.9, ""learning_rate"": 0.08, ""max_depth"": 4, ""min_child_weight"": 5, ""n_estimators"": 300, ""subsample"": 0.9}","[0.8549507924863194, 0.8668146992537729, 0.8649011051133035]",0.862222198951132,,False,
student_por,S2_LATE_G1_G2,mlp,3,0,COMPLETE,"{""alpha"": 0.0001, ""hidden_layer_sizes"": [64], ""learning_rate_init"": 0.001}","[0.7805979326568632, 0.8419790085954544, 0.7763439767178317]",0.7996403059900498,,False,
student_por,S2_LATE_G1_G2,mlp,3,1,COMPLETE,"{""alpha"": 0.001, ""hidden_layer_sizes"": [64], ""learning_rate_init"": 0.001}","[0.7805979326568632, 0.8419790085954544, 0.7763439767178317]",0.7996403059900498,,False,
student_por,S2_LATE_G1_G2,mlp,3,2,COMPLETE,"{""alpha"": 0.01, ""hidden_layer_sizes"": [64], ""learning_rate_init"": 0.001}","[0.7805979326568632, 0.8419790085954544, 0.7892043357159637]",0.8039270923227604,,False,
student_por,S2_LATE_G1_G2,mlp,3,3,COMPLETE,"{""alpha"": 0.0001, ""hidden_layer_sizes"": [64, 32], ""learning_rate_init"": 0.001}","[0.8307645419714386, 0.8568777713514555, 0.5654101378542683]",0.7510174837257209,,False,
student_por,S2_LATE_G1_G2,mlp,3,4,COMPLETE,"{""alpha"": 0.001, ""hidden_layer_sizes"": [64, 32], ""learning_rate_init"": 0.001}","[0.8307645419714386, 0.8566017316017316, 0.5654101378542683]",0.7509254704758129,,False,
student_por,S2_LATE_G1_G2,mlp,3,5,COMPLETE,"{""alpha"": 0.01, ""hidden_layer_sizes"": [64, 32], ""learning_rate_init"": 0.001}","[0.8307645419714386, 0.8568777713514555, 0.5654101378542683]",0.7510174837257209,,False,
student_por,S2_LATE_G1_G2,mlp,3,6,COMPLETE,"{""alpha"": 0.0001, ""hidden_layer_sizes"": [128, 64], ""learning_rate_init"": 0.001}","[0.7741151857534904, 0.8398550407287378, 0.8649515232816501]",0.8263072499212928,,False,
student_por,S2_LATE_G1_G2,mlp,3,7,COMPLETE,"{""alpha"": 0.001, ""hidden_layer_sizes"": [128, 64], ""learning_rate_init"": 0.001}","[0.7741151857534904, 0.8398550407287378, 0.8545823356396044]",0.8228508540406109,,False,
student_por,S2_LATE_G1_G2,mlp,3,8,COMPLETE,"{""alpha"": 0.01, ""hidden_layer_sizes"": [128, 64], ""learning_rate_init"": 0.001}","[0.7741151857534904, 0.8398550407287378, 0.8545823356396044]",0.8228508540406109,,False,
student_por,S2_LATE_G1_G2,decision_tree,3,0,COMPLETE,"{""class_weight"": null, ""max_depth"": 3, ""min_samples_leaf"": 2}","[0.7711271071736188, 0.8605564768748848, 0.9008177008177007]",0.8441670949554014,,False,
student_por,S2_LATE_G1_G2,decision_tree,3,1,COMPLETE,"{""class_weight"": ""balanced"", ""max_depth"": 3, ""min_samples_leaf"": 2}","[0.783191439974242, 0.8091848129536571, 0.851857819599755]",0.8147446908425513,,False,
student_por,S2_LATE_G1_G2,decision_tree,3,2,COMPLETE,"{""class_weight"": null, ""max_depth"": 3, ""min_samples_leaf"": 5}","[0.7711271071736188, 0.8605564768748848, 0.9008177008177007]",0.8441670949554014,,False,
student_por,S2_LATE_G1_G2,decision_tree,3,3,COMPLETE,"{""class_weight"": ""balanced"", ""max_depth"": 3, ""min_samples_leaf"": 5}","[0.783191439974242, 0.808906071019473, 0.851857819599755]",0.81465177686449,,False,
student_por,S2_LATE_G1_G2,decision_tree,3,4,COMPLETE,"{""class_weight"": null, ""max_depth"": 5, ""min_samples_leaf"": 2}","[0.7818866182836771, 0.8435245310245311, 0.8300476763074066]",0.8184862752052049,,False,
student_por,S2_LATE_G1_G2,decision_tree,3,5,COMPLETE,"{""class_weight"": ""balanced"", ""max_depth"": 5, ""min_samples_leaf"": 2}","[0.7680021810096376, 0.8053221288515405, 0.8316888316888317]",0.8016710471833366,,False,
student_por,S2_LATE_G1_G2,decision_tree,3,6,COMPLETE,"{""class_weight"": null, ""max_depth"": 5, ""min_samples_leaf"": 5}","[0.7698121983836269, 0.8437912887694546, 0.8881776499145914]",0.8339270456892244,,False,
student_por,S2_LATE_G1_G2,decision_tree,3,7,COMPLETE,"{""class_weight"": ""balanced"", ""max_depth"": 5, ""min_samples_leaf"": 5}","[0.7795867821462742, 0.8097696958773022, 0.8055636417706648]",0.7983067065980803,,False,
student_por,S2_LATE_G1_G2,decision_tree,3,8,COMPLETE,"{""class_weight"": null, ""max_depth"": null, ""min_samples_leaf"": 2}","[0.7311354869816779, 0.8109963220652658, 0.8104726050994978]",0.7842014713821471,,False,
student_por,S2_LATE_G1_G2,decision_tree,3,9,COMPLETE,"{""class_weight"": ""balanced"", ""max_depth"": null, ""min_samples_leaf"": 2}","[0.7427495490430341, 0.7980351149243529, 0.8247428624140953]",0.7885091754604941,,False,
student_por,S2_LATE_G1_G2,decision_tree,3,10,COMPLETE,"{""class_weight"": null, ""max_depth"": null, ""min_samples_leaf"": 5}","[0.7698121983836269, 0.8437912887694546, 0.8881776499145914]",0.8339270456892244,,False,
student_por,S2_LATE_G1_G2,decision_tree,3,11,COMPLETE,"{""class_weight"": ""balanced"", ""max_depth"": null, ""min_samples_leaf"": 5}","[0.7845465525508045, 0.7988421037855225, 0.8223604694813268]",0.8019163752725512,,False,
student_por,S2_LATE_G1_G2,hist_gradient_boosting,3,0,COMPLETE,"{""l2_regularization"": 0.0, ""learning_rate"": 0.05, ""max_iter"": 250, ""max_leaf_nodes"": 15}","[0.7901633054363204, 0.8560233604481392, 0.8564433771899279]",0.8342100143581291,,False,
student_por,S2_LATE_G1_G2,hist_gradient_boosting,3,1,COMPLETE,"{""l2_regularization"": 1.0, ""learning_rate"": 0.05, ""max_iter"": 250, ""max_leaf_nodes"": 15}","[0.7924414365144471, 0.8600358165647833, 0.8593903638151427]",0.8372892056314577,,False,
student_por,S2_LATE_G1_G2,hist_gradient_boosting,3,2,COMPLETE,"{""l2_regularization"": 0.0, ""learning_rate"": 0.05, ""max_iter"": 250, ""max_leaf_nodes"": 31}","[0.7901633054363204, 0.8560233604481392, 0.8564433771899279]",0.8342100143581291,,False,
student_por,S2_LATE_G1_G2,hist_gradient_boosting,3,3,COMPLETE,"{""l2_regularization"": 1.0, ""learning_rate"": 0.05, ""max_iter"": 250, ""max_leaf_nodes"": 31}","[0.7924414365144471, 0.8600358165647833, 0.8593903638151427]",0.8372892056314577,,False,
student_por,S2_LATE_G1_G2,hist_gradient_boosting,3,4,COMPLETE,"{""l2_regularization"": 0.0, ""learning_rate"": 0.1, ""max_iter"": 250, ""max_leaf_nodes"": 15}","[0.7842039668126625, 0.8384831600170833, 0.8429736062261336]",0.8218869110186264,,False,
student_por,S2_LATE_G1_G2,hist_gradient_boosting,3,5,COMPLETE,"{""l2_regularization"": 1.0, ""learning_rate"": 0.1, ""max_iter"": 250, ""max_leaf_nodes"": 15}","[0.7870328247269821, 0.8476767676767677, 0.8525745761893928]",0.8290947228643809,,False,
student_por,S2_LATE_G1_G2,hist_gradient_boosting,3,6,COMPLETE,"{""l2_regularization"": 0.0, ""learning_rate"": 0.1, ""max_iter"": 250, ""max_leaf_nodes"": 31}","[0.7842039668126625, 0.8384831600170833, 0.8429736062261336]",0.8218869110186264,,False,
student_por,S2_LATE_G1_G2,hist_gradient_boosting,3,7,COMPLETE,"{""l2_regularization"": 1.0, ""learning_rate"": 0.1, ""max_iter"": 250, ""max_leaf_nodes"": 31}","[0.7870328247269821, 0.8476767676767677, 0.8525745761893928]",0.8290947228643809,,False,
student_por,S2_LATE_G1_G2,svm,3,0,COMPLETE,"{""C"": 0.5, ""class_weight"": null, ""gamma"": ""scale""}","[0.8043200711846952, 0.8850503164228654, 0.860894687708773]",0.8500883584387778,,False,
student_por,S2_LATE_G1_G2,svm,3,1,COMPLETE,"{""C"": 0.5, ""class_weight"": ""balanced"", ""gamma"": ""scale""}","[0.758419142012127, 0.8572248719307543, 0.886366003270118]",0.8340033390709998,,False,
student_por,S2_LATE_G1_G2,svm,3,2,COMPLETE,"{""C"": 0.5, ""class_weight"": null, ""gamma"": 0.1}","[0.7971254836926477, 0.8720739592695602, 0.8552872541958232]",0.8414955657193438,,False,
student_por,S2_LATE_G1_G2,svm,3,3,COMPLETE,"{""C"": 0.5, ""class_weight"": ""balanced"", ""gamma"": 0.1}","[0.7564992877492878, 0.8577922077922078, 0.886366003270118]",0.8335524996038712,,False,
student_por,S2_LATE_G1_G2,svm,3,4,COMPLETE,"{""C"": 1.0, ""class_weight"": null, ""gamma"": ""scale""}","[0.825841494990431, 0.8762206601718255, 0.860894687708773]",0.8543189476236766,,False,
student_por,S2_LATE_G1_G2,svm,3,5,COMPLETE,"{""C"": 1.0, ""class_weight"": ""balanced"", ""gamma"": ""scale""}","[0.7465570194322454, 0.8572248719307543, 0.8699271128320457]",0.8245696680650151,,False,
student_por,S2_LATE_G1_G2,svm,3,6,COMPLETE,"{""C"": 1.0, ""class_weight"": null, ""gamma"": 0.1}","[0.7971254836926477, 0.853040151093495, 0.8484596700335807]",0.8328751016065744,,False,
student_por,S2_LATE_G1_G2,svm,3,7,COMPLETE,"{""C"": 1.0, ""class_weight"": ""balanced"", ""gamma"": 0.1}","[0.7341546597179645, 0.8384976064004196, 0.8733297053839654]",0.8153273238341164,,False,
student_por,S2_LATE_G1_G2,svm,3,8,COMPLETE,"{""C"": 2.0, ""class_weight"": null, ""gamma"": ""scale""}","[0.8098404255319149, 0.8539145979901793, 0.8440931049626702]",0.835949376161588,,False,
student_por,S2_LATE_G1_G2,svm,3,9,COMPLETE,"{""C"": 2.0, ""class_weight"": ""balanced"", ""gamma"": ""scale""}","[0.7743965517241379, 0.8412731104303809, 0.8595677122315212]",0.8250791247953466,,False,
student_por,S2_LATE_G1_G2,svm,3,10,COMPLETE,"{""C"": 2.0, ""class_weight"": null, ""gamma"": 0.1}","[0.7629161176987264, 0.8323346231803943, 0.8324531190202832]",0.809234619966468,,False,
student_por,S2_LATE_G1_G2,svm,3,11,COMPLETE,"{""C"": 2.0, ""class_weight"": ""balanced"", ""gamma"": 0.1}","[0.7644051854578171, 0.8416264654009752, 0.8633540372670807]",0.8231285627086243,,False,
student_por,S2_LATE_G1_G2,logistic_regression,4,0,COMPLETE,"{""C"": 0.1, ""class_weight"": null}","[0.7575562749535271, 0.8497054638654449, 0.8654778003155285]",0.8242465130448334,,False,
student_por,S2_LATE_G1_G2,logistic_regression,4,1,COMPLETE,"{""C"": 0.1, ""class_weight"": ""balanced""}","[0.8266516092603049, 0.8179645584963877, 0.845066788099575]",0.8298943186187558,,False,
student_por,S2_LATE_G1_G2,logistic_regression,4,2,COMPLETE,"{""C"": 1.0, ""class_weight"": null}","[0.8004053528791161, 0.8686894226717236, 0.8666579251412045]",0.8452509002306815,,False,
student_por,S2_LATE_G1_G2,logistic_regression,4,3,COMPLETE,"{""C"": 1.0, ""class_weight"": ""balanced""}","[0.8358066541117388, 0.8207387040204378, 0.8338164251207729]",0.8301205944176498,,False,
student_por,S2_LATE_G1_G2,logistic_regression,4,4,COMPLETE,"{""C"": 10.0, ""class_weight"": null}","[0.8124473335740942, 0.8760638390146588, 0.8761477600486889]",0.8548863108791472,,False,
student_por,S2_LATE_G1_G2,logistic_regression,4,5,COMPLETE,"{""C"": 10.0, ""class_weight"": ""balanced""}","[0.8143599433160132, 0.8313891898398941, 0.8283895071960429]",0.8247128801173167,,False,
student_por,S2_LATE_G1_G2,random_forest,4,0,COMPLETE,"{""class_weight"": null, ""max_depth"": null, ""min_samples_leaf"": 1, ""n_estimators"": 300}","[0.8492596492596493, 0.8640163757810817, 0.868289501622835]",0.8605218422211887,,False,
student_por,S2_LATE_G1_G2,random_forest,4,1,COMPLETE,"{""class_weight"": ""balanced"", ""max_depth"": null, ""min_samples_leaf"": 1, ""n_estimators"": 300}","[0.8599294947121034, 0.864271676036382, 0.8805163395496814]",0.8682391700993889,,False,
student_por,S2_LATE_G1_G2,random_forest,4,2,COMPLETE,"{""class_weight"": null, ""max_depth"": null, ""min_samples_leaf"": 3, ""n_estimators"": 300}","[0.8492596492596493, 0.9094589241430207, 0.881034881034881]",0.8799178181458504,,False,
student_por,S2_LATE_G1_G2,random_forest,4,3,COMPLETE,"{""class_weight"": ""balanced"", ""max_depth"": null, ""min_samples_leaf"": 3, ""n_estimators"": 300}","[0.8646162579578287, 0.864821643812729, 0.8503600120165519]",0.8599326379290365,,False,
student_por,S2_LATE_G1_G2,random_forest,4,4,COMPLETE,"{""class_weight"": null, ""max_depth"": 8, ""min_samples_leaf"": 1, ""n_estimators"": 300}","[0.8381767347284589, 0.883068783068783, 0.8745799500516482]",0.86527515594963,,False,
student_por,S2_LATE_G1_G2,random_forest,4,5,COMPLETE,"{""class_weight"": ""balanced"", ""max_depth"": 8, ""min_samples_leaf"": 1, ""n_estimators"": 300}","[0.8633238501659554, 0.8578643578643579, 0.868289501622835]",0.8631592365510494,,False,
student_por,S2_LATE_G1_G2,random_forest,4,6,COMPLETE,"{""class_weight"": null, ""max_depth"": 8, ""min_samples_leaf"": 3, ""n_estimators"": 300}","[0.8492596492596493, 0.9094589241430207, 0.8745799500516482]",0.8777661744847727,,False,
student_por,S2_LATE_G1_G2,random_forest,4,7,COMPLETE,"{""class_weight"": ""balanced"", ""max_depth"": 8, ""min_samples_leaf"": 3, ""n_estimators"": 300}","[0.8646162579578287, 0.864821643812729, 0.8503600120165519]",0.8599326379290365,,False,
student_por,S2_LATE_G1_G2,xgboost,4,0,COMPLETE,"{""colsample_bytree"": 0.9, ""learning_rate"": 0.03, ""max_depth"": 2, ""min_child_weight"": 1, ""n_estimators"": 300, ""subsample"": 0.9}","[0.8425381903642774, 0.8895943562610228, 0.8745799500516482]",0.8689041655589828,,False,
student_por,S2_LATE_G1_G2,xgboost,4,1,COMPLETE,"{""colsample_bytree"": 0.9, ""learning_rate"": 0.03, ""max_depth"": 2, ""min_child_weight"": 5, ""n_estimators"": 300, ""subsample"": 0.9}","[0.8425381903642774, 0.8895943562610228, 0.881034881034881]",0.8710558092200604,,False,
student_por,S2_LATE_G1_G2,xgboost,4,2,COMPLETE,"{""colsample_bytree"": 0.9, ""learning_rate"": 0.08, ""max_depth"": 2, ""min_child_weight"": 1, ""n_estimators"": 300, ""subsample"": 0.9}","[0.8132393262828046, 0.841966966966967, 0.8716036004350434]",0.8422699645616051,,False,
student_por,S2_LATE_G1_G2,xgboost,4,3,COMPLETE,"{""colsample_bytree"": 0.9, ""learning_rate"": 0.08, ""max_depth"": 2, ""min_child_weight"": 5, ""n_estimators"": 300, ""subsample"": 0.9}","[0.8492596492596493, 0.8569095411200675, 0.8876650324817036]",0.8646114076204734,,False,
student_por,S2_LATE_G1_G2,xgboost,4,4,COMPLETE,"{""colsample_bytree"": 0.9, ""learning_rate"": 0.03, ""max_depth"": 4, ""min_child_weight"": 1, ""n_estimators"": 300, ""subsample"": 0.9}","[0.8068272134795741, 0.8610027952480782, 0.868289501622835]",0.8453731701168291,,False,
student_por,S2_LATE_G1_G2,xgboost,4,5,COMPLETE,"{""colsample_bytree"": 0.9, ""learning_rate"": 0.03, ""max_depth"": 4, ""min_child_weight"": 5, ""n_estimators"": 300, ""subsample"": 0.9}","[0.8425381903642774, 0.8506357333756714, 0.881034881034881]",0.8580696015916099,,False,
student_por,S2_LATE_G1_G2,xgboost,4,6,COMPLETE,"{""colsample_bytree"": 0.9, ""learning_rate"": 0.08, ""max_depth"": 4, ""min_child_weight"": 1, ""n_estimators"": 300, ""subsample"": 0.9}","[0.8387878787878787, 0.8481553200163066, 0.8557724391057725]",0.8475718793033193,,False,
student_por,S2_LATE_G1_G2,xgboost,4,7,COMPLETE,"{""colsample_bytree"": 0.9, ""learning_rate"": 0.08, ""max_depth"": 4, ""min_child_weight"": 5, ""n_estimators"": 300, ""subsample"": 0.9}","[0.8536629805242074, 0.8569095411200675, 0.8836654836654837]",0.8647460017699196,,False,
student_por,S2_LATE_G1_G2,mlp,4,0,COMPLETE,"{""alpha"": 0.0001, ""hidden_layer_sizes"": [64], ""learning_rate_init"": 0.001}","[0.7126899604946503, 0.8608045977011494, 0.8046094280601039]",0.7927013287519679,,False,
student_por,S2_LATE_G1_G2,mlp,4,1,COMPLETE,"{""alpha"": 0.001, ""hidden_layer_sizes"": [64], ""learning_rate_init"": 0.001}","[0.7126899604946503, 0.8608045977011494, 0.8046094280601039]",0.7927013287519679,,False,
student_por,S2_LATE_G1_G2,mlp,4,2,COMPLETE,"{""alpha"": 0.01, ""hidden_layer_sizes"": [64], ""learning_rate_init"": 0.001}","[0.7126899604946503, 0.8608045977011494, 0.8046094280601039]",0.7927013287519679,,False,
student_por,S2_LATE_G1_G2,mlp,4,3,COMPLETE,"{""alpha"": 0.0001, ""hidden_layer_sizes"": [64, 32], ""learning_rate_init"": 0.001}","[0.7764341851319397, 0.8734204486133094, 0.87531328320802]",0.841722638984423,,False,
student_por,S2_LATE_G1_G2,mlp,4,4,COMPLETE,"{""alpha"": 0.001, ""hidden_layer_sizes"": [64, 32], ""learning_rate_init"": 0.001}","[0.7764341851319397, 0.8734204486133094, 0.87531328320802]",0.841722638984423,,False,
student_por,S2_LATE_G1_G2,mlp,4,5,COMPLETE,"{""alpha"": 0.01, ""hidden_layer_sizes"": [64, 32], ""learning_rate_init"": 0.001}","[0.7764341851319397, 0.8734204486133094, 0.87531328320802]",0.841722638984423,,False,
student_por,S2_LATE_G1_G2,mlp,4,6,COMPLETE,"{""alpha"": 0.0001, ""hidden_layer_sizes"": [128, 64], ""learning_rate_init"": 0.001}","[0.7963100238860061, 0.8449202817945866, 0.8325981620718462]",0.8246094892508129,,False,
student_por,S2_LATE_G1_G2,mlp,4,7,COMPLETE,"{""alpha"": 0.001, ""hidden_layer_sizes"": [128, 64], ""learning_rate_init"": 0.001}","[0.8194679661624792, 0.8449202817945866, 0.8325981620718462]",0.8323288033429707,,False,
student_por,S2_LATE_G1_G2,mlp,4,8,COMPLETE,"{""alpha"": 0.01, ""hidden_layer_sizes"": [128, 64], ""learning_rate_init"": 0.001}","[0.7956107660455487, 0.8547422879220115, 0.8388200695125212]",0.8297243744933605,,False,
student_por,S2_LATE_G1_G2,decision_tree,4,0,COMPLETE,"{""class_weight"": null, ""max_depth"": 3, ""min_samples_leaf"": 2}","[0.8450160910486293, 0.8647911967146741, 0.8773189129353512]",0.8623754002328848,,False,
student_por,S2_LATE_G1_G2,decision_tree,4,1,COMPLETE,"{""class_weight"": ""balanced"", ""max_depth"": 3, ""min_samples_leaf"": 2}","[0.8171328671328671, 0.8150122403853747, 0.7666818873668189]",0.7996089982950202,,False,
student_por,S2_LATE_G1_G2,decision_tree,4,2,COMPLETE,"{""class_weight"": null, ""max_depth"": 3, ""min_samples_leaf"": 5}","[0.8450160910486293, 0.8955641157938349, 0.8773189129353512]",0.8726330399259384,,False,
student_por,S2_LATE_G1_G2,decision_tree,4,3,COMPLETE,"{""class_weight"": ""balanced"", ""max_depth"": 3, ""min_samples_leaf"": 5}","[0.8171328671328671, 0.8145737168106679, 0.7795835910121625]",0.8037633916518993,,False,
student_por,S2_LATE_G1_G2,decision_tree,4,4,COMPLETE,"{""class_weight"": null, ""max_depth"": 5, ""min_samples_leaf"": 2}","[0.790352422907489, 0.8320815863032843, 0.8552923414200326]",0.825908783543602,,False,
student_por,S2_LATE_G1_G2,decision_tree,4,5,COMPLETE,"{""class_weight"": ""balanced"", ""max_depth"": 5, ""min_samples_leaf"": 2}","[0.798461102612046, 0.8478341942599602, 0.809457069172709]",0.8185841220149049,,False,
student_por,S2_LATE_G1_G2,decision_tree,4,6,COMPLETE,"{""class_weight"": null, ""max_depth"": 5, ""min_samples_leaf"": 5}","[0.8201516563585529, 0.8906575771546948, 0.8684472189761568]",0.8597521508298015,,False,
student_por,S2_LATE_G1_G2,decision_tree,4,7,COMPLETE,"{""class_weight"": ""balanced"", ""max_depth"": 5, ""min_samples_leaf"": 5}","[0.7935389249691526, 0.8393557422969188, 0.7930312785448871]",0.8086419819369861,,False,
student_por,S2_LATE_G1_G2,decision_tree,4,8,COMPLETE,"{""class_weight"": null, ""max_depth"": null, ""min_samples_leaf"": 2}","[0.8189267033455456, 0.8251191535742848, 0.8337747407754778]",0.8259401992317694,,False,
student_por,S2_LATE_G1_G2,decision_tree,4,9,COMPLETE,"{""class_weight"": ""balanced"", ""max_depth"": null, ""min_samples_leaf"": 2}","[0.7974757195045888, 0.8097587268524863, 0.7721758563863826]",0.7931367675811526,,False,
student_por,S2_LATE_G1_G2,decision_tree,4,10,COMPLETE,"{""class_weight"": null, ""max_depth"": null, ""min_samples_leaf"": 5}","[0.8138580138580139, 0.8862212060624891, 0.8310350393341613]",0.8437047530848881,,False,
student_por,S2_LATE_G1_G2,decision_tree,4,11,COMPLETE,"{""class_weight"": ""balanced"", ""max_depth"": null, ""min_samples_leaf"": 5}","[0.8128939758450584, 0.8337324182525422, 0.7443723612398312]",0.7969995851124773,,False,
student_por,S2_LATE_G1_G2,hist_gradient_boosting,4,0,COMPLETE,"{""l2_regularization"": 0.0, ""learning_rate"": 0.05, ""max_iter"": 250, ""max_leaf_nodes"": 15}","[0.8261576971214017, 0.8671191888434252, 0.8559568285595681]",0.8497445715081317,,False,
student_por,S2_LATE_G1_G2,hist_gradient_boosting,4,1,COMPLETE,"{""l2_regularization"": 1.0, ""learning_rate"": 0.05, ""max_iter"": 250, ""max_leaf_nodes"": 15}","[0.8245032586234303, 0.8608059085478441, 0.8711083437110835]",0.8521391702941193,,False,
student_por,S2_LATE_G1_G2,hist_gradient_boosting,4,2,COMPLETE,"{""l2_regularization"": 0.0, ""learning_rate"": 0.05, ""max_iter"": 250, ""max_leaf_nodes"": 31}","[0.8261576971214017, 0.8671191888434252, 0.8559568285595681]",0.8497445715081317,,False,
student_por,S2_LATE_G1_G2,hist_gradient_boosting,4,3,COMPLETE,"{""l2_regularization"": 1.0, ""learning_rate"": 0.05, ""max_iter"": 250, ""max_leaf_nodes"": 31}","[0.8245032586234303, 0.8608059085478441, 0.8711083437110835]",0.8521391702941193,,False,
student_por,S2_LATE_G1_G2,hist_gradient_boosting,4,4,COMPLETE,"{""l2_regularization"": 0.0, ""learning_rate"": 0.1, ""max_iter"": 250, ""max_leaf_nodes"": 15}","[0.8462019364905501, 0.8580807823516846, 0.8649162861491627]",0.8563996683304658,,False,
student_por,S2_LATE_G1_G2,hist_gradient_boosting,4,5,COMPLETE,"{""l2_regularization"": 1.0, ""learning_rate"": 0.1, ""max_iter"": 250, ""max_leaf_nodes"": 15}","[0.8124220412356006, 0.8671191888434252, 0.8588686117707237]",0.8461366139499166,,False,
student_por,S2_LATE_G1_G2,hist_gradient_boosting,4,6,COMPLETE,"{""l2_regularization"": 0.0, ""learning_rate"": 0.1, ""max_iter"": 250, ""max_leaf_nodes"": 31}","[0.8462019364905501, 0.8580807823516846, 0.8649162861491627]",0.8563996683304658,,False,
student_por,S2_LATE_G1_G2,hist_gradient_boosting,4,7,COMPLETE,"{""l2_regularization"": 1.0, ""learning_rate"": 0.1, ""max_iter"": 250, ""max_leaf_nodes"": 31}","[0.8124220412356006, 0.8671191888434252, 0.8588686117707237]",0.8461366139499166,,False,
student_por,S2_LATE_G1_G2,svm,4,0,COMPLETE,"{""C"": 0.5, ""class_weight"": null, ""gamma"": ""scale""}","[0.7931897584796955, 0.8816929328972147, 0.8753232314019795]",0.8500686409262966,,False,
student_por,S2_LATE_G1_G2,svm,4,1,COMPLETE,"{""C"": 0.5, ""class_weight"": ""balanced"", ""gamma"": ""scale""}","[0.8177651335546073, 0.8686894226717236, 0.8609270821619314]",0.8491272127960875,,False,
student_por,S2_LATE_G1_G2,svm,4,2,COMPLETE,"{""C"": 0.5, ""class_weight"": null, ""gamma"": 0.1}","[0.8049512670565302, 0.8599786410359097, 0.8552923414200326]",0.8400740831708241,,False,
student_por,S2_LATE_G1_G2,svm,4,3,COMPLETE,"{""C"": 0.5, ""class_weight"": ""balanced"", ""gamma"": 0.1}","[0.8217755739642648, 0.8824121089027517, 0.852035065038161]",0.8520742493017258,,False,
student_por,S2_LATE_G1_G2,svm,4,4,COMPLETE,"{""C"": 1.0, ""class_weight"": null, ""gamma"": ""scale""}","[0.8303421674754262, 0.87503671071953, 0.8824170318352804]",0.8625986366767456,,False,
student_por,S2_LATE_G1_G2,svm,4,5,COMPLETE,"{""C"": 1.0, ""class_weight"": ""balanced"", ""gamma"": ""scale""}","[0.8241020914996572, 0.8686894226717236, 0.8489880808362233]",0.8472598650025347,,False,
student_por,S2_LATE_G1_G2,svm,4,6,COMPLETE,"{""C"": 1.0, ""class_weight"": null, ""gamma"": 0.1}","[0.8170692431561997, 0.8599786410359097, 0.8552941176470589]",0.8441140006130561,,False,
student_por,S2_LATE_G1_G2,svm,4,7,COMPLETE,"{""C"": 1.0, ""class_weight"": ""balanced"", ""gamma"": 0.1}","[0.8217755739642648, 0.8534166481640075, 0.8499673842139596]",0.841719868780744,,False,
student_por,S2_LATE_G1_G2,svm,4,8,COMPLETE,"{""C"": 2.0, ""class_weight"": null, ""gamma"": ""scale""}","[0.8015267109966335, 0.8753595517203371, 0.8807488807488809]",0.8525450478219505,,False,
student_por,S2_LATE_G1_G2,svm,4,9,COMPLETE,"{""C"": 2.0, ""class_weight"": ""balanced"", ""gamma"": ""scale""}","[0.8306306306306306, 0.8599786410359097, 0.8201159006112566]",0.8369083907592656,,False,
student_por,S2_LATE_G1_G2,svm,4,10,COMPLETE,"{""C"": 2.0, ""class_weight"": null, ""gamma"": 0.1}","[0.8246860077845993, 0.8686894226717236, 0.8613909238909239]",0.8515887847824155,,False,
student_por,S2_LATE_G1_G2,svm,4,11,COMPLETE,"{""C"": 2.0, ""class_weight"": ""balanced"", ""gamma"": 0.1}","[0.8012716579240186, 0.8534166481640075, 0.8646601186424195]",0.839782808243482,,False,
student_por,S0_EARLY_NO_GRADE,decision_tree,0,0,COMPLETE,"{""class_weight"": null, ""max_depth"": 3, ""min_samples_leaf"": 2}","[0.38015267175572526, 0.28544776119402987, 0.41287878787878785]",0.3594930736095143,,False,
student_por,S0_EARLY_NO_GRADE,decision_tree,0,1,COMPLETE,"{""class_weight"": ""balanced"", ""max_depth"": 3, ""min_samples_leaf"": 2}","[0.36069936374196016, 0.43334652442738025, 0.4067302596714361]",0.4002587159469255,,False,
student_por,S0_EARLY_NO_GRADE,decision_tree,0,2,COMPLETE,"{""class_weight"": null, ""max_depth"": 3, ""min_samples_leaf"": 5}","[0.3811081345777163, 0.28544776119402987, 0.33494363929146537]",0.3338331783544038,,False,
student_por,S0_EARLY_NO_GRADE,decision_tree,0,3,COMPLETE,"{""class_weight"": ""balanced"", ""max_depth"": 3, ""min_samples_leaf"": 5}","[0.36069936374196016, 0.4420031581321904, 0.4067302596714361]",0.4031442605151956,,False,
student_por,S0_EARLY_NO_GRADE,decision_tree,0,4,COMPLETE,"{""class_weight"": null, ""max_depth"": 5, ""min_samples_leaf"": 2}","[0.4004089857748394, 0.4504987765857331, 0.35838535164377855]",0.403097704668117,,False,
student_por,S0_EARLY_NO_GRADE,decision_tree,0,5,COMPLETE,"{""class_weight"": ""balanced"", ""max_depth"": 5, ""min_samples_leaf"": 2}","[0.32983571986388455, 0.3930159514398645, 0.38986592111592105]",0.3709058641398901,,False,
student_por,S0_EARLY_NO_GRADE,decision_tree,0,6,COMPLETE,"{""class_weight"": null, ""max_depth"": 5, ""min_samples_leaf"": 5}","[0.48268676937216015, 0.4608752474861261, 0.35980392156862745]",0.4344553128089712,,False,
student_por,S0_EARLY_NO_GRADE,decision_tree,0,7,COMPLETE,"{""class_weight"": ""balanced"", ""max_depth"": 5, ""min_samples_leaf"": 5}","[0.30180990277849895, 0.440662068505931, 0.4186307006901826]",0.3870342239915375,,False,
student_por,S0_EARLY_NO_GRADE,decision_tree,0,8,COMPLETE,"{""class_weight"": null, ""max_depth"": null, ""min_samples_leaf"": 2}","[0.4714946070878274, 0.42864927489374316, 0.48377632534495274]",0.4613067357755078,,False,
student_por,S0_EARLY_NO_GRADE,decision_tree,0,9,COMPLETE,"{""class_weight"": ""balanced"", ""max_depth"": null, ""min_samples_leaf"": 2}","[0.3774265803882529, 0.39608550653326774, 0.4107591594273785]",0.3947570821162997,,False,
student_por,S0_EARLY_NO_GRADE,decision_tree,0,10,COMPLETE,"{""class_weight"": null, ""max_depth"": null, ""min_samples_leaf"": 5}","[0.4888712888712889, 0.3712101151860188, 0.46131513430532683]",0.4404655127875448,,False,
student_por,S0_EARLY_NO_GRADE,decision_tree,0,11,COMPLETE,"{""class_weight"": ""balanced"", ""max_depth"": null, ""min_samples_leaf"": 5}","[0.39199873497786214, 0.46898484115465244, 0.47556535571516845]",0.4455163106158943,,False,
student_por,S0_EARLY_NO_GRADE,decision_tree,1,0,COMPLETE,"{""class_weight"": null, ""max_depth"": 3, ""min_samples_leaf"": 2}","[0.3801185344827586, 0.39985459832788073, 0.3132075471698113]",0.3643935599934835,,False,
student_por,S0_EARLY_NO_GRADE,decision_tree,1,1,COMPLETE,"{""class_weight"": ""balanced"", ""max_depth"": 3, ""min_samples_leaf"": 2}","[0.3675308464160545, 0.3664261664261664, 0.41372155888719314]",0.3825595239098047,,False,
student_por,S0_EARLY_NO_GRADE,decision_tree,1,2,COMPLETE,"{""class_weight"": null, ""max_depth"": 3, ""min_samples_leaf"": 5}","[0.3801185344827586, 0.42369161334198896, 0.3132075471698113]",0.372339231664853,,False,
student_por,S0_EARLY_NO_GRADE,decision_tree,1,3,COMPLETE,"{""class_weight"": ""balanced"", ""max_depth"": 3, ""min_samples_leaf"": 5}","[0.36488205984490607, 0.38222001032220004, 0.41372155888719314]",0.3869412096847664,,False,
student_por,S0_EARLY_NO_GRADE,decision_tree,1,4,COMPLETE,"{""class_weight"": null, ""max_depth"": 5, ""min_samples_leaf"": 2}","[0.35162770562770557, 0.4487919943211165, 0.333746791564129]",0.3780554971709837,,False,
student_por,S0_EARLY_NO_GRADE,decision_tree,1,5,COMPLETE,"{""class_weight"": ""balanced"", ""max_depth"": 5, ""min_samples_leaf"": 2}","[0.43354517062612685, 0.46254328089901287, 0.37523965120070263]",0.4237760342419474,,False,
student_por,S0_EARLY_NO_GRADE,decision_tree,1,6,COMPLETE,"{""class_weight"": null, ""max_depth"": 5, ""min_samples_leaf"": 5}","[0.37141253807920477, 0.43847405356839325, 0.34188971978988386]",0.3839254371458273,,False,
student_por,S0_EARLY_NO_GRADE,decision_tree,1,7,COMPLETE,"{""class_weight"": ""balanced"", ""max_depth"": 5, ""min_samples_leaf"": 5}","[0.4442144007361399, 0.4399355877616748, 0.3989934733034521]",0.4277144872670889,,False,
student_por,S0_EARLY_NO_GRADE,decision_tree,1,8,COMPLETE,"{""class_weight"": null, ""max_depth"": null, ""min_samples_leaf"": 2}","[0.3772312496950178, 0.35248469758273676, 0.32902452970852425]",0.3529134923287595,,False,
student_por,S0_EARLY_NO_GRADE,decision_tree,1,9,COMPLETE,"{""class_weight"": ""balanced"", ""max_depth"": null, ""min_samples_leaf"": 2}","[0.4109736094990546, 0.4026211361737677, 0.3617687794313918]",0.3917878417014047,,False,
student_por,S0_EARLY_NO_GRADE,decision_tree,1,10,COMPLETE,"{""class_weight"": null, ""max_depth"": null, ""min_samples_leaf"": 5}","[0.4358634419259202, 0.39253150978814694, 0.3683349171154049]",0.3989099562764907,,False,
student_por,S0_EARLY_NO_GRADE,decision_tree,1,11,COMPLETE,"{""class_weight"": ""balanced"", ""max_depth"": null, ""min_samples_leaf"": 5}","[0.3942105859684914, 0.32270648372343286, 0.3961736690691362]",0.3710302462536868,,False,
student_por,S0_EARLY_NO_GRADE,decision_tree,2,0,COMPLETE,"{""class_weight"": null, ""max_depth"": 3, ""min_samples_leaf"": 2}","[0.32115971953370326, 0.3082631367829924, 0.36585284168927296]",0.3317585660019895,,False,
student_por,S0_EARLY_NO_GRADE,decision_tree,2,1,COMPLETE,"{""class_weight"": ""balanced"", ""max_depth"": 3, ""min_samples_leaf"": 2}","[0.508546975343653, 0.4044261396591266, 0.2965058190601669]",0.4031596446876488,,False,
student_por,S0_EARLY_NO_GRADE,decision_tree,2,2,COMPLETE,"{""class_weight"": null, ""max_depth"": 3, ""min_samples_leaf"": 5}","[0.32115971953370326, 0.3082631367829924, 0.34938271604938276]",0.3262685241220261,,False,
student_por,S0_EARLY_NO_GRADE,decision_tree,2,3,COMPLETE,"{""class_weight"": ""balanced"", ""max_depth"": 3, ""min_samples_leaf"": 5}","[0.508546975343653, 0.4044261396591266, 0.30324136053505324]",0.4054048251792776,,False,
student_por,S0_EARLY_NO_GRADE,decision_tree,2,4,COMPLETE,"{""class_weight"": null, ""max_depth"": 5, ""min_samples_leaf"": 2}","[0.45271802414659557, 0.4360656776974769, 0.40778371954842546]",0.432189140464166,,False,
student_por,S0_EARLY_NO_GRADE,decision_tree,2,5,COMPLETE,"{""class_weight"": ""balanced"", ""max_depth"": 5, ""min_samples_leaf"": 2}","[0.5009546721655783, 0.503343973248214, 0.4371285001981702]",0.4804757152039875,,False,
student_por,S0_EARLY_NO_GRADE,decision_tree,2,6,COMPLETE,"{""class_weight"": null, ""max_depth"": 5, ""min_samples_leaf"": 5}","[0.40170940170940167, 0.4095857583019514, 0.3687132510661923]",0.3933361370258484,,False,
student_por,S0_EARLY_NO_GRADE,decision_tree,2,7,COMPLETE,"{""class_weight"": ""balanced"", ""max_depth"": 5, ""min_samples_leaf"": 5}","[0.4974457215836526, 0.43866763565891476, 0.44096275333733526]",0.4590253701933008,,False,
student_por,S0_EARLY_NO_GRADE,decision_tree,2,8,COMPLETE,"{""class_weight"": null, ""max_depth"": null, ""min_samples_leaf"": 2}","[0.42501899090886813, 0.4423798798798799, 0.39262576503955815]",0.4200082119427687,,False,
student_por,S0_EARLY_NO_GRADE,decision_tree,2,9,COMPLETE,"{""class_weight"": ""balanced"", ""max_depth"": null, ""min_samples_leaf"": 2}","[0.4129427285951084, 0.468370544457501, 0.423572459286745]",0.4349619107797848,,False,
student_por,S0_EARLY_NO_GRADE,decision_tree,2,10,COMPLETE,"{""class_weight"": null, ""max_depth"": null, ""min_samples_leaf"": 5}","[0.4262613262613262, 0.4082190554130795, 0.37639826060878695]",0.4036262140943976,,False,
student_por,S0_EARLY_NO_GRADE,decision_tree,2,11,COMPLETE,"{""class_weight"": ""balanced"", ""max_depth"": null, ""min_samples_leaf"": 5}","[0.4122917114920271, 0.5048433048433049, 0.43682054164386397]",0.4513185193263986,,False,
student_por,S0_EARLY_NO_GRADE,decision_tree,3,0,COMPLETE,"{""class_weight"": null, ""max_depth"": 3, ""min_samples_leaf"": 2}","[0.3566871724766461, 0.37796092796092795, 0.3131815044858523]",0.3492765349744754,,False,
student_por,S0_EARLY_NO_GRADE,decision_tree,3,1,COMPLETE,"{""class_weight"": ""balanced"", ""max_depth"": 3, ""min_samples_leaf"": 2}","[0.3830432489451477, 0.40067379451301616, 0.32430555555555557]",0.3693408663379064,,False,
student_por,S0_EARLY_NO_GRADE,decision_tree,3,2,COMPLETE,"{""class_weight"": null, ""max_depth"": 3, ""min_samples_leaf"": 5}","[0.3769083969465649, 0.4026869455006337, 0.2943300063707794]",0.3579751162726594,,False,
student_por,S0_EARLY_NO_GRADE,decision_tree,3,3,COMPLETE,"{""class_weight"": ""balanced"", ""max_depth"": 3, ""min_samples_leaf"": 5}","[0.3830432489451477, 0.3879826560639085, 0.3319021597710123]",0.3676426882600228,,False,
student_por,S0_EARLY_NO_GRADE,decision_tree,3,4,COMPLETE,"{""class_weight"": null, ""max_depth"": 5, ""min_samples_leaf"": 2}","[0.4220824598183089, 0.4585267240134496, 0.3208270487682252]",0.4004787441999946,,False,
student_por,S0_EARLY_NO_GRADE,decision_tree,3,5,COMPLETE,"{""class_weight"": ""balanced"", ""max_depth"": 5, ""min_samples_leaf"": 2}","[0.4766035092122049, 0.38357302652604663, 0.30765767972141167]",0.3892780718198877,,False,
student_por,S0_EARLY_NO_GRADE,decision_tree,3,6,COMPLETE,"{""class_weight"": null, ""max_depth"": 5, ""min_samples_leaf"": 5}","[0.34896943852167733, 0.4823118957545187, 0.3641154167469957]",0.3984655836743973,,False,
student_por,S0_EARLY_NO_GRADE,decision_tree,3,7,COMPLETE,"{""class_weight"": ""balanced"", ""max_depth"": 5, ""min_samples_leaf"": 5}","[0.46122604020570357, 0.3822695035460993, 0.3347001257449019]",0.3927318898322349,,False,
student_por,S0_EARLY_NO_GRADE,decision_tree,3,8,COMPLETE,"{""class_weight"": null, ""max_depth"": null, ""min_samples_leaf"": 2}","[0.399529889947982, 0.4023391812865498, 0.4022759755604525]",0.4013816822649947,,False,
student_por,S0_EARLY_NO_GRADE,decision_tree,3,9,COMPLETE,"{""class_weight"": ""balanced"", ""max_depth"": null, ""min_samples_leaf"": 2}","[0.3998014323196082, 0.45781505728314237, 0.37795255703057123]",0.4118563488777739,,False,
student_por,S0_EARLY_NO_GRADE,decision_tree,3,10,COMPLETE,"{""class_weight"": null, ""max_depth"": null, ""min_samples_leaf"": 5}","[0.42094374822785335, 0.4754483611626468, 0.4897402820777434]",0.4620441304894145,,False,
student_por,S0_EARLY_NO_GRADE,decision_tree,3,11,COMPLETE,"{""class_weight"": ""balanced"", ""max_depth"": null, ""min_samples_leaf"": 5}","[0.41562724014336916, 0.4594517910523383, 0.4318074165678267]",0.4356288159211781,,False,
student_por,S0_EARLY_NO_GRADE,decision_tree,4,0,COMPLETE,"{""class_weight"": null, ""max_depth"": 3, ""min_samples_leaf"": 2}","[0.37881136950904387, 0.31016211941478844, 0.3759505703422053]",0.3549746864220125,,False,
student_por,S0_EARLY_NO_GRADE,decision_tree,4,1,COMPLETE,"{""class_weight"": ""balanced"", ""max_depth"": 3, ""min_samples_leaf"": 2}","[0.3660917054893506, 0.43148998152480855, 0.3836170724536975]",0.3937329198226189,,False,
student_por,S0_EARLY_NO_GRADE,decision_tree,4,2,COMPLETE,"{""class_weight"": null, ""max_depth"": 3, ""min_samples_leaf"": 5}","[0.3679870346537013, 0.31016211941478844, 0.3595268272074356]",0.3458919937586417,,False,
student_por,S0_EARLY_NO_GRADE,decision_tree,4,3,COMPLETE,"{""class_weight"": ""balanced"", ""max_depth"": 3, ""min_samples_leaf"": 5}","[0.3626865399017298, 0.43148998152480855, 0.3836170724536975]",0.3925978646267453,,False,
student_por,S0_EARLY_NO_GRADE,decision_tree,4,4,COMPLETE,"{""class_weight"": null, ""max_depth"": 5, ""min_samples_leaf"": 2}","[0.39903721051262037, 0.44482539682539685, 0.3808396329577331]",0.4082340800985835,,False,
student_por,S0_EARLY_NO_GRADE,decision_tree,4,5,COMPLETE,"{""class_weight"": ""balanced"", ""max_depth"": 5, ""min_samples_leaf"": 2}","[0.37149679592219526, 0.37685425363261854, 0.480066400218431]",0.4094724832577482,,False,
student_por,S0_EARLY_NO_GRADE,decision_tree,4,6,COMPLETE,"{""class_weight"": null, ""max_depth"": 5, ""min_samples_leaf"": 5}","[0.3452205521171039, 0.41206519578612605, 0.35279762923186936]",0.3700277923783664,,False,
student_por,S0_EARLY_NO_GRADE,decision_tree,4,7,COMPLETE,"{""class_weight"": ""balanced"", ""max_depth"": 5, ""min_samples_leaf"": 5}","[0.3549292586304471, 0.44180554247873705, 0.469150641025641]",0.4219618140449417,,False,
student_por,S0_EARLY_NO_GRADE,decision_tree,4,8,COMPLETE,"{""class_weight"": null, ""max_depth"": null, ""min_samples_leaf"": 2}","[0.5428283444761931, 0.42961763963406613, 0.4032263213679143]",0.4585574351593912,,False,
student_por,S0_EARLY_NO_GRADE,decision_tree,4,9,COMPLETE,"{""class_weight"": ""balanced"", ""max_depth"": null, ""min_samples_leaf"": 2}","[0.5102831830406581, 0.4481209897291867, 0.48110104906180706]",0.4798350739438839,,False,
student_por,S0_EARLY_NO_GRADE,decision_tree,4,10,COMPLETE,"{""class_weight"": null, ""max_depth"": null, ""min_samples_leaf"": 5}","[0.4875480246743506, 0.45219052306538465, 0.3678526435730162]",0.4358637304375838,,False,
student_por,S0_EARLY_NO_GRADE,decision_tree,4,11,COMPLETE,"{""class_weight"": ""balanced"", ""max_depth"": null, ""min_samples_leaf"": 5}","[0.4672145119820447, 0.4875888401899962, 0.5031153102720087]",0.4859728874813498,,False,
student_por,S0_EARLY_NO_GRADE,hist_gradient_boosting,0,0,COMPLETE,"{""l2_regularization"": 0.0, ""learning_rate"": 0.05, ""max_iter"": 250, ""max_leaf_nodes"": 15}","[0.5347729789590255, 0.5603256265625323, 0.468378355966178]",0.5211589871625787,,False,
student_por,S0_EARLY_NO_GRADE,hist_gradient_boosting,0,1,COMPLETE,"{""l2_regularization"": 1.0, ""learning_rate"": 0.05, ""max_iter"": 250, ""max_leaf_nodes"": 15}","[0.5078850520710986, 0.5283560730808438, 0.5473365500135643]",0.5278592250551689,,False,
student_por,S0_EARLY_NO_GRADE,hist_gradient_boosting,0,2,COMPLETE,"{""l2_regularization"": 0.0, ""learning_rate"": 0.05, ""max_iter"": 250, ""max_leaf_nodes"": 31}","[0.5347729789590255, 0.5603256265625323, 0.468378355966178]",0.5211589871625787,,False,
student_por,S0_EARLY_NO_GRADE,hist_gradient_boosting,0,3,COMPLETE,"{""l2_regularization"": 1.0, ""learning_rate"": 0.05, ""max_iter"": 250, ""max_leaf_nodes"": 31}","[0.5078850520710986, 0.5283560730808438, 0.5473365500135643]",0.5278592250551689,,False,
student_por,S0_EARLY_NO_GRADE,hist_gradient_boosting,0,4,COMPLETE,"{""l2_regularization"": 0.0, ""learning_rate"": 0.1, ""max_iter"": 250, ""max_leaf_nodes"": 15}","[0.48635383820569006, 0.5312354312354313, 0.5046008090716637]",0.5073966928375949,,False,
student_por,S0_EARLY_NO_GRADE,hist_gradient_boosting,0,5,COMPLETE,"{""l2_regularization"": 1.0, ""learning_rate"": 0.1, ""max_iter"": 250, ""max_leaf_nodes"": 15}","[0.49805870648083195, 0.5529074529074529, 0.5150652106155619]",0.522010456667949,,False,
student_por,S0_EARLY_NO_GRADE,hist_gradient_boosting,0,6,COMPLETE,"{""l2_regularization"": 0.0, ""learning_rate"": 0.1, ""max_iter"": 250, ""max_leaf_nodes"": 31}","[0.48635383820569006, 0.5312354312354313, 0.5046008090716637]",0.5073966928375949,,False,
student_por,S0_EARLY_NO_GRADE,hist_gradient_boosting,0,7,COMPLETE,"{""l2_regularization"": 1.0, ""learning_rate"": 0.1, ""max_iter"": 250, ""max_leaf_nodes"": 31}","[0.49805870648083195, 0.5529074529074529, 0.5150652106155619]",0.522010456667949,,False,
student_por,S0_EARLY_NO_GRADE,hist_gradient_boosting,1,0,COMPLETE,"{""l2_regularization"": 0.0, ""learning_rate"": 0.05, ""max_iter"": 250, ""max_leaf_nodes"": 15}","[0.3941056910569105, 0.4280931884949101, 0.403174334208817]",0.4084577379202125,,False,
student_por,S0_EARLY_NO_GRADE,hist_gradient_boosting,1,1,COMPLETE,"{""l2_regularization"": 1.0, ""learning_rate"": 0.05, ""max_iter"": 250, ""max_leaf_nodes"": 15}","[0.4631107478807109, 0.4430156248338067, 0.4299440972007344]",0.4453568233050839,,False,
student_por,S0_EARLY_NO_GRADE,hist_gradient_boosting,1,2,COMPLETE,"{""l2_regularization"": 0.0, ""learning_rate"": 0.05, ""max_iter"": 250, ""max_leaf_nodes"": 31}","[0.3941056910569105, 0.4280931884949101, 0.403174334208817]",0.4084577379202125,,False,
student_por,S0_EARLY_NO_GRADE,hist_gradient_boosting,1,3,COMPLETE,"{""l2_regularization"": 1.0, ""learning_rate"": 0.05, ""max_iter"": 250, ""max_leaf_nodes"": 31}","[0.4631107478807109, 0.4430156248338067, 0.4299440972007344]",0.4453568233050839,,False,
student_por,S0_EARLY_NO_GRADE,hist_gradient_boosting,1,4,COMPLETE,"{""l2_regularization"": 0.0, ""learning_rate"": 0.1, ""max_iter"": 250, ""max_leaf_nodes"": 15}","[0.42562314416417757, 0.40526421539079766, 0.3636487378547582]",0.3981786991365778,,False,
student_por,S0_EARLY_NO_GRADE,hist_gradient_boosting,1,5,COMPLETE,"{""l2_regularization"": 1.0, ""learning_rate"": 0.1, ""max_iter"": 250, ""max_leaf_nodes"": 15}","[0.4731411241777789, 0.4140332241598064, 0.38855019493177384]",0.4252415144231197,,False,
student_por,S0_EARLY_NO_GRADE,hist_gradient_boosting,1,6,COMPLETE,"{""l2_regularization"": 0.0, ""learning_rate"": 0.1, ""max_iter"": 250, ""max_leaf_nodes"": 31}","[0.42562314416417757, 0.40526421539079766, 0.3636487378547582]",0.3981786991365778,,False,
student_por,S0_EARLY_NO_GRADE,hist_gradient_boosting,1,7,COMPLETE,"{""l2_regularization"": 1.0, ""learning_rate"": 0.1, ""max_iter"": 250, ""max_leaf_nodes"": 31}","[0.4731411241777789, 0.4140332241598064, 0.38855019493177384]",0.4252415144231197,,False,
student_por,S0_EARLY_NO_GRADE,hist_gradient_boosting,2,0,COMPLETE,"{""l2_regularization"": 0.0, ""learning_rate"": 0.05, ""max_iter"": 250, ""max_leaf_nodes"": 15}","[0.4576115334898119, 0.4433647206528562, 0.41955689733044904]",0.4401777171577057,,False,
student_por,S0_EARLY_NO_GRADE,hist_gradient_boosting,2,1,COMPLETE,"{""l2_regularization"": 1.0, ""learning_rate"": 0.05, ""max_iter"": 250, ""max_leaf_nodes"": 15}","[0.40184894470608756, 0.4377145842663084, 0.4098874951643588]",0.4164836747122515,,False,
student_por,S0_EARLY_NO_GRADE,hist_gradient_boosting,2,2,COMPLETE,"{""l2_regularization"": 0.0, ""learning_rate"": 0.05, ""max_iter"": 250, ""max_leaf_nodes"": 31}","[0.4576115334898119, 0.43770048994277183, 0.41955689733044904]",0.4382896402543443,,False,
student_por,S0_EARLY_NO_GRADE,hist_gradient_boosting,2,3,COMPLETE,"{""l2_regularization"": 1.0, ""learning_rate"": 0.05, ""max_iter"": 250, ""max_leaf_nodes"": 31}","[0.40184894470608756, 0.4377145842663084, 0.4098874951643588]",0.4164836747122515,,False,
student_por,S0_EARLY_NO_GRADE,hist_gradient_boosting,2,4,COMPLETE,"{""l2_regularization"": 0.0, ""learning_rate"": 0.1, ""max_iter"": 250, ""max_leaf_nodes"": 15}","[0.39654827695311967, 0.42744379633688107, 0.4425987449243263]",0.4221969394047757,,False,
student_por,S0_EARLY_NO_GRADE,hist_gradient_boosting,2,5,COMPLETE,"{""l2_regularization"": 1.0, ""learning_rate"": 0.1, ""max_iter"": 250, ""max_leaf_nodes"": 15}","[0.4152630023640662, 0.4291666666666667, 0.4465647621984347]",0.4303314770763892,,False,
student_por,S0_EARLY_NO_GRADE,hist_gradient_boosting,2,6,COMPLETE,"{""l2_regularization"": 0.0, ""learning_rate"": 0.1, ""max_iter"": 250, ""max_leaf_nodes"": 31}","[0.39654827695311967, 0.42744379633688107, 0.4425987449243263]",0.4221969394047757,,False,
student_por,S0_EARLY_NO_GRADE,hist_gradient_boosting,2,7,COMPLETE,"{""l2_regularization"": 1.0, ""learning_rate"": 0.1, ""max_iter"": 250, ""max_leaf_nodes"": 31}","[0.4152630023640662, 0.4291666666666667, 0.4465647621984347]",0.4303314770763892,,False,
student_por,S0_EARLY_NO_GRADE,hist_gradient_boosting,3,0,COMPLETE,"{""l2_regularization"": 0.0, ""learning_rate"": 0.05, ""max_iter"": 250, ""max_leaf_nodes"": 15}","[0.46872322450673104, 0.45134920634920633, 0.39367816091954017]",0.4379168639251591,,False,
student_por,S0_EARLY_NO_GRADE,hist_gradient_boosting,3,1,COMPLETE,"{""l2_regularization"": 1.0, ""learning_rate"": 0.05, ""max_iter"": 250, ""max_leaf_nodes"": 15}","[0.4530573593073593, 0.44592322573236487, 0.4418726418726419]",0.4469510756374553,,False,
student_por,S0_EARLY_NO_GRADE,hist_gradient_boosting,3,2,COMPLETE,"{""l2_regularization"": 0.0, ""learning_rate"": 0.05, ""max_iter"": 250, ""max_leaf_nodes"": 31}","[0.46872322450673104, 0.45134920634920633, 0.39367816091954017]",0.4379168639251591,,False,
student_por,S0_EARLY_NO_GRADE,hist_gradient_boosting,3,3,COMPLETE,"{""l2_regularization"": 1.0, ""learning_rate"": 0.05, ""max_iter"": 250, ""max_leaf_nodes"": 31}","[0.4530573593073593, 0.44592322573236487, 0.4418726418726419]",0.4469510756374553,,False,
student_por,S0_EARLY_NO_GRADE,hist_gradient_boosting,3,4,COMPLETE,"{""l2_regularization"": 0.0, ""learning_rate"": 0.1, ""max_iter"": 250, ""max_leaf_nodes"": 15}","[0.4697100513000094, 0.4344655966156526, 0.4021386430678466]",0.4354380969945028,,False,
student_por,S0_EARLY_NO_GRADE,hist_gradient_boosting,3,5,COMPLETE,"{""l2_regularization"": 1.0, ""learning_rate"": 0.1, ""max_iter"": 250, ""max_leaf_nodes"": 15}","[0.4517691358695543, 0.4428226903442765, 0.4169590643274854]",0.4371836301804387,,False,
student_por,S0_EARLY_NO_GRADE,hist_gradient_boosting,3,6,COMPLETE,"{""l2_regularization"": 0.0, ""learning_rate"": 0.1, ""max_iter"": 250, ""max_leaf_nodes"": 31}","[0.4697100513000094, 0.4344655966156526, 0.4021386430678466]",0.4354380969945028,,False,
student_por,S0_EARLY_NO_GRADE,hist_gradient_boosting,3,7,COMPLETE,"{""l2_regularization"": 1.0, ""learning_rate"": 0.1, ""max_iter"": 250, ""max_leaf_nodes"": 31}","[0.4517691358695543, 0.4428226903442765, 0.4169590643274854]",0.4371836301804387,,False,
student_por,S0_EARLY_NO_GRADE,hist_gradient_boosting,4,0,COMPLETE,"{""l2_regularization"": 0.0, ""learning_rate"": 0.05, ""max_iter"": 250, ""max_leaf_nodes"": 15}","[0.5031313938946634, 0.49390050453880247, 0.496868986321319]",0.4979669615849282,,False,
student_por,S0_EARLY_NO_GRADE,hist_gradient_boosting,4,1,COMPLETE,"{""l2_regularization"": 1.0, ""learning_rate"": 0.05, ""max_iter"": 250, ""max_leaf_nodes"": 15}","[0.5336854171784166, 0.5089140465000334, 0.5082739617586165]",0.5169578084790222,,False,
student_por,S0_EARLY_NO_GRADE,hist_gradient_boosting,4,2,COMPLETE,"{""l2_regularization"": 0.0, ""learning_rate"": 0.05, ""max_iter"": 250, ""max_leaf_nodes"": 31}","[0.5031313938946634, 0.49390050453880247, 0.496868986321319]",0.4979669615849282,,False,
student_por,S0_EARLY_NO_GRADE,hist_gradient_boosting,4,3,COMPLETE,"{""l2_regularization"": 1.0, ""learning_rate"": 0.05, ""max_iter"": 250, ""max_leaf_nodes"": 31}","[0.5336854171784166, 0.5089140465000334, 0.5082739617586165]",0.5169578084790222,,False,
student_por,S0_EARLY_NO_GRADE,hist_gradient_boosting,4,4,COMPLETE,"{""l2_regularization"": 0.0, ""learning_rate"": 0.1, ""max_iter"": 250, ""max_leaf_nodes"": 15}","[0.501777983920841, 0.4852990422610676, 0.48950342334589897]",0.4921934831759358,,False,
student_por,S0_EARLY_NO_GRADE,hist_gradient_boosting,4,5,COMPLETE,"{""l2_regularization"": 1.0, ""learning_rate"": 0.1, ""max_iter"": 250, ""max_leaf_nodes"": 15}","[0.5505679592636114, 0.527313684032389, 0.5067943215582701]",0.5282253216180902,,False,
student_por,S0_EARLY_NO_GRADE,hist_gradient_boosting,4,6,COMPLETE,"{""l2_regularization"": 0.0, ""learning_rate"": 0.1, ""max_iter"": 250, ""max_leaf_nodes"": 31}","[0.501777983920841, 0.4852990422610676, 0.48950342334589897]",0.4921934831759358,,False,
student_por,S0_EARLY_NO_GRADE,hist_gradient_boosting,4,7,COMPLETE,"{""l2_regularization"": 1.0, ""learning_rate"": 0.1, ""max_iter"": 250, ""max_leaf_nodes"": 31}","[0.5505679592636114, 0.527313684032389, 0.5067943215582701]",0.5282253216180902,,False,
student_por,S0_EARLY_NO_GRADE,svm,0,0,COMPLETE,"{""C"": 0.5, ""class_weight"": null, ""gamma"": ""scale""}","[0.34174756256565364, 0.251984126984127, 0.4854054054054054]",0.359712364985062,,False,
student_por,S0_EARLY_NO_GRADE,svm,0,1,COMPLETE,"{""C"": 0.5, ""class_weight"": ""balanced"", ""gamma"": ""scale""}","[0.37067894962631803, 0.25925925925925924, 0.4148233462707604]",0.3482538517187792,,False,
student_por,S0_EARLY_NO_GRADE,svm,0,2,COMPLETE,"{""C"": 0.5, ""class_weight"": null, ""gamma"": 0.1}","[0.34174756256565364, 0.251984126984127, 0.4854054054054054]",0.359712364985062,,False,
student_por,S0_EARLY_NO_GRADE,svm,0,3,COMPLETE,"{""C"": 0.5, ""class_weight"": ""balanced"", ""gamma"": 0.1}","[0.37067894962631803, 0.25925925925925924, 0.4148233462707604]",0.3482538517187792,,False,
student_por,S0_EARLY_NO_GRADE,svm,0,4,COMPLETE,"{""C"": 1.0, ""class_weight"": null, ""gamma"": ""scale""}","[0.3367065385992125, 0.251984126984127, 0.4854054054054054]",0.3580320236629149,,False,
student_por,S0_EARLY_NO_GRADE,svm,0,5,COMPLETE,"{""C"": 1.0, ""class_weight"": ""balanced"", ""gamma"": ""scale""}","[0.34743034743034745, 0.24354243542435425, 0.44512732156333334]",0.3453667014726783,,False,
student_por,S0_EARLY_NO_GRADE,svm,0,6,COMPLETE,"{""C"": 1.0, ""class_weight"": null, ""gamma"": 0.1}","[0.3367065385992125, 0.251984126984127, 0.4854054054054054]",0.3580320236629149,,False,
student_por,S0_EARLY_NO_GRADE,svm,0,7,COMPLETE,"{""C"": 1.0, ""class_weight"": ""balanced"", ""gamma"": 0.1}","[0.34743034743034745, 0.24354243542435425, 0.44512732156333334]",0.3453667014726783,,False,
student_por,S0_EARLY_NO_GRADE,svm,0,8,COMPLETE,"{""C"": 2.0, ""class_weight"": null, ""gamma"": ""scale""}","[0.36403411197626995, 0.251984126984127, 0.43881107576110295]",0.3516097715738333,,False,
student_por,S0_EARLY_NO_GRADE,svm,0,9,COMPLETE,"{""C"": 2.0, ""class_weight"": ""balanced"", ""gamma"": ""scale""}","[0.3367065385992125, 0.24354243542435425, 0.39979797979797976]",0.3266823179405155,,False,
student_por,S0_EARLY_NO_GRADE,svm,0,10,COMPLETE,"{""C"": 2.0, ""class_weight"": null, ""gamma"": 0.1}","[0.36403411197626995, 0.251984126984127, 0.43881107576110295]",0.3516097715738333,,False,
student_por,S0_EARLY_NO_GRADE,svm,0,11,COMPLETE,"{""C"": 2.0, ""class_weight"": ""balanced"", ""gamma"": 0.1}","[0.3367065385992125, 0.24354243542435425, 0.39979797979797976]",0.3266823179405155,,False,
student_por,S0_EARLY_NO_GRADE,svm,1,0,COMPLETE,"{""C"": 0.5, ""class_weight"": null, ""gamma"": ""scale""}","[0.274057298968331, 0.35504667595028105, 0.29262460386055894]",0.3072428595930569,,False,
student_por,S0_EARLY_NO_GRADE,svm,1,1,COMPLETE,"{""C"": 0.5, ""class_weight"": ""balanced"", ""gamma"": ""scale""}","[0.25295508274231676, 0.3635067076703659, 0.27231542436469175]",0.2962590715924582,,False,
student_por,S0_EARLY_NO_GRADE,svm,1,2,COMPLETE,"{""C"": 0.5, ""class_weight"": null, ""gamma"": 0.1}","[0.274057298968331, 0.35504667595028105, 0.29262460386055894]",0.3072428595930569,,False,
student_por,S0_EARLY_NO_GRADE,svm,1,3,COMPLETE,"{""C"": 0.5, ""class_weight"": ""balanced"", ""gamma"": 0.1}","[0.25295508274231676, 0.3635067076703659, 0.27231542436469175]",0.2962590715924582,,False,
student_por,S0_EARLY_NO_GRADE,svm,1,4,COMPLETE,"{""C"": 1.0, ""class_weight"": null, ""gamma"": ""scale""}","[0.274057298968331, 0.35504667595028105, 0.29262460386055894]",0.3072428595930569,,False,
student_por,S0_EARLY_NO_GRADE,svm,1,5,COMPLETE,"{""C"": 1.0, ""class_weight"": ""balanced"", ""gamma"": ""scale""}","[0.25295508274231676, 0.3198412698412698, 0.3101010101010101]",0.2942991208948656,,False,
student_por,S0_EARLY_NO_GRADE,svm,1,6,COMPLETE,"{""C"": 1.0, ""class_weight"": null, ""gamma"": 0.1}","[0.274057298968331, 0.35504667595028105, 0.29262460386055894]",0.3072428595930569,,False,
student_por,S0_EARLY_NO_GRADE,svm,1,7,COMPLETE,"{""C"": 1.0, ""class_weight"": ""balanced"", ""gamma"": 0.1}","[0.25295508274231676, 0.3198412698412698, 0.3101010101010101]",0.2942991208948656,,False,
student_por,S0_EARLY_NO_GRADE,svm,1,8,COMPLETE,"{""C"": 2.0, ""class_weight"": null, ""gamma"": ""scale""}","[0.25295508274231676, 0.32774554051149796, 0.29753489624356383]",0.2927451731657928,,False,
student_por,S0_EARLY_NO_GRADE,svm,1,9,COMPLETE,"{""C"": 2.0, ""class_weight"": ""balanced"", ""gamma"": ""scale""}","[0.254416961130742, 0.32368868946309765, 0.32967486870832596]",0.3025935064340552,,False,
student_por,S0_EARLY_NO_GRADE,svm,1,10,COMPLETE,"{""C"": 2.0, ""class_weight"": null, ""gamma"": 0.1}","[0.25295508274231676, 0.32774554051149796, 0.29753489624356383]",0.2927451731657928,,False,
student_por,S0_EARLY_NO_GRADE,svm,1,11,COMPLETE,"{""C"": 2.0, ""class_weight"": ""balanced"", ""gamma"": 0.1}","[0.254416961130742, 0.32368868946309765, 0.32967486870832596]",0.3025935064340552,,False,
student_por,S0_EARLY_NO_GRADE,svm,2,0,COMPLETE,"{""C"": 0.5, ""class_weight"": null, ""gamma"": ""scale""}","[0.3226890484955001, 0.3014880690323149, 0.3278676204335677]",0.3173482459871276,,False,
student_por,S0_EARLY_NO_GRADE,svm,2,1,COMPLETE,"{""C"": 0.5, ""class_weight"": ""balanced"", ""gamma"": ""scale""}","[0.31205007824726133, 0.34264069264069263, 0.292326139088729]",0.315672303325561,,False,
student_por,S0_EARLY_NO_GRADE,svm,2,2,COMPLETE,"{""C"": 0.5, ""class_weight"": null, ""gamma"": 0.1}","[0.3226890484955001, 0.3014880690323149, 0.3278676204335677]",0.3173482459871276,,False,
student_por,S0_EARLY_NO_GRADE,svm,2,3,COMPLETE,"{""C"": 0.5, ""class_weight"": ""balanced"", ""gamma"": 0.1}","[0.31205007824726133, 0.34264069264069263, 0.292326139088729]",0.315672303325561,,False,
student_por,S0_EARLY_NO_GRADE,svm,2,4,COMPLETE,"{""C"": 1.0, ""class_weight"": null, ""gamma"": ""scale""}","[0.3226890484955001, 0.3014880690323149, 0.3395176887053506]",0.3212316020777219,,False,
student_por,S0_EARLY_NO_GRADE,svm,2,5,COMPLETE,"{""C"": 1.0, ""class_weight"": ""balanced"", ""gamma"": ""scale""}","[0.34046945320289973, 0.336141269159732, 0.2915131309586477]",0.3227079511070931,,False,
student_por,S0_EARLY_NO_GRADE,svm,2,6,COMPLETE,"{""C"": 1.0, ""class_weight"": null, ""gamma"": 0.1}","[0.3226890484955001, 0.3014880690323149, 0.3395176887053506]",0.3212316020777219,,False,
student_por,S0_EARLY_NO_GRADE,svm,2,7,COMPLETE,"{""C"": 1.0, ""class_weight"": ""balanced"", ""gamma"": 0.1}","[0.34046945320289973, 0.336141269159732, 0.2915131309586477]",0.3227079511070931,,False,
student_por,S0_EARLY_NO_GRADE,svm,2,8,COMPLETE,"{""C"": 2.0, ""class_weight"": null, ""gamma"": ""scale""}","[0.29843291502778296, 0.30419664268585134, 0.303189045124529]",0.3019395342793877,,False,
student_por,S0_EARLY_NO_GRADE,svm,2,9,COMPLETE,"{""C"": 2.0, ""class_weight"": ""balanced"", ""gamma"": ""scale""}","[0.26989619377162627, 0.3156132756132756, 0.27950536461174763]",0.2883382779988832,,False,
student_por,S0_EARLY_NO_GRADE,svm,2,10,COMPLETE,"{""C"": 2.0, ""class_weight"": null, ""gamma"": 0.1}","[0.29843291502778296, 0.30419664268585134, 0.303189045124529]",0.3019395342793877,,False,
student_por,S0_EARLY_NO_GRADE,svm,2,11,COMPLETE,"{""C"": 2.0, ""class_weight"": ""balanced"", ""gamma"": 0.1}","[0.26989619377162627, 0.3156132756132756, 0.27950536461174763]",0.2883382779988832,,False,
student_por,S0_EARLY_NO_GRADE,svm,3,0,COMPLETE,"{""C"": 0.5, ""class_weight"": null, ""gamma"": ""scale""}","[0.31812711957116285, 0.38792088792088797, 0.2983047563692725]",0.3347842546204411,,False,
student_por,S0_EARLY_NO_GRADE,svm,3,1,COMPLETE,"{""C"": 0.5, ""class_weight"": ""balanced"", ""gamma"": ""scale""}","[0.31664470794905575, 0.3874842334594657, 0.31664470794905575]",0.3402578831191924,,False,
student_por,S0_EARLY_NO_GRADE,svm,3,2,COMPLETE,"{""C"": 0.5, ""class_weight"": null, ""gamma"": 0.1}","[0.31812711957116285, 0.38792088792088797, 0.2983047563692725]",0.3347842546204411,,False,
student_por,S0_EARLY_NO_GRADE,svm,3,3,COMPLETE,"{""C"": 0.5, ""class_weight"": ""balanced"", ""gamma"": 0.1}","[0.31664470794905575, 0.3874842334594657, 0.31664470794905575]",0.3402578831191924,,False,
student_por,S0_EARLY_NO_GRADE,svm,3,4,COMPLETE,"{""C"": 1.0, ""class_weight"": null, ""gamma"": ""scale""}","[0.31812711957116285, 0.3835855979818828, 0.2751608751608752]",0.3256245309046403,,False,
student_por,S0_EARLY_NO_GRADE,svm,3,5,COMPLETE,"{""C"": 1.0, ""class_weight"": ""balanced"", ""gamma"": ""scale""}","[0.2913368983957219, 0.3775707384403037, 0.32002157646158574]",0.3296430710992037,,False,
student_por,S0_EARLY_NO_GRADE,svm,3,6,COMPLETE,"{""C"": 1.0, ""class_weight"": null, ""gamma"": 0.1}","[0.31812711957116285, 0.3835855979818828, 0.2751608751608752]",0.3256245309046403,,False,
student_por,S0_EARLY_NO_GRADE,svm,3,7,COMPLETE,"{""C"": 1.0, ""class_weight"": ""balanced"", ""gamma"": 0.1}","[0.2913368983957219, 0.3775707384403037, 0.32002157646158574]",0.3296430710992037,,False,
student_por,S0_EARLY_NO_GRADE,svm,3,8,COMPLETE,"{""C"": 2.0, ""class_weight"": null, ""gamma"": ""scale""}","[0.29826139088729015, 0.3755747955747956, 0.2961181185827276]",0.3233181016816044,,False,
student_por,S0_EARLY_NO_GRADE,svm,3,9,COMPLETE,"{""C"": 2.0, ""class_weight"": ""balanced"", ""gamma"": ""scale""}","[0.2708155726058539, 0.304447472312476, 0.32198327359617684]",0.2990821061715022,,False,
student_por,S0_EARLY_NO_GRADE,svm,3,10,COMPLETE,"{""C"": 2.0, ""class_weight"": null, ""gamma"": 0.1}","[0.29826139088729015, 0.3755747955747956, 0.2961181185827276]",0.3233181016816044,,False,
student_por,S0_EARLY_NO_GRADE,svm,3,11,COMPLETE,"{""C"": 2.0, ""class_weight"": ""balanced"", ""gamma"": 0.1}","[0.2708155726058539, 0.304447472312476, 0.32198327359617684]",0.2990821061715022,,False,
student_por,S0_EARLY_NO_GRADE,svm,4,0,COMPLETE,"{""C"": 0.5, ""class_weight"": null, ""gamma"": ""scale""}","[0.4063815753738234, 0.3411404025750295, 0.31932773109243695]",0.3556165696804299,,False,
student_por,S0_EARLY_NO_GRADE,svm,4,1,COMPLETE,"{""C"": 0.5, ""class_weight"": ""balanced"", ""gamma"": ""scale""}","[0.3052617835226531, 0.3525540942249508, 0.406042192157762]",0.3546193566351219,,False,
student_por,S0_EARLY_NO_GRADE,svm,4,2,COMPLETE,"{""C"": 0.5, ""class_weight"": null, ""gamma"": 0.1}","[0.4063815753738234, 0.3411404025750295, 0.31932773109243695]",0.3556165696804299,,False,
student_por,S0_EARLY_NO_GRADE,svm,4,3,COMPLETE,"{""C"": 0.5, ""class_weight"": ""balanced"", ""gamma"": 0.1}","[0.3052617835226531, 0.3525540942249508, 0.406042192157762]",0.3546193566351219,,False,
student_por,S0_EARLY_NO_GRADE,svm,4,4,COMPLETE,"{""C"": 1.0, ""class_weight"": null, ""gamma"": ""scale""}","[0.39140669398971983, 0.3442901234567901, 0.3074631312378966]",0.3477199828948021,,False,
student_por,S0_EARLY_NO_GRADE,svm,4,5,COMPLETE,"{""C"": 1.0, ""class_weight"": ""balanced"", ""gamma"": ""scale""}","[0.3256952604778692, 0.3729962670180062, 0.3599149566156295]",0.3528688280371683,,False,
student_por,S0_EARLY_NO_GRADE,svm,4,6,COMPLETE,"{""C"": 1.0, ""class_weight"": null, ""gamma"": 0.1}","[0.39140669398971983, 0.3442901234567901, 0.3074631312378966]",0.3477199828948021,,False,
student_por,S0_EARLY_NO_GRADE,svm,4,7,COMPLETE,"{""C"": 1.0, ""class_weight"": ""balanced"", ""gamma"": 0.1}","[0.3256952604778692, 0.3729962670180062, 0.3599149566156295]",0.3528688280371683,,False,
student_por,S0_EARLY_NO_GRADE,svm,4,8,COMPLETE,"{""C"": 2.0, ""class_weight"": null, ""gamma"": ""scale""}","[0.41633686608634085, 0.3665442207160408, 0.2952898550724638]",0.3593903139582818,,False,
student_por,S0_EARLY_NO_GRADE,svm,4,9,COMPLETE,"{""C"": 2.0, ""class_weight"": ""balanced"", ""gamma"": ""scale""}","[0.3256952604778692, 0.386907410403689, 0.3278985507246377]",0.3468337405353986,,False,
student_por,S0_EARLY_NO_GRADE,svm,4,10,COMPLETE,"{""C"": 2.0, ""class_weight"": null, ""gamma"": 0.1}","[0.41633686608634085, 0.3665442207160408, 0.2952898550724638]",0.3593903139582818,,False,
student_por,S0_EARLY_NO_GRADE,svm,4,11,COMPLETE,"{""C"": 2.0, ""class_weight"": ""balanced"", ""gamma"": 0.1}","[0.3256952604778692, 0.386907410403689, 0.3278985507246377]",0.3468337405353986,,False,
student_por,S1_MID_G1_ONLY,decision_tree,0,0,COMPLETE,"{""class_weight"": null, ""max_depth"": 3, ""min_samples_leaf"": 2}","[0.792522684471837, 0.8434517083022769, 0.7510645051405921]",0.7956796326382354,,False,
student_por,S1_MID_G1_ONLY,decision_tree,0,1,COMPLETE,"{""class_weight"": ""balanced"", ""max_depth"": 3, ""min_samples_leaf"": 2}","[0.7365001365001366, 0.7483846563291157, 0.7416723600308318]",0.7421857176200279,,False,
student_por,S1_MID_G1_ONLY,decision_tree,0,2,COMPLETE,"{""class_weight"": null, ""max_depth"": 3, ""min_samples_leaf"": 5}","[0.7763031038129004, 0.810588284501328, 0.7510645051405921]",0.7793186311516068,,False,
student_por,S1_MID_G1_ONLY,decision_tree,0,3,COMPLETE,"{""class_weight"": ""balanced"", ""max_depth"": 3, ""min_samples_leaf"": 5}","[0.7192845018931976, 0.7723143958438076, 0.7329960421586635]",0.7415316466318895,,False,
student_por,S1_MID_G1_ONLY,decision_tree,0,4,COMPLETE,"{""class_weight"": null, ""max_depth"": 5, ""min_samples_leaf"": 2}","[0.7007304551191988, 0.7829239766081871, 0.7008196721311476]",0.7281580346195112,,False,
student_por,S1_MID_G1_ONLY,decision_tree,0,5,COMPLETE,"{""class_weight"": ""balanced"", ""max_depth"": 5, ""min_samples_leaf"": 2}","[0.7443898314042597, 0.7483483483483484, 0.695260496671787]",0.729332892141465,,False,
student_por,S1_MID_G1_ONLY,decision_tree,0,6,COMPLETE,"{""class_weight"": null, ""max_depth"": 5, ""min_samples_leaf"": 5}","[0.6965117207247958, 0.7458858803396619, 0.6832673936118884]",0.7085549982254488,,False,
student_por,S1_MID_G1_ONLY,decision_tree,0,7,COMPLETE,"{""class_weight"": ""balanced"", ""max_depth"": 5, ""min_samples_leaf"": 5}","[0.7295385214512883, 0.7441604881390788, 0.7029320987654321]",0.7255437027852664,,False,
student_por,S1_MID_G1_ONLY,decision_tree,0,8,COMPLETE,"{""class_weight"": null, ""max_depth"": null, ""min_samples_leaf"": 2}","[0.6624985779409301, 0.7447127223681118, 0.6450189155107188]",0.6840767386065868,,False,
student_por,S1_MID_G1_ONLY,decision_tree,0,9,COMPLETE,"{""class_weight"": ""balanced"", ""max_depth"": null, ""min_samples_leaf"": 2}","[0.6733621112691403, 0.7001649727160508, 0.6547257014243252]",0.676084261803172,,False,
student_por,S1_MID_G1_ONLY,decision_tree,0,10,COMPLETE,"{""class_weight"": null, ""max_depth"": null, ""min_samples_leaf"": 5}","[0.675069492523741, 0.7643476810143476, 0.6541179626077357]",0.6978450453819414,,False,
student_por,S1_MID_G1_ONLY,decision_tree,0,11,COMPLETE,"{""class_weight"": ""balanced"", ""max_depth"": null, ""min_samples_leaf"": 5}","[0.6582356341583334, 0.7283562744060342, 0.7347531673219746]",0.7071150252954475,,False,
student_por,S1_MID_G1_ONLY,decision_tree,1,0,COMPLETE,"{""class_weight"": null, ""max_depth"": 3, ""min_samples_leaf"": 2}","[0.8291959875595234, 0.7906311748168382, 0.7751046297800318]",0.7983105973854645,,False,
student_por,S1_MID_G1_ONLY,decision_tree,1,1,COMPLETE,"{""class_weight"": ""balanced"", ""max_depth"": 3, ""min_samples_leaf"": 2}","[0.786104923591607, 0.7458781524291248, 0.7549909166789415]",0.7623246642332244,,False,
student_por,S1_MID_G1_ONLY,decision_tree,1,2,COMPLETE,"{""class_weight"": null, ""max_depth"": 3, ""min_samples_leaf"": 5}","[0.7696170747018205, 0.7906311748168382, 0.7828282828282829]",0.7810255107823139,,False,
student_por,S1_MID_G1_ONLY,decision_tree,1,3,COMPLETE,"{""class_weight"": ""balanced"", ""max_depth"": 3, ""min_samples_leaf"": 5}","[0.7748655558494226, 0.7458781524291248, 0.7448098496485592]",0.7551845193090355,,False,
student_por,S1_MID_G1_ONLY,decision_tree,1,4,COMPLETE,"{""class_weight"": null, ""max_depth"": 5, ""min_samples_leaf"": 2}","[0.6056162117452439, 0.7409583496540019, 0.7321994373677847]",0.6929246662556768,,False,
student_por,S1_MID_G1_ONLY,decision_tree,1,5,COMPLETE,"{""class_weight"": ""balanced"", ""max_depth"": 5, ""min_samples_leaf"": 2}","[0.7874964669744907, 0.6923897786247446, 0.7465771041208636]",0.7421544499066997,,False,
student_por,S1_MID_G1_ONLY,decision_tree,1,6,COMPLETE,"{""class_weight"": null, ""max_depth"": 5, ""min_samples_leaf"": 5}","[0.6159997665119809, 0.739839396919043, 0.7173072856024003]",0.6910488163444747,,False,
student_por,S1_MID_G1_ONLY,decision_tree,1,7,COMPLETE,"{""class_weight"": ""balanced"", ""max_depth"": 5, ""min_samples_leaf"": 5}","[0.7597266744254106, 0.711450603812018, 0.7413773965498104]",0.7375182249290796,,False,
student_por,S1_MID_G1_ONLY,decision_tree,1,8,COMPLETE,"{""class_weight"": null, ""max_depth"": null, ""min_samples_leaf"": 2}","[0.6426670923797361, 0.723464647976452, 0.652517834109874]",0.6728831914886874,,False,
student_por,S1_MID_G1_ONLY,decision_tree,1,9,COMPLETE,"{""class_weight"": ""balanced"", ""max_depth"": null, ""min_samples_leaf"": 2}","[0.6442583576760792, 0.6896528479946075, 0.6527617424450675]",0.6622243160385848,,False,
student_por,S1_MID_G1_ONLY,decision_tree,1,10,COMPLETE,"{""class_weight"": null, ""max_depth"": null, ""min_samples_leaf"": 5}","[0.6325451319570424, 0.739839396919043, 0.7252762465978814]",0.6992202584913222,,False,
student_por,S1_MID_G1_ONLY,decision_tree,1,11,COMPLETE,"{""class_weight"": ""balanced"", ""max_depth"": null, ""min_samples_leaf"": 5}","[0.7533261416756561, 0.6918978270920019, 0.6948380436185314]",0.7133540041287297,,False,
student_por,S1_MID_G1_ONLY,decision_tree,2,0,COMPLETE,"{""class_weight"": null, ""max_depth"": 3, ""min_samples_leaf"": 2}","[0.7448838669177652, 0.8024670850252246, 0.7505771450557907]",0.7659760323329268,,False,
student_por,S1_MID_G1_ONLY,decision_tree,2,1,COMPLETE,"{""class_weight"": ""balanced"", ""max_depth"": 3, ""min_samples_leaf"": 2}","[0.7393972403776324, 0.7331268550780746, 0.7619078988644206]",0.7448106647733758,,False,
student_por,S1_MID_G1_ONLY,decision_tree,2,2,COMPLETE,"{""class_weight"": null, ""max_depth"": 3, ""min_samples_leaf"": 5}","[0.7448838669177652, 0.7808204444253232, 0.7505771450557907]",0.758760485466293,,False,
student_por,S1_MID_G1_ONLY,decision_tree,2,3,COMPLETE,"{""class_weight"": ""balanced"", ""max_depth"": 3, ""min_samples_leaf"": 5}","[0.7393972403776324, 0.7296255365082628, 0.7619078988644206]",0.7436435585834387,,False,
student_por,S1_MID_G1_ONLY,decision_tree,2,4,COMPLETE,"{""class_weight"": null, ""max_depth"": 5, ""min_samples_leaf"": 2}","[0.6411674347158218, 0.681449905205204, 0.7468979072239942]",0.6898384157150067,,False,
student_por,S1_MID_G1_ONLY,decision_tree,2,5,COMPLETE,"{""class_weight"": ""balanced"", ""max_depth"": 5, ""min_samples_leaf"": 2}","[0.6782587507415881, 0.7530164343665487, 0.7522487686134677]",0.7278413179072015,,False,
student_por,S1_MID_G1_ONLY,decision_tree,2,6,COMPLETE,"{""class_weight"": null, ""max_depth"": 5, ""min_samples_leaf"": 5}","[0.7005502685178038, 0.7129762664963814, 0.6867448941688471]",0.700090476394344,,False,
student_por,S1_MID_G1_ONLY,decision_tree,2,7,COMPLETE,"{""class_weight"": ""balanced"", ""max_depth"": 5, ""min_samples_leaf"": 5}","[0.6896297847910752, 0.7447949233973162, 0.7351598354405056]",0.723194847876299,,False,
student_por,S1_MID_G1_ONLY,decision_tree,2,8,COMPLETE,"{""class_weight"": null, ""max_depth"": null, ""min_samples_leaf"": 2}","[0.6497054760601558, 0.6488816738816738, 0.6529071537290716]",0.6504981012236337,,False,
student_por,S1_MID_G1_ONLY,decision_tree,2,9,COMPLETE,"{""class_weight"": ""balanced"", ""max_depth"": null, ""min_samples_leaf"": 2}","[0.6471217551862712, 0.6594932844932845, 0.6852476126097363]",0.663954217429764,,False,
student_por,S1_MID_G1_ONLY,decision_tree,2,10,COMPLETE,"{""class_weight"": null, ""max_depth"": null, ""min_samples_leaf"": 5}","[0.6673020493981193, 0.6924972272635612, 0.6738445931295108]",0.6778812899303971,,False,
student_por,S1_MID_G1_ONLY,decision_tree,2,11,COMPLETE,"{""class_weight"": ""balanced"", ""max_depth"": null, ""min_samples_leaf"": 5}","[0.641524247211451, 0.6969314413641031, 0.6960134685760853]",0.6781563857172132,,False,
student_por,S1_MID_G1_ONLY,decision_tree,3,0,COMPLETE,"{""class_weight"": null, ""max_depth"": 3, ""min_samples_leaf"": 2}","[0.762812852406039, 0.8357223148930434, 0.7701841948900773]",0.7895731207297199,,False,
student_por,S1_MID_G1_ONLY,decision_tree,3,1,COMPLETE,"{""class_weight"": ""balanced"", ""max_depth"": 3, ""min_samples_leaf"": 2}","[0.7812516564816708, 0.7992113263808601, 0.7408470926058865]",0.7737700251561392,,False,
student_por,S1_MID_G1_ONLY,decision_tree,3,2,COMPLETE,"{""class_weight"": null, ""max_depth"": 3, ""min_samples_leaf"": 5}","[0.762812852406039, 0.8218168417173392, 0.7701841948900773]",0.7849379630044852,,False,
student_por,S1_MID_G1_ONLY,decision_tree,3,3,COMPLETE,"{""class_weight"": ""balanced"", ""max_depth"": 3, ""min_samples_leaf"": 5}","[0.7812516564816708, 0.8059788109858964, 0.7408470926058865]",0.7760258533578179,,False,
student_por,S1_MID_G1_ONLY,decision_tree,3,4,COMPLETE,"{""class_weight"": null, ""max_depth"": 5, ""min_samples_leaf"": 2}","[0.5917897039293805, 0.733997271848389, 0.7592166476706593]",0.6950012078161429,,False,
student_por,S1_MID_G1_ONLY,decision_tree,3,5,COMPLETE,"{""class_weight"": ""balanced"", ""max_depth"": 5, ""min_samples_leaf"": 2}","[0.7357464216851491, 0.8016596201173724, 0.7680057388809182]",0.7684705935611466,,False,
student_por,S1_MID_G1_ONLY,decision_tree,3,6,COMPLETE,"{""class_weight"": null, ""max_depth"": 5, ""min_samples_leaf"": 5}","[0.6807057701478302, 0.792304386890113, 0.7492110532639167]",0.7407404034339532,,False,
student_por,S1_MID_G1_ONLY,decision_tree,3,7,COMPLETE,"{""class_weight"": ""balanced"", ""max_depth"": 5, ""min_samples_leaf"": 5}","[0.7639114724480578, 0.7049373284667402, 0.7196545555169441]",0.7295011188105808,,False,
student_por,S1_MID_G1_ONLY,decision_tree,3,8,COMPLETE,"{""class_weight"": null, ""max_depth"": null, ""min_samples_leaf"": 2}","[0.6117879782403453, 0.6900294993228001, 0.6683988132698012]",0.6567387636109822,,False,
student_por,S1_MID_G1_ONLY,decision_tree,3,9,COMPLETE,"{""class_weight"": ""balanced"", ""max_depth"": null, ""min_samples_leaf"": 2}","[0.6078548037452147, 0.7092707337285651, 0.7424661480841256]",0.6865305618526351,,False,
student_por,S1_MID_G1_ONLY,decision_tree,3,10,COMPLETE,"{""class_weight"": null, ""max_depth"": null, ""min_samples_leaf"": 5}","[0.6862026862026861, 0.7901570410044987, 0.7605429864253394]",0.7456342378775079,,False,
student_por,S1_MID_G1_ONLY,decision_tree,3,11,COMPLETE,"{""class_weight"": ""balanced"", ""max_depth"": null, ""min_samples_leaf"": 5}","[0.7555276848755109, 0.6866991662004848, 0.7148908760000121]",0.7190392423586692,,False,
student_por,S1_MID_G1_ONLY,decision_tree,4,0,COMPLETE,"{""class_weight"": null, ""max_depth"": 3, ""min_samples_leaf"": 2}","[0.7868275515334339, 0.8131917083323733, 0.8480367673256283]",0.8160186757304785,,False,
student_por,S1_MID_G1_ONLY,decision_tree,4,1,COMPLETE,"{""class_weight"": ""balanced"", ""max_depth"": 3, ""min_samples_leaf"": 2}","[0.7416805416805418, 0.7737908108914636, 0.7619825708061002]",0.7591513077927018,,False,
student_por,S1_MID_G1_ONLY,decision_tree,4,2,COMPLETE,"{""class_weight"": null, ""max_depth"": 3, ""min_samples_leaf"": 5}","[0.7767324738114424, 0.7982938629997453, 0.7847237639825805]",0.786583366931256,,False,
student_por,S1_MID_G1_ONLY,decision_tree,4,3,COMPLETE,"{""class_weight"": ""balanced"", ""max_depth"": 3, ""min_samples_leaf"": 5}","[0.7603313067230593, 0.7779671702277691, 0.7503097156562504]",0.7628693975356929,,False,
student_por,S1_MID_G1_ONLY,decision_tree,4,4,COMPLETE,"{""class_weight"": null, ""max_depth"": 5, ""min_samples_leaf"": 2}","[0.7007844642512944, 0.7688065460148668, 0.7730689566392136]",0.7475533223017915,,False,
student_por,S1_MID_G1_ONLY,decision_tree,4,5,COMPLETE,"{""class_weight"": ""balanced"", ""max_depth"": 5, ""min_samples_leaf"": 2}","[0.7480364340278899, 0.657751251612339, 0.7567903484965096]",0.7208593447122462,,False,
student_por,S1_MID_G1_ONLY,decision_tree,4,6,COMPLETE,"{""class_weight"": null, ""max_depth"": 5, ""min_samples_leaf"": 5}","[0.7044348637268992, 0.7774592252803262, 0.720816168243312]",0.7342367524168458,,False,
student_por,S1_MID_G1_ONLY,decision_tree,4,7,COMPLETE,"{""class_weight"": ""balanced"", ""max_depth"": 5, ""min_samples_leaf"": 5}","[0.7823652276425889, 0.6474926718751824, 0.6842111908559277]",0.704689696791233,,False,
student_por,S1_MID_G1_ONLY,decision_tree,4,8,COMPLETE,"{""class_weight"": null, ""max_depth"": null, ""min_samples_leaf"": 2}","[0.7152361299434408, 0.6980508461382778, 0.636249503997294]",0.6831788266930042,,False,
student_por,S1_MID_G1_ONLY,decision_tree,4,9,COMPLETE,"{""class_weight"": ""balanced"", ""max_depth"": null, ""min_samples_leaf"": 2}","[0.6601900211684175, 0.6692773424418994, 0.7046675283642108]",0.6780449639915093,,False,
student_por,S1_MID_G1_ONLY,decision_tree,4,10,COMPLETE,"{""class_weight"": null, ""max_depth"": null, ""min_samples_leaf"": 5}","[0.7044348637268992, 0.7300383169549504, 0.7429649758454105]",0.72581271884242,,False,
student_por,S1_MID_G1_ONLY,decision_tree,4,11,COMPLETE,"{""class_weight"": ""balanced"", ""max_depth"": null, ""min_samples_leaf"": 5}","[0.7666899266416175, 0.6374462675832538, 0.6429092279382977]",0.6823484740543897,,False,
student_por,S1_MID_G1_ONLY,hist_gradient_boosting,0,0,COMPLETE,"{""l2_regularization"": 0.0, ""learning_rate"": 0.05, ""max_iter"": 250, ""max_leaf_nodes"": 15}","[0.7499571991097415, 0.771841939726654, 0.6990141439790151]",0.7402710942718035,,False,
student_por,S1_MID_G1_ONLY,hist_gradient_boosting,0,1,COMPLETE,"{""l2_regularization"": 1.0, ""learning_rate"": 0.05, ""max_iter"": 250, ""max_leaf_nodes"": 15}","[0.7038558528098277, 0.7996219714236026, 0.7219501809665744]",0.7418093350666681,,False,
student_por,S1_MID_G1_ONLY,hist_gradient_boosting,0,2,COMPLETE,"{""l2_regularization"": 0.0, ""learning_rate"": 0.05, ""max_iter"": 250, ""max_leaf_nodes"": 31}","[0.7499571991097415, 0.771841939726654, 0.6990141439790151]",0.7402710942718035,,False,
student_por,S1_MID_G1_ONLY,hist_gradient_boosting,0,3,COMPLETE,"{""l2_regularization"": 1.0, ""learning_rate"": 0.05, ""max_iter"": 250, ""max_leaf_nodes"": 31}","[0.7038558528098277, 0.7996219714236026, 0.7219501809665744]",0.7418093350666681,,False,
student_por,S1_MID_G1_ONLY,hist_gradient_boosting,0,4,COMPLETE,"{""l2_regularization"": 0.0, ""learning_rate"": 0.1, ""max_iter"": 250, ""max_leaf_nodes"": 15}","[0.7282359584149866, 0.7914742645052127, 0.6665887395285409]",0.7287663208162467,,False,
student_por,S1_MID_G1_ONLY,hist_gradient_boosting,0,5,COMPLETE,"{""l2_regularization"": 1.0, ""learning_rate"": 0.1, ""max_iter"": 250, ""max_leaf_nodes"": 15}","[0.7277777777777779, 0.8035157772643867, 0.6992063492063493]",0.7434999680828379,,False,
student_por,S1_MID_G1_ONLY,hist_gradient_boosting,0,6,COMPLETE,"{""l2_regularization"": 0.0, ""learning_rate"": 0.1, ""max_iter"": 250, ""max_leaf_nodes"": 31}","[0.7282359584149866, 0.7914742645052127, 0.6665887395285409]",0.7287663208162467,,False,
student_por,S1_MID_G1_ONLY,hist_gradient_boosting,0,7,COMPLETE,"{""l2_regularization"": 1.0, ""learning_rate"": 0.1, ""max_iter"": 250, ""max_leaf_nodes"": 31}","[0.7277777777777779, 0.8035157772643867, 0.6992063492063493]",0.7434999680828379,,False,
student_por,S1_MID_G1_ONLY,hist_gradient_boosting,1,0,COMPLETE,"{""l2_regularization"": 0.0, ""learning_rate"": 0.05, ""max_iter"": 250, ""max_leaf_nodes"": 15}","[0.7174081237911025, 0.7045888598970791, 0.6430562191431757]",0.6883510676104524,,False,
student_por,S1_MID_G1_ONLY,hist_gradient_boosting,1,1,COMPLETE,"{""l2_regularization"": 1.0, ""learning_rate"": 0.05, ""max_iter"": 250, ""max_leaf_nodes"": 15}","[0.7547759684972329, 0.7045888598970791, 0.6717281193834758]",0.7103643159259293,,False,
student_por,S1_MID_G1_ONLY,hist_gradient_boosting,1,2,COMPLETE,"{""l2_regularization"": 0.0, ""learning_rate"": 0.05, ""max_iter"": 250, ""max_leaf_nodes"": 31}","[0.7174081237911025, 0.7045888598970791, 0.6430562191431757]",0.6883510676104524,,False,
student_por,S1_MID_G1_ONLY,hist_gradient_boosting,1,3,COMPLETE,"{""l2_regularization"": 1.0, ""learning_rate"": 0.05, ""max_iter"": 250, ""max_leaf_nodes"": 31}","[0.7547759684972329, 0.7045888598970791, 0.6717281193834758]",0.7103643159259293,,False,
student_por,S1_MID_G1_ONLY,hist_gradient_boosting,1,4,COMPLETE,"{""l2_regularization"": 0.0, ""learning_rate"": 0.1, ""max_iter"": 250, ""max_leaf_nodes"": 15}","[0.6848816029143898, 0.6772994830125866, 0.6376081964317258]",0.6665964274529007,,False,
student_por,S1_MID_G1_ONLY,hist_gradient_boosting,1,5,COMPLETE,"{""l2_regularization"": 1.0, ""learning_rate"": 0.1, ""max_iter"": 250, ""max_leaf_nodes"": 15}","[0.6936556076341022, 0.7222222222222222, 0.6724183124689294]",0.6960987141084178,,False,
student_por,S1_MID_G1_ONLY,hist_gradient_boosting,1,6,COMPLETE,"{""l2_regularization"": 0.0, ""learning_rate"": 0.1, ""max_iter"": 250, ""max_leaf_nodes"": 31}","[0.6848816029143898, 0.6772994830125866, 0.6376081964317258]",0.6665964274529007,,False,
student_por,S1_MID_G1_ONLY,hist_gradient_boosting,1,7,COMPLETE,"{""l2_regularization"": 1.0, ""learning_rate"": 0.1, ""max_iter"": 250, ""max_leaf_nodes"": 31}","[0.6936556076341022, 0.7222222222222222, 0.6724183124689294]",0.6960987141084178,,False,
student_por,S1_MID_G1_ONLY,hist_gradient_boosting,2,0,COMPLETE,"{""l2_regularization"": 0.0, ""learning_rate"": 0.05, ""max_iter"": 250, ""max_leaf_nodes"": 15}","[0.6696149825568994, 0.7250496228662167, 0.6793028322440087]",0.691322479222375,,False,
student_por,S1_MID_G1_ONLY,hist_gradient_boosting,2,1,COMPLETE,"{""l2_regularization"": 1.0, ""learning_rate"": 0.05, ""max_iter"": 250, ""max_leaf_nodes"": 15}","[0.6861572822961785, 0.773407515396745, 0.7123412698412698]",0.7239686891780645,,False,
student_por,S1_MID_G1_ONLY,hist_gradient_boosting,2,2,COMPLETE,"{""l2_regularization"": 0.0, ""learning_rate"": 0.05, ""max_iter"": 250, ""max_leaf_nodes"": 31}","[0.6696149825568994, 0.7250496228662167, 0.6793028322440087]",0.691322479222375,,False,
student_por,S1_MID_G1_ONLY,hist_gradient_boosting,2,3,COMPLETE,"{""l2_regularization"": 1.0, ""learning_rate"": 0.05, ""max_iter"": 250, ""max_leaf_nodes"": 31}","[0.6861572822961785, 0.773407515396745, 0.7123412698412698]",0.7239686891780645,,False,
student_por,S1_MID_G1_ONLY,hist_gradient_boosting,2,4,COMPLETE,"{""l2_regularization"": 0.0, ""learning_rate"": 0.1, ""max_iter"": 250, ""max_leaf_nodes"": 15}","[0.6539119021963687, 0.7011904761904763, 0.692490472766567]",0.6825309503844706,,False,
student_por,S1_MID_G1_ONLY,hist_gradient_boosting,2,5,COMPLETE,"{""l2_regularization"": 1.0, ""learning_rate"": 0.1, ""max_iter"": 250, ""max_leaf_nodes"": 15}","[0.672826177482631, 0.7310910658928279, 0.681296340588376]",0.6950711946546115,,False,
student_por,S1_MID_G1_ONLY,hist_gradient_boosting,2,6,COMPLETE,"{""l2_regularization"": 0.0, ""learning_rate"": 0.1, ""max_iter"": 250, ""max_leaf_nodes"": 31}","[0.6539119021963687, 0.7011904761904763, 0.692490472766567]",0.6825309503844706,,False,
student_por,S1_MID_G1_ONLY,hist_gradient_boosting,2,7,COMPLETE,"{""l2_regularization"": 1.0, ""learning_rate"": 0.1, ""max_iter"": 250, ""max_leaf_nodes"": 31}","[0.672826177482631, 0.7310910658928279, 0.681296340588376]",0.6950711946546115,,False,
student_por,S1_MID_G1_ONLY,hist_gradient_boosting,3,0,COMPLETE,"{""l2_regularization"": 0.0, ""learning_rate"": 0.05, ""max_iter"": 250, ""max_leaf_nodes"": 15}","[0.665271901864194, 0.7522178304787, 0.7285650022492128]",0.715351578197369,,False,
student_por,S1_MID_G1_ONLY,hist_gradient_boosting,3,1,COMPLETE,"{""l2_regularization"": 1.0, ""learning_rate"": 0.05, ""max_iter"": 250, ""max_leaf_nodes"": 15}","[0.7060221440533146, 0.7576671694318753, 0.7219002249569936]",0.7285298461473945,,False,
student_por,S1_MID_G1_ONLY,hist_gradient_boosting,3,2,COMPLETE,"{""l2_regularization"": 0.0, ""learning_rate"": 0.05, ""max_iter"": 250, ""max_leaf_nodes"": 31}","[0.665271901864194, 0.7522178304787, 0.7285650022492128]",0.715351578197369,,False,
student_por,S1_MID_G1_ONLY,hist_gradient_boosting,3,3,COMPLETE,"{""l2_regularization"": 1.0, ""learning_rate"": 0.05, ""max_iter"": 250, ""max_leaf_nodes"": 31}","[0.7060221440533146, 0.7576671694318753, 0.7219002249569936]",0.7285298461473945,,False,
student_por,S1_MID_G1_ONLY,hist_gradient_boosting,3,4,COMPLETE,"{""l2_regularization"": 0.0, ""learning_rate"": 0.1, ""max_iter"": 250, ""max_leaf_nodes"": 15}","[0.6465873015873016, 0.7468580126114372, 0.7393833395929915]",0.7109428845972435,,False,
student_por,S1_MID_G1_ONLY,hist_gradient_boosting,3,5,COMPLETE,"{""l2_regularization"": 1.0, ""learning_rate"": 0.1, ""max_iter"": 250, ""max_leaf_nodes"": 15}","[0.6690644247628468, 0.7576671694318753, 0.7212607657143569]",0.7159974533030263,,False,
student_por,S1_MID_G1_ONLY,hist_gradient_boosting,3,6,COMPLETE,"{""l2_regularization"": 0.0, ""learning_rate"": 0.1, ""max_iter"": 250, ""max_leaf_nodes"": 31}","[0.6465873015873016, 0.7468580126114372, 0.7393833395929915]",0.7109428845972435,,False,
student_por,S1_MID_G1_ONLY,hist_gradient_boosting,3,7,COMPLETE,"{""l2_regularization"": 1.0, ""learning_rate"": 0.1, ""max_iter"": 250, ""max_leaf_nodes"": 31}","[0.6690644247628468, 0.7576671694318753, 0.7212607657143569]",0.7159974533030263,,False,
student_por,S1_MID_G1_ONLY,hist_gradient_boosting,4,0,COMPLETE,"{""l2_regularization"": 0.0, ""learning_rate"": 0.05, ""max_iter"": 250, ""max_leaf_nodes"": 15}","[0.6945686656728968, 0.7228852907435636, 0.7944484917231791]",0.7373008160465465,,False,
student_por,S1_MID_G1_ONLY,hist_gradient_boosting,4,1,COMPLETE,"{""l2_regularization"": 1.0, ""learning_rate"": 0.05, ""max_iter"": 250, ""max_leaf_nodes"": 15}","[0.7416319590610955, 0.7364254032827642, 0.7488267105012388]",0.7422946909483662,,False,
student_por,S1_MID_G1_ONLY,hist_gradient_boosting,4,2,COMPLETE,"{""l2_regularization"": 0.0, ""learning_rate"": 0.05, ""max_iter"": 250, ""max_leaf_nodes"": 31}","[0.6945686656728968, 0.7228852907435636, 0.7944484917231791]",0.7373008160465465,,False,
student_por,S1_MID_G1_ONLY,hist_gradient_boosting,4,3,COMPLETE,"{""l2_regularization"": 1.0, ""learning_rate"": 0.05, ""max_iter"": 250, ""max_leaf_nodes"": 31}","[0.7416319590610955, 0.7364254032827642, 0.7488267105012388]",0.7422946909483662,,False,
student_por,S1_MID_G1_ONLY,hist_gradient_boosting,4,4,COMPLETE,"{""l2_regularization"": 0.0, ""learning_rate"": 0.1, ""max_iter"": 250, ""max_leaf_nodes"": 15}","[0.7357915918855712, 0.7381324557795145, 0.7333604065664289]",0.7357614847438382,,False,
student_por,S1_MID_G1_ONLY,hist_gradient_boosting,4,5,COMPLETE,"{""l2_regularization"": 1.0, ""learning_rate"": 0.1, ""max_iter"": 250, ""max_leaf_nodes"": 15}","[0.7465666076920336, 0.7379793096150872, 0.7449178350670889]",0.7431545841247366,,False,
student_por,S1_MID_G1_ONLY,hist_gradient_boosting,4,6,COMPLETE,"{""l2_regularization"": 0.0, ""learning_rate"": 0.1, ""max_iter"": 250, ""max_leaf_nodes"": 31}","[0.7357915918855712, 0.7381324557795145, 0.7333604065664289]",0.7357614847438382,,False,
student_por,S1_MID_G1_ONLY,hist_gradient_boosting,4,7,COMPLETE,"{""l2_regularization"": 1.0, ""learning_rate"": 0.1, ""max_iter"": 250, ""max_leaf_nodes"": 31}","[0.7465666076920336, 0.7379793096150872, 0.7449178350670889]",0.7431545841247366,,False,
student_por,S1_MID_G1_ONLY,svm,0,0,COMPLETE,"{""C"": 0.5, ""class_weight"": null, ""gamma"": ""scale""}","[0.7390037945593502, 0.798180722231355, 0.6876994286723254]",0.7416279818210102,,False,
student_por,S1_MID_G1_ONLY,svm,0,1,COMPLETE,"{""C"": 0.5, ""class_weight"": ""balanced"", ""gamma"": ""scale""}","[0.7087912087912088, 0.7849487978391944, 0.7046610169491525]",0.7328003411931853,,False,
student_por,S1_MID_G1_ONLY,svm,0,2,COMPLETE,"{""C"": 0.5, ""class_weight"": null, ""gamma"": 0.1}","[0.7682014954742228, 0.7573539933359226, 0.693000017110689]",0.7395185019736115,,False,
student_por,S1_MID_G1_ONLY,svm,0,3,COMPLETE,"{""C"": 0.5, ""class_weight"": ""balanced"", ""gamma"": 0.1}","[0.698001760743607, 0.772523669745892, 0.7074391477201782]",0.7259881927365591,,False,
student_por,S1_MID_G1_ONLY,svm,0,4,COMPLETE,"{""C"": 1.0, ""class_weight"": null, ""gamma"": ""scale""}","[0.7442692481519056, 0.7917416969549671, 0.7043550256665011]",0.746788656924458,,False,
student_por,S1_MID_G1_ONLY,svm,0,5,COMPLETE,"{""C"": 1.0, ""class_weight"": ""balanced"", ""gamma"": ""scale""}","[0.7325464019065991, 0.7764144291922069, 0.7012639937599499]",0.7367416082862519,,False,
student_por,S1_MID_G1_ONLY,svm,0,6,COMPLETE,"{""C"": 1.0, ""class_weight"": null, ""gamma"": 0.1}","[0.7544481459347888, 0.7877862009317408, 0.7040664253779009]",0.7487669240814768,,False,
student_por,S1_MID_G1_ONLY,svm,0,7,COMPLETE,"{""C"": 1.0, ""class_weight"": ""balanced"", ""gamma"": 0.1}","[0.7446516994375271, 0.768568638483079, 0.7157634068120001]",0.7429945815775354,,False,
student_por,S1_MID_G1_ONLY,svm,0,8,COMPLETE,"{""C"": 2.0, ""class_weight"": null, ""gamma"": ""scale""}","[0.774180832717418, 0.7783024593110998, 0.6944700460829493]",0.7489844460371557,,False,
student_por,S1_MID_G1_ONLY,svm,0,9,COMPLETE,"{""C"": 2.0, ""class_weight"": ""balanced"", ""gamma"": ""scale""}","[0.7442692481519056, 0.7803496724287632, 0.7046353264124047]",0.7430847489976912,,False,
student_por,S1_MID_G1_ONLY,svm,0,10,COMPLETE,"{""C"": 2.0, ""class_weight"": null, ""gamma"": 0.1}","[0.7786108346779258, 0.773062500141958, 0.6982500059604702]",0.7499744469267847,,False,
student_por,S1_MID_G1_ONLY,svm,0,11,COMPLETE,"{""C"": 2.0, ""class_weight"": ""balanced"", ""gamma"": 0.1}","[0.7446516994375271, 0.7714293875481575, 0.6747682508244375]",0.7302831126033741,,False,
student_por,S1_MID_G1_ONLY,svm,1,0,COMPLETE,"{""C"": 0.5, ""class_weight"": null, ""gamma"": ""scale""}","[0.7058260571277027, 0.7414049307666329, 0.7011424731182796]",0.7161244870042051,,False,
student_por,S1_MID_G1_ONLY,svm,1,1,COMPLETE,"{""C"": 0.5, ""class_weight"": ""balanced"", ""gamma"": ""scale""}","[0.6719625926787053, 0.7333409280777703, 0.7434296719560542]",0.7162443975708433,,False,
student_por,S1_MID_G1_ONLY,svm,1,2,COMPLETE,"{""C"": 0.5, ""class_weight"": null, ""gamma"": 0.1}","[0.6769493550465541, 0.7201970499654248, 0.7119926444523218]",0.7030463498214335,,False,
student_por,S1_MID_G1_ONLY,svm,1,3,COMPLETE,"{""C"": 0.5, ""class_weight"": ""balanced"", ""gamma"": 0.1}","[0.6842216944560064, 0.7114073061441483, 0.7277316998247231]",0.7077869001416258,,False,
student_por,S1_MID_G1_ONLY,svm,1,4,COMPLETE,"{""C"": 1.0, ""class_weight"": null, ""gamma"": ""scale""}","[0.7099354541263255, 0.7319396496611686, 0.6948997064579255]",0.7122582700818065,,False,
student_por,S1_MID_G1_ONLY,svm,1,5,COMPLETE,"{""C"": 1.0, ""class_weight"": ""balanced"", ""gamma"": ""scale""}","[0.6647435897435897, 0.7058143006418868, 0.7273234120097188]",0.6992937674650651,,False,
student_por,S1_MID_G1_ONLY,svm,1,6,COMPLETE,"{""C"": 1.0, ""class_weight"": null, ""gamma"": 0.1}","[0.6976584022038567, 0.7265492163332888, 0.6860153958944282]",0.7034076714771912,,False,
student_por,S1_MID_G1_ONLY,svm,1,7,COMPLETE,"{""C"": 1.0, ""class_weight"": ""balanced"", ""gamma"": 0.1}","[0.6517094017094017, 0.7006196417961124, 0.7195964621337755]",0.6906418352130964,,False,
student_por,S1_MID_G1_ONLY,svm,1,8,COMPLETE,"{""C"": 2.0, ""class_weight"": null, ""gamma"": ""scale""}","[0.6934970886653371, 0.7293486488019072, 0.6860153958944282]",0.7029537111205575,,False,
student_por,S1_MID_G1_ONLY,svm,1,9,COMPLETE,"{""C"": 2.0, ""class_weight"": ""balanced"", ""gamma"": ""scale""}","[0.645959595959596, 0.6907818043189221, 0.7007320247776848]",0.6791578083520676,,False,
student_por,S1_MID_G1_ONLY,svm,1,10,COMPLETE,"{""C"": 2.0, ""class_weight"": null, ""gamma"": 0.1}","[0.6743550457575882, 0.7373015873015873, 0.6918126500669195]",0.7011564277086983,,False,
student_por,S1_MID_G1_ONLY,svm,1,11,COMPLETE,"{""C"": 2.0, ""class_weight"": ""balanced"", ""gamma"": 0.1}","[0.6495287976769458, 0.6806447246975882, 0.6578748684943375]",0.6626827969562905,,False,
student_por,S1_MID_G1_ONLY,svm,2,0,COMPLETE,"{""C"": 0.5, ""class_weight"": null, ""gamma"": ""scale""}","[0.6891190584761037, 0.7232042469834132, 0.7119600190252364]",0.7080944414949178,,False,
student_por,S1_MID_G1_ONLY,svm,2,1,COMPLETE,"{""C"": 0.5, ""class_weight"": ""balanced"", ""gamma"": ""scale""}","[0.7184886280264123, 0.7396668602101539, 0.7503086419753086]",0.7361547100706249,,False,
student_por,S1_MID_G1_ONLY,svm,2,2,COMPLETE,"{""C"": 0.5, ""class_weight"": null, ""gamma"": 0.1}","[0.7099991032194422, 0.6819143310417769, 0.7050275807722616]",0.6989803383444936,,False,
student_por,S1_MID_G1_ONLY,svm,2,3,COMPLETE,"{""C"": 0.5, ""class_weight"": ""balanced"", ""gamma"": 0.1}","[0.7169080919080919, 0.7176571139974878, 0.7612521752887202]",0.7319391270647667,,False,
student_por,S1_MID_G1_ONLY,svm,2,4,COMPLETE,"{""C"": 1.0, ""class_weight"": null, ""gamma"": ""scale""}","[0.7076443480618053, 0.684577723378213, 0.6963858922668992]",0.6962026545689725,,False,
student_por,S1_MID_G1_ONLY,svm,2,5,COMPLETE,"{""C"": 1.0, ""class_weight"": ""balanced"", ""gamma"": ""scale""}","[0.6760159042301233, 0.733072609782313, 0.7318250377073907]",0.7136378505732757,,False,
student_por,S1_MID_G1_ONLY,svm,2,6,COMPLETE,"{""C"": 1.0, ""class_weight"": null, ""gamma"": 0.1}","[0.6780288763339611, 0.7004241115857486, 0.708080821605988]",0.6955112698418993,,False,
student_por,S1_MID_G1_ONLY,svm,2,7,COMPLETE,"{""C"": 1.0, ""class_weight"": ""balanced"", ""gamma"": 0.1}","[0.6769387498858551, 0.719483042177646, 0.7540709625223162]",0.7168309181952724,,False,
student_por,S1_MID_G1_ONLY,svm,2,8,COMPLETE,"{""C"": 2.0, ""class_weight"": null, ""gamma"": ""scale""}","[0.7188958310148751, 0.684577723378213, 0.685730652034974]",0.6964014021426873,,False,
student_por,S1_MID_G1_ONLY,svm,2,9,COMPLETE,"{""C"": 2.0, ""class_weight"": ""balanced"", ""gamma"": ""scale""}","[0.6659999634683179, 0.733072609782313, 0.7426179039451352]",0.713896825731922,,False,
student_por,S1_MID_G1_ONLY,svm,2,10,COMPLETE,"{""C"": 2.0, ""class_weight"": null, ""gamma"": 0.1}","[0.7012639937599499, 0.6598368431037754, 0.702864901705469]",0.6879885795230648,,False,
student_por,S1_MID_G1_ONLY,svm,2,11,COMPLETE,"{""C"": 2.0, ""class_weight"": ""balanced"", ""gamma"": 0.1}","[0.6510900532639663, 0.733072609782313, 0.7303431090665132]",0.7048352573709309,,False,
student_por,S1_MID_G1_ONLY,svm,3,0,COMPLETE,"{""C"": 0.5, ""class_weight"": null, ""gamma"": ""scale""}","[0.7284248862495254, 0.7632323232323234, 0.7304342315978664]",0.7406971470265717,,False,
student_por,S1_MID_G1_ONLY,svm,3,1,COMPLETE,"{""C"": 0.5, ""class_weight"": ""balanced"", ""gamma"": ""scale""}","[0.7278574869160952, 0.7744185662488882, 0.7494899978814972]",0.7505886836821601,,False,
student_por,S1_MID_G1_ONLY,svm,3,2,COMPLETE,"{""C"": 0.5, ""class_weight"": null, ""gamma"": 0.1}","[0.7336220196934389, 0.7584915815178973, 0.7474457215836526]",0.7465197742649963,,False,
student_por,S1_MID_G1_ONLY,svm,3,3,COMPLETE,"{""C"": 0.5, ""class_weight"": ""balanced"", ""gamma"": 0.1}","[0.738399318859089, 0.7615342061589526, 0.7603148879744624]",0.753416137664168,,False,
student_por,S1_MID_G1_ONLY,svm,3,4,COMPLETE,"{""C"": 1.0, ""class_weight"": null, ""gamma"": ""scale""}","[0.6900887664524028, 0.7515502592960388, 0.751782682193132]",0.7311405693138578,,False,
student_por,S1_MID_G1_ONLY,svm,3,5,COMPLETE,"{""C"": 1.0, ""class_weight"": ""balanced"", ""gamma"": ""scale""}","[0.7026260523528283, 0.7844343177369675, 0.7610997816136438]",0.7493867172344798,,False,
student_por,S1_MID_G1_ONLY,svm,3,6,COMPLETE,"{""C"": 1.0, ""class_weight"": null, ""gamma"": 0.1}","[0.7112581204544867, 0.7644051854578171, 0.7628803121760868]",0.7461812060294636,,False,
student_por,S1_MID_G1_ONLY,svm,3,7,COMPLETE,"{""C"": 1.0, ""class_weight"": ""balanced"", ""gamma"": 0.1}","[0.7174603174603175, 0.7885205738479878, 0.7809139009139009]",0.7622982640740688,,False,
student_por,S1_MID_G1_ONLY,svm,3,8,COMPLETE,"{""C"": 2.0, ""class_weight"": null, ""gamma"": ""scale""}","[0.6811323107619404, 0.7700872065115579, 0.7509057092026525]",0.734041742158717,,False,
student_por,S1_MID_G1_ONLY,svm,3,9,COMPLETE,"{""C"": 2.0, ""class_weight"": ""balanced"", ""gamma"": ""scale""}","[0.6793373833763304, 0.7844343177369675, 0.7610997816136438]",0.7416238275756473,,False,
student_por,S1_MID_G1_ONLY,svm,3,10,COMPLETE,"{""C"": 2.0, ""class_weight"": null, ""gamma"": 0.1}","[0.6847587967106313, 0.7639842632331902, 0.7268052761010507]",0.7251827786816242,,False,
student_por,S1_MID_G1_ONLY,svm,3,11,COMPLETE,"{""C"": 2.0, ""class_weight"": ""balanced"", ""gamma"": 0.1}","[0.6860360562873713, 0.7729789945328237, 0.7560726030684112]",0.7383625512962021,,False,
student_por,S1_MID_G1_ONLY,svm,4,0,COMPLETE,"{""C"": 0.5, ""class_weight"": null, ""gamma"": ""scale""}","[0.6948999276585482, 0.7731061587630648, 0.726951768238957]",0.73165261822019,,False,
student_por,S1_MID_G1_ONLY,svm,4,1,COMPLETE,"{""C"": 0.5, ""class_weight"": ""balanced"", ""gamma"": ""scale""}","[0.7363674471068836, 0.7817179630863139, 0.763432645785587]",0.7605060186595948,,False,
student_por,S1_MID_G1_ONLY,svm,4,2,COMPLETE,"{""C"": 0.5, ""class_weight"": null, ""gamma"": 0.1}","[0.7207409874076541, 0.7708155525909476, 0.7090567688624763]",0.7335377696203592,,False,
student_por,S1_MID_G1_ONLY,svm,4,3,COMPLETE,"{""C"": 0.5, ""class_weight"": ""balanced"", ""gamma"": 0.1}","[0.7625509200730439, 0.7856706314967746, 0.7773565075057612]",0.7751926863585266,,False,
student_por,S1_MID_G1_ONLY,svm,4,4,COMPLETE,"{""C"": 1.0, ""class_weight"": null, ""gamma"": ""scale""}","[0.7324858757062147, 0.7883068962364117, 0.7689393939393939]",0.7632440552940069,,False,
student_por,S1_MID_G1_ONLY,svm,4,5,COMPLETE,"{""C"": 1.0, ""class_weight"": ""balanced"", ""gamma"": ""scale""}","[0.7541963904639961, 0.7747880280919929, 0.7598397923351939]",0.7629414036303942,,False,
student_por,S1_MID_G1_ONLY,svm,4,6,COMPLETE,"{""C"": 1.0, ""class_weight"": null, ""gamma"": 0.1}","[0.7348891336098159, 0.7860766789466052, 0.7599827974668129]",0.7603162033410781,,False,
student_por,S1_MID_G1_ONLY,svm,4,7,COMPLETE,"{""C"": 1.0, ""class_weight"": ""balanced"", ""gamma"": 0.1}","[0.7305250305250306, 0.7904453164076187, 0.7697805642633228]",0.7635836370653241,,False,
student_por,S1_MID_G1_ONLY,svm,4,8,COMPLETE,"{""C"": 2.0, ""class_weight"": null, ""gamma"": ""scale""}","[0.7407774955012173, 0.7936083240431068, 0.7778756663955905]",0.7707538286466381,,False,
student_por,S1_MID_G1_ONLY,svm,4,9,COMPLETE,"{""C"": 2.0, ""class_weight"": ""balanced"", ""gamma"": ""scale""}","[0.7593690799769376, 0.7701893444821053, 0.7589435457246617]",0.7628339900612349,,False,
student_por,S1_MID_G1_ONLY,svm,4,10,COMPLETE,"{""C"": 2.0, ""class_weight"": null, ""gamma"": 0.1}","[0.7422265498214866, 0.7786582440056088, 0.7805437853107344]",0.7671428597126099,,False,
student_por,S1_MID_G1_ONLY,svm,4,11,COMPLETE,"{""C"": 2.0, ""class_weight"": ""balanced"", ""gamma"": 0.1}","[0.7440350877192983, 0.7907488986784141, 0.7474747474747474]",0.7607529112908199,,False,
student_por,S0_EARLY_NO_GRADE,cnn_only,0,0,COMPLETE,"{""batch_size"": 64, ""class_weight"": ""balanced"", ""cnn_channels"": 16, ""context_hidden"": 16, ""dropout"": 0.15, ""fusion_hidden"": 16, ""input_projection"": 16, ""learning_rate"": 0.001, ""lstm_hidden"": 16, ""max_epochs"": 40, ""patience"": 6, ""weight_decay"": 0.0001}","[0.47786374382119057, 0.510372485701433, 0.5101996996167967]",0.49947864304647344,,False,10.0
student_por,S0_EARLY_NO_GRADE,cnn_only,0,1,COMPLETE,"{""batch_size"": 64, ""class_weight"": ""none"", ""cnn_channels"": 16, ""context_hidden"": 24, ""dropout"": 0.25, ""fusion_hidden"": 24, ""input_projection"": 24, ""learning_rate"": 0.0005, ""lstm_hidden"": 24, ""max_epochs"": 40, ""patience"": 6, ""weight_decay"": 0.001}","[0.26157407407407407, 0.2604540023894863, 0.26107226107226106]",0.2610334458452738,,False,1.0
student_por,S0_EARLY_NO_GRADE,cnn_only,1,0,COMPLETE,"{""batch_size"": 64, ""class_weight"": ""balanced"", ""cnn_channels"": 16, ""context_hidden"": 16, ""dropout"": 0.15, ""fusion_hidden"": 16, ""input_projection"": 16, ""learning_rate"": 0.001, ""lstm_hidden"": 16, ""max_epochs"": 40, ""patience"": 6, ""weight_decay"": 0.0001}","[0.44209536075965356, 0.5041810783591056, 0.4872909037093082]",0.47785578094268916,,False,6.0
student_por,S0_EARLY_NO_GRADE,cnn_only,1,1,COMPLETE,"{""batch_size"": 64, ""class_weight"": ""none"", ""cnn_channels"": 16, ""context_hidden"": 24, ""dropout"": 0.25, ""fusion_hidden"": 24, ""input_projection"": 24, ""learning_rate"": 0.0005, ""lstm_hidden"": 24, ""max_epochs"": 40, ""patience"": 6, ""weight_decay"": 0.001}","[0.26004728132387706, 0.2624113475177305, 0.2606689734717416]",0.2610425341044497,,False,1.0
student_por,S0_EARLY_NO_GRADE,cnn_only,2,0,COMPLETE,"{""batch_size"": 64, ""class_weight"": ""balanced"", ""cnn_channels"": 16, ""context_hidden"": 16, ""dropout"": 0.15, ""fusion_hidden"": 16, ""input_projection"": 16, ""learning_rate"": 0.001, ""lstm_hidden"": 16, ""max_epochs"": 40, ""patience"": 6, ""weight_decay"": 0.0001}","[0.48491379310344823, 0.5158280461571986, 0.4743424564320087]",0.4916947652308852,,False,10.0
student_por,S0_EARLY_NO_GRADE,cnn_only,2,1,COMPLETE,"{""batch_size"": 64, ""class_weight"": ""none"", ""cnn_channels"": 16, ""context_hidden"": 24, ""dropout"": 0.25, ""fusion_hidden"": 24, ""input_projection"": 24, ""learning_rate"": 0.0005, ""lstm_hidden"": 24, ""max_epochs"": 40, ""patience"": 6, ""weight_decay"": 0.001}","[0.2573099415204678, 0.26004728132387706, 0.26573426573426573]",0.26103049619287017,,False,1.0
student_por,S0_EARLY_NO_GRADE,cnn_only,3,0,COMPLETE,"{""batch_size"": 64, ""class_weight"": ""balanced"", ""cnn_channels"": 16, ""context_hidden"": 16, ""dropout"": 0.15, ""fusion_hidden"": 16, ""input_projection"": 16, ""learning_rate"": 0.001, ""lstm_hidden"": 16, ""max_epochs"": 40, ""patience"": 6, ""weight_decay"": 0.0001}","[0.5179340028694405, 0.5024133184286786, 0.46692604554239775]",0.495757788946839,,False,10.0
student_por,S0_EARLY_NO_GRADE,cnn_only,3,1,COMPLETE,"{""batch_size"": 64, ""class_weight"": ""none"", ""cnn_channels"": 16, ""context_hidden"": 24, ""dropout"": 0.25, ""fusion_hidden"": 24, ""input_projection"": 24, ""learning_rate"": 0.0005, ""lstm_hidden"": 24, ""max_epochs"": 40, ""patience"": 6, ""weight_decay"": 0.001}","[0.25295508274231676, 0.2694541231126597, 0.26198830409356727]",0.2614658366495146,,False,1.0
student_por,S0_EARLY_NO_GRADE,cnn_only,4,0,COMPLETE,"{""batch_size"": 64, ""class_weight"": ""balanced"", ""cnn_channels"": 16, ""context_hidden"": 16, ""dropout"": 0.15, ""fusion_hidden"": 16, ""input_projection"": 16, ""learning_rate"": 0.001, ""lstm_hidden"": 16, ""max_epochs"": 40, ""patience"": 6, ""weight_decay"": 0.0001}","[0.4899042116215757, 0.5139362237561116, 0.4816288530050925]",0.4951564294609266,,False,4.0
student_por,S0_EARLY_NO_GRADE,cnn_only,4,1,COMPLETE,"{""batch_size"": 64, ""class_weight"": ""none"", ""cnn_channels"": 16, ""context_hidden"": 24, ""dropout"": 0.25, ""fusion_hidden"": 24, ""input_projection"": 24, ""learning_rate"": 0.0005, ""lstm_hidden"": 24, ""max_epochs"": 40, ""patience"": 6, ""weight_decay"": 0.001}","[0.26575028636884307, 0.24600246002460024, 0.2707622298065984]",0.2608383254000139,,False,1.0
student_por,S0_EARLY_NO_GRADE,bilstm_only,0,0,COMPLETE,"{""batch_size"": 64, ""class_weight"": ""balanced"", ""cnn_channels"": 16, ""context_hidden"": 16, ""dropout"": 0.15, ""fusion_hidden"": 16, ""input_projection"": 16, ""learning_rate"": 0.001, ""lstm_hidden"": 16, ""max_epochs"": 40, ""patience"": 6, ""weight_decay"": 0.0001}","[0.4703290246768508, 0.4395721717524652, 0.40221374848563873]",0.43737164830498493,,False,10.0
student_por,S0_EARLY_NO_GRADE,bilstm_only,0,1,COMPLETE,"{""batch_size"": 64, ""class_weight"": ""none"", ""cnn_channels"": 16, ""context_hidden"": 24, ""dropout"": 0.25, ""fusion_hidden"": 24, ""input_projection"": 24, ""learning_rate"": 0.0005, ""lstm_hidden"": 24, ""max_epochs"": 40, ""patience"": 6, ""weight_decay"": 0.001}","[0.3487235198261814, 0.31360361338153403, 0.3168780193236715]",0.3264017175104623,,False,2.0
student_por,S0_EARLY_NO_GRADE,bilstm_only,1,0,COMPLETE,"{""batch_size"": 64, ""class_weight"": ""balanced"", ""cnn_channels"": 16, ""context_hidden"": 16, ""dropout"": 0.15, ""fusion_hidden"": 16, ""input_projection"": 16, ""learning_rate"": 0.001, ""lstm_hidden"": 16, ""max_epochs"": 40, ""patience"": 6, ""weight_decay"": 0.0001}","[0.38785060257452897, 0.43309252489544137, 0.392702738990333]",0.40454862215343446,,False,7.0
student_por,S0_EARLY_NO_GRADE,bilstm_only,1,1,COMPLETE,"{""batch_size"": 64, ""class_weight"": ""none"", ""cnn_channels"": 16, ""context_hidden"": 24, ""dropout"": 0.25, ""fusion_hidden"": 24, ""input_projection"": 24, ""learning_rate"": 0.0005, ""lstm_hidden"": 24, ""max_epochs"": 40, ""patience"": 6, ""weight_decay"": 0.001}","[0.32992762877820353, 0.32223332223332224, 0.2948450017415535]",0.3156686509176931,,False,2.0
student_por,S0_EARLY_NO_GRADE,bilstm_only,2,0,COMPLETE,"{""batch_size"": 64, ""class_weight"": ""balanced"", ""cnn_channels"": 16, ""context_hidden"": 16, ""dropout"": 0.15, ""fusion_hidden"": 16, ""input_projection"": 16, ""learning_rate"": 0.001, ""lstm_hidden"": 16, ""max_epochs"": 40, ""patience"": 6, ""weight_decay"": 0.0001}","[0.5117501546072974, 0.5099000653777902, 0.45376058853696927]",0.49180360284068564,,False,15.0
student_por,S0_EARLY_NO_GRADE,bilstm_only,2,1,COMPLETE,"{""batch_size"": 64, ""class_weight"": ""none"", ""cnn_channels"": 16, ""context_hidden"": 24, ""dropout"": 0.25, ""fusion_hidden"": 24, ""input_projection"": 24, ""learning_rate"": 0.0005, ""lstm_hidden"": 24, ""max_epochs"": 40, ""patience"": 6, ""weight_decay"": 0.001}","[0.2957585612792071, 0.322274322054666, 0.34108920951026206]",0.31970736428137836,,False,2.0
student_por,S0_EARLY_NO_GRADE,bilstm_only,3,0,COMPLETE,"{""batch_size"": 64, ""class_weight"": ""balanced"", ""cnn_channels"": 16, ""context_hidden"": 16, ""dropout"": 0.15, ""fusion_hidden"": 16, ""input_projection"": 16, ""learning_rate"": 0.001, ""lstm_hidden"": 16, ""max_epochs"": 40, ""patience"": 6, ""weight_decay"": 0.0001}","[0.49599502294113074, 0.4365879726982138, 0.45732276650497594]",0.4633019207147735,,False,7.0
student_por,S0_EARLY_NO_GRADE,bilstm_only,3,1,COMPLETE,"{""batch_size"": 64, ""class_weight"": ""none"", ""cnn_channels"": 16, ""context_hidden"": 24, ""dropout"": 0.25, ""fusion_hidden"": 24, ""input_projection"": 24, ""learning_rate"": 0.0005, ""lstm_hidden"": 24, ""max_epochs"": 40, ""patience"": 6, ""weight_decay"": 0.001}","[0.3275501415036299, 0.3902898749738439, 0.3172166478236292]",0.3450188881003677,,False,2.0
student_por,S0_EARLY_NO_GRADE,bilstm_only,4,0,COMPLETE,"{""batch_size"": 64, ""class_weight"": ""balanced"", ""cnn_channels"": 16, ""context_hidden"": 16, ""dropout"": 0.15, ""fusion_hidden"": 16, ""input_projection"": 16, ""learning_rate"": 0.001, ""lstm_hidden"": 16, ""max_epochs"": 40, ""patience"": 6, ""weight_decay"": 0.0001}","[0.4115295652392062, 0.572465028180817, 0.40334880636604775]",0.4624477999286903,,False,7.0
student_por,S0_EARLY_NO_GRADE,bilstm_only,4,1,COMPLETE,"{""batch_size"": 64, ""class_weight"": ""none"", ""cnn_channels"": 16, ""context_hidden"": 24, ""dropout"": 0.25, ""fusion_hidden"": 24, ""input_projection"": 24, ""learning_rate"": 0.0005, ""lstm_hidden"": 24, ""max_epochs"": 40, ""patience"": 6, ""weight_decay"": 0.001}","[0.35586071064788394, 0.35220214568040653, 0.33103508248857083]",0.34636597960562043,,False,2.0
student_por,S0_EARLY_NO_GRADE,cnn_bilstm,0,0,COMPLETE,"{""batch_size"": 64, ""class_weight"": ""balanced"", ""cnn_channels"": 16, ""context_hidden"": 16, ""dropout"": 0.15, ""fusion_hidden"": 16, ""input_projection"": 16, ""learning_rate"": 0.001, ""lstm_hidden"": 16, ""max_epochs"": 40, ""patience"": 6, ""weight_decay"": 0.0001}","[0.474569614742759, 0.41828437520239753, 0.43656152767927714]",0.4431385058748112,,False,16.0
student_por,S0_EARLY_NO_GRADE,cnn_bilstm,0,1,COMPLETE,"{""batch_size"": 64, ""class_weight"": ""none"", ""cnn_channels"": 16, ""context_hidden"": 24, ""dropout"": 0.25, ""fusion_hidden"": 24, ""input_projection"": 24, ""learning_rate"": 0.0005, ""lstm_hidden"": 24, ""max_epochs"": 40, ""patience"": 6, ""weight_decay"": 0.001}","[0.28327075511055483, 0.3074405574405574, 0.30991889699918895]",0.3002100698501004,,False,4.0
student_por,S0_EARLY_NO_GRADE,cnn_bilstm,1,0,COMPLETE,"{""batch_size"": 64, ""class_weight"": ""balanced"", ""cnn_channels"": 16, ""context_hidden"": 16, ""dropout"": 0.15, ""fusion_hidden"": 16, ""input_projection"": 16, ""learning_rate"": 0.001, ""lstm_hidden"": 16, ""max_epochs"": 40, ""patience"": 6, ""weight_decay"": 0.0001}","[0.4413466692935393, 0.4485122565393905, 0.4285052548447846]",0.4394547268925714,,False,13.0
student_por,S0_EARLY_NO_GRADE,cnn_bilstm,1,1,COMPLETE,"{""batch_size"": 64, ""class_weight"": ""none"", ""cnn_channels"": 16, ""context_hidden"": 24, ""dropout"": 0.25, ""fusion_hidden"": 24, ""input_projection"": 24, ""learning_rate"": 0.0005, ""lstm_hidden"": 24, ""max_epochs"": 40, ""patience"": 6, ""weight_decay"": 0.001}","[0.2725475285171102, 0.32474333272583683, 0.3124278855691783]",0.3032395822707084,,False,4.0
student_por,S0_EARLY_NO_GRADE,cnn_bilstm,2,0,COMPLETE,"{""batch_size"": 64, ""class_weight"": ""balanced"", ""cnn_channels"": 16, ""context_hidden"": 16, ""dropout"": 0.15, ""fusion_hidden"": 16, ""input_projection"": 16, ""learning_rate"": 0.001, ""lstm_hidden"": 16, ""max_epochs"": 40, ""patience"": 6, ""weight_decay"": 0.0001}","[0.4209339048048725, 0.4980430125247198, 0.39152292737554584]",0.43683328156837936,,False,10.0
student_por,S0_EARLY_NO_GRADE,cnn_bilstm,2,1,COMPLETE,"{""batch_size"": 64, ""class_weight"": ""none"", ""cnn_channels"": 16, ""context_hidden"": 24, ""dropout"": 0.25, ""fusion_hidden"": 24, ""input_projection"": 24, ""learning_rate"": 0.0005, ""lstm_hidden"": 24, ""max_epochs"": 40, ""patience"": 6, ""weight_decay"": 0.001}","[0.3181760229953001, 0.28055356336494275, 0.340439441260772]",0.3130563425403383,,False,4.0
student_por,S0_EARLY_NO_GRADE,cnn_bilstm,3,0,COMPLETE,"{""batch_size"": 64, ""class_weight"": ""balanced"", ""cnn_channels"": 16, ""context_hidden"": 16, ""dropout"": 0.15, ""fusion_hidden"": 16, ""input_projection"": 16, ""learning_rate"": 0.001, ""lstm_hidden"": 16, ""max_epochs"": 40, ""patience"": 6, ""weight_decay"": 0.0001}","[0.40986648833397776, 0.2968846825530956, 0.44697547822547823]",0.38457554970418384,,False,11.0
student_por,S0_EARLY_NO_GRADE,cnn_bilstm,3,1,COMPLETE,"{""batch_size"": 64, ""class_weight"": ""none"", ""cnn_channels"": 16, ""context_hidden"": 24, ""dropout"": 0.25, ""fusion_hidden"": 24, ""input_projection"": 24, ""learning_rate"": 0.0005, ""lstm_hidden"": 24, ""max_epochs"": 40, ""patience"": 6, ""weight_decay"": 0.001}","[0.3104021582282452, 0.3225885225885226, 0.3352923352923353]",0.32276100536970104,,False,3.0
student_por,S0_EARLY_NO_GRADE,cnn_bilstm,4,0,COMPLETE,"{""batch_size"": 64, ""class_weight"": ""balanced"", ""cnn_channels"": 16, ""context_hidden"": 16, ""dropout"": 0.15, ""fusion_hidden"": 16, ""input_projection"": 16, ""learning_rate"": 0.001, ""lstm_hidden"": 16, ""max_epochs"": 40, ""patience"": 6, ""weight_decay"": 0.0001}","[0.42903318422198145, 0.48286961265684675, 0.407628360632599]",0.43984371917047577,,False,12.0
student_por,S0_EARLY_NO_GRADE,cnn_bilstm,4,1,COMPLETE,"{""batch_size"": 64, ""class_weight"": ""none"", ""cnn_channels"": 16, ""context_hidden"": 24, ""dropout"": 0.25, ""fusion_hidden"": 24, ""input_projection"": 24, ""learning_rate"": 0.0005, ""lstm_hidden"": 24, ""max_epochs"": 40, ""patience"": 6, ""weight_decay"": 0.001}","[0.29322793148880105, 0.3000417710944026, 0.3551447245564893]",0.3161381423798977,,False,3.0
student_por,S1_MID_G1_ONLY,cnn_only,0,0,COMPLETE,"{""batch_size"": 64, ""class_weight"": ""balanced"", ""cnn_channels"": 16, ""context_hidden"": 16, ""dropout"": 0.15, ""fusion_hidden"": 16, ""input_projection"": 16, ""learning_rate"": 0.001, ""lstm_hidden"": 16, ""max_epochs"": 40, ""patience"": 6, ""weight_decay"": 0.0001}","[0.7683519642250779, 0.7291339811887757, 0.7440705555606647]",0.7471855003248394,,False,11.0
student_por,S1_MID_G1_ONLY,cnn_only,0,1,COMPLETE,"{""batch_size"": 64, ""class_weight"": ""none"", ""cnn_channels"": 16, ""context_hidden"": 24, ""dropout"": 0.25, ""fusion_hidden"": 24, ""input_projection"": 24, ""learning_rate"": 0.0005, ""lstm_hidden"": 24, ""max_epochs"": 40, ""patience"": 6, ""weight_decay"": 0.001}","[0.26157407407407407, 0.2604540023894863, 0.26107226107226106]",0.2610334458452738,,False,1.0
student_por,S1_MID_G1_ONLY,cnn_only,1,0,COMPLETE,"{""batch_size"": 64, ""class_weight"": ""balanced"", ""cnn_channels"": 16, ""context_hidden"": 16, ""dropout"": 0.15, ""fusion_hidden"": 16, ""input_projection"": 16, ""learning_rate"": 0.001, ""lstm_hidden"": 16, ""max_epochs"": 40, ""patience"": 6, ""weight_decay"": 0.0001}","[0.7944136320513756, 0.7646921281137736, 0.7956920349349135]",0.7849325983666876,,False,18.0
student_por,S1_MID_G1_ONLY,cnn_only,1,1,COMPLETE,"{""batch_size"": 64, ""class_weight"": ""none"", ""cnn_channels"": 16, ""context_hidden"": 24, ""dropout"": 0.25, ""fusion_hidden"": 24, ""input_projection"": 24, ""learning_rate"": 0.0005, ""lstm_hidden"": 24, ""max_epochs"": 40, ""patience"": 6, ""weight_decay"": 0.001}","[0.26004728132387706, 0.2624113475177305, 0.2606689734717416]",0.2610425341044497,,False,1.0
student_por,S1_MID_G1_ONLY,cnn_only,2,0,COMPLETE,"{""batch_size"": 64, ""class_weight"": ""balanced"", ""cnn_channels"": 16, ""context_hidden"": 16, ""dropout"": 0.15, ""fusion_hidden"": 16, ""input_projection"": 16, ""learning_rate"": 0.001, ""lstm_hidden"": 16, ""max_epochs"": 40, ""patience"": 6, ""weight_decay"": 0.0001}","[0.7388583638583638, 0.8095411862015277, 0.7093483858189741]",0.7525826452929553,,False,13.0
student_por,S1_MID_G1_ONLY,cnn_only,2,1,COMPLETE,"{""batch_size"": 64, ""class_weight"": ""none"", ""cnn_channels"": 16, ""context_hidden"": 24, ""dropout"": 0.25, ""fusion_hidden"": 24, ""input_projection"": 24, ""learning_rate"": 0.0005, ""lstm_hidden"": 24, ""max_epochs"": 40, ""patience"": 6, ""weight_decay"": 0.001}","[0.2573099415204678, 0.26004728132387706, 0.26573426573426573]",0.26103049619287017,,False,1.0
student_por,S1_MID_G1_ONLY,cnn_only,3,0,COMPLETE,"{""batch_size"": 64, ""class_weight"": ""balanced"", ""cnn_channels"": 16, ""context_hidden"": 16, ""dropout"": 0.15, ""fusion_hidden"": 16, ""input_projection"": 16, ""learning_rate"": 0.001, ""lstm_hidden"": 16, ""max_epochs"": 40, ""patience"": 6, ""weight_decay"": 0.0001}","[0.806587150989428, 0.7462913209560683, 0.7906748630597024]",0.7811844450017329,,False,19.0
student_por,S1_MID_G1_ONLY,cnn_only,3,1,COMPLETE,"{""batch_size"": 64, ""class_weight"": ""none"", ""cnn_channels"": 16, ""context_hidden"": 24, ""dropout"": 0.25, ""fusion_hidden"": 24, ""input_projection"": 24, ""learning_rate"": 0.0005, ""lstm_hidden"": 24, ""max_epochs"": 40, ""patience"": 6, ""weight_decay"": 0.001}","[0.25295508274231676, 0.2694541231126597, 0.26198830409356727]",0.2614658366495146,,False,1.0
student_por,S1_MID_G1_ONLY,cnn_only,4,0,COMPLETE,"{""batch_size"": 64, ""class_weight"": ""balanced"", ""cnn_channels"": 16, ""context_hidden"": 16, ""dropout"": 0.15, ""fusion_hidden"": 16, ""input_projection"": 16, ""learning_rate"": 0.001, ""lstm_hidden"": 16, ""max_epochs"": 40, ""patience"": 6, ""weight_decay"": 0.0001}","[0.7443294971070591, 0.8026010049337243, 0.7881168618010723]",0.7783491212806185,,False,20.0
student_por,S1_MID_G1_ONLY,cnn_only,4,1,COMPLETE,"{""batch_size"": 64, ""class_weight"": ""none"", ""cnn_channels"": 16, ""context_hidden"": 24, ""dropout"": 0.25, ""fusion_hidden"": 24, ""input_projection"": 24, ""learning_rate"": 0.0005, ""lstm_hidden"": 24, ""max_epochs"": 40, ""patience"": 6, ""weight_decay"": 0.001}","[0.26575028636884307, 0.24600246002460024, 0.2707622298065984]",0.2608383254000139,,False,1.0
student_por,S1_MID_G1_ONLY,bilstm_only,0,0,COMPLETE,"{""batch_size"": 64, ""class_weight"": ""balanced"", ""cnn_channels"": 16, ""context_hidden"": 16, ""dropout"": 0.15, ""fusion_hidden"": 16, ""input_projection"": 16, ""learning_rate"": 0.001, ""lstm_hidden"": 16, ""max_epochs"": 40, ""patience"": 6, ""weight_decay"": 0.0001}","[0.7774963650860652, 0.7254938588137622, 0.7409964960364751]",0.7479955733121009,,False,36.0
student_por,S1_MID_G1_ONLY,bilstm_only,0,1,COMPLETE,"{""batch_size"": 64, ""class_weight"": ""none"", ""cnn_channels"": 16, ""context_hidden"": 24, ""dropout"": 0.25, ""fusion_hidden"": 24, ""input_projection"": 24, ""learning_rate"": 0.0005, ""lstm_hidden"": 24, ""max_epochs"": 40, ""patience"": 6, ""weight_decay"": 0.001}","[0.3110091743119266, 0.27534747122904074, 0.3248369887374037]",0.3037312114261237,,False,1.0
student_por,S1_MID_G1_ONLY,bilstm_only,1,0,COMPLETE,"{""batch_size"": 64, ""class_weight"": ""balanced"", ""cnn_channels"": 16, ""context_hidden"": 16, ""dropout"": 0.15, ""fusion_hidden"": 16, ""input_projection"": 16, ""learning_rate"": 0.001, ""lstm_hidden"": 16, ""max_epochs"": 40, ""patience"": 6, ""weight_decay"": 0.0001}","[0.7653116531165312, 0.49343998310498666, 0.7881886861986365]",0.6823134408067181,,False,28.0
student_por,S1_MID_G1_ONLY,bilstm_only,1,1,COMPLETE,"{""batch_size"": 64, ""class_weight"": ""none"", ""cnn_channels"": 16, ""context_hidden"": 24, ""dropout"": 0.25, ""fusion_hidden"": 24, ""input_projection"": 24, ""learning_rate"": 0.0005, ""lstm_hidden"": 24, ""max_epochs"": 40, ""patience"": 6, ""weight_decay"": 0.001}","[0.33047149894440536, 0.3484344559613377, 0.30148065198457136]",0.3267955356301048,,False,1.0
student_por,S1_MID_G1_ONLY,bilstm_only,2,0,COMPLETE,"{""batch_size"": 64, ""class_weight"": ""balanced"", ""cnn_channels"": 16, ""context_hidden"": 16, ""dropout"": 0.15, ""fusion_hidden"": 16, ""input_projection"": 16, ""learning_rate"": 0.001, ""lstm_hidden"": 16, ""max_epochs"": 40, ""patience"": 6, ""weight_decay"": 0.0001}","[0.5665424863325913, 0.5536220590069812, 0.6984564628254978]",0.60620700272169,,False,6.0
student_por,S1_MID_G1_ONLY,bilstm_only,2,1,COMPLETE,"{""batch_size"": 64, ""class_weight"": ""none"", ""cnn_channels"": 16, ""context_hidden"": 24, ""dropout"": 0.25, ""fusion_hidden"": 24, ""input_projection"": 24, ""learning_rate"": 0.0005, ""lstm_hidden"": 24, ""max_epochs"": 40, ""patience"": 6, ""weight_decay"": 0.001}","[0.2904472494935328, 0.3017039130062505, 0.3135044720410574]",0.3018852115136135,,False,1.0
student_por,S1_MID_G1_ONLY,bilstm_only,3,0,COMPLETE,"{""batch_size"": 64, ""class_weight"": ""balanced"", ""cnn_channels"": 16, ""context_hidden"": 16, ""dropout"": 0.15, ""fusion_hidden"": 16, ""input_projection"": 16, ""learning_rate"": 0.001, ""lstm_hidden"": 16, ""max_epochs"": 40, ""patience"": 6, ""weight_decay"": 0.0001}","[0.7857643274703054, 0.7458694269839782, 0.7473267326732674]",0.7596534957091837,,False,30.0
student_por,S1_MID_G1_ONLY,bilstm_only,3,1,COMPLETE,"{""batch_size"": 64, ""class_weight"": ""none"", ""cnn_channels"": 16, ""context_hidden"": 24, ""dropout"": 0.25, ""fusion_hidden"": 24, ""input_projection"": 24, ""learning_rate"": 0.0005, ""lstm_hidden"": 24, ""max_epochs"": 40, ""patience"": 6, ""weight_decay"": 0.001}","[0.30464453720267676, 0.35960747071858185, 0.33046809928369153]",0.3315733690683167,,False,1.0
student_por,S1_MID_G1_ONLY,bilstm_only,4,0,COMPLETE,"{""batch_size"": 64, ""class_weight"": ""balanced"", ""cnn_channels"": 16, ""context_hidden"": 16, ""dropout"": 0.15, ""fusion_hidden"": 16, ""input_projection"": 16, ""learning_rate"": 0.001, ""lstm_hidden"": 16, ""max_epochs"": 40, ""patience"": 6, ""weight_decay"": 0.0001}","[0.7066730600175818, 0.8002808002808003, 0.7745661944586676]",0.7605066849190165,,False,35.0
student_por,S1_MID_G1_ONLY,bilstm_only,4,1,COMPLETE,"{""batch_size"": 64, ""class_weight"": ""none"", ""cnn_channels"": 16, ""context_hidden"": 24, ""dropout"": 0.25, ""fusion_hidden"": 24, ""input_projection"": 24, ""learning_rate"": 0.0005, ""lstm_hidden"": 24, ""max_epochs"": 40, ""patience"": 6, ""weight_decay"": 0.001}","[0.32193732193732194, 0.3584795321637427, 0.2885733603786342]",0.32299673815989965,,False,1.0
student_por,S1_MID_G1_ONLY,cnn_bilstm,0,0,COMPLETE,"{""batch_size"": 64, ""class_weight"": ""balanced"", ""cnn_channels"": 16, ""context_hidden"": 16, ""dropout"": 0.15, ""fusion_hidden"": 16, ""input_projection"": 16, ""learning_rate"": 0.001, ""lstm_hidden"": 16, ""max_epochs"": 40, ""patience"": 6, ""weight_decay"": 0.0001}","[0.7901343101343102, 0.7497378313408515, 0.7474772539288669]",0.7624497984680095,,False,23.0
student_por,S1_MID_G1_ONLY,cnn_bilstm,0,1,COMPLETE,"{""batch_size"": 64, ""class_weight"": ""none"", ""cnn_channels"": 16, ""context_hidden"": 24, ""dropout"": 0.25, ""fusion_hidden"": 24, ""input_projection"": 24, ""learning_rate"": 0.0005, ""lstm_hidden"": 24, ""max_epochs"": 40, ""patience"": 6, ""weight_decay"": 0.001}","[0.27525296835702173, 0.3383867418999964, 0.28915343915343916]",0.3009310498034858,,False,3.0
student_por,S1_MID_G1_ONLY,cnn_bilstm,1,0,COMPLETE,"{""batch_size"": 64, ""class_weight"": ""balanced"", ""cnn_channels"": 16, ""context_hidden"": 16, ""dropout"": 0.15, ""fusion_hidden"": 16, ""input_projection"": 16, ""learning_rate"": 0.001, ""lstm_hidden"": 16, ""max_epochs"": 40, ""patience"": 6, ""weight_decay"": 0.0001}","[0.8033622132055149, 0.7375621890547265, 0.8011437908496731]",0.7806893977033048,,False,22.0
student_por,S1_MID_G1_ONLY,cnn_bilstm,1,1,COMPLETE,"{""batch_size"": 64, ""class_weight"": ""none"", ""cnn_channels"": 16, ""context_hidden"": 24, ""dropout"": 0.25, ""fusion_hidden"": 24, ""input_projection"": 24, ""learning_rate"": 0.0005, ""lstm_hidden"": 24, ""max_epochs"": 40, ""patience"": 6, ""weight_decay"": 0.001}","[0.2737665532683695, 0.3084091303867229, 0.2962652803056706]",0.2928136546535877,,False,2.0
student_por,S1_MID_G1_ONLY,cnn_bilstm,2,0,COMPLETE,"{""batch_size"": 64, ""class_weight"": ""balanced"", ""cnn_channels"": 16, ""context_hidden"": 16, ""dropout"": 0.15, ""fusion_hidden"": 16, ""input_projection"": 16, ""learning_rate"": 0.001, ""lstm_hidden"": 16, ""max_epochs"": 40, ""patience"": 6, ""weight_decay"": 0.0001}","[0.787604373970915, 0.6607768084403598, 0.6939653311924309]",0.7141155045345685,,False,16.0
student_por,S1_MID_G1_ONLY,cnn_bilstm,2,1,COMPLETE,"{""batch_size"": 64, ""class_weight"": ""none"", ""cnn_channels"": 16, ""context_hidden"": 24, ""dropout"": 0.25, ""fusion_hidden"": 24, ""input_projection"": 24, ""learning_rate"": 0.0005, ""lstm_hidden"": 24, ""max_epochs"": 40, ""patience"": 6, ""weight_decay"": 0.001}","[0.3262028834462394, 0.27901234567901234, 0.3444444444444444]",0.31655322452323204,,False,2.0
student_por,S1_MID_G1_ONLY,cnn_bilstm,3,0,COMPLETE,"{""batch_size"": 64, ""class_weight"": ""balanced"", ""cnn_channels"": 16, ""context_hidden"": 16, ""dropout"": 0.15, ""fusion_hidden"": 16, ""input_projection"": 16, ""learning_rate"": 0.001, ""lstm_hidden"": 16, ""max_epochs"": 40, ""patience"": 6, ""weight_decay"": 0.0001}","[0.7844286432521727, 0.8064538285818106, 0.7657699317774621]",0.785550801203815,,False,26.0
student_por,S1_MID_G1_ONLY,cnn_bilstm,3,1,COMPLETE,"{""batch_size"": 64, ""class_weight"": ""none"", ""cnn_channels"": 16, ""context_hidden"": 24, ""dropout"": 0.25, ""fusion_hidden"": 24, ""input_projection"": 24, ""learning_rate"": 0.0005, ""lstm_hidden"": 24, ""max_epochs"": 40, ""patience"": 6, ""weight_decay"": 0.001}","[0.28804563839985037, 0.3247250248749499, 0.3568627450980392]",0.3232111361242798,,False,3.0
student_por,S1_MID_G1_ONLY,cnn_bilstm,4,0,COMPLETE,"{""batch_size"": 64, ""class_weight"": ""balanced"", ""cnn_channels"": 16, ""context_hidden"": 16, ""dropout"": 0.15, ""fusion_hidden"": 16, ""input_projection"": 16, ""learning_rate"": 0.001, ""lstm_hidden"": 16, ""max_epochs"": 40, ""patience"": 6, ""weight_decay"": 0.0001}","[0.7258506388941172, 0.804523672608779, 0.8011718615166892]",0.777182057673195,,False,24.0
student_por,S1_MID_G1_ONLY,cnn_bilstm,4,1,COMPLETE,"{""batch_size"": 64, ""class_weight"": ""none"", ""cnn_channels"": 16, ""context_hidden"": 24, ""dropout"": 0.25, ""fusion_hidden"": 24, ""input_projection"": 24, ""learning_rate"": 0.0005, ""lstm_hidden"": 24, ""max_epochs"": 40, ""patience"": 6, ""weight_decay"": 0.001}","[0.2883675464320626, 0.288995897984662, 0.3265346742090928]",0.3012993728752725,,False,2.0
student_por,S2_LATE_G1_G2,cnn_only,0,0,COMPLETE,"{""batch_size"": 64, ""class_weight"": ""balanced"", ""cnn_channels"": 16, ""context_hidden"": 16, ""dropout"": 0.15, ""fusion_hidden"": 16, ""input_projection"": 16, ""learning_rate"": 0.001, ""lstm_hidden"": 16, ""max_epochs"": 40, ""patience"": 6, ""weight_decay"": 0.0001}","[0.8463667677593767, 0.7883454430841711, 0.8106497612595174]",0.8151206573676885,,False,15.0
student_por,S2_LATE_G1_G2,cnn_only,0,1,COMPLETE,"{""batch_size"": 64, ""class_weight"": ""none"", ""cnn_channels"": 16, ""context_hidden"": 24, ""dropout"": 0.25, ""fusion_hidden"": 24, ""input_projection"": 24, ""learning_rate"": 0.0005, ""lstm_hidden"": 24, ""max_epochs"": 40, ""patience"": 6, ""weight_decay"": 0.001}","[0.26157407407407407, 0.2604540023894863, 0.26107226107226106]",0.2610334458452738,,False,1.0
student_por,S2_LATE_G1_G2,cnn_only,1,0,COMPLETE,"{""batch_size"": 64, ""class_weight"": ""balanced"", ""cnn_channels"": 16, ""context_hidden"": 16, ""dropout"": 0.15, ""fusion_hidden"": 16, ""input_projection"": 16, ""learning_rate"": 0.001, ""lstm_hidden"": 16, ""max_epochs"": 40, ""patience"": 6, ""weight_decay"": 0.0001}","[0.8430562766945772, 0.8477035572839453, 0.8896917158141564]",0.8601505165975597,,False,23.0
student_por,S2_LATE_G1_G2,cnn_only,1,1,COMPLETE,"{""batch_size"": 64, ""class_weight"": ""none"", ""cnn_channels"": 16, ""context_hidden"": 24, ""dropout"": 0.25, ""fusion_hidden"": 24, ""input_projection"": 24, ""learning_rate"": 0.0005, ""lstm_hidden"": 24, ""max_epochs"": 40, ""patience"": 6, ""weight_decay"": 0.001}","[0.26004728132387706, 0.2624113475177305, 0.2606689734717416]",0.2610425341044497,,False,1.0
student_por,S2_LATE_G1_G2,cnn_only,2,0,COMPLETE,"{""batch_size"": 64, ""class_weight"": ""balanced"", ""cnn_channels"": 16, ""context_hidden"": 16, ""dropout"": 0.15, ""fusion_hidden"": 16, ""input_projection"": 16, ""learning_rate"": 0.001, ""lstm_hidden"": 16, ""max_epochs"": 40, ""patience"": 6, ""weight_decay"": 0.0001}","[0.8539922112285017, 0.8763083489655547, 0.8440909650211976]",0.8581305084050846,,False,24.0
student_por,S2_LATE_G1_G2,cnn_only,2,1,COMPLETE,"{""batch_size"": 64, ""class_weight"": ""none"", ""cnn_channels"": 16, ""context_hidden"": 24, ""dropout"": 0.25, ""fusion_hidden"": 24, ""input_projection"": 24, ""learning_rate"": 0.0005, ""lstm_hidden"": 24, ""max_epochs"": 40, ""patience"": 6, ""weight_decay"": 0.001}","[0.2573099415204678, 0.26004728132387706, 0.26573426573426573]",0.26103049619287017,,False,1.0
student_por,S2_LATE_G1_G2,cnn_only,3,0,COMPLETE,"{""batch_size"": 64, ""class_weight"": ""balanced"", ""cnn_channels"": 16, ""context_hidden"": 16, ""dropout"": 0.15, ""fusion_hidden"": 16, ""input_projection"": 16, ""learning_rate"": 0.001, ""lstm_hidden"": 16, ""max_epochs"": 40, ""patience"": 6, ""weight_decay"": 0.0001}","[0.8729876891619549, 0.8895136628193745, 0.8010255585078584]",0.8545089701630625,,False,21.0
student_por,S2_LATE_G1_G2,cnn_only,3,1,COMPLETE,"{""batch_size"": 64, ""class_weight"": ""none"", ""cnn_channels"": 16, ""context_hidden"": 24, ""dropout"": 0.25, ""fusion_hidden"": 24, ""input_projection"": 24, ""learning_rate"": 0.0005, ""lstm_hidden"": 24, ""max_epochs"": 40, ""patience"": 6, ""weight_decay"": 0.001}","[0.25295508274231676, 0.2694541231126597, 0.26198830409356727]",0.2614658366495146,,False,1.0
student_por,S2_LATE_G1_G2,cnn_only,4,0,COMPLETE,"{""batch_size"": 64, ""class_weight"": ""balanced"", ""cnn_channels"": 16, ""context_hidden"": 16, ""dropout"": 0.15, ""fusion_hidden"": 16, ""input_projection"": 16, ""learning_rate"": 0.001, ""lstm_hidden"": 16, ""max_epochs"": 40, ""patience"": 6, ""weight_decay"": 0.0001}","[0.8510842829244375, 0.873933923162761, 0.8623617312141901]",0.8624599791004628,,False,23.0
student_por,S2_LATE_G1_G2,cnn_only,4,1,COMPLETE,"{""batch_size"": 64, ""class_weight"": ""none"", ""cnn_channels"": 16, ""context_hidden"": 24, ""dropout"": 0.25, ""fusion_hidden"": 24, ""input_projection"": 24, ""learning_rate"": 0.0005, ""lstm_hidden"": 24, ""max_epochs"": 40, ""patience"": 6, ""weight_decay"": 0.001}","[0.26575028636884307, 0.24600246002460024, 0.2707622298065984]",0.2608383254000139,,False,1.0
student_por,S2_LATE_G1_G2,bilstm_only,0,0,COMPLETE,"{""batch_size"": 64, ""class_weight"": ""balanced"", ""cnn_channels"": 16, ""context_hidden"": 16, ""dropout"": 0.15, ""fusion_hidden"": 16, ""input_projection"": 16, ""learning_rate"": 0.001, ""lstm_hidden"": 16, ""max_epochs"": 40, ""patience"": 6, ""weight_decay"": 0.0001}","[0.8748851956784894, 0.7479077699120117, 0.4749920014625897]",0.6992616556843636,,False,29.0
student_por,S2_LATE_G1_G2,bilstm_only,0,1,COMPLETE,"{""batch_size"": 64, ""class_weight"": ""none"", ""cnn_channels"": 16, ""context_hidden"": 24, ""dropout"": 0.25, ""fusion_hidden"": 24, ""input_projection"": 24, ""learning_rate"": 0.0005, ""lstm_hidden"": 24, ""max_epochs"": 40, ""patience"": 6, ""weight_decay"": 0.001}","[0.30131664148499887, 0.2706349206349206, 0.3216227907551601]",0.2978581176250265,,False,1.0
student_por,S2_LATE_G1_G2,bilstm_only,1,0,COMPLETE,"{""batch_size"": 64, ""class_weight"": ""balanced"", ""cnn_channels"": 16, ""context_hidden"": 16, ""dropout"": 0.15, ""fusion_hidden"": 16, ""input_projection"": 16, ""learning_rate"": 0.001, ""lstm_hidden"": 16, ""max_epochs"": 40, ""patience"": 6, ""weight_decay"": 0.0001}","[0.804408457040036, 0.509953184298734, 0.8660324934891891]",0.7267980449426531,,False,29.0
student_por,S2_LATE_G1_G2,bilstm_only,1,1,COMPLETE,"{""batch_size"": 64, ""class_weight"": ""none"", ""cnn_channels"": 16, ""context_hidden"": 24, ""dropout"": 0.25, ""fusion_hidden"": 24, ""input_projection"": 24, ""learning_rate"": 0.0005, ""lstm_hidden"": 24, ""max_epochs"": 40, ""patience"": 6, ""weight_decay"": 0.001}","[0.31083803732118065, 0.3294051627384961, 0.2931121166415284]",0.31111843890040175,,False,1.0
student_por,S2_LATE_G1_G2,bilstm_only,2,0,COMPLETE,"{""batch_size"": 64, ""class_weight"": ""balanced"", ""cnn_channels"": 16, ""context_hidden"": 16, ""dropout"": 0.15, ""fusion_hidden"": 16, ""input_projection"": 16, ""learning_rate"": 0.001, ""lstm_hidden"": 16, ""max_epochs"": 40, ""patience"": 6, ""weight_decay"": 0.0001}","[0.594386290038464, 0.8344980368142357, 0.8310452832191962]",0.7533098700239652,,False,29.0
student_por,S2_LATE_G1_G2,bilstm_only,2,1,COMPLETE,"{""batch_size"": 64, ""class_weight"": ""none"", ""cnn_channels"": 16, ""context_hidden"": 24, ""dropout"": 0.25, ""fusion_hidden"": 24, ""input_projection"": 24, ""learning_rate"": 0.0005, ""lstm_hidden"": 24, ""max_epochs"": 40, ""patience"": 6, ""weight_decay"": 0.001}","[0.2966134451282966, 0.2926087782633479, 0.3161231884057971]",0.30178180393248055,,False,1.0
student_por,S2_LATE_G1_G2,bilstm_only,3,0,COMPLETE,"{""batch_size"": 64, ""class_weight"": ""balanced"", ""cnn_channels"": 16, ""context_hidden"": 16, ""dropout"": 0.15, ""fusion_hidden"": 16, ""input_projection"": 16, ""learning_rate"": 0.001, ""lstm_hidden"": 16, ""max_epochs"": 40, ""patience"": 6, ""weight_decay"": 0.0001}","[0.8608851168991642, 0.8665338948727553, 0.7834667676439828]",0.8369619264719675,,False,39.0
student_por,S2_LATE_G1_G2,bilstm_only,3,1,COMPLETE,"{""batch_size"": 64, ""class_weight"": ""none"", ""cnn_channels"": 16, ""context_hidden"": 24, ""dropout"": 0.25, ""fusion_hidden"": 24, ""input_projection"": 24, ""learning_rate"": 0.0005, ""lstm_hidden"": 24, ""max_epochs"": 40, ""patience"": 6, ""weight_decay"": 0.001}","[0.31417797888386123, 0.3431216931216931, 0.3244276711568801]",0.3272424477208115,,False,1.0
student_por,S2_LATE_G1_G2,bilstm_only,4,0,COMPLETE,"{""batch_size"": 64, ""class_weight"": ""balanced"", ""cnn_channels"": 16, ""context_hidden"": 16, ""dropout"": 0.15, ""fusion_hidden"": 16, ""input_projection"": 16, ""learning_rate"": 0.001, ""lstm_hidden"": 16, ""max_epochs"": 40, ""patience"": 6, ""weight_decay"": 0.0001}","[0.8334213201744861, 0.8771516197048111, 0.8657510560958835]",0.8587746653250603,,False,36.0
student_por,S2_LATE_G1_G2,bilstm_only,4,1,COMPLETE,"{""batch_size"": 64, ""class_weight"": ""none"", ""cnn_channels"": 16, ""context_hidden"": 24, ""dropout"": 0.25, ""fusion_hidden"": 24, ""input_projection"": 24, ""learning_rate"": 0.0005, ""lstm_hidden"": 24, ""max_epochs"": 40, ""patience"": 6, ""weight_decay"": 0.001}","[0.3084391336818521, 0.3713097155126141, 0.2866370077442742]",0.3221286189795802,,False,1.0
student_por,S2_LATE_G1_G2,cnn_bilstm,0,0,COMPLETE,"{""batch_size"": 64, ""class_weight"": ""balanced"", ""cnn_channels"": 16, ""context_hidden"": 16, ""dropout"": 0.15, ""fusion_hidden"": 16, ""input_projection"": 16, ""learning_rate"": 0.001, ""lstm_hidden"": 16, ""max_epochs"": 40, ""patience"": 6, ""weight_decay"": 0.0001}","[0.8891764931454319, 0.8319389978213508, 0.825297081614835]",0.8488041908605393,,False,30.0
student_por,S2_LATE_G1_G2,cnn_bilstm,0,1,COMPLETE,"{""batch_size"": 64, ""class_weight"": ""none"", ""cnn_channels"": 16, ""context_hidden"": 24, ""dropout"": 0.25, ""fusion_hidden"": 24, ""input_projection"": 24, ""learning_rate"": 0.0005, ""lstm_hidden"": 24, ""max_epochs"": 40, ""patience"": 6, ""weight_decay"": 0.001}","[0.2769764560099132, 0.31706589706589705, 0.3276062923951335]",0.3072162151569813,,False,2.0
student_por,S2_LATE_G1_G2,cnn_bilstm,1,0,COMPLETE,"{""batch_size"": 64, ""class_weight"": ""balanced"", ""cnn_channels"": 16, ""context_hidden"": 16, ""dropout"": 0.15, ""fusion_hidden"": 16, ""input_projection"": 16, ""learning_rate"": 0.001, ""lstm_hidden"": 16, ""max_epochs"": 40, ""patience"": 6, ""weight_decay"": 0.0001}","[0.858549213007577, 0.8488074986742333, 0.8963982859163849]",0.8679183325327317,,False,26.0
student_por,S2_LATE_G1_G2,cnn_bilstm,1,1,COMPLETE,"{""batch_size"": 64, ""class_weight"": ""none"", ""cnn_channels"": 16, ""context_hidden"": 24, ""dropout"": 0.25, ""fusion_hidden"": 24, ""input_projection"": 24, ""learning_rate"": 0.0005, ""lstm_hidden"": 24, ""max_epochs"": 40, ""patience"": 6, ""weight_decay"": 0.001}","[0.30132962275819425, 0.3196380178087495, 0.3081393423623299]",0.30970232764309125,,False,2.0
student_por,S2_LATE_G1_G2,cnn_bilstm,2,0,COMPLETE,"{""batch_size"": 64, ""class_weight"": ""balanced"", ""cnn_channels"": 16, ""context_hidden"": 16, ""dropout"": 0.15, ""fusion_hidden"": 16, ""input_projection"": 16, ""learning_rate"": 0.001, ""lstm_hidden"": 16, ""max_epochs"": 40, ""patience"": 6, ""weight_decay"": 0.0001}","[0.8720225510923184, 0.8719334865355449, 0.8461784365010172]",0.8633781580429601,,False,24.0
student_por,S2_LATE_G1_G2,cnn_bilstm,2,1,COMPLETE,"{""batch_size"": 64, ""class_weight"": ""none"", ""cnn_channels"": 16, ""context_hidden"": 24, ""dropout"": 0.25, ""fusion_hidden"": 24, ""input_projection"": 24, ""learning_rate"": 0.0005, ""lstm_hidden"": 24, ""max_epochs"": 40, ""patience"": 6, ""weight_decay"": 0.001}","[0.34997688395746646, 0.28862048738868445, 0.316514168276479]",0.31837051320754334,,False,2.0
student_por,S2_LATE_G1_G2,cnn_bilstm,3,0,COMPLETE,"{""batch_size"": 64, ""class_weight"": ""balanced"", ""cnn_channels"": 16, ""context_hidden"": 16, ""dropout"": 0.15, ""fusion_hidden"": 16, ""input_projection"": 16, ""learning_rate"": 0.001, ""lstm_hidden"": 16, ""max_epochs"": 40, ""patience"": 6, ""weight_decay"": 0.0001}","[0.8582728243721277, 0.9350399376582894, 0.8226997437689262]",0.8720041685997811,,False,23.0
student_por,S2_LATE_G1_G2,cnn_bilstm,3,1,COMPLETE,"{""batch_size"": 64, ""class_weight"": ""none"", ""cnn_channels"": 16, ""context_hidden"": 24, ""dropout"": 0.25, ""fusion_hidden"": 24, ""input_projection"": 24, ""learning_rate"": 0.0005, ""lstm_hidden"": 24, ""max_epochs"": 40, ""patience"": 6, ""weight_decay"": 0.001}","[0.29411549707602336, 0.3077751476766255, 0.3502967879205503]",0.3173958108910664,,False,2.0
student_por,S2_LATE_G1_G2,cnn_bilstm,4,0,COMPLETE,"{""batch_size"": 64, ""class_weight"": ""balanced"", ""cnn_channels"": 16, ""context_hidden"": 16, ""dropout"": 0.15, ""fusion_hidden"": 16, ""input_projection"": 16, ""learning_rate"": 0.001, ""lstm_hidden"": 16, ""max_epochs"": 40, ""patience"": 6, ""weight_decay"": 0.0001}","[0.8651045663429565, 0.8953638953638953, 0.8961308021004898]",0.8855330879357806,,False,29.0
student_por,S2_LATE_G1_G2,cnn_bilstm,4,1,COMPLETE,"{""batch_size"": 64, ""class_weight"": ""none"", ""cnn_channels"": 16, ""context_hidden"": 24, ""dropout"": 0.25, ""fusion_hidden"": 24, ""input_projection"": 24, ""learning_rate"": 0.0005, ""lstm_hidden"": 24, ""max_epochs"": 40, ""patience"": 6, ""weight_decay"": 0.001}","[0.29176713412827243, 0.3112032414033244, 0.32294347729161177]",0.30863795094106955,,False,2.0
