scenario,model_name,feature_set_id,outer_fold,training_seed,metric,stored,recomputed,absolute_difference,match
early_warning,g1_rule,G1,0,42,accuracy,0.765625,0.765625,0.0,True
early_warning,g1_rule,G1,0,42,macro_f1,0.7914334602859193,0.7914334602859193,0.0,True
early_warning,g1_rule,G1,0,42,weighted_f1,0.7690542722305016,0.7690542722305016,0.0,True
early_warning,g1_rule,G1,0,42,balanced_accuracy,0.779057859703021,0.779057859703021,0.0,True
early_warning,g1_rule,G1,0,42,quadratic_weighted_kappa,0.7621407333994054,0.7621407333994054,0.0,True
early_warning,g1_rule,G1,0,42,ordinal_mae,0.234375,0.234375,0.0,True
early_warning,g1_rule,G1,0,42,brier_score,0.46875,0.46875,0.0,True
early_warning,g1_rule,G1,0,42,pr_auc_macro,0.7148206818569722,0.7148206818569722,0.0,True
early_warning,g1_rule,G1,0,42,ece_top_label_equal_width_10,0.0,0.234375,0.234375,False
early_warning,g1_rule,G1,1,42,accuracy,0.746031746031746,0.746031746031746,0.0,True
early_warning,g1_rule,G1,1,42,macro_f1,0.7484126984126984,0.7484126984126984,0.0,True
early_warning,g1_rule,G1,1,42,weighted_f1,0.746031746031746,0.746031746031746,0.0,True
early_warning,g1_rule,G1,1,42,balanced_accuracy,0.7484126984126984,0.7484126984126984,0.0,True
early_warning,g1_rule,G1,1,42,quadratic_weighted_kappa,0.7477477477477478,0.7477477477477478,0.0,True
early_warning,g1_rule,G1,1,42,ordinal_mae,0.2539682539682539,0.25396825396825395,5.551115123125783e-17,True
early_warning,g1_rule,G1,1,42,brier_score,0.5079365079365079,0.5079365079365079,0.0,True
early_warning,g1_rule,G1,1,42,pr_auc_macro,0.6449149659863945,0.6449149659863945,0.0,True
early_warning,g1_rule,G1,1,42,ece_top_label_equal_width_10,0.0,0.25396825396825395,0.25396825396825395,False
early_warning,g1_rule,G1,2,42,accuracy,0.8095238095238095,0.8095238095238095,0.0,True
early_warning,g1_rule,G1,2,42,macro_f1,0.8188348783908596,0.8188348783908596,0.0,True
early_warning,g1_rule,G1,2,42,weighted_f1,0.8088168459324344,0.8088168459324344,0.0,True
early_warning,g1_rule,G1,2,42,balanced_accuracy,0.8258157612996322,0.8258157612996322,0.0,True
early_warning,g1_rule,G1,2,42,quadratic_weighted_kappa,0.8047520661157025,0.8047520661157025,0.0,True
early_warning,g1_rule,G1,2,42,ordinal_mae,0.1904761904761904,0.19047619047619047,5.551115123125783e-17,True
early_warning,g1_rule,G1,2,42,brier_score,0.3809523809523809,0.38095238095238093,5.551115123125783e-17,True
early_warning,g1_rule,G1,2,42,pr_auc_macro,0.7359799871766574,0.7359799871766574,0.0,True
early_warning,g1_rule,G1,2,42,ece_top_label_equal_width_10,0.0,0.19047619047619047,0.19047619047619047,False
early_warning,g1_rule,G1,3,42,accuracy,0.746031746031746,0.746031746031746,0.0,True
early_warning,g1_rule,G1,3,42,macro_f1,0.6972813238770685,0.6972813238770685,0.0,True
early_warning,g1_rule,G1,3,42,weighted_f1,0.731672858268603,0.731672858268603,0.0,True
early_warning,g1_rule,G1,3,42,balanced_accuracy,0.6808639389284551,0.6808639389284551,0.0,True
early_warning,g1_rule,G1,3,42,quadratic_weighted_kappa,0.7091748413156376,0.7091748413156376,0.0,True
early_warning,g1_rule,G1,3,42,ordinal_mae,0.2539682539682539,0.25396825396825395,5.551115123125783e-17,True
early_warning,g1_rule,G1,3,42,brier_score,0.5079365079365079,0.5079365079365079,0.0,True
early_warning,g1_rule,G1,3,42,pr_auc_macro,0.6139422107164043,0.6139422107164043,0.0,True
early_warning,g1_rule,G1,3,42,ece_top_label_equal_width_10,0.0,0.25396825396825395,0.25396825396825395,False
early_warning,g1_rule,G1,4,42,accuracy,0.7301587301587301,0.7301587301587301,0.0,True
early_warning,g1_rule,G1,4,42,macro_f1,0.7276166456494325,0.7276166456494325,0.0,True
early_warning,g1_rule,G1,4,42,weighted_f1,0.7309994195240097,0.7309994195240097,0.0,True
early_warning,g1_rule,G1,4,42,balanced_accuracy,0.7365591397849464,0.7365591397849464,0.0,True
early_warning,g1_rule,G1,4,42,quadratic_weighted_kappa,0.7332503113325031,0.7332503113325031,0.0,True
early_warning,g1_rule,G1,4,42,ordinal_mae,0.2698412698412698,0.2698412698412698,0.0,True
early_warning,g1_rule,G1,4,42,brier_score,0.5396825396825397,0.5396825396825397,0.0,True
early_warning,g1_rule,G1,4,42,pr_auc_macro,0.6215064992229677,0.6215064992229677,0.0,True
early_warning,g1_rule,G1,4,42,ece_top_label_equal_width_10,0.0,0.2698412698412699,0.2698412698412699,False
early_warning,hgb_g1,G1,0,42,accuracy,0.765625,0.765625,0.0,True
early_warning,hgb_g1,G1,0,42,macro_f1,0.7914334602859193,0.7914334602859193,0.0,True
early_warning,hgb_g1,G1,0,42,weighted_f1,0.7690542722305016,0.7690542722305016,0.0,True
early_warning,hgb_g1,G1,0,42,balanced_accuracy,0.779057859703021,0.779057859703021,0.0,True
early_warning,hgb_g1,G1,0,42,quadratic_weighted_kappa,0.7621407333994054,0.7621407333994054,0.0,True
early_warning,hgb_g1,G1,0,42,ordinal_mae,0.234375,0.234375,0.0,True
early_warning,hgb_g1,G1,0,42,brier_score,0.3510967548822895,0.35109675488228953,5.551115123125783e-17,True
early_warning,hgb_g1,G1,0,42,pr_auc_macro,0.8015729052511715,0.8015729052511715,0.0,True
early_warning,hgb_g1,G1,0,42,ece_top_label_equal_width_10,0.0634346252569026,0.06343462525690265,4.163336342344337e-17,True
early_warning,hgb_g1,G1,1,42,accuracy,0.746031746031746,0.746031746031746,0.0,True
early_warning,hgb_g1,G1,1,42,macro_f1,0.7484126984126984,0.7484126984126984,0.0,True
early_warning,hgb_g1,G1,1,42,weighted_f1,0.746031746031746,0.746031746031746,0.0,True
early_warning,hgb_g1,G1,1,42,balanced_accuracy,0.7484126984126984,0.7484126984126984,0.0,True
early_warning,hgb_g1,G1,1,42,quadratic_weighted_kappa,0.7477477477477478,0.7477477477477478,0.0,True
early_warning,hgb_g1,G1,1,42,ordinal_mae,0.2539682539682539,0.25396825396825395,5.551115123125783e-17,True
early_warning,hgb_g1,G1,1,42,brier_score,0.374401642029609,0.37440164202960896,5.551115123125783e-17,True
early_warning,hgb_g1,G1,1,42,pr_auc_macro,0.7606201069221464,0.7606201069221464,0.0,True
early_warning,hgb_g1,G1,1,42,ece_top_label_equal_width_10,0.0674752067783175,0.06747520677831757,6.938893903907228e-17,True
early_warning,hgb_g1,G1,2,42,accuracy,0.8095238095238095,0.8095238095238095,0.0,True
early_warning,hgb_g1,G1,2,42,macro_f1,0.8188348783908596,0.8188348783908596,0.0,True
early_warning,hgb_g1,G1,2,42,weighted_f1,0.8088168459324344,0.8088168459324344,0.0,True
early_warning,hgb_g1,G1,2,42,balanced_accuracy,0.8258157612996322,0.8258157612996322,0.0,True
early_warning,hgb_g1,G1,2,42,quadratic_weighted_kappa,0.8047520661157025,0.8047520661157025,0.0,True
early_warning,hgb_g1,G1,2,42,ordinal_mae,0.1904761904761904,0.19047619047619047,5.551115123125783e-17,True
early_warning,hgb_g1,G1,2,42,brier_score,0.2579052144049591,0.25790521440495917,5.551115123125783e-17,True
early_warning,hgb_g1,G1,2,42,pr_auc_macro,0.8823613083036522,0.8823613083036522,0.0,True
early_warning,hgb_g1,G1,2,42,ece_top_label_equal_width_10,0.0494291232451426,0.04942912324514267,6.938893903907228e-17,True
early_warning,hgb_g1,G1,3,42,accuracy,0.746031746031746,0.746031746031746,0.0,True
early_warning,hgb_g1,G1,3,42,macro_f1,0.6972813238770685,0.6972813238770685,0.0,True
early_warning,hgb_g1,G1,3,42,weighted_f1,0.731672858268603,0.731672858268603,0.0,True
early_warning,hgb_g1,G1,3,42,balanced_accuracy,0.6808639389284551,0.6808639389284551,0.0,True
early_warning,hgb_g1,G1,3,42,quadratic_weighted_kappa,0.7091748413156376,0.7091748413156376,0.0,True
early_warning,hgb_g1,G1,3,42,ordinal_mae,0.2539682539682539,0.25396825396825395,5.551115123125783e-17,True
early_warning,hgb_g1,G1,3,42,brier_score,0.3561519467416128,0.3561519467416128,0.0,True
early_warning,hgb_g1,G1,3,42,pr_auc_macro,0.7973328700198733,0.7973328700198733,0.0,True
early_warning,hgb_g1,G1,3,42,ece_top_label_equal_width_10,0.1420405932836205,0.14204059328362054,2.7755575615628914e-17,True
early_warning,hgb_g1,G1,4,42,accuracy,0.6507936507936508,0.6507936507936508,0.0,True
early_warning,hgb_g1,G1,4,42,macro_f1,0.6289173789173789,0.6289173789173789,0.0,True
early_warning,hgb_g1,G1,4,42,weighted_f1,0.6323090489757156,0.6323090489757156,0.0,True
early_warning,hgb_g1,G1,4,42,balanced_accuracy,0.6354838709677418,0.6354838709677418,0.0,True
early_warning,hgb_g1,G1,4,42,quadratic_weighted_kappa,0.6037735849056604,0.6037735849056604,0.0,True
early_warning,hgb_g1,G1,4,42,ordinal_mae,0.3492063492063492,0.3492063492063492,0.0,True
early_warning,hgb_g1,G1,4,42,brier_score,0.3772948637373169,0.377294863737317,1.1102230246251565e-16,True
early_warning,hgb_g1,G1,4,42,pr_auc_macro,0.7939833401415154,0.7939833401415154,0.0,True
early_warning,hgb_g1,G1,4,42,ece_top_label_equal_width_10,0.1188880884573429,0.11888808845734294,4.163336342344337e-17,True
early_warning,logistic_g1,G1,0,42,accuracy,0.765625,0.765625,0.0,True
early_warning,logistic_g1,G1,0,42,macro_f1,0.7914334602859193,0.7914334602859193,0.0,True
early_warning,logistic_g1,G1,0,42,weighted_f1,0.7690542722305016,0.7690542722305016,0.0,True
early_warning,logistic_g1,G1,0,42,balanced_accuracy,0.779057859703021,0.779057859703021,0.0,True
early_warning,logistic_g1,G1,0,42,quadratic_weighted_kappa,0.7621407333994054,0.7621407333994054,0.0,True
early_warning,logistic_g1,G1,0,42,ordinal_mae,0.234375,0.234375,0.0,True
early_warning,logistic_g1,G1,0,42,brier_score,0.348782781925933,0.348782781925933,0.0,True
early_warning,logistic_g1,G1,0,42,pr_auc_macro,0.8039301267386278,0.8039301267386278,0.0,True
early_warning,logistic_g1,G1,0,42,ece_top_label_equal_width_10,0.0475024891410981,0.047502489141098114,1.3877787807814457e-17,True
early_warning,logistic_g1,G1,1,42,accuracy,0.7142857142857143,0.7142857142857143,0.0,True
early_warning,logistic_g1,G1,1,42,macro_f1,0.7146464646464646,0.7146464646464646,0.0,True
early_warning,logistic_g1,G1,1,42,weighted_f1,0.7113997113997115,0.7113997113997115,0.0,True
early_warning,logistic_g1,G1,1,42,balanced_accuracy,0.7071428571428572,0.7071428571428572,0.0,True
early_warning,logistic_g1,G1,1,42,quadratic_weighted_kappa,0.6956521739130435,0.6956521739130435,0.0,True
early_warning,logistic_g1,G1,1,42,ordinal_mae,0.2857142857142857,0.2857142857142857,0.0,True
early_warning,logistic_g1,G1,1,42,brier_score,0.3694194233418409,0.3694194233418409,0.0,True
early_warning,logistic_g1,G1,1,42,pr_auc_macro,0.778480281059927,0.778480281059927,0.0,True
early_warning,logistic_g1,G1,1,42,ece_top_label_equal_width_10,0.0747305559711681,0.0747305559711681,0.0,True
early_warning,logistic_g1,G1,2,42,accuracy,0.7936507936507936,0.7936507936507936,0.0,True
early_warning,logistic_g1,G1,2,42,macro_f1,0.7992525296224193,0.7992525296224193,0.0,True
early_warning,logistic_g1,G1,2,42,weighted_f1,0.7891580743624871,0.7891580743624871,0.0,True
early_warning,logistic_g1,G1,2,42,balanced_accuracy,0.7997020900246707,0.7997020900246707,0.0,True
early_warning,logistic_g1,G1,2,42,quadratic_weighted_kappa,0.7760459392945037,0.7760459392945037,0.0,True
early_warning,logistic_g1,G1,2,42,ordinal_mae,0.2063492063492063,0.20634920634920634,2.7755575615628914e-17,True
early_warning,logistic_g1,G1,2,42,brier_score,0.275113341593063,0.27511334159306305,5.551115123125783e-17,True
early_warning,logistic_g1,G1,2,42,pr_auc_macro,0.8823106461837474,0.8823106461837474,0.0,True
early_warning,logistic_g1,G1,2,42,ece_top_label_equal_width_10,0.0911212904197076,0.0911212904197076,0.0,True
early_warning,logistic_g1,G1,3,42,accuracy,0.746031746031746,0.746031746031746,0.0,True
early_warning,logistic_g1,G1,3,42,macro_f1,0.6972813238770685,0.6972813238770685,0.0,True
early_warning,logistic_g1,G1,3,42,weighted_f1,0.731672858268603,0.731672858268603,0.0,True
early_warning,logistic_g1,G1,3,42,balanced_accuracy,0.6808639389284551,0.6808639389284551,0.0,True
early_warning,logistic_g1,G1,3,42,quadratic_weighted_kappa,0.7091748413156376,0.7091748413156376,0.0,True
early_warning,logistic_g1,G1,3,42,ordinal_mae,0.2539682539682539,0.25396825396825395,5.551115123125783e-17,True
early_warning,logistic_g1,G1,3,42,brier_score,0.3466402938963255,0.3466402938963255,0.0,True
early_warning,logistic_g1,G1,3,42,pr_auc_macro,0.8176792804738106,0.8176792804738106,0.0,True
early_warning,logistic_g1,G1,3,42,ece_top_label_equal_width_10,0.149400647141714,0.14940064714171405,5.551115123125783e-17,True
early_warning,logistic_g1,G1,4,42,accuracy,0.7142857142857143,0.7142857142857143,0.0,True
early_warning,logistic_g1,G1,4,42,macro_f1,0.7110933048433049,0.7110933048433049,0.0,True
early_warning,logistic_g1,G1,4,42,weighted_f1,0.7148156627323293,0.7148156627323293,0.0,True
early_warning,logistic_g1,G1,4,42,balanced_accuracy,0.7139784946236559,0.7139784946236559,0.0,True
early_warning,logistic_g1,G1,4,42,quadratic_weighted_kappa,0.7072792978833247,0.7072792978833247,0.0,True
early_warning,logistic_g1,G1,4,42,ordinal_mae,0.2857142857142857,0.2857142857142857,0.0,True
early_warning,logistic_g1,G1,4,42,brier_score,0.3523287671903524,0.3523287671903524,0.0,True
early_warning,logistic_g1,G1,4,42,pr_auc_macro,0.8112135895675627,0.8112135895675627,0.0,True
early_warning,logistic_g1,G1,4,42,ece_top_label_equal_width_10,0.0922718396364868,0.09227183963648684,4.163336342344337e-17,True
early_warning,majority,G1,0,42,accuracy,0.484375,0.484375,0.0,True
early_warning,majority,G1,0,42,macro_f1,0.2175438596491228,0.21754385964912282,2.7755575615628914e-17,True
early_warning,majority,G1,0,42,weighted_f1,0.3161184210526316,0.3161184210526316,0.0,True
early_warning,majority,G1,0,42,balanced_accuracy,0.3333333333333333,0.3333333333333333,0.0,True
early_warning,majority,G1,0,42,quadratic_weighted_kappa,0.0,0.0,0.0,True
early_warning,majority,G1,0,42,ordinal_mae,0.515625,0.515625,0.0,True
early_warning,majority,G1,0,42,brier_score,1.03125,1.03125,0.0,True
early_warning,majority,G1,0,42,pr_auc_macro,0.3333333333333333,0.3333333333333333,0.0,True
early_warning,majority,G1,0,42,ece_top_label_equal_width_10,0.0,0.515625,0.515625,False
early_warning,majority,G1,1,42,accuracy,0.4761904761904761,0.47619047619047616,5.551115123125783e-17,True
early_warning,majority,G1,1,42,macro_f1,0.2150537634408602,0.21505376344086022,2.7755575615628914e-17,True
early_warning,majority,G1,1,42,weighted_f1,0.3072196620583717,0.30721966205837176,5.551115123125783e-17,True
early_warning,majority,G1,1,42,balanced_accuracy,0.3333333333333333,0.3333333333333333,0.0,True
early_warning,majority,G1,1,42,quadratic_weighted_kappa,0.0,0.0,0.0,True
early_warning,majority,G1,1,42,ordinal_mae,0.5238095238095238,0.5238095238095238,0.0,True
early_warning,majority,G1,1,42,brier_score,1.0476190476190477,1.0476190476190477,0.0,True
early_warning,majority,G1,1,42,pr_auc_macro,0.3333333333333333,0.3333333333333333,0.0,True
early_warning,majority,G1,1,42,ece_top_label_equal_width_10,0.0,0.5238095238095238,0.5238095238095238,False
early_warning,majority,G1,2,42,accuracy,0.492063492063492,0.49206349206349204,5.551115123125783e-17,True
early_warning,majority,G1,2,42,macro_f1,0.2198581560283687,0.21985815602836878,8.326672684688674e-17,True
early_warning,majority,G1,2,42,weighted_f1,0.3245525160418777,0.3245525160418777,0.0,True
early_warning,majority,G1,2,42,balanced_accuracy,0.3333333333333333,0.3333333333333333,0.0,True
early_warning,majority,G1,2,42,quadratic_weighted_kappa,0.0,0.0,0.0,True
early_warning,majority,G1,2,42,ordinal_mae,0.5079365079365079,0.5079365079365079,0.0,True
early_warning,majority,G1,2,42,brier_score,1.0158730158730158,1.0158730158730158,0.0,True
early_warning,majority,G1,2,42,pr_auc_macro,0.3333333333333333,0.3333333333333333,0.0,True
early_warning,majority,G1,2,42,ece_top_label_equal_width_10,0.0,0.5079365079365079,0.5079365079365079,False
early_warning,majority,G1,3,42,accuracy,0.492063492063492,0.49206349206349204,5.551115123125783e-17,True
early_warning,majority,G1,3,42,macro_f1,0.2198581560283687,0.21985815602836878,8.326672684688674e-17,True
early_warning,majority,G1,3,42,weighted_f1,0.3245525160418777,0.3245525160418777,0.0,True
early_warning,majority,G1,3,42,balanced_accuracy,0.3333333333333333,0.3333333333333333,0.0,True
early_warning,majority,G1,3,42,quadratic_weighted_kappa,0.0,0.0,0.0,True
early_warning,majority,G1,3,42,ordinal_mae,0.5079365079365079,0.5079365079365079,0.0,True
early_warning,majority,G1,3,42,brier_score,1.0158730158730158,1.0158730158730158,0.0,True
early_warning,majority,G1,3,42,pr_auc_macro,0.3333333333333333,0.3333333333333333,0.0,True
early_warning,majority,G1,3,42,ece_top_label_equal_width_10,0.0,0.5079365079365079,0.5079365079365079,False
early_warning,majority,G1,4,42,accuracy,0.492063492063492,0.49206349206349204,5.551115123125783e-17,True
early_warning,majority,G1,4,42,macro_f1,0.2198581560283687,0.21985815602836878,8.326672684688674e-17,True
early_warning,majority,G1,4,42,weighted_f1,0.3245525160418777,0.3245525160418777,0.0,True
early_warning,majority,G1,4,42,balanced_accuracy,0.3333333333333333,0.3333333333333333,0.0,True
early_warning,majority,G1,4,42,quadratic_weighted_kappa,0.0,0.0,0.0,True
early_warning,majority,G1,4,42,ordinal_mae,0.5079365079365079,0.5079365079365079,0.0,True
early_warning,majority,G1,4,42,brier_score,1.0158730158730158,1.0158730158730158,0.0,True
early_warning,majority,G1,4,42,pr_auc_macro,0.3333333333333333,0.3333333333333333,0.0,True
early_warning,majority,G1,4,42,ece_top_label_equal_width_10,0.0,0.5079365079365079,0.5079365079365079,False
early_warning,ordinal_logistic,G1,0,42,accuracy,0.765625,0.765625,0.0,True
early_warning,ordinal_logistic,G1,0,42,macro_f1,0.7914334602859193,0.7914334602859193,0.0,True
early_warning,ordinal_logistic,G1,0,42,weighted_f1,0.7690542722305016,0.7690542722305016,0.0,True
early_warning,ordinal_logistic,G1,0,42,balanced_accuracy,0.779057859703021,0.779057859703021,0.0,True
early_warning,ordinal_logistic,G1,0,42,quadratic_weighted_kappa,0.7621407333994054,0.7621407333994054,0.0,True
early_warning,ordinal_logistic,G1,0,42,ordinal_mae,0.234375,0.234375,0.0,True
early_warning,ordinal_logistic,G1,0,42,brier_score,0.3478309707693192,0.34783097076931924,5.551115123125783e-17,True
early_warning,ordinal_logistic,G1,0,42,pr_auc_macro,0.8039301267386278,0.8039301267386278,0.0,True
early_warning,ordinal_logistic,G1,0,42,ece_top_label_equal_width_10,0.0472560854447045,0.04725608544470451,1.3877787807814457e-17,True
early_warning,ordinal_logistic,G1,1,42,accuracy,0.7142857142857143,0.7142857142857143,0.0,True
early_warning,ordinal_logistic,G1,1,42,macro_f1,0.7146464646464646,0.7146464646464646,0.0,True
early_warning,ordinal_logistic,G1,1,42,weighted_f1,0.7113997113997115,0.7113997113997115,0.0,True
early_warning,ordinal_logistic,G1,1,42,balanced_accuracy,0.7071428571428572,0.7071428571428572,0.0,True
early_warning,ordinal_logistic,G1,1,42,quadratic_weighted_kappa,0.6956521739130435,0.6956521739130435,0.0,True
early_warning,ordinal_logistic,G1,1,42,ordinal_mae,0.2857142857142857,0.2857142857142857,0.0,True
early_warning,ordinal_logistic,G1,1,42,brier_score,0.3701345724461941,0.3701345724461942,1.1102230246251565e-16,True
early_warning,ordinal_logistic,G1,1,42,pr_auc_macro,0.778480281059927,0.778480281059927,0.0,True
early_warning,ordinal_logistic,G1,1,42,ece_top_label_equal_width_10,0.0766725892421967,0.07667258924219679,8.326672684688674e-17,True
early_warning,ordinal_logistic,G1,2,42,accuracy,0.7936507936507936,0.7936507936507936,0.0,True
early_warning,ordinal_logistic,G1,2,42,macro_f1,0.7992525296224193,0.7992525296224193,0.0,True
early_warning,ordinal_logistic,G1,2,42,weighted_f1,0.7891580743624871,0.7891580743624871,0.0,True
early_warning,ordinal_logistic,G1,2,42,balanced_accuracy,0.7997020900246707,0.7997020900246707,0.0,True
early_warning,ordinal_logistic,G1,2,42,quadratic_weighted_kappa,0.7760459392945037,0.7760459392945037,0.0,True
early_warning,ordinal_logistic,G1,2,42,ordinal_mae,0.2063492063492063,0.20634920634920634,2.7755575615628914e-17,True
early_warning,ordinal_logistic,G1,2,42,brier_score,0.2788632024218885,0.27886320242188856,5.551115123125783e-17,True
early_warning,ordinal_logistic,G1,2,42,pr_auc_macro,0.8823106461837474,0.8823106461837474,0.0,True
early_warning,ordinal_logistic,G1,2,42,ece_top_label_equal_width_10,0.0995411246795167,0.09954112467951678,8.326672684688674e-17,True
early_warning,ordinal_logistic,G1,3,42,accuracy,0.746031746031746,0.746031746031746,0.0,True
early_warning,ordinal_logistic,G1,3,42,macro_f1,0.6972813238770685,0.6972813238770685,0.0,True
early_warning,ordinal_logistic,G1,3,42,weighted_f1,0.731672858268603,0.731672858268603,0.0,True
early_warning,ordinal_logistic,G1,3,42,balanced_accuracy,0.6808639389284551,0.6808639389284551,0.0,True
early_warning,ordinal_logistic,G1,3,42,quadratic_weighted_kappa,0.7091748413156376,0.7091748413156376,0.0,True
early_warning,ordinal_logistic,G1,3,42,ordinal_mae,0.2539682539682539,0.25396825396825395,5.551115123125783e-17,True
early_warning,ordinal_logistic,G1,3,42,brier_score,0.3472013089331591,0.3472013089331591,0.0,True
early_warning,ordinal_logistic,G1,3,42,pr_auc_macro,0.8176792804738106,0.8176792804738106,0.0,True
early_warning,ordinal_logistic,G1,3,42,ece_top_label_equal_width_10,0.1353877185417043,0.13538771854170437,5.551115123125783e-17,True
early_warning,ordinal_logistic,G1,4,42,accuracy,0.7142857142857143,0.7142857142857143,0.0,True
early_warning,ordinal_logistic,G1,4,42,macro_f1,0.7110933048433049,0.7110933048433049,0.0,True
early_warning,ordinal_logistic,G1,4,42,weighted_f1,0.7148156627323293,0.7148156627323293,0.0,True
early_warning,ordinal_logistic,G1,4,42,balanced_accuracy,0.7139784946236559,0.7139784946236559,0.0,True
early_warning,ordinal_logistic,G1,4,42,quadratic_weighted_kappa,0.7072792978833247,0.7072792978833247,0.0,True
early_warning,ordinal_logistic,G1,4,42,ordinal_mae,0.2857142857142857,0.2857142857142857,0.0,True
early_warning,ordinal_logistic,G1,4,42,brier_score,0.3525187470219169,0.3525187470219169,0.0,True
early_warning,ordinal_logistic,G1,4,42,pr_auc_macro,0.8112135895675627,0.8112135895675627,0.0,True
early_warning,ordinal_logistic,G1,4,42,ece_top_label_equal_width_10,0.0920899369551661,0.09208993695516612,2.7755575615628914e-17,True
early_warning,ridge_regression,G1,0,42,accuracy,0.765625,0.765625,0.0,True
early_warning,ridge_regression,G1,0,42,macro_f1,0.7914334602859193,0.7914334602859193,0.0,True
early_warning,ridge_regression,G1,0,42,weighted_f1,0.7690542722305016,0.7690542722305016,0.0,True
early_warning,ridge_regression,G1,0,42,balanced_accuracy,0.779057859703021,0.779057859703021,0.0,True
early_warning,ridge_regression,G1,0,42,quadratic_weighted_kappa,0.7621407333994054,0.7621407333994054,0.0,True
early_warning,ridge_regression,G1,0,42,ordinal_mae,0.234375,0.234375,0.0,True
early_warning,ridge_regression,G1,0,42,brier_score,0.46875,0.46875,0.0,True
early_warning,ridge_regression,G1,0,42,pr_auc_macro,0.7148206818569722,0.7148206818569722,0.0,True
early_warning,ridge_regression,G1,0,42,ece_top_label_equal_width_10,0.0,0.234375,0.234375,False
early_warning,ridge_regression,G1,1,42,accuracy,0.746031746031746,0.746031746031746,0.0,True
early_warning,ridge_regression,G1,1,42,macro_f1,0.7484126984126984,0.7484126984126984,0.0,True
early_warning,ridge_regression,G1,1,42,weighted_f1,0.746031746031746,0.746031746031746,0.0,True
early_warning,ridge_regression,G1,1,42,balanced_accuracy,0.7484126984126984,0.7484126984126984,0.0,True
early_warning,ridge_regression,G1,1,42,quadratic_weighted_kappa,0.7477477477477478,0.7477477477477478,0.0,True
early_warning,ridge_regression,G1,1,42,ordinal_mae,0.2539682539682539,0.25396825396825395,5.551115123125783e-17,True
early_warning,ridge_regression,G1,1,42,brier_score,0.5079365079365079,0.5079365079365079,0.0,True
early_warning,ridge_regression,G1,1,42,pr_auc_macro,0.6449149659863945,0.6449149659863945,0.0,True
early_warning,ridge_regression,G1,1,42,ece_top_label_equal_width_10,0.0,0.25396825396825395,0.25396825396825395,False
early_warning,ridge_regression,G1,2,42,accuracy,0.8095238095238095,0.8095238095238095,0.0,True
early_warning,ridge_regression,G1,2,42,macro_f1,0.8188348783908596,0.8188348783908596,0.0,True
early_warning,ridge_regression,G1,2,42,weighted_f1,0.8088168459324344,0.8088168459324344,0.0,True
early_warning,ridge_regression,G1,2,42,balanced_accuracy,0.8258157612996322,0.8258157612996322,0.0,True
early_warning,ridge_regression,G1,2,42,quadratic_weighted_kappa,0.8047520661157025,0.8047520661157025,0.0,True
early_warning,ridge_regression,G1,2,42,ordinal_mae,0.1904761904761904,0.19047619047619047,5.551115123125783e-17,True
early_warning,ridge_regression,G1,2,42,brier_score,0.3809523809523809,0.38095238095238093,5.551115123125783e-17,True
early_warning,ridge_regression,G1,2,42,pr_auc_macro,0.7359799871766574,0.7359799871766574,0.0,True
early_warning,ridge_regression,G1,2,42,ece_top_label_equal_width_10,0.0,0.19047619047619047,0.19047619047619047,False
early_warning,ridge_regression,G1,3,42,accuracy,0.746031746031746,0.746031746031746,0.0,True
early_warning,ridge_regression,G1,3,42,macro_f1,0.6972813238770685,0.6972813238770685,0.0,True
early_warning,ridge_regression,G1,3,42,weighted_f1,0.731672858268603,0.731672858268603,0.0,True
early_warning,ridge_regression,G1,3,42,balanced_accuracy,0.6808639389284551,0.6808639389284551,0.0,True
early_warning,ridge_regression,G1,3,42,quadratic_weighted_kappa,0.7091748413156376,0.7091748413156376,0.0,True
early_warning,ridge_regression,G1,3,42,ordinal_mae,0.2539682539682539,0.25396825396825395,5.551115123125783e-17,True
early_warning,ridge_regression,G1,3,42,brier_score,0.5079365079365079,0.5079365079365079,0.0,True
early_warning,ridge_regression,G1,3,42,pr_auc_macro,0.6139422107164043,0.6139422107164043,0.0,True
early_warning,ridge_regression,G1,3,42,ece_top_label_equal_width_10,0.0,0.25396825396825395,0.25396825396825395,False
early_warning,ridge_regression,G1,4,42,accuracy,0.7301587301587301,0.7301587301587301,0.0,True
early_warning,ridge_regression,G1,4,42,macro_f1,0.7276166456494325,0.7276166456494325,0.0,True
early_warning,ridge_regression,G1,4,42,weighted_f1,0.7309994195240097,0.7309994195240097,0.0,True
early_warning,ridge_regression,G1,4,42,balanced_accuracy,0.7365591397849464,0.7365591397849464,0.0,True
early_warning,ridge_regression,G1,4,42,quadratic_weighted_kappa,0.7332503113325031,0.7332503113325031,0.0,True
early_warning,ridge_regression,G1,4,42,ordinal_mae,0.2698412698412698,0.2698412698412698,0.0,True
early_warning,ridge_regression,G1,4,42,brier_score,0.5396825396825397,0.5396825396825397,0.0,True
early_warning,ridge_regression,G1,4,42,pr_auc_macro,0.6215064992229677,0.6215064992229677,0.0,True
early_warning,ridge_regression,G1,4,42,ece_top_label_equal_width_10,0.0,0.2698412698412699,0.2698412698412699,False
early_warning,small_mlp,G1,0,42,accuracy,0.765625,0.765625,0.0,True
early_warning,small_mlp,G1,0,42,macro_f1,0.7914334602859193,0.7914334602859193,0.0,True
early_warning,small_mlp,G1,0,42,weighted_f1,0.7690542722305016,0.7690542722305016,0.0,True
early_warning,small_mlp,G1,0,42,balanced_accuracy,0.779057859703021,0.779057859703021,0.0,True
early_warning,small_mlp,G1,0,42,quadratic_weighted_kappa,0.7621407333994054,0.7621407333994054,0.0,True
early_warning,small_mlp,G1,0,42,ordinal_mae,0.234375,0.234375,0.0,True
early_warning,small_mlp,G1,0,42,brier_score,0.3492300897691187,0.34923008976911873,5.551115123125783e-17,True
early_warning,small_mlp,G1,0,42,pr_auc_macro,0.8039301267386278,0.8039301267386278,0.0,True
early_warning,small_mlp,G1,0,42,ece_top_label_equal_width_10,0.058983840744561,0.058983840744561054,5.551115123125783e-17,True
early_warning,small_mlp,G1,0,52,accuracy,0.765625,0.765625,0.0,True
early_warning,small_mlp,G1,0,52,macro_f1,0.7914334602859193,0.7914334602859193,0.0,True
early_warning,small_mlp,G1,0,52,weighted_f1,0.7690542722305016,0.7690542722305016,0.0,True
early_warning,small_mlp,G1,0,52,balanced_accuracy,0.779057859703021,0.779057859703021,0.0,True
early_warning,small_mlp,G1,0,52,quadratic_weighted_kappa,0.7621407333994054,0.7621407333994054,0.0,True
early_warning,small_mlp,G1,0,52,ordinal_mae,0.234375,0.234375,0.0,True
early_warning,small_mlp,G1,0,52,brier_score,0.357113787646345,0.357113787646345,0.0,True
early_warning,small_mlp,G1,0,52,pr_auc_macro,0.8020383003985843,0.8020383003985843,0.0,True
early_warning,small_mlp,G1,0,52,ece_top_label_equal_width_10,0.047761298353965,0.047761298353965094,9.71445146547012e-17,True
early_warning,small_mlp,G1,0,62,accuracy,0.765625,0.765625,0.0,True
early_warning,small_mlp,G1,0,62,macro_f1,0.7914334602859193,0.7914334602859193,0.0,True
early_warning,small_mlp,G1,0,62,weighted_f1,0.7690542722305016,0.7690542722305016,0.0,True
early_warning,small_mlp,G1,0,62,balanced_accuracy,0.779057859703021,0.779057859703021,0.0,True
early_warning,small_mlp,G1,0,62,quadratic_weighted_kappa,0.7621407333994054,0.7621407333994054,0.0,True
early_warning,small_mlp,G1,0,62,ordinal_mae,0.234375,0.234375,0.0,True
early_warning,small_mlp,G1,0,62,brier_score,0.3512319193642859,0.3512319193642858,5.551115123125783e-17,True
early_warning,small_mlp,G1,0,62,pr_auc_macro,0.8038325524357962,0.8038325524357962,0.0,True
early_warning,small_mlp,G1,0,62,ece_top_label_equal_width_10,0.0544281727451656,0.054428172745165655,5.551115123125783e-17,True
early_warning,small_mlp,G1,0,72,accuracy,0.765625,0.765625,0.0,True
early_warning,small_mlp,G1,0,72,macro_f1,0.7914334602859193,0.7914334602859193,0.0,True
early_warning,small_mlp,G1,0,72,weighted_f1,0.7690542722305016,0.7690542722305016,0.0,True
early_warning,small_mlp,G1,0,72,balanced_accuracy,0.779057859703021,0.779057859703021,0.0,True
early_warning,small_mlp,G1,0,72,quadratic_weighted_kappa,0.7621407333994054,0.7621407333994054,0.0,True
early_warning,small_mlp,G1,0,72,ordinal_mae,0.234375,0.234375,0.0,True
early_warning,small_mlp,G1,0,72,brier_score,0.3563411591405276,0.3563411591405276,0.0,True
early_warning,small_mlp,G1,0,72,pr_auc_macro,0.8020383003985843,0.8020383003985843,0.0,True
early_warning,small_mlp,G1,0,72,ece_top_label_equal_width_10,0.0450030351576164,0.045003035157616486,8.326672684688674e-17,True
early_warning,small_mlp,G1,0,82,accuracy,0.765625,0.765625,0.0,True
early_warning,small_mlp,G1,0,82,macro_f1,0.7914334602859193,0.7914334602859193,0.0,True
early_warning,small_mlp,G1,0,82,weighted_f1,0.7690542722305016,0.7690542722305016,0.0,True
early_warning,small_mlp,G1,0,82,balanced_accuracy,0.779057859703021,0.779057859703021,0.0,True
early_warning,small_mlp,G1,0,82,quadratic_weighted_kappa,0.7621407333994054,0.7621407333994054,0.0,True
early_warning,small_mlp,G1,0,82,ordinal_mae,0.234375,0.234375,0.0,True
early_warning,small_mlp,G1,0,82,brier_score,0.3565805129729317,0.35658051297293175,5.551115123125783e-17,True
early_warning,small_mlp,G1,0,82,pr_auc_macro,0.8038325524357962,0.8038325524357962,0.0,True
early_warning,small_mlp,G1,0,82,ece_top_label_equal_width_10,0.0553539426415553,0.055353942641555354,5.551115123125783e-17,True
early_warning,small_mlp,G1,1,42,accuracy,0.746031746031746,0.746031746031746,0.0,True
early_warning,small_mlp,G1,1,42,macro_f1,0.7484126984126984,0.7484126984126984,0.0,True
early_warning,small_mlp,G1,1,42,weighted_f1,0.746031746031746,0.746031746031746,0.0,True
early_warning,small_mlp,G1,1,42,balanced_accuracy,0.7484126984126984,0.7484126984126984,0.0,True
early_warning,small_mlp,G1,1,42,quadratic_weighted_kappa,0.7477477477477478,0.7477477477477478,0.0,True
early_warning,small_mlp,G1,1,42,ordinal_mae,0.2539682539682539,0.25396825396825395,5.551115123125783e-17,True
early_warning,small_mlp,G1,1,42,brier_score,0.3707463936550804,0.3707463936550804,0.0,True
early_warning,small_mlp,G1,1,42,pr_auc_macro,0.778480281059927,0.778480281059927,0.0,True
early_warning,small_mlp,G1,1,42,ece_top_label_equal_width_10,0.1127384069882842,0.11273840698828426,5.551115123125783e-17,True
early_warning,small_mlp,G1,1,52,accuracy,0.746031746031746,0.746031746031746,0.0,True
early_warning,small_mlp,G1,1,52,macro_f1,0.7484126984126984,0.7484126984126984,0.0,True
early_warning,small_mlp,G1,1,52,weighted_f1,0.746031746031746,0.746031746031746,0.0,True
early_warning,small_mlp,G1,1,52,balanced_accuracy,0.7484126984126984,0.7484126984126984,0.0,True
early_warning,small_mlp,G1,1,52,quadratic_weighted_kappa,0.7477477477477478,0.7477477477477478,0.0,True
early_warning,small_mlp,G1,1,52,ordinal_mae,0.2539682539682539,0.25396825396825395,5.551115123125783e-17,True
early_warning,small_mlp,G1,1,52,brier_score,0.3686953397254443,0.3686953397254443,0.0,True
early_warning,small_mlp,G1,1,52,pr_auc_macro,0.778480281059927,0.778480281059927,0.0,True
early_warning,small_mlp,G1,1,52,ece_top_label_equal_width_10,0.1171607322942917,0.11716073229429179,8.326672684688674e-17,True
early_warning,small_mlp,G1,1,62,accuracy,0.7142857142857143,0.7142857142857143,0.0,True
early_warning,small_mlp,G1,1,62,macro_f1,0.7146464646464646,0.7146464646464646,0.0,True
early_warning,small_mlp,G1,1,62,weighted_f1,0.7113997113997115,0.7113997113997115,0.0,True
early_warning,small_mlp,G1,1,62,balanced_accuracy,0.7071428571428572,0.7071428571428572,0.0,True
early_warning,small_mlp,G1,1,62,quadratic_weighted_kappa,0.6956521739130435,0.6956521739130435,0.0,True
early_warning,small_mlp,G1,1,62,ordinal_mae,0.2857142857142857,0.2857142857142857,0.0,True
early_warning,small_mlp,G1,1,62,brier_score,0.3724042179527024,0.37240421795270245,5.551115123125783e-17,True
early_warning,small_mlp,G1,1,62,pr_auc_macro,0.778480281059927,0.778480281059927,0.0,True
early_warning,small_mlp,G1,1,62,ece_top_label_equal_width_10,0.1064918041382272,0.10649180413822724,4.163336342344337e-17,True
early_warning,small_mlp,G1,1,72,accuracy,0.746031746031746,0.746031746031746,0.0,True
early_warning,small_mlp,G1,1,72,macro_f1,0.7484126984126984,0.7484126984126984,0.0,True
early_warning,small_mlp,G1,1,72,weighted_f1,0.746031746031746,0.746031746031746,0.0,True
early_warning,small_mlp,G1,1,72,balanced_accuracy,0.7484126984126984,0.7484126984126984,0.0,True
early_warning,small_mlp,G1,1,72,quadratic_weighted_kappa,0.7477477477477478,0.7477477477477478,0.0,True
early_warning,small_mlp,G1,1,72,ordinal_mae,0.2539682539682539,0.25396825396825395,5.551115123125783e-17,True
early_warning,small_mlp,G1,1,72,brier_score,0.3656287437893578,0.36562874378935784,5.551115123125783e-17,True
early_warning,small_mlp,G1,1,72,pr_auc_macro,0.7782077531183788,0.7782077531183788,0.0,True
early_warning,small_mlp,G1,1,72,ece_top_label_equal_width_10,0.0919352635934132,0.09193526359341325,5.551115123125783e-17,True
early_warning,small_mlp,G1,1,82,accuracy,0.746031746031746,0.746031746031746,0.0,True
early_warning,small_mlp,G1,1,82,macro_f1,0.7484126984126984,0.7484126984126984,0.0,True
early_warning,small_mlp,G1,1,82,weighted_f1,0.746031746031746,0.746031746031746,0.0,True
early_warning,small_mlp,G1,1,82,balanced_accuracy,0.7484126984126984,0.7484126984126984,0.0,True
early_warning,small_mlp,G1,1,82,quadratic_weighted_kappa,0.7477477477477478,0.7477477477477478,0.0,True
early_warning,small_mlp,G1,1,82,ordinal_mae,0.2539682539682539,0.25396825396825395,5.551115123125783e-17,True
early_warning,small_mlp,G1,1,82,brier_score,0.3694290922859409,0.3694290922859409,0.0,True
early_warning,small_mlp,G1,1,82,pr_auc_macro,0.778480281059927,0.778480281059927,0.0,True
early_warning,small_mlp,G1,1,82,ece_top_label_equal_width_10,0.0804411385940188,0.08044113859401883,2.7755575615628914e-17,True
early_warning,small_mlp,G1,2,42,accuracy,0.8095238095238095,0.8095238095238095,0.0,True
early_warning,small_mlp,G1,2,42,macro_f1,0.8188348783908596,0.8188348783908596,0.0,True
early_warning,small_mlp,G1,2,42,weighted_f1,0.8088168459324344,0.8088168459324344,0.0,True
early_warning,small_mlp,G1,2,42,balanced_accuracy,0.8258157612996322,0.8258157612996322,0.0,True
early_warning,small_mlp,G1,2,42,quadratic_weighted_kappa,0.8047520661157025,0.8047520661157025,0.0,True
early_warning,small_mlp,G1,2,42,ordinal_mae,0.1904761904761904,0.19047619047619047,5.551115123125783e-17,True
early_warning,small_mlp,G1,2,42,brier_score,0.2624098247462343,0.2624098247462343,0.0,True
early_warning,small_mlp,G1,2,42,pr_auc_macro,0.8869487898361053,0.8869487898361053,0.0,True
early_warning,small_mlp,G1,2,42,ece_top_label_equal_width_10,0.0502693469094722,0.05026934690947228,8.326672684688674e-17,True
early_warning,small_mlp,G1,2,52,accuracy,0.8095238095238095,0.8095238095238095,0.0,True
early_warning,small_mlp,G1,2,52,macro_f1,0.8188348783908596,0.8188348783908596,0.0,True
early_warning,small_mlp,G1,2,52,weighted_f1,0.8088168459324344,0.8088168459324344,0.0,True
early_warning,small_mlp,G1,2,52,balanced_accuracy,0.8258157612996322,0.8258157612996322,0.0,True
early_warning,small_mlp,G1,2,52,quadratic_weighted_kappa,0.8047520661157025,0.8047520661157025,0.0,True
early_warning,small_mlp,G1,2,52,ordinal_mae,0.1904761904761904,0.19047619047619047,5.551115123125783e-17,True
early_warning,small_mlp,G1,2,52,brier_score,0.2662258719817641,0.2662258719817641,0.0,True
early_warning,small_mlp,G1,2,52,pr_auc_macro,0.8825774195597645,0.8825774195597645,0.0,True
early_warning,small_mlp,G1,2,52,ece_top_label_equal_width_10,0.0618385028621738,0.061838502862173864,6.245004513516506e-17,True
early_warning,small_mlp,G1,2,62,accuracy,0.8095238095238095,0.8095238095238095,0.0,True
early_warning,small_mlp,G1,2,62,macro_f1,0.8188348783908596,0.8188348783908596,0.0,True
early_warning,small_mlp,G1,2,62,weighted_f1,0.8088168459324344,0.8088168459324344,0.0,True
early_warning,small_mlp,G1,2,62,balanced_accuracy,0.8258157612996322,0.8258157612996322,0.0,True
early_warning,small_mlp,G1,2,62,quadratic_weighted_kappa,0.8047520661157025,0.8047520661157025,0.0,True
early_warning,small_mlp,G1,2,62,ordinal_mae,0.1904761904761904,0.19047619047619047,5.551115123125783e-17,True
early_warning,small_mlp,G1,2,62,brier_score,0.2580273818209918,0.2580273818209918,0.0,True
early_warning,small_mlp,G1,2,62,pr_auc_macro,0.8871086527024984,0.8871086527024984,0.0,True
early_warning,small_mlp,G1,2,62,ece_top_label_equal_width_10,0.056816922203378,0.05681692220337804,4.163336342344337e-17,True
early_warning,small_mlp,G1,2,72,accuracy,0.8095238095238095,0.8095238095238095,0.0,True
early_warning,small_mlp,G1,2,72,macro_f1,0.8188348783908596,0.8188348783908596,0.0,True
early_warning,small_mlp,G1,2,72,weighted_f1,0.8088168459324344,0.8088168459324344,0.0,True
early_warning,small_mlp,G1,2,72,balanced_accuracy,0.8258157612996322,0.8258157612996322,0.0,True
early_warning,small_mlp,G1,2,72,quadratic_weighted_kappa,0.8047520661157025,0.8047520661157025,0.0,True
early_warning,small_mlp,G1,2,72,ordinal_mae,0.1904761904761904,0.19047619047619047,5.551115123125783e-17,True
early_warning,small_mlp,G1,2,72,brier_score,0.2669663015155252,0.26696630151552525,5.551115123125783e-17,True
early_warning,small_mlp,G1,2,72,pr_auc_macro,0.8823106461837474,0.8823106461837474,0.0,True
early_warning,small_mlp,G1,2,72,ece_top_label_equal_width_10,0.0568272881419739,0.05682728814197394,4.163336342344337e-17,True
early_warning,small_mlp,G1,2,82,accuracy,0.8095238095238095,0.8095238095238095,0.0,True
early_warning,small_mlp,G1,2,82,macro_f1,0.8188348783908596,0.8188348783908596,0.0,True
early_warning,small_mlp,G1,2,82,weighted_f1,0.8088168459324344,0.8088168459324344,0.0,True
early_warning,small_mlp,G1,2,82,balanced_accuracy,0.8258157612996322,0.8258157612996322,0.0,True
early_warning,small_mlp,G1,2,82,quadratic_weighted_kappa,0.8047520661157025,0.8047520661157025,0.0,True
early_warning,small_mlp,G1,2,82,ordinal_mae,0.1904761904761904,0.19047619047619047,5.551115123125783e-17,True
early_warning,small_mlp,G1,2,82,brier_score,0.2622633630479049,0.26226336304790493,5.551115123125783e-17,True
early_warning,small_mlp,G1,2,82,pr_auc_macro,0.8871086527024984,0.8871086527024984,0.0,True
early_warning,small_mlp,G1,2,82,ece_top_label_equal_width_10,0.0545329065389504,0.05453290653895047,6.938893903907228e-17,True
early_warning,small_mlp,G1,3,42,accuracy,0.746031746031746,0.746031746031746,0.0,True
early_warning,small_mlp,G1,3,42,macro_f1,0.6972813238770685,0.6972813238770685,0.0,True
early_warning,small_mlp,G1,3,42,weighted_f1,0.731672858268603,0.731672858268603,0.0,True
early_warning,small_mlp,G1,3,42,balanced_accuracy,0.6808639389284551,0.6808639389284551,0.0,True
early_warning,small_mlp,G1,3,42,quadratic_weighted_kappa,0.7091748413156376,0.7091748413156376,0.0,True
early_warning,small_mlp,G1,3,42,ordinal_mae,0.2539682539682539,0.25396825396825395,5.551115123125783e-17,True
early_warning,small_mlp,G1,3,42,brier_score,0.3461058284422616,0.34610582844226156,5.551115123125783e-17,True
early_warning,small_mlp,G1,3,42,pr_auc_macro,0.8154552997552061,0.8154552997552061,0.0,True
early_warning,small_mlp,G1,3,42,ece_top_label_equal_width_10,0.1265711425725526,0.1265711425725526,0.0,True
early_warning,small_mlp,G1,3,52,accuracy,0.746031746031746,0.746031746031746,0.0,True
early_warning,small_mlp,G1,3,52,macro_f1,0.6972813238770685,0.6972813238770685,0.0,True
early_warning,small_mlp,G1,3,52,weighted_f1,0.731672858268603,0.731672858268603,0.0,True
early_warning,small_mlp,G1,3,52,balanced_accuracy,0.6808639389284551,0.6808639389284551,0.0,True
early_warning,small_mlp,G1,3,52,quadratic_weighted_kappa,0.7091748413156376,0.7091748413156376,0.0,True
early_warning,small_mlp,G1,3,52,ordinal_mae,0.2539682539682539,0.25396825396825395,5.551115123125783e-17,True
early_warning,small_mlp,G1,3,52,brier_score,0.3422460621794957,0.34224606217949577,5.551115123125783e-17,True
early_warning,small_mlp,G1,3,52,pr_auc_macro,0.8288455335755476,0.8288455335755476,0.0,True
early_warning,small_mlp,G1,3,52,ece_top_label_equal_width_10,0.1634991409103551,0.16349914091035514,2.7755575615628914e-17,True
early_warning,small_mlp,G1,3,62,accuracy,0.746031746031746,0.746031746031746,0.0,True
early_warning,small_mlp,G1,3,62,macro_f1,0.6972813238770685,0.6972813238770685,0.0,True
early_warning,small_mlp,G1,3,62,weighted_f1,0.731672858268603,0.731672858268603,0.0,True
early_warning,small_mlp,G1,3,62,balanced_accuracy,0.6808639389284551,0.6808639389284551,0.0,True
early_warning,small_mlp,G1,3,62,quadratic_weighted_kappa,0.7091748413156376,0.7091748413156376,0.0,True
early_warning,small_mlp,G1,3,62,ordinal_mae,0.2539682539682539,0.25396825396825395,5.551115123125783e-17,True
early_warning,small_mlp,G1,3,62,brier_score,0.3437359764565231,0.34373597645652304,5.551115123125783e-17,True
early_warning,small_mlp,G1,3,62,pr_auc_macro,0.8288455335755476,0.8288455335755476,0.0,True
early_warning,small_mlp,G1,3,62,ece_top_label_equal_width_10,0.1301897143360322,0.1301897143360323,1.1102230246251565e-16,True
early_warning,small_mlp,G1,3,72,accuracy,0.746031746031746,0.746031746031746,0.0,True
early_warning,small_mlp,G1,3,72,macro_f1,0.6972813238770685,0.6972813238770685,0.0,True
early_warning,small_mlp,G1,3,72,weighted_f1,0.731672858268603,0.731672858268603,0.0,True
early_warning,small_mlp,G1,3,72,balanced_accuracy,0.6808639389284551,0.6808639389284551,0.0,True
early_warning,small_mlp,G1,3,72,quadratic_weighted_kappa,0.7091748413156376,0.7091748413156376,0.0,True
early_warning,small_mlp,G1,3,72,ordinal_mae,0.2539682539682539,0.25396825396825395,5.551115123125783e-17,True
early_warning,small_mlp,G1,3,72,brier_score,0.3429733703284086,0.3429733703284086,0.0,True
early_warning,small_mlp,G1,3,72,pr_auc_macro,0.8266215528569433,0.8266215528569433,0.0,True
early_warning,small_mlp,G1,3,72,ece_top_label_equal_width_10,0.1307138126978727,0.1307138126978727,0.0,True
early_warning,small_mlp,G1,3,82,accuracy,0.746031746031746,0.746031746031746,0.0,True
early_warning,small_mlp,G1,3,82,macro_f1,0.6972813238770685,0.6972813238770685,0.0,True
early_warning,small_mlp,G1,3,82,weighted_f1,0.731672858268603,0.731672858268603,0.0,True
early_warning,small_mlp,G1,3,82,balanced_accuracy,0.6808639389284551,0.6808639389284551,0.0,True
early_warning,small_mlp,G1,3,82,quadratic_weighted_kappa,0.7091748413156376,0.7091748413156376,0.0,True
early_warning,small_mlp,G1,3,82,ordinal_mae,0.2539682539682539,0.25396825396825395,5.551115123125783e-17,True
early_warning,small_mlp,G1,3,82,brier_score,0.3397452700450296,0.3397452700450295,5.551115123125783e-17,True
early_warning,small_mlp,G1,3,82,pr_auc_macro,0.8288455335755476,0.8288455335755476,0.0,True
early_warning,small_mlp,G1,3,82,ece_top_label_equal_width_10,0.1270553932543225,0.12705539325432255,5.551115123125783e-17,True
early_warning,small_mlp,G1,4,42,accuracy,0.7301587301587301,0.7301587301587301,0.0,True
early_warning,small_mlp,G1,4,42,macro_f1,0.7276166456494325,0.7276166456494325,0.0,True
early_warning,small_mlp,G1,4,42,weighted_f1,0.7309994195240097,0.7309994195240097,0.0,True
early_warning,small_mlp,G1,4,42,balanced_accuracy,0.7365591397849464,0.7365591397849464,0.0,True
early_warning,small_mlp,G1,4,42,quadratic_weighted_kappa,0.7332503113325031,0.7332503113325031,0.0,True
early_warning,small_mlp,G1,4,42,ordinal_mae,0.2698412698412698,0.2698412698412698,0.0,True
early_warning,small_mlp,G1,4,42,brier_score,0.3506948463049789,0.3506948463049789,0.0,True
early_warning,small_mlp,G1,4,42,pr_auc_macro,0.8057126599679615,0.8057126599679615,0.0,True
early_warning,small_mlp,G1,4,42,ece_top_label_equal_width_10,0.0627808483969913,0.06278084839699134,4.163336342344337e-17,True
early_warning,small_mlp,G1,4,52,accuracy,0.7301587301587301,0.7301587301587301,0.0,True
early_warning,small_mlp,G1,4,52,macro_f1,0.7276166456494325,0.7276166456494325,0.0,True
early_warning,small_mlp,G1,4,52,weighted_f1,0.7309994195240097,0.7309994195240097,0.0,True
early_warning,small_mlp,G1,4,52,balanced_accuracy,0.7365591397849464,0.7365591397849464,0.0,True
early_warning,small_mlp,G1,4,52,quadratic_weighted_kappa,0.7332503113325031,0.7332503113325031,0.0,True
early_warning,small_mlp,G1,4,52,ordinal_mae,0.2698412698412698,0.2698412698412698,0.0,True
early_warning,small_mlp,G1,4,52,brier_score,0.352056152624294,0.35205615262429407,5.551115123125783e-17,True
early_warning,small_mlp,G1,4,52,pr_auc_macro,0.8057126599679615,0.8057126599679615,0.0,True
early_warning,small_mlp,G1,4,52,ece_top_label_equal_width_10,0.0886736279269201,0.08867362792692014,4.163336342344337e-17,True
early_warning,small_mlp,G1,4,62,accuracy,0.7301587301587301,0.7301587301587301,0.0,True
early_warning,small_mlp,G1,4,62,macro_f1,0.7276166456494325,0.7276166456494325,0.0,True
early_warning,small_mlp,G1,4,62,weighted_f1,0.7309994195240097,0.7309994195240097,0.0,True
early_warning,small_mlp,G1,4,62,balanced_accuracy,0.7365591397849464,0.7365591397849464,0.0,True
early_warning,small_mlp,G1,4,62,quadratic_weighted_kappa,0.7332503113325031,0.7332503113325031,0.0,True
early_warning,small_mlp,G1,4,62,ordinal_mae,0.2698412698412698,0.2698412698412698,0.0,True
early_warning,small_mlp,G1,4,62,brier_score,0.3499153607532061,0.3499153607532061,0.0,True
early_warning,small_mlp,G1,4,62,pr_auc_macro,0.8085599918475515,0.8085599918475515,0.0,True
early_warning,small_mlp,G1,4,62,ece_top_label_equal_width_10,0.0617635801593946,0.061763580159394614,1.3877787807814457e-17,True
early_warning,small_mlp,G1,4,72,accuracy,0.7301587301587301,0.7301587301587301,0.0,True
early_warning,small_mlp,G1,4,72,macro_f1,0.7276166456494325,0.7276166456494325,0.0,True
early_warning,small_mlp,G1,4,72,weighted_f1,0.7309994195240097,0.7309994195240097,0.0,True
early_warning,small_mlp,G1,4,72,balanced_accuracy,0.7365591397849464,0.7365591397849464,0.0,True
early_warning,small_mlp,G1,4,72,quadratic_weighted_kappa,0.7332503113325031,0.7332503113325031,0.0,True
early_warning,small_mlp,G1,4,72,ordinal_mae,0.2698412698412698,0.2698412698412698,0.0,True
early_warning,small_mlp,G1,4,72,brier_score,0.3529628252616382,0.35296282526163825,5.551115123125783e-17,True
early_warning,small_mlp,G1,4,72,pr_auc_macro,0.8057126599679615,0.8057126599679615,0.0,True
early_warning,small_mlp,G1,4,72,ece_top_label_equal_width_10,0.1040495058186061,0.1040495058186061,0.0,True
early_warning,small_mlp,G1,4,82,accuracy,0.7301587301587301,0.7301587301587301,0.0,True
early_warning,small_mlp,G1,4,82,macro_f1,0.7276166456494325,0.7276166456494325,0.0,True
early_warning,small_mlp,G1,4,82,weighted_f1,0.7309994195240097,0.7309994195240097,0.0,True
early_warning,small_mlp,G1,4,82,balanced_accuracy,0.7365591397849464,0.7365591397849464,0.0,True
early_warning,small_mlp,G1,4,82,quadratic_weighted_kappa,0.7332503113325031,0.7332503113325031,0.0,True
early_warning,small_mlp,G1,4,82,ordinal_mae,0.2698412698412698,0.2698412698412698,0.0,True
early_warning,small_mlp,G1,4,82,brier_score,0.3546093689669037,0.3546093689669037,0.0,True
early_warning,small_mlp,G1,4,82,pr_auc_macro,0.8057126599679615,0.8057126599679615,0.0,True
early_warning,small_mlp,G1,4,82,ece_top_label_equal_width_10,0.0698705788571285,0.06987057885712854,4.163336342344337e-17,True
late_stage,bilstm_only,G1+G2,0,42,accuracy,0.828125,0.828125,0.0,True
late_stage,bilstm_only,G1+G2,0,42,macro_f1,0.8429210134128167,0.8429210134128167,0.0,True
late_stage,bilstm_only,G1+G2,0,42,weighted_f1,0.8299832339791355,0.8299832339791355,0.0,True
late_stage,bilstm_only,G1+G2,0,42,balanced_accuracy,0.8323092677931387,0.8323092677931387,0.0,True
late_stage,bilstm_only,G1+G2,0,42,quadratic_weighted_kappa,0.8255698711595639,0.8255698711595639,0.0,True
late_stage,bilstm_only,G1+G2,0,42,ordinal_mae,0.171875,0.171875,0.0,True
late_stage,bilstm_only,G1+G2,0,42,brier_score,0.2422667863179953,0.24226678631799536,5.551115123125783e-17,True
late_stage,bilstm_only,G1+G2,0,42,pr_auc_macro,0.9412488284550834,0.9412488284550834,0.0,True
late_stage,bilstm_only,G1+G2,0,42,ece_top_label_equal_width_10,0.0823555281385779,0.08235552813857795,5.551115123125783e-17,True
late_stage,bilstm_only,G1+G2,0,52,accuracy,0.828125,0.828125,0.0,True
late_stage,bilstm_only,G1+G2,0,52,macro_f1,0.847941108810674,0.847941108810674,0.0,True
late_stage,bilstm_only,G1+G2,0,52,weighted_f1,0.8291494133885438,0.8291494133885438,0.0,True
late_stage,bilstm_only,G1+G2,0,52,balanced_accuracy,0.8390937019969278,0.8390937019969278,0.0,True
late_stage,bilstm_only,G1+G2,0,52,quadratic_weighted_kappa,0.8231155778894472,0.8231155778894472,0.0,True
late_stage,bilstm_only,G1+G2,0,52,ordinal_mae,0.171875,0.171875,0.0,True
late_stage,bilstm_only,G1+G2,0,52,brier_score,0.2035671464555355,0.20356714645553553,2.7755575615628914e-17,True
late_stage,bilstm_only,G1+G2,0,52,pr_auc_macro,0.9560650785593426,0.9560650785593426,0.0,True
late_stage,bilstm_only,G1+G2,0,52,ece_top_label_equal_width_10,0.1315870415419339,0.13158704154193399,8.326672684688674e-17,True
late_stage,bilstm_only,G1+G2,0,62,accuracy,0.84375,0.84375,0.0,True
late_stage,bilstm_only,G1+G2,0,62,macro_f1,0.8619763636561314,0.8619763636561314,0.0,True
late_stage,bilstm_only,G1+G2,0,62,weighted_f1,0.8450455005055612,0.8450455005055612,0.0,True
late_stage,bilstm_only,G1+G2,0,62,balanced_accuracy,0.8549667178699436,0.8549667178699436,0.0,True
late_stage,bilstm_only,G1+G2,0,62,quadratic_weighted_kappa,0.8410332836562344,0.8410332836562344,0.0,True
late_stage,bilstm_only,G1+G2,0,62,ordinal_mae,0.15625,0.15625,0.0,True
late_stage,bilstm_only,G1+G2,0,62,brier_score,0.2082534571742953,0.20825345717429533,2.7755575615628914e-17,True
late_stage,bilstm_only,G1+G2,0,62,pr_auc_macro,0.9566983145050252,0.9566983145050253,1.1102230246251565e-16,True
late_stage,bilstm_only,G1+G2,0,62,ece_top_label_equal_width_10,0.1106338407844305,0.1106338407844305,0.0,True
late_stage,bilstm_only,G1+G2,0,72,accuracy,0.828125,0.828125,0.0,True
late_stage,bilstm_only,G1+G2,0,72,macro_f1,0.847941108810674,0.847941108810674,0.0,True
late_stage,bilstm_only,G1+G2,0,72,weighted_f1,0.8291494133885438,0.8291494133885438,0.0,True
late_stage,bilstm_only,G1+G2,0,72,balanced_accuracy,0.8390937019969278,0.8390937019969278,0.0,True
late_stage,bilstm_only,G1+G2,0,72,quadratic_weighted_kappa,0.8231155778894472,0.8231155778894472,0.0,True
late_stage,bilstm_only,G1+G2,0,72,ordinal_mae,0.171875,0.171875,0.0,True
late_stage,bilstm_only,G1+G2,0,72,brier_score,0.1942941543748154,0.19429415437481545,5.551115123125783e-17,True
late_stage,bilstm_only,G1+G2,0,72,pr_auc_macro,0.9574176605687752,0.9574176605687751,1.1102230246251565e-16,True
late_stage,bilstm_only,G1+G2,0,72,ece_top_label_equal_width_10,0.1011468097567558,0.10114680975675581,1.3877787807814457e-17,True
late_stage,bilstm_only,G1+G2,0,82,accuracy,0.828125,0.828125,0.0,True
late_stage,bilstm_only,G1+G2,0,82,macro_f1,0.847941108810674,0.847941108810674,0.0,True
late_stage,bilstm_only,G1+G2,0,82,weighted_f1,0.8291494133885438,0.8291494133885438,0.0,True
late_stage,bilstm_only,G1+G2,0,82,balanced_accuracy,0.8390937019969278,0.8390937019969278,0.0,True
late_stage,bilstm_only,G1+G2,0,82,quadratic_weighted_kappa,0.8231155778894472,0.8231155778894472,0.0,True
late_stage,bilstm_only,G1+G2,0,82,ordinal_mae,0.171875,0.171875,0.0,True
late_stage,bilstm_only,G1+G2,0,82,brier_score,0.1816447170043456,0.18164471700434567,8.326672684688674e-17,True
late_stage,bilstm_only,G1+G2,0,82,pr_auc_macro,0.9548111994955452,0.9548111994955453,1.1102230246251565e-16,True
late_stage,bilstm_only,G1+G2,0,82,ece_top_label_equal_width_10,0.0943740671500563,0.09437406715005636,5.551115123125783e-17,True
late_stage,bilstm_only,G1+G2,1,42,accuracy,0.8571428571428571,0.8571428571428571,0.0,True
late_stage,bilstm_only,G1+G2,1,42,macro_f1,0.8544379969911885,0.8544379969911885,0.0,True
late_stage,bilstm_only,G1+G2,1,42,weighted_f1,0.854870897424089,0.854870897424089,0.0,True
late_stage,bilstm_only,G1+G2,1,42,balanced_accuracy,0.8666666666666667,0.8666666666666667,0.0,True
late_stage,bilstm_only,G1+G2,1,42,quadratic_weighted_kappa,0.8656716417910448,0.8656716417910448,0.0,True
late_stage,bilstm_only,G1+G2,1,42,ordinal_mae,0.1428571428571428,0.14285714285714285,5.551115123125783e-17,True
late_stage,bilstm_only,G1+G2,1,42,brier_score,0.2308301230457767,0.23083012304577677,8.326672684688674e-17,True
late_stage,bilstm_only,G1+G2,1,42,pr_auc_macro,0.9255879383858612,0.9255879383858612,0.0,True
late_stage,bilstm_only,G1+G2,1,42,ece_top_label_equal_width_10,0.0608866139063759,0.060886613906375925,2.7755575615628914e-17,True
late_stage,bilstm_only,G1+G2,1,52,accuracy,0.8095238095238095,0.8095238095238095,0.0,True
late_stage,bilstm_only,G1+G2,1,52,macro_f1,0.8148728665970046,0.8148728665970046,0.0,True
late_stage,bilstm_only,G1+G2,1,52,weighted_f1,0.809125740160223,0.809125740160223,0.0,True
late_stage,bilstm_only,G1+G2,1,52,balanced_accuracy,0.8190476190476191,0.8190476190476191,0.0,True
late_stage,bilstm_only,G1+G2,1,52,quadratic_weighted_kappa,0.8149779735682819,0.8149779735682819,0.0,True
late_stage,bilstm_only,G1+G2,1,52,ordinal_mae,0.1904761904761904,0.19047619047619047,5.551115123125783e-17,True
late_stage,bilstm_only,G1+G2,1,52,brier_score,0.2340862975952604,0.23408629759526045,5.551115123125783e-17,True
late_stage,bilstm_only,G1+G2,1,52,pr_auc_macro,0.918926374952037,0.918926374952037,0.0,True
late_stage,bilstm_only,G1+G2,1,52,ece_top_label_equal_width_10,0.0967098502885727,0.09670985028857278,8.326672684688674e-17,True
late_stage,bilstm_only,G1+G2,1,62,accuracy,0.8571428571428571,0.8571428571428571,0.0,True
late_stage,bilstm_only,G1+G2,1,62,macro_f1,0.8544379969911885,0.8544379969911885,0.0,True
late_stage,bilstm_only,G1+G2,1,62,weighted_f1,0.854870897424089,0.854870897424089,0.0,True
late_stage,bilstm_only,G1+G2,1,62,balanced_accuracy,0.8666666666666667,0.8666666666666667,0.0,True
late_stage,bilstm_only,G1+G2,1,62,quadratic_weighted_kappa,0.8656716417910448,0.8656716417910448,0.0,True
late_stage,bilstm_only,G1+G2,1,62,ordinal_mae,0.1428571428571428,0.14285714285714285,5.551115123125783e-17,True
late_stage,bilstm_only,G1+G2,1,62,brier_score,0.2625927485318799,0.2625927485318799,0.0,True
late_stage,bilstm_only,G1+G2,1,62,pr_auc_macro,0.9134882359267684,0.9134882359267683,1.1102230246251565e-16,True
late_stage,bilstm_only,G1+G2,1,62,ece_top_label_equal_width_10,0.1072434603221832,0.10724346032218329,9.71445146547012e-17,True
late_stage,bilstm_only,G1+G2,1,72,accuracy,0.7936507936507936,0.7936507936507936,0.0,True
late_stage,bilstm_only,G1+G2,1,72,macro_f1,0.7967038809144071,0.7967038809144071,0.0,True
late_stage,bilstm_only,G1+G2,1,72,weighted_f1,0.7926938558517506,0.7926938558517506,0.0,True
late_stage,bilstm_only,G1+G2,1,72,balanced_accuracy,0.8079365079365078,0.8079365079365078,0.0,True
late_stage,bilstm_only,G1+G2,1,72,quadratic_weighted_kappa,0.8034557235421166,0.8034557235421166,0.0,True
late_stage,bilstm_only,G1+G2,1,72,ordinal_mae,0.2063492063492063,0.20634920634920634,2.7755575615628914e-17,True
late_stage,bilstm_only,G1+G2,1,72,brier_score,0.2469029544187073,0.24690295441870733,2.7755575615628914e-17,True
late_stage,bilstm_only,G1+G2,1,72,pr_auc_macro,0.9192073468640792,0.9192073468640793,1.1102230246251565e-16,True
late_stage,bilstm_only,G1+G2,1,72,ece_top_label_equal_width_10,0.1204797568775358,0.12047975687753583,2.7755575615628914e-17,True
late_stage,bilstm_only,G1+G2,1,82,accuracy,0.7619047619047619,0.7619047619047619,0.0,True
late_stage,bilstm_only,G1+G2,1,82,macro_f1,0.7597316285840877,0.7597316285840877,0.0,True
late_stage,bilstm_only,G1+G2,1,82,weighted_f1,0.765419149494091,0.765419149494091,0.0,True
late_stage,bilstm_only,G1+G2,1,82,balanced_accuracy,0.7714285714285715,0.7714285714285715,0.0,True
late_stage,bilstm_only,G1+G2,1,82,quadratic_weighted_kappa,0.7692307692307692,0.7692307692307692,0.0,True
late_stage,bilstm_only,G1+G2,1,82,ordinal_mae,0.238095238095238,0.23809523809523808,8.326672684688674e-17,True
late_stage,bilstm_only,G1+G2,1,82,brier_score,0.3150906012408377,0.31509060124083776,5.551115123125783e-17,True
late_stage,bilstm_only,G1+G2,1,82,pr_auc_macro,0.8882677051534137,0.8882677051534137,0.0,True
late_stage,bilstm_only,G1+G2,1,82,ece_top_label_equal_width_10,0.1524970862600538,0.15249708626005382,2.7755575615628914e-17,True
late_stage,bilstm_only,G1+G2,2,42,accuracy,0.8571428571428571,0.8571428571428571,0.0,True
late_stage,bilstm_only,G1+G2,2,42,macro_f1,0.8561900641718941,0.8561900641718941,0.0,True
late_stage,bilstm_only,G1+G2,2,42,weighted_f1,0.855572036298837,0.855572036298837,0.0,True
late_stage,bilstm_only,G1+G2,2,42,balanced_accuracy,0.8529534981147884,0.8529534981147884,0.0,True
late_stage,bilstm_only,G1+G2,2,42,quadratic_weighted_kappa,0.844954881050041,0.844954881050041,0.0,True
late_stage,bilstm_only,G1+G2,2,42,ordinal_mae,0.1428571428571428,0.14285714285714285,5.551115123125783e-17,True
late_stage,bilstm_only,G1+G2,2,42,brier_score,0.2190917126180815,0.21909171261808155,5.551115123125783e-17,True
late_stage,bilstm_only,G1+G2,2,42,pr_auc_macro,0.945013774148168,0.9450137741481681,1.1102230246251565e-16,True
late_stage,bilstm_only,G1+G2,2,42,ece_top_label_equal_width_10,0.0548158836743188,0.054815883674318826,2.7755575615628914e-17,True
late_stage,bilstm_only,G1+G2,2,52,accuracy,0.8571428571428571,0.8571428571428571,0.0,True
late_stage,bilstm_only,G1+G2,2,52,macro_f1,0.8662530759366444,0.8662530759366444,0.0,True
late_stage,bilstm_only,G1+G2,2,52,weighted_f1,0.8572638866195862,0.8572638866195862,0.0,True
late_stage,bilstm_only,G1+G2,2,52,balanced_accuracy,0.8683144812177069,0.8683144812177069,0.0,True
late_stage,bilstm_only,G1+G2,2,52,quadratic_weighted_kappa,0.8536774193548387,0.8536774193548387,0.0,True
late_stage,bilstm_only,G1+G2,2,52,ordinal_mae,0.1428571428571428,0.14285714285714285,5.551115123125783e-17,True
late_stage,bilstm_only,G1+G2,2,52,brier_score,0.193270071824654,0.19327007182465403,2.7755575615628914e-17,True
late_stage,bilstm_only,G1+G2,2,52,pr_auc_macro,0.9534772154514458,0.9534772154514458,0.0,True
late_stage,bilstm_only,G1+G2,2,52,ece_top_label_equal_width_10,0.0654778073704431,0.06547780737044315,4.163336342344337e-17,True
late_stage,bilstm_only,G1+G2,2,62,accuracy,0.8253968253968254,0.8253968253968254,0.0,True
late_stage,bilstm_only,G1+G2,2,62,macro_f1,0.8317815683487325,0.8317815683487325,0.0,True
late_stage,bilstm_only,G1+G2,2,62,weighted_f1,0.8189489062623391,0.8189489062623391,0.0,True
late_stage,bilstm_only,G1+G2,2,62,balanced_accuracy,0.840757808499744,0.840757808499744,0.0,True
late_stage,bilstm_only,G1+G2,2,62,quadratic_weighted_kappa,0.8125507167974033,0.8125507167974033,0.0,True
late_stage,bilstm_only,G1+G2,2,62,ordinal_mae,0.1746031746031746,0.1746031746031746,0.0,True
late_stage,bilstm_only,G1+G2,2,62,brier_score,0.230626526897587,0.23062652689758706,5.551115123125783e-17,True
late_stage,bilstm_only,G1+G2,2,62,pr_auc_macro,0.9349592772487956,0.9349592772487957,1.1102230246251565e-16,True
late_stage,bilstm_only,G1+G2,2,62,ece_top_label_equal_width_10,0.0682504650146242,0.06825046501462424,4.163336342344337e-17,True
late_stage,bilstm_only,G1+G2,2,72,accuracy,0.8412698412698413,0.8412698412698413,0.0,True
late_stage,bilstm_only,G1+G2,2,72,macro_f1,0.8524414653446911,0.8524414653446911,0.0,True
late_stage,bilstm_only,G1+G2,2,72,weighted_f1,0.8412698412698413,0.8412698412698413,0.0,True
late_stage,bilstm_only,G1+G2,2,72,balanced_accuracy,0.8524414653446911,0.8524414653446911,0.0,True
late_stage,bilstm_only,G1+G2,2,72,quadratic_weighted_kappa,0.8355949895615866,0.8355949895615866,0.0,True
late_stage,bilstm_only,G1+G2,2,72,ordinal_mae,0.1587301587301587,0.15873015873015872,2.7755575615628914e-17,True
late_stage,bilstm_only,G1+G2,2,72,brier_score,0.1946533331622815,0.19465333316228153,2.7755575615628914e-17,True
late_stage,bilstm_only,G1+G2,2,72,pr_auc_macro,0.9509587558405748,0.9509587558405747,1.1102230246251565e-16,True
late_stage,bilstm_only,G1+G2,2,72,ece_top_label_equal_width_10,0.0666958434241158,0.06669584342411589,8.326672684688674e-17,True
late_stage,bilstm_only,G1+G2,2,82,accuracy,0.8253968253968254,0.8253968253968254,0.0,True
late_stage,bilstm_only,G1+G2,2,82,macro_f1,0.8230514096185738,0.8230514096185738,0.0,True
late_stage,bilstm_only,G1+G2,2,82,weighted_f1,0.8234462607596937,0.8234462607596937,0.0,True
late_stage,bilstm_only,G1+G2,2,82,balanced_accuracy,0.8263277940697296,0.8263277940697296,0.0,True
late_stage,bilstm_only,G1+G2,2,82,quadratic_weighted_kappa,0.8125507167974033,0.8125507167974033,0.0,True
late_stage,bilstm_only,G1+G2,2,82,ordinal_mae,0.1746031746031746,0.1746031746031746,0.0,True
late_stage,bilstm_only,G1+G2,2,82,brier_score,0.2358578517781736,0.2358578517781736,0.0,True
late_stage,bilstm_only,G1+G2,2,82,pr_auc_macro,0.9322519259258142,0.9322519259258142,0.0,True
late_stage,bilstm_only,G1+G2,2,82,ece_top_label_equal_width_10,0.0469112661149766,0.046911266114976626,2.7755575615628914e-17,True
late_stage,bilstm_only,G1+G2,3,42,accuracy,0.8095238095238095,0.8095238095238095,0.0,True
late_stage,bilstm_only,G1+G2,3,42,macro_f1,0.7464834515366431,0.7464834515366431,0.0,True
late_stage,bilstm_only,G1+G2,3,42,weighted_f1,0.7907956208488124,0.7907956208488124,0.0,True
late_stage,bilstm_only,G1+G2,3,42,balanced_accuracy,0.734115347018573,0.734115347018573,0.0,True
late_stage,bilstm_only,G1+G2,3,42,quadratic_weighted_kappa,0.7818811309867282,0.7818811309867282,0.0,True
late_stage,bilstm_only,G1+G2,3,42,ordinal_mae,0.1904761904761904,0.19047619047619047,5.551115123125783e-17,True
late_stage,bilstm_only,G1+G2,3,42,brier_score,0.2259317179725874,0.22593171797258746,5.551115123125783e-17,True
late_stage,bilstm_only,G1+G2,3,42,pr_auc_macro,0.9657613778442206,0.9657613778442206,0.0,True
late_stage,bilstm_only,G1+G2,3,42,ece_top_label_equal_width_10,0.0727861693927219,0.07278616939272199,9.71445146547012e-17,True
late_stage,bilstm_only,G1+G2,3,52,accuracy,0.873015873015873,0.873015873015873,0.0,True
late_stage,bilstm_only,G1+G2,3,52,macro_f1,0.8539562289562289,0.8539562289562289,0.0,True
late_stage,bilstm_only,G1+G2,3,52,weighted_f1,0.8693883277216611,0.8693883277216611,0.0,True
late_stage,bilstm_only,G1+G2,3,52,balanced_accuracy,0.8306567983987337,0.8306567983987337,0.0,True
late_stage,bilstm_only,G1+G2,3,52,quadratic_weighted_kappa,0.8594534300055773,0.8594534300055773,0.0,True
late_stage,bilstm_only,G1+G2,3,52,ordinal_mae,0.1269841269841269,0.12698412698412698,8.326672684688674e-17,True
late_stage,bilstm_only,G1+G2,3,52,brier_score,0.1660586663731467,0.1660586663731467,0.0,True
late_stage,bilstm_only,G1+G2,3,52,pr_auc_macro,0.9765296864801732,0.9765296864801732,0.0,True
late_stage,bilstm_only,G1+G2,3,52,ece_top_label_equal_width_10,0.0735680432546706,0.07356804325467065,4.163336342344337e-17,True
late_stage,bilstm_only,G1+G2,3,62,accuracy,0.8571428571428571,0.8571428571428571,0.0,True
late_stage,bilstm_only,G1+G2,3,62,macro_f1,0.841284605149272,0.841284605149272,0.0,True
late_stage,bilstm_only,G1+G2,3,62,weighted_f1,0.8531387700089014,0.8531387700089014,0.0,True
late_stage,bilstm_only,G1+G2,3,62,balanced_accuracy,0.8250244379276638,0.8250244379276638,0.0,True
late_stage,bilstm_only,G1+G2,3,62,quadratic_weighted_kappa,0.8473755047106326,0.8473755047106326,0.0,True
late_stage,bilstm_only,G1+G2,3,62,ordinal_mae,0.1428571428571428,0.14285714285714285,5.551115123125783e-17,True
late_stage,bilstm_only,G1+G2,3,62,brier_score,0.188687136312721,0.18868713631272105,5.551115123125783e-17,True
late_stage,bilstm_only,G1+G2,3,62,pr_auc_macro,0.9699614086176388,0.9699614086176388,0.0,True
late_stage,bilstm_only,G1+G2,3,62,ece_top_label_equal_width_10,0.1213685113286214,0.12136851132862149,8.326672684688674e-17,True
late_stage,bilstm_only,G1+G2,3,72,accuracy,0.873015873015873,0.873015873015873,0.0,True
late_stage,bilstm_only,G1+G2,3,72,macro_f1,0.8539562289562289,0.8539562289562289,0.0,True
late_stage,bilstm_only,G1+G2,3,72,weighted_f1,0.8693883277216611,0.8693883277216611,0.0,True
late_stage,bilstm_only,G1+G2,3,72,balanced_accuracy,0.8306567983987337,0.8306567983987337,0.0,True
late_stage,bilstm_only,G1+G2,3,72,quadratic_weighted_kappa,0.8594534300055773,0.8594534300055773,0.0,True
late_stage,bilstm_only,G1+G2,3,72,ordinal_mae,0.1269841269841269,0.12698412698412698,8.326672684688674e-17,True
late_stage,bilstm_only,G1+G2,3,72,brier_score,0.1791093937419059,0.17910939374190593,2.7755575615628914e-17,True
late_stage,bilstm_only,G1+G2,3,72,pr_auc_macro,0.9787217604183902,0.9787217604183902,0.0,True
late_stage,bilstm_only,G1+G2,3,72,ece_top_label_equal_width_10,0.0735764266952635,0.07357642669526356,5.551115123125783e-17,True
late_stage,bilstm_only,G1+G2,3,82,accuracy,0.9047619047619048,0.9047619047619048,0.0,True
late_stage,bilstm_only,G1+G2,3,82,macro_f1,0.9041055718475074,0.9041055718475074,0.0,True
late_stage,bilstm_only,G1+G2,3,82,weighted_f1,0.9046176046176048,0.9046176046176047,1.1102230246251565e-16,True
late_stage,bilstm_only,G1+G2,3,82,balanced_accuracy,0.8912628590047945,0.8912628590047945,0.0,True
late_stage,bilstm_only,G1+G2,3,82,quadratic_weighted_kappa,0.8992537313432836,0.8992537313432836,0.0,True
late_stage,bilstm_only,G1+G2,3,82,ordinal_mae,0.0952380952380952,0.09523809523809523,2.7755575615628914e-17,True
late_stage,bilstm_only,G1+G2,3,82,brier_score,0.1507854180104266,0.15078541801042666,5.551115123125783e-17,True
late_stage,bilstm_only,G1+G2,3,82,pr_auc_macro,0.9773493371657068,0.9773493371657068,0.0,True
late_stage,bilstm_only,G1+G2,3,82,ece_top_label_equal_width_10,0.0882760220103793,0.08827602201037937,6.938893903907228e-17,True
late_stage,bilstm_only,G1+G2,4,42,accuracy,0.8412698412698413,0.8412698412698413,0.0,True
late_stage,bilstm_only,G1+G2,4,42,macro_f1,0.8475783475783475,0.8475783475783475,0.0,True
late_stage,bilstm_only,G1+G2,4,42,weighted_f1,0.8398453398453398,0.8398453398453398,0.0,True
late_stage,bilstm_only,G1+G2,4,42,balanced_accuracy,0.8688172043010752,0.8688172043010752,0.0,True
late_stage,bilstm_only,G1+G2,4,42,quadratic_weighted_kappa,0.8461162677088422,0.8461162677088422,0.0,True
late_stage,bilstm_only,G1+G2,4,42,ordinal_mae,0.1587301587301587,0.15873015873015872,2.7755575615628914e-17,True
late_stage,bilstm_only,G1+G2,4,42,brier_score,0.2302746098519007,0.23027460985190074,2.7755575615628914e-17,True
late_stage,bilstm_only,G1+G2,4,42,pr_auc_macro,0.932401379538882,0.9324013795388821,1.1102230246251565e-16,True
late_stage,bilstm_only,G1+G2,4,42,ece_top_label_equal_width_10,0.0681169222271631,0.06811692222716319,8.326672684688674e-17,True
late_stage,bilstm_only,G1+G2,4,52,accuracy,0.8253968253968254,0.8253968253968254,0.0,True
late_stage,bilstm_only,G1+G2,4,52,macro_f1,0.8304049998965253,0.8304049998965253,0.0,True
late_stage,bilstm_only,G1+G2,4,52,weighted_f1,0.8240684076035166,0.8240684076035166,0.0,True
late_stage,bilstm_only,G1+G2,4,52,balanced_accuracy,0.8580645161290322,0.8580645161290322,0.0,True
late_stage,bilstm_only,G1+G2,4,52,quadratic_weighted_kappa,0.8339324227174695,0.8339324227174695,0.0,True
late_stage,bilstm_only,G1+G2,4,52,ordinal_mae,0.1746031746031746,0.1746031746031746,0.0,True
late_stage,bilstm_only,G1+G2,4,52,brier_score,0.230473563610973,0.23047356361097301,2.7755575615628914e-17,True
late_stage,bilstm_only,G1+G2,4,52,pr_auc_macro,0.9351528899326288,0.9351528899326289,1.1102230246251565e-16,True
late_stage,bilstm_only,G1+G2,4,52,ece_top_label_equal_width_10,0.0954548252953423,0.09545482529534233,2.7755575615628914e-17,True
late_stage,bilstm_only,G1+G2,4,62,accuracy,0.8095238095238095,0.8095238095238095,0.0,True
late_stage,bilstm_only,G1+G2,4,62,macro_f1,0.8137907492746203,0.8137907492746203,0.0,True
late_stage,bilstm_only,G1+G2,4,62,weighted_f1,0.8070042831947594,0.8070042831947594,0.0,True
late_stage,bilstm_only,G1+G2,4,62,balanced_accuracy,0.8354838709677419,0.8354838709677419,0.0,True
late_stage,bilstm_only,G1+G2,4,62,quadratic_weighted_kappa,0.8125,0.8125,0.0,True
late_stage,bilstm_only,G1+G2,4,62,ordinal_mae,0.1904761904761904,0.19047619047619047,5.551115123125783e-17,True
late_stage,bilstm_only,G1+G2,4,62,brier_score,0.2568464899428612,0.2568464899428612,0.0,True
late_stage,bilstm_only,G1+G2,4,62,pr_auc_macro,0.9274571149057932,0.9274571149057933,1.1102230246251565e-16,True
late_stage,bilstm_only,G1+G2,4,62,ece_top_label_equal_width_10,0.1036559201422191,0.10365592014221917,6.938893903907228e-17,True
late_stage,bilstm_only,G1+G2,4,72,accuracy,0.8412698412698413,0.8412698412698413,0.0,True
late_stage,bilstm_only,G1+G2,4,72,macro_f1,0.8475783475783475,0.8475783475783475,0.0,True
late_stage,bilstm_only,G1+G2,4,72,weighted_f1,0.8398453398453398,0.8398453398453398,0.0,True
late_stage,bilstm_only,G1+G2,4,72,balanced_accuracy,0.8688172043010752,0.8688172043010752,0.0,True
late_stage,bilstm_only,G1+G2,4,72,quadratic_weighted_kappa,0.8461162677088422,0.8461162677088422,0.0,True
late_stage,bilstm_only,G1+G2,4,72,ordinal_mae,0.1587301587301587,0.15873015873015872,2.7755575615628914e-17,True
late_stage,bilstm_only,G1+G2,4,72,brier_score,0.2181557092609772,0.21815570926097724,5.551115123125783e-17,True
late_stage,bilstm_only,G1+G2,4,72,pr_auc_macro,0.9362610326803904,0.9362610326803903,1.1102230246251565e-16,True
late_stage,bilstm_only,G1+G2,4,72,ece_top_label_equal_width_10,0.0864894882081047,0.0864894882081047,0.0,True
late_stage,bilstm_only,G1+G2,4,82,accuracy,0.8095238095238095,0.8095238095238095,0.0,True
late_stage,bilstm_only,G1+G2,4,82,macro_f1,0.8137907492746203,0.8137907492746203,0.0,True
late_stage,bilstm_only,G1+G2,4,82,weighted_f1,0.8070042831947594,0.8070042831947594,0.0,True
late_stage,bilstm_only,G1+G2,4,82,balanced_accuracy,0.8354838709677419,0.8354838709677419,0.0,True
late_stage,bilstm_only,G1+G2,4,82,quadratic_weighted_kappa,0.8125,0.8125,0.0,True
late_stage,bilstm_only,G1+G2,4,82,ordinal_mae,0.1904761904761904,0.19047619047619047,5.551115123125783e-17,True
late_stage,bilstm_only,G1+G2,4,82,brier_score,0.2375986078804122,0.23759860788041215,5.551115123125783e-17,True
late_stage,bilstm_only,G1+G2,4,82,pr_auc_macro,0.9416752569992554,0.9416752569992554,0.0,True
late_stage,bilstm_only,G1+G2,4,82,ece_top_label_equal_width_10,0.0923843024268983,0.0923843024268983,0.0,True
late_stage,cnn_bilstm_legacy_config_v2_refit,G1+G2,0,42,accuracy,0.75,0.75,0.0,True
late_stage,cnn_bilstm_legacy_config_v2_refit,G1+G2,0,42,macro_f1,0.7710289710289709,0.7710289710289709,0.0,True
late_stage,cnn_bilstm_legacy_config_v2_refit,G1+G2,0,42,weighted_f1,0.746619005994006,0.746619005994006,0.0,True
late_stage,cnn_bilstm_legacy_config_v2_refit,G1+G2,0,42,balanced_accuracy,0.7768817204301075,0.7768817204301075,0.0,True
late_stage,cnn_bilstm_legacy_config_v2_refit,G1+G2,0,42,quadratic_weighted_kappa,0.7680108744902583,0.7680108744902583,0.0,True
late_stage,cnn_bilstm_legacy_config_v2_refit,G1+G2,0,42,ordinal_mae,0.25,0.25,0.0,True
late_stage,cnn_bilstm_legacy_config_v2_refit,G1+G2,0,42,brier_score,0.4216436511103217,0.42164365111032176,5.551115123125783e-17,True
late_stage,cnn_bilstm_legacy_config_v2_refit,G1+G2,0,42,pr_auc_macro,0.9058164174317924,0.9058164174317925,1.1102230246251565e-16,True
late_stage,cnn_bilstm_legacy_config_v2_refit,G1+G2,0,42,ece_top_label_equal_width_10,0.1853556958958506,0.18535569589585063,2.7755575615628914e-17,True
late_stage,cnn_bilstm_legacy_config_v2_refit,G1+G2,0,52,accuracy,0.546875,0.546875,0.0,True
late_stage,cnn_bilstm_legacy_config_v2_refit,G1+G2,0,52,macro_f1,0.5249433106575964,0.5249433106575964,0.0,True
late_stage,cnn_bilstm_legacy_config_v2_refit,G1+G2,0,52,weighted_f1,0.5102040816326531,0.5102040816326531,0.0,True
late_stage,cnn_bilstm_legacy_config_v2_refit,G1+G2,0,52,balanced_accuracy,0.5519713261648745,0.5519713261648745,0.0,True
late_stage,cnn_bilstm_legacy_config_v2_refit,G1+G2,0,52,quadratic_weighted_kappa,0.57548032936871,0.57548032936871,0.0,True
late_stage,cnn_bilstm_legacy_config_v2_refit,G1+G2,0,52,ordinal_mae,0.453125,0.453125,0.0,True
late_stage,cnn_bilstm_legacy_config_v2_refit,G1+G2,0,52,brier_score,0.6475362453479492,0.6475362453479493,1.1102230246251565e-16,True
late_stage,cnn_bilstm_legacy_config_v2_refit,G1+G2,0,52,pr_auc_macro,0.8395049499162385,0.8395049499162385,0.0,True
late_stage,cnn_bilstm_legacy_config_v2_refit,G1+G2,0,52,ece_top_label_equal_width_10,0.3301762994378805,0.3301762994378805,0.0,True
late_stage,cnn_bilstm_legacy_config_v2_refit,G1+G2,0,62,accuracy,0.828125,0.828125,0.0,True
late_stage,cnn_bilstm_legacy_config_v2_refit,G1+G2,0,62,macro_f1,0.8343006482707125,0.8343006482707125,0.0,True
late_stage,cnn_bilstm_legacy_config_v2_refit,G1+G2,0,62,weighted_f1,0.8288027568475715,0.8288027568475715,0.0,True
late_stage,cnn_bilstm_legacy_config_v2_refit,G1+G2,0,62,balanced_accuracy,0.8204045058883769,0.8204045058883769,0.0,True
late_stage,cnn_bilstm_legacy_config_v2_refit,G1+G2,0,62,quadratic_weighted_kappa,0.8240000000000001,0.8240000000000001,0.0,True
late_stage,cnn_bilstm_legacy_config_v2_refit,G1+G2,0,62,ordinal_mae,0.171875,0.171875,0.0,True
late_stage,cnn_bilstm_legacy_config_v2_refit,G1+G2,0,62,brier_score,0.2567810437822092,0.2567810437822092,0.0,True
late_stage,cnn_bilstm_legacy_config_v2_refit,G1+G2,0,62,pr_auc_macro,0.9441301478937848,0.9441301478937848,0.0,True
late_stage,cnn_bilstm_legacy_config_v2_refit,G1+G2,0,62,ece_top_label_equal_width_10,0.0623637568205594,0.062363756820559474,7.632783294297951e-17,True
late_stage,cnn_bilstm_legacy_config_v2_refit,G1+G2,0,72,accuracy,0.796875,0.796875,0.0,True
late_stage,cnn_bilstm_legacy_config_v2_refit,G1+G2,0,72,macro_f1,0.7987554959385945,0.7987554959385945,0.0,True
late_stage,cnn_bilstm_legacy_config_v2_refit,G1+G2,0,72,weighted_f1,0.7933800720992622,0.7933800720992622,0.0,True
late_stage,cnn_bilstm_legacy_config_v2_refit,G1+G2,0,72,balanced_accuracy,0.7681771633384537,0.7681771633384537,0.0,True
late_stage,cnn_bilstm_legacy_config_v2_refit,G1+G2,0,72,quadratic_weighted_kappa,0.7649717514124293,0.7649717514124293,0.0,True
late_stage,cnn_bilstm_legacy_config_v2_refit,G1+G2,0,72,ordinal_mae,0.203125,0.203125,0.0,True
late_stage,cnn_bilstm_legacy_config_v2_refit,G1+G2,0,72,brier_score,0.2312572371632739,0.2312572371632739,0.0,True
late_stage,cnn_bilstm_legacy_config_v2_refit,G1+G2,0,72,pr_auc_macro,0.9569255344636742,0.9569255344636742,0.0,True
late_stage,cnn_bilstm_legacy_config_v2_refit,G1+G2,0,72,ece_top_label_equal_width_10,0.0926313502714037,0.09263135027140376,5.551115123125783e-17,True
late_stage,cnn_bilstm_legacy_config_v2_refit,G1+G2,0,82,accuracy,0.78125,0.78125,0.0,True
late_stage,cnn_bilstm_legacy_config_v2_refit,G1+G2,0,82,macro_f1,0.7967788093574257,0.7967788093574257,0.0,True
late_stage,cnn_bilstm_legacy_config_v2_refit,G1+G2,0,82,weighted_f1,0.7795341669162424,0.7795341669162424,0.0,True
late_stage,cnn_bilstm_legacy_config_v2_refit,G1+G2,0,82,balanced_accuracy,0.7983870967741935,0.7983870967741935,0.0,True
late_stage,cnn_bilstm_legacy_config_v2_refit,G1+G2,0,82,quadratic_weighted_kappa,0.7926885701064322,0.7926885701064322,0.0,True
late_stage,cnn_bilstm_legacy_config_v2_refit,G1+G2,0,82,ordinal_mae,0.21875,0.21875,0.0,True
late_stage,cnn_bilstm_legacy_config_v2_refit,G1+G2,0,82,brier_score,0.337653797607135,0.33765379760713504,5.551115123125783e-17,True
late_stage,cnn_bilstm_legacy_config_v2_refit,G1+G2,0,82,pr_auc_macro,0.919919785656174,0.919919785656174,0.0,True
late_stage,cnn_bilstm_legacy_config_v2_refit,G1+G2,0,82,ece_top_label_equal_width_10,0.0864925263449549,0.08649252634495495,5.551115123125783e-17,True
late_stage,cnn_bilstm_legacy_config_v2_refit,G1+G2,1,42,accuracy,0.7301587301587301,0.7301587301587301,0.0,True
late_stage,cnn_bilstm_legacy_config_v2_refit,G1+G2,1,42,macro_f1,0.7331065346374258,0.7331065346374258,0.0,True
late_stage,cnn_bilstm_legacy_config_v2_refit,G1+G2,1,42,weighted_f1,0.7334189614124004,0.7334189614124004,0.0,True
late_stage,cnn_bilstm_legacy_config_v2_refit,G1+G2,1,42,balanced_accuracy,0.7611111111111111,0.7611111111111111,0.0,True
late_stage,cnn_bilstm_legacy_config_v2_refit,G1+G2,1,42,quadratic_weighted_kappa,0.750524109014675,0.750524109014675,0.0,True
late_stage,cnn_bilstm_legacy_config_v2_refit,G1+G2,1,42,ordinal_mae,0.2698412698412698,0.2698412698412698,0.0,True
late_stage,cnn_bilstm_legacy_config_v2_refit,G1+G2,1,42,brier_score,0.3383665800848113,0.33836658008481135,5.551115123125783e-17,True
late_stage,cnn_bilstm_legacy_config_v2_refit,G1+G2,1,42,pr_auc_macro,0.906984077880068,0.9069840778800679,1.1102230246251565e-16,True
late_stage,cnn_bilstm_legacy_config_v2_refit,G1+G2,1,42,ece_top_label_equal_width_10,0.1018180109205699,0.10181801092056997,6.938893903907228e-17,True
late_stage,cnn_bilstm_legacy_config_v2_refit,G1+G2,1,52,accuracy,0.7619047619047619,0.7619047619047619,0.0,True
late_stage,cnn_bilstm_legacy_config_v2_refit,G1+G2,1,52,macro_f1,0.7698113207547171,0.7698113207547171,0.0,True
late_stage,cnn_bilstm_legacy_config_v2_refit,G1+G2,1,52,weighted_f1,0.7579514824797844,0.7579514824797844,0.0,True
late_stage,cnn_bilstm_legacy_config_v2_refit,G1+G2,1,52,balanced_accuracy,0.7666666666666666,0.7666666666666666,0.0,True
late_stage,cnn_bilstm_legacy_config_v2_refit,G1+G2,1,52,quadratic_weighted_kappa,0.7732181425485961,0.7732181425485961,0.0,True
late_stage,cnn_bilstm_legacy_config_v2_refit,G1+G2,1,52,ordinal_mae,0.238095238095238,0.23809523809523808,8.326672684688674e-17,True
late_stage,cnn_bilstm_legacy_config_v2_refit,G1+G2,1,52,brier_score,0.2823724457941486,0.2823724457941486,0.0,True
late_stage,cnn_bilstm_legacy_config_v2_refit,G1+G2,1,52,pr_auc_macro,0.9035546588268294,0.9035546588268294,0.0,True
late_stage,cnn_bilstm_legacy_config_v2_refit,G1+G2,1,52,ece_top_label_equal_width_10,0.1226765882401239,0.12267658824012395,5.551115123125783e-17,True
late_stage,cnn_bilstm_legacy_config_v2_refit,G1+G2,1,62,accuracy,0.8571428571428571,0.8571428571428571,0.0,True
late_stage,cnn_bilstm_legacy_config_v2_refit,G1+G2,1,62,macro_f1,0.8544379969911885,0.8544379969911885,0.0,True
late_stage,cnn_bilstm_legacy_config_v2_refit,G1+G2,1,62,weighted_f1,0.854870897424089,0.854870897424089,0.0,True
late_stage,cnn_bilstm_legacy_config_v2_refit,G1+G2,1,62,balanced_accuracy,0.8666666666666667,0.8666666666666667,0.0,True
late_stage,cnn_bilstm_legacy_config_v2_refit,G1+G2,1,62,quadratic_weighted_kappa,0.8656716417910448,0.8656716417910448,0.0,True
late_stage,cnn_bilstm_legacy_config_v2_refit,G1+G2,1,62,ordinal_mae,0.1428571428571428,0.14285714285714285,5.551115123125783e-17,True
late_stage,cnn_bilstm_legacy_config_v2_refit,G1+G2,1,62,brier_score,0.2358293881068064,0.2358293881068064,0.0,True
late_stage,cnn_bilstm_legacy_config_v2_refit,G1+G2,1,62,pr_auc_macro,0.9212954552721634,0.9212954552721634,0.0,True
late_stage,cnn_bilstm_legacy_config_v2_refit,G1+G2,1,62,ece_top_label_equal_width_10,0.1103056678696284,0.11030566786962842,2.7755575615628914e-17,True
late_stage,cnn_bilstm_legacy_config_v2_refit,G1+G2,1,72,accuracy,0.8412698412698413,0.8412698412698413,0.0,True
late_stage,cnn_bilstm_legacy_config_v2_refit,G1+G2,1,72,macro_f1,0.821264153291029,0.821264153291029,0.0,True
late_stage,cnn_bilstm_legacy_config_v2_refit,G1+G2,1,72,weighted_f1,0.8350486144439112,0.8350486144439112,0.0,True
late_stage,cnn_bilstm_legacy_config_v2_refit,G1+G2,1,72,balanced_accuracy,0.8055555555555557,0.8055555555555557,0.0,True
late_stage,cnn_bilstm_legacy_config_v2_refit,G1+G2,1,72,quadratic_weighted_kappa,0.8349056603773585,0.8349056603773585,0.0,True
late_stage,cnn_bilstm_legacy_config_v2_refit,G1+G2,1,72,ordinal_mae,0.1587301587301587,0.15873015873015872,2.7755575615628914e-17,True
late_stage,cnn_bilstm_legacy_config_v2_refit,G1+G2,1,72,brier_score,0.2805753819654844,0.2805753819654844,0.0,True
late_stage,cnn_bilstm_legacy_config_v2_refit,G1+G2,1,72,pr_auc_macro,0.9081715302743296,0.9081715302743297,1.1102230246251565e-16,True
late_stage,cnn_bilstm_legacy_config_v2_refit,G1+G2,1,72,ece_top_label_equal_width_10,0.0734468537663656,0.07344685376636566,5.551115123125783e-17,True
late_stage,cnn_bilstm_legacy_config_v2_refit,G1+G2,1,82,accuracy,0.8095238095238095,0.8095238095238095,0.0,True
late_stage,cnn_bilstm_legacy_config_v2_refit,G1+G2,1,82,macro_f1,0.7805555555555556,0.7805555555555556,0.0,True
late_stage,cnn_bilstm_legacy_config_v2_refit,G1+G2,1,82,weighted_f1,0.7996031746031746,0.7996031746031746,0.0,True
late_stage,cnn_bilstm_legacy_config_v2_refit,G1+G2,1,82,balanced_accuracy,0.7666666666666666,0.7666666666666666,0.0,True
late_stage,cnn_bilstm_legacy_config_v2_refit,G1+G2,1,82,quadratic_weighted_kappa,0.8,0.8,0.0,True
late_stage,cnn_bilstm_legacy_config_v2_refit,G1+G2,1,82,ordinal_mae,0.1904761904761904,0.19047619047619047,5.551115123125783e-17,True
late_stage,cnn_bilstm_legacy_config_v2_refit,G1+G2,1,82,brier_score,0.321340664346486,0.32134066434648606,5.551115123125783e-17,True
late_stage,cnn_bilstm_legacy_config_v2_refit,G1+G2,1,82,pr_auc_macro,0.8562989136907615,0.8562989136907615,0.0,True
late_stage,cnn_bilstm_legacy_config_v2_refit,G1+G2,1,82,ece_top_label_equal_width_10,0.0544157510712032,0.054415751071203285,8.326672684688674e-17,True
late_stage,cnn_bilstm_legacy_config_v2_refit,G1+G2,2,42,accuracy,0.8253968253968254,0.8253968253968254,0.0,True
late_stage,cnn_bilstm_legacy_config_v2_refit,G1+G2,2,42,macro_f1,0.8223063873436698,0.8223063873436698,0.0,True
late_stage,cnn_bilstm_legacy_config_v2_refit,G1+G2,2,42,weighted_f1,0.8203901278821388,0.8203901278821388,0.0,True
late_stage,cnn_bilstm_legacy_config_v2_refit,G1+G2,2,42,balanced_accuracy,0.8016571242377695,0.8016571242377695,0.0,True
late_stage,cnn_bilstm_legacy_config_v2_refit,G1+G2,2,42,quadratic_weighted_kappa,0.7964757709251101,0.7964757709251101,0.0,True
late_stage,cnn_bilstm_legacy_config_v2_refit,G1+G2,2,42,ordinal_mae,0.1746031746031746,0.1746031746031746,0.0,True
late_stage,cnn_bilstm_legacy_config_v2_refit,G1+G2,2,42,brier_score,0.2392225650031265,0.23922256500312658,8.326672684688674e-17,True
late_stage,cnn_bilstm_legacy_config_v2_refit,G1+G2,2,42,pr_auc_macro,0.9568151973462564,0.9568151973462565,1.1102230246251565e-16,True
late_stage,cnn_bilstm_legacy_config_v2_refit,G1+G2,2,42,ece_top_label_equal_width_10,0.0707543795070951,0.0707543795070951,0.0,True
late_stage,cnn_bilstm_legacy_config_v2_refit,G1+G2,2,52,accuracy,0.8571428571428571,0.8571428571428571,0.0,True
late_stage,cnn_bilstm_legacy_config_v2_refit,G1+G2,2,52,macro_f1,0.8571428571428571,0.8571428571428571,0.0,True
late_stage,cnn_bilstm_legacy_config_v2_refit,G1+G2,2,52,weighted_f1,0.8571428571428571,0.8571428571428571,0.0,True
late_stage,cnn_bilstm_legacy_config_v2_refit,G1+G2,2,52,balanced_accuracy,0.8487641390867197,0.8487641390867197,0.0,True
late_stage,cnn_bilstm_legacy_config_v2_refit,G1+G2,2,52,quadratic_weighted_kappa,0.848759669245132,0.848759669245132,0.0,True
late_stage,cnn_bilstm_legacy_config_v2_refit,G1+G2,2,52,ordinal_mae,0.1428571428571428,0.14285714285714285,5.551115123125783e-17,True
late_stage,cnn_bilstm_legacy_config_v2_refit,G1+G2,2,52,brier_score,0.2002875672557717,0.2002875672557717,0.0,True
late_stage,cnn_bilstm_legacy_config_v2_refit,G1+G2,2,52,pr_auc_macro,0.9563054824651576,0.9563054824651576,0.0,True
late_stage,cnn_bilstm_legacy_config_v2_refit,G1+G2,2,52,ece_top_label_equal_width_10,0.035564398954785,0.03556439895478505,4.85722573273506e-17,True
late_stage,cnn_bilstm_legacy_config_v2_refit,G1+G2,2,62,accuracy,0.8412698412698413,0.8412698412698413,0.0,True
late_stage,cnn_bilstm_legacy_config_v2_refit,G1+G2,2,62,macro_f1,0.8380952380952381,0.8380952380952381,0.0,True
late_stage,cnn_bilstm_legacy_config_v2_refit,G1+G2,2,62,weighted_f1,0.838095238095238,0.838095238095238,0.0,True
late_stage,cnn_bilstm_legacy_config_v2_refit,G1+G2,2,62,balanced_accuracy,0.8175301401107853,0.8175301401107853,0.0,True
late_stage,cnn_bilstm_legacy_config_v2_refit,G1+G2,2,62,quadratic_weighted_kappa,0.8172853828306265,0.8172853828306265,0.0,True
late_stage,cnn_bilstm_legacy_config_v2_refit,G1+G2,2,62,ordinal_mae,0.1587301587301587,0.15873015873015872,2.7755575615628914e-17,True
late_stage,cnn_bilstm_legacy_config_v2_refit,G1+G2,2,62,brier_score,0.2166196866349851,0.21661968663498513,2.7755575615628914e-17,True
late_stage,cnn_bilstm_legacy_config_v2_refit,G1+G2,2,62,pr_auc_macro,0.9551076360111144,0.9551076360111143,1.1102230246251565e-16,True
late_stage,cnn_bilstm_legacy_config_v2_refit,G1+G2,2,62,ece_top_label_equal_width_10,0.0338543379117572,0.0338543379117572,0.0,True
late_stage,cnn_bilstm_legacy_config_v2_refit,G1+G2,2,72,accuracy,0.873015873015873,0.873015873015873,0.0,True
late_stage,cnn_bilstm_legacy_config_v2_refit,G1+G2,2,72,macro_f1,0.8790671693897499,0.8790671693897499,0.0,True
late_stage,cnn_bilstm_legacy_config_v2_refit,G1+G2,2,72,weighted_f1,0.873015873015873,0.873015873015873,0.0,True
late_stage,cnn_bilstm_legacy_config_v2_refit,G1+G2,2,72,balanced_accuracy,0.8790671693897499,0.8790671693897499,0.0,True
late_stage,cnn_bilstm_legacy_config_v2_refit,G1+G2,2,72,quadratic_weighted_kappa,0.8684759916492693,0.8684759916492693,0.0,True
late_stage,cnn_bilstm_legacy_config_v2_refit,G1+G2,2,72,ordinal_mae,0.1269841269841269,0.12698412698412698,8.326672684688674e-17,True
late_stage,cnn_bilstm_legacy_config_v2_refit,G1+G2,2,72,brier_score,0.1858319245737241,0.18583192457372416,5.551115123125783e-17,True
late_stage,cnn_bilstm_legacy_config_v2_refit,G1+G2,2,72,pr_auc_macro,0.9569616830645664,0.9569616830645664,0.0,True
late_stage,cnn_bilstm_legacy_config_v2_refit,G1+G2,2,72,ece_top_label_equal_width_10,0.0911854363623119,0.09118543636231194,4.163336342344337e-17,True
late_stage,cnn_bilstm_legacy_config_v2_refit,G1+G2,2,82,accuracy,0.8571428571428571,0.8571428571428571,0.0,True
late_stage,cnn_bilstm_legacy_config_v2_refit,G1+G2,2,82,macro_f1,0.8571428571428571,0.8571428571428571,0.0,True
late_stage,cnn_bilstm_legacy_config_v2_refit,G1+G2,2,82,weighted_f1,0.8571428571428571,0.8571428571428571,0.0,True
late_stage,cnn_bilstm_legacy_config_v2_refit,G1+G2,2,82,balanced_accuracy,0.8487641390867197,0.8487641390867197,0.0,True
late_stage,cnn_bilstm_legacy_config_v2_refit,G1+G2,2,82,quadratic_weighted_kappa,0.848759669245132,0.848759669245132,0.0,True
late_stage,cnn_bilstm_legacy_config_v2_refit,G1+G2,2,82,ordinal_mae,0.1428571428571428,0.14285714285714285,5.551115123125783e-17,True
late_stage,cnn_bilstm_legacy_config_v2_refit,G1+G2,2,82,brier_score,0.1837851954895456,0.18378519548954564,2.7755575615628914e-17,True
late_stage,cnn_bilstm_legacy_config_v2_refit,G1+G2,2,82,pr_auc_macro,0.9597716361720848,0.9597716361720847,1.1102230246251565e-16,True
late_stage,cnn_bilstm_legacy_config_v2_refit,G1+G2,2,82,ece_top_label_equal_width_10,0.0910376773940191,0.09103767739401919,8.326672684688674e-17,True
late_stage,cnn_bilstm_legacy_config_v2_refit,G1+G2,3,42,accuracy,0.8888888888888888,0.8888888888888888,0.0,True
late_stage,cnn_bilstm_legacy_config_v2_refit,G1+G2,3,42,macro_f1,0.8664684751641274,0.8664684751641274,0.0,True
late_stage,cnn_bilstm_legacy_config_v2_refit,G1+G2,3,42,weighted_f1,0.8856387841895089,0.8856387841895089,0.0,True
late_stage,cnn_bilstm_legacy_config_v2_refit,G1+G2,3,42,balanced_accuracy,0.8311688311688311,0.8311688311688311,0.0,True
late_stage,cnn_bilstm_legacy_config_v2_refit,G1+G2,3,42,quadratic_weighted_kappa,0.8691782853752595,0.8691782853752595,0.0,True
late_stage,cnn_bilstm_legacy_config_v2_refit,G1+G2,3,42,ordinal_mae,0.1111111111111111,0.1111111111111111,0.0,True
late_stage,cnn_bilstm_legacy_config_v2_refit,G1+G2,3,42,brier_score,0.1664702152192937,0.16647021521929375,5.551115123125783e-17,True
late_stage,cnn_bilstm_legacy_config_v2_refit,G1+G2,3,42,pr_auc_macro,0.9862619243564036,0.9862619243564036,0.0,True
late_stage,cnn_bilstm_legacy_config_v2_refit,G1+G2,3,42,ece_top_label_equal_width_10,0.0592099939073834,0.05920999390738349,9.020562075079397e-17,True
late_stage,cnn_bilstm_legacy_config_v2_refit,G1+G2,3,52,accuracy,0.6507936507936508,0.6507936507936508,0.0,True
late_stage,cnn_bilstm_legacy_config_v2_refit,G1+G2,3,52,macro_f1,0.4792047068370866,0.47920470683708666,5.551115123125783e-17,True
late_stage,cnn_bilstm_legacy_config_v2_refit,G1+G2,3,52,weighted_f1,0.5816112608565439,0.5816112608565439,0.0,True
late_stage,cnn_bilstm_legacy_config_v2_refit,G1+G2,3,52,balanced_accuracy,0.5483870967741935,0.5483870967741935,0.0,True
late_stage,cnn_bilstm_legacy_config_v2_refit,G1+G2,3,52,quadratic_weighted_kappa,0.5913915094339623,0.5913915094339623,0.0,True
late_stage,cnn_bilstm_legacy_config_v2_refit,G1+G2,3,52,ordinal_mae,0.3492063492063492,0.3492063492063492,0.0,True
late_stage,cnn_bilstm_legacy_config_v2_refit,G1+G2,3,52,brier_score,0.546285624760821,0.5462856247608209,1.1102230246251565e-16,True
late_stage,cnn_bilstm_legacy_config_v2_refit,G1+G2,3,52,pr_auc_macro,0.8291655336896923,0.8291655336896923,0.0,True
late_stage,cnn_bilstm_legacy_config_v2_refit,G1+G2,3,52,ece_top_label_equal_width_10,0.2136751602566431,0.21367516025664313,2.7755575615628914e-17,True
late_stage,cnn_bilstm_legacy_config_v2_refit,G1+G2,3,62,accuracy,0.8253968253968254,0.8253968253968254,0.0,True
late_stage,cnn_bilstm_legacy_config_v2_refit,G1+G2,3,62,macro_f1,0.816159985651511,0.816159985651511,0.0,True
late_stage,cnn_bilstm_legacy_config_v2_refit,G1+G2,3,62,weighted_f1,0.8218395958508954,0.8218395958508954,0.0,True
late_stage,cnn_bilstm_legacy_config_v2_refit,G1+G2,3,62,balanced_accuracy,0.8035190615835778,0.8035190615835778,0.0,True
late_stage,cnn_bilstm_legacy_config_v2_refit,G1+G2,3,62,quadratic_weighted_kappa,0.8176795580110497,0.8176795580110497,0.0,True
late_stage,cnn_bilstm_legacy_config_v2_refit,G1+G2,3,62,ordinal_mae,0.1746031746031746,0.1746031746031746,0.0,True
late_stage,cnn_bilstm_legacy_config_v2_refit,G1+G2,3,62,brier_score,0.2195925950960124,0.21959259509601248,8.326672684688674e-17,True
late_stage,cnn_bilstm_legacy_config_v2_refit,G1+G2,3,62,pr_auc_macro,0.9671770754266588,0.9671770754266588,0.0,True
late_stage,cnn_bilstm_legacy_config_v2_refit,G1+G2,3,62,ece_top_label_equal_width_10,0.084621666915833,0.08462166691583303,2.7755575615628914e-17,True
late_stage,cnn_bilstm_legacy_config_v2_refit,G1+G2,3,72,accuracy,0.7777777777777778,0.7777777777777778,0.0,True
late_stage,cnn_bilstm_legacy_config_v2_refit,G1+G2,3,72,macro_f1,0.7215565796210957,0.7215565796210957,0.0,True
late_stage,cnn_bilstm_legacy_config_v2_refit,G1+G2,3,72,weighted_f1,0.7597883597883598,0.7597883597883598,0.0,True
late_stage,cnn_bilstm_legacy_config_v2_refit,G1+G2,3,72,balanced_accuracy,0.7126099706744867,0.7126099706744867,0.0,True
late_stage,cnn_bilstm_legacy_config_v2_refit,G1+G2,3,72,quadratic_weighted_kappa,0.7516891891891893,0.7516891891891893,0.0,True
late_stage,cnn_bilstm_legacy_config_v2_refit,G1+G2,3,72,ordinal_mae,0.2222222222222222,0.2222222222222222,0.0,True
late_stage,cnn_bilstm_legacy_config_v2_refit,G1+G2,3,72,brier_score,0.2515720150015794,0.25157201500157944,5.551115123125783e-17,True
late_stage,cnn_bilstm_legacy_config_v2_refit,G1+G2,3,72,pr_auc_macro,0.9610475485675788,0.9610475485675788,0.0,True
late_stage,cnn_bilstm_legacy_config_v2_refit,G1+G2,3,72,ece_top_label_equal_width_10,0.1024856274090116,0.10248562740901161,1.3877787807814457e-17,True
late_stage,cnn_bilstm_legacy_config_v2_refit,G1+G2,3,82,accuracy,0.9206349206349206,0.9206349206349206,0.0,True
late_stage,cnn_bilstm_legacy_config_v2_refit,G1+G2,3,82,macro_f1,0.919226159904126,0.919226159904126,0.0,True
late_stage,cnn_bilstm_legacy_config_v2_refit,G1+G2,3,82,weighted_f1,0.920204465967178,0.9202044659671779,1.1102230246251565e-16,True
late_stage,cnn_bilstm_legacy_config_v2_refit,G1+G2,3,82,balanced_accuracy,0.9266862170087976,0.9266862170087977,1.1102230246251565e-16,True
late_stage,cnn_bilstm_legacy_config_v2_refit,G1+G2,3,82,quadratic_weighted_kappa,0.920474627619288,0.9204746276192881,1.1102230246251565e-16,True
late_stage,cnn_bilstm_legacy_config_v2_refit,G1+G2,3,82,ordinal_mae,0.0793650793650793,0.07936507936507936,5.551115123125783e-17,True
late_stage,cnn_bilstm_legacy_config_v2_refit,G1+G2,3,82,brier_score,0.1180393392524139,0.11803933925241397,6.938893903907228e-17,True
late_stage,cnn_bilstm_legacy_config_v2_refit,G1+G2,3,82,pr_auc_macro,0.9830191630838122,0.9830191630838122,0.0,True
late_stage,cnn_bilstm_legacy_config_v2_refit,G1+G2,3,82,ece_top_label_equal_width_10,0.1163781067681691,0.1163781067681691,0.0,True
late_stage,cnn_bilstm_legacy_config_v2_refit,G1+G2,4,42,accuracy,0.746031746031746,0.746031746031746,0.0,True
late_stage,cnn_bilstm_legacy_config_v2_refit,G1+G2,4,42,macro_f1,0.7333333333333334,0.7333333333333334,0.0,True
late_stage,cnn_bilstm_legacy_config_v2_refit,G1+G2,4,42,weighted_f1,0.7242630385487528,0.7242630385487528,0.0,True
late_stage,cnn_bilstm_legacy_config_v2_refit,G1+G2,4,42,balanced_accuracy,0.7569892473118279,0.7569892473118279,0.0,True
late_stage,cnn_bilstm_legacy_config_v2_refit,G1+G2,4,42,quadratic_weighted_kappa,0.724288840262582,0.724288840262582,0.0,True
late_stage,cnn_bilstm_legacy_config_v2_refit,G1+G2,4,42,ordinal_mae,0.2539682539682539,0.25396825396825395,5.551115123125783e-17,True
late_stage,cnn_bilstm_legacy_config_v2_refit,G1+G2,4,42,brier_score,0.3199415699957084,0.3199415699957084,0.0,True
late_stage,cnn_bilstm_legacy_config_v2_refit,G1+G2,4,42,pr_auc_macro,0.9154802635551864,0.9154802635551863,1.1102230246251565e-16,True
late_stage,cnn_bilstm_legacy_config_v2_refit,G1+G2,4,42,ece_top_label_equal_width_10,0.1081830901759011,0.10818309017590116,6.938893903907228e-17,True
late_stage,cnn_bilstm_legacy_config_v2_refit,G1+G2,4,52,accuracy,0.7777777777777778,0.7777777777777778,0.0,True
late_stage,cnn_bilstm_legacy_config_v2_refit,G1+G2,4,52,macro_f1,0.7362493715434892,0.7362493715434892,0.0,True
late_stage,cnn_bilstm_legacy_config_v2_refit,G1+G2,4,52,weighted_f1,0.766175872058225,0.766175872058225,0.0,True
late_stage,cnn_bilstm_legacy_config_v2_refit,G1+G2,4,52,balanced_accuracy,0.7066308243727598,0.7066308243727598,0.0,True
late_stage,cnn_bilstm_legacy_config_v2_refit,G1+G2,4,52,quadratic_weighted_kappa,0.7330508474576272,0.7330508474576272,0.0,True
late_stage,cnn_bilstm_legacy_config_v2_refit,G1+G2,4,52,ordinal_mae,0.2222222222222222,0.2222222222222222,0.0,True
late_stage,cnn_bilstm_legacy_config_v2_refit,G1+G2,4,52,brier_score,0.2949154184001481,0.2949154184001481,0.0,True
late_stage,cnn_bilstm_legacy_config_v2_refit,G1+G2,4,52,pr_auc_macro,0.925061391407434,0.9250613914074339,1.1102230246251565e-16,True
late_stage,cnn_bilstm_legacy_config_v2_refit,G1+G2,4,52,ece_top_label_equal_width_10,0.0716182844979422,0.07161828449794225,4.163336342344337e-17,True
late_stage,cnn_bilstm_legacy_config_v2_refit,G1+G2,4,62,accuracy,0.7619047619047619,0.7619047619047619,0.0,True
late_stage,cnn_bilstm_legacy_config_v2_refit,G1+G2,4,62,macro_f1,0.7252223293689061,0.7252223293689061,0.0,True
late_stage,cnn_bilstm_legacy_config_v2_refit,G1+G2,4,62,weighted_f1,0.7476593551810523,0.7476593551810523,0.0,True
late_stage,cnn_bilstm_legacy_config_v2_refit,G1+G2,4,62,balanced_accuracy,0.7195340501792115,0.7195340501792115,0.0,True
late_stage,cnn_bilstm_legacy_config_v2_refit,G1+G2,4,62,quadratic_weighted_kappa,0.7464448618191575,0.7464448618191575,0.0,True
late_stage,cnn_bilstm_legacy_config_v2_refit,G1+G2,4,62,ordinal_mae,0.238095238095238,0.23809523809523808,8.326672684688674e-17,True
late_stage,cnn_bilstm_legacy_config_v2_refit,G1+G2,4,62,brier_score,0.3083028703142903,0.3083028703142903,0.0,True
late_stage,cnn_bilstm_legacy_config_v2_refit,G1+G2,4,62,pr_auc_macro,0.934888296859171,0.934888296859171,0.0,True
late_stage,cnn_bilstm_legacy_config_v2_refit,G1+G2,4,62,ece_top_label_equal_width_10,0.09294712448877,0.09294712448877003,2.7755575615628914e-17,True
late_stage,cnn_bilstm_legacy_config_v2_refit,G1+G2,4,72,accuracy,0.7619047619047619,0.7619047619047619,0.0,True
late_stage,cnn_bilstm_legacy_config_v2_refit,G1+G2,4,72,macro_f1,0.7686274509803921,0.7686274509803921,0.0,True
late_stage,cnn_bilstm_legacy_config_v2_refit,G1+G2,4,72,weighted_f1,0.753688141923436,0.753688141923436,0.0,True
late_stage,cnn_bilstm_legacy_config_v2_refit,G1+G2,4,72,balanced_accuracy,0.8046594982078853,0.8046594982078853,0.0,True
late_stage,cnn_bilstm_legacy_config_v2_refit,G1+G2,4,72,quadratic_weighted_kappa,0.7877835167302942,0.7877835167302942,0.0,True
late_stage,cnn_bilstm_legacy_config_v2_refit,G1+G2,4,72,ordinal_mae,0.238095238095238,0.23809523809523808,8.326672684688674e-17,True
late_stage,cnn_bilstm_legacy_config_v2_refit,G1+G2,4,72,brier_score,0.3579542584360321,0.3579542584360321,0.0,True
late_stage,cnn_bilstm_legacy_config_v2_refit,G1+G2,4,72,pr_auc_macro,0.9224725411842016,0.9224725411842015,1.1102230246251565e-16,True
late_stage,cnn_bilstm_legacy_config_v2_refit,G1+G2,4,72,ece_top_label_equal_width_10,0.1416143008640834,0.1416143008640834,0.0,True
late_stage,cnn_bilstm_legacy_config_v2_refit,G1+G2,4,82,accuracy,0.8412698412698413,0.8412698412698413,0.0,True
late_stage,cnn_bilstm_legacy_config_v2_refit,G1+G2,4,82,macro_f1,0.8449735449735449,0.8449735449735449,0.0,True
late_stage,cnn_bilstm_legacy_config_v2_refit,G1+G2,4,82,weighted_f1,0.8413958175862939,0.8413958175862939,0.0,True
late_stage,cnn_bilstm_legacy_config_v2_refit,G1+G2,4,82,balanced_accuracy,0.8354838709677419,0.8354838709677419,0.0,True
late_stage,cnn_bilstm_legacy_config_v2_refit,G1+G2,4,82,quadratic_weighted_kappa,0.8385443362378268,0.8385443362378268,0.0,True
late_stage,cnn_bilstm_legacy_config_v2_refit,G1+G2,4,82,ordinal_mae,0.1587301587301587,0.15873015873015872,2.7755575615628914e-17,True
late_stage,cnn_bilstm_legacy_config_v2_refit,G1+G2,4,82,brier_score,0.2361567592368443,0.2361567592368444,1.1102230246251565e-16,True
late_stage,cnn_bilstm_legacy_config_v2_refit,G1+G2,4,82,pr_auc_macro,0.935215214267158,0.935215214267158,0.0,True
late_stage,cnn_bilstm_legacy_config_v2_refit,G1+G2,4,82,ece_top_label_equal_width_10,0.0778803115799313,0.07788031157993135,4.163336342344337e-17,True
late_stage,cnn_bilstm_v2_tuned,G1+G2,0,42,accuracy,0.859375,0.859375,0.0,True
late_stage,cnn_bilstm_v2_tuned,G1+G2,0,42,macro_f1,0.8757208579018986,0.8757208579018986,0.0,True
late_stage,cnn_bilstm_v2_tuned,G1+G2,0,42,weighted_f1,0.8607235712434393,0.8607235712434393,0.0,True
late_stage,cnn_bilstm_v2_tuned,G1+G2,0,42,balanced_accuracy,0.8708397337429595,0.8708397337429595,0.0,True
late_stage,cnn_bilstm_v2_tuned,G1+G2,0,42,quadratic_weighted_kappa,0.8585461689587426,0.8585461689587426,0.0,True
late_stage,cnn_bilstm_v2_tuned,G1+G2,0,42,ordinal_mae,0.140625,0.140625,0.0,True
late_stage,cnn_bilstm_v2_tuned,G1+G2,0,42,brier_score,0.2093090427515467,0.20930904275154666,2.7755575615628914e-17,True
late_stage,cnn_bilstm_v2_tuned,G1+G2,0,42,pr_auc_macro,0.9514371133292556,0.9514371133292556,0.0,True
late_stage,cnn_bilstm_v2_tuned,G1+G2,0,42,ece_top_label_equal_width_10,0.0267019215971231,0.026701921597123132,3.122502256758253e-17,True
late_stage,cnn_bilstm_v2_tuned,G1+G2,0,52,accuracy,0.84375,0.84375,0.0,True
late_stage,cnn_bilstm_v2_tuned,G1+G2,0,52,macro_f1,0.8632850241545894,0.8632850241545894,0.0,True
late_stage,cnn_bilstm_v2_tuned,G1+G2,0,52,weighted_f1,0.84549365942029,0.84549365942029,0.0,True
late_stage,cnn_bilstm_v2_tuned,G1+G2,0,52,balanced_accuracy,0.8600870455709164,0.8600870455709164,0.0,True
late_stage,cnn_bilstm_v2_tuned,G1+G2,0,52,quadratic_weighted_kappa,0.8445847498785819,0.8445847498785819,0.0,True
late_stage,cnn_bilstm_v2_tuned,G1+G2,0,52,ordinal_mae,0.15625,0.15625,0.0,True
late_stage,cnn_bilstm_v2_tuned,G1+G2,0,52,brier_score,0.2022706948907474,0.20227069489074745,5.551115123125783e-17,True
late_stage,cnn_bilstm_v2_tuned,G1+G2,0,52,pr_auc_macro,0.9519846755791664,0.9519846755791663,1.1102230246251565e-16,True
late_stage,cnn_bilstm_v2_tuned,G1+G2,0,52,ece_top_label_equal_width_10,0.0678250892087816,0.06782508920878169,9.71445146547012e-17,True
late_stage,cnn_bilstm_v2_tuned,G1+G2,0,62,accuracy,0.828125,0.828125,0.0,True
late_stage,cnn_bilstm_v2_tuned,G1+G2,0,62,macro_f1,0.847941108810674,0.847941108810674,0.0,True
late_stage,cnn_bilstm_v2_tuned,G1+G2,0,62,weighted_f1,0.8291494133885438,0.8291494133885438,0.0,True
late_stage,cnn_bilstm_v2_tuned,G1+G2,0,62,balanced_accuracy,0.8390937019969278,0.8390937019969278,0.0,True
late_stage,cnn_bilstm_v2_tuned,G1+G2,0,62,quadratic_weighted_kappa,0.8231155778894472,0.8231155778894472,0.0,True
late_stage,cnn_bilstm_v2_tuned,G1+G2,0,62,ordinal_mae,0.171875,0.171875,0.0,True
late_stage,cnn_bilstm_v2_tuned,G1+G2,0,62,brier_score,0.2058443078222619,0.20584430782226193,2.7755575615628914e-17,True
late_stage,cnn_bilstm_v2_tuned,G1+G2,0,62,pr_auc_macro,0.9504706985722824,0.9504706985722825,1.1102230246251565e-16,True
late_stage,cnn_bilstm_v2_tuned,G1+G2,0,62,ece_top_label_equal_width_10,0.0959759214892983,0.09597592148929836,5.551115123125783e-17,True
late_stage,cnn_bilstm_v2_tuned,G1+G2,0,72,accuracy,0.84375,0.84375,0.0,True
late_stage,cnn_bilstm_v2_tuned,G1+G2,0,72,macro_f1,0.8632850241545894,0.8632850241545894,0.0,True
late_stage,cnn_bilstm_v2_tuned,G1+G2,0,72,weighted_f1,0.84549365942029,0.84549365942029,0.0,True
late_stage,cnn_bilstm_v2_tuned,G1+G2,0,72,balanced_accuracy,0.8600870455709164,0.8600870455709164,0.0,True
late_stage,cnn_bilstm_v2_tuned,G1+G2,0,72,quadratic_weighted_kappa,0.8445847498785819,0.8445847498785819,0.0,True
late_stage,cnn_bilstm_v2_tuned,G1+G2,0,72,ordinal_mae,0.15625,0.15625,0.0,True
late_stage,cnn_bilstm_v2_tuned,G1+G2,0,72,brier_score,0.1982983934583297,0.19829839345832978,8.326672684688674e-17,True
late_stage,cnn_bilstm_v2_tuned,G1+G2,0,72,pr_auc_macro,0.9546592697131984,0.9546592697131984,0.0,True
late_stage,cnn_bilstm_v2_tuned,G1+G2,0,72,ece_top_label_equal_width_10,0.0607069972902536,0.060706997290253646,4.85722573273506e-17,True
late_stage,cnn_bilstm_v2_tuned,G1+G2,0,82,accuracy,0.84375,0.84375,0.0,True
late_stage,cnn_bilstm_v2_tuned,G1+G2,0,82,macro_f1,0.8602531813361612,0.8602531813361612,0.0,True
late_stage,cnn_bilstm_v2_tuned,G1+G2,0,82,weighted_f1,0.8441367933125663,0.8441367933125663,0.0,True
late_stage,cnn_bilstm_v2_tuned,G1+G2,0,82,balanced_accuracy,0.8498463901689708,0.8498463901689708,0.0,True
late_stage,cnn_bilstm_v2_tuned,G1+G2,0,82,quadratic_weighted_kappa,0.8373157092018302,0.8373157092018302,0.0,True
late_stage,cnn_bilstm_v2_tuned,G1+G2,0,82,ordinal_mae,0.15625,0.15625,0.0,True
late_stage,cnn_bilstm_v2_tuned,G1+G2,0,82,brier_score,0.2267577506257918,0.22675775062579187,8.326672684688674e-17,True
late_stage,cnn_bilstm_v2_tuned,G1+G2,0,82,pr_auc_macro,0.9394260209005068,0.9394260209005069,1.1102230246251565e-16,True
late_stage,cnn_bilstm_v2_tuned,G1+G2,0,82,ece_top_label_equal_width_10,0.0711071109399199,0.07110711093991996,6.938893903907228e-17,True
late_stage,cnn_bilstm_v2_tuned,G1+G2,1,42,accuracy,0.8095238095238095,0.8095238095238095,0.0,True
late_stage,cnn_bilstm_v2_tuned,G1+G2,1,42,macro_f1,0.7805555555555556,0.7805555555555556,0.0,True
late_stage,cnn_bilstm_v2_tuned,G1+G2,1,42,weighted_f1,0.7996031746031746,0.7996031746031746,0.0,True
late_stage,cnn_bilstm_v2_tuned,G1+G2,1,42,balanced_accuracy,0.7666666666666666,0.7666666666666666,0.0,True
late_stage,cnn_bilstm_v2_tuned,G1+G2,1,42,quadratic_weighted_kappa,0.8,0.8,0.0,True
late_stage,cnn_bilstm_v2_tuned,G1+G2,1,42,ordinal_mae,0.1904761904761904,0.19047619047619047,5.551115123125783e-17,True
late_stage,cnn_bilstm_v2_tuned,G1+G2,1,42,brier_score,0.3039787794382279,0.3039787794382278,5.551115123125783e-17,True
late_stage,cnn_bilstm_v2_tuned,G1+G2,1,42,pr_auc_macro,0.865926834747631,0.865926834747631,0.0,True
late_stage,cnn_bilstm_v2_tuned,G1+G2,1,42,ece_top_label_equal_width_10,0.0817664946828569,0.08176649468285693,2.7755575615628914e-17,True
late_stage,cnn_bilstm_v2_tuned,G1+G2,1,52,accuracy,0.8412698412698413,0.8412698412698413,0.0,True
late_stage,cnn_bilstm_v2_tuned,G1+G2,1,52,macro_f1,0.8412698412698413,0.8412698412698413,0.0,True
late_stage,cnn_bilstm_v2_tuned,G1+G2,1,52,weighted_f1,0.8412698412698413,0.8412698412698413,0.0,True
late_stage,cnn_bilstm_v2_tuned,G1+G2,1,52,balanced_accuracy,0.8412698412698413,0.8412698412698413,0.0,True
late_stage,cnn_bilstm_v2_tuned,G1+G2,1,52,quadratic_weighted_kappa,0.8423423423423424,0.8423423423423424,0.0,True
late_stage,cnn_bilstm_v2_tuned,G1+G2,1,52,ordinal_mae,0.1587301587301587,0.15873015873015872,2.7755575615628914e-17,True
late_stage,cnn_bilstm_v2_tuned,G1+G2,1,52,brier_score,0.2154776805793358,0.21547768057933583,2.7755575615628914e-17,True
late_stage,cnn_bilstm_v2_tuned,G1+G2,1,52,pr_auc_macro,0.9301524694449168,0.9301524694449168,0.0,True
late_stage,cnn_bilstm_v2_tuned,G1+G2,1,52,ece_top_label_equal_width_10,0.1015086107783847,0.10150861077838476,5.551115123125783e-17,True
late_stage,cnn_bilstm_v2_tuned,G1+G2,1,62,accuracy,0.8571428571428571,0.8571428571428571,0.0,True
late_stage,cnn_bilstm_v2_tuned,G1+G2,1,62,macro_f1,0.8562271062271063,0.8562271062271063,0.0,True
late_stage,cnn_bilstm_v2_tuned,G1+G2,1,62,weighted_f1,0.8568550497121926,0.8568550497121926,0.0,True
late_stage,cnn_bilstm_v2_tuned,G1+G2,1,62,balanced_accuracy,0.830952380952381,0.830952380952381,0.0,True
late_stage,cnn_bilstm_v2_tuned,G1+G2,1,62,quadratic_weighted_kappa,0.8452088452088452,0.8452088452088452,0.0,True
late_stage,cnn_bilstm_v2_tuned,G1+G2,1,62,ordinal_mae,0.1428571428571428,0.14285714285714285,5.551115123125783e-17,True
late_stage,cnn_bilstm_v2_tuned,G1+G2,1,62,brier_score,0.2141172469275006,0.21411724692750064,5.551115123125783e-17,True
late_stage,cnn_bilstm_v2_tuned,G1+G2,1,62,pr_auc_macro,0.9308539781917472,0.9308539781917472,0.0,True
late_stage,cnn_bilstm_v2_tuned,G1+G2,1,62,ece_top_label_equal_width_10,0.0512719390884278,0.05127193908842781,6.938893903907228e-18,True
late_stage,cnn_bilstm_v2_tuned,G1+G2,1,72,accuracy,0.8571428571428571,0.8571428571428571,0.0,True
late_stage,cnn_bilstm_v2_tuned,G1+G2,1,72,macro_f1,0.8562271062271063,0.8562271062271063,0.0,True
late_stage,cnn_bilstm_v2_tuned,G1+G2,1,72,weighted_f1,0.8568550497121926,0.8568550497121926,0.0,True
late_stage,cnn_bilstm_v2_tuned,G1+G2,1,72,balanced_accuracy,0.830952380952381,0.830952380952381,0.0,True
late_stage,cnn_bilstm_v2_tuned,G1+G2,1,72,quadratic_weighted_kappa,0.8452088452088452,0.8452088452088452,0.0,True
late_stage,cnn_bilstm_v2_tuned,G1+G2,1,72,ordinal_mae,0.1428571428571428,0.14285714285714285,5.551115123125783e-17,True
late_stage,cnn_bilstm_v2_tuned,G1+G2,1,72,brier_score,0.1912148356498726,0.19121483564987268,8.326672684688674e-17,True
late_stage,cnn_bilstm_v2_tuned,G1+G2,1,72,pr_auc_macro,0.9462017355988964,0.9462017355988964,0.0,True
late_stage,cnn_bilstm_v2_tuned,G1+G2,1,72,ece_top_label_equal_width_10,0.0860598759045676,0.08605987590456766,6.938893903907228e-17,True
late_stage,cnn_bilstm_v2_tuned,G1+G2,1,82,accuracy,0.7142857142857143,0.7142857142857143,0.0,True
late_stage,cnn_bilstm_v2_tuned,G1+G2,1,82,macro_f1,0.7070653829034601,0.7070653829034601,0.0,True
late_stage,cnn_bilstm_v2_tuned,G1+G2,1,82,weighted_f1,0.7062872938900769,0.7062872938900769,0.0,True
late_stage,cnn_bilstm_v2_tuned,G1+G2,1,82,balanced_accuracy,0.7142857142857143,0.7142857142857143,0.0,True
late_stage,cnn_bilstm_v2_tuned,G1+G2,1,82,quadratic_weighted_kappa,0.6971153846153846,0.6971153846153846,0.0,True
late_stage,cnn_bilstm_v2_tuned,G1+G2,1,82,ordinal_mae,0.2857142857142857,0.2857142857142857,0.0,True
late_stage,cnn_bilstm_v2_tuned,G1+G2,1,82,brier_score,0.3762027426973214,0.37620274269732146,5.551115123125783e-17,True
late_stage,cnn_bilstm_v2_tuned,G1+G2,1,82,pr_auc_macro,0.8972175792622039,0.8972175792622039,0.0,True
late_stage,cnn_bilstm_v2_tuned,G1+G2,1,82,ece_top_label_equal_width_10,0.1346304539650205,0.13463045396502055,5.551115123125783e-17,True
late_stage,cnn_bilstm_v2_tuned,G1+G2,2,42,accuracy,0.8412698412698413,0.8412698412698413,0.0,True
late_stage,cnn_bilstm_v2_tuned,G1+G2,2,42,macro_f1,0.846407499310725,0.846407499310725,0.0,True
late_stage,cnn_bilstm_v2_tuned,G1+G2,2,42,weighted_f1,0.8398534798534798,0.8398534798534798,0.0,True
late_stage,cnn_bilstm_v2_tuned,G1+G2,2,42,balanced_accuracy,0.8668714797747056,0.8668714797747056,0.0,True
late_stage,cnn_bilstm_v2_tuned,G1+G2,2,42,quadratic_weighted_kappa,0.840587044534413,0.840587044534413,0.0,True
late_stage,cnn_bilstm_v2_tuned,G1+G2,2,42,ordinal_mae,0.1587301587301587,0.15873015873015872,2.7755575615628914e-17,True
late_stage,cnn_bilstm_v2_tuned,G1+G2,2,42,brier_score,0.2314784119767211,0.23147841197672114,5.551115123125783e-17,True
late_stage,cnn_bilstm_v2_tuned,G1+G2,2,42,pr_auc_macro,0.940676161352484,0.9406761613524841,1.1102230246251565e-16,True
late_stage,cnn_bilstm_v2_tuned,G1+G2,2,42,ece_top_label_equal_width_10,0.0395633445845709,0.039563344584570996,9.71445146547012e-17,True
late_stage,cnn_bilstm_v2_tuned,G1+G2,2,52,accuracy,0.8571428571428571,0.8571428571428571,0.0,True
late_stage,cnn_bilstm_v2_tuned,G1+G2,2,52,macro_f1,0.8595520421607379,0.8595520421607379,0.0,True
late_stage,cnn_bilstm_v2_tuned,G1+G2,2,52,weighted_f1,0.8532781228433403,0.8532781228433403,0.0,True
late_stage,cnn_bilstm_v2_tuned,G1+G2,2,52,balanced_accuracy,0.8478331704138156,0.8478331704138156,0.0,True
late_stage,cnn_bilstm_v2_tuned,G1+G2,2,52,quadratic_weighted_kappa,0.8394222599830077,0.8394222599830077,0.0,True
late_stage,cnn_bilstm_v2_tuned,G1+G2,2,52,ordinal_mae,0.1428571428571428,0.14285714285714285,5.551115123125783e-17,True
late_stage,cnn_bilstm_v2_tuned,G1+G2,2,52,brier_score,0.2080253729961752,0.2080253729961752,0.0,True
late_stage,cnn_bilstm_v2_tuned,G1+G2,2,52,pr_auc_macro,0.946246490530999,0.946246490530999,0.0,True
late_stage,cnn_bilstm_v2_tuned,G1+G2,2,52,ece_top_label_equal_width_10,0.04293083576929,0.042930835769290035,3.469446951953614e-17,True
late_stage,cnn_bilstm_v2_tuned,G1+G2,2,62,accuracy,0.8571428571428571,0.8571428571428571,0.0,True
late_stage,cnn_bilstm_v2_tuned,G1+G2,2,62,macro_f1,0.8533471359558317,0.8533471359558317,0.0,True
late_stage,cnn_bilstm_v2_tuned,G1+G2,2,62,weighted_f1,0.8553189391698709,0.8553189391698709,0.0,True
late_stage,cnn_bilstm_v2_tuned,G1+G2,2,62,balanced_accuracy,0.8334031559838012,0.8334031559838012,0.0,True
late_stage,cnn_bilstm_v2_tuned,G1+G2,2,62,quadratic_weighted_kappa,0.8375823546261816,0.8375823546261816,0.0,True
late_stage,cnn_bilstm_v2_tuned,G1+G2,2,62,ordinal_mae,0.1428571428571428,0.14285714285714285,5.551115123125783e-17,True
late_stage,cnn_bilstm_v2_tuned,G1+G2,2,62,brier_score,0.2021668161452129,0.20216681614521295,5.551115123125783e-17,True
late_stage,cnn_bilstm_v2_tuned,G1+G2,2,62,pr_auc_macro,0.9564726795014916,0.9564726795014916,0.0,True
late_stage,cnn_bilstm_v2_tuned,G1+G2,2,62,ece_top_label_equal_width_10,0.0558161565235682,0.05581615652356828,7.632783294297951e-17,True
late_stage,cnn_bilstm_v2_tuned,G1+G2,2,72,accuracy,0.8095238095238095,0.8095238095238095,0.0,True
late_stage,cnn_bilstm_v2_tuned,G1+G2,2,72,macro_f1,0.787091157816192,0.787091157816192,0.0,True
late_stage,cnn_bilstm_v2_tuned,G1+G2,2,72,weighted_f1,0.8049164697591511,0.8049164697591511,0.0,True
late_stage,cnn_bilstm_v2_tuned,G1+G2,2,72,balanced_accuracy,0.7578550481776288,0.7578550481776288,0.0,True
late_stage,cnn_bilstm_v2_tuned,G1+G2,2,72,quadratic_weighted_kappa,0.7815028901734105,0.7815028901734105,0.0,True
late_stage,cnn_bilstm_v2_tuned,G1+G2,2,72,ordinal_mae,0.1904761904761904,0.19047619047619047,5.551115123125783e-17,True
late_stage,cnn_bilstm_v2_tuned,G1+G2,2,72,brier_score,0.2391079765595681,0.23910797655956811,2.7755575615628914e-17,True
late_stage,cnn_bilstm_v2_tuned,G1+G2,2,72,pr_auc_macro,0.9515642492369868,0.9515642492369868,0.0,True
late_stage,cnn_bilstm_v2_tuned,G1+G2,2,72,ece_top_label_equal_width_10,0.0568997311213659,0.05689973112136599,9.020562075079397e-17,True
late_stage,cnn_bilstm_v2_tuned,G1+G2,2,82,accuracy,0.8095238095238095,0.8095238095238095,0.0,True
late_stage,cnn_bilstm_v2_tuned,G1+G2,2,82,macro_f1,0.7993464052287583,0.7993464052287583,0.0,True
late_stage,cnn_bilstm_v2_tuned,G1+G2,2,82,weighted_f1,0.8046374105197633,0.8046374105197633,0.0,True
late_stage,cnn_bilstm_v2_tuned,G1+G2,2,82,balanced_accuracy,0.7713540939347391,0.7713540939347391,0.0,True
late_stage,cnn_bilstm_v2_tuned,G1+G2,2,82,quadratic_weighted_kappa,0.7724262492474413,0.7724262492474413,0.0,True
late_stage,cnn_bilstm_v2_tuned,G1+G2,2,82,ordinal_mae,0.1904761904761904,0.19047619047619047,5.551115123125783e-17,True
late_stage,cnn_bilstm_v2_tuned,G1+G2,2,82,brier_score,0.2761716685446867,0.2761716685446867,0.0,True
late_stage,cnn_bilstm_v2_tuned,G1+G2,2,82,pr_auc_macro,0.932058769078191,0.932058769078191,0.0,True
late_stage,cnn_bilstm_v2_tuned,G1+G2,2,82,ece_top_label_equal_width_10,0.1199194684861198,0.1199194684861198,0.0,True
late_stage,cnn_bilstm_v2_tuned,G1+G2,3,42,accuracy,0.8571428571428571,0.8571428571428571,0.0,True
late_stage,cnn_bilstm_v2_tuned,G1+G2,3,42,macro_f1,0.848255569567045,0.848255569567045,0.0,True
late_stage,cnn_bilstm_v2_tuned,G1+G2,3,42,weighted_f1,0.8614664024500089,0.8614664024500089,0.0,True
late_stage,cnn_bilstm_v2_tuned,G1+G2,3,42,balanced_accuracy,0.8683144812177069,0.8683144812177069,0.0,True
late_stage,cnn_bilstm_v2_tuned,G1+G2,3,42,quadratic_weighted_kappa,0.8594795539033457,0.8594795539033457,0.0,True
late_stage,cnn_bilstm_v2_tuned,G1+G2,3,42,ordinal_mae,0.1428571428571428,0.14285714285714285,5.551115123125783e-17,True
late_stage,cnn_bilstm_v2_tuned,G1+G2,3,42,brier_score,0.1962159470540999,0.1962159470540999,0.0,True
late_stage,cnn_bilstm_v2_tuned,G1+G2,3,42,pr_auc_macro,0.9624883811483644,0.9624883811483643,1.1102230246251565e-16,True
late_stage,cnn_bilstm_v2_tuned,G1+G2,3,42,ece_top_label_equal_width_10,0.1218797058340102,0.12187970583401028,8.326672684688674e-17,True
late_stage,cnn_bilstm_v2_tuned,G1+G2,3,52,accuracy,0.746031746031746,0.746031746031746,0.0,True
late_stage,cnn_bilstm_v2_tuned,G1+G2,3,52,macro_f1,0.6003125888036374,0.6003125888036374,0.0,True
late_stage,cnn_bilstm_v2_tuned,G1+G2,3,52,weighted_f1,0.6952394484363794,0.6952394484363794,0.0,True
late_stage,cnn_bilstm_v2_tuned,G1+G2,3,52,balanced_accuracy,0.627333240236466,0.627333240236466,0.0,True
late_stage,cnn_bilstm_v2_tuned,G1+G2,3,52,quadratic_weighted_kappa,0.6824196597353497,0.6824196597353497,0.0,True
late_stage,cnn_bilstm_v2_tuned,G1+G2,3,52,ordinal_mae,0.2539682539682539,0.25396825396825395,5.551115123125783e-17,True
late_stage,cnn_bilstm_v2_tuned,G1+G2,3,52,brier_score,0.3810681828396389,0.38106818283963895,5.551115123125783e-17,True
late_stage,cnn_bilstm_v2_tuned,G1+G2,3,52,pr_auc_macro,0.9317382963526264,0.9317382963526265,1.1102230246251565e-16,True
late_stage,cnn_bilstm_v2_tuned,G1+G2,3,52,ece_top_label_equal_width_10,0.1814657596368638,0.1814657596368638,0.0,True
late_stage,cnn_bilstm_v2_tuned,G1+G2,3,62,accuracy,0.8253968253968254,0.8253968253968254,0.0,True
late_stage,cnn_bilstm_v2_tuned,G1+G2,3,62,macro_f1,0.7594150459822101,0.7594150459822101,0.0,True
late_stage,cnn_bilstm_v2_tuned,G1+G2,3,62,weighted_f1,0.8074289447423775,0.8074289447423775,0.0,True
late_stage,cnn_bilstm_v2_tuned,G1+G2,3,62,balanced_accuracy,0.7397477074896429,0.7397477074896429,0.0,True
late_stage,cnn_bilstm_v2_tuned,G1+G2,3,62,quadratic_weighted_kappa,0.7923284387174109,0.7923284387174109,0.0,True
late_stage,cnn_bilstm_v2_tuned,G1+G2,3,62,ordinal_mae,0.1746031746031746,0.1746031746031746,0.0,True
late_stage,cnn_bilstm_v2_tuned,G1+G2,3,62,brier_score,0.2573565233255161,0.2573565233255161,0.0,True
late_stage,cnn_bilstm_v2_tuned,G1+G2,3,62,pr_auc_macro,0.955401104599707,0.955401104599707,0.0,True
late_stage,cnn_bilstm_v2_tuned,G1+G2,3,62,ece_top_label_equal_width_10,0.1371933884090846,0.13719338840908468,8.326672684688674e-17,True
late_stage,cnn_bilstm_v2_tuned,G1+G2,3,72,accuracy,0.7142857142857143,0.7142857142857143,0.0,True
late_stage,cnn_bilstm_v2_tuned,G1+G2,3,72,macro_f1,0.5751388888888889,0.5751388888888889,0.0,True
late_stage,cnn_bilstm_v2_tuned,G1+G2,3,72,weighted_f1,0.6627711640211641,0.6627711640211641,0.0,True
late_stage,cnn_bilstm_v2_tuned,G1+G2,3,72,balanced_accuracy,0.6109481915933529,0.6109481915933529,0.0,True
late_stage,cnn_bilstm_v2_tuned,G1+G2,3,72,quadratic_weighted_kappa,0.6610878661087867,0.6610878661087867,0.0,True
late_stage,cnn_bilstm_v2_tuned,G1+G2,3,72,ordinal_mae,0.2857142857142857,0.2857142857142857,0.0,True
late_stage,cnn_bilstm_v2_tuned,G1+G2,3,72,brier_score,0.4517887628923936,0.45178876289239356,5.551115123125783e-17,True
late_stage,cnn_bilstm_v2_tuned,G1+G2,3,72,pr_auc_macro,0.8397666439097939,0.8397666439097939,0.0,True
late_stage,cnn_bilstm_v2_tuned,G1+G2,3,72,ece_top_label_equal_width_10,0.1941343697290571,0.19413436972905718,8.326672684688674e-17,True
late_stage,cnn_bilstm_v2_tuned,G1+G2,3,82,accuracy,0.8888888888888888,0.8888888888888888,0.0,True
late_stage,cnn_bilstm_v2_tuned,G1+G2,3,82,macro_f1,0.8666666666666667,0.8666666666666667,0.0,True
late_stage,cnn_bilstm_v2_tuned,G1+G2,3,82,weighted_f1,0.8843033509700176,0.8843033509700176,0.0,True
late_stage,cnn_bilstm_v2_tuned,G1+G2,3,82,balanced_accuracy,0.8465298142717498,0.8465298142717498,0.0,True
late_stage,cnn_bilstm_v2_tuned,G1+G2,3,82,quadratic_weighted_kappa,0.8784789198126206,0.8784789198126206,0.0,True
late_stage,cnn_bilstm_v2_tuned,G1+G2,3,82,ordinal_mae,0.1111111111111111,0.1111111111111111,0.0,True
late_stage,cnn_bilstm_v2_tuned,G1+G2,3,82,brier_score,0.1904890876463151,0.19048908764631514,5.551115123125783e-17,True
late_stage,cnn_bilstm_v2_tuned,G1+G2,3,82,pr_auc_macro,0.963472561036416,0.9634725610364159,1.1102230246251565e-16,True
late_stage,cnn_bilstm_v2_tuned,G1+G2,3,82,ece_top_label_equal_width_10,0.0945748156971401,0.09457481569714013,2.7755575615628914e-17,True
late_stage,cnn_bilstm_v2_tuned,G1+G2,4,42,accuracy,0.7777777777777778,0.7777777777777778,0.0,True
late_stage,cnn_bilstm_v2_tuned,G1+G2,4,42,macro_f1,0.7759734093067427,0.7759734093067427,0.0,True
late_stage,cnn_bilstm_v2_tuned,G1+G2,4,42,weighted_f1,0.7788224121557454,0.7788224121557454,0.0,True
late_stage,cnn_bilstm_v2_tuned,G1+G2,4,42,balanced_accuracy,0.7917562724014338,0.7917562724014338,0.0,True
late_stage,cnn_bilstm_v2_tuned,G1+G2,4,42,quadratic_weighted_kappa,0.7845627747923791,0.7845627747923791,0.0,True
late_stage,cnn_bilstm_v2_tuned,G1+G2,4,42,ordinal_mae,0.2222222222222222,0.2222222222222222,0.0,True
late_stage,cnn_bilstm_v2_tuned,G1+G2,4,42,brier_score,0.3013883896307565,0.3013883896307564,5.551115123125783e-17,True
late_stage,cnn_bilstm_v2_tuned,G1+G2,4,42,pr_auc_macro,0.9082812813004568,0.9082812813004568,0.0,True
late_stage,cnn_bilstm_v2_tuned,G1+G2,4,42,ece_top_label_equal_width_10,0.1123600469695197,0.11236004696951975,4.163336342344337e-17,True
late_stage,cnn_bilstm_v2_tuned,G1+G2,4,52,accuracy,0.8095238095238095,0.8095238095238095,0.0,True
late_stage,cnn_bilstm_v2_tuned,G1+G2,4,52,macro_f1,0.8137341585617448,0.8137341585617448,0.0,True
late_stage,cnn_bilstm_v2_tuned,G1+G2,4,52,weighted_f1,0.8083729807867739,0.8083729807867739,0.0,True
late_stage,cnn_bilstm_v2_tuned,G1+G2,4,52,balanced_accuracy,0.8473118279569892,0.8473118279569892,0.0,True
late_stage,cnn_bilstm_v2_tuned,G1+G2,4,52,quadratic_weighted_kappa,0.8222013170272813,0.8222013170272813,0.0,True
late_stage,cnn_bilstm_v2_tuned,G1+G2,4,52,ordinal_mae,0.1904761904761904,0.19047619047619047,5.551115123125783e-17,True
late_stage,cnn_bilstm_v2_tuned,G1+G2,4,52,brier_score,0.2802499752513163,0.28024997525131634,5.551115123125783e-17,True
late_stage,cnn_bilstm_v2_tuned,G1+G2,4,52,pr_auc_macro,0.9109134005306004,0.9109134005306005,1.1102230246251565e-16,True
late_stage,cnn_bilstm_v2_tuned,G1+G2,4,52,ece_top_label_equal_width_10,0.1034926289603823,0.10349262896038237,6.938893903907228e-17,True
late_stage,cnn_bilstm_v2_tuned,G1+G2,4,62,accuracy,0.6984126984126984,0.6984126984126984,0.0,True
late_stage,cnn_bilstm_v2_tuned,G1+G2,4,62,macro_f1,0.706012506012506,0.706012506012506,0.0,True
late_stage,cnn_bilstm_v2_tuned,G1+G2,4,62,weighted_f1,0.6996037472227948,0.6996037472227948,0.0,True
late_stage,cnn_bilstm_v2_tuned,G1+G2,4,62,balanced_accuracy,0.7602150537634409,0.7602150537634409,0.0,True
late_stage,cnn_bilstm_v2_tuned,G1+G2,4,62,quadratic_weighted_kappa,0.7389312977099236,0.7389312977099236,0.0,True
late_stage,cnn_bilstm_v2_tuned,G1+G2,4,62,ordinal_mae,0.3015873015873015,0.30158730158730157,5.551115123125783e-17,True
late_stage,cnn_bilstm_v2_tuned,G1+G2,4,62,brier_score,0.3497192536156355,0.3497192536156355,0.0,True
late_stage,cnn_bilstm_v2_tuned,G1+G2,4,62,pr_auc_macro,0.8856620684337896,0.8856620684337896,0.0,True
late_stage,cnn_bilstm_v2_tuned,G1+G2,4,62,ece_top_label_equal_width_10,0.1801810718718029,0.1801810718718029,0.0,True
late_stage,cnn_bilstm_v2_tuned,G1+G2,4,72,accuracy,0.7619047619047619,0.7619047619047619,0.0,True
late_stage,cnn_bilstm_v2_tuned,G1+G2,4,72,macro_f1,0.7601870822209805,0.7601870822209805,0.0,True
late_stage,cnn_bilstm_v2_tuned,G1+G2,4,72,weighted_f1,0.7634972864997077,0.7634972864997077,0.0,True
late_stage,cnn_bilstm_v2_tuned,G1+G2,4,72,balanced_accuracy,0.7810035842293908,0.7810035842293908,0.0,True
late_stage,cnn_bilstm_v2_tuned,G1+G2,4,72,quadratic_weighted_kappa,0.7735442127965493,0.7735442127965493,0.0,True
late_stage,cnn_bilstm_v2_tuned,G1+G2,4,72,ordinal_mae,0.238095238095238,0.23809523809523808,8.326672684688674e-17,True
late_stage,cnn_bilstm_v2_tuned,G1+G2,4,72,brier_score,0.3598089741824481,0.35980897418244817,5.551115123125783e-17,True
late_stage,cnn_bilstm_v2_tuned,G1+G2,4,72,pr_auc_macro,0.9066199248984632,0.9066199248984633,1.1102230246251565e-16,True
late_stage,cnn_bilstm_v2_tuned,G1+G2,4,72,ece_top_label_equal_width_10,0.2008034974809676,0.20080349748096762,2.7755575615628914e-17,True
late_stage,cnn_bilstm_v2_tuned,G1+G2,4,82,accuracy,0.7619047619047619,0.7619047619047619,0.0,True
late_stage,cnn_bilstm_v2_tuned,G1+G2,4,82,macro_f1,0.7563255152807392,0.7563255152807392,0.0,True
late_stage,cnn_bilstm_v2_tuned,G1+G2,4,82,weighted_f1,0.7605848309473043,0.7605848309473043,0.0,True
late_stage,cnn_bilstm_v2_tuned,G1+G2,4,82,balanced_accuracy,0.7462365591397849,0.7462365591397849,0.0,True
late_stage,cnn_bilstm_v2_tuned,G1+G2,4,82,quadratic_weighted_kappa,0.7424366312346689,0.7424366312346689,0.0,True
late_stage,cnn_bilstm_v2_tuned,G1+G2,4,82,ordinal_mae,0.238095238095238,0.23809523809523808,8.326672684688674e-17,True
late_stage,cnn_bilstm_v2_tuned,G1+G2,4,82,brier_score,0.3059558689780854,0.3059558689780854,0.0,True
late_stage,cnn_bilstm_v2_tuned,G1+G2,4,82,pr_auc_macro,0.912896803057306,0.9128968030573059,1.1102230246251565e-16,True
late_stage,cnn_bilstm_v2_tuned,G1+G2,4,82,ece_top_label_equal_width_10,0.1503210261700645,0.15032102617006454,5.551115123125783e-17,True
late_stage,cnn_only,G1+G2,0,42,accuracy,0.71875,0.71875,0.0,True
late_stage,cnn_only,G1+G2,0,42,macro_f1,0.6156984532943612,0.6156984532943612,0.0,True
late_stage,cnn_only,G1+G2,0,42,weighted_f1,0.6807892994154184,0.6807892994154184,0.0,True
late_stage,cnn_only,G1+G2,0,42,balanced_accuracy,0.6259600614439325,0.6259600614439325,0.0,True
late_stage,cnn_only,G1+G2,0,42,quadratic_weighted_kappa,0.6637478108581436,0.6637478108581436,0.0,True
late_stage,cnn_only,G1+G2,0,42,ordinal_mae,0.28125,0.28125,0.0,True
late_stage,cnn_only,G1+G2,0,42,brier_score,0.3280078717851739,0.3280078717851739,0.0,True
late_stage,cnn_only,G1+G2,0,42,pr_auc_macro,0.9167127319017614,0.9167127319017614,0.0,True
late_stage,cnn_only,G1+G2,0,42,ece_top_label_equal_width_10,0.1674368549138307,0.16743685491383078,8.326672684688674e-17,True
late_stage,cnn_only,G1+G2,0,52,accuracy,0.828125,0.828125,0.0,True
late_stage,cnn_only,G1+G2,0,52,macro_f1,0.8417284696354463,0.8417284696354463,0.0,True
late_stage,cnn_only,G1+G2,0,52,weighted_f1,0.8297038071747374,0.8297038071747374,0.0,True
late_stage,cnn_only,G1+G2,0,52,balanced_accuracy,0.8271889400921659,0.8271889400921659,0.0,True
late_stage,cnn_only,G1+G2,0,52,quadratic_weighted_kappa,0.821501014198783,0.821501014198783,0.0,True
late_stage,cnn_only,G1+G2,0,52,ordinal_mae,0.171875,0.171875,0.0,True
late_stage,cnn_only,G1+G2,0,52,brier_score,0.2871144425412688,0.28711444254126883,5.551115123125783e-17,True
late_stage,cnn_only,G1+G2,0,52,pr_auc_macro,0.9315105318364222,0.9315105318364222,0.0,True
late_stage,cnn_only,G1+G2,0,52,ece_top_label_equal_width_10,0.1485503176227212,0.1485503176227212,0.0,True
late_stage,cnn_only,G1+G2,0,62,accuracy,0.84375,0.84375,0.0,True
late_stage,cnn_only,G1+G2,0,62,macro_f1,0.8566701497735981,0.8566701497735981,0.0,True
late_stage,cnn_only,G1+G2,0,62,weighted_f1,0.8447541144200627,0.8447541144200627,0.0,True
late_stage,cnn_only,G1+G2,0,62,balanced_accuracy,0.8533026113671275,0.8533026113671275,0.0,True
late_stage,cnn_only,G1+G2,0,62,quadratic_weighted_kappa,0.8466698610445615,0.8466698610445615,0.0,True
late_stage,cnn_only,G1+G2,0,62,ordinal_mae,0.15625,0.15625,0.0,True
late_stage,cnn_only,G1+G2,0,62,brier_score,0.297135336691652,0.29713533669165204,5.551115123125783e-17,True
late_stage,cnn_only,G1+G2,0,62,pr_auc_macro,0.9448713946380284,0.9448713946380284,0.0,True
late_stage,cnn_only,G1+G2,0,62,ece_top_label_equal_width_10,0.184935106895864,0.184935106895864,0.0,True
late_stage,cnn_only,G1+G2,0,72,accuracy,0.8125,0.8125,0.0,True
late_stage,cnn_only,G1+G2,0,72,macro_f1,0.8221909453436548,0.8221909453436548,0.0,True
late_stage,cnn_only,G1+G2,0,72,weighted_f1,0.8127309113300493,0.8127309113300493,0.0,True
late_stage,cnn_only,G1+G2,0,72,balanced_accuracy,0.8147721454173067,0.8147721454173067,0.0,True
late_stage,cnn_only,G1+G2,0,72,quadratic_weighted_kappa,0.8144030932817786,0.8144030932817786,0.0,True
late_stage,cnn_only,G1+G2,0,72,ordinal_mae,0.1875,0.1875,0.0,True
late_stage,cnn_only,G1+G2,0,72,brier_score,0.3737588721956046,0.37375887219560466,5.551115123125783e-17,True
late_stage,cnn_only,G1+G2,0,72,pr_auc_macro,0.90694003958439,0.90694003958439,0.0,True
late_stage,cnn_only,G1+G2,0,72,ece_top_label_equal_width_10,0.2595017394050956,0.2595017394050956,0.0,True
late_stage,cnn_only,G1+G2,0,82,accuracy,0.84375,0.84375,0.0,True
late_stage,cnn_only,G1+G2,0,82,macro_f1,0.8602531813361612,0.8602531813361612,0.0,True
late_stage,cnn_only,G1+G2,0,82,weighted_f1,0.8441367933125663,0.8441367933125663,0.0,True
late_stage,cnn_only,G1+G2,0,82,balanced_accuracy,0.8498463901689708,0.8498463901689708,0.0,True
late_stage,cnn_only,G1+G2,0,82,quadratic_weighted_kappa,0.8373157092018302,0.8373157092018302,0.0,True
late_stage,cnn_only,G1+G2,0,82,ordinal_mae,0.15625,0.15625,0.0,True
late_stage,cnn_only,G1+G2,0,82,brier_score,0.2561813616173249,0.25618136161732497,5.551115123125783e-17,True
late_stage,cnn_only,G1+G2,0,82,pr_auc_macro,0.9366299873771116,0.9366299873771115,1.1102230246251565e-16,True
late_stage,cnn_only,G1+G2,0,82,ece_top_label_equal_width_10,0.0996406115591526,0.09964061155915264,4.163336342344337e-17,True
late_stage,cnn_only,G1+G2,1,42,accuracy,0.8253968253968254,0.8253968253968254,0.0,True
late_stage,cnn_only,G1+G2,1,42,macro_f1,0.8235673930589185,0.8235673930589185,0.0,True
late_stage,cnn_only,G1+G2,1,42,weighted_f1,0.8255044390637613,0.8255044390637613,0.0,True
late_stage,cnn_only,G1+G2,1,42,balanced_accuracy,0.8301587301587302,0.8301587301587302,0.0,True
late_stage,cnn_only,G1+G2,1,42,quadratic_weighted_kappa,0.8300220750551877,0.8300220750551877,0.0,True
late_stage,cnn_only,G1+G2,1,42,ordinal_mae,0.1746031746031746,0.1746031746031746,0.0,True
late_stage,cnn_only,G1+G2,1,42,brier_score,0.3127593860685876,0.31275938606858766,5.551115123125783e-17,True
late_stage,cnn_only,G1+G2,1,42,pr_auc_macro,0.9060494023421836,0.9060494023421835,1.1102230246251565e-16,True
late_stage,cnn_only,G1+G2,1,42,ece_top_label_equal_width_10,0.2018894283544449,0.20188942835444493,2.7755575615628914e-17,True
late_stage,cnn_only,G1+G2,1,52,accuracy,0.7301587301587301,0.7301587301587301,0.0,True
late_stage,cnn_only,G1+G2,1,52,macro_f1,0.716676195921479,0.716676195921479,0.0,True
late_stage,cnn_only,G1+G2,1,52,weighted_f1,0.7201393993846824,0.7201393993846824,0.0,True
late_stage,cnn_only,G1+G2,1,52,balanced_accuracy,0.7111111111111111,0.7111111111111111,0.0,True
late_stage,cnn_only,G1+G2,1,52,quadratic_weighted_kappa,0.7325842696629213,0.7325842696629213,0.0,True
late_stage,cnn_only,G1+G2,1,52,ordinal_mae,0.2698412698412698,0.2698412698412698,0.0,True
late_stage,cnn_only,G1+G2,1,52,brier_score,0.3517106290913106,0.3517106290913106,0.0,True
late_stage,cnn_only,G1+G2,1,52,pr_auc_macro,0.8566073192906319,0.8566073192906319,0.0,True
late_stage,cnn_only,G1+G2,1,52,ece_top_label_equal_width_10,0.1827520628770192,0.18275206287701926,5.551115123125783e-17,True
late_stage,cnn_only,G1+G2,1,62,accuracy,0.7777777777777778,0.7777777777777778,0.0,True
late_stage,cnn_only,G1+G2,1,62,macro_f1,0.7553661616161617,0.7553661616161617,0.0,True
late_stage,cnn_only,G1+G2,1,62,weighted_f1,0.7717352092352093,0.7717352092352093,0.0,True
late_stage,cnn_only,G1+G2,1,62,balanced_accuracy,0.7301587301587302,0.7301587301587302,0.0,True
late_stage,cnn_only,G1+G2,1,62,quadratic_weighted_kappa,0.755,0.755,0.0,True
late_stage,cnn_only,G1+G2,1,62,ordinal_mae,0.2222222222222222,0.2222222222222222,0.0,True
late_stage,cnn_only,G1+G2,1,62,brier_score,0.4479302569158672,0.4479302569158671,1.1102230246251565e-16,True
late_stage,cnn_only,G1+G2,1,62,pr_auc_macro,0.854806778391202,0.854806778391202,0.0,True
late_stage,cnn_only,G1+G2,1,62,ece_top_label_equal_width_10,0.2839517134522635,0.2839517134522635,0.0,True
late_stage,cnn_only,G1+G2,1,72,accuracy,0.7301587301587301,0.7301587301587301,0.0,True
late_stage,cnn_only,G1+G2,1,72,macro_f1,0.716676195921479,0.716676195921479,0.0,True
late_stage,cnn_only,G1+G2,1,72,weighted_f1,0.7201393993846824,0.7201393993846824,0.0,True
late_stage,cnn_only,G1+G2,1,72,balanced_accuracy,0.7111111111111111,0.7111111111111111,0.0,True
late_stage,cnn_only,G1+G2,1,72,quadratic_weighted_kappa,0.7325842696629213,0.7325842696629213,0.0,True
late_stage,cnn_only,G1+G2,1,72,ordinal_mae,0.2698412698412698,0.2698412698412698,0.0,True
late_stage,cnn_only,G1+G2,1,72,brier_score,0.3324778208971567,0.3324778208971567,0.0,True
late_stage,cnn_only,G1+G2,1,72,pr_auc_macro,0.8671339442847018,0.8671339442847018,0.0,True
late_stage,cnn_only,G1+G2,1,72,ece_top_label_equal_width_10,0.0864268806245591,0.08642688062455917,6.938893903907228e-17,True
late_stage,cnn_only,G1+G2,1,82,accuracy,0.7936507936507936,0.7936507936507936,0.0,True
late_stage,cnn_only,G1+G2,1,82,macro_f1,0.7987382987382987,0.7987382987382987,0.0,True
late_stage,cnn_only,G1+G2,1,82,weighted_f1,0.7930693644979359,0.7930693644979359,0.0,True
late_stage,cnn_only,G1+G2,1,82,balanced_accuracy,0.7936507936507936,0.7936507936507936,0.0,True
late_stage,cnn_only,G1+G2,1,82,quadratic_weighted_kappa,0.7878787878787878,0.7878787878787878,0.0,True
late_stage,cnn_only,G1+G2,1,82,ordinal_mae,0.2063492063492063,0.20634920634920634,2.7755575615628914e-17,True
late_stage,cnn_only,G1+G2,1,82,brier_score,0.3015700897177565,0.3015700897177565,0.0,True
late_stage,cnn_only,G1+G2,1,82,pr_auc_macro,0.8928203177067764,0.8928203177067764,0.0,True
late_stage,cnn_only,G1+G2,1,82,ece_top_label_equal_width_10,0.1055339792418101,0.10553397924181011,1.3877787807814457e-17,True
late_stage,cnn_only,G1+G2,2,42,accuracy,0.7301587301587301,0.7301587301587301,0.0,True
late_stage,cnn_only,G1+G2,2,42,macro_f1,0.7318982590392054,0.7318982590392054,0.0,True
late_stage,cnn_only,G1+G2,2,42,weighted_f1,0.7337449346034907,0.7337449346034907,0.0,True
late_stage,cnn_only,G1+G2,2,42,balanced_accuracy,0.7762416794674859,0.7762416794674859,0.0,True
late_stage,cnn_only,G1+G2,2,42,quadratic_weighted_kappa,0.747107438016529,0.747107438016529,0.0,True
late_stage,cnn_only,G1+G2,2,42,ordinal_mae,0.2698412698412698,0.2698412698412698,0.0,True
late_stage,cnn_only,G1+G2,2,42,brier_score,0.3606561236432422,0.36065612364324223,5.551115123125783e-17,True
late_stage,cnn_only,G1+G2,2,42,pr_auc_macro,0.8776101400281292,0.8776101400281292,0.0,True
late_stage,cnn_only,G1+G2,2,42,ece_top_label_equal_width_10,0.0399743195564027,0.03997431955640276,5.551115123125783e-17,True
late_stage,cnn_only,G1+G2,2,52,accuracy,0.6825396825396826,0.6825396825396826,0.0,True
late_stage,cnn_only,G1+G2,2,52,macro_f1,0.688156288156288,0.688156288156288,0.0,True
late_stage,cnn_only,G1+G2,2,52,weighted_f1,0.6860631432060003,0.6860631432060003,0.0,True
late_stage,cnn_only,G1+G2,2,52,balanced_accuracy,0.7593445980542755,0.7593445980542755,0.0,True
late_stage,cnn_only,G1+G2,2,52,quadratic_weighted_kappa,0.7365119196988708,0.7365119196988708,0.0,True
late_stage,cnn_only,G1+G2,2,52,ordinal_mae,0.3174603174603174,0.31746031746031744,5.551115123125783e-17,True
late_stage,cnn_only,G1+G2,2,52,brier_score,0.4038292098370176,0.4038292098370176,0.0,True
late_stage,cnn_only,G1+G2,2,52,pr_auc_macro,0.8900663720298877,0.8900663720298877,0.0,True
late_stage,cnn_only,G1+G2,2,52,ece_top_label_equal_width_10,0.117781640991332,0.11778164099133202,2.7755575615628914e-17,True
late_stage,cnn_only,G1+G2,2,62,accuracy,0.7142857142857143,0.7142857142857143,0.0,True
late_stage,cnn_only,G1+G2,2,62,macro_f1,0.5744744744744745,0.5744744744744745,0.0,True
late_stage,cnn_only,G1+G2,2,62,weighted_f1,0.6681395681395682,0.6681395681395682,0.0,True
late_stage,cnn_only,G1+G2,2,62,balanced_accuracy,0.5853465530884886,0.5853465530884886,0.0,True
late_stage,cnn_only,G1+G2,2,62,quadratic_weighted_kappa,0.6111111111111112,0.6111111111111112,0.0,True
late_stage,cnn_only,G1+G2,2,62,ordinal_mae,0.2857142857142857,0.2857142857142857,0.0,True
late_stage,cnn_only,G1+G2,2,62,brier_score,0.4390591694526456,0.43905916945264567,5.551115123125783e-17,True
late_stage,cnn_only,G1+G2,2,62,pr_auc_macro,0.8555113532321356,0.8555113532321356,0.0,True
late_stage,cnn_only,G1+G2,2,62,ece_top_label_equal_width_10,0.2042664521270327,0.20426645212703276,5.551115123125783e-17,True
late_stage,cnn_only,G1+G2,2,72,accuracy,0.8253968253968254,0.8253968253968254,0.0,True
late_stage,cnn_only,G1+G2,2,72,macro_f1,0.8383251797885944,0.8383251797885944,0.0,True
late_stage,cnn_only,G1+G2,2,72,weighted_f1,0.8250404045990573,0.8250404045990573,0.0,True
late_stage,cnn_only,G1+G2,2,72,balanced_accuracy,0.8365684494716753,0.8365684494716753,0.0,True
late_stage,cnn_only,G1+G2,2,72,quadratic_weighted_kappa,0.817102137767221,0.817102137767221,0.0,True
late_stage,cnn_only,G1+G2,2,72,ordinal_mae,0.1746031746031746,0.1746031746031746,0.0,True
late_stage,cnn_only,G1+G2,2,72,brier_score,0.2915357948899181,0.29153579488991804,5.551115123125783e-17,True
late_stage,cnn_only,G1+G2,2,72,pr_auc_macro,0.938512072818996,0.9385120728189961,1.1102230246251565e-16,True
late_stage,cnn_only,G1+G2,2,72,ece_top_label_equal_width_10,0.1712610948653448,0.1712610948653448,0.0,True
late_stage,cnn_only,G1+G2,2,82,accuracy,0.8412698412698413,0.8412698412698413,0.0,True
late_stage,cnn_only,G1+G2,2,82,macro_f1,0.8447712418300654,0.8447712418300654,0.0,True
late_stage,cnn_only,G1+G2,2,82,weighted_f1,0.8346560846560845,0.8346560846560845,0.0,True
late_stage,cnn_only,G1+G2,2,82,balanced_accuracy,0.851510496671787,0.851510496671787,0.0,True
late_stage,cnn_only,G1+G2,2,82,quadratic_weighted_kappa,0.8275862068965517,0.8275862068965517,0.0,True
late_stage,cnn_only,G1+G2,2,82,ordinal_mae,0.1587301587301587,0.15873015873015872,2.7755575615628914e-17,True
late_stage,cnn_only,G1+G2,2,82,brier_score,0.3154808483944808,0.3154808483944808,0.0,True
late_stage,cnn_only,G1+G2,2,82,pr_auc_macro,0.901874580700424,0.9018745807004241,1.1102230246251565e-16,True
late_stage,cnn_only,G1+G2,2,82,ece_top_label_equal_width_10,0.1150084071689182,0.1150084071689182,0.0,True
late_stage,cnn_only,G1+G2,3,42,accuracy,0.7777777777777778,0.7777777777777778,0.0,True
late_stage,cnn_only,G1+G2,3,42,macro_f1,0.6252525252525253,0.6252525252525253,0.0,True
late_stage,cnn_only,G1+G2,3,42,weighted_f1,0.7257816257816259,0.7257816257816259,0.0,True
late_stage,cnn_only,G1+G2,3,42,balanced_accuracy,0.648838616580552,0.648838616580552,0.0,True
late_stage,cnn_only,G1+G2,3,42,quadratic_weighted_kappa,0.7143782383419689,0.7143782383419689,0.0,True
late_stage,cnn_only,G1+G2,3,42,ordinal_mae,0.2222222222222222,0.2222222222222222,0.0,True
late_stage,cnn_only,G1+G2,3,42,brier_score,0.294443845034838,0.29444384503483806,5.551115123125783e-17,True
late_stage,cnn_only,G1+G2,3,42,pr_auc_macro,0.9509019506341302,0.9509019506341302,0.0,True
late_stage,cnn_only,G1+G2,3,42,ece_top_label_equal_width_10,0.1643849062541174,0.16438490625411742,2.7755575615628914e-17,True
late_stage,cnn_only,G1+G2,3,52,accuracy,0.8571428571428571,0.8571428571428571,0.0,True
late_stage,cnn_only,G1+G2,3,52,macro_f1,0.8580552338842685,0.8580552338842685,0.0,True
late_stage,cnn_only,G1+G2,3,52,weighted_f1,0.8565178957851871,0.8565178957851871,0.0,True
late_stage,cnn_only,G1+G2,3,52,balanced_accuracy,0.8590047944886655,0.8590047944886655,0.0,True
late_stage,cnn_only,G1+G2,3,52,quadratic_weighted_kappa,0.8553940321346596,0.8553940321346596,0.0,True
late_stage,cnn_only,G1+G2,3,52,ordinal_mae,0.1428571428571428,0.14285714285714285,5.551115123125783e-17,True
late_stage,cnn_only,G1+G2,3,52,brier_score,0.2463624296854856,0.24636242968548558,2.7755575615628914e-17,True
late_stage,cnn_only,G1+G2,3,52,pr_auc_macro,0.9638665173081816,0.9638665173081815,1.1102230246251565e-16,True
late_stage,cnn_only,G1+G2,3,52,ece_top_label_equal_width_10,0.1596183313263787,0.15961833132637873,2.7755575615628914e-17,True
late_stage,cnn_only,G1+G2,3,62,accuracy,0.7301587301587301,0.7301587301587301,0.0,True
late_stage,cnn_only,G1+G2,3,62,macro_f1,0.5410628019323672,0.5410628019323672,0.0,True
late_stage,cnn_only,G1+G2,3,62,weighted_f1,0.6606855302507476,0.6606855302507476,0.0,True
late_stage,cnn_only,G1+G2,3,62,balanced_accuracy,0.5970302099334357,0.5970302099334357,0.0,True
late_stage,cnn_only,G1+G2,3,62,quadratic_weighted_kappa,0.6535101908767389,0.6535101908767389,0.0,True
late_stage,cnn_only,G1+G2,3,62,ordinal_mae,0.2698412698412698,0.2698412698412698,0.0,True
late_stage,cnn_only,G1+G2,3,62,brier_score,0.4142568880380476,0.4142568880380476,0.0,True
late_stage,cnn_only,G1+G2,3,62,pr_auc_macro,0.8722961017480859,0.8722961017480859,0.0,True
late_stage,cnn_only,G1+G2,3,62,ece_top_label_equal_width_10,0.2067794828187851,0.20677948281878517,5.551115123125783e-17,True
late_stage,cnn_only,G1+G2,3,72,accuracy,0.7777777777777778,0.7777777777777778,0.0,True
late_stage,cnn_only,G1+G2,3,72,macro_f1,0.7215565796210957,0.7215565796210957,0.0,True
late_stage,cnn_only,G1+G2,3,72,weighted_f1,0.7597883597883598,0.7597883597883598,0.0,True
late_stage,cnn_only,G1+G2,3,72,balanced_accuracy,0.7126099706744867,0.7126099706744867,0.0,True
late_stage,cnn_only,G1+G2,3,72,quadratic_weighted_kappa,0.7516891891891893,0.7516891891891893,0.0,True
late_stage,cnn_only,G1+G2,3,72,ordinal_mae,0.2222222222222222,0.2222222222222222,0.0,True
late_stage,cnn_only,G1+G2,3,72,brier_score,0.300110514896395,0.300110514896395,0.0,True
late_stage,cnn_only,G1+G2,3,72,pr_auc_macro,0.9386608963066588,0.9386608963066587,1.1102230246251565e-16,True
late_stage,cnn_only,G1+G2,3,72,ece_top_label_equal_width_10,0.0993298330004253,0.09932983300042535,4.163336342344337e-17,True
late_stage,cnn_only,G1+G2,3,82,accuracy,0.7936507936507936,0.7936507936507936,0.0,True
late_stage,cnn_only,G1+G2,3,82,macro_f1,0.7340234644582471,0.7340234644582471,0.0,True
late_stage,cnn_only,G1+G2,3,82,weighted_f1,0.7781918564527261,0.7781918564527261,0.0,True
late_stage,cnn_only,G1+G2,3,82,balanced_accuracy,0.7080016757436112,0.7080016757436112,0.0,True
late_stage,cnn_only,G1+G2,3,82,quadratic_weighted_kappa,0.7480775146108889,0.7480775146108889,0.0,True
late_stage,cnn_only,G1+G2,3,82,ordinal_mae,0.2063492063492063,0.20634920634920634,2.7755575615628914e-17,True
late_stage,cnn_only,G1+G2,3,82,brier_score,0.2373461306312479,0.23734613063124785,5.551115123125783e-17,True
late_stage,cnn_only,G1+G2,3,82,pr_auc_macro,0.9536371564789036,0.9536371564789036,0.0,True
late_stage,cnn_only,G1+G2,3,82,ece_top_label_equal_width_10,0.0908322835725451,0.09083228357254511,1.3877787807814457e-17,True
late_stage,cnn_only,G1+G2,4,42,accuracy,0.8412698412698413,0.8412698412698413,0.0,True
late_stage,cnn_only,G1+G2,4,42,macro_f1,0.842046842046842,0.842046842046842,0.0,True
late_stage,cnn_only,G1+G2,4,42,weighted_f1,0.841253984111127,0.841253984111127,0.0,True
late_stage,cnn_only,G1+G2,4,42,balanced_accuracy,0.817741935483871,0.817741935483871,0.0,True
late_stage,cnn_only,G1+G2,4,42,quadratic_weighted_kappa,0.8259668508287292,0.8259668508287292,0.0,True
late_stage,cnn_only,G1+G2,4,42,ordinal_mae,0.1587301587301587,0.15873015873015872,2.7755575615628914e-17,True
late_stage,cnn_only,G1+G2,4,42,brier_score,0.3171655279676788,0.3171655279676788,0.0,True
late_stage,cnn_only,G1+G2,4,42,pr_auc_macro,0.9201493811498412,0.9201493811498412,0.0,True
late_stage,cnn_only,G1+G2,4,42,ece_top_label_equal_width_10,0.2050230815297081,0.20502308152970816,5.551115123125783e-17,True
late_stage,cnn_only,G1+G2,4,52,accuracy,0.6349206349206349,0.6349206349206349,0.0,True
late_stage,cnn_only,G1+G2,4,52,macro_f1,0.6437170394617203,0.6437170394617203,0.0,True
late_stage,cnn_only,G1+G2,4,52,weighted_f1,0.6260324387983963,0.6260324387983963,0.0,True
late_stage,cnn_only,G1+G2,4,52,balanced_accuracy,0.7290322580645161,0.7290322580645161,0.0,True
late_stage,cnn_only,G1+G2,4,52,quadratic_weighted_kappa,0.7170474516695957,0.7170474516695957,0.0,True
late_stage,cnn_only,G1+G2,4,52,ordinal_mae,0.365079365079365,0.36507936507936506,5.551115123125783e-17,True
late_stage,cnn_only,G1+G2,4,52,brier_score,0.4908600151974587,0.4908600151974587,0.0,True
late_stage,cnn_only,G1+G2,4,52,pr_auc_macro,0.8470215336253331,0.8470215336253331,0.0,True
late_stage,cnn_only,G1+G2,4,52,ece_top_label_equal_width_10,0.2108586780608645,0.21085867806086458,8.326672684688674e-17,True
late_stage,cnn_only,G1+G2,4,62,accuracy,0.8095238095238095,0.8095238095238095,0.0,True
late_stage,cnn_only,G1+G2,4,62,macro_f1,0.8101042502004813,0.8101042502004813,0.0,True
late_stage,cnn_only,G1+G2,4,62,weighted_f1,0.8084189356041803,0.8084189356041803,0.0,True
late_stage,cnn_only,G1+G2,4,62,balanced_accuracy,0.8250896057347671,0.8250896057347671,0.0,True
late_stage,cnn_only,G1+G2,4,62,quadratic_weighted_kappa,0.8166828322017459,0.8166828322017459,0.0,True
late_stage,cnn_only,G1+G2,4,62,ordinal_mae,0.1904761904761904,0.19047619047619047,5.551115123125783e-17,True
late_stage,cnn_only,G1+G2,4,62,brier_score,0.2965415353103955,0.29654153531039557,5.551115123125783e-17,True
late_stage,cnn_only,G1+G2,4,62,pr_auc_macro,0.9197106194721768,0.9197106194721769,1.1102230246251565e-16,True
late_stage,cnn_only,G1+G2,4,62,ece_top_label_equal_width_10,0.1384402570270356,0.13844025702703566,5.551115123125783e-17,True
late_stage,cnn_only,G1+G2,4,72,accuracy,0.7777777777777778,0.7777777777777778,0.0,True
late_stage,cnn_only,G1+G2,4,72,macro_f1,0.7777777777777778,0.7777777777777778,0.0,True
late_stage,cnn_only,G1+G2,4,72,weighted_f1,0.7706552706552706,0.7706552706552706,0.0,True
late_stage,cnn_only,G1+G2,4,72,balanced_accuracy,0.8154121863799283,0.8154121863799283,0.0,True
late_stage,cnn_only,G1+G2,4,72,quadratic_weighted_kappa,0.8012618296529969,0.8012618296529969,0.0,True
late_stage,cnn_only,G1+G2,4,72,ordinal_mae,0.2222222222222222,0.2222222222222222,0.0,True
late_stage,cnn_only,G1+G2,4,72,brier_score,0.3159421567963468,0.31594215679634685,5.551115123125783e-17,True
late_stage,cnn_only,G1+G2,4,72,pr_auc_macro,0.9042103743929896,0.9042103743929896,0.0,True
late_stage,cnn_only,G1+G2,4,72,ece_top_label_equal_width_10,0.1060549654657878,0.10605496546578785,5.551115123125783e-17,True
late_stage,cnn_only,G1+G2,4,82,accuracy,0.8095238095238095,0.8095238095238095,0.0,True
late_stage,cnn_only,G1+G2,4,82,macro_f1,0.8197278911564626,0.8197278911564626,0.0,True
late_stage,cnn_only,G1+G2,4,82,weighted_f1,0.8090379008746356,0.8090379008746356,0.0,True
late_stage,cnn_only,G1+G2,4,82,balanced_accuracy,0.8198924731182796,0.8198924731182796,0.0,True
late_stage,cnn_only,G1+G2,4,82,quadratic_weighted_kappa,0.8151589242053789,0.8151589242053789,0.0,True
late_stage,cnn_only,G1+G2,4,82,ordinal_mae,0.1904761904761904,0.19047619047619047,5.551115123125783e-17,True
late_stage,cnn_only,G1+G2,4,82,brier_score,0.3830002733856242,0.3830002733856241,1.1102230246251565e-16,True
late_stage,cnn_only,G1+G2,4,82,pr_auc_macro,0.8641167213874396,0.8641167213874396,0.0,True
late_stage,cnn_only,G1+G2,4,82,ece_top_label_equal_width_10,0.2042182229814075,0.20421822298140752,2.7755575615628914e-17,True
late_stage,g2_rule,G2,0,42,accuracy,0.890625,0.890625,0.0,True
late_stage,g2_rule,G2,0,42,macro_f1,0.9074850679883086,0.9074850679883086,0.0,True
late_stage,g2_rule,G2,0,42,weighted_f1,0.8910002859321388,0.8910002859321388,0.0,True
late_stage,g2_rule,G2,0,42,balanced_accuracy,0.9093701996927802,0.9093701996927802,0.0,True
late_stage,g2_rule,G2,0,42,quadratic_weighted_kappa,0.8909444985394352,0.8909444985394352,0.0,True
late_stage,g2_rule,G2,0,42,ordinal_mae,0.109375,0.109375,0.0,True
late_stage,g2_rule,G2,0,42,brier_score,0.21875,0.21875,0.0,True
late_stage,g2_rule,G2,0,42,pr_auc_macro,0.8648482230135457,0.8648482230135457,0.0,True
late_stage,g2_rule,G2,0,42,ece_top_label_equal_width_10,0.0,0.109375,0.109375,False
late_stage,g2_rule,G2,1,42,accuracy,0.9206349206349206,0.9206349206349206,0.0,True
late_stage,g2_rule,G2,1,42,macro_f1,0.919226159904126,0.919226159904126,0.0,True
late_stage,g2_rule,G2,1,42,weighted_f1,0.9201066353608728,0.9201066353608727,1.1102230246251565e-16,True
late_stage,g2_rule,G2,1,42,balanced_accuracy,0.9111111111111112,0.9111111111111111,1.1102230246251565e-16,True
late_stage,g2_rule,G2,1,42,quadratic_weighted_kappa,0.9206349206349208,0.9206349206349207,1.1102230246251565e-16,True
late_stage,g2_rule,G2,1,42,ordinal_mae,0.0793650793650793,0.07936507936507936,5.551115123125783e-17,True
late_stage,g2_rule,G2,1,42,brier_score,0.1587301587301587,0.15873015873015872,2.7755575615628914e-17,True
late_stage,g2_rule,G2,1,42,pr_auc_macro,0.875209815727057,0.875209815727057,0.0,True
late_stage,g2_rule,G2,1,42,ece_top_label_equal_width_10,0.0,0.07936507936507942,0.07936507936507942,False
late_stage,g2_rule,G2,2,42,accuracy,0.8571428571428571,0.8571428571428571,0.0,True
late_stage,g2_rule,G2,2,42,macro_f1,0.8571428571428571,0.8571428571428571,0.0,True
late_stage,g2_rule,G2,2,42,weighted_f1,0.8571428571428571,0.8571428571428571,0.0,True
late_stage,g2_rule,G2,2,42,balanced_accuracy,0.8487641390867197,0.8487641390867197,0.0,True
late_stage,g2_rule,G2,2,42,quadratic_weighted_kappa,0.848759669245132,0.848759669245132,0.0,True
late_stage,g2_rule,G2,2,42,ordinal_mae,0.1428571428571428,0.14285714285714285,5.551115123125783e-17,True
late_stage,g2_rule,G2,2,42,brier_score,0.2857142857142857,0.2857142857142857,0.0,True
late_stage,g2_rule,G2,2,42,pr_auc_macro,0.7829312296766213,0.7829312296766213,0.0,True
late_stage,g2_rule,G2,2,42,ece_top_label_equal_width_10,0.0,0.1428571428571429,0.1428571428571429,False
late_stage,g2_rule,G2,3,42,accuracy,0.9047619047619048,0.9047619047619048,0.0,True
late_stage,g2_rule,G2,3,42,macro_f1,0.9043478260869564,0.9043478260869565,1.1102230246251565e-16,True
late_stage,g2_rule,G2,3,42,weighted_f1,0.9043478260869564,0.9043478260869564,0.0,True
late_stage,g2_rule,G2,3,42,balanced_accuracy,0.8963831867057674,0.8963831867057674,0.0,True
late_stage,g2_rule,G2,3,42,quadratic_weighted_kappa,0.901511203751954,0.9015112037519541,1.1102230246251565e-16,True
late_stage,g2_rule,G2,3,42,ordinal_mae,0.0952380952380952,0.09523809523809523,2.7755575615628914e-17,True
late_stage,g2_rule,G2,3,42,brier_score,0.1904761904761904,0.19047619047619047,5.551115123125783e-17,True
late_stage,g2_rule,G2,3,42,pr_auc_macro,0.8547736381774201,0.8547736381774201,0.0,True
late_stage,g2_rule,G2,3,42,ece_top_label_equal_width_10,0.0,0.09523809523809523,0.09523809523809523,False
late_stage,g2_rule,G2,4,42,accuracy,0.8888888888888888,0.8888888888888888,0.0,True
late_stage,g2_rule,G2,4,42,macro_f1,0.900504678323396,0.900504678323396,0.0,True
late_stage,g2_rule,G2,4,42,weighted_f1,0.8900479688983742,0.8900479688983742,0.0,True
late_stage,g2_rule,G2,4,42,balanced_accuracy,0.9017921146953404,0.9017921146953404,0.0,True
late_stage,g2_rule,G2,4,42,quadratic_weighted_kappa,0.8901071517567904,0.8901071517567904,0.0,True
late_stage,g2_rule,G2,4,42,ordinal_mae,0.1111111111111111,0.1111111111111111,0.0,True
late_stage,g2_rule,G2,4,42,brier_score,0.2222222222222222,0.2222222222222222,0.0,True
late_stage,g2_rule,G2,4,42,pr_auc_macro,0.8528876514763611,0.8528876514763611,0.0,True
late_stage,g2_rule,G2,4,42,ece_top_label_equal_width_10,0.0,0.11111111111111116,0.11111111111111116,False
late_stage,hgb_g1_g2,G1+G2,0,42,accuracy,0.890625,0.890625,0.0,True
late_stage,hgb_g1_g2,G1+G2,0,42,macro_f1,0.9074850679883086,0.9074850679883086,0.0,True
late_stage,hgb_g1_g2,G1+G2,0,42,weighted_f1,0.8910002859321388,0.8910002859321388,0.0,True
late_stage,hgb_g1_g2,G1+G2,0,42,balanced_accuracy,0.9093701996927802,0.9093701996927802,0.0,True
late_stage,hgb_g1_g2,G1+G2,0,42,quadratic_weighted_kappa,0.8909444985394352,0.8909444985394352,0.0,True
late_stage,hgb_g1_g2,G1+G2,0,42,ordinal_mae,0.109375,0.109375,0.0,True
late_stage,hgb_g1_g2,G1+G2,0,42,brier_score,0.1741367658339769,0.17413676583397691,2.7755575615628914e-17,True
late_stage,hgb_g1_g2,G1+G2,0,42,pr_auc_macro,0.9486721347951071,0.9486721347951071,0.0,True
late_stage,hgb_g1_g2,G1+G2,0,42,ece_top_label_equal_width_10,0.0605122219226308,0.06051222192263087,6.938893903907228e-17,True
late_stage,hgb_g1_g2,G1+G2,1,42,accuracy,0.9047619047619048,0.9047619047619048,0.0,True
late_stage,hgb_g1_g2,G1+G2,1,42,macro_f1,0.8968253968253969,0.8968253968253969,0.0,True
late_stage,hgb_g1_g2,G1+G2,1,42,weighted_f1,0.9029478458049888,0.9029478458049887,1.1102230246251565e-16,True
late_stage,hgb_g1_g2,G1+G2,1,42,balanced_accuracy,0.8833333333333333,0.8833333333333333,0.0,True
late_stage,hgb_g1_g2,G1+G2,1,42,quadratic_weighted_kappa,0.9027777777777778,0.9027777777777778,0.0,True
late_stage,hgb_g1_g2,G1+G2,1,42,ordinal_mae,0.0952380952380952,0.09523809523809523,2.7755575615628914e-17,True
late_stage,hgb_g1_g2,G1+G2,1,42,brier_score,0.162219254878696,0.16221925487869607,5.551115123125783e-17,True
late_stage,hgb_g1_g2,G1+G2,1,42,pr_auc_macro,0.9694209751011948,0.9694209751011948,0.0,True
late_stage,hgb_g1_g2,G1+G2,1,42,ece_top_label_equal_width_10,0.0619660456012823,0.061966045601282375,7.632783294297951e-17,True
late_stage,hgb_g1_g2,G1+G2,2,42,accuracy,0.8412698412698413,0.8412698412698413,0.0,True
late_stage,hgb_g1_g2,G1+G2,2,42,macro_f1,0.8433870499419279,0.8433870499419279,0.0,True
late_stage,hgb_g1_g2,G1+G2,2,42,weighted_f1,0.8412611996017919,0.8412611996017919,0.0,True
late_stage,hgb_g1_g2,G1+G2,2,42,balanced_accuracy,0.8328911232137038,0.8328911232137038,0.0,True
late_stage,hgb_g1_g2,G1+G2,2,42,quadratic_weighted_kappa,0.8300053966540745,0.8300053966540745,0.0,True
late_stage,hgb_g1_g2,G1+G2,2,42,ordinal_mae,0.1587301587301587,0.15873015873015872,2.7755575615628914e-17,True
late_stage,hgb_g1_g2,G1+G2,2,42,brier_score,0.2399922971911775,0.2399922971911775,0.0,True
late_stage,hgb_g1_g2,G1+G2,2,42,pr_auc_macro,0.9130652998223424,0.9130652998223424,0.0,True
late_stage,hgb_g1_g2,G1+G2,2,42,ece_top_label_equal_width_10,0.0808104847863324,0.08081048478633246,5.551115123125783e-17,True
late_stage,hgb_g1_g2,G1+G2,3,42,accuracy,0.9206349206349206,0.9206349206349206,0.0,True
late_stage,hgb_g1_g2,G1+G2,3,42,macro_f1,0.9171220400728596,0.9171220400728597,1.1102230246251565e-16,True
late_stage,hgb_g1_g2,G1+G2,3,42,weighted_f1,0.919984387197502,0.919984387197502,0.0,True
late_stage,hgb_g1_g2,G1+G2,3,42,balanced_accuracy,0.9071358748778104,0.9071358748778104,0.0,True
late_stage,hgb_g1_g2,G1+G2,3,42,quadratic_weighted_kappa,0.91699604743083,0.9169960474308301,1.1102230246251565e-16,True
late_stage,hgb_g1_g2,G1+G2,3,42,ordinal_mae,0.0793650793650793,0.07936507936507936,5.551115123125783e-17,True
late_stage,hgb_g1_g2,G1+G2,3,42,brier_score,0.1156618376215845,0.11566183762158457,6.938893903907228e-17,True
late_stage,hgb_g1_g2,G1+G2,3,42,pr_auc_macro,0.9916470681709836,0.9916470681709836,0.0,True
late_stage,hgb_g1_g2,G1+G2,3,42,ece_top_label_equal_width_10,0.0706956955172791,0.07069569551727914,4.163336342344337e-17,True
late_stage,hgb_g1_g2,G1+G2,4,42,accuracy,0.873015873015873,0.873015873015873,0.0,True
late_stage,hgb_g1_g2,G1+G2,4,42,macro_f1,0.8838268541494347,0.8838268541494347,0.0,True
late_stage,hgb_g1_g2,G1+G2,4,42,weighted_f1,0.8719088319088318,0.8719088319088318,0.0,True
late_stage,hgb_g1_g2,G1+G2,4,42,balanced_accuracy,0.8903225806451612,0.8903225806451612,0.0,True
late_stage,hgb_g1_g2,G1+G2,4,42,quadratic_weighted_kappa,0.8719512195121951,0.8719512195121951,0.0,True
late_stage,hgb_g1_g2,G1+G2,4,42,ordinal_mae,0.1269841269841269,0.12698412698412698,8.326672684688674e-17,True
late_stage,hgb_g1_g2,G1+G2,4,42,brier_score,0.1871837920860272,0.18718379208602723,2.7755575615628914e-17,True
late_stage,hgb_g1_g2,G1+G2,4,42,pr_auc_macro,0.9551020219906082,0.9551020219906082,0.0,True
late_stage,hgb_g1_g2,G1+G2,4,42,ece_top_label_equal_width_10,0.0647990102946506,0.06479901029465067,6.938893903907228e-17,True
late_stage,logistic_g1_g2,G1+G2,0,42,accuracy,0.890625,0.890625,0.0,True
late_stage,logistic_g1_g2,G1+G2,0,42,macro_f1,0.9074850679883086,0.9074850679883086,0.0,True
late_stage,logistic_g1_g2,G1+G2,0,42,weighted_f1,0.8910002859321388,0.8910002859321388,0.0,True
late_stage,logistic_g1_g2,G1+G2,0,42,balanced_accuracy,0.9093701996927802,0.9093701996927802,0.0,True
late_stage,logistic_g1_g2,G1+G2,0,42,quadratic_weighted_kappa,0.8909444985394352,0.8909444985394352,0.0,True
late_stage,logistic_g1_g2,G1+G2,0,42,ordinal_mae,0.109375,0.109375,0.0,True
late_stage,logistic_g1_g2,G1+G2,0,42,brier_score,0.1680634018299474,0.16806340182994742,2.7755575615628914e-17,True
late_stage,logistic_g1_g2,G1+G2,0,42,pr_auc_macro,0.9590078028767792,0.9590078028767793,1.1102230246251565e-16,True
late_stage,logistic_g1_g2,G1+G2,0,42,ece_top_label_equal_width_10,0.0626949699785309,0.06269496997853093,2.7755575615628914e-17,True
late_stage,logistic_g1_g2,G1+G2,1,42,accuracy,0.9047619047619048,0.9047619047619048,0.0,True
late_stage,logistic_g1_g2,G1+G2,1,42,macro_f1,0.902063492063492,0.9020634920634921,1.1102230246251565e-16,True
late_stage,logistic_g1_g2,G1+G2,1,42,weighted_f1,0.9039002267573696,0.9039002267573697,1.1102230246251565e-16,True
late_stage,logistic_g1_g2,G1+G2,1,42,balanced_accuracy,0.9166666666666666,0.9166666666666666,0.0,True
late_stage,logistic_g1_g2,G1+G2,1,42,quadratic_weighted_kappa,0.9102564102564102,0.9102564102564102,0.0,True
late_stage,logistic_g1_g2,G1+G2,1,42,ordinal_mae,0.0952380952380952,0.09523809523809523,2.7755575615628914e-17,True
late_stage,logistic_g1_g2,G1+G2,1,42,brier_score,0.1720336163158075,0.1720336163158075,0.0,True
late_stage,logistic_g1_g2,G1+G2,1,42,pr_auc_macro,0.9547827847333916,0.9547827847333917,1.1102230246251565e-16,True
late_stage,logistic_g1_g2,G1+G2,1,42,ece_top_label_equal_width_10,0.0749252787860225,0.0749252787860225,0.0,True
late_stage,logistic_g1_g2,G1+G2,2,42,accuracy,0.8571428571428571,0.8571428571428571,0.0,True
late_stage,logistic_g1_g2,G1+G2,2,42,macro_f1,0.8562271062271063,0.8562271062271063,0.0,True
late_stage,logistic_g1_g2,G1+G2,2,42,weighted_f1,0.8569248212105355,0.8569248212105355,0.0,True
late_stage,logistic_g1_g2,G1+G2,2,42,balanced_accuracy,0.8436438113857468,0.8436438113857468,0.0,True
late_stage,logistic_g1_g2,G1+G2,2,42,quadratic_weighted_kappa,0.8452088452088452,0.8452088452088452,0.0,True
late_stage,logistic_g1_g2,G1+G2,2,42,ordinal_mae,0.1428571428571428,0.14285714285714285,5.551115123125783e-17,True
late_stage,logistic_g1_g2,G1+G2,2,42,brier_score,0.216279261484665,0.21627926148466506,5.551115123125783e-17,True
late_stage,logistic_g1_g2,G1+G2,2,42,pr_auc_macro,0.9514023606980296,0.9514023606980295,1.1102230246251565e-16,True
late_stage,logistic_g1_g2,G1+G2,2,42,ece_top_label_equal_width_10,0.0995820193275765,0.09958201932757658,8.326672684688674e-17,True
late_stage,logistic_g1_g2,G1+G2,3,42,accuracy,0.9206349206349206,0.9206349206349206,0.0,True
late_stage,logistic_g1_g2,G1+G2,3,42,macro_f1,0.9171220400728596,0.9171220400728597,1.1102230246251565e-16,True
late_stage,logistic_g1_g2,G1+G2,3,42,weighted_f1,0.919984387197502,0.919984387197502,0.0,True
late_stage,logistic_g1_g2,G1+G2,3,42,balanced_accuracy,0.9071358748778104,0.9071358748778104,0.0,True
late_stage,logistic_g1_g2,G1+G2,3,42,quadratic_weighted_kappa,0.91699604743083,0.9169960474308301,1.1102230246251565e-16,True
late_stage,logistic_g1_g2,G1+G2,3,42,ordinal_mae,0.0793650793650793,0.07936507936507936,5.551115123125783e-17,True
late_stage,logistic_g1_g2,G1+G2,3,42,brier_score,0.1226463971142392,0.1226463971142392,0.0,True
late_stage,logistic_g1_g2,G1+G2,3,42,pr_auc_macro,0.98355219200633,0.98355219200633,0.0,True
late_stage,logistic_g1_g2,G1+G2,3,42,ece_top_label_equal_width_10,0.0864990078654263,0.08649900786542651,2.0816681711721685e-16,True
late_stage,logistic_g1_g2,G1+G2,4,42,accuracy,0.8412698412698413,0.8412698412698413,0.0,True
late_stage,logistic_g1_g2,G1+G2,4,42,macro_f1,0.8475783475783475,0.8475783475783475,0.0,True
late_stage,logistic_g1_g2,G1+G2,4,42,weighted_f1,0.8398453398453398,0.8398453398453398,0.0,True
late_stage,logistic_g1_g2,G1+G2,4,42,balanced_accuracy,0.8688172043010752,0.8688172043010752,0.0,True
late_stage,logistic_g1_g2,G1+G2,4,42,quadratic_weighted_kappa,0.8461162677088422,0.8461162677088422,0.0,True
late_stage,logistic_g1_g2,G1+G2,4,42,ordinal_mae,0.1587301587301587,0.15873015873015872,2.7755575615628914e-17,True
late_stage,logistic_g1_g2,G1+G2,4,42,brier_score,0.1848899255389761,0.18488992553897612,2.7755575615628914e-17,True
late_stage,logistic_g1_g2,G1+G2,4,42,pr_auc_macro,0.9540303066310828,0.9540303066310828,0.0,True
late_stage,logistic_g1_g2,G1+G2,4,42,ece_top_label_equal_width_10,0.0600598302139534,0.06005983021395353,1.3183898417423734e-16,True
late_stage,logistic_g2,G2,0,42,accuracy,0.890625,0.890625,0.0,True
late_stage,logistic_g2,G2,0,42,macro_f1,0.9074850679883086,0.9074850679883086,0.0,True
late_stage,logistic_g2,G2,0,42,weighted_f1,0.8910002859321388,0.8910002859321388,0.0,True
late_stage,logistic_g2,G2,0,42,balanced_accuracy,0.9093701996927802,0.9093701996927802,0.0,True
late_stage,logistic_g2,G2,0,42,quadratic_weighted_kappa,0.8909444985394352,0.8909444985394352,0.0,True
late_stage,logistic_g2,G2,0,42,ordinal_mae,0.109375,0.109375,0.0,True
late_stage,logistic_g2,G2,0,42,brier_score,0.1881031760730538,0.1881031760730538,0.0,True
late_stage,logistic_g2,G2,0,42,pr_auc_macro,0.9434482232011402,0.9434482232011402,0.0,True
late_stage,logistic_g2,G2,0,42,ece_top_label_equal_width_10,0.1100305048557812,0.1100305048557812,0.0,True
late_stage,logistic_g2,G2,1,42,accuracy,0.9206349206349206,0.9206349206349206,0.0,True
late_stage,logistic_g2,G2,1,42,macro_f1,0.919226159904126,0.919226159904126,0.0,True
late_stage,logistic_g2,G2,1,42,weighted_f1,0.9201066353608728,0.9201066353608727,1.1102230246251565e-16,True
late_stage,logistic_g2,G2,1,42,balanced_accuracy,0.9111111111111112,0.9111111111111111,1.1102230246251565e-16,True
late_stage,logistic_g2,G2,1,42,quadratic_weighted_kappa,0.9206349206349208,0.9206349206349207,1.1102230246251565e-16,True
late_stage,logistic_g2,G2,1,42,ordinal_mae,0.0793650793650793,0.07936507936507936,5.551115123125783e-17,True
late_stage,logistic_g2,G2,1,42,brier_score,0.1573724247976501,0.15737242479765015,5.551115123125783e-17,True
late_stage,logistic_g2,G2,1,42,pr_auc_macro,0.9503854991163356,0.9503854991163355,1.1102230246251565e-16,True
late_stage,logistic_g2,G2,1,42,ece_top_label_equal_width_10,0.0971581827613587,0.0971581827613589,2.0816681711721685e-16,True
late_stage,logistic_g2,G2,2,42,accuracy,0.8571428571428571,0.8571428571428571,0.0,True
late_stage,logistic_g2,G2,2,42,macro_f1,0.8571428571428571,0.8571428571428571,0.0,True
late_stage,logistic_g2,G2,2,42,weighted_f1,0.8571428571428571,0.8571428571428571,0.0,True
late_stage,logistic_g2,G2,2,42,balanced_accuracy,0.8487641390867197,0.8487641390867197,0.0,True
late_stage,logistic_g2,G2,2,42,quadratic_weighted_kappa,0.848759669245132,0.848759669245132,0.0,True
late_stage,logistic_g2,G2,2,42,ordinal_mae,0.1428571428571428,0.14285714285714285,5.551115123125783e-17,True
late_stage,logistic_g2,G2,2,42,brier_score,0.2244780506909351,0.22447805069093515,5.551115123125783e-17,True
late_stage,logistic_g2,G2,2,42,pr_auc_macro,0.9133884267294404,0.9133884267294405,1.1102230246251565e-16,True
late_stage,logistic_g2,G2,2,42,ece_top_label_equal_width_10,0.059653134754628,0.05965313475462805,4.85722573273506e-17,True
late_stage,logistic_g2,G2,3,42,accuracy,0.9047619047619048,0.9047619047619048,0.0,True
late_stage,logistic_g2,G2,3,42,macro_f1,0.9043478260869564,0.9043478260869565,1.1102230246251565e-16,True
late_stage,logistic_g2,G2,3,42,weighted_f1,0.9043478260869564,0.9043478260869564,0.0,True
late_stage,logistic_g2,G2,3,42,balanced_accuracy,0.8963831867057674,0.8963831867057674,0.0,True
late_stage,logistic_g2,G2,3,42,quadratic_weighted_kappa,0.901511203751954,0.9015112037519541,1.1102230246251565e-16,True
late_stage,logistic_g2,G2,3,42,ordinal_mae,0.0952380952380952,0.09523809523809523,2.7755575615628914e-17,True
late_stage,logistic_g2,G2,3,42,brier_score,0.1505056181655615,0.1505056181655615,0.0,True
late_stage,logistic_g2,G2,3,42,pr_auc_macro,0.9806151669777922,0.9806151669777922,0.0,True
late_stage,logistic_g2,G2,3,42,ece_top_label_equal_width_10,0.1370045952084702,0.13700459520847022,2.7755575615628914e-17,True
late_stage,logistic_g2,G2,4,42,accuracy,0.8888888888888888,0.8888888888888888,0.0,True
late_stage,logistic_g2,G2,4,42,macro_f1,0.900504678323396,0.900504678323396,0.0,True
late_stage,logistic_g2,G2,4,42,weighted_f1,0.8900479688983742,0.8900479688983742,0.0,True
late_stage,logistic_g2,G2,4,42,balanced_accuracy,0.9017921146953404,0.9017921146953404,0.0,True
late_stage,logistic_g2,G2,4,42,quadratic_weighted_kappa,0.8901071517567904,0.8901071517567904,0.0,True
late_stage,logistic_g2,G2,4,42,ordinal_mae,0.1111111111111111,0.1111111111111111,0.0,True
late_stage,logistic_g2,G2,4,42,brier_score,0.1788668724964415,0.1788668724964416,8.326672684688674e-17,True
late_stage,logistic_g2,G2,4,42,pr_auc_macro,0.936003820218716,0.9360038202187159,1.1102230246251565e-16,True
late_stage,logistic_g2,G2,4,42,ece_top_label_equal_width_10,0.0628382346846809,0.06283823468468093,2.7755575615628914e-17,True
late_stage,majority,G1+G2,0,42,accuracy,0.484375,0.484375,0.0,True
late_stage,majority,G1+G2,0,42,macro_f1,0.2175438596491228,0.21754385964912282,2.7755575615628914e-17,True
late_stage,majority,G1+G2,0,42,weighted_f1,0.3161184210526316,0.3161184210526316,0.0,True
late_stage,majority,G1+G2,0,42,balanced_accuracy,0.3333333333333333,0.3333333333333333,0.0,True
late_stage,majority,G1+G2,0,42,quadratic_weighted_kappa,0.0,0.0,0.0,True
late_stage,majority,G1+G2,0,42,ordinal_mae,0.515625,0.515625,0.0,True
late_stage,majority,G1+G2,0,42,brier_score,1.03125,1.03125,0.0,True
late_stage,majority,G1+G2,0,42,pr_auc_macro,0.3333333333333333,0.3333333333333333,0.0,True
late_stage,majority,G1+G2,0,42,ece_top_label_equal_width_10,0.0,0.515625,0.515625,False
late_stage,majority,G1+G2,1,42,accuracy,0.4761904761904761,0.47619047619047616,5.551115123125783e-17,True
late_stage,majority,G1+G2,1,42,macro_f1,0.2150537634408602,0.21505376344086022,2.7755575615628914e-17,True
late_stage,majority,G1+G2,1,42,weighted_f1,0.3072196620583717,0.30721966205837176,5.551115123125783e-17,True
late_stage,majority,G1+G2,1,42,balanced_accuracy,0.3333333333333333,0.3333333333333333,0.0,True
late_stage,majority,G1+G2,1,42,quadratic_weighted_kappa,0.0,0.0,0.0,True
late_stage,majority,G1+G2,1,42,ordinal_mae,0.5238095238095238,0.5238095238095238,0.0,True
late_stage,majority,G1+G2,1,42,brier_score,1.0476190476190477,1.0476190476190477,0.0,True
late_stage,majority,G1+G2,1,42,pr_auc_macro,0.3333333333333333,0.3333333333333333,0.0,True
late_stage,majority,G1+G2,1,42,ece_top_label_equal_width_10,0.0,0.5238095238095238,0.5238095238095238,False
late_stage,majority,G1+G2,2,42,accuracy,0.492063492063492,0.49206349206349204,5.551115123125783e-17,True
late_stage,majority,G1+G2,2,42,macro_f1,0.2198581560283687,0.21985815602836878,8.326672684688674e-17,True
late_stage,majority,G1+G2,2,42,weighted_f1,0.3245525160418777,0.3245525160418777,0.0,True
late_stage,majority,G1+G2,2,42,balanced_accuracy,0.3333333333333333,0.3333333333333333,0.0,True
late_stage,majority,G1+G2,2,42,quadratic_weighted_kappa,0.0,0.0,0.0,True
late_stage,majority,G1+G2,2,42,ordinal_mae,0.5079365079365079,0.5079365079365079,0.0,True
late_stage,majority,G1+G2,2,42,brier_score,1.0158730158730158,1.0158730158730158,0.0,True
late_stage,majority,G1+G2,2,42,pr_auc_macro,0.3333333333333333,0.3333333333333333,0.0,True
late_stage,majority,G1+G2,2,42,ece_top_label_equal_width_10,0.0,0.5079365079365079,0.5079365079365079,False
late_stage,majority,G1+G2,3,42,accuracy,0.492063492063492,0.49206349206349204,5.551115123125783e-17,True
late_stage,majority,G1+G2,3,42,macro_f1,0.2198581560283687,0.21985815602836878,8.326672684688674e-17,True
late_stage,majority,G1+G2,3,42,weighted_f1,0.3245525160418777,0.3245525160418777,0.0,True
late_stage,majority,G1+G2,3,42,balanced_accuracy,0.3333333333333333,0.3333333333333333,0.0,True
late_stage,majority,G1+G2,3,42,quadratic_weighted_kappa,0.0,0.0,0.0,True
late_stage,majority,G1+G2,3,42,ordinal_mae,0.5079365079365079,0.5079365079365079,0.0,True
late_stage,majority,G1+G2,3,42,brier_score,1.0158730158730158,1.0158730158730158,0.0,True
late_stage,majority,G1+G2,3,42,pr_auc_macro,0.3333333333333333,0.3333333333333333,0.0,True
late_stage,majority,G1+G2,3,42,ece_top_label_equal_width_10,0.0,0.5079365079365079,0.5079365079365079,False
late_stage,majority,G1+G2,4,42,accuracy,0.492063492063492,0.49206349206349204,5.551115123125783e-17,True
late_stage,majority,G1+G2,4,42,macro_f1,0.2198581560283687,0.21985815602836878,8.326672684688674e-17,True
late_stage,majority,G1+G2,4,42,weighted_f1,0.3245525160418777,0.3245525160418777,0.0,True
late_stage,majority,G1+G2,4,42,balanced_accuracy,0.3333333333333333,0.3333333333333333,0.0,True
late_stage,majority,G1+G2,4,42,quadratic_weighted_kappa,0.0,0.0,0.0,True
late_stage,majority,G1+G2,4,42,ordinal_mae,0.5079365079365079,0.5079365079365079,0.0,True
late_stage,majority,G1+G2,4,42,brier_score,1.0158730158730158,1.0158730158730158,0.0,True
late_stage,majority,G1+G2,4,42,pr_auc_macro,0.3333333333333333,0.3333333333333333,0.0,True
late_stage,majority,G1+G2,4,42,ece_top_label_equal_width_10,0.0,0.5079365079365079,0.5079365079365079,False
late_stage,ordinal_logistic,G1+G2,0,42,accuracy,0.890625,0.890625,0.0,True
late_stage,ordinal_logistic,G1+G2,0,42,macro_f1,0.9074850679883086,0.9074850679883086,0.0,True
late_stage,ordinal_logistic,G1+G2,0,42,weighted_f1,0.8910002859321388,0.8910002859321388,0.0,True
late_stage,ordinal_logistic,G1+G2,0,42,balanced_accuracy,0.9093701996927802,0.9093701996927802,0.0,True
late_stage,ordinal_logistic,G1+G2,0,42,quadratic_weighted_kappa,0.8909444985394352,0.8909444985394352,0.0,True
late_stage,ordinal_logistic,G1+G2,0,42,ordinal_mae,0.109375,0.109375,0.0,True
late_stage,ordinal_logistic,G1+G2,0,42,brier_score,0.1687241284203766,0.1687241284203766,0.0,True
late_stage,ordinal_logistic,G1+G2,0,42,pr_auc_macro,0.9590078028767792,0.9590078028767793,1.1102230246251565e-16,True
late_stage,ordinal_logistic,G1+G2,0,42,ece_top_label_equal_width_10,0.0629735534371651,0.06297355343716517,6.938893903907228e-17,True
late_stage,ordinal_logistic,G1+G2,1,42,accuracy,0.9047619047619048,0.9047619047619048,0.0,True
late_stage,ordinal_logistic,G1+G2,1,42,macro_f1,0.902063492063492,0.9020634920634921,1.1102230246251565e-16,True
late_stage,ordinal_logistic,G1+G2,1,42,weighted_f1,0.9039002267573696,0.9039002267573697,1.1102230246251565e-16,True
late_stage,ordinal_logistic,G1+G2,1,42,balanced_accuracy,0.9166666666666666,0.9166666666666666,0.0,True
late_stage,ordinal_logistic,G1+G2,1,42,quadratic_weighted_kappa,0.9102564102564102,0.9102564102564102,0.0,True
late_stage,ordinal_logistic,G1+G2,1,42,ordinal_mae,0.0952380952380952,0.09523809523809523,2.7755575615628914e-17,True
late_stage,ordinal_logistic,G1+G2,1,42,brier_score,0.1724598844805533,0.1724598844805533,0.0,True
late_stage,ordinal_logistic,G1+G2,1,42,pr_auc_macro,0.9547827847333916,0.9547827847333917,1.1102230246251565e-16,True
late_stage,ordinal_logistic,G1+G2,1,42,ece_top_label_equal_width_10,0.0751720189504281,0.07517201895042816,5.551115123125783e-17,True
late_stage,ordinal_logistic,G1+G2,2,42,accuracy,0.8571428571428571,0.8571428571428571,0.0,True
late_stage,ordinal_logistic,G1+G2,2,42,macro_f1,0.8562271062271063,0.8562271062271063,0.0,True
late_stage,ordinal_logistic,G1+G2,2,42,weighted_f1,0.8569248212105355,0.8569248212105355,0.0,True
late_stage,ordinal_logistic,G1+G2,2,42,balanced_accuracy,0.8436438113857468,0.8436438113857468,0.0,True
late_stage,ordinal_logistic,G1+G2,2,42,quadratic_weighted_kappa,0.8452088452088452,0.8452088452088452,0.0,True
late_stage,ordinal_logistic,G1+G2,2,42,ordinal_mae,0.1428571428571428,0.14285714285714285,5.551115123125783e-17,True
late_stage,ordinal_logistic,G1+G2,2,42,brier_score,0.2151271580372296,0.2151271580372296,0.0,True
late_stage,ordinal_logistic,G1+G2,2,42,pr_auc_macro,0.9492737090832576,0.9492737090832577,1.1102230246251565e-16,True
late_stage,ordinal_logistic,G1+G2,2,42,ece_top_label_equal_width_10,0.0987603691423961,0.09876036914239611,1.3877787807814457e-17,True
late_stage,ordinal_logistic,G1+G2,3,42,accuracy,0.9206349206349206,0.9206349206349206,0.0,True
late_stage,ordinal_logistic,G1+G2,3,42,macro_f1,0.9171220400728596,0.9171220400728597,1.1102230246251565e-16,True
late_stage,ordinal_logistic,G1+G2,3,42,weighted_f1,0.919984387197502,0.919984387197502,0.0,True
late_stage,ordinal_logistic,G1+G2,3,42,balanced_accuracy,0.9071358748778104,0.9071358748778104,0.0,True
late_stage,ordinal_logistic,G1+G2,3,42,quadratic_weighted_kappa,0.91699604743083,0.9169960474308301,1.1102230246251565e-16,True
late_stage,ordinal_logistic,G1+G2,3,42,ordinal_mae,0.0793650793650793,0.07936507936507936,5.551115123125783e-17,True
late_stage,ordinal_logistic,G1+G2,3,42,brier_score,0.1228353283957462,0.12283532839574625,5.551115123125783e-17,True
late_stage,ordinal_logistic,G1+G2,3,42,pr_auc_macro,0.98355219200633,0.98355219200633,0.0,True
late_stage,ordinal_logistic,G1+G2,3,42,ece_top_label_equal_width_10,0.0865844218958818,0.08658442189588188,8.326672684688674e-17,True
late_stage,ordinal_logistic,G1+G2,4,42,accuracy,0.8412698412698413,0.8412698412698413,0.0,True
late_stage,ordinal_logistic,G1+G2,4,42,macro_f1,0.8475783475783475,0.8475783475783475,0.0,True
late_stage,ordinal_logistic,G1+G2,4,42,weighted_f1,0.8398453398453398,0.8398453398453398,0.0,True
late_stage,ordinal_logistic,G1+G2,4,42,balanced_accuracy,0.8688172043010752,0.8688172043010752,0.0,True
late_stage,ordinal_logistic,G1+G2,4,42,quadratic_weighted_kappa,0.8461162677088422,0.8461162677088422,0.0,True
late_stage,ordinal_logistic,G1+G2,4,42,ordinal_mae,0.1587301587301587,0.15873015873015872,2.7755575615628914e-17,True
late_stage,ordinal_logistic,G1+G2,4,42,brier_score,0.1853574984927561,0.18535749849275615,5.551115123125783e-17,True
late_stage,ordinal_logistic,G1+G2,4,42,pr_auc_macro,0.953876128401049,0.953876128401049,0.0,True
late_stage,ordinal_logistic,G1+G2,4,42,ece_top_label_equal_width_10,0.0601913441457296,0.060191344145729575,2.7755575615628914e-17,True
late_stage,ridge_regression,G1+G2,0,42,accuracy,0.859375,0.859375,0.0,True
late_stage,ridge_regression,G1+G2,0,42,macro_f1,0.8824858757062147,0.8824858757062147,0.0,True
late_stage,ridge_regression,G1+G2,0,42,weighted_f1,0.8604872881355932,0.8604872881355932,0.0,True
late_stage,ridge_regression,G1+G2,0,42,balanced_accuracy,0.8878648233486942,0.8878648233486942,0.0,True
late_stage,ridge_regression,G1+G2,0,42,quadratic_weighted_kappa,0.8628571428571429,0.8628571428571429,0.0,True
late_stage,ridge_regression,G1+G2,0,42,ordinal_mae,0.140625,0.140625,0.0,True
late_stage,ridge_regression,G1+G2,0,42,brier_score,0.28125,0.28125,0.0,True
late_stage,ridge_regression,G1+G2,0,42,pr_auc_macro,0.8345094086021505,0.8345094086021505,0.0,True
late_stage,ridge_regression,G1+G2,0,42,ece_top_label_equal_width_10,0.0,0.140625,0.140625,False
late_stage,ridge_regression,G1+G2,1,42,accuracy,0.8888888888888888,0.8888888888888888,0.0,True
late_stage,ridge_regression,G1+G2,1,42,macro_f1,0.8840714840714842,0.8840714840714842,0.0,True
late_stage,ridge_regression,G1+G2,1,42,weighted_f1,0.8878676878676879,0.8878676878676879,0.0,True
late_stage,ridge_regression,G1+G2,1,42,balanced_accuracy,0.9055555555555556,0.9055555555555556,0.0,True
late_stage,ridge_regression,G1+G2,1,42,quadratic_weighted_kappa,0.8972746331236897,0.8972746331236897,0.0,True
late_stage,ridge_regression,G1+G2,1,42,ordinal_mae,0.1111111111111111,0.1111111111111111,0.0,True
late_stage,ridge_regression,G1+G2,1,42,brier_score,0.2222222222222222,0.2222222222222222,0.0,True
late_stage,ridge_regression,G1+G2,1,42,pr_auc_macro,0.8247830687830687,0.8247830687830687,0.0,True
late_stage,ridge_regression,G1+G2,1,42,ece_top_label_equal_width_10,0.0,0.11111111111111116,0.11111111111111116,False
late_stage,ridge_regression,G1+G2,2,42,accuracy,0.8412698412698413,0.8412698412698413,0.0,True
late_stage,ridge_regression,G1+G2,2,42,macro_f1,0.8412698412698413,0.8412698412698413,0.0,True
late_stage,ridge_regression,G1+G2,2,42,weighted_f1,0.8412698412698413,0.8412698412698413,0.0,True
late_stage,ridge_regression,G1+G2,2,42,balanced_accuracy,0.8575617930456639,0.8575617930456639,0.0,True
late_stage,ridge_regression,G1+G2,2,42,quadratic_weighted_kappa,0.8424212106053026,0.8424212106053026,0.0,True
late_stage,ridge_regression,G1+G2,2,42,ordinal_mae,0.1587301587301587,0.15873015873015872,2.7755575615628914e-17,True
late_stage,ridge_regression,G1+G2,2,42,brier_score,0.3174603174603174,0.31746031746031744,5.551115123125783e-17,True
late_stage,ridge_regression,G1+G2,2,42,pr_auc_macro,0.7626472144190245,0.7626472144190245,0.0,True
late_stage,ridge_regression,G1+G2,2,42,ece_top_label_equal_width_10,0.0,0.15873015873015872,0.15873015873015872,False
late_stage,ridge_regression,G1+G2,3,42,accuracy,0.9047619047619048,0.9047619047619048,0.0,True
late_stage,ridge_regression,G1+G2,3,42,macro_f1,0.9043478260869564,0.9043478260869565,1.1102230246251565e-16,True
late_stage,ridge_regression,G1+G2,3,42,weighted_f1,0.9043478260869564,0.9043478260869564,0.0,True
late_stage,ridge_regression,G1+G2,3,42,balanced_accuracy,0.8963831867057674,0.8963831867057674,0.0,True
late_stage,ridge_regression,G1+G2,3,42,quadratic_weighted_kappa,0.901511203751954,0.9015112037519541,1.1102230246251565e-16,True
late_stage,ridge_regression,G1+G2,3,42,ordinal_mae,0.0952380952380952,0.09523809523809523,2.7755575615628914e-17,True
late_stage,ridge_regression,G1+G2,3,42,brier_score,0.1904761904761904,0.19047619047619047,5.551115123125783e-17,True
late_stage,ridge_regression,G1+G2,3,42,pr_auc_macro,0.8547736381774201,0.8547736381774201,0.0,True
late_stage,ridge_regression,G1+G2,3,42,ece_top_label_equal_width_10,0.0,0.09523809523809523,0.09523809523809523,False
late_stage,ridge_regression,G1+G2,4,42,accuracy,0.8412698412698413,0.8412698412698413,0.0,True
late_stage,ridge_regression,G1+G2,4,42,macro_f1,0.8451980118646785,0.8451980118646785,0.0,True
late_stage,ridge_regression,G1+G2,4,42,weighted_f1,0.8383762034555685,0.8383762034555685,0.0,True
late_stage,ridge_regression,G1+G2,4,42,balanced_accuracy,0.8865591397849463,0.8865591397849463,0.0,True
late_stage,ridge_regression,G1+G2,4,42,quadratic_weighted_kappa,0.8570780399274047,0.8570780399274047,0.0,True
late_stage,ridge_regression,G1+G2,4,42,ordinal_mae,0.1587301587301587,0.15873015873015872,2.7755575615628914e-17,True
late_stage,ridge_regression,G1+G2,4,42,brier_score,0.3174603174603174,0.31746031746031744,5.551115123125783e-17,True
late_stage,ridge_regression,G1+G2,4,42,pr_auc_macro,0.7798784571487937,0.7798784571487937,0.0,True
late_stage,ridge_regression,G1+G2,4,42,ece_top_label_equal_width_10,0.0,0.15873015873015872,0.15873015873015872,False
late_stage,small_mlp,G1+G2,0,42,accuracy,0.890625,0.890625,0.0,True
late_stage,small_mlp,G1+G2,0,42,macro_f1,0.9074850679883086,0.9074850679883086,0.0,True
late_stage,small_mlp,G1+G2,0,42,weighted_f1,0.8910002859321388,0.8910002859321388,0.0,True
late_stage,small_mlp,G1+G2,0,42,balanced_accuracy,0.9093701996927802,0.9093701996927802,0.0,True
late_stage,small_mlp,G1+G2,0,42,quadratic_weighted_kappa,0.8909444985394352,0.8909444985394352,0.0,True
late_stage,small_mlp,G1+G2,0,42,ordinal_mae,0.109375,0.109375,0.0,True
late_stage,small_mlp,G1+G2,0,42,brier_score,0.1669926399117908,0.16699263991179086,5.551115123125783e-17,True
late_stage,small_mlp,G1+G2,0,42,pr_auc_macro,0.9606459446455196,0.9606459446455196,0.0,True
late_stage,small_mlp,G1+G2,0,42,ece_top_label_equal_width_10,0.0382991173009746,0.038299117300974614,1.3877787807814457e-17,True
late_stage,small_mlp,G1+G2,0,52,accuracy,0.890625,0.890625,0.0,True
late_stage,small_mlp,G1+G2,0,52,macro_f1,0.9074850679883086,0.9074850679883086,0.0,True
late_stage,small_mlp,G1+G2,0,52,weighted_f1,0.8910002859321388,0.8910002859321388,0.0,True
late_stage,small_mlp,G1+G2,0,52,balanced_accuracy,0.9093701996927802,0.9093701996927802,0.0,True
late_stage,small_mlp,G1+G2,0,52,quadratic_weighted_kappa,0.8909444985394352,0.8909444985394352,0.0,True
late_stage,small_mlp,G1+G2,0,52,ordinal_mae,0.109375,0.109375,0.0,True
late_stage,small_mlp,G1+G2,0,52,brier_score,0.1671278256299048,0.1671278256299048,0.0,True
late_stage,small_mlp,G1+G2,0,52,pr_auc_macro,0.9591839832855178,0.9591839832855178,0.0,True
late_stage,small_mlp,G1+G2,0,52,ece_top_label_equal_width_10,0.0593735349439806,0.05937353494398084,2.3592239273284576e-16,True
late_stage,small_mlp,G1+G2,0,62,accuracy,0.890625,0.890625,0.0,True
late_stage,small_mlp,G1+G2,0,62,macro_f1,0.9074850679883086,0.9074850679883086,0.0,True
late_stage,small_mlp,G1+G2,0,62,weighted_f1,0.8910002859321388,0.8910002859321388,0.0,True
late_stage,small_mlp,G1+G2,0,62,balanced_accuracy,0.9093701996927802,0.9093701996927802,0.0,True
late_stage,small_mlp,G1+G2,0,62,quadratic_weighted_kappa,0.8909444985394352,0.8909444985394352,0.0,True
late_stage,small_mlp,G1+G2,0,62,ordinal_mae,0.109375,0.109375,0.0,True
late_stage,small_mlp,G1+G2,0,62,brier_score,0.1689346586037469,0.16893465860374693,2.7755575615628914e-17,True
late_stage,small_mlp,G1+G2,0,62,pr_auc_macro,0.9588204738145486,0.9588204738145486,0.0,True
late_stage,small_mlp,G1+G2,0,62,ece_top_label_equal_width_10,0.0354564676276945,0.035456467627694506,6.938893903907228e-18,True
late_stage,small_mlp,G1+G2,0,72,accuracy,0.890625,0.890625,0.0,True
late_stage,small_mlp,G1+G2,0,72,macro_f1,0.9074850679883086,0.9074850679883086,0.0,True
late_stage,small_mlp,G1+G2,0,72,weighted_f1,0.8910002859321388,0.8910002859321388,0.0,True
late_stage,small_mlp,G1+G2,0,72,balanced_accuracy,0.9093701996927802,0.9093701996927802,0.0,True
late_stage,small_mlp,G1+G2,0,72,quadratic_weighted_kappa,0.8909444985394352,0.8909444985394352,0.0,True
late_stage,small_mlp,G1+G2,0,72,ordinal_mae,0.109375,0.109375,0.0,True
late_stage,small_mlp,G1+G2,0,72,brier_score,0.1734164688879951,0.17341646888799517,5.551115123125783e-17,True
late_stage,small_mlp,G1+G2,0,72,pr_auc_macro,0.957824882050254,0.9578248820502541,1.1102230246251565e-16,True
late_stage,small_mlp,G1+G2,0,72,ece_top_label_equal_width_10,0.0547500364234031,0.054750036423403155,5.551115123125783e-17,True
late_stage,small_mlp,G1+G2,0,82,accuracy,0.890625,0.890625,0.0,True
late_stage,small_mlp,G1+G2,0,82,macro_f1,0.9074850679883086,0.9074850679883086,0.0,True
late_stage,small_mlp,G1+G2,0,82,weighted_f1,0.8910002859321388,0.8910002859321388,0.0,True
late_stage,small_mlp,G1+G2,0,82,balanced_accuracy,0.9093701996927802,0.9093701996927802,0.0,True
late_stage,small_mlp,G1+G2,0,82,quadratic_weighted_kappa,0.8909444985394352,0.8909444985394352,0.0,True
late_stage,small_mlp,G1+G2,0,82,ordinal_mae,0.109375,0.109375,0.0,True
late_stage,small_mlp,G1+G2,0,82,brier_score,0.1678873821117961,0.16788738211179616,5.551115123125783e-17,True
late_stage,small_mlp,G1+G2,0,82,pr_auc_macro,0.9595652487528716,0.9595652487528717,1.1102230246251565e-16,True
late_stage,small_mlp,G1+G2,0,82,ece_top_label_equal_width_10,0.0459887893448841,0.04598878934488413,2.7755575615628914e-17,True
late_stage,small_mlp,G1+G2,1,42,accuracy,0.9047619047619048,0.9047619047619048,0.0,True
late_stage,small_mlp,G1+G2,1,42,macro_f1,0.902063492063492,0.9020634920634921,1.1102230246251565e-16,True
late_stage,small_mlp,G1+G2,1,42,weighted_f1,0.9039002267573696,0.9039002267573697,1.1102230246251565e-16,True
late_stage,small_mlp,G1+G2,1,42,balanced_accuracy,0.9166666666666666,0.9166666666666666,0.0,True
late_stage,small_mlp,G1+G2,1,42,quadratic_weighted_kappa,0.9102564102564102,0.9102564102564102,0.0,True
late_stage,small_mlp,G1+G2,1,42,ordinal_mae,0.0952380952380952,0.09523809523809523,2.7755575615628914e-17,True
late_stage,small_mlp,G1+G2,1,42,brier_score,0.171257356603511,0.1712573566035111,1.1102230246251565e-16,True
late_stage,small_mlp,G1+G2,1,42,pr_auc_macro,0.9566293521656588,0.9566293521656589,1.1102230246251565e-16,True
late_stage,small_mlp,G1+G2,1,42,ece_top_label_equal_width_10,0.080833419091353,0.08083341909135294,5.551115123125783e-17,True
late_stage,small_mlp,G1+G2,1,52,accuracy,0.9047619047619048,0.9047619047619048,0.0,True
late_stage,small_mlp,G1+G2,1,52,macro_f1,0.902063492063492,0.9020634920634921,1.1102230246251565e-16,True
late_stage,small_mlp,G1+G2,1,52,weighted_f1,0.9039002267573696,0.9039002267573697,1.1102230246251565e-16,True
late_stage,small_mlp,G1+G2,1,52,balanced_accuracy,0.9166666666666666,0.9166666666666666,0.0,True
late_stage,small_mlp,G1+G2,1,52,quadratic_weighted_kappa,0.9102564102564102,0.9102564102564102,0.0,True
late_stage,small_mlp,G1+G2,1,52,ordinal_mae,0.0952380952380952,0.09523809523809523,2.7755575615628914e-17,True
late_stage,small_mlp,G1+G2,1,52,brier_score,0.1715180639228798,0.17151806392287988,8.326672684688674e-17,True
late_stage,small_mlp,G1+G2,1,52,pr_auc_macro,0.9568907900741558,0.9568907900741558,0.0,True
late_stage,small_mlp,G1+G2,1,52,ece_top_label_equal_width_10,0.0897097869653799,0.08970978696537998,8.326672684688674e-17,True
late_stage,small_mlp,G1+G2,1,62,accuracy,0.9206349206349206,0.9206349206349206,0.0,True
late_stage,small_mlp,G1+G2,1,62,macro_f1,0.919226159904126,0.919226159904126,0.0,True
late_stage,small_mlp,G1+G2,1,62,weighted_f1,0.9201066353608728,0.9201066353608727,1.1102230246251565e-16,True
late_stage,small_mlp,G1+G2,1,62,balanced_accuracy,0.9111111111111112,0.9111111111111111,1.1102230246251565e-16,True
late_stage,small_mlp,G1+G2,1,62,quadratic_weighted_kappa,0.9206349206349208,0.9206349206349207,1.1102230246251565e-16,True
late_stage,small_mlp,G1+G2,1,62,ordinal_mae,0.0793650793650793,0.07936507936507936,5.551115123125783e-17,True
late_stage,small_mlp,G1+G2,1,62,brier_score,0.1583232798663113,0.15832327986631134,2.7755575615628914e-17,True
late_stage,small_mlp,G1+G2,1,62,pr_auc_macro,0.9570449877283534,0.9570449877283534,0.0,True
late_stage,small_mlp,G1+G2,1,62,ece_top_label_equal_width_10,0.0938326997127849,0.09383269971278498,6.938893903907228e-17,True
late_stage,small_mlp,G1+G2,1,72,accuracy,0.9047619047619048,0.9047619047619048,0.0,True
late_stage,small_mlp,G1+G2,1,72,macro_f1,0.902063492063492,0.9020634920634921,1.1102230246251565e-16,True
late_stage,small_mlp,G1+G2,1,72,weighted_f1,0.9039002267573696,0.9039002267573697,1.1102230246251565e-16,True
late_stage,small_mlp,G1+G2,1,72,balanced_accuracy,0.9166666666666666,0.9166666666666666,0.0,True
late_stage,small_mlp,G1+G2,1,72,quadratic_weighted_kappa,0.9102564102564102,0.9102564102564102,0.0,True
late_stage,small_mlp,G1+G2,1,72,ordinal_mae,0.0952380952380952,0.09523809523809523,2.7755575615628914e-17,True
late_stage,small_mlp,G1+G2,1,72,brier_score,0.1685138052042474,0.16851380520424744,2.7755575615628914e-17,True
late_stage,small_mlp,G1+G2,1,72,pr_auc_macro,0.9547827847333916,0.9547827847333917,1.1102230246251565e-16,True
late_stage,small_mlp,G1+G2,1,72,ece_top_label_equal_width_10,0.0698991940036819,0.06989919400368194,4.163336342344337e-17,True
late_stage,small_mlp,G1+G2,1,82,accuracy,0.9047619047619048,0.9047619047619048,0.0,True
late_stage,small_mlp,G1+G2,1,82,macro_f1,0.902063492063492,0.9020634920634921,1.1102230246251565e-16,True
late_stage,small_mlp,G1+G2,1,82,weighted_f1,0.9039002267573696,0.9039002267573697,1.1102230246251565e-16,True
late_stage,small_mlp,G1+G2,1,82,balanced_accuracy,0.9166666666666666,0.9166666666666666,0.0,True
late_stage,small_mlp,G1+G2,1,82,quadratic_weighted_kappa,0.9102564102564102,0.9102564102564102,0.0,True
late_stage,small_mlp,G1+G2,1,82,ordinal_mae,0.0952380952380952,0.09523809523809523,2.7755575615628914e-17,True
late_stage,small_mlp,G1+G2,1,82,brier_score,0.1703769099976115,0.1703769099976116,1.1102230246251565e-16,True
late_stage,small_mlp,G1+G2,1,82,pr_auc_macro,0.9554802354308424,0.9554802354308425,1.1102230246251565e-16,True
late_stage,small_mlp,G1+G2,1,82,ece_top_label_equal_width_10,0.077991737176939,0.07799173717693905,5.551115123125783e-17,True
late_stage,small_mlp,G1+G2,2,42,accuracy,0.8571428571428571,0.8571428571428571,0.0,True
late_stage,small_mlp,G1+G2,2,42,macro_f1,0.8571428571428571,0.8571428571428571,0.0,True
late_stage,small_mlp,G1+G2,2,42,weighted_f1,0.8571428571428571,0.8571428571428571,0.0,True
late_stage,small_mlp,G1+G2,2,42,balanced_accuracy,0.8487641390867197,0.8487641390867197,0.0,True
late_stage,small_mlp,G1+G2,2,42,quadratic_weighted_kappa,0.848759669245132,0.848759669245132,0.0,True
late_stage,small_mlp,G1+G2,2,42,ordinal_mae,0.1428571428571428,0.14285714285714285,5.551115123125783e-17,True
late_stage,small_mlp,G1+G2,2,42,brier_score,0.2260389091656725,0.22603890916567257,5.551115123125783e-17,True
late_stage,small_mlp,G1+G2,2,42,pr_auc_macro,0.9432023176827568,0.9432023176827569,1.1102230246251565e-16,True
late_stage,small_mlp,G1+G2,2,42,ece_top_label_equal_width_10,0.0556449006561676,0.055644900656167534,6.245004513516506e-17,True
late_stage,small_mlp,G1+G2,2,52,accuracy,0.8571428571428571,0.8571428571428571,0.0,True
late_stage,small_mlp,G1+G2,2,52,macro_f1,0.8571428571428571,0.8571428571428571,0.0,True
late_stage,small_mlp,G1+G2,2,52,weighted_f1,0.8571428571428571,0.8571428571428571,0.0,True
late_stage,small_mlp,G1+G2,2,52,balanced_accuracy,0.8487641390867197,0.8487641390867197,0.0,True
late_stage,small_mlp,G1+G2,2,52,quadratic_weighted_kappa,0.848759669245132,0.848759669245132,0.0,True
late_stage,small_mlp,G1+G2,2,52,ordinal_mae,0.1428571428571428,0.14285714285714285,5.551115123125783e-17,True
late_stage,small_mlp,G1+G2,2,52,brier_score,0.2238920960411313,0.22389209604113136,5.551115123125783e-17,True
late_stage,small_mlp,G1+G2,2,52,pr_auc_macro,0.9407857654873768,0.9407857654873767,1.1102230246251565e-16,True
late_stage,small_mlp,G1+G2,2,52,ece_top_label_equal_width_10,0.0629683199489066,0.06296831994890661,1.3877787807814457e-17,True
late_stage,small_mlp,G1+G2,2,62,accuracy,0.8571428571428571,0.8571428571428571,0.0,True
late_stage,small_mlp,G1+G2,2,62,macro_f1,0.8571428571428571,0.8571428571428571,0.0,True
late_stage,small_mlp,G1+G2,2,62,weighted_f1,0.8571428571428571,0.8571428571428571,0.0,True
late_stage,small_mlp,G1+G2,2,62,balanced_accuracy,0.8487641390867197,0.8487641390867197,0.0,True
late_stage,small_mlp,G1+G2,2,62,quadratic_weighted_kappa,0.848759669245132,0.848759669245132,0.0,True
late_stage,small_mlp,G1+G2,2,62,ordinal_mae,0.1428571428571428,0.14285714285714285,5.551115123125783e-17,True
late_stage,small_mlp,G1+G2,2,62,brier_score,0.2216629708469261,0.22166297084692613,2.7755575615628914e-17,True
late_stage,small_mlp,G1+G2,2,62,pr_auc_macro,0.938475390376107,0.938475390376107,0.0,True
late_stage,small_mlp,G1+G2,2,62,ece_top_label_equal_width_10,0.0823155823245222,0.0823155823245221,9.71445146547012e-17,True
late_stage,small_mlp,G1+G2,2,72,accuracy,0.8571428571428571,0.8571428571428571,0.0,True
late_stage,small_mlp,G1+G2,2,72,macro_f1,0.8562271062271063,0.8562271062271063,0.0,True
late_stage,small_mlp,G1+G2,2,72,weighted_f1,0.8569248212105355,0.8569248212105355,0.0,True
late_stage,small_mlp,G1+G2,2,72,balanced_accuracy,0.8436438113857468,0.8436438113857468,0.0,True
late_stage,small_mlp,G1+G2,2,72,quadratic_weighted_kappa,0.8452088452088452,0.8452088452088452,0.0,True
late_stage,small_mlp,G1+G2,2,72,ordinal_mae,0.1428571428571428,0.14285714285714285,5.551115123125783e-17,True
late_stage,small_mlp,G1+G2,2,72,brier_score,0.2220930262603765,0.22209302626037655,5.551115123125783e-17,True
late_stage,small_mlp,G1+G2,2,72,pr_auc_macro,0.9293767269776096,0.9293767269776095,1.1102230246251565e-16,True
late_stage,small_mlp,G1+G2,2,72,ece_top_label_equal_width_10,0.0672480526727763,0.06724805267277634,4.163336342344337e-17,True
late_stage,small_mlp,G1+G2,2,82,accuracy,0.8571428571428571,0.8571428571428571,0.0,True
late_stage,small_mlp,G1+G2,2,82,macro_f1,0.8571428571428571,0.8571428571428571,0.0,True
late_stage,small_mlp,G1+G2,2,82,weighted_f1,0.8571428571428571,0.8571428571428571,0.0,True
late_stage,small_mlp,G1+G2,2,82,balanced_accuracy,0.8487641390867197,0.8487641390867197,0.0,True
late_stage,small_mlp,G1+G2,2,82,quadratic_weighted_kappa,0.848759669245132,0.848759669245132,0.0,True
late_stage,small_mlp,G1+G2,2,82,ordinal_mae,0.1428571428571428,0.14285714285714285,5.551115123125783e-17,True
late_stage,small_mlp,G1+G2,2,82,brier_score,0.2226353640670316,0.22263536406703158,2.7755575615628914e-17,True
late_stage,small_mlp,G1+G2,2,82,pr_auc_macro,0.9329031551737718,0.9329031551737718,0.0,True
late_stage,small_mlp,G1+G2,2,82,ece_top_label_equal_width_10,0.061629839803121,0.06162983980312101,1.3877787807814457e-17,True
late_stage,small_mlp,G1+G2,3,42,accuracy,0.9047619047619048,0.9047619047619048,0.0,True
late_stage,small_mlp,G1+G2,3,42,macro_f1,0.9041055718475074,0.9041055718475074,0.0,True
late_stage,small_mlp,G1+G2,3,42,weighted_f1,0.9046176046176048,0.9046176046176047,1.1102230246251565e-16,True
late_stage,small_mlp,G1+G2,3,42,balanced_accuracy,0.8912628590047945,0.8912628590047945,0.0,True
late_stage,small_mlp,G1+G2,3,42,quadratic_weighted_kappa,0.8992537313432836,0.8992537313432836,0.0,True
late_stage,small_mlp,G1+G2,3,42,ordinal_mae,0.0952380952380952,0.09523809523809523,2.7755575615628914e-17,True
late_stage,small_mlp,G1+G2,3,42,brier_score,0.1506761085840196,0.15067610858401964,2.7755575615628914e-17,True
late_stage,small_mlp,G1+G2,3,42,pr_auc_macro,0.9839759581104818,0.9839759581104818,0.0,True
late_stage,small_mlp,G1+G2,3,42,ece_top_label_equal_width_10,0.0962916404286575,0.09629164042865754,4.163336342344337e-17,True
late_stage,small_mlp,G1+G2,3,52,accuracy,0.9047619047619048,0.9047619047619048,0.0,True
late_stage,small_mlp,G1+G2,3,52,macro_f1,0.9041055718475074,0.9041055718475074,0.0,True
late_stage,small_mlp,G1+G2,3,52,weighted_f1,0.9046176046176048,0.9046176046176047,1.1102230246251565e-16,True
late_stage,small_mlp,G1+G2,3,52,balanced_accuracy,0.8912628590047945,0.8912628590047945,0.0,True
late_stage,small_mlp,G1+G2,3,52,quadratic_weighted_kappa,0.8992537313432836,0.8992537313432836,0.0,True
late_stage,small_mlp,G1+G2,3,52,ordinal_mae,0.0952380952380952,0.09523809523809523,2.7755575615628914e-17,True
late_stage,small_mlp,G1+G2,3,52,brier_score,0.1773499724684353,0.1773499724684353,0.0,True
late_stage,small_mlp,G1+G2,3,52,pr_auc_macro,0.9776396723470548,0.9776396723470547,1.1102230246251565e-16,True
late_stage,small_mlp,G1+G2,3,52,ece_top_label_equal_width_10,0.1252250496672141,0.12522504966721418,8.326672684688674e-17,True
late_stage,small_mlp,G1+G2,3,62,accuracy,0.873015873015873,0.873015873015873,0.0,True
late_stage,small_mlp,G1+G2,3,62,macro_f1,0.8539562289562289,0.8539562289562289,0.0,True
late_stage,small_mlp,G1+G2,3,62,weighted_f1,0.8693883277216611,0.8693883277216611,0.0,True
late_stage,small_mlp,G1+G2,3,62,balanced_accuracy,0.8306567983987337,0.8306567983987337,0.0,True
late_stage,small_mlp,G1+G2,3,62,quadratic_weighted_kappa,0.8594534300055773,0.8594534300055773,0.0,True
late_stage,small_mlp,G1+G2,3,62,ordinal_mae,0.1269841269841269,0.12698412698412698,8.326672684688674e-17,True
late_stage,small_mlp,G1+G2,3,62,brier_score,0.1833163412919195,0.18331634129191957,5.551115123125783e-17,True
late_stage,small_mlp,G1+G2,3,62,pr_auc_macro,0.9662468192984792,0.9662468192984791,1.1102230246251565e-16,True
late_stage,small_mlp,G1+G2,3,62,ece_top_label_equal_width_10,0.1189207637784134,0.11892076377841347,6.938893903907228e-17,True
late_stage,small_mlp,G1+G2,3,72,accuracy,0.8888888888888888,0.8888888888888888,0.0,True
late_stage,small_mlp,G1+G2,3,72,macro_f1,0.8666666666666667,0.8666666666666667,0.0,True
late_stage,small_mlp,G1+G2,3,72,weighted_f1,0.8843033509700176,0.8843033509700176,0.0,True
late_stage,small_mlp,G1+G2,3,72,balanced_accuracy,0.8465298142717498,0.8465298142717498,0.0,True
late_stage,small_mlp,G1+G2,3,72,quadratic_weighted_kappa,0.8784789198126206,0.8784789198126206,0.0,True
late_stage,small_mlp,G1+G2,3,72,ordinal_mae,0.1111111111111111,0.1111111111111111,0.0,True
late_stage,small_mlp,G1+G2,3,72,brier_score,0.1653900075214548,0.16539000752145486,5.551115123125783e-17,True
late_stage,small_mlp,G1+G2,3,72,pr_auc_macro,0.9773959826243144,0.9773959826243143,1.1102230246251565e-16,True
late_stage,small_mlp,G1+G2,3,72,ece_top_label_equal_width_10,0.1181214645032722,0.11812146450327227,6.938893903907228e-17,True
late_stage,small_mlp,G1+G2,3,82,accuracy,0.8888888888888888,0.8888888888888888,0.0,True
late_stage,small_mlp,G1+G2,3,82,macro_f1,0.8916576511599952,0.8916576511599952,0.0,True
late_stage,small_mlp,G1+G2,3,82,weighted_f1,0.8886982753192634,0.8886982753192634,0.0,True
late_stage,small_mlp,G1+G2,3,82,balanced_accuracy,0.8856304985337244,0.8856304985337244,0.0,True
late_stage,small_mlp,G1+G2,3,82,quadratic_weighted_kappa,0.8863694923988663,0.8863694923988663,0.0,True
late_stage,small_mlp,G1+G2,3,82,ordinal_mae,0.1111111111111111,0.1111111111111111,0.0,True
late_stage,small_mlp,G1+G2,3,82,brier_score,0.162930602246241,0.16293060224624098,2.7755575615628914e-17,True
late_stage,small_mlp,G1+G2,3,82,pr_auc_macro,0.9787217604183902,0.9787217604183902,0.0,True
late_stage,small_mlp,G1+G2,3,82,ece_top_label_equal_width_10,0.0851609284313275,0.08516092843132753,2.7755575615628914e-17,True
late_stage,small_mlp,G1+G2,4,42,accuracy,0.8571428571428571,0.8571428571428571,0.0,True
late_stage,small_mlp,G1+G2,4,42,macro_f1,0.8627123363965469,0.8627123363965469,0.0,True
late_stage,small_mlp,G1+G2,4,42,weighted_f1,0.8557902693241038,0.8557902693241038,0.0,True
late_stage,small_mlp,G1+G2,4,42,balanced_accuracy,0.8913978494623657,0.8913978494623657,0.0,True
late_stage,small_mlp,G1+G2,4,42,quadratic_weighted_kappa,0.8661157024793389,0.8661157024793389,0.0,True
late_stage,small_mlp,G1+G2,4,42,ordinal_mae,0.1428571428571428,0.14285714285714285,5.551115123125783e-17,True
late_stage,small_mlp,G1+G2,4,42,brier_score,0.1862229704189108,0.1862229704189109,8.326672684688674e-17,True
late_stage,small_mlp,G1+G2,4,42,pr_auc_macro,0.9519312505523634,0.9519312505523634,0.0,True
late_stage,small_mlp,G1+G2,4,42,ece_top_label_equal_width_10,0.0338262917380734,0.03382629173807341,6.938893903907228e-18,True
late_stage,small_mlp,G1+G2,4,52,accuracy,0.9047619047619048,0.9047619047619048,0.0,True
late_stage,small_mlp,G1+G2,4,52,macro_f1,0.919047619047619,0.919047619047619,0.0,True
late_stage,small_mlp,G1+G2,4,52,weighted_f1,0.9054421768707483,0.9054421768707483,0.0,True
late_stage,small_mlp,G1+G2,4,52,balanced_accuracy,0.9236559139784948,0.9236559139784947,1.1102230246251565e-16,True
late_stage,small_mlp,G1+G2,4,52,quadratic_weighted_kappa,0.9054527263631816,0.9054527263631816,0.0,True
late_stage,small_mlp,G1+G2,4,52,ordinal_mae,0.0952380952380952,0.09523809523809523,2.7755575615628914e-17,True
late_stage,small_mlp,G1+G2,4,52,brier_score,0.1771520765440493,0.17715207654404935,5.551115123125783e-17,True
late_stage,small_mlp,G1+G2,4,52,pr_auc_macro,0.9555117657145558,0.9555117657145558,0.0,True
late_stage,small_mlp,G1+G2,4,52,ece_top_label_equal_width_10,0.0702834024156606,0.07028340241566068,8.326672684688674e-17,True
late_stage,small_mlp,G1+G2,4,62,accuracy,0.8571428571428571,0.8571428571428571,0.0,True
late_stage,small_mlp,G1+G2,4,62,macro_f1,0.8627123363965469,0.8627123363965469,0.0,True
late_stage,small_mlp,G1+G2,4,62,weighted_f1,0.8557902693241038,0.8557902693241038,0.0,True
late_stage,small_mlp,G1+G2,4,62,balanced_accuracy,0.8913978494623657,0.8913978494623657,0.0,True
late_stage,small_mlp,G1+G2,4,62,quadratic_weighted_kappa,0.8661157024793389,0.8661157024793389,0.0,True
late_stage,small_mlp,G1+G2,4,62,ordinal_mae,0.1428571428571428,0.14285714285714285,5.551115123125783e-17,True
late_stage,small_mlp,G1+G2,4,62,brier_score,0.1786989489973041,0.17869894899730407,2.7755575615628914e-17,True
late_stage,small_mlp,G1+G2,4,62,pr_auc_macro,0.955176520823792,0.9551765208237919,1.1102230246251565e-16,True
late_stage,small_mlp,G1+G2,4,62,ece_top_label_equal_width_10,0.0352632570809398,0.03526325708093984,3.469446951953614e-17,True
late_stage,small_mlp,G1+G2,4,72,accuracy,0.9047619047619048,0.9047619047619048,0.0,True
late_stage,small_mlp,G1+G2,4,72,macro_f1,0.919047619047619,0.919047619047619,0.0,True
late_stage,small_mlp,G1+G2,4,72,weighted_f1,0.9054421768707483,0.9054421768707483,0.0,True
late_stage,small_mlp,G1+G2,4,72,balanced_accuracy,0.9236559139784948,0.9236559139784947,1.1102230246251565e-16,True
late_stage,small_mlp,G1+G2,4,72,quadratic_weighted_kappa,0.9054527263631816,0.9054527263631816,0.0,True
late_stage,small_mlp,G1+G2,4,72,ordinal_mae,0.0952380952380952,0.09523809523809523,2.7755575615628914e-17,True
late_stage,small_mlp,G1+G2,4,72,brier_score,0.1788573784070333,0.17885737840703334,2.7755575615628914e-17,True
late_stage,small_mlp,G1+G2,4,72,pr_auc_macro,0.9553575874845218,0.9553575874845218,0.0,True
late_stage,small_mlp,G1+G2,4,72,ece_top_label_equal_width_10,0.0742265233271088,0.07422652332710881,1.3877787807814457e-17,True
late_stage,small_mlp,G1+G2,4,82,accuracy,0.8571428571428571,0.8571428571428571,0.0,True
late_stage,small_mlp,G1+G2,4,82,macro_f1,0.8627123363965469,0.8627123363965469,0.0,True
late_stage,small_mlp,G1+G2,4,82,weighted_f1,0.8557902693241038,0.8557902693241038,0.0,True
late_stage,small_mlp,G1+G2,4,82,balanced_accuracy,0.8913978494623657,0.8913978494623657,0.0,True
late_stage,small_mlp,G1+G2,4,82,quadratic_weighted_kappa,0.8661157024793389,0.8661157024793389,0.0,True
late_stage,small_mlp,G1+G2,4,82,ordinal_mae,0.1428571428571428,0.14285714285714285,5.551115123125783e-17,True
late_stage,small_mlp,G1+G2,4,82,brier_score,0.1806210176682065,0.18062101766820654,2.7755575615628914e-17,True
late_stage,small_mlp,G1+G2,4,82,pr_auc_macro,0.9557592482201028,0.9557592482201028,0.0,True
late_stage,small_mlp,G1+G2,4,82,ece_top_label_equal_width_10,0.0545470179633448,0.05454701796334484,3.469446951953614e-17,True
