recommendation_instance_id,goal_id,goal_type,title,description,baseline,target,measurement_method,start_date,target_date,priority,status,evidence_codes,policy_version
d8644aea7fcc180a383d1738,goal_week4_progress,learning_path,Complete the advisor-confirmed four-week learning path,Complete at least 80% of scheduled learning-path actions over four weeks.,completion_not_started,at_least_80_percent_action_completion,follow_up_completion_records,advisor_to_set,four_weeks_after_advisor_approval,1,draft,"['trajectory_upward', 'low_predicted_achievement']",strategy_b_governed_learning_path_v1
bd254bea588e56b3cf978b2d,goal_week4_progress,learning_path,Complete the advisor-confirmed four-week learning path,Complete at least 80% of scheduled learning-path actions over four weeks.,completion_not_started,at_least_80_percent_action_completion,follow_up_completion_records,advisor_to_set,four_weeks_after_advisor_approval,1,draft,"['trajectory_downward', 'high_predicted_achievement']",strategy_b_governed_learning_path_v1
6b85bd049ec136af69f33821,goal_week4_progress,learning_path,Complete the advisor-confirmed four-week learning path,Complete at least 80% of scheduled learning-path actions over four weeks.,completion_not_started,at_least_80_percent_action_completion,follow_up_completion_records,advisor_to_set,four_weeks_after_advisor_approval,1,draft,"['trajectory_upward', 'medium_predicted_achievement']",strategy_b_governed_learning_path_v1
ccdb397908bdcff552e1ae3e,goal_week4_progress,learning_path,Complete the advisor-confirmed four-week learning path,Complete at least 80% of scheduled learning-path actions over four weeks.,completion_not_started,at_least_80_percent_action_completion,follow_up_completion_records,advisor_to_set,four_weeks_after_advisor_approval,1,draft,"['trajectory_stable', 'high_predicted_achievement']",strategy_b_governed_learning_path_v1
6950eae49a1bff0873a81ccd,goal_week4_progress,learning_path,Complete the advisor-confirmed four-week learning path,Complete at least 80% of scheduled learning-path actions over four weeks.,completion_not_started,at_least_80_percent_action_completion,follow_up_completion_records,advisor_to_set,four_weeks_after_advisor_approval,1,draft,"['trajectory_stable', 'medium_predicted_achievement']",strategy_b_governed_learning_path_v1
d7f2fc9c4d61f2b584223338,goal_week4_progress,learning_path,Complete the advisor-confirmed four-week learning path,Complete at least 80% of scheduled learning-path actions over four weeks.,completion_not_started,at_least_80_percent_action_completion,follow_up_completion_records,advisor_to_set,four_weeks_after_advisor_approval,1,draft,"['trajectory_upward', 'high_predicted_achievement']",strategy_b_governed_learning_path_v1
4ed040f46b6bb617a5c63928,goal_week4_progress,learning_path,Complete the advisor-confirmed four-week learning path,Complete at least 80% of scheduled learning-path actions over four weeks.,completion_not_started,at_least_80_percent_action_completion,follow_up_completion_records,advisor_to_set,four_weeks_after_advisor_approval,1,draft,"['trajectory_downward', 'low_predicted_achievement']",strategy_b_governed_learning_path_v1
f4ec69205cd03474a20ae849,goal_week4_progress,learning_path,Complete the advisor-confirmed four-week learning path,Complete at least 80% of scheduled learning-path actions over four weeks.,completion_not_started,at_least_80_percent_action_completion,follow_up_completion_records,advisor_to_set,four_weeks_after_advisor_approval,1,draft,"['trajectory_upward', 'medium_predicted_achievement']",strategy_b_governed_learning_path_v1
0846b14ed9ecea61327b70e9,goal_week4_progress,learning_path,Complete the advisor-confirmed four-week learning path,Complete at least 80% of scheduled learning-path actions over four weeks.,completion_not_started,at_least_80_percent_action_completion,follow_up_completion_records,advisor_to_set,four_weeks_after_advisor_approval,1,draft,"['trajectory_stable', 'medium_predicted_achievement']",strategy_b_governed_learning_path_v1
4c4f1ba38bd24315b761c808,goal_week4_progress,learning_path,Complete the advisor-confirmed four-week learning path,Complete at least 80% of scheduled learning-path actions over four weeks.,completion_not_started,at_least_80_percent_action_completion,follow_up_completion_records,advisor_to_set,four_weeks_after_advisor_approval,1,draft,"['trajectory_upward', 'high_predicted_achievement']",strategy_b_governed_learning_path_v1
49aeb9cf9a48383c2ac7d059,goal_week4_progress,learning_path,Complete the advisor-confirmed four-week learning path,Complete at least 80% of scheduled learning-path actions over four weeks.,completion_not_started,at_least_80_percent_action_completion,follow_up_completion_records,advisor_to_set,four_weeks_after_advisor_approval,1,draft,"['trajectory_stable', 'medium_predicted_achievement']",strategy_b_governed_learning_path_v1
a3e6009a859834ee57b0b4ec,goal_week4_progress,learning_path,Complete the advisor-confirmed four-week learning path,Complete at least 80% of scheduled learning-path actions over four weeks.,completion_not_started,at_least_80_percent_action_completion,follow_up_completion_records,advisor_to_set,four_weeks_after_advisor_approval,1,draft,"['trajectory_upward', 'medium_predicted_achievement']",strategy_b_governed_learning_path_v1
7422aa164edcac2ba589e108,goal_week4_progress,learning_path,Complete the advisor-confirmed four-week learning path,Complete at least 80% of scheduled learning-path actions over four weeks.,completion_not_started,at_least_80_percent_action_completion,follow_up_completion_records,advisor_to_set,four_weeks_after_advisor_approval,1,draft,"['trajectory_upward', 'low_predicted_achievement']",strategy_b_governed_learning_path_v1
bda34be5675c2f248331a8d4,goal_week4_progress,learning_path,Complete the advisor-confirmed four-week learning path,Complete at least 80% of scheduled learning-path actions over four weeks.,completion_not_started,at_least_80_percent_action_completion,follow_up_completion_records,advisor_to_set,four_weeks_after_advisor_approval,1,draft,"['trajectory_downward', 'low_predicted_achievement']",strategy_b_governed_learning_path_v1
a1e01dc51aa189cda598f6aa,goal_week4_progress,learning_path,Complete the advisor-confirmed four-week learning path,Complete at least 80% of scheduled learning-path actions over four weeks.,completion_not_started,at_least_80_percent_action_completion,follow_up_completion_records,advisor_to_set,four_weeks_after_advisor_approval,1,draft,"['trajectory_upward', 'low_predicted_achievement']",strategy_b_governed_learning_path_v1
dd66b9a9850c3d7fd84fe4e8,goal_week4_progress,learning_path,Complete the advisor-confirmed four-week learning path,Complete at least 80% of scheduled learning-path actions over four weeks.,completion_not_started,at_least_80_percent_action_completion,follow_up_completion_records,advisor_to_set,four_weeks_after_advisor_approval,1,draft,"['trajectory_upward', 'medium_predicted_achievement']",strategy_b_governed_learning_path_v1
33d81bc79f0342eaec01b031,goal_week4_progress,learning_path,Complete the advisor-confirmed four-week learning path,Complete at least 80% of scheduled learning-path actions over four weeks.,completion_not_started,at_least_80_percent_action_completion,follow_up_completion_records,advisor_to_set,four_weeks_after_advisor_approval,1,draft,"['trajectory_upward', 'medium_predicted_achievement']",strategy_b_governed_learning_path_v1
dcf35568d8e7847dbe41ebd7,goal_week4_progress,learning_path,Complete the advisor-confirmed four-week learning path,Complete at least 80% of scheduled learning-path actions over four weeks.,completion_not_started,at_least_80_percent_action_completion,follow_up_completion_records,advisor_to_set,four_weeks_after_advisor_approval,1,draft,"['trajectory_stable', 'high_predicted_achievement']",strategy_b_governed_learning_path_v1
5fd37de84ede35d924b9288b,goal_week4_progress,learning_path,Complete the advisor-confirmed four-week learning path,Complete at least 80% of scheduled learning-path actions over four weeks.,completion_not_started,at_least_80_percent_action_completion,follow_up_completion_records,advisor_to_set,four_weeks_after_advisor_approval,1,draft,"['trajectory_stable', 'medium_predicted_achievement']",strategy_b_governed_learning_path_v1
d2ce9f55b9721c136ddd4ac9,goal_week4_progress,learning_path,Complete the advisor-confirmed four-week learning path,Complete at least 80% of scheduled learning-path actions over four weeks.,completion_not_started,at_least_80_percent_action_completion,follow_up_completion_records,advisor_to_set,four_weeks_after_advisor_approval,1,draft,"['trajectory_downward', 'medium_predicted_achievement']",strategy_b_governed_learning_path_v1
7592d121a271ec6c60ff5ed4,goal_week4_progress,learning_path,Complete the advisor-confirmed four-week learning path,Complete at least 80% of scheduled learning-path actions over four weeks.,completion_not_started,at_least_80_percent_action_completion,follow_up_completion_records,advisor_to_set,four_weeks_after_advisor_approval,1,draft,"['trajectory_upward', 'low_predicted_achievement']",strategy_b_governed_learning_path_v1
b0871af43d66a8a088b94f4b,goal_week4_progress,learning_path,Complete the advisor-confirmed four-week learning path,Complete at least 80% of scheduled learning-path actions over four weeks.,completion_not_started,at_least_80_percent_action_completion,follow_up_completion_records,advisor_to_set,four_weeks_after_advisor_approval,1,draft,"['trajectory_stable', 'medium_predicted_achievement']",strategy_b_governed_learning_path_v1
35467b8b5f8ecea609159429,goal_week4_progress,learning_path,Complete the advisor-confirmed four-week learning path,Complete at least 80% of scheduled learning-path actions over four weeks.,completion_not_started,at_least_80_percent_action_completion,follow_up_completion_records,advisor_to_set,four_weeks_after_advisor_approval,1,draft,"['trajectory_upward', 'high_predicted_achievement']",strategy_b_governed_learning_path_v1
64e287ac5e7190e07de88135,goal_week4_progress,learning_path,Complete the advisor-confirmed four-week learning path,Complete at least 80% of scheduled learning-path actions over four weeks.,completion_not_started,at_least_80_percent_action_completion,follow_up_completion_records,advisor_to_set,four_weeks_after_advisor_approval,1,draft,"['trajectory_upward', 'medium_predicted_achievement']",strategy_b_governed_learning_path_v1
63f6fc123d86b5d7b65c693b,goal_week4_progress,learning_path,Complete the advisor-confirmed four-week learning path,Complete at least 80% of scheduled learning-path actions over four weeks.,completion_not_started,at_least_80_percent_action_completion,follow_up_completion_records,advisor_to_set,four_weeks_after_advisor_approval,1,draft,"['trajectory_downward', 'high_predicted_achievement']",strategy_b_governed_learning_path_v1
21fac501529502635c7a26bc,goal_week4_progress,learning_path,Complete the advisor-confirmed four-week learning path,Complete at least 80% of scheduled learning-path actions over four weeks.,completion_not_started,at_least_80_percent_action_completion,follow_up_completion_records,advisor_to_set,four_weeks_after_advisor_approval,1,draft,"['trajectory_downward', 'high_predicted_achievement']",strategy_b_governed_learning_path_v1
da06f8b72909b9a7ee4fa9ff,goal_week4_progress,learning_path,Complete the advisor-confirmed four-week learning path,Complete at least 80% of scheduled learning-path actions over four weeks.,completion_not_started,at_least_80_percent_action_completion,follow_up_completion_records,advisor_to_set,four_weeks_after_advisor_approval,1,draft,"['trajectory_upward', 'medium_predicted_achievement']",strategy_b_governed_learning_path_v1
7e5df9178c5d95ecb5f34f43,goal_week4_progress,learning_path,Complete the advisor-confirmed four-week learning path,Complete at least 80% of scheduled learning-path actions over four weeks.,completion_not_started,at_least_80_percent_action_completion,follow_up_completion_records,advisor_to_set,four_weeks_after_advisor_approval,1,draft,"['trajectory_upward', 'medium_predicted_achievement']",strategy_b_governed_learning_path_v1
528547e8221314519893e476,goal_week4_progress,learning_path,Complete the advisor-confirmed four-week learning path,Complete at least 80% of scheduled learning-path actions over four weeks.,completion_not_started,at_least_80_percent_action_completion,follow_up_completion_records,advisor_to_set,four_weeks_after_advisor_approval,1,draft,"['trajectory_downward', 'low_predicted_achievement']",strategy_b_governed_learning_path_v1
0597e9c147362adb42d45f41,goal_week4_progress,learning_path,Complete the advisor-confirmed four-week learning path,Complete at least 80% of scheduled learning-path actions over four weeks.,completion_not_started,at_least_80_percent_action_completion,follow_up_completion_records,advisor_to_set,four_weeks_after_advisor_approval,1,draft,"['trajectory_upward', 'high_predicted_achievement']",strategy_b_governed_learning_path_v1
c6e37cff19de9f84d8c79bdc,goal_week4_progress,learning_path,Complete the advisor-confirmed four-week learning path,Complete at least 80% of scheduled learning-path actions over four weeks.,completion_not_started,at_least_80_percent_action_completion,follow_up_completion_records,advisor_to_set,four_weeks_after_advisor_approval,1,draft,"['trajectory_upward', 'high_predicted_achievement']",strategy_b_governed_learning_path_v1
3629913c1d6aa329338107b9,goal_week4_progress,learning_path,Complete the advisor-confirmed four-week learning path,Complete at least 80% of scheduled learning-path actions over four weeks.,completion_not_started,at_least_80_percent_action_completion,follow_up_completion_records,advisor_to_set,four_weeks_after_advisor_approval,1,draft,"['trajectory_stable', 'medium_predicted_achievement']",strategy_b_governed_learning_path_v1
eb1086924b137a3ec2d04b28,goal_week4_progress,learning_path,Complete the advisor-confirmed four-week learning path,Complete at least 80% of scheduled learning-path actions over four weeks.,completion_not_started,at_least_80_percent_action_completion,follow_up_completion_records,advisor_to_set,four_weeks_after_advisor_approval,1,draft,"['trajectory_downward', 'medium_predicted_achievement']",strategy_b_governed_learning_path_v1
008e8839b45cd59ce8f352d9,goal_week4_progress,learning_path,Complete the advisor-confirmed four-week learning path,Complete at least 80% of scheduled learning-path actions over four weeks.,completion_not_started,at_least_80_percent_action_completion,follow_up_completion_records,advisor_to_set,four_weeks_after_advisor_approval,1,draft,"['trajectory_upward', 'medium_predicted_achievement']",strategy_b_governed_learning_path_v1
4b331ede511e5bbf05fbb99d,goal_week4_progress,learning_path,Complete the advisor-confirmed four-week learning path,Complete at least 80% of scheduled learning-path actions over four weeks.,completion_not_started,at_least_80_percent_action_completion,follow_up_completion_records,advisor_to_set,four_weeks_after_advisor_approval,1,draft,"['trajectory_stable', 'medium_predicted_achievement']",strategy_b_governed_learning_path_v1
425a5171c7ea74956d8edf65,goal_week4_progress,learning_path,Complete the advisor-confirmed four-week learning path,Complete at least 80% of scheduled learning-path actions over four weeks.,completion_not_started,at_least_80_percent_action_completion,follow_up_completion_records,advisor_to_set,four_weeks_after_advisor_approval,1,draft,"['trajectory_downward', 'high_predicted_achievement']",strategy_b_governed_learning_path_v1
b75b5886c0db9c31ac9cc29b,goal_week4_progress,learning_path,Complete the advisor-confirmed four-week learning path,Complete at least 80% of scheduled learning-path actions over four weeks.,completion_not_started,at_least_80_percent_action_completion,follow_up_completion_records,advisor_to_set,four_weeks_after_advisor_approval,1,draft,"['trajectory_stable', 'low_predicted_achievement']",strategy_b_governed_learning_path_v1
2797d6e85fde71ee4176ccf2,goal_week4_progress,learning_path,Complete the advisor-confirmed four-week learning path,Complete at least 80% of scheduled learning-path actions over four weeks.,completion_not_started,at_least_80_percent_action_completion,follow_up_completion_records,advisor_to_set,four_weeks_after_advisor_approval,1,draft,"['trajectory_stable', 'medium_predicted_achievement']",strategy_b_governed_learning_path_v1
f021fe0c49e3a38e0fe678f3,goal_week4_progress,learning_path,Complete the advisor-confirmed four-week learning path,Complete at least 80% of scheduled learning-path actions over four weeks.,completion_not_started,at_least_80_percent_action_completion,follow_up_completion_records,advisor_to_set,four_weeks_after_advisor_approval,1,draft,"['trajectory_stable', 'low_predicted_achievement']",strategy_b_governed_learning_path_v1
f4fb13f55ea431389572eb2b,goal_week4_progress,learning_path,Complete the advisor-confirmed four-week learning path,Complete at least 80% of scheduled learning-path actions over four weeks.,completion_not_started,at_least_80_percent_action_completion,follow_up_completion_records,advisor_to_set,four_weeks_after_advisor_approval,1,draft,"['trajectory_upward', 'medium_predicted_achievement']",strategy_b_governed_learning_path_v1
438733a851ab7514da0249ec,goal_week4_progress,learning_path,Complete the advisor-confirmed four-week learning path,Complete at least 80% of scheduled learning-path actions over four weeks.,completion_not_started,at_least_80_percent_action_completion,follow_up_completion_records,advisor_to_set,four_weeks_after_advisor_approval,1,draft,"['trajectory_stable', 'high_predicted_achievement']",strategy_b_governed_learning_path_v1
7bde2d9505d931d34b6c727b,goal_week4_progress,learning_path,Complete the advisor-confirmed four-week learning path,Complete at least 80% of scheduled learning-path actions over four weeks.,completion_not_started,at_least_80_percent_action_completion,follow_up_completion_records,advisor_to_set,four_weeks_after_advisor_approval,1,draft,"['trajectory_stable', 'high_predicted_achievement']",strategy_b_governed_learning_path_v1
3f34b7b96457176b97aec108,goal_week4_progress,learning_path,Complete the advisor-confirmed four-week learning path,Complete at least 80% of scheduled learning-path actions over four weeks.,completion_not_started,at_least_80_percent_action_completion,follow_up_completion_records,advisor_to_set,four_weeks_after_advisor_approval,1,draft,"['trajectory_stable', 'low_predicted_achievement']",strategy_b_governed_learning_path_v1
8be5fd53b0442b97610c5285,goal_week4_progress,learning_path,Complete the advisor-confirmed four-week learning path,Complete at least 80% of scheduled learning-path actions over four weeks.,completion_not_started,at_least_80_percent_action_completion,follow_up_completion_records,advisor_to_set,four_weeks_after_advisor_approval,1,draft,"['trajectory_upward', 'medium_predicted_achievement']",strategy_b_governed_learning_path_v1
d04f845cc63d8e20c4d0f246,goal_week4_progress,learning_path,Complete the advisor-confirmed four-week learning path,Complete at least 80% of scheduled learning-path actions over four weeks.,completion_not_started,at_least_80_percent_action_completion,follow_up_completion_records,advisor_to_set,four_weeks_after_advisor_approval,1,draft,"['trajectory_upward', 'medium_predicted_achievement']",strategy_b_governed_learning_path_v1
aaa03fbb58581adb259a49fa,goal_week4_progress,learning_path,Complete the advisor-confirmed four-week learning path,Complete at least 80% of scheduled learning-path actions over four weeks.,completion_not_started,at_least_80_percent_action_completion,follow_up_completion_records,advisor_to_set,four_weeks_after_advisor_approval,1,draft,"['trajectory_stable', 'medium_predicted_achievement']",strategy_b_governed_learning_path_v1
00906b547135d6d24ab9aa12,goal_week4_progress,learning_path,Complete the advisor-confirmed four-week learning path,Complete at least 80% of scheduled learning-path actions over four weeks.,completion_not_started,at_least_80_percent_action_completion,follow_up_completion_records,advisor_to_set,four_weeks_after_advisor_approval,1,draft,"['trajectory_upward', 'high_predicted_achievement']",strategy_b_governed_learning_path_v1
e52418eae200a4788bb33dc7,goal_week4_progress,learning_path,Complete the advisor-confirmed four-week learning path,Complete at least 80% of scheduled learning-path actions over four weeks.,completion_not_started,at_least_80_percent_action_completion,follow_up_completion_records,advisor_to_set,four_weeks_after_advisor_approval,1,draft,"['trajectory_upward', 'medium_predicted_achievement']",strategy_b_governed_learning_path_v1
713c39cb2b511f302823a04c,goal_week4_progress,learning_path,Complete the advisor-confirmed four-week learning path,Complete at least 80% of scheduled learning-path actions over four weeks.,completion_not_started,at_least_80_percent_action_completion,follow_up_completion_records,advisor_to_set,four_weeks_after_advisor_approval,1,draft,"['trajectory_upward', 'medium_predicted_achievement']",strategy_b_governed_learning_path_v1
0e67374830a1f2aef70de67f,goal_week4_progress,learning_path,Complete the advisor-confirmed four-week learning path,Complete at least 80% of scheduled learning-path actions over four weeks.,completion_not_started,at_least_80_percent_action_completion,follow_up_completion_records,advisor_to_set,four_weeks_after_advisor_approval,1,draft,"['trajectory_downward', 'low_predicted_achievement']",strategy_b_governed_learning_path_v1
c5375527746712d50f8ab172,goal_week4_progress,learning_path,Complete the advisor-confirmed four-week learning path,Complete at least 80% of scheduled learning-path actions over four weeks.,completion_not_started,at_least_80_percent_action_completion,follow_up_completion_records,advisor_to_set,four_weeks_after_advisor_approval,1,draft,"['trajectory_upward', 'medium_predicted_achievement']",strategy_b_governed_learning_path_v1
f384bc5d635a130a1cc28a34,goal_week4_progress,learning_path,Complete the advisor-confirmed four-week learning path,Complete at least 80% of scheduled learning-path actions over four weeks.,completion_not_started,at_least_80_percent_action_completion,follow_up_completion_records,advisor_to_set,four_weeks_after_advisor_approval,1,draft,"['trajectory_downward', 'low_predicted_achievement']",strategy_b_governed_learning_path_v1
9bb22233bcad044e5ba40122,goal_week4_progress,learning_path,Complete the advisor-confirmed four-week learning path,Complete at least 80% of scheduled learning-path actions over four weeks.,completion_not_started,at_least_80_percent_action_completion,follow_up_completion_records,advisor_to_set,four_weeks_after_advisor_approval,1,draft,"['trajectory_stable', 'medium_predicted_achievement']",strategy_b_governed_learning_path_v1
005515130c8a153ddeee265e,goal_week4_progress,learning_path,Complete the advisor-confirmed four-week learning path,Complete at least 80% of scheduled learning-path actions over four weeks.,completion_not_started,at_least_80_percent_action_completion,follow_up_completion_records,advisor_to_set,four_weeks_after_advisor_approval,1,draft,"['trajectory_downward', 'high_predicted_achievement']",strategy_b_governed_learning_path_v1
566ddbf405555ea770f101d4,goal_week4_progress,learning_path,Complete the advisor-confirmed four-week learning path,Complete at least 80% of scheduled learning-path actions over four weeks.,completion_not_started,at_least_80_percent_action_completion,follow_up_completion_records,advisor_to_set,four_weeks_after_advisor_approval,1,draft,"['trajectory_stable', 'medium_predicted_achievement']",strategy_b_governed_learning_path_v1
da0ba421f6a3e3cdeafc84f2,goal_week4_progress,learning_path,Complete the advisor-confirmed four-week learning path,Complete at least 80% of scheduled learning-path actions over four weeks.,completion_not_started,at_least_80_percent_action_completion,follow_up_completion_records,advisor_to_set,four_weeks_after_advisor_approval,1,draft,"['trajectory_upward', 'low_predicted_achievement']",strategy_b_governed_learning_path_v1
7a6d28dd54059364592fa733,goal_week4_progress,learning_path,Complete the advisor-confirmed four-week learning path,Complete at least 80% of scheduled learning-path actions over four weeks.,completion_not_started,at_least_80_percent_action_completion,follow_up_completion_records,advisor_to_set,four_weeks_after_advisor_approval,1,draft,"['trajectory_upward', 'high_predicted_achievement']",strategy_b_governed_learning_path_v1
9dbd4867042374367be39670,goal_week4_progress,learning_path,Complete the advisor-confirmed four-week learning path,Complete at least 80% of scheduled learning-path actions over four weeks.,completion_not_started,at_least_80_percent_action_completion,follow_up_completion_records,advisor_to_set,four_weeks_after_advisor_approval,1,draft,"['trajectory_stable', 'medium_predicted_achievement']",strategy_b_governed_learning_path_v1
2f16ecde46be7d95b63b167f,goal_week4_progress,learning_path,Complete the advisor-confirmed four-week learning path,Complete at least 80% of scheduled learning-path actions over four weeks.,completion_not_started,at_least_80_percent_action_completion,follow_up_completion_records,advisor_to_set,four_weeks_after_advisor_approval,1,draft,"['trajectory_downward', 'low_predicted_achievement']",strategy_b_governed_learning_path_v1
cd52e488e27240781bbfa7cc,goal_week4_progress,learning_path,Complete the advisor-confirmed four-week learning path,Complete at least 80% of scheduled learning-path actions over four weeks.,completion_not_started,at_least_80_percent_action_completion,follow_up_completion_records,advisor_to_set,four_weeks_after_advisor_approval,1,draft,"['trajectory_stable', 'medium_predicted_achievement']",strategy_b_governed_learning_path_v1
fa92fb372f34900c02cf08c4,goal_week4_progress,learning_path,Complete the advisor-confirmed four-week learning path,Complete at least 80% of scheduled learning-path actions over four weeks.,completion_not_started,at_least_80_percent_action_completion,follow_up_completion_records,advisor_to_set,four_weeks_after_advisor_approval,1,draft,"['trajectory_stable', 'medium_predicted_achievement']",strategy_b_governed_learning_path_v1
33256e9db4a88ed50a101355,goal_week4_progress,learning_path,Complete the advisor-confirmed four-week learning path,Complete at least 80% of scheduled learning-path actions over four weeks.,completion_not_started,at_least_80_percent_action_completion,follow_up_completion_records,advisor_to_set,four_weeks_after_advisor_approval,1,draft,"['trajectory_stable', 'low_predicted_achievement']",strategy_b_governed_learning_path_v1
a17d0f541492ed20f929f9a5,goal_week4_progress,learning_path,Complete the advisor-confirmed four-week learning path,Complete at least 80% of scheduled learning-path actions over four weeks.,completion_not_started,at_least_80_percent_action_completion,follow_up_completion_records,advisor_to_set,four_weeks_after_advisor_approval,1,draft,"['trajectory_stable', 'low_predicted_achievement']",strategy_b_governed_learning_path_v1
e88d15bf7372c6372fd9c86b,goal_week4_progress,learning_path,Complete the advisor-confirmed four-week learning path,Complete at least 80% of scheduled learning-path actions over four weeks.,completion_not_started,at_least_80_percent_action_completion,follow_up_completion_records,advisor_to_set,four_weeks_after_advisor_approval,1,draft,"['trajectory_upward', 'medium_predicted_achievement']",strategy_b_governed_learning_path_v1
8fda407fa9dfb25cfc0b690e,goal_week4_progress,learning_path,Complete the advisor-confirmed four-week learning path,Complete at least 80% of scheduled learning-path actions over four weeks.,completion_not_started,at_least_80_percent_action_completion,follow_up_completion_records,advisor_to_set,four_weeks_after_advisor_approval,1,draft,"['trajectory_downward', 'low_predicted_achievement']",strategy_b_governed_learning_path_v1
e11b97505f42cf0670f2b3b8,goal_week4_progress,learning_path,Complete the advisor-confirmed four-week learning path,Complete at least 80% of scheduled learning-path actions over four weeks.,completion_not_started,at_least_80_percent_action_completion,follow_up_completion_records,advisor_to_set,four_weeks_after_advisor_approval,1,draft,"['trajectory_stable', 'high_predicted_achievement']",strategy_b_governed_learning_path_v1
3ec4a8dd07093b264cd73c1a,goal_week4_progress,learning_path,Complete the advisor-confirmed four-week learning path,Complete at least 80% of scheduled learning-path actions over four weeks.,completion_not_started,at_least_80_percent_action_completion,follow_up_completion_records,advisor_to_set,four_weeks_after_advisor_approval,1,draft,"['trajectory_upward', 'medium_predicted_achievement']",strategy_b_governed_learning_path_v1
65cdd9b744c303ee32c8e5e7,goal_week4_progress,learning_path,Complete the advisor-confirmed four-week learning path,Complete at least 80% of scheduled learning-path actions over four weeks.,completion_not_started,at_least_80_percent_action_completion,follow_up_completion_records,advisor_to_set,four_weeks_after_advisor_approval,1,draft,"['trajectory_upward', 'low_predicted_achievement']",strategy_b_governed_learning_path_v1
a44a291e64e4295d740bd6a3,goal_week4_progress,learning_path,Complete the advisor-confirmed four-week learning path,Complete at least 80% of scheduled learning-path actions over four weeks.,completion_not_started,at_least_80_percent_action_completion,follow_up_completion_records,advisor_to_set,four_weeks_after_advisor_approval,1,draft,"['trajectory_upward', 'medium_predicted_achievement']",strategy_b_governed_learning_path_v1
ed53d436bc52c346c602a251,goal_week4_progress,learning_path,Complete the advisor-confirmed four-week learning path,Complete at least 80% of scheduled learning-path actions over four weeks.,completion_not_started,at_least_80_percent_action_completion,follow_up_completion_records,advisor_to_set,four_weeks_after_advisor_approval,1,draft,"['trajectory_stable', 'low_predicted_achievement']",strategy_b_governed_learning_path_v1
1f58ea5e0d27d0a65cf7d31c,goal_week4_progress,learning_path,Complete the advisor-confirmed four-week learning path,Complete at least 80% of scheduled learning-path actions over four weeks.,completion_not_started,at_least_80_percent_action_completion,follow_up_completion_records,advisor_to_set,four_weeks_after_advisor_approval,1,draft,"['trajectory_upward', 'high_predicted_achievement']",strategy_b_governed_learning_path_v1
4a32753d43c9aacfa98a3b07,goal_week4_progress,learning_path,Complete the advisor-confirmed four-week learning path,Complete at least 80% of scheduled learning-path actions over four weeks.,completion_not_started,at_least_80_percent_action_completion,follow_up_completion_records,advisor_to_set,four_weeks_after_advisor_approval,1,draft,"['trajectory_downward', 'medium_predicted_achievement']",strategy_b_governed_learning_path_v1
3bed7f4b5466274ad80e822d,goal_week4_progress,learning_path,Complete the advisor-confirmed four-week learning path,Complete at least 80% of scheduled learning-path actions over four weeks.,completion_not_started,at_least_80_percent_action_completion,follow_up_completion_records,advisor_to_set,four_weeks_after_advisor_approval,1,draft,"['trajectory_upward', 'medium_predicted_achievement']",strategy_b_governed_learning_path_v1
034ed8eb371d5116de1341e8,goal_week4_progress,learning_path,Complete the advisor-confirmed four-week learning path,Complete at least 80% of scheduled learning-path actions over four weeks.,completion_not_started,at_least_80_percent_action_completion,follow_up_completion_records,advisor_to_set,four_weeks_after_advisor_approval,1,draft,"['trajectory_upward', 'medium_predicted_achievement']",strategy_b_governed_learning_path_v1
93cee72dc2d16ac5f6117231,goal_week4_progress,learning_path,Complete the advisor-confirmed four-week learning path,Complete at least 80% of scheduled learning-path actions over four weeks.,completion_not_started,at_least_80_percent_action_completion,follow_up_completion_records,advisor_to_set,four_weeks_after_advisor_approval,1,draft,"['trajectory_upward', 'medium_predicted_achievement']",strategy_b_governed_learning_path_v1
9e10becbef08c78c481d9bd9,goal_week4_progress,learning_path,Complete the advisor-confirmed four-week learning path,Complete at least 80% of scheduled learning-path actions over four weeks.,completion_not_started,at_least_80_percent_action_completion,follow_up_completion_records,advisor_to_set,four_weeks_after_advisor_approval,1,draft,"['trajectory_upward', 'low_predicted_achievement']",strategy_b_governed_learning_path_v1
09cd283ce3180063ed6b7bca,goal_week4_progress,learning_path,Complete the advisor-confirmed four-week learning path,Complete at least 80% of scheduled learning-path actions over four weeks.,completion_not_started,at_least_80_percent_action_completion,follow_up_completion_records,advisor_to_set,four_weeks_after_advisor_approval,1,draft,"['trajectory_upward', 'medium_predicted_achievement']",strategy_b_governed_learning_path_v1
9cc5ad9b456976bd7bc37434,goal_week4_progress,learning_path,Complete the advisor-confirmed four-week learning path,Complete at least 80% of scheduled learning-path actions over four weeks.,completion_not_started,at_least_80_percent_action_completion,follow_up_completion_records,advisor_to_set,four_weeks_after_advisor_approval,1,draft,"['trajectory_upward', 'low_predicted_achievement']",strategy_b_governed_learning_path_v1
b40d9466260c424da59bd77e,goal_week4_progress,learning_path,Complete the advisor-confirmed four-week learning path,Complete at least 80% of scheduled learning-path actions over four weeks.,completion_not_started,at_least_80_percent_action_completion,follow_up_completion_records,advisor_to_set,four_weeks_after_advisor_approval,1,draft,"['trajectory_stable', 'low_predicted_achievement']",strategy_b_governed_learning_path_v1
daf657be3855e5bfc8f5ee7e,goal_week4_progress,learning_path,Complete the advisor-confirmed four-week learning path,Complete at least 80% of scheduled learning-path actions over four weeks.,completion_not_started,at_least_80_percent_action_completion,follow_up_completion_records,advisor_to_set,four_weeks_after_advisor_approval,1,draft,"['trajectory_upward', 'high_predicted_achievement']",strategy_b_governed_learning_path_v1
323a9316bfaa218ec828e4dc,goal_week4_progress,learning_path,Complete the advisor-confirmed four-week learning path,Complete at least 80% of scheduled learning-path actions over four weeks.,completion_not_started,at_least_80_percent_action_completion,follow_up_completion_records,advisor_to_set,four_weeks_after_advisor_approval,1,draft,"['trajectory_upward', 'medium_predicted_achievement']",strategy_b_governed_learning_path_v1
8fc5f9161dbe53fb21f35349,goal_week4_progress,learning_path,Complete the advisor-confirmed four-week learning path,Complete at least 80% of scheduled learning-path actions over four weeks.,completion_not_started,at_least_80_percent_action_completion,follow_up_completion_records,advisor_to_set,four_weeks_after_advisor_approval,1,draft,"['trajectory_downward', 'low_predicted_achievement']",strategy_b_governed_learning_path_v1
7889584a70828d04bec16487,goal_week4_progress,learning_path,Complete the advisor-confirmed four-week learning path,Complete at least 80% of scheduled learning-path actions over four weeks.,completion_not_started,at_least_80_percent_action_completion,follow_up_completion_records,advisor_to_set,four_weeks_after_advisor_approval,1,draft,"['trajectory_upward', 'low_predicted_achievement']",strategy_b_governed_learning_path_v1
2f9bce4ad9d9a80b8ada7d81,goal_week4_progress,learning_path,Complete the advisor-confirmed four-week learning path,Complete at least 80% of scheduled learning-path actions over four weeks.,completion_not_started,at_least_80_percent_action_completion,follow_up_completion_records,advisor_to_set,four_weeks_after_advisor_approval,1,draft,"['trajectory_upward', 'medium_predicted_achievement']",strategy_b_governed_learning_path_v1
878871c0d97afd74286c5128,goal_week4_progress,learning_path,Complete the advisor-confirmed four-week learning path,Complete at least 80% of scheduled learning-path actions over four weeks.,completion_not_started,at_least_80_percent_action_completion,follow_up_completion_records,advisor_to_set,four_weeks_after_advisor_approval,1,draft,"['trajectory_upward', 'high_predicted_achievement']",strategy_b_governed_learning_path_v1
c28c192202ec2676c15c1e4c,goal_week4_progress,learning_path,Complete the advisor-confirmed four-week learning path,Complete at least 80% of scheduled learning-path actions over four weeks.,completion_not_started,at_least_80_percent_action_completion,follow_up_completion_records,advisor_to_set,four_weeks_after_advisor_approval,1,draft,"['trajectory_upward', 'medium_predicted_achievement']",strategy_b_governed_learning_path_v1
860ca90baf83637cb0d8ad72,goal_week4_progress,learning_path,Complete the advisor-confirmed four-week learning path,Complete at least 80% of scheduled learning-path actions over four weeks.,completion_not_started,at_least_80_percent_action_completion,follow_up_completion_records,advisor_to_set,four_weeks_after_advisor_approval,1,draft,"['trajectory_upward', 'medium_predicted_achievement']",strategy_b_governed_learning_path_v1
2dd9c644237a0e20685ccbb9,goal_week4_progress,learning_path,Complete the advisor-confirmed four-week learning path,Complete at least 80% of scheduled learning-path actions over four weeks.,completion_not_started,at_least_80_percent_action_completion,follow_up_completion_records,advisor_to_set,four_weeks_after_advisor_approval,1,draft,"['trajectory_upward', 'high_predicted_achievement']",strategy_b_governed_learning_path_v1
70da072edc57367cb571e309,goal_week4_progress,learning_path,Complete the advisor-confirmed four-week learning path,Complete at least 80% of scheduled learning-path actions over four weeks.,completion_not_started,at_least_80_percent_action_completion,follow_up_completion_records,advisor_to_set,four_weeks_after_advisor_approval,1,draft,"['trajectory_stable', 'low_predicted_achievement']",strategy_b_governed_learning_path_v1
9d9a6e5993fec5db931d7457,goal_week4_progress,learning_path,Complete the advisor-confirmed four-week learning path,Complete at least 80% of scheduled learning-path actions over four weeks.,completion_not_started,at_least_80_percent_action_completion,follow_up_completion_records,advisor_to_set,four_weeks_after_advisor_approval,1,draft,"['trajectory_stable', 'high_predicted_achievement']",strategy_b_governed_learning_path_v1
6a05b455c56024aeabca7e74,goal_week4_progress,learning_path,Complete the advisor-confirmed four-week learning path,Complete at least 80% of scheduled learning-path actions over four weeks.,completion_not_started,at_least_80_percent_action_completion,follow_up_completion_records,advisor_to_set,four_weeks_after_advisor_approval,1,draft,"['trajectory_upward', 'medium_predicted_achievement']",strategy_b_governed_learning_path_v1
c39578881ddefa74bc0cbbc8,goal_week4_progress,learning_path,Complete the advisor-confirmed four-week learning path,Complete at least 80% of scheduled learning-path actions over four weeks.,completion_not_started,at_least_80_percent_action_completion,follow_up_completion_records,advisor_to_set,four_weeks_after_advisor_approval,1,draft,"['trajectory_upward', 'medium_predicted_achievement']",strategy_b_governed_learning_path_v1
d5819a1409813364f668226b,goal_week4_progress,learning_path,Complete the advisor-confirmed four-week learning path,Complete at least 80% of scheduled learning-path actions over four weeks.,completion_not_started,at_least_80_percent_action_completion,follow_up_completion_records,advisor_to_set,four_weeks_after_advisor_approval,1,draft,"['trajectory_downward', 'medium_predicted_achievement']",strategy_b_governed_learning_path_v1
eedddd0351052f72c65cd5c4,goal_week4_progress,learning_path,Complete the advisor-confirmed four-week learning path,Complete at least 80% of scheduled learning-path actions over four weeks.,completion_not_started,at_least_80_percent_action_completion,follow_up_completion_records,advisor_to_set,four_weeks_after_advisor_approval,1,draft,"['trajectory_downward', 'high_predicted_achievement']",strategy_b_governed_learning_path_v1
f4969d5f4044b4e0a6a6d265,goal_week4_progress,learning_path,Complete the advisor-confirmed four-week learning path,Complete at least 80% of scheduled learning-path actions over four weeks.,completion_not_started,at_least_80_percent_action_completion,follow_up_completion_records,advisor_to_set,four_weeks_after_advisor_approval,1,draft,"['trajectory_downward', 'high_predicted_achievement']",strategy_b_governed_learning_path_v1
d4fc33f7b34ac9da3ef2aa1d,goal_week4_progress,learning_path,Complete the advisor-confirmed four-week learning path,Complete at least 80% of scheduled learning-path actions over four weeks.,completion_not_started,at_least_80_percent_action_completion,follow_up_completion_records,advisor_to_set,four_weeks_after_advisor_approval,1,draft,"['trajectory_stable', 'medium_predicted_achievement']",strategy_b_governed_learning_path_v1
0af4eb9eaa0b2ec20ab75064,goal_week4_progress,learning_path,Complete the advisor-confirmed four-week learning path,Complete at least 80% of scheduled learning-path actions over four weeks.,completion_not_started,at_least_80_percent_action_completion,follow_up_completion_records,advisor_to_set,four_weeks_after_advisor_approval,1,draft,"['trajectory_downward', 'medium_predicted_achievement']",strategy_b_governed_learning_path_v1
22ce9e7a77e0805b8477d468,goal_week4_progress,learning_path,Complete the advisor-confirmed four-week learning path,Complete at least 80% of scheduled learning-path actions over four weeks.,completion_not_started,at_least_80_percent_action_completion,follow_up_completion_records,advisor_to_set,four_weeks_after_advisor_approval,1,draft,"['trajectory_downward', 'low_predicted_achievement']",strategy_b_governed_learning_path_v1
8d845d0f875668ade76df015,goal_week4_progress,learning_path,Complete the advisor-confirmed four-week learning path,Complete at least 80% of scheduled learning-path actions over four weeks.,completion_not_started,at_least_80_percent_action_completion,follow_up_completion_records,advisor_to_set,four_weeks_after_advisor_approval,1,draft,"['trajectory_stable', 'medium_predicted_achievement']",strategy_b_governed_learning_path_v1
7d9d3f1b60c540c08d73a2e1,goal_week4_progress,learning_path,Complete the advisor-confirmed four-week learning path,Complete at least 80% of scheduled learning-path actions over four weeks.,completion_not_started,at_least_80_percent_action_completion,follow_up_completion_records,advisor_to_set,four_weeks_after_advisor_approval,1,draft,"['trajectory_upward', 'low_predicted_achievement']",strategy_b_governed_learning_path_v1
e9a58da78af8f9eee00c604d,goal_week4_progress,learning_path,Complete the advisor-confirmed four-week learning path,Complete at least 80% of scheduled learning-path actions over four weeks.,completion_not_started,at_least_80_percent_action_completion,follow_up_completion_records,advisor_to_set,four_weeks_after_advisor_approval,1,draft,"['trajectory_downward', 'low_predicted_achievement']",strategy_b_governed_learning_path_v1
2f80caaaab894218cbd6b704,goal_week4_progress,learning_path,Complete the advisor-confirmed four-week learning path,Complete at least 80% of scheduled learning-path actions over four weeks.,completion_not_started,at_least_80_percent_action_completion,follow_up_completion_records,advisor_to_set,four_weeks_after_advisor_approval,1,draft,"['trajectory_downward', 'low_predicted_achievement']",strategy_b_governed_learning_path_v1
ce1309e588756786d39982a0,goal_week4_progress,learning_path,Complete the advisor-confirmed four-week learning path,Complete at least 80% of scheduled learning-path actions over four weeks.,completion_not_started,at_least_80_percent_action_completion,follow_up_completion_records,advisor_to_set,four_weeks_after_advisor_approval,1,draft,"['trajectory_downward', 'low_predicted_achievement']",strategy_b_governed_learning_path_v1
d1614e804387584a4d55e80d,goal_week4_progress,learning_path,Complete the advisor-confirmed four-week learning path,Complete at least 80% of scheduled learning-path actions over four weeks.,completion_not_started,at_least_80_percent_action_completion,follow_up_completion_records,advisor_to_set,four_weeks_after_advisor_approval,1,draft,"['trajectory_downward', 'medium_predicted_achievement']",strategy_b_governed_learning_path_v1
f9df3bc62f972432312b57d5,goal_week4_progress,learning_path,Complete the advisor-confirmed four-week learning path,Complete at least 80% of scheduled learning-path actions over four weeks.,completion_not_started,at_least_80_percent_action_completion,follow_up_completion_records,advisor_to_set,four_weeks_after_advisor_approval,1,draft,"['trajectory_downward', 'low_predicted_achievement']",strategy_b_governed_learning_path_v1
6f1ffa49e40032c89ffd5f42,goal_week4_progress,learning_path,Complete the advisor-confirmed four-week learning path,Complete at least 80% of scheduled learning-path actions over four weeks.,completion_not_started,at_least_80_percent_action_completion,follow_up_completion_records,advisor_to_set,four_weeks_after_advisor_approval,1,draft,"['trajectory_downward', 'low_predicted_achievement']",strategy_b_governed_learning_path_v1
2b924d60c760548b1ceaf5a6,goal_week4_progress,learning_path,Complete the advisor-confirmed four-week learning path,Complete at least 80% of scheduled learning-path actions over four weeks.,completion_not_started,at_least_80_percent_action_completion,follow_up_completion_records,advisor_to_set,four_weeks_after_advisor_approval,1,draft,"['trajectory_downward', 'low_predicted_achievement']",strategy_b_governed_learning_path_v1
164b0acf783c8dc7bc9da03b,goal_week4_progress,learning_path,Complete the advisor-confirmed four-week learning path,Complete at least 80% of scheduled learning-path actions over four weeks.,completion_not_started,at_least_80_percent_action_completion,follow_up_completion_records,advisor_to_set,four_weeks_after_advisor_approval,1,draft,"['trajectory_downward', 'medium_predicted_achievement']",strategy_b_governed_learning_path_v1
84a9fc969bd6eac4710c4c16,goal_week4_progress,learning_path,Complete the advisor-confirmed four-week learning path,Complete at least 80% of scheduled learning-path actions over four weeks.,completion_not_started,at_least_80_percent_action_completion,follow_up_completion_records,advisor_to_set,four_weeks_after_advisor_approval,1,draft,"['trajectory_stable', 'high_predicted_achievement']",strategy_b_governed_learning_path_v1
d04af29b0a169253b3521d10,goal_week4_progress,learning_path,Complete the advisor-confirmed four-week learning path,Complete at least 80% of scheduled learning-path actions over four weeks.,completion_not_started,at_least_80_percent_action_completion,follow_up_completion_records,advisor_to_set,four_weeks_after_advisor_approval,1,draft,"['trajectory_upward', 'low_predicted_achievement']",strategy_b_governed_learning_path_v1
279a8a52bcfd2e40e5078f66,goal_week4_progress,learning_path,Complete the advisor-confirmed four-week learning path,Complete at least 80% of scheduled learning-path actions over four weeks.,completion_not_started,at_least_80_percent_action_completion,follow_up_completion_records,advisor_to_set,four_weeks_after_advisor_approval,1,draft,"['trajectory_stable', 'low_predicted_achievement']",strategy_b_governed_learning_path_v1
a4090f004aa256bf8c7a96f0,goal_week4_progress,learning_path,Complete the advisor-confirmed four-week learning path,Complete at least 80% of scheduled learning-path actions over four weeks.,completion_not_started,at_least_80_percent_action_completion,follow_up_completion_records,advisor_to_set,four_weeks_after_advisor_approval,1,draft,"['trajectory_stable', 'high_predicted_achievement']",strategy_b_governed_learning_path_v1
fc39ba070271ff948ab102ef,goal_week4_progress,learning_path,Complete the advisor-confirmed four-week learning path,Complete at least 80% of scheduled learning-path actions over four weeks.,completion_not_started,at_least_80_percent_action_completion,follow_up_completion_records,advisor_to_set,four_weeks_after_advisor_approval,1,draft,"['trajectory_downward', 'low_predicted_achievement']",strategy_b_governed_learning_path_v1
b8286b49d94593c72ef05496,goal_week4_progress,learning_path,Complete the advisor-confirmed four-week learning path,Complete at least 80% of scheduled learning-path actions over four weeks.,completion_not_started,at_least_80_percent_action_completion,follow_up_completion_records,advisor_to_set,four_weeks_after_advisor_approval,1,draft,"['trajectory_upward', 'medium_predicted_achievement']",strategy_b_governed_learning_path_v1
a1354f7f05784e56936d85b0,goal_week4_progress,learning_path,Complete the advisor-confirmed four-week learning path,Complete at least 80% of scheduled learning-path actions over four weeks.,completion_not_started,at_least_80_percent_action_completion,follow_up_completion_records,advisor_to_set,four_weeks_after_advisor_approval,1,draft,"['trajectory_upward', 'low_predicted_achievement']",strategy_b_governed_learning_path_v1
10601d60abfb5c857f03c326,goal_week4_progress,learning_path,Complete the advisor-confirmed four-week learning path,Complete at least 80% of scheduled learning-path actions over four weeks.,completion_not_started,at_least_80_percent_action_completion,follow_up_completion_records,advisor_to_set,four_weeks_after_advisor_approval,1,draft,"['trajectory_upward', 'medium_predicted_achievement']",strategy_b_governed_learning_path_v1
54363743d96080d1a749eb13,goal_week4_progress,learning_path,Complete the advisor-confirmed four-week learning path,Complete at least 80% of scheduled learning-path actions over four weeks.,completion_not_started,at_least_80_percent_action_completion,follow_up_completion_records,advisor_to_set,four_weeks_after_advisor_approval,1,draft,"['trajectory_downward', 'low_predicted_achievement']",strategy_b_governed_learning_path_v1
446d95c4382e1c8633a53f06,goal_week4_progress,learning_path,Complete the advisor-confirmed four-week learning path,Complete at least 80% of scheduled learning-path actions over four weeks.,completion_not_started,at_least_80_percent_action_completion,follow_up_completion_records,advisor_to_set,four_weeks_after_advisor_approval,1,draft,"['trajectory_upward', 'low_predicted_achievement']",strategy_b_governed_learning_path_v1
a5dd481df32e3ccf593d4e2e,goal_week4_progress,learning_path,Complete the advisor-confirmed four-week learning path,Complete at least 80% of scheduled learning-path actions over four weeks.,completion_not_started,at_least_80_percent_action_completion,follow_up_completion_records,advisor_to_set,four_weeks_after_advisor_approval,1,draft,"['trajectory_downward', 'low_predicted_achievement']",strategy_b_governed_learning_path_v1
732f8107153add6c9de644cf,goal_week4_progress,learning_path,Complete the advisor-confirmed four-week learning path,Complete at least 80% of scheduled learning-path actions over four weeks.,completion_not_started,at_least_80_percent_action_completion,follow_up_completion_records,advisor_to_set,four_weeks_after_advisor_approval,1,draft,"['trajectory_stable', 'medium_predicted_achievement']",strategy_b_governed_learning_path_v1
df026b50cc10aa81c7e1ec37,goal_week4_progress,learning_path,Complete the advisor-confirmed four-week learning path,Complete at least 80% of scheduled learning-path actions over four weeks.,completion_not_started,at_least_80_percent_action_completion,follow_up_completion_records,advisor_to_set,four_weeks_after_advisor_approval,1,draft,"['trajectory_downward', 'low_predicted_achievement']",strategy_b_governed_learning_path_v1
0f5ed30371c3c725f10ef4ac,goal_week4_progress,learning_path,Complete the advisor-confirmed four-week learning path,Complete at least 80% of scheduled learning-path actions over four weeks.,completion_not_started,at_least_80_percent_action_completion,follow_up_completion_records,advisor_to_set,four_weeks_after_advisor_approval,1,draft,"['trajectory_stable', 'medium_predicted_achievement']",strategy_b_governed_learning_path_v1
584ba767f903da37593391b8,goal_week4_progress,learning_path,Complete the advisor-confirmed four-week learning path,Complete at least 80% of scheduled learning-path actions over four weeks.,completion_not_started,at_least_80_percent_action_completion,follow_up_completion_records,advisor_to_set,four_weeks_after_advisor_approval,1,draft,"['trajectory_downward', 'low_predicted_achievement']",strategy_b_governed_learning_path_v1
6c71740d37e581095e858316,goal_week4_progress,learning_path,Complete the advisor-confirmed four-week learning path,Complete at least 80% of scheduled learning-path actions over four weeks.,completion_not_started,at_least_80_percent_action_completion,follow_up_completion_records,advisor_to_set,four_weeks_after_advisor_approval,1,draft,"['trajectory_downward', 'medium_predicted_achievement']",strategy_b_governed_learning_path_v1
a63f225045be60f619a29448,goal_week4_progress,learning_path,Complete the advisor-confirmed four-week learning path,Complete at least 80% of scheduled learning-path actions over four weeks.,completion_not_started,at_least_80_percent_action_completion,follow_up_completion_records,advisor_to_set,four_weeks_after_advisor_approval,1,draft,"['trajectory_downward', 'low_predicted_achievement']",strategy_b_governed_learning_path_v1
bcba3d5fbd3d549e88d7cec9,goal_week4_progress,learning_path,Complete the advisor-confirmed four-week learning path,Complete at least 80% of scheduled learning-path actions over four weeks.,completion_not_started,at_least_80_percent_action_completion,follow_up_completion_records,advisor_to_set,four_weeks_after_advisor_approval,1,draft,"['trajectory_downward', 'high_predicted_achievement']",strategy_b_governed_learning_path_v1
b005fa32cd6fd69e3b06e60a,goal_week4_progress,learning_path,Complete the advisor-confirmed four-week learning path,Complete at least 80% of scheduled learning-path actions over four weeks.,completion_not_started,at_least_80_percent_action_completion,follow_up_completion_records,advisor_to_set,four_weeks_after_advisor_approval,1,draft,"['trajectory_upward', 'medium_predicted_achievement']",strategy_b_governed_learning_path_v1
a3b1dd0f536d424e9262bd6e,goal_week4_progress,learning_path,Complete the advisor-confirmed four-week learning path,Complete at least 80% of scheduled learning-path actions over four weeks.,completion_not_started,at_least_80_percent_action_completion,follow_up_completion_records,advisor_to_set,four_weeks_after_advisor_approval,1,draft,"['trajectory_downward', 'low_predicted_achievement']",strategy_b_governed_learning_path_v1
95df873e2badc6234df4635a,goal_week4_progress,learning_path,Complete the advisor-confirmed four-week learning path,Complete at least 80% of scheduled learning-path actions over four weeks.,completion_not_started,at_least_80_percent_action_completion,follow_up_completion_records,advisor_to_set,four_weeks_after_advisor_approval,1,draft,"['trajectory_upward', 'low_predicted_achievement']",strategy_b_governed_learning_path_v1
21a98cdf85cb29be60e6e371,goal_week4_progress,learning_path,Complete the advisor-confirmed four-week learning path,Complete at least 80% of scheduled learning-path actions over four weeks.,completion_not_started,at_least_80_percent_action_completion,follow_up_completion_records,advisor_to_set,four_weeks_after_advisor_approval,1,draft,"['trajectory_downward', 'low_predicted_achievement']",strategy_b_governed_learning_path_v1
9d5d82b4fe35f2a6607d5c5d,goal_week4_progress,learning_path,Complete the advisor-confirmed four-week learning path,Complete at least 80% of scheduled learning-path actions over four weeks.,completion_not_started,at_least_80_percent_action_completion,follow_up_completion_records,advisor_to_set,four_weeks_after_advisor_approval,1,draft,"['trajectory_stable', 'medium_predicted_achievement']",strategy_b_governed_learning_path_v1
c72d854fbed6de4e9ee72f50,goal_week4_progress,learning_path,Complete the advisor-confirmed four-week learning path,Complete at least 80% of scheduled learning-path actions over four weeks.,completion_not_started,at_least_80_percent_action_completion,follow_up_completion_records,advisor_to_set,four_weeks_after_advisor_approval,1,draft,"['trajectory_upward', 'low_predicted_achievement']",strategy_b_governed_learning_path_v1
7226af77ff63bfb8fcf4238d,goal_week4_progress,learning_path,Complete the advisor-confirmed four-week learning path,Complete at least 80% of scheduled learning-path actions over four weeks.,completion_not_started,at_least_80_percent_action_completion,follow_up_completion_records,advisor_to_set,four_weeks_after_advisor_approval,1,draft,"['trajectory_downward', 'medium_predicted_achievement']",strategy_b_governed_learning_path_v1
373922fa9f3c6e6ad1ce13d1,goal_week4_progress,learning_path,Complete the advisor-confirmed four-week learning path,Complete at least 80% of scheduled learning-path actions over four weeks.,completion_not_started,at_least_80_percent_action_completion,follow_up_completion_records,advisor_to_set,four_weeks_after_advisor_approval,1,draft,"['trajectory_stable', 'medium_predicted_achievement']",strategy_b_governed_learning_path_v1
47a7a54edc17acbed6bf6ba2,goal_week4_progress,learning_path,Complete the advisor-confirmed four-week learning path,Complete at least 80% of scheduled learning-path actions over four weeks.,completion_not_started,at_least_80_percent_action_completion,follow_up_completion_records,advisor_to_set,four_weeks_after_advisor_approval,1,draft,"['trajectory_upward', 'high_predicted_achievement']",strategy_b_governed_learning_path_v1
374610a360107c570ffd9423,goal_week4_progress,learning_path,Complete the advisor-confirmed four-week learning path,Complete at least 80% of scheduled learning-path actions over four weeks.,completion_not_started,at_least_80_percent_action_completion,follow_up_completion_records,advisor_to_set,four_weeks_after_advisor_approval,1,draft,"['trajectory_upward', 'low_predicted_achievement']",strategy_b_governed_learning_path_v1
821f19e4dde5166d5bd189d0,goal_week4_progress,learning_path,Complete the advisor-confirmed four-week learning path,Complete at least 80% of scheduled learning-path actions over four weeks.,completion_not_started,at_least_80_percent_action_completion,follow_up_completion_records,advisor_to_set,four_weeks_after_advisor_approval,1,draft,"['trajectory_stable', 'medium_predicted_achievement']",strategy_b_governed_learning_path_v1
7a761044c818a502a04db895,goal_week4_progress,learning_path,Complete the advisor-confirmed four-week learning path,Complete at least 80% of scheduled learning-path actions over four weeks.,completion_not_started,at_least_80_percent_action_completion,follow_up_completion_records,advisor_to_set,four_weeks_after_advisor_approval,1,draft,"['trajectory_upward', 'high_predicted_achievement']",strategy_b_governed_learning_path_v1
2f93702400a9204699206e81,goal_week4_progress,learning_path,Complete the advisor-confirmed four-week learning path,Complete at least 80% of scheduled learning-path actions over four weeks.,completion_not_started,at_least_80_percent_action_completion,follow_up_completion_records,advisor_to_set,four_weeks_after_advisor_approval,1,draft,"['trajectory_downward', 'medium_predicted_achievement']",strategy_b_governed_learning_path_v1
9bc6bd44b4a13d85f1e8c9a5,goal_week4_progress,learning_path,Complete the advisor-confirmed four-week learning path,Complete at least 80% of scheduled learning-path actions over four weeks.,completion_not_started,at_least_80_percent_action_completion,follow_up_completion_records,advisor_to_set,four_weeks_after_advisor_approval,1,draft,"['trajectory_downward', 'low_predicted_achievement']",strategy_b_governed_learning_path_v1
355f3d1b5c04b10230cb0f34,goal_week4_progress,learning_path,Complete the advisor-confirmed four-week learning path,Complete at least 80% of scheduled learning-path actions over four weeks.,completion_not_started,at_least_80_percent_action_completion,follow_up_completion_records,advisor_to_set,four_weeks_after_advisor_approval,1,draft,"['trajectory_upward', 'medium_predicted_achievement']",strategy_b_governed_learning_path_v1
24c99043ffe7fd6e0a298e9b,goal_week4_progress,learning_path,Complete the advisor-confirmed four-week learning path,Complete at least 80% of scheduled learning-path actions over four weeks.,completion_not_started,at_least_80_percent_action_completion,follow_up_completion_records,advisor_to_set,four_weeks_after_advisor_approval,1,draft,"['trajectory_downward', 'low_predicted_achievement']",strategy_b_governed_learning_path_v1
e1c6b214c6cde601d762202f,goal_week4_progress,learning_path,Complete the advisor-confirmed four-week learning path,Complete at least 80% of scheduled learning-path actions over four weeks.,completion_not_started,at_least_80_percent_action_completion,follow_up_completion_records,advisor_to_set,four_weeks_after_advisor_approval,1,draft,"['trajectory_stable', 'medium_predicted_achievement']",strategy_b_governed_learning_path_v1
56abd30afaeca3eed57936bd,goal_week4_progress,learning_path,Complete the advisor-confirmed four-week learning path,Complete at least 80% of scheduled learning-path actions over four weeks.,completion_not_started,at_least_80_percent_action_completion,follow_up_completion_records,advisor_to_set,four_weeks_after_advisor_approval,1,draft,"['trajectory_downward', 'low_predicted_achievement']",strategy_b_governed_learning_path_v1
7b2b58f5d7090c83e151d9a0,goal_week4_progress,learning_path,Complete the advisor-confirmed four-week learning path,Complete at least 80% of scheduled learning-path actions over four weeks.,completion_not_started,at_least_80_percent_action_completion,follow_up_completion_records,advisor_to_set,four_weeks_after_advisor_approval,1,draft,"['trajectory_downward', 'low_predicted_achievement']",strategy_b_governed_learning_path_v1
52093df37b54be7abd108301,goal_week4_progress,learning_path,Complete the advisor-confirmed four-week learning path,Complete at least 80% of scheduled learning-path actions over four weeks.,completion_not_started,at_least_80_percent_action_completion,follow_up_completion_records,advisor_to_set,four_weeks_after_advisor_approval,1,draft,"['trajectory_stable', 'medium_predicted_achievement']",strategy_b_governed_learning_path_v1
99005ab93632d1e0d6042dcf,goal_week4_progress,learning_path,Complete the advisor-confirmed four-week learning path,Complete at least 80% of scheduled learning-path actions over four weeks.,completion_not_started,at_least_80_percent_action_completion,follow_up_completion_records,advisor_to_set,four_weeks_after_advisor_approval,1,draft,"['trajectory_downward', 'low_predicted_achievement']",strategy_b_governed_learning_path_v1
23846c322927bdcb0cb93c37,goal_week4_progress,learning_path,Complete the advisor-confirmed four-week learning path,Complete at least 80% of scheduled learning-path actions over four weeks.,completion_not_started,at_least_80_percent_action_completion,follow_up_completion_records,advisor_to_set,four_weeks_after_advisor_approval,1,draft,"['trajectory_upward', 'medium_predicted_achievement']",strategy_b_governed_learning_path_v1
d6a51892b00fb031a23533b4,goal_week4_progress,learning_path,Complete the advisor-confirmed four-week learning path,Complete at least 80% of scheduled learning-path actions over four weeks.,completion_not_started,at_least_80_percent_action_completion,follow_up_completion_records,advisor_to_set,four_weeks_after_advisor_approval,1,draft,"['trajectory_upward', 'high_predicted_achievement']",strategy_b_governed_learning_path_v1
6686d55e43444de5fc27e5fa,goal_week4_progress,learning_path,Complete the advisor-confirmed four-week learning path,Complete at least 80% of scheduled learning-path actions over four weeks.,completion_not_started,at_least_80_percent_action_completion,follow_up_completion_records,advisor_to_set,four_weeks_after_advisor_approval,1,draft,"['trajectory_stable', 'low_predicted_achievement']",strategy_b_governed_learning_path_v1
3ee9c043566338a362a1b1d0,goal_week4_progress,learning_path,Complete the advisor-confirmed four-week learning path,Complete at least 80% of scheduled learning-path actions over four weeks.,completion_not_started,at_least_80_percent_action_completion,follow_up_completion_records,advisor_to_set,four_weeks_after_advisor_approval,1,draft,"['trajectory_upward', 'medium_predicted_achievement']",strategy_b_governed_learning_path_v1
0adb67ca2ec6513c69858db7,goal_week4_progress,learning_path,Complete the advisor-confirmed four-week learning path,Complete at least 80% of scheduled learning-path actions over four weeks.,completion_not_started,at_least_80_percent_action_completion,follow_up_completion_records,advisor_to_set,four_weeks_after_advisor_approval,1,draft,"['trajectory_upward', 'medium_predicted_achievement']",strategy_b_governed_learning_path_v1
b6f2ced1ad4b3879b022eac1,goal_week4_progress,learning_path,Complete the advisor-confirmed four-week learning path,Complete at least 80% of scheduled learning-path actions over four weeks.,completion_not_started,at_least_80_percent_action_completion,follow_up_completion_records,advisor_to_set,four_weeks_after_advisor_approval,1,draft,"['trajectory_stable', 'high_predicted_achievement']",strategy_b_governed_learning_path_v1
970f42a82e9514fe751044ec,goal_week4_progress,learning_path,Complete the advisor-confirmed four-week learning path,Complete at least 80% of scheduled learning-path actions over four weeks.,completion_not_started,at_least_80_percent_action_completion,follow_up_completion_records,advisor_to_set,four_weeks_after_advisor_approval,1,draft,"['trajectory_upward', 'low_predicted_achievement']",strategy_b_governed_learning_path_v1
39dcfb4d8ea908fbadb6e3b6,goal_week4_progress,learning_path,Complete the advisor-confirmed four-week learning path,Complete at least 80% of scheduled learning-path actions over four weeks.,completion_not_started,at_least_80_percent_action_completion,follow_up_completion_records,advisor_to_set,four_weeks_after_advisor_approval,1,draft,"['trajectory_upward', 'medium_predicted_achievement']",strategy_b_governed_learning_path_v1
a3c42a28ce01d30f90884bcb,goal_week4_progress,learning_path,Complete the advisor-confirmed four-week learning path,Complete at least 80% of scheduled learning-path actions over four weeks.,completion_not_started,at_least_80_percent_action_completion,follow_up_completion_records,advisor_to_set,four_weeks_after_advisor_approval,1,draft,"['trajectory_stable', 'low_predicted_achievement']",strategy_b_governed_learning_path_v1
834d939a450911619c101e4b,goal_week4_progress,learning_path,Complete the advisor-confirmed four-week learning path,Complete at least 80% of scheduled learning-path actions over four weeks.,completion_not_started,at_least_80_percent_action_completion,follow_up_completion_records,advisor_to_set,four_weeks_after_advisor_approval,1,draft,"['trajectory_upward', 'low_predicted_achievement']",strategy_b_governed_learning_path_v1
159302ff7b7372ae2f24a501,goal_week4_progress,learning_path,Complete the advisor-confirmed four-week learning path,Complete at least 80% of scheduled learning-path actions over four weeks.,completion_not_started,at_least_80_percent_action_completion,follow_up_completion_records,advisor_to_set,four_weeks_after_advisor_approval,1,draft,"['trajectory_upward', 'medium_predicted_achievement']",strategy_b_governed_learning_path_v1
4cb330132c4e1cfa3fdea1f8,goal_week4_progress,learning_path,Complete the advisor-confirmed four-week learning path,Complete at least 80% of scheduled learning-path actions over four weeks.,completion_not_started,at_least_80_percent_action_completion,follow_up_completion_records,advisor_to_set,four_weeks_after_advisor_approval,1,draft,"['trajectory_upward', 'high_predicted_achievement']",strategy_b_governed_learning_path_v1
69b9e202fe4756f3e8116ab5,goal_week4_progress,learning_path,Complete the advisor-confirmed four-week learning path,Complete at least 80% of scheduled learning-path actions over four weeks.,completion_not_started,at_least_80_percent_action_completion,follow_up_completion_records,advisor_to_set,four_weeks_after_advisor_approval,1,draft,"['trajectory_downward', 'high_predicted_achievement']",strategy_b_governed_learning_path_v1
236978ac9ce676457ee87fa0,goal_week4_progress,learning_path,Complete the advisor-confirmed four-week learning path,Complete at least 80% of scheduled learning-path actions over four weeks.,completion_not_started,at_least_80_percent_action_completion,follow_up_completion_records,advisor_to_set,four_weeks_after_advisor_approval,1,draft,"['trajectory_stable', 'low_predicted_achievement']",strategy_b_governed_learning_path_v1
101e27db79279ddbc9d1de15,goal_week4_progress,learning_path,Complete the advisor-confirmed four-week learning path,Complete at least 80% of scheduled learning-path actions over four weeks.,completion_not_started,at_least_80_percent_action_completion,follow_up_completion_records,advisor_to_set,four_weeks_after_advisor_approval,1,draft,"['trajectory_stable', 'low_predicted_achievement']",strategy_b_governed_learning_path_v1
aa11b3f20b7da34062b4a160,goal_week4_progress,learning_path,Complete the advisor-confirmed four-week learning path,Complete at least 80% of scheduled learning-path actions over four weeks.,completion_not_started,at_least_80_percent_action_completion,follow_up_completion_records,advisor_to_set,four_weeks_after_advisor_approval,1,draft,"['trajectory_stable', 'high_predicted_achievement']",strategy_b_governed_learning_path_v1
3c27b2fdc198e29dba0a5f0a,goal_week4_progress,learning_path,Complete the advisor-confirmed four-week learning path,Complete at least 80% of scheduled learning-path actions over four weeks.,completion_not_started,at_least_80_percent_action_completion,follow_up_completion_records,advisor_to_set,four_weeks_after_advisor_approval,1,draft,"['trajectory_upward', 'medium_predicted_achievement']",strategy_b_governed_learning_path_v1
b904291fcbecda3d48b14666,goal_week4_progress,learning_path,Complete the advisor-confirmed four-week learning path,Complete at least 80% of scheduled learning-path actions over four weeks.,completion_not_started,at_least_80_percent_action_completion,follow_up_completion_records,advisor_to_set,four_weeks_after_advisor_approval,1,draft,"['trajectory_stable', 'low_predicted_achievement']",strategy_b_governed_learning_path_v1
8f81c00eb68a3568d0ec1d13,goal_week4_progress,learning_path,Complete the advisor-confirmed four-week learning path,Complete at least 80% of scheduled learning-path actions over four weeks.,completion_not_started,at_least_80_percent_action_completion,follow_up_completion_records,advisor_to_set,four_weeks_after_advisor_approval,1,draft,"['trajectory_downward', 'low_predicted_achievement']",strategy_b_governed_learning_path_v1
7e5561ccdd0da5d7a3a024d3,goal_week4_progress,learning_path,Complete the advisor-confirmed four-week learning path,Complete at least 80% of scheduled learning-path actions over four weeks.,completion_not_started,at_least_80_percent_action_completion,follow_up_completion_records,advisor_to_set,four_weeks_after_advisor_approval,1,draft,"['trajectory_downward', 'medium_predicted_achievement']",strategy_b_governed_learning_path_v1
53a69292bc1a29cf9fce6ed8,goal_week4_progress,learning_path,Complete the advisor-confirmed four-week learning path,Complete at least 80% of scheduled learning-path actions over four weeks.,completion_not_started,at_least_80_percent_action_completion,follow_up_completion_records,advisor_to_set,four_weeks_after_advisor_approval,1,draft,"['trajectory_stable', 'low_predicted_achievement']",strategy_b_governed_learning_path_v1
817495ac3120dd2bad586fce,goal_week4_progress,learning_path,Complete the advisor-confirmed four-week learning path,Complete at least 80% of scheduled learning-path actions over four weeks.,completion_not_started,at_least_80_percent_action_completion,follow_up_completion_records,advisor_to_set,four_weeks_after_advisor_approval,1,draft,"['trajectory_upward', 'medium_predicted_achievement']",strategy_b_governed_learning_path_v1
977cb53055a9b162d5af4b68,goal_week4_progress,learning_path,Complete the advisor-confirmed four-week learning path,Complete at least 80% of scheduled learning-path actions over four weeks.,completion_not_started,at_least_80_percent_action_completion,follow_up_completion_records,advisor_to_set,four_weeks_after_advisor_approval,1,draft,"['trajectory_stable', 'low_predicted_achievement']",strategy_b_governed_learning_path_v1
251288c7b75b1b5d35c1732d,goal_week4_progress,learning_path,Complete the advisor-confirmed four-week learning path,Complete at least 80% of scheduled learning-path actions over four weeks.,completion_not_started,at_least_80_percent_action_completion,follow_up_completion_records,advisor_to_set,four_weeks_after_advisor_approval,1,draft,"['trajectory_stable', 'low_predicted_achievement']",strategy_b_governed_learning_path_v1
1ea1b5645b59589ab07d78f9,goal_week4_progress,learning_path,Complete the advisor-confirmed four-week learning path,Complete at least 80% of scheduled learning-path actions over four weeks.,completion_not_started,at_least_80_percent_action_completion,follow_up_completion_records,advisor_to_set,four_weeks_after_advisor_approval,1,draft,"['trajectory_stable', 'low_predicted_achievement']",strategy_b_governed_learning_path_v1
f05ca29039df34ebf7046ce6,goal_week4_progress,learning_path,Complete the advisor-confirmed four-week learning path,Complete at least 80% of scheduled learning-path actions over four weeks.,completion_not_started,at_least_80_percent_action_completion,follow_up_completion_records,advisor_to_set,four_weeks_after_advisor_approval,1,draft,"['trajectory_upward', 'medium_predicted_achievement']",strategy_b_governed_learning_path_v1
522b5c263983a7925d088d48,goal_week4_progress,learning_path,Complete the advisor-confirmed four-week learning path,Complete at least 80% of scheduled learning-path actions over four weeks.,completion_not_started,at_least_80_percent_action_completion,follow_up_completion_records,advisor_to_set,four_weeks_after_advisor_approval,1,draft,"['trajectory_upward', 'low_predicted_achievement']",strategy_b_governed_learning_path_v1
3308de3df29379439b1d5d6e,goal_week4_progress,learning_path,Complete the advisor-confirmed four-week learning path,Complete at least 80% of scheduled learning-path actions over four weeks.,completion_not_started,at_least_80_percent_action_completion,follow_up_completion_records,advisor_to_set,four_weeks_after_advisor_approval,1,draft,"['trajectory_upward', 'high_predicted_achievement']",strategy_b_governed_learning_path_v1
f23e1f04e1ae2a119b00559b,goal_week4_progress,learning_path,Complete the advisor-confirmed four-week learning path,Complete at least 80% of scheduled learning-path actions over four weeks.,completion_not_started,at_least_80_percent_action_completion,follow_up_completion_records,advisor_to_set,four_weeks_after_advisor_approval,1,draft,"['trajectory_stable', 'low_predicted_achievement']",strategy_b_governed_learning_path_v1
3f98a056dd1793a3c7c5fd97,goal_week4_progress,learning_path,Complete the advisor-confirmed four-week learning path,Complete at least 80% of scheduled learning-path actions over four weeks.,completion_not_started,at_least_80_percent_action_completion,follow_up_completion_records,advisor_to_set,four_weeks_after_advisor_approval,1,draft,"['trajectory_stable', 'low_predicted_achievement']",strategy_b_governed_learning_path_v1
7e8d559c53b2fd33b6b1bdea,goal_week4_progress,learning_path,Complete the advisor-confirmed four-week learning path,Complete at least 80% of scheduled learning-path actions over four weeks.,completion_not_started,at_least_80_percent_action_completion,follow_up_completion_records,advisor_to_set,four_weeks_after_advisor_approval,1,draft,"['trajectory_upward', 'medium_predicted_achievement']",strategy_b_governed_learning_path_v1
63a0560ab4e13ed2901ee3c1,goal_week4_progress,learning_path,Complete the advisor-confirmed four-week learning path,Complete at least 80% of scheduled learning-path actions over four weeks.,completion_not_started,at_least_80_percent_action_completion,follow_up_completion_records,advisor_to_set,four_weeks_after_advisor_approval,1,draft,"['trajectory_stable', 'low_predicted_achievement']",strategy_b_governed_learning_path_v1
99c72bd622c8b5d158261ad3,goal_week4_progress,learning_path,Complete the advisor-confirmed four-week learning path,Complete at least 80% of scheduled learning-path actions over four weeks.,completion_not_started,at_least_80_percent_action_completion,follow_up_completion_records,advisor_to_set,four_weeks_after_advisor_approval,1,draft,"['trajectory_downward', 'low_predicted_achievement']",strategy_b_governed_learning_path_v1
b0cfceaa0676eccece7ce460,goal_week4_progress,learning_path,Complete the advisor-confirmed four-week learning path,Complete at least 80% of scheduled learning-path actions over four weeks.,completion_not_started,at_least_80_percent_action_completion,follow_up_completion_records,advisor_to_set,four_weeks_after_advisor_approval,1,draft,"['trajectory_stable', 'high_predicted_achievement']",strategy_b_governed_learning_path_v1
0c3874eb29dfb4081dfb02e3,goal_week4_progress,learning_path,Complete the advisor-confirmed four-week learning path,Complete at least 80% of scheduled learning-path actions over four weeks.,completion_not_started,at_least_80_percent_action_completion,follow_up_completion_records,advisor_to_set,four_weeks_after_advisor_approval,1,draft,"['trajectory_downward', 'medium_predicted_achievement']",strategy_b_governed_learning_path_v1
8e15a3c50a9a166e687a629d,goal_week4_progress,learning_path,Complete the advisor-confirmed four-week learning path,Complete at least 80% of scheduled learning-path actions over four weeks.,completion_not_started,at_least_80_percent_action_completion,follow_up_completion_records,advisor_to_set,four_weeks_after_advisor_approval,1,draft,"['trajectory_downward', 'low_predicted_achievement']",strategy_b_governed_learning_path_v1
3bfdc01aaa442776d5871cce,goal_week4_progress,learning_path,Complete the advisor-confirmed four-week learning path,Complete at least 80% of scheduled learning-path actions over four weeks.,completion_not_started,at_least_80_percent_action_completion,follow_up_completion_records,advisor_to_set,four_weeks_after_advisor_approval,1,draft,"['trajectory_downward', 'medium_predicted_achievement']",strategy_b_governed_learning_path_v1
99a8f1e16060a35d814d7567,goal_week4_progress,learning_path,Complete the advisor-confirmed four-week learning path,Complete at least 80% of scheduled learning-path actions over four weeks.,completion_not_started,at_least_80_percent_action_completion,follow_up_completion_records,advisor_to_set,four_weeks_after_advisor_approval,1,draft,"['trajectory_stable', 'medium_predicted_achievement']",strategy_b_governed_learning_path_v1
edeaca06071e9a42284c70c5,goal_week4_progress,learning_path,Complete the advisor-confirmed four-week learning path,Complete at least 80% of scheduled learning-path actions over four weeks.,completion_not_started,at_least_80_percent_action_completion,follow_up_completion_records,advisor_to_set,four_weeks_after_advisor_approval,1,draft,"['trajectory_stable', 'medium_predicted_achievement']",strategy_b_governed_learning_path_v1
a68a89d0710a6524285ed148,goal_week4_progress,learning_path,Complete the advisor-confirmed four-week learning path,Complete at least 80% of scheduled learning-path actions over four weeks.,completion_not_started,at_least_80_percent_action_completion,follow_up_completion_records,advisor_to_set,four_weeks_after_advisor_approval,1,draft,"['trajectory_downward', 'medium_predicted_achievement']",strategy_b_governed_learning_path_v1
90692fc16c80990fa2271fd3,goal_week4_progress,learning_path,Complete the advisor-confirmed four-week learning path,Complete at least 80% of scheduled learning-path actions over four weeks.,completion_not_started,at_least_80_percent_action_completion,follow_up_completion_records,advisor_to_set,four_weeks_after_advisor_approval,1,draft,"['trajectory_downward', 'medium_predicted_achievement']",strategy_b_governed_learning_path_v1
b859da94a089e1a620e85934,goal_week4_progress,learning_path,Complete the advisor-confirmed four-week learning path,Complete at least 80% of scheduled learning-path actions over four weeks.,completion_not_started,at_least_80_percent_action_completion,follow_up_completion_records,advisor_to_set,four_weeks_after_advisor_approval,1,draft,"['trajectory_downward', 'low_predicted_achievement']",strategy_b_governed_learning_path_v1
219ddaa1900cde85c7449aa5,goal_week4_progress,learning_path,Complete the advisor-confirmed four-week learning path,Complete at least 80% of scheduled learning-path actions over four weeks.,completion_not_started,at_least_80_percent_action_completion,follow_up_completion_records,advisor_to_set,four_weeks_after_advisor_approval,1,draft,"['trajectory_downward', 'medium_predicted_achievement']",strategy_b_governed_learning_path_v1
a2d11438a41ab40b4ce3c45c,goal_week4_progress,learning_path,Complete the advisor-confirmed four-week learning path,Complete at least 80% of scheduled learning-path actions over four weeks.,completion_not_started,at_least_80_percent_action_completion,follow_up_completion_records,advisor_to_set,four_weeks_after_advisor_approval,1,draft,"['trajectory_downward', 'medium_predicted_achievement']",strategy_b_governed_learning_path_v1
6a2b4c2a939bf11848459f11,goal_week4_progress,learning_path,Complete the advisor-confirmed four-week learning path,Complete at least 80% of scheduled learning-path actions over four weeks.,completion_not_started,at_least_80_percent_action_completion,follow_up_completion_records,advisor_to_set,four_weeks_after_advisor_approval,1,draft,"['trajectory_downward', 'medium_predicted_achievement']",strategy_b_governed_learning_path_v1
596736f6afee2c7d66def1a7,goal_week4_progress,learning_path,Complete the advisor-confirmed four-week learning path,Complete at least 80% of scheduled learning-path actions over four weeks.,completion_not_started,at_least_80_percent_action_completion,follow_up_completion_records,advisor_to_set,four_weeks_after_advisor_approval,1,draft,"['trajectory_downward', 'medium_predicted_achievement']",strategy_b_governed_learning_path_v1
188ae5aeb7be84fe41bdc446,goal_week4_progress,learning_path,Complete the advisor-confirmed four-week learning path,Complete at least 80% of scheduled learning-path actions over four weeks.,completion_not_started,at_least_80_percent_action_completion,follow_up_completion_records,advisor_to_set,four_weeks_after_advisor_approval,1,draft,"['trajectory_stable', 'low_predicted_achievement']",strategy_b_governed_learning_path_v1
f5a6691e37387c88b42659c5,goal_week4_progress,learning_path,Complete the advisor-confirmed four-week learning path,Complete at least 80% of scheduled learning-path actions over four weeks.,completion_not_started,at_least_80_percent_action_completion,follow_up_completion_records,advisor_to_set,four_weeks_after_advisor_approval,1,draft,"['trajectory_stable', 'medium_predicted_achievement']",strategy_b_governed_learning_path_v1
e8800d01d0a6f7579bd2a0d1,goal_week4_progress,learning_path,Complete the advisor-confirmed four-week learning path,Complete at least 80% of scheduled learning-path actions over four weeks.,completion_not_started,at_least_80_percent_action_completion,follow_up_completion_records,advisor_to_set,four_weeks_after_advisor_approval,1,draft,"['trajectory_upward', 'medium_predicted_achievement']",strategy_b_governed_learning_path_v1
7534f9db59088b36818c0fea,goal_week4_progress,learning_path,Complete the advisor-confirmed four-week learning path,Complete at least 80% of scheduled learning-path actions over four weeks.,completion_not_started,at_least_80_percent_action_completion,follow_up_completion_records,advisor_to_set,four_weeks_after_advisor_approval,1,draft,"['trajectory_downward', 'low_predicted_achievement']",strategy_b_governed_learning_path_v1
a5e8288ce7cc3350938c5ce6,goal_week4_progress,learning_path,Complete the advisor-confirmed four-week learning path,Complete at least 80% of scheduled learning-path actions over four weeks.,completion_not_started,at_least_80_percent_action_completion,follow_up_completion_records,advisor_to_set,four_weeks_after_advisor_approval,1,draft,"['trajectory_downward', 'medium_predicted_achievement']",strategy_b_governed_learning_path_v1
0be19d7a2043ddf56b2c8219,goal_week4_progress,learning_path,Complete the advisor-confirmed four-week learning path,Complete at least 80% of scheduled learning-path actions over four weeks.,completion_not_started,at_least_80_percent_action_completion,follow_up_completion_records,advisor_to_set,four_weeks_after_advisor_approval,1,draft,"['trajectory_downward', 'low_predicted_achievement']",strategy_b_governed_learning_path_v1
fd4820157dc323c180ffc0bf,goal_week4_progress,learning_path,Complete the advisor-confirmed four-week learning path,Complete at least 80% of scheduled learning-path actions over four weeks.,completion_not_started,at_least_80_percent_action_completion,follow_up_completion_records,advisor_to_set,four_weeks_after_advisor_approval,1,draft,"['trajectory_stable', 'medium_predicted_achievement']",strategy_b_governed_learning_path_v1
1e237ddab24bc01901a189ef,goal_week4_progress,learning_path,Complete the advisor-confirmed four-week learning path,Complete at least 80% of scheduled learning-path actions over four weeks.,completion_not_started,at_least_80_percent_action_completion,follow_up_completion_records,advisor_to_set,four_weeks_after_advisor_approval,1,draft,"['trajectory_upward', 'low_predicted_achievement']",strategy_b_governed_learning_path_v1
e2898a556f0e7e2fbda4ff7f,goal_week4_progress,learning_path,Complete the advisor-confirmed four-week learning path,Complete at least 80% of scheduled learning-path actions over four weeks.,completion_not_started,at_least_80_percent_action_completion,follow_up_completion_records,advisor_to_set,four_weeks_after_advisor_approval,1,draft,"['trajectory_upward', 'high_predicted_achievement']",strategy_b_governed_learning_path_v1
62b92c152480bd54189fe67d,goal_week4_progress,learning_path,Complete the advisor-confirmed four-week learning path,Complete at least 80% of scheduled learning-path actions over four weeks.,completion_not_started,at_least_80_percent_action_completion,follow_up_completion_records,advisor_to_set,four_weeks_after_advisor_approval,1,draft,"['trajectory_upward', 'low_predicted_achievement']",strategy_b_governed_learning_path_v1
f9449bf89949f30ff30d7fd5,goal_week4_progress,learning_path,Complete the advisor-confirmed four-week learning path,Complete at least 80% of scheduled learning-path actions over four weeks.,completion_not_started,at_least_80_percent_action_completion,follow_up_completion_records,advisor_to_set,four_weeks_after_advisor_approval,1,draft,"['trajectory_upward', 'medium_predicted_achievement']",strategy_b_governed_learning_path_v1
5d71c9b16bc69e54ed5e454a,goal_week4_progress,learning_path,Complete the advisor-confirmed four-week learning path,Complete at least 80% of scheduled learning-path actions over four weeks.,completion_not_started,at_least_80_percent_action_completion,follow_up_completion_records,advisor_to_set,four_weeks_after_advisor_approval,1,draft,"['trajectory_upward', 'low_predicted_achievement']",strategy_b_governed_learning_path_v1
2ec56acefa02b3baafc1d5e2,goal_week4_progress,learning_path,Complete the advisor-confirmed four-week learning path,Complete at least 80% of scheduled learning-path actions over four weeks.,completion_not_started,at_least_80_percent_action_completion,follow_up_completion_records,advisor_to_set,four_weeks_after_advisor_approval,1,draft,"['trajectory_upward', 'low_predicted_achievement']",strategy_b_governed_learning_path_v1
9e6cd6deba3b191204cf95fb,goal_week4_progress,learning_path,Complete the advisor-confirmed four-week learning path,Complete at least 80% of scheduled learning-path actions over four weeks.,completion_not_started,at_least_80_percent_action_completion,follow_up_completion_records,advisor_to_set,four_weeks_after_advisor_approval,1,draft,"['trajectory_upward', 'medium_predicted_achievement']",strategy_b_governed_learning_path_v1
8156440cf868fcea5e8aa241,goal_week4_progress,learning_path,Complete the advisor-confirmed four-week learning path,Complete at least 80% of scheduled learning-path actions over four weeks.,completion_not_started,at_least_80_percent_action_completion,follow_up_completion_records,advisor_to_set,four_weeks_after_advisor_approval,1,draft,"['trajectory_downward', 'medium_predicted_achievement']",strategy_b_governed_learning_path_v1
aa94aa24162a3337e2731382,goal_week4_progress,learning_path,Complete the advisor-confirmed four-week learning path,Complete at least 80% of scheduled learning-path actions over four weeks.,completion_not_started,at_least_80_percent_action_completion,follow_up_completion_records,advisor_to_set,four_weeks_after_advisor_approval,1,draft,"['trajectory_stable', 'medium_predicted_achievement']",strategy_b_governed_learning_path_v1
34774f53a239ee46567e2b31,goal_week4_progress,learning_path,Complete the advisor-confirmed four-week learning path,Complete at least 80% of scheduled learning-path actions over four weeks.,completion_not_started,at_least_80_percent_action_completion,follow_up_completion_records,advisor_to_set,four_weeks_after_advisor_approval,1,draft,"['trajectory_downward', 'high_predicted_achievement']",strategy_b_governed_learning_path_v1
1af2744652f97017eb13a452,goal_week4_progress,learning_path,Complete the advisor-confirmed four-week learning path,Complete at least 80% of scheduled learning-path actions over four weeks.,completion_not_started,at_least_80_percent_action_completion,follow_up_completion_records,advisor_to_set,four_weeks_after_advisor_approval,1,draft,"['trajectory_upward', 'high_predicted_achievement']",strategy_b_governed_learning_path_v1
f79772ba02a57228ae522c1b,goal_week4_progress,learning_path,Complete the advisor-confirmed four-week learning path,Complete at least 80% of scheduled learning-path actions over four weeks.,completion_not_started,at_least_80_percent_action_completion,follow_up_completion_records,advisor_to_set,four_weeks_after_advisor_approval,1,draft,"['trajectory_stable', 'low_predicted_achievement']",strategy_b_governed_learning_path_v1
df61fb7921e50a4ae94f9457,goal_week4_progress,learning_path,Complete the advisor-confirmed four-week learning path,Complete at least 80% of scheduled learning-path actions over four weeks.,completion_not_started,at_least_80_percent_action_completion,follow_up_completion_records,advisor_to_set,four_weeks_after_advisor_approval,1,draft,"['trajectory_downward', 'medium_predicted_achievement']",strategy_b_governed_learning_path_v1
ab1aa8246f30404474872ef5,goal_week4_progress,learning_path,Complete the advisor-confirmed four-week learning path,Complete at least 80% of scheduled learning-path actions over four weeks.,completion_not_started,at_least_80_percent_action_completion,follow_up_completion_records,advisor_to_set,four_weeks_after_advisor_approval,1,draft,"['trajectory_downward', 'low_predicted_achievement']",strategy_b_governed_learning_path_v1
2d03f67fd4bf4debfe3b5c8a,goal_week4_progress,learning_path,Complete the advisor-confirmed four-week learning path,Complete at least 80% of scheduled learning-path actions over four weeks.,completion_not_started,at_least_80_percent_action_completion,follow_up_completion_records,advisor_to_set,four_weeks_after_advisor_approval,1,draft,"['trajectory_upward', 'medium_predicted_achievement']",strategy_b_governed_learning_path_v1
b183d447de16a333ef7eebc7,goal_week4_progress,learning_path,Complete the advisor-confirmed four-week learning path,Complete at least 80% of scheduled learning-path actions over four weeks.,completion_not_started,at_least_80_percent_action_completion,follow_up_completion_records,advisor_to_set,four_weeks_after_advisor_approval,1,draft,"['trajectory_stable', 'high_predicted_achievement']",strategy_b_governed_learning_path_v1
561d6d347ffc1afad6e6a603,goal_week4_progress,learning_path,Complete the advisor-confirmed four-week learning path,Complete at least 80% of scheduled learning-path actions over four weeks.,completion_not_started,at_least_80_percent_action_completion,follow_up_completion_records,advisor_to_set,four_weeks_after_advisor_approval,1,draft,"['trajectory_downward', 'medium_predicted_achievement']",strategy_b_governed_learning_path_v1
9ec6b298748fce9756e2380e,goal_week4_progress,learning_path,Complete the advisor-confirmed four-week learning path,Complete at least 80% of scheduled learning-path actions over four weeks.,completion_not_started,at_least_80_percent_action_completion,follow_up_completion_records,advisor_to_set,four_weeks_after_advisor_approval,1,draft,"['trajectory_downward', 'medium_predicted_achievement']",strategy_b_governed_learning_path_v1
fca0f4301a369706ca9630a1,goal_week4_progress,learning_path,Complete the advisor-confirmed four-week learning path,Complete at least 80% of scheduled learning-path actions over four weeks.,completion_not_started,at_least_80_percent_action_completion,follow_up_completion_records,advisor_to_set,four_weeks_after_advisor_approval,1,draft,"['trajectory_downward', 'low_predicted_achievement']",strategy_b_governed_learning_path_v1
a7b9178bbd41e8bbca408a54,goal_week4_progress,learning_path,Complete the advisor-confirmed four-week learning path,Complete at least 80% of scheduled learning-path actions over four weeks.,completion_not_started,at_least_80_percent_action_completion,follow_up_completion_records,advisor_to_set,four_weeks_after_advisor_approval,1,draft,"['trajectory_downward', 'high_predicted_achievement']",strategy_b_governed_learning_path_v1
2009b1d1eda415b8b00368dd,goal_week4_progress,learning_path,Complete the advisor-confirmed four-week learning path,Complete at least 80% of scheduled learning-path actions over four weeks.,completion_not_started,at_least_80_percent_action_completion,follow_up_completion_records,advisor_to_set,four_weeks_after_advisor_approval,1,draft,"['trajectory_stable', 'medium_predicted_achievement']",strategy_b_governed_learning_path_v1
531741ef9bcd7eb07bc229cf,goal_week4_progress,learning_path,Complete the advisor-confirmed four-week learning path,Complete at least 80% of scheduled learning-path actions over four weeks.,completion_not_started,at_least_80_percent_action_completion,follow_up_completion_records,advisor_to_set,four_weeks_after_advisor_approval,1,draft,"['trajectory_downward', 'high_predicted_achievement']",strategy_b_governed_learning_path_v1
6c1026713871b12624f2f1a0,goal_week4_progress,learning_path,Complete the advisor-confirmed four-week learning path,Complete at least 80% of scheduled learning-path actions over four weeks.,completion_not_started,at_least_80_percent_action_completion,follow_up_completion_records,advisor_to_set,four_weeks_after_advisor_approval,1,draft,"['trajectory_stable', 'medium_predicted_achievement']",strategy_b_governed_learning_path_v1
754b74b1c072f2a1e9684f7a,goal_week4_progress,learning_path,Complete the advisor-confirmed four-week learning path,Complete at least 80% of scheduled learning-path actions over four weeks.,completion_not_started,at_least_80_percent_action_completion,follow_up_completion_records,advisor_to_set,four_weeks_after_advisor_approval,1,draft,"['trajectory_downward', 'medium_predicted_achievement']",strategy_b_governed_learning_path_v1
c9c1eeae9256b52ad3c9f66e,goal_week4_progress,learning_path,Complete the advisor-confirmed four-week learning path,Complete at least 80% of scheduled learning-path actions over four weeks.,completion_not_started,at_least_80_percent_action_completion,follow_up_completion_records,advisor_to_set,four_weeks_after_advisor_approval,1,draft,"['trajectory_stable', 'low_predicted_achievement']",strategy_b_governed_learning_path_v1
8ef7cce979fcec924bd4ec90,goal_week4_progress,learning_path,Complete the advisor-confirmed four-week learning path,Complete at least 80% of scheduled learning-path actions over four weeks.,completion_not_started,at_least_80_percent_action_completion,follow_up_completion_records,advisor_to_set,four_weeks_after_advisor_approval,1,draft,"['trajectory_downward', 'low_predicted_achievement']",strategy_b_governed_learning_path_v1
f9adde9adccb16d86e5c689d,goal_week4_progress,learning_path,Complete the advisor-confirmed four-week learning path,Complete at least 80% of scheduled learning-path actions over four weeks.,completion_not_started,at_least_80_percent_action_completion,follow_up_completion_records,advisor_to_set,four_weeks_after_advisor_approval,1,draft,"['trajectory_stable', 'low_predicted_achievement']",strategy_b_governed_learning_path_v1
47a731ee8e05bcacae0012c4,goal_week4_progress,learning_path,Complete the advisor-confirmed four-week learning path,Complete at least 80% of scheduled learning-path actions over four weeks.,completion_not_started,at_least_80_percent_action_completion,follow_up_completion_records,advisor_to_set,four_weeks_after_advisor_approval,1,draft,"['trajectory_downward', 'low_predicted_achievement']",strategy_b_governed_learning_path_v1
f63a94359f9e2caf7318427e,goal_week4_progress,learning_path,Complete the advisor-confirmed four-week learning path,Complete at least 80% of scheduled learning-path actions over four weeks.,completion_not_started,at_least_80_percent_action_completion,follow_up_completion_records,advisor_to_set,four_weeks_after_advisor_approval,1,draft,"['trajectory_upward', 'low_predicted_achievement']",strategy_b_governed_learning_path_v1
ff2f1bfe46ecbeb1c82e598c,goal_week4_progress,learning_path,Complete the advisor-confirmed four-week learning path,Complete at least 80% of scheduled learning-path actions over four weeks.,completion_not_started,at_least_80_percent_action_completion,follow_up_completion_records,advisor_to_set,four_weeks_after_advisor_approval,1,draft,"['trajectory_downward', 'medium_predicted_achievement']",strategy_b_governed_learning_path_v1
3c1546c7f5db646f801b19ee,goal_week4_progress,learning_path,Complete the advisor-confirmed four-week learning path,Complete at least 80% of scheduled learning-path actions over four weeks.,completion_not_started,at_least_80_percent_action_completion,follow_up_completion_records,advisor_to_set,four_weeks_after_advisor_approval,1,draft,"['trajectory_stable', 'high_predicted_achievement']",strategy_b_governed_learning_path_v1
171d9d49b11100759a953016,goal_week4_progress,learning_path,Complete the advisor-confirmed four-week learning path,Complete at least 80% of scheduled learning-path actions over four weeks.,completion_not_started,at_least_80_percent_action_completion,follow_up_completion_records,advisor_to_set,four_weeks_after_advisor_approval,1,draft,"['trajectory_downward', 'medium_predicted_achievement']",strategy_b_governed_learning_path_v1
2a801e733cd92bb177cecc8f,goal_week4_progress,learning_path,Complete the advisor-confirmed four-week learning path,Complete at least 80% of scheduled learning-path actions over four weeks.,completion_not_started,at_least_80_percent_action_completion,follow_up_completion_records,advisor_to_set,four_weeks_after_advisor_approval,1,draft,"['trajectory_downward', 'high_predicted_achievement']",strategy_b_governed_learning_path_v1
eb5258d7e9a59a96778103ee,goal_week4_progress,learning_path,Complete the advisor-confirmed four-week learning path,Complete at least 80% of scheduled learning-path actions over four weeks.,completion_not_started,at_least_80_percent_action_completion,follow_up_completion_records,advisor_to_set,four_weeks_after_advisor_approval,1,draft,"['trajectory_downward', 'medium_predicted_achievement']",strategy_b_governed_learning_path_v1
79c62a72c16f4cd6bca79e02,goal_week4_progress,learning_path,Complete the advisor-confirmed four-week learning path,Complete at least 80% of scheduled learning-path actions over four weeks.,completion_not_started,at_least_80_percent_action_completion,follow_up_completion_records,advisor_to_set,four_weeks_after_advisor_approval,1,draft,"['trajectory_downward', 'medium_predicted_achievement']",strategy_b_governed_learning_path_v1
012526537682477722c81be0,goal_week4_progress,learning_path,Complete the advisor-confirmed four-week learning path,Complete at least 80% of scheduled learning-path actions over four weeks.,completion_not_started,at_least_80_percent_action_completion,follow_up_completion_records,advisor_to_set,four_weeks_after_advisor_approval,1,draft,"['trajectory_stable', 'high_predicted_achievement']",strategy_b_governed_learning_path_v1
6f9e0f9089c6667be9c18232,goal_week4_progress,learning_path,Complete the advisor-confirmed four-week learning path,Complete at least 80% of scheduled learning-path actions over four weeks.,completion_not_started,at_least_80_percent_action_completion,follow_up_completion_records,advisor_to_set,four_weeks_after_advisor_approval,1,draft,"['trajectory_stable', 'medium_predicted_achievement']",strategy_b_governed_learning_path_v1
bc7d79fb9b679d7c1a97f058,goal_week4_progress,learning_path,Complete the advisor-confirmed four-week learning path,Complete at least 80% of scheduled learning-path actions over four weeks.,completion_not_started,at_least_80_percent_action_completion,follow_up_completion_records,advisor_to_set,four_weeks_after_advisor_approval,1,draft,"['trajectory_stable', 'high_predicted_achievement']",strategy_b_governed_learning_path_v1
6fce1d7d0e0d09b338e1c06a,goal_week4_progress,learning_path,Complete the advisor-confirmed four-week learning path,Complete at least 80% of scheduled learning-path actions over four weeks.,completion_not_started,at_least_80_percent_action_completion,follow_up_completion_records,advisor_to_set,four_weeks_after_advisor_approval,1,draft,"['trajectory_downward', 'medium_predicted_achievement']",strategy_b_governed_learning_path_v1
8f9d784471d1601923a6126b,goal_week4_progress,learning_path,Complete the advisor-confirmed four-week learning path,Complete at least 80% of scheduled learning-path actions over four weeks.,completion_not_started,at_least_80_percent_action_completion,follow_up_completion_records,advisor_to_set,four_weeks_after_advisor_approval,1,draft,"['trajectory_downward', 'low_predicted_achievement']",strategy_b_governed_learning_path_v1
1d248f439a1eb2352ee4c6f3,goal_week4_progress,learning_path,Complete the advisor-confirmed four-week learning path,Complete at least 80% of scheduled learning-path actions over four weeks.,completion_not_started,at_least_80_percent_action_completion,follow_up_completion_records,advisor_to_set,four_weeks_after_advisor_approval,1,draft,"['trajectory_downward', 'medium_predicted_achievement']",strategy_b_governed_learning_path_v1
01102805099a3c52de96d59a,goal_week4_progress,learning_path,Complete the advisor-confirmed four-week learning path,Complete at least 80% of scheduled learning-path actions over four weeks.,completion_not_started,at_least_80_percent_action_completion,follow_up_completion_records,advisor_to_set,four_weeks_after_advisor_approval,1,draft,"['trajectory_downward', 'high_predicted_achievement']",strategy_b_governed_learning_path_v1
8d0ce9bae8b897d0fda3552b,goal_week4_progress,learning_path,Complete the advisor-confirmed four-week learning path,Complete at least 80% of scheduled learning-path actions over four weeks.,completion_not_started,at_least_80_percent_action_completion,follow_up_completion_records,advisor_to_set,four_weeks_after_advisor_approval,1,draft,"['trajectory_downward', 'medium_predicted_achievement']",strategy_b_governed_learning_path_v1
464a249588a16861f9c0d14e,goal_week4_progress,learning_path,Complete the advisor-confirmed four-week learning path,Complete at least 80% of scheduled learning-path actions over four weeks.,completion_not_started,at_least_80_percent_action_completion,follow_up_completion_records,advisor_to_set,four_weeks_after_advisor_approval,1,draft,"['trajectory_stable', 'medium_predicted_achievement']",strategy_b_governed_learning_path_v1
71e5d619f6f8fffe67d77e88,goal_week4_progress,learning_path,Complete the advisor-confirmed four-week learning path,Complete at least 80% of scheduled learning-path actions over four weeks.,completion_not_started,at_least_80_percent_action_completion,follow_up_completion_records,advisor_to_set,four_weeks_after_advisor_approval,1,draft,"['trajectory_downward', 'medium_predicted_achievement']",strategy_b_governed_learning_path_v1
21b874aa35972c90ba1cd9fc,goal_week4_progress,learning_path,Complete the advisor-confirmed four-week learning path,Complete at least 80% of scheduled learning-path actions over four weeks.,completion_not_started,at_least_80_percent_action_completion,follow_up_completion_records,advisor_to_set,four_weeks_after_advisor_approval,1,draft,"['trajectory_stable', 'high_predicted_achievement']",strategy_b_governed_learning_path_v1
389f9f4cf14c44ada9c4f30d,goal_week4_progress,learning_path,Complete the advisor-confirmed four-week learning path,Complete at least 80% of scheduled learning-path actions over four weeks.,completion_not_started,at_least_80_percent_action_completion,follow_up_completion_records,advisor_to_set,four_weeks_after_advisor_approval,1,draft,"['trajectory_downward', 'high_predicted_achievement']",strategy_b_governed_learning_path_v1
f5c3cf24c90f70eec74125a5,goal_week4_progress,learning_path,Complete the advisor-confirmed four-week learning path,Complete at least 80% of scheduled learning-path actions over four weeks.,completion_not_started,at_least_80_percent_action_completion,follow_up_completion_records,advisor_to_set,four_weeks_after_advisor_approval,1,draft,"['trajectory_downward', 'medium_predicted_achievement']",strategy_b_governed_learning_path_v1
2c8cc54c3a61df2b9df0e95e,goal_week4_progress,learning_path,Complete the advisor-confirmed four-week learning path,Complete at least 80% of scheduled learning-path actions over four weeks.,completion_not_started,at_least_80_percent_action_completion,follow_up_completion_records,advisor_to_set,four_weeks_after_advisor_approval,1,draft,"['trajectory_upward', 'high_predicted_achievement']",strategy_b_governed_learning_path_v1
f77a9465efbc6bd7b95167ea,goal_week4_progress,learning_path,Complete the advisor-confirmed four-week learning path,Complete at least 80% of scheduled learning-path actions over four weeks.,completion_not_started,at_least_80_percent_action_completion,follow_up_completion_records,advisor_to_set,four_weeks_after_advisor_approval,1,draft,"['trajectory_downward', 'medium_predicted_achievement']",strategy_b_governed_learning_path_v1
db3599fb464c2ac1fa2f40fa,goal_week4_progress,learning_path,Complete the advisor-confirmed four-week learning path,Complete at least 80% of scheduled learning-path actions over four weeks.,completion_not_started,at_least_80_percent_action_completion,follow_up_completion_records,advisor_to_set,four_weeks_after_advisor_approval,1,draft,"['trajectory_stable', 'low_predicted_achievement']",strategy_b_governed_learning_path_v1
d84b299126bd147f9ae08cfa,goal_week4_progress,learning_path,Complete the advisor-confirmed four-week learning path,Complete at least 80% of scheduled learning-path actions over four weeks.,completion_not_started,at_least_80_percent_action_completion,follow_up_completion_records,advisor_to_set,four_weeks_after_advisor_approval,1,draft,"['trajectory_downward', 'medium_predicted_achievement']",strategy_b_governed_learning_path_v1
22a0175b1caf88d38eca3e43,goal_week4_progress,learning_path,Complete the advisor-confirmed four-week learning path,Complete at least 80% of scheduled learning-path actions over four weeks.,completion_not_started,at_least_80_percent_action_completion,follow_up_completion_records,advisor_to_set,four_weeks_after_advisor_approval,1,draft,"['trajectory_downward', 'medium_predicted_achievement']",strategy_b_governed_learning_path_v1
83054d7f8468e56b3c5a4a2e,goal_week4_progress,learning_path,Complete the advisor-confirmed four-week learning path,Complete at least 80% of scheduled learning-path actions over four weeks.,completion_not_started,at_least_80_percent_action_completion,follow_up_completion_records,advisor_to_set,four_weeks_after_advisor_approval,1,draft,"['trajectory_downward', 'medium_predicted_achievement']",strategy_b_governed_learning_path_v1
a561a05ecb4d44ced2942cdf,goal_week4_progress,learning_path,Complete the advisor-confirmed four-week learning path,Complete at least 80% of scheduled learning-path actions over four weeks.,completion_not_started,at_least_80_percent_action_completion,follow_up_completion_records,advisor_to_set,four_weeks_after_advisor_approval,1,draft,"['trajectory_downward', 'medium_predicted_achievement']",strategy_b_governed_learning_path_v1
470b10d5418995f58015865b,goal_week4_progress,learning_path,Complete the advisor-confirmed four-week learning path,Complete at least 80% of scheduled learning-path actions over four weeks.,completion_not_started,at_least_80_percent_action_completion,follow_up_completion_records,advisor_to_set,four_weeks_after_advisor_approval,1,draft,"['trajectory_downward', 'medium_predicted_achievement']",strategy_b_governed_learning_path_v1
8e2ff3f48ff085f0f7c0ab9b,goal_week4_progress,learning_path,Complete the advisor-confirmed four-week learning path,Complete at least 80% of scheduled learning-path actions over four weeks.,completion_not_started,at_least_80_percent_action_completion,follow_up_completion_records,advisor_to_set,four_weeks_after_advisor_approval,1,draft,"['trajectory_stable', 'low_predicted_achievement']",strategy_b_governed_learning_path_v1
9ed686a65f74ec8f2d75e939,goal_week4_progress,learning_path,Complete the advisor-confirmed four-week learning path,Complete at least 80% of scheduled learning-path actions over four weeks.,completion_not_started,at_least_80_percent_action_completion,follow_up_completion_records,advisor_to_set,four_weeks_after_advisor_approval,1,draft,"['trajectory_stable', 'medium_predicted_achievement']",strategy_b_governed_learning_path_v1
8dbff96d9389d84a2d809fc3,goal_week4_progress,learning_path,Complete the advisor-confirmed four-week learning path,Complete at least 80% of scheduled learning-path actions over four weeks.,completion_not_started,at_least_80_percent_action_completion,follow_up_completion_records,advisor_to_set,four_weeks_after_advisor_approval,1,draft,"['trajectory_stable', 'medium_predicted_achievement']",strategy_b_governed_learning_path_v1
fd8863ba055902ded32dab94,goal_week4_progress,learning_path,Complete the advisor-confirmed four-week learning path,Complete at least 80% of scheduled learning-path actions over four weeks.,completion_not_started,at_least_80_percent_action_completion,follow_up_completion_records,advisor_to_set,four_weeks_after_advisor_approval,1,draft,"['trajectory_stable', 'medium_predicted_achievement']",strategy_b_governed_learning_path_v1
19161ad4712562c2ec17faa4,goal_week4_progress,learning_path,Complete the advisor-confirmed four-week learning path,Complete at least 80% of scheduled learning-path actions over four weeks.,completion_not_started,at_least_80_percent_action_completion,follow_up_completion_records,advisor_to_set,four_weeks_after_advisor_approval,1,draft,"['trajectory_upward', 'medium_predicted_achievement']",strategy_b_governed_learning_path_v1
316a50b474a8d00425b86322,goal_week4_progress,learning_path,Complete the advisor-confirmed four-week learning path,Complete at least 80% of scheduled learning-path actions over four weeks.,completion_not_started,at_least_80_percent_action_completion,follow_up_completion_records,advisor_to_set,four_weeks_after_advisor_approval,1,draft,"['trajectory_upward', 'medium_predicted_achievement']",strategy_b_governed_learning_path_v1
4b0a1fcac86022156a72bc38,goal_week4_progress,learning_path,Complete the advisor-confirmed four-week learning path,Complete at least 80% of scheduled learning-path actions over four weeks.,completion_not_started,at_least_80_percent_action_completion,follow_up_completion_records,advisor_to_set,four_weeks_after_advisor_approval,1,draft,"['trajectory_upward', 'high_predicted_achievement']",strategy_b_governed_learning_path_v1
3e2ce285c223bbfa0479c067,goal_week4_progress,learning_path,Complete the advisor-confirmed four-week learning path,Complete at least 80% of scheduled learning-path actions over four weeks.,completion_not_started,at_least_80_percent_action_completion,follow_up_completion_records,advisor_to_set,four_weeks_after_advisor_approval,1,draft,"['trajectory_downward', 'medium_predicted_achievement']",strategy_b_governed_learning_path_v1
adb20dfc30687e9ee1b8fe49,goal_week4_progress,learning_path,Complete the advisor-confirmed four-week learning path,Complete at least 80% of scheduled learning-path actions over four weeks.,completion_not_started,at_least_80_percent_action_completion,follow_up_completion_records,advisor_to_set,four_weeks_after_advisor_approval,1,draft,"['trajectory_downward', 'low_predicted_achievement']",strategy_b_governed_learning_path_v1
4feebf342b53f7095bdd9580,goal_week4_progress,learning_path,Complete the advisor-confirmed four-week learning path,Complete at least 80% of scheduled learning-path actions over four weeks.,completion_not_started,at_least_80_percent_action_completion,follow_up_completion_records,advisor_to_set,four_weeks_after_advisor_approval,1,draft,"['trajectory_downward', 'low_predicted_achievement']",strategy_b_governed_learning_path_v1
dd904466d8b6aeda4c169431,goal_week4_progress,learning_path,Complete the advisor-confirmed four-week learning path,Complete at least 80% of scheduled learning-path actions over four weeks.,completion_not_started,at_least_80_percent_action_completion,follow_up_completion_records,advisor_to_set,four_weeks_after_advisor_approval,1,draft,"['trajectory_upward', 'medium_predicted_achievement']",strategy_b_governed_learning_path_v1
ba993123b39ddc9dac1f13b4,goal_week4_progress,learning_path,Complete the advisor-confirmed four-week learning path,Complete at least 80% of scheduled learning-path actions over four weeks.,completion_not_started,at_least_80_percent_action_completion,follow_up_completion_records,advisor_to_set,four_weeks_after_advisor_approval,1,draft,"['trajectory_downward', 'medium_predicted_achievement']",strategy_b_governed_learning_path_v1
de6647ed64ee0848a560ee8c,goal_week4_progress,learning_path,Complete the advisor-confirmed four-week learning path,Complete at least 80% of scheduled learning-path actions over four weeks.,completion_not_started,at_least_80_percent_action_completion,follow_up_completion_records,advisor_to_set,four_weeks_after_advisor_approval,1,draft,"['trajectory_downward', 'high_predicted_achievement']",strategy_b_governed_learning_path_v1
56c664e61cfc3a37491af0c7,goal_week4_progress,learning_path,Complete the advisor-confirmed four-week learning path,Complete at least 80% of scheduled learning-path actions over four weeks.,completion_not_started,at_least_80_percent_action_completion,follow_up_completion_records,advisor_to_set,four_weeks_after_advisor_approval,1,draft,"['trajectory_downward', 'medium_predicted_achievement']",strategy_b_governed_learning_path_v1
192f9fa2adf92ed6fbdc3d10,goal_week4_progress,learning_path,Complete the advisor-confirmed four-week learning path,Complete at least 80% of scheduled learning-path actions over four weeks.,completion_not_started,at_least_80_percent_action_completion,follow_up_completion_records,advisor_to_set,four_weeks_after_advisor_approval,1,draft,"['trajectory_upward', 'medium_predicted_achievement']",strategy_b_governed_learning_path_v1
91110bf99e08a97e22361be2,goal_week4_progress,learning_path,Complete the advisor-confirmed four-week learning path,Complete at least 80% of scheduled learning-path actions over four weeks.,completion_not_started,at_least_80_percent_action_completion,follow_up_completion_records,advisor_to_set,four_weeks_after_advisor_approval,1,draft,"['trajectory_upward', 'medium_predicted_achievement']",strategy_b_governed_learning_path_v1
591bbe4ec4af0c960319ac21,goal_week4_progress,learning_path,Complete the advisor-confirmed four-week learning path,Complete at least 80% of scheduled learning-path actions over four weeks.,completion_not_started,at_least_80_percent_action_completion,follow_up_completion_records,advisor_to_set,four_weeks_after_advisor_approval,1,draft,"['trajectory_stable', 'medium_predicted_achievement']",strategy_b_governed_learning_path_v1
dc48bf961bb5f6beb1b1c80b,goal_week4_progress,learning_path,Complete the advisor-confirmed four-week learning path,Complete at least 80% of scheduled learning-path actions over four weeks.,completion_not_started,at_least_80_percent_action_completion,follow_up_completion_records,advisor_to_set,four_weeks_after_advisor_approval,1,draft,"['trajectory_downward', 'high_predicted_achievement']",strategy_b_governed_learning_path_v1
bb9a7e4a8e493019525924bc,goal_week4_progress,learning_path,Complete the advisor-confirmed four-week learning path,Complete at least 80% of scheduled learning-path actions over four weeks.,completion_not_started,at_least_80_percent_action_completion,follow_up_completion_records,advisor_to_set,four_weeks_after_advisor_approval,1,draft,"['trajectory_downward', 'low_predicted_achievement']",strategy_b_governed_learning_path_v1
31fbfc68e5babf8e300ac441,goal_week4_progress,learning_path,Complete the advisor-confirmed four-week learning path,Complete at least 80% of scheduled learning-path actions over four weeks.,completion_not_started,at_least_80_percent_action_completion,follow_up_completion_records,advisor_to_set,four_weeks_after_advisor_approval,1,draft,"['trajectory_downward', 'medium_predicted_achievement']",strategy_b_governed_learning_path_v1
6ae17435900b6603b1482c95,goal_week4_progress,learning_path,Complete the advisor-confirmed four-week learning path,Complete at least 80% of scheduled learning-path actions over four weeks.,completion_not_started,at_least_80_percent_action_completion,follow_up_completion_records,advisor_to_set,four_weeks_after_advisor_approval,1,draft,"['trajectory_stable', 'medium_predicted_achievement']",strategy_b_governed_learning_path_v1
78277f8259b2606c9ebdc7ef,goal_week4_progress,learning_path,Complete the advisor-confirmed four-week learning path,Complete at least 80% of scheduled learning-path actions over four weeks.,completion_not_started,at_least_80_percent_action_completion,follow_up_completion_records,advisor_to_set,four_weeks_after_advisor_approval,1,draft,"['trajectory_downward', 'high_predicted_achievement']",strategy_b_governed_learning_path_v1
3c4ecc1f843fc6ba626a4f75,goal_week4_progress,learning_path,Complete the advisor-confirmed four-week learning path,Complete at least 80% of scheduled learning-path actions over four weeks.,completion_not_started,at_least_80_percent_action_completion,follow_up_completion_records,advisor_to_set,four_weeks_after_advisor_approval,1,draft,"['trajectory_stable', 'medium_predicted_achievement']",strategy_b_governed_learning_path_v1
8edeeef64536632847ecf4d0,goal_week4_progress,learning_path,Complete the advisor-confirmed four-week learning path,Complete at least 80% of scheduled learning-path actions over four weeks.,completion_not_started,at_least_80_percent_action_completion,follow_up_completion_records,advisor_to_set,four_weeks_after_advisor_approval,1,draft,"['trajectory_upward', 'high_predicted_achievement']",strategy_b_governed_learning_path_v1
0268246f1ad7913577ba18c4,goal_week4_progress,learning_path,Complete the advisor-confirmed four-week learning path,Complete at least 80% of scheduled learning-path actions over four weeks.,completion_not_started,at_least_80_percent_action_completion,follow_up_completion_records,advisor_to_set,four_weeks_after_advisor_approval,1,draft,"['trajectory_upward', 'medium_predicted_achievement']",strategy_b_governed_learning_path_v1
b9c3c090e69faa56ab720427,goal_week4_progress,learning_path,Complete the advisor-confirmed four-week learning path,Complete at least 80% of scheduled learning-path actions over four weeks.,completion_not_started,at_least_80_percent_action_completion,follow_up_completion_records,advisor_to_set,four_weeks_after_advisor_approval,1,draft,"['trajectory_downward', 'low_predicted_achievement']",strategy_b_governed_learning_path_v1
369daa497233944fde1833b1,goal_week4_progress,learning_path,Complete the advisor-confirmed four-week learning path,Complete at least 80% of scheduled learning-path actions over four weeks.,completion_not_started,at_least_80_percent_action_completion,follow_up_completion_records,advisor_to_set,four_weeks_after_advisor_approval,1,draft,"['trajectory_stable', 'medium_predicted_achievement']",strategy_b_governed_learning_path_v1
fe802a66d51a59145a369588,goal_week4_progress,learning_path,Complete the advisor-confirmed four-week learning path,Complete at least 80% of scheduled learning-path actions over four weeks.,completion_not_started,at_least_80_percent_action_completion,follow_up_completion_records,advisor_to_set,four_weeks_after_advisor_approval,1,draft,"['trajectory_downward', 'low_predicted_achievement']",strategy_b_governed_learning_path_v1
ae514d15b797d92e029dd2aa,goal_week4_progress,learning_path,Complete the advisor-confirmed four-week learning path,Complete at least 80% of scheduled learning-path actions over four weeks.,completion_not_started,at_least_80_percent_action_completion,follow_up_completion_records,advisor_to_set,four_weeks_after_advisor_approval,1,draft,"['trajectory_stable', 'low_predicted_achievement']",strategy_b_governed_learning_path_v1
60852951d1c4f3543e886f7f,goal_week4_progress,learning_path,Complete the advisor-confirmed four-week learning path,Complete at least 80% of scheduled learning-path actions over four weeks.,completion_not_started,at_least_80_percent_action_completion,follow_up_completion_records,advisor_to_set,four_weeks_after_advisor_approval,1,draft,"['trajectory_upward', 'medium_predicted_achievement']",strategy_b_governed_learning_path_v1
2eac024f359a478c5ba445c8,goal_week4_progress,learning_path,Complete the advisor-confirmed four-week learning path,Complete at least 80% of scheduled learning-path actions over four weeks.,completion_not_started,at_least_80_percent_action_completion,follow_up_completion_records,advisor_to_set,four_weeks_after_advisor_approval,1,draft,"['trajectory_stable', 'medium_predicted_achievement']",strategy_b_governed_learning_path_v1
3d1f0c08d8af0cc9031d32f7,goal_week4_progress,learning_path,Complete the advisor-confirmed four-week learning path,Complete at least 80% of scheduled learning-path actions over four weeks.,completion_not_started,at_least_80_percent_action_completion,follow_up_completion_records,advisor_to_set,four_weeks_after_advisor_approval,1,draft,"['trajectory_downward', 'high_predicted_achievement']",strategy_b_governed_learning_path_v1
47ee611586c292d4580d8474,goal_week4_progress,learning_path,Complete the advisor-confirmed four-week learning path,Complete at least 80% of scheduled learning-path actions over four weeks.,completion_not_started,at_least_80_percent_action_completion,follow_up_completion_records,advisor_to_set,four_weeks_after_advisor_approval,1,draft,"['trajectory_stable', 'medium_predicted_achievement']",strategy_b_governed_learning_path_v1
540d0d881ca438d410818e60,goal_week4_progress,learning_path,Complete the advisor-confirmed four-week learning path,Complete at least 80% of scheduled learning-path actions over four weeks.,completion_not_started,at_least_80_percent_action_completion,follow_up_completion_records,advisor_to_set,four_weeks_after_advisor_approval,1,draft,"['trajectory_downward', 'medium_predicted_achievement']",strategy_b_governed_learning_path_v1
e7f1a6c4c5ecb16d15bb70c5,goal_week4_progress,learning_path,Complete the advisor-confirmed four-week learning path,Complete at least 80% of scheduled learning-path actions over four weeks.,completion_not_started,at_least_80_percent_action_completion,follow_up_completion_records,advisor_to_set,four_weeks_after_advisor_approval,1,draft,"['trajectory_stable', 'medium_predicted_achievement']",strategy_b_governed_learning_path_v1
fa5570836d02f9e13592e8cd,goal_week4_progress,learning_path,Complete the advisor-confirmed four-week learning path,Complete at least 80% of scheduled learning-path actions over four weeks.,completion_not_started,at_least_80_percent_action_completion,follow_up_completion_records,advisor_to_set,four_weeks_after_advisor_approval,1,draft,"['trajectory_downward', 'medium_predicted_achievement']",strategy_b_governed_learning_path_v1
f51bf7f9ba11d7d9e6183f27,goal_week4_progress,learning_path,Complete the advisor-confirmed four-week learning path,Complete at least 80% of scheduled learning-path actions over four weeks.,completion_not_started,at_least_80_percent_action_completion,follow_up_completion_records,advisor_to_set,four_weeks_after_advisor_approval,1,draft,"['trajectory_stable', 'medium_predicted_achievement']",strategy_b_governed_learning_path_v1
89b8e2c3a8bb1fe62a319382,goal_week4_progress,learning_path,Complete the advisor-confirmed four-week learning path,Complete at least 80% of scheduled learning-path actions over four weeks.,completion_not_started,at_least_80_percent_action_completion,follow_up_completion_records,advisor_to_set,four_weeks_after_advisor_approval,1,draft,"['trajectory_stable', 'medium_predicted_achievement']",strategy_b_governed_learning_path_v1
34606cea9bd046032c026cbb,goal_week4_progress,learning_path,Complete the advisor-confirmed four-week learning path,Complete at least 80% of scheduled learning-path actions over four weeks.,completion_not_started,at_least_80_percent_action_completion,follow_up_completion_records,advisor_to_set,four_weeks_after_advisor_approval,1,draft,"['trajectory_downward', 'low_predicted_achievement']",strategy_b_governed_learning_path_v1
55c90dba9a04a27a7daadd4f,goal_week4_progress,learning_path,Complete the advisor-confirmed four-week learning path,Complete at least 80% of scheduled learning-path actions over four weeks.,completion_not_started,at_least_80_percent_action_completion,follow_up_completion_records,advisor_to_set,four_weeks_after_advisor_approval,1,draft,"['trajectory_downward', 'medium_predicted_achievement']",strategy_b_governed_learning_path_v1
c11884c7d7d2ff346a1180e8,goal_week4_progress,learning_path,Complete the advisor-confirmed four-week learning path,Complete at least 80% of scheduled learning-path actions over four weeks.,completion_not_started,at_least_80_percent_action_completion,follow_up_completion_records,advisor_to_set,four_weeks_after_advisor_approval,1,draft,"['trajectory_downward', 'medium_predicted_achievement']",strategy_b_governed_learning_path_v1
31af02a88634f5be5c1ea2e7,goal_week4_progress,learning_path,Complete the advisor-confirmed four-week learning path,Complete at least 80% of scheduled learning-path actions over four weeks.,completion_not_started,at_least_80_percent_action_completion,follow_up_completion_records,advisor_to_set,four_weeks_after_advisor_approval,1,draft,"['trajectory_downward', 'medium_predicted_achievement']",strategy_b_governed_learning_path_v1
77c5e9a3656b9f8e13e95a62,goal_week4_progress,learning_path,Complete the advisor-confirmed four-week learning path,Complete at least 80% of scheduled learning-path actions over four weeks.,completion_not_started,at_least_80_percent_action_completion,follow_up_completion_records,advisor_to_set,four_weeks_after_advisor_approval,1,draft,"['trajectory_downward', 'medium_predicted_achievement']",strategy_b_governed_learning_path_v1
5346edcecc7c04e51eeaf559,goal_week4_progress,learning_path,Complete the advisor-confirmed four-week learning path,Complete at least 80% of scheduled learning-path actions over four weeks.,completion_not_started,at_least_80_percent_action_completion,follow_up_completion_records,advisor_to_set,four_weeks_after_advisor_approval,1,draft,"['trajectory_downward', 'low_predicted_achievement']",strategy_b_governed_learning_path_v1
176d966aaef83f6d25c36e2a,goal_week4_progress,learning_path,Complete the advisor-confirmed four-week learning path,Complete at least 80% of scheduled learning-path actions over four weeks.,completion_not_started,at_least_80_percent_action_completion,follow_up_completion_records,advisor_to_set,four_weeks_after_advisor_approval,1,draft,"['trajectory_downward', 'high_predicted_achievement']",strategy_b_governed_learning_path_v1
fc4d10e882ff7a3b416bd9b2,goal_week4_progress,learning_path,Complete the advisor-confirmed four-week learning path,Complete at least 80% of scheduled learning-path actions over four weeks.,completion_not_started,at_least_80_percent_action_completion,follow_up_completion_records,advisor_to_set,four_weeks_after_advisor_approval,1,draft,"['trajectory_stable', 'low_predicted_achievement']",strategy_b_governed_learning_path_v1
3feed1d8533ff357717deea6,goal_week4_progress,learning_path,Complete the advisor-confirmed four-week learning path,Complete at least 80% of scheduled learning-path actions over four weeks.,completion_not_started,at_least_80_percent_action_completion,follow_up_completion_records,advisor_to_set,four_weeks_after_advisor_approval,1,draft,"['trajectory_downward', 'high_predicted_achievement']",strategy_b_governed_learning_path_v1
53f1af473021dce25dcfd1a9,goal_week4_progress,learning_path,Complete the advisor-confirmed four-week learning path,Complete at least 80% of scheduled learning-path actions over four weeks.,completion_not_started,at_least_80_percent_action_completion,follow_up_completion_records,advisor_to_set,four_weeks_after_advisor_approval,1,draft,"['trajectory_upward', 'low_predicted_achievement']",strategy_b_governed_learning_path_v1
ae598d517d2fe92588d27b47,goal_week4_progress,learning_path,Complete the advisor-confirmed four-week learning path,Complete at least 80% of scheduled learning-path actions over four weeks.,completion_not_started,at_least_80_percent_action_completion,follow_up_completion_records,advisor_to_set,four_weeks_after_advisor_approval,1,draft,"['trajectory_stable', 'high_predicted_achievement']",strategy_b_governed_learning_path_v1
856349db7a2f2c8a7f4477ca,goal_week4_progress,learning_path,Complete the advisor-confirmed four-week learning path,Complete at least 80% of scheduled learning-path actions over four weeks.,completion_not_started,at_least_80_percent_action_completion,follow_up_completion_records,advisor_to_set,four_weeks_after_advisor_approval,1,draft,"['trajectory_stable', 'medium_predicted_achievement']",strategy_b_governed_learning_path_v1
cde84656e5ab2d80b6d07677,goal_week4_progress,learning_path,Complete the advisor-confirmed four-week learning path,Complete at least 80% of scheduled learning-path actions over four weeks.,completion_not_started,at_least_80_percent_action_completion,follow_up_completion_records,advisor_to_set,four_weeks_after_advisor_approval,1,draft,"['trajectory_downward', 'low_predicted_achievement']",strategy_b_governed_learning_path_v1
e73c010548558c709343af3b,goal_week4_progress,learning_path,Complete the advisor-confirmed four-week learning path,Complete at least 80% of scheduled learning-path actions over four weeks.,completion_not_started,at_least_80_percent_action_completion,follow_up_completion_records,advisor_to_set,four_weeks_after_advisor_approval,1,draft,"['trajectory_stable', 'medium_predicted_achievement']",strategy_b_governed_learning_path_v1
d51893f66ff7e3176cffd70f,goal_week4_progress,learning_path,Complete the advisor-confirmed four-week learning path,Complete at least 80% of scheduled learning-path actions over four weeks.,completion_not_started,at_least_80_percent_action_completion,follow_up_completion_records,advisor_to_set,four_weeks_after_advisor_approval,1,draft,"['trajectory_downward', 'low_predicted_achievement']",strategy_b_governed_learning_path_v1
74f6209f7aade2bae388af21,goal_week4_progress,learning_path,Complete the advisor-confirmed four-week learning path,Complete at least 80% of scheduled learning-path actions over four weeks.,completion_not_started,at_least_80_percent_action_completion,follow_up_completion_records,advisor_to_set,four_weeks_after_advisor_approval,1,draft,"['trajectory_downward', 'medium_predicted_achievement']",strategy_b_governed_learning_path_v1
d8a5adca3532d2f6f683a88d,goal_week4_progress,learning_path,Complete the advisor-confirmed four-week learning path,Complete at least 80% of scheduled learning-path actions over four weeks.,completion_not_started,at_least_80_percent_action_completion,follow_up_completion_records,advisor_to_set,four_weeks_after_advisor_approval,1,draft,"['trajectory_downward', 'low_predicted_achievement']",strategy_b_governed_learning_path_v1
c1801c32de4a8d7764593939,goal_week4_progress,learning_path,Complete the advisor-confirmed four-week learning path,Complete at least 80% of scheduled learning-path actions over four weeks.,completion_not_started,at_least_80_percent_action_completion,follow_up_completion_records,advisor_to_set,four_weeks_after_advisor_approval,1,draft,"['trajectory_downward', 'low_predicted_achievement']",strategy_b_governed_learning_path_v1
81c623f620b430d239cb3363,goal_week4_progress,learning_path,Complete the advisor-confirmed four-week learning path,Complete at least 80% of scheduled learning-path actions over four weeks.,completion_not_started,at_least_80_percent_action_completion,follow_up_completion_records,advisor_to_set,four_weeks_after_advisor_approval,1,draft,"['trajectory_upward', 'low_predicted_achievement']",strategy_b_governed_learning_path_v1
a0b90a622e130d9d716f7dbd,goal_week4_progress,learning_path,Complete the advisor-confirmed four-week learning path,Complete at least 80% of scheduled learning-path actions over four weeks.,completion_not_started,at_least_80_percent_action_completion,follow_up_completion_records,advisor_to_set,four_weeks_after_advisor_approval,1,draft,"['trajectory_downward', 'low_predicted_achievement']",strategy_b_governed_learning_path_v1
b8b93de9782138b64c643d3c,goal_week4_progress,learning_path,Complete the advisor-confirmed four-week learning path,Complete at least 80% of scheduled learning-path actions over four weeks.,completion_not_started,at_least_80_percent_action_completion,follow_up_completion_records,advisor_to_set,four_weeks_after_advisor_approval,1,draft,"['trajectory_stable', 'low_predicted_achievement']",strategy_b_governed_learning_path_v1
6ac19f7febd64ee274fc66f9,goal_week4_progress,learning_path,Complete the advisor-confirmed four-week learning path,Complete at least 80% of scheduled learning-path actions over four weeks.,completion_not_started,at_least_80_percent_action_completion,follow_up_completion_records,advisor_to_set,four_weeks_after_advisor_approval,1,draft,"['trajectory_downward', 'low_predicted_achievement']",strategy_b_governed_learning_path_v1
