{
    "validity": 0.26865671641791045,
    "sparsity": 1.1111111111111112,
    "proximity": 1.1111111111111112
}