candidate_id,outer_fold,trial_id,inner_fold,epoch,train_loss,validation_nll,learning_rate,gradient_norm_mean,seed,stage
V3-A1,0,0.0,0.0,1,0.7337498009204865,0.4715420668501854,0.0005,0.5446819096803666,,
V3-A1,0,0.0,0.0,2,0.5905281692743302,0.4315589001114998,0.0005,0.5548749387264251,,
V3-A1,0,0.0,0.0,3,0.5269961923360824,0.4229999883502356,0.0005,0.6592302650213242,,
V3-A1,0,0.0,0.0,4,0.4977606996893883,0.4298759410529228,0.0005,0.7387569785118103,,
V3-A1,0,0.0,0.0,5,0.4827010557055473,0.4129386839781167,0.0005,0.7323254883289337,,
V3-A1,0,0.0,0.0,6,0.4852235645055771,0.4104248330821831,0.0005,0.7403749585151672,,
V3-A1,0,0.0,0.0,7,0.4698830783367157,0.4265825265437845,0.0005,0.7555861890316009,,
V3-A1,0,0.0,0.0,8,0.4643955364823341,0.4135077987811681,0.0005,0.7564566195011139,,
V3-A1,0,0.0,0.0,9,0.4562849342823029,0.4200907095820242,0.0005,0.7760929197072983,,
V3-A1,0,0.0,0.0,10,0.4577704459428787,0.4184886779508636,0.0005,0.7645221561193466,,
V3-A1,0,0.0,0.0,11,0.4423245817422866,0.4234635625314628,0.0005,0.7610458940267563,,
V3-A1,0,0.0,0.0,12,0.4427177831530571,0.4190801500442926,0.0005,0.8023104727268219,,
V3-A1,0,0.0,1.0,1,0.6918605622791109,0.4572867522322884,0.0005,0.6007231942244938,,
V3-A1,0,0.0,1.0,2,0.5627200915699914,0.434750196679751,0.0005,0.6930647776240394,,
V3-A1,0,0.0,1.0,3,0.5137127084391457,0.4273071216487429,0.0005,0.7918232991581872,,
V3-A1,0,0.0,1.0,4,0.4911064633301326,0.4124637824475377,0.0005,0.7929439232462928,,
V3-A1,0,0.0,1.0,5,0.4773528221107664,0.4210571096722316,0.0005,0.8208780203546796,,
V3-A1,0,0.0,1.0,6,0.4689592137223198,0.4240579100817129,0.0005,0.8250838660058522,,
V3-A1,0,0.0,1.0,7,0.4612152335189637,0.411373745776998,0.0005,0.8519170341037569,,
V3-A1,0,0.0,1.0,8,0.4474634457202184,0.4320541480828757,0.0005,0.8461923769542149,,
V3-A1,0,0.0,1.0,9,0.4416789000942593,0.4348112879574219,0.0005,0.9698517294157118,,
V3-A1,0,0.0,1.0,10,0.4391949219363076,0.4246944896473735,0.0005,0.9151910174460638,,
V3-A1,0,0.0,1.0,11,0.4336157597246624,0.4289884901317555,0.0005,0.8912429440589178,,
V3-A1,0,0.0,1.0,12,0.4348575557981218,0.4278508731059252,0.0005,0.8928541030202594,,
V3-A1,0,0.0,1.0,13,0.4300840880189623,0.4328822482910771,0.0005,0.8853897736186073,,
V3-A1,0,1.0,0.0,1,0.5654285445809364,0.4242699405543536,0.001,0.6738411337137222,,
V3-A1,0,1.0,0.0,2,0.4576710633933544,0.4196114450331319,0.001,0.6898072138428688,,
V3-A1,0,1.0,0.0,3,0.4311848893761635,0.4012085773436041,0.001,0.6936047479510308,,
V3-A1,0,1.0,0.0,4,0.4239947184920311,0.4014434282992101,0.001,0.7085330635309219,,
V3-A1,0,1.0,0.0,5,0.41560630351305,0.4121801244045428,0.001,0.6353095084428787,,
V3-A1,0,1.0,0.0,6,0.406683586537838,0.41002909287939,0.001,0.6442629978060722,,
V3-A1,0,1.0,0.0,7,0.3996741242706775,0.400094686147164,0.001,0.6792652025818825,,
V3-A1,0,1.0,0.0,8,0.3973087504506111,0.4030248558658958,0.001,0.6483451426029205,,
V3-A1,0,1.0,0.0,9,0.3955054208636284,0.3940699325643127,0.001,0.6754579409956932,,
V3-A1,0,1.0,0.0,10,0.3835432879626751,0.3973927357627855,0.001,0.6597313433885574,,
V3-A1,0,1.0,0.0,11,0.3860481306910515,0.4172921269029002,0.001,0.6496509723365307,,
V3-A1,0,1.0,0.0,12,0.3847979269921779,0.4124455156543181,0.001,0.6216048009693622,,
V3-A1,0,1.0,0.0,13,0.3739981181919575,0.4045993659384772,0.001,0.6602689519524574,,
V3-A1,0,1.0,0.0,14,0.37552245631814,0.407229221976976,0.001,0.6912221163511276,,
V3-A1,0,1.0,0.0,15,0.3715675137937069,0.4197434403370588,0.001,0.6341123498976231,,
V3-A1,0,1.0,1.0,1,0.5385605031397285,0.4219350470609743,0.001,0.733460000375422,,
V3-A1,0,1.0,1.0,2,0.4496715868391642,0.4024743468509242,0.001,0.7909894193091044,,
V3-A1,0,1.0,1.0,3,0.4314830448569321,0.408869418375806,0.001,0.7574541278001738,,
V3-A1,0,1.0,1.0,4,0.4242225231193914,0.4181403782415007,0.001,0.7210821698351604,,
V3-A1,0,1.0,1.0,5,0.4136705885573131,0.4147964134304859,0.001,0.6669407981198009,,
V3-A1,0,1.0,1.0,6,0.4001459828237207,0.4042499824929565,0.001,0.6882853507995605,,
V3-A1,0,1.0,1.0,7,0.3989016958853094,0.4126879890140468,0.001,0.682878480451863,,
V3-A1,0,1.0,1.0,8,0.3954175339966285,0.4140515994240955,0.001,0.6759424216863585,,
V3-A1,0,2.0,0.0,1,0.5794086486101151,0.4577936191117731,0.0004992293334332,0.474114578962326,,
V3-A1,0,2.0,0.0,2,0.4474138230085372,0.4103464903402642,0.0004969220851487,0.3384002417325973,,
V3-A1,0,2.0,0.0,3,0.404257544875145,0.3903490054876334,0.0004930924800994,0.3660863369703293,,
V3-A1,0,2.0,0.0,4,0.3822647750377655,0.3891566507959773,0.0004877641290737,0.3811530157923698,,
V3-A1,0,2.0,0.0,5,0.3700811848044395,0.3846262486577063,0.0004809698831278,0.4063124626874924,,
V3-A1,0,2.0,0.0,6,0.3571872532367706,0.3861459223668681,0.000472751631047,0.43630361109972,,
V3-A1,0,2.0,0.0,7,0.3526689186692238,0.3867556140329453,0.0004631600410885,0.4597118258476257,,
V3-A1,0,2.0,0.0,8,0.3480510905385017,0.3836566688448565,0.0004522542485937,0.4674380183219909,,
V3-A1,0,2.0,0.0,9,0.3394035652279853,0.3886951665154087,0.0004401014914,0.4797292858362197,,
V3-A1,0,2.0,0.0,10,0.3363863140344619,0.3881165672326584,0.0004267766952966,0.5064299881458283,,
V3-A1,0,2.0,0.0,11,0.3329638734459877,0.3912127993351682,0.0004123620120825,0.5123280987143517,,
V3-A1,0,2.0,0.0,12,0.329366847872734,0.3894126371111061,0.0003969463130731,0.5492964714765549,,
V3-A1,0,2.0,0.0,13,0.3252134531736373,0.3876841206593423,0.0003806246411789,0.5678985819220543,,
V3-A1,0,2.0,0.0,14,0.313099168241024,0.3963903356851743,0.0003634976249348,0.5742854759097099,,
V3-A1,0,2.0,1.0,1,0.5355053771109808,0.437281090964594,0.0004992293334332,0.5007388804640088,,
V3-A1,0,2.0,1.0,2,0.4307056693803696,0.4111324810373123,0.0004969220851487,0.4350366507257734,,
V3-A1,0,2.0,1.0,3,0.3927931657859257,0.3976702000654468,0.0004930924800994,0.4403772339934394,,
V3-A1,0,2.0,1.0,4,0.3727118628365652,0.3883398333224669,0.0004877641290737,0.4514358554567609,,
V3-A1,0,2.0,1.0,5,0.3648669932569776,0.3943928772380793,0.0004809698831278,0.4937164073898679,,
V3-A1,0,2.0,1.0,6,0.363396840436118,0.388474826745484,0.000472751631047,0.5034467393443698,,
V3-A1,0,2.0,1.0,7,0.3488333324591319,0.3847819671769724,0.0004631600410885,0.5222772090207963,,
V3-A1,0,2.0,1.0,8,0.3448525610424223,0.3883802054883185,0.0004522542485937,0.5526226063569387,,
V3-A1,0,2.0,1.0,9,0.3363528563862755,0.3921105350806422,0.0004401014914,0.6203349317823138,,
V3-A1,0,2.0,1.0,10,0.3291287606670743,0.3907485010963014,0.0004267766952966,0.5607402466592335,,
V3-A1,0,2.0,1.0,11,0.3243642477762131,0.3944276732091846,0.0004123620120825,0.6183332772482009,,
V3-A1,0,2.0,1.0,12,0.3280000048024313,0.398133458180265,0.0003969463130731,0.6441940537520817,,
V3-A1,0,2.0,1.0,13,0.3265565435091654,0.399253246645193,0.0003806246411789,0.6512183036123004,,
V3-A1,0,3.0,0.0,1,0.5654284812510013,0.4242700401559202,0.001,0.6738429859280586,,
V3-A1,0,3.0,0.0,2,0.457671146094799,0.4196116463302067,0.001,0.6898088499903678,,
V3-A1,0,3.0,0.0,3,0.431184970587492,0.4012088658914426,0.001,0.6936059385538101,,
V3-A1,0,3.0,0.0,4,0.423994966596365,0.4014441940147605,0.001,0.7085334107279777,,
V3-A1,0,3.0,0.0,5,0.41560645326972,0.4121808147471987,0.001,0.6353094063699245,,
V3-A1,0,3.0,0.0,6,0.406683711707592,0.4100292290757421,0.001,0.6442627646028996,,
V3-A1,0,3.0,0.0,7,0.3996740333735943,0.400095275465531,0.001,0.6792625293135643,,
V3-A1,0,3.0,0.0,8,0.3973087072372436,0.4030245535932931,0.001,0.6483417220413685,,
V3-A1,0,3.0,0.0,9,0.3955054119229316,0.3940704475525311,0.001,0.675455455482006,,
V3-A1,0,3.0,0.0,10,0.3835432592779398,0.3973931268844387,0.001,0.6597268499433995,,
V3-A1,0,3.0,0.0,11,0.3860481612384319,0.4172927586184084,0.001,0.6496461942791939,,
V3-A1,0,3.0,0.0,12,0.3847979940474033,0.4124454899323919,0.001,0.6216034717857838,,
V3-A1,0,3.0,0.0,13,0.3739981107413769,0.4045997653644307,0.001,0.6602632403373718,,
V3-A1,0,3.0,0.0,14,0.3755221582949161,0.4072292929322527,0.001,0.691213670372963,,
V3-A1,0,3.0,0.0,15,0.3715676434338092,0.4197414883602331,0.001,0.6341083593666553,,
V3-A1,0,3.0,1.0,1,0.5385604057370162,0.4219353651259781,0.001,0.7334619382532631,,
V3-A1,0,3.0,1.0,2,0.4496717307625747,0.4024746142209452,0.001,0.7909918601919965,,
V3-A1,0,3.0,1.0,3,0.4314831408058724,0.4088696260672833,0.001,0.7574555990172596,,
V3-A1,0,3.0,1.0,4,0.4242228371341054,0.4181402901383795,0.001,0.7210830290143083,,
V3-A1,0,3.0,1.0,5,0.4136706590652466,0.4147971623423115,0.001,0.6669396699928656,,
V3-A1,0,3.0,1.0,6,0.400146203433595,0.4042502082509041,0.001,0.6882834572617601,,
V3-A1,0,3.0,1.0,7,0.3989019866396741,0.4126877036849232,0.001,0.6828754820474764,,
V3-A1,0,3.0,1.0,8,0.3954178007637582,0.4140520487307331,0.001,0.6759374505136071,,
V3-A1,0,4.0,0.0,1,0.6177445828914643,0.5370607510475935,0.0001996917333733,0.450829017162323,,
V3-A1,0,4.0,0.0,2,0.5288774594664574,0.4692697391887254,0.0001987688340595,0.4139988616108894,,
V3-A1,0,4.0,0.0,3,0.4695968180894851,0.431837588992052,0.0001972369920397,0.4287451729178428,,
V3-A1,0,4.0,0.0,4,0.4301988616585731,0.4117703272195294,0.0001951056516295,0.4626718312501907,,
V3-A1,0,4.0,0.0,5,0.4033997818827629,0.4029817670470937,0.0001923879532511,0.4932954743504524,,
V3-A1,0,4.0,0.0,6,0.3856560617685318,0.4005513456145826,0.0001891006524188,0.5479633510112762,,
V3-A1,0,4.0,0.0,7,0.3794180184602737,0.4009378934765828,0.0001852640164354,0.5902451634407043,,
V3-A1,0,4.0,0.0,8,0.3697593539953231,0.398172732335725,0.0001809016994374,0.611242601275444,,
V3-A1,0,4.0,0.0,9,0.3619482710957527,0.4048034470769987,0.00017604059656,0.6402834534645081,,
V3-A1,0,4.0,0.0,10,0.3520278975367546,0.4029500934067946,0.0001707106781186,0.6490838319063187,,
V3-A1,0,4.0,0.0,11,0.3441855803132057,0.407546632301152,0.000164944804833,0.6788188993930817,,
V3-A1,0,4.0,0.0,12,0.3474411964416504,0.4055190190112884,0.0001587785252292,0.714245593547821,,
V3-A1,0,4.0,0.0,13,0.336396412551403,0.4055416691436114,0.0001522498564715,0.728974026441574,,
V3-A1,0,4.0,0.0,14,0.3377521693706512,0.4110724382513222,0.0001453990499739,0.7582231730222702,,
V3-A1,0,4.0,1.0,1,0.5976665956633431,0.5100747320051037,0.0001996917333733,0.50208770661127,,
V3-A1,0,4.0,1.0,2,0.5179820670968011,0.4561557508905133,0.0001987688340595,0.4633537020002092,,
V3-A1,0,4.0,1.0,3,0.4705319220111483,0.4305557197434756,0.0001972369920397,0.5014943594024295,,
V3-A1,0,4.0,1.0,4,0.4288854144868396,0.4135822418244825,0.0001951056516295,0.5375068769568488,,
V3-A1,0,4.0,1.0,5,0.4105918123608544,0.4082519433571441,0.0001923879532511,0.5647403541065398,,
V3-A1,0,4.0,1.0,6,0.396295591479256,0.4029666032481535,0.0001891006524188,0.6128789697374616,,
V3-A1,0,4.0,1.0,7,0.3800597673370725,0.4003211096836843,0.0001852640164354,0.6234474763983772,,
V3-A1,0,4.0,1.0,8,0.366994172334671,0.4010342901527985,0.0001809016994374,0.6685983297370729,,
V3-A1,0,4.0,1.0,9,0.3637409039906093,0.4009017371937065,0.00017604059656,0.6923242353257679,,
V3-A1,0,4.0,1.0,10,0.3582208511375245,0.3995945813045175,0.0001707106781186,0.6992108651569912,,
V3-A1,0,4.0,1.0,11,0.3498846775009518,0.4024411004626934,0.000164944804833,0.7174149581364223,,
V3-A1,0,4.0,1.0,12,0.3493686559654417,0.4057817022035154,0.0001587785252292,0.760422496568589,,
V3-A1,0,4.0,1.0,13,0.3471264754022871,0.4029158518175441,0.0001522498564715,0.783504721664247,,
V3-A1,0,4.0,1.0,14,0.3305728222642626,0.4035124174879781,0.0001453990499739,0.7653175251824516,,
V3-A1,0,4.0,1.0,15,0.3309490836801983,0.4076693681003168,0.0001382683432365,0.8340972151075091,,
V3-A1,0,4.0,1.0,16,0.3277938649767921,0.409277771632464,0.0001309016994374,0.8259977045513335,,
V3-A1,0,5.0,0.0,1,0.6938871592283249,0.4682730867710362,0.0005,0.5148668453097344,,
V3-A1,0,5.0,0.0,2,0.5556475073099136,0.4107615798012931,0.0005,0.4144719645380973,,
V3-A1,0,5.0,0.0,3,0.5031874075531959,0.4019645116219156,0.0005,0.4692375510931015,,
V3-A1,0,5.0,0.0,4,0.4772895723581314,0.3938886546625514,0.0005,0.4985847726464271,,
V3-A1,0,5.0,0.0,5,0.4617562443017959,0.3925713733463364,0.0005,0.5302546262741089,,
V3-A1,0,5.0,0.0,6,0.4482825890183449,0.3851163106730672,0.0005,0.5656656607985496,,
V3-A1,0,5.0,0.0,7,0.4420911505818367,0.398871213572388,0.0005,0.5987289920449257,,
V3-A1,0,5.0,0.0,8,0.4361626118421554,0.3906406258922684,0.0005,0.606163564324379,,
V3-A1,0,5.0,0.0,9,0.4259124368429184,0.3889737440776259,0.0005,0.6132334470748901,,
V3-A1,0,5.0,0.0,10,0.4194859057664871,0.3956849534353566,0.0005,0.6483185976743698,,
V3-A1,0,5.0,0.0,11,0.4165150791406631,0.3995768532241686,0.0005,0.6687681317329407,,
V3-A1,0,5.0,0.0,12,0.4143077671527863,0.3980216176723508,0.0005,0.7192556172609329,,
V3-A1,0,5.0,1.0,1,0.6525721209389823,0.452643710153661,0.0005,0.6101122796535492,,
V3-A1,0,5.0,1.0,2,0.5343143727098193,0.4163774781000644,0.0005,0.5504197535060701,,
V3-A1,0,5.0,1.0,3,0.4845328813507443,0.4016449514214917,0.0005,0.5521318841548193,,
V3-A1,0,5.0,1.0,4,0.4599276128269377,0.3955675560987669,0.0005,0.5683155570711408,,
V3-A1,0,5.0,1.0,5,0.4513008111999148,0.3945752790904124,0.0005,0.6140605608622233,,
V3-A1,0,5.0,1.0,6,0.4464767007600693,0.3957054658746049,0.0005,0.6322532863844008,,
V3-A1,0,5.0,1.0,7,0.4289233883221944,0.3846833883455081,0.0005,0.654247195947738,,
V3-A1,0,5.0,1.0,8,0.4238278170426686,0.3953693419926246,0.0005,0.7105455568858555,,
V3-A1,0,5.0,1.0,9,0.414346694946289,0.401370112362419,0.0005,0.7853301905450367,,
V3-A1,0,5.0,1.0,10,0.4048690710748945,0.3962227984652732,0.0005,0.7160543969699315,,
V3-A1,0,5.0,1.0,11,0.400163186447961,0.4034713620573159,0.0005,0.7986276121366591,,
V3-A1,0,5.0,1.0,12,0.4051567599886939,0.3995066791515497,0.0005,0.8256108051254636,,
V3-A1,0,5.0,1.0,13,0.4014193983305068,0.4036172677081208,0.0005,0.822039110319955,,
V3-A1,0,6.0,0.0,1,0.5066033795475959,0.4128243522367316,0.0004992293334332,0.513470721244812,,
V3-A1,0,6.0,0.0,2,0.3940082103013992,0.3973980869943727,0.0004969220851487,0.6073547780513764,,
V3-A1,0,6.0,0.0,3,0.3669594161212444,0.3937631026037269,0.0004930924800994,0.6713109448552131,,
V3-A1,0,6.0,0.0,4,0.3525655291974544,0.3811879047365196,0.0004877641290737,0.6847717866301537,,
V3-A1,0,6.0,0.0,5,0.3363011471927166,0.3994010351367222,0.0004809698831278,0.6792967289686203,,
V3-A1,0,6.0,0.0,6,0.330340626835823,0.3992183945213839,0.000472751631047,0.7089481070637703,,
V3-A1,0,6.0,0.0,7,0.3213837828487157,0.3916429156512568,0.0004631600410885,0.7921426743268967,,
V3-A1,0,6.0,0.0,8,0.3106804747134447,0.4029770586758392,0.0004522542485937,0.7976246491074562,,
V3-A1,0,6.0,0.0,9,0.3005015511065722,0.3954443589233909,0.0004401014914,0.8505788549780846,,
V3-A1,0,6.0,0.0,10,0.290083833783865,0.4176935616564008,0.0004267766952966,0.9016653135418892,,
V3-A1,0,6.0,1.0,1,0.4904475139408576,0.4138988258234559,0.0004992293334332,0.5576339705688197,,
V3-A1,0,6.0,1.0,2,0.3944217395491716,0.3852047557486219,0.0004969220851487,0.655880670721938,,
V3-A1,0,6.0,1.0,3,0.3623340943964516,0.3860371393124758,0.0004930924800994,0.6938724873996363,,
V3-A1,0,6.0,1.0,4,0.3468881641946187,0.4002824098240968,0.0004877641290737,0.7145813383707186,,
V3-A1,0,6.0,1.0,5,0.3454123241145436,0.3868593678944334,0.0004809698831278,0.7862814664840698,,
V3-A1,0,6.0,1.0,6,0.3282628510056472,0.4023813159140505,0.000472751631047,0.7986902042133052,,
V3-A1,0,6.0,1.0,7,0.319656433855615,0.3938557070485186,0.0004631600410885,0.8434591075269188,,
V3-A1,0,6.0,1.0,8,0.3077699549314452,0.4110527549992236,0.0004522542485937,0.839952900642302,,
V3-A1,0,7.0,0.0,1,0.7325597494840622,0.490863488183219,0.0001996917333733,0.6991106674075127,,
V3-A1,0,7.0,0.0,2,0.5979142397642135,0.4275237797249525,0.0001987688340595,0.7399496957659721,,
V3-A1,0,7.0,0.0,3,0.5307979695498943,0.4122520676971123,0.0001972369920397,0.8993481218814849,,
V3-A1,0,7.0,0.0,4,0.4984239861369133,0.4113627724783192,0.0001951056516295,1.056631565093994,,
V3-A1,0,7.0,0.0,5,0.4880308575928211,0.4064245192538558,0.0001923879532511,1.1044378995895383,,
V3-A1,0,7.0,0.0,6,0.4734744355082512,0.4046672582526299,0.0001891006524188,1.1728555426001548,,
V3-A1,0,7.0,0.0,7,0.4607759058475494,0.4114744058870117,0.0001852640164354,1.1990620225667954,,
V3-A1,0,7.0,0.0,8,0.4586174540221691,0.4084033644686167,0.0001809016994374,1.2423983588814735,,
V3-A1,0,7.0,0.0,9,0.4496236830949783,0.4104654466443119,0.00017604059656,1.2752276748418807,,
V3-A1,0,7.0,0.0,10,0.4449058257043362,0.4101268278142141,0.0001707106781186,1.31537946164608,,
V3-A1,0,7.0,0.0,11,0.4359586670994758,0.4188965037361812,0.000164944804833,1.3052847161889076,,
V3-A1,0,7.0,0.0,12,0.4335938923060894,0.4206092050483144,0.0001587785252292,1.3543490886688232,,
V3-A1,0,7.0,1.0,1,0.6937007831364144,0.4715590330658577,0.0001996917333733,0.7284884685423316,,
V3-A1,0,7.0,1.0,2,0.5663619499380995,0.4224974775132689,0.0001987688340595,0.8351812420821771,,
V3-A1,0,7.0,1.0,3,0.5087406766123888,0.4118660701462595,0.0001972369920397,1.0134739585039092,,
V3-A1,0,7.0,1.0,4,0.4914957066861594,0.4103698787553242,0.0001951056516295,1.1152738390899286,,
V3-A1,0,7.0,1.0,5,0.4736634689133341,0.4044207640123861,0.0001923879532511,1.179468176713804,,
V3-A1,0,7.0,1.0,6,0.4584193636731403,0.4062309494077245,0.0001891006524188,1.2090657571466958,,
V3-A1,0,7.0,1.0,7,0.4536165144385361,0.4013849422034191,0.0001852640164354,1.2795816863455425,,
V3-A1,0,7.0,1.0,8,0.4441246521182176,0.4064770355491275,0.0001809016994374,1.3066244328894263,,
V3-A1,0,7.0,1.0,9,0.4416541435369631,0.4101755881974703,0.00017604059656,1.3621232538688473,,
V3-A1,0,7.0,1.0,10,0.4332649293469219,0.4068403873400975,0.0001707106781186,1.347654220534534,,
V3-A1,0,7.0,1.0,11,0.4324418190048962,0.4078659048140879,0.000164944804833,1.4306437300472723,,
V3-A1,0,7.0,1.0,12,0.4206250324481871,0.4125910552586044,0.0001587785252292,1.466006659879917,,
V3-A1,0,7.0,1.0,13,0.4182593204626223,0.4145300781495685,0.0001522498564715,1.5039778715226708,,
V3-A1,1,0.0,0.0,1,0.5363284698346766,0.3930562759848785,0.0004992293334332,0.6258513302337833,,
V3-A1,1,0.0,0.0,2,0.4447546237852515,0.3827415112398708,0.0004969220851487,0.6322147075722857,,
V3-A1,1,0.0,0.0,3,0.4232498967066044,0.3858611929413286,0.0004930924800994,0.6606437171377787,,
V3-A1,1,0.0,0.0,4,0.4166632461838606,0.3766165576499798,0.0004877641290737,0.6811164690227043,,
V3-A1,1,0.0,0.0,5,0.40448280223986,0.3834585325168294,0.0004809698831278,0.6726738083653334,,
V3-A1,1,0.0,0.0,6,0.4005475335004853,0.3767180577620825,0.000472751631047,0.6933778945992632,,
V3-A1,1,0.0,0.0,7,0.3908112688762385,0.3764186543272794,0.0004631600410885,0.6965770852275011,,
V3-A1,1,0.0,0.0,8,0.3800169367615769,0.3916589499941911,0.0004522542485937,0.7004032222236075,,
V3-A1,1,0.0,0.0,9,0.382839444933868,0.3797426688389972,0.0004401014914,0.7556621882973648,,
V3-A1,1,0.0,0.0,10,0.3714264224215252,0.377244370593098,0.0004267766952966,0.7269865855938051,,
V3-A1,1,0.0,0.0,11,0.3700060742657359,0.3803927718840258,0.0004123620120825,0.7678479261514617,,
V3-A1,1,0.0,0.0,12,0.3613863638261469,0.3989457304476221,0.0003969463130731,0.8058108047741216,,
V3-A1,1,0.0,0.0,13,0.3568585289687645,0.3982359923317367,0.0003806246411789,0.8140683377661356,,
V3-A1,1,0.0,1.0,1,0.5386322693126958,0.4148592517566518,0.0004992293334332,0.6845684633022402,,
V3-A1,1,0.0,1.0,2,0.4377917371145108,0.4062928886197735,0.0004969220851487,0.7323101133835025,,
V3-A1,1,0.0,1.0,3,0.4018075382564126,0.3983635573901434,0.0004930924800994,0.6398339053479637,,
V3-A1,1,0.0,1.0,4,0.3852878590909446,0.3956488761442172,0.0004877641290737,0.6797839243237566,,
V3-A1,1,0.0,1.0,5,0.3849550834516199,0.4029071757468035,0.0004809698831278,0.755184432355369,,
V3-A1,1,0.0,1.0,6,0.3720077530639927,0.4008012562597315,0.000472751631047,0.7560052842628665,,
V3-A1,1,0.0,1.0,7,0.3709194129560051,0.3930321187015308,0.0004631600410885,0.8014653862976446,,
V3-A1,1,0.0,1.0,8,0.3673808084028523,0.4019445143218424,0.0004522542485937,0.8069974576554647,,
V3-A1,1,0.0,1.0,9,0.3486601764835962,0.4088368874108116,0.0004401014914,0.7703828695343762,,
V3-A1,1,0.0,1.0,10,0.3480843596342133,0.4253712738571188,0.0004267766952966,0.8049385780241431,,
V3-A1,1,0.0,1.0,11,0.3421259664180802,0.4210659355802009,0.0004123620120825,0.8522749863019804,,
V3-A1,1,0.0,1.0,12,0.334174992289485,0.4114824647762188,0.0003969463130731,0.8353409781688597,,
V3-A1,1,0.0,1.0,13,0.3366964284966631,0.4209400754375147,0.0003806246411789,0.9153349166963158,,
V3-A1,1,1.0,0.0,1,0.6271698198667387,0.4358905612379798,0.0009984586668665,0.7192408442497253,,
V3-A1,1,1.0,0.0,2,0.5170896831082135,0.3861643198150598,0.0009938441702975,0.8466421176747578,,
V3-A1,1,1.0,0.0,3,0.4967463619825316,0.4128630365825163,0.0009861849601988,0.8072044907546625,,
V3-A1,1,1.0,0.0,4,0.4955475693795739,0.3859274774435477,0.0009755282581475,0.7575761952051302,,
V3-A1,1,1.0,0.0,5,0.4736015309647816,0.3852361970405709,0.0009619397662556,0.7330362200737,,
V3-A1,1,1.0,0.0,6,0.4635669988829915,0.406508379993733,0.0009455032620941,0.7551851010904079,,
V3-A1,1,1.0,0.0,7,0.4589582856108503,0.3816626478629048,0.000926320082177,0.7486747983025341,,
V3-A1,1,1.0,0.0,8,0.4487568794227228,0.3967088615326594,0.0009045084971874,0.7421543307420684,,
V3-A1,1,1.0,0.0,9,0.4506006146349558,0.3947318046125251,0.0008802029828,0.7386491007921172,,
V3-A1,1,1.0,0.0,10,0.4371183565477045,0.3787091360089452,0.0008535533905932,0.7801128611332033,,
V3-A1,1,1.0,0.0,11,0.4423166847810512,0.3987005120569867,0.000824724024165,0.7706738492337669,,
V3-A1,1,1.0,0.0,12,0.4388024806976318,0.3986823453697588,0.0007938926261462,0.7410890910683609,,
V3-A1,1,1.0,0.0,13,0.4297292247051146,0.4052020636360144,0.0007612492823579,0.7278884605663579,,
V3-A1,1,1.0,0.0,14,0.4281564536618023,0.4053937001748922,0.0007269952498697,0.7694865872220296,,
V3-A1,1,1.0,0.0,15,0.422157248345817,0.3926366255298549,0.0006913417161825,0.7543858813076485,,
V3-A1,1,1.0,0.0,16,0.4118542656665895,0.4028319786515053,0.0006545084971874,0.7657787436392249,,
V3-A1,1,1.0,1.0,1,0.6279916116377202,0.4788079834198023,0.0009984586668665,0.7956119964762431,,
V3-A1,1,1.0,1.0,2,0.5078924523621071,0.443688251877816,0.0009938441702975,0.9598581180339908,,
V3-A1,1,1.0,1.0,3,0.4694005147349543,0.423205499635247,0.0009861849601988,0.8146771614144488,,
V3-A1,1,1.0,1.0,4,0.4579485960123015,0.4077143226259329,0.0009755282581475,0.8437733010547918,,
V3-A1,1,1.0,1.0,5,0.435916361285419,0.4280797232633134,0.0009619397662556,0.8665358569563889,,
V3-A1,1,1.0,1.0,6,0.4405326741497691,0.4034445896962579,0.0009455032620941,0.8485513067826992,,
V3-A1,1,1.0,1.0,7,0.4286507220893371,0.4030318218916461,0.000926320082177,0.8118981849856493,,
V3-A1,1,1.0,1.0,8,0.4320809732123119,0.4204239515340429,0.0009045084971874,0.7882232825930525,,
V3-A1,1,1.0,1.0,9,0.4153270045431649,0.4162124885549907,0.0008802029828,0.8034599278031326,,
V3-A1,1,1.0,1.0,10,0.4168346422474558,0.4302967405781926,0.0008535533905932,0.7935848047093648,,
V3-A1,1,1.0,1.0,11,0.409298309102291,0.4231083542865645,0.000824724024165,0.8312458308731637,,
V3-A1,1,1.0,1.0,12,0.4067723427603884,0.4205759801741605,0.0007938926261462,0.845295522271133,,
V3-A1,1,1.0,1.0,13,0.3879778405151716,0.4430797771382126,0.0007612492823579,0.8002843042699302,,
V3-A1,1,2.0,0.0,1,0.6526050734810713,0.434758864046756,0.0002,0.7027023216573204,,
V3-A1,1,2.0,0.0,2,0.5279285747830461,0.391797695235785,0.0002,0.6633657972987105,,
V3-A1,1,2.0,0.0,3,0.4928346828716557,0.388995790616622,0.0002,0.7460444424210525,,
V3-A1,1,2.0,0.0,4,0.4769150491167859,0.3829908144295585,0.0002,0.7811765394559721,,
V3-A1,1,2.0,0.0,5,0.463082088202965,0.377780583369943,0.0002,0.8036531122719369,,
V3-A1,1,2.0,0.0,6,0.4549370386251589,0.3803510431071705,0.0002,0.8381995704115891,,
V3-A1,1,2.0,0.0,7,0.4466174753700814,0.3759547924333344,0.0002,0.8588197173141852,,
V3-A1,1,2.0,0.0,8,0.4351016813661994,0.3944370319720279,0.0002,0.8766404550249983,,
V3-A1,1,2.0,0.0,9,0.4375915178438512,0.3813791970406803,0.0002,0.948799134754553,,
V3-A1,1,2.0,0.0,10,0.4267093481087103,0.3765955163578379,0.0002,0.9206650896770198,,
V3-A1,1,2.0,0.0,11,0.4203711689972296,0.3816224467181268,0.0002,0.9756690539964816,,
V3-A1,1,2.0,0.0,12,0.411669249941663,0.3854152496836364,0.0002,1.025466213865978,,
V3-A1,1,2.0,0.0,13,0.4059229616711779,0.3910162684075888,0.0002,1.059238381502105,,
V3-A1,1,2.0,1.0,1,0.6534963380999681,0.446523932759874,0.0002,0.7717504283277,,
V3-A1,1,2.0,1.0,2,0.5198479694564168,0.4142697589006657,0.0002,0.752186837719708,,
V3-A1,1,2.0,1.0,3,0.4628191372243369,0.4023525915525215,0.0002,0.7055761988570051,,
V3-A1,1,2.0,1.0,4,0.4452625967380477,0.3973396998284645,0.0002,0.7798988979037215,,
V3-A1,1,2.0,1.0,5,0.4387335551948082,0.3965332862054333,0.0002,0.8620703845489316,,
V3-A1,1,2.0,1.0,6,0.427296898713926,0.3994150945671501,0.0002,0.9038929415912162,,
V3-A1,1,2.0,1.0,7,0.4173450608079026,0.3918609441257061,0.0002,0.9337462259501944,,
V3-A1,1,2.0,1.0,8,0.4132257656353276,0.403355211651569,0.0002,0.9918345343775864,,
V3-A1,1,2.0,1.0,9,0.3982910037767596,0.3958869771037723,0.0002,0.984311243382896,,
V3-A1,1,2.0,1.0,10,0.400592540822378,0.402712858342414,0.0002,1.0462748960750858,,
V3-A1,1,2.0,1.0,11,0.3857502344904876,0.4103484810416147,0.0002,1.0986040307254326,,
V3-A1,1,2.0,1.0,12,0.3808488100767135,0.4018256470723385,0.0002,1.1268340669027188,,
V3-A1,1,2.0,1.0,13,0.3778465528313706,0.4073955384854327,0.0002,1.1382521797971028,,
V3-A1,1,3.0,0.0,1,0.668306169055757,0.515001399980455,0.0001996917333733,0.6052663865543547,,
V3-A1,1,3.0,0.0,2,0.5504682617528098,0.4414507650789817,0.0001987688340595,0.5310947213854108,,
V3-A1,1,3.0,0.0,3,0.4943877330848149,0.4098391524763005,0.0001972369920397,0.5296170299961453,,
V3-A1,1,3.0,0.0,4,0.461574368533634,0.3952881460905824,0.0001951056516295,0.5699870756694249,,
V3-A1,1,3.0,0.0,5,0.4370680692650023,0.3883142974798561,0.0001923879532511,0.5959860639912742,,
V3-A1,1,3.0,0.0,6,0.421876060111182,0.3827308534104517,0.0001891006524188,0.6482969919840494,,
V3-A1,1,3.0,0.0,7,0.4141809557165418,0.3803119452673589,0.0001852640164354,0.6785360063825335,,
V3-A1,1,3.0,0.0,8,0.4039687102749234,0.384247286906043,0.0001809016994374,0.6975446116356623,,
V3-A1,1,3.0,0.0,9,0.4024594227472941,0.3799495433368535,0.00017604059656,0.773691733678182,,
V3-A1,1,3.0,0.0,10,0.3874824799242474,0.3778851222905393,0.0001707106781186,0.786669325260889,,
V3-A1,1,3.0,0.0,11,0.3838081884951818,0.3794912391619128,0.000164944804833,0.7876768055416289,,
V3-A1,1,3.0,0.0,12,0.3774324428467523,0.3769689319440922,0.0001587785252292,0.850432657060169,,
V3-A1,1,3.0,0.0,13,0.3687167607602619,0.3763327306777812,0.0001522498564715,0.8448470291637239,,
V3-A1,1,3.0,0.0,14,0.3658002742699214,0.3863328841469353,0.0001453990499739,0.8699863325981867,,
V3-A1,1,3.0,0.0,15,0.3667054375012715,0.3785539540778496,0.0001382683432365,0.9570454671269372,,
V3-A1,1,3.0,0.0,16,0.3471793943927401,0.3824549031368945,0.0001309016994374,0.9112474492618016,,
V3-A1,1,3.0,0.0,17,0.3465185491811661,0.3860442638613597,0.0001233445363855,0.9935541266486758,,
V3-A1,1,3.0,0.0,18,0.3376796855812981,0.3939777504392415,0.000115643446504,0.9635158663704282,,
V3-A1,1,3.0,0.0,19,0.3389817220824105,0.390229349978289,0.0001078459095727,1.0503687546366738,,
V3-A1,1,3.0,1.0,1,0.6846005348932176,0.534825838840102,0.0001996917333733,0.606060042267754,,
V3-A1,1,3.0,1.0,2,0.5723298333940052,0.4594396529424601,0.0001987688340595,0.645877365555082,,
V3-A1,1,3.0,1.0,3,0.480675282222884,0.4261368878673133,0.0001972369920397,0.5059407424359095,,
V3-A1,1,3.0,1.0,4,0.4417922319400878,0.4123019383445064,0.0001951056516295,0.5294643370878129,,
V3-A1,1,3.0,1.0,5,0.4310959251154037,0.4047544211246872,0.0001923879532511,0.7079913048517137,,
V3-A1,1,3.0,1.0,6,0.4175915916760762,0.4005907377130279,0.0001891006524188,0.8037182688713074,,
V3-A1,1,3.0,1.0,7,0.3857636515583311,0.3966536272761453,0.0001852640164354,0.7126767408280146,,
V3-A1,1,3.0,1.0,8,0.3903783460458119,0.3996066265052885,0.0001809016994374,0.8943962369646344,,
V3-A1,1,3.0,1.0,9,0.3710475237596602,0.3986377494864905,0.00017604059656,0.8799754494712466,,
V3-A1,1,3.0,1.0,10,0.3669492091451372,0.4065750043786204,0.0001707106781186,1.072495786916642,,
V3-A1,1,3.0,1.0,11,0.3490317258096876,0.4067342996232392,0.000164944804833,0.8675404985745748,,
V3-A1,1,3.0,1.0,12,0.3456676410777228,0.4026937792478207,0.0001587785252292,1.1198777528036208,,
V3-A1,1,3.0,1.0,13,0.3421428962832405,0.4091322333126334,0.0001522498564715,0.9826757084755672,,
V3-A1,1,4.0,0.0,1,0.5697072911553267,0.4511998688320771,0.0002,0.6174336439225732,,
V3-A1,1,4.0,0.0,2,0.4386773923548256,0.4032492103735678,0.0002,0.5899343686859783,,
V3-A1,1,4.0,0.0,3,0.3980618795243705,0.3915812849015373,0.0002,0.6705935408429402,,
V3-A1,1,4.0,0.0,4,0.3830323161148443,0.3825663379346588,0.0002,0.7596644250358023,,
V3-A1,1,4.0,0.0,5,0.3682117840138877,0.3810995291152086,0.0002,0.7882784008979797,,
V3-A1,1,4.0,0.0,6,0.3580501701046781,0.376182328463462,0.0002,0.8198956294757563,,
V3-A1,1,4.0,0.0,7,0.3502461234243905,0.379993535883501,0.0002,0.9082491964828676,,
V3-A1,1,4.0,0.0,8,0.3357836869431705,0.3819512658709146,0.0002,0.9252309203147888,,
V3-A1,1,4.0,0.0,9,0.3350060175104839,0.3780656311181029,0.0002,1.012614773540962,,
V3-A1,1,4.0,0.0,10,0.3203877316015522,0.3817683224914576,0.0002,0.9623217858919284,,
V3-A1,1,4.0,0.0,11,0.3216345350189907,0.3849261118836157,0.0002,1.0922459552927717,,
V3-A1,1,4.0,0.0,12,0.3139302745098021,0.3928126801346821,0.0002,1.0821149785344193,,
V3-A1,1,4.0,1.0,1,0.5807065513075852,0.4678865079511605,0.0002,0.5805474999474316,,
V3-A1,1,4.0,1.0,2,0.4460453747249231,0.4156330323431451,0.0002,0.6736664306826707,,
V3-A1,1,4.0,1.0,3,0.3810587285495386,0.4044462496534141,0.0002,0.6447550770713062,,
V3-A1,1,4.0,1.0,4,0.3632698660580123,0.3964084587962571,0.0002,0.7563373882596086,,
V3-A1,1,4.0,1.0,5,0.3523080708777032,0.4010461192475703,0.0002,0.821543985750617,,
V3-A1,1,4.0,1.0,6,0.3361519357053245,0.3964508292718114,0.0002,0.956004972864942,,
V3-A1,1,4.0,1.0,7,0.3285071631757224,0.3973598359915859,0.0002,1.031670307240835,,
V3-A1,1,4.0,1.0,8,0.3240268328567831,0.4015983237344485,0.0002,1.097136173306442,,
V3-A1,1,4.0,1.0,9,0.3136236762128225,0.4068925223242677,0.0002,1.2230324672489632,,
V3-A1,1,4.0,1.0,10,0.2960695860589423,0.4148697496481823,0.0002,1.1002908727017844,,
V3-A1,1,5.0,0.0,1,0.5978109015197288,0.4774495972478306,0.0002,0.5895669096853675,,
V3-A1,1,5.0,0.0,2,0.4767915868177647,0.4206819921233757,0.0002,0.6105684114665519,,
V3-A1,1,5.0,0.0,3,0.4311429967240589,0.4030979585701156,0.0002,0.7430791767632089,,
V3-A1,1,5.0,0.0,4,0.4094702165301253,0.3956484175719084,0.0002,0.8282199385689526,,
V3-A1,1,5.0,0.0,5,0.3898107722038176,0.3959556864999003,0.0002,0.8719125244675613,,
V3-A1,1,5.0,0.0,6,0.3797923217459423,0.3871893847072244,0.0002,0.9307317864604112,,
V3-A1,1,5.0,0.0,7,0.373822263828138,0.3899978208456011,0.0002,0.973502557452132,,
V3-A1,1,5.0,0.0,8,0.3681757399221746,0.3859424595654519,0.0002,0.9804800080090036,,
V3-A1,1,5.0,0.0,9,0.3689838335281465,0.3844793420393519,0.0002,1.0225560897734107,,
V3-A1,1,5.0,0.0,10,0.3496123028964531,0.3901929381928321,0.0002,1.0416421003457976,,
V3-A1,1,5.0,0.0,11,0.3579726262790401,0.3820859880928783,0.0002,1.08751543847526,,
V3-A1,1,5.0,0.0,12,0.3508980761214,0.3872099380580232,0.0002,1.0949559328032703,,
V3-A1,1,5.0,0.0,13,0.3479079734988329,0.3911198815785187,0.0002,1.1162396538548354,,
V3-A1,1,5.0,0.0,14,0.3468749079762435,0.3948647346696962,0.0002,1.1472872335736344,,
V3-A1,1,5.0,0.0,15,0.33609249715398,0.3882568957054945,0.0002,1.1584644724683064,,
V3-A1,1,5.0,0.0,16,0.3306523659607259,0.3905967914743764,0.0002,1.1580510517446003,,
V3-A1,1,5.0,0.0,17,0.3293677844652316,0.3863108507086049,0.0002,1.2354498927186175,,
V3-A1,1,5.0,1.0,1,0.615062316743339,0.4991246094984786,0.0002,0.5798264327572613,,
V3-A1,1,5.0,1.0,2,0.4940986705989372,0.4308587896302305,0.0002,0.6691777909674296,,
V3-A1,1,5.0,1.0,3,0.4132741893210062,0.4121897226418193,0.0002,0.6933204531669617,,
V3-A1,1,5.0,1.0,4,0.3871612661495441,0.4033903091563075,0.0002,0.853063958447154,,
V3-A1,1,5.0,1.0,5,0.3764632373321347,0.4105297659131438,0.0002,1.006247795209652,,
V3-A1,1,5.0,1.0,6,0.3718481492705461,0.4025335101767337,0.0002,1.1091544744445057,,
V3-A1,1,5.0,1.0,7,0.3583359623827585,0.4056226855220938,0.0002,1.1441077052093134,,
V3-A1,1,5.0,1.0,8,0.3559954050110607,0.4070714958879838,0.0002,1.1574007389022083,,
V3-A1,1,5.0,1.0,9,0.3479444519048784,0.411332123492361,0.0002,1.1628249084077231,,
V3-A1,1,5.0,1.0,10,0.3410627932810202,0.4144395507196949,0.0002,1.2149969790039994,,
V3-A1,1,5.0,1.0,11,0.338740430954026,0.4126552453405019,0.0002,1.2346374596037517,,
V3-A1,1,5.0,1.0,12,0.3272073512397161,0.4112333871011153,0.0002,1.2001761096279795,,
V3-A1,1,6.0,0.0,1,0.7128367225329081,0.5540643583552337,0.0001996917333733,0.5417266672565824,,
V3-A1,1,6.0,0.0,2,0.6278040636153448,0.4768149309216651,0.0001987688340595,0.517516302210944,,
V3-A1,1,6.0,0.0,3,0.568332294623057,0.4348510040729603,0.0001972369920397,0.5629846184026628,,
V3-A1,1,6.0,0.0,4,0.5242697639124734,0.4210704953015055,0.0001951056516295,0.6130927063169933,,
V3-A1,1,6.0,0.0,5,0.4891473736081804,0.4157605791390782,0.0001923879532511,0.6573483120827448,,
V3-A1,1,6.0,0.0,6,0.4825100302696228,0.4087024968712444,0.0001891006524188,0.7299306052071708,,
V3-A1,1,6.0,0.0,7,0.4726377356620062,0.4065056631488368,0.0001852640164354,0.792887100151607,,
V3-A1,1,6.0,0.0,8,0.4462172332264128,0.406900517055362,0.0001809016994374,0.7655407417388189,,
V3-A1,1,6.0,0.0,9,0.4498247262977418,0.40460917642835,0.00017604059656,0.8499556893394107,,
V3-A1,1,6.0,0.0,10,0.4433341991333734,0.4084859142215521,0.0001707106781186,0.9023099059150332,,
V3-A1,1,6.0,0.0,11,0.4352836325055077,0.4067835947534152,0.000164944804833,0.8534580327215648,,
V3-A1,1,6.0,0.0,12,0.4320636746429261,0.4020248049655832,0.0001587785252292,0.8862925143468947,,
V3-A1,1,6.0,0.0,13,0.4276427811100369,0.4005183097203555,0.0001522498564715,0.9182403229531788,,
V3-A1,1,6.0,0.0,14,0.4309134653636387,0.4051351034426534,0.0001453990499739,0.9466718037923176,,
V3-A1,1,6.0,0.0,15,0.4295133891559782,0.4014034763565294,0.0001382683432365,0.9321728746096292,,
V3-A1,1,6.0,0.0,16,0.4122201417173658,0.3993929948549826,0.0001309016994374,0.8885883632160368,,
V3-A1,1,6.0,0.0,17,0.4131805769034794,0.4019461868771752,0.0001233445363855,0.9161127890859332,,
V3-A1,1,6.0,0.0,18,0.4088494082291921,0.3998900480372993,0.000115643446504,0.9587463537851968,,
V3-A1,1,6.0,0.0,19,0.4108057107244219,0.4015115982553206,0.0001078459095727,0.903918547289712,,
V3-A1,1,6.0,0.0,20,0.4210420208317892,0.4039661526435925,9.999999999999996e-05,1.0200671468462263,,
V3-A1,1,6.0,0.0,21,0.4008968557630266,0.4013145592947599,9.215409042721548e-05,0.9185091030030024,,
V3-A1,1,6.0,0.0,22,0.4043156022117251,0.4007085411995176,8.43565534959769e-05,0.92669130223138,,
V3-A1,1,6.0,1.0,1,0.7135852915900094,0.5777128729709776,0.0001996917333733,0.5569872501350585,,
V3-A1,1,6.0,1.0,2,0.6414344821657453,0.4981151823409664,0.0001987688340595,0.5648797353108724,,
V3-A1,1,6.0,1.0,3,0.5608814514818645,0.44935916834537,0.0001972369920397,0.5746547679106394,,
V3-A1,1,6.0,1.0,4,0.5074949959913889,0.4310995790051093,0.0001951056516295,0.5963545725459144,,
V3-A1,1,6.0,1.0,5,0.4786719708215622,0.4298696547726869,0.0001923879532511,0.7305651108423868,,
V3-A1,1,6.0,1.0,6,0.4627623898642404,0.4250524062415385,0.0001891006524188,0.9139550186338878,,
V3-A1,1,6.0,1.0,7,0.431419435711134,0.4207406540276364,0.0001852640164354,0.7253058921723139,,
V3-A1,1,6.0,1.0,8,0.44212967866943,0.4193019343349821,0.0001809016994374,1.085997229530698,,
V3-A1,1,6.0,1.0,9,0.4142740234023049,0.4205898036150747,0.00017604059656,0.8688348077592396,,
V3-A1,1,6.0,1.0,10,0.4236199912570771,0.4261194948285262,0.0001707106781186,1.0795589288075764,,
V3-A1,1,6.0,1.0,11,0.3990309135544868,0.4250089496030068,0.000164944804833,0.8797292879649571,,
V3-A1,1,6.0,1.0,12,0.4037139841488429,0.4288879516270054,0.0001587785252292,1.0927083549045382,,
V3-A1,1,6.0,1.0,13,0.3950946863208498,0.4281497797334239,0.0001522498564715,0.9681612082890102,,
V3-A1,1,6.0,1.0,14,0.4291719254993257,0.4321711913248812,0.0001453990499739,1.1217679863884336,,
V3-A1,1,7.0,0.0,1,0.5034353236357371,0.4145058623262662,0.0009984586668665,0.4442018823964255,,
V3-A1,1,7.0,0.0,2,0.4047207193715231,0.3875404353401031,0.0009938441702975,0.3670601731254941,,
V3-A1,1,7.0,0.0,3,0.3843849556786673,0.3807015637611379,0.0009861849601988,0.3696817074503217,,
V3-A1,1,7.0,0.0,4,0.3724069226355779,0.3763727733488904,0.0009755282581475,0.385745970975785,,
V3-A1,1,7.0,0.0,5,0.3614458697182791,0.3746482914563274,0.0009619397662556,0.3890880105041322,,
V3-A1,1,7.0,0.0,6,0.3538879510902223,0.3674132459618156,0.0009455032620941,0.3885109765189035,,
V3-A1,1,7.0,0.0,7,0.3526286057063511,0.3741360102030471,0.000926320082177,0.4274965723355611,,
V3-A1,1,7.0,0.0,8,0.3386223032360985,0.3765167571140083,0.0009045084971874,0.4136245548725128,,
V3-A1,1,7.0,0.0,9,0.3528785244339988,0.3750234839153107,0.0008802029828,0.4951695232164292,,
V3-A1,1,7.0,0.0,10,0.3359206659453256,0.3779474770192358,0.0008535533905932,0.4579575742994036,,
V3-A1,1,7.0,0.0,11,0.3342361251513163,0.375415969980706,0.000824724024165,0.4625861020315261,,
V3-A1,1,7.0,0.0,12,0.3242650500365666,0.3851213819717842,0.0007938926261462,0.475982897338413,,
V3-A1,1,7.0,1.0,1,0.5158551590783256,0.4290959761036031,0.0009984586668665,0.5232043521744865,,
V3-A1,1,7.0,1.0,2,0.4015991247835613,0.4026519603502122,0.0009938441702975,0.4988307910306113,,
V3-A1,1,7.0,1.0,3,0.3604284248181751,0.3982481630103716,0.0009861849601988,0.4145689393792833,,
V3-A1,1,7.0,1.0,4,0.3466270431166603,0.3879608091414241,0.0009755282581475,0.4121861542974199,,
V3-A1,1,7.0,1.0,5,0.3395391205946604,0.4009555172399807,0.0009619397662556,0.4208348946911948,,
V3-A1,1,7.0,1.0,6,0.3387624678157624,0.3965876807993678,0.0009455032620941,0.5016191403071085,,
V3-A1,1,7.0,1.0,7,0.3298227134205046,0.3937988060682849,0.000926320082177,0.5421416802065713,,
V3-A1,1,7.0,1.0,8,0.3284202941826412,0.4016102420395497,0.0009045084971874,0.536043012426013,,
V3-A1,1,7.0,1.0,9,0.3169774015744527,0.3951630040150926,0.0008802029828,0.5142139749867576,,
V3-A1,1,7.0,1.0,10,0.3073415635597138,0.4090446447699519,0.0008535533905932,0.6117367787020547,,
V3-A1,2,0.0,0.0,1,0.6696213409304619,0.4869676906486558,0.0002,0.5607740491628647,,
V3-A1,2,0.0,0.0,2,0.5374291561543941,0.4175270821034939,0.0002,0.6034244671463966,,
V3-A1,2,0.0,0.0,3,0.4718435645103455,0.3982223011712283,0.0002,0.6945590615272522,,
V3-A1,2,0.0,0.0,4,0.4452089615166187,0.3916323679103726,0.0002,0.8000220954418182,,
V3-A1,2,0.0,0.0,5,0.4323513962328434,0.3978779646309811,0.0002,0.8875249832868576,,
V3-A1,2,0.0,0.0,6,0.4188232682645321,0.3996384397169247,0.0002,0.9163572415709496,,
V3-A1,2,0.0,0.0,7,0.4071789011359215,0.3892326238653257,0.0002,0.9614067211747168,,
V3-A1,2,0.0,0.0,8,0.4064333155751228,0.3934339128851724,0.0002,1.0006592258810998,,
V3-A1,2,0.0,0.0,9,0.3924429632723331,0.3945643693915353,0.0002,1.0647965401411057,,
V3-A1,2,0.0,0.0,10,0.394805147498846,0.3918490886569088,0.0002,1.1028236046433448,,
V3-A1,2,0.0,0.0,11,0.3814018137753009,0.3971318503947573,0.0002,1.121002535521984,,
V3-A1,2,0.0,0.0,12,0.3826924577355385,0.4002722290592561,0.0002,1.1976791322231293,,
V3-A1,2,0.0,0.0,13,0.3779473252594471,0.4020719646930306,0.0002,1.2325094252824784,,
V3-A1,2,0.0,1.0,1,0.624037130177021,0.4515857757206732,0.0002,0.6272369176149368,,
V3-A1,2,0.0,1.0,2,0.503701189160347,0.4165919733998843,0.0002,0.6787224352359772,,
V3-A1,2,0.0,1.0,3,0.4563724771142006,0.403542697712395,0.0002,0.7637530341744423,,
V3-A1,2,0.0,1.0,4,0.4295873008668422,0.4006800947622206,0.0002,0.8921931922435761,,
V3-A1,2,0.0,1.0,5,0.4167806632816792,0.4030648273925905,0.0002,0.9536157429218292,,
V3-A1,2,0.0,1.0,6,0.407382795214653,0.4029480409091086,0.0002,0.9532257229089736,,
V3-A1,2,0.0,1.0,7,0.3944731138646603,0.4018211860211934,0.0002,1.0263079598546028,,
V3-A1,2,0.0,1.0,8,0.3965940468013286,0.4033910342212601,0.0002,1.0788587003946304,,
V3-A1,2,0.0,1.0,9,0.3823824636638164,0.4061871862471757,0.0002,1.0965781956911087,,
V3-A1,2,0.0,1.0,10,0.3821137629449367,0.414454925165835,0.0002,1.1798201769590375,,
V3-A1,2,1.0,0.0,1,0.5550986841320992,0.4428737056368749,0.0005,0.5300611227750778,,
V3-A1,2,1.0,0.0,2,0.4344297103583813,0.4073382737680211,0.0005,0.7165814593434334,,
V3-A1,2,1.0,0.0,3,0.4105106860399246,0.4101162349295478,0.0005,0.724129767715931,,
V3-A1,2,1.0,0.0,4,0.3944055065512657,0.4015135448526019,0.0005,0.7832978963851929,,
V3-A1,2,1.0,0.0,5,0.3871292278170585,0.425141377760218,0.0005,0.7788107380270958,,
V3-A1,2,1.0,0.0,6,0.3792289026081562,0.420601429875348,0.0005,0.7551117330789566,,
V3-A1,2,1.0,0.0,7,0.372756327688694,0.3991736345185722,0.0005,0.7799311071634293,,
V3-A1,2,1.0,0.0,8,0.3642879944294691,0.4081352789029307,0.0005,0.7463728472590446,,
V3-A1,2,1.0,0.0,9,0.3681894868612289,0.4059068118815399,0.0005,0.8111876249313354,,
V3-A1,2,1.0,0.0,10,0.3612468637526035,0.3988099874464147,0.0005,0.7865553140640259,,
V3-A1,2,1.0,0.0,11,0.3575037263333797,0.4169537270716332,0.0005,0.8008370205760003,,
V3-A1,2,1.0,0.0,12,0.3548482693731785,0.4077511465265359,0.0005,0.8500707775354386,,
V3-A1,2,1.0,0.0,13,0.3528477810323238,0.4034797957906256,0.0005,0.8314752399921417,,
V3-A1,2,1.0,0.0,14,0.3501206398010253,0.4113147304774027,0.0005,0.8118930920958519,,
V3-A1,2,1.0,0.0,15,0.3500499173998833,0.4146409242293039,0.0005,0.8507395222783088,,
V3-A1,2,1.0,0.0,16,0.3412207886576652,0.4256016678463734,0.0005,0.821353867650032,,
V3-A1,2,1.0,1.0,1,0.5430081963539124,0.4361832474220946,0.0005,0.5811816163361072,,
V3-A1,2,1.0,1.0,2,0.4275842614471912,0.4183633523311361,0.0005,0.7532626643776894,,
V3-A1,2,1.0,1.0,3,0.3945030882954597,0.4224781504029217,0.0005,0.7707621231675148,,
V3-A1,2,1.0,1.0,4,0.3908718198537826,0.412982021546079,0.0005,0.8309554308652878,,
V3-A1,2,1.0,1.0,5,0.376278705894947,0.4111080039529747,0.0005,0.8349182069301605,,
V3-A1,2,1.0,1.0,6,0.3687531225383281,0.40882482899512,0.0005,0.782797709107399,,
V3-A1,2,1.0,1.0,7,0.3628499887883663,0.4217816667165515,0.0005,0.8014844626188278,,
V3-A1,2,1.0,1.0,8,0.354876634478569,0.4146361811095146,0.0005,0.8316232204437256,,
V3-A1,2,1.0,1.0,9,0.3561233058571815,0.4314149574292075,0.0005,0.8456082388758659,,
V3-A1,2,1.0,1.0,10,0.3496705397963524,0.4240427851175502,0.0005,0.8900669157505036,,
V3-A1,2,1.0,1.0,11,0.3514561489224433,0.4267040408044007,0.0005,0.8388217523694038,,
V3-A1,2,1.0,1.0,12,0.3414803717285394,0.4263145445710578,0.0005,0.850477035343647,,
V3-A1,2,2.0,0.0,1,0.4767391443252563,0.3947091468540821,0.0009984586668665,0.5519241221249104,,
V3-A1,2,2.0,0.0,2,0.3896966069936752,0.3844496076375353,0.0009938441702975,0.5798290356993675,,
V3-A1,2,2.0,0.0,3,0.3710245065391063,0.3928515441026371,0.0009861849601988,0.5830295935273171,,
V3-A1,2,2.0,0.0,4,0.3614693611860275,0.3872846759878345,0.0009755282581475,0.5833176597952843,,
V3-A1,2,2.0,0.0,5,0.351480246335268,0.3835726004815855,0.0009619397662556,0.6211089693009854,,
V3-A1,2,2.0,0.0,6,0.3444305263459682,0.3953003126035785,0.0009455032620941,0.5927505247294903,,
V3-A1,2,2.0,0.0,7,0.3313821628689766,0.3826169185743972,0.000926320082177,0.6150515809655189,,
V3-A1,2,2.0,0.0,8,0.3269355058670044,0.4079700364659612,0.0009045084971874,0.6414954952895642,,
V3-A1,2,2.0,0.0,9,0.3202468790113926,0.405515389018914,0.0008802029828,0.6772179067134857,,
V3-A1,2,2.0,0.0,10,0.3158267587423324,0.4057197066929133,0.0008535533905932,0.6753040187060833,,
V3-A1,2,2.0,0.0,11,0.304580457508564,0.431927202026385,0.000824724024165,0.7284466832876205,,
V3-A1,2,2.0,0.0,12,0.3053928963840008,0.408270379624057,0.0007938926261462,0.7643887802958489,,
V3-A1,2,2.0,0.0,13,0.2955915115773678,0.4277126771601551,0.0007612492823579,0.7461745977401734,,
V3-A1,2,2.0,1.0,1,0.4597737014293671,0.4092107443102946,0.0009984586668665,0.5773850850760937,,
V3-A1,2,2.0,1.0,2,0.3846174262464046,0.3925878836061996,0.0009938441702975,0.6062857799232007,,
V3-A1,2,2.0,1.0,3,0.3640142478048801,0.4065010504971617,0.0009861849601988,0.5632630705833435,,
V3-A1,2,2.0,1.0,4,0.3539735488593578,0.4005692333009649,0.0009755282581475,0.6083504319190979,,
V3-A1,2,2.0,1.0,5,0.3413872286677361,0.3969607530312373,0.0009619397662556,0.6255837552249431,,
V3-A1,2,2.0,1.0,6,0.3324301905930042,0.4099986007015747,0.0009455032620941,0.6134004257619381,,
V3-A1,2,2.0,1.0,7,0.3222660291939974,0.4130596175940045,0.000926320082177,0.6715444393455983,,
V3-A1,2,2.0,1.0,8,0.3157557819038629,0.4211959364092331,0.0009045084971874,0.6663326717913151,,
V3-A1,2,3.0,0.0,1,0.5966855406761169,0.4012580756393356,0.001,0.5646778799593448,,
V3-A1,2,3.0,0.0,2,0.4971711456775665,0.4066623743396158,0.001,0.5679305225610733,,
V3-A1,2,3.0,0.0,3,0.4808589130640029,0.3958137664606314,0.001,0.5646747320890426,,
V3-A1,2,3.0,0.0,4,0.4628271587193012,0.3954174853846351,0.001,0.5661876067519188,,
V3-A1,2,3.0,0.0,5,0.4459806948900223,0.3835975723034521,0.001,0.5952333606779575,,
V3-A1,2,3.0,0.0,6,0.4470303244888782,0.406531951814102,0.001,0.5864428408443928,,
V3-A1,2,3.0,0.0,7,0.4325180701911449,0.3891744559306152,0.001,0.5966525293886662,,
V3-A1,2,3.0,0.0,8,0.4338659010827541,0.4091788558363006,0.001,0.6167724199593068,,
V3-A1,2,3.0,0.0,9,0.4240050874650478,0.4049549387857707,0.001,0.6085182175040245,,
V3-A1,2,3.0,0.0,10,0.4141834415495395,0.4003403925522087,0.001,0.607694711536169,,
V3-A1,2,3.0,0.0,11,0.4141278482973575,0.4140533007947157,0.001,0.6533844500780106,,
V3-A1,2,3.0,1.0,1,0.5856421731412411,0.4099726128363644,0.001,0.5609286293387413,,
V3-A1,2,3.0,1.0,2,0.4817436262965202,0.4013274125937844,0.001,0.5938115693628788,,
V3-A1,2,3.0,1.0,3,0.4631214968860149,0.3955137806330024,0.001,0.5605968751013279,,
V3-A1,2,3.0,1.0,4,0.4445845454931259,0.3919716784530839,0.001,0.5834227576851845,,
V3-A1,2,3.0,1.0,5,0.4384631834924221,0.3991811256189018,0.001,0.6243459433317184,,
V3-A1,2,3.0,1.0,6,0.421059726178646,0.3996646710551839,0.001,0.5923085719347,,
V3-A1,2,3.0,1.0,7,0.4192411065101623,0.4109890470331438,0.001,0.6421709805727005,,
V3-A1,2,3.0,1.0,8,0.405220016092062,0.4087972873866184,0.001,0.648292002081871,,
V3-A1,2,3.0,1.0,9,0.407431747764349,0.4250220958840667,0.001,0.6759163096547127,,
V3-A1,2,3.0,1.0,10,0.3960540890693664,0.413863437790709,0.001,0.6739301979541779,,
V3-A1,2,4.0,0.0,1,0.5820821970701218,0.4742748830700042,0.0002,0.5493549287319184,,
V3-A1,2,4.0,0.0,2,0.4636031001806259,0.4180113535020434,0.0002,0.394923609495163,,
V3-A1,2,4.0,0.0,3,0.4193364098668098,0.4015705952751127,0.0002,0.3597524404525757,,
V3-A1,2,4.0,0.0,4,0.4016041681170463,0.3919242643029933,0.0002,0.3742965251207352,,
V3-A1,2,4.0,0.0,5,0.3887340798974037,0.3882487426844581,0.0002,0.3886165842413902,,
V3-A1,2,4.0,0.0,6,0.3790873408317566,0.3840177989526382,0.0002,0.3967525407671928,,
V3-A1,2,4.0,0.0,7,0.3725763782858848,0.3794863393589166,0.0002,0.4139121636748314,,
V3-A1,2,4.0,0.0,8,0.3662979304790497,0.3795821787161672,0.0002,0.4294685289263725,,
V3-A1,2,4.0,0.0,9,0.3580139711499214,0.3781092104531091,0.0002,0.4346673816442489,,
V3-A1,2,4.0,0.0,10,0.3536120608448982,0.3805179066148933,0.0002,0.4757080718874931,,
V3-A1,2,4.0,0.0,11,0.347735071182251,0.3796043337390614,0.0002,0.4770629078149795,,
V3-A1,2,4.0,0.0,12,0.3437410920858383,0.3809083330698679,0.0002,0.5063339486718178,,
V3-A1,2,4.0,0.0,13,0.3408877462148666,0.3819857391260191,0.0002,0.5438239261507988,,
V3-A1,2,4.0,0.0,14,0.3419436708092689,0.3844056765240317,0.0002,0.5698452800512314,,
V3-A1,2,4.0,0.0,15,0.333897091448307,0.3864815948992071,0.0002,0.5381581261754036,,
V3-A1,2,4.0,1.0,1,0.5817945525050163,0.479310682030009,0.0002,0.551993453502655,,
V3-A1,2,4.0,1.0,2,0.4609510168433189,0.4217118517845046,0.0002,0.4003824189305305,,
V3-A1,2,4.0,1.0,3,0.4153044894337654,0.4080730345422266,0.0002,0.3523303240537643,,
V3-A1,2,4.0,1.0,4,0.392851223051548,0.4006720496132638,0.0002,0.3712207674980163,,
V3-A1,2,4.0,1.0,5,0.3791319891810417,0.3961157832645025,0.0002,0.386067210137844,,
V3-A1,2,4.0,1.0,6,0.370595195889473,0.3915932911978222,0.0002,0.3981181994080544,,
V3-A1,2,4.0,1.0,7,0.3652731418609619,0.3879814466181073,0.0002,0.4155193328857421,,
V3-A1,2,4.0,1.0,8,0.3560877814888954,0.3879117455662987,0.0002,0.4389641731977463,,
V3-A1,2,4.0,1.0,9,0.3495622247457504,0.3878851890749505,0.0002,0.4459019035100937,,
V3-A1,2,4.0,1.0,10,0.3456474363803863,0.3889907434294192,0.0002,0.4611201763153076,,
V3-A1,2,4.0,1.0,11,0.340826591849327,0.3869801928490916,0.0002,0.4887774169445038,,
V3-A1,2,4.0,1.0,12,0.3370244070887566,0.3896181393521462,0.0002,0.5036524578928947,,
V3-A1,2,4.0,1.0,13,0.3304216146469116,0.3905308421822259,0.0002,0.5090359389781952,,
V3-A1,2,4.0,1.0,14,0.332807146012783,0.39141605465347,0.0002,0.5396506950259209,,
V3-A1,2,4.0,1.0,15,0.3233780555427074,0.3942941955779183,0.0002,0.5361783146858216,,
V3-A1,2,4.0,1.0,16,0.318812195956707,0.3977230336842,0.0002,0.5551448225975036,,
V3-A1,2,4.0,1.0,17,0.3174359083175659,0.3969046627915574,0.0002,0.5884909614920616,,
V3-A1,2,5.0,0.0,1,0.5045320130884647,0.413552416435319,0.0009984586668665,0.5231438085436821,,
V3-A1,2,5.0,0.0,2,0.4082465425133705,0.3918529146248484,0.0009938441702975,0.5407672464847565,,
V3-A1,2,5.0,0.0,3,0.3938711203634739,0.4164593581534385,0.0009861849601988,0.5439891040325164,,
V3-A1,2,5.0,0.0,4,0.3730744630098342,0.394645856572524,0.0009755282581475,0.5183129251003266,,
V3-A1,2,5.0,0.0,5,0.3713717855513095,0.3966282012924425,0.0009619397662556,0.5400547668337822,,
V3-A1,2,5.0,0.0,6,0.362058138102293,0.412341428725953,0.0009455032620941,0.5029149360954761,,
V3-A1,2,5.0,0.0,7,0.3602348551154136,0.3880550392096205,0.000926320082177,0.5140834920108318,,
V3-A1,2,5.0,0.0,8,0.3575305126607418,0.407085769350065,0.0009045084971874,0.5011204034090042,,
V3-A1,2,5.0,0.0,9,0.3469875022768974,0.4112335977682673,0.0008802029828,0.5250983275473118,,
V3-A1,2,5.0,0.0,10,0.3449217278510332,0.4033074642849636,0.0008535533905932,0.5142754390835762,,
V3-A1,2,5.0,0.0,11,0.3320487380027771,0.4272037994862306,0.000824724024165,0.5270179338753224,,
V3-A1,2,5.0,0.0,12,0.3350792936980724,0.4113400519413505,0.0007938926261462,0.5668823055922985,,
V3-A1,2,5.0,0.0,13,0.3330710858106613,0.4161043199549862,0.0007612492823579,0.5394687779247761,,
V3-A1,2,5.0,1.0,1,0.4849436424672603,0.4288075429172995,0.0009984586668665,0.5696916028857231,,
V3-A1,2,5.0,1.0,2,0.4025106310844421,0.4160378046627161,0.0009938441702975,0.5983450591564179,,
V3-A1,2,5.0,1.0,3,0.3786540143191814,0.4208472452738659,0.0009861849601988,0.5500001415610314,,
V3-A1,2,5.0,1.0,4,0.3687868975102901,0.4142148239845666,0.0009755282581475,0.5634058222174645,,
V3-A1,2,5.0,1.0,5,0.3640897378325462,0.410967419811332,0.0009619397662556,0.5590678565204144,,
V3-A1,2,5.0,1.0,6,0.3564360059797763,0.4067071331331618,0.0009455032620941,0.5452831462025642,,
V3-A1,2,5.0,1.0,7,0.3525798924267292,0.4091341242325623,0.000926320082177,0.5659630559384823,,
V3-A1,2,5.0,1.0,8,0.3458506040275096,0.4063564095689525,0.0009045084971874,0.5606311097741127,,
V3-A1,2,5.0,1.0,9,0.3353970978409052,0.4298760603181552,0.0008802029828,0.5469004809856415,,
V3-A1,2,5.0,1.0,10,0.3348096154630184,0.4160862968608639,0.0008535533905932,0.5821231335401535,,
V3-A1,2,5.0,1.0,11,0.3261865638196468,0.4454668974221941,0.000824724024165,0.57618642821908,,
V3-A1,2,5.0,1.0,12,0.3239837028086185,0.4412817394589322,0.0007938926261462,0.5888216704130173,,
V3-A1,2,5.0,1.0,13,0.3196526829153299,0.4441747339879757,0.0007612492823579,0.6031591810286046,,
V3-A1,2,5.0,1.0,14,0.317476999014616,0.4480168878674682,0.0007269952498697,0.5892476759850979,,
V3-A1,2,6.0,0.0,1,0.8015854001045227,0.5778857884248949,0.0002,0.5062865495681763,,
V3-A1,2,6.0,0.0,2,0.7091012179851532,0.4962993991459303,0.0002,0.5082940354943275,,
V3-A1,2,6.0,0.0,3,0.6368285328149795,0.4501602642070428,0.0002,0.5345086202025413,,
V3-A1,2,6.0,0.0,4,0.5843459725379944,0.4283625189555112,0.0002,0.5527525320649147,,
V3-A1,2,6.0,0.0,5,0.5479455471038819,0.4177292917579591,0.0002,0.5984079301357269,,
V3-A1,2,6.0,0.0,6,0.5264584824442864,0.412752205975255,0.0002,0.6544814109802246,,
V3-A1,2,6.0,0.0,7,0.5153836607933044,0.4090102133093736,0.0002,0.676363742351532,,
V3-A1,2,6.0,0.0,8,0.4954417452216148,0.4087340825499913,0.0002,0.7095606088638305,,
V3-A1,2,6.0,0.0,9,0.4873718008399009,0.4101109348378107,0.0002,0.7542949706315994,,
V3-A1,2,6.0,0.0,10,0.4870425716042518,0.4095387001268983,0.0002,0.7833097457885743,,
V3-A1,2,6.0,0.0,11,0.4825242519378662,0.3998235120562157,0.0002,0.7751840651035309,,
V3-A1,2,6.0,0.0,12,0.4724195227026939,0.4092297045396565,0.0002,0.819487702846527,,
V3-A1,2,6.0,0.0,13,0.4659774050116539,0.4049591589784132,0.0002,0.8426521807909012,,
V3-A1,2,6.0,0.0,14,0.4624155655503273,0.4123178274793606,0.0002,0.8555880546569824,,
V3-A1,2,6.0,0.0,15,0.4493456050753593,0.4131961764452388,0.0002,0.8551543235778809,,
V3-A1,2,6.0,0.0,16,0.453228785097599,0.4096378279863415,0.0002,0.8742794662714004,,
V3-A1,2,6.0,0.0,17,0.4499628290534019,0.417102151167081,0.0002,0.8961710929870605,,
V3-A1,2,6.0,1.0,1,0.7527656584978104,0.5237636638189248,0.0002,0.5792268648743629,,
V3-A1,2,6.0,1.0,2,0.6605088204145432,0.4576759845716078,0.0002,0.554344892501831,,
V3-A1,2,6.0,1.0,3,0.5849443316459656,0.4294601949037421,0.0002,0.5689502149820328,,
V3-A1,2,6.0,1.0,4,0.5460342049598694,0.4218602972871027,0.0002,0.5973272919654846,,
V3-A1,2,6.0,1.0,5,0.5235998079180717,0.4210114591555252,0.0002,0.6613178968429565,,
V3-A1,2,6.0,1.0,6,0.5052514672279358,0.4239037775580706,0.0002,0.6793270289897919,,
V3-A1,2,6.0,1.0,7,0.487872388958931,0.4163110545827429,0.0002,0.734521460533142,,
V3-A1,2,6.0,1.0,8,0.4772511795163154,0.4180647299262408,0.0002,0.7684182554483414,,
V3-A1,2,6.0,1.0,9,0.4758036807179451,0.4207837984272804,0.0002,0.8040324538946152,,
V3-A1,2,6.0,1.0,10,0.465351291000843,0.4227987967959368,0.0002,0.8372860819101333,,
V3-A1,2,6.0,1.0,11,0.4649428486824035,0.4221499681698327,0.0002,0.8765837401151657,,
V3-A1,2,6.0,1.0,12,0.4476915329694748,0.4262604744991903,0.0002,0.8506964117288589,,
V3-A1,2,6.0,1.0,13,0.4492624625563621,0.4238187551062661,0.0002,0.8849867284297943,,
V3-A1,2,7.0,0.0,1,0.565109995752573,0.4161355041157799,0.001,0.5788321360945702,,
V3-A1,2,7.0,0.0,2,0.4613702744245529,0.3981720981715981,0.001,0.6109409622848034,,
V3-A1,2,7.0,0.0,3,0.442681460827589,0.413544217028072,0.001,0.6080728605389595,,
V3-A1,2,7.0,0.0,4,0.4224020503461361,0.3956272533083028,0.001,0.5846092283725739,,
V3-A1,2,7.0,0.0,5,0.4176558278501033,0.3906909169448148,0.001,0.6115276917815209,,
V3-A1,2,7.0,0.0,6,0.4087473839521408,0.4099059967599381,0.001,0.5613433860242367,,
V3-A1,2,7.0,0.0,7,0.4072468750178813,0.3838456711430054,0.001,0.5759280368685722,,
V3-A1,2,7.0,0.0,8,0.4033467292785644,0.4080070712679267,0.001,0.5562095358967781,,
V3-A1,2,7.0,0.0,9,0.3913643598556519,0.4128497308650584,0.001,0.5887886181473732,,
V3-A1,2,7.0,0.0,10,0.3886428318917751,0.407678221327647,0.001,0.5687673650681973,,
V3-A1,2,7.0,0.0,11,0.3768856585025787,0.4268439421830896,0.001,0.5857156805694104,,
V3-A1,2,7.0,0.0,12,0.379238224774599,0.4110948195867095,0.001,0.6138679303228856,,
V3-A1,2,7.0,0.0,13,0.378954765945673,0.4138117253047217,0.001,0.6000464551150799,,
V3-A1,2,7.0,1.0,1,0.5408326424658298,0.4251549229120371,0.001,0.6346172884106636,,
V3-A1,2,7.0,1.0,2,0.4499801360070705,0.4139547134918593,0.001,0.680564534664154,,
V3-A1,2,7.0,1.0,3,0.4257731899619102,0.4088254324929126,0.001,0.6189097478985787,,
V3-A1,2,7.0,1.0,4,0.4131324209272861,0.4094194980359086,0.001,0.6317505933344364,,
V3-A1,2,7.0,1.0,5,0.4065106064081192,0.4075604135685092,0.001,0.6250861041247845,,
V3-A1,2,7.0,1.0,6,0.3971930034458637,0.4049643227716899,0.001,0.6153925329446792,,
V3-A1,2,7.0,1.0,7,0.3956201992928981,0.4073063996651838,0.001,0.6307861238718033,,
V3-A1,2,7.0,1.0,8,0.3876724421977996,0.4060165081798065,0.001,0.6239936150610447,,
V3-A1,2,7.0,1.0,9,0.3756957769393921,0.4310343050977444,0.001,0.6085524156689643,,
V3-A1,2,7.0,1.0,10,0.3779343247413635,0.416015414706409,0.001,0.6467642188072205,,
V3-A1,2,7.0,1.0,11,0.3707595899701118,0.4371968432560388,0.001,0.6299420431256294,,
V3-A1,2,7.0,1.0,12,0.3617131426930428,0.4513009345537682,0.001,0.6249152317643165,,
V3-D0,0,0.0,0.0,1,0.4305963642895222,0.386591697901619,0.001,0.443118567019701,,
V3-D0,0,0.0,0.0,2,0.3742307364940643,0.3741474061749327,0.001,0.4356082536280155,,
V3-D0,0,0.0,0.0,3,0.3570999525487422,0.3719494210727578,0.001,0.4471387654542923,,
V3-D0,0,0.0,0.0,4,0.3479393724352121,0.3713545658978532,0.001,0.4604007489979267,,
V3-D0,0,0.0,0.0,5,0.3400989316403865,0.3798020455103085,0.001,0.4508435249328613,,
V3-D0,0,0.0,0.0,6,0.3312572371214628,0.3721558778083969,0.001,0.4744174256920814,,
V3-D0,0,0.0,0.0,7,0.3235071524977684,0.3911614255895217,0.001,0.5088883578777313,,
V3-D0,0,0.0,0.0,8,0.3153374433517456,0.3943199617692238,0.001,0.5034118160605431,,
V3-D0,0,0.0,0.0,9,0.309857390448451,0.3864783970870413,0.001,0.5590357691049576,,
V3-D0,0,0.0,0.0,10,0.297671065852046,0.4120810667421049,0.001,0.5850869439542293,,
V3-D0,0,0.0,1.0,1,0.4446025032822678,0.3861820781566512,0.001,0.5065042972564697,,
V3-D0,0,0.0,1.0,2,0.3795409856773004,0.3861065840763795,0.001,0.4601838232540503,,
V3-D0,0,0.0,1.0,3,0.3598445021524662,0.3844204894572183,0.001,0.4530293243687327,,
V3-D0,0,0.0,1.0,4,0.3461247159213554,0.3821545549471893,0.001,0.4710445396783875,,
V3-D0,0,0.0,1.0,5,0.3417296816663044,0.3883569869480304,0.001,0.4864658139100888,,
V3-D0,0,0.0,1.0,6,0.338698239224713,0.387634265841258,0.001,0.5489268869888492,,
V3-D0,0,0.0,1.0,7,0.325561754223777,0.3868855737041335,0.001,0.5396823279741334,,
V3-D0,0,0.0,1.0,8,0.3114741121123476,0.4008870334483268,0.001,0.5438428361241411,,
V3-D0,0,0.0,1.0,9,0.3136541821607729,0.3927937904398994,0.001,0.5864806415104284,,
V3-D0,0,0.0,1.0,10,0.3149798054520676,0.3932898693890931,0.001,0.6064371110462561,,
V3-D0,0,1.0,0.0,1,0.4640466265380382,0.4002399974170089,0.0004992293334332,0.4662527419626713,,
V3-D0,0,1.0,0.0,2,0.388346592336893,0.3759421104211552,0.0004969220851487,0.4801426492631435,,
V3-D0,0,1.0,0.0,3,0.366438090801239,0.3775935070627112,0.0004930924800994,0.4820923700928688,,
V3-D0,0,1.0,0.0,4,0.3609750613570213,0.3724400403857326,0.0004877641290737,0.5238487765192985,,
V3-D0,0,1.0,0.0,5,0.3499538943171501,0.3736805868910545,0.0004809698831278,0.5091248273849487,,
V3-D0,0,1.0,0.0,6,0.3462137881666421,0.3720705540914915,0.000472751631047,0.5379116706550121,,
V3-D0,0,1.0,0.0,7,0.3398470647633075,0.3808670553376374,0.0004631600410885,0.5471620917320251,,
V3-D0,0,1.0,0.0,8,0.3365493275225162,0.3864664399179012,0.0004522542485937,0.5955244190990925,,
V3-D0,0,1.0,0.0,9,0.3275540452450514,0.3753986869439725,0.0004401014914,0.5963115140795707,,
V3-D0,0,1.0,0.0,10,0.3180782657116651,0.3864848042998218,0.0004267766952966,0.6079233206808567,,
V3-D0,0,1.0,0.0,11,0.3153029900044203,0.3865127684520448,0.0004123620120825,0.6882965140044689,,
V3-D0,0,1.0,0.0,12,0.3181639023125172,0.3825943539897137,0.0003969463130731,0.7577243581414222,,
V3-D0,0,1.0,1.0,1,0.4776333992074175,0.4044222308475269,0.0004992293334332,0.514910506039131,,
V3-D0,0,1.0,1.0,2,0.3907425250948929,0.3818258687366105,0.0004969220851487,0.5263631794510818,,
V3-D0,0,1.0,1.0,3,0.3681123867267515,0.3825550511239264,0.0004930924800994,0.5184590874648676,,
V3-D0,0,1.0,1.0,4,0.3532795379074608,0.3787135813686441,0.0004877641290737,0.5297524093127832,,
V3-D0,0,1.0,1.0,5,0.3471579638923087,0.3809624006272765,0.0004809698831278,0.5504285874890118,,
V3-D0,0,1.0,1.0,6,0.3451662223513533,0.3842714188192872,0.000472751631047,0.6641506225597568,,
V3-D0,0,1.0,1.0,7,0.3337891065492863,0.382467264699681,0.0004631600410885,0.5844577158369669,,
V3-D0,0,1.0,1.0,8,0.3262163367940158,0.3847883704500668,0.0004522542485937,0.6151815943601655,,
V3-D0,0,1.0,1.0,9,0.3255210417072947,0.3898146903677915,0.0004401014914,0.680783196193416,,
V3-D0,0,1.0,1.0,10,0.3263507172828767,0.3884495261510135,0.0004267766952966,0.7407773406040378,,
V3-D0,0,2.0,0.0,1,0.5839969128370285,0.4312957246680846,0.0002,0.5600066833198071,,
V3-D0,0,2.0,0.0,2,0.4665687091648579,0.3895459149926086,0.0002,0.5426007613539696,,
V3-D0,0,2.0,0.0,3,0.4303617641329765,0.3801548606862072,0.0002,0.636851079016924,,
V3-D0,0,2.0,0.0,4,0.4204192958772182,0.3744881911054301,0.0002,0.7240167789161205,,
V3-D0,0,2.0,0.0,5,0.4085640996694565,0.378332025282838,0.0002,0.7044143825769424,,
V3-D0,0,2.0,0.0,6,0.4068478785455227,0.3750806714124511,0.0002,0.7808050513267517,,
V3-D0,0,2.0,0.0,7,0.3983673639595508,0.3779905013795717,0.0002,0.7488731637597084,,
V3-D0,0,2.0,0.0,8,0.3958917483687401,0.3781907646216674,0.0002,0.8362026378512383,,
V3-D0,0,2.0,0.0,9,0.3890185356140136,0.3764317425570981,0.0002,0.8640917912125587,,
V3-D0,0,2.0,0.0,10,0.3828044939786196,0.3741172055280158,0.0002,0.8257231131196022,,
V3-D0,0,2.0,0.0,11,0.3756807595491409,0.3765510113771423,0.0002,0.8531053096055985,,
V3-D0,0,2.0,0.0,12,0.3749425433576107,0.3780267468357072,0.0002,1.024270984530449,,
V3-D0,0,2.0,0.0,13,0.3732661835849285,0.3787279294496103,0.0002,0.8975624397397042,,
V3-D0,0,2.0,0.0,14,0.3665074080228805,0.3836822822230471,0.0002,1.1126760110259055,,
V3-D0,0,2.0,0.0,15,0.3613440509885549,0.3795444218358661,0.0002,1.1014663010835648,,
V3-D0,0,2.0,0.0,16,0.3535383861511946,0.3793000164098196,0.0002,1.1199007511138916,,
V3-D0,0,2.0,1.0,1,0.5892806213076521,0.4425393862563629,0.0002,0.5848459085313286,,
V3-D0,0,2.0,1.0,2,0.4706222276862075,0.3955738840546287,0.0002,0.6274374221883169,,
V3-D0,0,2.0,1.0,3,0.4294463977581117,0.3889045777873842,0.0002,0.6690020721133162,,
V3-D0,0,2.0,1.0,4,0.4104114276606862,0.3848441249687531,0.0002,0.7242715591337623,,
V3-D0,0,2.0,1.0,5,0.4045650188515826,0.3794934091639051,0.0002,0.7325675545669184,,
V3-D0,0,2.0,1.0,6,0.4040689112209692,0.3916464727801802,0.0002,0.8749231289072734,,
V3-D0,0,2.0,1.0,7,0.3882860239686035,0.37811585643924,0.0002,0.8106781375117418,,
V3-D0,0,2.0,1.0,8,0.382945600806213,0.3852738079921284,0.0002,0.8354063760943529,,
V3-D0,0,2.0,1.0,9,0.3803478457578799,0.3772336922003075,0.0002,0.9022239039583904,,
V3-D0,0,2.0,1.0,10,0.3827198562098712,0.376177757961071,0.0002,1.0254681328447854,,
V3-D0,0,2.0,1.0,11,0.371272425099117,0.3832987380758975,0.0002,0.9629891921834248,,
V3-D0,0,2.0,1.0,12,0.3699664113725104,0.387987830229525,0.0002,1.0364791009484269,,
V3-D0,0,2.0,1.0,13,0.364878401887126,0.3855025574892656,0.0002,0.975104882949736,,
V3-D0,0,2.0,1.0,14,0.359794985230376,0.3875286876990899,0.0002,1.0858454718822386,,
V3-D0,0,2.0,1.0,15,0.3496375643625492,0.3906061833383819,0.0002,1.1110289358511205,,
V3-D0,0,2.0,1.0,16,0.3487826265939852,0.3938038428270262,0.0002,1.2197787877989978,,
V3-D0,0,3.0,0.0,1,0.6496696427464486,0.4389355437121501,0.0002,0.6243586957454681,,
V3-D0,0,3.0,0.0,2,0.5168771028518677,0.3998746467470049,0.0002,0.6178682766854763,,
V3-D0,0,3.0,0.0,3,0.4798024125397205,0.3884666557896875,0.0002,0.7257134586572647,,
V3-D0,0,3.0,0.0,4,0.4680172748863697,0.377538973170335,0.0002,0.8216000214219094,,
V3-D0,0,3.0,0.0,5,0.4544512249529361,0.3863151951381974,0.0002,0.7969301372766495,,
V3-D0,0,3.0,0.0,6,0.451748900860548,0.3763056542415634,0.0002,0.889558570086956,,
V3-D0,0,3.0,0.0,7,0.4420501351356506,0.384523285061548,0.0002,0.8740037605166435,,
V3-D0,0,3.0,0.0,8,0.4360265806317329,0.3749795577205387,0.0002,0.9652842476963996,,
V3-D0,0,3.0,0.0,9,0.4295371763408184,0.3881693193140965,0.0002,1.0071478456258771,,
V3-D0,0,3.0,0.0,10,0.4213222578167915,0.3796630338105736,0.0002,1.0195130541920665,,
V3-D0,0,3.0,0.0,11,0.4115317359566688,0.379935816383144,0.0002,1.0167315006256104,,
V3-D0,0,3.0,0.0,12,0.4112976506352425,0.3775004529195825,0.0002,1.2574372202157975,,
V3-D0,0,3.0,0.0,13,0.4093052051961422,0.3863573046468205,0.0002,1.1236466079950334,,
V3-D0,0,3.0,0.0,14,0.4000963114202022,0.3884159926009493,0.0002,1.387483002245426,,
V3-D0,0,3.0,1.0,1,0.646733276727723,0.4509311594227547,0.0002,0.6350471966150331,,
V3-D0,0,3.0,1.0,2,0.5170201223071028,0.4014272279289285,0.0002,0.705364654703838,,
V3-D0,0,3.0,1.0,3,0.4731971323490143,0.3922758985894461,0.0002,0.7498666237040263,,
V3-D0,0,3.0,1.0,4,0.4532964244121458,0.3911731769123922,0.0002,0.8046519887156602,,
V3-D0,0,3.0,1.0,5,0.4463303518004534,0.3856211661072165,0.0002,0.8292737356046351,,
V3-D0,0,3.0,1.0,6,0.4460150185154705,0.4051866390842384,0.0002,1.0208058575304544,,
V3-D0,0,3.0,1.0,7,0.4282008925589119,0.3784569108317857,0.0002,0.952466746655906,,
V3-D0,0,3.0,1.0,8,0.418328542534898,0.3922871148241328,0.0002,0.9501525134575076,,
V3-D0,0,3.0,1.0,9,0.4175168828266423,0.3766221493609562,0.0002,1.086698353290558,,
V3-D0,0,3.0,1.0,10,0.4199072696813723,0.3760552212815822,0.0002,1.2760172936974503,,
V3-D0,0,3.0,1.0,11,0.4059588254951849,0.3926210824308033,0.0002,1.161562500930414,,
V3-D0,0,3.0,1.0,12,0.4012237213006833,0.4053783025087837,0.0002,1.2241008034566554,,
V3-D0,0,3.0,1.0,13,0.3988427948660967,0.3855283027559743,0.0002,1.2089092120891665,,
V3-D0,0,3.0,1.0,14,0.3915932614628861,0.3954592841573503,0.0002,1.3833901431502365,,
V3-D0,0,3.0,1.0,15,0.3785986638650661,0.3903882528429562,0.0002,1.4085213425682812,,
V3-D0,0,3.0,1.0,16,0.3762573083726371,0.3988164428653032,0.0002,1.5927865417992195,,
V3-D0,0,4.0,0.0,1,0.5839969128370285,0.4312957246680846,0.0001996917333733,0.5600066833198071,,
V3-D0,0,4.0,0.0,2,0.466593038290739,0.3895614808884077,0.0001987688340595,0.5425215043127537,,
V3-D0,0,4.0,0.0,3,0.430409574508667,0.3801650563865573,0.0001972369920397,0.6367403998970985,,
V3-D0,0,4.0,0.0,4,0.4204380303621292,0.3744860004112565,0.0001951056516295,0.7243589580059051,,
V3-D0,0,4.0,0.0,5,0.4086695209145546,0.3784570825820609,0.0001923879532511,0.7047551915049552,,
V3-D0,0,4.0,0.0,6,0.4070515513420105,0.3752880182085925,0.0001891006524188,0.7826038792729377,,
V3-D0,0,4.0,0.0,7,0.3986338794231415,0.3779728025428864,0.0001852640164354,0.7475358858704567,,
V3-D0,0,4.0,0.0,8,0.3961120836436748,0.3779300091505982,0.0001809016994374,0.83746228069067,,
V3-D0,0,4.0,0.0,9,0.3896485880017281,0.3758006314805316,0.00017604059656,0.8666319951415062,,
V3-D0,0,4.0,0.0,10,0.3837972141802311,0.373895982549475,0.0001707106781186,0.8257491052150726,,
V3-D0,0,4.0,0.0,11,0.3765299186110497,0.3771882186815073,0.000164944804833,0.8420794546604157,,
V3-D0,0,4.0,0.0,12,0.3749299488961696,0.3776665394999676,0.0001587785252292,1.0081913888454437,,
V3-D0,0,4.0,0.0,13,0.3741769649088383,0.3789141659301982,0.0001522498564715,0.8966726824641228,,
V3-D0,0,4.0,0.0,14,0.3689547851681709,0.383287151778766,0.0001453990499739,1.119016183912754,,
V3-D0,0,4.0,0.0,15,0.3639903999865055,0.3828414435114337,0.0001382683432365,1.0952059000730514,,
V3-D0,0,4.0,0.0,16,0.3576425909996032,0.3765493173165717,0.0001309016994374,1.1153065323829652,,
V3-D0,0,4.0,1.0,1,0.5892806213076521,0.4425393862563629,0.0001996917333733,0.5848459085313286,,
V3-D0,0,4.0,1.0,2,0.4706460491913121,0.395622237077225,0.0001987688340595,0.6273611987509379,,
V3-D0,0,4.0,1.0,3,0.4294884902674977,0.3889269073611404,0.0001972369920397,0.6687260371882741,,
V3-D0,0,4.0,1.0,4,0.410482438599191,0.3848284726821459,0.0001951056516295,0.724320039516542,,
V3-D0,0,4.0,1.0,5,0.4046567569418651,0.3794927969023293,0.0001923879532511,0.7330104999425935,,
V3-D0,0,4.0,1.0,6,0.4042529580069751,0.3912259166059538,0.0001891006524188,0.8735767515694223,,
V3-D0,0,4.0,1.0,7,0.3884684258117908,0.3782089380508956,0.0001852640164354,0.8130507745393892,,
V3-D0,0,4.0,1.0,8,0.3832734321675649,0.3860358305335212,0.0001809016994374,0.8372047979657243,,
V3-D0,0,4.0,1.0,9,0.3808360005297312,0.3771286443756568,0.00017604059656,0.9000972829213957,,
V3-D0,0,4.0,1.0,10,0.3822915466820321,0.3759918319346179,0.0001707106781186,1.0172389106052675,,
V3-D0,0,4.0,1.0,11,0.3715413172797459,0.3833471612887748,0.000164944804833,0.975930830327476,,
V3-D0,0,4.0,1.0,12,0.3708703074513412,0.384949930844039,0.0001587785252292,1.0589492946136287,,
V3-D0,0,4.0,1.0,13,0.3658229999425935,0.3831849521662012,0.0001522498564715,1.0024780834593423,,
V3-D0,0,4.0,1.0,14,0.3604467874620018,0.3866352480454874,0.0001453990499739,1.076507601796127,,
V3-D0,0,4.0,1.0,15,0.3514531908965692,0.3885258382691104,0.0001382683432365,1.0824705507697128,,
V3-D0,0,4.0,1.0,16,0.3514469135098341,0.3895903966969477,0.0001309016994374,1.196224346393492,,
V3-D0,0,5.0,0.0,1,0.430594078451395,0.3865829522400141,0.001,0.4431036666035652,,
V3-D0,0,5.0,0.0,2,0.3742325529456138,0.3741515788366373,0.001,0.435776374489069,,
V3-D0,0,5.0,0.0,3,0.3570812255144119,0.3718687263253888,0.001,0.4473110564053059,,
V3-D0,0,5.0,0.0,4,0.3479346834123135,0.371229778051335,0.001,0.4604200512170792,,
V3-D0,0,5.0,0.0,5,0.3400169730186462,0.379654415482638,0.001,0.4507354147732257,,
V3-D0,0,5.0,0.0,6,0.3312616802752018,0.3724823292633149,0.001,0.4751108758151531,,
V3-D0,0,5.0,0.0,7,0.3233970768749714,0.3909131837088929,0.001,0.5109027303755284,,
V3-D0,0,5.0,0.0,8,0.315291953086853,0.3935495460660158,0.001,0.503851854801178,,
V3-D0,0,5.0,0.0,9,0.3094114471226931,0.3857349549399073,0.001,0.5607370801270009,,
V3-D0,0,5.0,0.0,10,0.29833481349051,0.4113060902786283,0.001,0.5909051440656186,,
V3-D0,0,5.0,1.0,1,0.444597840309143,0.3862269438084206,0.001,0.5065238257733787,,
V3-D0,0,5.0,1.0,2,0.3795817298133199,0.38607734078982,0.001,0.4600427746772766,,
V3-D0,0,5.0,1.0,3,0.3598773028792404,0.3841926138352917,0.001,0.4523354485267546,,
V3-D0,0,5.0,1.0,4,0.3462046690103484,0.3819802460230113,0.001,0.470761808680325,,
V3-D0,0,5.0,1.0,5,0.3416111174880004,0.3889587201910114,0.001,0.4839691098143415,,
V3-D0,0,5.0,1.0,6,0.3388336671561729,0.3871914737434329,0.001,0.548972512890653,,
V3-D0,0,5.0,1.0,7,0.3256881764022315,0.3875635898104971,0.001,0.5443137149985243,,
V3-D0,0,5.0,1.0,8,0.3112845079201023,0.4022793640397738,0.001,0.5388804441545068,,
V3-D0,0,5.0,1.0,9,0.3136759269528272,0.3937998173415101,0.001,0.5884709118342981,,
V3-D0,0,5.0,1.0,10,0.3149990453952696,0.3922470954834353,0.001,0.6025705155802936,,
V3-D0,0,6.0,0.0,1,0.4601268298923969,0.3986934751239449,0.0005,0.4589904129505157,,
V3-D0,0,6.0,0.0,2,0.3849647834897041,0.3750869510093487,0.0005,0.4771213255822658,,
V3-D0,0,6.0,0.0,3,0.3650127984583378,0.3767158915902372,0.0005,0.4744211003184319,,
V3-D0,0,6.0,0.0,4,0.357981464266777,0.3711846071160315,0.0005,0.5191061273217201,,
V3-D0,0,6.0,0.0,5,0.3465925075113773,0.3733271992747565,0.0005,0.5007633909583091,,
V3-D0,0,6.0,0.0,6,0.3414892006665468,0.3710426385725064,0.0005,0.536322794854641,,
V3-D0,0,6.0,0.0,7,0.3354786001145839,0.3841343515136489,0.0005,0.5626590512692928,,
V3-D0,0,6.0,0.0,8,0.3287696365267038,0.3839635136210125,0.0005,0.5978567756712436,,
V3-D0,0,6.0,0.0,9,0.3218709733337164,0.3759142421534487,0.0005,0.622811009734869,,
V3-D0,0,6.0,0.0,10,0.3123496916145086,0.3947978379996244,0.0005,0.6632599286735058,,
V3-D0,0,6.0,0.0,11,0.3086251139640808,0.3836062115981702,0.0005,0.7181888908147812,,
V3-D0,0,6.0,0.0,12,0.3075055491179227,0.3818261512538308,0.0005,0.7590561062097549,,
V3-D0,0,6.0,1.0,1,0.4733917291571454,0.4018295119026656,0.0005,0.5056277811527252,,
V3-D0,0,6.0,1.0,2,0.3882883002118366,0.3801336549569789,0.0005,0.5188552562783404,,
V3-D0,0,6.0,1.0,3,0.3663045574979084,0.3800893602062896,0.0005,0.5106162748685698,,
V3-D0,0,6.0,1.0,4,0.3523260834740429,0.3777420273174178,0.0005,0.5251081876638459,,
V3-D0,0,6.0,1.0,5,0.3453091659196993,0.3811501794798981,0.0005,0.5474045785461984,,
V3-D0,0,6.0,1.0,6,0.3442966073024563,0.3850783327639485,0.0005,0.6550519917069412,,
V3-D0,0,6.0,1.0,7,0.3311415300136659,0.3823615865174662,0.0005,0.5820731229898406,,
V3-D0,0,6.0,1.0,8,0.3210245007421912,0.3843181586821844,0.0005,0.6177441150676913,,
V3-D0,0,6.0,1.0,9,0.319802875562412,0.3896998122281536,0.0005,0.6792957106741463,,
V3-D0,0,6.0,1.0,10,0.3226193720247687,0.3886533866442789,0.0005,0.7652399161966835,,
V3-D0,0,7.0,0.0,1,0.521762090921402,0.4302386937508138,0.0001996917333733,0.5063341684639454,,
V3-D0,0,7.0,0.0,2,0.4160693421959877,0.3863733813324034,0.0001987688340595,0.4647217415273189,,
V3-D0,0,7.0,0.0,3,0.3839171014726162,0.380501660225598,0.0001972369920397,0.5453525558114052,,
V3-D0,0,7.0,0.0,4,0.3741209805011749,0.3759744083758459,0.0001951056516295,0.6224359937012196,,
V3-D0,0,7.0,0.0,5,0.3640274412930012,0.3759775061503835,0.0001923879532511,0.6079172693192959,,
V3-D0,0,7.0,0.0,6,0.3624891079962253,0.379172980995173,0.0001891006524188,0.6757278233766556,,
V3-D0,0,7.0,0.0,7,0.3553578995168209,0.3748076592062055,0.0001852640164354,0.6346417345106602,,
V3-D0,0,7.0,0.0,8,0.3525044336915016,0.3853104222148826,0.0001809016994374,0.720098751783371,,
V3-D0,0,7.0,0.0,9,0.346875500306487,0.3707396745428575,0.00017604059656,0.7355794988572597,,
V3-D0,0,7.0,0.0,10,0.3415853694081306,0.3736401468569598,0.0001707106781186,0.7004703938961029,,
V3-D0,0,7.0,0.0,11,0.3357709981501102,0.3779291228565311,0.000164944804833,0.7361627578735351,,
V3-D0,0,7.0,0.0,12,0.3346134684979915,0.3814092267926485,0.0001587785252292,0.8629625022411347,,
V3-D0,0,7.0,0.0,13,0.3330742381513119,0.3754101739640484,0.0001522498564715,0.7747946232557297,,
V3-D0,0,7.0,0.0,14,0.3284701611846685,0.3873421472018416,0.0001453990499739,0.9598926156759262,,
V3-D0,0,7.0,0.0,15,0.3236821055412292,0.3769388211974478,0.0001382683432365,0.940283615887165,,
V3-D0,0,7.0,1.0,1,0.5335219015435475,0.4395628122925792,0.0001996917333733,0.5394701507033371,,
V3-D0,0,7.0,1.0,2,0.4232822176886768,0.3955939343283357,0.0001987688340595,0.5492961966409916,,
V3-D0,0,7.0,1.0,3,0.3870104456820139,0.3891824123166591,0.0001972369920397,0.5790000964955586,,
V3-D0,0,7.0,1.0,4,0.369543053754946,0.3821631079253743,0.0001951056516295,0.6365893025223802,,
V3-D0,0,7.0,1.0,5,0.363707250211297,0.3775314177840329,0.0001923879532511,0.6493838851044818,,
V3-D0,0,7.0,1.0,6,0.3633189688368541,0.386585224338376,0.0001891006524188,0.7654112897268156,,
V3-D0,0,7.0,1.0,7,0.349412870843236,0.3801003268748893,0.0001852640164354,0.709802715516672,,
V3-D0,0,7.0,1.0,8,0.3444342460574173,0.3806013513040248,0.0001809016994374,0.7372629017364688,,
V3-D0,0,7.0,1.0,9,0.3420153427414777,0.3805052935233092,0.00017604059656,0.7850841283798218,,
V3-D0,0,7.0,1.0,10,0.3433063568138494,0.3791614651458599,0.0001707106781186,0.9013919488685888,,
V3-D0,0,7.0,1.0,11,0.333274599619028,0.3807456552301906,0.000164944804833,0.8675976722705655,,
V3-D0,1,0.0,0.0,1,0.6595118727002826,0.5115113991923225,0.0001996917333733,0.5743770528407324,,
V3-D0,1,0.0,0.0,2,0.5492637143248603,0.4466127178718587,0.0001987688340595,0.4453421518916175,,
V3-D0,1,0.0,0.0,3,0.4948596514406658,0.4128728445287378,0.0001972369920397,0.4453560057140532,,
V3-D0,1,0.0,0.0,4,0.468765241759164,0.3982664157489257,0.0001951056516295,0.4609297400429135,,
V3-D0,1,0.0,0.0,5,0.4547650657948993,0.3899929218434754,0.0001923879532511,0.4708224705287388,,
V3-D0,1,0.0,0.0,6,0.4331313683873131,0.3859288453035157,0.0001891006524188,0.5061221094358535,,
V3-D0,1,0.0,0.0,7,0.4336840212345123,0.3822523087605216,0.0001852640164354,0.5075095366863978,,
V3-D0,1,0.0,0.0,8,0.4269313712914784,0.3810433776396024,0.0001809016994374,0.5609128858361926,,
V3-D0,1,0.0,0.0,9,0.4263158312865666,0.3771549540998749,0.00017604059656,0.5728548978056226,,
V3-D0,1,0.0,0.0,10,0.4206633127871014,0.3766396387640339,0.0001707106781186,0.6704073378017971,,
V3-D0,1,0.0,0.0,11,0.4186627595197587,0.3748847154473161,0.000164944804833,0.5872552267142704,,
V3-D0,1,0.0,0.0,12,0.4121764131954738,0.3735491239613578,0.0001587785252292,0.6841228249527159,,
V3-D0,1,0.0,0.0,13,0.4146042437780471,0.3715782248118417,0.0001522498564715,0.666324040719441,,
V3-D0,1,0.0,0.0,14,0.4065521245911008,0.3740878914682881,0.0001453990499739,0.6490346959659031,,
V3-D0,1,0.0,0.0,15,0.411631391161964,0.3716511925222259,0.0001382683432365,0.638587664990198,,
V3-D0,1,0.0,0.0,16,0.4077079140004657,0.3719925862598692,0.0001309016994374,0.7347198696363539,,
V3-D0,1,0.0,0.0,17,0.3982983557950882,0.372489395259331,0.0001233445363855,0.717604901109423,,
V3-D0,1,0.0,0.0,18,0.3981205977144695,0.3726059747426343,0.000115643446504,0.7271027025722322,,
V3-D0,1,0.0,0.0,19,0.390319409824553,0.3716900306651322,0.0001078459095727,0.7489417394002279,,
V3-D0,1,0.0,1.0,1,0.6553191315560114,0.5180553188702504,0.0001996917333733,0.6073342476572309,,
V3-D0,1,0.0,1.0,2,0.5511215258212316,0.4632027892074003,0.0001987688340595,0.4616124715123857,,
V3-D0,1,0.0,1.0,3,0.509942230724153,0.4188664655765069,0.0001972369920397,0.5006137745721,,
V3-D0,1,0.0,1.0,4,0.4437377800544103,0.4004749664824636,0.0001951056516295,0.421442890451068,,
V3-D0,1,0.0,1.0,5,0.4331459615911756,0.406142605108813,0.0001923879532511,0.5668279145445142,,
V3-D0,1,0.0,1.0,6,0.4386962041968391,0.3947879648868929,0.0001891006524188,0.7193702374185834,,
V3-D0,1,0.0,1.0,7,0.4202564869608198,0.386213182390644,0.0001852640164354,0.6583840279352098,,
V3-D0,1,0.0,1.0,8,0.3990147106704257,0.3838839928861915,0.0001809016994374,0.6046185379936582,,
V3-D0,1,0.0,1.0,9,0.4191183674903143,0.388340552169133,0.00017604059656,0.8932206928730011,,
V3-D0,1,0.0,1.0,10,0.3900923076130095,0.3831368420501622,0.0001707106781186,0.6860308845837911,,
V3-D0,1,0.0,1.0,11,0.3942633129301525,0.3869534179914677,0.000164944804833,0.785087716011774,,
V3-D0,1,0.0,1.0,12,0.4027980310576303,0.3855750946170448,0.0001587785252292,0.978017100266048,,
V3-D0,1,0.0,1.0,13,0.3832771969693048,0.385221152589508,0.0001522498564715,0.6957019368807474,,
V3-D0,1,0.0,1.0,14,0.386033174537477,0.3827047305615957,0.0001453990499739,0.950064493077142,,
V3-D0,1,0.0,1.0,15,0.3924149544466109,0.3841836842922096,0.0001382683432365,0.8505679879869733,,
V3-D0,1,0.0,1.0,16,0.3920808477061135,0.3833948313044391,0.0001309016994374,0.690502622297832,,
V3-D0,1,0.0,1.0,17,0.3848478311584109,0.3869334474497592,0.0001233445363855,0.9005332972322192,,
V3-D0,1,0.0,1.0,18,0.3761635649771917,0.3813412225925486,0.000115643446504,0.784302932875497,,
V3-D0,1,0.0,1.0,19,0.3763890294801621,0.3820346162240729,0.0001078459095727,0.83539879322052,,
V3-D0,1,0.0,1.0,20,0.3679682605323337,0.3821903408212748,9.999999999999996e-05,0.745612519127982,,
V3-D0,1,0.0,1.0,21,0.3849146465460459,0.3843425620417271,9.215409042721548e-05,0.9797614358720326,,
V3-D0,1,0.0,1.0,22,0.4071010918844314,0.3823407256430298,8.43565534959769e-05,1.1542776383104778,,
V3-D0,1,0.0,1.0,23,0.366445460489818,0.3832170555588593,7.665546361440944e-05,0.9197017465318952,,
V3-D0,1,0.0,1.0,24,0.3669682102543967,0.3833774631153978,6.909830056250523e-05,0.8228441420055571,,
V3-D0,1,1.0,0.0,1,0.5869123268695104,0.433013026176938,0.0005,0.4845144848028819,,
V3-D0,1,1.0,0.0,2,0.4665806804384504,0.3930993707566513,0.0005,0.4494041885648455,,
V3-D0,1,1.0,0.0,3,0.4455620703243074,0.3850681884717936,0.0005,0.5054922558012462,,
V3-D0,1,1.0,0.0,4,0.4331442358947935,0.3786555238894993,0.0005,0.4619525500706264,,
V3-D0,1,1.0,0.0,5,0.4272337470735822,0.3757760394141641,0.0005,0.4681365489959717,,
V3-D0,1,1.0,0.0,6,0.4030972066379729,0.375440242616064,0.0005,0.4815999340443384,,
V3-D0,1,1.0,0.0,7,0.4083313842614491,0.371086210623004,0.0005,0.5536778824669975,,
V3-D0,1,1.0,0.0,8,0.4010520903837113,0.3716188373970522,0.0005,0.5667879978815714,,
V3-D0,1,1.0,0.0,9,0.3972522133872622,0.3746500284937794,0.0005,0.6156768557571229,,
V3-D0,1,1.0,0.0,10,0.3913525215217045,0.3717079996591817,0.0005,0.713827873979296,,
V3-D0,1,1.0,0.0,11,0.3875572355020614,0.3685738066023395,0.0005,0.6200415960380009,,
V3-D0,1,1.0,0.0,12,0.3813659733250027,0.3696787169415961,0.0005,0.7162398866244725,,
V3-D0,1,1.0,0.0,13,0.3768186327956971,0.3712687210457193,0.0005,0.6793411672115326,,
V3-D0,1,1.0,0.0,14,0.3769353656541733,0.3725994641718963,0.0005,0.7513626104309445,,
V3-D0,1,1.0,0.0,15,0.37416568114644,0.3785237347090322,0.0005,0.6925240783464341,,
V3-D0,1,1.0,0.0,16,0.3717579259758904,0.3756545334237787,0.0005,0.7846910442624774,,
V3-D0,1,1.0,0.0,17,0.3609612371240343,0.3848353957710791,0.0005,0.7684704136280787,,
V3-D0,1,1.0,1.0,1,0.5785803624561855,0.4514115856091568,0.0005,0.4921154606909979,,
V3-D0,1,1.0,1.0,2,0.4547736580882753,0.400199616331845,0.0005,0.4791795086292993,,
V3-D0,1,1.0,1.0,3,0.446280144509815,0.3904947290235175,0.0005,0.5643389437879834,,
V3-D0,1,1.0,1.0,4,0.3976264837242308,0.3827331990199853,0.0005,0.4464118977387746,,
V3-D0,1,1.0,1.0,5,0.3967383120741163,0.3875270360594595,0.0005,0.6369782019229162,,
V3-D0,1,1.0,1.0,6,0.3982353167874472,0.3881777470208148,0.0005,0.7386822572776249,,
V3-D0,1,1.0,1.0,7,0.3862541502430325,0.379995523451857,0.0005,0.691034836428506,,
V3-D0,1,1.0,1.0,8,0.3685746710924875,0.3915892706332969,0.0005,0.6245208638054984,,
V3-D0,1,1.0,1.0,9,0.3822335728577205,0.3862569215950305,0.0005,0.8978869063513619,,
V3-D0,1,1.0,1.0,10,0.3603776146968205,0.3836478725295844,0.0005,0.7109134949388958,,
V3-D0,1,1.0,1.0,11,0.3664319075289227,0.3853466214832441,0.0005,0.8239465724854242,,
V3-D0,1,1.0,1.0,12,0.3749155260267712,0.3867907890794113,0.0005,1.065301964680354,,
V3-D0,1,1.0,1.0,13,0.3496274337882087,0.3939423965028955,0.0005,0.7593973747321537,,
V3-D0,1,2.0,0.0,1,0.6626032704398745,0.4427711448471927,0.0004992293334332,0.5386962706134433,,
V3-D0,1,2.0,0.0,2,0.53025750319163,0.3950806772348191,0.0004969220851487,0.5120273530483246,,
V3-D0,1,2.0,0.0,3,0.5042021898996263,0.3930352988875316,0.0004930924800994,0.6006993878455389,,
V3-D0,1,2.0,0.0,4,0.4903122555641901,0.3870605347219395,0.0004877641290737,0.5507362981637319,,
V3-D0,1,2.0,0.0,5,0.4855097801912398,0.3829506126404002,0.0004809698831278,0.564289961542402,,
V3-D0,1,2.0,0.0,6,0.4579278982820965,0.3838708863306965,0.000472751631047,0.5779924179826464,,
V3-D0,1,2.0,0.0,7,0.4662221570809682,0.3755724142859554,0.0004631600410885,0.624133886325927,,
V3-D0,1,2.0,0.0,8,0.4549908850874219,0.3800830606282996,0.0004522542485937,0.6208666350160327,,
V3-D0,1,2.0,0.0,9,0.4551618581726437,0.3859815261175476,0.0004401014914,0.6669796066624778,,
V3-D0,1,2.0,0.0,10,0.4471632852440789,0.377716124680177,0.0004267766952966,0.751485519465946,,
V3-D0,1,2.0,0.0,11,0.4498364116464342,0.3747315930096235,0.0004123620120825,0.7043665647506714,,
V3-D0,1,2.0,0.0,12,0.4375133216381073,0.3758921377227647,0.0003969463130731,0.7732700223014468,,
V3-D0,1,2.0,0.0,13,0.4395694335301717,0.367696391522588,0.0003806246411789,0.7244880029133388,,
V3-D0,1,2.0,0.0,14,0.434892611844199,0.3721895612271058,0.0003634976249348,0.74945758496012,,
V3-D0,1,2.0,0.0,15,0.4339147650060199,0.3769748484664705,0.0003456708580912,0.728961603982108,,
V3-D0,1,2.0,0.0,16,0.4287141206718626,0.3811075941596583,0.0003272542485937,0.8157271487372262,,
V3-D0,1,2.0,0.0,17,0.4200920349075681,0.3819864513963624,0.0003083613409639,0.8229600787162781,,
V3-D0,1,2.0,0.0,18,0.4225562001977648,0.3810297677779429,0.00028910861626,0.8118376419657752,,
V3-D0,1,2.0,0.0,19,0.4101690926722118,0.3807454597737627,0.0002696147739319,0.8355786034039089,,
V3-D0,1,2.0,1.0,1,0.6508607147704988,0.4680727797095143,0.0004992293334332,0.5413174969809396,,
V3-D0,1,2.0,1.0,2,0.5199381134339741,0.4070474049608075,0.0004969220851487,0.5423737267653147,,
V3-D0,1,2.0,1.0,3,0.5082747411160242,0.3971600369881755,0.0004930924800994,0.6731038717996507,,
V3-D0,1,2.0,1.0,4,0.4493978541521799,0.3850829910509297,0.0004877641290737,0.5212507645289103,,
V3-D0,1,2.0,1.0,5,0.4465818064553397,0.3951395105512624,0.0004809698831278,0.6830785898935228,,
V3-D0,1,2.0,1.0,6,0.4474423073586963,0.4003312466783983,0.000472751631047,0.8009890190192631,,
V3-D0,1,2.0,1.0,7,0.4406887832142058,0.3880188069039595,0.0004631600410885,0.8086502254009247,,
V3-D0,1,2.0,1.0,8,0.4219813722939718,0.3980423226912559,0.0004522542485937,0.6953635457016173,,
V3-D0,1,2.0,1.0,9,0.4346209778672173,0.3945097611200736,0.0004401014914,0.9431871743429274,,
V3-D0,1,2.0,1.0,10,0.4097895962851388,0.3930762582542423,0.0004267766952966,0.7279287221885863,,
V3-D0,1,3.0,0.0,1,0.6558378168514797,0.5099661819935694,0.0001996917333733,0.5794671192055657,,
V3-D0,1,3.0,0.0,2,0.5443566228662219,0.4445277389615801,0.0001987688340595,0.4406250005676633,,
V3-D0,1,3.0,0.0,3,0.4903831410975683,0.4113990325652649,0.0001972369920397,0.4377466908523014,,
V3-D0,1,3.0,0.0,4,0.4640216046855563,0.3972129312749398,0.0001951056516295,0.4476857199555352,,
V3-D0,1,3.0,0.0,5,0.450788045213336,0.3893146004092562,0.0001923879532511,0.4552051822344462,,
V3-D0,1,3.0,0.0,6,0.4291128672304607,0.3852800357155058,0.0001891006524188,0.4910448860554468,,
V3-D0,1,3.0,0.0,7,0.4310312498183477,0.3813064434493944,0.0001852640164354,0.5021678748584929,,
V3-D0,1,3.0,0.0,8,0.4242547963346754,0.3802291627444052,0.0001809016994374,0.550841626666841,,
V3-D0,1,3.0,0.0,9,0.4238797922929128,0.3765423461667367,0.00017604059656,0.5588907869089217,,
V3-D0,1,3.0,0.0,10,0.4161889638219561,0.3756939939623785,0.0001707106781186,0.6618866281849998,,
V3-D0,1,3.0,0.0,11,0.4144762669290815,0.374205625259759,0.000164944804833,0.5843666238444192,,
V3-D0,1,3.0,0.0,12,0.407602968670073,0.3725793542976646,0.0001587785252292,0.6901344103472573,,
V3-D0,1,3.0,0.0,13,0.4104330028806414,0.3712148750345347,0.0001522498564715,0.6927507377806164,,
V3-D0,1,3.0,0.0,14,0.4003824662594568,0.3734460333286723,0.0001453990499739,0.6606395514238448,,
V3-D0,1,3.0,0.0,15,0.4049124973160879,0.3712166023104246,0.0001382683432365,0.6451079405489422,,
V3-D0,1,3.0,0.0,16,0.4041303055627005,0.3710814791315142,0.0001309016994374,0.7492604198909941,,
V3-D0,1,3.0,0.0,17,0.3931862442266373,0.3716722347407883,0.0001233445363855,0.7467509380408696,,
V3-D0,1,3.0,0.0,18,0.3947801348708925,0.3721851250860664,0.000115643446504,0.7475303326334272,,
V3-D0,1,3.0,0.0,19,0.3821587158100946,0.3721300388037218,0.0001078459095727,0.7837545488561902,,
V3-D0,1,3.0,0.0,20,0.3921976061094375,0.3719192911096105,9.999999999999996e-05,0.933930482183184,,
V3-D0,1,3.0,0.0,21,0.3840027018671944,0.374094275932481,9.215409042721548e-05,0.7554860597565061,,
V3-D0,1,3.0,0.0,22,0.3897089404719216,0.3715373946520693,8.43565534959769e-05,0.8915561011859349,,
V3-D0,1,3.0,1.0,1,0.6521365330332801,0.5167216378819343,0.0001996917333733,0.6164202761082422,,
V3-D0,1,3.0,1.0,2,0.542240633851006,0.4601732322008075,0.0001987688340595,0.4536307198660714,,
V3-D0,1,3.0,1.0,3,0.5019623438517252,0.417629675723728,0.0001972369920397,0.4910739560921986,,
V3-D0,1,3.0,1.0,4,0.4399106069689705,0.3992481353468252,0.0001951056516295,0.4119767049948374,,
V3-D0,1,3.0,1.0,5,0.4313183086259024,0.4054393623320457,0.0001923879532511,0.5517632776782626,,
V3-D0,1,3.0,1.0,6,0.4386910100777944,0.3928290363523811,0.0001891006524188,0.720999653850283,,
V3-D0,1,3.0,1.0,7,0.4187743961811065,0.3852263763206099,0.0001852640164354,0.6537099210988908,,
V3-D0,1,3.0,1.0,8,0.3962804866688592,0.3831149579467386,0.0001809016994374,0.5979110527606237,,
V3-D0,1,3.0,1.0,9,0.4122742996329352,0.3875621543409187,0.00017604059656,0.8656084636847178,,
V3-D0,1,3.0,1.0,10,0.3858233505771273,0.3822283333904089,0.0001707106781186,0.6999993224938711,,
V3-D0,1,3.0,1.0,11,0.391665878750029,0.3862008527223097,0.000164944804833,0.7924486753486452,,
V3-D0,1,3.0,1.0,12,0.4006653555801936,0.3853825436022702,0.0001587785252292,0.97034700853484,,
V3-D0,1,3.0,1.0,13,0.3772524219183695,0.3847023159046652,0.0001522498564715,0.687620324747903,,
V3-D0,1,3.0,1.0,14,0.3828028057302747,0.3824137662165575,0.0001453990499739,0.9792754635924384,,
V3-D0,1,3.0,1.0,15,0.385117932444527,0.384069771876734,0.0001382683432365,0.8831575512886047,,
V3-D0,1,3.0,1.0,16,0.3891550103823344,0.383137008887569,0.0001309016994374,0.7473967117922646,,
V3-D0,1,4.0,0.0,1,0.6626032704398745,0.4427711448471927,0.0005,0.5386962706134433,,
V3-D0,1,4.0,0.0,2,0.5302341225601378,0.3950745138299998,0.0005,0.512078888359524,,
V3-D0,1,4.0,0.0,3,0.504175583521525,0.3930186922869971,0.0005,0.6009946451300666,,
V3-D0,1,4.0,0.0,4,0.4902650572004772,0.3870223112163271,0.0005,0.5505600656781878,,
V3-D0,1,4.0,0.0,5,0.4853964646657308,0.3827715249175592,0.0005,0.5650167550359454,,
V3-D0,1,4.0,0.0,6,0.4576875198455084,0.3836964722922443,0.0005,0.579750386022386,,
V3-D0,1,4.0,0.0,7,0.4659226394834972,0.3748346538593303,0.0005,0.6257476168019431,,
V3-D0,1,4.0,0.0,8,0.4547373595691862,0.3794392862231507,0.0005,0.6233697349116916,,
V3-D0,1,4.0,0.0,9,0.4546066338107699,0.3856509567743976,0.0005,0.6717675228913625,,
V3-D0,1,4.0,0.0,10,0.447119265794754,0.3775234626130292,0.0005,0.7542850829306103,,
V3-D0,1,4.0,0.0,11,0.4491321416128249,0.3735853478930936,0.0005,0.7004432394391015,,
V3-D0,1,4.0,0.0,12,0.43653670946757,0.3766947164081906,0.0005,0.7744715298925128,,
V3-D0,1,4.0,0.0,13,0.4372240077881586,0.3681996641885098,0.0005,0.7058323806240445,,
V3-D0,1,4.0,0.0,14,0.4350351662862868,0.3728592643753167,0.0005,0.7585499499525342,,
V3-D0,1,4.0,0.0,15,0.4325870559329078,0.3837439903545326,0.0005,0.7286259659699031,,
V3-D0,1,4.0,0.0,16,0.4263705639612107,0.381920987339933,0.0005,0.8307219970793951,,
V3-D0,1,4.0,0.0,17,0.4162009954452514,0.3930759660324625,0.0005,0.8165270544233776,,
V3-D0,1,4.0,0.0,18,0.4224181998343694,0.3865572704481047,0.0005,0.8334184998557681,,
V3-D0,1,4.0,0.0,19,0.4106077360255377,0.3872808663716103,0.0005,0.8525027348881676,,
V3-D0,1,4.0,1.0,1,0.6508607147704988,0.4680727797095143,0.0005,0.5413174969809396,,
V3-D0,1,4.0,1.0,2,0.5198969010795865,0.4069850269360497,0.0005,0.5424543761071705,,
V3-D0,1,4.0,1.0,3,0.508287658294042,0.3970771952034958,0.0005,0.6736452735605694,,
V3-D0,1,4.0,1.0,4,0.4492610320448875,0.3850094954692261,0.0005,0.5211902771677289,,
V3-D0,1,4.0,1.0,5,0.4465241730213165,0.3950948053942043,0.0005,0.686385969320933,,
V3-D0,1,4.0,1.0,6,0.447079184509459,0.4008344638065458,0.0005,0.8015229815528506,,
V3-D0,1,4.0,1.0,7,0.4404940193607694,0.3879750926622234,0.0005,0.8097530603408813,,
V3-D0,1,4.0,1.0,8,0.4219148762169338,0.3990140511835966,0.0005,0.6993009760266259,,
V3-D0,1,4.0,1.0,9,0.434299186581657,0.3937853588132954,0.0005,0.9522836662474132,,
V3-D0,1,4.0,1.0,10,0.409354819428353,0.3925459435655422,0.0005,0.7342824254717145,,
V3-D0,1,5.0,0.0,1,0.5343943252449944,0.4420682528961253,0.0004992293334332,0.4515902925105322,,
V3-D0,1,5.0,0.0,2,0.4229167983645484,0.4001750627981553,0.0004969220851487,0.4176388581593831,,
V3-D0,1,5.0,0.0,3,0.4015157492387862,0.3873555294274668,0.0004930924800994,0.4645517298153468,,
V3-D0,1,5.0,0.0,4,0.3907400795391628,0.3804786619891142,0.0004877641290737,0.4267360752537137,,
V3-D0,1,5.0,0.0,5,0.3862922205811455,0.3784096490831964,0.0004809698831278,0.4347923781190599,,
V3-D0,1,5.0,0.0,6,0.3656954460200809,0.37388950924845,0.000472751631047,0.4532725356874011,,
V3-D0,1,5.0,0.0,7,0.3698084382783799,0.3744202272240861,0.0004631600410885,0.4777291587420872,,
V3-D0,1,5.0,0.0,8,0.3615459345635913,0.3737324052057011,0.0004522542485937,0.480375234569822,,
V3-D0,1,5.0,0.0,9,0.3637512879712241,0.3719840916922292,0.0004401014914,0.533826375291461,,
V3-D0,1,5.0,0.0,10,0.3558796488103412,0.3696789110902772,0.0004267766952966,0.5772751115617298,,
V3-D0,1,5.0,0.0,11,0.3565674310638791,0.3722751002233357,0.0004123620120825,0.5353333822318486,,
V3-D0,1,5.0,0.0,12,0.3480274137996492,0.3731779688943376,0.0003969463130731,0.5990186205932072,,
V3-D0,1,5.0,0.0,13,0.3492659273601713,0.3712534462991123,0.0003806246411789,0.5601051449775696,,
V3-D0,1,5.0,0.0,14,0.3451335415953681,0.3696078920412548,0.0003634976249348,0.5718890102136702,,
V3-D0,1,5.0,0.0,15,0.3455723140920911,0.3708845521966211,0.0003456708580912,0.5472967127958933,,
V3-D0,1,5.0,0.0,16,0.3418884915964944,0.3719864362459599,0.0003272542485937,0.6281105010282426,,
V3-D0,1,5.0,0.0,17,0.3326239373002733,0.3760106901574973,0.0003083613409639,0.6102631163029444,,
V3-D0,1,5.0,0.0,18,0.3337368823233105,0.3720140827746261,0.00028910861626,0.6280240501676287,,
V3-D0,1,5.0,0.0,19,0.3254838302021935,0.3753513651080213,0.0002696147739319,0.6542615606671288,,
V3-D0,1,5.0,0.0,20,0.3302805253437587,0.3727074880865668,0.0002499999999999,0.7736825432096209,,
V3-D0,1,5.0,1.0,1,0.5315155464978445,0.4582401418060033,0.0004992293334332,0.4524817012605213,,
V3-D0,1,5.0,1.0,2,0.4209493923754919,0.4024090729773646,0.0004969220851487,0.4348003566265106,,
V3-D0,1,5.0,1.0,3,0.4063287278016408,0.3921333934429856,0.0004930924800994,0.4860008571829114,,
V3-D0,1,5.0,1.0,4,0.3623444569252786,0.3868262041797199,0.0004877641290737,0.4193219102564312,,
V3-D0,1,5.0,1.0,5,0.3605332161699022,0.3876748969742035,0.0004809698831278,0.54548908273379,,
V3-D0,1,5.0,1.0,6,0.3610474169254303,0.388244899768471,0.000472751631047,0.6464910720075879,,
V3-D0,1,5.0,1.0,7,0.3551246722539266,0.3820994992639096,0.0004631600410885,0.6665898802734557,,
V3-D0,1,5.0,1.0,8,0.3391499093600681,0.3891994135129235,0.0004522542485937,0.5552651087443033,,
V3-D0,1,5.0,1.0,9,0.3536125535056704,0.3835749764746355,0.0004401014914,0.7941435930274782,,
V3-D0,1,5.0,1.0,10,0.3294927747476668,0.3866617795770364,0.0004267766952966,0.5593250493208567,,
V3-D0,1,5.0,1.0,11,0.339952514285133,0.3844909194824715,0.0004123620120825,0.7108700715360188,,
V3-D0,1,5.0,1.0,12,0.3485009741215479,0.3837410475141606,0.0003969463130731,0.8400260862850008,,
V3-D0,1,5.0,1.0,13,0.3287131112246286,0.3852123756416248,0.0003806246411789,0.5967757134210496,,
V3-D0,1,6.0,0.0,1,0.5275380412737528,0.4364180874781342,0.0005,0.4486687282721202,,
V3-D0,1,6.0,0.0,2,0.4160948807284945,0.3971563103784031,0.0005,0.4026034403414953,,
V3-D0,1,6.0,0.0,3,0.3971059691338312,0.3848311074391151,0.0005,0.4442604652472904,,
V3-D0,1,6.0,0.0,4,0.3857298280511583,0.3770877892007843,0.0005,0.4076983772573017,,
V3-D0,1,6.0,0.0,5,0.380364009312221,0.3755708001618781,0.0005,0.4109070286864326,,
V3-D0,1,6.0,0.0,6,0.3594780564308166,0.3732114487541997,0.0005,0.4256597019377209,,
V3-D0,1,6.0,0.0,7,0.3630793208167666,0.3735857484681268,0.0005,0.4788826008637746,,
V3-D0,1,6.0,0.0,8,0.356278794152396,0.3710913586178225,0.0005,0.4923511814503443,,
V3-D0,1,6.0,0.0,9,0.3530739332948412,0.3715645296333466,0.0005,0.5475708146890005,,
V3-D0,1,6.0,0.0,10,0.3492280145486195,0.3695155040271957,0.0005,0.6254718459787822,,
V3-D0,1,6.0,0.0,11,0.3449933926264445,0.3699770349988491,0.0005,0.5387792927878243,,
V3-D0,1,6.0,0.0,12,0.3391503280117398,0.3726802401115417,0.0005,0.6262868302209037,,
V3-D0,1,6.0,0.0,13,0.3361390644595736,0.3758869541675723,0.0005,0.6017213875339145,,
V3-D0,1,6.0,0.0,14,0.3363022406895955,0.370646746448891,0.0005,0.6478711281503949,,
V3-D0,1,6.0,0.0,15,0.332971826905296,0.3755315207750591,0.0005,0.5962473764306023,,
V3-D0,1,6.0,0.0,16,0.3325431403659639,0.3731385933225806,0.0005,0.7079357405503591,,
V3-D0,1,6.0,1.0,1,0.5235382134006137,0.4519829750473971,0.0005,0.4547950029373169,,
V3-D0,1,6.0,1.0,2,0.4096485071239017,0.4000842929137901,0.0005,0.4243239476567223,,
V3-D0,1,6.0,1.0,3,0.3987920057205927,0.3886065757703129,0.0005,0.4769487977027893,,
V3-D0,1,6.0,1.0,4,0.3570123653681505,0.3851762393593771,0.0005,0.4016349414984385,,
V3-D0,1,6.0,1.0,5,0.3562780718008677,0.3842602724498969,0.0005,0.5671544060820625,,
V3-D0,1,6.0,1.0,6,0.3580457255953834,0.383973347771347,0.0005,0.6564104131289891,,
V3-D0,1,6.0,1.0,7,0.3462750102792467,0.379036154254543,0.0005,0.6141122082869211,,
V3-D0,1,6.0,1.0,8,0.3303588625221025,0.3883617942950941,0.0005,0.5551118226278395,,
V3-D0,1,6.0,1.0,9,0.3462364588465009,0.3808413186171374,0.0005,0.82332472716059,,
V3-D0,1,6.0,1.0,10,0.3219812583355677,0.383163814937271,0.0005,0.5980019711312794,,
V3-D0,1,6.0,1.0,11,0.3299248658475421,0.3815625469557174,0.0005,0.7466481782141186,,
V3-D0,1,6.0,1.0,12,0.3379481378055754,0.384216399186752,0.0005,0.8856602963947114,,
V3-D0,1,6.0,1.0,13,0.3133719095161983,0.3877152842380841,0.0005,0.6262853003683544,,
V3-D0,1,7.0,0.0,1,0.6024579519317264,0.4080462943619569,0.001,0.5031498230638958,,
V3-D0,1,7.0,0.0,2,0.5072009137698582,0.3890628267642586,0.001,0.5330109028589158,,
V3-D0,1,7.0,0.0,3,0.4836331350462777,0.3833258873885675,0.001,0.4902956187725067,,
V3-D0,1,7.0,0.0,4,0.4715158428464617,0.3782029667803792,0.001,0.4934117637929462,,
V3-D0,1,7.0,0.0,5,0.4685548416205815,0.3750187482486088,0.001,0.5005387536117009,,
V3-D0,1,7.0,0.0,6,0.4421684812931787,0.3849819963392782,0.001,0.5234108709153675,,
V3-D0,1,7.0,0.0,7,0.446758610861642,0.3693033775241565,0.001,0.6033767220519838,,
V3-D0,1,7.0,0.0,8,0.4410895634265173,0.3885446208610261,0.001,0.5792293378285,,
V3-D0,1,7.0,0.0,9,0.4307060653255099,0.3748268426098986,0.001,0.6052390322798774,,
V3-D0,1,7.0,0.0,10,0.4321596423784892,0.3728726368405609,0.001,0.6958841724055154,,
V3-D0,1,7.0,0.0,11,0.425047184739794,0.3757088047643188,0.001,0.6042194962501526,,
V3-D0,1,7.0,0.0,12,0.4176762061459677,0.3723275487583727,0.001,0.6828451156616211,,
V3-D0,1,7.0,0.0,13,0.4136649881090437,0.373583842597746,0.001,0.6616244912147522,,
V3-D0,1,7.0,1.0,1,0.5913167872599193,0.4182656652683351,0.001,0.5114232741651081,,
V3-D0,1,7.0,1.0,2,0.480189744915281,0.3911068042359074,0.001,0.5869907041390737,,
V3-D0,1,7.0,1.0,3,0.4952869954563322,0.3912955401243738,0.001,0.6989820727280208,,
V3-D0,1,7.0,1.0,4,0.4242041497713044,0.3895277479214175,0.001,0.4619842796098618,,
V3-D0,1,7.0,1.0,5,0.4285107595579965,0.4052752435496076,0.001,0.6753628026871454,,
V3-D0,1,7.0,1.0,6,0.4364267757960728,0.402174436119916,0.001,0.7233455408187139,,
V3-D0,1,7.0,1.0,7,0.4206201164495377,0.3898416046711666,0.001,0.6554091388270968,,
V3-D0,1,7.0,1.0,8,0.4028505768094744,0.4017226080098147,0.001,0.6173554474399203,,
V3-D0,1,7.0,1.0,9,0.4158521124294826,0.3987406670786534,0.001,0.8081884937626975,,
V3-D0,1,7.0,1.0,10,0.3960505120811008,0.3817141511802861,0.001,0.6769822793347495,,
V3-D0,1,7.0,1.0,11,0.4018699711277371,0.3992698407935045,0.001,0.75602683141118,,
V3-D0,1,7.0,1.0,12,0.3985196564878736,0.4098775077692234,0.001,0.9110364459809804,,
V3-D0,1,7.0,1.0,13,0.3816205617927369,0.4085881091717062,0.001,0.6855324591909137,,
V3-D0,1,7.0,1.0,14,0.3807988635131291,0.4022537874203875,0.001,0.802264948685964,,
V3-D0,1,7.0,1.0,15,0.3794337085315159,0.4167768530991234,0.001,0.8421578293754941,,
V3-D0,1,7.0,1.0,16,0.3747080905096872,0.401959620506673,0.001,0.7334095849877312,,
V3-D0,2,0.0,0.0,1,0.6126073688268662,0.4520898449133207,0.0002,0.5533743046224118,,
V3-D0,2,0.0,0.0,2,0.4779298081994056,0.3982323182006581,0.0002,0.5156503565609455,,
V3-D0,2,0.0,0.0,3,0.4498990178108215,0.3921741650508078,0.0002,0.5767114877700805,,
V3-D0,2,0.0,0.0,4,0.4362131536006927,0.3923811080658752,0.0002,0.5894336730241776,,
V3-D0,2,0.0,0.0,5,0.4224866114556789,0.3808875902207315,0.0002,0.6528578490018845,,
V3-D0,2,0.0,0.0,6,0.4167569927871227,0.3811719632065473,0.0002,0.7123895801603795,,
V3-D0,2,0.0,0.0,7,0.406915283203125,0.3807160069513867,0.0002,0.7379860371351242,,
V3-D0,2,0.0,0.0,8,0.4024636916816234,0.3792612532842479,0.0002,0.8100150629878045,,
V3-D0,2,0.0,0.0,9,0.4007153838872909,0.3805933077659197,0.0002,0.9551189854741096,,
V3-D0,2,0.0,0.0,10,0.3894227154552936,0.3741461374173181,0.0002,0.996749185025692,,
V3-D0,2,0.0,0.0,11,0.3880708187818527,0.3825630604590924,0.0002,1.123420566320419,,
V3-D0,2,0.0,0.0,12,0.3805396057665348,0.3874018728642299,0.0002,1.130161069333553,,
V3-D0,2,0.0,0.0,13,0.3750774726271629,0.3795331528859183,0.0002,1.1614054054021836,,
V3-D0,2,0.0,0.0,14,0.374082413315773,0.3883535275498773,0.0002,1.350732482969761,,
V3-D0,2,0.0,0.0,15,0.3616112116724252,0.3845559060630846,0.0002,1.2841011464595795,,
V3-D0,2,0.0,0.0,16,0.3605768885463476,0.3929521060155874,0.0002,1.5449972689151763,,
V3-D0,2,0.0,1.0,1,0.5928758591413498,0.4422722746863832,0.0002,0.5598140135407448,,
V3-D0,2,0.0,1.0,2,0.4720887430012226,0.4041603975521698,0.0002,0.4921122498810291,,
V3-D0,2,0.0,1.0,3,0.4346737511456012,0.4007652698016493,0.0002,0.5595963649451733,,
V3-D0,2,0.0,1.0,4,0.4232541307806968,0.3931412661453087,0.0002,0.594192436337471,,
V3-D0,2,0.0,1.0,5,0.4120455659925938,0.3908213419709396,0.0002,0.6044064283370971,,
V3-D0,2,0.0,1.0,6,0.4041100040078163,0.3897962801819731,0.0002,0.6672269076108932,,
V3-D0,2,0.0,1.0,7,0.3989777468144894,0.3878003965130248,0.0002,0.7079751551151275,,
V3-D0,2,0.0,1.0,8,0.3948629297316074,0.3902103817470097,0.0002,0.7341555789113045,,
V3-D0,2,0.0,1.0,9,0.390619844943285,0.3898478868499523,0.0002,0.8304578229784966,,
V3-D0,2,0.0,1.0,10,0.3836968004703521,0.3868673806510474,0.0002,0.817949366569519,,
V3-D0,2,0.0,1.0,11,0.382082000374794,0.3890930366615399,0.0002,0.9683420807123184,,
V3-D0,2,0.0,1.0,12,0.3778992049396038,0.3886577027834595,0.0002,0.945395128428936,,
V3-D0,2,0.0,1.0,13,0.3738175235688686,0.3896351226958042,0.0002,1.108152325451374,,
V3-D0,2,0.0,1.0,14,0.3674819238483905,0.3883992795138294,0.0002,1.0993269845843314,,
V3-D0,2,0.0,1.0,15,0.3606454253196716,0.394961606781519,0.0002,1.145506565272808,,
V3-D0,2,0.0,1.0,16,0.3557063944637775,0.392376042943359,0.0002,1.2379643768072128,,
V3-D0,2,1.0,0.0,1,0.5068538591265679,0.3876240555674913,0.001,0.5256012514233589,,
V3-D0,2,1.0,0.0,2,0.4360348805785179,0.3742282072169863,0.001,0.5260386757552624,,
V3-D0,2,1.0,0.0,3,0.4268581420183182,0.3780992640641397,0.001,0.5240266233682632,,
V3-D0,2,1.0,0.0,4,0.4148255683481693,0.4045536281642991,0.001,0.5155632689595222,,
V3-D0,2,1.0,0.0,5,0.4000333376228809,0.385067534408582,0.001,0.5436093062162399,,
V3-D0,2,1.0,0.0,6,0.3922414369881153,0.3846480189017376,0.001,0.5714600287377835,,
V3-D0,2,1.0,0.0,7,0.3852003656327724,0.3977795513201124,0.001,0.5784699857234955,,
V3-D0,2,1.0,0.0,8,0.379317532479763,0.3915475250218507,0.001,0.6355538815259933,,
V3-D0,2,1.0,1.0,1,0.4939201325178146,0.4043129494149508,0.001,0.5222090467810631,,
V3-D0,2,1.0,1.0,2,0.4283833719789982,0.388836305124338,0.001,0.5222232788801193,,
V3-D0,2,1.0,1.0,3,0.4083696037530899,0.3863258189133983,0.001,0.5202067591249943,,
V3-D0,2,1.0,1.0,4,0.4040841601788997,0.3968197169608071,0.001,0.5358906552195549,,
V3-D0,2,1.0,1.0,5,0.3875459238886833,0.391037472152335,0.001,0.5516014292836189,,
V3-D0,2,1.0,1.0,6,0.3840614773333072,0.3896262341951828,0.001,0.569293849915266,,
V3-D0,2,1.0,1.0,7,0.3774863988161087,0.3899493237755935,0.001,0.6305358558893204,,
V3-D0,2,1.0,1.0,8,0.3720764182507992,0.3971824201680315,0.001,0.6193175554275513,,
V3-D0,2,1.0,1.0,9,0.3673551704734564,0.3935868080712787,0.001,0.6660290934145451,,
V3-D0,2,2.0,0.0,1,0.5365594774484634,0.3922036337936334,0.0005,0.5178286232054233,,
V3-D0,2,2.0,0.0,2,0.4432575263082981,0.3832478522466975,0.0005,0.5632714040577411,,
V3-D0,2,2.0,0.0,3,0.4300319053232669,0.3769267796916154,0.0005,0.5777859844267368,,
V3-D0,2,2.0,0.0,4,0.4153413541615009,0.3996171946332945,0.0005,0.5955263070762158,,
V3-D0,2,2.0,0.0,5,0.4026248052716255,0.380607685006426,0.0005,0.6941853702068329,,
V3-D0,2,2.0,0.0,6,0.3949805602431297,0.3813664274604402,0.0005,0.7447827748954297,,
V3-D0,2,2.0,0.0,7,0.3858245767652988,0.3985243566973956,0.0005,0.7696020171046257,,
V3-D0,2,2.0,0.0,8,0.3835932306945324,0.3847428466496926,0.0005,0.820176076889038,,
V3-D0,2,2.0,0.0,9,0.3795595981180668,0.3804900587303793,0.0005,0.8719305619597435,,
V3-D0,2,2.0,1.0,1,0.5221123203635216,0.4043979712907367,0.0005,0.5128017485141754,,
V3-D0,2,2.0,1.0,2,0.4341543570160865,0.3948850409283598,0.0005,0.5487657442688942,,
V3-D0,2,2.0,1.0,3,0.4118715070188045,0.3879656517228023,0.0005,0.5621559374034405,,
V3-D0,2,2.0,1.0,4,0.4060296736657619,0.3917918559112985,0.0005,0.5948137395083904,,
V3-D0,2,2.0,1.0,5,0.393327934294939,0.3863289589420806,0.0005,0.5979409486055374,,
V3-D0,2,2.0,1.0,6,0.384849251806736,0.3876582442237268,0.0005,0.6634365484118462,,
V3-D0,2,2.0,1.0,7,0.3779669784009457,0.3863661516947409,0.0005,0.7451248720288277,,
V3-D0,2,2.0,1.0,8,0.3737826086580753,0.3940217996808786,0.0005,0.7701817020773888,,
V3-D0,2,2.0,1.0,9,0.3668313883244991,0.4032841285731781,0.0005,0.8967397898435593,,
V3-D0,2,2.0,1.0,10,0.3647295013070106,0.3942225668295824,0.0005,0.8588298305869102,,
V3-D0,2,2.0,1.0,11,0.3530872471630573,0.4244813325285339,0.0005,0.928559672832489,,
V3-D0,2,3.0,0.0,1,0.6905141562223435,0.467836873270646,0.0002,0.6183538138866425,,
V3-D0,2,3.0,0.0,2,0.5425359100103379,0.4090744027548324,0.0002,0.5926520854234696,,
V3-D0,2,3.0,0.0,3,0.5117200866341591,0.401233450919594,0.0002,0.6699115231633186,,
V3-D0,2,3.0,0.0,4,0.4955145724117756,0.402179723857031,0.0002,0.6784126132726669,,
V3-D0,2,3.0,0.0,5,0.4816092252731323,0.391220514176182,0.0002,0.7495177999138832,,
V3-D0,2,3.0,0.0,6,0.4725874118506908,0.389170034252331,0.0002,0.804033799469471,,
V3-D0,2,3.0,0.0,7,0.4633971035480499,0.3929321802392304,0.0002,0.8084444537758827,,
V3-D0,2,3.0,0.0,8,0.4573695428669452,0.3857250976019545,0.0002,0.8914017394185066,,
V3-D0,2,3.0,0.0,9,0.4557289518415928,0.393033390418936,0.0002,1.0475285679101944,,
V3-D0,2,3.0,0.0,10,0.4448248960077762,0.3782347324724559,0.0002,1.0903123319149015,,
V3-D0,2,3.0,0.0,11,0.4420041188597679,0.3905104180440024,0.0002,1.1847023621201516,,
V3-D0,2,3.0,0.0,12,0.4351152494549751,0.3993196309189107,0.0002,1.248471923172474,,
V3-D0,2,3.0,0.0,13,0.42708924934268,0.3860932512346902,0.0002,1.284500853717327,,
V3-D0,2,3.0,0.0,14,0.4286377653479576,0.3921582187851721,0.0002,1.4617450580000877,,
V3-D0,2,3.0,0.0,15,0.4188886694610119,0.3889252884866463,0.0002,1.386234340071678,,
V3-D0,2,3.0,0.0,16,0.4147135891020298,0.4001636751426914,0.0002,1.624616226553917,,
V3-D0,2,3.0,1.0,1,0.665893803536892,0.4502481120413447,0.0002,0.6238776311278343,,
V3-D0,2,3.0,1.0,2,0.5350941911339759,0.4094192464100289,0.0002,0.5679593063890934,,
V3-D0,2,3.0,1.0,3,0.4897861629724502,0.4083256705796497,0.0002,0.6456314370036125,,
V3-D0,2,3.0,1.0,4,0.4779796421527862,0.3971513657658367,0.0002,0.6985675051808358,,
V3-D0,2,3.0,1.0,5,0.4642479419708252,0.3933706287381444,0.0002,0.7097801670432091,,
V3-D0,2,3.0,1.0,6,0.4572443194687366,0.3926052225518905,0.0002,0.7745564639568329,,
V3-D0,2,3.0,1.0,7,0.4517175272107124,0.3892934538016407,0.0002,0.8099036455154419,,
V3-D0,2,3.0,1.0,8,0.4447389602661132,0.3969758081091134,0.0002,0.8315801590681076,,
V3-D0,2,3.0,1.0,9,0.4425030589103699,0.3969287933041364,0.0002,0.9377437010407448,,
V3-D0,2,3.0,1.0,10,0.4350953843444586,0.3909060983118954,0.0002,0.9035849779844284,,
V3-D0,2,3.0,1.0,11,0.4314600199460983,0.3903882486492751,0.0002,1.0240857377648354,,
V3-D0,2,3.0,1.0,12,0.4292352244257927,0.3961352294171326,0.0002,1.0200205445289612,,
V3-D0,2,3.0,1.0,13,0.4263291262090206,0.3899163395214113,0.0002,1.1774318754673003,,
V3-D0,2,4.0,0.0,1,0.4887809805572033,0.3941817049099144,0.0005,0.4784081235527992,,
V3-D0,2,4.0,0.0,2,0.3981696635484695,0.3819409677342362,0.0005,0.5310052037239075,,
V3-D0,2,4.0,0.0,3,0.3879675142467021,0.3766613777306925,0.0005,0.5336255930364132,,
V3-D0,2,4.0,0.0,4,0.37408929169178,0.3896088924620423,0.0005,0.5405729472637176,,
V3-D0,2,4.0,0.0,5,0.3650047168135643,0.3776822375007279,0.0005,0.6323818698525429,,
V3-D0,2,4.0,0.0,6,0.3560916885733604,0.3827632235406317,0.0005,0.6594735197722912,,
V3-D0,2,4.0,0.0,7,0.35160006955266,0.3844711572687649,0.0005,0.6446299225091934,,
V3-D0,2,4.0,0.0,8,0.3451832301914692,0.3889198069313653,0.0005,0.6881881207227707,,
V3-D0,2,4.0,0.0,9,0.3452836737036705,0.3787203115576003,0.0005,0.7419591024518013,,
V3-D0,2,4.0,1.0,1,0.4792434029281139,0.4142055227768224,0.0005,0.4731441006064415,,
V3-D0,2,4.0,1.0,2,0.3953639134764671,0.3983047365526082,0.0005,0.4962104044854641,,
V3-D0,2,4.0,1.0,3,0.3726370006799698,0.3940410425700102,0.0005,0.5176052853465081,,
V3-D0,2,4.0,1.0,4,0.3680381760001182,0.3926153213125128,0.0005,0.5418665058910846,,
V3-D0,2,4.0,1.0,5,0.3557674773037433,0.3901355012716217,0.0005,0.5577563762664794,,
V3-D0,2,4.0,1.0,6,0.3494089268147945,0.3923853882751459,0.0005,0.5948220558464528,,
V3-D0,2,4.0,1.0,7,0.3428998097777366,0.3919704237771321,0.0005,0.6535276122391224,,
V3-D0,2,4.0,1.0,8,0.340778736770153,0.3919313240256076,0.0005,0.6578229382634163,,
V3-D0,2,4.0,1.0,9,0.340865520760417,0.3907777908771694,0.0005,0.7077917784452439,,
V3-D0,2,4.0,1.0,10,0.3377079453319311,0.3882699971506381,0.0005,0.66306062489748,,
V3-D0,2,4.0,1.0,11,0.3272626958787441,0.4069235742398773,0.0005,0.7209003493189812,,
V3-D0,2,4.0,1.0,12,0.3268595457077026,0.395020840487347,0.0005,0.7726436525583267,,
V3-D0,2,4.0,1.0,13,0.3167820960283279,0.3983672979708101,0.0005,0.8729103744029999,,
V3-D0,2,4.0,1.0,14,0.315261897444725,0.4063841926189155,0.0005,0.8765029236674309,,
V3-D0,2,4.0,1.0,15,0.3118106812238693,0.4143254420964783,0.0005,0.9001710683107376,,
V3-D0,2,4.0,1.0,16,0.3080757837742567,0.4198265988969035,0.0005,0.9816048622131348,,
V3-D0,2,5.0,0.0,1,0.5114583112299442,0.3897852948377464,0.001,0.5336957529187203,,
V3-D0,2,5.0,0.0,2,0.4382403627038002,0.374901303161155,0.001,0.5375536486506463,,
V3-D0,2,5.0,0.0,3,0.4283111251890659,0.3788949067391246,0.001,0.5438804410398006,,
V3-D0,2,5.0,0.0,4,0.417191656678915,0.4078422825058257,0.001,0.5440784864127636,,
V3-D0,2,5.0,0.0,5,0.4055150516331195,0.3841861562919316,0.001,0.5532259672880173,,
V3-D0,2,5.0,0.0,6,0.3956345476210117,0.3827472544411986,0.001,0.5772020220756531,,
V3-D0,2,5.0,0.0,7,0.3911565497517585,0.3948137540387929,0.001,0.5746588334441185,,
V3-D0,2,5.0,0.0,8,0.3816797129809856,0.3883589573422105,0.001,0.6071242906153203,,
V3-D0,2,5.0,1.0,1,0.4992306388914585,0.406139374136782,0.001,0.5325983054935932,,
V3-D0,2,5.0,1.0,2,0.4323043636977672,0.391554167253608,0.001,0.5297317281365395,,
V3-D0,2,5.0,1.0,3,0.4102314695715904,0.3911958641558948,0.001,0.5341825090348721,,
V3-D0,2,5.0,1.0,4,0.4085965365171432,0.3964560736100244,0.001,0.5492383584380149,,
V3-D0,2,5.0,1.0,5,0.3910711728036403,0.388229364209085,0.001,0.5582291893661022,,
V3-D0,2,5.0,1.0,6,0.3875590063631534,0.3890509165845071,0.001,0.568723575770855,,
V3-D0,2,5.0,1.0,7,0.376436210796237,0.3883370471129017,0.001,0.6172455221414566,,
V3-D0,2,5.0,1.0,8,0.3770590104162693,0.3934926384105479,0.001,0.614286831766367,,
V3-D0,2,5.0,1.0,9,0.373752824217081,0.3976840100374232,0.001,0.6608735859394074,,
V3-D0,2,5.0,1.0,10,0.373346621543169,0.3957170717920028,0.001,0.6121928371489048,,
V3-D0,2,5.0,1.0,11,0.3535239316523075,0.4288450013111848,0.001,0.6512763753533364,,
V3-D0,2,6.0,0.0,1,0.5409244328737259,0.39300493422618,0.0005,0.5242105163633823,,
V3-D0,2,6.0,0.0,2,0.4452366836369038,0.3845743590022057,0.0005,0.5852572560310364,,
V3-D0,2,6.0,0.0,3,0.4349514760076999,0.3778792213184925,0.0005,0.5909092202782631,,
V3-D0,2,6.0,0.0,4,0.4196404196321964,0.394845814405291,0.0005,0.5909471355378628,,
V3-D0,2,6.0,0.0,5,0.4086166955530643,0.3777149434306297,0.0005,0.6965435512363911,,
V3-D0,2,6.0,0.0,6,0.3985931523144245,0.3814446420264528,0.0005,0.7356388226151467,,
V3-D0,2,6.0,0.0,7,0.39107760861516,0.3947909341618747,0.0005,0.743262556195259,,
V3-D0,2,6.0,0.0,8,0.3877046167850494,0.3874185248818513,0.0005,0.8128406271338463,,
V3-D0,2,6.0,0.0,9,0.3843408226966858,0.3806780152573218,0.0005,0.8587290480732918,,
V3-D0,2,6.0,0.0,10,0.3705101728439331,0.3881155640747766,0.0005,0.8994531974196434,,
V3-D0,2,6.0,0.0,11,0.3681796751916408,0.3917604959367598,0.0005,1.027385076880455,,
V3-D0,2,6.0,1.0,1,0.5267823934555054,0.4060416601461598,0.0005,0.5173183009028435,,
V3-D0,2,6.0,1.0,2,0.4385466553270817,0.3951978885989968,0.0005,0.5643509164452553,,
V3-D0,2,6.0,1.0,3,0.4153870932757854,0.3896015533181189,0.0005,0.5730537317693234,,
V3-D0,2,6.0,1.0,4,0.4088439017534256,0.3918053850687258,0.0005,0.6018950790166855,,
V3-D0,2,6.0,1.0,5,0.3961803317070007,0.3861025194053544,0.0005,0.6222453132271767,,
V3-D0,2,6.0,1.0,6,0.3890073575079441,0.3875385115229081,0.0005,0.6652907460927964,,
V3-D0,2,6.0,1.0,7,0.3828489936888218,0.3872310187789938,0.0005,0.7338861554861069,,
V3-D0,2,6.0,1.0,8,0.377604653686285,0.3961865251135142,0.0005,0.7638642355799675,,
V3-D0,2,6.0,1.0,9,0.3753792375326156,0.3990372335791592,0.0005,0.8676990881562233,,
V3-D0,2,6.0,1.0,10,0.3718373037874699,0.3916466453951632,0.0005,0.8141327708959579,,
V3-D0,2,6.0,1.0,11,0.3581839106976986,0.4218921017352766,0.0005,0.8695029154419899,,
V3-D0,2,7.0,0.0,1,0.6238760501146317,0.4612938640251221,0.0002,0.557922861725092,,
V3-D0,2,7.0,0.0,2,0.4895078189671039,0.4006064070313479,0.0002,0.5355287216603756,,
V3-D0,2,7.0,0.0,3,0.4590190447866916,0.3943873140364234,0.0002,0.6130455054342747,,
V3-D0,2,7.0,0.0,4,0.4441545031964778,0.3964676056334838,0.0002,0.6204655706882477,,
V3-D0,2,7.0,0.0,5,0.4320834323763847,0.3818793500023938,0.0002,0.6843232750892639,,
V3-D0,2,7.0,0.0,6,0.4233836896717548,0.3827879686190049,0.0002,0.7299844160676002,,
V3-D0,2,7.0,0.0,7,0.4172594062983989,0.3859934537022423,0.0002,0.7399031102657319,,
V3-D0,2,7.0,0.0,8,0.4097073510289192,0.3832910132215846,0.0002,0.78689194470644,,
V3-D0,2,7.0,0.0,9,0.4089406698942184,0.3865810151485334,0.0002,0.9132208913564682,,
V3-D0,2,7.0,0.0,10,0.3997225157916546,0.3736834909055797,0.0002,0.9346111580729484,,
V3-D0,2,7.0,0.0,11,0.3982182919979095,0.3835735319311344,0.0002,1.0277929455041883,,
V3-D0,2,7.0,0.0,12,0.391738710552454,0.3836060428918498,0.0002,1.0527142688632012,,
V3-D0,2,7.0,0.0,13,0.3832253284752369,0.3787944947021894,0.0002,1.050978808104992,,
V3-D0,2,7.0,0.0,14,0.3882568717002869,0.3858848823520269,0.0002,1.1440924406051636,,
V3-D0,2,7.0,0.0,15,0.3777549039572477,0.3851411912916568,0.0002,1.1409046962857246,,
V3-D0,2,7.0,0.0,16,0.3770534016191959,0.3920986115400075,0.0002,1.3383773252367974,,
V3-D0,2,7.0,1.0,1,0.6048487685620785,0.4476932768660037,0.0002,0.5674755610525608,,
V3-D0,2,7.0,1.0,2,0.4858422644436359,0.4054040165556251,0.0002,0.5152061633765698,,
V3-D0,2,7.0,1.0,3,0.4418264977633953,0.4031782810052199,0.0002,0.5827796131372451,,
V3-D0,2,7.0,1.0,4,0.4306132853031158,0.3956947720660542,0.0002,0.6348250761628151,,
V3-D0,2,7.0,1.0,5,0.4180495843291282,0.3951084079822095,0.0002,0.6470398232340813,,
V3-D0,2,7.0,1.0,6,0.4126310408115387,0.3925786547939982,0.0002,0.70396289229393,,
V3-D0,2,7.0,1.0,7,0.4054927267134189,0.3913800369673162,0.0002,0.7240920990705491,,
V3-D0,2,7.0,1.0,8,0.4010531596839428,0.3895246348796296,0.0002,0.7400955811142922,,
V3-D0,2,7.0,1.0,9,0.3995217345654964,0.3901504933884493,0.0002,0.801030233502388,,
V3-D0,2,7.0,1.0,10,0.3953533094376326,0.3869606875957703,0.0002,0.7830451101064682,,
V3-D0,2,7.0,1.0,11,0.3927320800721645,0.3884021752779647,0.0002,0.8728172644972801,,
V3-D0,2,7.0,1.0,12,0.3877202812582254,0.3896056371060747,0.0002,0.8599251940846443,,
V3-D0,2,7.0,1.0,13,0.3850291304290295,0.3898472329956807,0.0002,0.9976506933569907,,
V3-D0,2,7.0,1.0,14,0.3778223298490047,0.388158749429671,0.0002,0.9742399364709854,,
V3-D0,2,7.0,1.0,15,0.3743107706308365,0.391597965197519,0.0002,0.9826812386512755,,
V3-D0,2,7.0,1.0,16,0.3713363625109195,0.3890463663772822,0.0002,1.0334205463528634,,
V3-P0,0,0.0,0.0,1,0.4517418302595615,0.3924183786630012,0.0006949825557843,0.4314436033368111,,
V3-P0,0,0.0,0.0,2,0.3840031109750271,0.3823051941609756,0.0006949825557843,0.4224554143846035,,
V3-P0,0,0.0,0.0,3,0.3654464960098266,0.388051470180241,0.0006949825557843,0.4316811352968216,,
V3-P0,0,0.0,0.0,4,0.3567715220153332,0.3834086389242157,0.0006949825557843,0.4791616305708885,,
V3-P0,0,0.0,0.0,5,0.351972696185112,0.3761489119849353,0.0006949825557843,0.5010952912271023,,
V3-P0,0,0.0,0.0,6,0.343345982581377,0.3734965774675901,0.0006949825557843,0.5028333947062492,,
V3-P0,0,0.0,0.0,7,0.3347315602004528,0.3760970552047169,0.0006949825557843,0.5022928550839424,,
V3-P0,0,0.0,0.0,8,0.3349433571100235,0.3764879981477122,0.0006949825557843,0.5305311672389508,,
V3-P0,0,0.0,0.0,9,0.3251775424927473,0.3780244247201093,0.0006949825557843,0.5424599796533585,,
V3-P0,0,0.0,0.0,10,0.3190318804234266,0.3768248634180977,0.0006949825557843,0.5690334171056748,,
V3-P0,0,0.0,0.0,11,0.3140540461987257,0.3803829759424022,0.0006949825557843,0.5786491215229035,,
V3-P0,0,0.0,0.0,12,0.312877681851387,0.3933758873199023,0.0006949825557843,0.6174684509634971,,
V3-P0,0,0.0,1.0,1,0.451740207468591,0.4019380139131634,0.0006949825557843,0.4484120520149789,,
V3-P0,0,0.0,1.0,2,0.3799762391462559,0.3871247619400714,0.0006949825557843,0.4475340726898937,,
V3-P0,0,0.0,1.0,3,0.3748437704109564,0.3804120407338454,0.0006949825557843,0.4748789188338489,,
V3-P0,0,0.0,1.0,4,0.357373438230375,0.3807671240550938,0.0006949825557843,0.4443525184945362,,
V3-P0,0,0.0,1.0,5,0.3466588222398991,0.3913311586396887,0.0006949825557843,0.4677002953320014,,
V3-P0,0,0.0,1.0,6,0.3555198253654852,0.3784247153217193,0.0006949825557843,0.5224632082915888,,
V3-P0,0,0.0,1.0,7,0.3364359961777198,0.3917302763698551,0.0006949825557843,0.4934560961839629,,
V3-P0,0,0.0,1.0,8,0.332548629219939,0.3826239480485726,0.0006949825557843,0.529687432254233,,
V3-P0,0,0.0,1.0,9,0.3281122809503136,0.3867278899652136,0.0006949825557843,0.5738257605855058,,
V3-P0,0,0.0,1.0,10,0.3227512752864419,0.3810165144660405,0.0006949825557843,0.5597184176852064,,
V3-P0,0,0.0,1.0,11,0.3209983281246045,0.3832705705467443,0.0006949825557843,0.5928828745353513,,
V3-P0,0,0.0,1.0,12,0.3189085038696847,0.4042263256695181,0.0006949825557843,0.6263532922035311,,
V3-P0,0,1.0,0.0,1,0.4536901786923408,0.3909650139957266,0.0006949825557843,0.4781632952392101,,
V3-P0,0,1.0,0.0,2,0.382426406443119,0.3810683450362211,0.0006949825557843,0.4514573097229004,,
V3-P0,0,1.0,0.0,3,0.3652418486773968,0.3876022025248158,0.0006949825557843,0.4416368059813976,,
V3-P0,0,1.0,0.0,4,0.3552873887121677,0.3816977722978864,0.0006949825557843,0.483510210365057,,
V3-P0,0,1.0,0.0,5,0.3513976283371448,0.3744241538775041,0.0006949825557843,0.5097962535917759,,
V3-P0,0,1.0,0.0,6,0.3422075040638447,0.3732427850301168,0.0006949825557843,0.5097613386809826,,
V3-P0,0,1.0,0.0,7,0.3349596984684467,0.3788636080831338,0.0006949825557843,0.5071936137974262,,
V3-P0,0,1.0,0.0,8,0.3315942041575909,0.3786104928679676,0.0006949825557843,0.5369499400258064,,
V3-P0,0,1.0,0.0,9,0.3239218987524509,0.3798660628995817,0.0006949825557843,0.5538323886692524,,
V3-P0,0,1.0,0.0,10,0.3182795710861683,0.3773643223071105,0.0006949825557843,0.5922390215098858,,
V3-P0,0,1.0,0.0,11,0.3149401988834143,0.3841204155085739,0.0006949825557843,0.5812232173979283,,
V3-P0,0,1.0,0.0,12,0.3100344654172658,0.395632448660049,0.0006949825557843,0.6257229171693325,,
V3-P0,0,1.0,1.0,1,0.4430579586726863,0.3984630975095476,0.0006949825557843,0.4574463454688467,,
V3-P0,0,1.0,1.0,2,0.3759315435479327,0.3859752439195197,0.0006949825557843,0.4477565455727461,,
V3-P0,0,1.0,1.0,3,0.3701654999721341,0.3816018000461302,0.0006949825557843,0.478541835779097,,
V3-P0,0,1.0,1.0,4,0.3543122643377723,0.3815929164069585,0.0006949825557843,0.4559262285872204,,
V3-P0,0,1.0,1.0,5,0.3415905426188213,0.3925264553938122,0.0006949825557843,0.4708569645881653,,
V3-P0,0,1.0,1.0,6,0.3521018780586196,0.3823548248583094,0.0006949825557843,0.5305378909518079,,
V3-P0,0,1.0,1.0,7,0.3354820125713581,0.3903779885684599,0.0006949825557843,0.5126570092468727,,
V3-P0,0,1.0,1.0,8,0.3307115842656391,0.3860880491973655,0.0006949825557843,0.5327695666289911,,
V3-P0,0,1.0,1.0,9,0.3247808479681248,0.3917201122377124,0.0006949825557843,0.5611333636248984,,
V3-P0,0,2.0,0.0,1,0.4620538249611854,0.3959488435795818,0.0006949825557843,0.4736359626054763,,
V3-P0,0,2.0,0.0,2,0.3879407092928886,0.3829533408443384,0.0006949825557843,0.4371722117066383,,
V3-P0,0,2.0,0.0,3,0.3720287606120109,0.3904852887391351,0.0006949825557843,0.4286905363202095,,
V3-P0,0,2.0,0.0,4,0.3600267939269542,0.3888779657190928,0.0006949825557843,0.4711223319172859,,
V3-P0,0,2.0,0.0,5,0.3564096666872501,0.3766620912338584,0.0006949825557843,0.5130070202052593,,
V3-P0,0,2.0,0.0,6,0.3499526917934418,0.3730811696114343,0.0006949825557843,0.5034115806221962,,
V3-P0,0,2.0,0.0,7,0.3408591724932194,0.3782177197044282,0.0006949825557843,0.4781324960291385,,
V3-P0,0,2.0,0.0,8,0.3379743270576,0.3796303147896576,0.0006949825557843,0.5111488237977028,,
V3-P0,0,2.0,0.0,9,0.3319551259279251,0.3822924388929132,0.0006949825557843,0.5364720754325389,,
V3-P0,0,2.0,0.0,10,0.3243188034743071,0.3806789655469332,0.0006949825557843,0.5572750329971313,,
V3-P0,0,2.0,0.0,11,0.3186982061713934,0.3849168042970613,0.0006949825557843,0.5388804182410241,,
V3-P0,0,2.0,0.0,12,0.3168679900467396,0.3937447363376644,0.0006949825557843,0.6095193967223167,,
V3-P0,0,2.0,1.0,1,0.4480415066567862,0.4018875189893099,0.0006949825557843,0.4923464030754275,,
V3-P0,0,2.0,1.0,2,0.381539985537529,0.391006736608607,0.0006949825557843,0.4823412444533371,,
V3-P0,0,2.0,1.0,3,0.3771700590122037,0.3825434811075341,0.0006949825557843,0.5070413583662452,,
V3-P0,0,2.0,1.0,4,0.3612515868210211,0.381411563775395,0.0006949825557843,0.4770685586987472,,
V3-P0,0,2.0,1.0,5,0.3502596384141503,0.3943213077367837,0.0006949825557843,0.4828034573938788,,
V3-P0,0,2.0,1.0,6,0.3598601985268476,0.3817156305243863,0.0006949825557843,0.544298001178881,,
V3-P0,0,2.0,1.0,7,0.3408716404583396,0.3908413670747589,0.0006949825557843,0.5015341843046793,,
V3-P0,0,2.0,1.0,8,0.3373176873457141,0.3848667192201194,0.0006949825557843,0.5284935715721875,,
V3-P0,0,2.0,1.0,9,0.332178071141243,0.3866974453365822,0.0006949825557843,0.5647498056655977,,
V3-P0,0,2.0,1.0,10,0.3312796121690331,0.3812338546698535,0.0006949825557843,0.5433801899595958,,
V3-P0,0,2.0,1.0,11,0.3262159450025093,0.3848940842142164,0.0006949825557843,0.5841360172120537,,
V3-P0,0,2.0,1.0,12,0.328754970213262,0.4021269277614099,0.0006949825557843,0.607397380398541,,
V3-P0,0,2.0,1.0,13,0.3201885674057937,0.3914327231496062,0.0006949825557843,0.5549263707021388,,
V3-P0,0,2.0,1.0,14,0.3294067978858948,0.4050377417501226,0.0006949825557843,0.645367641274522,,
V3-P0,0,2.0,1.0,15,0.3131374018948252,0.3875207681968876,0.0006949825557843,0.5739664202783166,,
V3-P0,0,2.0,1.0,16,0.3066582817856858,0.3971020984756651,0.0006949825557843,0.6235969757161489,,
V3-P0,0,3.0,0.0,1,0.4592349402606487,0.3948155886411981,0.0006949825557843,0.4712558269500732,,
V3-P0,0,3.0,0.0,2,0.3844133116304874,0.3818007831407747,0.0006949825557843,0.4278781309723854,,
V3-P0,0,3.0,0.0,3,0.3677349045872688,0.3902719099370696,0.0006949825557843,0.4233416393399238,,
V3-P0,0,3.0,0.0,4,0.3598732613027096,0.386549995875755,0.0006949825557843,0.4728457950055599,,
V3-P0,0,3.0,0.0,5,0.3533682018518448,0.3765399883768646,0.0006949825557843,0.5125793509185315,,
V3-P0,0,3.0,0.0,6,0.3468635603785515,0.3739929715352506,0.0006949825557843,0.5129330180585384,,
V3-P0,0,3.0,0.0,7,0.336684051156044,0.3769432847179573,0.0006949825557843,0.4860964581370354,,
V3-P0,0,3.0,0.0,8,0.3333185292780399,0.3807418501951847,0.0006949825557843,0.5183533892035485,,
V3-P0,0,3.0,0.0,9,0.3265206545591354,0.3819453381179523,0.0006949825557843,0.5513221636414528,,
V3-P0,0,3.0,0.0,10,0.3180773418396711,0.3809014951890136,0.0006949825557843,0.575738201290369,,
V3-P0,0,3.0,0.0,11,0.3134899456053972,0.388303643909728,0.0006949825557843,0.556662666797638,,
V3-P0,0,3.0,0.0,12,0.3115688595920801,0.3968248855637445,0.0006949825557843,0.6324201993644237,,
V3-P0,0,3.0,1.0,1,0.4444517645894027,0.3999713199834946,0.0006949825557843,0.4834669152411019,,
V3-P0,0,3.0,1.0,2,0.3791092612394472,0.3913111186965751,0.0006949825557843,0.479602443008888,,
V3-P0,0,3.0,1.0,3,0.3743232343255019,0.3819173408548539,0.0006949825557843,0.5077666276838722,,
V3-P0,0,3.0,1.0,4,0.3577557264304742,0.3814719907165295,0.0006949825557843,0.4820321471225924,,
V3-P0,0,3.0,1.0,5,0.3455974179797056,0.3944851176616838,0.0006949825557843,0.4865628146543735,,
V3-P0,0,3.0,1.0,6,0.3574762257134042,0.3812145408102492,0.0006949825557843,0.5633844798657952,,
V3-P0,0,3.0,1.0,7,0.3377114094612075,0.3901084177062095,0.0006949825557843,0.5122657287411574,,
V3-P0,0,3.0,1.0,8,0.3335707572902121,0.3826810213389549,0.0006949825557843,0.5468268525309679,,
V3-P0,0,3.0,1.0,9,0.3300902520011111,0.3868869770742281,0.0006949825557843,0.5710666681208262,,
V3-P0,0,3.0,1.0,10,0.3266502255346717,0.3803908605111973,0.0006949825557843,0.5487184662644456,,
V3-P0,0,3.0,1.0,11,0.3204574719434831,0.3855902702521883,0.0006949825557843,0.5929275264100331,,
V3-P0,0,3.0,1.0,12,0.3232090843886864,0.4009134634512598,0.0006949825557843,0.6290744339547506,,
V3-P0,0,3.0,1.0,13,0.3135731769044225,0.3896360070258443,0.0006949825557843,0.5797255053752806,,
V3-P0,0,3.0,1.0,14,0.3200893794618001,0.3995342076294997,0.0006949825557843,0.669353195806829,,
V3-P0,0,3.0,1.0,15,0.3049951966215924,0.3900067218690033,0.0006949825557843,0.6049705278582689,,
V3-P0,0,3.0,1.0,16,0.2995554822974088,0.3990584871431298,0.0006949825557843,0.6634809672832489,,
V3-P0,0,4.0,0.0,1,0.4578256323933601,0.3926817886649569,0.0006949825557843,0.4846575856208801,,
V3-P0,0,4.0,0.0,2,0.3850082442164421,0.3825930271733077,0.0006949825557843,0.4551401101052761,,
V3-P0,0,4.0,0.0,3,0.3686173506081104,0.3895513025453793,0.0006949825557843,0.4465294688940048,,
V3-P0,0,4.0,0.0,4,0.3584732219576835,0.383239896035532,0.0006949825557843,0.4794933408498764,,
V3-P0,0,4.0,0.0,5,0.3554457604885101,0.375109722775218,0.0006949825557843,0.5047141566872597,,
V3-P0,0,4.0,0.0,6,0.3476432561874389,0.3736628906558869,0.0006949825557843,0.5004300385713577,,
V3-P0,0,4.0,0.0,7,0.3396383166313171,0.3820711548882775,0.0006949825557843,0.4960337072610855,,
V3-P0,0,4.0,0.0,8,0.3366300240159035,0.3758957792472108,0.0006949825557843,0.5205058932304383,,
V3-P0,0,4.0,0.0,9,0.3279899328947067,0.3812716111867359,0.0006949825557843,0.5314128927886486,,
V3-P0,0,4.0,0.0,10,0.3243394497781992,0.3773502302547514,0.0006949825557843,0.5696270979940892,,
V3-P0,0,4.0,0.0,11,0.3170731279999018,0.3838326498118274,0.0006949825557843,0.5547076880931854,,
V3-P0,0,4.0,0.0,12,0.316225541010499,0.3923324320030277,0.0006949825557843,0.6112275570631027,,
V3-P0,0,4.0,1.0,1,0.4471755478440261,0.3995680722314757,0.0006949825557843,0.4652491270042047,,
V3-P0,0,4.0,1.0,2,0.3779893521128631,0.3870341705348193,0.0006949825557843,0.4558194824835149,,
V3-P0,0,4.0,1.0,3,0.3727504923576262,0.3822765916714585,0.0006949825557843,0.4848568315913037,,
V3-P0,0,4.0,1.0,4,0.3582236047198133,0.383155796149829,0.0006949825557843,0.4616708646460277,,
V3-P0,0,4.0,1.0,5,0.3457324748359075,0.3935761765443298,0.0006949825557843,0.4762864796126761,,
V3-P0,0,4.0,1.0,6,0.355046429285189,0.3822693754021241,0.0006949825557843,0.5244279162185949,,
V3-P0,0,4.0,1.0,7,0.3414953191105912,0.3903837339191898,0.0006949825557843,0.5016834648644052,,
V3-P0,0,4.0,1.0,8,0.3339086727398198,0.3885813928013403,0.0006949825557843,0.5191233979492653,,
V3-P0,0,4.0,1.0,9,0.3287866537163897,0.3919783018792755,0.0006949825557843,0.5577252042002794,,
V3-P0,0,5.0,0.0,1,0.4470848277211189,0.3933805890235318,0.0006949825557843,0.5734681703150273,,
V3-P0,0,5.0,0.0,2,0.3833256013691425,0.381433829350633,0.0006949825557843,0.4929089941084384,,
V3-P0,0,5.0,0.0,3,0.367125665396452,0.3883288306176724,0.0006949825557843,0.4867077201604843,,
V3-P0,0,5.0,0.0,4,0.3559841722249984,0.3861584093598429,0.0006949825557843,0.5148170322179795,,
V3-P0,0,5.0,0.0,5,0.356056972593069,0.3766826398962131,0.0006949825557843,0.5496031299233437,,
V3-P0,0,5.0,0.0,6,0.346482790261507,0.3730389505952532,0.0006949825557843,0.5200239449739457,,
V3-P0,0,5.0,0.0,7,0.3388720840215683,0.377824140144836,0.0006949825557843,0.5042331874370575,,
V3-P0,0,5.0,0.0,8,0.3364926028996706,0.3805950061362025,0.0006949825557843,0.5433429121971131,,
V3-P0,0,5.0,0.0,9,0.3304501749575138,0.3818008988844185,0.0006949825557843,0.5637338064610958,,
V3-P0,0,5.0,0.0,10,0.3229758247733116,0.3806481204512756,0.0006949825557843,0.5795230858027935,,
V3-P0,0,5.0,0.0,11,0.3175026938319206,0.3848540408382863,0.0006949825557843,0.5623010270297527,,
V3-P0,0,5.0,0.0,12,0.3145177531987428,0.387526434706549,0.0006949825557843,0.6491080984473229,,
V3-P0,0,5.0,1.0,1,0.4405544814540119,0.3954972931067707,0.0006949825557843,0.543726301774746,,
V3-P0,0,5.0,1.0,2,0.3770234010568479,0.3907563926271785,0.0006949825557843,0.5010549338852487,,
V3-P0,0,5.0,1.0,3,0.372788972970916,0.3789786283771146,0.0006949825557843,0.5296026482814695,,
V3-P0,0,5.0,1.0,4,0.3550303105900927,0.3785488772374905,0.0006949825557843,0.4814268176148577,,
V3-P0,0,5.0,1.0,5,0.3463843006913255,0.3927430511768776,0.0006949825557843,0.4995975378083019,,
V3-P0,0,5.0,1.0,6,0.3542854655079725,0.3801869808565386,0.0006949825557843,0.5516633057012791,,
V3-P0,0,5.0,1.0,7,0.3401937644656111,0.3864576285534122,0.0006949825557843,0.5224703877437405,,
V3-P0,0,5.0,1.0,8,0.3344756855470378,0.3853021738721897,0.0006949825557843,0.5351027482893409,,
V3-P0,0,5.0,1.0,9,0.3258085796018926,0.3888237216230787,0.0006949825557843,0.5660943984985352,,
V3-P0,0,5.0,1.0,10,0.3261004675452302,0.3810127646953258,0.0006949825557843,0.5680270863742363,,
V3-P0,1,0.0,0.0,1,0.6347007155418396,0.4759586299547109,0.0002909635600179,0.51494129214968,,
V3-P0,1,0.0,0.0,2,0.5280754977748507,0.4125380338992833,0.0002909635600179,0.4714820271446591,,
V3-P0,1,0.0,0.0,3,0.471954889240719,0.3884467786001751,0.0002909635600179,0.5066734978130886,,
V3-P0,1,0.0,0.0,4,0.4435663294224512,0.3814612535839715,0.0002909635600179,0.5453918178876241,,
V3-P0,1,0.0,0.0,5,0.4475724952561514,0.3773540429047559,0.0002909635600179,0.608105080468314,,
V3-P0,1,0.0,0.0,6,0.4317053627400171,0.3760735637012521,0.0002909635600179,0.5569333036740621,,
V3-P0,1,0.0,0.0,7,0.4358300112542652,0.3728358197549928,0.0002909635600179,0.5435218044689724,,
V3-P0,1,0.0,0.0,8,0.4224660652024405,0.369629453992336,0.0002909635600179,0.5363770609810239,,
V3-P0,1,0.0,0.0,9,0.4234635120346433,0.371166274974275,0.0002909635600179,0.5674737294514974,,
V3-P0,1,0.0,0.0,10,0.4239316994235629,0.3740633125416323,0.0002909635600179,0.5703976991630736,,
V3-P0,1,0.0,0.0,11,0.4237169807865506,0.3656518752687356,0.0002909635600179,0.5955802244799477,,
V3-P0,1,0.0,0.0,12,0.4175830880800883,0.3806371133959094,0.0002909635600179,0.6150791474751064,,
V3-P0,1,0.0,0.0,13,0.4142240441980816,0.3667724102480362,0.0002909635600179,0.6521633423510051,,
V3-P0,1,0.0,0.0,14,0.4056934856233142,0.3658296513071226,0.0002909635600179,0.5817461709181467,,
V3-P0,1,0.0,0.0,15,0.4089411184901282,0.366397527528576,0.0002909635600179,0.5716560227530343,,
V3-P0,1,0.0,0.0,16,0.4107395311196645,0.3635486774522304,0.0002909635600179,0.6596535231385913,,
V3-P0,1,0.0,0.0,17,0.3995811499300457,0.362104250856205,0.0002909635600179,0.6065594752629598,,
V3-P0,1,0.0,0.0,18,0.4072830648649306,0.3670351842915818,0.0002909635600179,0.6659452106271472,,
V3-P0,1,0.0,0.0,19,0.396682436977114,0.363104483030661,0.0002909635600179,0.6538586857773009,,
V3-P0,1,0.0,0.0,20,0.3932931338037763,0.3711083571418915,0.0002909635600179,0.6896551251411438,,
V3-P0,1,0.0,0.0,21,0.3921461999416351,0.3621596055333576,0.0002909635600179,0.653971601100195,,
V3-P0,1,0.0,0.0,22,0.3867034756001972,0.362684733414466,0.0002909635600179,0.658744793562662,,
V3-P0,1,0.0,0.0,23,0.4002421029976436,0.3594160443131889,0.0002909635600179,0.7460381090641022,,
V3-P0,1,0.0,0.0,24,0.3922713115101769,0.3629562112871918,0.0002909635600179,0.6759873103527796,,
V3-P0,1,0.0,0.0,25,0.3972453290507907,0.3615820739174854,0.0002909635600179,0.6967082151344844,,
V3-P0,1,0.0,0.0,26,0.3858894961220877,0.3688516652100013,0.0002909635600179,0.6824792311305091,,
V3-P0,1,0.0,0.0,27,0.3820639508111136,0.3654460060030201,0.0002909635600179,0.6912641298203241,,
V3-P0,1,0.0,0.0,28,0.3814637277807508,0.3625582340637155,0.0002909635600179,0.722391012169066,,
V3-P0,1,0.0,0.0,29,0.4010764360427856,0.3600672523995614,0.0002909635600179,0.8923846369697934,,
V3-P0,1,0.0,1.0,1,0.6175664038885207,0.4599195708255388,0.0002909635600179,0.7042056776228405,,
V3-P0,1,0.0,1.0,2,0.5033806633381617,0.4071333286310354,0.0002909635600179,0.5701231615883964,,
V3-P0,1,0.0,1.0,3,0.4541044419720059,0.3959855409954487,0.0002909635600179,0.6886562477974665,,
V3-P0,1,0.0,1.0,4,0.4215952143782661,0.3921793333127683,0.0002909635600179,0.5792907433850425,,
V3-P0,1,0.0,1.0,5,0.4428641994794209,0.3997789118404225,0.0002909635600179,0.7028383811314901,,
V3-P0,1,0.0,1.0,6,0.4140510736476807,0.3892984679149997,0.0002909635600179,0.7339258917740413,,
V3-P0,1,0.0,1.0,7,0.4174362222353617,0.3890961640780738,0.0002909635600179,0.7339955483164106,,
V3-P0,1,0.0,1.0,8,0.3963571439186732,0.3912424633102421,0.0002909635600179,0.6140143473943075,,
V3-P0,1,0.0,1.0,9,0.3956085478975659,0.3878636327658251,0.0002909635600179,0.5992602578231266,,
V3-P0,1,0.0,1.0,10,0.3969958509717669,0.3898770842519904,0.0002909635600179,0.6628044517267317,,
V3-P0,1,0.0,1.0,11,0.3962611300604684,0.3885827914721296,0.0002909635600179,0.6335889384860084,,
V3-P0,1,0.0,1.0,12,0.3851309354816164,0.3861182775277179,0.0002909635600179,0.5675920815694899,,
V3-P0,1,0.0,1.0,13,0.3868569199528013,0.3864799164135483,0.0002909635600179,0.645366941179548,,
V3-P0,1,0.0,1.0,14,0.4064429728757767,0.387020691852191,0.0002909635600179,0.9023256472178868,,
V3-P0,1,0.0,1.0,15,0.3927582261108217,0.3879771055137936,0.0002909635600179,0.8553485700062343,,
V3-P0,1,0.0,1.0,16,0.4160472892579578,0.382010455489897,0.0002909635600179,0.889255417244775,,
V3-P0,1,0.0,1.0,17,0.3914749310130164,0.3845317813090556,0.0002909635600179,0.796666389419919,,
V3-P0,1,0.0,1.0,18,0.3896010532265618,0.3880160726996379,0.0002909635600179,0.8420795528661638,,
V3-P0,1,0.0,1.0,19,0.3726161732560112,0.3999041020824179,0.0002909635600179,0.7191545282091413,,
V3-P0,1,0.0,1.0,20,0.3629260673409417,0.3870175577484422,0.0002909635600179,0.7674047038668678,,
V3-P0,1,0.0,1.0,21,0.3728721943639573,0.3902147132628347,0.0002909635600179,0.809078594048818,,
V3-P0,1,0.0,1.0,22,0.3821157500857398,0.38902016676802,0.0002909635600179,0.91399912749018,,
V3-P0,1,1.0,0.0,1,0.6347007155418396,0.4759586299547109,0.0002909635600179,0.51494129214968,,
V3-P0,1,1.0,0.0,2,0.5280754977748507,0.4125380338992833,0.0002909635600179,0.4714820271446591,,
V3-P0,1,1.0,0.0,3,0.471954889240719,0.3884467786001751,0.0002909635600179,0.5066734978130886,,
V3-P0,1,1.0,0.0,4,0.4435663294224512,0.3814612535839715,0.0002909635600179,0.5453918178876241,,
V3-P0,1,1.0,0.0,5,0.4475724952561514,0.3773540429047559,0.0002909635600179,0.608105080468314,,
V3-P0,1,1.0,0.0,6,0.4317053627400171,0.3760735637012521,0.0002909635600179,0.5569333036740621,,
V3-P0,1,1.0,0.0,7,0.4358300112542652,0.3728358197549928,0.0002909635600179,0.5435218044689724,,
V3-P0,1,1.0,0.0,8,0.4224660652024405,0.369629453992336,0.0002909635600179,0.5363770609810239,,
V3-P0,1,1.0,0.0,9,0.4234635120346433,0.371166274974275,0.0002909635600179,0.5674737294514974,,
V3-P0,1,1.0,0.0,10,0.4239316994235629,0.3740633125416323,0.0002909635600179,0.5703976991630736,,
V3-P0,1,1.0,0.0,11,0.4237169807865506,0.3656518752687356,0.0002909635600179,0.5955802244799477,,
V3-P0,1,1.0,0.0,12,0.4175830880800883,0.3806371133959094,0.0002909635600179,0.6150791474751064,,
V3-P0,1,1.0,0.0,13,0.4142240441980816,0.3667724102480362,0.0002909635600179,0.6521633423510051,,
V3-P0,1,1.0,0.0,14,0.4056934856233142,0.3658296513071226,0.0002909635600179,0.5817461709181467,,
V3-P0,1,1.0,0.0,15,0.4089411184901282,0.366397527528576,0.0002909635600179,0.5716560227530343,,
V3-P0,1,1.0,0.0,16,0.4107395311196645,0.3635486774522304,0.0002909635600179,0.6596535231385913,,
V3-P0,1,1.0,0.0,17,0.3995811499300457,0.362104250856205,0.0002909635600179,0.6065594752629598,,
V3-P0,1,1.0,0.0,18,0.4072830648649306,0.3670351842915818,0.0002909635600179,0.6659452106271472,,
V3-P0,1,1.0,0.0,19,0.396682436977114,0.363104483030661,0.0002909635600179,0.6538586857773009,,
V3-P0,1,1.0,0.0,20,0.3932931338037763,0.3711083571418915,0.0002909635600179,0.6896551251411438,,
V3-P0,1,1.0,0.0,21,0.3921461999416351,0.3621596055333576,0.0002909635600179,0.653971601100195,,
V3-P0,1,1.0,0.0,22,0.3867034756001972,0.362684733414466,0.0002909635600179,0.658744793562662,,
V3-P0,1,1.0,0.0,23,0.4002421029976436,0.3594160443131889,0.0002909635600179,0.7460381090641022,,
V3-P0,1,1.0,0.0,24,0.3922713115101769,0.3629562112871918,0.0002909635600179,0.6759873103527796,,
V3-P0,1,1.0,0.0,25,0.3972453290507907,0.3615820739174854,0.0002909635600179,0.6967082151344844,,
V3-P0,1,1.0,0.0,26,0.3858894961220877,0.3688516652100013,0.0002909635600179,0.6824792311305091,,
V3-P0,1,1.0,0.0,27,0.3820639508111136,0.3654460060030201,0.0002909635600179,0.6912641298203241,,
V3-P0,1,1.0,0.0,28,0.3814637277807508,0.3625582340637155,0.0002909635600179,0.722391012169066,,
V3-P0,1,1.0,0.0,29,0.4010764360427856,0.3600672523995614,0.0002909635600179,0.8923846369697934,,
V3-P0,1,1.0,1.0,1,0.6175664038885207,0.4599195708255388,0.0002909635600179,0.7042056776228405,,
V3-P0,1,1.0,1.0,2,0.5033806633381617,0.4071333286310354,0.0002909635600179,0.5701231615883964,,
V3-P0,1,1.0,1.0,3,0.4541044419720059,0.3959855409954487,0.0002909635600179,0.6886562477974665,,
V3-P0,1,1.0,1.0,4,0.4215952143782661,0.3921793333127683,0.0002909635600179,0.5792907433850425,,
V3-P0,1,1.0,1.0,5,0.4428641994794209,0.3997789118404225,0.0002909635600179,0.7028383811314901,,
V3-P0,1,1.0,1.0,6,0.4140510736476807,0.3892984679149997,0.0002909635600179,0.7339258917740413,,
V3-P0,1,1.0,1.0,7,0.4174362222353617,0.3890961640780738,0.0002909635600179,0.7339955483164106,,
V3-P0,1,1.0,1.0,8,0.3963571439186732,0.3912424633102421,0.0002909635600179,0.6140143473943075,,
V3-P0,1,1.0,1.0,9,0.3956085478975659,0.3878636327658251,0.0002909635600179,0.5992602578231266,,
V3-P0,1,1.0,1.0,10,0.3969958509717669,0.3898770842519904,0.0002909635600179,0.6628044517267317,,
V3-P0,1,1.0,1.0,11,0.3962611300604684,0.3885827914721296,0.0002909635600179,0.6335889384860084,,
V3-P0,1,1.0,1.0,12,0.3851309354816164,0.3861182775277179,0.0002909635600179,0.5675920815694899,,
V3-P0,1,1.0,1.0,13,0.3868569199528013,0.3864799164135483,0.0002909635600179,0.645366941179548,,
V3-P0,1,1.0,1.0,14,0.4064429728757767,0.387020691852191,0.0002909635600179,0.9023256472178868,,
V3-P0,1,1.0,1.0,15,0.3927582261108217,0.3879771055137936,0.0002909635600179,0.8553485700062343,,
V3-P0,1,1.0,1.0,16,0.4160472892579578,0.382010455489897,0.0002909635600179,0.889255417244775,,
V3-P0,1,1.0,1.0,17,0.3914749310130164,0.3845317813090556,0.0002909635600179,0.796666389419919,,
V3-P0,1,1.0,1.0,18,0.3896010532265618,0.3880160726996379,0.0002909635600179,0.8420795528661638,,
V3-P0,1,1.0,1.0,19,0.3726161732560112,0.3999041020824179,0.0002909635600179,0.7191545282091413,,
V3-P0,1,1.0,1.0,20,0.3629260673409417,0.3870175577484422,0.0002909635600179,0.7674047038668678,,
V3-P0,1,1.0,1.0,21,0.3728721943639573,0.3902147132628347,0.0002909635600179,0.809078594048818,,
V3-P0,1,1.0,1.0,22,0.3821157500857398,0.38902016676802,0.0002909635600179,0.91399912749018,,
V3-P0,1,2.0,0.0,1,0.6463988849094936,0.492841387474258,0.0002909635600179,0.5000760427543095,,
V3-P0,1,2.0,0.0,2,0.5352445372513362,0.4221370959888097,0.0002909635600179,0.4174236612660544,,
V3-P0,1,2.0,0.0,3,0.4753709619953519,0.3955208507960729,0.0002909635600179,0.4112548402377537,,
V3-P0,1,2.0,0.0,4,0.4470327241080148,0.3915185225107247,0.0002909635600179,0.4697498352754684,,
V3-P0,1,2.0,0.0,5,0.4444023413317544,0.3838221387031288,0.0002909635600179,0.4871253158364977,,
V3-P0,1,2.0,0.0,6,0.4346353255567096,0.3791786887416606,0.0002909635600179,0.4982847103050777,,
V3-P0,1,2.0,0.0,7,0.4280835092067718,0.3777618185588198,0.0002909635600179,0.4567473970708393,,
V3-P0,1,2.0,0.0,8,0.4274342954158783,0.3772558384322364,0.0002909635600179,0.4983197933151608,,
V3-P0,1,2.0,0.0,9,0.4205402235190074,0.373131528277411,0.0002909635600179,0.4897433377447582,,
V3-P0,1,2.0,0.0,10,0.4214365652629307,0.3731169066145362,0.0002909635600179,0.4792904002325875,,
V3-P0,1,2.0,0.0,11,0.425456322374798,0.3692575045944847,0.0002909635600179,0.5630398222378322,,
V3-P0,1,2.0,0.0,12,0.418014828647886,0.3757993363829248,0.0002909635600179,0.5430739578746614,,
V3-P0,1,2.0,0.0,13,0.4114596247673034,0.3702035090702124,0.0002909635600179,0.5277434459754399,,
V3-P0,1,2.0,0.0,14,0.4013980470952533,0.3697743371306074,0.0002909635600179,0.5242176808062053,,
V3-P0,1,2.0,0.0,15,0.399770533754712,0.36766029726113,0.0002909635600179,0.5429297330833617,,
V3-P0,1,2.0,0.0,16,0.4050217682407016,0.3675129740601266,0.0002909635600179,0.5930349699088505,,
V3-P0,1,2.0,0.0,17,0.3970751904305957,0.3666334272162475,0.0002909635600179,0.5810552097502208,,
V3-P0,1,2.0,0.0,18,0.3997862906683059,0.3726826071325687,0.0002909635600179,0.6026369560332525,,
V3-P0,1,2.0,0.0,19,0.4003731736115047,0.3668877799437655,0.0002909635600179,0.6467687203770592,,
V3-P0,1,2.0,0.0,20,0.3925150689624604,0.3714600693463885,0.0002909635600179,0.644985807793481,,
V3-P0,1,2.0,0.0,21,0.3867830463818141,0.3658563384289776,0.0002909635600179,0.6129411274478549,,
V3-P0,1,2.0,0.0,22,0.384348601102829,0.3651980327837045,0.0002909635600179,0.6080167407081241,,
V3-P0,1,2.0,0.0,23,0.3943546428566887,0.3681907900087903,0.0002909635600179,0.659953487770898,,
V3-P0,1,2.0,0.0,24,0.3882739742596944,0.3696159190255057,0.0002909635600179,0.647158621322541,,
V3-P0,1,2.0,0.0,25,0.3865858202888852,0.3692760924073242,0.0002909635600179,0.6881567069462368,,
V3-P0,1,2.0,0.0,26,0.3853647339911688,0.3712666000704086,0.0002909635600179,0.6682371497154236,,
V3-P0,1,2.0,0.0,27,0.3764475754329136,0.369656705466409,0.0002909635600179,0.6659891846634093,,
V3-P0,1,2.0,0.0,28,0.3814039585136232,0.3659006358174409,0.0002909635600179,0.6768928510802132,,
V3-P0,1,2.0,1.0,1,0.6537962357203165,0.5002055463327517,0.0002909635600179,0.5465047146592822,,
V3-P0,1,2.0,1.0,2,0.541091860759826,0.4385661101733209,0.0002909635600179,0.4855547164167677,,
V3-P0,1,2.0,1.0,3,0.4786787685893831,0.4103964670244082,0.0002909635600179,0.517283924988338,,
V3-P0,1,2.0,1.0,4,0.432965996719542,0.3991095895070066,0.0002909635600179,0.4734520983128321,,
V3-P0,1,2.0,1.0,5,0.4526881717500232,0.4005057244379824,0.0002909635600179,0.5853346657185328,,
V3-P0,1,2.0,1.0,6,0.4205706133728936,0.3919731136492753,0.0002909635600179,0.6170444999422345,,
V3-P0,1,2.0,1.0,7,0.4192418668951307,0.390977502229225,0.0002909635600179,0.6451299516927629,,
V3-P0,1,2.0,1.0,8,0.3987693098329362,0.3927157108841684,0.0002909635600179,0.5347297333535694,,
V3-P0,1,2.0,1.0,9,0.3954850587816465,0.3895098155019177,0.0002909635600179,0.5177352726459503,,
V3-P0,1,2.0,1.0,10,0.3982046828383491,0.3902962094026312,0.0002909635600179,0.6001570778233665,,
V3-P0,1,2.0,1.0,11,0.3942240675290425,0.3917582851583372,0.0002909635600179,0.5505902894905635,,
V3-P0,1,2.0,1.0,12,0.3800168700871013,0.3895231737194808,0.0002909635600179,0.5232628328459603,,
V3-P0,1,2.0,1.0,13,0.3860190155960264,0.3901519631240756,0.0002909635600179,0.6287803465411776,,
V3-P0,1,2.0,1.0,14,0.3982055754888625,0.3877803013664223,0.0002909635600179,0.6751282087394169,,
V3-P0,1,2.0,1.0,15,0.3789800611280259,0.387439638444628,0.0002909635600179,0.6653903311207181,,
V3-P0,1,2.0,1.0,16,0.417273169472104,0.3856114611250671,0.0002909635600179,0.8939551157610757,,
V3-P0,1,2.0,1.0,17,0.3851027275834764,0.3861415374411482,0.0002909635600179,0.6939161888190678,,
V3-P0,1,2.0,1.0,18,0.3833682906059992,0.3900899315389484,0.0002909635600179,0.7353023617040544,,
V3-P0,1,2.0,1.0,19,0.3681556859186717,0.3882989634794132,0.0002909635600179,0.6225671739805312,,
V3-P0,1,2.0,1.0,20,0.3604650426478613,0.3887202610481503,0.0002909635600179,0.6423651348976862,,
V3-P0,1,2.0,1.0,21,0.3681833885964893,0.3901644776881634,0.0002909635600179,0.7382634381453196,,
V3-P0,1,2.0,1.0,22,0.3733336230119069,0.3957347109295454,0.0002909635600179,0.849141803525743,,
V3-P0,1,3.0,0.0,1,0.6347007155418396,0.4759586299547109,0.0002909635600179,0.51494129214968,,
V3-P0,1,3.0,0.0,2,0.5280754977748507,0.4125380338992833,0.0002909635600179,0.4714820271446591,,
V3-P0,1,3.0,0.0,3,0.471954889240719,0.3884467786001751,0.0002909635600179,0.5066734978130886,,
V3-P0,1,3.0,0.0,4,0.4435663294224512,0.3814612535839715,0.0002909635600179,0.5453918178876241,,
V3-P0,1,3.0,0.0,5,0.4475724952561514,0.3773540429047559,0.0002909635600179,0.608105080468314,,
V3-P0,1,3.0,0.0,6,0.4317053627400171,0.3760735637012521,0.0002909635600179,0.5569333036740621,,
V3-P0,1,3.0,0.0,7,0.4358300112542652,0.3728358197549928,0.0002909635600179,0.5435218044689724,,
V3-P0,1,3.0,0.0,8,0.4224660652024405,0.369629453992336,0.0002909635600179,0.5363770609810239,,
V3-P0,1,3.0,0.0,9,0.4234635120346433,0.371166274974275,0.0002909635600179,0.5674737294514974,,
V3-P0,1,3.0,0.0,10,0.4239316994235629,0.3740633125416323,0.0002909635600179,0.5703976991630736,,
V3-P0,1,3.0,0.0,11,0.4237169807865506,0.3656518752687356,0.0002909635600179,0.5955802244799477,,
V3-P0,1,3.0,0.0,12,0.4175830880800883,0.3806371133959094,0.0002909635600179,0.6150791474751064,,
V3-P0,1,3.0,0.0,13,0.4142240441980816,0.3667724102480362,0.0002909635600179,0.6521633423510051,,
V3-P0,1,3.0,0.0,14,0.4056934856233142,0.3658296513071226,0.0002909635600179,0.5817461709181467,,
V3-P0,1,3.0,0.0,15,0.4089411184901282,0.366397527528576,0.0002909635600179,0.5716560227530343,,
V3-P0,1,3.0,0.0,16,0.4107395311196645,0.3635486774522304,0.0002909635600179,0.6596535231385913,,
V3-P0,1,3.0,0.0,17,0.3995811499300457,0.362104250856205,0.0002909635600179,0.6065594752629598,,
V3-P0,1,3.0,0.0,18,0.4072830648649306,0.3670351842915818,0.0002909635600179,0.6659452106271472,,
V3-P0,1,3.0,0.0,19,0.396682436977114,0.363104483030661,0.0002909635600179,0.6538586857773009,,
V3-P0,1,3.0,0.0,20,0.3932931338037763,0.3711083571418915,0.0002909635600179,0.6896551251411438,,
V3-P0,1,3.0,0.0,21,0.3921461999416351,0.3621596055333576,0.0002909635600179,0.653971601100195,,
V3-P0,1,3.0,0.0,22,0.3867034756001972,0.362684733414466,0.0002909635600179,0.658744793562662,,
V3-P0,1,3.0,0.0,23,0.4002421029976436,0.3594160443131889,0.0002909635600179,0.7460381090641022,,
V3-P0,1,3.0,0.0,24,0.3922713115101769,0.3629562112871918,0.0002909635600179,0.6759873103527796,,
V3-P0,1,3.0,0.0,25,0.3972453290507907,0.3615820739174854,0.0002909635600179,0.6967082151344844,,
V3-P0,1,3.0,0.0,26,0.3858894961220877,0.3688516652100013,0.0002909635600179,0.6824792311305091,,
V3-P0,1,3.0,0.0,27,0.3820639508111136,0.3654460060030201,0.0002909635600179,0.6912641298203241,,
V3-P0,1,3.0,0.0,28,0.3814637277807508,0.3625582340637155,0.0002909635600179,0.722391012169066,,
V3-P0,1,3.0,0.0,29,0.4010764360427856,0.3600672523995614,0.0002909635600179,0.8923846369697934,,
V3-P0,1,3.0,1.0,1,0.6175664038885207,0.4599195708255388,0.0002909635600179,0.7042056776228405,,
V3-P0,1,3.0,1.0,2,0.5033806633381617,0.4071333286310354,0.0002909635600179,0.5701231615883964,,
V3-P0,1,3.0,1.0,3,0.4541044419720059,0.3959855409954487,0.0002909635600179,0.6886562477974665,,
V3-P0,1,3.0,1.0,4,0.4215952143782661,0.3921793333127683,0.0002909635600179,0.5792907433850425,,
V3-P0,1,3.0,1.0,5,0.4428641994794209,0.3997789118404225,0.0002909635600179,0.7028383811314901,,
V3-P0,1,3.0,1.0,6,0.4140510736476807,0.3892984679149997,0.0002909635600179,0.7339258917740413,,
V3-P0,1,3.0,1.0,7,0.4174362222353617,0.3890961640780738,0.0002909635600179,0.7339955483164106,,
V3-P0,1,3.0,1.0,8,0.3963571439186732,0.3912424633102421,0.0002909635600179,0.6140143473943075,,
V3-P0,1,3.0,1.0,9,0.3956085478975659,0.3878636327658251,0.0002909635600179,0.5992602578231266,,
V3-P0,1,3.0,1.0,10,0.3969958509717669,0.3898770842519904,0.0002909635600179,0.6628044517267317,,
V3-P0,1,3.0,1.0,11,0.3962611300604684,0.3885827914721296,0.0002909635600179,0.6335889384860084,,
V3-P0,1,3.0,1.0,12,0.3851309354816164,0.3861182775277179,0.0002909635600179,0.5675920815694899,,
V3-P0,1,3.0,1.0,13,0.3868569199528013,0.3864799164135483,0.0002909635600179,0.645366941179548,,
V3-P0,1,3.0,1.0,14,0.4064429728757767,0.387020691852191,0.0002909635600179,0.9023256472178868,,
V3-P0,1,3.0,1.0,15,0.3927582261108217,0.3879771055137936,0.0002909635600179,0.8553485700062343,,
V3-P0,1,3.0,1.0,16,0.4160472892579578,0.382010455489897,0.0002909635600179,0.889255417244775,,
V3-P0,1,3.0,1.0,17,0.3914749310130164,0.3845317813090556,0.0002909635600179,0.796666389419919,,
V3-P0,1,3.0,1.0,18,0.3896010532265618,0.3880160726996379,0.0002909635600179,0.8420795528661638,,
V3-P0,1,3.0,1.0,19,0.3726161732560112,0.3999041020824179,0.0002909635600179,0.7191545282091413,,
V3-P0,1,3.0,1.0,20,0.3629260673409417,0.3870175577484422,0.0002909635600179,0.7674047038668678,,
V3-P0,1,3.0,1.0,21,0.3728721943639573,0.3902147132628347,0.0002909635600179,0.809078594048818,,
V3-P0,1,3.0,1.0,22,0.3821157500857398,0.38902016676802,0.0002909635600179,0.91399912749018,,
V3-P0,1,4.0,0.0,1,0.6463988849094936,0.492841387474258,0.0002909635600179,0.5000760427543095,,
V3-P0,1,4.0,0.0,2,0.5352445372513362,0.4221370959888097,0.0002909635600179,0.4174236612660544,,
V3-P0,1,4.0,0.0,3,0.4753709619953519,0.3955208507960729,0.0002909635600179,0.4112548402377537,,
V3-P0,1,4.0,0.0,4,0.4470327241080148,0.3915185225107247,0.0002909635600179,0.4697498352754684,,
V3-P0,1,4.0,0.0,5,0.4444023413317544,0.3838221387031288,0.0002909635600179,0.4871253158364977,,
V3-P0,1,4.0,0.0,6,0.4346353255567096,0.3791786887416606,0.0002909635600179,0.4982847103050777,,
V3-P0,1,4.0,0.0,7,0.4280835092067718,0.3777618185588198,0.0002909635600179,0.4567473970708393,,
V3-P0,1,4.0,0.0,8,0.4274342954158783,0.3772558384322364,0.0002909635600179,0.4983197933151608,,
V3-P0,1,4.0,0.0,9,0.4205402235190074,0.373131528277411,0.0002909635600179,0.4897433377447582,,
V3-P0,1,4.0,0.0,10,0.4214365652629307,0.3731169066145362,0.0002909635600179,0.4792904002325875,,
V3-P0,1,4.0,0.0,11,0.425456322374798,0.3692575045944847,0.0002909635600179,0.5630398222378322,,
V3-P0,1,4.0,0.0,12,0.418014828647886,0.3757993363829248,0.0002909635600179,0.5430739578746614,,
V3-P0,1,4.0,0.0,13,0.4114596247673034,0.3702035090702124,0.0002909635600179,0.5277434459754399,,
V3-P0,1,4.0,0.0,14,0.4013980470952533,0.3697743371306074,0.0002909635600179,0.5242176808062053,,
V3-P0,1,4.0,0.0,15,0.399770533754712,0.36766029726113,0.0002909635600179,0.5429297330833617,,
V3-P0,1,4.0,0.0,16,0.4050217682407016,0.3675129740601266,0.0002909635600179,0.5930349699088505,,
V3-P0,1,4.0,0.0,17,0.3970751904305957,0.3666334272162475,0.0002909635600179,0.5810552097502208,,
V3-P0,1,4.0,0.0,18,0.3997862906683059,0.3726826071325687,0.0002909635600179,0.6026369560332525,,
V3-P0,1,4.0,0.0,19,0.4003731736115047,0.3668877799437655,0.0002909635600179,0.6467687203770592,,
V3-P0,1,4.0,0.0,20,0.3925150689624604,0.3714600693463885,0.0002909635600179,0.644985807793481,,
V3-P0,1,4.0,0.0,21,0.3867830463818141,0.3658563384289776,0.0002909635600179,0.6129411274478549,,
V3-P0,1,4.0,0.0,22,0.384348601102829,0.3651980327837045,0.0002909635600179,0.6080167407081241,,
V3-P0,1,4.0,0.0,23,0.3943546428566887,0.3681907900087903,0.0002909635600179,0.659953487770898,,
V3-P0,1,4.0,0.0,24,0.3882739742596944,0.3696159190255057,0.0002909635600179,0.647158621322541,,
V3-P0,1,4.0,0.0,25,0.3865858202888852,0.3692760924073242,0.0002909635600179,0.6881567069462368,,
V3-P0,1,4.0,0.0,26,0.3853647339911688,0.3712666000704086,0.0002909635600179,0.6682371497154236,,
V3-P0,1,4.0,0.0,27,0.3764475754329136,0.369656705466409,0.0002909635600179,0.6659891846634093,,
V3-P0,1,4.0,0.0,28,0.3814039585136232,0.3659006358174409,0.0002909635600179,0.6768928510802132,,
V3-P0,1,4.0,1.0,1,0.6537962357203165,0.5002055463327517,0.0002909635600179,0.5465047146592822,,
V3-P0,1,4.0,1.0,2,0.541091860759826,0.4385661101733209,0.0002909635600179,0.4855547164167677,,
V3-P0,1,4.0,1.0,3,0.4786787685893831,0.4103964670244082,0.0002909635600179,0.517283924988338,,
V3-P0,1,4.0,1.0,4,0.432965996719542,0.3991095895070066,0.0002909635600179,0.4734520983128321,,
V3-P0,1,4.0,1.0,5,0.4526881717500232,0.4005057244379824,0.0002909635600179,0.5853346657185328,,
V3-P0,1,4.0,1.0,6,0.4205706133728936,0.3919731136492753,0.0002909635600179,0.6170444999422345,,
V3-P0,1,4.0,1.0,7,0.4192418668951307,0.390977502229225,0.0002909635600179,0.6451299516927629,,
V3-P0,1,4.0,1.0,8,0.3987693098329362,0.3927157108841684,0.0002909635600179,0.5347297333535694,,
V3-P0,1,4.0,1.0,9,0.3954850587816465,0.3895098155019177,0.0002909635600179,0.5177352726459503,,
V3-P0,1,4.0,1.0,10,0.3982046828383491,0.3902962094026312,0.0002909635600179,0.6001570778233665,,
V3-P0,1,4.0,1.0,11,0.3942240675290425,0.3917582851583372,0.0002909635600179,0.5505902894905635,,
V3-P0,1,4.0,1.0,12,0.3800168700871013,0.3895231737194808,0.0002909635600179,0.5232628328459603,,
V3-P0,1,4.0,1.0,13,0.3860190155960264,0.3901519631240756,0.0002909635600179,0.6287803465411776,,
V3-P0,1,4.0,1.0,14,0.3982055754888625,0.3877803013664223,0.0002909635600179,0.6751282087394169,,
V3-P0,1,4.0,1.0,15,0.3789800611280259,0.387439638444628,0.0002909635600179,0.6653903311207181,,
V3-P0,1,4.0,1.0,16,0.417273169472104,0.3856114611250671,0.0002909635600179,0.8939551157610757,,
V3-P0,1,4.0,1.0,17,0.3851027275834764,0.3861415374411482,0.0002909635600179,0.6939161888190678,,
V3-P0,1,4.0,1.0,18,0.3833682906059992,0.3900899315389484,0.0002909635600179,0.7353023617040544,,
V3-P0,1,4.0,1.0,19,0.3681556859186717,0.3882989634794132,0.0002909635600179,0.6225671739805312,,
V3-P0,1,4.0,1.0,20,0.3604650426478613,0.3887202610481503,0.0002909635600179,0.6423651348976862,,
V3-P0,1,4.0,1.0,21,0.3681833885964893,0.3901644776881634,0.0002909635600179,0.7382634381453196,,
V3-P0,1,4.0,1.0,22,0.3733336230119069,0.3957347109295454,0.0002909635600179,0.849141803525743,,
V3-P0,1,5.0,0.0,1,0.6579447899545942,0.4980523202702223,0.0002909635600179,0.4981165357998439,,
V3-P0,1,5.0,0.0,2,0.5496358332179841,0.4292641793743062,0.0002909635600179,0.4249041094666436,,
V3-P0,1,5.0,0.0,3,0.4888888058208284,0.3969442518737243,0.0002909635600179,0.4217205771378108,,
V3-P0,1,5.0,0.0,4,0.4545731501919882,0.3923821126427743,0.0002909635600179,0.4684408264500754,,
V3-P0,1,5.0,0.0,5,0.4532348825818016,0.3869894412476725,0.0002909635600179,0.5160952423300061,,
V3-P0,1,5.0,0.0,6,0.443912984359832,0.382732608928361,0.0002909635600179,0.519710279646374,,
V3-P0,1,5.0,0.0,7,0.4363377321334112,0.3801719545839459,0.0002909635600179,0.4791838782174246,,
V3-P0,1,5.0,0.0,8,0.4365410677024296,0.3798819896283905,0.0002909635600179,0.5099793956393287,,
V3-P0,1,5.0,0.0,9,0.4269763713791257,0.3759798302928674,0.0002909635600179,0.4925206800301869,,
V3-P0,1,5.0,0.0,10,0.4275844437735421,0.3743010649869985,0.0002909635600179,0.5083200789633251,,
V3-P0,1,5.0,0.0,11,0.4336719484556289,0.3720872990992867,0.0002909635600179,0.5521292743228731,,
V3-P0,1,5.0,0.0,12,0.4199832095986321,0.3786974102017256,0.0002909635600179,0.5275790123712449,,
V3-P0,1,5.0,0.0,13,0.4174520941007705,0.3716761344460686,0.0002909635600179,0.5344720085461935,,
V3-P0,1,5.0,0.0,14,0.4134981433550517,0.3708288819913351,0.0002909635600179,0.5136218780562991,,
V3-P0,1,5.0,0.0,15,0.4101508004324777,0.3696784135078283,0.0002909635600179,0.524143207640875,,
V3-P0,1,5.0,0.0,16,0.4189849141098204,0.3702769664819687,0.0002909635600179,0.5787972751117888,,
V3-P0,1,5.0,0.0,17,0.4032935060205914,0.3682226397327885,0.0002909635600179,0.561115236509414,,
V3-P0,1,5.0,0.0,18,0.4096477244581495,0.3735857629618369,0.0002909635600179,0.5796682380494618,,
V3-P0,1,5.0,0.0,19,0.4109527014550708,0.3674077134243031,0.0002909635600179,0.6170089897655305,,
V3-P0,1,5.0,0.0,20,0.4007986542724427,0.3717763565042935,0.0002909635600179,0.6178540204252515,,
V3-P0,1,5.0,0.0,21,0.3986330699352991,0.3672682451121546,0.0002909635600179,0.6192866336731684,,
V3-P0,1,5.0,0.0,22,0.3932878020263853,0.3661437444020913,0.0002909635600179,0.5781816854363396,,
V3-P0,1,5.0,0.0,23,0.4028391327176775,0.3699426134840877,0.0002909635600179,0.6399075984954834,,
V3-P0,1,5.0,0.0,24,0.4023215969403584,0.3677221232971238,0.0002909635600179,0.6147993263744173,,
V3-P0,1,5.0,0.0,25,0.3971286018689473,0.3689358340693325,0.0002909635600179,0.6343994608947209,,
V3-P0,1,5.0,0.0,26,0.3965906146026793,0.3709150033453973,0.0002909635600179,0.6323382130690983,,
V3-P0,1,5.0,0.0,27,0.3893380846296038,0.370261230607696,0.0002909635600179,0.6513214792524066,,
V3-P0,1,5.0,0.0,28,0.3942017086914607,0.3652821693055372,0.0002909635600179,0.6321218311786652,,
V3-P0,1,5.0,0.0,29,0.3989779807272411,0.3675752767597904,0.0002909635600179,0.6921789376508622,,
V3-P0,1,5.0,0.0,30,0.3801343455201104,0.3697915966181127,0.0002909635600179,0.6080074948923928,,
V3-P0,1,5.0,0.0,31,0.3855555199441455,0.3734234845453179,0.0002909635600179,0.7098919550577799,,
V3-P0,1,5.0,0.0,32,0.389584176597141,0.3675272344056614,0.0002909635600179,0.6922919750213623,,
V3-P0,1,5.0,0.0,33,0.3858968516190846,0.3707614385970456,0.0002909635600179,0.7218714526721409,,
V3-P0,1,5.0,0.0,34,0.3937075152283623,0.3665256374170078,0.0002909635600179,0.7227947626795087,,
V3-P0,1,5.0,1.0,1,0.6626857632682437,0.5038424875179879,0.0002909635600179,0.5507556867031824,,
V3-P0,1,5.0,1.0,2,0.5551856358846029,0.4448923656479415,0.0002909635600179,0.4894787200859615,,
V3-P0,1,5.0,1.0,3,0.493966444617226,0.411160373583058,0.0002909635600179,0.5298042609578087,,
V3-P0,1,5.0,1.0,4,0.4435852475109554,0.4010245741150788,0.0002909635600179,0.4823841793196542,,
V3-P0,1,5.0,1.0,5,0.4642615673087892,0.4026999667126001,0.0002909635600179,0.6135595426672981,,
V3-P0,1,5.0,1.0,6,0.4262271168686095,0.3972036147550287,0.0002909635600179,0.6243681708971659,,
V3-P0,1,5.0,1.0,7,0.4301076176620665,0.3942154505845985,0.0002909635600179,0.7014079363573165,,
V3-P0,1,5.0,1.0,8,0.4058313433613096,0.3978565633606639,0.0002909635600179,0.5661369803405943,,
V3-P0,1,5.0,1.0,9,0.4052036567812874,0.3949327292185258,0.0002909635600179,0.542061733348029,,
V3-P0,1,5.0,1.0,10,0.4101393151850927,0.3938583407530837,0.0002909635600179,0.60725156608082,,
V3-P0,1,5.0,1.0,11,0.4041709885710761,0.3944055460221108,0.0002909635600179,0.5519549264794305,,
V3-P0,1,5.0,1.0,12,0.3903146098767008,0.3938737538060053,0.0002909635600179,0.5241476027738481,,
V3-P0,1,5.0,1.0,13,0.3945056718020212,0.3951080474290052,0.0002909635600179,0.6031514675844283,,
V3-P0,1,5.0,1.0,14,0.4038886129856109,0.3919894636686979,0.0002909635600179,0.6786409247489202,,
V3-P0,1,5.0,1.0,15,0.3931841183276403,0.3931700898307735,0.0002909635600179,0.7119996263867333,,
V3-P0,1,5.0,1.0,16,0.439041059641611,0.3902192661279531,0.0002909635600179,0.9112515861079806,,
V3-P0,1,5.0,1.0,17,0.3952944449016026,0.3888663592174839,0.0002909635600179,0.6957123634361085,,
V3-P0,1,5.0,1.0,18,0.3983577191829681,0.394218233715546,0.0002909635600179,0.7276043210710798,,
V3-P0,1,5.0,1.0,19,0.3757992166848409,0.391740406125037,0.0002909635600179,0.6168962489990961,,
V3-P0,1,5.0,1.0,20,0.3686776622420266,0.3931500491145643,0.0002909635600179,0.6453561853794825,,
V3-P0,1,5.0,1.0,21,0.3784642545949845,0.3945473420824993,0.0002909635600179,0.6907769001665569,,
V3-P0,1,5.0,1.0,22,0.3852338592211405,0.398223648779587,0.0002909635600179,0.8043666723228636,,
V3-P0,1,5.0,1.0,23,0.3671425226188841,0.3943773495675253,0.0002909635600179,0.6223457696891966,,
V3-P0,2,0.0,0.0,1,0.5740022689104081,0.4184880971460327,0.0012848466048437,0.5892940789461136,,
V3-P0,2,0.0,0.0,2,0.4968357123434543,0.3886557406851711,0.0012789085320456,0.5030544273555279,,
V3-P0,2,0.0,0.0,3,0.4934341438114643,0.3987008074724443,0.0012690524304185,0.5431862242519856,,
V3-P0,2,0.0,0.0,4,0.4735793307423591,0.3913906158313421,0.0012553390661063,0.5266593813896179,,
V3-P0,2,0.0,0.0,5,0.4671724677085876,0.4063741185783179,0.0012378529865602,0.5605455204844475,,
V3-P0,2,0.0,0.0,6,0.4635717496275902,0.3879777437881869,0.0012167019992754,0.5534053012728691,,
V3-P0,2,0.0,0.0,7,0.4482149332761764,0.3939712615666259,0.0011920165071217,0.5782922260463238,,
V3-P0,2,0.0,0.0,8,0.4434392243623734,0.3884047453904262,0.0011639487043673,0.5772823616862297,,
V3-P0,2,0.0,0.0,9,0.4457967735826969,0.3891250600591004,0.0011326716383494,0.5979009874165058,,
V3-P0,2,0.0,0.0,10,0.4346261270344257,0.3993422905471013,0.0010983781425808,0.5883248388767243,,
V3-P0,2,0.0,0.0,11,0.4307587295770645,0.4038978107457401,0.0010612796478666,0.6140319719910622,,
V3-P0,2,0.0,0.0,12,0.4189756579697132,0.405376334211071,0.0010216048787634,0.6393268458545208,,
V3-P0,2,0.0,1.0,1,0.5584272362291813,0.4065636039379804,0.0012848466048437,0.5750594563782215,,
V3-P0,2,0.0,1.0,2,0.4874886229634285,0.3972540743928226,0.0012789085320456,0.4981763884425163,,
V3-P0,2,0.0,1.0,3,0.4649162545800209,0.4008428024436182,0.0012690524304185,0.4895946346223354,,
V3-P0,2,0.0,1.0,4,0.4586381033062935,0.4037090222828734,0.0012553390661063,0.5284509241580964,,
V3-P0,2,0.0,1.0,5,0.4463463880121708,0.3936350477717851,0.0012378529865602,0.5312744088470935,,
V3-P0,2,0.0,1.0,6,0.4457736946642399,0.3928847140667695,0.0012167019992754,0.5648365981876851,,
V3-P0,2,0.0,1.0,7,0.4384443543851375,0.3950933280379274,0.0011920165071217,0.5776074215769768,,
V3-P0,2,0.0,1.0,8,0.4314801767468452,0.4080937051284155,0.0011639487043673,0.5387279063463211,,
V3-P0,2,0.0,1.0,9,0.4250931669026613,0.4109121607833236,0.0011326716383494,0.6221653901040554,,
V3-P0,2,0.0,1.0,10,0.4230035565793514,0.4024457340523987,0.0010983781425808,0.6171921782195569,,
V3-P0,2,0.0,1.0,11,0.4140674188733101,0.4243220652598901,0.0010612796478666,0.6428735390305519,,
V3-P0,2,0.0,1.0,12,0.4071868613362312,0.4127997533002624,0.0010216048787634,0.6354178830981254,,
V3-P0,2,1.0,0.0,1,0.5653869427740574,0.4205126092176626,0.0012848466048437,0.6471105866134167,,
V3-P0,2,1.0,0.0,2,0.4943025417625904,0.3813442443041641,0.0012789085320456,0.530619102716446,,
V3-P0,2,1.0,0.0,3,0.4800806388258934,0.3916363209168016,0.0012690524304185,0.5565859898924828,,
V3-P0,2,1.0,0.0,4,0.4634806245565414,0.3910639792808866,0.0012553390661063,0.5546553634107113,,
V3-P0,2,1.0,0.0,5,0.453906761854887,0.4057895507073917,0.0012378529865602,0.5833537079393863,,
V3-P0,2,1.0,0.0,6,0.4531303755939007,0.3871117262391836,0.0012167019992754,0.550270776450634,,
V3-P0,2,1.0,0.0,7,0.4348609454929829,0.3866739079008219,0.0011920165071217,0.6109891273081303,,
V3-P0,2,1.0,0.0,8,0.4317642219364643,0.3830414205293109,0.0011639487043673,0.6267881661653518,,
V3-P0,2,1.0,1.0,1,0.5487430706620217,0.4013990094704703,0.0012848466048437,0.5935046657919884,,
V3-P0,2,1.0,1.0,2,0.4797314397990703,0.3919348697740555,0.0012789085320456,0.5172995433211327,,
V3-P0,2,1.0,1.0,3,0.4594559498131275,0.4000389627926493,0.0012690524304185,0.5009562142193318,,
V3-P0,2,1.0,1.0,4,0.452286696434021,0.4026098149344461,0.0012553390661063,0.5426847338676453,,
V3-P0,2,1.0,1.0,5,0.4402711912989616,0.390392254996555,0.0012378529865602,0.5568190723657608,,
V3-P0,2,1.0,1.0,6,0.4397124916315079,0.3920582390606846,0.0012167019992754,0.5918803229928017,,
V3-P0,2,1.0,1.0,7,0.4271381504833698,0.3973973010537836,0.0011920165071217,0.5905904740095138,,
V3-P0,2,1.0,1.0,8,0.4156616181135177,0.4035882477925582,0.0011639487043673,0.6026564829051495,,
V3-P0,2,1.0,1.0,9,0.408054469525814,0.418174149553538,0.0011326716383494,0.6351498171687127,,
V3-P0,2,1.0,1.0,10,0.399077807366848,0.4095705057031951,0.0010983781425808,0.7205980643630028,,
V3-P0,2,1.0,1.0,11,0.3942817959934473,0.4215005818104886,0.0010612796478666,0.7641037955880166,,
V3-P0,2,2.0,0.0,1,0.5707013301551342,0.4208605936066629,0.0012848466048437,0.5836771130561829,,
V3-P0,2,2.0,0.0,2,0.4953631907701492,0.3863612645559169,0.0012789085320456,0.495804738253355,,
V3-P0,2,2.0,0.0,3,0.4886781506240368,0.3997065748523832,0.0012690524304185,0.5335249766707421,,
V3-P0,2,2.0,0.0,4,0.4701104395091534,0.3903318757083161,0.0012553390661063,0.5204439051449299,,
V3-P0,2,2.0,0.0,5,0.4582226440310478,0.4080891841434737,0.0012378529865602,0.555386996269226,,
V3-P0,2,2.0,0.0,6,0.4577416986227035,0.3860221998215974,0.0012167019992754,0.5528326958417893,,
V3-P0,2,2.0,0.0,7,0.4429716944694519,0.3943882764675919,0.0011920165071217,0.5750210151076317,,
V3-P0,2,2.0,0.0,8,0.4409295640885829,0.3875335602871528,0.0011639487043673,0.5726768255233765,,
V3-P0,2,2.0,0.0,9,0.4386577889323234,0.387145456788904,0.0011326716383494,0.6076887398958206,,
V3-P0,2,2.0,0.0,10,0.4240887202322483,0.3951605690672318,0.0010983781425808,0.6028548888862133,,
V3-P0,2,2.0,0.0,11,0.4216837309300899,0.3994333147833085,0.0010612796478666,0.6387010507285595,,
V3-P0,2,2.0,0.0,12,0.4082298383116722,0.4171283672576741,0.0010216048787634,0.7063810057938099,,
V3-P0,2,2.0,1.0,1,0.5546212941408157,0.4088723574442816,0.0012848466048437,0.5591122873127461,,
V3-P0,2,2.0,1.0,2,0.4839143954217434,0.394926308357161,0.0012789085320456,0.4906919918954372,,
V3-P0,2,2.0,1.0,3,0.4616620689630508,0.3994662229002714,0.0012690524304185,0.4768701389431953,,
V3-P0,2,2.0,1.0,4,0.4530865624547004,0.4032337402026397,0.0012553390661063,0.5238932892680168,,
V3-P0,2,2.0,1.0,5,0.4431097932159901,0.392814364748886,0.0012378529865602,0.523365531116724,,
V3-P0,2,2.0,1.0,6,0.4417292214930057,0.3947066324174764,0.0012167019992754,0.5604390822350979,,
V3-P0,2,2.0,1.0,7,0.4338204637169838,0.3965182036961388,0.0011920165071217,0.5619042672216892,,
V3-P0,2,2.0,1.0,8,0.4227982349693775,0.4068896257260811,0.0011639487043673,0.5612410865724087,,
V3-P0,2,2.0,1.0,9,0.4186999790370464,0.4193182693436137,0.0011326716383494,0.6229426860809326,,
V3-P0,2,2.0,1.0,10,0.4166723147034645,0.4052640254828736,0.0010983781425808,0.6287298142910004,,
V3-P0,2,2.0,1.0,11,0.4070741645991802,0.4190129508904218,0.0010612796478666,0.629661674797535,,
V3-P0,2,3.0,0.0,1,0.5740022689104081,0.4184880971460327,0.0012848466048437,0.5892940789461136,,
V3-P0,2,3.0,0.0,2,0.4968357123434543,0.3886557406851711,0.0012789085320456,0.5030544273555279,,
V3-P0,2,3.0,0.0,3,0.4934341438114643,0.3987008074724443,0.0012690524304185,0.5431862242519856,,
V3-P0,2,3.0,0.0,4,0.4735793307423591,0.3913906158313421,0.0012553390661063,0.5266593813896179,,
V3-P0,2,3.0,0.0,5,0.4671724677085876,0.4063741185783179,0.0012378529865602,0.5605455204844475,,
V3-P0,2,3.0,0.0,6,0.4635717496275902,0.3879777437881869,0.0012167019992754,0.5534053012728691,,
V3-P0,2,3.0,0.0,7,0.4482149332761764,0.3939712615666259,0.0011920165071217,0.5782922260463238,,
V3-P0,2,3.0,0.0,8,0.4434392243623734,0.3884047453904262,0.0011639487043673,0.5772823616862297,,
V3-P0,2,3.0,0.0,9,0.4457967735826969,0.3891250600591004,0.0011326716383494,0.5979009874165058,,
V3-P0,2,3.0,0.0,10,0.4346261270344257,0.3993422905471013,0.0010983781425808,0.5883248388767243,,
V3-P0,2,3.0,0.0,11,0.4307587295770645,0.4038978107457401,0.0010612796478666,0.6140319719910622,,
V3-P0,2,3.0,0.0,12,0.4189756579697132,0.405376334211071,0.0010216048787634,0.6393268458545208,,
V3-P0,2,3.0,1.0,1,0.5584272362291813,0.4065636039379804,0.0012848466048437,0.5750594563782215,,
V3-P0,2,3.0,1.0,2,0.4874886229634285,0.3972540743928226,0.0012789085320456,0.4981763884425163,,
V3-P0,2,3.0,1.0,3,0.4649162545800209,0.4008428024436182,0.0012690524304185,0.4895946346223354,,
V3-P0,2,3.0,1.0,4,0.4586381033062935,0.4037090222828734,0.0012553390661063,0.5284509241580964,,
V3-P0,2,3.0,1.0,5,0.4463463880121708,0.3936350477717851,0.0012378529865602,0.5312744088470935,,
V3-P0,2,3.0,1.0,6,0.4457736946642399,0.3928847140667695,0.0012167019992754,0.5648365981876851,,
V3-P0,2,3.0,1.0,7,0.4384443543851375,0.3950933280379274,0.0011920165071217,0.5776074215769768,,
V3-P0,2,3.0,1.0,8,0.4314801767468452,0.4080937051284155,0.0011639487043673,0.5387279063463211,,
V3-P0,2,3.0,1.0,9,0.4250931669026613,0.4109121607833236,0.0011326716383494,0.6221653901040554,,
V3-P0,2,3.0,1.0,10,0.4230035565793514,0.4024457340523987,0.0010983781425808,0.6171921782195569,,
V3-P0,2,3.0,1.0,11,0.4140674188733101,0.4243220652598901,0.0010612796478666,0.6428735390305519,,
V3-P0,2,3.0,1.0,12,0.4071868613362312,0.4127997533002624,0.0010216048787634,0.6354178830981254,,
V3-P0,2,4.0,0.0,1,0.5707013301551342,0.4208605936066629,0.0012848466048437,0.5836771130561829,,
V3-P0,2,4.0,0.0,2,0.4953631907701492,0.3863612645559169,0.0012789085320456,0.495804738253355,,
V3-P0,2,4.0,0.0,3,0.4886781506240368,0.3997065748523832,0.0012690524304185,0.5335249766707421,,
V3-P0,2,4.0,0.0,4,0.4701104395091534,0.3903318757083161,0.0012553390661063,0.5204439051449299,,
V3-P0,2,4.0,0.0,5,0.4582226440310478,0.4080891841434737,0.0012378529865602,0.555386996269226,,
V3-P0,2,4.0,0.0,6,0.4577416986227035,0.3860221998215974,0.0012167019992754,0.5528326958417893,,
V3-P0,2,4.0,0.0,7,0.4429716944694519,0.3943882764675919,0.0011920165071217,0.5750210151076317,,
V3-P0,2,4.0,0.0,8,0.4409295640885829,0.3875335602871528,0.0011639487043673,0.5726768255233765,,
V3-P0,2,4.0,0.0,9,0.4386577889323234,0.387145456788904,0.0011326716383494,0.6076887398958206,,
V3-P0,2,4.0,0.0,10,0.4240887202322483,0.3951605690672318,0.0010983781425808,0.6028548888862133,,
V3-P0,2,4.0,0.0,11,0.4216837309300899,0.3994333147833085,0.0010612796478666,0.6387010507285595,,
V3-P0,2,4.0,0.0,12,0.4082298383116722,0.4171283672576741,0.0010216048787634,0.7063810057938099,,
V3-P0,2,4.0,1.0,1,0.5546212941408157,0.4088723574442816,0.0012848466048437,0.5591122873127461,,
V3-P0,2,4.0,1.0,2,0.4839143954217434,0.394926308357161,0.0012789085320456,0.4906919918954372,,
V3-P0,2,4.0,1.0,3,0.4616620689630508,0.3994662229002714,0.0012690524304185,0.4768701389431953,,
V3-P0,2,4.0,1.0,4,0.4530865624547004,0.4032337402026397,0.0012553390661063,0.5238932892680168,,
V3-P0,2,4.0,1.0,5,0.4431097932159901,0.392814364748886,0.0012378529865602,0.523365531116724,,
V3-P0,2,4.0,1.0,6,0.4417292214930057,0.3947066324174764,0.0012167019992754,0.5604390822350979,,
V3-P0,2,4.0,1.0,7,0.4338204637169838,0.3965182036961388,0.0011920165071217,0.5619042672216892,,
V3-P0,2,4.0,1.0,8,0.4227982349693775,0.4068896257260811,0.0011639487043673,0.5612410865724087,,
V3-P0,2,4.0,1.0,9,0.4186999790370464,0.4193182693436137,0.0011326716383494,0.6229426860809326,,
V3-P0,2,4.0,1.0,10,0.4166723147034645,0.4052640254828736,0.0010983781425808,0.6287298142910004,,
V3-P0,2,4.0,1.0,11,0.4070741645991802,0.4190129508904218,0.0010612796478666,0.629661674797535,,
V3-P0,2,5.0,0.0,1,0.5718027487397194,0.4288875923220868,0.0012848466048437,0.5789052233099937,,
V3-P0,2,5.0,0.0,2,0.5031984336674213,0.3874322464425608,0.0012789085320456,0.4856562599539756,,
V3-P0,2,5.0,0.0,3,0.4867520377039909,0.4018035406228132,0.0012690524304185,0.5011906638741493,,
V3-P0,2,5.0,0.0,4,0.4692775197327137,0.3906303090203714,0.0012553390661063,0.5212283656001091,,
V3-P0,2,5.0,0.0,5,0.4569730825722217,0.4006002263710307,0.0012378529865602,0.5390710473060608,,
V3-P0,2,5.0,0.0,6,0.4573884211480618,0.3839828864778593,0.0012167019992754,0.5464874520897866,,
V3-P0,2,5.0,0.0,7,0.4435536846518516,0.3922934700539716,0.0011920165071217,0.5737624391913414,,
V3-P0,2,5.0,0.0,8,0.4434091843664646,0.3850967530426464,0.0011639487043673,0.5674124337732792,,
V3-P0,2,5.0,0.0,9,0.4417886354029178,0.3859144410538553,0.0011326716383494,0.6052568398416043,,
V3-P0,2,5.0,0.0,10,0.4272289142012596,0.3979662618506283,0.0010983781425808,0.5716107085347175,,
V3-P0,2,5.0,0.0,11,0.4261213831603527,0.3988945667479819,0.0010612796478666,0.6015426710247993,,
V3-P0,2,5.0,0.0,12,0.4182530775666236,0.4055850196688416,0.0010216048787634,0.6119027122855186,,
V3-P0,2,5.0,1.0,1,0.5490476377308369,0.4101732357849895,0.0012848466048437,0.5753044225275517,,
V3-P0,2,5.0,1.0,2,0.4864213213324547,0.3965842396927816,0.0012789085320456,0.500933400541544,,
V3-P0,2,5.0,1.0,3,0.4638681806623935,0.402114221052611,0.0012690524304185,0.4989593088626861,,
V3-P0,2,5.0,1.0,4,0.4588305540382862,0.3993910869171384,0.0012553390661063,0.540122252702713,,
V3-P0,2,5.0,1.0,5,0.444938176125288,0.3882536362087225,0.0012378529865602,0.5216951265931129,,
V3-P0,2,5.0,1.0,6,0.4413025252521038,0.3909126811798671,0.0012167019992754,0.556898507475853,,
V3-P0,2,5.0,1.0,7,0.4376043006777763,0.3916530505727777,0.0011920165071217,0.5576993227005005,,
V3-P0,2,5.0,1.0,8,0.4288547053933144,0.4088069154550099,0.0011639487043673,0.5420193061232567,,
V3-P0,2,5.0,1.0,9,0.4229390349239111,0.4114224129725,0.0011326716383494,0.5729284077882767,,
V3-P0,2,5.0,1.0,10,0.4192762807011604,0.3990249041565543,0.0010983781425808,0.57240309715271,,
V3-P0,2,5.0,1.0,11,0.4125405572354793,0.4098555147078183,0.0010612796478666,0.5866573780775071,,
V3-A1,0,,,1,0.6292080857404848,,0.0005,0.4990073682331457,2026.0,outer_refit
V3-A1,0,,,2,0.5006740747428522,,0.0005,0.5260002264162389,2026.0,outer_refit
V3-A1,0,,,3,0.4714796942908589,,0.0005,0.534516816459051,2026.0,outer_refit
V3-A1,0,,,4,0.4526715990973682,,0.0005,0.5628249870567787,2026.0,outer_refit
V3-A1,0,,,5,0.4416744276517775,,0.0005,0.5858444775023112,2026.0,outer_refit
V3-A1,0,,,6,0.4360914397530439,,0.0005,0.5918680189586267,2026.0,outer_refit
V3-A1,0,,,1,0.6076394821085581,,0.0005,0.4977712420428671,3407.0,outer_refit
V3-A1,0,,,2,0.4880434449126081,,0.0005,0.5115171663644837,3407.0,outer_refit
V3-A1,0,,,3,0.4608503594631102,,0.0005,0.5364522476021837,3407.0,outer_refit
V3-A1,0,,,4,0.4534128184725599,,0.0005,0.6154056707533394,3407.0,outer_refit
V3-A1,0,,,5,0.4415313168996718,,0.0005,0.5639228784456486,3407.0,outer_refit
V3-A1,0,,,6,0.4404215216636657,,0.0005,0.611064348278976,3407.0,outer_refit
V3-A1,0,,,1,0.6208877309066493,,0.0005,0.4933450679953505,42.0,outer_refit
V3-A1,0,,,2,0.5005768632016531,,0.0005,0.5021820286425148,42.0,outer_refit
V3-A1,0,,,3,0.469550800032732,,0.0005,0.5503286268652939,42.0,outer_refit
V3-A1,0,,,4,0.4614268737595255,,0.0005,0.5851670656262374,42.0,outer_refit
V3-A1,0,,,5,0.4488057341517472,,0.0005,0.5820917727016821,42.0,outer_refit
V3-A1,0,,,6,0.4436582464997361,,0.0005,0.6304949194919772,42.0,outer_refit
V3-A1,1,,,1,0.4890871798550641,,0.0004992293334332,0.6106305806725113,2026.0,outer_refit
V3-A1,1,,,2,0.4262402580108171,,0.0004969220851487,0.6237015201721663,2026.0,outer_refit
V3-A1,1,,,3,0.4061692967826937,,0.0004930924800994,0.6124144145000128,2026.0,outer_refit
V3-A1,1,,,4,0.402491118804908,,0.0004877641290737,0.6271864985242303,2026.0,outer_refit
V3-A1,1,,,5,0.3974089111074989,,0.0004809698831278,0.6245396862059464,2026.0,outer_refit
V3-A1,1,,,6,0.3902878062224682,,0.000472751631047,0.6125426115813078,2026.0,outer_refit
V3-A1,1,,,7,0.3893457537080035,,0.0004631600410885,0.6355664822054498,2026.0,outer_refit
V3-A1,1,,,1,0.4882659286628534,,0.0004992293334332,0.6247757805718316,3407.0,outer_refit
V3-A1,1,,,2,0.4226639594560788,,0.0004969220851487,0.6212898735646848,3407.0,outer_refit
V3-A1,1,,,3,0.4094091285893946,,0.0004930924800994,0.6410765979025099,3407.0,outer_refit
V3-A1,1,,,4,0.3992913939334728,,0.0004877641290737,0.6340415470394087,3407.0,outer_refit
V3-A1,1,,,5,0.3927323115460666,,0.0004809698831278,0.6448537401946974,3407.0,outer_refit
V3-A1,1,,,6,0.3864064908321993,,0.000472751631047,0.6302651292012061,3407.0,outer_refit
V3-A1,1,,,7,0.3845664667494503,,0.0004631600410885,0.6513820621702406,3407.0,outer_refit
V3-A1,1,,,1,0.4960822551338761,,0.0004992293334332,0.5851010268117175,42.0,outer_refit
V3-A1,1,,,2,0.4260578600712764,,0.0004969220851487,0.5961613265084632,42.0,outer_refit
V3-A1,1,,,3,0.4127926315054481,,0.0004930924800994,0.6094331675105624,42.0,outer_refit
V3-A1,1,,,4,0.4060660666889614,,0.0004877641290737,0.6029171034877683,42.0,outer_refit
V3-A1,1,,,5,0.3933310898733728,,0.0004809698831278,0.6184934616824727,42.0,outer_refit
V3-A1,1,,,6,0.3852085141855993,,0.000472751631047,0.6210827831132912,42.0,outer_refit
V3-A1,1,,,7,0.3903635350274451,,0.0004631600410885,0.633895711398419,42.0,outer_refit
V3-A1,2,,,1,0.5101828061044216,,0.0002,0.4677794598042964,2026.0,outer_refit
V3-A1,2,,,2,0.4122970253229141,,0.0002,0.3815084725618362,2026.0,outer_refit
V3-A1,2,,,3,0.3907065525650978,,0.0002,0.4121139787137508,2026.0,outer_refit
V3-A1,2,,,4,0.3789740219712257,,0.0002,0.4410539142787456,2026.0,outer_refit
V3-A1,2,,,5,0.3690766908228397,,0.0002,0.4384465850889683,2026.0,outer_refit
V3-A1,2,,,6,0.3627847075462341,,0.0002,0.4629419066011905,2026.0,outer_refit
V3-A1,2,,,7,0.3569060742855072,,0.0002,0.4826567396521568,2026.0,outer_refit
V3-A1,2,,,8,0.355782949924469,,0.0002,0.4836528062820434,2026.0,outer_refit
V3-A1,2,,,9,0.3523617178201675,,0.0002,0.5022544853389264,2026.0,outer_refit
V3-A1,2,,,10,0.3482057183980941,,0.0002,0.5155330844223499,2026.0,outer_refit
V3-A1,2,,,1,0.5150282613933086,,0.0002,0.496097519993782,3407.0,outer_refit
V3-A1,2,,,2,0.4083441011607647,,0.0002,0.3867109470069408,3407.0,outer_refit
V3-A1,2,,,3,0.3865935884416103,,0.0002,0.4095149047672748,3407.0,outer_refit
V3-A1,2,,,4,0.3751330830156803,,0.0002,0.4361660033464432,3407.0,outer_refit
V3-A1,2,,,5,0.3666727110743523,,0.0002,0.4552155531942844,3407.0,outer_refit
V3-A1,2,,,6,0.3624651350080967,,0.0002,0.4654072381556034,3407.0,outer_refit
V3-A1,2,,,7,0.3554765678942203,,0.0002,0.4747509673237801,3407.0,outer_refit
V3-A1,2,,,8,0.352361049503088,,0.0002,0.496197784692049,3407.0,outer_refit
V3-A1,2,,,9,0.3518031194806099,,0.0002,0.5165444746613502,3407.0,outer_refit
V3-A1,2,,,10,0.3479735009372234,,0.0002,0.5195313669741154,3407.0,outer_refit
V3-A1,2,,,1,0.5392693877220154,,0.0002,0.505117067694664,42.0,outer_refit
V3-A1,2,,,2,0.4171360470354557,,0.0002,0.3558561541140079,42.0,outer_refit
V3-A1,2,,,3,0.3919435925781727,,0.0002,0.3758463434875011,42.0,outer_refit
V3-A1,2,,,4,0.3797994412481785,,0.0002,0.3944536603987217,42.0,outer_refit
V3-A1,2,,,5,0.3681802377104759,,0.0002,0.4257232971489429,42.0,outer_refit
V3-A1,2,,,6,0.3654609657824039,,0.0002,0.4440351501107216,42.0,outer_refit
V3-A1,2,,,7,0.3579517751932144,,0.0002,0.4553160615265369,42.0,outer_refit
V3-A1,2,,,8,0.3580319367349148,,0.0002,0.4810926340520381,42.0,outer_refit
V3-A1,2,,,9,0.3548573553562164,,0.0002,0.4895183473825454,42.0,outer_refit
V3-A1,2,,,10,0.3490948542952538,,0.0002,0.4993568450212479,42.0,outer_refit
V3-D0,0,,,1,0.4814817747216166,,0.0001996917333733,0.5247172194498556,2026.0,outer_refit
V3-D0,0,,,2,0.3896322706599294,,0.0001987688340595,0.5894571391888607,2026.0,outer_refit
V3-D0,0,,,3,0.3772283818250821,,0.0001972369920397,0.6022400962717739,2026.0,outer_refit
V3-D0,0,,,4,0.3664171695709228,,0.0001951056516295,0.6469741276016941,2026.0,outer_refit
V3-D0,0,,,5,0.3575696244283958,,0.0001923879532511,0.6747079406991418,2026.0,outer_refit
V3-D0,0,,,6,0.3545008507775671,,0.0001891006524188,0.6752387840806702,2026.0,outer_refit
V3-D0,0,,,7,0.3490067608194587,,0.0001852640164354,0.7132132171112814,2026.0,outer_refit
V3-D0,0,,,1,0.4635339589030654,,0.0001996917333733,0.5056692659854889,3407.0,outer_refit
V3-D0,0,,,2,0.3804459075133006,,0.0001987688340595,0.673192314159723,3407.0,outer_refit
V3-D0,0,,,3,0.3672385914826099,,0.0001972369920397,0.6514217886659834,3407.0,outer_refit
V3-D0,0,,,4,0.3633631381355686,,0.0001951056516295,0.7034574544724123,3407.0,outer_refit
V3-D0,0,,,5,0.3538934914050279,,0.0001923879532511,0.6744397878646851,3407.0,outer_refit
V3-D0,0,,,6,0.351387169626024,,0.0001891006524188,0.7193554128393714,3407.0,outer_refit
V3-D0,0,,,7,0.3482487679999552,,0.0001852640164354,0.7548559661264773,3407.0,outer_refit
V3-D0,0,,,1,0.467707798068906,,0.0001996917333733,0.5476372587827989,42.0,outer_refit
V3-D0,0,,,2,0.3849234194667251,,0.0001987688340595,0.6249752817330537,42.0,outer_refit
V3-D0,0,,,3,0.3727846366387826,,0.0001972369920397,0.6386571077652919,42.0,outer_refit
V3-D0,0,,,4,0.3626155531332816,,0.0001951056516295,0.6564811398217707,42.0,outer_refit
V3-D0,0,,,5,0.3591485891813113,,0.0001923879532511,0.6910653783951277,42.0,outer_refit
V3-D0,0,,,6,0.3569768440944177,,0.0001891006524188,0.7219177138658217,42.0,outer_refit
V3-D0,0,,,7,0.3521033157537013,,0.0001852640164354,0.717392255494624,42.0,outer_refit
V3-D0,1,,,1,0.6127827843514885,,0.0001996917333733,0.4722440526252839,2026.0,outer_refit
V3-D0,1,,,2,0.4781378958283401,,0.0001987688340595,0.4577732551388624,2026.0,outer_refit
V3-D0,1,,,3,0.4376311331260495,,0.0001972369920397,0.5458434514883088,2026.0,outer_refit
V3-D0,1,,,4,0.4252235627755886,,0.0001951056516295,0.5699472638165078,2026.0,outer_refit
V3-D0,1,,,5,0.4142272254315818,,0.0001923879532511,0.5588745736494297,2026.0,outer_refit
V3-D0,1,,,6,0.4126004947394859,,0.0001891006524188,0.5714322379449519,2026.0,outer_refit
V3-D0,1,,,7,0.4081322601655634,,0.0001852640164354,0.6116250150087403,2026.0,outer_refit
V3-D0,1,,,8,0.4065523736360596,,0.0001809016994374,0.5926188637570637,2026.0,outer_refit
V3-D0,1,,,9,0.3963393943338859,,0.00017604059656,0.6406217595426048,2026.0,outer_refit
V3-D0,1,,,10,0.4018720439294489,,0.0001707106781186,0.6072493231878048,2026.0,outer_refit
V3-D0,1,,,11,0.391118767057977,,0.000164944804833,0.5886985921278233,2026.0,outer_refit
V3-D0,1,,,12,0.3953477275080797,,0.0001587785252292,0.6435143097144801,2026.0,outer_refit
V3-D0,1,,,13,0.3886062408365854,,0.0001522498564715,0.6664661808711726,2026.0,outer_refit
V3-D0,1,,,1,0.6204064575637259,,0.0001996917333733,0.4397231456710071,3407.0,outer_refit
V3-D0,1,,,2,0.4884917394417088,,0.0001987688340595,0.4261331405581497,3407.0,outer_refit
V3-D0,1,,,3,0.4387754354535079,,0.0001972369920397,0.5283331514858618,3407.0,outer_refit
V3-D0,1,,,4,0.4227876445142234,,0.0001951056516295,0.541991502773471,3407.0,outer_refit
V3-D0,1,,,5,0.4186213845159949,,0.0001923879532511,0.5706767090936986,3407.0,outer_refit
V3-D0,1,,,6,0.4070693974087878,,0.0001891006524188,0.5809748885108204,3407.0,outer_refit
V3-D0,1,,,7,0.4043117863375966,,0.0001852640164354,0.637697399389453,3407.0,outer_refit
V3-D0,1,,,8,0.3983633212926911,,0.0001809016994374,0.5853332709975358,3407.0,outer_refit
V3-D0,1,,,9,0.3934336871635623,,0.00017604059656,0.630256572147695,3407.0,outer_refit
V3-D0,1,,,10,0.3935920130915758,,0.0001707106781186,0.6306310579544161,3407.0,outer_refit
V3-D0,1,,,11,0.3900274641630126,,0.000164944804833,0.699009755035726,3407.0,outer_refit
V3-D0,1,,,12,0.3873152136802673,,0.0001587785252292,0.6606060884347776,3407.0,outer_refit
V3-D0,1,,,13,0.3868393738095353,,0.0001522498564715,0.7351769099875194,3407.0,outer_refit
V3-D0,1,,,1,0.603358681608991,,0.0001996917333733,0.4522771515497347,42.0,outer_refit
V3-D0,1,,,2,0.4772505389481056,,0.0001987688340595,0.4278000193398173,42.0,outer_refit
V3-D0,1,,,3,0.4389180097638107,,0.0001972369920397,0.4735560569821334,42.0,outer_refit
V3-D0,1,,,4,0.4289275436866574,,0.0001951056516295,0.5066392734283354,42.0,outer_refit
V3-D0,1,,,5,0.4152735529876337,,0.0001923879532511,0.5167989214745964,42.0,outer_refit
V3-D0,1,,,6,0.4050796998710167,,0.0001891006524188,0.5693190461251794,42.0,outer_refit
V3-D0,1,,,7,0.4097593513930716,,0.0001852640164354,0.5986073336950163,42.0,outer_refit
V3-D0,1,,,8,0.4009645733891464,,0.0001809016994374,0.5778534528685779,42.0,outer_refit
V3-D0,1,,,9,0.4022288293373294,,0.00017604059656,0.6009595154262171,42.0,outer_refit
V3-D0,1,,,10,0.3957847436753715,,0.0001707106781186,0.6596908794670571,42.0,outer_refit
V3-D0,1,,,11,0.3902426383844236,,0.000164944804833,0.6220156921119224,42.0,outer_refit
V3-D0,1,,,12,0.3885185965677587,,0.0001587785252292,0.6526154039836511,42.0,outer_refit
V3-D0,1,,,13,0.3889419727209138,,0.0001522498564715,0.6667250932716742,42.0,outer_refit
V3-D0,2,,,1,0.438296289741993,,0.0005,0.4731510557234287,2026.0,outer_refit
V3-D0,2,,,2,0.3858093447983265,,0.0005,0.4771623622626066,2026.0,outer_refit
V3-D0,2,,,3,0.3745060808956623,,0.0005,0.5015310414135457,2026.0,outer_refit
V3-D0,2,,,4,0.3665423074737191,,0.0005,0.5339043714106083,2026.0,outer_refit
V3-D0,2,,,5,0.3611801832914352,,0.0005,0.5278802026063204,2026.0,outer_refit
V3-D0,2,,,6,0.3547735746949911,,0.0005,0.5638595644384623,2026.0,outer_refit
V3-D0,2,,,1,0.4449470851570368,,0.0005,0.4660632882267236,3407.0,outer_refit
V3-D0,2,,,2,0.3842455469071865,,0.0005,0.5017929185181856,3407.0,outer_refit
V3-D0,2,,,3,0.3724210076034069,,0.0005,0.5185282152146101,3407.0,outer_refit
V3-D0,2,,,4,0.3651560083031654,,0.0005,0.5284955374896526,3407.0,outer_refit
V3-D0,2,,,5,0.3623507980257273,,0.0005,0.5334595784544944,3407.0,outer_refit
V3-D0,2,,,6,0.3536830149590969,,0.0005,0.5764976866543293,3407.0,outer_refit
V3-D0,2,,,1,0.4486967407166958,,0.0005,0.4607823099941015,42.0,outer_refit
V3-D0,2,,,2,0.3881465390324592,,0.0005,0.4866505358368158,42.0,outer_refit
V3-D0,2,,,3,0.3769781686365604,,0.0005,0.5044496595859528,42.0,outer_refit
V3-D0,2,,,4,0.3666180349886417,,0.0005,0.4997700568288564,42.0,outer_refit
V3-D0,2,,,5,0.3596225643530488,,0.0005,0.519231042265892,42.0,outer_refit
V3-D0,2,,,6,0.3561481554061174,,0.0005,0.5359373159706593,42.0,outer_refit
V3-P0,0,,,1,0.4230487504859029,,0.0006949825557843,0.4500171152161963,2026.0,outer_refit
V3-P0,0,,,2,0.3789551850454307,,0.0006949825557843,0.443488316035565,2026.0,outer_refit
V3-P0,0,,,3,0.3691964914769302,,0.0006949825557843,0.4562432600392235,2026.0,outer_refit
V3-P0,0,,,4,0.3606912473469604,,0.0006949825557843,0.4599863206162864,2026.0,outer_refit
V3-P0,0,,,1,0.4224836877834649,,0.0006949825557843,0.4432383996469003,3407.0,outer_refit
V3-P0,0,,,2,0.3765520716522946,,0.0006949825557843,0.4578158605245896,3407.0,outer_refit
V3-P0,0,,,3,0.3639394046715748,,0.0006949825557843,0.4392189129635139,3407.0,outer_refit
V3-P0,0,,,4,0.3605711349734553,,0.0006949825557843,0.4470103408819363,3407.0,outer_refit
V3-P0,0,,,1,0.4223233483455799,,0.0006949825557843,0.4697443519109561,42.0,outer_refit
V3-P0,0,,,2,0.3754689237217844,,0.0006949825557843,0.4642551074057449,42.0,outer_refit
V3-P0,0,,,3,0.3639423484787529,,0.0006949825557843,0.4739025496406319,42.0,outer_refit
V3-P0,0,,,4,0.3579170578791771,,0.0006949825557843,0.4849499758378959,42.0,outer_refit
V3-P0,1,,,1,0.5996665351274537,,0.0002909635600179,0.4438756180972588,2026.0,outer_refit
V3-P0,1,,,2,0.4713421514848383,,0.0002909635600179,0.4163274881316394,2026.0,outer_refit
V3-P0,1,,,3,0.4388321361890653,,0.0002909635600179,0.442262565217367,2026.0,outer_refit
V3-P0,1,,,4,0.4267586796748929,,0.0002909635600179,0.4858194705916614,2026.0,outer_refit
V3-P0,1,,,5,0.4181759168462055,,0.0002909635600179,0.4909773970522532,2026.0,outer_refit
V3-P0,1,,,6,0.4171513151831743,,0.0002909635600179,0.4955600892625204,2026.0,outer_refit
V3-P0,1,,,7,0.4088068466360976,,0.0002909635600179,0.5083637993510176,2026.0,outer_refit
V3-P0,1,,,8,0.4128219267217124,,0.0002909635600179,0.5131820847348469,2026.0,outer_refit
V3-P0,1,,,9,0.3988147181708638,,0.0002909635600179,0.5111138777035039,2026.0,outer_refit
V3-P0,1,,,10,0.4054713052947347,,0.0002909635600179,0.5434892541024743,2026.0,outer_refit
V3-P0,1,,,11,0.3945722390965717,,0.0002909635600179,0.5100363224017911,2026.0,outer_refit
V3-P0,1,,,12,0.3965824653462665,,0.0002909635600179,0.5296467535379457,2026.0,outer_refit
V3-P0,1,,,13,0.3944516494506743,,0.0002909635600179,0.5454130347182111,2026.0,outer_refit
V3-P0,1,,,14,0.3833566791400676,,0.0002909635600179,0.5454362216519146,2026.0,outer_refit
V3-P0,1,,,15,0.3880132044233927,,0.0002909635600179,0.612278674433871,2026.0,outer_refit
V3-P0,1,,,16,0.395764345076026,,0.0002909635600179,0.6067593584700328,2026.0,outer_refit
V3-P0,1,,,17,0.3874939600142037,,0.0002909635600179,0.5833812130660545,2026.0,outer_refit
V3-P0,1,,,18,0.3834233894580748,,0.0002909635600179,0.5940450626175579,2026.0,outer_refit
V3-P0,1,,,19,0.3886986600189674,,0.0002909635600179,0.6331018136768807,2026.0,outer_refit
V3-P0,1,,,1,0.5896867884368431,,0.0002909635600179,0.4133381596425684,3407.0,outer_refit
V3-P0,1,,,2,0.463161339120167,,0.0002909635600179,0.414173943967354,3407.0,outer_refit
V3-P0,1,,,3,0.4412851217316418,,0.0002909635600179,0.45086305243213,3407.0,outer_refit
V3-P0,1,,,4,0.426525890100293,,0.0002909635600179,0.4540016244097454,3407.0,outer_refit
V3-P0,1,,,5,0.4215578574959824,,0.0002909635600179,0.4837683897192885,3407.0,outer_refit
V3-P0,1,,,6,0.4144028636013589,,0.0002909635600179,0.462892654465466,3407.0,outer_refit
V3-P0,1,,,7,0.4095357830931501,,0.0002909635600179,0.5362425206637964,3407.0,outer_refit
V3-P0,1,,,8,0.4019903417040662,,0.0002909635600179,0.5044238334748803,3407.0,outer_refit
V3-P0,1,,,9,0.3994320518359905,,0.0002909635600179,0.5278199482254866,3407.0,outer_refit
V3-P0,1,,,10,0.3997995591745144,,0.0002909635600179,0.5457087195501095,3407.0,outer_refit
V3-P0,1,,,11,0.3984835394998876,,0.0002909635600179,0.5899837540417183,3407.0,outer_refit
V3-P0,1,,,12,0.3919096378291525,,0.0002909635600179,0.5546947223384205,3407.0,outer_refit
V3-P0,1,,,13,0.3957535689923821,,0.0002909635600179,0.5945292536805316,3407.0,outer_refit
V3-P0,1,,,14,0.3882204781218273,,0.0002909635600179,0.5523434099627704,3407.0,outer_refit
V3-P0,1,,,15,0.387246483709754,,0.0002909635600179,0.6004736154544644,3407.0,outer_refit
V3-P0,1,,,16,0.3825143626550348,,0.0002909635600179,0.60038458210666,3407.0,outer_refit
V3-P0,1,,,17,0.3830235520514046,,0.0002909635600179,0.6086731509464544,3407.0,outer_refit
V3-P0,1,,,18,0.380719615918834,,0.0002909635600179,0.6178446048643531,3407.0,outer_refit
V3-P0,1,,,19,0.3766601601751839,,0.0002909635600179,0.6212878990464095,3407.0,outer_refit
V3-P0,1,,,1,0.5979426626752062,,0.0002909635600179,0.4564032169376931,42.0,outer_refit
V3-P0,1,,,2,0.4625255930714491,,0.0002909635600179,0.4406004475384223,42.0,outer_refit
V3-P0,1,,,3,0.4396129257795287,,0.0002909635600179,0.452764316302974,42.0,outer_refit
V3-P0,1,,,4,0.4295569091308407,,0.0002909635600179,0.4578308077847085,42.0,outer_refit
V3-P0,1,,,5,0.4232271262785284,,0.0002909635600179,0.4611584195276586,42.0,outer_refit
V3-P0,1,,,6,0.412321925526712,,0.0002909635600179,0.4870560728922123,42.0,outer_refit
V3-P0,1,,,7,0.4126438135054053,,0.0002909635600179,0.5120485824782673,42.0,outer_refit
V3-P0,1,,,8,0.4067212561281716,,0.0002909635600179,0.4884087145328522,42.0,outer_refit
V3-P0,1,,,9,0.4063007926068654,,0.0002909635600179,0.5165861263507749,42.0,outer_refit
V3-P0,1,,,10,0.3988810581404988,,0.0002909635600179,0.517409837100564,42.0,outer_refit
V3-P0,1,,,11,0.3962185179314962,,0.0002909635600179,0.508512374831409,42.0,outer_refit
V3-P0,1,,,12,0.3946062413657584,,0.0002909635600179,0.5182411016487494,42.0,outer_refit
V3-P0,1,,,13,0.3944662475004429,,0.0002909635600179,0.5524674123380242,42.0,outer_refit
V3-P0,1,,,14,0.3902085561577866,,0.0002909635600179,0.5274676745984612,42.0,outer_refit
V3-P0,1,,,15,0.3940669203676828,,0.0002909635600179,0.5764049880388307,42.0,outer_refit
V3-P0,1,,,16,0.3880373021451438,,0.0002909635600179,0.5821012534746309,42.0,outer_refit
V3-P0,1,,,17,0.3847518417893386,,0.0002909635600179,0.5408203710870045,42.0,outer_refit
V3-P0,1,,,18,0.3779848028973835,,0.0002909635600179,0.5696441625676504,42.0,outer_refit
V3-P0,1,,,19,0.383079724340904,,0.0002909635600179,0.5829181911014929,42.0,outer_refit
V3-P0,2,,,1,0.5296961281448602,,0.0012848466048437,0.5283189710229635,2026.0,outer_refit
V3-P0,2,,,2,0.4860064670443534,,0.0012789085320456,0.4976736761629581,2026.0,outer_refit
V3-P0,2,,,3,0.471231035888195,,0.0012690524304185,0.483354203775525,2026.0,outer_refit
V3-P0,2,,,4,0.4658996772021055,,0.0012553390661063,0.4972216457128525,2026.0,outer_refit
V3-P0,2,,,5,0.4597488854080439,,0.0012378529865602,0.4629520259797573,2026.0,outer_refit
V3-P0,2,,,6,0.4502523578703403,,0.0012167019992754,0.4864904955029487,2026.0,outer_refit
V3-P0,2,,,1,0.541482450813055,,0.0012848466048437,0.5370028298348188,3407.0,outer_refit
V3-P0,2,,,2,0.48493377789855,,0.0012789085320456,0.4963066916912794,3407.0,outer_refit
V3-P0,2,,,3,0.4710054878145456,,0.0012690524304185,0.4723743170499802,3407.0,outer_refit
V3-P0,2,,,4,0.4670780830085277,,0.0012553390661063,0.4858181457966566,3407.0,outer_refit
V3-P0,2,,,5,0.4588622130453587,,0.0012378529865602,0.4707740537822246,3407.0,outer_refit
V3-P0,2,,,6,0.4547522764652967,,0.0012167019992754,0.4796009425073862,3407.0,outer_refit
V3-P0,2,,,1,0.5311873402446509,,0.0012848466048437,0.5395577050745487,42.0,outer_refit
V3-P0,2,,,2,0.4791088633239269,,0.0012789085320456,0.5027478240430355,42.0,outer_refit
V3-P0,2,,,3,0.4728702776134014,,0.0012690524304185,0.5018385548144579,42.0,outer_refit
V3-P0,2,,,4,0.4620312392711639,,0.0012553390661063,0.4927208907902241,42.0,outer_refit
V3-P0,2,,,5,0.4563501976430416,,0.0012378529865602,0.4775680281221867,42.0,outer_refit
V3-P0,2,,,6,0.4536365546286106,,0.0012167019992754,0.4705618787556886,42.0,outer_refit
