{
    "Accuracy": 0.8734177215189873,
    "F1-Macro": 0.8796536796536797,
    "Precision-Macro": 0.866139846743295,
    "Recall-Macro": 0.9041835357624831,
    "RMSE": 0.35578403348241006,
    "R2": 0.7466324567030147
}