{
    "Accuracy": 0.8615384615384616,
    "F1-Macro": 0.83935450900228,
    "Precision-Macro": 0.8110418110418111,
    "Recall-Macro": 0.8816239316239316,
    "RMSE": 0.3721042037676254,
    "R2": 0.6063257065948856
}