{
    "Accuracy": 0.8076923076923077,
    "F1-Macro": 0.7610365783740397,
    "Precision-Macro": 0.7737675606641125,
    "Recall-Macro": 0.7499389499389499,
    "RMSE": 0.4385290096535146,
    "R2": 0.4532301480484522
}