{
    "Accuracy": 0.8860759493670886,
    "F1-Macro": 0.8905044231131187,
    "Precision-Macro": 0.878136200716846,
    "Recall-Macro": 0.9170040485829959,
    "RMSE": 0.3375263702778072,
    "R2": 0.7719692110327133
}