{
    "Accuracy": 0.8607594936708861,
    "F1-Macro": 0.8689935900435128,
    "Precision-Macro": 0.8600335249042147,
    "Recall-Macro": 0.899460188933873,
    "RMSE": 0.3731494423540171,
    "R2": 0.7212957023733162
}