{
    "Accuracy": 0.8461538461538461,
    "F1-Macro": 0.8156483004028224,
    "Precision-Macro": 0.7966721767321467,
    "Recall-Macro": 0.8394383394383395,
    "RMSE": 0.3922322702763681,
    "R2": 0.5625841184387618
}