{
    "Accuracy": 0.7604166666666666,
    "F1-Macro": 0.7663457062752356,
    "Precision-Macro": 0.7661246612466126,
    "Recall-Macro": 0.7710622710622711,
    "RMSE": 0.48947250518628044,
    "R2": 0.5737451737451738
}