{
    "Accuracy": 0.7916666666666666,
    "F1-Macro": 0.79595630452815,
    "Precision-Macro": 0.800713658322354,
    "Recall-Macro": 0.8046398046398048,
    "RMSE": 0.45643546458763845,
    "R2": 0.6293436293436293
}