{
    "Accuracy": 0.78125,
    "F1-Macro": 0.7850154798761609,
    "Precision-Macro": 0.7940053195116961,
    "Recall-Macro": 0.7878510378510378,
    "RMSE": 0.46770717334674267,
    "R2": 0.6108108108108108
}